# Blender v2.78 (sub 0) OBJ File: ''
# www.blender.org
mtllib wheel.mtl
o Rim_SB_SM
v 0.000022 15.884501 -5.133654
v 3.098929 15.579202 -5.133652
v 2.885242 14.504914 -6.664065
v 0.000024 14.789148 -6.664065
v 2.628304 13.213148 -7.264380
v 0.000032 13.471981 -7.264383
v 0.000021 11.592887 -5.865598
v 0.000022 11.521956 -6.933898
v 2.247851 11.300563 -6.933898
v 2.261691 11.370059 -5.865598
v 5.659609 13.663324 -6.664065
v 5.155497 12.446522 -7.264380
v 6.078733 14.675299 -5.133652
v 0.000026 16.267397 -2.833505
v 3.173617 15.954801 -2.833504
v 0.000022 16.313002 0.000001
v 3.182517 15.999499 0.000002
v 4.409276 10.644873 -6.933897
v 6.225328 15.029102 -2.833503
v 8.824933 13.207401 -5.133651
v 8.216441 12.296717 -6.664064
v 7.484719 11.201611 -7.264380
v 6.401340 9.580212 -6.933896
v 6.440697 9.639153 -5.865598
v 4.436425 10.710373 -5.865598
v 9.037721 13.525901 -2.833502
v 11.232043 11.231997 -5.133650
v 10.457498 10.457541 -6.664062
v 9.526175 9.526124 -7.264380
v 8.147299 8.147267 -6.933896
v 8.197424 8.197392 -5.865597
v 13.207422 8.824896 -5.133649
v 12.296748 8.216395 -6.664062
v 11.502837 11.502796 -2.833502
v 6.242712 15.071202 0.000003
v 9.063015 13.563803 0.000004
v 3.173609 15.954801 2.833508
v 6.225313 15.029102 2.833508
v 3.098913 15.579200 5.133659
v 6.078710 14.675301 5.133660
v 8.824910 13.207402 5.133658
v 9.037712 13.525902 2.833510
v 5.659589 13.663324 6.664072
v 8.216413 12.296718 6.664072
v 2.885214 14.504918 6.664070
v 0.000004 14.789148 6.664070
v 0.000001 13.471981 7.264387
v 2.628273 13.213151 7.264389
v 0.000006 15.884503 5.133659
v 0.000010 16.267403 2.833507
v 8.147271 8.147269 6.933903
v 6.401303 9.580213 6.933903
v 6.440664 9.639150 5.865603
v 8.197382 8.197392 5.865605
v 4.409224 10.644876 6.933905
v 4.436385 10.710373 5.865604
v 2.247823 11.300563 6.933903
v 2.261657 11.370060 5.865602
v 0.000002 11.521957 6.933902
v 0.000004 11.592887 5.865602
v 9.526135 9.526128 7.264391
v 7.484681 11.201613 7.264389
v 15.579185 3.098898 5.133662
v 15.884374 -0.000003 5.133661
v 16.267387 -0.000003 2.833508
v 15.954783 3.173598 2.833510
v 15.029093 6.225300 2.833510
v 14.675285 6.078700 5.133662
v 13.663307 5.659580 6.664075
v 14.504907 2.885203 6.664073
v 13.207407 8.824897 5.133661
v 12.296705 8.216396 6.664073
v 11.201605 7.484671 7.264389
v 12.446533 5.155558 7.264390
v 10.457457 10.457542 6.664073
v 9.580191 6.401294 6.933904
v 9.639053 6.440654 5.865604
v 10.644888 4.409317 6.933906
v 10.710382 4.436377 5.865606
v 11.370068 2.261647 5.865604
v 11.300569 2.247809 6.933905
v 13.213157 2.628265 7.264390
v 11.592906 -0.000003 5.865605
v 11.521969 -0.000003 6.933904
v 13.471970 -0.000003 7.264389
v 14.789125 -0.000003 6.664072
v 15.579182 -3.098905 5.133660
v 15.954779 -3.173605 2.833509
v 14.675296 -6.078706 5.133660
v 15.029089 -6.225306 2.833508
v 14.504905 -2.885210 6.664072
v 13.663305 -5.659585 6.664072
v 12.296743 -8.216404 6.664070
v 13.207392 -8.824904 5.133657
v 10.457442 -10.457554 6.664068
v 11.232018 -11.232005 5.133657
v 11.201627 -7.484680 7.264385
v 9.526126 -9.526145 7.264386
v 9.580225 -6.401301 6.933901
v 8.147287 -8.147275 6.933899
v 13.213161 -2.628272 7.264390
v 12.446534 -5.155559 7.264389
v 10.644883 -4.409323 6.933904
v 11.300575 -2.247816 6.933904
v 6.440648 -9.639160 5.865600
v 6.401296 -9.580219 6.933898
v 8.197400 -8.197399 5.865603
v 9.639063 -6.440660 5.865601
v 10.710384 -4.436384 5.865603
v 11.370071 -2.261653 5.865604
v 4.436376 -10.710379 5.865600
v 4.409207 -10.644881 6.933900
v 9.063026 -13.563809 -0.000001
v 11.535028 -11.535005 0.000000
v 11.502820 -11.502806 2.833506
v 9.037716 -13.525910 2.833505
v 8.824914 -13.207410 5.133656
v 8.216410 -12.296728 6.664068
v 7.484667 -11.201622 7.264385
v 6.225315 -15.029110 2.833502
v 6.242722 -15.071211 -0.000002
v 6.078713 -14.675312 5.133655
v 5.659593 -13.663331 6.664066
v 5.155440 -12.446530 7.264385
v 2.247813 -11.300572 6.933898
v 2.628262 -13.213157 7.264385
v 2.261641 -11.370066 5.865598
v -0.000006 -11.592892 5.865599
v -0.000008 -11.521967 6.933898
v -0.000002 -13.471992 7.264384
v -0.000009 -14.789160 6.664065
v 2.885217 -14.504925 6.664065
v 3.098916 -15.579210 5.133653
v 3.173611 -15.954811 2.833501
v 3.182527 -15.999513 -0.000004
v 3.173627 -15.954810 -2.833510
v 6.225331 -15.029110 -2.833508
v 9.037732 -13.525910 -2.833507
v 6.078729 -14.675312 -5.133657
v 8.824929 -13.207412 -5.133656
v 0.000008 -15.884509 5.133653
v 0.000012 -16.267403 2.833501
v 0.000016 -16.313002 -0.000004
v 0.000020 -16.267405 -2.833511
v 3.098931 -15.579210 -5.133657
v 0.000032 -15.884509 -5.133659
v 5.659613 -13.663334 -6.664068
v 8.216436 -12.296729 -6.664068
v 2.885238 -14.504928 -6.664068
v 0.000035 -14.789161 -6.664072
v 0.000029 -13.471993 -7.264388
v 2.628301 -13.213161 -7.264386
v 5.155479 -12.446531 -7.264386
v 7.484710 -11.201621 -7.264385
v 9.526170 -9.526145 -7.264385
v 10.457477 -10.457556 -6.664065
v 11.232034 -11.232005 -5.133655
v 11.502828 -11.502806 -2.833507
v 2.247849 -11.300573 -6.933903
v 4.409252 -10.644884 -6.933901
v 6.401332 -9.580223 -6.933901
v 2.261681 -11.370067 -5.865601
v 4.436408 -10.710381 -5.865601
v 0.000028 -11.521967 -6.933904
v 0.000027 -11.592896 -5.865603
v 6.440681 -9.639158 -5.865601
v 8.197440 -8.197398 -5.865598
v 8.147330 -8.147277 -6.933900
v 9.580259 -6.401300 -6.933898
v 11.201670 -7.484680 -7.264383
v 10.644927 -4.409324 -6.933897
v 12.446575 -5.155563 -7.264383
v 13.663346 -5.659585 -6.664065
v 12.296764 -8.216407 -6.664064
v 13.213198 -2.628273 -7.264383
v 14.504946 -2.885210 -6.664062
v 15.579219 -3.098905 -5.133652
v 14.675335 -6.078707 -5.133653
v 16.312984 -0.000003 0.000004
v 15.999492 -3.182504 0.000003
v 15.954812 -3.173604 -2.833503
v 16.267397 -0.000003 -2.833503
v 15.884413 -0.000003 -5.133651
v 15.029107 -6.225306 -2.833504
v 13.207422 -8.824904 -5.133652
v 15.071200 -6.242706 0.000002
v 13.525810 -9.037704 -2.833505
v 13.563690 -9.063004 0.000001
v 13.525801 -9.037704 2.833508
v 15.999496 3.182498 0.000004
v 5.155450 12.446524 7.264389
v 11.232019 11.231997 5.133661
v 13.525801 9.037697 2.833510
v 15.071198 6.242700 0.000005
v 13.563706 9.062997 0.000005
v 11.502814 11.502796 2.833511
v 11.535037 11.534996 0.000004
v 13.525810 9.037695 -2.833502
v 15.029088 6.225300 -2.833501
v 15.954793 3.173599 -2.833502
v 14.675285 6.078699 -5.133650
v -9.526111 -9.526139 -7.264390
v -11.201571 -7.484681 -7.264389
v -9.580174 -6.401301 -6.933906
v -8.147246 -8.147278 -6.933906
v -6.401288 -9.580220 -6.933906
v -7.484667 -11.201624 -7.264390
v -4.409193 -10.644883 -6.933904
v -5.155420 -12.446533 -7.264389
v -5.659551 -13.663335 -6.664074
v -8.216376 -12.296732 -6.664074
v -10.457426 -10.457553 -6.664077
v -8.824872 -13.207412 -5.133661
v -11.231990 -11.232008 -5.133663
v -6.078680 -14.675310 -5.133661
v -2.885175 -14.504929 -6.664072
v -3.098867 -15.579209 -5.133659
v -2.628234 -13.213161 -7.264389
v -11.502784 -11.502808 -2.833514
v -11.534999 -11.535007 -0.000008
v -13.563690 -9.063005 -0.000008
v -13.525793 -9.037705 -2.833514
v -13.207385 -8.824905 -5.133663
v -9.037674 -13.525910 -2.833514
v -6.225290 -15.029113 -2.833513
v -3.173578 -15.954812 -2.833511
v -3.182478 -15.999514 -0.000006
v -3.098898 -15.579211 5.133651
v -2.885212 -14.504927 6.664065
v -5.659594 -13.663334 6.664064
v -6.078719 -14.675311 5.133650
v -6.225314 -15.029111 2.833499
v -3.173594 -15.954813 2.833499
v -6.242697 -15.071212 -0.000007
v -9.063001 -13.563811 -0.000007
v -2.628289 -13.213158 7.264382
v -5.155467 -12.446532 7.264382
v -7.484689 -11.201622 7.264380
v -8.216411 -12.296729 6.664064
v -4.409237 -10.644881 6.933897
v -6.401309 -9.580222 6.933895
v -8.147275 -8.147278 6.933896
v -9.526133 -9.526140 7.264380
v -2.247821 -11.300572 6.933897
v -4.436393 -10.710380 5.865595
v -6.440665 -9.639160 5.865594
v -2.261661 -11.370067 5.865596
v -8.197392 -8.197398 5.865594
v -9.639031 -6.440660 5.865595
v -9.580194 -6.401300 6.933895
v -10.710367 -4.436384 5.865593
v -10.644867 -4.409324 6.933895
v -11.370053 -2.261654 5.865595
v -11.300565 -2.247817 6.933896
v -11.592902 -0.000004 5.865594
v -11.521981 -0.000004 6.933896
v -13.213144 -2.628273 7.264381
v -12.446521 -5.155561 7.264380
v -11.201604 -7.484677 7.264380
v -14.504937 -2.885209 6.664062
v -13.663336 -5.659584 6.664062
v -12.296702 -8.216407 6.664063
v -10.457447 -10.457555 6.664062
v -8.824896 -13.207412 5.133649
v -13.471991 -0.000004 7.264382
v -14.789158 -0.000004 6.664062
v -14.675302 -6.078707 5.133649
v -13.207407 -8.824905 5.133649
v -15.579209 -3.098906 5.133649
v -15.884413 -0.000004 5.133650
v -14.504926 2.885202 6.664062
v -15.579205 3.098897 5.133651
v -13.213151 2.628265 7.264382
v -11.300561 2.247808 6.933897
v -10.644888 4.409317 6.933896
v -12.446529 5.155556 7.264383
v -13.663342 5.659577 6.664066
v -9.580213 6.401294 6.933898
v -10.710372 4.436377 5.865596
v -9.639052 6.440653 5.865598
v -11.370059 2.261646 5.865596
v -11.201616 7.484673 7.264384
v -8.147291 8.147269 6.933900
v -9.526126 9.526135 7.264385
v -10.457432 10.457545 6.664067
v -12.296719 8.216396 6.664066
v -7.484680 11.201610 7.264384
v -8.216398 12.296718 6.664067
v -5.155455 12.446520 7.264386
v -5.659583 13.663323 6.664068
v -6.078721 14.675302 5.133656
v -8.824892 13.207402 5.133653
v -2.885207 14.504919 6.664069
v -3.098893 15.579201 5.133657
v -11.231996 11.231997 5.133654
v -6.401293 9.580213 6.933901
v -4.409220 10.644875 6.933902
v -2.628262 13.213151 7.264387
v -2.247803 11.300563 6.933902
v -6.440657 9.639150 5.865598
v -4.436384 10.710373 5.865599
v -8.197409 8.197391 5.865596
v -2.261644 11.370059 5.865600
v -6.225294 15.029101 2.833504
v -3.173589 15.954799 2.833505
v -3.182481 15.999500 0.000000
v -6.242692 15.071199 -0.000001
v -3.098870 15.579201 -5.133656
v -3.173580 15.954801 -2.833506
v -6.225285 15.029101 -2.833507
v -9.037670 13.525901 -2.833509
v -9.062981 13.563802 -0.000002
v -11.502767 11.502793 -2.833510
v -11.534983 11.534994 -0.000003
v -8.824861 13.207400 -5.133657
v -11.231965 11.231994 -5.133658
v -10.457413 10.457545 -6.664070
v -12.296700 8.216396 -6.664072
v -13.207377 8.824896 -5.133659
v -13.525777 9.037696 -2.833511
v -13.563677 9.062995 -0.000004
v -13.525786 9.037695 2.833501
v -11.502782 11.502793 2.833502
v -9.037686 13.525902 2.833502
v -13.207393 8.824897 5.133653
v -15.071200 6.242700 -0.000006
v -15.029108 6.225299 2.833500
v -15.029098 6.225299 -2.833512
v -14.675305 6.078699 5.133650
v -15.999507 3.182497 -0.000007
v -15.954804 3.173598 2.833498
v -15.954787 3.173597 -2.833513
v -14.675296 6.078700 -5.133660
v -15.579189 3.098897 -5.133661
v -15.884375 -0.000004 -5.133662
v -16.267395 -0.000004 -2.833514
v -13.663300 5.659576 -6.664072
v -14.504901 2.885201 -6.664074
v -14.789121 -0.000004 -6.664074
v -14.504889 -2.885210 -6.664073
v -15.579170 -3.098906 -5.133662
v -13.213119 2.628264 -7.264389
v -13.471945 -0.000004 -7.264389
v -11.300527 2.247808 -6.933904
v -11.370032 2.261646 -5.865605
v -11.592859 -0.000004 -5.865607
v -11.521922 -0.000004 -6.933904
v -12.446496 5.155554 -7.264389
v -11.201596 7.484674 -7.264389
v -9.526099 9.526137 -7.264386
v -11.300529 -2.247817 -6.933904
v -13.213108 -2.628274 -7.264389
v -10.644843 4.409317 -6.933904
v -9.580194 6.401294 -6.933904
v -8.147272 8.147268 -6.933901
v -8.216379 12.296717 -6.664068
v -7.484658 11.201610 -7.264386
v -6.401272 9.580212 -6.933901
v -5.155425 12.446519 -7.264386
v -4.409191 10.644875 -6.933898
v -2.628239 13.213146 -7.264383
v -2.247783 11.300562 -6.933898
v -2.261618 11.370059 -5.865601
v -4.436360 10.710373 -5.865601
v -6.440648 9.639150 -5.865601
v -8.197400 8.197391 -5.865603
v -9.639031 6.440653 -5.865603
v -10.710346 4.436376 -5.865604
v -8.197367 -8.197399 -5.865606
v -6.440656 -9.639160 -5.865606
v -9.639012 -6.440660 -5.865606
v -10.644840 -4.409324 -6.933908
v -10.710333 -4.436385 -5.865606
v -11.370020 -2.261655 -5.865606
v -12.446486 -5.155563 -7.264392
v -12.296677 -8.216408 -6.664074
v -13.663295 -5.659585 -6.664074
v -15.954783 -3.173606 -2.833514
v -14.675278 -6.078707 -5.133663
v -15.029078 -6.225307 -2.833514
v -15.071182 -6.242706 -0.000008
v -15.999496 -3.182506 -0.000008
v -15.029088 -6.225307 2.833498
v -15.954793 -3.173605 2.833497
v -13.525802 -9.037705 2.833497
v -11.502792 -11.502808 2.833497
v -11.231997 -11.232006 5.133650
v -9.037690 -13.525911 2.833497
v -6.078683 14.675302 -5.133655
v -2.885179 14.504915 -6.664067
v -5.659555 13.663323 -6.664068
v -6.841232 -10.238678 4.439887
v -8.707223 -8.707230 4.439889
v -10.238644 -6.841229 4.439888
v -8.802143 -8.802143 -0.000007
v -10.350167 -6.915745 -0.000007
v -8.707198 -8.707230 -4.439898
v -10.238630 -6.841229 -4.439899
v -6.915743 -10.350196 -0.000006
v -6.841227 -10.238678 -4.439899
v -4.763671 -11.500542 -0.000006
v -4.712304 -11.376628 -4.439897
v -2.428509 -12.208916 -0.000005
v -2.402251 -12.077308 -4.439897
v -2.261619 -11.370068 -5.865605
v -4.436369 -10.710381 -5.865604
v -11.376584 -4.712313 -4.439899
v -11.500515 -4.763667 -0.000007
v -11.376605 -4.712312 4.439888
v -12.077300 -2.402387 4.439887
v -12.313882 -0.000004 4.439888
v -12.208889 -2.428525 -0.000007
v -12.448026 -0.000004 -0.000007
v -12.077269 -2.402387 -4.439898
v -12.313832 -0.000004 -4.439898
v 6.841255 -10.238678 -4.439893
v 8.707270 -8.707229 -4.439892
v 10.350222 -6.915747 0.000001
v 8.802167 -8.802142 0.000000
v 8.707246 -8.707229 4.439894
v 10.238678 -6.841229 4.439895
v 6.915758 -10.350197 -0.000001
v 6.841218 -10.238678 4.439894
v 10.238717 -6.841228 -4.439890
v 9.639106 -6.440660 -5.865598
v 11.376664 -4.712313 -4.439889
v 10.710419 -4.436384 -5.865598
v 12.077313 -2.402386 4.439897
v 11.376626 -4.712313 4.439898
v 4.763686 -11.500542 -0.000002
v 4.712310 -11.376628 4.439892
v 4.712337 -11.376628 -4.439893
v 0.000010 -12.448053 -0.000004
v 0.000024 -12.313882 -4.439896
v 2.428545 -12.208918 -0.000003
v 2.402307 -12.077308 -4.439894
v 2.402271 -12.077307 4.439891
v -6.841215 10.238668 4.439892
v -6.915734 10.350192 -0.000002
v -4.763646 11.500535 -0.000001
v -4.712306 11.376617 4.439892
v -8.707238 8.707219 4.439891
v -8.802128 8.802135 -0.000004
v -10.238678 6.841221 4.439891
v -10.350183 6.915738 -0.000004
v -10.238646 6.841220 -4.439896
v -8.707213 8.707219 -4.439895
v -6.841203 10.238669 -4.439894
v -4.712294 11.376619 -4.439893
v -2.402256 12.077299 -4.439890
v -2.428499 12.208910 -0.000000
v 0.000027 12.313872 -4.439891
v 2.402302 12.077298 -4.439889
v 0.000013 12.448045 0.000000
v 2.428539 12.208907 0.000001
v 4.712348 11.376618 -4.439890
v 4.763680 11.500534 0.000002
v 6.841264 10.238670 -4.439888
v 6.915751 10.350191 0.000003
v 8.707254 8.707219 -4.439888
v 8.802175 8.802135 0.000003
v 6.841236 10.238669 4.439898
v 4.712319 11.376619 4.439897
v 2.402289 12.077299 4.439896
v 0.000006 12.313872 4.439895
v -2.402269 12.077297 4.439893
v 10.238700 6.841221 -4.439888
v 10.350215 6.915737 0.000003
v 8.707207 8.707219 4.439897
v 10.238675 6.841221 4.439898
v 11.500555 4.763658 0.000004
v 11.376630 4.712305 4.439898
v 12.077309 2.402380 4.439898
v 12.313881 -0.000003 4.439896
v 12.208938 2.428516 0.000003
v 12.448066 -0.000003 0.000003
v 12.208941 -2.428524 0.000003
v 11.500575 -4.763666 0.000001
v 12.077345 -2.402388 -4.439890
v 12.313905 -0.000003 -4.439888
v 12.077341 2.402378 -4.439888
v 11.376645 4.712305 -4.439888
v 11.370113 -2.261654 -5.865597
v 11.592926 -0.000003 -5.865595
v 11.370093 2.261646 -5.865595
v 10.710399 4.436377 -5.865595
v 9.639071 6.440654 -5.865596
v -2.247777 -11.300573 -6.933901
v -11.376603 4.712305 -4.439898
v -11.500542 4.763656 -0.000005
v -12.208910 2.428515 -0.000006
v -12.077282 2.402379 -4.439896
v -11.376617 4.712306 4.439888
v -12.077297 2.402379 4.439888
v 11.300610 -2.247817 -6.933896
v 11.521997 -0.000004 -6.933897
v 9.580242 6.401294 -6.933896
v 10.644898 4.409317 -6.933894
v 11.300604 2.247808 -6.933896
v 13.472006 -0.000003 -7.264382
v 12.446557 5.155553 -7.264379
v 11.201639 7.484673 -7.264380
v 13.213190 2.628265 -7.264379
v 13.663326 5.659578 -6.664062
v 14.504942 2.885203 -6.664062
v 14.789160 -0.000003 -6.664062
v 15.579201 3.098898 -5.133651
v -16.312994 -0.000004 -0.000007
v -16.267405 -0.000004 2.833497
v -0.000004 -12.313882 4.439890
v -2.402295 -12.077309 4.439888
v -4.712324 -11.376629 4.439888
v 6.552013 5.500755 6.016407
v 3.321318 7.852058 6.040100
v 3.390408 8.118070 7.032595
v 6.794122 5.644518 7.003756
v -3.321564 7.852046 6.039248
v -6.552209 5.500524 6.017467
v -6.794139 5.644490 7.003643
v -3.390437 8.118081 7.032713
v -8.603800 -0.811423 5.953682
v -7.363027 -4.604667 5.918218
v -7.585039 -4.793192 6.880957
v -8.885778 -0.803527 6.931619
v -1.995303 -8.502720 5.878313
v 1.995519 -8.502622 5.879317
v 2.095913 -8.776514 6.836787
v -2.095925 -8.776609 6.836893
v 7.363201 -4.604467 5.917076
v 8.603879 -0.811219 5.954624
v 8.885748 -0.803468 6.931372
v 7.585092 -4.793218 6.881052
v 2.082084 9.550642 4.963325
v 2.077719 9.985084 5.841478
v -2.082051 9.550657 4.963387
v -2.077716 9.985078 5.841420
v 9.743079 0.951851 4.884171
v 10.152920 1.084219 5.798113
v 8.457914 4.910324 4.907447
v 8.868328 5.039251 5.821738
v 3.926241 -8.972801 4.797729
v 4.175858 -9.320957 5.750287
v 7.294477 -6.527202 4.811999
v 7.546345 -6.873473 5.765438
v -9.743080 0.951870 4.884183
v -10.152940 1.084122 5.798429
v -8.457917 4.910334 4.907423
v -8.868242 5.039322 5.821784
v -7.294534 -6.527211 4.812093
v -7.546317 -6.873457 5.765410
v -4.175864 -9.320979 5.750233
v -3.926241 -8.972813 4.797722
v 3.410104 0.848801 8.498406
v 3.485349 1.400792 8.394379
v 0.496879 3.571110 8.416530
v -0.000001 3.325343 8.523877
v 6.815341 2.021207 7.751218
v 6.323674 2.377937 7.775988
v 6.794122 5.644518 7.003756
v 6.323838 5.430546 7.175214
v 3.390408 8.118070 7.032595
v 3.338018 7.598749 7.197991
v -0.000001 6.970877 7.802204
v 0.496884 6.620688 7.816983
v -6.815432 2.021210 7.751181
v -6.323766 2.377910 7.775980
v -6.323925 5.430546 7.175197
v -6.794139 5.644490 7.003643
v -3.410120 0.848801 8.498405
v -3.485392 1.400796 8.394371
v -0.496864 3.571083 8.416538
v -0.496880 6.620689 7.816984
v -3.390437 8.118081 7.032713
v -3.338074 7.598748 7.197983
v -8.885778 -0.803527 6.931619
v -8.383926 -0.911163 7.112162
v -6.637944 1.435357 7.763136
v -7.585039 -4.793192 6.880957
v -7.241606 -4.426398 7.074579
v -4.211818 -5.986787 7.668694
v -4.398046 -5.404479 7.697413
v -2.107541 -3.158181 8.457266
v -2.654037 -3.060017 8.346071
v -3.797481 0.457541 8.381986
v -2.095925 -8.776609 6.836893
v -1.851424 -8.339816 7.035913
v -3.597114 -5.991832 7.689353
v 2.095913 -8.776514 6.836787
v 1.851399 -8.339818 7.035904
v 4.211807 -5.986801 7.668691
v 3.597079 -5.991848 7.689350
v 2.107546 -3.158181 8.457265
v 1.852460 -3.646552 8.338252
v -1.852448 -3.646551 8.338252
v 7.585092 -4.793218 6.881052
v 7.241613 -4.426410 7.074584
v 4.398045 -5.404490 7.697412
v 8.885748 -0.803468 6.931372
v 8.384175 -0.911169 7.112089
v 6.637855 1.435333 7.763157
v 3.797469 0.457539 8.381987
v 2.654031 -3.060017 8.346072
v 2.077719 9.985084 5.841478
v 1.825501 9.612556 6.148219
v 2.678407 8.367781 6.939558
v -2.678509 8.367780 6.939556
v -1.825474 9.612563 6.148202
v -2.077716 9.985078 5.841420
v -0.000001 7.444041 7.522172
v -0.000002 -0.258849 8.502577
v 8.887865 -0.025619 6.845406
v 7.256827 2.170116 7.461003
v 10.152920 1.084219 5.798113
v 9.745166 1.210824 6.084585
v 7.255824 5.053529 6.888305
v 8.618070 4.686086 6.107343
v 8.868328 5.039251 5.821738
v 2.848784 -8.533808 6.736842
v 4.480621 -6.351397 7.361195
v 4.175858 -9.320957 5.750287
v 4.190760 -8.919104 6.012974
v 7.145384 -5.427537 6.762116
v 7.153221 -6.769354 6.027225
v 7.546345 -6.873473 5.765438
v -8.887611 -0.025540 6.845538
v -9.745169 1.210813 6.084603
v -10.152940 1.084122 5.798429
v -7.256814 2.170114 7.461006
v -7.255768 5.053529 6.888345
v -8.868242 5.039322 5.821784
v -8.618073 4.686085 6.107331
v -7.546317 -6.873457 5.765410
v -7.153227 -6.769343 6.027187
v -7.145396 -5.427519 6.762168
v -4.190775 -8.919103 6.013015
v -4.175864 -9.320979 5.750233
v -2.848772 -8.533807 6.736806
v -4.480618 -6.351378 7.361207
v 3.482644 1.592596 8.048011
v 0.675826 3.631009 8.068631
v 6.077747 2.484704 7.484942
v 6.076060 5.280710 6.933268
v 3.272090 7.317110 6.954216
v 0.674647 6.424632 7.521828
v -6.077837 2.484770 7.484926
v -6.076068 5.280711 6.933242
v -3.482690 1.592610 8.048024
v -0.675819 3.630998 8.068611
v -0.674646 6.424633 7.521829
v -3.272156 7.317097 6.954230
v -8.092768 -0.933344 6.873830
v -6.503704 1.205875 7.467422
v -7.018890 -4.236787 6.839816
v -4.419441 -5.133698 7.408560
v -2.831181 -2.996454 7.997189
v -3.906111 0.310324 8.030577
v -1.740877 -8.067442 6.803361
v -3.334080 -5.929276 7.397466
v 1.740893 -8.067449 6.803339
v 3.334049 -5.929295 7.397439
v 1.742626 -3.792320 7.986214
v -1.742618 -3.792295 7.986192
v 7.018686 -4.236610 6.839681
v 4.419498 -5.133558 7.408416
v 8.092847 -0.933416 6.873827
v 6.503621 1.205866 7.467406
v 3.906100 0.310305 8.030611
v 2.831161 -2.996455 7.997166
v 1.705809 9.313782 6.033400
v 2.374492 8.329521 6.621370
v -2.374475 8.329549 6.621451
v -1.705804 9.313784 6.033389
v -0.000001 7.501177 7.099344
v 8.748264 0.260872 6.541332
v 7.302724 2.189707 7.041001
v 9.415449 1.227001 5.955760
v 7.310945 4.758108 6.568589
v 8.364718 4.476505 5.982819
v 3.078156 -8.307775 6.441345
v 4.502615 -6.377018 6.938303
v 4.098690 -8.594167 5.876779
v 6.870571 -5.571602 6.457006
v 6.872086 -6.584059 5.893244
v -8.748298 0.260912 6.541380
v -9.415180 1.226961 5.955691
v -7.302723 2.189706 7.041034
v -7.310900 4.758119 6.568501
v -8.364721 4.476505 5.982822
v -6.872091 -6.584069 5.893247
v -6.870609 -5.571584 6.456881
v -4.098691 -8.594167 5.876770
v -3.078220 -8.307804 6.441392
v -4.502615 -6.377001 6.938354
v -1.710352 -2.601530 3.522600
v -0.000002 -0.247957 3.342180
v 1.710343 -2.601522 3.522611
v -2.767129 0.649933 3.523584
v -0.000004 2.659339 3.524019
v 2.767101 0.649927 3.523597
v 1.710343 -2.601522 3.522611
v 2.767101 0.649927 3.523597
v 3.702972 0.431658 7.172668
v 2.599272 -2.962225 7.139425
v -1.710352 -2.601530 3.522600
v 1.787532 -3.556006 7.132163
v -1.787531 -3.556005 7.132161
v -2.767129 0.649933 3.523584
v -2.599276 -2.962227 7.139427
v -3.702982 0.431657 7.172673
v -0.000004 2.659339 3.524019
v -3.387054 1.387318 7.184291
v -0.503498 3.481689 7.204852
v 0.503491 3.481647 7.204817
v 3.387016 1.387299 7.184258
v 4.020134 -5.713923 6.595060
v 1.787532 -3.556006 7.132163
v 2.599272 -2.962225 7.139425
v -4.020143 -5.713916 6.595057
v -2.599276 -2.962227 7.139427
v -1.787531 -3.556005 7.132161
v -6.517820 1.933515 6.668594
v -3.387054 1.387318 7.184291
v -3.702982 0.431657 7.172673
v 6.517731 1.933513 6.668634
v 3.702972 0.431658 7.172668
v 3.387016 1.387299 7.184258
v -0.000001 6.674476 6.714611
v 0.503491 3.481647 7.204817
v -0.503498 3.481689 7.204852
v 9.753159 3.132878 5.853921
v 9.321899 2.992836 4.852663
v 9.098346 3.656953 4.876420
v 9.511776 3.786964 5.842376
v 9.753159 3.132878 5.853921
v 9.383993 3.013040 6.058048
v 9.572016 2.434406 6.055003
v 9.941115 2.461882 5.841742
v 9.052850 2.905586 5.852278
v 9.226965 2.363607 5.869642
v 10.074914 1.771507 5.834967
v 9.643707 1.627910 4.849722
v 9.532080 2.323923 4.874045
v 9.941115 2.461882 5.841742
v 8.776485 4.296435 4.860410
v 9.211747 4.431647 5.848014
v 9.511776 3.786964 5.842376
v 9.211747 4.431647 5.848014
v 8.907007 4.138711 6.077428
v 9.195673 3.591618 6.058945
v 9.658526 1.822908 6.065632
v 10.074914 1.771507 5.834967
v 8.619824 3.964146 5.911174
v 8.878752 3.447275 5.878116
v 9.321033 1.792723 5.894091
v -0.000002 10.222837 5.858520
v 0.089589 9.798985 4.957510
v -0.702629 9.762359 4.947025
v -0.698627 10.196894 5.849982
v -0.000002 10.222837 5.858520
v -0.000000 9.832117 6.131443
v 0.609570 9.832676 6.124324
v 0.698624 10.196899 5.849948
v -0.000001 9.486701 5.925489
v 0.567741 9.484253 5.945226
v 1.398775 10.116945 5.860861
v 1.403574 9.659143 4.926446
v 0.703005 9.762144 4.946824
v 0.698624 10.196899 5.849948
v -1.403576 9.659140 4.926441
v -1.398773 10.116962 5.860758
v -0.698627 10.196894 5.849982
v -1.398773 10.116962 5.860758
v -1.216685 9.722478 6.134431
v -0.609582 9.832679 6.124325
v 1.216709 9.722474 6.134426
v 1.398775 10.116945 5.860861
v -1.139968 9.397708 5.970858
v -0.567747 9.484256 5.945239
v 1.139995 9.397702 5.970856
v -9.753134 3.132920 5.854004
v -9.321903 2.992816 4.852659
v -9.532082 2.323895 4.874034
v -9.941055 2.461933 5.842022
v -9.753134 3.132920 5.854004
v -9.383997 3.013007 6.058047
v -9.195676 3.591601 6.058933
v -9.511739 3.786999 5.842519
v -9.052400 2.905552 5.852107
v -8.878395 3.447257 5.877934
v -9.211671 4.431736 5.848180
v -8.776488 4.296435 4.860415
v -9.098350 3.656950 4.876419
v -9.511739 3.786999 5.842519
v -9.643710 1.627895 4.849710
v -10.074859 1.771552 5.835237
v -9.941055 2.461933 5.842022
v -10.074859 1.771552 5.835237
v -9.658553 1.822884 6.065633
v -9.572020 2.434372 6.055016
v -8.907010 4.138712 6.077425
v -9.211671 4.431736 5.848180
v -9.320543 1.792693 5.894080
v -9.226476 2.363574 5.869384
v -8.619514 3.964135 5.911176
v -6.014724 -8.324170 5.850557
v -5.748370 -7.957669 4.765667
v -5.176627 -8.362856 4.790943
v -5.433795 -8.706826 5.834043
v -6.014724 -8.324170 5.850557
v -5.787764 -8.011792 5.973172
v -6.279438 -7.653605 5.978260
v -6.559080 -7.890472 5.834537
v -5.581187 -7.727267 5.761327
v -6.042405 -7.394131 5.786119
v -7.075947 -7.397719 5.817748
v -6.813962 -7.028043 4.769796
v -6.310196 -7.539007 4.792218
v -6.559080 -7.890472 5.834537
v -4.543767 -8.676995 4.763124
v -4.813033 -9.040462 5.809389
v -5.433795 -8.706826 5.834043
v -4.813033 -9.040462 5.809389
v -4.743558 -8.644319 5.987257
v -5.295280 -8.368877 5.975866
v -6.716610 -7.212118 5.994607
v -7.075947 -7.397719 5.817748
v -4.606647 -8.327831 5.810038
v -5.120213 -8.060907 5.780959
v -6.458537 -6.986318 5.820539
v 6.014710 -8.324169 5.850613
v 5.748368 -7.957664 4.765666
v 6.310136 -7.539016 4.792172
v 6.559079 -7.890472 5.834546
v 6.014710 -8.324169 5.850613
v 5.787762 -8.011792 5.973173
v 5.295278 -8.368879 5.975843
v 5.433793 -8.706828 5.834033
v 5.581185 -7.727269 5.761328
v 5.120211 -8.060907 5.780953
v 4.813021 -9.040464 5.809406
v 4.543764 -8.676996 4.763138
v 5.176569 -8.362847 4.790899
v 5.433793 -8.706828 5.834033
v 6.813963 -7.028045 4.769786
v 7.075944 -7.397733 5.817709
v 6.559079 -7.890472 5.834546
v 7.075944 -7.397733 5.817709
v 6.716545 -7.212108 5.994637
v 6.279360 -7.653607 5.978295
v 4.743556 -8.644319 5.987233
v 4.813021 -9.040464 5.809406
v 6.458464 -6.986321 5.820538
v 6.042403 -7.394132 5.786130
v 4.606645 -8.327831 5.810033
v 3.371920 4.449121 7.462474
v -3.371981 4.449121 7.462465
v 5.454482 -1.961258 7.397398
v -0.000001 -5.921486 7.357198
v -5.454484 -1.961258 7.397398
v 3.282491 4.335206 6.697105
v 3.321318 7.852058 6.040100
v 6.552013 5.500755 6.016407
v -3.282550 4.335207 6.697096
v -6.552209 5.500524 6.017467
v -3.321564 7.852046 6.039248
v 8.603879 -0.811219 5.954624
v 7.363201 -4.604467 5.917076
v 5.308804 -1.904587 6.635815
v 1.995519 -8.502622 5.879317
v -1.995303 -8.502720 5.878313
v -0.000001 -5.758393 6.597981
v -7.363027 -4.604667 5.918218
v -8.603800 -0.811423 5.953682
v -5.308805 -1.904587 6.635814
v 10.152920 1.084219 5.798113
v 9.743079 0.951851 4.884171
v 8.457914 4.910324 4.907447
v 8.868328 5.039251 5.821738
v 2.077719 9.985084 5.841478
v 2.082084 9.550642 4.963325
v -2.082051 9.550657 4.963387
v -2.077716 9.985078 5.841420
v -8.868242 5.039322 5.821784
v -8.457917 4.910334 4.907423
v -9.743080 0.951870 4.884183
v -10.152940 1.084122 5.798429
v -7.546317 -6.873457 5.765410
v -7.294534 -6.527211 4.812093
v -3.926241 -8.972813 4.797722
v -4.175864 -9.320979 5.750233
v 4.175858 -9.320957 5.750287
v 3.926241 -8.972801 4.797729
v 7.294477 -6.527202 4.811999
v 7.546345 -6.873473 5.765438
v 8.562812 2.719119 5.290531
v 8.457914 4.910324 4.907447
v 8.776485 4.296435 4.860410
v 9.098346 3.656953 4.876420
v 9.321899 2.992836 4.852663
v 9.532080 2.323923 4.874045
v 9.643707 1.627910 4.849722
v 9.743079 0.951851 4.884171
v 0.000038 8.944798 5.362722
v -2.082051 9.550657 4.963387
v -1.403576 9.659140 4.926441
v -0.702629 9.762359 4.947025
v 0.089589 9.798985 4.957510
v 0.703005 9.762144 4.946824
v 1.403574 9.659143 4.926446
v 2.082084 9.550642 4.963325
v -8.562423 2.719111 5.290740
v -9.743080 0.951870 4.884183
v -9.643710 1.627895 4.849710
v -9.532082 2.323895 4.874034
v -9.321903 2.992816 4.852659
v -9.098350 3.656950 4.876419
v -8.776488 4.296435 4.860415
v -8.457917 4.910334 4.907423
v -5.280953 -7.334772 5.197841
v -3.926241 -8.972813 4.797722
v -4.543767 -8.676995 4.763124
v -5.176627 -8.362856 4.790943
v -5.748370 -7.957669 4.765667
v -6.310196 -7.539007 4.792218
v -6.813962 -7.028043 4.769796
v -7.294534 -6.527211 4.812093
v 5.280951 -7.334835 5.197811
v 7.294477 -6.527202 4.811999
v 6.813963 -7.028045 4.769786
v 6.310136 -7.539016 4.792172
v 5.748368 -7.957664 4.765666
v 5.176569 -8.362847 4.790899
v 4.543764 -8.676996 4.763138
v 3.926241 -8.972801 4.797729
v 8.538656 2.711664 6.175573
v 5.271790 -7.321727 6.085931
v -0.000001 8.912841 6.240227
v -8.538662 2.711651 6.175570
v -5.271792 -7.321653 6.085971
v 3.419095 -10.986333 -7.123343
v 5.148301 -10.295038 -7.120027
v 5.146551 -10.291610 -6.604824
v 3.418144 -10.983355 -6.601649
v 6.777006 -9.322145 -7.113852
v 6.773979 -9.317975 -6.608946
v -0.000018 -11.535392 -7.123085
v 1.704580 -11.397912 -7.122657
v 1.704121 -11.394676 -6.603513
v -0.000017 -11.532199 -6.605070
v -6.777038 -9.322134 -7.113850
v -5.148333 -10.295031 -7.120028
v -5.146581 -10.291604 -6.604823
v -6.774004 -9.317966 -6.608945
v -3.419114 -10.986329 -7.123340
v -3.418163 -10.983351 -6.601648
v -1.704607 -11.397912 -7.122656
v -1.704147 -11.394674 -6.603513
v 11.510531 -0.139323 -7.123345
v 11.387425 1.718881 -7.120030
v 11.383618 1.718272 -6.604827
v 11.507398 -0.139306 -6.601652
v 10.965448 3.568512 -7.113856
v 10.960546 3.566920 -6.608948
v 10.976154 -3.560754 -7.123086
v 11.372155 -1.897103 -7.122660
v 11.368926 -1.896542 -6.603516
v 10.973115 -3.559767 -6.605072
v 8.205579 -8.073797 -7.120028
v 8.202861 -8.071070 -6.604824
v 9.397401 -6.642840 -7.123339
v 9.394854 -6.641015 -6.601651
v 10.318653 -5.139436 -7.122656
v 10.315710 -5.137996 -6.603513
v 3.694802 10.908010 -7.123343
v 1.889505 11.365150 -7.120027
v 1.888911 11.361346 -6.604821
v 3.693820 10.905042 -6.601649
v 0.000006 11.535392 -7.113853
v 0.000006 11.530236 -6.608948
v 6.783646 9.342513 -7.123085
v 5.323796 10.233227 -7.122659
v 5.322268 10.230336 -6.603515
v 6.781769 9.339928 -6.605070
v 10.219655 5.312932 -7.120027
v 10.216219 5.311189 -6.604824
v 9.227026 6.888610 -7.123340
v 9.224502 6.886759 -6.601649
v 8.081886 8.229352 -7.122659
v 8.079612 8.227003 -6.603515
v -9.227034 6.888620 -7.123340
v -10.219659 5.312948 -7.120028
v -10.216227 5.311206 -6.604825
v -9.224513 6.886767 -6.601648
v -10.965453 3.568531 -7.113852
v -10.960556 3.566938 -6.608946
v -6.783647 9.342519 -7.123081
v -8.081886 8.229362 -7.122659
v -8.079613 8.227011 -6.603515
v -6.781769 9.339933 -6.605068
v -1.889500 11.365152 -7.120027
v -1.888906 11.361348 -6.604824
v -3.694806 10.908016 -7.123340
v -3.693823 10.905049 -6.601649
v -5.323788 10.233232 -7.122660
v -5.322258 10.230341 -6.603516
v -9.397425 -6.642826 -7.123343
v -8.205610 -8.073783 -7.120028
v -8.202893 -8.071058 -6.604825
v -9.394881 -6.641002 -6.601651
v -10.976174 -3.560732 -7.123083
v -10.318675 -5.139415 -7.122659
v -10.315735 -5.137976 -6.603515
v -10.973140 -3.559745 -6.605071
v -11.387438 1.718900 -7.120028
v -11.383634 1.718292 -6.604824
v -11.510544 -0.139302 -7.123343
v -11.507414 -0.139284 -6.601652
v -11.372174 -1.897082 -7.122659
v -11.368942 -1.896519 -6.603515
v 4.926751 -9.852746 -5.800302
v 3.272683 -10.514638 -5.796995
v 6.485229 -8.920547 -5.804613
v 1.632028 -10.908449 -5.798860
v -0.000013 -11.040208 -5.800403
v -4.926772 -9.852739 -5.800303
v -6.485259 -8.920539 -5.804612
v -3.272702 -10.514634 -5.796996
v -1.632054 -10.908448 -5.798859
v 10.898310 1.644844 -5.800303
v 11.016669 -0.132807 -5.796996
v 10.493337 3.415118 -5.804612
v 10.884220 -1.814855 -5.798862
v 10.505200 -3.407732 -5.800401
v 7.853401 -7.726407 -5.800300
v 8.994036 -6.357831 -5.796996
v 9.875563 -4.919175 -5.798860
v 1.808775 10.877099 -5.800300
v 3.535997 10.440341 -5.796995
v 0.000003 11.038990 -5.804613
v 5.094796 9.794594 -5.798860
v 6.492583 8.941900 -5.800403
v 9.780438 5.085338 -5.800302
v 8.831315 6.593060 -5.796996
v 7.735486 7.876014 -5.798862
v -9.780437 5.085349 -5.800302
v -8.831325 6.593069 -5.796995
v -10.493344 3.415133 -5.804613
v -7.735485 7.876023 -5.798860
v -6.492581 8.941905 -5.800401
v -1.808770 10.877100 -5.800302
v -3.535999 10.440347 -5.796991
v -5.094787 9.794597 -5.798862
v -7.853424 -7.726396 -5.800302
v -8.994061 -6.357817 -5.796993
v -9.875586 -4.919159 -5.798860
v -10.505223 -3.407712 -5.800403
v -10.898323 1.644863 -5.800303
v -11.016684 -0.132786 -5.796995
v -10.884242 -1.814835 -5.798860
v 6.164112 -8.478568 -0.000056
v 4.683238 -9.365510 -0.000056
v 3.111141 -9.995337 -0.000056
v 1.551434 -10.369390 -0.000055
v -0.000015 -10.494433 -0.000055
v -3.111171 -9.995331 -0.000055
v -4.683272 -9.365503 -0.000056
v -6.164138 -8.478559 -0.000056
v -1.551457 -10.369388 -0.000056
v 9.973761 3.246297 -0.000055
v 10.359682 1.563823 -0.000056
v 10.472875 -0.125965 -0.000056
v 10.346637 -1.724928 -0.000056
v 9.986138 -3.239078 -0.000055
v 8.550069 -6.043727 -0.000055
v 7.465259 -7.344257 -0.000056
v 9.387794 -4.675945 -0.000056
v 0.000001 10.492669 -0.000055
v 1.719377 10.339787 -0.000057
v 3.361443 9.925272 -0.000056
v 4.843133 9.311111 -0.000056
v 6.171779 8.500358 -0.000056
v 8.395388 6.267887 -0.000055
v 9.297044 4.834284 -0.000056
v 7.353425 7.487280 -0.000056
v -9.973773 3.246311 -0.000056
v -9.297056 4.834296 -0.000056
v -8.395404 6.267896 -0.000055
v -7.353433 7.487287 -0.000055
v -6.171786 8.500362 -0.000056
v -3.361449 9.925278 -0.000056
v -1.719384 10.339789 -0.000055
v -4.843140 9.311117 -0.000056
v -7.465287 -7.344245 -0.000055
v -8.550097 -6.043715 -0.000055
v -9.387815 -4.675930 -0.000057
v -9.986166 -3.239058 -0.000056
v -10.472894 -0.125946 -0.000056
v -10.359694 1.563841 -0.000056
v -10.346658 -1.724907 -0.000056
v 6.777006 -9.322145 -7.113852
v 5.148301 -10.295038 -7.120027
v 4.817987 -9.635398 -7.155994
v 6.346019 -8.728947 -7.159592
v 3.419095 -10.986333 -7.123343
v 3.199350 -10.278625 -7.153250
v 1.704580 -11.397912 -7.122657
v 1.595813 -10.665197 -7.154726
v -0.000018 -11.535392 -7.123085
v -0.000014 -10.794809 -7.155926
v -3.419114 -10.986329 -7.123340
v -5.148333 -10.295031 -7.120028
v -4.818009 -9.635390 -7.155996
v -3.199369 -10.278613 -7.153250
v -6.777038 -9.322134 -7.113850
v -6.346051 -8.728935 -7.159592
v -1.704607 -11.397912 -7.122656
v -1.595832 -10.665194 -7.154726
v 10.965448 3.568512 -7.113856
v 11.387425 1.718881 -7.120030
v 10.657995 1.608573 -7.155996
v 10.268105 3.341932 -7.159590
v 11.510531 -0.139323 -7.123345
v 10.769555 -0.129617 -7.153250
v 11.372155 -1.897103 -7.122660
v 10.641686 -1.774131 -7.154726
v 10.976154 -3.560754 -7.123086
v 10.271821 -3.331900 -7.155923
v 9.397401 -6.642840 -7.123339
v 8.205579 -8.073797 -7.120028
v 7.680299 -7.555810 -7.155994
v 8.792233 -6.215155 -7.153250
v 10.318653 -5.139436 -7.122656
v 9.655409 -4.809560 -7.154724
v 0.000006 11.535392 -7.113853
v 1.889505 11.365150 -7.120027
v 1.769010 10.637337 -7.155993
v 0.000002 10.802157 -7.159593
v 3.694802 10.908010 -7.123343
v 3.456593 10.206299 -7.153248
v 5.323796 10.233227 -7.122659
v 4.981112 9.576509 -7.154726
v 6.783646 9.342513 -7.123085
v 6.348341 8.743368 -7.155923
v 9.227026 6.888610 -7.123340
v 10.219655 5.312932 -7.120027
v 9.564698 4.973427 -7.155994
v 8.633270 6.445223 -7.153250
v 8.081886 8.229352 -7.122659
v 7.563207 7.700507 -7.154724
v -10.965453 3.568531 -7.113852
v -10.219659 5.312948 -7.120028
v -9.564702 4.973439 -7.155994
v -10.268109 3.341947 -7.159592
v -9.227034 6.888620 -7.123340
v -8.633270 6.445234 -7.153250
v -8.081886 8.229362 -7.122659
v -7.563208 7.700516 -7.154724
v -6.783647 9.342519 -7.123081
v -6.348341 8.743375 -7.155924
v -3.694806 10.908016 -7.123340
v -1.889500 11.365152 -7.120027
v -1.769005 10.637338 -7.155996
v -3.456597 10.206304 -7.153246
v -5.323788 10.233232 -7.122660
v -4.981111 9.576515 -7.154726
v -8.205610 -8.073783 -7.120028
v -7.680331 -7.555795 -7.155994
v -9.397425 -6.642826 -7.123343
v -8.792258 -6.215142 -7.153251
v -10.318675 -5.139415 -7.122659
v -9.655437 -4.809545 -7.154726
v -10.976174 -3.560732 -7.123083
v -10.271841 -3.331881 -7.155924
v -11.510544 -0.139302 -7.123343
v -11.387438 1.718900 -7.120028
v -10.658007 1.608591 -7.155994
v -10.769567 -0.129597 -7.153248
v -11.372174 -1.897082 -7.122659
v -10.641700 -1.774111 -7.154724
v 6.346019 -8.728947 -7.159592
v 4.817987 -9.635398 -7.155994
v 4.611127 -9.220938 -5.251286
v 6.069156 -8.347869 -5.253654
v 3.199350 -10.278625 -7.153250
v 3.063034 -9.841014 -5.249268
v 1.595813 -10.665197 -7.154726
v 1.527322 -10.209364 -5.250604
v -0.000014 -10.794809 -7.155926
v -0.000013 -10.332507 -5.251851
v -3.199369 -10.278613 -7.153250
v -4.818009 -9.635390 -7.155996
v -4.611157 -9.220924 -5.251287
v -3.063052 -9.841001 -5.249269
v -6.346051 -8.728935 -7.159592
v -6.069177 -8.347856 -5.253654
v -1.595832 -10.665194 -7.154726
v -1.527348 -10.209357 -5.250603
v 10.268105 3.341932 -7.159590
v 10.657995 1.608573 -7.155996
v 10.199896 1.539916 -5.251286
v 9.820116 3.196372 -5.253655
v 10.769555 -0.129617 -7.153250
v 10.311234 -0.124030 -5.249268
v 10.641686 -1.774131 -7.154726
v 10.186994 -1.698404 -5.250606
v 10.271821 -3.331900 -7.155923
v 9.832137 -3.189041 -5.251849
v 8.792233 -6.215155 -7.153250
v 7.680299 -7.555810 -7.155994
v 7.350048 -7.230998 -5.251286
v 8.418157 -5.950284 -5.249269
v 9.655409 -4.809560 -7.154724
v 9.243049 -4.603566 -5.250604
v 0.000002 10.802157 -7.159593
v 1.769010 10.637337 -7.155993
v 1.692745 10.180438 -5.251286
v 0.000003 10.331115 -5.253654
v 3.456593 10.206299 -7.153248
v 3.309651 9.772140 -5.249269
v 4.981112 9.576509 -7.154726
v 4.768586 9.167476 -5.250603
v 6.348341 8.743368 -7.155923
v 6.076612 8.369354 -5.251849
v 8.633270 6.445223 -7.153250
v 9.564698 4.973427 -7.155994
v 9.153725 4.759707 -5.251287
v 8.265766 6.171312 -5.249269
v 7.563207 7.700507 -7.154724
v 7.239866 7.371983 -5.250604
v -10.268109 3.341947 -7.159592
v -9.564702 4.973439 -7.155994
v -9.153732 4.759719 -5.251286
v -9.820124 3.196388 -5.253653
v -8.633270 6.445234 -7.153250
v -8.265773 6.171320 -5.249268
v -7.563208 7.700516 -7.154724
v -7.239865 7.371992 -5.250603
v -6.348341 8.743375 -7.155924
v -6.076611 8.369363 -5.251851
v -3.456597 10.206304 -7.153246
v -1.769005 10.637338 -7.155996
v -1.692740 10.180440 -5.251286
v -3.309653 9.772143 -5.249267
v -4.981111 9.576515 -7.154726
v -4.768584 9.167480 -5.250604
v -7.680331 -7.555795 -7.155994
v -7.350070 -7.230986 -5.251287
v -8.792258 -6.215142 -7.153251
v -8.418193 -5.950271 -5.249268
v -9.655437 -4.809545 -7.154726
v -9.243073 -4.603551 -5.250603
v -10.271841 -3.331881 -7.155924
v -9.832168 -3.189021 -5.251849
v -10.769567 -0.129597 -7.153248
v -10.658007 1.608591 -7.155994
v -10.199910 1.539933 -5.251286
v -10.311249 -0.124010 -5.249269
v -10.641700 -1.774111 -7.154724
v -10.187009 -1.698385 -5.250604
v 4.488241 -8.975080 -0.108916
v 5.907320 -8.125131 -0.108975
v 2.981457 -9.578746 -0.108867
v 1.486652 -9.937212 -0.108897
v -0.000015 -10.057018 -0.108925
v -4.488267 -8.975068 -0.108915
v -2.981480 -9.578729 -0.108866
v -5.907354 -8.125119 -0.108975
v -1.486674 -9.937203 -0.108898
v 9.928092 1.499019 -0.108915
v 9.558266 3.111295 -0.108975
v 10.036586 -0.120566 -0.108867
v 9.915586 -1.652987 -0.108897
v 9.570129 -3.103910 -0.108926
v 7.154193 -7.038154 -0.108915
v 8.193936 -5.791655 -0.108867
v 8.996778 -4.480782 -0.108898
v 1.647645 9.909303 -0.108915
v 0.000001 10.055798 -0.108974
v 3.221489 9.512011 -0.108867
v 4.641520 8.923390 -0.108897
v 5.914678 8.146482 -0.108926
v 8.909793 4.633034 -0.108916
v 8.045603 6.007078 -0.108868
v 7.046986 7.175716 -0.108897
v -8.909812 4.633045 -0.108915
v -9.558286 3.111310 -0.108974
v -8.045618 6.007086 -0.108867
v -7.046994 7.175721 -0.108896
v -5.914684 8.146488 -0.108925
v -1.647651 9.909306 -0.108915
v -3.221496 9.512013 -0.108867
v -4.641526 8.923395 -0.108897
v -7.154220 -7.038142 -0.108915
v -8.193964 -5.791642 -0.108867
v -8.996806 -4.480766 -0.108898
v -9.570164 -3.103891 -0.108925
v -9.928111 1.499037 -0.108915
v -10.036605 -0.120547 -0.108867
v -9.915615 -1.652969 -0.108897
v 3.419091 -10.986333 7.123230
v 3.418145 -10.983355 6.601537
v 5.146555 -10.291610 6.604713
v 5.148303 -10.295038 7.119915
v 6.777008 -9.322145 7.113739
v 6.773983 -9.317975 6.608834
v -0.000021 -11.535392 7.122971
v -0.000017 -11.532199 6.604957
v 1.704121 -11.394676 6.603404
v 1.704577 -11.397914 7.122545
v -6.777040 -9.322134 7.113739
v -6.774003 -9.317966 6.608835
v -5.146581 -10.291604 6.604712
v -5.148335 -10.295032 7.119916
v -3.419117 -10.986329 7.123230
v -3.418162 -10.983349 6.601538
v -1.704147 -11.394674 6.603404
v -1.704610 -11.397912 7.122544
v 11.510529 -0.139323 7.123230
v 11.507399 -0.139306 6.601538
v 11.383618 1.718272 6.604713
v 11.387423 1.718881 7.119916
v 10.965446 3.568513 7.113740
v 10.960547 3.566919 6.608834
v 10.976152 -3.560754 7.122971
v 10.973116 -3.559767 6.604956
v 11.368927 -1.896542 6.603404
v 11.372153 -1.897103 7.122545
v 8.202866 -8.071070 6.604712
v 8.205581 -8.073797 7.119915
v 9.397403 -6.642840 7.123229
v 9.394858 -6.641016 6.601537
v 10.315711 -5.137996 6.603403
v 10.318651 -5.139437 7.122546
v 3.694799 10.908010 7.123230
v 3.693820 10.905042 6.601537
v 1.888911 11.361346 6.604712
v 1.889502 11.365151 7.119915
v 0.000003 11.535392 7.113740
v 0.000007 11.530236 6.608835
v 6.783640 9.342512 7.122970
v 6.781765 9.339928 6.604957
v 5.322265 10.230334 6.603404
v 5.323790 10.233227 7.122545
v 10.216220 5.311190 6.604712
v 10.219652 5.312932 7.119916
v 9.227019 6.888610 7.123230
v 9.224499 6.886759 6.601537
v 8.079609 8.227003 6.603403
v 8.081879 8.229351 7.122546
v -9.227028 6.888620 7.123229
v -9.224512 6.886767 6.601538
v -10.216227 5.311205 6.604713
v -10.219662 5.312948 7.119915
v -10.965456 3.568531 7.113740
v -10.960555 3.566938 6.608834
v -6.783649 9.342519 7.122970
v -6.781769 9.339932 6.604957
v -8.079613 8.227011 6.603404
v -8.081889 8.229362 7.122545
v -1.888905 11.361350 6.604713
v -1.889503 11.365152 7.119915
v -3.694809 10.908016 7.123229
v -3.693822 10.905047 6.601538
v -5.322258 10.230341 6.603404
v -5.323791 10.233232 7.122545
v -9.397428 -6.642826 7.123230
v -9.394881 -6.641002 6.601538
v -8.202892 -8.071058 6.604713
v -8.205614 -8.073783 7.119915
v -10.976177 -3.560732 7.122970
v -10.973139 -3.559745 6.604957
v -10.315734 -5.137977 6.603405
v -10.318677 -5.139415 7.122547
v -11.383633 1.718292 6.604714
v -11.387440 1.718901 7.119916
v -11.510546 -0.139302 7.123230
v -11.507414 -0.139284 6.601538
v -11.368948 -1.896519 6.603404
v -11.372178 -1.897082 7.122546
v 3.272683 -10.514638 5.796884
v 4.926754 -9.852746 5.800191
v 6.485233 -8.920547 5.804502
v -0.000013 -11.040208 5.800291
v 1.632028 -10.908450 5.798749
v -6.485259 -8.920538 5.804502
v -4.926772 -9.852739 5.800191
v -3.272701 -10.514634 5.796884
v -1.632054 -10.908448 5.798750
v 11.016669 -0.132807 5.796883
v 10.898310 1.644844 5.800191
v 10.493337 3.415118 5.804502
v 10.505200 -3.407732 5.800291
v 10.884219 -1.814855 5.798749
v 7.853405 -7.726408 5.800190
v 8.994040 -6.357831 5.796884
v 9.875563 -4.919175 5.798749
v 3.535997 10.440343 5.796884
v 1.808775 10.877099 5.800191
v 0.000003 11.038990 5.804502
v 6.492579 8.941900 5.800291
v 5.094792 9.794594 5.798748
v 9.780438 5.085338 5.800191
v 8.831310 6.593060 5.796884
v 7.735481 7.876014 5.798749
v -8.831325 6.593068 5.796884
v -9.780437 5.085350 5.800191
v -10.493344 3.415133 5.804502
v -6.492589 8.941906 5.800291
v -7.735485 7.876023 5.798749
v -1.808769 10.877100 5.800190
v -3.535999 10.440347 5.796884
v -5.094787 9.794597 5.798749
v -8.994061 -6.357817 5.796884
v -7.853424 -7.726396 5.800191
v -10.505223 -3.407713 5.800291
v -9.875586 -4.919159 5.798749
v -10.898323 1.644863 5.800191
v -11.016684 -0.132786 5.796884
v -10.884242 -1.814835 5.798749
v 6.777008 -9.322145 7.113739
v 6.345434 -8.728133 7.159130
v 4.817489 -9.634383 7.155490
v 5.148303 -10.295038 7.119915
v 3.419091 -10.986333 7.123230
v 3.199022 -10.277604 7.152550
v 1.595620 -10.664024 7.154199
v 1.704577 -11.397914 7.122545
v -0.000021 -11.535392 7.122971
v -0.000017 -10.793616 7.155396
v -3.419117 -10.986329 7.123230
v -3.199047 -10.277594 7.152549
v -4.817513 -9.634375 7.155489
v -5.148335 -10.295032 7.119916
v -6.777040 -9.322134 7.113739
v -6.345459 -8.728122 7.159130
v -1.595653 -10.664022 7.154199
v -1.704610 -11.397912 7.122544
v 10.965446 3.568513 7.113740
v 10.267142 3.341622 7.159130
v 10.656883 1.608413 7.155488
v 11.387423 1.718881 7.119916
v 11.510529 -0.139323 7.123230
v 10.768484 -0.129610 7.152548
v 10.640512 -1.773948 7.154199
v 11.372153 -1.897103 7.122545
v 10.976152 -3.560754 7.122971
v 10.270678 -3.331531 7.155396
v 9.397403 -6.642840 7.123229
v 8.791364 -6.214534 7.152549
v 7.679492 -7.555022 7.155489
v 8.205581 -8.073797 7.119915
v 9.654353 -4.809019 7.154198
v 10.318651 -5.139437 7.122546
v 0.000003 11.535392 7.113740
v -0.000001 10.801151 7.159131
v 1.768809 10.636223 7.155489
v 1.889502 11.365151 7.119915
v 3.694799 10.908010 7.123230
v 3.456258 10.205284 7.152549
v 4.980566 9.575450 7.154199
v 5.323790 10.233227 7.122545
v 6.783640 9.342512 7.122970
v 6.347637 8.742401 7.155396
v 9.227019 6.888610 7.123230
v 8.632401 6.444588 7.152549
v 9.563697 4.972898 7.155488
v 10.219652 5.312932 7.119916
v 7.562360 7.699668 7.154198
v 8.081879 8.229351 7.122546
v -10.965456 3.568531 7.113740
v -10.267152 3.341637 7.159130
v -9.563706 4.972910 7.155489
v -10.219662 5.312948 7.119915
v -9.227028 6.888620 7.123229
v -8.632417 6.444599 7.152550
v -7.562370 7.699677 7.154199
v -8.081889 8.229362 7.122545
v -6.783649 9.342519 7.122970
v -6.347646 8.742410 7.155396
v -3.694809 10.908016 7.123229
v -3.456267 10.205292 7.152550
v -1.768818 10.636224 7.155489
v -1.889503 11.365152 7.119915
v -4.980583 9.575457 7.154199
v -5.323791 10.233232 7.122545
v -7.679517 -7.555008 7.155489
v -8.205614 -8.073783 7.119915
v -9.397428 -6.642826 7.123230
v -8.791389 -6.214519 7.152550
v -9.654378 -4.809003 7.154199
v -10.318677 -5.139415 7.122547
v -10.976177 -3.560732 7.122970
v -10.270710 -3.331512 7.155396
v -11.510546 -0.139302 7.123230
v -10.768501 -0.129590 7.152550
v -10.656893 1.608432 7.155489
v -11.387440 1.718901 7.119916
v -10.640529 -1.773928 7.154199
v -11.372178 -1.897082 7.122546
v 6.043468 -8.312512 5.884036
v 4.589616 -9.177432 5.877071
v 3.047478 -9.791759 5.872202
v 1.519533 -10.159521 5.874600
v -0.000013 -10.282644 5.876250
v -3.047496 -9.791744 5.872201
v -4.589634 -9.177422 5.877072
v -6.043487 -8.312499 5.884037
v -1.519551 -10.159514 5.874600
v 9.778551 3.182868 5.884037
v 10.151874 1.532895 5.877072
v 10.259583 -0.123608 5.872201
v 10.137180 -1.690414 5.874600
v 9.784718 -3.173632 5.876251
v 8.376130 -5.920264 5.872202
v 7.315327 -7.197092 5.877072
v 9.198054 -4.580751 5.874600
v 0.000003 10.287413 5.884037
v 1.684583 10.132594 5.877072
v 3.293295 9.723144 5.872202
v 4.745593 9.122571 5.874599
v 6.047296 8.329017 5.876250
v 8.224222 6.140609 5.872201
v 9.110750 4.737159 5.877073
v 7.204258 7.336242 5.874600
v -9.778559 3.182883 5.884037
v -9.110757 4.737170 5.877072
v -8.224234 6.140617 5.872201
v -7.204262 7.336249 5.874600
v -6.047298 8.329023 5.876250
v -3.293289 9.723147 5.872202
v -1.684577 10.132597 5.877072
v -4.745588 9.122574 5.874599
v -7.315346 -7.197078 5.877072
v -8.376145 -5.920249 5.872202
v -9.198077 -4.580736 5.874600
v -9.784739 -3.173614 5.876251
v -10.259598 -0.123589 5.872201
v -10.151888 1.532913 5.877072
v -10.137197 -1.690395 5.874599
v 5.418372 -7.452135 5.822526
v 5.385929 -7.407484 4.630546
v 4.087610 -8.178122 4.632873
v 4.111732 -8.226243 5.818040
v 2.727932 -8.774367 5.814581
v 2.712226 -8.724014 4.633976
v 1.351993 -9.051404 4.633960
v 1.359894 -9.104351 5.816378
v -0.000013 -9.215503 5.817842
v -0.000014 -9.161296 4.634447
v -2.727951 -8.774360 5.814582
v -2.712245 -8.724010 4.633975
v -4.087636 -8.178111 4.632873
v -4.111751 -8.226234 5.818041
v -5.418390 -7.452124 5.822527
v -5.385947 -7.407471 4.630546
v -1.352020 -9.051397 4.633960
v -1.359913 -9.104344 5.816379
v 8.767122 2.854235 5.822527
v 8.714622 2.837180 4.630547
v 9.046340 1.364267 4.632873
v 9.099562 1.372335 5.818040
v 9.193235 -0.113117 5.814582
v 9.140498 -0.112498 4.633976
v 9.031528 -1.507322 4.633960
v 9.084322 -1.516170 5.816379
v 8.769801 -2.843866 5.817842
v 8.718252 -2.827114 4.634447
v 7.507281 -5.301973 5.814581
v 7.464250 -5.271473 4.633976
v 6.520052 -6.410853 4.632873
v 6.558368 -6.448662 5.818040
v 8.195947 -4.078987 4.633960
v 8.243859 -4.102864 5.816378
v 0.000003 9.223928 5.822527
v 0.000002 9.168736 4.630545
v 1.503327 9.029065 4.632872
v 1.512100 9.082174 5.818042
v 2.953803 8.712236 5.814582
v 2.936908 8.662268 4.633976
v 4.229791 8.127611 4.633960
v 4.254523 8.175089 5.816379
v 5.420043 7.465683 5.817842
v 5.388187 7.421827 4.634447
v 7.367700 5.505346 5.814581
v 7.325398 5.473845 4.633976
v 8.117241 4.223772 4.632874
v 8.165042 4.248527 5.818040
v 6.417383 6.538232 4.633960
v 6.454898 6.576424 5.816378
v -8.767122 2.854249 5.822526
v -8.714631 2.837192 4.630545
v -8.117254 4.223782 4.632873
v -8.165046 4.248538 5.818041
v -7.367711 5.505356 5.814581
v -7.325410 5.473854 4.633976
v -6.417395 6.538237 4.633961
v -6.454908 6.576427 5.816379
v -5.420053 7.465686 5.817842
v -5.388182 7.421831 4.634447
v -2.953805 8.712242 5.814583
v -2.936911 8.662273 4.633976
v -1.503330 9.029067 4.632873
v -1.512102 9.082175 5.818041
v -4.229801 8.127611 4.633961
v -4.254525 8.175092 5.816379
v -6.520072 -6.410841 4.632873
v -6.558386 -6.448651 5.818041
v -7.507300 -5.301958 5.814581
v -7.464271 -5.271460 4.633976
v -8.195967 -4.078972 4.633962
v -8.243877 -4.102848 5.816379
v -8.769832 -2.843850 5.817842
v -8.718276 -2.827099 4.634448
v -9.193251 -0.113101 5.814582
v -9.140514 -0.112481 4.633976
v -9.046356 1.364282 4.632873
v -9.099576 1.372350 5.818041
v -9.031546 -1.507305 4.633961
v -9.084346 -1.516153 5.816379
v 5.970579 -8.212183 4.443135
v 4.536173 -9.068934 4.448151
v 3.011786 -9.678247 4.450744
v 1.500918 -10.040912 4.450149
v -0.000014 -10.161956 4.450514
v -3.011805 -9.678234 4.450746
v -4.536192 -9.068922 4.448151
v -5.970597 -8.212171 4.443135
v -1.500937 -10.040905 4.450149
v 9.660604 3.144546 4.443136
v 10.032166 1.515592 4.448152
v 10.140588 -0.122473 4.450747
v 10.018622 -1.671464 4.450150
v 9.669931 -3.136337 4.450515
v 8.279201 -5.851245 4.450745
v 7.228649 -7.112732 4.448151
v 9.090994 -4.526396 4.450149
v 0.000002 10.163398 4.443133
v 1.664042 10.013400 4.448150
v 3.255447 9.610333 4.450744
v 4.690930 9.015672 4.450150
v 5.976356 8.231380 4.450514
v 8.128628 6.069754 4.450746
v 9.003730 4.680798 4.448153
v 7.119481 7.251225 4.450150
v -9.660613 3.144561 4.443135
v -9.003746 4.680808 4.448152
v -8.128633 6.069761 4.450745
v -7.119486 7.251234 4.450150
v -5.976366 8.231383 4.450514
v -3.255442 9.610339 4.450745
v -1.664046 10.013402 4.448151
v -4.690933 9.015676 4.450150
v -7.228668 -7.112718 4.448152
v -8.279230 -5.851231 4.450746
v -9.091026 -4.526381 4.450149
v -9.669963 -3.136318 4.450514
v -10.140604 -0.122454 4.450745
v -10.032182 1.515609 4.448152
v -10.018647 -1.671446 4.450150
v 4.355639 -8.711860 5.825487
v 2.890463 -9.291720 5.824655
v 5.739502 -7.894134 5.826116
v 6.944843 -6.830695 5.825488
v 7.949085 -5.616417 5.824655
v 8.729639 -4.346225 5.825360
v 9.286681 -3.011812 5.826183
v 9.620379 -1.604826 5.825359
v 9.735491 -0.118413 5.824655
v 9.636784 1.454242 5.825487
v 9.286721 3.023063 5.826116
v 8.647797 4.498030 5.825488
v 7.803283 5.828359 5.824655
v 6.836461 6.963233 5.825360
v 5.739494 7.905369 5.826183
v 4.504492 8.657510 5.825360
v 3.126398 9.226315 5.824655
v 1.600212 9.618410 5.825488
v 0.000003 9.770271 5.826117
v -1.600214 9.618410 5.825488
v -3.126400 9.226320 5.824655
v -4.504494 8.657513 5.825360
v -5.739504 7.905375 5.826183
v -6.836471 6.963237 5.825360
v -7.803285 5.828368 5.824655
v -8.647811 4.498041 5.825488
v -9.286728 3.023078 5.826116
v -9.636798 1.454259 5.825488
v -9.735506 -0.118396 5.824655
v -9.620396 -1.604807 5.825360
v -9.286713 -3.011793 5.826182
v -8.729671 -4.346210 5.825360
v -7.949105 -5.616404 5.824655
v -6.944861 -6.830686 5.825488
v -5.739520 -7.894123 5.826116
v -4.355657 -8.711848 5.825488
v -2.890489 -9.291707 5.824655
v -1.441249 -9.641561 5.825360
v -0.000013 -9.758985 5.826183
v 1.441231 -9.641564 5.825360
v 5.970579 -8.212183 4.443135
v 4.536173 -9.068934 4.448151
v 4.087610 -8.178122 4.632873
v 5.385929 -7.407484 4.630546
v 3.011786 -9.678247 4.450744
v 2.712226 -8.724014 4.633976
v 1.500918 -10.040912 4.450149
v 1.351993 -9.051404 4.633960
v -0.000014 -10.161956 4.450514
v -0.000014 -9.161296 4.634447
v -1.500937 -10.040905 4.450149
v -1.352020 -9.051397 4.633960
v -3.011805 -9.678234 4.450746
v -2.712245 -8.724010 4.633975
v -4.536192 -9.068922 4.448151
v -4.087636 -8.178111 4.632873
v -5.970597 -8.212171 4.443135
v -5.385947 -7.407471 4.630546
v -7.228668 -7.112718 4.448152
v -6.520072 -6.410841 4.632873
v -8.279230 -5.851231 4.450746
v -7.464271 -5.271460 4.633976
v -9.091026 -4.526381 4.450149
v -8.195967 -4.078972 4.633962
v -9.669963 -3.136318 4.450514
v -8.718276 -2.827099 4.634448
v -10.018647 -1.671446 4.450150
v -9.031546 -1.507305 4.633961
v -10.140604 -0.122454 4.450745
v -9.140514 -0.112481 4.633976
v -10.032182 1.515609 4.448152
v -9.046356 1.364282 4.632873
v -9.660613 3.144561 4.443135
v -8.714631 2.837192 4.630545
v -9.003746 4.680808 4.448152
v -8.117254 4.223782 4.632873
v -8.128633 6.069761 4.450745
v -7.325410 5.473854 4.633976
v -7.119486 7.251234 4.450150
v -6.417395 6.538237 4.633961
v -5.976366 8.231383 4.450514
v -5.388182 7.421831 4.634447
v -4.690933 9.015676 4.450150
v -4.229801 8.127611 4.633961
v -3.255442 9.610339 4.450745
v -2.936911 8.662273 4.633976
v -1.664046 10.013402 4.448151
v -1.503330 9.029067 4.632873
v 0.000002 10.163398 4.443133
v 0.000002 9.168736 4.630545
v 1.664042 10.013400 4.448150
v 1.503327 9.029065 4.632872
v 3.255447 9.610333 4.450744
v 2.936908 8.662268 4.633976
v 4.690930 9.015672 4.450150
v 4.229791 8.127611 4.633960
v 5.976356 8.231380 4.450514
v 5.388187 7.421827 4.634447
v 7.119481 7.251225 4.450150
v 6.417383 6.538232 4.633960
v 8.128628 6.069754 4.450746
v 7.325398 5.473845 4.633976
v 9.003730 4.680798 4.448153
v 8.117241 4.223772 4.632874
v 9.660604 3.144546 4.443136
v 8.714622 2.837180 4.630547
v 10.032166 1.515592 4.448152
v 9.046340 1.364267 4.632873
v 10.140588 -0.122473 4.450747
v 9.140498 -0.112498 4.633976
v 10.018622 -1.671464 4.450150
v 9.031528 -1.507322 4.633960
v 9.669931 -3.136337 4.450515
v 8.718252 -2.827114 4.634447
v 9.090994 -4.526396 4.450149
v 8.195947 -4.078987 4.633960
v 8.279201 -5.851245 4.450745
v 7.464250 -5.271473 4.633976
v 7.228649 -7.112732 4.448151
v 6.520052 -6.410853 4.632873
v 4.111732 -8.226243 5.818040
v 2.727932 -8.774367 5.814581
v 5.418372 -7.452135 5.822526
v 6.558368 -6.448662 5.818040
v 7.507281 -5.301973 5.814581
v 8.243859 -4.102864 5.816378
v 8.769801 -2.843866 5.817842
v 9.084322 -1.516170 5.816379
v 9.193235 -0.113117 5.814582
v 9.099562 1.372335 5.818040
v 8.767122 2.854235 5.822527
v 8.165042 4.248527 5.818040
v 7.367700 5.505346 5.814581
v 6.454898 6.576424 5.816378
v 5.420043 7.465683 5.817842
v 4.254523 8.175089 5.816379
v 2.953803 8.712236 5.814582
v 1.512100 9.082174 5.818042
v 0.000003 9.223928 5.822527
v -1.512102 9.082175 5.818041
v -2.953805 8.712242 5.814583
v -4.254525 8.175092 5.816379
v -5.420053 7.465686 5.817842
v -6.454908 6.576427 5.816379
v -7.367711 5.505356 5.814581
v -8.165046 4.248538 5.818041
v -8.767122 2.854249 5.822526
v -9.099576 1.372350 5.818041
v -9.193251 -0.113101 5.814582
v -9.084346 -1.516153 5.816379
v -8.769832 -2.843850 5.817842
v -8.243877 -4.102848 5.816379
v -7.507300 -5.301958 5.814581
v -6.558386 -6.448651 5.818041
v -5.418390 -7.452124 5.822527
v -4.111751 -8.226234 5.818041
v -2.727951 -8.774360 5.814582
v -1.359913 -9.104344 5.816379
v -0.000013 -9.215503 5.817842
v 1.359894 -9.104351 5.816378
vt 0.4546 0.1416
vt 0.4434 0.1284
vt 0.4546 0.1284
vt 0.4434 0.1416
vt 0.4321 0.1284
vt 0.4546 0.1782
vt 0.4434 0.1782
vt 0.4546 0.2104
vt 0.4434 0.2104
vt 0.4321 0.2104
vt 0.4321 0.1782
vt 0.4209 0.2104
vt 0.4209 0.1782
vt 0.3792 0.1416
vt 0.3687 0.1284
vt 0.3792 0.1284
vt 0.3892 0.1416
vt 0.3892 0.1782
vt 0.3994 0.1782
vt 0.3994 0.1416
vt 0.4099 0.1782
vt 0.4099 0.1416
vt 0.4209 0.1416
vt 0.4321 0.1416
vt 0.3892 0.1284
vt 0.3994 0.1284
vt 0.4099 0.1284
vt 0.4209 0.1284
vt 0.4424 0.3804
vt 0.4314 0.3809
vt 0.4407 0.3770
vt 0.4509 0.3750
vt 0.4487 0.3721
vt 0.4558 0.3657
vt 0.4646 0.3613
vt 0.4585 0.3687
vt 0.4531 0.3774
vt 0.4438 0.3833
vt 0.4326 0.3848
vt 0.4224 0.3867
vt 0.4219 0.3833
vt 0.4121 0.3877
vt 0.4609 0.3711
vt 0.4673 0.3633
vt 0.4587 0.3853
vt 0.4678 0.3779
vt 0.4751 0.3691
vt 0.4727 0.3550
vt 0.4695 0.3530
vt 0.4617 0.3594
vt 0.4663 0.3516
vt 0.4792 0.3721
vt 0.4714 0.3813
vt 0.4812 0.3594
vt 0.4766 0.3452
vt 0.4731 0.3442
vt 0.4697 0.3433
vt 0.4722 0.3335
vt 0.4856 0.3613
vt 0.4856 0.3481
vt 0.4792 0.3350
vt 0.4885 0.3364
vt 0.4802 0.3237
vt 0.4897 0.3237
vt 0.4792 0.3125
vt 0.4885 0.3110
vt 0.4856 0.2988
vt 0.4905 0.2974
vt 0.4937 0.3105
vt 0.4946 0.3237
vt 0.4937 0.3369
vt 0.4905 0.3501
vt 0.4812 0.2881
vt 0.4856 0.2856
vt 0.4792 0.2754
vt 0.4751 0.2783
vt 0.4678 0.2695
vt 0.4609 0.2764
vt 0.4673 0.2842
vt 0.4727 0.2925
vt 0.4766 0.3022
vt 0.4714 0.2661
vt 0.4646 0.2861
vt 0.4585 0.2788
vt 0.4531 0.2695
vt 0.4587 0.2622
vt 0.4619 0.2578
vt 0.4482 0.2554
vt 0.4507 0.2510
vt 0.4509 0.2725
vt 0.4558 0.2812
vt 0.4487 0.2754
vt 0.4407 0.2705
vt 0.4424 0.2671
vt 0.4438 0.2642
vt 0.4336 0.2598
vt 0.4368 0.2505
vt 0.4229 0.2573
vt 0.4314 0.2661
vt 0.4326 0.2627
vt 0.4224 0.2607
vt 0.4219 0.2642
vt 0.4121 0.2598
vt 0.4121 0.2637
vt 0.4028 0.2642
vt 0.4023 0.2607
vt 0.3931 0.2627
vt 0.4019 0.2573
vt 0.3943 0.2661
vt 0.3921 0.2598
vt 0.3843 0.2666
vt 0.3860 0.2695
vt 0.3762 0.2715
vt 0.3782 0.2744
vt 0.3706 0.2808
vt 0.3828 0.2632
vt 0.3892 0.2505
vt 0.3740 0.2686
vt 0.3682 0.2783
vt 0.3643 0.2881
vt 0.3611 0.2861
vt 0.3560 0.2954
vt 0.3528 0.2935
vt 0.3784 0.2549
vt 0.3684 0.2607
vt 0.3657 0.2759
vt 0.3584 0.2842
vt 0.3506 0.2783
vt 0.3442 0.2896
vt 0.3396 0.3008
vt 0.3486 0.3037
vt 0.3462 0.3140
vt 0.3589 0.2690
vt 0.4119 0.2417
vt 0.4001 0.2476
vt 0.3994 0.2427
vt 0.3875 0.2456
vt 0.3762 0.2505
vt 0.3655 0.2568
vt 0.3555 0.2656
vt 0.4382 0.2456
vt 0.4243 0.2476
vt 0.4250 0.2427
vt 0.4119 0.2466
vt 0.4121 0.2563
vt 0.1614 0.0156
vt 0.1499 0.0220
vt 0.1499 0.0156
vt 0.1384 0.0220
vt 0.1732 0.0117
vt 0.1614 0.0117
vt 0.1499 0.0117
vt 0.1384 0.0156
vt 0.1261 0.0220
vt 0.1261 0.0625
vt 0.1135 0.0220
vt 0.1261 0.0156
vt 0.1135 0.0156
vt 0.1384 0.0117
vt 0.1261 0.0117
vt 0.1135 0.0625
vt 0.1006 0.0625
vt 0.1135 0.0117
vt 0.1006 0.0117
vt 0.1006 0.0156
vt 0.0877 0.0156
vt 0.0877 0.0220
vt 0.0750 0.0156
vt 0.0750 0.0220
vt 0.0629 0.0220
vt 0.0629 0.0625
vt 0.1006 0.0220
vt 0.0750 0.0625
vt 0.0877 0.0625
vt 0.0877 0.1035
vt 0.0750 0.1035
vt 0.1006 0.1035
vt 0.1135 0.1035
vt 0.1261 0.1035
vt 0.1384 0.1035
vt 0.1384 0.0625
vt 0.1499 0.1099
vt 0.1384 0.1099
vt 0.1261 0.1099
vt 0.1135 0.1099
vt 0.1006 0.1099
vt 0.0877 0.1099
vt 0.0750 0.1099
vt 0.0877 0.1133
vt 0.0750 0.1133
vt 0.1006 0.1133
vt 0.1135 0.1133
vt 0.1261 0.1133
vt 0.1384 0.1133
vt 0.0142 0.1099
vt 0.0272 0.1133
vt 0.0142 0.1133
vt 0.0272 0.1099
vt 0.0395 0.1133
vt 0.0395 0.1099
vt 0.0512 0.1133
vt 0.0512 0.1099
vt 0.0629 0.1133
vt 0.0629 0.1099
vt 0.0629 0.1035
vt 0.0512 0.1035
vt 0.0395 0.1035
vt 0.0272 0.1035
vt 0.0142 0.1035
vt 0.0142 0.0625
vt 0.0272 0.0625
vt 0.0395 0.0625
vt 0.0512 0.0625
vt 0.0142 0.0220
vt 0.0272 0.0220
vt 0.0272 0.0156
vt 0.0395 0.0156
vt 0.0395 0.0220
vt 0.0142 0.0156
vt 0.0512 0.0220
vt 0.0512 0.0156
vt 0.0512 0.0117
vt 0.0395 0.0117
vt 0.0272 0.0117
vt 0.0142 0.0117
vt 0.0629 0.0117
vt 0.0629 0.0156
vt 0.0750 0.0117
vt 0.0877 0.0117
vt 0.3625 0.6973
vt 0.3225 0.6111
vt 0.3347 0.6128
vt 0.3687 0.6917
vt 0.4314 0.7117
vt 0.4333 0.7200
vt 0.4368 0.7334
vt 0.3538 0.7058
vt 0.2727 0.6797
vt 0.2230 0.6111
vt 0.1919 0.7058
vt 0.2109 0.6128
vt 0.3557 0.7178
vt 0.1831 0.6973
vt 0.2026 0.6140
vt 0.1642 0.5630
vt 0.1674 0.5552
vt 0.1721 0.5417
vt 0.1863 0.5413
vt 0.2213 0.4707
vt 0.2278 0.4814
vt 0.3242 0.4707
vt 0.3179 0.4814
vt 0.2317 0.4883
vt 0.1946 0.5405
vt 0.3735 0.5417
vt 0.3594 0.5413
vt 0.3140 0.4883
vt 0.2727 0.5400
vt 0.2318 0.5925
vt 0.2283 0.6001
vt 0.3174 0.6001
vt 0.3511 0.5405
vt 0.3137 0.5925
vt 0.4700 0.6602
vt 0.4775 0.6619
vt 0.4065 0.6370
vt 0.3430 0.6140
vt 0.3782 0.5552
vt 0.3813 0.5630
vt 0.4580 0.5669
vt 0.4497 0.5764
vt 0.4443 0.5825
vt 0.4900 0.6650
vt 0.5234 0.7643
vt 0.5176 0.7466
vt 0.5278 0.7471
vt 0.5190 0.7312
vt 0.5303 0.7295
vt 0.5190 0.7156
vt 0.5308 0.7122
vt 0.4912 0.6843
vt 0.4563 0.7397
vt 0.4919 0.6943
vt 0.4480 0.7371
vt 0.4585 0.8009
vt 0.4907 0.7533
vt 0.5112 0.7180
vt 0.5103 0.7314
vt 0.5083 0.7451
vt 0.5137 0.7611
vt 0.5044 0.7583
vt 0.5000 0.7712
vt 0.4395 0.8225
vt 0.4517 0.8082
vt 0.4868 0.7950
vt 0.4937 0.7834
vt 0.5083 0.7754
vt 0.5005 0.7887
vt 0.4915 0.8015
vt 0.4990 0.8112
vt 0.5083 0.7968
vt 0.5171 0.7809
vt 0.2847 0.8452
vt 0.3540 0.8625
vt 0.3547 0.8704
vt 0.2920 0.8407
vt 0.3557 0.7943
vt 0.2910 0.7739
vt 0.3572 0.7258
vt 0.4258 0.7422
vt 0.2727 0.7644
vt 0.2837 0.7700
vt 0.2727 0.8528
vt 0.2610 0.8452
vt 0.2544 0.7739
vt 0.2537 0.8407
vt 0.2620 0.7700
vt 0.1899 0.7178
vt 0.1199 0.7422
vt 0.1265 0.7478
vt 0.1255 0.8146
vt 0.1899 0.7943
vt 0.1885 0.7258
vt 0.1124 0.7200
vt 0.1769 0.6917
vt 0.1088 0.7334
vt 0.1182 0.8177
vt 0.1915 0.8625
vt 0.1142 0.7117
vt 0.1390 0.6370
vt 0.1908 0.8704
vt 0.1062 0.8225
vt 0.0939 0.8083
vt 0.0977 0.7371
vt 0.0894 0.7397
vt 0.0537 0.6943
vt 0.0549 0.7533
vt 0.0870 0.8009
vt 0.1899 0.8832
vt 0.0520 0.7834
vt 0.0453 0.7712
vt 0.0587 0.7952
vt 0.0543 0.8015
vt 0.0466 0.8113
vt 0.0370 0.7968
vt 0.0451 0.7887
vt 0.0370 0.7754
vt 0.0284 0.7810
vt 0.0220 0.7644
vt 0.0341 0.7180
vt 0.0354 0.7314
vt 0.0266 0.7312
vt 0.0278 0.7466
vt 0.0176 0.7471
vt 0.0319 0.7612
vt 0.0409 0.7583
vt 0.0371 0.7451
vt 0.0154 0.7295
vt 0.0266 0.7156
vt 0.0148 0.7122
vt 0.0556 0.6650
vt 0.0545 0.6843
vt 0.0681 0.6619
vt 0.0757 0.6602
vt 0.1013 0.5825
vt 0.0959 0.5764
vt 0.0876 0.5669
vt 0.0821 0.5093
vt 0.0977 0.5505
vt 0.1666 0.4600
vt 0.1504 0.4541
vt 0.1666 0.4482
vt 0.2024 0.4756
vt 0.1653 0.5322
vt 0.0931 0.5127
vt 0.1028 0.5420
vt 0.1602 0.5251
vt 0.1927 0.4780
vt 0.1665 0.4678
vt 0.1516 0.4648
vt 0.1342 0.4619
vt 0.1388 0.4980
vt 0.1194 0.4951
vt 0.1304 0.4868
vt 0.1099 0.5051
vt 0.1008 0.5151
vt 0.1542 0.4731
vt 0.1373 0.4707
vt 0.1416 0.4790
vt 0.1248 0.4790
vt 0.1127 0.4883
vt 0.1025 0.5000
vt 0.1191 0.4712
vt 0.1055 0.4824
vt 0.0931 0.4956
vt 0.7515 0.1157
vt 0.8081 0.1162
vt 0.7583 0.1392
vt 0.8057 0.0913
vt 0.9004 0.1157
vt 0.9028 0.0913
vt 0.9473 0.1382
vt 0.9536 0.1138
vt 0.7515 0.1802
vt 0.8057 0.1821
vt 0.7578 0.2046
vt 0.8032 0.1577
vt 0.8979 0.1821
vt 0.8999 0.1577
vt 0.9458 0.2046
vt 0.9517 0.1802
vt 0.5259 0.0537
vt 0.5786 0.0557
vt 0.5317 0.0781
vt 0.5767 0.0312
vt 0.6709 0.0562
vt 0.6738 0.0317
vt 0.7212 0.0791
vt 0.7280 0.0557
vt 0.5142 0.1753
vt 0.5688 0.1758
vt 0.5210 0.1987
vt 0.5664 0.1514
vt 0.6616 0.1758
vt 0.6641 0.1509
vt 0.7119 0.1978
vt 0.7188 0.1753
vt 0.5176 0.1138
vt 0.5752 0.1138
vt 0.5244 0.1362
vt 0.5728 0.0889
vt 0.6675 0.1143
vt 0.6699 0.0894
vt 0.7158 0.1372
vt 0.7222 0.1138
vt 0.4336 0.3877
vt 0.4229 0.3901
vt 0.4121 0.3911
vt 0.4023 0.3867
vt 0.4019 0.3901
vt 0.3921 0.3877
vt 0.3931 0.3848
vt 0.4121 0.3838
vt 0.4028 0.3833
vt 0.3943 0.3809
vt 0.3860 0.3774
vt 0.3762 0.3760
vt 0.3782 0.3730
vt 0.3845 0.3809
vt 0.3828 0.3838
vt 0.3892 0.3970
vt 0.4001 0.3999
vt 0.4119 0.4004
vt 0.3875 0.4019
vt 0.3784 0.3926
vt 0.3684 0.3862
vt 0.3762 0.3970
vt 0.3655 0.3906
vt 0.3589 0.3784
vt 0.3555 0.3818
vt 0.3467 0.3721
vt 0.3367 0.3350
vt 0.3486 0.3438
vt 0.3396 0.3467
vt 0.3318 0.3359
vt 0.3347 0.3481
vt 0.3442 0.3579
vt 0.3396 0.3604
vt 0.3506 0.3691
vt 0.3657 0.3716
vt 0.3528 0.3540
vt 0.3584 0.3633
vt 0.3611 0.3613
vt 0.3682 0.3691
vt 0.3643 0.3594
vt 0.3708 0.3667
vt 0.3560 0.3521
vt 0.3591 0.3506
vt 0.3521 0.3428
vt 0.3555 0.3413
vt 0.3533 0.3325
vt 0.3499 0.3330
vt 0.3525 0.3237
vt 0.3489 0.3237
vt 0.3521 0.3047
vt 0.3499 0.3145
vt 0.3455 0.3237
vt 0.3462 0.3335
vt 0.3533 0.3149
vt 0.3555 0.3057
vt 0.3591 0.2969
vt 0.3467 0.2754
vt 0.3396 0.2871
vt 0.3347 0.2993
vt 0.3367 0.3125
vt 0.3359 0.3237
vt 0.3308 0.3237
vt 0.3318 0.3115
vt 0.4768 0.3237
vt 0.4758 0.3340
vt 0.4731 0.3237
vt 0.4758 0.3130
vt 0.4731 0.3032
vt 0.4695 0.2939
vt 0.4722 0.3140
vt 0.4697 0.3042
vt 0.4663 0.2959
vt 0.4617 0.2881
vt 0.0396 0.1782
vt 0.0290 0.1416
vt 0.0396 0.1416
vt 0.0290 0.1782
vt 0.0290 0.1284
vt 0.0396 0.1284
vt 0.0181 0.1284
vt 0.0181 0.1416
vt 0.0181 0.1782
vt 0.0181 0.2104
vt 0.0290 0.2104
vt 0.0396 0.2104
vt 0.0501 0.1782
vt 0.0501 0.1416
vt 0.0609 0.1782
vt 0.0609 0.1416
vt 0.0724 0.1782
vt 0.0724 0.1416
vt 0.0840 0.1782
vt 0.0840 0.1416
vt 0.0957 0.1782
vt 0.0957 0.1416
vt 0.0840 0.1284
vt 0.0957 0.1284
vt 0.0724 0.1284
vt 0.0609 0.1284
vt 0.0501 0.1284
vt 0.1495 0.1416
vt 0.1388 0.1284
vt 0.1495 0.1284
vt 0.1388 0.1416
vt 0.1283 0.1284
vt 0.1283 0.1416
vt 0.1179 0.1284
vt 0.1179 0.1416
vt 0.1071 0.1284
vt 0.1071 0.1416
vt 0.1071 0.1782
vt 0.1179 0.1782
vt 0.1283 0.1782
vt 0.1388 0.1782
vt 0.1495 0.1782
vt 0.1071 0.2104
vt 0.1179 0.2104
vt 0.1283 0.2104
vt 0.1388 0.2104
vt 0.1495 0.2104
vt 0.1609 0.1782
vt 0.1609 0.1416
vt 0.1725 0.1782
vt 0.1725 0.1416
vt 0.1841 0.1782
vt 0.1841 0.1416
vt 0.1954 0.1782
vt 0.1954 0.1416
vt 0.2061 0.1782
vt 0.1609 0.2104
vt 0.1725 0.2104
vt 0.1841 0.2104
vt 0.1954 0.2104
vt 0.2061 0.2104
vt 0.2164 0.2104
vt 0.2164 0.1782
vt 0.2268 0.1782
vt 0.2268 0.2104
vt 0.2374 0.1782
vt 0.2374 0.2104
vt 0.2487 0.1782
vt 0.2487 0.2104
vt 0.2600 0.1782
vt 0.2600 0.2104
vt 0.2715 0.1782
vt 0.2061 0.1416
vt 0.2164 0.1416
vt 0.2268 0.1416
vt 0.2374 0.1416
vt 0.2487 0.1416
vt 0.2600 0.1416
vt 0.2487 0.1284
vt 0.2600 0.1284
vt 0.2374 0.1284
vt 0.2268 0.1284
vt 0.2164 0.1284
vt 0.2061 0.1284
vt 0.2715 0.1416
vt 0.2825 0.1782
vt 0.2825 0.1416
vt 0.2932 0.1782
vt 0.2932 0.1416
vt 0.3032 0.1782
vt 0.3032 0.1416
vt 0.3135 0.1782
vt 0.2715 0.2104
vt 0.2825 0.2104
vt 0.2932 0.2104
vt 0.3032 0.2104
vt 0.3135 0.2104
vt 0.3240 0.1782
vt 0.3135 0.1416
vt 0.3240 0.1416
vt 0.3350 0.1782
vt 0.3350 0.1416
vt 0.3464 0.1782
vt 0.3464 0.1416
vt 0.3577 0.1782
vt 0.3577 0.1416
vt 0.3687 0.1782
vt 0.3687 0.1416
vt 0.3577 0.1284
vt 0.3464 0.1284
vt 0.3350 0.1284
vt 0.3240 0.1284
vt 0.3135 0.1284
vt 0.3792 0.1782
vt 0.3687 0.2104
vt 0.3792 0.2104
vt 0.3892 0.2104
vt 0.4099 0.2104
vt 0.3994 0.2104
vt 0.3381 0.0625
vt 0.3274 0.0220
vt 0.3381 0.0220
vt 0.3596 0.1099
vt 0.3711 0.1133
vt 0.3596 0.1133
vt 0.3711 0.1099
vt 0.3596 0.1035
vt 0.3486 0.1035
vt 0.3486 0.0625
vt 0.3486 0.0220
vt 0.3486 0.0156
vt 0.3381 0.0156
vt 0.3486 0.0117
vt 0.3596 0.0117
vt 0.3596 0.0156
vt 0.3596 0.0220
vt 0.3596 0.0625
vt 0.3711 0.1035
vt 0.3711 0.0156
vt 0.3711 0.0117
vt 0.3826 0.0117
vt 0.4058 0.0117
vt 0.3943 0.0156
vt 0.3943 0.0117
vt 0.3826 0.0156
vt 0.3711 0.0220
vt 0.3711 0.0625
vt 0.4268 0.0156
vt 0.4165 0.0220
vt 0.4165 0.0156
vt 0.4058 0.0220
vt 0.4058 0.0156
vt 0.3943 0.0220
vt 0.3826 0.0220
vt 0.3826 0.0625
vt 0.3943 0.0625
vt 0.4058 0.0625
vt 0.4165 0.0625
vt 0.4268 0.0625
vt 0.3826 0.1035
vt 0.3943 0.1035
vt 0.4058 0.1035
vt 0.4165 0.1035
vt 0.4268 0.1035
vt 0.4373 0.1035
vt 0.3826 0.1099
vt 0.3943 0.1099
vt 0.4058 0.1099
vt 0.4165 0.1099
vt 0.4268 0.1099
vt 0.3826 0.1133
vt 0.3943 0.1133
vt 0.4058 0.1133
vt 0.4165 0.1133
vt 0.4268 0.1133
vt 0.4373 0.1133
vt 0.4373 0.1099
vt 0.4480 0.1133
vt 0.4480 0.1099
vt 0.4595 0.1133
vt 0.4595 0.1099
vt 0.4709 0.1133
vt 0.4709 0.1099
vt 0.4829 0.1133
vt 0.4829 0.1099
vt 0.4480 0.1035
vt 0.4595 0.1035
vt 0.4709 0.1035
vt 0.4595 0.0625
vt 0.4709 0.0625
vt 0.4373 0.0625
vt 0.4480 0.0625
vt 0.4709 0.0220
vt 0.4595 0.0220
vt 0.4480 0.0220
vt 0.4373 0.0220
vt 0.4268 0.0220
vt 0.4480 0.0156
vt 0.4373 0.0156
vt 0.4480 0.0117
vt 0.4595 0.0156
vt 0.4373 0.0117
vt 0.4268 0.0117
vt 0.4165 0.0117
vt 0.4829 0.0156
vt 0.4709 0.0117
vt 0.4829 0.0117
vt 0.4709 0.0156
vt 0.4595 0.0117
vt 0.4829 0.0220
vt 0.4829 0.1035
vt 0.4829 0.0625
vt 0.2460 0.0117
vt 0.2347 0.0156
vt 0.2347 0.0117
vt 0.2231 0.0156
vt 0.2231 0.0117
vt 0.2231 0.0220
vt 0.2347 0.0220
vt 0.2460 0.0156
vt 0.2568 0.0117
vt 0.1857 0.0156
vt 0.1982 0.0117
vt 0.1982 0.0156
vt 0.2108 0.0117
vt 0.2108 0.0156
vt 0.2108 0.0220
vt 0.2231 0.0625
vt 0.2347 0.0625
vt 0.1982 0.0220
vt 0.1857 0.0220
vt 0.1982 0.0625
vt 0.2108 0.0625
vt 0.2231 0.1035
vt 0.2347 0.1035
vt 0.2460 0.0625
vt 0.2460 0.1035
vt 0.2460 0.1099
vt 0.2347 0.1099
vt 0.2231 0.1099
vt 0.2108 0.1035
vt 0.2108 0.1099
vt 0.1982 0.1035
vt 0.1982 0.1099
vt 0.2108 0.1133
vt 0.1982 0.1133
vt 0.2231 0.1133
vt 0.2347 0.1133
vt 0.2460 0.1133
vt 0.2568 0.1133
vt 0.2568 0.1099
vt 0.1857 0.1035
vt 0.1857 0.1099
vt 0.1732 0.1035
vt 0.1732 0.1099
vt 0.1614 0.1035
vt 0.1614 0.1099
vt 0.1499 0.1035
vt 0.1499 0.1133
vt 0.1614 0.1133
vt 0.1732 0.1133
vt 0.1857 0.1133
vt 0.6108 0.6663
vt 0.5312 0.6399
vt 0.5815 0.5740
vt 0.5615 0.7312
vt 0.6416 0.7578
vt 0.6597 0.5161
vt 0.7266 0.5366
vt 0.6572 0.5869
vt 0.6494 0.6101
vt 0.6758 0.6917
vt 0.6953 0.7061
vt 0.7383 0.7589
vt 0.7817 0.7061
vt 0.8354 0.7578
vt 0.8013 0.6917
vt 0.8662 0.6663
vt 0.8276 0.6101
vt 0.8955 0.5740
vt 0.8198 0.5869
vt 0.8174 0.5161
vt 0.7505 0.5366
vt 0.7383 0.4600
vt 0.8184 0.4316
vt 0.8960 0.4883
vt 0.7383 0.4053
vt 0.6587 0.4316
vt 0.5811 0.4883
vt 0.5322 0.5549
vt 0.5039 0.5974
vt 0.5063 0.5813
vt 0.5093 0.5645
vt 0.5142 0.5483
vt 0.5195 0.5325
vt 0.5273 0.5171
vt 0.5352 0.5022
vt 0.4448 0.5151
vt 0.4431 0.5000
vt 0.4526 0.5127
vt 0.4402 0.4824
vt 0.4524 0.4956
vt 0.4634 0.5093
vt 0.4480 0.5505
vt 0.4429 0.5420
vt 0.3804 0.5322
vt 0.3430 0.4756
vt 0.3855 0.5251
vt 0.4067 0.4980
vt 0.4358 0.5051
vt 0.3528 0.4780
vt 0.3789 0.4600
vt 0.3789 0.4678
vt 0.3789 0.4482
vt 0.4329 0.4883
vt 0.4265 0.4712
vt 0.4209 0.4790
vt 0.4082 0.4707
vt 0.4041 0.4790
vt 0.3914 0.4731
vt 0.4260 0.4951
vt 0.4153 0.4868
vt 0.3953 0.4541
vt 0.3940 0.4648
vt 0.4114 0.4619
vt 0.7866 0.8250
vt 0.6904 0.8250
vt 0.6113 0.7969
vt 0.5630 0.7775
vt 0.5747 0.7894
vt 0.5864 0.8018
vt 0.6001 0.8119
vt 0.6138 0.8217
vt 0.6294 0.8291
vt 0.6440 0.8363
vt 0.7886 0.3906
vt 0.7725 0.3882
vt 0.7554 0.3857
vt 0.7407 0.3848
vt 0.7217 0.3857
vt 0.7046 0.3882
vt 0.6885 0.3906
vt 0.0876 0.8802
vt 0.0602 0.8706
vt 0.0837 0.8646
vt 0.0622 0.8867
vt 0.0902 0.8966
vt 0.0654 0.9028
vt 0.0945 0.9122
vt 0.0688 0.9186
vt 0.0980 0.9281
vt 0.0732 0.9341
vt 0.0779 0.9496
vt 0.1034 0.9435
vt 0.0837 0.9646
vt 0.1074 0.9588
vt 0.2905 0.9464
vt 0.3027 0.9320
vt 0.3081 0.9430
vt 0.3179 0.9272
vt 0.3247 0.9384
vt 0.3132 0.9211
vt 0.3000 0.9238
vt 0.2878 0.9356
vt 0.2727 0.9475
vt 0.2727 0.9114
vt 0.2864 0.9264
vt 0.3289 0.8943
vt 0.3381 0.8902
vt 0.3557 0.8832
vt 0.2323 0.9211
vt 0.2074 0.8902
vt 0.2167 0.8943
vt 0.2456 0.9238
vt 0.2590 0.9264
vt 0.2727 0.9267
vt 0.2727 0.9361
vt 0.2576 0.9356
vt 0.2428 0.9320
vt 0.2278 0.9272
vt 0.2727 0.8644
vt 0.2209 0.9384
vt 0.2374 0.9430
vt 0.2549 0.9464
vt 0.2727 0.8732
vt 0.1614 0.0625
vt 0.1732 0.0220
vt 0.1732 0.0625
vt 0.1857 0.0625
vt 0.1499 0.0625
vt 0.1614 0.0220
vt 0.1732 0.0156
vt 0.1857 0.0117
vt 0.2460 0.0220
vt 0.2568 0.0156
vt 0.2568 0.0220
vt 0.2683 0.0156
vt 0.2683 0.0117
vt 0.2805 0.0156
vt 0.2805 0.0117
vt 0.2927 0.0117
vt 0.2568 0.1035
vt 0.2568 0.0625
vt 0.2683 0.0220
vt 0.2805 0.0220
vt 0.2927 0.0156
vt 0.2683 0.1099
vt 0.2683 0.1035
vt 0.2683 0.0625
vt 0.2805 0.0625
vt 0.2805 0.1035
vt 0.2805 0.1099
vt 0.2805 0.1133
vt 0.2683 0.1133
vt 0.2927 0.1099
vt 0.2927 0.1035
vt 0.2927 0.0625
vt 0.2927 0.0220
vt 0.3047 0.0220
vt 0.3047 0.1099
vt 0.3047 0.1035
vt 0.3047 0.1133
vt 0.2927 0.1133
vt 0.3274 0.0156
vt 0.3164 0.0220
vt 0.3164 0.0156
vt 0.3047 0.0156
vt 0.3047 0.0117
vt 0.3164 0.0117
vt 0.3274 0.0117
vt 0.3381 0.0117
vt 0.9443 0.5549
vt 0.9629 0.5483
vt 0.9678 0.5645
vt 0.9707 0.5813
vt 0.9731 0.5974
vt 0.9458 0.6399
vt 0.8657 0.7969
vt 0.9155 0.7312
vt 0.9419 0.5022
vt 0.9497 0.5171
vt 0.9575 0.5325
vt 0.8330 0.8363
vt 0.8477 0.8291
vt 0.8633 0.8217
vt 0.8770 0.8119
vt 0.8901 0.8018
vt 0.9023 0.7894
vt 0.9141 0.7775
vt 0.7539 0.2295
vt 0.8354 0.3213
vt 0.7563 0.3218
vt 0.8364 0.2295
vt 0.8594 0.2329
vt 0.9111 0.3438
vt 0.9385 0.2573
vt 0.5645 0.4507
vt 0.4814 0.4146
vt 0.4934 0.3945
vt 0.6147 0.3892
vt 0.5459 0.3306
vt 0.5630 0.3149
vt 0.6807 0.3452
vt 0.6309 0.2681
vt 0.6519 0.2578
vt 0.7305 0.2334
vt 0.4714 0.8941
vt 0.4519 0.8730
vt 0.4756 0.8788
vt 0.4460 0.8880
vt 0.4661 0.9095
vt 0.4412 0.9036
vt 0.4626 0.9254
vt 0.4368 0.9191
vt 0.4583 0.9410
vt 0.4336 0.9349
vt 0.4302 0.9510
vt 0.4556 0.9574
vt 0.4282 0.9670
vt 0.4519 0.9730
vt 0.6929 0.8573
vt 0.7720 0.8573
vt 0.7324 0.9118
vt 0.6680 0.9326
vt 0.7324 0.9792
vt 0.7964 0.9326
vt 0.2622 0.2227
vt 0.2715 0.2310
vt 0.2622 0.2310
vt 0.2715 0.2227
vt 0.2805 0.2227
vt 0.2805 0.2310
vt 0.2900 0.2227
vt 0.2900 0.2310
vt 0.3003 0.2227
vt 0.3003 0.2310
vt 0.3105 0.2227
vt 0.3105 0.2310
vt 0.3208 0.2227
vt 0.3208 0.2310
vt 0.3308 0.2310
vt 0.3308 0.2227
vt 0.3403 0.2227
vt 0.3403 0.2310
vt 0.3494 0.2310
vt 0.3494 0.2227
vt 0.3586 0.2227
vt 0.3586 0.2310
vt 0.3682 0.2227
vt 0.3682 0.2310
vt 0.3782 0.2227
vt 0.3782 0.2310
vt 0.3884 0.2227
vt 0.3884 0.2310
vt 0.3987 0.2227
vt 0.3987 0.2310
vt 0.4089 0.2310
vt 0.4089 0.2227
vt 0.1647 0.2227
vt 0.1748 0.2310
vt 0.1647 0.2310
vt 0.1748 0.2227
vt 0.1842 0.2227
vt 0.1842 0.2310
vt 0.1935 0.2310
vt 0.1935 0.2227
vt 0.2026 0.2227
vt 0.2026 0.2310
vt 0.2122 0.2227
vt 0.2122 0.2310
vt 0.2222 0.2227
vt 0.2222 0.2310
vt 0.2324 0.2227
vt 0.2324 0.2310
vt 0.2427 0.2227
vt 0.2427 0.2310
vt 0.2527 0.2310
vt 0.2527 0.2227
vt 0.1248 0.2227
vt 0.1156 0.2310
vt 0.1156 0.2227
vt 0.1248 0.2310
vt 0.1343 0.2227
vt 0.1343 0.2310
vt 0.1443 0.2227
vt 0.1443 0.2310
vt 0.1545 0.2310
vt 0.1545 0.2227
vt 0.0767 0.2227
vt 0.0665 0.2310
vt 0.0665 0.2227
vt 0.0767 0.2310
vt 0.0869 0.2227
vt 0.0869 0.2310
vt 0.0969 0.2310
vt 0.0969 0.2227
vt 0.1064 0.2227
vt 0.1064 0.2310
vt 0.4482 0.3921
vt 0.4619 0.3892
vt 0.4507 0.3965
vt 0.4382 0.4019
vt 0.4368 0.3970
vt 0.4250 0.4048
vt 0.4243 0.3999
vt 0.4119 0.4058
vt 0.3994 0.4048
vt 0.4275 0.8177
vt 0.4202 0.8146
vt 0.4192 0.7476
vt 0.0287 0.2227
vt 0.0192 0.2310
vt 0.0192 0.2227
vt 0.0287 0.2310
vt 0.0379 0.2310
vt 0.0379 0.2227
vt 0.0470 0.2227
vt 0.0470 0.2310
vt 0.0565 0.2227
vt 0.0565 0.2310
vt 0.6108 0.9222
vt 0.6265 0.8972
vt 0.6265 0.9224
vt 0.6104 0.8947
vt 0.5942 0.9207
vt 0.5942 0.8934
vt 0.5781 0.9212
vt 0.5781 0.8928
vt 0.5620 0.9207
vt 0.5620 0.8935
vt 0.5454 0.8947
vt 0.5454 0.9223
vt 0.5293 0.8972
vt 0.5293 0.9224
vt 0.3381 0.1035
vt 0.3274 0.0625
vt 0.3164 0.0625
vt 0.3047 0.0625
vt 0.3164 0.1133
vt 0.3164 0.1099
vt 0.3164 0.1035
vt 0.3274 0.1035
vt 0.3381 0.1099
vt 0.3486 0.1099
vt 0.3274 0.1099
vt 0.3274 0.1133
vt 0.3381 0.1133
vt 0.3486 0.1133
vt 0.3240 0.2104
vt 0.3350 0.2104
vt 0.3464 0.2104
vt 0.3577 0.2104
vt 0.0501 0.2104
vt 0.0609 0.2104
vt 0.0724 0.2104
vt 0.0840 0.2104
vt 0.0957 0.2104
vt 0.8833 0.8678
vt 0.8672 0.8911
vt 0.8672 0.8676
vt 0.8833 0.8928
vt 0.8994 0.8691
vt 0.8994 0.8933
vt 0.9136 0.8698
vt 0.9155 0.8937
vt 0.9321 0.8691
vt 0.9316 0.8933
vt 0.9482 0.8928
vt 0.9482 0.8678
vt 0.9639 0.8911
vt 0.9644 0.8676
vt 0.2695 0.3687
vt 0.2576 0.3647
vt 0.2668 0.3618
vt 0.2791 0.3638
vt 0.2751 0.3574
vt 0.2874 0.3574
vt 0.2827 0.3516
vt 0.2944 0.3501
vt 0.2888 0.3457
vt 0.3003 0.3423
vt 0.2939 0.3389
vt 0.3044 0.3340
vt 0.2979 0.3311
vt 0.3076 0.3247
vt 0.3005 0.3228
vt 0.3096 0.3140
vt 0.3022 0.3135
vt 0.3096 0.3032
vt 0.3025 0.3042
vt 0.3079 0.2930
vt 0.3008 0.2944
vt 0.3044 0.2827
vt 0.2979 0.2856
vt 0.3000 0.2739
vt 0.2937 0.2778
vt 0.2944 0.2661
vt 0.2888 0.2710
vt 0.2876 0.2593
vt 0.2827 0.2651
vt 0.2795 0.2534
vt 0.2756 0.2598
vt 0.2703 0.2485
vt 0.2673 0.2554
vt 0.2600 0.2451
vt 0.2583 0.2524
vt 0.2495 0.2437
vt 0.2490 0.2510
vt 0.2390 0.2437
vt 0.2396 0.2510
vt 0.2291 0.2451
vt 0.2310 0.2524
vt 0.2200 0.2480
vt 0.2228 0.2549
vt 0.2114 0.2524
vt 0.2152 0.2588
vt 0.2034 0.2583
vt 0.2080 0.2642
vt 0.1958 0.2656
vt 0.2013 0.2705
vt 0.1893 0.2744
vt 0.1956 0.2783
vt 0.1846 0.2837
vt 0.1914 0.2866
vt 0.1815 0.2939
vt 0.1886 0.2954
vt 0.1799 0.3037
vt 0.1873 0.3042
vt 0.1798 0.3135
vt 0.1871 0.3130
vt 0.1814 0.3228
vt 0.1885 0.3213
vt 0.1844 0.3325
vt 0.1912 0.3296
vt 0.1891 0.3418
vt 0.1953 0.3379
vt 0.1952 0.3506
vt 0.2008 0.3457
vt 0.2029 0.3579
vt 0.2076 0.3525
vt 0.2114 0.3643
vt 0.2152 0.3579
vt 0.2203 0.3687
vt 0.2230 0.3618
vt 0.2295 0.3716
vt 0.2312 0.3647
vt 0.2390 0.3730
vt 0.2396 0.3657
vt 0.2489 0.3730
vt 0.2484 0.3657
vt 0.2593 0.3716
vt 0.9546 0.9439
vt 0.9707 0.9188
vt 0.9707 0.9440
vt 0.9541 0.9163
vt 0.9380 0.9423
vt 0.9380 0.9151
vt 0.9214 0.9428
vt 0.9219 0.9144
vt 0.9053 0.9422
vt 0.9058 0.9150
vt 0.8892 0.9163
vt 0.8892 0.9438
vt 0.8735 0.9188
vt 0.8730 0.9440
vt 0.0223 0.3462
vt 0.0239 0.3340
vt 0.0272 0.3442
vt 0.0276 0.3569
vt 0.0321 0.3540
vt 0.0346 0.3667
vt 0.0386 0.3633
vt 0.0434 0.3755
vt 0.0468 0.3716
vt 0.0533 0.3823
vt 0.0559 0.3779
vt 0.0634 0.3877
vt 0.0654 0.3828
vt 0.0739 0.3911
vt 0.0751 0.3857
vt 0.0848 0.3926
vt 0.0853 0.3877
vt 0.0962 0.3926
vt 0.0959 0.3877
vt 0.1082 0.3911
vt 0.1070 0.3862
vt 0.1199 0.3877
vt 0.1179 0.3828
vt 0.1307 0.3818
vt 0.1279 0.3774
vt 0.1404 0.3745
vt 0.1370 0.3706
vt 0.1484 0.3667
vt 0.1444 0.3633
vt 0.1550 0.3574
vt 0.1505 0.3550
vt 0.1600 0.3477
vt 0.1552 0.3457
vt 0.1636 0.3369
vt 0.1584 0.3354
vt 0.1656 0.3252
vt 0.1604 0.3247
vt 0.1659 0.3130
vt 0.1606 0.3130
vt 0.1637 0.3008
vt 0.1587 0.3018
vt 0.1599 0.2891
vt 0.1550 0.2915
vt 0.1548 0.2793
vt 0.1503 0.2817
vt 0.1483 0.2700
vt 0.1443 0.2734
vt 0.1405 0.2622
vt 0.1370 0.2661
vt 0.1312 0.2554
vt 0.1284 0.2598
vt 0.1206 0.2500
vt 0.1186 0.2549
vt 0.1090 0.2461
vt 0.1078 0.2510
vt 0.0969 0.2441
vt 0.0965 0.2495
vt 0.0848 0.2441
vt 0.0853 0.2495
vt 0.0735 0.2461
vt 0.0748 0.2510
vt 0.0630 0.2495
vt 0.0650 0.2544
vt 0.0532 0.2544
vt 0.0559 0.2588
vt 0.0439 0.2612
vt 0.0473 0.2651
vt 0.0353 0.2695
vt 0.0392 0.2729
vt 0.0279 0.2793
vt 0.0324 0.2822
vt 0.0225 0.2905
vt 0.0273 0.2925
vt 0.0189 0.3018
vt 0.0240 0.3032
vt 0.0171 0.3130
vt 0.0223 0.3135
vt 0.0170 0.3242
vt 0.0223 0.3237
vt 0.0188 0.3350
vt 0.3740 0.3784
vt 0.3032 0.1284
vt 0.2932 0.1284
vt 0.2825 0.1284
vt 0.2715 0.1284
vt 0.1954 0.1284
vt 0.1841 0.1284
vt 0.1725 0.1284
vt 0.1609 0.1284
vt 0.0000 0.0000
vt 0.0000 0.0000
vt 0.0000 0.0000
vt 0.0000 0.0000
vt 0.0000 0.0000
vt 0.0000 0.0000
vt 0.0000 0.0000
vt 0.0000 0.0000
vt 0.0000 0.0000
vt 0.0000 0.0000
vt 0.0000 0.0000
vt 0.0000 0.0000
vt 0.0000 0.0000
vt 0.0000 0.0000
vt 0.0000 0.0000
vt 0.0000 0.0000
vt 0.0000 0.0000
vt 0.0000 0.0000
vt 0.0000 0.0000
vt 0.0000 0.0000
vt 0.0000 0.0000
vt 0.0000 0.0000
vt 0.0000 0.0000
vt 0.0000 0.0000
vt 0.0000 0.0000
vt 0.0000 0.0000
vt 0.0000 0.0000
vt 0.0000 0.0000
vt 0.0000 0.0000
vt 0.0000 0.0000
vt 0.0000 0.0000
vt 0.0000 0.0000
vt 0.0000 0.0000
vt 0.0000 0.0000
vt 0.0000 0.0000
vt 0.0000 0.0000
vt 0.0000 0.0000
vt 0.0000 0.0000
vt 0.0000 0.0000
vt 0.0000 0.0000
vt 0.0000 0.0000
vt 0.0000 0.0000
vt 0.0000 0.0000
vt 0.0000 0.0000
vt 0.0000 0.0000
vt 0.0000 0.0000
vt 0.0000 0.0000
vt 0.0000 0.0000
vt 0.0000 0.0000
vt 0.0000 0.0000
vt 0.0000 0.0000
vt 0.0000 0.0000
vt 0.0000 0.0000
vt 0.0000 0.0000
vt 0.0000 0.0000
vt 0.0000 0.0000
vt 0.0000 0.0000
vt 0.0000 0.0000
vt 0.0000 0.0000
vt 0.0000 0.0000
vt 0.0000 0.0000
vt 0.0000 0.0000
vt 0.0000 0.0000
vt 0.0000 0.0000
vt 0.0000 0.0000
vt 0.0000 0.0000
vt 0.0000 0.0000
vt 0.0000 0.0000
vt 0.0000 0.0000
vt 0.0000 0.0000
vt 0.0000 0.0000
vt 0.0000 0.0000
vt 0.0000 0.0000
vt 0.0000 0.0000
vt 0.0000 0.0000
vt 0.0000 0.0000
vt 0.0000 0.0000
vt 0.0000 0.0000
vt 0.0000 0.0000
vt 0.0000 0.0000
vt 0.0000 0.0000
vt 0.0000 0.0000
vt 0.0000 0.0000
vt 0.0000 0.0000
vt 0.0000 0.0000
vt 0.0000 0.0000
vt 0.0000 0.0000
vt 0.0000 0.0000
vt 0.0000 0.0000
vt 0.0000 0.0000
vt 0.0000 0.0000
vt 0.0000 0.0000
vt 0.0000 0.0000
vt 0.0000 0.0000
vt 0.0000 0.0000
vt 0.0000 0.0000
vt 0.0000 0.0000
vt 0.0000 0.0000
vt 0.0000 0.0000
vt 0.0000 0.0000
vt 0.0000 0.0000
vt 0.0000 0.0000
vt 0.0000 0.0000
vt 0.0000 0.0000
vt 0.0000 0.0000
vt 0.0000 0.0000
vt 0.0000 0.0000
vt 0.0000 0.0000
vt 0.0000 0.0000
vt 0.0000 0.0000
vt 0.0000 0.0000
vt 0.0000 0.0000
vt 0.0000 0.0000
vt 0.0000 0.0000
vt 0.0000 0.0000
vt 0.0000 0.0000
vt 0.0000 0.0000
vt 0.0000 0.0000
vt 0.0000 0.0000
vt 0.0000 0.0000
vt 0.0000 0.0000
vt 0.0000 0.0000
vt 0.0000 0.0000
vt 0.0000 0.0000
vt 0.0000 0.0000
vt 0.0000 0.0000
vt 0.0000 0.0000
vt 0.0000 0.0000
vt 0.0000 0.0000
vt 0.0000 0.0000
vt 0.0000 0.0000
vt 0.0000 0.0000
vt 0.0000 0.0000
vt 0.0000 0.0000
vt 0.0000 0.0000
vt 0.0000 0.0000
vt 0.0000 0.0000
vt 0.0000 0.0000
vt 0.0000 0.0000
vt 0.0000 0.0000
vt 0.0000 0.0000
vt 0.0000 0.0000
vt 0.0000 0.0000
vt 0.0000 0.0000
vt 0.0000 0.0000
vt 0.0000 0.0000
vt 0.0000 0.0000
vt 0.0000 0.0000
vt 0.0000 0.0000
vt 0.0000 0.0000
vt 0.0000 0.0000
vt 0.0000 0.0000
vt 0.0000 0.0000
vt 0.0000 0.0000
vt 0.0000 0.0000
vt 0.0000 0.0000
vt 0.0000 0.0000
vt 0.0000 0.0000
vt 0.0000 0.0000
vt 0.0000 0.0000
vt 0.0000 0.0000
vt 0.0000 0.0000
vt 0.0000 0.0000
vt 0.0000 0.0000
vt 0.0000 0.0000
vt 0.0000 0.0000
vt 0.0000 0.0000
vt 0.0000 0.0000
vt 0.0000 0.0000
vt 0.0000 0.0000
vt 0.0000 0.0000
vt 0.0000 0.0000
vt 0.0000 0.0000
vt 0.0000 0.0000
vt 0.0000 0.0000
vt 0.0000 0.0000
vt 0.0000 0.0000
vt 0.0000 0.0000
vt 0.0000 0.0000
vt 0.0000 0.0000
vt 0.0000 0.0000
vt 0.0000 0.0000
vt 0.0000 0.0000
vt 0.0000 0.0000
vt 0.0000 0.0000
vt 0.0000 0.0000
vt 0.0000 0.0000
vt 0.0000 0.0000
vt 0.0000 0.0000
vt 0.0000 0.0000
vt 0.0000 0.0000
vt 0.0000 0.0000
vt 0.0000 0.0000
vt 0.0000 0.0000
vt 0.0000 0.0000
vt 0.0000 0.0000
vt 0.0000 0.0000
vt 0.0000 0.0000
vt 0.0000 0.0000
vt 0.0000 0.0000
vt 0.0000 0.0000
vt 0.0000 0.0000
vt 0.0000 0.0000
vt 0.0000 0.0000
vt 0.0000 0.0000
vt 0.0000 0.0000
vt 0.0000 0.0000
vt 0.0000 0.0000
vt 0.0000 0.0000
vt 0.0000 0.0000
vt 0.0000 0.0000
vt 0.0000 0.0000
vt 0.0000 0.0000
vt 0.0000 0.0000
vt 0.0000 0.0000
vt 0.0000 0.0000
vt 0.0000 0.0000
vt 0.0000 0.0000
vt 0.0000 0.0000
vt 0.0000 0.0000
vt 0.0000 0.0000
vt 0.0000 0.0000
vt 0.0000 0.0000
vt 0.0000 0.0000
vt 0.0000 0.0000
vt 0.0000 0.0000
vt 0.0000 0.0000
vt 0.0000 0.0000
vt 0.0000 0.0000
vt 0.0000 0.0000
vt 0.0000 0.0000
vt 0.0000 0.0000
vt 0.0000 0.0000
vt 0.0000 0.0000
vt 0.0000 0.0000
vt 0.0000 0.0000
vt 0.0000 0.0000
vt 0.0000 0.0000
vt 0.0000 0.0000
vt 0.0000 0.0000
vt 0.0000 0.0000
vt 0.0000 0.0000
vt 0.0000 0.0000
vt 0.0000 0.0000
vt 0.0000 0.0000
vt 0.0000 0.0000
vt 0.0000 0.0000
vt 0.0000 0.0000
vt 0.0000 0.0000
vt 0.0000 0.0000
vt 0.0000 0.0000
vt 0.0000 0.0000
vt 0.0000 0.0000
vt 0.0000 0.0000
vt 0.0000 0.0000
vt 0.0000 0.0000
vt 0.0000 0.0000
vt 0.0000 0.0000
vt 0.0000 0.0000
vt 0.0000 0.0000
vt 0.0000 0.0000
vt 0.0000 0.0000
vt 0.0000 0.0000
vt 0.0000 0.0000
vt 0.0000 0.0000
vt 0.0000 0.0000
vt 0.0000 0.0000
vt 0.0000 0.0000
vt 0.0000 0.0000
vt 0.0000 0.0000
vt 0.0000 0.0000
vt 0.0000 0.0000
vt 0.0000 0.0000
vt 0.0000 0.0000
vt 0.0000 0.0000
vt 0.0000 0.0000
vt 0.0000 0.0000
vt 0.0000 0.0000
vt 0.0000 0.0000
vt 0.0000 0.0000
vt 0.0000 0.0000
vt 0.0000 0.0000
vt 0.0000 0.0000
vt 0.0000 0.0000
vt 0.0000 0.0000
vt 0.0000 0.0000
vt 0.0000 0.0000
vt 0.0000 0.0000
vt 0.0000 0.0000
vt 0.0000 0.0000
vt 0.0000 0.0000
vt 0.0000 0.0000
vt 0.0000 0.0000
vt 0.0000 0.0000
vt 0.0000 0.0000
vt 0.0000 0.0000
vt 0.0000 0.0000
vt 0.0000 0.0000
vt 0.0000 0.0000
vt 0.0000 0.0000
vt 0.0000 0.0000
vt 0.0000 0.0000
vt 0.0000 0.0000
vt 0.0000 0.0000
vt 0.0000 0.0000
vt 0.0000 0.0000
vt 0.0000 0.0000
vt 0.0000 0.0000
vt 0.0000 0.0000
vt 0.0000 0.0000
vt 0.0000 0.0000
vt 0.0000 0.0000
vt 0.0000 0.0000
vt 0.0000 0.0000
vt 0.0000 0.0000
vt 0.0000 0.0000
vt 0.0000 0.0000
vt 0.0000 0.0000
vt 0.0000 0.0000
vt 0.0000 0.0000
vt 0.0000 0.0000
vt 0.0000 0.0000
vt 0.0000 0.0000
vt 0.0000 0.0000
vt 0.0000 0.0000
vt 0.0000 0.0000
vt 0.0000 0.0000
vt 0.0000 0.0000
vt 0.0000 0.0000
vt 0.0000 0.0000
vt 0.0000 0.0000
vt 0.0000 0.0000
vt 0.0000 0.0000
vt 0.0000 0.0000
vt 0.0000 0.0000
vt 0.0000 0.0000
vt 0.0000 0.0000
vt 0.0000 0.0000
vt 0.0000 0.0000
vt 0.0000 0.0000
vt 0.0000 0.0000
vt 0.0000 0.0000
vt 0.0000 0.0000
vt 0.0000 0.0000
vt 0.0000 0.0000
vt 0.0000 0.0000
vt 0.0000 0.0000
vt 0.0000 0.0000
vt 0.0000 0.0000
vt 0.0000 0.0000
vt 0.0000 0.0000
vt 0.0000 0.0000
vt 0.0000 0.0000
vt 0.0000 0.0000
vt 0.0000 0.0000
vt 0.0000 0.0000
vt 0.0000 0.0000
vt 0.0000 0.0000
vt 0.0000 0.0000
vt 0.0000 0.0000
vt 0.0000 0.0000
vt 0.0000 0.0000
vt 0.0000 0.0000
vt 0.0000 0.0000
vt 0.0000 0.0000
vt 0.0000 0.0000
vt 0.0000 0.0000
vt 0.0000 0.0000
vt 0.0000 0.0000
vt 0.0000 0.0000
vt 0.0000 0.0000
vt 0.0000 0.0000
vt 0.0000 0.0000
vt 0.0000 0.0000
vt 0.0000 0.0000
vt 0.0000 0.0000
vt 0.0000 0.0000
vt 0.0000 0.0000
vt 0.0000 0.0000
vt 0.0000 0.0000
vt 0.0000 0.0000
vt 0.0000 0.0000
vt 0.0000 0.0000
vt 0.0000 0.0000
vt 0.0000 0.0000
vt 0.0000 0.0000
vt 0.0000 0.0000
vt 0.0000 0.0000
vt 0.0000 0.0000
vt 0.0000 0.0000
vt 0.0000 0.0000
vt 0.0000 0.0000
vt 0.0000 0.0000
vt 0.0000 0.0000
vt 0.0000 0.0000
vt 0.0000 0.0000
vt 0.0000 0.0000
vt 0.0000 0.0000
vt 0.0000 0.0000
vt 0.0000 0.0000
vt 0.0000 0.0000
vt 0.0000 0.0000
vt 0.0000 0.0000
vt 0.0000 0.0000
vt 0.0000 0.0000
vt 0.0000 0.0000
vt 0.0000 0.0000
vt 0.0000 0.0000
vt 0.0000 0.0000
vt 0.0000 0.0000
vt 0.0000 0.0000
vt 0.0000 0.0000
vt 0.0000 0.0000
vt 0.0000 0.0000
vt 0.0000 0.0000
vt 0.0000 0.0000
vt 0.0000 0.0000
vt 0.0000 0.0000
vt 0.0000 0.0000
vt 0.0000 0.0000
vt 0.0000 0.0000
vt 0.0000 0.0000
vt 0.0000 0.0000
vt 0.0000 0.0000
vt 0.0000 0.0000
vt 0.0000 0.0000
vt 0.0000 0.0000
vt 0.0000 0.0000
vt 0.0000 0.0000
vt 0.0000 0.0000
vt 0.0000 0.0000
vt 0.0000 0.0000
vt 0.0000 0.0000
vt 0.0000 0.0000
vt 0.0000 0.0000
vt 0.0000 0.0000
vt 0.0000 0.0000
vt 0.0000 0.0000
vt 0.0000 0.0000
vt 0.0000 0.0000
vt 0.0000 0.0000
vt 0.0000 0.0000
vt 0.0000 0.0000
vt 0.0000 0.0000
vt 0.0000 0.0000
vt 0.0000 0.0000
vt 0.0000 0.0000
vt 0.0000 0.0000
vt 0.0000 0.0000
vt 0.0000 0.0000
vt 0.0000 0.0000
vt 0.0000 0.0000
vt 0.0000 0.0000
vt 0.0000 0.0000
vt 0.0000 0.0000
vt 0.0000 0.0000
vt 0.0000 0.0000
vt 0.0000 0.0000
vt 0.0000 0.0000
vt 0.0000 0.0000
vt 0.0000 0.0000
vt 0.0000 0.0000
vt 0.0000 0.0000
vt 0.0000 0.0000
vt 0.0000 0.0000
vt 0.0000 0.0000
vt 0.0000 0.0000
vt 0.0000 0.0000
vt 0.0000 0.0000
vt 0.0000 0.0000
vt 0.0000 0.0000
vt 0.0000 0.0000
vt 0.0000 0.0000
vt 0.0000 0.0000
vt 0.0000 0.0000
vt 0.0000 0.0000
vt 0.0000 0.0000
vt 0.0000 0.0000
vt 0.0000 0.0000
vt 0.0000 0.0000
vt 0.0000 0.0000
vt 0.0000 0.0000
vt 0.0000 0.0000
vt 0.0000 0.0000
vt 0.0000 0.0000
vt 0.0000 0.0000
vt 0.0000 0.0000
vt 0.0000 0.0000
vt 0.0000 0.0000
vt 0.0000 0.0000
vt 0.0000 0.0000
vt 0.0000 0.0000
vt 0.0000 0.0000
vt 0.0000 0.0000
vt 0.0000 0.0000
vt 0.0000 0.0000
vt 0.0000 0.0000
vt 0.0000 0.0000
vt 0.0000 0.0000
vt 0.0000 0.0000
vt 0.0000 0.0000
vt 0.0000 0.0000
vt 0.0000 0.0000
vt 0.0000 0.0000
vt 0.0000 0.0000
vt 0.0000 0.0000
vt 0.0000 0.0000
vt 0.0000 0.0000
vt 0.0000 0.0000
vt 0.0000 0.0000
vt 0.0000 0.0000
vt 0.0000 0.0000
vn -0.9704 -0.0626 -0.2334
vn -0.9480 -0.2137 -0.2357
vn -0.9697 -0.0652 -0.2356
vn -0.9964 -0.0667 -0.0532
vn -0.9975 -0.0668 0.0227
vn -0.9976 -0.0660 0.0230
vn -0.9747 -0.2223 0.0231
vn -0.9744 -0.2235 0.0235
vn -0.9192 -0.3931 0.0235
vn -0.9197 -0.3919 0.0231
vn -0.3714 -0.8984 -0.2344
vn -0.5065 -0.8297 -0.2348
vn -0.5202 -0.8524 -0.0533
vn -0.6499 -0.7581 -0.0533
vn -0.7592 -0.6487 -0.0532
vn -0.8453 -0.5316 -0.0532
vn -0.9187 -0.3915 -0.0532
vn -0.9186 -0.3915 -0.0532
vn -0.9733 -0.2233 -0.0532
vn -0.9733 -0.2232 -0.0532
vn -0.5059 -0.8299 -0.2352
vn -0.6325 -0.7380 -0.2352
vn -0.6330 -0.7377 -0.2348
vn -0.7390 -0.6316 -0.2345
vn -0.7398 -0.6309 -0.2336
vn -0.8232 -0.5175 -0.2334
vn -0.8214 -0.5194 -0.2355
vn -0.8941 -0.3808 -0.2357
vn -0.8919 -0.3840 -0.2390
vn -0.9464 -0.2173 -0.2390
vn 0.0140 -0.0028 0.9999
vn 0.0119 -0.0069 0.9999
vn 0.0171 -0.0081 0.9998
vn 0.0134 -0.0131 0.9998
vn 0.0104 -0.0130 0.9999
vn 0.0123 -0.0111 0.9999
vn 0.0686 -0.0591 0.9959
vn 0.0783 -0.0460 0.9959
vn 0.0837 -0.0525 0.9951
vn 0.0908 -0.0389 0.9951
vn 0.0062 -0.0022 1.0000
vn 0.0063 -0.0018 1.0000
vn 0.0130 -0.0059 0.9999
vn 0.0136 -0.0014 0.9999
vn 0.0704 -0.0620 0.9956
vn 0.0607 -0.0716 0.9956
vn 0.0613 -0.0731 0.9954
vn 0.7866 -0.4956 0.3684
vn 0.7068 -0.6037 0.3687
vn 0.7070 -0.6032 0.3692
vn 0.6050 -0.7052 0.3696
vn 0.6047 -0.7053 0.3699
vn 0.4839 -0.7931 0.3699
vn 0.0498 -0.0796 0.9956
vn 0.0501 -0.0812 0.9954
vn 0.0085 -0.0128 0.9999
vn 0.0092 -0.0123 0.9999
vn 0.0096 -0.0137 0.9999
vn -0.0280 0.0323 0.9991
vn -0.0291 0.0328 0.9990
vn -0.0222 0.0379 0.9990
vn 0.4838 -0.7933 0.3696
vn 0.3557 -0.8586 0.3692
vn 0.0372 -0.0861 0.9956
vn 0.0350 -0.0836 0.9959
vn 0.0068 -0.0151 0.9999
vn 0.0083 -0.0168 0.9998
vn 0.0024 -0.0188 0.9998
vn -0.0220 0.0366 0.9991
vn -0.0155 0.0400 0.9991
vn 0.3553 -0.8590 0.3687
vn 0.2283 -0.9012 0.3684
vn 0.2293 -0.9004 0.3698
vn 0.0835 -0.9253 0.3700
vn 0.0854 -0.9242 0.3723
vn -0.0834 -0.9243 0.3724
vn -0.0855 -0.9251 0.3701
vn -0.2293 -0.9004 0.3698
vn 0.0101 0.0471 0.9988
vn 0.0011 0.0486 0.9988
vn 0.0078 0.0617 0.9981
vn -0.0023 0.0617 0.9981
vn -0.0065 0.0477 0.9988
vn -0.0101 0.0471 0.9988
vn -0.0114 0.0378 0.9992
vn -0.0155 0.0364 0.9992
vn 0.0114 0.0378 0.9992
vn 0.0142 0.0369 0.9992
vn 0.0167 0.0394 0.9991
vn 0.0220 0.0366 0.9991
vn 0.0222 0.0379 0.9990
vn 0.0291 0.0328 0.9990
vn -0.6050 -0.7052 0.3696
vn -0.6047 -0.7053 0.3699
vn -0.4839 -0.7931 0.3699
vn -0.4838 -0.7933 0.3696
vn -0.3552 -0.8588 0.3692
vn -0.3557 -0.8588 0.3687
vn -0.2283 -0.9012 0.3684
vn 0.0280 0.0323 0.9991
vn -0.0506 -0.0809 0.9954
vn -0.0618 -0.0728 0.9954
vn -0.0603 -0.0719 0.9956
vn -0.0704 -0.0620 0.9956
vn -0.7067 -0.6036 0.3692
vn -0.7071 -0.6034 0.3687
vn 0.0333 0.0271 0.9991
vn 0.0299 0.0260 0.9992
vn 0.0324 0.0225 0.9992
vn 0.0417 0.0241 0.9988
vn -0.0686 -0.0591 0.9959
vn -0.0134 -0.0131 0.9998
vn -0.0171 -0.0081 0.9998
vn -0.0119 -0.0069 0.9999
vn -0.0768 -0.0481 0.9959
vn -0.0849 -0.0502 0.9951
vn -0.7866 -0.4956 0.3684
vn -0.7854 -0.4963 0.3698
vn -0.8542 -0.3653 0.3700
vn -0.8525 -0.3668 0.3723
vn -0.9048 -0.2063 0.3724
vn -0.0140 -0.0028 0.9999
vn -0.0062 -0.0022 1.0000
vn -0.0908 -0.0389 0.9951
vn -0.1040 -0.0402 0.9938
vn -0.1078 -0.0286 0.9938
vn -0.0963 -0.0219 0.9951
vn -0.0063 -0.0018 1.0000
vn -0.0130 -0.0059 0.9999
vn -0.0137 -0.0014 0.9999
vn -0.0186 -0.0035 0.9998
vn -0.0185 0.0027 0.9998
vn -0.0165 0.0017 0.9999
vn -0.0160 0.0044 0.9999
vn -0.0912 0.0222 0.9956
vn -0.0147 0.0046 0.9999
vn -0.0926 0.0231 0.9954
vn -0.0883 0.0362 0.9954
vn -0.0144 0.0054 0.9999
vn -0.0158 0.0054 0.9999
vn -0.0143 0.0083 0.9999
vn -0.0166 0.0087 0.9998
vn -0.0130 0.0138 0.9998
vn -0.8577 0.3572 0.3699
vn -0.0871 0.0351 0.9956
vn -0.0807 0.0478 0.9956
vn -0.0774 0.0470 0.9959
vn -0.0695 0.0582 0.9959
vn -0.0102 0.0091 0.9999
vn -0.0070 0.0124 0.9999
vn -0.0040 0.0052 1.0000
vn -0.0037 0.0055 1.0000
vn -0.0506 0.0848 0.9951
vn -0.8577 0.3575 0.3696
vn -0.7924 0.4856 0.3692
vn -0.7923 0.4861 0.3687
vn -0.7144 0.5949 0.3684
vn -0.0740 0.0653 0.9951
vn -0.0651 0.0743 0.9951
vn -0.0704 0.0864 0.9938
vn -0.0605 0.0936 0.9938
vn -0.4758 0.7968 0.3724
vn -0.4746 0.7986 0.3701
vn -0.3437 0.8632 0.3698
vn -0.3451 0.8633 0.3684
vn -0.2170 0.9039 0.3687
vn -0.6123 0.6975 0.3723
vn -0.6114 0.6995 0.3700
vn -0.7147 0.5936 0.3698
vn 0.0426 -0.0037 0.9991
vn 0.0416 -0.0096 0.9991
vn 0.0429 -0.0094 0.9990
vn 0.0402 -0.0176 0.9990
vn 0.0393 -0.0166 0.9991
vn 0.0360 -0.0233 0.9991
vn 0.0340 -0.0204 0.9992
vn 0.0315 -0.0239 0.9992
vn 0.0358 -0.0322 0.9988
vn 0.0333 -0.0347 0.9988
vn 0.0433 0.0209 0.9988
vn 0.0580 0.0213 0.9981
vn 0.0611 0.0116 0.9981
vn 0.0465 0.0139 0.9988
vn 0.0479 0.0050 0.9988
vn 0.0395 0.0008 0.9992
vn 0.0395 -0.0021 0.9992
vn -0.9265 0.0725 0.3692
vn -0.9040 0.2149 0.3696
vn -0.9038 0.2152 0.3699
vn -0.9062 -0.2046 0.3701
vn -0.9272 -0.0602 0.3698
vn -0.9276 -0.0614 0.3684
vn -0.9267 0.0730 0.3687
vn -0.0934 0.0088 0.9956
vn -0.0903 0.0075 0.9959
vn -0.0904 -0.0088 0.9959
vn -0.0986 -0.0067 0.9951
vn -0.0682 -0.8512 -0.5204
vn 0.0682 -0.8512 -0.5204
vn -0.2334 -0.9724 -0.0063
vn -0.0804 -0.9967 -0.0063
vn -0.0804 -0.9967 -0.0061
vn 0.0804 -0.9967 -0.0061
vn 0.1988 -0.8308 -0.5198
vn 0.2323 -0.9682 -0.0932
vn 0.3701 -0.9243 -0.0931
vn 0.3184 -0.7930 -0.5195
vn 0.3183 -0.7930 -0.5195
vn 0.1988 -0.8308 -0.5199
vn 0.2333 -0.9724 -0.0063
vn 0.0804 -0.9967 -0.0063
vn 0.2334 -0.9724 -0.0060
vn 0.3703 -0.9242 -0.0932
vn 0.5116 -0.8542 -0.0932
vn 0.3716 -0.9284 -0.0060
vn 0.3712 -0.9285 -0.0074
vn 0.5128 -0.8585 -0.0075
vn 0.5134 -0.8581 -0.0102
vn 0.6574 -0.7534 -0.0102
vn 0.5609 -0.6445 -0.5197
vn 0.6558 -0.5478 -0.5195
vn 0.7287 -0.4458 -0.5199
vn 0.8490 -0.5201 -0.0932
vn 0.5608 -0.6444 -0.5198
vn 0.8491 -0.5200 -0.0932
vn 0.7647 -0.6376 -0.0931
vn 0.7646 -0.6378 -0.0932
vn 0.6545 -0.7503 -0.0932
vn 0.6543 -0.7505 -0.0933
vn 0.5113 -0.8543 -0.0933
vn 0.4396 -0.7325 -0.5198
vn 0.4396 -0.7326 -0.5197
vn 0.7647 -0.6376 0.0931
vn 0.7646 -0.6378 0.0932
vn 0.6545 -0.7503 0.0932
vn 0.6543 -0.7505 0.0933
vn 0.5113 -0.8543 0.0933
vn 0.5116 -0.8542 0.0932
vn 0.3701 -0.9243 0.0932
vn 0.3703 -0.9242 0.0931
vn 0.2323 -0.9682 0.0932
vn 0.2322 -0.9682 0.0932
vn 0.0682 -0.8512 0.5204
vn 0.1988 -0.8308 0.5198
vn 0.1988 -0.8308 0.5199
vn 0.3184 -0.7930 0.5195
vn 0.3183 -0.7930 0.5195
vn 0.4396 -0.7326 0.5197
vn 0.4396 -0.7325 0.5198
vn 0.5608 -0.6444 0.5198
vn 0.5609 -0.6445 0.5197
vn 0.6558 -0.5478 0.5195
vn 0.7684 -0.6400 0.0060
vn 0.7681 -0.6403 0.0074
vn 0.6580 -0.7530 0.0075
vn 0.6574 -0.7534 0.0102
vn 0.5128 -0.8585 0.0102
vn 0.5134 -0.8581 0.0075
vn 0.3712 -0.9285 0.0074
vn 0.3716 -0.9284 0.0060
vn 0.2334 -0.9724 0.0060
vn 0.2333 -0.9724 0.0063
vn 0.9978 0.0661 0.0075
vn 0.9978 0.0665 0.0060
vn 0.9969 -0.0785 0.0060
vn 0.9969 -0.0786 0.0063
vn 0.9728 -0.2316 0.0063
vn 0.9728 -0.2315 0.0061
vn 0.9231 -0.3845 0.0061
vn 0.9231 -0.3845 0.0063
vn 0.8526 -0.5225 0.0063
vn 0.8527 -0.5224 0.0060
vn 0.7287 -0.4458 0.5199
vn 0.7287 -0.4458 0.5198
vn 0.7884 -0.3279 0.5204
vn 0.8306 -0.1981 0.5204
vn 0.8516 -0.0676 0.5198
vn 0.8516 -0.0677 0.5199
vn 0.8525 0.0577 0.5195
vn 0.9934 0.0663 0.0932
vn 0.9934 0.0665 0.0931
vn 0.9926 -0.0783 0.0932
vn 0.9926 -0.0784 0.0932
vn 0.9686 -0.2306 0.0934
vn 0.9191 -0.3828 0.0934
vn 0.9191 -0.3827 0.0934
vn 0.8490 -0.5201 0.0932
vn 0.8491 -0.5200 0.0932
vn 0.9934 0.0665 -0.0932
vn 0.9934 0.0663 -0.0931
vn 0.8525 0.0577 -0.5195
vn 0.8516 -0.0677 -0.5199
vn 0.8516 -0.0676 -0.5198
vn 0.9926 -0.0783 -0.0932
vn 0.9926 -0.0784 -0.0932
vn 0.9686 -0.2306 -0.0934
vn 0.9191 -0.3827 -0.0934
vn 0.9191 -0.3828 -0.0934
vn 0.8306 -0.1981 -0.5204
vn 0.9728 -0.2315 -0.0061
vn 0.9728 -0.2316 -0.0063
vn 0.9969 -0.0786 -0.0063
vn 0.9969 -0.0785 -0.0060
vn 0.9978 0.0665 -0.0060
vn 0.9978 0.0661 -0.0074
vn 0.9231 -0.3845 -0.0061
vn 0.9231 -0.3845 -0.0063
vn 0.7884 -0.3279 -0.5204
vn 0.7287 -0.4458 -0.5198
vn 0.8527 -0.5224 -0.0060
vn 0.7681 -0.6403 -0.0060
vn 0.7684 -0.6400 -0.0074
vn 0.6580 -0.7530 -0.0075
vn 0.8526 -0.5225 -0.0063
vn 0.2124 -0.0790 0.9740
vn 0.8741 -0.2881 0.3910
vn 0.3768 -0.8070 0.4547
vn 0.3769 -0.8068 0.4550
vn 0.2289 -0.0495 0.9722
vn 0.2330 -0.0581 0.9707
vn 0.2127 -0.0792 0.9739
vn 0.0051 -0.0119 0.9999
vn 0.0000 -0.0156 0.9999
vn -0.0051 -0.0119 0.9999
vn -0.2124 -0.0790 0.9740
vn 0.1579 0.1620 0.9741
vn -0.2128 -0.0791 0.9739
vn -0.8740 -0.2881 0.3913
vn -0.7658 0.4399 0.4690
vn -0.7658 0.4399 0.4691
vn -0.2167 -0.1073 0.9703
vn -0.2095 -0.1149 0.9710
vn -0.0346 -0.2444 0.9690
vn -0.0345 -0.3095 0.9503
vn -0.1262 -0.3519 0.9275
vn 0.0000 -0.4146 0.9100
vn 0.0000 0.6493 0.7605
vn 0.6669 0.3085 0.6783
vn 0.6715 0.3122 0.6720
vn 0.0345 -0.2917 0.9559
vn -0.6677 0.3078 0.6778
vn 0.0000 0.6494 0.7605
vn 0.0000 -0.2499 0.9683
vn 0.0123 -0.2592 0.9657
vn 0.0123 -0.2741 0.9616
vn 0.6496 -0.6091 0.4549
vn 0.6497 -0.6091 0.4548
vn -0.0252 -0.2491 0.9681
vn 0.0000 -0.2368 0.9716
vn 0.0252 -0.2491 0.9681
vn -0.6497 -0.6091 0.4549
vn -0.6711 0.3134 0.6719
vn -0.0123 -0.2592 0.9657
vn -0.0122 -0.2741 0.9616
vn -0.0000 -0.2833 0.9590
vn -0.0000 -0.9240 0.3825
vn -0.0000 -0.9239 0.3826
vn -0.6496 -0.6091 0.4549
vn -0.5002 -0.5564 0.6635
vn -0.5032 -0.5571 0.6606
vn 0.2302 -0.0977 0.9682
vn 0.2443 -0.1023 0.9643
vn 0.2567 -0.0932 0.9620
vn 0.8740 -0.2881 0.3912
vn 0.7658 0.4400 0.4689
vn 0.2167 -0.1073 0.9703
vn 0.2095 -0.1149 0.9710
vn 0.0346 -0.2444 0.9690
vn 0.7657 0.4399 0.4692
vn 0.2516 -0.0787 0.9646
vn 0.2698 -0.1333 0.9536
vn 0.2823 -0.2274 0.9320
vn -0.1028 0.7295 0.6762
vn -0.1010 0.7248 0.6815
vn 0.2375 -0.0741 0.9686
vn 0.2251 -0.0832 0.9708
vn -0.6296 0.1970 0.7515
vn -0.6274 0.1959 0.7537
vn 0.3602 -0.1269 0.9242
vn 0.3743 -0.1336 0.9176
vn 0.4898 0.1215 0.8633
vn 0.4937 0.0849 0.8655
vn 0.4909 0.0866 0.8669
vn 0.4914 0.0964 0.8656
vn 0.5793 0.0221 0.8148
vn 0.5903 0.0847 0.8027
vn 0.5888 0.0872 0.8036
vn 0.4762 0.0953 0.8742
vn 0.3429 -0.0212 0.9391
vn 0.2730 -0.0631 0.9599
vn 0.8093 0.5649 0.1607
vn -0.2732 0.6344 0.7231
vn 0.5101 0.1411 0.8484
vn 0.8126 0.5713 0.1154
vn 0.9939 0.0169 0.1094
vn 0.5228 0.1526 0.8387
vn 0.5163 0.1694 0.8395
vn 0.5000 0.1695 0.8493
vn -0.2574 0.6246 0.7373
vn -0.3648 -0.0228 0.9308
vn -0.4545 0.0212 0.8905
vn -0.4492 -0.0480 0.8922
vn -0.4666 -0.0391 0.8836
vn -0.4441 -0.1489 0.8835
vn -0.4924 -0.1306 0.8605
vn -0.4720 -0.1927 0.8603
vn 0.4961 0.1184 0.8601
vn 0.4741 0.1799 0.8619
vn 0.4504 0.1121 0.8858
vn 0.5106 0.1769 0.8414
vn 0.4435 0.1748 0.8791
vn 0.9892 0.0289 0.1438
vn 0.1919 -0.7041 0.6837
vn 0.5098 0.1429 0.8484
vn 0.5237 0.1433 0.8398
vn 0.4316 0.1594 0.8878
vn -0.3904 -0.2522 0.8854
vn -0.4399 -0.1446 0.8863
vn 0.4430 0.1428 0.8851
vn 0.4441 0.1396 0.8851
vn -0.3790 -0.2302 0.8963
vn -0.3389 -0.2937 0.8938
vn -0.2904 -0.2044 0.9348
vn 0.2181 -0.6797 0.7003
vn 0.5320 0.2580 0.8065
vn 0.5349 0.2688 0.8010
vn 0.4894 0.3118 0.8144
vn 0.4620 0.1966 0.8648
vn 0.4557 0.2045 0.8664
vn 0.4592 0.2131 0.8624
vn 0.4725 0.1896 0.8607
vn 0.3693 -0.6561 0.6582
vn 0.1515 0.1776 0.9724
vn 0.1602 0.1897 0.9687
vn 0.1554 0.2041 0.9665
vn 0.5393 0.7385 0.4047
vn -0.1915 0.8580 0.4766
vn 0.1599 0.1527 0.9753
vn 0.1930 0.1993 0.9607
vn 0.4979 0.1780 0.8488
vn -0.0032 -0.0059 1.0000
vn 0.0032 -0.0059 1.0000
vn 0.1286 0.1670 0.9775
vn 0.1283 0.1667 0.9776
vn 0.5393 0.7385 0.4046
vn 0.8790 0.0920 0.4679
vn 0.8788 0.0920 0.4682
vn 0.1158 0.1916 0.9746
vn 0.1071 0.1931 0.9753
vn -0.1071 0.1931 0.9753
vn -0.8788 0.0920 0.4682
vn -0.8790 0.0920 0.4679
vn -0.1158 0.1916 0.9746
vn -0.1286 0.1670 0.9775
vn -0.1284 0.1667 0.9776
vn -0.1564 0.1623 0.9743
vn 0.1915 0.8579 0.4768
vn 0.7330 0.1312 0.6675
vn -0.1313 0.1920 0.9726
vn -0.1401 0.2040 0.9689
vn -0.1553 0.2042 0.9665
vn -0.5393 0.7386 0.4046
vn -0.5393 0.7385 0.4048
vn 0.1915 0.8580 0.4767
vn -0.3769 -0.8070 0.4546
vn -0.2319 -0.0593 0.9709
vn -0.2305 -0.0500 0.9718
vn -0.1609 0.1540 0.9749
vn -0.1863 0.1897 0.9640
vn 0.7320 0.1316 0.6684
vn 0.3917 -0.5469 0.7399
vn -0.1362 0.1775 0.9747
vn -0.1515 0.1776 0.9724
vn -0.1602 0.1897 0.9687
vn -0.3768 -0.8068 0.4551
vn -0.2443 -0.1023 0.9643
vn -0.3692 -0.6561 0.6582
vn 0.3921 -0.5478 0.7390
vn -0.2125 0.2829 0.9353
vn -0.2558 0.1968 0.9465
vn -0.4520 0.1828 0.8731
vn -0.5011 0.1688 0.8488
vn -0.9937 0.0221 0.1097
vn -0.8090 0.5764 0.1153
vn -0.5163 0.1695 0.8395
vn -0.9887 0.0241 0.1482
vn -0.5228 0.1526 0.8387
vn -0.2095 0.2773 0.9377
vn -0.4323 0.1594 0.8875
vn -0.5243 0.1433 0.8394
vn -0.5097 0.1429 0.8484
vn -0.2119 -0.6756 0.7061
vn -0.2023 -0.7018 0.6831
vn -0.5327 0.2709 0.8018
vn -0.5342 0.2604 0.8042
vn -0.4892 0.3119 0.8145
vn -0.4618 0.1965 0.8649
vn 0.2904 -0.2044 0.9348
vn 0.3387 -0.2935 0.8939
vn 0.3787 -0.2301 0.8965
vn -0.4589 0.2130 0.8626
vn -0.4723 0.1894 0.8608
vn -0.4554 0.2044 0.8665
vn -0.5002 0.1695 0.8492
vn -0.5110 0.1771 0.8412
vn 0.4540 0.0211 0.8908
vn 0.4487 -0.0480 0.8924
vn -0.4933 0.0848 0.8657
vn -0.4893 0.1216 0.8636
vn -0.4439 0.1396 0.8851
vn -0.4429 0.1428 0.8851
vn 0.4399 -0.1445 0.8863
vn 0.3903 -0.2524 0.8854
vn 0.4719 -0.1926 0.8604
vn -0.4966 0.1185 0.8598
vn -0.4746 0.1799 0.8616
vn -0.4511 0.1126 0.8853
vn 0.4667 -0.0387 0.8836
vn 0.4441 -0.1489 0.8835
vn 0.4922 -0.1306 0.8606
vn -0.4906 0.0866 0.8671
vn -0.4910 0.0963 0.8658
vn -0.5789 0.0221 0.8151
vn -0.5901 0.0858 0.8028
vn -0.5875 0.0876 0.8045
vn 0.2559 0.6292 0.7339
vn 0.2799 0.6316 0.7230
vn -0.8134 0.5606 0.1554
vn -0.4625 0.0964 0.8814
vn -0.5136 0.1304 0.8481
vn 0.3647 -0.0228 0.9308
vn -0.2865 -0.0673 0.9557
vn -0.3400 -0.0079 0.9404
vn 0.5027 -0.5574 0.6608
vn 0.5007 -0.5560 0.6634
vn -0.2302 -0.0977 0.9682
vn -0.2251 -0.0832 0.9708
vn 0.6274 0.1962 0.7536
vn 0.6300 0.1967 0.7513
vn -0.3761 -0.1320 0.9171
vn -0.3601 -0.1291 0.9239
vn -0.4135 -0.4363 0.7992
vn -0.3391 -0.3949 0.8538
vn -0.2939 -0.2163 0.9310
vn -0.2542 -0.1286 0.9586
vn 0.1003 0.7254 0.6810
vn 0.1038 0.7294 0.6761
vn -0.2375 -0.0741 0.9686
vn -0.2516 -0.0787 0.9646
vn -0.2567 -0.0932 0.9620
vn -0.8742 -0.2881 0.3909
vn -0.1632 -0.5442 0.8230
vn -0.2781 -0.5329 0.7992
vn -0.2781 -0.5328 0.7992
vn -0.2558 -0.4379 0.8619
vn -0.3014 -0.4751 0.8267
vn -0.3408 -0.4465 0.8273
vn 0.5837 -0.3927 0.7107
vn -0.3429 -0.9303 0.1303
vn -0.3416 -0.9369 0.0745
vn -0.7926 -0.6048 0.0779
vn -0.7758 -0.6174 0.1303
vn -0.5266 0.4266 0.7353
vn -0.5205 0.4514 0.7248
vn 0.1315 0.3514 0.9269
vn -0.2241 -0.3662 0.9031
vn -0.1677 -0.3792 0.9100
vn -0.2849 -0.4571 0.8426
vn -0.3034 -0.3832 0.8724
vn -0.3178 -0.4750 0.8206
vn -0.3127 -0.4616 0.8301
vn -0.3271 -0.4723 0.8185
vn -0.3404 -0.4619 0.8190
vn -0.3347 -0.4451 0.8306
vn -0.3458 -0.4538 0.8212
vn 0.1173 0.4461 0.8873
vn 0.1894 0.4161 0.8894
vn 0.1838 0.4489 0.8745
vn 0.2810 0.3941 0.8751
vn -0.2643 -0.4137 0.8712
vn -0.3380 -0.4173 0.8436
vn 0.2785 0.4352 0.8562
vn 0.3322 0.3962 0.8560
vn 0.2893 0.3847 0.8765
vn 0.3734 0.3071 0.8754
vn 0.3377 0.3014 0.8917
vn 0.3897 0.2400 0.8891
vn 0.2955 0.2231 0.9289
vn 0.5934 -0.3922 0.7029
vn -0.1779 -0.3179 0.9313
vn -0.1818 -0.3162 0.9311
vn -0.1811 -0.2425 0.9531
vn -0.1718 -0.2493 0.9531
vn -0.2457 -0.2741 0.9298
vn -0.2440 -0.2760 0.9297
vn -0.3009 -0.2847 0.9102
vn -0.2716 -0.3342 0.9025
vn -0.4607 -0.3311 0.8235
vn -0.4165 -0.4349 0.7984
vn 0.7414 -0.6259 -0.2418
vn 0.7483 -0.6289 -0.2109
vn 0.9179 -0.2976 -0.2625
vn 0.9167 -0.2955 -0.2689
vn 0.9745 0.0846 -0.2078
vn 0.9704 0.0999 -0.2200
vn -0.3536 -0.9046 -0.2380
vn -0.3541 -0.9083 -0.2227
vn 0.0001 -0.9614 -0.2750
vn 0.0000 -0.9615 -0.2747
vn 0.3470 -0.9108 -0.2238
vn 0.3595 -0.9029 -0.2358
vn -0.9705 0.0934 -0.2224
vn -0.9741 0.0926 -0.2065
vn -0.9160 -0.2971 -0.2694
vn -0.9184 -0.2961 -0.2624
vn -0.7566 -0.6181 -0.2132
vn -0.7346 -0.6356 -0.2374
vn -0.1734 0.9614 -0.2135
vn -0.1769 0.9668 -0.1845
vn -0.5681 0.7829 -0.2537
vn -0.5679 0.7844 -0.2494
vn -0.8467 0.4964 -0.1916
vn -0.8587 0.4610 -0.2238
vn 0.8499 0.4740 -0.2303
vn 0.8559 0.4815 -0.1886
vn 0.5686 0.7838 -0.2497
vn 0.5673 0.7836 -0.2532
vn 0.1898 0.9639 -0.1869
vn 0.1624 0.9644 -0.2089
vn 0.1040 -0.0402 0.9938
vn 0.1077 -0.0286 0.9938
vn 0.0963 -0.0219 0.9951
vn 0.0982 -0.0093 0.9951
vn 0.0904 -0.0062 0.9959
vn 0.0903 0.0075 0.9959
vn 0.0934 0.0088 0.9956
vn 0.0911 0.0228 0.9956
vn 0.0927 0.0226 0.9954
vn 0.0186 -0.0035 0.9998
vn 0.0185 0.0027 0.9998
vn 0.0165 0.0017 0.9999
vn 0.0159 0.0049 0.9999
vn 0.0148 0.0041 0.9999
vn 0.0145 0.0049 0.9999
vn 0.0166 0.0087 0.9998
vn 0.0143 0.0083 0.9999
vn 0.0155 0.0059 0.9999
vn 0.0868 0.0356 0.9956
vn 0.0885 0.0357 0.9954
vn 0.8577 0.3571 0.3699
vn 0.9038 0.2152 0.3699
vn 0.9040 0.2149 0.3696
vn 0.9265 0.0729 0.3692
vn 0.9267 0.0725 0.3687
vn -0.0429 -0.0094 0.9990
vn -0.0402 -0.0176 0.9990
vn 0.8577 0.3575 0.3696
vn 0.7922 0.4860 0.3692
vn -0.0393 -0.0166 0.9991
vn -0.0367 -0.0220 0.9991
vn -0.0331 -0.0215 0.9992
vn -0.0315 -0.0239 0.9992
vn -0.0358 -0.0322 0.9988
vn -0.0294 -0.0386 0.9988
vn 0.2174 0.9038 0.3687
vn -0.0110 -0.0415 0.9991
vn -0.0089 -0.0386 0.9992
vn -0.0130 -0.0373 0.9992
vn -0.0195 -0.0440 0.9988
vn -0.0276 -0.0399 0.9988
vn -0.0300 -0.0545 0.9981
vn -0.0426 -0.0453 0.9981
vn 0.6129 0.6981 0.3701
vn 0.7147 0.5936 0.3698
vn 0.3437 0.8632 0.3698
vn 0.4746 0.7986 0.3701
vn 0.4758 0.7968 0.3724
vn 0.6108 0.6988 0.3724
vn 0.0704 0.0864 0.9938
vn 0.0651 0.0743 0.9951
vn 0.0040 0.0052 1.0000
vn 0.0070 0.0124 0.9999
vn 0.0102 0.0091 0.9999
vn 0.0130 0.0138 0.9998
vn 0.0605 0.0936 0.9938
vn 0.0506 0.0848 0.9951
vn 0.0037 0.0055 1.0000
vn 0.0096 0.0105 0.9999
vn 0.0055 0.0126 0.9999
vn 0.0091 0.0166 0.9998
vn 0.0031 0.0185 0.9998
vn 0.0034 0.0162 0.9999
vn 0.0003 0.0167 0.9999
vn 0.0007 0.0153 0.9999
vn 0.3450 0.8633 0.3684
vn 0.0392 0.0905 0.9951
vn 0.0338 0.0841 0.9959
vn 0.0208 0.0882 0.9959
vn -0.0369 0.0917 0.9951
vn -0.0363 0.0833 0.9959
vn -0.0208 0.0882 0.9959
vn -0.0205 0.0916 0.9956
vn -0.0071 0.0936 0.9956
vn -0.0066 0.0952 0.9954
vn 0.0072 0.0952 0.9954
vn 0.0065 0.0937 0.9956
vn 0.0205 0.0916 0.9956
vn 0.2169 0.9037 0.3692
vn -0.0002 0.0153 0.9999
vn -0.0008 0.0166 0.9999
vn -0.0034 0.0162 0.9999
vn -0.0031 0.0185 0.9998
vn -0.0091 0.0166 0.9998
vn -0.0055 0.0126 0.9999
vn -0.0096 0.0105 0.9999
vn 0.0381 -0.0486 0.9981
vn 0.0300 -0.0545 0.9981
vn 0.0276 -0.0399 0.9988
vn 0.0195 -0.0440 0.9988
vn 0.0130 -0.0373 0.9992
vn 0.0102 -0.0382 0.9992
vn -0.2174 0.9036 0.3692
vn -0.0749 0.9262 0.3696
vn -0.0746 0.9261 0.3699
vn 0.0746 0.9261 0.3699
vn 0.0749 0.9262 0.3696
vn -0.0043 -0.0437 0.9990
vn -0.0037 -0.0425 0.9991
vn 0.0043 -0.0437 0.9990
vn 0.0037 -0.0425 0.9991
vn 0.0096 -0.0417 0.9991
vn -0.0061 -0.1113 0.9938
vn 0.0061 -0.1113 0.9938
vn 0.0089 -0.0984 0.9951
vn 0.0215 -0.0963 0.9951
vn 0.0220 -0.0879 0.9959
vn 0.0029 -0.0134 0.9999
vn -0.0016 -0.0142 0.9999
vn 0.0002 -0.0066 1.0000
vn -0.0002 -0.0066 1.0000
vn -0.0089 -0.0984 0.9951
vn -0.0241 -0.0959 0.9951
vn -0.0196 -0.0887 0.9959
vn -0.0350 -0.0836 0.9959
vn -0.0372 -0.0861 0.9956
vn -0.0493 -0.0799 0.9956
vn 0.0016 -0.0142 0.9999
vn -0.0029 -0.0134 0.9999
vn -0.0024 -0.0188 0.9998
vn -0.0083 -0.0168 0.9998
vn -0.0067 -0.0151 0.9999
vn -0.0091 -0.0139 0.9999
vn -0.0089 -0.0125 0.9999
vn -0.0096 -0.0120 0.9999
vn -0.0100 -0.0133 0.9999
vn -0.0123 -0.0111 0.9999
vn -0.9714 0.2313 -0.0533
vn -0.9456 0.2247 -0.2352
vn -0.9456 0.2253 -0.2348
vn -0.9692 0.0756 -0.2344
vn -0.9693 0.0767 -0.2336
vn -0.9955 0.0786 -0.0532
vn -0.9966 0.0787 0.0228
vn -0.9967 0.0785 0.0228
vn -0.9726 0.2315 0.0229
vn -0.9726 0.2316 0.0229
vn -0.9229 0.3843 0.0229
vn -0.9218 0.3839 -0.0533
vn -0.8516 0.5215 -0.0532
vn -0.7668 0.6396 -0.0532
vn -0.6562 0.7527 -0.0532
vn -0.5131 0.8567 -0.0532
vn -0.4962 0.8356 -0.2357
vn -0.4991 0.8329 -0.2390
vn -0.6408 0.7296 -0.2390
vn -0.6384 0.7327 -0.2356
vn -0.7478 0.6207 -0.2355
vn -0.7466 0.6230 -0.2334
vn -0.8287 0.5087 -0.2336
vn -0.8291 0.5076 -0.2345
vn -0.8972 0.3741 -0.2348
vn -0.8973 0.3735 -0.2352
vn 0.2277 0.9453 -0.2336
vn 0.2266 0.9454 -0.2345
vn 0.0785 0.9689 -0.2348
vn 0.0779 0.9688 -0.2352
vn -0.0785 0.9688 -0.2352
vn -0.0779 0.9689 -0.2348
vn -0.2276 0.9451 -0.2344
vn -0.2266 0.9456 -0.2336
vn -0.3594 0.9035 -0.2334
vn -0.3616 0.9021 -0.2356
vn -0.3714 0.9270 -0.0532
vn -0.2329 0.9711 -0.0532
vn -0.0802 0.9954 -0.0533
vn 0.0802 0.9954 -0.0533
vn 0.2329 0.9710 -0.0532
vn -0.3718 0.9280 0.0227
vn -0.2331 0.9722 0.0228
vn -0.2334 0.9721 0.0228
vn -0.0804 0.9965 0.0229
vn -0.0803 0.9965 0.0229
vn 0.0803 0.9965 0.0229
vn 0.0804 0.9965 0.0229
vn 0.2331 0.9722 0.0228
vn 0.2334 0.9721 0.0228
vn 0.3718 0.9280 0.0227
vn 0.3714 0.9270 -0.0532
vn 0.5131 0.8567 -0.0532
vn 0.6562 0.7527 -0.0532
vn 0.7668 0.6396 -0.0532
vn 0.8516 0.5215 -0.0532
vn 0.3710 0.9283 0.0230
vn 0.5126 0.8583 0.0231
vn 0.5137 0.8577 0.0235
vn 0.6569 0.7536 0.0235
vn 0.6579 0.7527 0.0231
vn 0.7682 0.6397 0.0230
vn 0.7677 0.6404 0.0227
vn 0.8526 0.5221 0.0228
vn 0.8524 0.5223 0.0228
vn 0.9229 0.3844 0.0229
vn 0.9229 0.3843 0.0229
vn 0.9726 0.2316 0.0229
vn 0.9726 0.2315 0.0229
vn 0.9966 0.0787 0.0228
vn 0.9967 0.0785 0.0228
vn 0.9975 -0.0668 0.0227
vn 0.9976 -0.0660 0.0230
vn 0.9744 -0.2235 0.0231
vn 0.9747 -0.2223 0.0235
vn 0.9197 -0.3919 0.0235
vn 0.9218 0.3839 -0.0533
vn 0.9714 0.2313 -0.0533
vn 0.9955 0.0786 -0.0532
vn 0.9964 -0.0667 -0.0532
vn 0.9733 -0.2233 -0.0532
vn 0.9473 -0.2136 -0.2390
vn 0.9472 -0.2175 -0.2356
vn 0.9699 -0.0626 -0.2355
vn 0.9702 -0.0652 -0.2334
vn 0.9694 0.0756 -0.2336
vn 0.9691 0.0767 -0.2345
vn 0.9457 0.2247 -0.2348
vn 0.9455 0.2253 -0.2352
vn 0.8971 0.3740 -0.2352
vn 0.8974 0.3735 -0.2348
vn 0.9733 -0.2232 -0.0532
vn 0.9186 -0.3915 -0.0532
vn 0.8453 -0.5316 -0.0532
vn 0.8453 -0.5317 -0.0532
vn 0.7592 -0.6487 -0.0532
vn 0.6499 -0.7581 -0.0533
vn 0.5202 -0.8524 -0.0533
vn 0.9192 -0.3931 0.0231
vn 0.8458 -0.5330 0.0230
vn 0.8463 -0.5323 0.0227
vn 0.7600 -0.6495 0.0228
vn 0.7602 -0.6493 0.0228
vn 0.6507 -0.7590 0.0229
vn 0.5208 -0.8534 0.0229
vn 0.5207 -0.8534 0.0229
vn 0.3828 -0.9235 0.0228
vn 0.3824 -0.9225 -0.0532
vn 0.2444 -0.9682 -0.0532
vn 0.0884 -0.9947 -0.0532
vn 0.0885 -0.9947 -0.0532
vn -0.0884 -0.9947 -0.0532
vn -0.0885 -0.9947 -0.0532
vn -0.2444 -0.9682 -0.0532
vn -0.2403 -0.9422 -0.2334
vn -0.2377 -0.9423 -0.2356
vn -0.0897 -0.9677 -0.2357
vn -0.0858 -0.9672 -0.2390
vn 0.0896 -0.9669 -0.2390
vn 0.0858 -0.9680 -0.2356
vn 0.2401 -0.9417 -0.2355
vn 0.2378 -0.9429 -0.2334
vn 0.3714 -0.8986 -0.2336
vn 0.3724 -0.8980 -0.2345
vn -0.3824 -0.9225 -0.0532
vn -0.3828 -0.9235 0.0228
vn -0.3826 -0.9236 0.0228
vn -0.5207 -0.8534 0.0229
vn -0.8458 -0.5330 0.0230
vn -0.8463 -0.5323 0.0227
vn -0.7602 -0.6493 0.0228
vn -0.7600 -0.6495 0.0228
vn -0.6507 -0.7590 0.0229
vn -0.5208 -0.8534 0.0229
vn -0.3725 -0.8982 -0.2336
vn -0.6481 0.7558 -0.0934
vn -0.2455 0.9694 0.0060
vn -0.2451 0.9695 0.0074
vn -0.2086 0.8286 0.5195
vn -0.3275 0.7890 0.5199
vn -0.3812 0.9198 0.0932
vn -0.5186 0.8499 0.0934
vn -0.5186 0.8499 -0.0934
vn -0.4451 0.7287 -0.5204
vn -0.5208 0.8537 -0.0063
vn -0.3827 0.9239 -0.0063
vn -0.3828 0.9238 -0.0060
vn -0.3275 0.7890 -0.5198
vn -0.3275 0.7890 -0.5199
vn -0.3812 0.9198 -0.0932
vn -0.2439 0.9653 0.0931
vn -0.2085 0.8286 0.5195
vn -0.2451 0.9695 -0.0060
vn -0.2455 0.9694 -0.0074
vn -0.0898 0.9959 -0.0074
vn 0.2455 0.9694 -0.0074
vn 0.0898 0.9959 -0.0075
vn 0.0890 0.9960 -0.0102
vn -0.0890 0.9960 -0.0102
vn -0.0750 0.8510 -0.5197
vn -0.2086 0.8286 -0.5195
vn -0.2085 0.8287 -0.5195
vn -0.2439 0.9653 -0.0931
vn -0.2437 0.9654 -0.0932
vn -0.2437 0.9654 0.0932
vn 0.4451 0.7287 -0.5204
vn 0.3275 0.7890 -0.5198
vn 0.3275 0.7890 -0.5199
vn 0.2085 0.8287 -0.5195
vn 0.2086 0.8286 -0.5195
vn 0.0750 0.8510 -0.5197
vn 0.0749 0.8510 -0.5198
vn -0.0749 0.8510 -0.5198
vn -0.0885 0.9917 -0.0932
vn -0.0882 0.9917 -0.0933
vn 0.0885 0.9917 -0.0933
vn 0.0882 0.9917 -0.0932
vn 0.2437 0.9654 -0.0932
vn 0.2439 0.9653 -0.0931
vn 0.3812 0.9198 -0.0932
vn 0.5186 0.8499 -0.0934
vn -0.0882 0.9917 0.0933
vn 0.0885 0.9917 0.0933
vn 0.0882 0.9917 0.0932
vn 0.2439 0.9653 0.0932
vn 0.2437 0.9654 0.0931
vn 0.3811 0.9198 0.0932
vn 0.3812 0.9198 0.0932
vn 0.5186 0.8499 0.0934
vn 0.6481 0.7558 0.0934
vn -0.0885 0.9917 0.0932
vn -0.0749 0.8510 0.5198
vn 0.0750 0.8510 0.5198
vn 0.0749 0.8510 0.5197
vn 0.2086 0.8286 0.5195
vn 0.2085 0.8287 0.5195
vn 0.3275 0.7890 0.5199
vn 0.3275 0.7890 0.5198
vn 0.4451 0.7287 0.5204
vn -0.0750 0.8510 0.5197
vn -0.0890 0.9960 0.0102
vn 0.0898 0.9959 0.0102
vn 0.0890 0.9960 0.0075
vn 0.2455 0.9694 0.0074
vn 0.2451 0.9695 0.0060
vn 0.3827 0.9239 0.0060
vn 0.3828 0.9238 0.0063
vn 0.5208 0.8536 0.0063
vn 0.5208 0.8537 0.0061
vn -0.0898 0.9959 0.0075
vn 0.6509 0.7591 0.0061
vn 0.6509 0.7591 0.0063
vn 0.7604 0.6494 0.0063
vn 0.7603 0.6495 0.0060
vn 0.8461 0.5330 0.0060
vn 0.8463 0.5327 0.0074
vn 0.9195 0.3931 0.0075
vn 0.9197 0.3924 0.0102
vn 0.9749 0.2224 0.0102
vn 0.9748 0.2231 0.0075
vn 0.5555 0.6485 0.5204
vn 0.6492 0.5553 0.5198
vn 0.6492 0.5552 0.5199
vn 0.7236 0.4544 0.5195
vn 0.7862 0.3343 0.5197
vn 0.7862 0.3342 0.5198
vn 0.9158 0.3907 0.0932
vn 0.9159 0.3903 0.0933
vn 0.6480 0.7559 0.0934
vn 0.7570 0.6467 0.0932
vn 0.7569 0.6468 0.0932
vn 0.8427 0.5303 0.0931
vn 0.8428 0.5301 0.0932
vn 0.9159 0.3903 -0.0933
vn 0.9158 0.3907 -0.0932
vn 0.8428 0.5301 -0.0932
vn 0.8427 0.5303 -0.0931
vn 0.7569 0.6468 -0.0932
vn 0.7570 0.6467 -0.0932
vn 0.6480 0.7559 -0.0934
vn 0.6481 0.7558 -0.0934
vn 0.7237 0.4544 -0.5195
vn 0.6492 0.5552 -0.5199
vn 0.6492 0.5553 -0.5198
vn 0.5555 0.6485 -0.5204
vn 0.8463 0.5327 -0.0060
vn 0.7603 0.6495 -0.0060
vn 0.7604 0.6494 -0.0063
vn 0.6509 0.7591 -0.0063
vn 0.6509 0.7591 -0.0061
vn 0.5208 0.8537 -0.0061
vn 0.5208 0.8536 -0.0063
vn 0.3828 0.9238 -0.0063
vn 0.3827 0.9239 -0.0060
vn 0.2451 0.9695 -0.0060
vn 0.9749 0.2224 -0.0075
vn 0.9747 0.2231 -0.0102
vn 0.9197 0.3924 -0.0102
vn 0.9195 0.3931 -0.0075
vn 0.8461 0.5330 -0.0074
vn 0.8326 0.1917 -0.5197
vn 0.8325 0.1917 0.5198
vn 0.8326 0.1917 0.5197
vn 0.9705 0.2222 0.0933
vn 0.9704 0.2226 0.0932
vn 0.9704 0.2226 -0.0932
vn 0.9705 0.2222 -0.0933
vn 0.8325 0.1917 -0.5198
vn 0.7862 0.3342 -0.5198
vn 0.7862 0.3343 -0.5197
vn 0.7236 0.4544 -0.5195
vn -0.9231 -0.3845 -0.0063
vn -0.8526 -0.5225 -0.0060
vn -0.8527 -0.5224 -0.0063
vn -0.7287 -0.4458 -0.5199
vn -0.7287 -0.4458 -0.5198
vn -0.7884 -0.3279 -0.5204
vn -0.9231 -0.3845 -0.0061
vn -0.9728 -0.2316 -0.0061
vn -0.5134 -0.8581 -0.0102
vn -0.6580 -0.7529 -0.0102
vn -0.6575 -0.7534 -0.0075
vn -0.7684 -0.6399 -0.0074
vn -0.7681 -0.6403 -0.0060
vn -0.6558 -0.5478 -0.5195
vn -0.7647 -0.6376 -0.0931
vn -0.8490 -0.5201 -0.0932
vn -0.8491 -0.5200 -0.0932
vn -0.5609 -0.6444 -0.5198
vn -0.5609 -0.6445 -0.5197
vn -0.4396 -0.7325 -0.5198
vn -0.5113 -0.8543 -0.0933
vn -0.6545 -0.7503 -0.0933
vn -0.6543 -0.7505 -0.0932
vn -0.7646 -0.6378 -0.0932
vn -0.7646 -0.6378 0.0931
vn -0.8490 -0.5201 0.0932
vn -0.8491 -0.5200 0.0932
vn -0.9191 -0.3827 -0.0934
vn -0.9191 -0.3827 0.0934
vn -0.9191 -0.3828 0.0934
vn -0.7884 -0.3279 0.5204
vn -0.7287 -0.4458 0.5198
vn -0.7287 -0.4458 0.5199
vn -0.6558 -0.5478 0.5195
vn -0.5609 -0.6445 0.5197
vn -0.6580 -0.7529 0.0102
vn -0.6575 -0.7534 0.0075
vn -0.7684 -0.6399 0.0074
vn -0.7681 -0.6403 0.0060
vn -0.8526 -0.5225 0.0060
vn -0.8527 -0.5224 0.0063
vn -0.9231 -0.3845 0.0063
vn -0.9231 -0.3845 0.0061
vn -0.9728 -0.2316 0.0061
vn -0.9728 -0.2315 0.0063
vn -0.5609 -0.6444 0.5198
vn -0.4396 -0.7325 0.5198
vn -0.4396 -0.7326 0.5197
vn -0.3183 -0.7929 0.5195
vn -0.3183 -0.7930 0.5195
vn -0.1988 -0.8308 0.5199
vn -0.1988 -0.8308 0.5198
vn -0.0682 -0.8512 0.5204
vn 0.0804 -0.9967 0.0063
vn 0.0804 -0.9967 0.0061
vn -0.0804 -0.9967 0.0061
vn -0.0804 -0.9967 0.0063
vn -0.2334 -0.9724 0.0063
vn -0.2333 -0.9724 0.0060
vn -0.3712 -0.9285 0.0060
vn -0.3716 -0.9284 0.0074
vn -0.5128 -0.8585 0.0075
vn -0.5134 -0.8581 0.0102
vn 0.2274 0.0799 -0.9705
vn 0.2286 0.0838 -0.9699
vn 0.2252 0.0866 -0.9705
vn 0.1276 -0.1661 -0.9778
vn 0.1320 -0.1662 -0.9772
vn 0.1557 -0.0395 -0.9870
vn 0.2149 0.0760 -0.9737
vn 0.2117 0.0784 -0.9742
vn 0.2132 0.0825 -0.9735
vn 0.0970 0.1447 -0.9847
vn 0.0033 0.2383 -0.9712
vn 0.0000 0.2357 -0.9718
vn -0.0033 0.2383 -0.9712
vn -0.0970 0.1447 -0.9847
vn -0.2132 0.0825 -0.9735
vn -0.2117 0.0784 -0.9742
vn -0.2149 0.0760 -0.9737
vn -0.1557 -0.0395 -0.9870
vn -0.1320 -0.1662 -0.9772
vn -0.1276 -0.1661 -0.9778
vn -0.1263 -0.1700 -0.9773
vn -0.0000 -0.1518 -0.9884
vn 0.1264 -0.1700 -0.9773
vn -0.1384 -0.1804 -0.9738
vn -0.1398 -0.1768 -0.9743
vn -0.0067 -0.5116 -0.8592
vn 0.1340 -0.1808 -0.9744
vn 0.1380 -0.1806 -0.9738
vn 0.1396 -0.1765 -0.9743
vn 0.5124 -0.1494 -0.8456
vn 0.5069 -0.1648 -0.8461
vn 0.5299 -0.1625 -0.8324
vn 0.4716 -0.1139 -0.8744
vn 0.4060 -0.0332 -0.9133
vn 0.4463 -0.1683 -0.8789
vn 0.4619 -0.1241 -0.8782
vn 0.3542 -0.2011 -0.9133
vn 0.4637 -0.1741 -0.8687
vn 0.5348 -0.1703 -0.8276
vn -0.2956 0.2232 0.9289
vn 0.3010 -0.2847 0.9101
vn 0.2716 -0.3343 0.9025
vn 0.4606 -0.3312 0.8235
vn 0.4161 -0.4358 0.7981
vn 0.4122 -0.4358 0.8001
vn -0.5927 -0.3895 0.7049
vn -0.5811 -0.3966 0.7107
vn 0.3497 -0.9287 0.1235
vn 0.3284 -0.3890 0.8607
vn 0.3490 -0.4404 0.8272
vn 0.0000 -0.4149 0.9099
vn 0.1108 -0.3603 0.9262
vn 0.2588 -0.4510 0.8542
vn 0.3104 -0.4687 0.8270
vn 0.7876 -0.6112 0.0780
vn 0.3346 -0.9394 0.0743
vn 0.3270 -0.4723 0.8185
vn 0.3128 -0.4617 0.8300
vn 0.3178 -0.4751 0.8206
vn -0.3897 0.2401 0.8891
vn 0.7797 -0.6108 0.1380
vn 0.3403 -0.4619 0.8190
vn 0.5256 0.4512 0.7212
vn 0.5211 0.4329 0.7356
vn 0.2782 -0.5328 0.7992
vn 0.2779 -0.5330 0.7991
vn -0.3378 0.3015 0.8916
vn 0.2440 -0.2760 0.9297
vn 0.2458 -0.2740 0.9298
vn 0.1717 -0.2492 0.9531
vn 0.1810 -0.2425 0.9531
vn -0.2810 0.3941 0.8751
vn -0.1838 0.4489 0.8745
vn 0.2643 -0.4137 0.8712
vn 0.3459 -0.4539 0.8212
vn 0.3346 -0.4450 0.8306
vn -0.2895 0.3847 0.8765
vn -0.3735 0.3072 0.8753
vn 0.3034 -0.3832 0.8724
vn 0.2848 -0.4571 0.8426
vn 0.3380 -0.4173 0.8436
vn -0.2785 0.4352 0.8562
vn -0.3322 0.3962 0.8560
vn 0.1631 -0.5441 0.8230
vn 0.2241 -0.3661 0.9032
vn -0.1315 0.3513 0.9270
vn -0.1173 0.4460 0.8873
vn -0.1894 0.4161 0.8894
vn 0.1779 -0.3179 0.9313
vn 0.1817 -0.3162 0.9311
vn 0.1677 -0.3791 0.9100
vn 0.0002 0.2535 -0.9673
vn 0.0035 0.2513 -0.9679
vn 0.3326 0.4539 -0.8267
vn 0.3209 0.4628 -0.8264
vn 0.3461 0.4771 -0.8078
vn 0.3184 0.3789 -0.8689
vn 0.3080 0.2635 -0.9142
vn 0.2633 0.4087 -0.8739
vn 0.3059 0.3770 -0.8742
vn 0.1469 0.3769 -0.9146
vn 0.2500 0.4199 -0.8725
vn 0.3377 0.4774 -0.8112
vn -0.1339 -0.1806 -0.9744
vn 0.0069 -0.5116 -0.8592
vn -0.0051 -0.5381 -0.8429
vn -0.0289 -0.4790 -0.8773
vn -0.0844 -0.3932 -0.9155
vn -0.0413 -0.4247 -0.9044
vn 0.0319 -0.4311 -0.9017
vn 0.0847 -0.3928 -0.9157
vn 0.0288 -0.4791 -0.8773
vn 0.0052 -0.5378 -0.8431
vn -0.7927 0.4434 -0.4183
vn -0.8007 0.4347 -0.4123
vn -0.8169 0.4008 -0.4148
vn -0.8271 0.3885 -0.4062
vn -0.8603 0.3042 -0.4091
vn -0.8570 0.3091 -0.4123
vn -0.8728 0.2611 -0.4124
vn -0.8777 0.2531 -0.4069
vn -0.8971 0.1778 -0.4044
vn -0.8960 0.1582 -0.4150
vn -0.9022 0.1246 -0.4129
vn -0.9008 0.1110 -0.4199
vn 0.0502 0.5534 0.8314
vn 0.1345 0.5740 0.8077
vn 0.0791 0.5432 0.8359
vn -0.0808 -0.3292 0.9408
vn -0.1604 -0.4135 0.8963
vn -0.0930 -0.4303 0.8979
vn 0.0927 0.5845 0.8060
vn 0.0320 0.5964 0.8021
vn 0.0260 0.4381 0.8986
vn -0.0178 0.5173 0.8556
vn -0.0143 0.5056 0.8626
vn -0.6725 -0.0149 0.7399
vn -0.7190 -0.0521 0.6930
vn 0.1106 0.5861 0.8027
vn 0.0995 0.5840 0.8056
vn 0.0455 0.4602 0.8866
vn 0.1172 0.2906 0.9496
vn 0.1318 0.2277 0.9648
vn 0.7167 -0.0724 0.6937
vn 0.0143 0.5057 0.8626
vn 0.0178 0.5173 0.8556
vn -0.0260 0.4380 0.8986
vn 0.0284 0.4807 0.8764
vn -0.0284 0.4807 0.8764
vn -0.0321 -0.5119 0.8585
vn 0.0321 -0.5119 0.8585
vn -0.0108 -0.4581 0.8888
vn 0.1070 -0.4443 0.8895
vn 0.0930 -0.4303 0.8979
vn 0.1604 -0.4135 0.8963
vn 0.0807 -0.3292 0.9408
vn 0.6847 -0.0058 0.7288
vn -0.0980 0.5809 0.8081
vn -0.0400 0.4474 0.8934
vn -0.1078 0.5875 0.8020
vn -0.1345 0.5741 0.8077
vn -0.0792 0.5433 0.8358
vn -0.0504 0.5535 0.8313
vn -0.0927 0.5845 0.8061
vn -0.0319 0.5964 0.8021
vn -0.0090 0.5726 0.8198
vn 0.0090 0.5726 0.8198
vn 0.0108 -0.4582 0.8888
vn -0.1070 -0.4443 0.8894
vn 0.2897 0.9431 0.1635
vn 0.3037 0.9442 0.1276
vn 0.0094 0.5199 0.8542
vn -0.0094 0.5199 0.8542
vn -0.2944 0.9408 0.1680
vn -0.2984 0.9458 0.1278
vn 0.0115 0.5093 0.8605
vn -0.0230 0.5092 0.8604
vn -0.1382 0.2367 0.9617
vn -0.1067 0.2917 0.9505
vn -0.2322 -0.9682 -0.0932
vn -0.3701 -0.9243 -0.0931
vn -0.3703 -0.9242 -0.0932
vn -0.5116 -0.8542 -0.0932
vn -0.2323 -0.9682 0.0932
vn -0.2322 -0.9682 0.0932
vn -0.3701 -0.9243 0.0931
vn -0.3703 -0.9242 0.0932
vn -0.5113 -0.8543 0.0932
vn -0.5116 -0.8541 0.0933
vn -0.6545 -0.7503 0.0933
vn -0.6543 -0.7505 0.0932
vn -0.7647 -0.6376 0.0932
vn 0.0800 -0.9924 0.0934
vn -0.0800 -0.9924 0.0934
vn -0.0800 -0.9924 -0.0934
vn -0.2323 -0.9682 -0.0932
vn -0.1988 -0.8308 -0.5199
vn -0.3184 -0.7930 -0.5195
vn -0.3183 -0.7930 -0.5195
vn -0.4396 -0.7326 -0.5197
vn 0.2322 -0.9682 -0.0932
vn 0.0800 -0.9924 -0.0934
vn -0.1988 -0.8308 -0.5198
vn -0.2333 -0.9724 -0.0060
vn -0.3716 -0.9284 -0.0060
vn -0.3712 -0.9285 -0.0074
vn -0.5128 -0.8585 -0.0075
vn -0.8306 -0.1981 -0.5204
vn -0.8516 -0.0677 -0.5198
vn -0.9686 -0.2306 -0.0934
vn -0.9191 -0.3828 -0.0934
vn -0.9728 -0.2315 -0.0063
vn -0.9969 -0.0785 -0.0063
vn -0.9969 -0.0786 -0.0060
vn -0.9978 0.0665 -0.0060
vn -0.9978 0.0661 -0.0075
vn -0.9749 0.2224 -0.0075
vn -0.8306 -0.1981 0.5204
vn -0.9686 -0.2306 0.0934
vn -0.9926 -0.0783 -0.0932
vn -0.8516 -0.0676 -0.5199
vn -0.8525 0.0577 -0.5195
vn -0.8326 0.1917 -0.5197
vn -0.8516 -0.0677 0.5198
vn -0.8516 -0.0676 0.5199
vn -0.9926 -0.0783 0.0932
vn -0.9926 -0.0784 0.0932
vn -0.9926 -0.0784 -0.0932
vn -0.9934 0.0663 -0.0931
vn -0.9934 0.0665 -0.0932
vn -0.9934 0.0665 0.0932
vn -0.9934 0.0663 0.0931
vn -0.8525 0.0577 0.5195
vn -0.9978 0.0665 0.0074
vn -0.9978 0.0661 0.0060
vn -0.9969 -0.0786 0.0060
vn -0.9969 -0.0785 0.0063
vn -0.8326 0.1917 0.5197
vn -0.8325 0.1917 0.5198
vn -0.9705 0.2222 0.0932
vn -0.9704 0.2226 0.0933
vn -0.9704 0.2226 -0.0933
vn -0.9158 0.3907 -0.0933
vn -0.7862 0.3343 0.5197
vn -0.7862 0.3343 0.5198
vn -0.9197 0.3925 0.0075
vn -0.9194 0.3931 0.0102
vn -0.9747 0.2231 0.0102
vn -0.9749 0.2224 0.0075
vn -0.5555 0.6485 -0.5204
vn -0.6492 0.5553 -0.5198
vn -0.6492 0.5553 -0.5199
vn -0.7237 0.4544 -0.5195
vn -0.7236 0.4544 -0.5195
vn -0.7862 0.3343 -0.5197
vn -0.7862 0.3342 -0.5198
vn -0.8325 0.1917 -0.5198
vn -0.9705 0.2222 -0.0932
vn -0.9747 0.2231 -0.0102
vn -0.9197 0.3924 -0.0102
vn -0.9195 0.3931 -0.0075
vn -0.8461 0.5330 -0.0074
vn -0.8463 0.5327 -0.0060
vn -0.7604 0.6494 -0.0060
vn -0.7603 0.6495 -0.0063
vn -0.6509 0.7591 -0.0063
vn -0.6509 0.7591 -0.0062
vn -0.5208 0.8536 -0.0062
vn -0.4463 -0.1683 -0.8789
vn -0.4060 -0.0332 -0.9133
vn -0.4716 -0.1139 -0.8744
vn -0.5301 -0.1627 -0.8322
vn -0.3211 0.4626 -0.8264
vn -0.2256 0.0867 -0.9704
vn -0.2285 0.0843 -0.9699
vn -0.2271 0.0798 -0.9706
vn -0.5068 -0.1651 -0.8461
vn -0.5123 -0.1497 -0.8456
vn -0.5345 -0.1703 -0.8279
vn -0.4637 -0.1741 -0.8687
vn -0.3541 -0.2011 -0.9133
vn -0.4619 -0.1241 -0.8782
vn -0.0035 0.2510 -0.9680
vn -0.3328 0.4538 -0.8267
vn -0.3380 0.4776 -0.8110
vn -0.2500 0.4199 -0.8725
vn -0.1470 0.3769 -0.9145
vn -0.3058 0.3771 -0.8742
vn -0.2633 0.4087 -0.8739
vn -0.3080 0.2636 -0.9141
vn -0.3184 0.3787 -0.8690
vn -0.3461 0.4768 -0.8080
vn 0.5685 0.7829 -0.2527
vn 0.5672 0.7835 -0.2539
vn 0.9256 0.3087 -0.2189
vn 0.9199 -0.2989 -0.2538
vn 0.9201 -0.2967 -0.2557
vn 0.5772 -0.7863 -0.2203
vn 0.0000 -0.9668 -0.2556
vn -0.5772 -0.7864 -0.2203
vn -0.9194 -0.2987 -0.2558
vn -0.9206 -0.2969 -0.2538
vn -0.9256 0.3087 -0.2189
vn -0.5683 0.7827 -0.2539
vn -0.5674 0.7837 -0.2527
vn 0.0000 0.9759 -0.2180
vn 0.9007 0.1110 -0.4200
vn 0.9022 0.1245 -0.4130
vn 0.8959 0.1582 -0.4152
vn 0.8971 0.1778 -0.4045
vn 0.8750 0.2619 -0.4072
vn 0.8753 0.2527 -0.4123
vn 0.8588 0.3038 -0.4124
vn 0.8584 0.3096 -0.4091
vn 0.8271 0.3885 -0.4063
vn 0.8169 0.4008 -0.4149
vn 0.8006 0.4347 -0.4124
vn 0.7927 0.4434 -0.4184
vn 0.0000 -0.0764 -0.9971
vn 0.0730 -0.0234 -0.9971
vn 0.0451 0.0624 -0.9970
vn -0.0451 0.0624 -0.9970
vn -0.0730 -0.0234 -0.9971
vn 0.6510 -0.7577 0.0451
vn 0.6507 -0.7580 0.0456
vn 0.5198 -0.8531 0.0456
vn 0.5194 -0.8533 0.0451
vn 0.3818 -0.9232 0.0451
vn 0.3814 -0.9233 0.0445
vn 0.2477 -0.9678 0.0445
vn 0.2482 -0.9677 0.0452
vn 0.0925 -0.9947 0.0453
vn 0.0931 -0.9946 0.0461
vn -0.0925 -0.9946 0.0461
vn -0.0931 -0.9946 0.0453
vn -0.2482 -0.9677 0.0452
vn -0.2477 -0.9678 0.0445
vn -0.3818 -0.9232 0.0445
vn -0.3814 -0.9233 0.0451
vn -0.5194 -0.8533 0.0451
vn -0.5198 -0.8531 0.0456
vn -0.6507 -0.7580 0.0456
vn -0.6510 -0.7577 0.0451
vn -0.7600 -0.6484 0.0451
vn -0.7603 -0.6480 0.0445
vn -0.8439 -0.5346 0.0445
vn -0.8436 -0.5351 0.0452
vn -0.9174 -0.3953 0.0453
vn -0.9171 -0.3959 0.0461
vn -0.9745 -0.2194 0.0461
vn -0.9747 -0.2188 0.0453
vn -0.9970 -0.0630 0.0452
vn -0.9970 -0.0635 0.0445
vn 0.7696 0.6370 0.0452
vn 0.7692 0.6374 0.0445
vn 0.8515 0.5225 0.0445
vn 0.8512 0.5228 0.0450
vn 0.9218 0.3850 0.0451
vn 0.9219 0.3846 0.0456
vn 0.9720 0.2307 0.0456
vn 0.9721 0.2303 0.0451
vn 0.9959 0.0778 0.0451
vn 0.9960 0.0774 0.0445
vn 0.9970 -0.0635 0.0445
vn 0.9970 -0.0630 0.0452
vn 0.9746 -0.2194 0.0453
vn 0.9747 -0.2188 0.0461
vn 0.9174 -0.3953 0.0461
vn 0.9172 -0.3959 0.0453
vn 0.8436 -0.5351 0.0452
vn 0.8439 -0.5346 0.0445
vn 0.7600 -0.6484 0.0445
vn 0.7603 -0.6480 0.0451
vn 0.0809 0.9957 0.0456
vn 0.0813 0.9957 0.0451
vn 0.2338 0.9712 0.0451
vn 0.2342 0.9712 0.0445
vn 0.3685 0.9286 0.0445
vn 0.3680 0.9287 0.0452
vn 0.5093 0.8594 0.0453
vn 0.5098 0.8590 0.0461
vn 0.6595 0.7503 0.0461
vn 0.6600 0.7499 0.0453
vn -0.6595 0.7504 0.0453
vn -0.6599 0.7499 0.0461
vn -0.5098 0.8590 0.0461
vn -0.5093 0.8594 0.0453
vn -0.3680 0.9287 0.0452
vn -0.3685 0.9286 0.0445
vn -0.2338 0.9713 0.0445
vn -0.2342 0.9711 0.0451
vn -0.0813 0.9957 0.0451
vn -0.0809 0.9957 0.0456
vn -0.0417 0.0241 0.9988
vn -0.0458 0.0161 0.9988
vn -0.0563 0.0265 0.9981
vn -0.0594 0.0169 0.9981
vn -0.0473 0.0085 0.9988
vn -0.0479 0.0050 0.9988
vn -0.0395 0.0008 0.9992
vn -0.0394 -0.0035 0.9992
vn -0.0428 -0.0023 0.9991
vn -0.0416 -0.0096 0.9991
vn 0.9276 -0.0614 0.3684
vn 0.9272 -0.0602 0.3698
vn 0.9058 -0.2065 0.3700
vn 0.9053 -0.2044 0.3723
vn 0.8533 -0.3650 0.3724
vn 0.8534 -0.3672 0.3701
vn 0.7855 -0.4963 0.3698
vn -0.0324 0.0225 0.9992
vn -0.0307 0.0249 0.9992
vn -0.0323 0.0281 0.9991
vn 0.2606 0.1864 0.9473
vn 0.2128 0.2819 0.9355
vn 0.2087 0.2776 0.9377
vn -0.3916 -0.5471 0.7398
vn -0.3923 -0.5478 0.7389
vn 0.1362 0.1775 0.9747
vn 0.1313 0.1920 0.9726
vn 0.1401 0.2040 0.9689
vn -0.7329 0.1314 0.6675
vn -0.7321 0.1314 0.6684
vn -0.9960 0.0778 0.0445
vn -0.9960 0.0774 0.0450
vn -0.9721 0.2303 0.0451
vn -0.9719 0.2307 0.0456
vn -0.9219 0.3846 0.0456
vn -0.9218 0.3850 0.0451
vn -0.8515 0.5225 0.0451
vn -0.8513 0.5228 0.0445
vn -0.7692 0.6374 0.0445
vn -0.7696 0.6370 0.0452
vn 0.3768 -0.8338 -0.4035
vn 0.4010 -0.8285 -0.3910
vn 0.4227 -0.8168 -0.3926
vn 0.4499 -0.8092 -0.3778
vn 0.5234 -0.7624 -0.3805
vn 0.5153 -0.7656 -0.3851
vn 0.5631 -0.7311 -0.3852
vn 0.5691 -0.7284 -0.3815
vn 0.6321 -0.6760 -0.3789
vn 0.6463 -0.6544 -0.3924
vn 0.6654 -0.6360 -0.3907
vn 0.6773 -0.6158 -0.4026
vn -0.6480 0.7559 0.0934
vn -0.6480 0.7559 -0.0934
vn -0.7569 0.6468 -0.0932
vn -0.7570 0.6467 -0.0932
vn -0.8427 0.5303 -0.0931
vn -0.8428 0.5301 -0.0932
vn -0.9159 0.3903 -0.0932
vn -0.9159 0.3903 0.0932
vn -0.9158 0.3907 0.0933
vn -0.8461 0.5330 0.0074
vn -0.8463 0.5327 0.0060
vn -0.7236 0.4544 0.5195
vn -0.7237 0.4544 0.5195
vn -0.8427 0.5303 0.0932
vn -0.8428 0.5301 0.0931
vn -0.7570 0.6467 0.0932
vn -0.7569 0.6468 0.0932
vn -0.6481 0.7558 0.0934
vn -0.5555 0.6485 0.5204
vn -0.4451 0.7287 0.5204
vn -0.6492 0.5553 0.5199
vn -0.6492 0.5553 0.5198
vn -0.7604 0.6494 0.0060
vn -0.7603 0.6495 0.0063
vn -0.6509 0.7591 0.0063
vn -0.6509 0.7591 0.0062
vn -0.5208 0.8536 0.0062
vn -0.5208 0.8537 0.0063
vn -0.3827 0.9239 0.0063
vn -0.3828 0.9238 0.0060
vn -0.3275 0.7890 0.5198
vn 0.3826 -0.9236 0.0228
vn 0.2447 -0.9693 0.0227
vn 0.2455 -0.9691 0.0230
vn 0.0885 -0.9958 0.0231
vn 0.0898 -0.9957 0.0235
vn -0.0885 -0.9958 0.0235
vn -0.0898 -0.9957 0.0231
vn -0.2455 -0.9691 0.0230
vn -0.2447 -0.9693 0.0227
vn -0.9229 0.3844 0.0229
vn -0.8526 0.5221 0.0228
vn -0.8524 0.5223 0.0228
vn -0.7677 0.6404 0.0227
vn -0.7682 0.6397 0.0230
vn -0.6569 0.7536 0.0231
vn -0.6579 0.7527 0.0235
vn -0.5137 0.8577 0.0235
vn -0.5126 0.8583 0.0231
vn -0.3710 0.9283 0.0230
vn 0.1651 0.8843 -0.4367
vn 0.1598 0.8868 -0.4336
vn 0.1184 0.8919 -0.4364
vn 0.1090 0.8959 -0.4307
vn 0.0465 0.9001 -0.4331
vn 0.0284 0.9056 -0.4232
vn -0.0361 0.9029 -0.4283
vn -0.0282 0.9008 -0.4334
vn -0.1089 0.8959 -0.4307
vn -0.1185 0.8919 -0.4364
vn -0.1599 0.8868 -0.4337
vn -0.1652 0.8843 -0.4367
vn -0.1809 -0.0423 -0.9826
vn -0.1718 -0.0703 -0.9826
vn -0.1683 -0.0709 -0.9832
vn -0.1554 -0.0960 -0.9832
vn -0.1531 -0.0961 -0.9835
vn -0.1371 -0.1176 -0.9835
vn -0.1379 -0.1177 -0.9834
vn -0.1180 -0.1373 -0.9835
vn -0.1184 -0.1374 -0.9834
vn -0.0943 -0.1549 -0.9834
vn -0.0939 -0.1548 -0.9835
vn -0.0697 -0.1673 -0.9834
vn -0.0690 -0.1669 -0.9836
vn -0.0429 -0.1757 -0.9835
vn -0.0446 -0.1772 -0.9832
vn -0.0135 -0.1823 -0.9832
vn -0.0157 -0.1851 -0.9826
vn 0.0137 -0.1851 -0.9826
vn 0.0154 -0.1820 -0.9832
vn 0.0433 -0.1774 -0.9832
vn 0.0441 -0.1753 -0.9835
vn 0.0695 -0.1667 -0.9835
vn 0.0693 -0.1676 -0.9834
vn 0.0941 -0.1547 -0.9835
vn 0.0941 -0.1551 -0.9834
vn 0.1182 -0.1375 -0.9834
vn 0.1182 -0.1371 -0.9835
vn 0.1376 -0.1180 -0.9834
vn 0.1374 -0.1172 -0.9836
vn 0.1538 -0.0951 -0.9835
vn 0.1548 -0.0972 -0.9832
vn 0.1692 -0.0691 -0.9832
vn 0.1712 -0.0721 -0.9826
vn 0.1803 -0.0442 -0.9826
vn 0.1778 -0.0416 -0.9832
vn 0.1821 -0.0136 -0.9832
vn 0.1803 -0.0122 -0.9835
vn 0.1801 0.0146 -0.9835
vn 0.1808 0.0141 -0.9834
vn 0.1762 0.0417 -0.9835
vn 0.1766 0.0415 -0.9834
vn 0.1673 0.0700 -0.9834
vn 0.1670 0.0700 -0.9835
vn 0.1548 0.0944 -0.9834
vn 0.1539 0.0944 -0.9836
vn 0.1380 0.1169 -0.9835
vn 0.1402 0.1172 -0.9832
vn 0.1180 0.1396 -0.9832
vn 0.1215 0.1406 -0.9826
vn 0.0977 0.1579 -0.9826
vn 0.0945 0.1563 -0.9832
vn 0.0692 0.1690 -0.9832
vn 0.0674 0.1677 -0.9835
vn 0.0418 0.1757 -0.9835
vn 0.0424 0.1763 -0.9834
vn 0.0148 0.1805 -0.9835
vn 0.0150 0.1808 -0.9834
vn -0.0148 0.1808 -0.9834
vn -0.0150 0.1804 -0.9835
vn -0.0419 0.1764 -0.9834
vn -0.0423 0.1756 -0.9836
vn -0.0686 0.1673 -0.9835
vn -0.0681 0.1696 -0.9832
vn -0.0963 0.1554 -0.9832
vn -0.0961 0.1590 -0.9826
vn -0.1199 0.1417 -0.9826
vn -0.1194 0.1382 -0.9832
vn -0.1394 0.1181 -0.9832
vn -0.1387 0.1159 -0.9835
vn -0.1542 0.0941 -0.9835
vn -0.1546 0.0948 -0.9834
vn -0.1671 0.0698 -0.9835
vn -0.1673 0.0702 -0.9834
vn -0.1765 0.0418 -0.9834
vn -0.1762 0.0415 -0.9835
vn -0.1807 0.0146 -0.9834
vn -0.1801 0.0141 -0.9836
vn -0.1803 -0.0135 -0.9835
vn -0.1823 -0.0124 -0.9832
vn -0.1775 -0.0435 -0.9832
vn -0.6773 -0.6159 -0.4026
vn -0.6654 -0.6360 -0.3907
vn -0.6463 -0.6544 -0.3924
vn -0.6321 -0.6759 -0.3789
vn -0.5638 -0.7324 -0.3816
vn -0.5681 -0.7273 -0.3852
vn -0.5222 -0.7609 -0.3852
vn -0.5163 -0.7674 -0.3803
vn -0.4499 -0.8092 -0.3778
vn -0.4227 -0.8168 -0.3926
vn -0.4010 -0.8284 -0.3910
vn -0.3768 -0.8338 -0.4035
vn 0.0103 -0.0390 -0.9992
vn 0.0167 -0.0370 -0.9992
vn 0.0166 -0.0461 -0.9988
vn 0.0280 -0.0405 -0.9988
vn 0.0303 -0.0550 -0.9980
vn 0.0385 -0.0490 -0.9981
vn 0.0337 -0.0352 -0.9988
vn 0.0363 -0.0325 -0.9988
vn 0.0320 -0.0245 -0.9992
vn 0.0347 -0.0208 -0.9992
vn 0.0366 -0.0235 -0.9991
vn 0.0399 -0.0169 -0.9991
vn 0.0408 -0.0178 -0.9990
vn 0.0433 -0.0101 -0.9990
vn 0.0423 -0.0093 -0.9991
vn 0.0432 -0.0038 -0.9991
vn 0.0403 -0.0022 -0.9992
vn 0.0404 0.0045 -0.9992
vn 0.0490 0.0016 -0.9988
vn 0.0471 0.0141 -0.9988
vn 0.0616 0.0118 -0.9980
vn 0.0585 0.0215 -0.9981
vn 0.0439 0.0211 -0.9988
vn 0.0422 0.0245 -0.9988
vn 0.0332 0.0229 -0.9992
vn 0.0305 0.0266 -0.9992
vn 0.0337 0.0275 -0.9991
vn 0.0284 0.0327 -0.9991
vn 0.0296 0.0333 -0.9990
vn 0.0229 0.0381 -0.9990
vn 0.0219 0.0374 -0.9991
vn 0.0170 0.0399 -0.9991
vn 0.0146 0.0376 -0.9992
vn 0.0082 0.0398 -0.9992
vn 0.0137 0.0471 -0.9988
vn 0.0012 0.0492 -0.9988
vn 0.0078 0.0623 -0.9980
vn -0.0023 0.0623 -0.9981
vn -0.0065 0.0483 -0.9988
vn -0.0102 0.0477 -0.9988
vn -0.0115 0.0387 -0.9992
vn -0.0158 0.0372 -0.9992
vn -0.0158 0.0405 -0.9991
vn -0.0224 0.0371 -0.9991
vn -0.0225 0.0384 -0.9990
vn -0.0291 0.0336 -0.9990
vn -0.0288 0.0324 -0.9991
vn -0.0327 0.0285 -0.9991
vn -0.0313 0.0255 -0.9992
vn -0.0353 0.0201 -0.9992
vn -0.0406 0.0275 -0.9988
vn -0.0464 0.0163 -0.9988
vn -0.0568 0.0267 -0.9980
vn -0.0599 0.0170 -0.9981
vn -0.0479 0.0087 -0.9988
vn -0.0485 0.0050 -0.9988
vn -0.0403 0.0010 -0.9992
vn -0.0403 -0.0036 -0.9992
vn -0.0434 -0.0025 -0.9991
vn -0.0422 -0.0098 -0.9991
vn -0.0435 -0.0096 -0.9990
vn -0.0410 -0.0173 -0.9990
vn -0.0397 -0.0174 -0.9991
vn -0.0372 -0.0223 -0.9991
vn -0.0339 -0.0219 -0.9992
vn -0.0301 -0.0273 -0.9992
vn -0.0387 -0.0301 -0.9988
vn -0.0298 -0.0391 -0.9988
vn -0.0429 -0.0458 -0.9980
vn -0.0347 -0.0517 -0.9981
vn -0.0231 -0.0429 -0.9988
vn -0.0197 -0.0446 -0.9988
vn -0.0134 -0.0381 -0.9992
vn -0.0091 -0.0394 -0.9992
vn -0.0111 -0.0421 -0.9991
vn -0.0037 -0.0432 -0.9991
vn -0.0044 -0.0443 -0.9990
vn 0.0038 -0.0443 -0.9990
vn 0.0043 -0.0431 -0.9991
vn 0.0097 -0.0423 -0.9991
vn 0.7144 0.5949 0.3684
vn 0.7926 0.4857 0.3687
vn 0.0807 0.0478 0.9956
vn 0.0774 0.0470 0.9959
vn 0.0680 0.0603 0.9959
vn 0.0758 0.0634 0.9951
vn 0.5060 -0.8300 -0.2348
vn 0.5064 -0.8296 -0.2352
vn 0.6329 -0.7376 -0.2352
vn 0.6326 -0.7381 -0.2348
vn 0.7397 -0.6308 -0.2344
vn 0.7391 -0.6318 -0.2336
vn 0.8219 -0.5197 -0.2334
vn 0.8228 -0.5172 -0.2356
vn 0.8926 -0.3843 -0.2357
vn 0.8934 -0.3805 -0.2390
vn 0.8285 0.5085 -0.2344
vn 0.8293 0.5077 -0.2336
vn 0.7482 0.6210 -0.2334
vn 0.7462 0.6227 -0.2356
vn 0.6413 0.7302 -0.2357
vn 0.6379 0.7321 -0.2390
vn 0.4958 0.8349 -0.2390
vn 0.4996 0.8336 -0.2356
vn 0.3593 0.9030 -0.2355
vn 0.3618 0.9026 -0.2334
vn 0.0799 -0.8106 -0.5802
vn 0.0408 -0.4144 -0.9092
vn 0.0967 -0.9818 -0.1634
vn 0.0799 -0.8106 -0.5801
vn 0.2364 -0.7794 -0.5801
vn 0.0980 -0.9951 -0.0160
vn 0.0967 -0.9818 -0.1635
vn 0.2864 -0.9441 -0.1635
vn 0.2364 -0.7794 -0.5802
vn 0.3839 -0.7183 -0.5801
vn 0.5167 -0.6296 -0.5801
vn 0.3840 -0.7183 -0.5801
vn 0.4651 -0.8701 -0.1635
vn 0.2902 -0.9568 -0.0160
vn 0.0980 -0.9951 0.0160
vn 0.0967 -0.9818 0.1635
vn 0.0967 -0.9818 0.1634
vn 0.4713 -0.8818 -0.0160
vn 0.2902 -0.9568 0.0160
vn 0.2864 -0.9441 0.1635
vn 0.2364 -0.7794 0.5802
vn 0.2364 -0.7794 0.5801
vn 0.0799 -0.8106 0.5801
vn 0.0799 -0.8106 0.5802
vn 0.0408 -0.4144 0.9092
vn 0.3839 -0.7183 0.5801
vn 0.3840 -0.7183 0.5801
vn 0.4651 -0.8701 0.1635
vn 0.4650 -0.8701 0.1635
vn 0.4713 -0.8818 0.0160
vn 0.6343 -0.7729 -0.0160
vn 0.6259 -0.7626 -0.1635
vn 0.7626 -0.6258 -0.1635
vn 0.1963 -0.3672 0.9092
vn 0.2642 -0.3219 0.9092
vn 0.5167 -0.6296 0.5801
vn 0.6258 -0.7626 0.1635
vn 0.6259 -0.7626 0.1635
vn 0.6343 -0.7729 0.0160
vn 0.7729 -0.6343 -0.0160
vn 0.8818 -0.4713 0.0160
vn 0.9568 -0.2902 0.0160
vn 0.8701 -0.4651 0.1635
vn 0.9951 -0.0980 0.0160
vn 0.9441 -0.2864 0.1635
vn 0.7184 -0.3840 0.5801
vn 0.6296 -0.5167 0.5801
vn 0.7626 -0.6258 0.1635
vn 0.7729 -0.6343 0.0160
vn 0.7794 -0.2364 0.5802
vn 0.7183 -0.3839 0.5802
vn 0.3672 -0.1963 0.9092
vn 0.3219 -0.2642 0.9092
vn -0.1065 0.1298 0.9858
vn -0.0791 0.1481 0.9858
vn 0.7794 -0.2364 0.5801
vn 0.3985 -0.1209 0.9092
vn -0.1481 0.0791 0.9858
vn -0.1298 0.1065 0.9858
vn -0.6330 0.7713 -0.0659
vn -0.4703 0.8800 -0.0659
vn -0.2896 0.9549 -0.0659
vn -0.1606 0.0487 0.9858
vn -0.9930 0.0978 -0.0659
vn -0.9549 0.2897 -0.0659
vn -0.9549 0.2896 -0.0659
vn -0.8800 0.4703 -0.0659
vn -0.8800 0.4704 -0.0658
vn -0.7713 0.6330 -0.0658
vn -0.7713 0.6330 -0.0659
vn -0.1671 0.0165 0.9858
vn 0.4144 -0.0408 0.9092
vn 0.8106 -0.0799 0.5801
vn 0.8106 -0.0798 0.5801
vn 0.9818 -0.0967 0.1635
vn 0.9818 0.0967 0.1635
vn -0.1606 -0.0487 0.9858
vn -0.1671 -0.0165 0.9858
vn 0.4144 0.0408 0.9092
vn 0.3985 0.1209 0.9092
vn 0.8106 0.0799 0.5801
vn 0.8106 0.0798 0.5801
vn 0.7794 0.2364 0.5801
vn 0.7794 0.2364 0.5802
vn 0.7183 0.3839 0.5801
vn 0.7183 0.3840 0.5801
vn 0.6296 0.5167 0.5801
vn 0.3672 0.1963 0.9092
vn 0.3219 0.2642 0.9092
vn 0.2642 0.3219 0.9092
vn 0.9441 0.2864 0.1635
vn 0.8701 0.4651 0.1635
vn 0.7626 0.6258 0.1635
vn 0.7729 0.6343 0.0160
vn 0.8818 0.4713 0.0160
vn 0.9568 0.2902 0.0160
vn 0.9951 0.0980 0.0160
vn 0.7729 0.6343 -0.0160
vn 0.8818 0.4713 -0.0160
vn 0.7626 0.6258 -0.1635
vn 0.9568 0.2902 -0.0160
vn 0.8701 0.4651 -0.1635
vn 0.6296 0.5167 -0.5801
vn 0.1209 0.3985 -0.9092
vn 0.1963 0.3672 -0.9092
vn 0.2642 0.3219 -0.9092
vn 0.5167 0.6296 -0.5801
vn 0.6258 0.7626 -0.1635
vn 0.6259 0.7626 -0.1635
vn 0.6343 0.7729 -0.0160
vn 0.0408 0.4144 -0.9092
vn 0.0799 0.8106 -0.5802
vn 0.0799 0.8106 -0.5801
vn 0.2364 0.7794 -0.5801
vn 0.3839 0.7183 -0.5801
vn 0.3840 0.7183 -0.5801
vn 0.4651 0.8701 -0.1635
vn 0.4650 0.8701 -0.1635
vn 0.4713 0.8818 -0.0160
vn 0.0967 0.9818 -0.1634
vn 0.0967 0.9818 -0.1635
vn 0.2864 0.9441 -0.1635
vn 0.2902 0.9568 -0.0160
vn 0.0980 0.9951 -0.0160
vn 0.0980 0.9951 0.0160
vn 0.0967 0.9818 0.1635
vn 0.0967 0.9818 0.1634
vn 0.2902 0.9568 0.0160
vn 0.2864 0.9441 0.1635
vn 0.2364 0.7794 0.5802
vn 0.2364 0.7794 0.5801
vn 0.0799 0.8106 0.5801
vn 0.0799 0.8106 0.5802
vn 0.0408 0.4144 0.9092
vn 0.4713 0.8818 0.0160
vn 0.4650 0.8701 0.1635
vn 0.4651 0.8701 0.1635
vn 0.3840 0.7183 0.5801
vn 0.3839 0.7183 0.5801
vn 0.6343 0.7729 0.0160
vn 0.6259 0.7626 0.1635
vn 0.6258 0.7626 0.1635
vn 0.5167 0.6296 0.5801
vn 0.1963 0.3672 0.9092
vn 0.1209 0.3985 0.9092
vn -0.0487 -0.1606 0.9858
vn -0.0791 -0.1481 0.9858
vn -0.1065 -0.1298 0.9858
vn -0.1298 -0.1065 0.9858
vn -0.1481 -0.0791 0.9858
vn -0.0165 -0.1671 0.9858
vn -0.0978 -0.9930 -0.0659
vn -0.2897 -0.9549 -0.0659
vn -0.2896 -0.9549 -0.0659
vn -0.4703 -0.8800 -0.0659
vn -0.6330 -0.7713 -0.0659
vn -0.7713 -0.6330 -0.0659
vn -0.7713 -0.6330 -0.0658
vn -0.8800 -0.4704 -0.0658
vn -0.8800 -0.4704 -0.0659
vn -0.9549 -0.2896 -0.0659
vn -0.9549 -0.2897 -0.0659
vn -0.9930 -0.0978 -0.0659
vn -0.1065 -0.1298 -0.9858
vn 0.7794 0.2364 -0.5801
vn 0.7183 0.3839 -0.5801
vn 0.3672 0.1963 -0.9092
vn 0.3219 0.2642 -0.9092
vn -0.1298 -0.1065 -0.9858
vn -0.7713 -0.6330 0.0658
vn -0.7713 -0.6330 0.0659
vn -0.6330 -0.7713 0.0659
vn -0.8800 -0.4704 0.0658
vn 0.9818 -0.0967 -0.1635
vn 0.9818 0.0967 -0.1635
vn 0.8106 0.0798 -0.5801
vn 0.3985 0.1209 -0.9092
vn -0.1481 -0.0791 -0.9858
vn -0.8800 -0.4703 0.0659
vn -0.1606 -0.0487 -0.9858
vn 0.8106 0.0799 -0.5801
vn 0.4144 0.0408 -0.9092
vn -0.1671 -0.0165 -0.9858
vn -0.9549 -0.2897 0.0659
vn -0.9930 -0.0978 0.0659
vn -0.9930 0.0978 0.0659
vn -0.1671 0.0165 -0.9858
vn 0.4144 -0.0408 -0.9092
vn 0.8106 -0.0799 -0.5801
vn -0.9549 0.2897 0.0659
vn -0.1607 0.0487 -0.9858
vn -0.1606 0.0487 -0.9858
vn 0.3985 -0.1209 -0.9092
vn 0.3672 -0.1963 -0.9092
vn 0.3219 -0.2642 -0.9092
vn -0.8800 0.4704 0.0659
vn -0.1481 0.0791 -0.9858
vn -0.8800 0.4704 0.0658
vn -0.1065 0.1298 -0.9858
vn -0.1298 0.1065 -0.9858
vn -0.7713 0.6330 0.0658
vn -0.7713 0.6330 0.0659
vn -0.6330 0.7713 0.0659
vn -0.4703 0.8800 0.0659
vn -0.2896 0.9549 0.0659
vn -0.2897 0.9549 0.0659
vn -0.0487 0.1606 -0.9858
vn -0.0791 0.1481 -0.9858
vn 0.2642 -0.3219 -0.9092
vn -0.0978 0.9930 0.0659
vn -0.0165 0.1671 -0.9858
vn 0.1209 -0.3985 -0.9092
vn 0.1963 -0.3672 -0.9092
vn 0.8106 -0.0798 -0.5801
vn 0.7794 -0.2364 -0.5801
vn 0.7794 -0.2364 -0.5802
vn 0.7183 -0.3839 -0.5802
vn 0.7183 -0.3840 -0.5801
vn 0.6296 -0.5167 -0.5801
vn 0.6258 -0.7626 -0.1635
vn 0.4650 -0.8701 -0.1635
vn 0.8701 -0.4651 -0.1635
vn 0.9441 -0.2864 -0.1635
vn 0.8818 -0.4713 -0.0160
vn 0.9568 -0.2902 -0.0160
vn 0.9951 -0.0980 -0.0160
vn 0.9951 0.0980 -0.0160
vn 0.9441 0.2864 -0.1635
vn -0.0487 -0.1606 -0.9858
vn -0.0791 -0.1481 -0.9858
vn 0.7184 0.3840 -0.5801
vn 0.0165 0.1671 -0.9858
vn 0.0978 0.9930 0.0659
vn 0.2897 0.9549 0.0659
vn 0.2896 0.9549 0.0659
vn 0.0487 0.1606 -0.9858
vn 0.0791 0.1481 -0.9858
vn 0.4703 0.8800 0.0659
vn 0.6330 0.7713 0.0659
vn 0.7713 0.6330 0.0659
vn 0.7713 0.6330 0.0658
vn 0.8800 0.4704 0.0658
vn 0.1298 0.1065 -0.9858
vn 0.1065 0.1298 -0.9858
vn -0.2642 -0.3219 -0.9092
vn 0.1481 0.0791 -0.9858
vn -0.3219 -0.2642 -0.9092
vn -0.6296 -0.5167 -0.5801
vn -0.7626 -0.6258 -0.1635
vn -0.7626 -0.6259 -0.1635
vn -0.7729 -0.6343 -0.0160
vn -0.6259 -0.7626 -0.1635
vn -0.7794 -0.2364 -0.5801
vn -0.3985 -0.1209 -0.9092
vn -0.3672 -0.1963 -0.9092
vn -0.7183 -0.3840 -0.5801
vn -0.8701 -0.4651 -0.1635
vn -0.8818 -0.4713 -0.0160
vn -0.9568 -0.2903 -0.0160
vn -0.9441 -0.2864 -0.1635
vn -0.9568 -0.2902 -0.0160
vn -0.9951 -0.0980 -0.0160
vn -0.8701 0.4651 0.1635
vn -0.9441 0.2864 0.1635
vn -0.9568 0.2902 0.0160
vn -0.9951 0.0980 0.0160
vn -0.9951 0.0980 -0.0160
vn -0.9818 -0.0967 -0.1635
vn -0.7794 -0.2364 -0.5802
vn -0.8818 0.4714 0.0160
vn -0.9568 0.2902 -0.0160
vn -0.9441 0.2864 -0.1635
vn -0.9818 0.0967 -0.1635
vn -0.8106 -0.0798 -0.5801
vn -0.6259 0.7626 0.1635
vn -0.7626 0.6259 0.1635
vn -0.7729 0.6343 0.0160
vn -0.8818 0.4713 0.0160
vn -0.8818 0.4713 -0.0160
vn -0.8818 0.4714 -0.0160
vn -0.8701 0.4651 -0.1635
vn -0.7183 0.3840 -0.5801
vn -0.7183 0.3839 -0.5802
vn -0.3985 0.1209 -0.9092
vn -0.3672 0.1963 -0.9092
vn -0.3219 0.2642 -0.9092
vn -0.6296 0.5167 -0.5801
vn -0.7626 0.6259 -0.1635
vn -0.7729 0.6343 -0.0160
vn -0.4144 0.0408 -0.9092
vn 0.1671 0.0165 -0.9858
vn 0.8800 0.4703 0.0659
vn 0.9549 0.2897 0.0659
vn 0.9930 0.0978 0.0659
vn 0.9930 -0.0978 0.0659
vn 0.1671 -0.0165 -0.9858
vn -0.7794 0.2364 -0.5802
vn -0.7794 0.2364 -0.5801
vn -0.8106 0.0798 -0.5801
vn -0.8106 0.0799 -0.5801
vn -0.8106 -0.0799 -0.5801
vn -0.4144 -0.0408 -0.9092
vn 0.1606 0.0487 -0.9858
vn 0.8548 -0.2593 -0.4496
vn 0.7878 -0.4211 -0.4496
vn 0.9565 -0.2901 -0.0301
vn 0.9947 -0.0979 -0.0301
vn 0.9947 -0.0980 -0.0301
vn 0.8889 -0.0875 -0.4496
vn 0.8890 -0.0876 -0.4495
vn 0.6905 -0.5666 -0.4496
vn 0.8815 -0.4712 -0.0301
vn 0.9565 -0.2902 -0.0301
vn 0.9565 -0.2902 0.0301
vn 0.9565 -0.2901 0.0301
vn 0.9947 -0.0979 0.0301
vn 0.8890 -0.0876 0.4495
vn 0.8889 -0.0875 0.4496
vn 0.8548 -0.2593 0.4496
vn 0.7877 -0.4211 0.4496
vn 0.8815 -0.4712 0.0301
vn 0.8815 -0.4712 -0.0300
vn 0.7727 -0.6341 -0.0300
vn 0.6905 -0.5666 0.4496
vn 0.5667 -0.6905 0.4496
vn 0.6905 -0.5667 0.4496
vn 0.7727 -0.6341 0.0301
vn 0.7727 -0.6341 -0.0301
vn 0.6341 -0.7727 -0.0301
vn 0.4712 -0.8815 -0.0301
vn -0.2901 -0.9565 0.0301
vn -0.0980 -0.9947 0.0301
vn 0.0980 -0.9947 0.0301
vn 0.2901 -0.9565 0.0301
vn 0.2902 -0.9565 0.0301
vn 0.4712 -0.8815 0.0301
vn 0.6341 -0.7727 0.0301
vn -0.2593 -0.8548 0.4496
vn -0.0875 -0.8889 0.4496
vn -0.0876 -0.8890 0.4495
vn 0.0876 -0.8890 0.4495
vn 0.0875 -0.8889 0.4496
vn 0.2593 -0.8548 0.4496
vn 0.4210 -0.7878 0.4496
vn 0.4211 -0.7878 0.4496
vn -0.9947 -0.0980 -0.0301
vn -0.9947 -0.0979 -0.0301
vn -0.9565 -0.2901 -0.0301
vn -0.9565 -0.2902 -0.0301
vn -0.8815 -0.4712 -0.0301
vn -0.7726 -0.6341 -0.0301
vn -0.7727 -0.6341 -0.0301
vn -0.8890 0.0876 -0.4495
vn -0.8890 -0.0876 -0.4495
vn -0.8889 -0.0875 -0.4496
vn -0.8548 -0.2593 -0.4496
vn -0.7877 -0.4211 -0.4496
vn -0.6905 -0.5666 -0.4496
vn -0.6905 -0.5667 -0.4496
vn -0.5667 -0.6905 -0.4496
vn -0.0875 -0.8889 -0.4496
vn -0.2593 -0.8548 -0.4496
vn -0.4210 -0.7878 -0.4496
vn -0.4211 -0.7878 -0.4496
vn -0.4712 -0.8815 -0.0301
vn -0.4712 -0.8815 -0.0300
vn -0.4712 -0.8815 0.0300
vn -0.6341 -0.7726 0.0300
vn -0.5667 -0.6905 0.4496
vn 0.2902 -0.9565 -0.0301
vn 0.2901 -0.9565 -0.0301
vn 0.0980 -0.9947 -0.0301
vn -0.0980 -0.9947 -0.0301
vn -0.2901 -0.9565 -0.0301
vn -0.2902 -0.9565 -0.0301
vn -0.2902 -0.9565 0.0301
vn -0.4712 -0.8815 0.0301
vn -0.4211 -0.7878 0.4496
vn -0.4210 -0.7878 0.4496
vn 0.6905 -0.5667 -0.4496
vn 0.5667 -0.6905 -0.4496
vn 0.4211 -0.7878 -0.4496
vn 0.4210 -0.7878 -0.4496
vn 0.2593 -0.8548 -0.4496
vn 0.0875 -0.8889 -0.4496
vn 0.0876 -0.8890 -0.4495
vn -0.0876 -0.8890 -0.4495
vn -0.8548 0.2593 -0.4496
vn -0.9565 0.2901 -0.0301
vn -0.7878 0.4211 -0.4496
vn -0.6905 0.5666 -0.4496
vn -0.8815 0.4712 -0.0301
vn -0.9565 0.2902 -0.0301
vn -0.9565 0.2902 0.0301
vn -0.9565 0.2901 0.0301
vn -0.9947 0.0979 0.0301
vn -0.9947 0.0979 -0.0301
vn -0.9947 0.0980 -0.0301
vn -0.8889 0.0875 -0.4496
vn -0.8548 0.2593 0.4496
vn -0.7878 0.4211 0.4496
vn -0.8815 0.4712 0.0301
vn -0.8815 0.4712 0.0300
vn -0.7727 0.6341 -0.0301
vn -0.6905 0.5667 -0.4496
vn -0.5667 0.6905 -0.4496
vn -0.6905 0.5666 0.4496
vn -0.2902 0.9565 -0.0301
vn -0.4712 0.8815 -0.0301
vn -0.6341 0.7727 -0.0301
vn -0.7727 0.6341 0.0301
vn -0.7726 0.6341 0.0300
vn -0.6905 0.5667 0.4496
vn -0.5667 0.6905 0.4496
vn -0.2901 0.9565 0.0301
vn -0.2902 0.9565 0.0301
vn -0.4712 0.8815 0.0301
vn -0.4712 0.8815 0.0300
vn -0.6341 0.7727 0.0300
vn -0.6341 0.7727 0.0301
vn -0.4211 0.7878 0.4496
vn -0.4210 0.7878 0.4496
vn -0.2593 0.8548 0.4496
vn -0.4211 0.7878 -0.4496
vn -0.4210 0.7878 -0.4496
vn -0.2593 0.8548 -0.4496
vn -0.2901 0.9565 -0.0301
vn -0.0980 0.9947 -0.0301
vn -0.0980 0.9947 0.0301
vn -0.0875 0.8889 0.4496
vn -0.0876 0.8890 0.4495
vn -0.0875 0.8889 -0.4496
vn 0.0980 0.9947 -0.0301
vn 0.2901 0.9565 -0.0301
vn 0.2902 0.9565 -0.0301
vn 0.4712 0.8815 -0.0301
vn 0.4712 0.8815 -0.0300
vn 0.6341 0.7726 -0.0300
vn 0.7727 0.6341 -0.0301
vn 0.6905 0.5667 -0.4496
vn 0.5667 0.6905 -0.4496
vn 0.4211 0.7878 -0.4496
vn 0.4210 0.7878 -0.4496
vn 0.2593 0.8548 -0.4496
vn 0.0875 0.8889 -0.4496
vn 0.0876 0.8890 -0.4495
vn -0.0876 0.8890 -0.4495
vn 0.6905 0.5666 -0.4496
vn 0.8815 0.4712 0.0301
vn 0.8815 0.4712 -0.0301
vn 0.7877 0.4211 -0.4496
vn 0.8548 0.2593 -0.4496
vn 0.8889 0.0875 -0.4496
vn 0.8890 0.0876 -0.4495
vn 0.6905 0.5666 0.4496
vn 0.7877 0.4211 0.4496
vn 0.9565 0.2902 0.0301
vn 0.9565 0.2902 -0.0301
vn 0.9565 0.2901 -0.0301
vn 0.9947 0.0980 -0.0301
vn 0.8548 0.2593 0.4496
vn 0.9565 0.2901 0.0301
vn 0.9947 0.0980 0.0301
vn 0.8889 0.0875 0.4496
vn 0.8890 0.0876 0.4495
vn 0.6330 -0.7713 0.0659
vn 0.7713 -0.6330 0.0659
vn 0.7713 -0.6330 0.0658
vn 0.8800 -0.4704 0.0658
vn 0.8800 -0.4703 0.0659
vn 0.9549 -0.2896 0.0659
vn 0.2896 -0.9549 0.0659
vn 0.4703 -0.8800 0.0659
vn 0.1065 -0.1298 -0.9858
vn 0.1298 -0.1065 -0.9858
vn 0.1481 -0.0791 -0.9858
vn 0.1606 -0.0487 -0.9858
vn 0.9549 -0.2897 0.0659
vn -0.2642 0.3219 -0.9092
vn 0.0791 -0.1481 -0.9858
vn 0.0487 -0.1606 -0.9858
vn 0.2897 -0.9549 0.0659
vn 0.0978 -0.9930 0.0659
vn 0.0165 -0.1671 -0.9858
vn -0.0408 0.4144 -0.9092
vn -0.1209 0.3985 -0.9092
vn -0.1963 0.3672 -0.9092
vn -0.5167 0.6296 -0.5801
vn -0.6258 0.7626 -0.1635
vn -0.6259 0.7626 -0.1635
vn -0.6343 0.7729 -0.0160
vn -0.4713 0.8818 -0.0160
vn -0.4650 0.8701 -0.1635
vn -0.2902 0.9568 -0.0160
vn -0.6343 0.7729 0.0160
vn -0.4713 0.8818 0.0160
vn -0.2902 0.9568 0.0160
vn -0.0980 0.9951 0.0160
vn -0.0967 0.9818 0.1635
vn -0.2642 0.3219 0.9092
vn -0.1963 0.3672 0.9092
vn -0.3839 0.7183 0.5802
vn -0.2364 0.7794 0.5802
vn -0.2864 0.9441 0.1635
vn -0.4651 0.8701 0.1635
vn -0.4650 0.8701 0.1635
vn -0.6258 0.7626 0.1635
vn -0.3840 0.7183 0.5801
vn -0.5167 0.6296 0.5801
vn 0.1298 -0.1065 0.9858
vn 0.1065 -0.1298 0.9858
vn 0.0791 -0.1481 0.9858
vn -0.1209 0.3985 0.9092
vn -0.2364 0.7794 0.5801
vn -0.0967 0.9818 0.1634
vn -0.0799 0.8106 0.5801
vn -0.0799 0.8106 0.5802
vn -0.0408 0.4144 0.9092
vn 0.0165 -0.1671 0.9858
vn 0.0487 -0.1606 0.9858
vn 0.4703 -0.8800 -0.0659
vn 0.2896 -0.9549 -0.0659
vn 0.2897 -0.9549 -0.0659
vn 0.0978 -0.9930 -0.0659
vn 0.6330 -0.7713 -0.0659
vn 0.7713 -0.6330 -0.0659
vn 0.7713 -0.6330 -0.0658
vn 0.8800 -0.4704 -0.0658
vn 0.8800 -0.4704 -0.0659
vn 0.9549 -0.2896 -0.0659
vn 0.9930 -0.0978 -0.0659
vn 0.1671 -0.0165 0.9858
vn -0.8106 0.0799 0.5801
vn -0.4144 0.0408 0.9092
vn 0.1606 -0.0487 0.9858
vn 0.1481 -0.0791 0.9858
vn -0.3219 0.2642 0.9092
vn -0.3985 0.1209 0.9092
vn -0.8106 0.0798 0.5801
vn -0.7794 0.2364 0.5801
vn -0.3672 0.1963 0.9092
vn -0.6296 0.5167 0.5801
vn -0.7626 0.6258 0.1635
vn -0.9568 -0.2903 0.0160
vn -0.9568 -0.2902 0.0160
vn -0.9951 -0.0980 0.0160
vn -0.9818 0.0967 0.1635
vn -0.7183 0.3840 0.5801
vn -0.8818 -0.4713 0.0160
vn -0.8701 -0.4651 0.1635
vn -0.9441 -0.2864 0.1635
vn -0.9818 -0.0967 0.1635
vn -0.7626 -0.6259 0.1635
vn -0.6296 -0.5167 0.5801
vn -0.7183 -0.3840 0.5801
vn -0.7794 -0.2364 0.5801
vn -0.8106 -0.0798 0.5801
vn -0.8106 -0.0799 0.5801
vn -0.4144 -0.0408 0.9092
vn 0.9930 0.0978 -0.0659
vn 0.1671 0.0165 0.9858
vn -0.3985 -0.1209 0.9092
vn -0.3672 -0.1963 0.9092
vn -0.3219 -0.2642 0.9092
vn 0.1065 0.1298 0.9858
vn 0.1298 0.1065 0.9858
vn 0.1481 0.0791 0.9858
vn 0.1606 0.0487 0.9858
vn 0.9549 0.2897 -0.0659
vn 0.9549 0.2896 -0.0659
vn 0.8800 0.4704 -0.0659
vn 0.8800 0.4704 -0.0658
vn 0.7713 0.6330 -0.0658
vn 0.7713 0.6330 -0.0659
vn 0.6330 0.7713 -0.0659
vn 0.4703 0.8800 -0.0659
vn -0.1963 -0.3672 0.9092
vn 0.0791 0.1481 0.9858
vn 0.0487 0.1606 0.9858
vn 0.2896 0.9549 -0.0659
vn 0.2897 0.9549 -0.0659
vn 0.0978 0.9930 -0.0659
vn 0.0165 0.1671 0.9858
vn -0.1209 -0.3985 0.9092
vn -0.2364 -0.7794 0.5801
vn -0.0967 -0.9818 0.1634
vn -0.0799 -0.8106 0.5801
vn -0.0799 -0.8106 0.5802
vn -0.0408 -0.4144 0.9092
vn -0.2642 -0.3219 0.9092
vn -0.3839 -0.7183 0.5801
vn -0.2864 -0.9441 0.1635
vn -0.0967 -0.9818 0.1635
vn -0.0980 -0.9951 0.0160
vn -0.0980 -0.9951 -0.0160
vn -0.2902 -0.9568 -0.0160
vn -0.4713 -0.8818 -0.0160
vn -0.6343 -0.7729 -0.0160
vn -0.7729 -0.6343 0.0160
vn -0.5167 -0.6296 0.5801
vn -0.3840 -0.7183 0.5801
vn -0.4651 -0.8701 0.1635
vn -0.2902 -0.9568 0.0160
vn -0.4713 -0.8818 0.0160
vn -0.6343 -0.7729 0.0160
vn -0.6259 -0.7626 0.1635
vn -0.6258 -0.7626 0.1635
vn -0.4650 -0.8701 0.1635
vn 0.6341 0.7727 -0.0301
vn 0.7727 0.6341 0.0301
vn 0.6341 0.7727 0.0301
vn 0.6341 0.7726 0.0300
vn 0.4712 0.8815 0.0300
vn 0.4712 0.8815 0.0301
vn 0.2902 0.9565 0.0301
vn 0.2901 0.9565 0.0301
vn 0.0980 0.9947 0.0301
vn 0.0876 0.8890 0.4495
vn 0.0875 0.8889 0.4496
vn 0.2593 0.8548 0.4496
vn 0.4210 0.7878 0.4496
vn 0.4211 0.7878 0.4496
vn 0.5667 0.6905 0.4496
vn 0.6905 0.5667 0.4496
vn -0.0980 0.9951 -0.0160
vn -0.2864 0.9441 -0.1635
vn -0.4651 0.8701 -0.1635
vn -0.3840 0.7183 -0.5801
vn -0.3839 0.7183 -0.5801
vn -0.2364 0.7794 -0.5802
vn -0.2364 0.7794 -0.5801
vn -0.0799 0.8106 -0.5801
vn -0.0799 0.8106 -0.5802
vn -0.0967 0.9818 -0.1635
vn -0.0967 0.9818 -0.1634
vn -0.6341 -0.7726 -0.0301
vn -0.6341 -0.7727 -0.0301
vn -0.6341 -0.7727 0.0301
vn -0.7727 -0.6341 0.0301
vn -0.7726 -0.6341 0.0300
vn -0.8815 -0.4712 0.0300
vn -0.8815 -0.4712 0.0301
vn -0.9565 -0.2902 0.0301
vn -0.9565 -0.2901 0.0301
vn -0.9947 -0.0979 0.0301
vn -0.9947 -0.0980 0.0301
vn -0.9947 0.0980 0.0301
vn -0.6905 -0.5667 0.4496
vn -0.6905 -0.5666 0.4496
vn -0.7877 -0.4211 0.4496
vn -0.8548 -0.2593 0.4496
vn -0.8889 -0.0875 0.4496
vn -0.8890 -0.0876 0.4495
vn -0.8890 0.0876 0.4495
vn -0.8889 0.0875 0.4496
vn -0.2364 -0.7794 -0.5801
vn -0.2364 -0.7794 -0.5802
vn -0.3839 -0.7183 -0.5801
vn -0.3840 -0.7183 -0.5801
vn -0.4650 -0.8701 -0.1635
vn -0.6258 -0.7626 -0.1635
vn -0.5167 -0.6296 -0.5801
vn -0.1963 -0.3672 -0.9092
vn -0.1209 -0.3985 -0.9092
vn -0.4651 -0.8701 -0.1635
vn -0.2864 -0.9441 -0.1635
vn -0.0967 -0.9818 -0.1635
vn -0.0967 -0.9818 -0.1634
vn -0.0799 -0.8106 -0.5801
vn -0.0799 -0.8106 -0.5802
vn -0.0408 -0.4144 -0.9092
vn -0.0487 0.1606 0.9858
vn -0.2897 0.9549 -0.0659
vn -0.0978 0.9930 -0.0659
vn -0.0165 0.1671 0.9858
vn 0.1209 -0.3985 0.9092
vn -0.4703 -0.8800 0.0659
vn -0.2896 -0.9549 0.0659
vn -0.2897 -0.9549 0.0659
vn -0.0978 -0.9930 0.0659
vn -0.0165 -0.1671 -0.9858
usemtl pskmat0.019
s off
f 1203/1/1 1199/2/1 1202/3/1
f 1200/4/2 1198/5/2 1199/2/2
f 1199/2/3 1203/1/3 1200/4/3
f 1271/6/4 1200/4/4 1203/1/4
f 1200/4/4 1271/6/4 1269/7/4
f 1631/8/5 1269/7/5 1271/6/5
f 1269/7/6 1631/8/6 1630/9/6
f 1629/10/7 1269/7/7 1630/9/7
f 1269/7/8 1629/10/8 1270/11/8
f 1643/12/9 1270/11/9 1629/10/9
f 1270/11/10 1643/12/10 1282/13/10
f 1221/14/11 1218/15/11 1220/16/11
f 1220/16/12 1223/17/12 1221/14/12
f 1281/18/13 1221/14/13 1223/17/13
f 1223/17/14 1284/19/14 1281/18/14
f 1284/19/14 1223/17/14 1229/20/14
f 1229/20/15 1283/21/15 1284/19/15
f 1283/21/15 1229/20/15 1227/22/15
f 1227/22/16 1282/13/16 1283/21/16
f 1282/13/16 1227/22/16 1226/23/16
f 1226/23/17 1270/11/17 1282/13/17
f 1270/11/18 1226/23/18 1201/24/18
f 1201/24/19 1269/7/19 1270/11/19
f 1269/7/20 1201/24/20 1200/4/20
f 1223/17/21 1220/16/21 1222/25/21
f 1222/25/22 1229/20/22 1223/17/22
f 1229/20/23 1222/25/23 1228/26/23
f 1228/26/24 1227/22/24 1229/20/24
f 1227/22/25 1228/26/25 1224/27/25
f 1224/27/26 1226/23/26 1227/22/26
f 1226/23/27 1224/27/27 1225/28/27
f 1225/28/28 1201/24/28 1226/23/28
f 1201/24/29 1225/28/29 1198/5/29
f 1198/5/30 1200/4/30 1201/24/30
f 1685/29/31 1806/30/31 1805/31/31
f 1805/31/32 1684/32/32 1685/29/32
f 1684/32/33 1805/31/33 1804/33/33
f 1803/34/34 1684/32/34 1804/33/34
f 1803/34/35 1682/35/35 1683/36/35
f 1684/32/36 1803/34/36 1683/36/36
f 1683/36/37 1527/37/37 1684/32/37
f 1526/38/38 1684/32/38 1527/37/38
f 1684/32/39 1526/38/39 1685/29/39
f 1526/38/40 1686/39/40 1685/29/40
f 1806/30/41 1685/29/41 1686/39/41
f 1687/40/42 1806/30/42 1686/39/42
f 1806/30/43 1687/40/43 1807/41/43
f 1688/42/44 1807/41/44 1687/40/44
f 1527/37/45 1683/36/45 1528/43/45
f 1682/35/46 1528/43/46 1683/36/46
f 1528/43/47 1682/35/47 1529/44/47
f 1475/45/48 1526/38/48 1527/37/48
f 1528/43/49 1475/45/49 1527/37/49
f 1475/45/50 1528/43/50 1476/46/50
f 1528/43/51 1479/47/51 1476/46/51
f 1479/47/52 1528/43/52 1529/44/52
f 1532/48/53 1479/47/53 1529/44/53
f 1529/44/54 1681/49/54 1532/48/54
f 1681/49/55 1529/44/55 1682/35/55
f 1802/50/56 1681/49/56 1682/35/56
f 1682/35/57 1803/34/57 1802/50/57
f 1681/49/58 1802/50/58 1801/51/58
f 1476/46/59 1478/52/59 1477/53/59
f 1478/52/60 1476/46/60 1479/47/60
f 1484/54/61 1478/52/61 1479/47/61
f 1479/47/62 1532/48/62 1484/54/62
f 1530/55/63 1484/54/63 1532/48/63
f 1681/49/64 1530/55/64 1532/48/64
f 1530/55/65 1681/49/65 1680/56/65
f 1801/51/66 1680/56/66 1681/49/66
f 1680/56/67 1801/51/67 1800/57/67
f 1799/58/68 1680/56/68 1800/57/68
f 1478/52/69 1484/54/69 1485/59/69
f 1481/60/70 1485/59/70 1484/54/70
f 1484/54/71 1530/55/71 1481/60/71
f 1531/61/72 1481/60/72 1530/55/72
f 1481/60/73 1531/61/73 1482/62/73
f 1517/63/74 1482/62/74 1531/61/74
f 1482/62/75 1517/63/75 1455/64/75
f 1518/65/76 1455/64/76 1517/63/76
f 1455/64/77 1518/65/77 1456/66/77
f 1518/65/78 1459/67/78 1456/66/78
f 1456/66/79 1458/68/79 1457/69/79
f 1454/70/80 1456/66/80 1457/69/80
f 1456/66/81 1454/70/81 1455/64/81
f 1483/71/82 1455/64/82 1454/70/82
f 1455/64/83 1483/71/83 1482/62/83
f 1480/72/84 1482/62/84 1483/71/84
f 1482/62/85 1480/72/85 1481/60/85
f 1485/59/86 1481/60/86 1480/72/86
f 1458/68/87 1456/66/87 1459/67/87
f 1460/73/88 1458/68/88 1459/67/88
f 1458/68/89 1460/73/89 1461/74/89
f 1460/73/90 1462/75/90 1461/74/90
f 1462/75/91 1460/73/91 1463/76/91
f 1468/77/92 1462/75/92 1463/76/92
f 1463/76/93 1524/78/93 1468/77/93
f 1524/78/94 1463/76/94 1521/79/94
f 1463/76/95 1520/80/95 1521/79/95
f 1520/80/96 1463/76/96 1460/73/96
f 1459/67/97 1520/80/97 1460/73/97
f 1520/80/98 1459/67/98 1519/81/98
f 1459/67/99 1518/65/99 1519/81/99
f 1462/75/100 1468/77/100 1469/82/100
f 1520/80/101 1674/83/101 1521/79/101
f 1673/84/102 1521/79/102 1674/83/102
f 1521/79/103 1673/84/103 1524/78/103
f 1673/84/104 1522/85/104 1524/78/104
f 1522/85/105 1468/77/105 1524/78/105
f 1468/77/106 1522/85/106 1465/86/106
f 1465/86/107 1469/82/107 1468/77/107
f 1469/82/108 1465/86/108 1464/87/108
f 1466/88/109 1464/87/109 1465/86/109
f 1464/87/110 1466/88/110 1467/89/110
f 1522/85/111 1673/84/111 1672/90/111
f 1672/90/112 1793/91/112 1792/92/112
f 1791/93/113 1672/90/113 1792/92/113
f 1672/90/114 1791/93/114 1671/94/114
f 1671/94/115 1522/85/115 1672/90/115
f 1522/85/116 1671/94/116 1523/95/116
f 1523/95/117 1465/86/117 1522/85/117
f 1465/86/118 1523/95/118 1466/88/118
f 1509/96/119 1466/88/119 1523/95/119
f 1466/88/120 1509/96/120 1439/97/120
f 1510/98/121 1439/97/121 1509/96/121
f 1790/99/122 1671/94/122 1791/93/122
f 1671/94/123 1790/99/123 1670/100/123
f 1670/100/124 1523/95/124 1671/94/124
f 1523/95/125 1670/100/125 1509/96/125
f 1670/100/126 1510/98/126 1509/96/126
f 1510/98/127 1670/100/127 1669/101/127
f 1790/99/128 1669/101/128 1670/100/128
f 1669/101/129 1790/99/129 1789/102/129
f 1789/102/130 1668/103/130 1669/101/130
f 1668/103/131 1789/102/131 1788/104/131
f 1787/105/132 1668/103/132 1788/104/132
f 1668/103/133 1787/105/133 1667/106/133
f 1787/105/134 1666/107/134 1667/106/134
f 1666/107/135 1512/108/135 1667/106/135
f 1666/107/136 1787/105/136 1786/109/136
f 1512/108/137 1666/107/137 1513/110/137
f 1665/111/138 1513/110/138 1666/107/138
f 1786/109/139 1665/111/139 1666/107/139
f 1665/111/140 1786/109/140 1785/112/140
f 1785/112/141 1664/113/141 1665/111/141
f 1664/113/142 1785/112/142 1784/114/142
f 1783/115/143 1664/113/143 1784/114/143
f 1516/116/144 1447/117/144 1513/110/144
f 1513/110/145 1665/111/145 1516/116/145
f 1665/111/146 1514/118/146 1516/116/146
f 1514/118/147 1665/111/147 1664/113/147
f 1663/119/148 1514/118/148 1664/113/148
f 1664/113/149 1783/115/149 1663/119/149
f 1782/120/150 1663/119/150 1783/115/150
f 1663/119/151 1782/120/151 1662/121/151
f 1782/120/152 1660/122/152 1662/121/152
f 1501/123/153 1662/121/153 1660/122/153
f 1447/117/154 1516/116/154 1452/124/154
f 1514/118/155 1452/124/155 1516/116/155
f 1452/124/156 1514/118/156 1449/125/156
f 1515/126/157 1449/125/157 1514/118/157
f 1514/118/158 1663/119/158 1515/126/158
f 1662/121/159 1515/126/159 1663/119/159
f 1515/126/160 1662/121/160 1500/127/160
f 1662/121/161 1501/123/161 1500/127/161
f 1501/123/162 1421/128/162 1500/127/162
f 1421/128/163 1501/123/163 1422/129/163
f 1501/123/164 1425/130/164 1422/129/164
f 1425/130/165 1501/123/165 1502/131/165
f 1503/132/166 1425/130/166 1502/131/166
f 1450/133/167 1500/127/167 1421/128/167
f 1500/127/168 1450/133/168 1515/126/168
f 1449/125/169 1515/126/169 1450/133/169
f 1442/134/170 1444/135/170 1445/136/170
f 1444/135/171 1446/137/171 1445/136/171
f 1446/137/172 1444/135/172 1447/117/172
f 1452/124/173 1446/137/173 1447/117/173
f 1446/137/174 1452/124/174 1453/138/174
f 1449/125/175 1453/138/175 1452/124/175
f 1453/138/176 1449/125/176 1448/139/176
f 1450/133/177 1448/139/177 1449/125/177
f 1448/139/178 1450/133/178 1451/140/178
f 1421/128/179 1451/140/179 1450/133/179
f 1439/97/180 1467/89/180 1466/88/180
f 1467/89/181 1439/97/181 1438/141/181
f 1440/142/182 1438/141/182 1439/97/182
f 1438/141/183 1440/142/183 1441/143/183
f 1440/142/184 1442/134/184 1441/143/184
f 1442/134/185 1440/142/185 1443/144/185
f 1444/135/186 1442/134/186 1443/144/186
f 1443/144/187 1512/108/187 1444/135/187
f 1512/108/188 1447/117/188 1444/135/188
f 1447/117/189 1512/108/189 1513/110/189
f 1439/97/190 1510/98/190 1440/142/190
f 1510/98/191 1443/144/191 1440/142/191
f 1443/144/192 1510/98/192 1511/145/192
f 1512/108/193 1443/144/193 1511/145/193
f 1511/145/194 1667/106/194 1512/108/194
f 1667/106/195 1511/145/195 1668/103/195
f 1510/98/196 1668/103/196 1511/145/196
f 1668/103/197 1510/98/197 1669/101/197
f 1316/146/198 1383/147/198 1307/148/198
f 1384/149/199 1307/148/199 1383/147/199
f 1314/150/200 1316/146/200 1317/151/200
f 1307/148/201 1317/151/201 1316/146/201
f 1317/151/202 1307/148/202 1306/152/202
f 1308/153/203 1306/152/203 1307/148/203
f 1307/148/199 1384/149/199 1308/153/199
f 1380/154/204 1308/153/204 1384/149/204
f 1384/149/205 1062/155/205 1380/154/205
f 1062/155/206 1381/156/206 1380/154/206
f 1381/156/207 1301/157/207 1380/154/207
f 1301/157/208 1381/156/208 1302/158/208
f 1308/153/209 1380/154/209 1301/157/209
f 1301/157/210 1309/159/210 1308/153/210
f 1306/152/211 1308/153/211 1309/159/211
f 1309/159/212 1301/157/212 1300/160/212
f 1381/156/213 1062/155/213 1061/161/213
f 1060/162/214 1381/156/214 1061/161/214
f 1302/158/215 1300/160/215 1301/157/215
f 1300/160/216 1302/158/216 1303/163/216
f 1302/158/217 1304/164/217 1303/163/217
f 1304/164/218 1302/158/218 1305/165/218
f 1328/166/219 1304/164/219 1305/165/219
f 1305/165/220 1394/167/220 1328/166/220
f 1394/167/221 1331/168/221 1328/166/221
f 1331/168/221 1394/167/221 1395/169/221
f 1396/170/222 1331/168/222 1395/169/222
f 1395/169/223 1076/171/223 1396/170/223
f 1394/167/224 1305/165/224 1382/172/224
f 1076/171/225 1395/169/225 1074/173/225
f 1394/167/226 1074/173/226 1395/169/226
f 1074/173/227 1394/167/227 1075/174/227
f 1382/172/228 1075/174/228 1394/167/228
f 1075/174/229 1382/172/229 1060/162/229
f 1381/156/230 1060/162/230 1382/172/230
f 1305/165/231 1381/156/231 1382/172/231
f 1381/156/232 1305/165/232 1302/158/232
f 1074/173/233 1034/175/233 1035/176/233
f 1034/175/234 1074/173/234 1075/174/234
f 1075/174/235 1022/177/235 1034/175/235
f 1022/177/236 1075/174/236 1060/162/236
f 1060/162/237 1020/178/237 1022/177/237
f 1020/178/238 1060/162/238 1061/161/238
f 1061/161/239 1021/179/239 1020/178/239
f 1021/179/240 1061/161/240 1062/155/240
f 1062/155/241 1023/180/241 1021/179/241
f 1023/180/242 1062/155/242 1063/181/242
f 1023/180/243 949/182/243 948/183/243
f 948/183/244 1021/179/244 1023/180/244
f 1021/179/245 948/183/245 943/184/245
f 943/184/246 1020/178/246 1021/179/246
f 1020/178/247 943/184/247 942/185/247
f 942/185/248 1022/177/248 1020/178/248
f 1022/177/249 942/185/249 945/186/249
f 945/186/250 1034/175/250 1022/177/250
f 1034/175/251 945/186/251 969/187/251
f 969/187/252 1035/176/252 1034/175/252
f 971/188/253 968/189/253 970/190/253
f 968/189/254 971/188/254 969/187/254
f 969/187/255 944/191/255 968/189/255
f 944/191/256 969/187/256 945/186/256
f 945/186/257 941/192/257 944/191/257
f 941/192/258 945/186/258 942/185/258
f 942/185/259 940/193/259 941/192/259
f 940/193/260 942/185/260 943/184/260
f 943/184/261 947/194/261 940/193/261
f 947/194/262 943/184/262 948/183/262
f 960/195/263 958/196/263 959/197/263
f 958/196/264 960/195/264 961/198/264
f 961/198/265 965/199/265 958/196/265
f 965/199/266 961/198/266 966/200/266
f 966/200/267 964/201/267 965/199/267
f 964/201/268 966/200/268 967/202/268
f 967/202/269 972/203/269 964/201/269
f 972/203/270 967/202/270 973/204/270
f 973/204/271 970/190/271 972/203/271
f 970/190/272 973/204/272 971/188/272
f 1035/176/252 969/187/252 971/188/252
f 971/188/273 1036/205/273 1035/176/273
f 1036/205/274 971/188/274 973/204/274
f 973/204/275 1033/206/275 1036/205/275
f 1033/206/275 973/204/275 967/202/275
f 967/202/276 1032/207/276 1033/206/276
f 1032/207/276 967/202/276 966/200/276
f 966/200/277 1030/208/277 1032/207/277
f 1030/208/278 966/200/278 961/198/278
f 961/198/279 1029/209/279 1030/208/279
f 1029/209/279 961/198/279 960/195/279
f 1070/210/280 1030/208/280 1029/209/280
f 1030/208/281 1070/210/281 1071/211/281
f 1071/211/282 1032/207/282 1030/208/282
f 1032/207/283 1071/211/283 1072/212/283
f 1072/212/284 1033/206/284 1032/207/284
f 1033/206/284 1072/212/284 1073/213/284
f 1073/213/285 1036/205/285 1033/206/285
f 1036/205/286 1073/213/286 1076/171/286
f 1076/171/287 1035/176/287 1036/205/287
f 1035/176/288 1076/171/288 1074/173/288
f 1390/214/289 1071/211/289 1070/210/289
f 1071/211/290 1390/214/290 1389/215/290
f 1390/214/291 1319/216/291 1389/215/291
f 1326/217/292 1389/215/292 1319/216/292
f 1389/215/293 1326/217/293 1393/218/293
f 1393/218/294 1071/211/294 1389/215/294
f 1071/211/295 1393/218/295 1072/212/295
f 1393/218/296 1073/213/296 1072/212/296
f 1319/216/291 1390/214/291 1320/219/291
f 1073/213/297 1396/170/297 1076/171/297
f 1396/170/298 1073/213/298 1392/220/298
f 1073/213/296 1393/218/296 1392/220/296
f 1393/218/299 1325/221/299 1392/220/299
f 1325/221/299 1393/218/299 1326/217/299
f 1326/217/300 1324/222/300 1325/221/300
f 1324/222/301 1326/217/301 1327/223/301
f 1319/216/302 1327/223/302 1326/217/302
f 1327/223/303 1319/216/303 1318/224/303
f 1320/219/304 1318/224/304 1319/216/304
f 1318/224/305 1320/219/305 1321/225/305
f 1333/226/306 1325/221/306 1324/222/306
f 1325/221/307 1333/226/307 1332/227/307
f 1332/227/308 1392/220/308 1325/221/308
f 1392/220/308 1332/227/308 1396/170/308
f 1331/168/309 1396/170/309 1332/227/309
f 1332/227/310 1330/228/310 1331/168/310
f 1330/228/311 1328/166/311 1331/168/311
f 1328/166/312 1330/228/312 1329/229/312
f 1304/164/313 1328/166/313 1329/229/313
f 1330/228/314 1332/227/314 1333/226/314
f 601/230/315 592/231/315 602/232/315
f 602/232/316 667/233/316 601/230/316
f 666/234/317 601/230/317 667/233/317
f 601/230/318 666/234/318 600/235/318
f 557/236/319 601/230/319 600/235/319
f 601/230/320 557/236/320 553/237/320
f 592/231/321 601/230/321 553/237/321
f 592/231/322 553/237/322 610/238/322
f 582/239/323 592/231/323 610/238/323
f 569/240/324 582/239/324 610/238/324
f 569/240/325 583/241/325 582/239/325
f 557/236/326 554/242/326 553/237/326
f 583/241/327 569/240/327 584/243/327
f 584/243/328 655/244/328 583/241/328
f 654/245/329 583/241/329 655/244/329
f 583/241/330 654/245/330 581/246/330
f 581/246/331 582/239/331 583/241/331
f 582/239/332 581/246/332 580/247/332
f 587/248/333 582/239/333 580/247/333
f 585/249/334 587/248/334 580/247/334
f 587/248/335 585/249/335 586/250/335
f 588/251/336 586/250/336 585/249/336
f 589/252/337 657/253/337 586/250/337
f 658/254/338 586/250/338 657/253/338
f 586/250/339 658/254/339 587/248/339
f 589/252/340 590/255/340 591/256/340
f 591/256/341 659/257/341 589/252/341
f 657/253/342 589/252/342 659/257/342
f 659/257/343 858/258/343 657/253/343
f 657/253/344 858/258/344 658/254/344
f 658/254/345 858/258/345 662/259/345
f 662/259/346 587/248/346 658/254/346
f 587/248/347 662/259/347 594/260/347
f 582/239/348 587/248/348 594/260/348
f 593/261/349 582/239/349 594/260/349
f 582/239/349 593/261/349 592/231/349
f 591/256/350 592/231/350 593/261/350
f 593/261/351 660/262/351 591/256/351
f 659/257/352 591/256/352 660/262/352
f 660/262/353 858/258/353 659/257/353
f 661/263/354 858/258/354 660/262/354
f 662/259/355 858/258/355 661/263/355
f 661/263/356 594/260/356 662/259/356
f 594/260/357 661/263/357 593/261/357
f 660/262/358 593/261/358 661/263/358
f 600/235/359 665/264/359 599/265/359
f 665/264/360 600/235/360 666/234/360
f 666/234/361 857/266/361 665/264/361
f 667/233/362 857/266/362 666/234/362
f 668/267/363 857/266/363 667/233/363
f 667/233/364 602/232/364 668/267/364
f 597/268/365 668/267/365 602/232/365
f 592/231/366 597/268/366 602/232/366
f 597/268/367 592/231/367 590/255/367
f 592/231/368 591/256/368 590/255/368
f 668/267/369 597/268/369 664/269/369
f 664/269/370 857/266/370 668/267/370
f 595/270/371 597/268/371 590/255/371
f 597/268/372 595/270/372 596/271/372
f 596/271/373 664/269/373 597/268/373
f 664/269/374 596/271/374 663/272/374
f 663/272/375 857/266/375 664/269/375
f 665/264/376 857/266/376 663/272/376
f 663/272/377 599/265/377 665/264/377
f 599/265/378 663/272/378 596/271/378
f 596/271/379 598/273/379 599/265/379
f 598/273/380 596/271/380 595/270/380
f 734/274/381 736/275/381 737/276/381
f 750/277/382 737/276/382 736/275/382
f 737/276/383 750/277/383 751/278/383
f 614/279/384 751/278/384 750/277/384
f 751/278/385 614/279/385 613/280/385
f 611/281/386 613/280/386 614/279/386
f 613/280/387 611/281/387 598/273/387
f 611/281/388 557/236/388 598/273/388
f 557/236/389 599/265/389 598/273/389
f 599/265/390 557/236/390 600/235/390
f 675/282/391 611/281/391 674/283/391
f 614/279/392 674/283/392 611/281/392
f 557/236/393 611/281/393 612/284/393
f 611/281/394 675/282/394 612/284/394
f 677/285/395 612/284/395 675/282/395
f 935/286/396 677/285/396 675/282/396
f 935/286/397 675/282/397 674/283/397
f 935/286/398 674/283/398 676/287/398
f 674/283/399 614/279/399 676/287/399
f 750/277/400 676/287/400 614/279/400
f 676/287/401 750/277/401 754/288/401
f 736/275/402 754/288/402 750/277/402
f 754/288/403 736/275/403 739/289/403
f 735/290/404 739/289/404 736/275/404
f 739/289/405 735/290/405 738/291/405
f 735/290/406 753/292/406 738/291/406
f 935/286/407 738/291/407 753/292/407
f 935/286/408 739/289/408 738/291/408
f 935/286/409 754/288/409 739/289/409
f 935/286/410 676/287/410 754/288/410
f 559/293/411 612/284/411 615/294/411
f 612/284/412 677/285/412 615/294/412
f 678/295/413 615/294/413 677/285/413
f 935/286/414 678/295/414 677/285/414
f 935/286/415 752/296/415 678/295/415
f 935/286/416 753/292/416 752/296/416
f 749/297/417 752/296/417 753/292/417
f 753/292/418 735/290/418 749/297/418
f 734/274/419 749/297/419 735/290/419
f 736/275/420 734/274/420 735/290/420
f 752/296/421 749/297/421 748/298/421
f 748/298/422 678/295/422 752/296/422
f 678/295/423 748/298/423 616/299/423
f 615/294/424 678/295/424 616/299/424
f 616/299/425 559/293/425 615/294/425
f 559/293/426 616/299/426 617/300/426
f 616/299/427 747/301/427 617/300/427
f 747/301/428 616/299/428 748/298/428
f 748/298/429 746/302/429 747/301/429
f 746/302/430 748/298/430 749/297/430
f 749/297/431 734/274/431 746/302/431
f 564/303/432 643/304/432 562/305/432
f 643/304/432 564/303/432 644/306/432
f 644/306/433 855/307/433 643/304/433
f 640/308/434 855/307/434 644/306/434
f 855/307/435 640/308/435 639/309/435
f 640/308/436 554/242/436 639/309/436
f 558/310/437 639/309/437 554/242/437
f 554/242/438 557/236/438 558/310/438
f 559/293/439 558/310/439 557/236/439
f 612/284/440 559/293/440 557/236/440
f 556/311/441 569/240/441 610/238/441
f 553/237/442 556/311/442 610/238/442
f 553/237/443 555/312/443 556/311/443
f 555/312/444 553/237/444 554/242/444
f 554/242/445 640/308/445 555/312/445
f 644/306/446 555/312/446 640/308/446
f 555/312/447 644/306/447 564/303/447
f 564/303/448 556/311/448 555/312/448
f 556/311/449 564/303/449 563/313/449
f 572/314/450 556/311/450 563/313/450
f 648/315/451 572/314/451 649/316/451
f 572/314/452 648/315/452 571/317/452
f 556/311/453 572/314/453 571/317/453
f 570/318/454 556/311/454 571/317/454
f 556/311/455 570/318/455 569/240/455
f 566/319/456 569/240/456 570/318/456
f 570/318/457 645/320/457 566/319/457
f 646/321/458 566/319/458 645/320/458
f 645/320/459 856/322/459 646/321/459
f 647/323/460 856/322/460 645/320/460
f 648/315/461 856/322/461 647/323/461
f 647/323/462 571/317/462 648/315/462
f 571/317/463 647/323/463 570/318/463
f 645/320/464 570/318/464 647/323/464
f 577/324/465 656/325/465 584/243/465
f 569/240/466 577/324/466 584/243/466
f 577/324/467 569/240/467 565/326/467
f 569/240/468 566/319/468 565/326/468
f 567/327/469 565/326/469 566/319/469
f 566/319/470 646/321/470 567/327/470
f 650/328/471 567/327/471 646/321/471
f 646/321/472 856/322/472 650/328/472
f 650/328/473 856/322/473 649/316/473
f 649/316/474 856/322/474 648/315/474
f 656/325/475 577/324/475 652/329/475
f 652/329/476 859/330/476 656/325/476
f 574/331/477 649/316/477 572/314/477
f 649/316/477 574/331/477 650/328/477
f 567/327/478 650/328/478 574/331/478
f 574/331/479 568/332/479 567/327/479
f 565/326/480 567/327/480 568/332/480
f 629/333/481 565/326/481 568/332/481
f 565/326/482 629/333/482 628/334/482
f 629/333/483 686/335/483 628/334/483
f 684/336/484 628/334/484 686/335/484
f 938/337/485 684/336/485 686/335/485
f 686/335/486 629/333/486 687/338/486
f 938/337/487 686/335/487 687/338/487
f 568/332/488 574/331/488 573/339/488
f 938/337/489 804/340/489 789/341/489
f 938/337/490 688/342/490 804/340/490
f 938/337/491 687/338/491 688/342/491
f 687/338/492 631/343/492 688/342/492
f 631/343/493 687/338/493 629/333/493
f 629/333/494 630/344/494 631/343/494
f 630/344/495 629/333/495 568/332/495
f 801/345/496 631/343/496 630/344/496
f 631/343/497 801/345/497 800/346/497
f 800/346/498 688/342/498 631/343/498
f 688/342/499 800/346/499 804/340/499
f 786/347/500 804/340/500 800/346/500
f 800/346/501 787/348/501 786/347/501
f 784/349/502 786/347/502 787/348/502
f 787/348/503 800/346/503 801/345/503
f 938/337/504 685/350/504 684/336/504
f 938/337/505 802/351/505 685/350/505
f 798/352/506 685/350/506 802/351/506
f 802/351/507 799/353/507 798/352/507
f 796/354/508 798/352/508 799/353/508
f 799/353/509 784/349/509 796/354/509
f 784/349/510 799/353/510 785/355/510
f 786/347/511 784/349/511 785/355/511
f 785/355/512 789/341/512 786/347/512
f 804/340/513 786/347/513 789/341/513
f 789/341/514 785/355/514 788/356/514
f 938/337/515 789/341/515 788/356/515
f 938/337/516 788/356/516 803/357/516
f 938/337/517 803/357/517 802/351/517
f 799/353/518 802/351/518 803/357/518
f 803/357/519 785/355/519 799/353/519
f 785/355/520 803/357/520 788/356/520
f 798/352/521 796/354/521 797/358/521
f 797/358/522 626/359/522 798/352/522
f 626/359/523 797/358/523 627/360/523
f 575/361/524 626/359/524 627/360/524
f 626/359/525 575/361/525 625/362/525
f 625/362/526 685/350/526 626/359/526
f 685/350/527 625/362/527 684/336/527
f 628/334/528 684/336/528 625/362/528
f 575/361/529 628/334/529 625/362/529
f 628/334/530 575/361/530 565/326/530
f 685/350/531 798/352/531 626/359/531
f 575/361/532 577/324/532 565/326/532
f 577/324/533 575/361/533 576/363/533
f 576/363/534 652/329/534 577/324/534
f 652/329/535 576/363/535 651/364/535
f 651/364/536 859/330/536 652/329/536
f 653/365/537 859/330/537 651/364/537
f 651/364/538 579/366/538 653/365/538
f 579/366/539 651/364/539 576/363/539
f 576/363/540 578/367/540 579/366/540
f 578/367/541 576/363/541 575/361/541
f 632/368/542 634/369/542 578/367/542
f 634/369/543 580/247/543 578/367/543
f 580/247/544 579/366/544 578/367/544
f 579/366/545 580/247/545 581/246/545
f 581/246/546 653/365/546 579/366/546
f 653/365/547 581/246/547 654/245/547
f 654/245/548 859/330/548 653/365/548
f 655/244/549 859/330/549 654/245/549
f 656/325/550 859/330/550 655/244/550
f 655/244/551 584/243/551 656/325/551
f 635/370/552 822/371/552 636/372/552
f 585/249/553 635/370/553 636/372/553
f 635/370/554 585/249/554 637/373/554
f 585/249/555 638/374/555 637/373/555
f 638/374/556 585/249/556 580/247/556
f 580/247/557 634/369/557 638/374/557
f 633/375/558 690/376/558 634/369/558
f 693/377/559 634/369/559 690/376/559
f 634/369/560 693/377/560 638/374/560
f 692/378/561 638/374/561 693/377/561
f 638/374/562 692/378/562 637/373/562
f 691/379/563 637/373/563 692/378/563
f 637/373/564 691/379/564 635/370/564
f 691/379/565 823/380/565 635/370/565
f 822/371/566 635/370/566 823/380/566
f 823/380/567 821/381/567 822/371/567
f 939/382/568 814/383/568 813/384/568
f 939/382/569 829/385/569 814/383/569
f 939/382/570 689/386/570 829/385/570
f 939/382/571 690/376/571 689/386/571
f 939/382/572 693/377/572 690/376/572
f 939/382/573 692/378/573 693/377/573
f 939/382/574 691/379/574 692/378/574
f 939/382/575 827/387/575 691/379/575
f 823/380/576 691/379/576 827/387/576
f 827/387/577 824/388/577 823/380/577
f 824/388/578 827/387/578 828/389/578
f 828/389/579 810/390/579 824/388/579
f 939/382/580 828/389/580 827/387/580
f 939/382/581 813/384/581 828/389/581
f 810/390/582 828/389/582 813/384/582
f 814/383/583 810/390/583 813/384/583
f 810/390/584 814/383/584 811/391/584
f 829/385/585 811/391/585 814/383/585
f 811/391/586 829/385/586 825/392/586
f 689/386/587 825/392/587 829/385/587
f 825/392/588 689/386/588 633/375/588
f 690/376/589 633/375/589 689/386/589
f 821/381/590 823/380/590 824/388/590
f 824/388/591 809/393/591 821/381/591
f 809/393/592 824/388/592 810/390/592
f 811/391/593 809/393/593 810/390/593
f 809/393/594 811/391/594 812/394/594
f 825/392/595 812/394/595 811/391/595
f 812/394/596 825/392/596 826/395/596
f 633/375/597 826/395/597 825/392/597
f 826/395/598 633/375/598 632/368/598
f 634/369/599 632/368/599 633/375/599
f 538/396/600 530/397/600 537/398/600
f 530/397/601 538/396/601 531/399/601
f 531/399/602 529/400/602 530/397/602
f 529/400/603 531/399/603 532/401/603
f 532/401/604 543/402/604 529/400/604
f 543/402/605 532/401/605 544/403/605
f 542/404/606 526/405/606 541/406/606
f 526/405/607 542/404/607 527/407/607
f 527/407/608 525/408/608 526/405/608
f 525/408/609 527/407/609 528/409/609
f 528/409/610 552/410/610 525/408/610
f 552/410/611 528/409/611 551/411/611
f 550/412/612 522/413/612 549/414/612
f 522/413/613 550/412/613 523/415/613
f 523/415/614 521/416/614 522/413/614
f 521/416/615 523/415/615 524/417/615
f 524/417/616 545/418/616 521/416/616
f 545/418/617 524/417/617 546/419/617
f 548/420/618 518/421/618 547/422/618
f 518/421/619 548/420/619 519/423/619
f 519/423/620 517/424/620 518/421/620
f 517/424/621 519/423/621 520/425/621
f 520/425/622 535/426/622 517/424/622
f 535/426/623 520/425/623 536/427/623
f 534/428/624 514/429/624 533/430/624
f 514/429/625 534/428/625 515/431/625
f 515/431/626 513/432/626 514/429/626
f 513/432/627 515/431/627 516/433/627
f 516/433/628 539/434/628 513/432/628
f 539/434/629 516/433/629 540/435/629
f 1686/39/630 1526/38/630 1525/436/630
f 1538/437/631 1686/39/631 1525/436/631
f 1686/39/632 1538/437/632 1687/40/632
f 1537/438/633 1687/40/633 1538/437/633
f 1687/40/634 1537/438/634 1688/42/634
f 1537/438/635 1689/439/635 1688/42/635
f 1689/439/636 1537/438/636 1539/440/636
f 1536/441/637 1689/439/637 1539/440/637
f 1689/439/638 1536/441/638 1690/442/638
f 1807/41/639 1688/42/639 1808/443/639
f 1688/42/640 1809/444/640 1808/443/640
f 1809/444/641 1688/42/641 1689/439/641
f 1689/439/642 1810/445/642 1809/444/642
f 1810/445/643 1689/439/643 1690/442/643
f 1690/442/644 1811/446/644 1810/445/644
f 1811/446/645 1692/447/645 1812/448/645
f 1692/447/646 1811/446/646 1691/449/646
f 1811/446/647 1690/442/647 1691/449/647
f 1690/442/648 1535/450/648 1691/449/648
f 1535/450/649 1690/442/649 1536/441/649
f 1493/451/650 1535/450/650 1536/441/650
f 1539/440/651 1493/451/651 1536/441/651
f 1493/451/652 1539/440/652 1498/452/652
f 1537/438/653 1498/452/653 1539/440/653
f 1498/452/654 1537/438/654 1495/453/654
f 1498/452/655 1492/454/655 1493/451/655
f 1492/454/656 1490/455/656 1493/451/656
f 1535/450/657 1493/451/657 1490/455/657
f 1489/456/658 1535/450/658 1490/455/658
f 1490/455/659 1492/454/659 1491/457/659
f 1488/458/660 1490/455/660 1491/457/660
f 1490/455/661 1488/458/661 1489/456/661
f 1488/458/662 1486/459/662 1489/456/662
f 1486/459/663 1488/458/663 1487/460/663
f 1434/461/664 1486/459/664 1487/460/664
f 1436/462/665 1505/463/665 1431/464/665
f 1431/464/666 1437/465/666 1436/462/666
f 1437/465/667 1431/464/667 1430/466/667
f 1432/467/668 1430/466/668 1431/464/668
f 1430/466/669 1432/467/669 1433/468/669
f 1432/467/670 1434/461/670 1433/468/670
f 1434/461/671 1432/467/671 1435/469/671
f 1486/459/672 1434/461/672 1435/469/672
f 1435/469/673 1533/470/673 1486/459/673
f 1533/470/674 1489/456/674 1486/459/674
f 1431/464/675 1506/471/675 1432/467/675
f 1506/471/676 1435/469/676 1432/467/676
f 1435/469/677 1506/471/677 1507/472/677
f 1533/470/678 1435/469/678 1507/472/678
f 1694/473/679 1533/470/679 1507/472/679
f 1533/470/680 1694/473/680 1693/474/680
f 1814/475/681 1693/474/681 1694/473/681
f 1693/474/682 1814/475/682 1813/476/682
f 1813/476/683 1692/447/683 1693/474/683
f 1692/447/684 1813/476/684 1812/448/684
f 1506/471/685 1694/473/685 1507/472/685
f 1694/473/686 1506/471/686 1695/477/686
f 1695/477/687 1814/475/687 1694/473/687
f 1814/475/688 1695/477/688 1815/478/688
f 1696/479/689 1815/478/689 1695/477/689
f 1815/478/690 1696/479/690 1816/480/690
f 1696/479/691 1817/481/691 1816/480/691
f 1817/481/692 1696/479/692 1697/482/692
f 1697/482/693 1818/483/693 1817/481/693
f 1818/483/694 1697/482/694 1698/484/694
f 1506/471/695 1431/464/695 1505/463/695
f 1505/463/696 1695/477/696 1506/471/696
f 1695/477/697 1505/463/697 1696/479/697
f 1505/463/698 1697/482/698 1696/479/698
f 1661/485/699 1501/123/699 1660/122/699
f 1501/123/700 1661/485/700 1502/131/700
f 1699/486/701 1502/131/701 1661/485/701
f 1502/131/702 1699/486/702 1503/132/702
f 1698/484/703 1503/132/703 1699/486/703
f 1503/132/704 1698/484/704 1504/487/704
f 1697/482/705 1504/487/705 1698/484/705
f 1504/487/706 1697/482/706 1508/488/706
f 1697/482/707 1505/463/707 1508/488/707
f 1505/463/708 1436/462/708 1508/488/708
f 1698/484/709 1819/489/709 1818/483/709
f 1819/489/710 1698/484/710 1699/486/710
f 1661/485/711 1819/489/711 1699/486/711
f 1819/489/712 1661/485/712 1781/490/712
f 1661/485/713 1780/491/713 1781/490/713
f 1780/491/714 1661/485/714 1660/122/714
f 1660/122/715 1782/120/715 1780/491/715
f 1451/140/716 1421/128/716 1420/492/716
f 1422/129/717 1420/492/717 1421/128/717
f 1420/492/718 1422/129/718 1423/493/718
f 1422/129/719 1424/494/719 1423/493/719
f 1424/494/720 1422/129/720 1425/130/720
f 1426/495/721 1424/494/721 1425/130/721
f 1425/130/722 1503/132/722 1426/495/722
f 1503/132/723 1429/496/723 1426/495/723
f 1429/496/724 1503/132/724 1504/487/724
f 1508/488/725 1429/496/725 1504/487/725
f 1429/496/726 1508/488/726 1436/462/726
f 1436/462/727 1428/497/727 1429/496/727
f 1428/497/728 1436/462/728 1437/465/728
f 1428/497/729 1426/495/729 1429/496/729
f 1426/495/730 1428/497/730 1427/498/730
f 1424/494/731 1426/495/731 1427/498/731
f 1678/499/732 1518/65/732 1517/63/732
f 1531/61/733 1678/499/733 1517/63/733
f 1678/499/734 1531/61/734 1679/500/734
f 1530/55/735 1679/500/735 1531/61/735
f 1679/500/736 1530/55/736 1680/56/736
f 1680/56/737 1799/58/737 1679/500/737
f 1798/501/738 1679/500/738 1799/58/738
f 1679/500/739 1798/501/739 1678/499/739
f 1798/501/740 1677/502/740 1678/499/740
f 1518/65/741 1678/499/741 1677/502/741
f 1676/503/742 1518/65/742 1677/502/742
f 1518/65/743 1676/503/743 1519/81/743
f 1675/504/744 1519/81/744 1676/503/744
f 1519/81/745 1675/504/745 1520/80/745
f 1674/83/746 1520/80/746 1675/504/746
f 1677/502/747 1798/501/747 1797/505/747
f 1797/505/748 1676/503/748 1677/502/748
f 1676/503/749 1797/505/749 1796/506/749
f 1795/507/750 1676/503/750 1796/506/750
f 1676/503/751 1795/507/751 1675/504/751
f 1795/507/752 1674/83/752 1675/504/752
f 1674/83/753 1795/507/753 1794/508/753
f 1794/508/754 1673/84/754 1674/83/754
f 1673/84/755 1794/508/755 1793/91/755
f 1793/91/756 1672/90/756 1673/84/756
f 1273/509/757 1205/510/757 1207/511/757
f 1205/510/757 1273/509/757 1272/512/757
f 1207/511/758 1204/513/758 1206/514/758
f 1204/513/759 1207/511/759 1205/510/759
f 1205/510/760 1202/515/760 1204/513/760
f 1202/515/761 1205/510/761 1203/516/761
f 1272/512/762 1203/516/762 1205/510/762
f 1203/516/762 1272/512/762 1271/517/762
f 1272/512/763 1631/518/763 1271/517/763
f 1631/518/764 1272/512/764 1632/519/764
f 1272/512/765 1633/520/765 1632/519/765
f 1633/520/766 1272/512/766 1273/509/766
f 1276/521/767 1633/520/767 1273/509/767
f 1207/511/768 1276/521/768 1273/509/768
f 1276/521/768 1207/511/768 1213/522/768
f 1213/522/769 1275/523/769 1276/521/769
f 1275/523/769 1213/522/769 1211/524/769
f 1211/524/770 1274/525/770 1275/523/770
f 1274/525/770 1211/524/770 1210/526/770
f 1210/526/771 1261/527/771 1274/525/771
f 1261/527/771 1210/526/771 1183/528/771
f 1183/528/772 1260/529/772 1261/527/772
f 1182/530/773 1180/531/773 1181/532/773
f 1180/531/774 1182/530/774 1183/528/774
f 1183/528/775 1209/533/775 1180/531/775
f 1209/533/776 1183/528/776 1210/526/776
f 1210/526/777 1208/534/777 1209/533/777
f 1208/534/778 1210/526/778 1211/524/778
f 1211/524/779 1212/535/779 1208/534/779
f 1212/535/780 1211/524/780 1213/522/780
f 1213/522/781 1206/514/781 1212/535/781
f 1206/514/782 1213/522/782 1207/511/782
f 1193/536/783 1196/537/783 1190/538/783
f 1196/537/784 1193/536/784 1197/539/784
f 1197/539/785 1188/540/785 1196/537/785
f 1188/540/786 1197/539/786 1189/541/786
f 1189/541/787 1186/542/787 1188/540/787
f 1186/542/788 1189/541/788 1187/543/788
f 1187/543/789 1184/544/789 1186/542/789
f 1184/544/790 1187/543/790 1185/545/790
f 1185/545/791 1181/532/791 1184/544/791
f 1181/532/792 1185/545/792 1182/530/792
f 1260/529/772 1183/528/772 1182/530/772
f 1182/530/793 1262/546/793 1260/529/793
f 1262/546/793 1182/530/793 1185/545/793
f 1185/545/794 1263/547/794 1262/546/794
f 1263/547/794 1185/545/794 1187/543/794
f 1187/543/795 1264/548/795 1263/547/795
f 1264/548/795 1187/543/795 1189/541/795
f 1189/541/796 1268/549/796 1264/548/796
f 1268/549/796 1189/541/796 1197/539/796
f 1197/539/797 1266/550/797 1268/549/797
f 1622/551/798 1260/529/798 1262/546/798
f 1263/547/799 1622/551/799 1262/546/799
f 1622/551/800 1263/547/800 1623/552/800
f 1263/547/801 1624/553/801 1623/552/801
f 1624/553/802 1263/547/802 1264/548/802
f 1268/549/803 1624/553/803 1264/548/803
f 1624/553/804 1268/549/804 1628/554/804
f 1266/550/805 1628/554/805 1268/549/805
f 1628/554/806 1266/550/806 1625/555/806
f 1265/556/807 1625/555/807 1266/550/807
f 1266/550/797 1197/539/797 1193/536/797
f 1193/536/808 1265/556/808 1266/550/808
f 1265/556/808 1193/536/808 1192/557/808
f 1192/557/809 1267/558/809 1265/556/809
f 1267/558/809 1192/557/809 1195/559/809
f 1195/559/810 1293/560/810 1267/558/810
f 1293/560/810 1195/559/810 1247/561/810
f 1247/561/811 1294/562/811 1293/560/811
f 1294/562/811 1247/561/811 1249/563/811
f 1249/563/812 1295/564/812 1294/562/812
f 1625/555/813 1265/556/813 1626/565/813
f 1265/556/814 1627/566/814 1626/565/814
f 1627/566/815 1265/556/815 1267/558/815
f 1293/560/816 1627/566/816 1267/558/816
f 1627/566/817 1293/560/817 1653/567/817
f 1293/560/818 1654/568/818 1653/567/818
f 1654/568/819 1293/560/819 1294/562/819
f 1295/564/820 1654/568/820 1294/562/820
f 1654/568/821 1295/564/821 1655/569/821
f 1295/564/822 1656/570/822 1655/569/822
f 1656/570/823 1295/564/823 1296/571/823
f 1299/572/824 1656/570/824 1296/571/824
f 1656/570/825 1299/572/825 1659/573/825
f 1298/574/826 1659/573/826 1299/572/826
f 1659/573/827 1298/574/827 1657/575/827
f 1297/576/828 1657/575/828 1298/574/828
f 1657/575/829 1297/576/829 1658/577/829
f 1286/578/830 1658/577/830 1297/576/830
f 1658/577/831 1286/578/831 1645/579/831
f 1285/580/832 1645/579/832 1286/578/832
f 1295/564/812 1249/563/812 1251/581/812
f 1251/581/833 1296/571/833 1295/564/833
f 1296/571/833 1251/581/833 1253/582/833
f 1253/582/834 1299/572/834 1296/571/834
f 1299/572/834 1253/582/834 1259/583/834
f 1259/583/835 1298/574/835 1299/572/835
f 1298/574/835 1259/583/835 1257/584/835
f 1257/584/836 1297/576/836 1298/574/836
f 1297/576/836 1257/584/836 1256/585/836
f 1256/585/837 1286/578/837 1297/576/837
f 1233/586/838 1255/587/838 1230/588/838
f 1255/587/839 1233/586/839 1256/585/839
f 1256/585/840 1254/589/840 1255/587/840
f 1254/589/841 1256/585/841 1257/584/841
f 1257/584/842 1258/590/842 1254/589/842
f 1258/590/843 1257/584/843 1259/583/843
f 1259/583/844 1252/591/844 1258/590/844
f 1252/591/845 1259/583/845 1253/582/845
f 1253/582/846 1250/592/846 1252/591/846
f 1250/592/847 1253/582/847 1251/581/847
f 1286/578/848 1256/585/848 1233/586/848
f 1233/586/849 1285/580/849 1286/578/849
f 1285/580/849 1233/586/849 1232/593/849
f 1232/593/850 1287/594/850 1285/580/850
f 1287/594/851 1232/593/851 1235/595/851
f 1235/595/852 1288/596/852 1287/594/852
f 1288/596/852 1235/595/852 1237/597/852
f 1237/597/853 1289/598/853 1288/596/853
f 1289/598/853 1237/597/853 1239/599/853
f 1239/599/854 1292/600/854 1289/598/854
f 1645/579/855 1285/580/855 1646/601/855
f 1285/580/856 1647/602/856 1646/601/856
f 1647/602/857 1285/580/857 1287/594/857
f 1288/596/858 1647/602/858 1287/594/858
f 1647/602/859 1288/596/859 1648/603/859
f 1288/596/860 1649/604/860 1648/603/860
f 1649/604/860 1288/596/860 1289/598/860
f 1292/600/861 1649/604/861 1289/598/861
f 1649/604/862 1292/600/862 1652/605/862
f 1291/606/863 1652/605/863 1292/600/863
f 1292/600/854 1239/599/854 1245/607/854
f 1245/607/864 1291/606/864 1292/600/864
f 1291/606/864 1245/607/864 1243/608/864
f 1243/608/865 1290/609/865 1291/606/865
f 1290/609/865 1243/608/865 1242/610/865
f 1242/610/866 1278/611/866 1290/609/866
f 1278/611/867 1242/610/867 1217/612/867
f 1217/612/868 1277/613/868 1278/611/868
f 1277/613/869 1217/612/869 1216/614/869
f 1216/614/870 1279/615/870 1277/613/870
f 1219/616/871 1215/617/871 1218/15/871
f 1215/617/872 1219/616/872 1216/614/872
f 1216/614/873 1214/618/873 1215/617/873
f 1214/618/874 1216/614/874 1217/612/874
f 1217/612/875 1241/619/875 1214/618/875
f 1241/619/876 1217/612/876 1242/610/876
f 1242/610/877 1240/620/877 1241/619/877
f 1240/620/878 1242/610/878 1243/608/878
f 1243/608/879 1244/621/879 1240/620/879
f 1244/621/880 1243/608/880 1245/607/880
f 1279/615/870 1216/614/870 1219/616/870
f 1219/616/881 1280/622/881 1279/615/881
f 1280/622/882 1639/623/882 1279/615/882
f 1639/623/883 1280/622/883 1640/624/883
f 1280/622/884 1641/625/884 1640/624/884
f 1642/626/885 1282/13/885 1643/12/885
f 1282/13/886 1642/626/886 1283/21/886
f 1644/627/887 1283/21/887 1642/626/887
f 1283/21/888 1644/627/888 1284/19/888
f 1641/625/889 1284/19/889 1644/627/889
f 1284/19/889 1641/625/889 1281/18/889
f 1641/625/890 1280/622/890 1281/18/890
f 1221/14/13 1281/18/13 1280/622/13
f 1280/622/881 1219/616/881 1221/14/881
f 1218/15/891 1221/14/891 1219/616/891
f 1089/628/892 1409/629/892 1408/630/892
f 1003/631/893 1000/632/893 1002/633/893
f 1000/632/894 1003/631/894 1001/634/894
f 1051/635/895 1001/634/895 1003/631/895
f 1003/631/896 1052/636/896 1051/635/896
f 1092/637/897 1051/635/897 1052/636/897
f 1052/636/898 1089/628/898 1092/637/898
f 1089/628/899 1412/638/899 1092/637/899
f 1412/638/899 1089/628/899 1408/630/899
f 1408/630/900 1364/639/900 1412/638/900
f 1364/639/900 1408/630/900 1357/640/900
f 1357/640/901 1365/641/901 1364/639/901
f 1362/642/902 1364/639/902 1365/641/902
f 1364/639/903 1362/642/903 1363/643/903
f 1363/643/904 1412/638/904 1364/639/904
f 1412/638/905 1363/643/905 1411/644/905
f 1411/644/906 1092/637/906 1412/638/906
f 1092/637/906 1411/644/906 1090/645/906
f 1051/635/897 1092/637/897 1090/645/897
f 1090/645/907 1050/646/907 1051/635/907
f 1001/634/908 1051/635/908 1050/646/908
f 1362/642/909 1360/647/909 1363/643/909
f 1360/647/910 1362/642/910 1361/648/910
f 1338/649/911 1360/647/911 1361/648/911
f 1334/650/912 1336/651/912 1337/652/912
f 1336/651/913 1338/649/913 1337/652/913
f 1338/649/914 1336/651/914 1339/653/914
f 1360/647/915 1338/649/915 1339/653/915
f 1339/653/916 1410/654/916 1360/647/916
f 1410/654/917 1363/643/917 1360/647/917
f 1363/643/918 1410/654/918 1411/644/918
f 1410/654/919 1090/645/919 1411/644/919
f 1090/645/920 1410/654/920 1091/655/920
f 1050/646/921 1090/645/921 1091/655/921
f 1341/656/922 1401/657/922 1342/658/922
f 1397/659/923 1342/658/923 1401/657/923
f 1342/658/924 1397/659/924 1335/660/924
f 1398/661/925 1335/660/925 1397/659/925
f 1335/660/926 1398/661/926 1336/651/926
f 1398/661/927 1339/653/927 1336/651/927
f 1339/653/928 1398/661/928 1399/662/928
f 1410/654/929 1339/653/929 1399/662/929
f 1399/662/930 1091/655/930 1410/654/930
f 1091/655/931 1399/662/931 1077/663/931
f 1398/661/932 1077/663/932 1399/662/932
f 1077/663/933 1398/661/933 1078/664/933
f 1398/661/934 1079/665/934 1078/664/934
f 1079/665/935 1398/661/935 1397/659/935
f 1401/657/936 1079/665/936 1397/659/936
f 1079/665/936 1401/657/936 1080/666/936
f 1401/657/937 1081/667/937 1080/666/937
f 1039/668/938 1091/655/938 1077/663/938
f 1077/663/939 1037/669/939 1039/668/939
f 1037/669/940 1077/663/940 1078/664/940
f 1078/664/941 1038/670/941 1037/669/941
f 1038/670/942 1078/664/942 1079/665/942
f 1079/665/943 1040/671/943 1038/670/943
f 1040/671/944 1079/665/944 1080/666/944
f 1080/666/945 1041/672/945 1040/671/945
f 1041/672/945 1080/666/945 1081/667/945
f 1081/667/946 1044/673/946 1041/672/946
f 1091/655/947 1039/668/947 1050/646/947
f 979/674/948 1050/646/948 1039/668/948
f 1039/668/949 976/675/949 979/674/949
f 976/675/950 1039/668/950 1037/669/950
f 1037/669/951 977/676/951 976/675/951
f 977/676/952 1037/669/952 1038/670/952
f 1038/670/953 982/677/953 977/676/953
f 982/677/954 1038/670/954 1040/671/954
f 1040/671/955 983/678/955 982/677/955
f 983/678/955 1040/671/955 1041/672/955
f 1050/646/956 979/674/956 1001/634/956
f 978/679/957 1001/634/957 979/674/957
f 979/674/958 975/680/958 978/679/958
f 975/680/959 979/674/959 976/675/959
f 976/675/960 974/681/960 975/680/960
f 974/681/961 976/675/961 977/676/961
f 977/676/962 981/682/962 974/681/962
f 981/682/963 977/676/963 982/677/963
f 982/677/964 980/683/964 981/682/964
f 980/683/965 982/677/965 983/678/965
f 1001/634/966 978/679/966 1000/632/966
f 983/678/967 988/684/967 980/683/967
f 988/684/968 983/678/968 989/685/968
f 989/685/969 986/686/969 988/684/969
f 986/686/970 989/685/970 987/687/970
f 987/687/971 984/688/971 986/686/971
f 984/688/972 987/687/972 985/689/972
f 985/689/973 962/690/973 984/688/973
f 962/690/974 985/689/974 963/691/974
f 963/691/975 959/692/975 962/690/975
f 959/692/976 963/691/976 960/693/976
f 1041/672/977 989/685/977 983/678/977
f 989/685/977 1041/672/977 1044/673/977
f 1044/673/978 987/687/978 989/685/978
f 987/687/979 1044/673/979 1043/694/979
f 1043/694/980 985/689/980 987/687/980
f 985/689/980 1043/694/980 1042/695/980
f 1042/695/981 963/691/981 985/689/981
f 963/691/982 1042/695/982 1031/696/982
f 1083/697/983 1031/696/983 1042/695/983
f 1031/696/984 1083/697/984 1069/698/984
f 1044/673/985 1081/667/985 1084/699/985
f 1084/699/986 1043/694/986 1044/673/986
f 1043/694/987 1084/699/987 1082/700/987
f 1082/700/988 1042/695/988 1043/694/988
f 1042/695/989 1082/700/989 1083/697/989
f 1083/697/990 1391/701/990 1069/698/990
f 1391/701/991 1083/697/991 1402/702/991
f 1082/700/992 1402/702/992 1083/697/992
f 1402/702/993 1082/700/993 1403/703/993
f 1084/699/994 1403/703/994 1082/700/994
f 1403/703/995 1084/699/995 1404/704/995
f 1081/667/996 1404/704/996 1084/699/996
f 1404/704/997 1081/667/997 1400/705/997
f 1081/667/937 1401/657/937 1400/705/937
f 1401/657/922 1341/656/922 1400/705/922
f 1347/706/998 1402/702/998 1403/703/998
f 1404/704/999 1347/706/999 1403/703/999
f 1347/706/1000 1404/704/1000 1348/707/1000
f 1400/705/1001 1348/707/1001 1404/704/1001
f 1348/707/1001 1400/705/1001 1341/656/1001
f 1346/708/1002 1344/709/1002 1347/706/1002
f 1348/707/1003 1346/708/1003 1347/706/1003
f 1346/708/1004 1348/707/1004 1349/710/1004
f 1341/656/1005 1349/710/1005 1348/707/1005
f 1349/710/1006 1341/656/1006 1340/711/1006
f 1342/658/1007 1340/711/1007 1341/656/1007
f 1340/711/1008 1342/658/1008 1343/712/1008
f 1335/660/1009 1343/712/1009 1342/658/1009
f 1343/712/1010 1335/660/1010 1334/650/1010
f 1336/651/1011 1334/650/1011 1335/660/1011
f 1320/713/1012 1322/714/1012 1321/715/1012
f 1322/714/1013 1320/713/1013 1323/716/1013
f 1344/709/1014 1322/714/1014 1323/716/1014
f 1322/714/1015 1344/709/1015 1345/717/1015
f 1344/709/1016 1346/708/1016 1345/717/1016
f 1390/718/1017 1323/716/1017 1320/713/1017
f 1031/696/1018 960/693/1018 963/691/1018
f 960/693/1019 1031/696/1019 1029/719/1019
f 1069/698/1020 1029/719/1020 1031/696/1020
f 1029/719/1021 1069/698/1021 1070/720/1021
f 1069/698/1022 1390/718/1022 1070/720/1022
f 1390/718/1023 1069/698/1023 1391/701/1023
f 1323/716/1024 1390/718/1024 1391/701/1024
f 1402/702/1025 1323/716/1025 1391/701/1025
f 1323/716/1026 1402/702/1026 1344/709/1026
f 1402/702/1027 1347/706/1027 1344/709/1027
f 1370/721/1028 1372/722/1028 1373/723/1028
f 1373/723/1029 1367/724/1029 1366/725/1029
f 1367/724/1030 1373/723/1030 1372/722/1030
f 1372/722/1031 1413/726/1031 1367/724/1031
f 1413/726/1032 1372/722/1032 1416/727/1032
f 1371/728/1033 1416/727/1033 1372/722/1033
f 1372/722/1034 1370/721/1034 1371/728/1034
f 1379/729/1035 1371/728/1035 1370/721/1035
f 1312/730/1036 1310/731/1036 1311/732/1036
f 1369/733/1037 1311/732/1037 1310/731/1037
f 1311/732/1038 1369/733/1038 1368/734/1038
f 1366/725/1039 1368/734/1039 1369/733/1039
f 1368/734/1040 1366/725/1040 1367/724/1040
f 1367/724/1041 1414/735/1041 1368/734/1041
f 1414/735/1041 1367/724/1041 1413/726/1041
f 1094/736/1042 1414/735/1042 1413/726/1042
f 1416/727/1043 1094/736/1043 1413/726/1043
f 1094/736/1044 1416/727/1044 1095/737/1044
f 1368/734/1045 1385/738/1045 1311/732/1045
f 1385/738/1046 1368/734/1046 1414/735/1046
f 1386/739/1047 1311/732/1047 1385/738/1047
f 1067/740/1048 1386/739/1048 1385/738/1048
f 1414/735/1049 1067/740/1049 1385/738/1049
f 1067/740/1050 1414/735/1050 1093/741/1050
f 1414/735/1051 1094/736/1051 1093/741/1051
f 1054/742/1052 1093/741/1052 1094/736/1052
f 1094/736/1053 1055/743/1053 1054/742/1053
f 1055/743/1054 1094/736/1054 1095/737/1054
f 1416/727/1055 1096/744/1055 1095/737/1055
f 1056/745/1056 1095/737/1056 1096/744/1056
f 1095/737/1057 1056/745/1057 1055/743/1057
f 1013/746/1058 1055/743/1058 1056/745/1058
f 1055/743/1058 1013/746/1058 1012/747/1058
f 1012/747/1059 1054/742/1059 1055/743/1059
f 1054/742/1060 1012/747/1060 1009/748/1060
f 1009/748/1061 1053/749/1061 1054/742/1061
f 1053/749/1061 1009/748/1061 1008/750/1061
f 1008/750/1062 1026/751/1062 1053/749/1062
f 953/752/1063 1007/753/1063 950/754/1063
f 1007/753/1064 953/752/1064 1008/750/1064
f 1008/750/1065 1006/755/1065 1007/753/1065
f 1006/755/1066 1008/750/1066 1009/748/1066
f 1009/748/1067 1011/756/1067 1006/755/1067
f 1011/756/1068 1009/748/1068 1012/747/1068
f 1012/747/1069 1010/757/1069 1011/756/1069
f 1010/757/1070 1012/747/1070 1013/746/1070
f 1013/746/1071 1018/758/1071 1010/757/1071
f 1018/758/1072 1013/746/1072 1019/759/1072
f 1026/751/1073 1008/750/1073 953/752/1073
f 953/752/1074 1025/760/1074 1026/751/1074
f 1025/760/1075 953/752/1075 952/761/1075
f 952/761/1076 1027/762/1076 1025/760/1076
f 1027/762/1077 952/761/1077 955/763/1077
f 955/763/1078 1028/764/1078 1027/762/1078
f 1028/764/1079 955/763/1079 957/765/1079
f 957/765/1080 1024/766/1080 1028/764/1080
f 1024/766/1080 957/765/1080 949/182/1080
f 949/182/243 1023/180/243 1024/766/243
f 948/183/1081 946/767/1081 947/194/1081
f 946/767/1082 948/183/1082 949/182/1082
f 949/182/1083 956/768/1083 946/767/1083
f 956/768/1084 949/182/1084 957/765/1084
f 957/765/1085 954/769/1085 956/768/1085
f 954/769/1086 957/765/1086 955/763/1086
f 955/763/1087 951/770/1087 954/769/1087
f 951/770/1088 955/763/1088 952/761/1088
f 952/761/1089 950/754/1089 951/770/1089
f 950/754/1090 952/761/1090 953/752/1090
f 874/771/1091 873/772/1091 721/773/1091
f 874/771/1092 872/774/1092 873/772/1092
f 874/771/1093 718/775/1093 872/774/1093
f 863/776/1094 729/777/1094 722/778/1094
f 863/776/1095 722/778/1095 721/773/1095
f 723/779/1096 721/773/1096 722/778/1096
f 874/771/1097 721/773/1097 723/779/1097
f 874/771/1098 723/779/1098 719/780/1098
f 874/771/1099 719/780/1099 718/775/1099
f 720/781/1100 718/775/1100 719/780/1100
f 871/782/1101 718/775/1101 720/781/1101
f 871/782/1102 720/781/1102 716/783/1102
f 871/782/1103 716/783/1103 715/784/1103
f 717/785/1104 715/784/1104 716/783/1104
f 868/786/1105 715/784/1105 717/785/1105
f 868/786/1106 717/785/1106 725/787/1106
f 868/786/1107 725/787/1107 724/788/1107
f 726/789/1108 724/788/1108 725/787/1108
f 860/790/1109 724/788/1109 726/789/1109
f 860/790/1110 726/789/1110 728/791/1110
f 860/790/1111 728/791/1111 727/792/1111
f 729/777/1112 727/792/1112 728/791/1112
f 863/776/1113 727/792/1113 729/777/1113
f 860/790/1114 861/793/1114 862/794/1114
f 860/790/1115 862/794/1115 724/788/1115
f 903/795/1116 727/792/1116 865/796/1116
f 863/776/1117 865/796/1117 727/792/1117
f 863/776/1118 864/797/1118 865/796/1118
f 863/776/1119 721/773/1119 864/797/1119
f 911/798/1120 864/797/1120 721/773/1120
f 911/798/1121 721/773/1121 873/772/1121
f 911/798/1122 873/772/1122 912/799/1122
f 911/798/1123 912/799/1123 913/800/1123
f 911/798/1124 913/800/1124 914/801/1124
f 911/798/1125 914/801/1125 915/802/1125
f 911/798/1126 915/802/1126 916/803/1126
f 911/798/1127 916/803/1127 917/804/1127
f 911/798/1128 917/804/1128 918/805/1128
f 911/798/1129 918/805/1129 864/797/1129
f 683/806/1130 848/807/1130 623/808/1130
f 848/807/1131 846/809/1131 847/810/1131
f 847/810/1132 623/808/1132 848/807/1132
f 623/808/1133 847/810/1133 624/811/1133
f 595/270/1134 623/808/1134 624/811/1134
f 623/808/1135 595/270/1135 622/812/1135
f 622/812/1136 683/806/1136 623/808/1136
f 683/806/1137 622/812/1137 682/813/1137
f 619/814/1138 682/813/1138 622/812/1138
f 595/270/1139 619/814/1139 622/812/1139
f 619/814/1140 595/270/1140 590/255/1140
f 586/250/1141 588/251/1141 589/252/1141
f 590/255/1142 589/252/1142 588/251/1142
f 618/815/1143 590/255/1143 588/251/1143
f 590/255/1144 618/815/1144 619/814/1144
f 618/815/1145 680/816/1145 619/814/1145
f 682/813/1146 619/814/1146 680/816/1146
f 936/817/1147 682/813/1147 680/816/1147
f 936/817/1148 683/806/1148 682/813/1148
f 936/817/1149 852/818/1149 683/806/1149
f 848/807/1150 683/806/1150 852/818/1150
f 680/816/1151 618/815/1151 679/819/1151
f 936/817/1152 680/816/1152 679/819/1152
f 679/819/1153 621/820/1153 681/821/1153
f 621/820/1154 679/819/1154 618/815/1154
f 618/815/1155 620/822/1155 621/820/1155
f 620/822/1156 618/815/1156 588/251/1156
f 852/818/1157 849/823/1157 848/807/1157
f 846/809/1158 848/807/1158 849/823/1158
f 849/823/1159 834/824/1159 846/809/1159
f 834/824/1160 849/823/1160 835/825/1160
f 836/826/1161 834/824/1161 835/825/1161
f 835/825/1162 839/827/1162 836/826/1162
f 854/828/1163 836/826/1163 839/827/1163
f 936/817/1164 854/828/1164 839/827/1164
f 936/817/1165 681/821/1165 854/828/1165
f 936/817/1166 679/819/1166 681/821/1166
f 853/829/1167 835/825/1167 849/823/1167
f 849/823/1168 852/818/1168 853/829/1168
f 936/817/1169 853/829/1169 852/818/1169
f 936/817/1170 838/830/1170 853/829/1170
f 936/817/1171 839/827/1171 838/830/1171
f 839/827/1172 835/825/1172 838/830/1172
f 835/825/1173 853/829/1173 838/830/1173
f 851/831/1174 621/820/1174 620/822/1174
f 621/820/1175 851/831/1175 850/832/1175
f 850/832/1176 681/821/1176 621/820/1176
f 681/821/1177 850/832/1177 854/828/1177
f 836/826/1178 854/828/1178 850/832/1178
f 850/832/1179 837/833/1179 836/826/1179
f 834/824/1180 836/826/1180 837/833/1180
f 837/833/1181 850/832/1181 851/831/1181
f 871/782/1182 869/834/1182 870/835/1182
f 871/782/1183 870/835/1183 718/775/1183
f 919/836/1184 718/775/1184 870/835/1184
f 919/836/1185 872/774/1185 718/775/1185
f 919/836/1186 926/837/1186 872/774/1186
f 919/836/1187 925/838/1187 926/837/1187
f 919/836/1188 924/839/1188 925/838/1188
f 919/836/1189 923/840/1189 924/839/1189
f 919/836/1190 922/841/1190 923/840/1190
f 919/836/1191 921/842/1191 922/841/1191
f 919/836/1192 920/843/1192 921/842/1192
f 919/836/1193 870/835/1193 920/843/1193
f 860/790/1194 727/792/1194 861/793/1194
f 903/795/1195 861/793/1195 727/792/1195
f 903/795/1196 910/844/1196 861/793/1196
f 903/795/1197 909/845/1197 910/844/1197
f 903/795/1198 908/846/1198 909/845/1198
f 903/795/1199 907/847/1199 908/846/1199
f 903/795/1200 906/848/1200 907/847/1200
f 903/795/1201 905/849/1201 906/848/1201
f 903/795/1202 904/850/1202 905/849/1202
f 903/795/1203 865/796/1203 904/850/1203
f 791/851/1204 883/852/1204 884/853/1204
f 883/852/1205 791/851/1205 790/854/1205
f 792/855/1206 790/854/1206 791/851/1206
f 790/854/1207 792/855/1207 793/856/1207
f 781/857/1208 793/856/1208 792/855/1208
f 793/856/1209 781/857/1209 780/858/1209
f 782/859/1210 780/858/1210 781/857/1210
f 780/858/1211 782/859/1211 783/860/1211
f 782/859/1212 795/861/1212 783/860/1212
f 795/861/1213 782/859/1213 794/862/1213
f 794/862/1214 886/863/1214 795/861/1214
f 886/863/1215 794/862/1215 885/864/1215
f 762/865/1216 775/866/1216 776/867/1216
f 776/867/1217 604/868/1217 603/869/1217
f 604/868/1218 776/867/1218 775/866/1218
f 775/866/1219 669/870/1219 604/868/1219
f 669/870/1220 775/866/1220 779/871/1220
f 761/872/1221 779/871/1221 775/866/1221
f 775/866/1222 762/865/1222 761/872/1222
f 759/873/1223 761/872/1223 762/865/1223
f 937/874/1224 779/871/1224 764/875/1224
f 937/874/1225 669/870/1225 779/871/1225
f 937/874/1226 670/876/1226 669/870/1226
f 670/876/1227 604/868/1227 669/870/1227
f 604/868/1228 670/876/1228 605/877/1228
f 605/877/1229 603/869/1229 604/868/1229
f 603/869/1230 605/877/1230 561/878/1230
f 605/877/1231 563/313/1231 561/878/1231
f 563/313/1232 562/305/1232 561/878/1232
f 562/305/1233 563/313/1233 564/303/1233
f 672/879/1234 606/880/1234 671/881/1234
f 937/874/1235 672/879/1235 671/881/1235
f 937/874/1236 777/882/1236 672/879/1236
f 937/874/1237 778/883/1237 777/882/1237
f 937/874/1238 763/884/1238 778/883/1238
f 937/874/1239 764/875/1239 763/884/1239
f 764/875/1240 760/885/1240 763/884/1240
f 760/885/1241 778/883/1241 763/884/1241
f 778/883/1242 760/885/1242 774/886/1242
f 774/886/1243 777/882/1243 778/883/1243
f 777/882/1244 774/886/1244 773/887/1244
f 773/887/1245 672/879/1245 777/882/1245
f 672/879/1246 773/887/1246 607/888/1246
f 606/880/1247 672/879/1247 607/888/1247
f 607/888/1248 573/339/1248 606/880/1248
f 573/339/1249 609/889/1249 606/880/1249
f 573/339/1250 607/888/1250 608/890/1250
f 607/888/1251 772/891/1251 608/890/1251
f 772/891/1252 607/888/1252 773/887/1252
f 773/887/1253 771/892/1253 772/891/1253
f 771/892/1254 773/887/1254 774/886/1254
f 774/886/1255 759/873/1255 771/892/1255
f 759/873/1256 774/886/1256 760/885/1256
f 761/872/1257 759/873/1257 760/885/1257
f 760/885/1258 764/875/1258 761/872/1258
f 779/871/1259 761/872/1259 764/875/1259
f 609/889/1260 671/881/1260 606/880/1260
f 671/881/1261 609/889/1261 673/893/1261
f 937/874/1262 671/881/1262 673/893/1262
f 937/874/1263 673/893/1263 670/876/1263
f 673/893/1264 605/877/1264 670/876/1264
f 605/877/1265 673/893/1265 609/889/1265
f 563/313/1266 605/877/1266 609/889/1266
f 609/889/1267 573/339/1267 563/313/1267
f 573/339/1268 572/314/1268 563/313/1268
f 572/314/1269 573/339/1269 574/331/1269
f 1068/894/1270 1387/895/1270 1065/896/1270
f 1386/739/1271 1065/896/1271 1387/895/1271
f 1065/896/1272 1386/739/1272 1066/897/1272
f 1386/739/1273 1067/740/1273 1066/897/1273
f 1068/894/1274 1027/762/1274 1028/764/1274
f 1027/762/1275 1068/894/1275 1065/896/1275
f 1065/896/1276 1025/760/1276 1027/762/1276
f 1025/760/1277 1065/896/1277 1066/897/1277
f 1066/897/1278 1026/751/1278 1025/760/1278
f 1026/751/1279 1066/897/1279 1067/740/1279
f 1067/740/1280 1053/749/1280 1026/751/1280
f 1053/749/1281 1067/740/1281 1093/741/1281
f 1093/741/1282 1054/742/1282 1053/749/1282
f 1063/181/1283 1024/766/1283 1023/180/1283
f 1024/766/1283 1063/181/1283 1064/898/1283
f 1064/898/1284 1028/764/1284 1024/766/1284
f 1028/764/1284 1064/898/1284 1068/894/1284
f 1064/898/1285 1388/899/1285 1068/894/1285
f 1387/895/1286 1068/894/1286 1388/899/1286
f 1388/899/1287 1315/900/1287 1387/895/1287
f 1315/900/1288 1386/739/1288 1387/895/1288
f 1386/739/1289 1315/900/1289 1312/730/1289
f 1311/732/1290 1386/739/1290 1312/730/1290
f 1062/155/1291 1384/149/1291 1063/181/1291
f 1384/149/1292 1064/898/1292 1063/181/1292
f 1064/898/1292 1384/149/1292 1383/147/1292
f 1388/899/1285 1064/898/1285 1383/147/1285
f 1383/147/198 1316/146/198 1388/899/198
f 1315/900/1293 1388/899/1293 1316/146/1293
f 1316/146/1294 1314/150/1294 1315/900/1294
f 1314/150/1295 1312/730/1295 1315/900/1295
f 1312/730/1296 1314/150/1296 1313/901/1296
f 1310/731/1297 1312/730/1297 1313/901/1297
f 1415/902/1298 1378/903/1298 1419/904/1298
f 1377/905/1299 1419/904/1299 1378/903/1299
f 1419/904/1300 1096/744/1300 1415/902/1300
f 1096/744/1301 1416/727/1301 1415/902/1301
f 1416/727/1033 1371/728/1033 1415/902/1033
f 1378/903/1298 1415/902/1298 1371/728/1298
f 1371/728/1302 1379/729/1302 1378/903/1302
f 1376/906/1303 1378/903/1303 1379/729/1303
f 1378/903/1304 1376/906/1304 1377/905/1304
f 1376/906/1305 1374/907/1305 1377/905/1305
f 1374/907/1306 1376/906/1306 1375/908/1306
f 1354/909/1307 1374/907/1307 1375/908/1307
f 1056/745/1308 1019/759/1308 1013/746/1308
f 1019/759/1308 1056/745/1308 1059/910/1308
f 1096/744/1309 1059/910/1309 1056/745/1309
f 1059/910/1309 1096/744/1309 1099/911/1309
f 1096/744/1300 1419/904/1300 1099/911/1300
f 1418/912/1310 1099/911/1310 1419/904/1310
f 1419/904/1311 1377/905/1311 1418/912/1311
f 1377/905/1312 1417/913/1312 1418/912/1312
f 1417/913/1312 1377/905/1312 1374/907/1312
f 1355/914/1313 1417/913/1313 1374/907/1313
f 1059/910/1314 1017/915/1314 1019/759/1314
f 1017/915/1315 1059/910/1315 1058/916/1315
f 1099/911/1316 1058/916/1316 1059/910/1316
f 1058/916/1317 1099/911/1317 1097/917/1317
f 1099/911/1318 1418/912/1318 1097/917/1318
f 1417/913/1319 1097/917/1319 1418/912/1319
f 1097/917/1320 1417/913/1320 1098/918/1320
f 1057/919/1321 1097/917/1321 1098/918/1321
f 1097/917/1322 1057/919/1322 1058/916/1322
f 1015/920/1323 1058/916/1323 1057/919/1323
f 1058/916/1323 1015/920/1323 1017/915/1323
f 1014/921/1324 1017/915/1324 1015/920/1324
f 1017/915/1325 1014/921/1325 1016/922/1325
f 1016/922/1326 1019/759/1326 1017/915/1326
f 1019/759/1327 1016/922/1327 1018/758/1327
f 1057/919/1328 995/923/1328 1015/920/1328
f 995/923/1329 1057/919/1329 1047/924/1329
f 1098/918/1330 1047/924/1330 1057/919/1330
f 1047/924/1331 1098/918/1331 1085/925/1331
f 1098/918/1332 1407/926/1332 1085/925/1332
f 1406/927/1333 1085/925/1333 1407/926/1333
f 992/928/1334 1047/924/1334 1045/929/1334
f 1047/924/1335 992/928/1335 995/923/1335
f 991/930/1336 995/923/1336 992/928/1336
f 995/923/1337 991/930/1337 994/931/1337
f 994/931/1338 1015/920/1338 995/923/1338
f 1015/920/1339 994/931/1339 1014/921/1339
f 1409/629/1340 1357/640/1340 1408/630/1340
f 1357/640/1340 1409/629/1340 1358/932/1340
f 1405/933/1341 1358/932/1341 1409/629/1341
f 1358/932/1342 1405/933/1342 1351/934/1342
f 1406/927/1343 1351/934/1343 1405/933/1343
f 1351/934/1344 1406/927/1344 1352/935/1344
f 1406/927/1345 1355/914/1345 1352/935/1345
f 1355/914/1346 1406/927/1346 1407/926/1346
f 1417/913/1347 1355/914/1347 1407/926/1347
f 1407/926/1348 1098/918/1348 1417/913/1348
f 1374/907/1349 1354/909/1349 1355/914/1349
f 1354/909/1350 1352/935/1350 1355/914/1350
f 1352/935/1351 1354/909/1351 1353/936/1351
f 1350/937/1352 1352/935/1352 1353/936/1352
f 1352/935/1353 1350/937/1353 1351/934/1353
f 1359/938/1354 1351/934/1354 1350/937/1354
f 1351/934/1355 1359/938/1355 1358/932/1355
f 1356/939/1356 1358/932/1356 1359/938/1356
f 1358/932/1357 1356/939/1357 1357/640/1357
f 1365/641/1358 1357/640/1358 1356/939/1358
f 895/940/1359 899/941/1359 900/942/1359
f 895/940/1360 900/942/1360 901/943/1360
f 895/940/1361 901/943/1361 902/944/1361
f 895/940/1362 902/944/1362 866/945/1362
f 927/946/1363 715/784/1363 867/947/1363
f 868/786/1364 867/947/1364 715/784/1364
f 868/786/1365 866/945/1365 867/947/1365
f 868/786/1366 724/788/1366 866/945/1366
f 895/940/1367 866/945/1367 724/788/1367
f 895/940/1368 724/788/1368 862/794/1368
f 895/940/1369 862/794/1369 896/948/1369
f 895/940/1370 896/948/1370 897/949/1370
f 895/940/1371 897/949/1371 898/950/1371
f 895/940/1372 898/950/1372 899/941/1372
f 871/782/1373 715/784/1373 869/834/1373
f 927/946/1374 869/834/1374 715/784/1374
f 927/946/1375 934/951/1375 869/834/1375
f 927/946/1376 933/952/1376 934/951/1376
f 927/946/1377 932/953/1377 933/952/1377
f 927/946/1378 931/954/1378 932/953/1378
f 927/946/1379 930/955/1379 931/954/1379
f 927/946/1380 929/956/1380 930/955/1380
f 927/946/1381 928/957/1381 929/956/1381
f 927/946/1382 867/947/1382 928/957/1382
f 713/958/1383 701/959/1383 710/960/1383
f 701/959/1384 713/958/1384 714/961/1384
f 701/959/1385 714/961/1385 702/962/1385
f 702/962/1386 700/963/1386 701/959/1386
f 700/963/1387 702/962/1387 703/964/1387
f 700/965/1388 703/966/1388 705/967/1388
f 705/967/1389 704/968/1389 700/965/1389
f 704/968/1389 705/967/1389 706/969/1389
f 704/968/1390 706/969/1390 708/970/1390
f 708/970/1391 707/971/1391 704/968/1391
f 707/971/1392 708/970/1392 709/972/1392
f 707/971/1393 709/972/1393 711/973/1393
f 711/973/1394 710/960/1394 707/971/1394
f 710/960/1395 711/973/1395 712/974/1395
f 710/960/1396 712/974/1396 713/958/1396
f 741/975/1397 875/976/1397 876/977/1397
f 875/976/1398 741/975/1398 740/978/1398
f 742/979/1399 740/978/1399 741/975/1399
f 740/978/1400 742/979/1400 743/980/1400
f 731/981/1401 743/980/1401 742/979/1401
f 743/980/1402 731/981/1402 730/982/1402
f 732/983/1403 730/982/1403 731/981/1403
f 730/982/1404 732/983/1404 733/984/1404
f 732/983/1405 745/985/1405 733/984/1405
f 745/985/1406 732/983/1406 744/986/1406
f 744/986/1407 878/987/1407 745/985/1407
f 878/987/1408 744/986/1408 877/988/1408
f 696/989/1409 694/990/1409 695/991/1409
f 699/992/1410 696/989/1410 695/991/1410
f 698/993/1411 699/992/1411 695/991/1411
f 697/994/1412 698/993/1412 695/991/1412
f 694/990/1413 697/994/1413 695/991/1413
f 1596/995/1414 1598/996/1414 1597/997/1414
f 1598/996/1415 1596/995/1415 1599/998/1415
f 1604/999/1416 1598/996/1416 1599/998/1416
f 1598/996/1417 1604/999/1417 1605/1000/1417
f 1601/1001/1418 1605/1000/1418 1604/999/1418
f 1605/1000/1419 1601/1001/1419 1600/1002/1419
f 1602/1003/1420 1600/1002/1420 1601/1001/1420
f 1600/1002/1421 1602/1003/1421 1603/1004/1421
f 1575/1005/1422 1603/1004/1422 1602/1003/1422
f 1603/1004/1423 1575/1005/1423 1574/1006/1423
f 1576/1007/1424 1574/1006/1424 1575/1005/1424
f 1574/1006/1425 1576/1007/1425 1577/1008/1425
f 1576/1007/1426 1578/1009/1426 1577/1008/1426
f 1578/1009/1427 1576/1007/1427 1579/1010/1427
f 1580/1011/1428 1578/1009/1428 1579/1010/1428
f 1578/1009/1429 1580/1011/1429 1581/1012/1429
f 1580/1011/1430 1582/1013/1430 1581/1012/1430
f 1582/1013/1431 1580/1011/1431 1583/1014/1431
f 1588/1015/1432 1582/1013/1432 1583/1014/1432
f 1582/1013/1433 1588/1015/1433 1589/1016/1433
f 1585/1017/1434 1589/1016/1434 1588/1015/1434
f 1589/1016/1435 1585/1017/1435 1584/1018/1435
f 1586/1019/1436 1584/1018/1436 1585/1017/1436
f 1584/1018/1437 1586/1019/1437 1587/1020/1437
f 1559/1021/1438 1587/1020/1438 1586/1019/1438
f 1587/1020/1439 1559/1021/1439 1558/1022/1439
f 1560/1023/1440 1558/1022/1440 1559/1021/1440
f 1558/1022/1441 1560/1023/1441 1561/1024/1441
f 1560/1023/1442 1562/1025/1442 1561/1024/1442
f 1562/1025/1443 1560/1023/1443 1563/1026/1443
f 1606/1027/1444 1608/1028/1444 1607/1029/1444
f 1608/1028/1445 1606/1027/1445 1609/1030/1445
f 1610/1031/1446 1608/1028/1446 1609/1030/1446
f 1608/1028/1447 1610/1031/1447 1611/1032/1447
f 1610/1031/1448 1612/1033/1448 1611/1032/1448
f 1612/1033/1449 1610/1031/1449 1613/1034/1449
f 1618/1035/1450 1612/1033/1450 1613/1034/1450
f 1612/1033/1451 1618/1035/1451 1619/1036/1451
f 1615/1037/1452 1619/1036/1452 1618/1035/1452
f 1619/1036/1453 1615/1037/1453 1614/1038/1453
f 1616/1039/1454 1614/1038/1454 1615/1037/1454
f 1614/1038/1455 1616/1039/1455 1617/1040/1455
f 1591/1041/1456 1617/1040/1456 1616/1039/1456
f 1617/1040/1457 1591/1041/1457 1590/1042/1457
f 1592/1043/1458 1590/1042/1458 1591/1041/1458
f 1590/1042/1459 1592/1043/1459 1593/1044/1459
f 1592/1043/1460 1594/1045/1460 1593/1044/1460
f 1594/1045/1461 1592/1043/1461 1595/1046/1461
f 1596/995/1462 1594/1045/1462 1595/1046/1462
f 1594/1045/1463 1596/995/1463 1597/997/1463
f 1556/1047/1464 1548/1048/1464 1549/1049/1464
f 1548/1048/1465 1556/1047/1465 1557/1050/1465
f 1551/1051/1466 1557/1050/1466 1556/1047/1466
f 1557/1050/1467 1551/1051/1467 1550/1052/1467
f 1552/1053/1468 1550/1052/1468 1551/1051/1468
f 1550/1052/1469 1552/1053/1469 1553/1054/1469
f 1552/1053/1470 1554/1055/1470 1553/1054/1470
f 1554/1055/1471 1552/1053/1471 1555/1056/1471
f 1606/1027/1472 1554/1055/1472 1555/1056/1472
f 1554/1055/1473 1606/1027/1473 1607/1029/1473
f 1541/1057/1474 1571/1058/1474 1570/1059/1474
f 1571/1058/1475 1541/1057/1475 1540/1060/1475
f 1542/1061/1476 1540/1060/1476 1541/1057/1476
f 1540/1060/1477 1542/1061/1477 1543/1062/1477
f 1542/1061/1478 1544/1063/1478 1543/1062/1478
f 1544/1063/1479 1542/1061/1479 1545/1064/1479
f 1546/1065/1480 1544/1063/1480 1545/1064/1480
f 1544/1063/1481 1546/1065/1481 1547/1066/1481
f 1546/1065/1482 1548/1048/1482 1547/1066/1482
f 1548/1048/1483 1546/1065/1483 1549/1049/1483
f 1472/1067/1484 1474/1068/1484 1473/1069/1484
f 1470/1070/1485 1472/1067/1485 1473/1069/1485
f 1472/1067/1486 1470/1070/1486 1471/1071/1486
f 1497/1072/1487 1471/1071/1487 1470/1070/1487
f 1471/1071/1488 1497/1072/1488 1496/1073/1488
f 1494/1074/1489 1496/1073/1489 1497/1072/1489
f 1496/1073/1490 1494/1074/1490 1495/453/1490
f 1499/1075/1491 1495/453/1491 1494/1074/1491
f 1495/453/1492 1499/1075/1492 1498/452/1492
f 1492/454/1493 1498/452/1493 1499/1075/1493
f 1538/437/1494 1495/453/1494 1537/438/1494
f 1495/453/1495 1538/437/1495 1496/1073/1495
f 1525/436/1496 1496/1073/1496 1538/437/1496
f 1496/1073/1497 1525/436/1497 1471/1071/1497
f 1526/38/1498 1471/1071/1498 1525/436/1498
f 1471/1071/1499 1526/38/1499 1472/1067/1499
f 1526/38/1500 1475/45/1500 1472/1067/1500
f 1474/1068/1501 1472/1067/1501 1475/45/1501
f 1476/46/1502 1474/1068/1502 1475/45/1502
f 1474/1068/1503 1476/46/1503 1477/53/1503
f 558/310/1504 559/293/1504 560/1076/1504
f 561/878/1505 560/1076/1505 559/293/1505
f 560/1076/1506 561/878/1506 562/305/1506
f 562/305/1507 642/1077/1507 560/1076/1507
f 642/1077/1508 562/305/1508 643/304/1508
f 643/304/1509 855/307/1509 642/1077/1509
f 642/1077/1510 855/307/1510 641/1078/1510
f 641/1078/1511 855/307/1511 639/309/1511
f 639/309/437 558/310/437 641/1078/437
f 560/1076/1512 641/1078/1512 558/310/1512
f 641/1078/1513 560/1076/1513 642/1077/1513
f 1564/1079/1514 1562/1080/1514 1563/1081/1514
f 1562/1080/1515 1564/1079/1515 1565/1082/1515
f 1564/1079/1516 1566/1083/1516 1565/1082/1516
f 1566/1083/1517 1564/1079/1517 1567/1084/1517
f 1572/1085/1518 1566/1083/1518 1567/1084/1518
f 1566/1083/1519 1572/1085/1519 1573/1086/1519
f 1569/1087/1520 1573/1086/1520 1572/1085/1520
f 1573/1086/1521 1569/1087/1521 1568/1088/1521
f 1570/1059/1522 1568/1088/1522 1569/1087/1522
f 1568/1088/1523 1570/1059/1523 1571/1058/1523
f 841/1089/1524 891/1090/1524 892/1091/1524
f 891/1090/1525 841/1089/1525 840/1092/1525
f 842/1093/1526 840/1092/1526 841/1089/1526
f 840/1092/1527 842/1093/1527 843/1094/1527
f 831/1095/1528 843/1094/1528 842/1093/1528
f 843/1094/1529 831/1095/1529 830/1096/1529
f 832/1097/1530 830/1096/1530 831/1095/1530
f 830/1096/1531 832/1097/1531 833/1098/1531
f 832/1097/1532 845/1099/1532 833/1098/1532
f 845/1099/1533 832/1097/1533 844/1100/1533
f 844/1100/1534 894/1101/1534 845/1099/1534
f 894/1101/1535 844/1100/1535 893/1102/1535
f 1089/628/898 1052/636/898 1049/1103/898
f 1049/1103/1536 1088/1104/1536 1089/628/1536
f 1409/629/1537 1089/628/1537 1088/1104/1537
f 1087/1105/1538 1409/629/1538 1088/1104/1538
f 1409/629/1539 1087/1105/1539 1405/933/1539
f 1087/1105/1540 1406/927/1540 1405/933/1540
f 1406/927/1541 1087/1105/1541 1086/1106/1541
f 1085/925/1542 1406/927/1542 1086/1106/1542
f 1045/929/1543 1085/925/1543 1086/1106/1543
f 1085/925/1544 1045/929/1544 1047/924/1544
f 992/928/1545 990/1107/1545 991/930/1545
f 990/1107/1546 992/928/1546 993/1108/1546
f 1045/929/1547 993/1108/1547 992/928/1547
f 993/1108/1548 1045/929/1548 1046/1109/1548
f 1086/1106/1549 1046/1109/1549 1045/929/1549
f 1046/1109/1550 1086/1106/1550 1087/1105/1550
f 1087/1105/1551 1048/1110/1551 1046/1109/1551
f 1048/1110/1552 1087/1105/1552 1088/1104/1552
f 1088/1104/1553 1049/1103/1553 1048/1110/1553
f 999/1111/1554 1048/1110/1554 1049/1103/1554
f 1049/1103/1555 1005/1112/1555 999/1111/1555
f 1046/1109/1556 998/1113/1556 993/1108/1556
f 998/1113/1557 1046/1109/1557 1048/1110/1557
f 1048/1110/1554 999/1111/1554 998/1113/1554
f 993/1108/1558 997/1114/1558 990/1107/1558
f 997/1114/1559 993/1108/1559 998/1113/1559
f 998/1113/1560 996/1115/1560 997/1114/1560
f 996/1115/1561 998/1113/1561 999/1111/1561
f 999/1111/1562 1004/1116/1562 996/1115/1562
f 1004/1116/1563 999/1111/1563 1005/1112/1563
f 1005/1112/1564 1002/633/1564 1004/1116/1564
f 1002/633/1565 1005/1112/1565 1003/631/1565
f 1052/636/1566 1003/631/1566 1005/1112/1566
f 1005/1112/1555 1049/1103/1555 1052/636/1555
f 1652/605/1567 1291/606/1567 1650/1117/1567
f 1290/609/1568 1650/1117/1568 1291/606/1568
f 1650/1117/1569 1290/609/1569 1651/1118/1569
f 1278/611/1570 1651/1118/1570 1290/609/1570
f 1651/1118/1571 1278/611/1571 1637/1119/1571
f 1277/613/1572 1637/1119/1572 1278/611/1572
f 1637/1119/1573 1277/613/1573 1638/1120/1573
f 1277/613/1574 1639/623/1574 1638/1120/1574
f 1639/623/1575 1277/613/1575 1279/615/1575
f 1633/520/1576 1276/521/1576 1636/1121/1576
f 1275/523/1577 1636/1121/1577 1276/521/1577
f 1636/1121/1578 1275/523/1578 1634/1122/1578
f 1274/525/1579 1634/1122/1579 1275/523/1579
f 1634/1122/1580 1274/525/1580 1635/1123/1580
f 1261/527/1581 1635/1123/1581 1274/525/1581
f 1635/1123/1582 1261/527/1582 1620/1124/1582
f 1260/529/1583 1620/1124/1583 1261/527/1583
f 1620/1124/1584 1260/529/1584 1621/1125/1584
f 1260/529/1585 1622/551/1585 1621/1125/1585
f 766/1126/1586 879/1127/1586 880/1128/1586
f 879/1127/1587 766/1126/1587 765/1129/1587
f 767/1130/1588 765/1129/1588 766/1126/1588
f 765/1129/1589 767/1130/1589 768/1131/1589
f 756/1132/1590 768/1131/1590 767/1130/1590
f 768/1131/1591 756/1132/1591 755/1133/1591
f 757/1134/1592 755/1133/1592 756/1132/1592
f 755/1133/1593 757/1134/1593 758/1135/1593
f 757/1134/1594 770/1136/1594 758/1135/1594
f 770/1136/1595 757/1134/1595 769/1137/1595
f 769/1137/1596 882/1138/1596 770/1136/1596
f 882/1138/1597 769/1137/1597 881/1139/1597
f 1764/1140/1598 1767/1141/1598 1765/1142/1598
f 1765/1142/1599 1762/1143/1599 1764/1140/1599
f 1762/1143/1600 1765/1142/1600 1763/1144/1600
f 1763/1144/1601 1760/1145/1601 1762/1143/1601
f 1760/1145/1602 1763/1144/1602 1761/1146/1602
f 1761/1146/1603 1758/1147/1603 1760/1145/1603
f 1758/1147/1604 1761/1146/1604 1759/1148/1604
f 1759/1148/1605 1756/1149/1605 1758/1147/1605
f 1756/1149/1606 1759/1148/1606 1757/1150/1606
f 1757/1150/1607 1754/1151/1607 1756/1149/1607
f 1754/1151/1608 1757/1150/1608 1755/1152/1608
f 1755/1152/1609 1752/1153/1609 1754/1151/1609
f 1752/1153/1610 1755/1152/1610 1753/1154/1610
f 1753/1154/1611 1750/1155/1611 1752/1153/1611
f 1750/1155/1612 1753/1154/1612 1751/1156/1612
f 1751/1156/1613 1748/1157/1613 1750/1155/1613
f 1748/1157/1614 1751/1156/1614 1749/1158/1614
f 1749/1158/1615 1746/1159/1615 1748/1157/1615
f 1746/1159/1616 1749/1158/1616 1747/1160/1616
f 1747/1160/1617 1744/1161/1617 1746/1159/1617
f 1744/1161/1618 1747/1160/1618 1745/1162/1618
f 1745/1162/1619 1742/1163/1619 1744/1161/1619
f 1742/1163/1620 1745/1162/1620 1743/1164/1620
f 1743/1164/1621 1740/1165/1621 1742/1163/1621
f 1740/1165/1622 1743/1164/1622 1741/1166/1622
f 1741/1166/1623 1738/1167/1623 1740/1165/1623
f 1738/1167/1624 1741/1166/1624 1739/1168/1624
f 1739/1168/1625 1736/1169/1625 1738/1167/1625
f 1736/1169/1626 1739/1168/1626 1737/1170/1626
f 1737/1170/1627 1734/1171/1627 1736/1169/1627
f 1734/1171/1628 1737/1170/1628 1735/1172/1628
f 1735/1172/1629 1732/1173/1629 1734/1171/1629
f 1732/1173/1630 1735/1172/1630 1733/1174/1630
f 1733/1174/1631 1730/1175/1631 1732/1173/1631
f 1730/1175/1632 1733/1174/1632 1731/1176/1632
f 1731/1176/1633 1728/1177/1633 1730/1175/1633
f 1728/1177/1634 1731/1176/1634 1729/1178/1634
f 1729/1178/1635 1726/1179/1635 1728/1177/1635
f 1726/1179/1636 1729/1178/1636 1727/1180/1636
f 1727/1180/1637 1724/1181/1637 1726/1179/1637
f 1724/1181/1638 1727/1180/1638 1725/1182/1638
f 1725/1182/1639 1722/1183/1639 1724/1181/1639
f 1722/1183/1640 1725/1182/1640 1723/1184/1640
f 1723/1184/1641 1720/1185/1641 1722/1183/1641
f 1720/1185/1642 1723/1184/1642 1721/1186/1642
f 1721/1186/1643 1718/1187/1643 1720/1185/1643
f 1718/1187/1644 1721/1186/1644 1719/1188/1644
f 1719/1188/1645 1716/1189/1645 1718/1187/1645
f 1716/1189/1646 1719/1188/1646 1717/1190/1646
f 1717/1190/1647 1714/1191/1647 1716/1189/1647
f 1714/1191/1648 1717/1190/1648 1715/1192/1648
f 1715/1192/1649 1712/1193/1649 1714/1191/1649
f 1712/1193/1650 1715/1192/1650 1713/1194/1650
f 1713/1194/1651 1710/1195/1651 1712/1193/1651
f 1710/1195/1652 1713/1194/1652 1711/1196/1652
f 1711/1196/1653 1708/1197/1653 1710/1195/1653
f 1708/1197/1654 1711/1196/1654 1709/1198/1654
f 1709/1198/1655 1706/1199/1655 1708/1197/1655
f 1706/1199/1656 1709/1198/1656 1707/1200/1656
f 1707/1200/1657 1704/1201/1657 1706/1199/1657
f 1704/1201/1658 1707/1200/1658 1705/1202/1658
f 1705/1202/1659 1701/1203/1659 1704/1201/1659
f 1701/1203/1660 1705/1202/1660 1702/1204/1660
f 1702/1204/1661 1700/1205/1661 1701/1203/1661
f 1700/1205/1662 1702/1204/1662 1703/1206/1662
f 1703/1206/1663 1778/1207/1663 1700/1205/1663
f 1778/1207/1664 1703/1206/1664 1779/1208/1664
f 1779/1208/1665 1776/1209/1665 1778/1207/1665
f 1776/1209/1666 1779/1208/1666 1777/1210/1666
f 1777/1210/1667 1774/1211/1667 1776/1209/1667
f 1774/1211/1668 1777/1210/1668 1775/1212/1668
f 1775/1212/1669 1772/1213/1669 1774/1211/1669
f 1772/1213/1670 1775/1212/1670 1773/1214/1670
f 1773/1214/1671 1770/1215/1671 1772/1213/1671
f 1770/1215/1672 1773/1214/1672 1771/1216/1672
f 1771/1216/1673 1768/1217/1673 1770/1215/1673
f 1768/1217/1674 1771/1216/1674 1769/1218/1674
f 1769/1218/1675 1766/1219/1675 1768/1217/1675
f 1766/1219/1676 1769/1218/1676 1767/1141/1676
f 1767/1141/1677 1764/1140/1677 1766/1219/1677
f 816/1220/1678 887/1221/1678 888/1222/1678
f 887/1221/1679 816/1220/1679 815/1223/1679
f 817/1224/1680 815/1223/1680 816/1220/1680
f 815/1223/1681 817/1224/1681 818/1225/1681
f 806/1226/1682 818/1225/1682 817/1224/1682
f 818/1225/1683 806/1226/1683 805/1227/1683
f 807/1228/1684 805/1227/1684 806/1226/1684
f 805/1227/1685 807/1228/1685 808/1229/1685
f 807/1228/1686 820/1230/1686 808/1229/1686
f 820/1230/1687 807/1228/1687 819/1231/1687
f 819/1231/1688 890/1232/1688 820/1230/1688
f 890/1232/1689 819/1231/1689 889/1233/1689
f 1104/1234/1690 1107/1235/1690 1105/1236/1690
f 1105/1236/1691 1101/1237/1691 1104/1234/1691
f 1101/1237/1692 1105/1236/1692 1102/1238/1692
f 1102/1238/1693 1100/1239/1693 1101/1237/1693
f 1100/1239/1694 1102/1238/1694 1103/1240/1694
f 1103/1240/1695 1129/1241/1695 1100/1239/1695
f 1129/1241/1696 1103/1240/1696 1130/1242/1696
f 1130/1242/1697 1128/1243/1697 1129/1241/1697
f 1128/1243/1698 1130/1242/1698 1131/1244/1698
f 1131/1244/1699 1132/1245/1699 1128/1243/1699
f 1132/1245/1700 1131/1244/1700 1133/1246/1700
f 1133/1246/1701 1126/1247/1701 1132/1245/1701
f 1126/1247/1702 1133/1246/1702 1127/1248/1702
f 1127/1248/1703 1124/1249/1703 1126/1247/1703
f 1124/1249/1704 1127/1248/1704 1125/1250/1704
f 1125/1250/1705 1122/1251/1705 1124/1249/1705
f 1122/1251/1706 1125/1250/1706 1123/1252/1706
f 1123/1252/1707 1119/1253/1707 1122/1251/1707
f 1119/1253/1708 1123/1252/1708 1120/1254/1708
f 1120/1254/1709 1118/1255/1709 1119/1253/1709
f 1118/1255/1710 1120/1254/1710 1121/1256/1710
f 1121/1256/1711 1145/1257/1711 1118/1255/1711
f 1145/1257/1712 1121/1256/1712 1146/1258/1712
f 1146/1258/1713 1144/1259/1713 1145/1257/1713
f 1144/1259/1714 1146/1258/1714 1147/1260/1714
f 1147/1260/1715 1148/1261/1715 1144/1259/1715
f 1148/1261/1716 1147/1260/1716 1149/1262/1716
f 1149/1262/1717 1142/1263/1717 1148/1261/1717
f 1142/1263/1718 1149/1262/1718 1143/1264/1718
f 1143/1264/1719 1140/1265/1719 1142/1263/1719
f 1140/1265/1720 1143/1264/1720 1141/1266/1720
f 1141/1266/1721 1138/1267/1721 1140/1265/1721
f 1138/1267/1722 1141/1266/1722 1139/1268/1722
f 1139/1268/1723 1135/1269/1723 1138/1267/1723
f 1135/1269/1724 1139/1268/1724 1136/1270/1724
f 1136/1270/1725 1134/1271/1725 1135/1269/1725
f 1134/1271/1726 1136/1270/1726 1137/1272/1726
f 1137/1272/1727 1161/1273/1727 1134/1271/1727
f 1161/1273/1728 1137/1272/1728 1162/1274/1728
f 1162/1274/1729 1160/1275/1729 1161/1273/1729
f 1160/1275/1730 1162/1274/1730 1163/1276/1730
f 1163/1276/1731 1164/1277/1731 1160/1275/1731
f 1164/1277/1732 1163/1276/1732 1165/1278/1732
f 1165/1278/1733 1158/1279/1733 1164/1277/1733
f 1158/1279/1734 1165/1278/1734 1159/1280/1734
f 1159/1280/1735 1156/1281/1735 1158/1279/1735
f 1156/1281/1736 1159/1280/1736 1157/1282/1736
f 1157/1282/1737 1154/1283/1737 1156/1281/1737
f 1154/1283/1738 1157/1282/1738 1155/1284/1738
f 1155/1284/1739 1151/1285/1739 1154/1283/1739
f 1151/1285/1740 1155/1284/1740 1152/1286/1740
f 1152/1286/1741 1150/1287/1741 1151/1285/1741
f 1150/1287/1742 1152/1286/1742 1153/1288/1742
f 1153/1288/1743 1175/1289/1743 1150/1287/1743
f 1175/1289/1744 1153/1288/1744 1176/1290/1744
f 1176/1290/1745 1174/1291/1745 1175/1289/1745
f 1174/1291/1746 1176/1290/1746 1177/1292/1746
f 1177/1292/1747 1178/1293/1747 1174/1291/1747
f 1178/1293/1748 1177/1292/1748 1179/1294/1748
f 1179/1294/1749 1172/1295/1749 1178/1293/1749
f 1172/1295/1750 1179/1294/1750 1173/1296/1750
f 1173/1296/1751 1170/1297/1751 1172/1295/1751
f 1170/1297/1752 1173/1296/1752 1171/1298/1752
f 1171/1298/1753 1168/1299/1753 1170/1297/1753
f 1168/1299/1754 1171/1298/1754 1169/1300/1754
f 1169/1300/1755 1166/1301/1755 1168/1299/1755
f 1166/1301/1756 1169/1300/1756 1167/1302/1756
f 1167/1302/1757 1114/1303/1757 1166/1301/1757
f 1114/1303/1758 1167/1302/1758 1115/1304/1758
f 1115/1304/1759 1111/1305/1759 1114/1303/1759
f 1111/1305/1760 1115/1304/1760 1112/1306/1760
f 1112/1306/1761 1110/1307/1761 1111/1305/1761
f 1110/1307/1762 1112/1306/1762 1113/1308/1762
f 1113/1308/1763 1116/1309/1763 1110/1307/1763
f 1116/1309/1764 1113/1308/1764 1117/1310/1764
f 1117/1310/1765 1108/1311/1765 1116/1309/1765
f 1108/1311/1766 1117/1310/1766 1109/1312/1766
f 1109/1312/1767 1106/1313/1767 1108/1311/1767
f 1106/1313/1768 1109/1312/1768 1107/1235/1768
f 1107/1235/1769 1104/1234/1769 1106/1313/1769
f 1489/456/1770 1533/470/1770 1534/1314/1770
f 1535/450/1771 1489/456/1771 1534/1314/1771
f 1534/1314/1772 1691/449/1772 1535/450/1772
f 1691/449/1773 1534/1314/1773 1692/447/1773
f 1533/470/1774 1692/447/1774 1534/1314/1774
f 1692/447/1775 1533/470/1775 1693/474/1775
f 1245/607/1776 1238/1315/1776 1244/621/1776
f 1238/1315/1777 1245/607/1777 1239/599/1777
f 1239/599/1778 1236/1316/1778 1238/1315/1778
f 1236/1316/1779 1239/599/1779 1237/597/1779
f 1237/597/1780 1234/1317/1780 1236/1316/1780
f 1234/1317/1781 1237/597/1781 1235/595/1781
f 1235/595/1782 1231/1318/1782 1234/1317/1782
f 1231/1318/1783 1235/595/1783 1232/593/1783
f 1232/593/1784 1230/588/1784 1231/1318/1784
f 1230/588/1785 1232/593/1785 1233/586/1785
f 1251/581/1786 1248/1319/1786 1250/592/1786
f 1248/1319/1787 1251/581/1787 1249/563/1787
f 1249/563/1788 1246/1320/1788 1248/1319/1788
f 1246/1320/1789 1249/563/1789 1247/561/1789
f 1247/561/1790 1194/1321/1790 1246/1320/1790
f 1194/1321/1791 1247/561/1791 1195/559/1791
f 1195/559/1792 1191/1322/1792 1194/1321/1792
f 1191/1322/1793 1195/559/1793 1192/557/1793
f 1192/557/1794 1190/538/1794 1191/1322/1794
f 1190/538/1795 1192/557/1795 1193/536/1795
f 149/1323/1796 146/1324/1796 150/1325/1796
f 151/1326/1797 149/1323/1797 150/1325/1797
f 145/1327/1798 144/1328/1798 146/1324/1798
f 146/1324/1799 149/1323/1799 145/1327/1799
f 147/1329/1800 145/1327/1800 149/1323/1800
f 136/1330/1801 143/1331/1801 144/1328/1801
f 144/1328/1802 145/1327/1802 136/1330/1802
f 139/1332/1803 136/1330/1803 145/1327/1803
f 145/1327/1804 147/1329/1804 139/1332/1804
f 148/1333/1805 139/1332/1805 147/1329/1805
f 156/1334/1806 140/1335/1806 148/1333/1806
f 139/1332/1807 148/1333/1807 140/1335/1807
f 140/1335/1808 137/1336/1808 139/1332/1808
f 136/1330/1803 139/1332/1803 137/1336/1803
f 137/1336/1809 135/1337/1809 136/1330/1809
f 143/1331/1801 136/1330/1801 135/1337/1801
f 134/1338/1810 143/1331/1810 135/1337/1810
f 143/1331/1810 134/1338/1810 142/1339/1810
f 133/1340/1811 142/1339/1811 134/1338/1811
f 142/1339/1812 133/1340/1812 141/1341/1812
f 138/1342/1813 121/1343/1813 137/1336/1813
f 135/1337/1809 137/1336/1809 121/1343/1809
f 120/1344/1814 135/1337/1814 121/1343/1814
f 135/1337/1814 120/1344/1814 134/1338/1814
f 122/1345/1815 134/1338/1815 120/1344/1815
f 134/1338/1815 122/1345/1815 133/1340/1815
f 123/1346/1816 133/1340/1816 122/1345/1816
f 133/1340/1817 123/1346/1817 132/1347/1817
f 132/1347/1818 141/1341/1818 133/1340/1818
f 141/1341/1819 132/1347/1819 131/1348/1819
f 132/1347/1820 130/1349/1820 131/1348/1820
f 122/1345/1821 118/1350/1821 123/1346/1821
f 118/1350/1822 122/1345/1822 117/1351/1822
f 120/1344/1823 117/1351/1823 122/1345/1823
f 117/1351/1824 120/1344/1824 116/1352/1824
f 121/1343/1825 116/1352/1825 120/1344/1825
f 116/1352/1825 121/1343/1825 113/1353/1825
f 121/1343/1813 138/1342/1813 113/1353/1813
f 158/1354/1826 113/1353/1826 138/1342/1826
f 138/1342/1827 157/1355/1827 158/1354/1827
f 157/1355/1828 187/1356/1828 158/1354/1828
f 119/1357/1829 123/1346/1829 118/1350/1829
f 95/1358/1830 119/1357/1830 118/1350/1830
f 117/1351/1831 95/1358/1831 118/1350/1831
f 95/1358/1831 117/1351/1831 96/1359/1831
f 116/1352/1832 96/1359/1832 117/1351/1832
f 96/1359/1833 116/1352/1833 115/1360/1833
f 113/1353/1834 115/1360/1834 116/1352/1834
f 115/1360/1834 113/1353/1834 114/1361/1834
f 113/1353/1826 158/1354/1826 114/1361/1826
f 158/1354/1835 188/1362/1835 114/1361/1835
f 186/1363/1836 189/1364/1836 188/1362/1836
f 180/1365/1837 90/1366/1837 186/1363/1837
f 189/1364/1836 186/1363/1836 90/1366/1836
f 90/1366/1838 94/1367/1838 189/1364/1838
f 179/1368/1839 88/1369/1839 180/1365/1839
f 90/1366/1837 180/1365/1837 88/1369/1837
f 88/1369/1840 89/1370/1840 90/1366/1840
f 94/1367/1838 90/1366/1838 89/1370/1838
f 89/1370/1841 93/1371/1841 94/1367/1841
f 95/1358/1842 94/1367/1842 93/1371/1842
f 94/1367/1842 95/1358/1842 96/1359/1842
f 96/1359/1843 189/1364/1843 94/1367/1843
f 189/1364/1843 96/1359/1843 115/1360/1843
f 115/1360/1844 188/1362/1844 189/1364/1844
f 188/1362/1844 115/1360/1844 114/1361/1844
f 89/1370/1840 88/1369/1840 87/1372/1840
f 87/1372/1845 92/1373/1845 89/1370/1845
f 93/1371/1846 89/1370/1846 92/1373/1846
f 92/1373/1847 97/1374/1847 93/1371/1847
f 97/1374/1848 95/1358/1848 93/1371/1848
f 95/1358/1848 97/1374/1848 98/1375/1848
f 119/1357/1830 95/1358/1830 98/1375/1830
f 98/1375/1849 106/1376/1849 119/1357/1849
f 106/1376/1850 124/1377/1850 119/1357/1850
f 124/1377/1850 106/1376/1850 112/1378/1850
f 92/1373/1851 87/1372/1851 91/1379/1851
f 91/1379/1852 102/1380/1852 92/1373/1852
f 97/1374/1847 92/1373/1847 102/1380/1847
f 102/1380/1853 99/1381/1853 97/1374/1853
f 99/1381/1854 98/1375/1854 97/1374/1854
f 98/1375/1854 99/1381/1854 100/1382/1854
f 106/1376/1849 98/1375/1849 100/1382/1849
f 100/1382/1855 105/1383/1855 106/1376/1855
f 111/1384/1856 106/1376/1856 105/1383/1856
f 106/1376/1856 111/1384/1856 112/1378/1856
f 127/1385/1857 112/1378/1857 111/1384/1857
f 102/1380/1852 91/1379/1852 101/1386/1852
f 101/1386/1858 103/1387/1858 102/1380/1858
f 99/1381/1853 102/1380/1853 103/1387/1853
f 103/1387/1858 101/1386/1858 104/1388/1858
f 104/1388/1859 83/1389/1859 110/1390/1859
f 110/1390/1860 103/1387/1860 104/1388/1860
f 103/1387/1861 110/1390/1861 109/1391/1861
f 109/1391/1862 99/1381/1862 103/1387/1862
f 99/1381/1863 109/1391/1863 108/1392/1863
f 108/1392/1864 100/1382/1864 99/1381/1864
f 100/1382/1865 108/1392/1865 107/1393/1865
f 105/1383/1855 100/1382/1855 107/1393/1855
f 83/1389/1859 104/1388/1859 84/1394/1859
f 104/1388/1866 85/1395/1866 84/1394/1866
f 85/1395/1866 104/1388/1866 101/1386/1866
f 101/1386/1867 86/1396/1867 85/1395/1867
f 86/1396/1867 101/1386/1867 91/1379/1867
f 91/1379/1868 64/1397/1868 86/1396/1868
f 64/1397/1869 91/1379/1869 87/1372/1869
f 87/1372/1870 65/1398/1870 64/1397/1870
f 65/1398/1871 63/1399/1871 64/1397/1871
f 63/1399/1871 65/1398/1871 66/1400/1871
f 82/1401/1872 78/1402/1872 81/1403/1872
f 81/1403/1873 85/1395/1873 82/1401/1873
f 86/1396/1874 82/1401/1874 85/1395/1874
f 85/1395/1873 81/1403/1873 84/1394/1873
f 78/1402/1872 82/1401/1872 74/1404/1872
f 70/1405/1875 74/1404/1875 82/1401/1875
f 82/1401/1874 86/1396/1874 70/1405/1874
f 64/1397/1876 70/1405/1876 86/1396/1876
f 70/1405/1877 64/1397/1877 63/1399/1877
f 63/1399/1878 69/1406/1878 70/1405/1878
f 69/1406/1879 63/1399/1879 68/1407/1879
f 68/1407/1880 72/1408/1880 69/1406/1880
f 72/1408/1881 68/1407/1881 71/1409/1881
f 71/1409/1882 75/1410/1882 72/1408/1882
f 75/1410/1882 71/1409/1882 192/1411/1882
f 74/1404/1875 70/1405/1875 69/1406/1875
f 69/1406/1883 73/1412/1883 74/1404/1883
f 73/1412/1883 69/1406/1883 72/1408/1883
f 72/1408/1884 61/1413/1884 73/1412/1884
f 61/1413/1884 72/1408/1884 75/1410/1884
f 75/1410/1885 62/1414/1885 61/1413/1885
f 66/1400/1886 68/1407/1886 63/1399/1886
f 68/1407/1886 66/1400/1886 67/1415/1886
f 67/1415/1887 71/1409/1887 68/1407/1887
f 71/1409/1887 67/1415/1887 193/1416/1887
f 193/1416/1888 192/1411/1888 71/1409/1888
f 192/1411/1888 193/1416/1888 196/1417/1888
f 196/1417/1889 195/1418/1889 197/1419/1889
f 195/1418/1889 196/1417/1889 193/1416/1889
f 193/1416/1890 194/1420/1890 195/1418/1890
f 194/1420/1890 193/1416/1890 67/1415/1890
f 67/1415/1891 190/1421/1891 194/1420/1891
f 190/1421/1891 67/1415/1891 66/1400/1891
f 66/1400/1892 179/1368/1892 190/1421/1892
f 179/1368/1892 66/1400/1892 65/1398/1892
f 88/1369/1839 179/1368/1839 65/1398/1839
f 65/1398/1870 87/1372/1870 88/1369/1870
f 195/1418/1893 34/1422/1893 197/1419/1893
f 194/1420/1894 198/1423/1894 195/1418/1894
f 34/1422/1893 195/1418/1893 198/1423/1893
f 198/1423/1895 27/1424/1895 34/1422/1895
f 190/1421/1896 199/1425/1896 194/1420/1896
f 198/1423/1894 194/1420/1894 199/1425/1894
f 199/1425/1897 32/1426/1897 198/1423/1897
f 27/1424/1895 198/1423/1895 32/1426/1895
f 32/1426/1898 28/1427/1898 27/1424/1898
f 12/1428/1899 3/1429/1899 11/1430/1899
f 11/1430/1900 22/1431/1900 12/1428/1900
f 22/1431/1900 11/1430/1900 21/1432/1900
f 28/1427/1901 22/1431/1901 21/1432/1901
f 20/1433/1902 28/1427/1902 21/1432/1902
f 28/1427/1902 20/1433/1902 27/1424/1902
f 26/1434/1903 27/1424/1903 20/1433/1903
f 27/1424/1904 26/1434/1904 34/1422/1904
f 36/1435/1905 34/1422/1905 26/1434/1905
f 34/1422/1905 36/1435/1905 197/1419/1905
f 3/1429/1906 6/1436/1906 4/1437/1906
f 1/1438/1907 3/1429/1907 4/1437/1907
f 3/1429/1908 1/1438/1908 2/1439/1908
f 2/1439/1909 11/1430/1909 3/1429/1909
f 11/1430/1909 2/1439/1909 13/1440/1909
f 13/1440/1910 21/1432/1910 11/1430/1910
f 21/1432/1911 13/1440/1911 20/1433/1911
f 19/1441/1912 20/1433/1912 13/1440/1912
f 20/1433/1913 19/1441/1913 26/1434/1913
f 35/1442/1914 26/1434/1914 19/1441/1914
f 14/1443/1915 2/1439/1915 1/1438/1915
f 2/1439/1916 14/1443/1916 15/1444/1916
f 15/1444/1917 13/1440/1917 2/1439/1917
f 13/1440/1917 15/1444/1917 19/1441/1917
f 17/1445/1918 19/1441/1918 15/1444/1918
f 15/1444/1919 16/1446/1919 17/1445/1919
f 16/1446/1920 37/1447/1920 17/1445/1920
f 37/1447/1920 16/1446/1920 50/1448/1920
f 50/1448/1921 39/1449/1921 37/1447/1921
f 39/1449/1922 50/1448/1922 49/1450/1922
f 16/1446/1919 15/1444/1919 14/1443/1919
f 19/1441/1918 17/1445/1918 35/1442/1918
f 17/1445/1923 38/1451/1923 35/1442/1923
f 38/1451/1923 17/1445/1923 37/1447/1923
f 37/1447/1924 40/1452/1924 38/1451/1924
f 40/1452/1924 37/1447/1924 39/1449/1924
f 39/1449/1925 43/1453/1925 40/1452/1925
f 43/1453/1926 39/1449/1926 45/1454/1926
f 49/1450/1927 45/1454/1927 39/1449/1927
f 45/1454/1928 49/1450/1928 46/1455/1928
f 47/1456/1929 45/1454/1929 46/1455/1929
f 26/1434/1914 35/1442/1914 36/1435/1914
f 35/1442/1930 42/1457/1930 36/1435/1930
f 42/1457/1930 35/1442/1930 38/1451/1930
f 38/1451/1931 41/1458/1931 42/1457/1931
f 41/1458/1932 38/1451/1932 40/1452/1932
f 40/1452/1933 44/1459/1933 41/1458/1933
f 44/1459/1934 40/1452/1934 43/1453/1934
f 36/1435/1935 196/1417/1935 197/1419/1935
f 196/1417/1935 36/1435/1935 42/1457/1935
f 42/1457/1936 192/1411/1936 196/1417/1936
f 192/1411/1937 42/1457/1937 41/1458/1937
f 41/1458/1938 75/1410/1938 192/1411/1938
f 75/1410/1938 41/1458/1938 44/1459/1938
f 62/1414/1885 75/1410/1885 44/1459/1885
f 43/1453/1939 62/1414/1939 44/1459/1939
f 62/1414/1939 43/1453/1939 191/1460/1939
f 45/1454/1940 191/1460/1940 43/1453/1940
f 57/1461/1941 191/1460/1941 48/1462/1941
f 191/1460/1941 57/1461/1941 55/1463/1941
f 52/1464/1942 191/1460/1942 55/1463/1942
f 191/1460/1942 52/1464/1942 62/1414/1942
f 52/1464/1943 61/1413/1943 62/1414/1943
f 61/1413/1943 52/1464/1943 51/1465/1943
f 76/1466/1944 61/1413/1944 51/1465/1944
f 61/1413/1944 76/1466/1944 73/1412/1944
f 78/1402/1945 73/1412/1945 76/1466/1945
f 73/1412/1945 78/1402/1945 74/1404/1945
f 191/1460/1940 45/1454/1940 48/1462/1940
f 45/1454/1929 47/1456/1929 48/1462/1929
f 47/1456/1946 57/1461/1946 48/1462/1946
f 57/1461/1946 47/1456/1946 59/1467/1946
f 60/1468/1947 57/1461/1947 59/1467/1947
f 57/1461/1947 60/1468/1947 58/1469/1947
f 58/1469/1948 55/1463/1948 57/1461/1948
f 55/1463/1949 58/1469/1949 56/1470/1949
f 56/1470/1950 52/1464/1950 55/1463/1950
f 52/1464/1950 56/1470/1950 53/1471/1950
f 53/1471/1951 51/1465/1951 52/1464/1951
f 51/1465/1951 53/1471/1951 54/1472/1951
f 77/1473/1952 51/1465/1952 54/1472/1952
f 51/1465/1953 77/1473/1953 76/1466/1953
f 79/1474/1954 76/1466/1954 77/1473/1954
f 76/1466/1955 79/1474/1955 78/1402/1955
f 80/1475/1956 78/1402/1956 79/1474/1956
f 78/1402/1957 80/1475/1957 81/1403/1957
f 83/1389/1958 81/1403/1958 80/1475/1958
f 81/1403/1958 83/1389/1958 84/1394/1958
f 23/1476/1959 29/1477/1959 30/1478/1959
f 507/1479/1960 504/1480/1960 201/1481/1960
f 33/1482/1961 201/1481/1961 504/1480/1961
f 504/1480/1962 502/1483/1962 33/1482/1962
f 29/1477/1963 33/1482/1963 502/1483/1963
f 497/1484/1964 29/1477/1964 502/1483/1964
f 29/1477/1964 497/1484/1964 30/1478/1964
f 487/1485/1965 30/1478/1965 497/1484/1965
f 30/1478/1966 487/1485/1966 31/1486/1966
f 24/1487/1967 30/1478/1967 31/1486/1967
f 30/1478/1967 24/1487/1967 23/1476/1967
f 497/1484/1968 486/1488/1968 487/1485/1968
f 177/1489/1969 182/1490/1969 181/1491/1969
f 182/1490/1969 177/1489/1969 183/1492/1969
f 507/1479/1970 182/1490/1970 183/1492/1970
f 183/1492/1971 505/1493/1971 507/1479/1971
f 504/1480/1960 507/1479/1960 505/1493/1960
f 505/1493/1972 501/1494/1972 504/1480/1972
f 502/1483/1962 504/1480/1962 501/1494/1962
f 501/1494/1973 497/1484/1973 502/1483/1973
f 497/1484/1973 501/1494/1973 498/1495/1973
f 486/1488/1974 497/1484/1974 498/1495/1974
f 501/1494/1975 499/1496/1975 498/1495/1975
f 505/1493/1976 183/1492/1976 506/1497/1976
f 506/1497/1977 503/1498/1977 505/1493/1977
f 501/1494/1972 505/1493/1972 503/1498/1972
f 499/1496/1975 501/1494/1975 503/1498/1975
f 500/1499/1978 499/1496/1978 503/1498/1978
f 499/1496/1978 500/1499/1978 496/1500/1978
f 503/1498/1977 506/1497/1977 500/1499/1977
f 498/1495/1979 485/1501/1979 486/1488/1979
f 485/1501/1979 498/1495/1979 499/1496/1979
f 499/1496/1980 484/1502/1980 485/1501/1980
f 484/1502/1980 499/1496/1980 496/1500/1980
f 495/1503/1981 484/1502/1981 496/1500/1981
f 500/1499/1982 495/1503/1982 496/1500/1982
f 495/1503/1982 500/1499/1982 175/1504/1982
f 506/1497/1983 175/1504/1983 500/1499/1983
f 175/1504/1983 506/1497/1983 176/1505/1983
f 183/1492/1984 176/1505/1984 506/1497/1984
f 484/1502/1981 495/1503/1981 483/1506/1981
f 171/1507/1985 483/1506/1985 495/1503/1985
f 175/1504/1986 171/1507/1986 495/1503/1986
f 171/1507/1987 175/1504/1987 172/1508/1987
f 176/1505/1988 172/1508/1988 175/1504/1988
f 172/1508/1988 176/1505/1988 173/1509/1988
f 173/1509/1989 170/1510/1989 172/1508/1989
f 170/1510/1989 173/1509/1989 174/1511/1989
f 156/1334/1990 170/1510/1990 174/1511/1990
f 170/1510/1990 156/1334/1990 155/1512/1990
f 483/1506/1985 171/1507/1985 427/1513/1985
f 169/1514/1991 427/1513/1991 171/1507/1991
f 172/1508/1992 169/1514/1992 171/1507/1992
f 169/1514/1992 172/1508/1992 170/1510/1992
f 427/1513/1993 169/1514/1993 425/1515/1993
f 155/1512/1994 161/1516/1994 168/1517/1994
f 155/1512/1995 169/1514/1995 170/1510/1995
f 169/1514/1995 155/1512/1995 168/1517/1995
f 168/1517/1996 425/1515/1996 169/1514/1996
f 425/1515/1997 168/1517/1997 167/1518/1997
f 168/1517/1998 166/1519/1998 167/1518/1998
f 166/1519/1998 168/1517/1998 161/1516/1998
f 161/1516/1999 163/1520/1999 166/1519/1999
f 163/1520/1999 161/1516/1999 160/1521/1999
f 160/1521/2000 162/1522/2000 163/1520/2000
f 162/1522/2001 160/1521/2001 159/1523/2001
f 159/1523/2002 153/1524/2002 152/1525/2002
f 153/1524/2002 159/1523/2002 160/1521/2002
f 161/1516/2003 153/1524/2003 160/1521/2003
f 153/1524/2003 161/1516/2003 154/1526/2003
f 161/1516/1994 155/1512/1994 154/1526/1994
f 156/1334/2004 154/1526/2004 155/1512/2004
f 159/1523/2005 165/1527/2005 162/1522/2005
f 165/1527/2005 159/1523/2005 164/1528/2005
f 159/1523/2006 151/1326/2006 164/1528/2006
f 151/1326/2006 159/1523/2006 152/1525/2006
f 149/1323/1797 151/1326/1797 152/1525/1797
f 153/1524/2007 149/1323/2007 152/1525/2007
f 149/1323/2007 153/1524/2007 147/1329/2007
f 154/1526/2008 147/1329/2008 153/1524/2008
f 147/1329/2008 154/1526/2008 148/1333/2008
f 154/1526/2004 156/1334/2004 148/1333/2004
f 176/1505/2009 183/1492/2009 177/1489/2009
f 177/1489/2010 173/1509/2010 176/1505/2010
f 173/1509/2011 177/1489/2011 178/1529/2011
f 178/1529/2012 174/1511/2012 173/1509/2012
f 174/1511/2013 178/1529/2013 185/1530/2013
f 185/1530/2014 156/1334/2014 174/1511/2014
f 156/1334/2014 185/1530/2014 157/1355/2014
f 140/1335/1806 156/1334/1806 157/1355/1806
f 157/1355/2015 138/1342/2015 140/1335/2015
f 137/1336/2016 140/1335/2016 138/1342/2016
f 187/1356/1828 157/1355/1828 185/1530/1828
f 185/1530/2017 184/1531/2017 187/1356/2017
f 184/1531/2017 185/1530/2017 178/1529/2017
f 178/1529/2018 181/1491/2018 184/1531/2018
f 181/1491/2018 178/1529/2018 177/1489/2018
f 188/1362/1835 158/1354/1835 187/1356/1835
f 187/1356/2019 186/1363/2019 188/1362/2019
f 186/1363/2019 187/1356/2019 184/1531/2019
f 184/1531/2020 180/1365/2020 186/1363/2020
f 180/1365/2020 184/1531/2020 181/1491/2020
f 181/1491/2021 179/1368/2021 180/1365/2021
f 179/1368/2021 181/1491/2021 182/1490/2021
f 200/1532/2022 179/1368/2022 182/1490/2022
f 182/1490/1970 507/1479/1970 200/1532/1970
f 201/1481/2023 200/1532/2023 507/1479/2023
f 12/1428/2024 9/1533/2024 5/1534/2024
f 9/1533/2024 12/1428/2024 18/1535/2024
f 12/1428/2025 23/1476/2025 18/1535/2025
f 23/1476/2025 12/1428/2025 22/1431/2025
f 29/1477/1959 23/1476/1959 22/1431/1959
f 22/1431/1901 28/1427/1901 29/1477/1901
f 33/1482/1963 29/1477/1963 28/1427/1963
f 28/1427/1898 32/1426/1898 33/1482/1898
f 201/1481/2026 33/1482/2026 32/1426/2026
f 32/1426/1897 199/1425/1897 201/1481/1897
f 200/1532/2023 201/1481/2023 199/1425/2023
f 199/1425/1896 190/1421/1896 200/1532/1896
f 179/1368/2022 200/1532/2022 190/1421/2022
f 151/1326/2027 488/1536/2027 164/1528/2027
f 488/1536/2028 165/1527/2028 164/1528/2028
f 165/1527/2028 488/1536/2028 405/1537/2028
f 208/1538/2029 405/1537/2029 488/1536/2029
f 405/1537/2030 208/1538/2030 406/1539/2030
f 209/1540/2031 488/1536/2031 218/1541/2031
f 488/1536/2031 209/1540/2031 208/1538/2031
f 209/1540/2032 206/1542/2032 208/1538/2032
f 206/1542/2033 406/1539/2033 208/1538/2033
f 406/1539/2033 206/1542/2033 370/1543/2033
f 205/1544/2034 370/1543/2034 206/1542/2034
f 370/1543/2034 205/1544/2034 369/1545/2034
f 205/1544/2035 371/1546/2035 369/1545/2035
f 371/1546/2036 205/1544/2036 204/1547/2036
f 204/1547/2037 373/1548/2037 371/1546/2037
f 202/1549/2038 204/1547/2038 205/1544/2038
f 206/1542/2039 202/1549/2039 205/1544/2039
f 202/1549/2039 206/1542/2039 207/1550/2039
f 206/1542/2032 209/1540/2032 207/1550/2032
f 207/1550/2040 212/1551/2040 202/1549/2040
f 204/1547/2041 375/1552/2041 372/1553/2041
f 375/1552/2041 204/1547/2041 203/1554/2041
f 204/1547/2038 202/1549/2038 203/1554/2038
f 202/1549/2042 376/1555/2042 203/1554/2042
f 376/1555/2042 202/1549/2042 212/1551/2042
f 212/1551/2043 223/1556/2043 376/1555/2043
f 223/1556/2043 212/1551/2043 214/1557/2043
f 214/1557/2044 222/1558/2044 223/1556/2044
f 222/1558/2045 214/1557/2045 219/1559/2045
f 219/1559/2046 221/1560/2046 222/1558/2046
f 214/1557/2047 224/1561/2047 219/1559/2047
f 377/1562/2048 341/1563/2048 340/1564/2048
f 340/1564/2049 375/1552/2049 377/1562/2049
f 203/1554/2050 377/1562/2050 375/1552/2050
f 377/1562/2050 203/1554/2050 376/1555/2050
f 376/1555/2051 379/1565/2051 377/1562/2051
f 379/1565/2051 376/1555/2051 223/1556/2051
f 223/1556/2052 380/1566/2052 379/1565/2052
f 380/1566/2052 223/1556/2052 222/1558/2052
f 222/1558/2053 381/1567/2053 380/1566/2053
f 382/1568/2054 380/1566/2054 381/1567/2054
f 378/1569/2055 379/1565/2055 380/1566/2055
f 380/1566/2056 382/1568/2056 378/1569/2056
f 508/1570/2057 378/1569/2057 382/1568/2057
f 325/1571/2058 327/1572/2058 329/1573/2058
f 331/1574/2059 329/1573/2059 327/1572/2059
f 327/1572/2060 330/1575/2060 331/1574/2060
f 508/1570/2061 331/1574/2061 330/1575/2061
f 332/1576/2062 508/1570/2062 330/1575/2062
f 508/1570/2062 332/1576/2062 336/1577/2062
f 378/1569/2057 508/1570/2057 336/1577/2057
f 336/1577/2063 341/1563/2063 378/1569/2063
f 379/1565/2055 378/1569/2055 341/1563/2055
f 341/1563/2064 377/1562/2064 379/1565/2064
f 322/1578/2065 326/1579/2065 327/1572/2065
f 330/1575/2060 327/1572/2060 326/1579/2060
f 328/1580/2066 330/1575/2066 326/1579/2066
f 330/1575/2066 328/1580/2066 332/1576/2066
f 333/1581/2067 332/1576/2067 328/1580/2067
f 332/1576/2067 333/1581/2067 334/1582/2067
f 334/1582/2068 336/1577/2068 332/1576/2068
f 336/1577/2068 334/1582/2068 335/1583/2068
f 341/1563/2063 336/1577/2063 335/1583/2063
f 335/1583/2069 340/1564/2069 341/1563/2069
f 295/1584/2070 324/1585/2070 323/1586/2070
f 322/1578/2071 295/1584/2071 323/1586/2071
f 323/1586/2072 321/1587/2072 322/1578/2072
f 326/1579/2073 322/1578/2073 321/1587/2073
f 320/1588/2074 326/1579/2074 321/1587/2074
f 326/1579/2075 320/1588/2075 328/1580/2075
f 319/1589/2076 328/1580/2076 320/1588/2076
f 328/1580/2076 319/1589/2076 333/1581/2076
f 318/1590/2077 333/1581/2077 319/1589/2077
f 333/1581/2078 318/1590/2078 337/1591/2078
f 348/1592/2079 338/1593/2079 337/1591/2079
f 337/1591/2080 349/1594/2080 348/1592/2080
f 349/1594/2080 337/1591/2080 318/1590/2080
f 317/1595/2081 349/1594/2081 318/1590/2081
f 319/1589/2082 317/1595/2082 318/1590/2082
f 317/1595/2082 319/1589/2082 316/1596/2082
f 320/1588/2083 316/1596/2083 319/1589/2083
f 316/1596/2083 320/1588/2083 313/1597/2083
f 321/1587/2084 313/1597/2084 320/1588/2084
f 313/1597/2084 321/1587/2084 314/1598/2084
f 338/1593/2085 343/1599/2085 339/1600/2085
f 351/1601/2086 343/1599/2086 347/1602/2086
f 373/1548/2087 204/1547/2087 372/1553/2087
f 372/1553/2088 374/1603/2088 373/1548/2088
f 374/1603/2088 372/1553/2088 351/1601/2088
f 351/1601/2089 346/1604/2089 374/1603/2089
f 346/1604/2089 351/1601/2089 347/1602/2089
f 344/1605/2090 346/1604/2090 347/1602/2090
f 343/1599/2091 344/1605/2091 347/1602/2091
f 344/1605/2091 343/1599/2091 342/1606/2091
f 343/1599/2085 338/1593/2085 342/1606/2085
f 338/1593/2079 348/1592/2079 342/1606/2079
f 337/1591/2092 334/1582/2092 333/1581/2092
f 334/1582/2093 337/1591/2093 338/1593/2093
f 338/1593/2094 335/1583/2094 334/1582/2094
f 335/1583/2095 338/1593/2095 339/1600/2095
f 340/1564/2096 335/1583/2096 339/1600/2096
f 343/1599/2097 340/1564/2097 339/1600/2097
f 340/1564/2097 343/1599/2097 352/1607/2097
f 343/1599/2086 351/1601/2086 352/1607/2086
f 372/1553/2098 352/1607/2098 351/1601/2098
f 352/1607/2098 372/1553/2098 375/1552/2098
f 375/1552/2049 340/1564/2049 352/1607/2049
f 494/1608/2099 279/1609/2099 281/1610/2099
f 493/1611/2100 280/1612/2100 279/1609/2100
f 279/1609/2099 494/1608/2099 493/1611/2099
f 491/1613/2101 493/1611/2101 494/1608/2101
f 494/1608/2102 413/1614/2102 491/1613/2102
f 413/1614/2103 494/1608/2103 411/1615/2103
f 281/1610/2104 411/1615/2104 494/1608/2104
f 411/1615/2105 281/1610/2105 255/1616/2105
f 444/1617/2106 302/1618/2106 280/1612/2106
f 280/1612/2100 493/1611/2100 444/1617/2100
f 490/1619/2107 444/1617/2107 493/1611/2107
f 493/1611/2108 491/1613/2108 490/1619/2108
f 491/1613/2109 489/1620/2109 490/1619/2109
f 489/1620/2110 491/1613/2110 492/1621/2110
f 413/1614/2111 492/1621/2111 491/1613/2111
f 492/1621/2111 413/1614/2111 415/1622/2111
f 345/1623/2112 415/1622/2112 346/1604/2112
f 415/1622/2113 345/1623/2113 492/1621/2113
f 368/1624/2114 492/1621/2114 345/1623/2114
f 492/1621/2114 368/1624/2114 489/1620/2114
f 367/1625/2115 489/1620/2115 368/1624/2115
f 489/1620/2115 367/1625/2115 446/1626/2115
f 446/1626/2116 490/1619/2116 489/1620/2116
f 490/1619/2116 446/1626/2116 445/1627/2116
f 444/1617/2117 490/1619/2117 445/1627/2117
f 445/1627/2118 442/1628/2118 444/1617/2118
f 366/1629/2119 446/1626/2119 367/1625/2119
f 448/1630/2120 366/1629/2120 365/1631/2120
f 366/1629/2120 448/1630/2120 447/1632/2120
f 446/1626/2121 366/1629/2121 447/1632/2121
f 447/1632/2122 445/1627/2122 446/1626/2122
f 445/1627/2122 447/1632/2122 443/1633/2122
f 442/1628/2123 445/1627/2123 443/1633/2123
f 439/1634/2124 442/1628/2124 443/1633/2124
f 442/1628/2124 439/1634/2124 438/1635/2124
f 440/1636/2125 438/1635/2125 439/1634/2125
f 438/1635/2125 440/1636/2125 441/1637/2125
f 456/1638/2126 455/1639/2126 453/1640/2126
f 454/1641/2127 453/1640/2127 455/1639/2127
f 453/1640/2127 454/1641/2127 452/1642/2127
f 454/1641/2128 450/1643/2128 452/1642/2128
f 450/1643/2128 454/1641/2128 451/1644/2128
f 451/1644/2129 449/1645/2129 450/1643/2129
f 449/1645/2130 451/1644/2130 440/1636/2130
f 440/1636/2131 448/1630/2131 449/1645/2131
f 448/1630/2131 440/1636/2131 439/1634/2131
f 439/1634/2132 447/1632/2132 448/1630/2132
f 447/1632/2132 439/1634/2132 443/1633/2132
f 453/1640/2133 25/1646/2133 456/1638/2133
f 25/1646/2133 453/1640/2133 10/1647/2133
f 452/1642/2134 10/1647/2134 453/1640/2134
f 10/1647/2135 452/1642/2135 7/1648/2135
f 452/1642/2136 363/1649/2136 7/1648/2136
f 363/1649/2137 452/1642/2137 450/1643/2137
f 450/1643/2138 364/1650/2138 363/1649/2138
f 364/1650/2138 450/1643/2138 449/1645/2138
f 449/1645/2139 365/1631/2139 364/1650/2139
f 365/1631/2140 449/1645/2140 448/1630/2140
f 473/1651/2141 476/1652/2141 474/1653/2141
f 476/1652/2142 473/1651/2142 475/1654/2142
f 472/1655/2143 475/1654/2143 473/1651/2143
f 475/1654/2144 472/1655/2144 471/1656/2144
f 470/1657/2145 471/1656/2145 472/1655/2145
f 471/1656/2145 470/1657/2145 468/1658/2145
f 469/1659/2146 468/1658/2146 470/1657/2146
f 468/1658/2147 469/1659/2147 461/1660/2147
f 474/1653/2148 110/1390/2148 83/1389/2148
f 80/1475/2149 474/1653/2149 83/1389/2149
f 474/1653/2150 80/1475/2150 473/1651/2150
f 79/1474/2151 473/1651/2151 80/1475/2151
f 473/1651/2151 79/1474/2151 472/1655/2151
f 77/1473/2152 472/1655/2152 79/1474/2152
f 472/1655/2152 77/1473/2152 470/1657/2152
f 54/1472/2153 470/1657/2153 77/1473/2153
f 470/1657/2154 54/1472/2154 469/1659/2154
f 54/1472/2155 462/1661/2155 469/1659/2155
f 462/1661/2155 54/1472/2155 53/1471/2155
f 58/1469/2156 465/1662/2156 464/1663/2156
f 464/1663/2157 56/1470/2157 58/1469/2157
f 56/1470/2157 464/1663/2157 463/1664/2157
f 463/1664/2158 53/1471/2158 56/1470/2158
f 53/1471/2159 463/1664/2159 462/1661/2159
f 457/1665/2160 462/1661/2160 463/1664/2160
f 462/1661/2161 457/1665/2161 459/1666/2161
f 457/1665/2162 458/1667/2162 459/1666/2162
f 460/1668/2163 459/1666/2163 458/1667/2163
f 458/1667/2164 31/1486/2164 460/1668/2164
f 451/1644/2165 441/1637/2165 440/1636/2165
f 441/1637/2166 451/1644/2166 466/1669/2166
f 454/1641/2167 466/1669/2167 451/1644/2167
f 466/1669/2167 454/1641/2167 465/1662/2167
f 454/1641/2168 464/1663/2168 465/1662/2168
f 464/1663/2168 454/1641/2168 455/1639/2168
f 455/1639/2169 463/1664/2169 464/1663/2169
f 463/1664/2170 455/1639/2170 457/1665/2170
f 455/1639/2171 456/1638/2171 457/1665/2171
f 458/1667/2172 457/1665/2172 456/1638/2172
f 456/1638/2173 24/1487/2173 458/1667/2173
f 31/1486/2164 458/1667/2164 24/1487/2164
f 24/1487/2174 456/1638/2174 25/1646/2174
f 302/1618/2175 444/1617/2175 442/1628/2175
f 438/1635/2176 302/1618/2176 442/1628/2176
f 302/1618/2176 438/1635/2176 300/1670/2176
f 441/1637/2177 300/1670/2177 438/1635/2177
f 300/1670/2178 441/1637/2178 301/1671/2178
f 466/1669/2179 301/1671/2179 441/1637/2179
f 301/1671/2179 466/1669/2179 303/1672/2179
f 465/1662/2180 303/1672/2180 466/1669/2180
f 303/1672/2181 465/1662/2181 60/1468/2181
f 465/1662/2182 58/1469/2182 60/1468/2182
f 428/1673/2183 109/1391/2183 110/1390/2183
f 477/1674/2184 429/1675/2184 428/1673/2184
f 109/1391/2183 428/1673/2183 429/1675/2183
f 429/1675/2185 108/1392/2185 109/1391/2185
f 421/1676/2186 107/1393/2186 108/1392/2186
f 108/1392/2185 429/1675/2185 421/1676/2185
f 478/1677/2187 421/1676/2187 429/1675/2187
f 429/1675/2188 477/1674/2188 478/1677/2188
f 477/1674/2189 426/1678/2189 478/1677/2189
f 426/1678/2190 477/1674/2190 479/1679/2190
f 476/1652/2191 479/1679/2191 477/1674/2191
f 428/1673/2192 476/1652/2192 477/1674/2192
f 476/1652/2193 428/1673/2193 474/1653/2193
f 110/1390/2194 474/1653/2194 428/1673/2194
f 427/1513/2195 479/1679/2195 483/1506/2195
f 479/1679/2195 427/1513/2195 426/1678/2195
f 425/1515/2196 426/1678/2196 427/1513/2196
f 426/1678/2196 425/1515/2196 424/1680/2196
f 424/1680/2197 478/1677/2197 426/1678/2197
f 478/1677/2198 424/1680/2198 418/1681/2198
f 421/1676/2187 478/1677/2187 418/1681/2187
f 418/1681/2199 420/1682/2199 421/1676/2199
f 107/1393/2200 421/1676/2200 420/1682/2200
f 423/1683/2201 107/1393/2201 420/1682/2201
f 167/1518/2202 424/1680/2202 425/1515/2202
f 435/1684/2203 431/1685/2203 430/1686/2203
f 423/1683/2204 430/1686/2204 431/1685/2204
f 430/1686/2204 423/1683/2204 422/1687/2204
f 420/1682/2205 422/1687/2205 423/1683/2205
f 422/1687/2205 420/1682/2205 419/1688/2205
f 420/1682/2199 418/1681/2199 419/1688/2199
f 418/1681/2206 417/1689/2206 419/1688/2206
f 417/1689/2207 418/1681/2207 424/1680/2207
f 424/1680/2208 167/1518/2208 417/1689/2208
f 167/1518/2209 416/1690/2209 417/1689/2209
f 435/1684/2210 432/1691/2210 436/1692/2210
f 432/1691/2211 435/1684/2211 430/1686/2211
f 430/1686/2212 416/1690/2212 432/1691/2212
f 416/1690/2213 430/1686/2213 422/1687/2213
f 422/1687/2214 417/1689/2214 416/1690/2214
f 417/1689/2215 422/1687/2215 419/1688/2215
f 416/1690/2209 167/1518/2209 166/1519/2209
f 166/1519/2216 432/1691/2216 416/1690/2216
f 432/1691/2217 166/1519/2217 163/1520/2217
f 163/1520/2218 436/1692/2218 432/1691/2218
f 436/1692/2218 163/1520/2218 162/1522/2218
f 107/1393/2201 423/1683/2201 105/1383/2201
f 431/1685/2219 105/1383/2219 423/1683/2219
f 105/1383/2220 431/1685/2220 111/1384/2220
f 437/1693/2221 111/1384/2221 431/1685/2221
f 431/1685/2222 435/1684/2222 437/1693/2222
f 433/1694/2223 437/1693/2223 435/1684/2223
f 436/1692/2224 433/1694/2224 435/1684/2224
f 433/1694/2224 436/1692/2224 434/1695/2224
f 162/1522/2225 434/1695/2225 436/1692/2225
f 434/1695/2226 162/1522/2226 165/1527/2226
f 111/1384/2221 437/1693/2221 127/1385/2221
f 510/1696/2227 127/1385/2227 437/1693/2227
f 437/1693/2223 433/1694/2223 510/1696/2223
f 433/1694/2228 511/1697/2228 510/1696/2228
f 511/1697/2228 433/1694/2228 403/1698/2228
f 403/1698/2229 512/1699/2229 511/1697/2229
f 512/1699/2230 403/1698/2230 401/1700/2230
f 401/1700/2231 392/1701/2231 512/1699/2231
f 392/1701/2232 401/1700/2232 399/1702/2232
f 399/1702/2233 393/1703/2233 392/1701/2233
f 393/1703/2234 396/1704/2234 394/1705/2234
f 394/1705/2235 248/1706/2235 393/1703/2235
f 248/1706/2236 392/1701/2236 393/1703/2236
f 392/1701/2236 248/1706/2236 246/1707/2236
f 246/1707/2237 512/1699/2237 392/1701/2237
f 512/1699/2238 246/1707/2238 245/1708/2238
f 245/1708/2239 511/1697/2239 512/1699/2239
f 511/1697/2239 245/1708/2239 247/1709/2239
f 247/1709/2240 510/1696/2240 511/1697/2240
f 510/1696/2241 247/1709/2241 128/1710/2241
f 127/1385/2242 510/1696/2242 128/1710/2242
f 248/1706/2243 394/1705/2243 249/1711/2243
f 398/1712/2244 408/1713/2244 396/1704/2244
f 408/1713/2245 394/1705/2245 396/1704/2245
f 394/1705/2245 408/1713/2245 409/1714/2245
f 409/1714/2246 249/1711/2246 394/1705/2246
f 249/1711/2246 409/1714/2246 251/1715/2246
f 410/1716/2247 251/1715/2247 409/1714/2247
f 251/1715/2247 410/1716/2247 253/1717/2247
f 411/1615/2248 253/1717/2248 410/1716/2248
f 253/1717/2249 411/1615/2249 255/1616/2249
f 398/1712/2250 369/1545/2250 371/1546/2250
f 371/1546/2251 407/1718/2251 398/1712/2251
f 408/1713/2244 398/1712/2244 407/1718/2244
f 407/1718/2252 412/1719/2252 408/1713/2252
f 412/1719/2253 409/1714/2253 408/1713/2253
f 409/1714/2254 412/1719/2254 410/1716/2254
f 413/1614/2255 410/1716/2255 412/1719/2255
f 410/1716/2255 413/1614/2255 411/1615/2255
f 407/1718/2251 371/1546/2251 373/1548/2251
f 373/1548/2256 414/1720/2256 407/1718/2256
f 412/1719/2257 407/1718/2257 414/1720/2257
f 414/1720/2258 413/1614/2258 412/1719/2258
f 413/1614/2258 414/1720/2258 415/1622/2258
f 374/1603/2259 415/1622/2259 414/1720/2259
f 415/1622/2260 374/1603/2260 346/1604/2260
f 414/1720/2256 373/1548/2256 374/1603/2256
f 355/1721/2261 365/1631/2261 366/1629/2261
f 367/1625/2262 355/1721/2262 366/1629/2262
f 355/1721/2263 367/1625/2263 354/1722/2263
f 368/1624/2264 354/1722/2264 367/1625/2264
f 354/1722/2265 368/1624/2265 353/1723/2265
f 345/1623/2266 353/1723/2266 368/1624/2266
f 360/1724/2267 363/1649/2267 364/1650/2267
f 364/1650/2268 358/1725/2268 360/1724/2268
f 358/1725/2268 364/1650/2268 365/1631/2268
f 365/1631/2261 355/1721/2261 358/1725/2261
f 350/1726/2269 358/1725/2269 355/1721/2269
f 354/1722/2270 350/1726/2270 355/1721/2270
f 350/1726/2270 354/1722/2270 349/1594/2270
f 354/1722/2271 348/1592/2271 349/1594/2271
f 348/1592/2271 354/1722/2271 353/1723/2271
f 353/1723/2272 342/1606/2272 348/1592/2272
f 342/1606/2272 353/1723/2272 344/1605/2272
f 353/1723/2273 345/1623/2273 344/1605/2273
f 346/1604/2090 344/1605/2090 345/1623/2090
f 349/1594/2081 317/1595/2081 350/1726/2081
f 317/1595/2274 357/1727/2274 350/1726/2274
f 358/1725/2269 350/1726/2269 357/1727/2269
f 359/1728/2275 358/1725/2275 357/1727/2275
f 358/1725/2275 359/1728/2275 360/1724/2275
f 359/1728/2276 362/1729/2276 360/1724/2276
f 363/1649/2277 360/1724/2277 362/1729/2277
f 362/1729/2278 7/1648/2278 363/1649/2278
f 7/1648/2278 362/1729/2278 8/1730/2278
f 362/1729/2279 6/1436/2279 8/1730/2279
f 362/1729/2276 359/1728/2276 361/1731/2276
f 6/1436/2279 362/1729/2279 361/1731/2279
f 390/1732/2280 6/1436/2280 361/1731/2280
f 359/1728/2281 390/1732/2281 361/1731/2281
f 390/1732/2281 359/1728/2281 391/1733/2281
f 357/1727/2282 391/1733/2282 359/1728/2282
f 391/1733/2282 357/1727/2282 356/1734/2282
f 357/1727/2274 317/1595/2274 356/1734/2274
f 317/1595/2283 315/1735/2283 356/1734/2283
f 315/1735/2283 317/1595/2283 316/1596/2283
f 316/1596/2284 311/1736/2284 315/1735/2284
f 311/1736/2285 316/1596/2285 313/1597/2285
f 313/1597/2286 312/1737/2286 311/1736/2286
f 312/1737/2286 313/1597/2286 314/1598/2286
f 307/1738/2287 311/1736/2287 312/1737/2287
f 310/1739/2288 315/1735/2288 311/1736/2288
f 311/1736/2287 307/1738/2287 310/1739/2287
f 306/1740/2289 310/1739/2289 307/1738/2289
f 321/1587/2072 323/1586/2072 314/1598/2072
f 323/1586/2290 312/1737/2290 314/1598/2290
f 312/1737/2290 323/1586/2290 324/1585/2290
f 324/1585/2291 307/1738/2291 312/1737/2291
f 307/1738/2291 324/1585/2291 304/1741/2291
f 304/1741/2292 306/1740/2292 307/1738/2292
f 306/1740/2292 304/1741/2292 305/1742/2292
f 305/1742/2293 16/1446/2293 306/1740/2293
f 16/1446/2293 305/1742/2293 50/1448/2293
f 294/1743/2294 50/1448/2294 305/1742/2294
f 287/1744/2295 285/1745/2295 284/1746/2295
f 285/1745/2295 287/1744/2295 288/1747/2295
f 287/1744/2296 290/1748/2296 288/1747/2296
f 291/1749/2297 288/1747/2297 290/1748/2297
f 290/1748/2298 294/1743/2298 291/1749/2298
f 305/1742/2299 291/1749/2299 294/1743/2299
f 291/1749/2299 305/1742/2299 304/1741/2299
f 304/1741/2300 292/1750/2300 291/1749/2300
f 292/1750/2301 304/1741/2301 324/1585/2301
f 324/1585/2302 295/1584/2302 292/1750/2302
f 288/1747/2303 291/1749/2303 292/1750/2303
f 292/1750/2304 285/1745/2304 288/1747/2304
f 285/1745/2304 292/1750/2304 295/1584/2304
f 284/1746/2305 278/1751/2305 283/1752/2305
f 296/1753/2306 284/1746/2306 283/1752/2306
f 284/1746/2306 296/1753/2306 287/1744/2306
f 296/1753/2307 289/1754/2307 287/1744/2307
f 290/1748/2296 287/1744/2296 289/1754/2296
f 293/1755/2308 289/1754/2308 298/1756/2308
f 289/1754/2308 293/1755/2308 290/1748/2308
f 294/1743/2309 290/1748/2309 293/1755/2309
f 50/1448/2310 294/1743/2310 49/1450/2310
f 293/1755/2311 49/1450/2311 294/1743/2311
f 49/1450/2312 293/1755/2312 46/1455/2312
f 293/1755/2313 47/1456/2313 46/1455/2313
f 47/1456/2313 293/1755/2313 298/1756/2313
f 299/1757/2314 47/1456/2314 298/1756/2314
f 289/1754/2315 299/1757/2315 298/1756/2315
f 299/1757/2315 289/1754/2315 297/1758/2315
f 289/1754/2307 296/1753/2307 297/1758/2307
f 296/1753/2316 301/1671/2316 297/1758/2316
f 303/1672/2317 297/1758/2317 301/1671/2317
f 297/1758/2318 303/1672/2318 299/1757/2318
f 60/1468/2319 299/1757/2319 303/1672/2319
f 299/1757/2319 60/1468/2319 59/1467/2319
f 47/1456/2314 299/1757/2314 59/1467/2314
f 301/1671/2316 296/1753/2316 300/1670/2316
f 283/1752/2320 300/1670/2320 296/1753/2320
f 300/1670/2320 283/1752/2320 302/1618/2320
f 283/1752/2321 280/1612/2321 302/1618/2321
f 280/1612/2322 283/1752/2322 278/1751/2322
f 278/1751/2323 279/1609/2323 280/1612/2323
f 279/1609/2324 278/1751/2324 275/1759/2324
f 275/1759/2325 281/1610/2325 279/1609/2325
f 281/1610/2325 275/1759/2325 274/1760/2325
f 274/1760/2326 255/1616/2326 281/1610/2326
f 274/1760/2327 265/1761/2327 256/1762/2327
f 271/1763/2328 270/1764/2328 266/1765/2328
f 265/1761/2329 271/1763/2329 266/1765/2329
f 271/1763/2329 265/1761/2329 273/1766/2329
f 265/1761/2327 274/1760/2327 273/1766/2327
f 275/1759/2330 273/1766/2330 274/1760/2330
f 273/1766/2330 275/1759/2330 276/1767/2330
f 278/1751/2331 276/1767/2331 275/1759/2331
f 276/1767/2331 278/1751/2331 282/1768/2331
f 278/1751/2305 284/1746/2305 282/1768/2305
f 285/1745/2332 282/1768/2332 284/1746/2332
f 276/1767/2333 271/1763/2333 273/1766/2333
f 270/1764/2334 271/1763/2334 272/1769/2334
f 277/1770/2335 272/1769/2335 271/1763/2335
f 271/1763/2333 276/1767/2333 277/1770/2333
f 282/1768/2336 277/1770/2336 276/1767/2336
f 277/1770/2336 282/1768/2336 286/1771/2336
f 282/1768/2332 285/1745/2332 286/1771/2332
f 285/1745/2337 325/1571/2337 286/1771/2337
f 325/1571/2337 285/1745/2337 295/1584/2337
f 295/1584/2338 322/1578/2338 325/1571/2338
f 327/1572/2058 325/1571/2058 322/1578/2058
f 383/1772/2339 382/1568/2339 381/1567/2339
f 382/1568/2340 383/1772/2340 384/1773/2340
f 384/1773/2341 508/1570/2341 382/1568/2341
f 508/1570/2341 384/1773/2341 509/1774/2341
f 331/1574/2061 508/1570/2061 509/1774/2061
f 509/1774/2342 272/1769/2342 331/1574/2342
f 329/1573/2059 331/1574/2059 272/1769/2059
f 272/1769/2335 277/1770/2335 329/1573/2335
f 286/1771/2343 329/1573/2343 277/1770/2343
f 329/1573/2343 286/1771/2343 325/1571/2343
f 381/1567/2053 222/1558/2053 221/1560/2053
f 385/1775/2344 381/1567/2344 221/1560/2344
f 381/1567/2344 385/1775/2344 383/1772/2344
f 268/1776/2345 383/1772/2345 385/1775/2345
f 383/1772/2345 268/1776/2345 267/1777/2345
f 267/1777/2346 384/1773/2346 383/1772/2346
f 384/1773/2346 267/1777/2346 269/1778/2346
f 269/1778/2347 509/1774/2347 384/1773/2347
f 509/1774/2347 269/1778/2347 270/1764/2347
f 272/1769/2342 509/1774/2342 270/1764/2342
f 387/1779/2348 385/1775/2348 386/1780/2348
f 385/1775/2348 387/1779/2348 268/1776/2348
f 263/1781/2349 268/1776/2349 387/1779/2349
f 268/1776/2349 263/1781/2349 262/1782/2349
f 262/1782/2350 267/1777/2350 268/1776/2350
f 267/1777/2350 262/1782/2350 261/1783/2350
f 261/1783/2351 269/1778/2351 267/1777/2351
f 269/1778/2351 261/1783/2351 260/1784/2351
f 260/1784/2352 270/1764/2352 269/1778/2352
f 270/1764/2353 260/1784/2353 266/1765/2353
f 260/1784/2354 265/1761/2354 266/1765/2354
f 255/1616/2326 274/1760/2326 256/1762/2326
f 254/1785/2355 255/1616/2355 256/1762/2355
f 265/1761/2356 254/1785/2356 256/1762/2356
f 254/1785/2356 265/1761/2356 257/1786/2356
f 265/1761/2354 260/1784/2354 257/1786/2354
f 260/1784/2357 258/1787/2357 257/1786/2357
f 258/1787/2357 260/1784/2357 261/1783/2357
f 261/1783/2358 259/1788/2358 258/1787/2358
f 259/1788/2358 261/1783/2358 262/1782/2358
f 262/1782/2359 243/1789/2359 259/1788/2359
f 241/1790/2360 243/1789/2360 238/1791/2360
f 243/1789/2360 241/1790/2360 242/1792/2360
f 250/1793/2361 243/1789/2361 242/1792/2361
f 243/1789/2361 250/1793/2361 259/1788/2361
f 252/1794/2362 259/1788/2362 250/1793/2362
f 259/1788/2362 252/1794/2362 258/1787/2362
f 252/1794/2363 257/1786/2363 258/1787/2363
f 257/1786/2363 252/1794/2363 254/1785/2363
f 255/1616/2355 254/1785/2355 253/1717/2355
f 252/1794/2364 253/1717/2364 254/1785/2364
f 253/1717/2365 252/1794/2365 251/1715/2365
f 250/1793/2366 251/1715/2366 252/1794/2366
f 251/1715/2367 250/1793/2367 249/1711/2367
f 242/1792/2368 249/1711/2368 250/1793/2368
f 249/1711/2369 242/1792/2369 248/1706/2369
f 242/1792/2370 246/1707/2370 248/1706/2370
f 246/1707/2370 242/1792/2370 241/1790/2370
f 241/1790/2371 245/1708/2371 246/1707/2371
f 238/1791/2372 230/1795/2372 237/1796/2372
f 237/1796/2373 241/1790/2373 238/1791/2373
f 241/1790/2373 237/1796/2373 240/1797/2373
f 237/1796/2374 244/1798/2374 240/1797/2374
f 245/1708/2371 241/1790/2371 240/1797/2371
f 240/1797/2375 247/1709/2375 245/1708/2375
f 247/1709/2376 240/1797/2376 244/1798/2376
f 244/1798/2377 128/1710/2377 247/1709/2377
f 128/1710/2377 244/1798/2377 129/1799/2377
f 244/1798/2378 130/1349/2378 129/1799/2378
f 130/1349/2378 244/1798/2378 236/1800/2378
f 244/1798/2374 237/1796/2374 236/1800/2374
f 237/1796/2379 229/1801/2379 236/1800/2379
f 229/1801/2379 237/1796/2379 230/1795/2379
f 230/1795/2380 228/1802/2380 229/1801/2380
f 228/1802/2381 142/1339/2381 141/1341/2381
f 141/1341/2382 229/1801/2382 228/1802/2382
f 229/1801/2383 141/1341/2383 131/1348/2383
f 130/1349/2384 229/1801/2384 131/1348/2384
f 229/1801/2384 130/1349/2384 236/1800/2384
f 243/1789/2359 262/1782/2359 263/1781/2359
f 263/1781/2385 238/1791/2385 243/1789/2385
f 238/1791/2385 263/1781/2385 239/1803/2385
f 230/1795/2372 238/1791/2372 239/1803/2372
f 239/1803/2386 231/1804/2386 230/1795/2386
f 228/1802/2380 230/1795/2380 231/1804/2380
f 231/1804/2387 233/1805/2387 228/1802/2387
f 142/1339/2388 228/1802/2388 233/1805/2388
f 233/1805/2389 143/1331/2389 142/1339/2389
f 143/1331/2389 233/1805/2389 227/1806/2389
f 143/1331/2390 226/1807/2390 144/1328/2390
f 226/1807/2390 143/1331/2390 227/1806/2390
f 227/1806/2391 225/1808/2391 226/1807/2391
f 225/1808/2391 227/1806/2391 234/1809/2391
f 234/1809/2392 224/1561/2392 225/1808/2392
f 224/1561/2392 234/1809/2392 235/1810/2392
f 235/1810/2393 219/1559/2393 224/1561/2393
f 219/1559/2393 235/1810/2393 220/1811/2393
f 221/1560/2046 219/1559/2046 220/1811/2046
f 386/1780/2394 221/1560/2394 220/1811/2394
f 221/1560/2394 386/1780/2394 385/1775/2394
f 264/1812/2395 263/1781/2395 387/1779/2395
f 263/1781/2395 264/1812/2395 239/1803/2395
f 231/1804/2396 239/1803/2396 264/1812/2396
f 264/1812/2397 232/1813/2397 231/1804/2397
f 233/1805/2387 231/1804/2387 232/1813/2387
f 232/1813/2398 227/1806/2398 233/1805/2398
f 227/1806/2398 232/1813/2398 234/1809/2398
f 388/1814/2399 234/1809/2399 232/1813/2399
f 234/1809/2399 388/1814/2399 235/1810/2399
f 386/1780/2400 235/1810/2400 388/1814/2400
f 235/1810/2400 386/1780/2400 220/1811/2400
f 388/1814/2401 387/1779/2401 386/1780/2401
f 387/1779/2402 388/1814/2402 264/1812/2402
f 232/1813/2403 264/1812/2403 388/1814/2403
f 393/1703/2404 399/1702/2404 395/1815/2404
f 396/1704/2234 393/1703/2234 395/1815/2234
f 397/1816/2405 396/1704/2405 395/1815/2405
f 399/1702/2406 397/1816/2406 395/1815/2406
f 397/1816/2407 399/1702/2407 400/1817/2407
f 401/1700/2408 400/1817/2408 399/1702/2408
f 400/1817/2409 401/1700/2409 402/1818/2409
f 403/1698/2410 402/1818/2410 401/1700/2410
f 402/1818/2411 403/1698/2411 404/1819/2411
f 433/1694/2412 404/1819/2412 403/1698/2412
f 404/1819/2412 433/1694/2412 434/1695/2412
f 405/1537/2413 434/1695/2413 165/1527/2413
f 434/1695/2414 405/1537/2414 404/1819/2414
f 406/1539/2415 404/1819/2415 405/1537/2415
f 404/1819/2415 406/1539/2415 402/1818/2415
f 370/1543/2416 402/1818/2416 406/1539/2416
f 402/1818/2417 370/1543/2417 400/1817/2417
f 369/1545/2418 400/1817/2418 370/1543/2418
f 400/1817/2418 369/1545/2418 397/1816/2418
f 369/1545/2419 398/1712/2419 397/1816/2419
f 396/1704/2405 397/1816/2405 398/1712/2405
f 309/1820/2420 16/1446/2420 14/1443/2420
f 16/1446/2420 309/1820/2420 306/1740/2420
f 310/1739/2289 306/1740/2289 309/1820/2289
f 309/1820/2421 389/1821/2421 310/1739/2421
f 315/1735/2422 310/1739/2422 389/1821/2422
f 389/1821/2423 356/1734/2423 315/1735/2423
f 356/1734/2424 389/1821/2424 391/1733/2424
f 308/1822/2425 391/1733/2425 389/1821/2425
f 391/1733/2426 308/1822/2426 390/1732/2426
f 1/1438/2427 390/1732/2427 308/1822/2427
f 390/1732/2428 1/1438/2428 4/1437/2428
f 6/1436/2280 390/1732/2280 4/1437/2280
f 389/1821/2421 309/1820/2421 308/1822/2421
f 14/1443/2429 308/1822/2429 309/1820/2429
f 308/1822/2430 14/1443/2430 1/1438/2430
f 459/1666/2431 469/1659/2431 462/1661/2431
f 469/1659/2432 459/1666/2432 461/1660/2432
f 459/1666/2433 460/1668/2433 461/1660/2433
f 460/1668/2434 468/1658/2434 461/1660/2434
f 468/1658/2435 460/1668/2435 467/1823/2435
f 467/1823/2436 471/1656/2436 468/1658/2436
f 471/1656/2437 467/1823/2437 482/1824/2437
f 482/1824/2438 475/1654/2438 471/1656/2438
f 475/1654/2439 482/1824/2439 481/1825/2439
f 481/1825/2440 476/1652/2440 475/1654/2440
f 476/1652/2441 481/1825/2441 480/1826/2441
f 479/1679/2442 476/1652/2442 480/1826/2442
f 31/1486/2443 467/1823/2443 460/1668/2443
f 467/1823/2444 31/1486/2444 487/1485/2444
f 487/1485/2445 482/1824/2445 467/1823/2445
f 482/1824/2445 487/1485/2445 486/1488/2445
f 486/1488/2446 481/1825/2446 482/1824/2446
f 481/1825/2446 486/1488/2446 485/1501/2446
f 485/1501/2447 480/1826/2447 481/1825/2447
f 480/1826/2448 485/1501/2448 484/1502/2448
f 483/1506/2449 480/1826/2449 484/1502/2449
f 480/1826/2450 483/1506/2450 479/1679/2450
f 217/1827/2451 210/1828/2451 216/1829/2451
f 210/1828/2452 217/1827/2452 215/1830/2452
f 215/1830/2453 211/1831/2453 210/1828/2453
f 211/1831/2454 215/1830/2454 213/1832/2454
f 213/1832/2455 225/1808/2455 224/1561/2455
f 224/1561/2456 214/1557/2456 213/1832/2456
f 212/1551/2457 213/1832/2457 214/1557/2457
f 213/1832/2457 212/1551/2457 211/1831/2457
f 212/1551/2040 207/1550/2040 211/1831/2040
f 207/1550/2458 210/1828/2458 211/1831/2458
f 210/1828/2458 207/1550/2458 209/1540/2458
f 209/1540/2459 216/1829/2459 210/1828/2459
f 216/1829/2459 209/1540/2459 218/1541/2459
f 225/1808/2460 213/1832/2460 215/1830/2460
f 215/1830/2461 226/1807/2461 225/1808/2461
f 226/1807/2461 215/1830/2461 217/1827/2461
f 217/1827/2462 144/1328/2462 226/1807/2462
f 144/1328/2463 217/1827/2463 146/1324/2463
f 216/1829/2464 146/1324/2464 217/1827/2464
f 146/1324/2465 216/1829/2465 150/1325/2465
f 216/1829/2466 151/1326/2466 150/1325/2466
f 151/1326/2466 216/1829/2466 218/1541/2466
f 488/1536/2027 151/1326/2027 218/1541/2027
f 124/1377/2467 125/1833/2467 126/1834/2467
f 125/1833/2467 124/1377/2467 112/1378/2467
f 112/1378/2468 127/1385/2468 125/1833/2468
f 128/1710/2469 125/1833/2469 127/1385/2469
f 125/1833/2469 128/1710/2469 129/1799/2469
f 130/1349/2470 125/1833/2470 129/1799/2470
f 125/1833/2470 130/1349/2470 126/1834/2470
f 130/1349/1820 132/1347/1820 126/1834/1820
f 132/1347/2471 124/1377/2471 126/1834/2471
f 124/1377/2471 132/1347/2471 123/1346/2471
f 123/1346/1829 119/1357/1829 124/1377/1829
f 25/1646/2472 23/1476/2472 24/1487/2472
f 23/1476/2472 25/1646/2472 18/1535/2472
f 10/1647/2473 18/1535/2473 25/1646/2473
f 18/1535/2474 10/1647/2474 9/1533/2474
f 7/1648/2475 9/1533/2475 10/1647/2475
f 9/1533/2475 7/1648/2475 8/1730/2475
f 6/1436/2476 9/1533/2476 8/1730/2476
f 9/1533/2476 6/1436/2476 5/1534/2476
f 6/1436/1906 3/1429/1906 5/1534/1906
f 3/1429/1899 12/1428/1899 5/1534/1899
