# Blender v2.78 (sub 0) OBJ File: ''
# www.blender.org
mtllib wheel.mtl
o WHEEL_BlingBling_SM
v 2.885242 14.504915 -6.664066
v 0.000024 14.789148 -6.664067
v 0.000022 15.884501 -5.133654
v 3.098929 15.579201 -5.133653
v 0.000032 13.471981 -7.264384
v 2.628304 13.213148 -7.264382
v 0.000022 11.243751 -7.050842
v 2.193574 11.027702 -7.050840
v 0.000021 11.312969 -5.964525
v 2.207080 11.095520 -5.964524
v 5.155497 12.446522 -7.264381
v 5.659609 13.663323 -6.664065
v 6.078733 14.675299 -5.133652
v 0.000026 16.267397 -2.833505
v 3.173617 15.954800 -2.833504
v 0.000022 16.313002 0.000001
v 3.182517 15.999500 0.000002
v 4.302811 10.387844 -7.050843
v 6.225328 15.029101 -2.833503
v 8.216440 12.296717 -6.664064
v 8.824933 13.207401 -5.133651
v 7.484720 11.201611 -7.264381
v 6.246776 9.348891 -7.050840
v 4.329304 10.451762 -5.964524
v 6.285182 9.406407 -5.964524
v 9.037721 13.525902 -2.833502
v 10.457498 10.457541 -6.664062
v 11.232043 11.231997 -5.133650
v 9.526176 9.526124 -7.264380
v 7.950578 7.950546 -7.050840
v 7.999490 7.999461 -5.964523
v 13.207422 8.824897 -5.133649
v 12.296748 8.216396 -6.664063
v 11.502837 11.502796 -2.833502
v 6.242712 15.071201 0.000003
v 9.063015 13.563803 0.000004
v 6.225313 15.029100 2.833508
v 3.173609 15.954801 2.833508
v 6.078710 14.675301 5.133660
v 3.098913 15.579200 5.133659
v 8.824910 13.207403 5.133659
v 9.037712 13.525903 2.833510
v 8.216413 12.296718 6.664072
v 5.659589 13.663323 6.664072
v 2.885214 14.504917 6.664070
v 0.000004 14.789149 6.664070
v 0.000001 13.471981 7.264387
v 2.628273 13.213150 7.264388
v 0.000006 15.884501 5.133659
v 0.000010 16.267401 2.833507
v 6.246740 9.348889 7.050845
v 6.285150 9.406405 5.964529
v 7.950549 7.950547 7.050846
v 7.999452 7.999459 5.964531
v 4.302760 10.387847 7.050845
v 4.329265 10.451763 5.964530
v 2.193547 11.027702 7.050847
v 2.207048 11.095522 5.964529
v 0.000002 11.243751 7.050844
v 0.000004 11.312968 5.964527
v 9.526134 9.526128 7.264391
v 7.484681 11.201613 7.264389
v 15.954783 3.173598 2.833510
v 15.579185 3.098898 5.133662
v 16.267389 -0.000003 2.833508
v 15.884376 -0.000003 5.133661
v 14.675287 6.078700 5.133662
v 15.029094 6.225300 2.833510
v 13.663308 5.659580 6.664075
v 14.504907 2.885203 6.664073
v 12.296704 8.216396 6.664073
v 13.207408 8.824898 5.133661
v 11.201604 7.484671 7.264390
v 12.446533 5.155558 7.264391
v 10.457457 10.457542 6.664074
v 9.348869 6.246730 7.050849
v 9.406312 6.285140 5.964530
v 10.387858 4.302851 7.050851
v 10.451771 4.329257 5.964532
v 11.095531 2.207037 5.964530
v 11.027709 2.193534 7.050848
v 13.213159 2.628265 7.264391
v 11.312987 -0.000003 5.964531
v 11.243763 -0.000003 7.050847
v 13.471971 -0.000003 7.264389
v 14.789126 -0.000003 6.664072
v 15.579183 -3.098905 5.133660
v 15.954781 -3.173604 2.833509
v 14.675297 -6.078706 5.133660
v 15.029089 -6.225306 2.833508
v 14.504907 -2.885210 6.664072
v 13.663306 -5.659585 6.664072
v 12.296742 -8.216404 6.664070
v 13.207394 -8.824903 5.133657
v 10.457441 -10.457554 6.664068
v 11.232018 -11.232005 5.133657
v 9.526124 -9.526145 7.264387
v 11.201627 -7.484679 7.264386
v 9.348904 -6.246736 7.050844
v 7.950564 -7.950552 7.050842
v 13.213161 -2.628272 7.264390
v 12.446533 -5.155559 7.264390
v 10.387856 -4.302856 7.050847
v 11.027714 -2.193541 7.050847
v 7.999469 -7.999466 5.964528
v 6.285133 -9.406413 5.964525
v 6.246732 -9.348900 7.050841
v 9.406322 -6.285146 5.964527
v 10.451776 -4.329264 5.964530
v 11.095532 -2.207044 5.964529
v 4.302744 -10.387855 7.050842
v 4.329257 -10.451766 5.964526
v 9.037716 -13.525909 2.833505
v 9.063026 -13.563809 -0.000001
v 11.502820 -11.502806 2.833506
v 11.535028 -11.535006 0.000000
v 8.824914 -13.207411 5.133656
v 8.216410 -12.296727 6.664068
v 7.484666 -11.201622 7.264386
v 6.225315 -15.029111 2.833502
v 6.242722 -15.071212 -0.000003
v 6.078713 -14.675311 5.133655
v 5.659593 -13.663330 6.664066
v 5.155440 -12.446530 7.264385
v 2.193538 -11.027710 7.050841
v 2.628262 -13.213158 7.264385
v 2.207032 -11.095525 5.964523
v -0.000007 -11.243758 7.050842
v -0.000006 -11.312972 5.964526
v -0.000002 -13.471992 7.264384
v -0.000009 -14.789159 6.664066
v 2.885217 -14.504926 6.664065
v 3.098916 -15.579211 5.133653
v 3.173611 -15.954810 2.833501
v 3.182526 -15.999512 -0.000004
v 6.225331 -15.029111 -2.833509
v 3.173627 -15.954810 -2.833510
v 9.037732 -13.525909 -2.833507
v 8.824929 -13.207413 -5.133656
v 6.078729 -14.675311 -5.133657
v 0.000008 -15.884510 5.133654
v 0.000012 -16.267403 2.833501
v 0.000016 -16.313002 -0.000005
v 0.000020 -16.267405 -2.833511
v 3.098931 -15.579211 -5.133657
v 0.000032 -15.884509 -5.133659
v 8.216436 -12.296729 -6.664069
v 5.659613 -13.663334 -6.664070
v 2.885238 -14.504928 -6.664070
v 0.000035 -14.789161 -6.664071
v 0.000029 -13.471993 -7.264388
v 2.628301 -13.213161 -7.264387
v 5.155479 -12.446531 -7.264385
v 7.484711 -11.201621 -7.264385
v 10.457477 -10.457556 -6.664067
v 9.526170 -9.526146 -7.264385
v 11.232034 -11.232005 -5.133655
v 11.502828 -11.502805 -2.833507
v 2.193573 -11.027711 -7.050847
v 4.302788 -10.387854 -7.050845
v 6.246767 -9.348899 -7.050845
v 2.207072 -11.095527 -5.964529
v 4.329289 -10.451770 -5.964527
v 0.000028 -11.243761 -7.050847
v 0.000026 -11.312974 -5.964529
v 6.285167 -9.406413 -5.964528
v 7.950608 -7.950555 -7.050844
v 7.999506 -7.999464 -5.964526
v 9.348938 -6.246737 -7.050843
v 11.201670 -7.484679 -7.264383
v 12.446574 -5.155563 -7.264382
v 10.387900 -4.302857 -7.050841
v 13.663347 -5.659585 -6.664066
v 12.296764 -8.216407 -6.664064
v 14.504947 -2.885210 -6.664063
v 13.213198 -2.628273 -7.264382
v 15.579220 -3.098905 -5.133652
v 14.675335 -6.078707 -5.133653
v 16.312986 -0.000003 0.000004
v 15.954812 -3.173604 -2.833503
v 16.267397 -0.000003 -2.833503
v 15.999494 -3.182504 0.000003
v 15.884412 -0.000003 -5.133651
v 15.029107 -6.225306 -2.833504
v 13.207423 -8.824905 -5.133653
v 15.071200 -6.242706 0.000002
v 13.525810 -9.037704 -2.833505
v 13.563692 -9.063004 0.000001
v 13.525802 -9.037704 2.833508
v 15.999496 3.182498 0.000004
v 5.155450 12.446523 7.264389
v 11.232019 11.231997 5.133661
v 13.525801 9.037697 2.833510
v 15.071198 6.242700 0.000005
v 13.563706 9.062996 0.000005
v 11.502813 11.502795 2.833510
v 11.535037 11.534995 0.000004
v 13.525809 9.037696 -2.833502
v 15.029089 6.225300 -2.833502
v 15.954792 3.173599 -2.833502
v 14.675285 6.078699 -5.133650
v -11.201571 -7.484682 -7.264390
v -9.348852 -6.246738 -7.050851
v -9.526111 -9.526139 -7.264391
v -7.950524 -7.950554 -7.050849
v -6.246724 -9.348897 -7.050848
v -7.484667 -11.201624 -7.264390
v -5.155420 -12.446532 -7.264390
v -4.302728 -10.387853 -7.050846
v -5.659551 -13.663334 -6.664074
v -8.216375 -12.296732 -6.664074
v -10.457426 -10.457553 -6.664077
v -11.231989 -11.232008 -5.133664
v -8.824872 -13.207412 -5.133662
v -6.078680 -14.675310 -5.133661
v -3.098868 -15.579210 -5.133660
v -2.885175 -14.504928 -6.664073
v -2.628234 -13.213161 -7.264389
v -13.563690 -9.063005 -0.000008
v -11.502784 -11.502807 -2.833514
v -11.534999 -11.535007 -0.000008
v -13.525792 -9.037705 -2.833515
v -13.207384 -8.824905 -5.133663
v -9.037675 -13.525910 -2.833515
v -6.225290 -15.029113 -2.833513
v -3.173578 -15.954811 -2.833512
v -3.182478 -15.999514 -0.000006
v -2.885212 -14.504928 6.664065
v -5.659594 -13.663334 6.664064
v -3.098898 -15.579211 5.133651
v -6.078718 -14.675311 5.133650
v -3.173594 -15.954812 2.833499
v -6.225314 -15.029112 2.833498
v -6.242697 -15.071212 -0.000007
v -9.063001 -13.563811 -0.000008
v -2.628289 -13.213159 7.264382
v -5.155467 -12.446531 7.264382
v -7.484689 -11.201621 7.264380
v -8.216411 -12.296728 6.664063
v -6.246744 -9.348900 7.050839
v -4.302772 -10.387854 7.050841
v -9.526134 -9.526140 7.264380
v -7.950553 -7.950553 7.050838
v -2.193544 -11.027712 7.050840
v -4.329273 -10.451769 5.964521
v -6.285150 -9.406414 5.964520
v -2.207051 -11.095527 5.964522
v -7.999459 -7.999465 5.964520
v -9.348872 -6.246736 7.050837
v -9.406287 -6.285146 5.964520
v -10.387837 -4.302857 7.050835
v -10.451755 -4.329264 5.964519
v -11.027704 -2.193542 7.050839
v -11.095513 -2.207045 5.964521
v -11.312980 -0.000004 5.964520
v -11.243773 -0.000004 7.050838
v -12.446521 -5.155561 7.264380
v -13.213144 -2.628273 7.264380
v -11.201604 -7.484678 7.264380
v -13.663335 -5.659583 6.664062
v -14.504936 -2.885209 6.664062
v -12.296702 -8.216407 6.664063
v -10.457447 -10.457555 6.664062
v -8.824895 -13.207412 5.133649
v -14.789157 -0.000004 6.664062
v -13.471990 -0.000004 7.264382
v -14.675300 -6.078707 5.133649
v -13.207406 -8.824904 5.133649
v -15.579206 -3.098905 5.133649
v -15.884411 -0.000004 5.133650
v -15.579204 3.098897 5.133651
v -14.504926 2.885202 6.664062
v -13.213149 2.628265 7.264383
v -11.027699 2.193533 7.050840
v -12.446529 5.155556 7.264383
v -10.387858 4.302851 7.050839
v -13.663340 5.659577 6.664067
v -9.348890 6.246729 7.050841
v -10.451761 4.329257 5.964522
v -9.406309 6.285138 5.964524
v -11.095517 2.207037 5.964523
v -11.201617 7.484673 7.264384
v -7.950569 7.950548 7.050842
v -9.526126 9.526135 7.264385
v -12.296719 8.216395 6.664066
v -10.457432 10.457544 6.664068
v -7.484680 11.201610 7.264384
v -8.216399 12.296718 6.664067
v -5.659583 13.663323 6.664068
v -5.155455 12.446520 7.264386
v -6.078721 14.675301 5.133656
v -8.824891 13.207402 5.133653
v -3.098893 15.579201 5.133657
v -2.885207 14.504917 6.664069
v -11.231996 11.231997 5.133654
v -6.246728 9.348889 7.050843
v -4.302756 10.387847 7.050844
v -2.628262 13.213149 7.264387
v -2.193529 11.027702 7.050844
v -6.285143 9.406404 5.964524
v -4.329265 10.451764 5.964525
v -7.999475 7.999458 5.964523
v -2.207034 11.095522 5.964527
v -3.182480 15.999500 0.000000
v -6.225294 15.029100 2.833504
v -3.173589 15.954800 2.833505
v -6.242692 15.071199 -0.000001
v -3.098870 15.579201 -5.133656
v -3.173580 15.954800 -2.833507
v -6.225285 15.029100 -2.833507
v -9.037670 13.525901 -2.833509
v -9.062981 13.563801 -0.000002
v -11.502767 11.502794 -2.833510
v -11.534983 11.534994 -0.000004
v -11.231965 11.231994 -5.133659
v -8.824861 13.207401 -5.133657
v -10.457413 10.457545 -6.664070
v -13.207377 8.824895 -5.133659
v -12.296700 8.216396 -6.664072
v -13.525778 9.037696 -2.833511
v -13.563676 9.062995 -0.000005
v -11.502782 11.502792 2.833502
v -13.525786 9.037694 2.833501
v -9.037686 13.525901 2.833502
v -13.207392 8.824897 5.133653
v -15.071199 6.242700 -0.000006
v -15.029106 6.225299 2.833500
v -15.029096 6.225299 -2.833512
v -14.675303 6.078699 5.133650
v -15.999507 3.182498 -0.000007
v -15.954803 3.173598 2.833498
v -15.954787 3.173597 -2.833513
v -14.675296 6.078699 -5.133660
v -15.579189 3.098897 -5.133661
v -16.267395 -0.000004 -2.833514
v -15.884374 -0.000004 -5.133662
v -13.663299 5.659576 -6.664071
v -14.504900 2.885201 -6.664074
v -14.789119 -0.000004 -6.664074
v -14.504887 -2.885210 -6.664073
v -15.579169 -3.098906 -5.133662
v -13.471943 -0.000004 -7.264390
v -13.213117 2.628264 -7.264389
v -11.095494 2.207036 -5.964530
v -11.312941 -0.000004 -5.964533
v -11.027665 2.193532 -7.050849
v -11.243715 -0.000004 -7.050850
v -12.446495 5.155554 -7.264390
v -11.201596 7.484673 -7.264389
v -9.526098 9.526137 -7.264386
v -11.027667 -2.193542 -7.050848
v -13.213108 -2.628274 -7.264391
v -10.387815 4.302850 -7.050848
v -9.348872 6.246729 -7.050849
v -7.950549 7.950548 -7.050847
v -7.484657 11.201610 -7.264387
v -8.216379 12.296717 -6.664069
v -6.246707 9.348892 -7.050845
v -5.155425 12.446519 -7.264387
v -4.302728 10.387848 -7.050843
v -2.628239 13.213145 -7.264385
v -2.193508 11.027702 -7.050843
v -2.207010 11.095519 -5.964525
v -4.329241 10.451762 -5.964527
v -6.285132 9.406405 -5.964528
v -7.999467 7.999460 -5.964529
v -9.406290 6.285138 -5.964529
v -10.451738 4.329256 -5.964530
v -6.285141 -9.406414 -5.964531
v -7.999434 -7.999465 -5.964531
v -9.406271 -6.285146 -5.964533
v -10.387811 -4.302857 -7.050853
v -10.451722 -4.329264 -5.964532
v -11.095481 -2.207046 -5.964532
v -12.446486 -5.155562 -7.264391
v -12.296676 -8.216407 -6.664074
v -13.663295 -5.659585 -6.664075
v -15.954782 -3.173606 -2.833515
v -14.675278 -6.078707 -5.133663
v -15.029078 -6.225307 -2.833515
v -15.071182 -6.242706 -0.000008
v -15.999495 -3.182505 -0.000008
v -15.954791 -3.173605 2.833497
v -15.029087 -6.225306 2.833498
v -13.525801 -9.037705 2.833497
v -11.502791 -11.502808 2.833497
v -11.231997 -11.232005 5.133650
v -9.037690 -13.525912 2.833497
v -6.078683 14.675301 -5.133656
v -2.885179 14.504917 -6.664067
v -5.659555 13.663322 -6.664067
v -6.676044 -9.991458 4.514768
v -8.496979 -8.496986 4.514770
v -9.991421 -6.676041 4.514768
v -10.100252 -6.748759 -0.000007
v -8.589608 -8.589606 -0.000007
v -8.496957 -8.496984 -4.514779
v -9.991409 -6.676042 -4.514779
v -6.748756 -10.100283 -0.000007
v -6.676041 -9.991457 -4.514781
v -4.648649 -11.222853 -0.000006
v -4.598522 -11.101931 -4.514779
v -2.369871 -11.914121 -0.000005
v -2.344246 -11.785689 -4.514777
v -4.329248 -10.451770 -5.964530
v -2.207011 -11.095528 -5.964531
v -11.222825 -4.648644 -0.000007
v -11.101888 -4.598531 -4.514779
v -11.101907 -4.598530 4.514770
v -11.785683 -2.344380 4.514768
v -12.016550 -0.000004 4.514769
v -12.147458 -0.000004 -0.000007
v -11.914095 -2.369886 -0.000007
v -11.785654 -2.344380 -4.514779
v -12.016505 -0.000004 -4.514779
v 6.676067 -9.991454 -4.514773
v 8.497025 -8.496985 -4.514773
v 8.589632 -8.589607 -0.000000
v 8.497005 -8.496986 4.514775
v 10.100309 -6.748761 0.000001
v 9.991459 -6.676042 4.514776
v 6.748772 -10.100283 -0.000001
v 6.676033 -9.991455 4.514774
v 9.406363 -6.285144 -5.964524
v 9.991496 -6.676041 -4.514771
v 10.451808 -4.329264 -5.964524
v 11.101966 -4.598530 -4.514771
v 11.785699 -2.344379 4.514777
v 11.101932 -4.598530 4.514778
v 4.648663 -11.222851 -0.000002
v 4.598528 -11.101931 4.514773
v 4.598553 -11.101929 -4.514774
v 0.000010 -12.147486 -0.000004
v 0.000024 -12.016553 -4.514777
v 2.344302 -11.785689 -4.514776
v 2.369906 -11.914124 -0.000003
v 2.344266 -11.785689 4.514771
v -6.676026 9.991447 4.514773
v -4.648623 11.222843 -0.000002
v -4.598522 11.101920 4.514773
v -6.748747 10.100279 -0.000003
v -8.496993 8.496976 4.514772
v -8.589594 8.589601 -0.000004
v -9.991455 6.676035 4.514771
v -10.100270 6.748753 -0.000005
v -8.496971 8.496978 -4.514776
v -9.991426 6.676034 -4.514777
v -6.676017 9.991448 -4.514775
v -4.598511 11.101923 -4.514774
v -2.369861 11.914117 -0.000001
v -2.344252 11.785683 -4.514771
v 0.000026 12.016547 -4.514772
v 2.344296 11.785685 -4.514771
v 0.000013 12.147479 0.000000
v 2.369901 11.914114 0.000001
v 4.598565 11.101923 -4.514770
v 4.648657 11.222847 0.000002
v 6.676076 9.991450 -4.514769
v 6.748766 10.100279 0.000003
v 8.497011 8.496978 -4.514769
v 8.589640 8.589601 0.000003
v 4.598538 11.101923 4.514778
v 6.676049 9.991450 4.514780
v 2.344284 11.785685 4.514777
v 0.000006 12.016545 4.514776
v -2.344265 11.785682 4.514774
v 10.100300 6.748752 0.000003
v 9.991477 6.676035 -4.514769
v 8.496967 8.496976 4.514778
v 9.991455 6.676035 4.514779
v 11.222864 4.648635 0.000004
v 11.101933 4.598524 4.514778
v 11.785695 2.344372 4.514779
v 12.016554 -0.000003 4.514777
v 11.914144 2.369878 0.000003
v 12.147499 -0.000003 0.000003
v 11.914146 -2.369885 0.000002
v 11.222886 -4.648643 0.000001
v 11.785728 -2.344380 -4.514771
v 12.016576 -0.000003 -4.514769
v 11.785724 2.344371 -4.514769
v 11.101946 4.598522 -4.514769
v 11.095572 -2.207045 -5.964523
v 11.313006 -0.000003 -5.964521
v 11.095553 2.207037 -5.964521
v 10.451786 4.329257 -5.964520
v 9.406327 6.285140 -5.964521
v -2.193502 -11.027712 -7.050847
v -11.101908 4.598522 -4.514778
v -11.222853 4.648634 -0.000005
v -11.914115 2.369877 -0.000006
v -11.785666 2.344371 -4.514776
v -11.785680 2.344371 4.514770
v -11.101919 4.598523 4.514770
v 11.027748 -2.193542 -7.050839
v 11.243790 -0.000004 -7.050840
v 9.348921 6.246729 -7.050838
v 10.387869 4.302850 -7.050837
v 11.027743 2.193533 -7.050840
v 13.472007 -0.000003 -7.264382
v 12.446557 5.155553 -7.264380
v 11.201639 7.484673 -7.264381
v 13.213191 2.628265 -7.264379
v 13.663326 5.659578 -6.664062
v 14.504942 2.885203 -6.664063
v 14.789160 -0.000003 -6.664062
v 15.579200 3.098898 -5.133651
v -16.312992 -0.000004 -0.000008
v -16.267405 -0.000004 2.833497
v -0.000004 -12.016554 4.514771
v -2.344290 -11.785693 4.514770
v -4.598541 -11.101933 4.514768
v -3.496548 -9.606675 -0.000002
v -1.874346 -10.629918 -6.011458
v -1.775247 -10.067898 -0.000002
v -3.691737 -10.142949 -6.011457
v -0.000005 -10.793903 -6.011457
v -0.000005 -10.223212 -0.000002
v 1.775237 -10.067900 -0.000002
v 1.874336 -10.629920 -6.011457
v 3.496540 -9.606680 -0.000002
v 3.691727 -10.142954 -6.011458
v 5.111602 -8.853564 -0.000001
v 5.396947 -9.347795 -6.011457
v -5.697495 -9.868341 -6.785734
v -3.897318 -10.707780 -6.785735
v -5.396956 -9.347792 -6.011456
v -1.978723 -11.221869 -6.785735
v -0.000005 -11.394983 -6.785735
v 1.978713 -11.221869 -6.785735
v 3.897309 -10.707784 -6.785735
v 5.697488 -9.868346 -6.785734
v -5.697496 -9.868342 -7.377674
v -3.897318 -10.707780 -7.377676
v -1.978723 -11.221869 -7.377675
v -0.000005 -11.394982 -7.377675
v 1.978713 -11.221868 -7.377675
v 3.897308 -10.707784 -7.377675
v 5.697488 -9.868346 -7.377675
v -5.697496 -9.868342 -7.377674
v -3.578941 -9.833048 -7.377674
v -3.897318 -10.707780 -7.377676
v -5.232060 -9.062183 -7.377674
v -1.817078 -10.305138 -7.377673
v -1.978723 -11.221869 -7.377675
v -0.000005 -11.394982 -7.377675
v -0.000005 -10.464110 -7.377675
v 1.817069 -10.305139 -7.377673
v 1.978713 -11.221868 -7.377675
v 3.897308 -10.707784 -7.377675
v 3.578932 -9.833049 -7.377674
v 5.697488 -9.868346 -7.377675
v 5.232052 -9.062188 -7.377674
v -4.755284 -8.236384 -5.989244
v -3.578941 -9.833048 -7.377674
v -5.232060 -9.062183 -7.377674
v -3.252807 -8.937003 -5.989245
v -1.817078 -10.305138 -7.377673
v -1.651496 -9.366075 -5.989245
v -0.000005 -10.464110 -7.377675
v -0.000005 -9.510560 -5.989245
v 1.817069 -10.305139 -7.377673
v 1.651487 -9.366075 -5.989245
v 3.578932 -9.833049 -7.377674
v 3.252799 -8.937005 -5.989245
v 5.232052 -9.062188 -7.377674
v 4.755278 -8.236389 -5.989244
v -3.252807 -8.937003 3.713318
v -4.755285 -8.236383 3.713318
v -1.651496 -9.366075 3.713318
v -0.000005 -9.510558 3.713318
v 1.651487 -9.366075 3.713318
v 3.252799 -8.937005 3.713318
v 4.755276 -8.236387 3.713318
v 6.571352 -7.831436 -0.000001
v 6.938184 -8.268612 -6.011457
v 7.831432 -6.571356 -0.000001
v 8.268608 -6.938190 -6.011456
v 9.347792 -5.396955 -6.011457
v 8.853559 -5.111609 -0.000001
v 10.142948 -3.691737 -6.011457
v 9.606675 -3.496548 -0.000001
v 10.629920 -1.874347 -6.011457
v 10.067897 -1.775247 -0.000000
v 10.793902 -0.000005 -6.011456
v 10.223212 -0.000003 -0.000000
v 7.324552 -8.729066 -6.785734
v 8.729062 -7.324557 -6.785734
v 9.868343 -5.697495 -6.785734
v 10.707780 -3.897318 -6.785734
v 11.221868 -1.978723 -6.785734
v 11.394983 -0.000005 -6.785733
v 7.324551 -8.729067 -7.377674
v 8.729061 -7.324558 -7.377674
v 9.868342 -5.697495 -7.377675
v 10.707780 -3.897318 -7.377674
v 11.221867 -1.978723 -7.377674
v 11.394982 -0.000005 -7.377674
v 6.726199 -8.015978 -7.377674
v 7.324551 -8.729067 -7.377674
v 8.015973 -6.726205 -7.377673
v 8.729061 -7.324558 -7.377674
v 9.062182 -5.232059 -7.377674
v 9.868342 -5.697495 -7.377675
v 10.707780 -3.897318 -7.377674
v 9.833046 -3.578940 -7.377673
v 11.221867 -1.978723 -7.377674
v 10.305137 -1.817078 -7.377674
v 11.394982 -0.000005 -7.377674
v 10.464111 -0.000005 -7.377673
v 6.726199 -8.015978 -7.377674
v 6.113269 -7.285515 -5.989245
v 7.285511 -6.113274 -5.989245
v 8.015973 -6.726205 -7.377673
v 9.062182 -5.232059 -7.377674
v 8.236383 -4.755283 -5.989245
v 9.833046 -3.578940 -7.377673
v 8.937003 -3.252807 -5.989244
v 10.305137 -1.817078 -7.377674
v 9.366073 -1.651495 -5.989245
v 10.464111 -0.000005 -7.377673
v 9.510561 -0.000004 -5.989244
v 6.113269 -7.285514 3.713318
v 7.285510 -6.113274 3.713319
v 8.236383 -4.755283 3.713319
v 8.937001 -3.252806 3.713319
v 9.366072 -1.651495 3.713319
v 9.510561 -0.000004 3.713319
v -10.142955 -3.691727 -6.011456
v -9.606680 -3.496540 -0.000001
v -10.629921 -1.874336 -6.011457
v -10.067900 -1.775238 -0.000000
v -9.347797 -5.396947 -6.011457
v -8.853564 -5.111601 -0.000001
v -8.268614 -6.938182 -6.011457
v -7.831439 -6.571349 -0.000001
v -6.938193 -8.268605 -6.011457
v -6.571359 -7.831431 -0.000001
v -5.111610 -8.853559 -0.000001
v -11.394983 0.000006 -6.785733
v -10.793903 0.000005 -6.011456
v -11.221869 -1.978712 -6.785734
v -10.707785 -3.897309 -6.785733
v -9.868348 -5.697486 -6.785735
v -8.729068 -7.324549 -6.785735
v -7.324560 -8.729060 -6.785733
v -11.394983 0.000006 -7.377675
v -11.221870 -1.978712 -7.377674
v -10.707785 -3.897310 -7.377674
v -9.868349 -5.697486 -7.377675
v -8.729068 -7.324550 -7.377675
v -7.324560 -8.729060 -7.377674
v -10.305140 -1.817069 -7.377675
v -11.394983 0.000006 -7.377675
v -10.464112 0.000005 -7.377672
v -11.221870 -1.978712 -7.377674
v -9.833052 -3.578932 -7.377673
v -10.707785 -3.897310 -7.377674
v -9.868349 -5.697486 -7.377675
v -9.062189 -5.232050 -7.377673
v -8.729068 -7.324550 -7.377675
v -8.015978 -6.726196 -7.377673
v -7.324560 -8.729060 -7.377674
v -6.726205 -8.015969 -7.377675
v -9.366076 -1.651488 -5.989244
v -10.464112 0.000005 -7.377672
v -9.510562 0.000005 -5.989244
v -10.305140 -1.817069 -7.377675
v -8.937008 -3.252799 -5.989245
v -9.833052 -3.578932 -7.377673
v -8.236390 -4.755275 -5.989245
v -9.062189 -5.232050 -7.377673
v -7.285517 -6.113266 -5.989245
v -8.015978 -6.726196 -7.377673
v -6.726205 -8.015969 -7.377675
v -6.113275 -7.285509 -5.989244
v -9.366075 -1.651487 3.713320
v -9.510562 0.000005 3.713319
v -8.937008 -3.252799 3.713319
v -8.236388 -4.755275 3.713319
v -7.285515 -6.113266 3.713318
v -6.113275 -7.285509 3.713318
v -8.268607 6.938192 -6.011457
v -7.831432 6.571359 0.000001
v -6.938183 8.268614 -6.011457
v -6.571351 7.831437 0.000001
v -9.347793 5.396957 -6.011456
v -8.853559 5.111611 0.000001
v -10.142950 3.691738 -6.011456
v -9.606675 3.496551 0.000001
v -10.629921 1.874348 -6.011457
v -10.067898 1.775248 0.000000
v -10.793903 0.000005 -6.011456
v -10.223213 0.000005 0.000000
v -5.697486 9.868347 -6.785734
v -7.324550 8.729068 -6.785734
v -5.396946 9.347796 -6.011456
v -8.729061 7.324560 -6.785734
v -9.868342 5.697497 -6.785734
v -10.707780 3.897320 -6.785734
v -11.221868 1.978724 -6.785734
v -11.394983 0.000006 -6.785733
v -5.697486 9.868347 -7.377674
v -7.324551 8.729068 -7.377674
v -8.729061 7.324559 -7.377674
v -9.868342 5.697497 -7.377674
v -10.707780 3.897319 -7.377675
v -11.221867 1.978724 -7.377675
v -11.394983 0.000006 -7.377675
v -5.697486 9.868347 -7.377674
v -6.726199 8.015978 -7.377674
v -7.324551 8.729068 -7.377674
v -5.232051 9.062189 -7.377673
v -8.015972 6.726206 -7.377674
v -8.729061 7.324559 -7.377674
v -9.868342 5.697497 -7.377674
v -9.062183 5.232060 -7.377673
v -10.707780 3.897319 -7.377675
v -9.833047 3.578942 -7.377674
v -11.221867 1.978724 -7.377675
v -10.305138 1.817079 -7.377674
v -6.113268 7.285516 -5.989244
v -5.232051 9.062189 -7.377673
v -4.755276 8.236389 -5.989244
v -6.726199 8.015978 -7.377674
v -7.285511 6.113276 -5.989244
v -8.015972 6.726206 -7.377674
v -9.062183 5.232060 -7.377673
v -8.236384 4.755285 -5.989245
v -9.833047 3.578942 -7.377674
v -8.937004 3.252809 -5.989245
v -10.305138 1.817079 -7.377674
v -9.366074 1.651496 -5.989244
v -10.464112 0.000005 -7.377672
v -9.510562 0.000005 -5.989244
v -6.113267 7.285515 3.713321
v -4.755276 8.236387 3.713321
v -7.285511 6.113275 3.713320
v -8.236384 4.755285 3.713320
v -8.937002 3.252809 3.713320
v -9.366073 1.651496 3.713320
v -9.510562 0.000005 3.713319
v 1.874347 10.629919 -6.011456
v 3.496549 9.606675 0.000002
v 3.691737 10.142949 -6.011458
v 1.775248 10.067898 0.000002
v 0.000006 10.793903 -6.011456
v 0.000006 10.223212 0.000002
v -1.775236 10.067900 0.000002
v -1.874335 10.629921 -6.011457
v -3.691727 10.142954 -6.011457
v -3.496539 9.606680 0.000002
v -5.111601 8.853564 0.000001
v 3.897319 10.707780 -6.785733
v 5.396956 9.347790 -6.011456
v 5.697496 9.868342 -6.785735
v 1.978724 11.221868 -6.785734
v 0.000006 11.394983 -6.785734
v -1.978712 11.221869 -6.785734
v -3.897308 10.707784 -6.785734
v 5.697495 9.868342 -7.377675
v 3.897319 10.707780 -7.377674
v 1.978724 11.221869 -7.377674
v 0.000006 11.394983 -7.377675
v -1.978712 11.221868 -7.377675
v -3.897308 10.707784 -7.377675
v 3.578942 9.833048 -7.377674
v 5.697495 9.868342 -7.377675
v 5.232060 9.062184 -7.377672
v 3.897319 10.707780 -7.377674
v 1.817080 10.305138 -7.377674
v 1.978724 11.221869 -7.377674
v 0.000006 11.394983 -7.377675
v 0.000006 10.464111 -7.377672
v -1.978712 11.221868 -7.377675
v -1.817068 10.305139 -7.377674
v -3.897308 10.707784 -7.377675
v -3.578931 9.833049 -7.377675
v 3.578942 9.833048 -7.377674
v 4.755285 8.236384 -5.989244
v 3.252808 8.937004 -5.989245
v 5.232060 9.062184 -7.377672
v 1.817080 10.305138 -7.377674
v 1.651497 9.366075 -5.989244
v 0.000006 10.464111 -7.377672
v 0.000006 9.510560 -5.989244
v -1.651486 9.366075 -5.989244
v -1.817068 10.305139 -7.377674
v -3.252798 8.937005 -5.989245
v -3.578931 9.833049 -7.377675
v 3.252808 8.937002 3.713321
v 4.755285 8.236383 3.713321
v 1.651497 9.366075 3.713321
v 0.000006 9.510557 3.713321
v -1.651486 9.366075 3.713321
v -3.252798 8.937002 3.713321
v 9.606680 3.496540 0.000001
v 10.629920 1.874336 -6.011457
v 10.142954 3.691727 -6.011457
v 10.067900 1.775238 0.000000
v 8.853564 5.111601 0.000001
v 9.347796 5.396947 -6.011456
v 7.831439 6.571349 0.000001
v 8.268614 6.938183 -6.011456
v 6.571359 7.831431 0.000001
v 6.938193 8.268606 -6.011457
v 5.111610 8.853559 0.000001
v 11.394983 -0.000005 -6.785733
v 11.221870 1.978712 -6.785734
v 10.793902 -0.000005 -6.011456
v 10.707785 3.897309 -6.785735
v 9.868348 5.697486 -6.785734
v 8.729068 7.324549 -6.785733
v 7.324560 8.729060 -6.785735
v 11.394982 -0.000005 -7.377674
v 11.221869 1.978712 -7.377675
v 10.707785 3.897309 -7.377675
v 9.868348 5.697486 -7.377674
v 8.729068 7.324549 -7.377674
v 7.324559 8.729060 -7.377675
v 10.305139 1.817069 -7.377673
v 11.221869 1.978712 -7.377675
v 9.833051 3.578932 -7.377674
v 10.707785 3.897309 -7.377675
v 9.868348 5.697486 -7.377674
v 9.062188 5.232049 -7.377673
v 8.015978 6.726196 -7.377674
v 8.729068 7.324549 -7.377674
v 7.324559 8.729060 -7.377675
v 6.726204 8.015969 -7.377673
v 9.366076 1.651487 -5.989245
v 10.305139 1.817069 -7.377673
v 10.464111 -0.000005 -7.377673
v 9.510561 -0.000004 -5.989244
v 8.937007 3.252799 -5.989244
v 9.833051 3.578932 -7.377674
v 8.236389 4.755275 -5.989244
v 9.062188 5.232049 -7.377673
v 7.285516 6.113266 -5.989244
v 8.015978 6.726196 -7.377674
v 6.113275 7.285508 -5.989245
v 6.726204 8.015969 -7.377673
v 9.366075 1.651486 3.713320
v 9.510561 -0.000004 3.713319
v 8.937007 3.252800 3.713320
v 8.236387 4.755275 3.713320
v 7.285514 6.113266 3.713321
v 6.113275 7.285508 3.713321
v 10.223212 -0.000003 -0.000000
v -10.223213 0.000005 0.000000
v -3.691736 -10.142952 6.011455
v -1.874346 -10.629921 6.011454
v -0.000005 -10.793905 6.011454
v 1.874336 -10.629922 6.011454
v 3.691727 -10.142956 6.011455
v 5.396947 -9.347796 6.011454
v -3.897319 -10.707782 6.785731
v -5.697496 -9.868343 6.785732
v -5.396955 -9.347793 6.011454
v -1.978723 -11.221870 6.785731
v -0.000005 -11.394984 6.785731
v 1.978713 -11.221870 6.785731
v 3.897309 -10.707786 6.785731
v 5.697488 -9.868348 6.785731
v -3.897319 -10.707781 7.377671
v -5.697496 -9.868343 7.377672
v -1.978723 -11.221870 7.377671
v -0.000005 -11.394984 7.377672
v 1.978713 -11.221870 7.377672
v 3.897308 -10.707785 7.377672
v 5.697487 -9.868348 7.377671
v -5.232060 -9.062186 7.377670
v -3.897319 -10.707781 7.377671
v -3.578941 -9.833049 7.377671
v -5.697496 -9.868343 7.377672
v -1.817079 -10.305140 7.377671
v -1.978723 -11.221870 7.377671
v -0.000005 -11.394984 7.377672
v -0.000005 -10.464112 7.377670
v 1.817069 -10.305141 7.377671
v 1.978713 -11.221870 7.377672
v 3.897308 -10.707785 7.377672
v 3.578932 -9.833051 7.377672
v 5.232052 -9.062190 7.377671
v 5.697487 -9.868348 7.377671
v 6.938185 -8.268614 6.011455
v 8.268608 -6.938193 6.011455
v 9.347792 -5.396957 6.011455
v 10.142949 -3.691738 6.011456
v 10.629920 -1.874349 6.011457
v 10.793902 -0.000007 6.011456
v 7.324551 -8.729069 6.785732
v 8.729061 -7.324560 6.785732
v 9.868342 -5.697497 6.785733
v 10.707780 -3.897320 6.785734
v 11.221867 -1.978725 6.785734
v 11.394982 -0.000007 6.785734
v 7.324552 -8.729068 7.377672
v 8.729062 -7.324560 7.377672
v 9.868343 -5.697497 7.377673
v 10.707781 -3.897320 7.377673
v 11.221868 -1.978725 7.377674
v 11.394983 -0.000007 7.377675
v 6.726200 -8.015980 7.377672
v 7.324552 -8.729068 7.377672
v 8.729062 -7.324560 7.377672
v 8.015973 -6.726207 7.377672
v 9.868343 -5.697497 7.377673
v 9.062182 -5.232061 7.377672
v 9.833046 -3.578943 7.377673
v 10.707781 -3.897320 7.377673
v 11.221868 -1.978725 7.377674
v 10.305137 -1.817080 7.377674
v 11.394983 -0.000007 7.377675
v 10.464111 -0.000007 7.377673
v -10.629920 -1.874339 6.011457
v -10.142955 -3.691730 6.011456
v -9.347797 -5.396949 6.011456
v -8.268614 -6.938185 6.011455
v -6.938193 -8.268608 6.011455
v -11.394983 0.000003 6.785734
v -11.221870 -1.978715 6.785734
v -10.793902 0.000003 6.011456
v -10.707785 -3.897311 6.785734
v -9.868349 -5.697488 6.785732
v -8.729068 -7.324552 6.785731
v -7.324560 -8.729062 6.785733
v -11.221869 -1.978715 7.377674
v -11.394983 0.000003 7.377675
v -10.707785 -3.897312 7.377674
v -9.868348 -5.697488 7.377673
v -8.729068 -7.324552 7.377672
v -7.324559 -8.729062 7.377672
v -10.464112 0.000003 7.377674
v -11.394983 0.000003 7.377675
v -10.305140 -1.817071 7.377673
v -11.221869 -1.978715 7.377674
v -10.707785 -3.897312 7.377674
v -9.833052 -3.578934 7.377672
v -9.868348 -5.697488 7.377673
v -9.062188 -5.232052 7.377672
v -8.015978 -6.726199 7.377672
v -8.729068 -7.324552 7.377672
v -7.324559 -8.729062 7.377672
v -6.726205 -8.015972 7.377671
v -6.938183 8.268611 6.011460
v -8.268606 6.938189 6.011459
v -9.347792 5.396955 6.011459
v -10.142950 3.691736 6.011459
v -10.629920 1.874346 6.011458
v -10.793902 0.000003 6.011456
v -5.697487 9.868345 6.785738
v -5.396946 9.347795 6.011459
v -7.324550 8.729065 6.785738
v -8.729061 7.324557 6.785737
v -9.868342 5.697495 6.785737
v -10.707780 3.897318 6.785736
v -11.221868 1.978722 6.785735
v -11.394983 0.000003 6.785734
v -7.324550 8.729065 7.377677
v -5.697487 9.868346 7.377678
v -8.729061 7.324557 7.377677
v -9.868342 5.697495 7.377677
v -10.707779 3.897317 7.377676
v -11.221867 1.978722 7.377675
v -11.394983 0.000003 7.377675
v -5.697487 9.868346 7.377678
v -6.726198 8.015976 7.377676
v -5.232051 9.062187 7.377676
v -7.324550 8.729065 7.377677
v -8.015971 6.726204 7.377676
v -8.729061 7.324557 7.377677
v -9.868342 5.697495 7.377677
v -9.062182 5.232058 7.377676
v -10.707779 3.897317 7.377676
v -9.833046 3.578939 7.377674
v -11.221867 1.978722 7.377675
v -10.305137 1.817077 7.377674
v 1.874347 10.629917 6.011461
v 3.691737 10.142946 6.011461
v 0.000006 10.793901 6.011460
v -1.874335 10.629918 6.011460
v -3.691726 10.142952 6.011461
v 5.396956 9.347789 6.011459
v 3.897319 10.707778 6.785738
v 5.697496 9.868340 6.785737
v 1.978724 11.221867 6.785739
v 0.000006 11.394981 6.785739
v -1.978712 11.221868 6.785739
v -3.897308 10.707781 6.785738
v 5.697495 9.868340 7.377677
v 3.897319 10.707778 7.377679
v 1.978724 11.221868 7.377678
v 0.000006 11.394980 7.377678
v -1.978712 11.221867 7.377678
v -3.897308 10.707782 7.377678
v 5.232059 9.062181 7.377676
v 5.697495 9.868340 7.377677
v 3.578942 9.833046 7.377677
v 3.897319 10.707778 7.377679
v 1.978724 11.221868 7.377678
v 1.817080 10.305135 7.377676
v 0.000006 11.394980 7.377678
v 0.000006 10.464108 7.377677
v -1.817068 10.305136 7.377676
v -1.978712 11.221867 7.377678
v -3.578931 9.833048 7.377676
v -3.897308 10.707782 7.377678
v 10.629920 1.874334 6.011458
v 10.142955 3.691725 6.011458
v 9.347797 5.396945 6.011459
v 8.268614 6.938180 6.011459
v 6.938193 8.268604 6.011460
v 11.394982 -0.000007 6.785734
v 10.793902 -0.000007 6.011456
v 11.221869 1.978710 6.785735
v 10.707785 3.897306 6.785735
v 9.868348 5.697484 6.785737
v 8.729068 7.324546 6.785738
v 7.324559 8.729057 6.785737
v 11.394983 -0.000007 7.377675
v 11.221870 1.978710 7.377675
v 10.707785 3.897306 7.377676
v 9.868349 5.697484 7.377677
v 8.729068 7.324547 7.377677
v 7.324560 8.729057 7.377677
v 10.305140 1.817066 7.377675
v 11.221870 1.978710 7.377675
v 9.833052 3.578930 7.377675
v 10.707785 3.897306 7.377676
v 9.868349 5.697484 7.377677
v 9.062188 5.232048 7.377675
v 8.015978 6.726194 7.377676
v 8.729068 7.324547 7.377677
v 7.324560 8.729057 7.377677
v 6.726205 8.015967 7.377677
v -2.484877 -6.827136 5.989241
v -3.279064 -5.679502 5.989240
v -3.632645 -6.291922 5.989241
v -2.243013 -6.162622 5.989241
v -1.138809 -6.458494 5.989241
v -1.261607 -7.154912 5.989242
v -0.000004 -7.265286 5.989241
v -0.000003 -6.558125 5.989241
v 1.138803 -6.458494 5.989241
v 1.261600 -7.154912 5.989241
v 2.484870 -6.827137 5.989241
v 2.243007 -6.162623 5.989241
v 3.279059 -5.679505 5.989240
v 3.632639 -6.291924 5.989241
v 4.215479 -5.023818 5.989242
v 4.670033 -5.565535 5.989242
v 5.023813 -4.215485 5.989242
v 5.565530 -4.670039 5.989242
v 6.291919 -3.632646 5.989242
v 5.679500 -3.279066 5.989242
v 6.827134 -2.484878 5.989243
v 6.162619 -2.243015 5.989242
v 7.154908 -1.261608 5.989243
v 6.458491 -1.138811 5.989243
v 7.265285 -0.000005 5.989243
v 6.558123 -0.000005 5.989243
v -7.265284 0.000002 5.989243
v -6.458491 -1.138805 5.989243
v -6.558123 0.000001 5.989243
v -7.154909 -1.261602 5.989243
v -6.162621 -2.243010 5.989243
v -6.827136 -2.484873 5.989243
v -6.291923 -3.632640 5.989242
v -5.679503 -3.279059 5.989242
v -5.565534 -4.670033 5.989242
v -5.023818 -4.215479 5.989241
v -4.670038 -5.565530 5.989242
v -4.215484 -5.023814 5.989241
v -4.215478 5.023814 5.989245
v -3.279059 5.679500 5.989245
v -3.632640 6.291919 5.989246
v -4.670033 5.565531 5.989245
v -5.023812 4.215481 5.989245
v -5.565529 4.670037 5.989245
v -6.291919 3.632644 5.989245
v -5.679500 3.279063 5.989245
v -6.162620 2.243012 5.989244
v -6.827133 2.484875 5.989245
v -7.154907 1.261605 5.989245
v -6.458489 1.138808 5.989244
v 3.632645 6.291916 5.989246
v 2.243013 6.162616 5.989246
v 3.279064 5.679497 5.989245
v 2.484877 6.827131 5.989247
v 1.261608 7.154906 5.989246
v 1.138810 6.458488 5.989246
v 0.000005 7.265280 5.989246
v 0.000004 6.558119 5.989246
v -1.261599 7.154906 5.989247
v -1.138802 6.458488 5.989246
v -2.484870 6.827132 5.989247
v -2.243006 6.162618 5.989246
v 7.154910 1.261598 5.989245
v 6.458492 1.138801 5.989244
v 6.162621 2.243006 5.989244
v 6.827136 2.484869 5.989244
v 6.291922 3.632636 5.989245
v 5.679502 3.279056 5.989245
v 5.023816 4.215476 5.989245
v 5.565534 4.670030 5.989245
v 4.670038 5.565526 5.989245
v 4.215483 5.023809 5.989245
v -2.361131 -4.089597 5.241438
v -1.615110 -4.437474 5.241438
v -0.820014 -4.650520 5.241438
v -0.000002 -4.722261 5.241438
v 0.820009 -4.650520 5.241438
v 1.615105 -4.437475 5.241438
v 2.361129 -4.089600 5.241438
v 3.035409 -3.617464 5.241438
v 3.617460 -3.035414 5.241438
v 4.089595 -2.361133 5.241438
v 4.437472 -1.615112 5.241439
v 4.650517 -0.820016 5.241440
v 4.722259 -0.000004 5.241440
v -4.650518 -0.820011 5.241440
v -4.722258 0.000000 5.241440
v -4.437473 -1.615108 5.241439
v -4.089597 -2.361129 5.241438
v -3.617462 -3.035410 5.241439
v -3.035412 -3.617460 5.241438
v -2.361128 4.089594 5.241442
v -3.035408 3.617460 5.241442
v -3.617459 3.035409 5.241442
v -4.089594 2.361129 5.241442
v -4.437471 1.615108 5.241442
v -4.650516 0.820012 5.241442
v 2.361132 4.089592 5.241442
v 1.615110 4.437468 5.241443
v 0.820014 4.650514 5.241444
v 0.000003 4.722256 5.241444
v -0.820009 4.650514 5.241444
v -1.615105 4.437469 5.241443
v 4.650518 0.820007 5.241442
v 4.437473 1.615104 5.241442
v 4.089597 2.361125 5.241442
v 3.617462 3.035405 5.241442
v 3.035412 3.617457 5.241442
v -0.856008 -2.351862 5.241439
v -0.000001 -2.502799 5.241439
v 0.856006 -2.351862 5.241439
v 1.608767 -1.917256 5.241439
v 2.167485 -1.251401 5.241439
v 2.464774 -0.434609 5.241440
v 2.464775 0.434603 5.241441
v -2.464775 -0.434607 5.241440
v -2.167486 -1.251399 5.241440
v -1.608768 -1.917255 5.241439
v -1.608767 1.917253 5.241441
v -2.167485 1.251398 5.241442
v -2.464774 0.434606 5.241441
v 0.856008 2.351857 5.241442
v 0.000002 2.502795 5.241442
v -0.856006 2.351858 5.241442
v 2.167486 1.251396 5.241442
v 1.608768 1.917251 5.241441
v -6.113275 -7.285509 3.713318
v -7.285515 -6.113266 3.713318
v 0.000000 -0.000000 3.713317
v 3.252808 8.937002 3.713321
v 4.755285 8.236383 3.713321
v 7.285514 6.113266 3.713321
v 8.236387 4.755275 3.713320
v -3.252807 -8.937003 3.713318
v -4.755285 -8.236383 3.713318
v -1.651496 -9.366075 3.713318
v -0.000005 -9.510558 3.713318
v 1.651487 -9.366075 3.713318
v 3.252799 -8.937005 3.713318
v 4.755276 -8.236387 3.713318
v 6.113269 -7.285514 3.713318
v 7.285510 -6.113274 3.713319
v 8.236383 -4.755283 3.713319
v 8.937001 -3.252806 3.713319
v 9.366072 -1.651495 3.713319
v 9.510561 -0.000004 3.713319
v -9.366075 -1.651487 3.713320
v -9.510562 0.000005 3.713319
v -8.937008 -3.252799 3.713319
v -8.236388 -4.755275 3.713319
v -6.113267 7.285515 3.713321
v -4.755276 8.236387 3.713321
v -7.285511 6.113275 3.713320
v -8.236384 4.755285 3.713320
v -8.937002 3.252809 3.713320
v -9.366073 1.651496 3.713320
v 1.651497 9.366075 3.713321
v 0.000006 9.510557 3.713321
v -1.651486 9.366075 3.713321
v -3.252798 8.937002 3.713321
v 9.366075 1.651486 3.713320
v 8.937007 3.252800 3.713320
v 6.113275 7.285508 3.713321
v -0.000001 -2.137631 6.295419
v -0.000000 -0.000001 6.295420
v -0.731113 -2.008717 6.295419
v 0.731111 -2.008717 6.295419
v 1.374042 -1.637522 6.295419
v 1.851241 -1.068817 6.295419
v 2.105155 -0.371198 6.295420
v 2.105155 0.371193 6.295420
v -1.851242 -1.068815 6.295419
v -2.105155 -0.371196 6.295420
v -1.374043 -1.637520 6.295419
v -1.851241 1.068815 6.295420
v -1.374042 1.637519 6.295421
v -2.105154 0.371195 6.295420
v 0.000001 2.137628 6.295422
v 0.731113 2.008713 6.295422
v -0.731111 2.008714 6.295422
v 1.851242 1.068813 6.295421
v 1.374043 1.637517 6.295421
v -0.731113 -2.008717 6.295419
v -0.000001 -2.502799 5.241439
v -0.000001 -2.137631 6.295419
v -0.856008 -2.351862 5.241439
v 0.731111 -2.008717 6.295419
v -0.000001 -2.137631 6.295419
v -0.000001 -2.502799 5.241439
v 0.856006 -2.351862 5.241439
v 1.374042 -1.637522 6.295419
v 1.608767 -1.917256 5.241439
v 2.167485 -1.251401 5.241439
v 1.851241 -1.068817 6.295419
v 2.464774 -0.434609 5.241440
v 2.105155 -0.371198 6.295420
v 2.464775 0.434603 5.241441
v 2.105155 0.371193 6.295420
v 1.851242 1.068813 6.295421
v 2.167486 1.251396 5.241442
v 1.374043 1.637517 6.295421
v 1.608768 1.917251 5.241441
v 0.856008 2.351857 5.241442
v 0.731113 2.008713 6.295422
v 0.000002 2.502795 5.241442
v 0.000001 2.137628 6.295422
v -0.731111 2.008714 6.295422
v 0.000002 2.502795 5.241442
v -0.856006 2.351858 5.241442
v 0.000001 2.137628 6.295422
v -1.608767 1.917253 5.241441
v -1.374042 1.637519 6.295421
v -2.167485 1.251398 5.241442
v -1.851241 1.068815 6.295420
v -2.464774 0.434606 5.241441
v -2.105154 0.371195 6.295420
v -2.105155 -0.371196 6.295420
v -2.464775 -0.434607 5.241440
v -2.167486 -1.251399 5.241440
v -1.851242 -1.068815 6.295419
v -1.608768 -1.917255 5.241439
v -1.374043 -1.637520 6.295419
v -5.726925 3.476905 6.720351
v -7.806062 4.677287 7.071146
v -5.960783 3.222245 6.732409
v -7.950852 4.371203 7.067106
v -4.581631 2.815675 6.527115
v -4.840333 2.575356 6.541807
v -5.795053 1.793319 6.604301
v -6.327602 2.876241 6.734416
v -8.024169 2.810038 6.962327
v -8.141685 2.121934 6.926927
v -7.722060 2.512468 6.904124
v -7.632255 1.656896 6.826468
v -7.214791 2.411613 6.793509
v -7.092633 1.463254 6.742257
v -6.502680 1.477029 6.669243
v -6.639281 2.652321 6.738944
v -2.148729 1.540940 5.004615
v -0.818497 0.643042 5.892191
v -0.865532 0.800092 4.788111
v -2.080822 1.371843 6.105174
v -1.854301 2.546774 5.040842
v -1.766551 2.445479 6.143844
v -3.363244 4.949111 5.407297
v -2.723741 4.534029 6.417554
v -2.864817 4.747064 5.329464
v -3.189309 4.722757 6.490256
v -3.882643 4.991832 5.476144
v -3.677369 4.762900 6.554949
v -4.364423 4.907897 5.530977
v -4.130546 4.683949 6.606527
v -4.749997 4.729982 5.566770
v -4.491071 4.517591 6.639995
v -5.216425 4.367601 5.599318
v -4.944593 4.165239 6.671641
v -5.726925 3.476905 6.720351
v -5.940788 3.730272 5.644417
v -7.829603 4.820773 5.963101
v -7.806062 4.677287 7.071146
v -7.211110 5.331579 7.043661
v -7.829603 4.820773 5.963101
v -7.350372 5.347802 5.940963
v -7.806062 4.677287 7.071146
v -7.038225 5.435488 5.907869
v -6.790876 5.449626 6.999108
v -6.608426 5.185694 6.956738
v -6.902221 5.238744 5.876285
v -6.373483 4.866570 6.903694
v -6.646307 4.896091 5.818867
v -6.085682 4.728533 6.857191
v -6.028512 4.759934 5.730744
v -5.862304 4.753473 6.830746
v -6.298871 4.729749 5.762750
v -5.785252 4.893229 5.709699
v -5.657356 4.865775 6.813016
v -5.501582 5.053441 6.807014
v -5.603173 5.112585 5.702684
v -5.415076 5.292662 6.813544
v -5.501617 5.393428 5.710351
v -5.433843 5.520512 6.832565
v -5.524306 5.668946 5.733351
v -5.764004 6.003235 5.788105
v -5.634132 5.799901 6.878323
v -6.917543 6.103437 5.941398
v -6.676341 5.881027 7.016132
v -6.334648 6.212238 5.875586
v -6.138226 5.981470 6.955377
v -7.271804 5.515380 7.064770
v -7.546380 5.717296 5.992761
v -8.144967 5.002847 6.016310
v -7.919238 4.742630 7.090241
v -8.840533 5.404429 6.133667
v -8.599192 5.135199 7.204965
v -8.767925 4.842938 7.204965
v -8.426194 4.515748 6.016311
v -8.087231 4.449941 7.090116
v -9.121757 4.917329 6.133667
v -8.730013 3.705418 5.995554
v -8.417192 3.569890 7.067574
v -8.724796 2.886393 5.935059
v -8.412246 2.793099 7.010198
v -8.141685 2.121934 6.926927
v -8.436686 2.171687 5.846385
v -7.891805 1.674312 5.741097
v -7.632255 1.656896 6.826468
v -7.311425 1.466050 5.652439
v -7.092633 1.463254 6.742257
v -6.678089 1.480846 5.573377
v -6.502680 1.477029 6.669243
v -5.936130 1.812523 5.503720
v -5.795053 1.793319 6.604301
v -5.029886 2.554902 5.443279
v -4.840333 2.575356 6.541807
v -2.765742 1.247708 5.061269
v -2.391660 1.161625 6.129149
v -0.987230 0.350782 5.892191
v -2.429952 1.053841 5.004614
v -1.146759 0.312992 4.788111
v -2.256153 1.083391 6.106287
v -4.592758 2.951991 5.416975
v -2.214384 1.448954 6.127709
v -2.484891 1.735023 5.061333
v -4.581631 2.815675 6.527115
v -4.306477 3.212607 5.399789
v -4.180652 3.180711 6.503043
v -4.050872 3.436496 5.383801
v -3.917757 3.410984 6.486598
v -3.753771 3.625604 5.360022
v -3.597830 3.614619 6.460992
v -3.445103 3.701726 5.326523
v -3.257099 3.698648 6.424015
v -3.097190 3.695891 5.282072
v -2.877018 3.692273 6.375453
v -2.822448 3.602278 5.240466
v -2.563595 3.585482 6.327989
v -2.550848 3.354998 5.188032
v -2.260145 3.309201 6.269406
v -2.037162 2.883123 6.210061
v -2.347298 2.966054 5.133858
v -2.296933 2.428410 5.088206
v -1.982832 2.303165 6.160815
v -7.950852 4.371203 7.067106
v -6.347934 3.315872 5.665663
v -5.960783 3.222245 6.732409
v -8.090405 4.321881 5.959655
v -6.327602 2.876241 6.734416
v -6.592481 3.074683 5.698935
v -6.639281 2.652321 6.738944
v -6.880509 2.858596 5.739544
v -7.214791 2.411613 6.793509
v -7.412124 2.635876 5.791614
v -7.722060 2.512468 6.904124
v -7.867569 2.731936 5.815299
v -8.126976 2.987463 5.866792
v -8.024169 2.810038 6.962327
v -8.174543 3.248979 7.013423
v -8.262468 3.382967 5.912832
v -8.167784 3.754417 7.049495
v -8.256216 3.850442 5.946195
v -2.370936 4.709733 6.429816
v -2.650334 4.604373 5.292914
v -2.531392 4.368616 6.379972
v -2.451842 5.022212 5.353968
v -0.189829 2.495585 6.106287
v -1.094797 2.639570 6.127326
v -0.302319 2.631325 5.004615
v -1.129826 2.762985 5.023854
v -0.836790 3.120592 5.076106
v -0.870404 2.781338 6.148042
v -0.302323 3.019061 5.061269
v -0.189829 2.652053 6.129149
v -1.258601 3.305749 5.103161
v -1.316954 2.977355 6.176684
v -1.532716 3.520766 5.134579
v -1.622936 3.217369 6.211754
v -2.212113 5.181569 5.377252
v -2.168205 4.844498 6.449507
v -1.946622 5.234688 5.385014
v -1.945435 4.889070 6.456019
v -1.672433 4.840297 6.448893
v -1.629009 5.177946 5.376722
v -1.459089 4.695665 6.427760
v -1.377908 5.007718 5.351849
v -1.320419 4.490349 6.397759
v -1.214527 4.765816 5.316503
v -1.196702 4.341784 5.254544
v -1.305126 4.140506 6.346641
v -1.501319 3.932790 5.194783
v -1.591484 3.770526 6.292580
v -1.624087 3.711875 5.162503
v -1.750556 3.484291 6.250756
v -4.180652 3.180711 6.503043
v -4.944593 4.165239 6.671641
v -0.987230 0.350782 5.892191
v -2.080822 1.371843 6.105174
v -2.256153 1.083391 6.106287
v -0.818497 0.643042 5.892191
v -7.919238 4.742630 7.090241
v -8.767925 4.842938 7.204965
v -8.087231 4.449941 7.090116
v -8.599192 5.135199 7.204965
v -1.781290 2.984967 6.177797
v -1.869758 3.134552 5.085739
v -8.167784 3.754417 7.049495
v -8.417192 3.569890 7.067574
v -8.174543 3.248979 7.013423
v -8.412246 2.793099 7.010198
v -7.271804 5.515380 7.064770
v -6.790876 5.449626 6.999108
v -6.676341 5.881027 7.016132
v -7.211110 5.331579 7.043661
v -6.608426 5.185694 6.956738
v -6.138226 5.981470 6.955377
v -5.634132 5.799901 6.878323
v -6.373483 4.866570 6.903694
v -5.433843 5.520512 6.832565
v -6.085682 4.728533 6.857191
v -5.862304 4.753473 6.830746
v -5.415076 5.292662 6.813544
v -5.501582 5.053441 6.807014
v -5.657356 4.865775 6.813016
v -3.917757 3.410984 6.486598
v -4.491071 4.517591 6.639995
v -3.597830 3.614619 6.460992
v -4.130546 4.683949 6.606527
v -3.257099 3.698648 6.424015
v -3.677369 4.762900 6.554949
v -3.189309 4.722757 6.490256
v -2.877018 3.692273 6.375453
v -2.723741 4.534029 6.417554
v -1.982832 2.303165 6.160815
v -1.766551 2.445479 6.143844
v -2.214384 1.448954 6.127709
v -2.391660 1.161625 6.129149
v -0.870404 2.781338 6.148042
v -1.316954 2.977355 6.176684
v -1.094797 2.639570 6.127326
v -1.781290 2.984967 6.177797
v -2.037162 2.883123 6.210061
v -1.622936 3.217369 6.211754
v -2.260145 3.309201 6.269406
v -1.750556 3.484291 6.250756
v -2.563595 3.585482 6.327989
v -1.591484 3.770526 6.292580
v -2.531392 4.368616 6.379972
v -2.650334 4.604373 5.292914
v -2.531392 4.368616 6.379972
v -1.305126 4.140506 6.346641
v -2.370936 4.709733 6.429816
v -1.320419 4.490349 6.397759
v -1.459089 4.695665 6.427760
v -2.168205 4.844498 6.449507
v -1.945435 4.889070 6.456019
v -1.672433 4.840297 6.448893
v -0.189829 2.495585 6.106287
v -0.189829 2.652053 6.129149
v 5.874561 3.221207 6.720349
v 7.953688 4.421600 7.071146
v 5.770944 3.551066 6.732408
v 7.761006 4.700034 7.067106
v 4.729275 2.559972 6.527115
v 4.650498 2.904171 6.541807
v 4.450596 4.122003 6.604300
v 5.654708 4.041743 6.734415
v 6.445660 5.544114 6.962327
v 5.908504 5.989937 6.926927
v 6.036902 5.431263 6.904122
v 5.251051 5.781277 6.826468
v 5.695923 5.042385 6.793508
v 4.813537 5.410771 6.742257
v 4.530494 4.892971 6.669244
v 5.616629 4.423625 6.738942
v 0.966146 0.387320 5.892191
v 2.408864 1.090385 5.004613
v 2.228474 1.116127 6.105174
v 1.125670 0.349530 4.788111
v 3.132727 0.332486 5.040841
v 3.001132 0.307139 6.143843
v 5.543491 0.107470 5.329463
v 5.684686 0.400642 6.490255
v 5.288460 0.091812 6.417554
v 5.967686 0.438099 5.407297
v 6.264379 0.866550 5.476143
v 5.963486 0.803242 6.554948
v 6.432583 1.325751 5.530976
v 6.121699 1.235182 6.606526
v 6.157891 1.630584 6.639994
v 6.471290 1.748623 5.566770
v 6.079508 2.199524 6.671641
v 6.390675 2.333755 5.599318
v 5.874561 3.221207 6.720349
v 6.200910 3.279736 5.644417
v 7.953688 4.421600 7.071146
v 8.089723 4.370246 5.963101
v 7.953688 4.421600 7.071146
v 8.089723 4.370246 5.963101
v 8.222846 3.579211 7.043661
v 8.306527 3.691705 5.940962
v 8.226393 3.377535 5.907869
v 8.114961 3.156254 6.999108
v 7.988002 3.358124 5.876285
v 7.795163 3.130214 6.956738
v 7.563302 3.307823 5.818867
v 7.401322 3.086312 6.903694
v 7.137875 2.906088 6.857191
v 7.245526 3.090106 5.762750
v 7.136492 2.840874 5.730743
v 7.047792 2.700164 6.830745
v 7.130299 2.563559 5.709699
v 7.042569 2.466523 6.813016
v 7.229220 2.296197 5.702684
v 7.127207 2.237786 6.807014
v 7.421663 2.067823 5.710351
v 7.291122 2.043259 6.813544
v 7.497834 1.945585 6.832565
v 7.671613 1.949714 5.733351
v 7.839935 1.979348 6.878322
v 8.080964 1.990152 5.788105
v 8.249230 2.325122 6.955377
v 8.744513 2.939046 5.941397
v 8.431297 2.841364 7.016132
v 8.547286 2.379846 5.875585
v 8.412370 3.539872 7.064770
v 8.724525 3.676706 5.992760
v 8.066869 4.486941 7.090241
v 8.405087 4.552322 6.016310
v 8.746819 4.879515 7.204965
v 9.100651 4.953907 6.133667
v 8.578080 5.171773 7.204964
v 8.819423 5.441006 6.133667
v 8.123855 5.039419 6.016310
v 7.897385 4.778772 7.090116
v 7.300220 5.504553 7.067574
v 7.574008 5.707700 5.995554
v 6.862100 6.112700 5.935058
v 6.625029 5.888666 7.010198
v 6.099086 6.220539 5.846385
v 5.908504 5.989937 6.926927
v 5.395911 5.997347 5.741097
v 5.251051 5.781277 6.826468
v 4.925364 5.598855 5.652439
v 4.813537 5.410771 6.742257
v 4.621504 5.042973 5.573377
v 4.530494 4.892971 6.669244
v 4.537765 4.234579 5.503720
v 4.450596 4.122003 6.604300
v 4.727558 3.078556 5.443279
v 4.650498 2.904171 6.541807
v 2.463429 1.771351 5.061269
v 2.201828 1.490426 6.129150
v 2.127637 1.577482 5.004615
v 0.797409 0.679578 5.892191
v 2.066327 1.412192 6.106287
v 0.844444 0.836628 4.788111
v 4.729275 2.559972 6.527115
v 2.362030 1.193239 6.127707
v 2.745032 1.284470 5.061333
v 4.852886 2.501449 5.416975
v 4.844909 2.030194 6.503042
v 4.935446 2.123216 5.399789
v 5.001535 1.789909 5.383801
v 4.912880 1.687382 6.486599
v 5.016761 1.438057 5.360021
v 4.929278 1.308503 6.460992
v 4.928346 1.132683 5.326523
v 4.831681 0.971407 6.424015
v 4.749338 0.834301 5.282071
v 4.636114 0.645432 6.375452
v 4.386921 0.427397 6.327990
v 4.530894 0.643172 5.240465
v 4.180940 0.531602 5.188032
v 3.995928 0.302743 6.269406
v 3.742331 0.549794 5.133858
v 3.515444 0.322672 6.210060
v 3.251543 0.774999 5.088205
v 2.986023 0.565601 6.160814
v 7.788070 4.845552 5.959655
v 5.770944 3.551066 6.732408
v 7.761006 4.700034 7.067106
v 6.045601 3.839534 5.665662
v 5.654708 4.041743 6.734415
v 5.959004 4.171914 5.698935
v 5.616629 4.423625 6.738942
v 5.915884 4.529396 5.739544
v 5.988808 5.101149 5.791614
v 5.695923 5.042385 6.793508
v 6.299723 5.447546 5.815299
v 6.036902 5.431263 6.904122
v 6.445660 5.544114 6.962327
v 6.650718 5.544435 5.866792
v 6.900981 5.454869 7.013423
v 7.060979 5.464019 5.912832
v 7.335322 5.196298 7.049495
v 7.462699 5.224869 5.946195
v 5.264226 -0.301576 6.429816
v 5.575291 -0.387749 5.353968
v 5.049038 0.007943 6.379972
v 5.312681 -0.006930 5.292914
v 2.957728 -0.403034 5.023854
v 2.256161 -1.083393 6.106287
v 2.833338 -0.371662 6.127327
v 2.429960 -1.053843 5.004615
v 2.391662 -1.161626 6.129150
v 3.120916 -0.835613 5.076106
v 2.843915 -0.636877 6.148041
v 2.765750 -1.247710 5.061269
v 3.236949 -0.348160 6.176683
v 3.492170 -0.562892 5.103161
v 3.597801 -0.203181 6.211754
v 3.815437 -0.433011 5.134579
v 5.279565 -0.544530 6.449507
v 5.593433 -0.675039 5.377252
v 5.206777 -0.759739 6.456020
v 5.506691 -0.931520 5.385014
v 5.028041 -0.971781 6.448893
v 5.298742 -1.178211 5.376723
v 5.025770 -1.310555 5.351849
v 4.796112 -1.084224 6.427759
v 4.734587 -1.331096 5.316503
v 4.548970 -1.101659 6.397758
v 4.238353 -0.939980 6.346641
v 4.358449 -1.134517 5.254544
v 4.156559 -0.666215 5.194784
v 4.061120 -0.506997 6.292580
v 4.026624 -0.449436 5.162503
v 3.892764 -0.226121 6.250756
v 4.844909 2.030194 6.503042
v 6.079508 2.199524 6.671641
v 0.797409 0.679578 5.892191
v 2.228474 1.116127 6.105174
v 2.066327 1.412192 6.106287
v 0.966146 0.387320 5.892191
v 8.066869 4.486941 7.090241
v 8.578080 5.171773 7.204964
v 7.897385 4.778772 7.090116
v 8.746819 4.879515 7.204965
v 3.475710 0.050161 6.177796
v 3.649486 0.051982 5.085739
v 7.335322 5.196298 7.049495
v 7.300220 5.504553 7.067574
v 6.900981 5.454869 7.013423
v 6.625029 5.888666 7.010198
v 8.412370 3.539872 7.064770
v 8.114961 3.156254 6.999108
v 8.431297 2.841364 7.016132
v 8.222846 3.579211 7.043661
v 7.795163 3.130214 6.956738
v 8.249230 2.325122 6.955377
v 7.839935 1.979348 6.878322
v 7.401322 3.086312 6.903694
v 7.497834 1.945585 6.832565
v 7.137875 2.906088 6.857191
v 7.047792 2.700164 6.830745
v 7.291122 2.043259 6.813544
v 7.127207 2.237786 6.807014
v 7.042569 2.466523 6.813016
v 4.912880 1.687382 6.486599
v 6.157891 1.630584 6.639994
v 4.929278 1.308503 6.460992
v 6.121699 1.235182 6.606526
v 4.831681 0.971407 6.424015
v 5.963486 0.803242 6.554948
v 5.684686 0.400642 6.490255
v 4.636114 0.645432 6.375452
v 5.288460 0.091812 6.417554
v 2.986023 0.565601 6.160814
v 3.001132 0.307139 6.143843
v 2.362030 1.193239 6.127707
v 2.201828 1.490426 6.129150
v 2.843915 -0.636877 6.148041
v 3.236949 -0.348160 6.176683
v 2.833338 -0.371662 6.127327
v 3.475710 0.050161 6.177796
v 3.515444 0.322672 6.210060
v 3.597801 -0.203181 6.211754
v 3.995928 0.302743 6.269406
v 3.892764 -0.226121 6.250756
v 4.386921 0.427397 6.327990
v 4.061120 -0.506997 6.292580
v 5.312681 -0.006930 5.292914
v 5.049038 0.007943 6.379972
v 5.049038 0.007943 6.379972
v 4.238353 -0.939980 6.346641
v 5.264226 -0.301576 6.429816
v 4.548970 -1.101659 6.397758
v 4.796112 -1.084224 6.427759
v 5.279565 -0.544530 6.449507
v 5.206777 -0.759739 6.456020
v 5.028041 -0.971781 6.448893
v 2.256161 -1.083393 6.106287
v 2.391662 -1.161626 6.129150
v -0.189841 9.071241 7.067106
v -0.189837 6.773317 6.732409
v 0.147631 9.098892 7.071146
v 0.147634 6.698117 6.720350
v -0.189833 5.479532 6.541806
v 0.147638 5.375650 6.527114
v -1.344457 5.915327 6.604301
v -0.672893 6.917990 6.734415
v -2.233185 8.111878 6.926927
v -1.685157 7.943737 6.904123
v -1.578508 8.354158 6.962327
v -2.381203 7.438178 6.826468
v -2.279089 6.874032 6.742257
v -1.518868 7.454005 6.793509
v -1.972185 6.370005 6.669243
v -1.022655 7.075952 6.738943
v 0.147646 1.030362 5.892191
v 0.260135 2.631326 5.004614
v 0.147642 2.487971 6.105174
v 0.260135 1.149623 4.788111
v 1.234581 2.752620 6.143843
v 1.278426 2.879261 5.040842
v 2.564725 4.625843 6.417553
v 2.678677 4.854536 5.329464
v 2.495377 5.123401 6.490255
v 2.604442 5.387212 5.407297
v 2.286116 5.566144 6.554948
v 2.381744 5.858385 5.476144
v 1.991154 5.919133 6.606527
v 2.068161 6.233653 5.530977
v 1.721292 6.478610 5.566770
v 1.666821 6.148178 6.639994
v 1.174250 6.701361 5.599318
v 1.134909 6.364766 6.671641
v 0.260128 7.010012 5.644417
v 0.147634 6.698117 6.720350
v 0.147631 9.098892 7.071146
v 0.260120 9.191024 5.963101
v 1.011740 8.910794 7.043661
v 0.147631 9.098892 7.071146
v 0.260120 9.191024 5.963101
v 0.956159 9.039512 5.940963
v 1.324084 8.605885 6.999108
v 1.188174 8.813027 5.907869
v 1.085786 8.596872 5.876285
v 1.186741 8.315913 6.956738
v 0.916994 8.203918 5.818867
v 1.027840 7.952886 6.903694
v 1.052199 7.634624 6.857191
v 0.946655 7.819859 5.762750
v 1.107979 7.600811 5.730743
v 1.185486 7.453641 6.830746
v 1.385218 7.332302 6.813015
v 1.345048 7.456791 5.709699
v 1.625624 7.291231 6.807014
v 1.626054 7.408784 5.702684
v 1.920051 7.461255 5.710351
v 1.876052 7.335925 6.813545
v 2.147307 7.618665 5.733351
v 2.063996 7.466100 6.832566
v 2.205809 7.779252 6.878323
v 2.316965 7.993392 5.788105
v 2.111003 8.306595 6.955377
v 2.212646 8.592088 5.875586
v 1.754959 8.722396 7.016132
v 1.826968 9.042489 5.941397
v 1.178145 9.394007 5.992761
v 1.140570 9.055259 7.064770
v 0.260120 9.555174 6.016310
v 0.147631 9.229577 7.090241
v 0.147631 10.014720 7.204964
v 0.260120 10.358343 6.133667
v -0.189841 10.014718 7.204964
v -0.302334 10.358340 6.133667
v -0.302330 9.555174 6.016310
v -0.189841 9.228720 7.090116
v -1.156007 9.413125 5.995554
v -1.116967 9.074449 7.067575
v -1.787216 8.681772 7.010198
v -1.862696 8.999099 5.935058
v -2.337597 8.392235 5.846385
v -2.233185 8.111878 6.926927
v -2.495894 7.671666 5.741097
v -2.381203 7.438178 6.826468
v -2.386067 7.064910 5.652439
v -2.279089 6.874032 6.742257
v -2.056587 6.523824 5.573377
v -1.972185 6.370005 6.669243
v -1.344457 5.915327 6.604301
v -1.398368 6.047107 5.503720
v -0.302326 5.633463 5.443279
v -0.189833 5.479532 6.541806
v -0.189833 5.479532 6.541806
v -0.302326 5.633463 5.443279
v -0.189826 1.030362 5.892191
v -0.302315 1.149622 4.788110
v 0.147638 5.375650 6.527114
v 0.147642 2.642194 6.127708
v 0.260131 3.019495 5.061332
v 0.260127 5.453444 5.416975
v 0.664258 5.210908 6.503043
v 0.628965 5.335827 5.399789
v 0.995129 5.098369 6.486598
v 0.950667 5.226407 5.383801
v 1.331440 4.923124 6.460992
v 1.262991 5.063664 5.360021
v 1.574584 4.670057 6.424015
v 1.483249 4.834411 5.326523
v 1.652147 4.530194 5.282072
v 1.759096 4.337708 6.375452
v 1.708446 4.245451 5.240465
v 1.823327 4.012881 6.327990
v 1.630094 3.886601 5.188032
v 1.735785 3.611946 6.269406
v 1.395035 3.515850 5.133858
v 1.478288 3.205796 6.210060
v 1.003191 2.868767 6.160815
v 0.954604 3.203411 5.088206
v -0.189841 9.071241 7.067106
v -0.302327 7.155410 5.665662
v -0.189837 6.773317 6.732409
v -0.302330 9.167439 5.959654
v -0.633477 7.246602 5.698935
v -0.672893 6.917990 6.734415
v -0.964627 7.387997 5.739543
v -1.022655 7.075952 6.738943
v -1.423316 7.737032 5.791614
v -1.518868 7.454005 6.793509
v -1.685157 7.943737 6.904123
v -1.567850 8.179489 5.815299
v -1.578508 8.354158 6.962327
v -1.476259 8.531901 5.866792
v -1.201485 8.846992 5.912833
v -1.273562 8.703854 7.013423
v -0.793517 9.075317 5.946195
v -0.832461 8.950721 7.049496
v 2.662347 4.597445 5.292915
v 2.893282 4.408158 6.429815
v 3.123449 4.634463 5.353968
v 2.517641 4.376560 6.379972
v 1.827908 2.359951 5.023854
v 1.738541 2.267909 6.127327
v 2.201828 1.490426 6.129150
v 2.463429 1.771351 5.061269
v 1.973509 2.144461 6.148042
v 2.284120 2.284978 5.076106
v 1.919997 2.629195 6.176683
v 2.233563 2.742858 5.103161
v 2.282721 3.087755 5.134579
v 1.974860 3.014189 6.211755
v 3.111366 4.299969 6.449506
v 3.381320 4.506531 5.377253
v 3.560063 4.303170 5.385014
v 3.261347 4.129332 6.456019
v 3.669731 3.999735 5.376722
v 3.355614 3.868516 6.448893
v 3.337023 3.611442 6.427759
v 3.647863 3.697163 5.351849
v 3.228549 3.388691 6.397758
v 3.520060 3.434720 5.316502
v 3.161749 3.207267 5.254544
v 2.933230 3.200528 6.346641
v 2.655241 3.266576 5.194783
v 2.469638 3.263530 6.292580
v 2.142216 3.258171 6.250756
v 2.402539 3.262439 5.162503
v 1.134909 6.364766 6.671641
v 0.664258 5.210908 6.503043
v 0.147642 2.487971 6.105174
v -0.189826 1.030362 5.892191
v 0.147646 1.030362 5.892191
v 0.147631 9.229577 7.090241
v 0.147631 10.014720 7.204964
v -0.189841 10.014718 7.204964
v -0.189841 9.228720 7.090116
v 1.779728 3.186534 5.085740
v 1.694422 3.035129 6.177796
v -1.273562 8.703854 7.013423
v -0.832461 8.950721 7.049496
v -1.116967 9.074449 7.067575
v -1.787216 8.681772 7.010198
v 1.324084 8.605885 6.999108
v 1.140570 9.055259 7.064770
v 1.011740 8.910794 7.043661
v 1.754959 8.722396 7.016132
v 1.186741 8.315913 6.956738
v 2.111003 8.306595 6.955377
v 1.027840 7.952886 6.903694
v 2.205809 7.779252 6.878323
v 1.052199 7.634624 6.857191
v 2.063996 7.466100 6.832566
v 1.185486 7.453641 6.830746
v 1.876052 7.335925 6.813545
v 1.625624 7.291231 6.807014
v 1.385218 7.332302 6.813015
v 0.995129 5.098369 6.486598
v 1.666821 6.148178 6.639994
v 1.331440 4.923124 6.460992
v 1.991154 5.919133 6.606527
v 2.286116 5.566144 6.554948
v 1.574584 4.670057 6.424015
v 1.759096 4.337708 6.375452
v 2.495377 5.123401 6.490255
v 2.564725 4.625843 6.417553
v 1.003191 2.868767 6.160815
v 0.147642 2.642194 6.127708
v 1.234581 2.752620 6.143843
v 1.973509 2.144461 6.148042
v 1.919997 2.629195 6.176683
v 1.738541 2.267909 6.127327
v 1.694422 3.035129 6.177796
v 1.478288 3.205796 6.210060
v 1.974860 3.014189 6.211755
v 2.142216 3.258171 6.250756
v 1.735785 3.611946 6.269406
v 1.823327 4.012881 6.327990
v 2.469638 3.263530 6.292580
v 2.662347 4.597445 5.292915
v 2.517641 4.376560 6.379972
v 2.517641 4.376560 6.379972
v 2.933230 3.200528 6.346641
v 2.893282 4.408158 6.429815
v 3.228549 3.388691 6.397758
v 3.337023 3.611442 6.427759
v 3.111366 4.299969 6.449506
v 3.261347 4.129332 6.456019
v 3.355614 3.868516 6.448893
v 7.950855 -4.371207 7.067105
v 5.960791 -3.222249 6.732409
v 7.806066 -4.677291 7.071145
v 5.726929 -3.476909 6.720349
v 4.840334 -2.575360 6.541806
v 4.581638 -2.815678 6.527114
v 5.795063 -1.793323 6.604300
v 6.327609 -2.876246 6.734415
v 8.141692 -2.121939 6.926927
v 7.722069 -2.512473 6.904122
v 8.024177 -2.810043 6.962327
v 7.632262 -1.656901 6.826467
v 7.092640 -1.463259 6.742258
v 7.214798 -2.411618 6.793508
v 6.502682 -1.477033 6.669244
v 6.639288 -2.652325 6.738942
v 0.818504 -0.643042 5.892191
v 2.148731 -1.540941 5.004613
v 2.080828 -1.371844 6.105174
v 0.865540 -0.800093 4.788111
v 1.766553 -2.445481 6.143843
v 1.854311 -2.546775 5.040842
v 2.723744 -4.534030 6.417553
v 3.363246 -4.949113 5.407297
v 3.189313 -4.722759 6.490255
v 2.864821 -4.747065 5.329463
v 3.677372 -4.762902 6.554948
v 3.882652 -4.991834 5.476143
v 4.130549 -4.683950 6.606525
v 4.364425 -4.907900 5.530976
v 4.491080 -4.517593 6.639994
v 4.750000 -4.729984 5.566769
v 4.944601 -4.165241 6.671641
v 5.216433 -4.367605 5.599318
v 5.726929 -3.476909 6.720349
v 5.940798 -3.730275 5.644417
v 7.829612 -4.820777 5.963101
v 7.806066 -4.677291 7.071145
v 7.350376 -5.347806 5.940962
v 7.211112 -5.331583 7.043660
v 7.829612 -4.820777 5.963101
v 7.806066 -4.677291 7.071145
v 7.038234 -5.435493 5.907868
v 6.790879 -5.449631 6.999108
v 6.608429 -5.185698 6.956738
v 6.902226 -5.238748 5.876284
v 6.373491 -4.866572 6.903694
v 6.646311 -4.896094 5.818867
v 6.085684 -4.728536 6.857190
v 6.298872 -4.729753 5.762749
v 6.028521 -4.759938 5.730742
v 5.862309 -4.753475 6.830744
v 5.785259 -4.893231 5.709699
v 5.657360 -4.865778 6.813015
v 5.501586 -5.053443 6.807014
v 5.603182 -5.112587 5.702684
v 5.501621 -5.393431 5.710351
v 5.415080 -5.292665 6.813545
v 5.433840 -5.520514 6.832566
v 5.524313 -5.668949 5.733351
v 5.764010 -6.003237 5.788105
v 5.634136 -5.799903 6.878322
v 6.334655 -6.212241 5.875585
v 6.676348 -5.881031 7.016132
v 6.138236 -5.981472 6.955376
v 6.917552 -6.103440 5.941397
v 7.271807 -5.515385 7.064769
v 7.546388 -5.717300 5.992761
v 8.144971 -5.002851 6.016310
v 7.919240 -4.742633 7.090240
v 8.599195 -5.135204 7.204965
v 8.840537 -5.404434 6.133667
v 8.767936 -4.842943 7.204965
v 9.121760 -4.917335 6.133667
v 8.426198 -4.515752 6.016310
v 8.087234 -4.449945 7.090116
v 8.730017 -3.705423 5.995554
v 8.417194 -3.569895 7.067574
v 8.412249 -2.793104 7.010198
v 8.724802 -2.886399 5.935058
v 8.141692 -2.121939 6.926927
v 8.436694 -2.171692 5.846384
v 7.891813 -1.674317 5.741097
v 7.632262 -1.656901 6.826467
v 7.311433 -1.466054 5.652440
v 7.092640 -1.463259 6.742258
v 6.678101 -1.480850 5.573377
v 6.502682 -1.477033 6.669244
v 5.936137 -1.812526 5.503720
v 5.795063 -1.793323 6.604300
v 5.029890 -2.554904 5.443279
v 4.840334 -2.575360 6.541806
v 2.765750 -1.247710 5.061269
v 2.391662 -1.161626 6.129150
v 0.987238 -0.350783 5.892192
v 1.146767 -0.312993 4.788111
v 2.214392 -1.448955 6.127708
v 4.592760 -2.951994 5.416975
v 4.581638 -2.815678 6.527114
v 2.484897 -1.735025 5.061332
v 4.306485 -3.212609 5.399789
v 4.180654 -3.180713 6.503042
v 4.050882 -3.436498 5.383801
v 3.917760 -3.410985 6.486599
v 3.753774 -3.625606 5.360021
v 3.597840 -3.614621 6.460993
v 3.445107 -3.701728 5.326523
v 3.257109 -3.698649 6.424015
v 3.097198 -3.695893 5.282072
v 2.877022 -3.692275 6.375453
v 2.822450 -3.602279 5.240466
v 2.563597 -3.585483 6.327990
v 2.550856 -3.354999 5.188032
v 2.260153 -3.309202 6.269406
v 2.037164 -2.883125 6.210060
v 2.347306 -2.966056 5.133858
v 2.296941 -2.428411 5.088205
v 1.982834 -2.303167 6.160814
v 8.090409 -4.321885 5.959655
v 6.347943 -3.315876 5.665663
v 7.950855 -4.371207 7.067105
v 5.960791 -3.222249 6.732409
v 6.327609 -2.876246 6.734415
v 6.592484 -3.074687 5.698935
v 6.639288 -2.652325 6.738942
v 6.880514 -2.858600 5.739543
v 7.214798 -2.411618 6.793508
v 7.412133 -2.635881 5.791614
v 7.722069 -2.512473 6.904122
v 7.867578 -2.731941 5.815299
v 8.126978 -2.987468 5.866792
v 8.024177 -2.810043 6.962327
v 8.262472 -3.382971 5.912833
v 8.174546 -3.248984 7.013424
v 8.256218 -3.850446 5.946195
v 8.167793 -3.754422 7.049496
v 2.650336 -4.604374 5.292914
v 2.370946 -4.709734 6.429815
v 2.451846 -5.022213 5.353968
v 2.531400 -4.368617 6.379972
v 0.302330 -2.631325 5.004615
v 1.094805 -2.639571 6.127327
v 1.129836 -2.762985 5.023854
v 0.189837 -2.495585 6.106287
v 0.302330 -3.019060 5.061269
v 0.870408 -2.781338 6.148041
v 0.189837 -2.652053 6.129149
v 0.836798 -3.120592 5.076106
v 1.258609 -3.305749 5.103160
v 1.316962 -2.977357 6.176683
v 1.532726 -3.520767 5.134580
v 1.622946 -3.217371 6.211754
v 2.212115 -5.181571 5.377252
v 2.168209 -4.844499 6.449506
v 1.946629 -5.234688 5.385014
v 1.945445 -4.889070 6.456019
v 1.672437 -4.840298 6.448892
v 1.629013 -5.177948 5.376722
v 1.459091 -4.695666 6.427759
v 1.377910 -5.007718 5.351849
v 1.214536 -4.765817 5.316502
v 1.320429 -4.490350 6.397758
v 1.196704 -4.341785 5.254544
v 1.305133 -4.140507 6.346641
v 1.501321 -3.932790 5.194783
v 1.591486 -3.770527 6.292580
v 1.624095 -3.711875 5.162503
v 1.750560 -3.484292 6.250756
v 4.944601 -4.165241 6.671641
v 4.180654 -3.180713 6.503042
v 2.080828 -1.371844 6.105174
v 0.987238 -0.350783 5.892192
v 0.818504 -0.643042 5.892191
v 7.919240 -4.742633 7.090240
v 8.599195 -5.135204 7.204965
v 8.767936 -4.842943 7.204965
v 8.087234 -4.449945 7.090116
v 1.781298 -2.984969 6.177796
v 1.869768 -3.134552 5.085740
v 8.174546 -3.248984 7.013424
v 8.167793 -3.754422 7.049496
v 8.417194 -3.569895 7.067574
v 8.412249 -2.793104 7.010198
v 6.790879 -5.449631 6.999108
v 7.271807 -5.515385 7.064769
v 7.211112 -5.331583 7.043660
v 6.676348 -5.881031 7.016132
v 6.608429 -5.185698 6.956738
v 6.138236 -5.981472 6.955376
v 6.373491 -4.866572 6.903694
v 5.634136 -5.799903 6.878322
v 6.085684 -4.728536 6.857190
v 5.433840 -5.520514 6.832566
v 5.862309 -4.753475 6.830744
v 5.415080 -5.292665 6.813545
v 5.501586 -5.053443 6.807014
v 5.657360 -4.865778 6.813015
v 3.917760 -3.410985 6.486599
v 4.491080 -4.517593 6.639994
v 3.597840 -3.614621 6.460993
v 4.130549 -4.683950 6.606525
v 3.677372 -4.762902 6.554948
v 3.257109 -3.698649 6.424015
v 2.877022 -3.692275 6.375453
v 3.189313 -4.722759 6.490255
v 2.723744 -4.534030 6.417553
v 1.982834 -2.303167 6.160814
v 2.214392 -1.448955 6.127708
v 1.766553 -2.445481 6.143843
v 0.870408 -2.781338 6.148041
v 1.316962 -2.977357 6.176683
v 1.094805 -2.639571 6.127327
v 1.781298 -2.984969 6.177796
v 2.037164 -2.883125 6.210060
v 1.622946 -3.217371 6.211754
v 1.750560 -3.484292 6.250756
v 2.260153 -3.309202 6.269406
v 2.563597 -3.585483 6.327990
v 1.591486 -3.770527 6.292580
v 2.531400 -4.368617 6.379972
v 2.650336 -4.604374 5.292914
v 2.531400 -4.368617 6.379972
v 1.305133 -4.140507 6.346641
v 2.370946 -4.709734 6.429815
v 1.320429 -4.490350 6.397758
v 1.459091 -4.695666 6.427759
v 2.168209 -4.844499 6.449506
v 1.945445 -4.889070 6.456019
v 1.672437 -4.840298 6.448892
v 0.189837 -2.495585 6.106287
v 0.189837 -2.652053 6.129149
v -0.147623 -6.698117 6.720350
v -0.147619 -9.098893 7.071145
v 0.189849 -6.773316 6.732409
v 0.189853 -9.071241 7.067105
v -0.147627 -5.375650 6.527115
v 0.189845 -5.479531 6.541807
v 1.344474 -5.915326 6.604300
v 0.672908 -6.917989 6.734416
v 1.578524 -8.354156 6.962327
v 2.233197 -8.111876 6.926927
v 1.685172 -7.943736 6.904123
v 2.381215 -7.438179 6.826467
v 1.518880 -7.454003 6.793509
v 2.279107 -6.874031 6.742258
v 1.972197 -6.370003 6.669243
v 1.022666 -7.075953 6.738943
v -0.260124 -2.631326 5.004614
v -0.147638 -1.030362 5.892191
v -0.260127 -1.149623 4.788111
v -0.147634 -2.487972 6.105174
v -1.278414 -2.879262 5.040841
v -1.234568 -2.752620 6.143844
v -2.678666 -4.854537 5.329463
v -2.495371 -5.123402 6.490256
v -2.564711 -4.625843 6.417554
v -2.604430 -5.387214 5.407296
v -2.286104 -5.566145 6.554948
v -2.381727 -5.858386 5.476143
v -1.991142 -5.919134 6.606526
v -2.068149 -6.233653 5.530977
v -1.721282 -6.478610 5.566770
v -1.666809 -6.148179 6.639994
v -1.174238 -6.701362 5.599318
v -1.134900 -6.364766 6.671641
v -0.260112 -7.010012 5.644417
v -0.147623 -6.698117 6.720350
v -0.147619 -9.098893 7.071145
v -0.260108 -9.191026 5.963101
v -0.956143 -9.039514 5.940963
v -1.011725 -8.910796 7.043661
v -0.260108 -9.191026 5.963101
v -0.147619 -9.098893 7.071145
v -1.324074 -8.605885 6.999108
v -1.188156 -8.813027 5.907868
v -1.085771 -8.596873 5.876285
v -1.186726 -8.315914 6.956738
v -0.916983 -8.203918 5.818867
v -1.027829 -7.952887 6.903693
v -1.107967 -7.600813 5.730742
v -1.185474 -7.453642 6.830745
v -1.052184 -7.634625 6.857190
v -0.946644 -7.819860 5.762750
v -1.385206 -7.332302 6.813015
v -1.345030 -7.456791 5.709699
v -1.625614 -7.291232 6.807014
v -1.626036 -7.408786 5.702685
v -1.920034 -7.461256 5.710351
v -1.876040 -7.335925 6.813545
v -2.147295 -7.618666 5.733351
v -2.063978 -7.466103 6.832565
v -2.205791 -7.779253 6.878322
v -2.316948 -7.993393 5.788105
v -2.212628 -8.592090 5.875586
v -1.754947 -8.722397 7.016132
v -2.110987 -8.306599 6.955376
v -1.826958 -9.042490 5.941397
v -1.178130 -9.394008 5.992760
v -1.140554 -9.055260 7.064769
v -0.260108 -9.555176 6.016310
v -0.147615 -9.229579 7.090241
v -0.147615 -10.014721 7.204964
v -0.260104 -10.358343 6.133667
v 0.302346 -9.555174 6.016310
v 0.189853 -9.228719 7.090116
v 0.189857 -10.014718 7.204965
v 0.302350 -10.358341 6.133667
v 1.116982 -9.074450 7.067573
v 1.156022 -9.413125 5.995554
v 1.787226 -8.681772 7.010198
v 1.862712 -8.999099 5.935058
v 2.337609 -8.392232 5.846385
v 2.233197 -8.111876 6.926927
v 2.495904 -7.671665 5.741097
v 2.381215 -7.438179 6.826467
v 2.386085 -7.064909 5.652440
v 2.279107 -6.874031 6.742258
v 2.056599 -6.523823 5.573377
v 1.972197 -6.370003 6.669243
v 1.344474 -5.915326 6.604300
v 1.398374 -6.047106 5.503720
v 0.302338 -5.633462 5.443279
v 0.189845 -5.479531 6.541807
v 0.189845 -5.479531 6.541807
v 0.302338 -5.633462 5.443279
v 0.189833 -1.030362 5.892192
v 0.302327 -1.149622 4.788111
v -0.260124 -3.019495 5.061332
v -0.260116 -5.453443 5.416975
v -0.147627 -5.375650 6.527115
v -0.147634 -2.642194 6.127708
v -0.628954 -5.335826 5.399789
v -0.664246 -5.210909 6.503042
v -0.995118 -5.098369 6.486599
v -0.950655 -5.226407 5.383800
v -1.331434 -4.923124 6.460992
v -1.262977 -5.063664 5.360021
v -1.574571 -4.670058 6.424014
v -1.483235 -4.834412 5.326523
v -1.652135 -4.530195 5.282071
v -1.759090 -4.337708 6.375453
v -1.708434 -4.245452 5.240466
v -1.823315 -4.012882 6.327990
v -1.630083 -3.886601 5.188032
v -1.735774 -3.611947 6.269406
v -1.395023 -3.515851 5.133858
v -1.478274 -3.205797 6.210060
v -1.003179 -2.868768 6.160814
v -0.954593 -3.203411 5.088205
v 0.189849 -6.773316 6.732409
v 0.189853 -9.071241 7.067105
v 0.302342 -7.155412 5.665663
v 0.302346 -9.167439 5.959655
v 0.633492 -7.246601 5.698935
v 0.672908 -6.917989 6.734416
v 0.964639 -7.387997 5.739544
v 1.022666 -7.075953 6.738943
v 1.423326 -7.737032 5.791613
v 1.518880 -7.454003 6.793509
v 1.685172 -7.943736 6.904123
v 1.567862 -8.179488 5.815299
v 1.578524 -8.354156 6.962327
v 1.476268 -8.531903 5.866792
v 1.201500 -8.846992 5.912832
v 1.273579 -8.703854 7.013424
v 0.793529 -9.075317 5.946195
v 0.832472 -8.950721 7.049495
v -2.893276 -4.408159 6.429815
v -2.662333 -4.597445 5.292914
v -2.517629 -4.376561 6.379973
v -3.123437 -4.634465 5.353968
v -2.127630 -1.577484 5.004614
v -2.066320 -1.412194 6.106287
v -1.738530 -2.267910 6.127326
v -1.827896 -2.359951 5.023853
v -2.463415 -1.771353 5.061269
v -1.973503 -2.144462 6.148041
v -2.201823 -1.490428 6.129148
v -2.284112 -2.284979 5.076106
v -2.233557 -2.742859 5.103161
v -1.919984 -2.629197 6.176683
v -2.282709 -3.087757 5.134579
v -1.974852 -3.014190 6.211753
v -3.111353 -4.299971 6.449507
v -3.381309 -4.506533 5.377252
v -3.560058 -4.303171 5.385014
v -3.261336 -4.129333 6.456019
v -3.669725 -3.999737 5.376723
v -3.355601 -3.868519 6.448893
v -3.647851 -3.697165 5.351849
v -3.337017 -3.611443 6.427760
v -3.228543 -3.388693 6.397758
v -3.520048 -3.434721 5.316502
v -3.161741 -3.207268 5.254544
v -2.933216 -3.200529 6.346641
v -2.655233 -3.266576 5.194783
v -2.469624 -3.263530 6.292580
v -2.402528 -3.262440 5.162503
v -2.142202 -3.258172 6.250756
v -0.664246 -5.210909 6.503042
v -1.134900 -6.364766 6.671641
v 0.189833 -1.030362 5.892192
v -0.147634 -2.487972 6.105174
v -0.147638 -1.030362 5.892191
v -0.147615 -9.229579 7.090241
v 0.189857 -10.014718 7.204965
v 0.189853 -9.228719 7.090116
v -0.147615 -10.014721 7.204964
v -1.779717 -3.186535 5.085739
v -1.694408 -3.035131 6.177796
v 0.832472 -8.950721 7.049495
v 1.116982 -9.074450 7.067573
v 1.273579 -8.703854 7.013424
v 1.787226 -8.681772 7.010198
v -1.140554 -9.055260 7.064769
v -1.324074 -8.605885 6.999108
v -1.754947 -8.722397 7.016132
v -1.011725 -8.910796 7.043661
v -1.186726 -8.315914 6.956738
v -2.110987 -8.306599 6.955376
v -2.205791 -7.779253 6.878322
v -1.027829 -7.952887 6.903693
v -2.063978 -7.466103 6.832565
v -1.052184 -7.634625 6.857190
v -1.185474 -7.453642 6.830745
v -1.876040 -7.335925 6.813545
v -1.625614 -7.291232 6.807014
v -1.385206 -7.332302 6.813015
v -0.995118 -5.098369 6.486599
v -1.666809 -6.148179 6.639994
v -1.331434 -4.923124 6.460992
v -1.991142 -5.919134 6.606526
v -1.574571 -4.670058 6.424014
v -2.286104 -5.566145 6.554948
v -2.495371 -5.123402 6.490256
v -1.759090 -4.337708 6.375453
v -2.564711 -4.625843 6.417554
v -1.003179 -2.868768 6.160814
v -1.234568 -2.752620 6.143844
v -0.147634 -2.642194 6.127708
v -1.973503 -2.144462 6.148041
v -1.919984 -2.629197 6.176683
v -1.738530 -2.267910 6.127326
v -1.694408 -3.035131 6.177796
v -1.478274 -3.205797 6.210060
v -1.974852 -3.014190 6.211753
v -1.735774 -3.611947 6.269406
v -2.142202 -3.258172 6.250756
v -1.823315 -4.012882 6.327990
v -2.469624 -3.263530 6.292580
v -2.662333 -4.597445 5.292914
v -2.517629 -4.376561 6.379973
v -2.517629 -4.376561 6.379973
v -2.933216 -3.200529 6.346641
v -2.893276 -4.408159 6.429815
v -3.228543 -3.388693 6.397758
v -3.337017 -3.611443 6.427760
v -3.111353 -4.299971 6.449507
v -3.261336 -4.129333 6.456019
v -3.355601 -3.868519 6.448893
v -2.066320 -1.412194 6.106287
v -2.201823 -1.490428 6.129148
v -7.760995 -4.700037 7.067105
v -5.770938 -3.551069 6.732409
v -7.953677 -4.421603 7.071146
v -5.874548 -3.221210 6.720351
v -4.650487 -2.904174 6.541807
v -4.729262 -2.559974 6.527114
v -4.450585 -4.122005 6.604300
v -5.654697 -4.041747 6.734416
v -5.908492 -5.989941 6.926927
v -6.036891 -5.431267 6.904123
v -6.445649 -5.544117 6.962327
v -5.251040 -5.781280 6.826467
v -4.813532 -5.410774 6.742258
v -5.695912 -5.042387 6.793509
v -4.530483 -4.892972 6.669243
v -5.616619 -4.423628 6.738944
v -2.408856 -1.090387 5.004615
v -0.966135 -0.387320 5.892191
v -1.125664 -0.349531 4.788111
v -2.228461 -1.116128 6.105174
v -3.132719 -0.332488 5.040842
v -3.001119 -0.307141 6.143844
v -5.967678 -0.438102 5.407296
v -5.684680 -0.400646 6.490256
v -5.543483 -0.107474 5.329463
v -5.288452 -0.091815 6.417553
v -6.264373 -0.866554 5.476144
v -5.963473 -0.803245 6.554948
v -6.432572 -1.325755 5.530977
v -6.121688 -1.235186 6.606527
v -6.157880 -1.630588 6.639994
v -6.471279 -1.748627 5.566769
v -6.079497 -2.199527 6.671642
v -6.390664 -2.333759 5.599318
v -5.874548 -3.221210 6.720351
v -6.200904 -3.279739 5.644417
v -8.089711 -4.370251 5.963101
v -7.953677 -4.421603 7.071146
v -8.222836 -3.579215 7.043661
v -8.089711 -4.370251 5.963101
v -8.306516 -3.691710 5.940962
v -7.953677 -4.421603 7.071146
v -8.226381 -3.377539 5.907869
v -8.114950 -3.156258 6.999109
v -7.987992 -3.358129 5.876285
v -7.795156 -3.130219 6.956738
v -7.563290 -3.307825 5.818867
v -7.401311 -3.086317 6.903694
v -7.136478 -2.840878 5.730743
v -7.047779 -2.700169 6.830744
v -7.137870 -2.906092 6.857190
v -7.245514 -3.090110 5.762750
v -7.130281 -2.563563 5.709699
v -7.042559 -2.466527 6.813015
v -7.229213 -2.296201 5.702684
v -7.127197 -2.237791 6.807014
v -7.421651 -2.067827 5.710351
v -7.291117 -2.043263 6.813545
v -7.671605 -1.949720 5.733352
v -7.497821 -1.945589 6.832565
v -7.839925 -1.979354 6.878323
v -8.080952 -1.990157 5.788105
v -8.249217 -2.325127 6.955377
v -8.744500 -2.939051 5.941397
v -8.431287 -2.841370 7.016132
v -8.547279 -2.379850 5.875586
v -8.724514 -3.676711 5.992761
v -8.412359 -3.539877 7.064769
v -8.066853 -4.486946 7.090241
v -8.405075 -4.552326 6.016310
v -9.100637 -4.953912 6.133667
v -8.746806 -4.879520 7.204964
v -8.578069 -5.171778 7.204964
v -8.123848 -5.039423 6.016310
v -7.897375 -4.778776 7.090115
v -8.819411 -5.441010 6.133667
v -7.573991 -5.707705 5.995554
v -7.300210 -5.504556 7.067575
v -6.862088 -6.112702 5.935059
v -6.625018 -5.888669 7.010198
v -6.099081 -6.220543 5.846385
v -5.908492 -5.989941 6.926927
v -5.395899 -5.997350 5.741097
v -5.251040 -5.781280 6.826467
v -4.813532 -5.410774 6.742258
v -4.925346 -5.598856 5.652439
v -4.621493 -5.042974 5.573377
v -4.530483 -4.892972 6.669243
v -4.537754 -4.234581 5.503721
v -4.450585 -4.122005 6.604300
v -4.727552 -3.078560 5.443279
v -4.650487 -2.904174 6.541807
v -4.650487 -2.904174 6.541807
v -4.727552 -3.078560 5.443279
v -0.797401 -0.679579 5.892191
v -0.844437 -0.836629 4.788111
v -4.729262 -2.559974 6.527114
v -2.745018 -1.284472 5.061333
v -4.852878 -2.501452 5.416975
v -2.362022 -1.193240 6.127709
v -4.844902 -2.030197 6.503043
v -4.935435 -2.123219 5.399789
v -5.001528 -1.789912 5.383801
v -4.912875 -1.687386 6.486599
v -5.016747 -1.438060 5.360021
v -4.929265 -1.308506 6.460992
v -4.928339 -1.132685 5.326523
v -4.831670 -0.971410 6.424015
v -4.749330 -0.834304 5.282072
v -4.636108 -0.645435 6.375453
v -4.386914 -0.427400 6.327990
v -4.530886 -0.643174 5.240466
v -4.180934 -0.531604 5.188031
v -3.995923 -0.302745 6.269406
v -3.742326 -0.549796 5.133858
v -3.515437 -0.322674 6.210061
v -3.251530 -0.775002 5.088205
v -2.986015 -0.565603 6.160814
v -5.770938 -3.551069 6.732409
v -7.788059 -4.845555 5.959655
v -6.045596 -3.839537 5.665663
v -7.760995 -4.700037 7.067105
v -5.958992 -4.171916 5.698935
v -5.654697 -4.041747 6.734416
v -5.915868 -4.529398 5.739543
v -5.616619 -4.423628 6.738944
v -5.988797 -5.101151 5.791614
v -5.695912 -5.042387 6.793509
v -6.299712 -5.447548 5.815299
v -6.036891 -5.431267 6.904123
v -6.445649 -5.544117 6.962327
v -6.650706 -5.544437 5.866792
v -6.900967 -5.454871 7.013424
v -7.060968 -5.464024 5.912832
v -7.335312 -5.196302 7.049495
v -7.462687 -5.224873 5.946195
v -5.575284 0.387746 5.353967
v -5.049025 -0.007946 6.379972
v -5.264213 0.301573 6.429815
v -5.312667 0.006927 5.292914
v -2.957726 0.403032 5.023854
v -2.833331 0.371660 6.127327
v -2.391660 1.161625 6.129149
v -3.120902 0.835611 5.076106
v -2.843908 0.636875 6.148041
v -2.765742 1.247708 5.061269
v -3.236942 0.348158 6.176683
v -3.492163 0.562890 5.103161
v -3.815430 0.433009 5.134580
v -3.597788 0.203178 6.211754
v -5.279557 0.544527 6.449506
v -5.593426 0.675036 5.377252
v -5.206775 0.759735 6.456018
v -5.506683 0.931516 5.385014
v -5.028034 0.971778 6.448893
v -5.298734 1.178208 5.376722
v -5.025763 1.310552 5.351849
v -4.796106 1.084221 6.427760
v -4.734579 1.331094 5.316503
v -4.548962 1.101656 6.397758
v -4.238346 0.939977 6.346641
v -4.358443 1.134515 5.254544
v -4.156553 0.666212 5.194783
v -4.061112 0.506995 6.292580
v -4.026619 0.449433 5.162503
v -3.892758 0.226119 6.250756
v -6.079497 -2.199527 6.671642
v -4.844902 -2.030197 6.503043
v -2.228461 -1.116128 6.105174
v -0.797401 -0.679579 5.892191
v -0.966135 -0.387320 5.892191
v -8.066853 -4.486946 7.090241
v -8.746806 -4.879520 7.204964
v -8.578069 -5.171778 7.204964
v -7.897375 -4.778776 7.090115
v -3.649479 -0.051984 5.085740
v -3.475703 -0.050163 6.177796
v -6.900967 -5.454871 7.013424
v -7.335312 -5.196302 7.049495
v -7.300210 -5.504556 7.067575
v -6.625018 -5.888669 7.010198
v -8.114950 -3.156258 6.999109
v -8.412359 -3.539877 7.064769
v -8.222836 -3.579215 7.043661
v -8.431287 -2.841370 7.016132
v -7.795156 -3.130219 6.956738
v -8.249217 -2.325127 6.955377
v -7.401311 -3.086317 6.903694
v -7.839925 -1.979354 6.878323
v -7.137870 -2.906092 6.857190
v -7.497821 -1.945589 6.832565
v -7.047779 -2.700169 6.830744
v -7.291117 -2.043263 6.813545
v -7.127197 -2.237791 6.807014
v -7.042559 -2.466527 6.813015
v -4.912875 -1.687386 6.486599
v -6.157880 -1.630588 6.639994
v -4.929265 -1.308506 6.460992
v -6.121688 -1.235186 6.606527
v -5.963473 -0.803245 6.554948
v -4.831670 -0.971410 6.424015
v -4.636108 -0.645435 6.375453
v -5.684680 -0.400646 6.490256
v -5.288452 -0.091815 6.417553
v -2.986015 -0.565603 6.160814
v -2.362022 -1.193240 6.127709
v -3.001119 -0.307141 6.143844
v -2.843908 0.636875 6.148041
v -3.236942 0.348158 6.176683
v -2.833331 0.371660 6.127327
v -3.475703 -0.050163 6.177796
v -3.515437 -0.322674 6.210061
v -3.597788 0.203178 6.211754
v -3.892758 0.226119 6.250756
v -3.995923 -0.302745 6.269406
v -4.386914 -0.427400 6.327990
v -4.061112 0.506995 6.292580
v -5.312667 0.006927 5.292914
v -5.049025 -0.007946 6.379972
v -5.049025 -0.007946 6.379972
v -4.238346 0.939977 6.346641
v -5.264213 0.301573 6.429815
v -4.548962 1.101656 6.397758
v -4.796106 1.084221 6.427760
v -5.279557 0.544527 6.449506
v -5.206775 0.759735 6.456018
v -5.028034 0.971778 6.448893
vt 0.0206 0.2192
vt 0.0078 0.2197
vt 0.0063 0.1450
vt 0.0449 0.1436
vt 0.0579 0.1436
vt 0.0461 0.2188
vt 0.0333 0.2192
vt 0.0320 0.1440
vt 0.0190 0.1440
vt 0.0048 0.1323
vt 0.0182 0.1313
vt 0.0316 0.1313
vt 0.0447 0.1309
vt 0.0578 0.1309
vt 0.0707 0.1309
vt 0.0709 0.1431
vt 0.0837 0.1309
vt 0.0839 0.1431
vt 0.0967 0.1304
vt 0.0968 0.1431
vt 0.1097 0.1304
vt 0.1098 0.1431
vt 0.1227 0.1304
vt 0.1100 0.2183
vt 0.1227 0.2183
vt 0.0972 0.2183
vt 0.0844 0.2183
vt 0.0717 0.2188
vt 0.0589 0.2188
vt 0.1738 0.2188
vt 0.1610 0.2183
vt 0.1746 0.1431
vt 0.1616 0.1431
vt 0.1483 0.2183
vt 0.1487 0.1431
vt 0.1355 0.2183
vt 0.1356 0.1431
vt 0.1227 0.1431
vt 0.1747 0.1309
vt 0.1616 0.1309
vt 0.1487 0.1304
vt 0.1356 0.1304
vt 0.2377 0.2197
vt 0.2249 0.2192
vt 0.2393 0.1450
vt 0.2264 0.1440
vt 0.2122 0.2192
vt 0.2135 0.1440
vt 0.1993 0.2188
vt 0.2006 0.1436
vt 0.1866 0.2188
vt 0.1875 0.1436
vt 0.2407 0.1323
vt 0.2272 0.1313
vt 0.2139 0.1313
vt 0.2007 0.1309
vt 0.1876 0.1309
vt 0.1973 0.9194
vt 0.2375 0.8894
vt 0.2404 0.9191
vt 0.2844 0.9190
vt 0.2849 0.9370
vt 0.2411 0.9372
vt 0.1990 0.9371
vt 0.1592 0.9401
vt 0.1558 0.9224
vt 0.1219 0.9468
vt 0.1166 0.9293
vt 0.0870 0.9589
vt 0.0809 0.9421
vt 0.3296 0.9372
vt 0.1057 0.9003
vt 0.1486 0.8931
vt 0.0656 0.9150
vt 0.0933 0.8673
vt 0.1401 0.8604
vt 0.1927 0.8901
vt 0.1873 0.8575
vt 0.2340 0.8568
vt 0.1825 0.8258
vt 0.2310 0.8251
vt 0.0240 0.7964
vt 0.0836 0.8337
vt 0.0335 0.8447
vt 0.0476 0.8820
vt 0.2285 0.6897
vt 0.1788 0.6895
vt 0.2308 0.6501
vt 0.1772 0.7378
vt 0.1260 0.7378
vt 0.1788 0.7861
vt 0.1282 0.7875
vt 0.1334 0.8281
vt 0.0765 0.7906
vt 0.0737 0.7378
vt 0.1281 0.6880
vt 0.1824 0.6497
vt 0.2339 0.6184
vt 0.2786 0.6501
vt 0.1870 0.6179
vt 0.1925 0.5854
vt 0.1333 0.6475
vt 0.0764 0.6848
vt 0.0205 0.7378
vt 0.0239 0.6794
vt 0.0835 0.6418
vt 0.1400 0.6152
vt 0.1483 0.5825
vt 0.1970 0.5559
vt 0.1555 0.5530
vt 0.1588 0.5354
vt 0.1987 0.5381
vt 0.1163 0.5461
vt 0.1054 0.5752
vt 0.1216 0.5288
vt 0.0867 0.5166
vt 0.0806 0.5334
vt 0.0654 0.5605
vt 0.0931 0.6082
vt 0.0333 0.6309
vt 0.0474 0.5938
vt 0.3184 0.6646
vt 0.3340 0.6372
vt 0.3477 0.6689
vt 0.3457 0.6399
vt 0.3799 0.6096
vt 0.3809 0.5999
vt 0.3901 0.6162
vt 0.3735 0.5991
vt 0.3635 0.5857
vt 0.3616 0.5889
vt 0.3550 0.5842
vt 0.3262 0.6348
vt 0.3103 0.6626
vt 0.2847 0.7239
vt 0.2776 0.7200
vt 0.2625 0.7053
vt 0.2563 0.7048
vt 0.2566 0.6926
vt 0.2756 0.7234
vt 0.2827 0.7271
vt 0.3003 0.7292
vt 0.3032 0.7349
vt 0.3118 0.7307
vt 0.3215 0.7361
vt 0.3210 0.7295
vt 0.2654 0.7577
vt 0.2583 0.7537
vt 0.3123 0.7729
vt 0.3086 0.7729
vt 0.3176 0.7526
vt 0.3147 0.7471
vt 0.3257 0.7412
vt 0.3354 0.7351
vt 0.3269 0.7253
vt 0.3450 0.7329
vt 0.3271 0.7175
vt 0.3538 0.7163
vt 0.2737 0.7731
vt 0.2737 0.7811
vt 0.3088 0.7810
vt 0.3259 0.8152
vt 0.3325 0.8182
vt 0.3284 0.8304
vt 0.3181 0.8252
vt 0.3203 0.8190
vt 0.3203 0.8079
vt 0.3123 0.8025
vt 0.3157 0.7972
vt 0.3125 0.7810
vt 0.3779 0.7727
vt 0.3806 0.7808
vt 0.3740 0.7604
vt 0.3713 0.7526
vt 0.4016 0.7493
vt 0.4099 0.7726
vt 0.4116 0.7806
vt 0.3911 0.8082
vt 0.4150 0.7921
vt 0.4189 0.8004
vt 0.4021 0.8231
vt 0.4280 0.8123
vt 0.4707 0.7805
vt 0.4641 0.7959
vt 0.4670 0.7805
vt 0.4675 0.7725
vt 0.4141 0.8304
vt 0.4277 0.8328
vt 0.4399 0.8163
vt 0.4441 0.8292
vt 0.4497 0.8137
vt 0.4578 0.8186
vt 0.4583 0.8064
vt 0.4670 0.8026
vt 0.4897 0.7725
vt 0.4897 0.7805
vt 0.4707 0.7725
vt 0.4631 0.7520
vt 0.4666 0.7490
vt 0.4556 0.7446
vt 0.4585 0.7344
vt 0.4487 0.7478
vt 0.4485 0.7258
vt 0.4358 0.7236
vt 0.4399 0.7516
vt 0.4282 0.7271
vt 0.4324 0.7511
vt 0.4280 0.7480
vt 0.4250 0.7314
vt 0.4241 0.7375
vt 0.4250 0.7432
vt 0.4202 0.9196
vt 0.3748 0.9196
vt 0.4202 0.8902
vt 0.4202 0.8575
vt 0.4668 0.8574
vt 0.3748 0.9374
vt 0.3293 0.9193
vt 0.4202 0.9375
vt 0.4658 0.9195
vt 0.4661 0.8901
vt 0.5117 0.8898
vt 0.5132 0.8572
vt 0.5576 0.8894
vt 0.6094 0.8251
vt 0.6064 0.8567
vt 0.5615 0.8251
vt 0.5596 0.8568
vt 0.5142 0.8253
vt 0.4673 0.8256
vt 0.4202 0.8257
vt 0.3738 0.8574
vt 0.6611 0.7859
vt 0.6631 0.7375
vt 0.7144 0.7375
vt 0.6118 0.7856
vt 0.5630 0.7856
vt 0.5151 0.7858
vt 0.4675 0.7859
vt 0.4202 0.7859
vt 0.6118 0.6895
vt 0.6611 0.6892
vt 0.6128 0.7375
vt 0.5640 0.7375
vt 0.5156 0.7375
vt 0.4678 0.7375
vt 0.4202 0.7375
vt 0.4666 0.6177
vt 0.4670 0.6494
vt 0.4202 0.6494
vt 0.4202 0.6892
vt 0.4675 0.6892
vt 0.5151 0.6892
vt 0.4202 0.6177
vt 0.5142 0.6497
vt 0.5132 0.6179
vt 0.5630 0.6895
vt 0.5615 0.6499
vt 0.5596 0.6182
vt 0.5576 0.5857
vt 0.5117 0.5852
vt 0.6094 0.6499
vt 0.6064 0.6184
vt 0.6025 0.5857
vt 0.5557 0.5562
vt 0.5107 0.5559
vt 0.6475 0.5852
vt 0.4661 0.5850
vt 0.4202 0.5850
vt 0.4656 0.5557
vt 0.4656 0.5376
vt 0.5107 0.5378
vt 0.5557 0.5381
vt 0.6001 0.5562
vt 0.5991 0.5381
vt 0.4202 0.5376
vt 0.3745 0.5376
vt 0.3745 0.5557
vt 0.4202 0.5554
vt 0.3740 0.5850
vt 0.3735 0.6177
vt 0.3728 0.6892
vt 0.3726 0.7375
vt 0.3250 0.6895
vt 0.3259 0.6499
vt 0.3730 0.6497
vt 0.3271 0.6179
vt 0.3281 0.5854
vt 0.3291 0.5559
vt 0.2842 0.5562
vt 0.2827 0.5857
vt 0.2805 0.6184
vt 0.2771 0.6895
vt 0.2373 0.5859
vt 0.2401 0.5562
vt 0.3293 0.5378
vt 0.2847 0.5383
vt 0.2408 0.5381
vt 0.7930 0.8815
vt 0.7471 0.8671
vt 0.8071 0.8444
vt 0.7749 0.9147
vt 0.7349 0.9000
vt 0.7568 0.8334
vt 0.8164 0.7959
vt 0.7002 0.8601
vt 0.6919 0.8928
vt 0.7241 0.9290
vt 0.7598 0.9417
vt 0.7534 0.9585
vt 0.7188 0.9465
vt 0.6475 0.8898
vt 0.6030 0.8893
vt 0.6533 0.8572
vt 0.7070 0.8278
vt 0.7637 0.7903
vt 0.7119 0.7871
vt 0.6577 0.8254
vt 0.7666 0.7375
vt 0.7119 0.6877
vt 0.8198 0.7375
vt 0.7637 0.6846
vt 0.7070 0.6472
vt 0.7568 0.6416
vt 0.8164 0.6790
vt 0.8066 0.6306
vt 0.7471 0.6079
vt 0.7930 0.5933
vt 0.7002 0.6150
vt 0.6533 0.6177
vt 0.6577 0.6497
vt 0.7749 0.5603
vt 0.7349 0.5750
vt 0.6919 0.5823
vt 0.7236 0.5459
vt 0.6846 0.5527
vt 0.6431 0.5559
vt 0.6416 0.5381
vt 0.6812 0.5352
vt 0.7183 0.5286
vt 0.7534 0.5164
vt 0.7593 0.5332
vt 0.1241 0.5703
vt 0.1310 0.5664
vt 0.1337 0.5867
vt 0.1406 0.5828
vt 0.1067 0.6167
vt 0.1153 0.6023
vt 0.1170 0.6140
vt 0.1198 0.6038
vt 0.1353 0.5896
vt 0.1426 0.5859
vt 0.1572 0.5808
vt 0.1616 0.5747
vt 0.1693 0.5806
vt 0.1802 0.5747
vt 0.1707 0.6338
vt 0.1646 0.6394
vt 0.1788 0.6250
vt 0.2048 0.6377
vt 0.1864 0.6609
vt 0.1808 0.6670
vt 0.1483 0.6584
vt 0.1721 0.6768
vt 0.1667 0.6831
vt 0.1400 0.6694
vt 0.1619 0.6907
vt 0.1361 0.6780
vt 0.1344 0.6890
vt 0.1600 0.6990
vt 0.1355 0.7007
vt 0.1603 0.7083
vt 0.1401 0.7119
vt 0.1442 0.7166
vt 0.1630 0.7158
vt 0.1858 0.7509
vt 0.1892 0.7725
vt 0.1824 0.7562
vt 0.1777 0.7456
vt 0.1776 0.7346
vt 0.1720 0.7383
vt 0.1799 0.7283
vt 0.1697 0.7229
vt 0.1655 0.7351
vt 0.1586 0.7390
vt 0.1906 0.7346
vt 0.1938 0.7295
vt 0.2161 0.7271
vt 0.2141 0.7239
vt 0.2229 0.7227
vt 0.2407 0.7531
vt 0.2338 0.7572
vt 0.2439 0.6907
vt 0.2500 0.6936
vt 0.2405 0.6992
vt 0.2399 0.7090
vt 0.2335 0.7087
vt 0.2209 0.7195
vt 0.2583 0.6401
vt 0.2642 0.6653
vt 0.2510 0.6497
vt 0.2489 0.6555
vt 0.2590 0.6714
vt 0.2367 0.6794
vt 0.2434 0.6836
vt 0.2561 0.6809
vt 0.2262 0.6750
vt 0.2415 0.6504
vt 0.2223 0.6675
vt 0.2227 0.6616
vt 0.2356 0.6499
vt 0.2305 0.6516
vt 0.2253 0.6560
vt 0.5942 0.1187
vt 0.6040 0.1177
vt 0.5986 0.1479
vt 0.6079 0.1475
vt 0.6138 0.1172
vt 0.6162 0.1470
vt 0.6235 0.1167
vt 0.6255 0.1465
vt 0.6328 0.1162
vt 0.6348 0.1460
vt 0.6475 0.1157
vt 0.6450 0.1455
vt 0.7202 0.1270
vt 0.7095 0.1558
vt 0.5239 0.1348
vt 0.5464 0.1274
vt 0.5371 0.1616
vt 0.5557 0.1562
vt 0.5615 0.1235
vt 0.5693 0.1523
vt 0.5811 0.1504
vt 0.5742 0.1211
vt 0.5850 0.1196
vt 0.5908 0.1489
vt 0.8594 0.4722
vt 0.8433 0.4731
vt 0.8550 0.4429
vt 0.8394 0.4438
vt 0.8262 0.4741
vt 0.8237 0.4448
vt 0.8042 0.4746
vt 0.8032 0.4448
vt 0.7729 0.4746
vt 0.7700 0.4453
vt 0.7031 0.4824
vt 0.6943 0.4536
vt 0.9644 0.4536
vt 0.9429 0.4546
vt 0.9575 0.4243
vt 0.9365 0.4253
vt 0.9209 0.4614
vt 0.9126 0.4326
vt 0.8994 0.4663
vt 0.8926 0.4370
vt 0.8735 0.4404
vt 0.8794 0.4697
vt 0.6421 0.0659
vt 0.6533 0.0654
vt 0.6421 0.0952
vt 0.6514 0.0952
vt 0.6694 0.0659
vt 0.6660 0.0957
vt 0.6802 0.0972
vt 0.6855 0.0674
vt 0.6987 0.1001
vt 0.7046 0.0708
vt 0.7290 0.0757
vt 0.7251 0.1055
vt 0.7461 0.1050
vt 0.7505 0.0757
vt 0.2886 0.4683
vt 0.2969 0.4399
vt 0.3008 0.4712
vt 0.3079 0.4424
vt 0.3140 0.4736
vt 0.3201 0.4448
vt 0.3333 0.4473
vt 0.3311 0.4771
vt 0.3872 0.4482
vt 0.3928 0.4780
vt 0.2274 0.4448
vt 0.2448 0.4199
vt 0.2396 0.4502
vt 0.2527 0.4243
vt 0.2491 0.4541
vt 0.2612 0.4287
vt 0.2644 0.4604
vt 0.2754 0.4351
vt 0.2776 0.4658
vt 0.2874 0.4375
vt 0.5483 0.1069
vt 0.5498 0.0771
vt 0.5718 0.1050
vt 0.5684 0.0757
vt 0.5771 0.0747
vt 0.5835 0.1040
vt 0.5918 0.1021
vt 0.5835 0.0732
vt 0.6021 0.0996
vt 0.5947 0.0708
vt 0.6050 0.0693
vt 0.6108 0.0981
vt 0.6118 0.0684
vt 0.6167 0.0972
vt 0.6191 0.0674
vt 0.6230 0.0967
vt 0.6294 0.0962
vt 0.6270 0.0669
vt 0.6362 0.0957
vt 0.6348 0.0659
vt 0.2571 0.5906
vt 0.2615 0.5833
vt 0.2617 0.5940
vt 0.2671 0.5872
vt 0.2661 0.5977
vt 0.2720 0.5916
vt 0.2766 0.5964
vt 0.2700 0.6018
vt 0.2805 0.6018
vt 0.2732 0.6064
vt 0.2296 0.5747
vt 0.2355 0.5835
vt 0.2297 0.5833
vt 0.2363 0.5750
vt 0.2412 0.5845
vt 0.2429 0.5759
vt 0.2494 0.5776
vt 0.2467 0.5859
vt 0.2556 0.5801
vt 0.2520 0.5879
vt 0.6357 0.9153
vt 0.6138 0.8892
vt 0.6782 0.8729
vt 0.6621 0.9373
vt 0.6963 0.8881
vt 0.7515 0.8621
vt 0.7368 0.8568
vt 0.7622 0.8218
vt 0.7427 0.8952
vt 0.7227 0.8879
vt 0.7168 0.8999
vt 0.6919 0.9543
vt 0.6523 0.9515
vt 0.6235 0.9277
vt 0.7666 0.8646
vt 0.7637 0.8989
vt 0.7393 0.9080
vt 0.7236 0.9659
vt 0.6846 0.9701
vt 0.7573 0.9717
vt 0.7559 0.9891
vt 0.7930 0.9890
vt 0.7192 0.9827
vt 0.8574 0.9539
vt 0.8970 0.9511
vt 0.8647 0.9697
vt 0.8252 0.9657
vt 0.8296 0.9825
vt 0.7915 0.9717
vt 0.7627 0.9121
vt 0.7861 0.9120
vt 0.8096 0.9079
vt 0.8867 0.9368
vt 0.9253 0.9271
vt 0.8320 0.8997
vt 0.8062 0.8951
vt 0.7852 0.8989
vt 0.8525 0.8878
vt 0.8262 0.8878
vt 0.7974 0.8619
vt 0.7822 0.8646
vt 0.7783 0.8232
vt 0.7939 0.8190
vt 0.8076 0.8096
vt 0.8252 0.8489
vt 0.8115 0.8566
vt 0.8447 0.8770
vt 0.8706 0.8726
vt 0.9131 0.9149
vt 0.8857 0.8544
vt 0.9351 0.8886
vt 0.9521 0.8590
vt 0.9634 0.8269
vt 0.9058 0.8115
vt 0.9692 0.7932
vt 0.9868 0.7948
vt 0.9805 0.8314
vt 0.9678 0.8663
vt 0.9492 0.8986
vt 0.9868 0.7576
vt 0.8926 0.7446
vt 0.8623 0.7687
vt 0.8594 0.7535
vt 0.8965 0.7656
vt 0.8623 0.7841
vt 0.8965 0.7870
vt 0.9097 0.7644
vt 0.9097 0.7882
vt 0.9692 0.7592
vt 0.9805 0.7209
vt 0.9517 0.6934
vt 0.8975 0.7190
vt 0.9346 0.6638
vt 0.9058 0.7412
vt 0.9634 0.7256
vt 0.9673 0.6860
vt 0.9487 0.6538
vt 0.9126 0.6377
vt 0.9248 0.6255
vt 0.8965 0.6016
vt 0.8862 0.6160
vt 0.8643 0.5830
vt 0.8521 0.6650
vt 0.8701 0.6802
vt 0.8857 0.6982
vt 0.8853 0.7246
vt 0.8545 0.7390
vt 0.8193 0.7643
vt 0.8125 0.7498
vt 0.8608 0.6897
vt 0.8745 0.7061
vt 0.8467 0.7258
vt 0.8364 0.7139
vt 0.8013 0.7380
vt 0.8247 0.7041
vt 0.8247 0.5872
vt 0.8569 0.5989
vt 0.8091 0.6450
vt 0.8315 0.6531
vt 0.8447 0.6758
vt 0.8115 0.6963
vt 0.8257 0.6653
vt 0.8057 0.6580
vt 0.7847 0.6543
vt 0.7856 0.6411
vt 0.7910 0.5813
vt 0.7622 0.6411
vt 0.7568 0.5813
vt 0.7554 0.5640
vt 0.7925 0.5640
vt 0.8291 0.5703
vt 0.7188 0.5706
vt 0.7231 0.5874
vt 0.6836 0.5833
vt 0.7388 0.6453
vt 0.6909 0.5991
vt 0.6514 0.6021
vt 0.7163 0.6533
vt 0.7422 0.6580
vt 0.7632 0.6543
vt 0.7510 0.6912
vt 0.7661 0.6885
vt 0.7222 0.6653
vt 0.7368 0.6965
vt 0.7544 0.7341
vt 0.7700 0.7300
vt 0.7817 0.6885
vt 0.7969 0.6912
vt 0.7861 0.7312
vt 0.6431 0.5200
vt 0.6382 0.5222
vt 0.6343 0.5144
vt 0.6406 0.5120
vt 0.6489 0.5186
vt 0.6470 0.5100
vt 0.6538 0.5090
vt 0.6543 0.5178
vt 0.6602 0.5088
vt 0.6602 0.5176
vt 0.6167 0.5408
vt 0.6094 0.5361
vt 0.6201 0.5361
vt 0.6133 0.5308
vt 0.6240 0.5320
vt 0.6177 0.5256
vt 0.6230 0.5212
vt 0.6284 0.5281
vt 0.6284 0.5176
vt 0.6328 0.5249
vt 0.8750 0.8468
vt 0.8613 0.8633
vt 0.8467 0.8271
vt 0.8369 0.8390
vt 0.8975 0.8339
vt 0.8857 0.8282
vt 0.8545 0.8137
vt 0.8931 0.8081
vt 0.8599 0.7993
vt 0.8169 0.7963
vt 0.8208 0.7805
vt 0.6895 0.5010
vt 0.6943 0.4980
vt 0.6997 0.5137
vt 0.6855 0.5054
vt 0.6836 0.5107
vt 0.6836 0.5164
vt 0.6855 0.5217
vt 0.6895 0.5261
vt 0.6943 0.5291
vt 0.6997 0.5300
vt 0.7056 0.5291
vt 0.7104 0.5261
vt 0.7144 0.5217
vt 0.7163 0.5164
vt 0.7163 0.5107
vt 0.7144 0.5054
vt 0.7104 0.5010
vt 0.7056 0.4980
vt 0.6997 0.4971
vt 0.6733 0.7063
vt 0.6870 0.6899
vt 0.7017 0.7261
vt 0.6777 0.6807
vt 0.6626 0.6987
vt 0.6353 0.6382
vt 0.6133 0.6646
vt 0.6616 0.6162
vt 0.6958 0.6653
vt 0.5991 0.6545
vt 0.5806 0.6868
vt 0.6230 0.6260
vt 0.7412 0.7434
vt 0.7319 0.7568
vt 0.7114 0.7141
vt 0.7036 0.6760
vt 0.7231 0.7043
vt 0.7275 0.7726
vt 0.6890 0.7538
vt 0.6938 0.7393
vt 0.6626 0.7249
vt 0.6509 0.7192
vt 0.5967 0.6941
vt 0.5850 0.7263
vt 0.5615 0.7583
vt 0.5679 0.7217
vt 0.6426 0.7417
vt 0.6553 0.7451
vt 0.6860 0.7690
vt 0.6860 0.7844
vt 0.6519 0.7660
vt 0.6387 0.7649
vt 0.5791 0.7598
vt 0.7290 0.7887
vt 0.5615 0.7955
vt 0.5791 0.7939
vt 0.5684 0.8322
vt 0.5811 0.8671
vt 0.5967 0.8596
vt 0.5996 0.8992
vt 0.5850 0.8276
vt 0.6387 0.7887
vt 0.6509 0.8342
vt 0.6431 0.8120
vt 0.6519 0.7875
vt 0.7017 0.8274
vt 0.7119 0.8392
vt 0.6738 0.8472
vt 0.7358 0.8035
vt 0.6943 0.8141
vt 0.6890 0.7996
vt 0.6558 0.8086
vt 0.6631 0.8286
vt 0.7476 0.8149
vt 0.7236 0.8491
vt 0.7041 0.8773
vt 0.6875 0.8635
vt 0.6631 0.8547
vt 0.1467 0.1235
vt 0.1467 0.1191
vt 0.1611 0.1235
vt 0.1323 0.1191
vt 0.1323 0.1235
vt 0.1611 0.1191
vt 0.1757 0.1235
vt 0.1611 0.1118
vt 0.1467 0.1118
vt 0.1323 0.1118
vt 0.1757 0.1191
vt 0.1901 0.1235
vt 0.1755 0.1118
vt 0.1754 0.0645
vt 0.1611 0.0645
vt 0.1467 0.0645
vt 0.1323 0.0645
vt 0.1901 0.1191
vt 0.2045 0.1235
vt 0.1901 0.1118
vt 0.1898 0.0645
vt 0.1755 0.0171
vt 0.1611 0.0171
vt 0.1467 0.0171
vt 0.2189 0.1191
vt 0.2334 0.1187
vt 0.2190 0.1230
vt 0.2045 0.1191
vt 0.2045 0.1118
vt 0.2040 0.0645
vt 0.1901 0.0171
vt 0.2323 0.0645
vt 0.2183 0.0645
vt 0.2333 0.0176
vt 0.2189 0.0176
vt 0.2045 0.0171
vt 0.2333 0.1113
vt 0.2189 0.1118
vt 0.2479 0.1182
vt 0.2477 0.1108
vt 0.2463 0.0645
vt 0.2477 0.0181
vt 0.2600 0.0645
vt 0.2620 0.0186
vt 0.2620 0.1104
vt 0.2627 0.1177
vt 0.2629 0.1221
vt 0.2482 0.1226
vt 0.2335 0.1230
vt 0.2045 0.0103
vt 0.2189 0.0103
vt 0.2334 0.0103
vt 0.2479 0.0107
vt 0.2627 0.0112
vt 0.1901 0.0059
vt 0.1901 0.0098
vt 0.1757 0.0054
vt 0.2045 0.0059
vt 0.2190 0.0059
vt 0.2335 0.0059
vt 0.2482 0.0063
vt 0.2629 0.0068
vt 0.1323 0.0054
vt 0.1323 0.0098
vt 0.1180 0.0054
vt 0.1467 0.0098
vt 0.1467 0.0054
vt 0.1611 0.0054
vt 0.1611 0.0098
vt 0.1757 0.0098
vt 0.1323 0.0171
vt 0.1180 0.0171
vt 0.1180 0.0645
vt 0.1036 0.0645
vt 0.0748 0.1118
vt 0.0892 0.1118
vt 0.0891 0.1191
vt 0.1036 0.1191
vt 0.1036 0.1118
vt 0.0893 0.0645
vt 0.1036 0.0171
vt 0.1180 0.0098
vt 0.1180 0.1118
vt 0.1180 0.1191
vt 0.1035 0.1235
vt 0.0891 0.1235
vt 0.0747 0.1235
vt 0.0747 0.1191
vt 0.0602 0.1235
vt 0.1180 0.1235
vt 0.0805 0.3003
vt 0.0385 0.3604
vt 0.0287 0.3521
vt 0.0205 0.3423
vt 0.0141 0.3311
vt 0.0097 0.3193
vt 0.0075 0.3066
vt 0.0074 0.2939
vt 0.1471 0.3311
vt 0.1406 0.3423
vt 0.1324 0.3521
vt 0.1227 0.3604
vt 0.1116 0.3667
vt 0.0996 0.3711
vt 0.0870 0.3730
vt 0.0743 0.3730
vt 0.0617 0.3711
vt 0.0497 0.3667
vt 0.0994 0.2290
vt 0.1114 0.2334
vt 0.1225 0.2397
vt 0.1323 0.2480
vt 0.1405 0.2578
vt 0.1470 0.2690
vt 0.1514 0.2808
vt 0.1536 0.2935
vt 0.1536 0.3062
vt 0.1514 0.3188
vt 0.0096 0.2812
vt 0.0140 0.2690
vt 0.0204 0.2583
vt 0.0286 0.2480
vt 0.0383 0.2402
vt 0.0494 0.2334
vt 0.0614 0.2290
vt 0.0740 0.2271
vt 0.0868 0.2271
vt 0.5322 0.0103
vt 0.5176 0.0054
vt 0.5322 0.0059
vt 0.5312 0.1094
vt 0.5322 0.1167
vt 0.5171 0.1099
vt 0.5156 0.0635
vt 0.5293 0.0635
vt 0.5312 0.0176
vt 0.5171 0.0171
vt 0.5176 0.0098
vt 0.5029 0.0093
vt 0.5029 0.0049
vt 0.5176 0.1172
vt 0.5024 0.1104
vt 0.5020 0.0635
vt 0.5024 0.0166
vt 0.4883 0.0166
vt 0.4885 0.0093
vt 0.4739 0.0161
vt 0.4878 0.0635
vt 0.4736 0.0635
vt 0.4883 0.1108
vt 0.5029 0.1177
vt 0.5176 0.1216
vt 0.5322 0.1211
vt 0.4592 0.0635
vt 0.4739 0.1108
vt 0.4885 0.1177
vt 0.5029 0.1221
vt 0.4163 0.1182
vt 0.4163 0.1226
vt 0.4019 0.1226
vt 0.4307 0.1182
vt 0.4307 0.1108
vt 0.4451 0.1108
vt 0.4448 0.0635
vt 0.4451 0.0161
vt 0.4595 0.0161
vt 0.4739 0.0088
vt 0.4595 0.0088
vt 0.4451 0.0088
vt 0.4307 0.0088
vt 0.4307 0.0161
vt 0.4307 0.0635
vt 0.4885 0.0049
vt 0.4741 0.0049
vt 0.4595 0.0044
vt 0.4451 0.0044
vt 0.4307 0.0044
vt 0.4163 0.0088
vt 0.4163 0.0161
vt 0.4163 0.0635
vt 0.4163 0.1108
vt 0.4019 0.1108
vt 0.4019 0.1182
vt 0.3875 0.1108
vt 0.3875 0.1182
vt 0.3730 0.0635
vt 0.3875 0.0635
vt 0.4019 0.0635
vt 0.4019 0.0161
vt 0.4019 0.0088
vt 0.4163 0.0044
vt 0.4019 0.0044
vt 0.3730 0.0161
vt 0.3875 0.0161
vt 0.3875 0.0088
vt 0.3875 0.0044
vt 0.3730 0.0044
vt 0.3730 0.0088
vt 0.3586 0.0044
vt 0.3442 0.0088
vt 0.3298 0.0088
vt 0.3442 0.0044
vt 0.3586 0.0088
vt 0.3586 0.0161
vt 0.3589 0.0635
vt 0.3730 0.1108
vt 0.3442 0.0161
vt 0.3298 0.0161
vt 0.3445 0.0635
vt 0.3301 0.0635
vt 0.3154 0.0166
vt 0.3159 0.0635
vt 0.3154 0.1108
vt 0.3010 0.0166
vt 0.3018 0.0635
vt 0.3010 0.1104
vt 0.2866 0.0171
vt 0.2864 0.0098
vt 0.3008 0.0093
vt 0.3152 0.0093
vt 0.2715 0.0103
vt 0.2712 0.0059
vt 0.2861 0.0054
vt 0.3008 0.0049
vt 0.3152 0.0049
vt 0.3298 0.0049
vt 0.3152 0.1221
vt 0.3008 0.1221
vt 0.3152 0.1177
vt 0.3008 0.1177
vt 0.2864 0.1172
vt 0.2866 0.1099
vt 0.2878 0.0635
vt 0.2722 0.0176
vt 0.2742 0.0635
vt 0.2722 0.1094
vt 0.2715 0.1167
vt 0.2712 0.1211
vt 0.2861 0.1216
vt 0.3586 0.1108
vt 0.3442 0.1108
vt 0.3298 0.1108
vt 0.3730 0.1182
vt 0.3586 0.1182
vt 0.3442 0.1182
vt 0.3298 0.1182
vt 0.3586 0.1226
vt 0.3442 0.1226
vt 0.3298 0.1226
vt 0.3875 0.1226
vt 0.3730 0.1226
vt 0.3652 0.3540
vt 0.3181 0.3535
vt 0.3647 0.3140
vt 0.3191 0.3853
vt 0.3171 0.3140
vt 0.3645 0.2656
vt 0.2705 0.3535
vt 0.2725 0.3853
vt 0.2747 0.4180
vt 0.3203 0.4180
vt 0.3657 0.3857
vt 0.4121 0.3540
vt 0.4121 0.3140
vt 0.4121 0.2656
vt 0.4124 0.3857
vt 0.4592 0.3540
vt 0.4597 0.3140
vt 0.4587 0.3857
vt 0.4124 0.4185
vt 0.3662 0.4185
vt 0.3213 0.4478
vt 0.2764 0.4473
vt 0.3667 0.4478
vt 0.4124 0.4478
vt 0.4580 0.4478
vt 0.4124 0.4658
vt 0.4583 0.4185
vt 0.5054 0.3853
vt 0.5063 0.3535
vt 0.5073 0.3140
vt 0.4597 0.2656
vt 0.5039 0.4180
vt 0.5498 0.4175
vt 0.5518 0.3848
vt 0.5537 0.3535
vt 0.5552 0.3140
vt 0.5073 0.2656
vt 0.5557 0.2656
vt 0.6050 0.2656
vt 0.6040 0.2173
vt 0.6040 0.3140
vt 0.6016 0.3530
vt 0.5986 0.3848
vt 0.5952 0.4175
vt 0.5483 0.4473
vt 0.6548 0.2651
vt 0.6538 0.3135
vt 0.6499 0.3535
vt 0.6455 0.3853
vt 0.6992 0.3555
vt 0.6924 0.3882
vt 0.7490 0.3613
vt 0.7393 0.3950
vt 0.7993 0.3721
vt 0.8086 0.3237
vt 0.7563 0.3184
vt 0.7046 0.3149
vt 0.7061 0.2651
vt 0.8120 0.2651
vt 0.7588 0.2651
vt 0.7988 0.1582
vt 0.8086 0.2065
vt 0.7485 0.1694
vt 0.7559 0.2124
vt 0.7041 0.2153
vt 0.6533 0.2168
vt 0.5552 0.2178
vt 0.6011 0.1782
vt 0.6499 0.1772
vt 0.6987 0.1748
vt 0.5068 0.2173
vt 0.5532 0.1782
vt 0.5981 0.1465
vt 0.6450 0.1455
vt 0.6919 0.1426
vt 0.6396 0.1128
vt 0.5947 0.1138
vt 0.5918 0.0840
vt 0.5479 0.0840
vt 0.6348 0.0835
vt 0.6836 0.1099
vt 0.7388 0.1357
vt 0.7266 0.1025
vt 0.7847 0.1211
vt 0.7666 0.0879
vt 0.7158 0.0737
vt 0.6763 0.0806
vt 0.6729 0.0630
vt 0.7104 0.0562
vt 0.7451 0.0439
vt 0.7515 0.0605
vt 0.6333 0.0659
vt 0.5913 0.0659
vt 0.5474 0.0659
vt 0.5024 0.0659
vt 0.5029 0.0840
vt 0.4575 0.0654
vt 0.4575 0.0835
vt 0.4121 0.1128
vt 0.4121 0.0835
vt 0.4121 0.1777
vt 0.3655 0.1460
vt 0.4121 0.1455
vt 0.4585 0.1460
vt 0.4580 0.1133
vt 0.5039 0.1133
vt 0.5493 0.1138
vt 0.3167 0.2656
vt 0.3169 0.2173
vt 0.3647 0.2173
vt 0.3179 0.1777
vt 0.3650 0.1777
vt 0.4121 0.2173
vt 0.4590 0.1777
vt 0.5049 0.1460
vt 0.5513 0.1465
vt 0.5059 0.1777
vt 0.4595 0.2173
vt 0.9116 0.8063
vt 0.9116 0.7754
vt 0.9707 0.8063
vt 0.9707 0.7754
vt 0.9116 0.7446
vt 0.9707 0.7446
vt 0.9707 0.7139
vt 0.9116 0.7139
vt 0.9707 0.6831
vt 0.9917 0.6523
vt 0.9917 0.6831
vt 0.9917 0.7139
vt 0.9917 0.7446
vt 0.9917 0.7754
vt 0.9917 0.8063
vt 0.9917 0.8370
vt 0.9707 0.8370
vt 0.9917 0.8679
vt 0.9707 0.8679
vt 0.9707 0.8987
vt 0.9917 0.8987
vt 0.9116 0.8987
vt 0.9116 0.8370
vt 0.9116 0.8679
vt 0.8530 0.8679
vt 0.8530 0.8370
vt 0.8530 0.8063
vt 0.8320 0.8063
vt 0.8530 0.7754
vt 0.8320 0.8370
vt 0.8320 0.8679
vt 0.8530 0.8987
vt 0.9116 0.9296
vt 0.9707 0.9296
vt 0.9707 0.9603
vt 0.9707 0.9909
vt 0.9116 0.9909
vt 0.9116 0.9603
vt 0.8530 0.9296
vt 0.8320 0.8987
vt 0.9917 0.9296
vt 0.9917 0.9603
vt 0.9917 0.9909
vt 0.8320 0.9909
vt 0.8320 0.9603
vt 0.8530 0.9909
vt 0.8530 0.9603
vt 0.8320 0.9296
vt 0.2512 0.1328
vt 0.2639 0.1328
vt 0.2498 0.2075
vt 0.2896 0.1333
vt 0.3022 0.1333
vt 0.3013 0.2090
vt 0.2883 0.2085
vt 0.2769 0.1333
vt 0.2754 0.2085
vt 0.2625 0.2080
vt 0.2483 0.2197
vt 0.2617 0.2207
vt 0.2751 0.2212
vt 0.2881 0.2212
vt 0.3013 0.2212
vt 0.3145 0.2090
vt 0.3142 0.2217
vt 0.3271 0.2217
vt 0.3274 0.2090
vt 0.3403 0.2217
vt 0.3662 0.2090
vt 0.3533 0.2090
vt 0.3662 0.1338
vt 0.3535 0.1338
vt 0.3406 0.1338
vt 0.3403 0.2090
vt 0.3279 0.1338
vt 0.3152 0.1338
vt 0.3533 0.2217
vt 0.3662 0.2217
vt 0.3792 0.2090
vt 0.3792 0.2217
vt 0.3921 0.2090
vt 0.3921 0.2217
vt 0.4050 0.2090
vt 0.4053 0.2217
vt 0.4309 0.2090
vt 0.4180 0.2090
vt 0.4302 0.1333
vt 0.4172 0.1338
vt 0.4045 0.1338
vt 0.3918 0.1338
vt 0.3789 0.1338
vt 0.4182 0.2217
vt 0.4312 0.2212
vt 0.4443 0.2212
vt 0.4441 0.2085
vt 0.4573 0.2212
vt 0.4570 0.2085
vt 0.4707 0.2207
vt 0.4700 0.2080
vt 0.4841 0.2197
vt 0.4827 0.2075
vt 0.4812 0.1328
vt 0.4685 0.1328
vt 0.4556 0.1333
vt 0.4429 0.1333
vt 0.0891 0.0054
vt 0.0891 0.0098
vt 0.0747 0.0059
vt 0.0607 0.0645
vt 0.0603 0.0171
vt 0.0750 0.0645
vt 0.0748 0.0171
vt 0.0892 0.0171
vt 0.1036 0.0098
vt 0.1035 0.0054
vt 0.0603 0.1118
vt 0.0459 0.1118
vt 0.0465 0.0645
vt 0.0315 0.1113
vt 0.0324 0.0645
vt 0.0315 0.0176
vt 0.0459 0.0176
vt 0.0171 0.1108
vt 0.0168 0.1182
vt 0.0313 0.1187
vt 0.0458 0.1191
vt 0.0603 0.1191
vt 0.0458 0.1230
vt 0.0312 0.1230
vt 0.0166 0.1226
vt 0.0019 0.1221
vt 0.0021 0.1177
vt 0.0028 0.1104
vt 0.0185 0.0645
vt 0.0048 0.0645
vt 0.0028 0.0186
vt 0.0171 0.0181
vt 0.0021 0.0112
vt 0.0168 0.0107
vt 0.0019 0.0068
vt 0.0166 0.0063
vt 0.0313 0.0103
vt 0.0603 0.0103
vt 0.0458 0.0103
vt 0.0313 0.0059
vt 0.0458 0.0059
vt 0.0602 0.0059
vt 0.0747 0.0098
vt 0.4595 0.1182
vt 0.4595 0.1108
vt 0.4739 0.1182
vt 0.4451 0.1182
vt 0.4451 0.1226
vt 0.4595 0.1226
vt 0.4741 0.1226
vt 0.4885 0.1221
vt 0.4307 0.1226
vt 0.8320 0.6523
vt 0.8320 0.6213
vt 0.8530 0.6523
vt 0.8530 0.5598
vt 0.8320 0.5601
vt 0.8530 0.5291
vt 0.8320 0.5908
vt 0.8530 0.5906
vt 0.8530 0.6213
vt 0.9116 0.6523
vt 0.9116 0.6213
vt 0.9707 0.6213
vt 0.9116 0.5906
vt 0.9116 0.5596
vt 0.9116 0.5291
vt 0.9116 0.4985
vt 0.8530 0.4985
vt 0.8530 0.4678
vt 0.9116 0.4678
vt 0.8530 0.4375
vt 0.9116 0.4375
vt 0.8530 0.4067
vt 0.8315 0.4067
vt 0.8315 0.4375
vt 0.8315 0.4678
vt 0.8320 0.4985
vt 0.8320 0.5291
vt 0.8315 0.3760
vt 0.9707 0.4375
vt 0.9707 0.4067
vt 0.9116 0.4067
vt 0.8530 0.3760
vt 0.8530 0.3457
vt 0.8315 0.3457
vt 0.8530 0.3149
vt 0.8315 0.3149
vt 0.9116 0.2842
vt 0.8530 0.2842
vt 0.9116 0.2539
vt 0.9116 0.3149
vt 0.9116 0.3457
vt 0.9116 0.3760
vt 0.9707 0.3760
vt 0.9707 0.3457
vt 0.9707 0.3149
vt 0.9707 0.2842
vt 0.9707 0.2539
vt 0.9707 0.2231
vt 0.9116 0.2231
vt 0.9707 0.1924
vt 0.9116 0.1924
vt 0.9917 0.2842
vt 0.9917 0.3149
vt 0.9917 0.3457
vt 0.9917 0.3760
vt 0.9707 0.1621
vt 0.9116 0.1621
vt 0.9707 0.1313
vt 0.9116 0.1313
vt 0.8530 0.2231
vt 0.8530 0.1924
vt 0.8530 0.1621
vt 0.8530 0.1313
vt 0.9116 0.1006
vt 0.9707 0.1006
vt 0.8315 0.1313
vt 0.8530 0.1006
vt 0.8315 0.1621
vt 0.8315 0.1924
vt 0.8315 0.2231
vt 0.8530 0.2539
vt 0.8315 0.2842
vt 0.8315 0.2539
vt 0.8315 0.0396
vt 0.8315 0.0088
vt 0.8530 0.0088
vt 0.8530 0.0396
vt 0.9116 0.0088
vt 0.9116 0.0396
vt 0.8530 0.0698
vt 0.8315 0.0698
vt 0.8315 0.1006
vt 0.9116 0.0698
vt 0.9707 0.0698
vt 0.9707 0.0396
vt 0.9707 0.0088
vt 0.9917 0.0088
vt 0.9917 0.0396
vt 0.9917 0.0698
vt 0.9917 0.1006
vt 0.9917 0.1313
vt 0.9917 0.1621
vt 0.9917 0.1924
vt 0.9917 0.2231
vt 0.9917 0.2539
vt 0.0392 0.1216
vt 0.0850 0.1362
vt 0.0252 0.1587
vt 0.0573 0.0884
vt 0.1401 0.1104
vt 0.1844 0.1133
vt 0.1318 0.1431
vt 0.0753 0.1699
vt 0.0157 0.2075
vt 0.2744 0.1138
vt 0.2725 0.1465
vt 0.2292 0.1138
vt 0.2258 0.1465
vt 0.1790 0.1460
vt 0.1251 0.1753
vt 0.0683 0.2129
vt 0.0123 0.2656
vt 0.0157 0.3242
vt 0.0683 0.3188
vt 0.1743 0.1777
vt 0.2227 0.1782
vt 0.1200 0.2163
vt 0.0655 0.2656
vt 0.1179 0.2656
vt 0.1708 0.2173
vt 0.1692 0.2656
vt 0.2203 0.2178
vt 0.2192 0.2656
vt 0.1201 0.3154
vt 0.1708 0.3145
vt 0.2205 0.3140
vt 0.2683 0.2656
vt 0.2690 0.3140
vt 0.2228 0.3535
vt 0.1743 0.3540
vt 0.1252 0.3560
vt 0.0754 0.3618
vt 0.0252 0.3730
vt 0.2260 0.3853
vt 0.1790 0.3857
vt 0.1320 0.3887
vt 0.0851 0.3955
vt 0.1403 0.4214
vt 0.1846 0.4185
vt 0.1891 0.4478
vt 0.2294 0.4175
vt 0.2322 0.4473
vt 0.0974 0.4287
vt 0.0393 0.4102
vt 0.0574 0.4434
vt 0.1083 0.4575
vt 0.1476 0.4507
vt 0.1509 0.4683
vt 0.1908 0.4653
vt 0.0726 0.4702
vt 0.0787 0.4873
vt 0.1137 0.4751
vt 0.2329 0.4653
vt 0.2766 0.4653
vt 0.3215 0.4653
vt 0.3667 0.4658
vt 0.5034 0.4473
vt 0.4580 0.4658
vt 0.6353 0.4473
vt 0.6338 0.4653
vt 0.5923 0.4473
vt 0.5918 0.4653
vt 0.5479 0.4653
vt 0.5029 0.4653
vt 0.6401 0.4180
vt 0.6841 0.4209
vt 0.7271 0.4282
vt 0.7852 0.4097
vt 0.7671 0.4429
vt 0.7163 0.4570
vt 0.6772 0.4502
vt 0.6738 0.4678
vt 0.7109 0.4746
vt 0.7461 0.4863
vt 0.7520 0.4697
vt 0.8530 0.7446
vt 0.8530 0.7139
vt 0.8530 0.6831
vt 0.9116 0.6831
vt 0.9707 0.6523
vt 0.9917 0.6213
vt 0.8320 0.6831
vt 0.8320 0.7139
vt 0.8320 0.7446
vt 0.8320 0.7754
vt 0.9917 0.5291
vt 0.9917 0.5601
vt 0.9707 0.5291
vt 0.9707 0.5598
vt 0.9917 0.5906
vt 0.9707 0.5906
vt 0.9707 0.4985
vt 0.9707 0.4678
vt 0.9917 0.4067
vt 0.9917 0.4375
vt 0.9917 0.4678
vt 0.9917 0.4985
vt 0.3660 0.1133
vt 0.3210 0.0840
vt 0.3665 0.0835
vt 0.3201 0.1133
vt 0.2761 0.0840
vt 0.3665 0.0659
vt 0.4119 0.0654
vt 0.3213 0.0659
vt 0.2766 0.0664
vt 0.2321 0.0840
vt 0.1890 0.0840
vt 0.1475 0.0811
vt 0.1135 0.0566
vt 0.1508 0.0630
vt 0.1906 0.0659
vt 0.2328 0.0659
vt 0.1082 0.0742
vt 0.0786 0.0444
vt 0.0724 0.0615
vt 0.0973 0.1030
vt 0.2788 0.8252
vt 0.2771 0.7856
vt 0.2284 0.7856
vt 0.2764 0.7375
vt 0.3247 0.7375
vt 0.3252 0.7858
vt 0.2273 0.7378
vt 0.3728 0.7859
vt 0.3733 0.8256
vt 0.3262 0.8254
vt 0.3271 0.8572
vt 0.2808 0.8568
vt 0.2827 0.8895
vt 0.3743 0.8901
vt 0.3284 0.8898
vt 0.9751 0.1177
vt 0.9536 0.1201
vt 0.9668 0.0889
vt 0.9458 0.0913
vt 0.9224 0.0996
vt 0.9321 0.1279
vt 0.9111 0.1338
vt 0.9023 0.1050
vt 0.8911 0.1382
vt 0.8833 0.1094
vt 0.8716 0.1416
vt 0.8652 0.1128
vt 0.8501 0.1147
vt 0.8550 0.1436
vt 0.8379 0.1455
vt 0.8340 0.1162
vt 0.8164 0.1470
vt 0.8135 0.1177
vt 0.7852 0.1489
vt 0.7808 0.1196
vt 0.6846 0.9221
vt 0.6431 0.9192
vt 0.6001 0.9189
vt 0.5562 0.9189
vt 0.5112 0.9193
vt 0.6812 0.9399
vt 0.6416 0.9370
vt 0.5991 0.9370
vt 0.5557 0.9369
vt 0.5107 0.9371
vt 0.4658 0.9374
vt 0.2725 0.8972
vt 0.2676 0.9014
vt 0.2751 0.8916
vt 0.2625 0.9031
vt 0.2566 0.9027
vt 0.2756 0.8856
vt 0.2717 0.8782
vt 0.2491 0.8975
vt 0.2615 0.8739
vt 0.2391 0.8817
vt 0.2339 0.8878
vt 0.2546 0.8698
vt 0.2421 0.8723
vt 0.2542 0.8627
vt 0.2416 0.8607
vt 0.2480 0.8596
vt 0.2418 0.8484
vt 0.2357 0.8481
vt 0.2224 0.8301
vt 0.2397 0.7997
vt 0.2328 0.7958
vt 0.2155 0.8263
vt 0.2206 0.8334
vt 0.2135 0.8296
vt 0.1980 0.8241
vt 0.1951 0.8185
vt 0.1864 0.8228
vt 0.1768 0.8174
vt 0.1771 0.8241
vt 0.1881 0.8904
vt 0.1799 0.8886
vt 0.1200 0.8931
vt 0.1323 0.8862
vt 0.1288 0.9142
vt 0.1436 0.9121
vt 0.1508 0.8841
vt 0.1527 0.9130
vt 0.1644 0.9157
vt 0.1724 0.9182
vt 0.1968 0.9229
vt 0.2008 0.8931
vt 0.1350 0.9671
vt 0.1250 0.9537
vt 0.1370 0.9638
vt 0.1177 0.9529
vt 0.1189 0.9433
vt 0.1085 0.9368
vt 0.1168 0.9324
vt 0.1061 0.9196
vt 0.1194 0.9225
vt 0.1111 0.9037
vt 0.1327 0.9876
vt 0.1256 0.9836
vt 0.1420 0.9711
vt 0.1436 0.9684
vt 0.1637 0.9747
vt 0.1647 0.9793
vt 0.1738 0.9720
vt 0.1814 0.9796
vt 0.1746 0.9643
vt 0.1937 0.9751
vt 0.2020 0.9651
vt 0.1755 0.9548
vt 0.2029 0.9569
vt 0.1799 0.9485
vt 0.1848 0.9462
vt 0.2006 0.9520
vt 0.1959 0.9481
vt 0.1904 0.9461
vt 0.2576 0.8540
vt 0.2581 0.8444
vt 0.2644 0.8446
vt 0.2751 0.8306
vt 0.2771 0.8339
vt 0.2644 0.7961
vt 0.2820 0.8264
vt 0.2573 0.8003
vt 0.2839 0.8296
vt 0.3171 0.8864
vt 0.3115 0.8926
vt 0.3042 0.8240
vt 0.3074 0.8187
vt 0.3257 0.8767
vt 0.3313 0.8704
vt 0.3496 0.8950
vt 0.3333 0.9139
vt 0.3271 0.9195
vt 0.2930 0.9156
vt 0.3188 0.9283
vt 0.3137 0.9357
vt 0.2856 0.9326
vt 0.3081 0.9496
vt 0.3552 0.9674
vt 0.3572 0.9707
vt 0.3403 0.9726
vt 0.3625 0.9639
vt 0.2854 0.9467
vt 0.2900 0.9597
vt 0.3105 0.9619
vt 0.3013 0.9720
vt 0.3179 0.9692
vt 0.3174 0.9785
vt 0.3284 0.9728
vt 0.3362 0.9786
vt 0.3667 0.9871
vt 0.3640 0.9666
vt 0.3735 0.9830
vt 0.3779 0.9495
vt 0.3823 0.9510
vt 0.3806 0.9394
vt 0.3911 0.9366
vt 0.3743 0.9351
vt 0.3933 0.9236
vt 0.3887 0.9115
vt 0.3667 0.9294
vt 0.3821 0.9067
vt 0.3633 0.9225
vt 0.3638 0.9171
vt 0.3765 0.9062
vt 0.3708 0.9084
vt 0.3665 0.9121
vt 0.4673 0.5796
vt 0.4180 0.5569
vt 0.4812 0.5535
vt 0.4250 0.5276
vt 0.4089 0.5557
vt 0.4116 0.5269
vt 0.3994 0.5547
vt 0.4014 0.5269
vt 0.3840 0.5542
vt 0.3848 0.5264
vt 0.3708 0.5264
vt 0.3718 0.5562
vt 0.3594 0.5278
vt 0.3621 0.5574
vt 0.3511 0.5591
vt 0.3472 0.5298
vt 0.3386 0.5613
vt 0.3340 0.5322
vt 0.3257 0.5637
vt 0.3169 0.5354
vt 0.8647 0.3428
vt 0.8779 0.3149
vt 0.8750 0.3447
vt 0.8687 0.3135
vt 0.8604 0.3115
vt 0.8555 0.3408
vt 0.8516 0.3096
vt 0.8457 0.3389
vt 0.8423 0.3076
vt 0.8364 0.3369
vt 0.8325 0.3057
vt 0.8228 0.3335
vt 0.7725 0.2793
vt 0.7554 0.3042
vt 0.5127 0.5305
vt 0.5190 0.5266
vt 0.5356 0.5515
vt 0.5283 0.5562
vt 0.5078 0.5337
vt 0.5220 0.5598
vt 0.5151 0.5632
vt 0.5020 0.5364
vt 0.5034 0.5676
vt 0.4924 0.5400
vt 0.5513 0.4961
vt 0.5703 0.5188
vt 0.5449 0.5024
vt 0.5654 0.5237
vt 0.5366 0.5117
vt 0.5562 0.5337
vt 0.5298 0.5183
vt 0.5479 0.5417
vt 0.5420 0.5466
vt 0.5244 0.5225
vt 0.6724 0.4775
vt 0.5918 0.4678
vt 0.6650 0.4487
vt 0.6045 0.4951
vt 0.5762 0.4775
vt 0.5923 0.5027
vt 0.5654 0.4849
vt 0.5820 0.5095
vt 0.5747 0.5151
vt 0.5571 0.4912
vt 0.9409 0.3179
vt 0.9463 0.3477
vt 0.9219 0.3184
vt 0.9229 0.3486
vt 0.9072 0.3184
vt 0.9072 0.3481
vt 0.8945 0.3472
vt 0.8955 0.3174
vt 0.8838 0.3462
vt 0.8857 0.3164
vt 0.5962 0.3926
vt 0.6104 0.3604
vt 0.6157 0.3896
vt 0.5898 0.3638
vt 0.5684 0.3682
vt 0.5762 0.3970
vt 0.5464 0.3740
vt 0.5518 0.4038
vt 0.5308 0.4048
vt 0.5244 0.3750
vt 0.7188 0.3872
vt 0.6860 0.3867
vt 0.7163 0.3574
vt 0.6851 0.3569
vt 0.6636 0.3574
vt 0.6650 0.3867
vt 0.6494 0.3872
vt 0.6465 0.3574
vt 0.6338 0.3882
vt 0.6299 0.3584
vt 0.4346 0.2715
vt 0.4417 0.2422
vt 0.4407 0.2720
vt 0.4346 0.2417
vt 0.4260 0.2715
vt 0.4241 0.2417
vt 0.4155 0.2715
vt 0.4126 0.2417
vt 0.4067 0.2720
vt 0.4062 0.2422
vt 0.3977 0.2412
vt 0.3953 0.2710
vt 0.3789 0.2388
vt 0.3718 0.2681
vt 0.4827 0.2476
vt 0.4751 0.2764
vt 0.4719 0.2456
vt 0.4661 0.2749
vt 0.4600 0.2739
vt 0.4646 0.2446
vt 0.4534 0.2734
vt 0.4568 0.2437
vt 0.4492 0.2432
vt 0.4468 0.2725
vt 0.5762 0.2764
vt 0.5659 0.3047
vt 0.5552 0.2725
vt 0.5454 0.3008
vt 0.5205 0.2905
vt 0.5322 0.2627
vt 0.5029 0.2842
vt 0.5137 0.2559
vt 0.4988 0.2515
vt 0.4893 0.2798
vt 0.4924 0.6963
vt 0.4919 0.6665
vt 0.5063 0.6951
vt 0.5049 0.6653
vt 0.5205 0.6934
vt 0.5186 0.6636
vt 0.5273 0.6924
vt 0.5249 0.6626
vt 0.3684 0.7046
vt 0.3623 0.6755
vt 0.4265 0.6958
vt 0.4260 0.6658
vt 0.4539 0.6667
vt 0.4521 0.6965
vt 0.4690 0.6672
vt 0.4680 0.6970
vt 0.4797 0.6670
vt 0.4792 0.6970
vt 0.6396 0.3179
vt 0.6318 0.3164
vt 0.6396 0.2876
vt 0.6465 0.2891
vt 0.6509 0.3193
vt 0.6558 0.2900
vt 0.6646 0.3208
vt 0.6680 0.2910
vt 0.6714 0.3213
vt 0.6768 0.2920
vt 0.6768 0.3223
vt 0.6846 0.2935
vt 0.6948 0.2959
vt 0.6860 0.3247
vt 0.7070 0.2998
vt 0.6978 0.3281
vt 0.7114 0.3325
vt 0.7246 0.3057
vt 0.7852 0.3516
vt 0.7676 0.3750
vt 0.9312 0.0493
vt 0.9414 0.0215
vt 0.9434 0.0522
vt 0.9541 0.0264
vt 0.9575 0.0581
vt 0.9697 0.0327
vt 0.9658 0.0625
vt 0.9790 0.0366
vt 0.9741 0.0674
vt 0.9912 0.0425
vt 0.8877 0.0103
vt 0.8315 0.0391
vt 0.8257 0.0093
vt 0.8853 0.0396
vt 0.9048 0.0132
vt 0.8984 0.0420
vt 0.9106 0.0444
vt 0.9180 0.0161
vt 0.9219 0.0469
vt 0.9302 0.0186
vt 0.7896 0.1968
vt 0.7915 0.1665
vt 0.8110 0.1943
vt 0.8125 0.1646
vt 0.8389 0.1675
vt 0.8354 0.1973
vt 0.8550 0.1987
vt 0.8574 0.1689
vt 0.8711 0.1992
vt 0.8721 0.1689
vt 0.8867 0.1685
vt 0.8872 0.1982
vt 0.8955 0.1675
vt 0.8984 0.1968
vt 0.9058 0.1958
vt 0.9019 0.1665
vt 0.9136 0.1943
vt 0.9082 0.1655
vt 0.9209 0.1934
vt 0.9150 0.1641
vt 0.9209 0.1631
vt 0.9282 0.1919
vt 0.9268 0.1616
vt 0.9351 0.1904
vt 0.9351 0.1597
vt 0.9453 0.1875
vt 0.9561 0.1841
vt 0.9453 0.1562
vt 0.9624 0.1821
vt 0.9536 0.1538
vt 0.9648 0.1514
vt 0.9707 0.1807
vt 0.9897 0.1772
vt 0.9883 0.1479
vt 0.6074 0.5757
vt 0.6260 0.5994
vt 0.5957 0.5852
vt 0.6138 0.6091
vt 0.5737 0.6023
vt 0.5933 0.6250
vt 0.5547 0.6692
vt 0.5312 0.6509
vt 0.6685 0.5576
vt 0.6641 0.5627
vt 0.6479 0.5361
vt 0.6431 0.5413
vt 0.6543 0.5732
vt 0.6338 0.5513
vt 0.6245 0.5605
vt 0.6440 0.5830
vt 0.6157 0.5688
vt 0.6348 0.5920
vt 0.0305 0.7815
vt 0.0311 0.7734
vt 0.0864 0.7731
vt 0.0883 0.7811
vt 0.0829 0.7616
vt 0.1069 0.7456
vt 0.1176 0.7729
vt 0.1201 0.7809
vt 0.0965 0.8046
vt 0.1241 0.7932
vt 0.1270 0.8010
vt 0.1017 0.8173
vt 0.1312 0.8091
vt 0.1074 0.8250
vt 0.1854 0.7725
vt 0.1858 0.7804
vt 0.1714 0.8281
vt 0.1628 0.8185
vt 0.1726 0.8123
vt 0.1833 0.8063
vt 0.1805 0.8009
vt 0.1895 0.7804
vt 0.2244 0.7722
vt 0.2244 0.7802
vt 0.1726 0.8472
vt 0.1445 0.8373
vt 0.1711 0.8359
vt 0.1437 0.8463
vt 0.1681 0.8542
vt 0.1627 0.8568
vt 0.1462 0.8514
vt 0.1504 0.8551
vt 0.1566 0.8573
vt 0.1159 0.8319
vt 0.1373 0.8148
vt 0.1266 0.8368
vt 0.1454 0.8192
vt 0.1385 0.8384
vt 0.1532 0.8207
vt 0.0674 0.8328
vt 0.0972 0.8331
vt 0.0679 0.8396
vt 0.0976 0.8401
vt 0.0683 0.8531
vt 0.0981 0.8545
vt 0.0683 0.8662
vt 0.0980 0.8684
vt 0.0678 0.8785
vt 0.0975 0.8815
vt 0.0967 0.8928
vt 0.0670 0.8891
vt 0.0949 0.9084
vt 0.0653 0.9043
vt 0.0918 0.9340
vt 0.0620 0.9318
vt 0.0661 0.9962
vt 0.0956 0.9925
vt 0.3987 0.9119
vt 0.4277 0.9062
vt 0.4016 0.9241
vt 0.4309 0.9195
vt 0.4331 0.9307
vt 0.4036 0.9333
vt 0.4043 0.9399
vt 0.4341 0.9385
vt 0.4048 0.9468
vt 0.4346 0.9466
vt 0.4346 0.9551
vt 0.4048 0.9542
vt 0.4341 0.9623
vt 0.4043 0.9602
vt 0.4331 0.9700
vt 0.4036 0.9667
vt 0.4014 0.9766
vt 0.4307 0.9821
vt 0.4595 0.5098
vt 0.4514 0.4814
vt 0.4680 0.5078
vt 0.4590 0.4795
vt 0.4685 0.4771
vt 0.4788 0.5049
vt 0.4797 0.4731
vt 0.4910 0.5010
vt 0.4932 0.4683
vt 0.5054 0.4956
vt 0.5107 0.4604
vt 0.5269 0.4858
vt 0.5801 0.4351
vt 0.5576 0.4150
vt 0.4067 0.5188
vt 0.4055 0.4893
vt 0.4209 0.5166
vt 0.4158 0.4878
vt 0.4246 0.4863
vt 0.4302 0.5151
vt 0.4338 0.4849
vt 0.4402 0.5134
vt 0.4424 0.4829
vt 0.4495 0.5117
vt 0.0084 0.7736
vt 0.0273 0.7815
vt 0.0084 0.7816
vt 0.0273 0.7734
vt 0.0398 0.8197
vt 0.0317 0.8052
vt 0.0425 0.8094
vt 0.0351 0.8020
vt 0.0339 0.7581
vt 0.0309 0.7513
vt 0.0398 0.7476
vt 0.0403 0.7354
vt 0.0482 0.7402
vt 0.0539 0.7246
vt 0.0580 0.7378
vt 0.0701 0.7212
vt 0.0699 0.7417
vt 0.0837 0.7234
vt 0.0959 0.7307
vt 0.0791 0.7533
vt 0.6060 0.2734
vt 0.6147 0.2783
vt 0.5913 0.2993
vt 0.6021 0.3057
vt 0.6094 0.3091
vt 0.6206 0.2812
vt 0.6157 0.3115
vt 0.6260 0.2837
vt 0.6333 0.2861
vt 0.6240 0.3145
vt 0.4756 0.6079
vt 0.4778 0.6382
vt 0.4683 0.6101
vt 0.4863 0.6357
vt 0.4851 0.6050
vt 0.4968 0.6323
vt 0.5088 0.6277
vt 0.4961 0.6006
vt 0.5093 0.5947
vt 0.5229 0.6213
vt 0.5259 0.5859
vt 0.5439 0.6106
vt 0.5708 0.5381
vt 0.5938 0.5569
vt 0.4229 0.6206
vt 0.4329 0.6184
vt 0.4258 0.6504
vt 0.4397 0.6472
vt 0.4417 0.6167
vt 0.4490 0.6453
vt 0.4509 0.6145
vt 0.4587 0.6431
vt 0.4592 0.6125
vt 0.4678 0.6409
vt 0.6479 0.0190
vt 0.6646 0.0181
vt 0.6523 0.0488
vt 0.6680 0.0474
vt 0.6812 0.0171
vt 0.6836 0.0469
vt 0.7031 0.0166
vt 0.7046 0.0464
vt 0.7344 0.0166
vt 0.7373 0.0459
vt 0.8042 0.0093
vt 0.8130 0.0381
vt 0.5645 0.0366
vt 0.5498 0.0674
vt 0.5430 0.0381
vt 0.5708 0.0659
vt 0.5864 0.0298
vt 0.5947 0.0586
vt 0.6079 0.0249
vt 0.6147 0.0542
vt 0.6343 0.0508
vt 0.6279 0.0215
vt 0.0013 0.4023
vt 0.0404 0.3950
vt 0.0078 0.4312
vt 0.0463 0.4243
vt 0.0748 0.4155
vt 0.0671 0.3872
vt 0.0886 0.4116
vt 0.0822 0.3828
vt 0.1088 0.4082
vt 0.1040 0.3794
vt 0.1261 0.3760
vt 0.1329 0.4053
vt 0.1710 0.3950
vt 0.1647 0.3662
vt 0.6099 0.2041
vt 0.6055 0.1748
vt 0.6255 0.2026
vt 0.6221 0.1733
vt 0.6392 0.1729
vt 0.6411 0.2021
vt 0.6606 0.1724
vt 0.6621 0.2017
vt 0.6919 0.1719
vt 0.6948 0.2012
vt 0.7705 0.1934
vt 0.7617 0.1646
vt 0.5220 0.1919
vt 0.5073 0.2227
vt 0.5005 0.1934
vt 0.5283 0.2212
vt 0.5522 0.2139
vt 0.5439 0.1855
vt 0.5654 0.1802
vt 0.5728 0.2095
vt 0.5859 0.1768
vt 0.5918 0.2061
vt 0.6753 0.2280
vt 0.6753 0.2578
vt 0.6660 0.2285
vt 0.6646 0.2583
vt 0.6519 0.2280
vt 0.6479 0.2578
vt 0.6323 0.2563
vt 0.6372 0.2271
vt 0.6187 0.2241
vt 0.6128 0.2534
vt 0.5923 0.2188
vt 0.5884 0.2485
vt 0.5713 0.2192
vt 0.5669 0.2490
vt 0.7456 0.2178
vt 0.7690 0.2158
vt 0.7681 0.2456
vt 0.7490 0.2471
vt 0.7407 0.2480
vt 0.7339 0.2192
vt 0.7344 0.2495
vt 0.7256 0.2212
vt 0.7231 0.2524
vt 0.7153 0.2236
vt 0.7065 0.2251
vt 0.7129 0.2539
vt 0.7056 0.2549
vt 0.7007 0.2261
vt 0.6982 0.2559
vt 0.6943 0.2266
vt 0.6909 0.2568
vt 0.6880 0.2271
vt 0.6831 0.2573
vt 0.6812 0.2280
vt 0.4246 0.8580
vt 0.4243 0.8724
vt 0.3948 0.8538
vt 0.3945 0.8722
vt 0.3948 0.8852
vt 0.4248 0.8848
vt 0.3955 0.8956
vt 0.4253 0.8940
vt 0.3967 0.9034
vt 0.4263 0.8997
vt 0.3455 0.3730
vt 0.3469 0.3438
vt 0.4038 0.3799
vt 0.4109 0.3506
vt 0.4282 0.3872
vt 0.4375 0.3589
vt 0.4434 0.3916
vt 0.4521 0.3633
vt 0.4543 0.3945
vt 0.4624 0.3657
vt 0.4746 0.3682
vt 0.4670 0.3970
vt 0.4875 0.3706
vt 0.4810 0.3999
vt 0.4951 0.4019
vt 0.5005 0.3726
vt 0.5020 0.4023
vt 0.5073 0.3730
vt 0.3418 0.6963
vt 0.3479 0.6985
vt 0.3357 0.6968
vt 0.3521 0.7021
vt 0.3545 0.7073
vt 0.3303 0.6992
vt 0.3257 0.7063
vt 0.3528 0.7344
vt 0.3599 0.7153
vt 0.3718 0.7168
vt 0.3608 0.7388
vt 0.3823 0.7219
vt 0.3669 0.7446
vt 0.3909 0.7288
vt 0.3965 0.7366
vt 0.0863 0.5527
vt 0.0800 0.5681
vt 0.0607 0.5417
vt 0.0548 0.5562
vt 0.0503 0.5647
vt 0.0761 0.5776
vt 0.0458 0.5725
vt 0.0707 0.5898
vt 0.0069 0.6101
vt 0.0263 0.6328
vt 0.1025 0.4863
vt 0.0994 0.5032
vt 0.0729 0.4839
vt 0.0706 0.4971
vt 0.0681 0.5093
vt 0.0969 0.5164
vt 0.0658 0.5203
vt 0.0942 0.5286
vt 0.0634 0.5298
vt 0.0916 0.5396
vt 0.2783 0.5557
vt 0.2391 0.5491
vt 0.2822 0.5261
vt 0.2437 0.5198
vt 0.2113 0.5476
vt 0.2139 0.5181
vt 0.1995 0.5173
vt 0.1957 0.5464
vt 0.1740 0.5422
vt 0.1794 0.5132
vt 0.1555 0.5081
vt 0.1522 0.5376
vt 0.1164 0.5044
vt 0.1125 0.5339
vt 0.0415 0.8929
vt 0.0101 0.9044
vt 0.0118 0.8892
vt 0.0397 0.9085
vt 0.0067 0.9319
vt 0.0366 0.9340
vt 0.0404 0.9925
vt 0.0109 0.9963
vt 0.0424 0.8401
vt 0.0123 0.8329
vt 0.0420 0.8331
vt 0.0127 0.8396
vt 0.0429 0.8545
vt 0.0131 0.8531
vt 0.0131 0.8663
vt 0.0428 0.8685
vt 0.0126 0.8785
vt 0.0424 0.8816
vt 0.3730 0.5691
vt 0.3564 0.5815
vt 0.3660 0.5649
vt 0.3347 0.5779
vt 0.3337 0.5735
vt 0.3245 0.5806
vt 0.3169 0.5730
vt 0.3240 0.5884
vt 0.3044 0.5776
vt 0.2961 0.5876
vt 0.3228 0.5979
vt 0.2954 0.5957
vt 0.3184 0.6042
vt 0.3135 0.6064
vt 0.2979 0.6008
vt 0.3025 0.6047
vt 0.3079 0.6067
vt 0.1799 0.5842
vt 0.1964 0.5813
vt 0.1871 0.5913
vt 0.2076 0.5935
vt 0.1897 0.6038
vt 0.2124 0.6064
vt 0.2123 0.6206
vt 0.1841 0.6177
vt 0.2090 0.8947
vt 0.2103 0.9246
vt 0.2180 0.8950
vt 0.2198 0.9236
vt 0.2301 0.9197
vt 0.2261 0.8925
vt 0.2397 0.9129
vt 0.2472 0.9033
vt 0.3550 0.6409
vt 0.3662 0.6670
vt 0.3696 0.6389
vt 0.3787 0.6599
vt 0.3875 0.6494
vt 0.3792 0.6304
vt 0.3926 0.6333
vt 0.3818 0.6206
vt 0.1312 0.6414
vt 0.1268 0.6450
vt 0.1339 0.6362
vt 0.1212 0.6472
vt 0.1157 0.6467
vt 0.1344 0.6309
vt 0.1311 0.6240
vt 0.1089 0.6418
vt 0.1234 0.6184
vt 0.1044 0.6296
vt 0.4917 0.8593
vt 0.4919 0.8461
vt 0.5215 0.8615
vt 0.5215 0.8474
vt 0.5210 0.8330
vt 0.4915 0.8325
vt 0.5205 0.8260
vt 0.4910 0.8258
vt 0.4897 0.9892
vt 0.5151 0.9269
vt 0.5190 0.9855
vt 0.4854 0.9248
vt 0.5186 0.9014
vt 0.4888 0.8973
vt 0.5200 0.8858
vt 0.4905 0.8821
vt 0.5210 0.8745
vt 0.4915 0.8716
vt 0.2690 0.2178
vt 0.2705 0.1782
vt 0.3191 0.1460
vt 0.3376 0.8453
vt 0.3350 0.8378
vt 0.3538 0.8370
vt 0.3577 0.8416
vt 0.3623 0.8528
vt 0.3379 0.8545
vt 0.3635 0.8645
vt 0.3359 0.8627
vt 0.3618 0.8754
vt 0.3579 0.8841
vt 0.0278 0.6653
vt 0.0333 0.6577
vt 0.0571 0.6758
vt 0.0510 0.6843
vt 0.0202 0.6750
vt 0.0429 0.6943
vt 0.0309 0.7085
vt 0.0108 0.6860
vt 0.0509 0.6248
vt 0.0552 0.6182
vt 0.0790 0.6362
vt 0.0754 0.6418
vt 0.0707 0.6499
vt 0.0453 0.6348
vt 0.0393 0.6470
vt 0.0652 0.6614
vt 0.0363 0.6531
vt 0.0613 0.6692
vt 0.9858 0.4131
vt 0.9463 0.4126
vt 0.9854 0.3833
vt 0.9458 0.3828
vt 0.9185 0.4155
vt 0.9165 0.3857
vt 0.9019 0.3872
vt 0.9028 0.4165
vt 0.8804 0.4160
vt 0.8813 0.3862
vt 0.8574 0.3848
vt 0.8584 0.4146
vt 0.8179 0.3872
vt 0.8184 0.4170
vt 0.0858 0.5869
vt 0.1047 0.6099
vt 0.0761 0.5947
vt 0.0967 0.6162
vt 0.0920 0.6206
vt 0.0704 0.5999
vt 0.0878 0.6250
vt 0.0655 0.6050
vt 0.0830 0.6306
vt 0.0600 0.6116
vt 0.2035 0.4907
vt 0.2084 0.4614
vt 0.2126 0.4922
vt 0.2194 0.4634
vt 0.2268 0.4951
vt 0.2354 0.4663
vt 0.2507 0.4707
vt 0.2408 0.4985
vt 0.2585 0.5046
vt 0.2693 0.4766
vt 0.2834 0.5144
vt 0.2925 0.4858
vt 0.3044 0.5176
vt 0.3137 0.4893
vt 0.1091 0.4868
vt 0.1152 0.4575
vt 0.1326 0.4888
vt 0.1340 0.4595
vt 0.1427 0.4600
vt 0.1442 0.4897
vt 0.1490 0.4595
vt 0.1527 0.4893
vt 0.1605 0.4590
vt 0.1633 0.4883
vt 0.1720 0.4883
vt 0.1709 0.4590
vt 0.1782 0.4590
vt 0.1780 0.4888
vt 0.1855 0.4595
vt 0.1842 0.4893
vt 0.1931 0.4600
vt 0.1907 0.4897
vt 0.2010 0.4609
vt 0.1974 0.4902
vt 0.1066 0.4502
vt 0.0974 0.4517
vt 0.0999 0.4214
vt 0.0898 0.4233
vt 0.0812 0.4248
vt 0.0897 0.4536
vt 0.0801 0.4561
vt 0.0705 0.4277
vt 0.0689 0.4595
vt 0.0581 0.4316
vt 0.0554 0.4644
vt 0.0435 0.4370
vt 0.0378 0.4717
vt 0.0219 0.4463
vt 0.3015 0.6301
vt 0.2974 0.6599
vt 0.2893 0.6584
vt 0.2878 0.6284
vt 0.2800 0.6582
vt 0.2783 0.6294
vt 0.2681 0.6333
vt 0.2720 0.6606
vt 0.5337 0.8936
vt 0.5630 0.8898
vt 0.5361 0.9057
vt 0.5649 0.9008
vt 0.5391 0.9189
vt 0.5679 0.9130
vt 0.5708 0.9260
vt 0.5430 0.9359
vt 0.5664 0.9928
vt 0.5918 0.9758
vt 0.5308 0.8414
vt 0.5308 0.8280
vt 0.5605 0.8339
vt 0.5596 0.8430
vt 0.5308 0.8516
vt 0.5591 0.8527
vt 0.5591 0.8680
vt 0.5312 0.8683
vt 0.5615 0.8802
vt 0.5317 0.8823
vt 0.4443 0.8974
vt 0.4451 0.8870
vt 0.4739 0.9003
vt 0.4746 0.8910
vt 0.4761 0.8788
vt 0.4465 0.8741
vt 0.4783 0.8645
vt 0.4495 0.8560
vt 0.4463 0.9426
vt 0.4465 0.9360
vt 0.4761 0.9455
vt 0.4763 0.9377
vt 0.4758 0.9263
vt 0.4460 0.9266
vt 0.4746 0.9127
vt 0.4448 0.9141
vt 0.4739 0.9059
vt 0.4441 0.9053
vt 0.4382 0.9784
vt 0.4417 0.9689
vt 0.4663 0.9882
vt 0.4707 0.9765
vt 0.4436 0.9627
vt 0.4727 0.9691
vt 0.4741 0.9621
vt 0.4448 0.9568
vt 0.4756 0.9536
vt 0.4458 0.9495
vt 0.8691 0.0825
vt 0.8584 0.0850
vt 0.8657 0.0532
vt 0.8535 0.0557
vt 0.8462 0.0874
vt 0.8403 0.0586
vt 0.8330 0.0903
vt 0.8232 0.0625
vt 0.7832 0.1113
vt 0.7661 0.0864
vt 0.9253 0.0801
vt 0.9160 0.0791
vt 0.9312 0.0503
vt 0.9180 0.0503
vt 0.9067 0.0786
vt 0.9077 0.0508
vt 0.8911 0.0786
vt 0.8911 0.0508
vt 0.8770 0.0513
vt 0.8789 0.0811
vt 0.2161 0.4185
vt 0.2087 0.4478
vt 0.1426 0.4150
vt 0.1433 0.4443
vt 0.1283 0.4170
vt 0.1332 0.4458
vt 0.1242 0.4473
vt 0.1191 0.4180
vt 0.1149 0.4487
vt 0.1091 0.4199
vt 0.9355 0.6125
vt 0.9614 0.5974
vt 0.9404 0.6184
vt 0.9556 0.5908
vt 0.9282 0.6057
vt 0.9478 0.5830
vt 0.9194 0.5979
vt 0.9380 0.5742
vt 0.9258 0.5645
vt 0.9082 0.5889
vt 0.9067 0.5508
vt 0.8931 0.5776
vt 0.8359 0.5308
vt 0.8301 0.5598
vt 0.9839 0.2070
vt 0.9854 0.2363
vt 0.9443 0.2100
vt 0.9458 0.2397
vt 0.9219 0.2388
vt 0.9219 0.2095
vt 0.9014 0.2383
vt 0.8999 0.2090
vt 0.8867 0.2402
vt 0.8843 0.2104
vt 0.8564 0.2139
vt 0.8574 0.2437
vt 0.8184 0.2441
vt 0.8169 0.2144
vt 0.6860 0.4385
vt 0.6699 0.4390
vt 0.6821 0.4087
vt 0.6670 0.4097
vt 0.6528 0.4395
vt 0.6509 0.4102
vt 0.6304 0.4102
vt 0.6309 0.4395
vt 0.5996 0.4395
vt 0.5972 0.4097
vt 0.7700 0.4229
vt 0.7852 0.3921
vt 0.7915 0.4219
vt 0.7642 0.3931
vt 0.7402 0.3999
vt 0.7476 0.4287
vt 0.7197 0.4043
vt 0.7266 0.4331
vt 0.7061 0.4365
vt 0.7007 0.4072
vt 0.9082 0.2993
vt 0.8979 0.3003
vt 0.9062 0.2695
vt 0.8970 0.2705
vt 0.8853 0.3008
vt 0.8843 0.2710
vt 0.8701 0.2715
vt 0.8667 0.3013
vt 0.7939 0.2788
vt 0.8027 0.2505
vt 0.9424 0.2607
vt 0.9502 0.2593
vt 0.9526 0.2891
vt 0.9458 0.2900
vt 0.9312 0.2632
vt 0.9370 0.2925
vt 0.9180 0.2666
vt 0.9248 0.2954
vt 0.9116 0.2686
vt 0.9160 0.2979
vt 0.9893 0.2910
vt 0.9795 0.2891
vt 0.9941 0.2617
vt 0.9819 0.2593
vt 0.9741 0.2588
vt 0.9727 0.2886
vt 0.9668 0.2583
vt 0.9668 0.2886
vt 0.9595 0.2886
vt 0.9585 0.2588
vt 0.4900 0.3179
vt 0.4961 0.3184
vt 0.4890 0.3477
vt 0.4963 0.3481
vt 0.5044 0.3188
vt 0.5063 0.3481
vt 0.5151 0.3184
vt 0.5181 0.3481
vt 0.5239 0.3179
vt 0.5244 0.3477
vt 0.5332 0.3486
vt 0.5356 0.3193
vt 0.5518 0.3511
vt 0.5586 0.3223
vt 0.3152 0.4180
vt 0.3215 0.3887
vt 0.3542 0.4248
vt 0.3604 0.3960
vt 0.3835 0.4033
vt 0.3755 0.4316
vt 0.4033 0.4087
vt 0.3967 0.4375
vt 0.4175 0.4111
vt 0.4124 0.4399
vt 0.4399 0.4438
vt 0.4470 0.4150
vt 0.4849 0.4248
vt 0.4785 0.4541
vt 0.2832 0.3901
vt 0.2861 0.3970
vt 0.2717 0.4023
vt 0.2700 0.3950
vt 0.2566 0.4048
vt 0.2561 0.3975
vt 0.2415 0.4048
vt 0.2421 0.3975
vt 0.2263 0.4023
vt 0.2281 0.3950
vt 0.2119 0.3970
vt 0.2150 0.3906
vt 0.2028 0.3833
vt 0.1986 0.3892
vt 0.1919 0.3745
vt 0.1869 0.3794
vt 0.1770 0.3677
vt 0.1829 0.3638
vt 0.1758 0.3516
vt 0.1693 0.3545
vt 0.1641 0.3403
vt 0.1710 0.3384
vt 0.1614 0.3252
vt 0.1686 0.3242
vt 0.1614 0.3096
vt 0.1685 0.3105
vt 0.1639 0.2944
vt 0.1709 0.2964
vt 0.1692 0.2803
vt 0.1757 0.2832
vt 0.1827 0.2710
vt 0.1769 0.2671
vt 0.1866 0.2554
vt 0.1918 0.2603
vt 0.1984 0.2451
vt 0.2025 0.2510
vt 0.2147 0.2441
vt 0.2117 0.2378
vt 0.2279 0.2393
vt 0.2261 0.2324
vt 0.2418 0.2368
vt 0.2411 0.2295
vt 0.2559 0.2368
vt 0.2563 0.2295
vt 0.2715 0.2324
vt 0.2695 0.2393
vt 0.2859 0.2373
vt 0.2830 0.2441
vt 0.2991 0.2451
vt 0.2952 0.2510
vt 0.3110 0.2549
vt 0.3059 0.2603
vt 0.3208 0.2666
vt 0.3149 0.2710
vt 0.3220 0.2832
vt 0.3286 0.2798
vt 0.3337 0.2944
vt 0.3269 0.2964
vt 0.3364 0.3096
vt 0.3293 0.3101
vt 0.3364 0.3247
vt 0.3293 0.3242
vt 0.3269 0.3379
vt 0.3337 0.3398
vt 0.3286 0.3540
vt 0.3220 0.3511
vt 0.3152 0.3633
vt 0.3210 0.3677
vt 0.3113 0.3794
vt 0.3062 0.3740
vt 0.2996 0.3892
vt 0.2954 0.3833
vt 0.9863 0.6274
vt 0.9956 0.6387
vt 0.9702 0.6543
vt 0.9639 0.6462
vt 0.9805 0.6201
vt 0.9580 0.6392
vt 0.9741 0.6123
vt 0.9521 0.6318
vt 0.9683 0.6050
vt 0.9468 0.6255
vt 0.1497 0.7458
vt 0.1359 0.7205
vt 0.1412 0.7454
vt 0.1362 0.7422
vt 0.1327 0.7251
vt 0.1316 0.7305
vt 0.1328 0.7371
vt 0.8311 0.5251
vt 0.8247 0.4966
vt 0.8696 0.5151
vt 0.8628 0.4863
vt 0.8872 0.4829
vt 0.8921 0.5122
vt 0.9136 0.5085
vt 0.9072 0.4800
vt 0.9287 0.5044
vt 0.9214 0.4761
vt 0.9556 0.4966
vt 0.9497 0.4673
vt 0.9883 0.4600
vt 0.9946 0.4893
vt 0.3652 0.8165
vt 0.3665 0.8230
vt 0.3616 0.8114
vt 0.3652 0.8284
vt 0.3621 0.8331
vt 0.3567 0.8081
vt 0.3484 0.8077
vt 0.3394 0.8146
vt 0.4480 0.3423
vt 0.4556 0.3135
vt 0.4590 0.3442
vt 0.4646 0.3149
vt 0.4707 0.3159
vt 0.4661 0.3452
vt 0.4775 0.3169
vt 0.4741 0.3462
vt 0.4817 0.3472
vt 0.4839 0.3174
vt 0.3755 0.3174
vt 0.3542 0.3135
vt 0.3645 0.2852
vt 0.3853 0.2891
vt 0.4099 0.2998
vt 0.3984 0.3271
vt 0.4275 0.3062
vt 0.4170 0.3340
vt 0.4321 0.3384
vt 0.4417 0.3101
vt 0.0732 0.8107
vt 0.0742 0.8164
vt 0.0703 0.8059
vt 0.0732 0.8224
vt 0.0701 0.8269
vt 0.0659 0.8029
vt 0.0582 0.8022
vt 0.0626 0.8303
vt 0.0495 0.8062
vt 0.0498 0.8281
vn -0.9962 0.0872 0.0000
vn -0.8192 0.5736 0.0000
vn -0.9063 0.4226 0.0000
vn -0.9659 0.2588 -0.0000
vn -0.8222 0.0719 -0.5647
vn -0.7972 0.2136 -0.5647
vn -0.7480 0.3488 -0.5647
vn -0.6761 0.4734 -0.5647
vn -0.5836 0.5836 -0.5647
vn -0.4734 0.6761 -0.5647
vn -0.3488 0.7480 -0.5647
vn -0.2136 0.7972 -0.5647
vn -0.0719 0.8222 -0.5647
vn -0.0872 0.9962 -0.0000
vn -0.2588 0.9659 0.0000
vn -0.4226 0.9063 0.0000
vn -0.5736 0.8192 -0.0000
vn -0.7071 0.7071 0.0000
vn 0.5736 0.8192 0.0000
vn 0.4226 0.9063 -0.0000
vn 0.2588 0.9659 0.0000
vn 0.0872 0.9962 0.0000
vn 0.4734 0.6761 -0.5647
vn 0.3488 0.7480 -0.5647
vn 0.2136 0.7972 -0.5647
vn 0.0719 0.8222 -0.5647
vn 0.9962 0.0872 -0.0000
vn 0.9659 0.2588 -0.0000
vn 0.9063 0.4226 0.0000
vn 0.8192 0.5736 -0.0000
vn 0.7071 0.7071 -0.0000
vn 0.8222 0.0719 -0.5647
vn 0.7972 0.2136 -0.5647
vn 0.7480 0.3488 -0.5647
vn 0.6761 0.4734 -0.5647
vn 0.5836 0.5836 -0.5647
vn -0.0608 0.0741 0.9954
vn -0.7715 0.6331 -0.0632
vn -0.6331 0.7715 -0.0632
vn -0.4704 0.8802 -0.0632
vn -0.4704 0.8802 -0.0633
vn -0.2897 0.9550 -0.0633
vn -0.2897 0.9550 -0.0632
vn -0.0979 0.9932 -0.0632
vn -0.0978 0.9932 -0.0633
vn -0.8802 0.4705 -0.0632
vn -0.0278 0.0917 0.9954
vn -0.0094 0.0954 0.9954
vn 0.0408 -0.4144 0.9092
vn 0.1209 -0.3985 0.9092
vn 0.1963 -0.3672 0.9092
vn 0.2642 -0.3219 0.9092
vn 0.5167 -0.6296 0.5801
vn 0.0967 -0.9818 0.1634
vn 0.0799 -0.8106 0.5801
vn 0.0799 -0.8106 0.5802
vn 0.6259 -0.7626 -0.1635
vn 0.6343 -0.7729 -0.0160
vn 0.4713 -0.8818 -0.0160
vn 0.4713 -0.8818 0.0160
vn 0.4650 -0.8701 0.1635
vn 0.4651 -0.8701 0.1635
vn 0.3840 -0.7183 0.5801
vn 0.3839 -0.7183 0.5801
vn 0.2364 -0.7794 0.5802
vn 0.2364 -0.7794 0.5801
vn 0.2864 -0.9441 0.1635
vn 0.2902 -0.9568 0.0160
vn 0.2902 -0.9568 -0.0160
vn 0.4650 -0.8701 -0.1635
vn 0.6258 -0.7626 -0.1635
vn 0.5167 -0.6296 -0.5801
vn 0.6296 -0.5167 -0.5801
vn 0.2642 -0.3219 -0.9092
vn 0.3840 -0.7183 -0.5801
vn 0.4651 -0.8701 -0.1635
vn 0.2864 -0.9441 -0.1635
vn 0.0980 -0.9951 -0.0160
vn 0.0980 -0.9951 0.0160
vn 0.0967 -0.9818 0.1635
vn 0.0967 -0.9818 -0.1635
vn 0.2364 -0.7794 -0.5801
vn 0.3839 -0.7183 -0.5801
vn 0.1963 -0.3672 -0.9092
vn -0.0452 0.0845 -0.9954
vn -0.4704 0.8802 0.0633
vn -0.4704 0.8802 0.0632
vn -0.0278 0.0917 -0.9954
vn -0.2897 0.9550 0.0633
vn -0.2897 0.9550 0.0632
vn -0.0979 0.9932 0.0632
vn -0.0978 0.9932 0.0633
vn -0.0094 0.0954 -0.9954
vn 0.0408 -0.4144 -0.9092
vn 0.1209 -0.3985 -0.9092
vn 0.0799 -0.8106 -0.5801
vn 0.0967 -0.9818 -0.1634
vn 0.0799 -0.8106 -0.5802
vn -0.0015 -0.1457 0.9893
vn -0.0287 -0.1097 0.9936
vn 0.0000 -0.1446 0.9895
vn -0.0000 -0.1441 0.9896
vn 0.0031 -0.1446 0.9895
vn 0.0029 -0.1457 0.9893
vn -0.0014 -0.1446 0.9895
vn -0.0014 -0.1444 0.9895
vn 0.1252 -0.0723 0.9895
vn 0.1476 -0.0581 0.9873
vn 0.2342 -0.2949 0.9264
vn 0.0756 -0.0987 0.9922
vn 0.0739 -0.1095 0.9912
vn 0.0786 -0.1234 0.9892
vn 0.0704 -0.1824 0.9807
vn 0.0493 -0.0682 0.9965
vn 0.1318 0.0092 0.9912
vn 0.1232 0.0161 0.9922
vn 0.3725 0.0554 0.9264
vn 0.1244 -0.0734 0.9895
vn 0.1245 -0.0735 0.9895
vn 0.1277 -0.0704 0.9893
vn 0.1255 -0.0741 0.9893
vn 0.0806 -0.0797 0.9936
vn 0.0741 -0.0830 0.9938
vn 0.1116 -0.0459 0.9927
vn 0.1132 -0.0457 0.9925
vn 0.1248 -0.0721 0.9896
vn 0.1268 -0.0696 0.9895
vn 0.1236 -0.0377 0.9916
vn 0.1417 -0.0352 0.9893
vn 0.1997 -0.0678 0.9775
vn 0.1251 -0.0767 0.9892
vn 0.1203 -0.0715 0.9902
vn -0.0954 0.0094 0.9954
vn 0.4144 0.0408 0.9092
vn -0.9550 0.2897 -0.0632
vn -0.9932 0.0979 -0.0632
vn -0.9932 0.0978 -0.0633
vn -0.9932 -0.0978 -0.0633
vn -0.0954 -0.0094 0.9954
vn 0.3985 0.1209 0.9092
vn 0.3672 0.1963 0.9092
vn 0.6296 0.5167 0.5801
vn 0.7183 0.3840 0.5801
vn 0.7183 0.3839 0.5801
vn 0.7794 0.2364 0.5802
vn 0.7794 0.2364 0.5801
vn 0.8106 0.0798 0.5801
vn 0.8106 0.0799 0.5801
vn 0.8106 -0.0799 0.5801
vn 0.4144 -0.0408 0.9092
vn 0.4713 0.8818 0.0160
vn 0.6343 0.7729 0.0160
vn 0.6259 0.7626 0.1635
vn 0.7626 0.6258 0.1635
vn 0.8701 0.4651 0.1635
vn 0.9441 0.2864 0.1635
vn 0.9818 0.0967 0.1635
vn 0.6343 0.7729 -0.0160
vn 0.7729 0.6343 0.0160
vn 0.8818 0.4713 0.0160
vn 0.9568 0.2902 0.0160
vn 0.9951 0.0980 0.0160
vn 0.8106 0.0798 -0.5801
vn 0.9818 0.0967 -0.1635
vn 0.9951 0.0980 -0.0160
vn 0.9568 0.2902 -0.0160
vn 0.8106 0.0799 -0.5801
vn 0.9441 0.2864 -0.1635
vn 0.7794 0.2364 -0.5801
vn 0.8818 0.4713 -0.0160
vn 0.8701 0.4651 -0.1635
vn 0.7184 0.3840 -0.5801
vn 0.7183 0.3839 -0.5801
vn 0.3672 0.1963 -0.9092
vn 0.3985 0.1209 -0.9092
vn 0.7729 0.6343 -0.0160
vn 0.7626 0.6258 -0.1635
vn 0.6296 0.5167 -0.5801
vn 0.3219 0.2642 -0.9092
vn -0.0741 -0.0608 -0.9954
vn -0.0845 -0.0452 -0.9954
vn 0.2642 0.3219 -0.9092
vn 0.4144 0.0408 -0.9092
vn -0.0917 -0.0278 -0.9954
vn -0.9550 -0.2897 0.0632
vn -0.8802 -0.4704 0.0632
vn -0.8802 -0.4705 0.0631
vn -0.7715 -0.6331 0.0632
vn -0.9932 -0.0979 0.0632
vn -0.9932 0.0978 0.0632
vn -0.9932 0.0978 0.0633
vn -0.9932 -0.0978 0.0633
vn -0.0954 -0.0094 -0.9954
vn -0.0954 0.0094 -0.9954
vn 0.4144 -0.0408 -0.9092
vn 0.9568 -0.2902 -0.0160
vn 0.9441 -0.2864 -0.1635
vn 0.7794 -0.2364 -0.5802
vn 0.7794 -0.2364 -0.5801
vn 0.3985 -0.1209 -0.9092
vn -0.0917 0.0278 -0.9954
vn -0.9550 0.2897 0.0632
vn -0.0845 0.0452 -0.9954
vn 0.3672 -0.1963 -0.9092
vn 0.7183 -0.3839 -0.5802
vn 0.7183 -0.3840 -0.5801
vn 0.8701 -0.4651 -0.1635
vn 0.7626 -0.6258 -0.1635
vn 0.3219 -0.2642 -0.9092
vn -0.0741 0.0608 -0.9954
vn -0.8802 0.4704 0.0632
vn -0.8802 0.4705 0.0632
vn -0.7715 0.6331 0.0632
vn -0.6331 0.7715 0.0632
vn -0.0608 0.0741 -0.9954
vn 0.0799 0.8106 0.5802
vn 0.0408 0.4144 0.9092
vn 0.0967 0.9818 0.1634
vn 0.0799 0.8106 0.5801
vn 0.2364 0.7794 0.5801
vn 0.1209 0.3985 0.9092
vn -0.0278 -0.0917 0.9954
vn -0.0094 -0.0954 0.9954
vn -0.0978 -0.9932 -0.0633
vn -0.0979 -0.9932 -0.0632
vn 0.1963 0.3672 0.9092
vn 0.3219 0.2642 0.9092
vn 0.2642 0.3219 0.9092
vn 0.3839 0.7183 0.5801
vn 0.2364 0.7794 0.5802
vn 0.2864 0.9441 0.1635
vn 0.0967 0.9818 0.1635
vn 0.4650 0.8701 0.1635
vn 0.6258 0.7626 0.1635
vn 0.5167 0.6296 0.5801
vn 0.3840 0.7183 0.5801
vn 0.4651 0.8701 0.1635
vn 0.2902 0.9568 0.0160
vn 0.2902 0.9568 -0.0160
vn 0.0980 0.9951 0.0160
vn 0.0980 0.9951 -0.0160
vn 0.2864 0.9441 -0.1635
vn 0.0967 0.9818 -0.1635
vn 0.0967 0.9818 -0.1634
vn 0.0799 0.8106 -0.5802
vn 0.0799 0.8106 -0.5801
vn 0.2364 0.7794 -0.5801
vn 0.2364 0.7794 -0.5802
vn 0.3839 0.7183 -0.5801
vn 0.3840 0.7183 -0.5801
vn 0.4651 0.8701 -0.1635
vn 0.4650 0.8701 -0.1635
vn 0.4713 0.8818 -0.0160
vn 0.0408 0.4144 -0.9092
vn 0.1209 0.3985 -0.9092
vn 0.1963 0.3672 -0.9092
vn 0.5167 0.6296 -0.5801
vn 0.6258 0.7626 -0.1635
vn 0.6259 0.7626 -0.1635
vn -0.0278 -0.0917 -0.9954
vn -0.0452 -0.0845 -0.9954
vn -0.0608 -0.0741 -0.9954
vn -0.6331 -0.7715 0.0632
vn -0.6331 -0.7714 0.0632
vn -0.4704 -0.8802 0.0632
vn -0.4704 -0.8802 0.0633
vn -0.2897 -0.9550 0.0633
vn -0.2897 -0.9550 0.0632
vn -0.0979 -0.9932 0.0632
vn -0.0978 -0.9932 0.0633
vn -0.0094 -0.0954 -0.9954
vn -0.1252 -0.0723 0.9895
vn -0.1236 -0.0750 0.9895
vn -0.1248 -0.0720 0.9896
vn -0.1094 -0.0300 0.9936
vn -0.1270 -0.0716 0.9893
vn -0.1248 -0.0754 0.9893
vn -0.1259 -0.0711 0.9895
vn -0.1285 -0.0762 0.9888
vn -0.1242 -0.0734 0.9895
vn -0.1252 0.0723 0.9895
vn -0.3725 -0.0554 0.9264
vn -0.1232 -0.0161 0.9922
vn -0.1318 -0.0092 0.9912
vn -0.1462 -0.0064 0.9892
vn -0.1932 0.0302 0.9807
vn -0.0837 -0.0086 0.9965
vn -0.1241 -0.0988 0.9873
vn -0.1258 -0.0710 0.9895
vn 0.0018 -0.1494 0.9888
vn 0.0015 -0.1443 0.9895
vn -0.0344 -0.0768 0.9965
vn -0.1228 -0.1522 0.9807
vn -0.0676 -0.1298 0.9892
vn -0.0579 -0.1188 0.9912
vn -0.0477 -0.1148 0.9922
vn -0.1383 -0.3503 0.9264
vn 0.0235 -0.1569 0.9873
vn -0.0168 -0.9999 0.0001
vn 0.2348 -0.9711 -0.0429
vn 0.5303 -0.8437 -0.0835
vn 0.6524 -0.7517 -0.0961
vn 0.6668 -0.7389 -0.0974
vn 0.5101 0.8543 0.0998
vn -0.9240 0.2389 0.2985
vn -0.9571 -0.1123 0.2672
vn -0.8541 -0.4761 0.2094
vn -0.6510 -0.7454 0.1434
vn -0.3138 -0.9476 0.0600
vn -0.3138 -0.9476 0.0601
vn -0.3285 -0.9424 0.0634
vn -0.3283 -0.9424 0.0635
vn 0.0225 -0.9997 -0.0071
vn 0.4019 -0.9132 -0.0675
vn 0.4020 -0.9132 -0.0675
vn 0.6271 -0.7732 -0.0939
vn 0.6272 -0.7732 -0.0938
vn -0.4848 -0.8689 0.0998
vn -0.8950 0.3278 0.3026
vn -0.9605 -0.0266 0.2769
vn -0.8934 -0.3882 0.2260
vn -0.6519 -0.7446 0.1437
vn -0.6516 -0.7448 0.1439
vn 0.8135 0.5814 0.0116
vn 0.8136 0.5814 0.0115
vn 0.3585 0.9245 0.1297
vn 0.3538 0.9257 0.1335
vn -0.1529 0.9604 0.2331
vn -0.4856 0.8280 0.2803
vn -0.7257 0.6180 0.3023
vn 0.9442 0.3276 -0.0355
vn 0.9967 -0.0076 -0.0805
vn 0.9392 -0.3274 -0.1038
vn -0.4849 -0.8689 0.0997
vn -0.6540 0.6951 0.2984
vn -0.6489 0.6993 0.3000
vn -0.5554 0.7789 0.2913
vn -0.5468 0.7840 0.2938
vn -0.3497 0.8972 0.2696
vn -0.3495 0.8973 0.2697
vn 0.2277 0.9588 0.1698
vn 0.2118 0.9631 0.1658
vn 0.7058 0.7068 0.0481
vn 0.7056 0.7069 0.0483
vn 0.7338 -0.6716 -0.1026
vn 0.2655 -0.9629 -0.0477
vn 0.2654 -0.9629 -0.0477
vn -0.7937 -0.5787 0.1874
vn -0.7772 -0.6024 0.1818
vn -0.7739 -0.6078 0.1781
vn -0.4197 -0.9040 0.0810
vn -0.4204 -0.9037 0.0809
vn 0.1083 -0.9939 -0.0222
vn 0.4740 -0.8772 -0.0768
vn 0.7636 -0.6372 -0.1044
vn 0.9362 -0.3357 -0.1041
vn 0.9937 0.0877 -0.0699
vn 0.8893 0.3237 0.3229
vn 0.7250 0.6083 0.3229
vn 0.7250 0.6084 0.3229
vn 0.4732 0.8196 0.3229
vn 0.1643 0.9320 0.3229
vn 0.1643 -0.9320 0.3229
vn 0.4732 -0.8196 0.3229
vn 0.7250 -0.6084 0.3229
vn 0.8893 -0.3237 0.3229
vn 0.9464 -0.0000 0.3229
vn 0.0348 0.3979 0.9168
vn 0.1034 0.3858 0.9168
vn -0.0000 -0.0000 1.0000
vn 0.2171 0.3100 0.9256
vn 0.1688 0.3620 0.9168
vn 0.2676 0.2676 0.9256
vn 0.2291 0.3272 0.9168
vn 0.2824 0.2824 0.9168
vn 0.3272 0.2291 0.9168
vn 0.3620 0.1688 0.9168
vn 0.3858 0.1034 0.9168
vn 0.3979 0.0348 0.9168
vn 0.3100 0.2171 0.9256
vn 0.3656 0.0980 0.9256
vn 0.3430 0.1599 0.9256
vn 0.3770 0.0330 0.9256
vn 0.3979 -0.0348 0.9168
vn 0.3858 -0.1034 0.9168
vn 0.3620 -0.1688 0.9168
vn 0.3272 -0.2291 0.9168
vn 0.1599 -0.3430 0.9256
vn 0.2171 -0.3100 0.9256
vn 0.2291 -0.3272 0.9168
vn 0.0348 -0.3979 0.9168
vn 0.1034 -0.3858 0.9168
vn 0.1688 -0.3620 0.9168
vn -0.1034 -0.3858 0.9168
vn -0.0348 -0.3979 0.9168
vn 0.0980 -0.3656 0.9256
vn 0.0330 -0.3770 0.9256
vn -0.2291 -0.3272 0.9168
vn -0.1688 -0.3620 0.9168
vn -0.0980 -0.3656 0.9256
vn -0.0330 -0.3770 0.9256
vn -0.1599 -0.3430 0.9256
vn -0.2824 -0.2824 0.9168
vn -0.3272 -0.2291 0.9168
vn -0.3620 -0.1688 0.9168
vn -0.3858 -0.1034 0.9168
vn -0.3430 -0.1599 0.9256
vn -0.3656 -0.0980 0.9256
vn -0.3100 -0.2171 0.9256
vn -0.2171 -0.3100 0.9256
vn -0.2676 -0.2676 0.9256
vn -0.8893 -0.3237 0.3229
vn -0.7250 -0.6084 0.3229
vn -0.4732 -0.8196 0.3229
vn -0.1643 -0.9320 0.3229
vn -0.1643 0.9320 0.3229
vn -0.4732 0.8196 0.3229
vn -0.7250 0.6084 0.3229
vn -0.8893 0.3237 0.3229
vn -0.9464 0.0000 0.3229
vn 0.3656 -0.0980 0.9256
vn 0.3770 -0.0330 0.9256
vn 0.3430 -0.1599 0.9256
vn 0.3100 -0.2171 0.9256
vn 0.2676 -0.2676 0.9256
vn 0.2824 -0.2824 0.9168
vn -0.3656 0.0980 0.9256
vn -0.3858 0.1034 0.9168
vn -0.3979 0.0348 0.9168
vn -0.3979 -0.0348 0.9168
vn -0.3770 0.0330 0.9256
vn -0.3770 -0.0330 0.9256
vn -0.3430 0.1599 0.9256
vn -0.3620 0.1688 0.9168
vn -0.3272 0.2291 0.9168
vn -0.3100 0.2171 0.9256
vn -0.2171 0.3100 0.9256
vn -0.2676 0.2676 0.9256
vn -0.2824 0.2824 0.9168
vn -0.2291 0.3272 0.9168
vn -0.1688 0.3620 0.9168
vn -0.0348 0.3979 0.9168
vn -0.1034 0.3858 0.9168
vn 0.0330 0.3770 0.9256
vn -0.1599 0.3430 0.9256
vn -0.0330 0.3770 0.9256
vn 0.0980 0.3656 0.9256
vn -0.0980 0.3656 0.9256
vn 0.1599 0.3430 0.9256
vn -0.2047 0.7641 -0.6118
vn -0.0689 0.7880 -0.6118
vn -0.3343 0.7169 -0.6118
vn -0.4207 0.9023 -0.0942
vn -0.2577 0.9616 -0.0942
vn -0.0868 0.9918 -0.0942
vn -0.4537 0.6480 -0.6118
vn -0.5710 0.8155 -0.0942
vn -0.5710 0.8155 0.0942
vn -0.4207 0.9023 0.0942
vn -0.2577 0.9616 0.0942
vn -0.5594 0.5594 -0.6118
vn -0.7040 0.7040 -0.0942
vn -0.7040 0.7040 0.0942
vn -0.9023 0.4207 0.0942
vn -0.8155 0.5710 0.0942
vn -0.9023 0.4207 -0.0942
vn -0.8155 0.5710 -0.0942
vn -0.6480 0.4537 -0.6118
vn -0.7169 0.3343 -0.6118
vn -0.7641 0.2047 -0.6118
vn -0.9616 0.2577 -0.0942
vn -0.9616 0.2577 0.0942
vn -0.9918 0.0868 0.0942
vn -0.9918 0.0868 -0.0942
vn -0.7880 0.0689 -0.6118
vn -0.5594 0.5594 0.6118
vn -0.6480 0.4537 0.6118
vn -0.7169 0.3343 0.6118
vn -0.7641 0.2047 0.6118
vn -0.7880 0.0689 0.6118
vn -0.4537 0.6480 0.6118
vn -0.3343 0.7169 0.6118
vn -0.2047 0.7641 0.6118
vn -0.0689 0.7880 0.6118
vn 0.0689 0.7880 0.6118
vn 0.0868 0.9918 0.0942
vn 0.2577 0.9616 0.0942
vn 0.4537 0.6480 -0.6118
vn 0.3343 0.7169 -0.6118
vn 0.4207 0.9023 -0.0942
vn 0.4207 0.9023 0.0942
vn 0.2047 0.7641 0.6118
vn 0.2577 0.9616 -0.0942
vn 0.2047 0.7641 -0.6118
vn -0.0868 0.9918 0.0942
vn 0.0868 0.9918 -0.0942
vn 0.0689 0.7880 -0.6118
vn -0.0000 -0.0000 -1.0000
vn -0.9962 -0.0872 0.0000
vn -0.7880 -0.0689 0.6118
vn -0.9918 -0.0868 0.0942
vn -0.9918 -0.0868 -0.0942
vn -0.7880 -0.0689 -0.6118
vn -0.9659 -0.2588 0.0000
vn -0.7641 -0.2047 0.6118
vn -0.9616 -0.2577 0.0942
vn -0.9616 -0.2577 -0.0942
vn -0.7641 -0.2047 -0.6118
vn -0.7169 -0.3343 -0.6118
vn -0.6480 -0.4537 -0.6118
vn -0.9023 -0.4207 0.0942
vn -0.9023 -0.4207 -0.0942
vn -0.8155 -0.5710 -0.0942
vn -0.8155 -0.5710 0.0942
vn -0.7169 -0.3343 0.6118
vn -0.7040 -0.7040 0.0942
vn -0.6480 -0.4537 0.6118
vn -0.9063 -0.4226 0.0000
vn -0.0872 -0.9962 0.0000
vn -0.2588 -0.9659 -0.0000
vn -0.2047 -0.7641 0.6118
vn -0.3343 -0.7169 0.6118
vn -0.4207 -0.9023 0.0942
vn -0.5710 -0.8155 0.0942
vn -0.5710 -0.8155 -0.0942
vn -0.7040 -0.7040 -0.0942
vn -0.5594 -0.5594 -0.6118
vn -0.4537 -0.6480 -0.6118
vn -0.3343 -0.7169 -0.6118
vn -0.4207 -0.9023 -0.0942
vn -0.8192 -0.5736 0.0000
vn -0.7071 -0.7071 0.0000
vn -0.5736 -0.8192 0.0000
vn -0.4226 -0.9063 0.0000
vn -0.2047 -0.7641 -0.6118
vn -0.2577 -0.9616 -0.0942
vn -0.2577 -0.9616 0.0942
vn -0.0868 -0.9918 0.0942
vn -0.0689 -0.7880 0.6118
vn 0.0689 -0.7880 0.6118
vn 0.2577 -0.9616 0.0942
vn 0.0868 -0.9918 0.0942
vn -0.0868 -0.9918 -0.0942
vn -0.0689 -0.7880 -0.6118
vn 0.0868 -0.9918 -0.0942
vn 0.2577 -0.9616 -0.0942
vn 0.0689 -0.7880 -0.6118
vn 0.0872 -0.9962 0.0000
vn 0.2588 -0.9659 0.0000
vn 0.4226 -0.9063 -0.0000
vn 0.2047 -0.7641 -0.6118
vn 0.7071 -0.7071 0.0000
vn 0.5736 -0.8192 0.0000
vn 0.3343 -0.7169 -0.6118
vn 0.4207 -0.9023 -0.0942
vn 0.4207 -0.9023 0.0942
vn 0.5594 -0.5594 -0.6118
vn 0.4537 -0.6480 -0.6118
vn 0.5710 -0.8155 -0.0942
vn 0.7040 -0.7040 -0.0942
vn 0.8155 -0.5710 -0.0942
vn 0.8155 -0.5710 0.0942
vn 0.9023 -0.4207 -0.0942
vn 0.9023 -0.4207 0.0942
vn 0.9616 -0.2577 -0.0942
vn 0.7641 -0.2047 -0.6118
vn 0.7169 -0.3343 -0.6118
vn 0.6480 -0.4537 -0.6118
vn 0.7880 -0.0689 -0.6118
vn 0.9962 -0.0872 -0.0000
vn 0.9659 -0.2588 -0.0000
vn 0.9063 -0.4226 -0.0000
vn 0.8192 -0.5736 -0.0000
vn 0.7641 -0.2047 0.6118
vn 0.9616 -0.2577 0.0942
vn 0.9918 -0.0868 -0.0942
vn 0.9918 -0.0868 0.0942
vn 0.7880 -0.0689 0.6118
vn 0.5710 -0.8155 0.0942
vn 0.7040 -0.7040 0.0942
vn 0.6480 -0.4537 0.6118
vn 0.7169 -0.3343 0.6118
vn 0.2047 -0.7641 0.6118
vn 0.3343 -0.7169 0.6118
vn 0.4537 -0.6480 0.6118
vn 0.5594 -0.5594 0.6118
vn -0.9441 0.2864 0.1635
vn -0.7794 0.2364 0.5801
vn -0.9568 0.2902 0.0160
vn -0.8701 0.4651 0.1635
vn -0.7183 0.3840 0.5801
vn -0.3672 0.1963 0.9092
vn -0.3985 0.1209 0.9092
vn -0.8106 0.0798 0.5801
vn -0.9818 0.0967 0.1635
vn -0.9951 0.0980 0.0160
vn -0.8106 0.0799 0.5801
vn -0.9818 -0.0967 0.1635
vn -0.8106 -0.0798 0.5801
vn -0.8106 -0.0799 0.5801
vn -0.4144 -0.0408 0.9092
vn -0.4144 0.0408 0.9092
vn 0.0917 -0.0278 0.9954
vn 0.0845 -0.0452 0.9954
vn 0.0954 -0.0094 0.9954
vn 0.9932 0.0978 -0.0633
vn 0.0954 0.0094 0.9954
vn -0.3985 -0.1209 0.9092
vn -0.7794 -0.2364 0.5801
vn -0.9441 -0.2864 0.1635
vn -0.9568 -0.2902 0.0160
vn 0.0917 0.0278 0.9954
vn -0.3672 -0.1963 0.9092
vn -0.7183 -0.3840 0.5801
vn -0.8701 -0.4651 0.1635
vn -0.8818 -0.4713 0.0160
vn -0.7729 -0.6343 -0.0160
vn -0.7729 -0.6343 0.0160
vn -0.7626 -0.6259 0.1635
vn -0.6296 -0.5167 0.5801
vn -0.3219 -0.2642 0.9092
vn 0.0741 0.0608 0.9954
vn -0.6343 -0.7729 0.0160
vn -0.6259 -0.7626 0.1635
vn -0.6258 -0.7626 0.1635
vn -0.5167 -0.6296 0.5801
vn -0.3840 -0.7183 0.5801
vn -0.3839 -0.7183 0.5801
vn -0.2364 -0.7794 0.5801
vn -0.0967 -0.9818 0.1634
vn -0.0967 -0.9818 0.1635
vn -0.2864 -0.9441 0.1635
vn -0.4651 -0.8701 0.1635
vn -0.4650 -0.8701 0.1635
vn -0.4713 -0.8818 0.0160
vn -0.0980 -0.9951 0.0160
vn -0.2902 -0.9568 0.0160
vn -0.0967 -0.9818 -0.1634
vn -0.0967 -0.9818 -0.1635
vn -0.0980 -0.9951 -0.0160
vn -0.2902 -0.9568 -0.0160
vn -0.4713 -0.8818 -0.0160
vn -0.6343 -0.7729 -0.0160
vn -0.8818 -0.4713 -0.0160
vn -0.7626 -0.6259 -0.1635
vn -0.6259 -0.7626 -0.1635
vn -0.6258 -0.7626 -0.1635
vn -0.4650 -0.8701 -0.1635
vn -0.4651 -0.8701 -0.1635
vn -0.2864 -0.9441 -0.1635
vn -0.9568 -0.2903 0.0160
vn -0.9568 -0.2903 -0.0160
vn -0.8701 -0.4651 -0.1635
vn -0.7626 -0.6258 -0.1635
vn -0.6296 -0.5167 -0.5801
vn -0.5167 -0.6296 -0.5801
vn -0.3840 -0.7183 -0.5801
vn -0.3839 -0.7183 -0.5801
vn -0.1963 -0.3672 -0.9092
vn -0.2642 -0.3219 -0.9092
vn 0.0741 0.0608 -0.9954
vn 0.0608 0.0741 -0.9954
vn 0.0452 0.0845 -0.9954
vn -0.1209 -0.3985 -0.9092
vn -0.2364 -0.7794 -0.5801
vn -0.0799 -0.8106 -0.5801
vn -0.0799 -0.8106 -0.5802
vn -0.0408 -0.4144 -0.9092
vn 0.0094 0.0954 -0.9954
vn 0.0278 0.0917 -0.9954
vn 0.2897 0.9550 0.0633
vn 0.2897 0.9550 0.0632
vn 0.0979 0.9932 0.0632
vn 0.0978 0.9932 0.0633
vn 0.4704 0.8802 0.0633
vn 0.4704 0.8802 0.0632
vn 0.6331 0.7714 0.0632
vn 0.7715 0.6331 0.0632
vn 0.8802 0.4705 0.0632
vn 0.8802 0.4704 0.0632
vn 0.9550 0.2897 0.0632
vn 0.0954 0.0094 -0.9954
vn -0.8106 0.0799 -0.5801
vn -0.8106 -0.0799 -0.5801
vn -0.4144 -0.0408 -0.9092
vn 0.0917 0.0278 -0.9954
vn 0.0845 0.0452 -0.9954
vn -0.3985 -0.1209 -0.9092
vn -0.4144 0.0408 -0.9092
vn -0.9568 0.2902 -0.0160
vn -0.9441 0.2864 -0.1635
vn -0.9818 0.0967 -0.1635
vn -0.9818 -0.0967 -0.1635
vn -0.8106 -0.0798 -0.5801
vn -0.7794 -0.2364 -0.5801
vn -0.3672 -0.1963 -0.9092
vn -0.7183 -0.3840 -0.5801
vn -0.7794 -0.2364 -0.5802
vn -0.9441 -0.2864 -0.1635
vn -0.9951 -0.0980 -0.0160
vn -0.9951 0.0980 -0.0160
vn -0.3219 -0.2642 -0.9092
vn -0.9568 -0.2902 -0.0160
vn -0.9951 -0.0980 0.0160
vn 0.2902 -0.9565 -0.0288
vn 0.2901 -0.9565 -0.0289
vn 0.0980 -0.9948 -0.0289
vn 0.0980 -0.9948 -0.0288
vn -0.0980 -0.9948 -0.0288
vn -0.0980 -0.9948 -0.0289
vn -0.2901 -0.9565 -0.0289
vn -0.4244 -0.7941 -0.4350
vn -0.2614 -0.8617 -0.4350
vn -0.0882 -0.8961 -0.4350
vn -0.0883 -0.8961 -0.4349
vn 0.0883 -0.8961 -0.4349
vn 0.0882 -0.8961 -0.4350
vn 0.2614 -0.8617 -0.4349
vn 0.2614 -0.8617 -0.4350
vn 0.4244 -0.7941 -0.4350
vn 0.4245 -0.7941 -0.4349
vn 0.5713 -0.6961 -0.4349
vn 0.6961 -0.5713 -0.4349
vn 0.6961 -0.5712 -0.4350
vn 0.7727 -0.6341 -0.0288
vn 0.4712 -0.8816 -0.0288
vn 0.6341 -0.7727 -0.0288
vn 0.6341 -0.7727 -0.0289
vn 0.7727 -0.6341 -0.0289
vn 0.7727 -0.6341 0.0289
vn 0.6341 -0.7727 0.0289
vn 0.6341 -0.7727 0.0288
vn 0.4712 -0.8815 0.0288
vn 0.2614 -0.8617 0.4350
vn 0.4244 -0.7941 0.4350
vn 0.4245 -0.7941 0.4349
vn 0.5713 -0.6961 0.4349
vn 0.6961 -0.5713 0.4349
vn 0.7727 -0.6341 0.0288
vn 0.8815 -0.4712 0.0288
vn 0.8815 -0.4712 -0.0288
vn 0.8816 -0.4712 -0.0288
vn 0.9948 -0.0980 -0.0288
vn 0.9948 -0.0979 -0.0289
vn 0.9565 -0.2902 -0.0289
vn 0.9565 -0.2902 -0.0288
vn 0.9565 -0.2902 0.0288
vn 0.7941 -0.4245 0.4350
vn 0.6961 -0.5712 0.4350
vn 0.7941 -0.4245 -0.4350
vn 0.8617 -0.2614 -0.4350
vn 0.8961 -0.0882 -0.4350
vn 0.8961 -0.0883 -0.4349
vn 0.8961 -0.0883 0.4349
vn 0.8961 -0.0882 0.4350
vn 0.9948 -0.0980 0.0289
vn 0.9948 -0.0979 0.0289
vn 0.9565 -0.2902 0.0289
vn 0.8617 -0.2614 0.4350
vn -0.8222 -0.0719 -0.5647
vn -0.7972 -0.2136 -0.5647
vn -0.7480 -0.3488 -0.5647
vn -0.6761 -0.4734 -0.5647
vn -0.5836 -0.5836 -0.5647
vn -0.4734 -0.6761 -0.5647
vn -0.3488 -0.7480 -0.5647
vn -0.2136 -0.7972 -0.5647
vn -0.0719 -0.8222 -0.5647
vn 0.0719 -0.8222 -0.5647
vn 0.2136 -0.7972 -0.5647
vn 0.3488 -0.7480 -0.5647
vn 0.4734 -0.6761 -0.5647
vn 0.5836 -0.5836 -0.5647
vn 0.6761 -0.4734 -0.5647
vn 0.7480 -0.3488 -0.5647
vn 0.7972 -0.2136 -0.5647
vn 0.8222 -0.0719 -0.5647
vn 0.7040 0.7040 0.0942
vn 0.5710 0.8155 0.0942
vn 0.4537 0.6480 0.6118
vn 0.3343 0.7169 0.6118
vn 0.5710 0.8155 -0.0942
vn 0.7040 0.7040 -0.0942
vn 0.8155 0.5710 -0.0942
vn 0.9023 0.4207 -0.0942
vn 0.9023 0.4207 0.0942
vn 0.8155 0.5710 0.0942
vn 0.9616 0.2577 -0.0942
vn 0.7641 0.2047 -0.6118
vn 0.7169 0.3343 -0.6118
vn 0.6480 0.4537 -0.6118
vn 0.5594 0.5594 -0.6118
vn 0.7880 0.0689 -0.6118
vn 0.9918 0.0868 -0.0942
vn 0.9918 0.0868 0.0942
vn 0.7880 0.0689 0.6118
vn 0.5594 0.5594 0.6118
vn 0.6480 0.4537 0.6118
vn 0.7169 0.3343 0.6118
vn 0.7641 0.2047 0.6118
vn 0.9616 0.2577 0.0942
vn -0.5594 -0.5594 0.6118
vn -0.4537 -0.6480 0.6118
vn -0.5713 -0.6961 0.4349
vn -0.8617 -0.2614 0.4350
vn -0.7941 -0.4245 0.4350
vn -0.6961 -0.5712 0.4350
vn -0.6961 -0.5713 0.4349
vn -0.6341 -0.7727 0.0288
vn -0.6341 -0.7727 0.0289
vn -0.6341 -0.7727 -0.0289
vn -0.7727 -0.6341 -0.0289
vn -0.7727 -0.6341 0.0289
vn -0.7727 -0.6341 0.0288
vn -0.8816 -0.4712 0.0288
vn -0.9565 -0.2902 0.0288
vn -0.9948 -0.0980 0.0288
vn -0.9948 0.0980 0.0288
vn -0.9565 0.2902 0.0288
vn -0.8816 0.4712 0.0288
vn -0.7941 0.4245 0.4350
vn -0.8617 0.2614 0.4350
vn -0.8961 0.0882 0.4350
vn -0.8961 0.0883 0.4349
vn -0.8961 -0.0883 0.4349
vn -0.8961 -0.0882 0.4350
vn -0.6961 0.5712 0.4350
vn -0.9565 0.2902 -0.0288
vn -0.8816 0.4712 -0.0288
vn -0.8815 0.4712 -0.0288
vn -0.8815 0.4712 0.0288
vn -0.7727 0.6341 0.0288
vn -0.6961 0.5713 0.4349
vn -0.5713 0.6961 0.4349
vn -0.4245 0.7941 0.4349
vn -0.4244 0.7941 0.4350
vn -0.0980 0.9948 0.0289
vn -0.2901 0.9565 0.0289
vn -0.2902 0.9565 0.0288
vn -0.4712 0.8816 0.0288
vn -0.4712 0.8815 0.0288
vn -0.6341 0.7727 0.0288
vn -0.6341 0.7727 0.0289
vn -0.7727 0.6341 0.0289
vn -0.7727 0.6341 -0.0289
vn -0.7727 0.6341 -0.0288
vn -0.4712 0.8815 -0.0288
vn -0.2902 0.9565 -0.0288
vn -0.2901 0.9565 -0.0289
vn -0.0980 0.9948 -0.0289
vn -0.0980 0.9948 -0.0288
vn 0.0980 0.9948 -0.0288
vn 0.0980 0.9948 -0.0289
vn 0.2901 0.9565 -0.0289
vn 0.2902 0.9565 -0.0288
vn -0.0882 0.8961 -0.4350
vn -0.2614 0.8617 -0.4350
vn -0.4244 0.7941 -0.4350
vn -0.4245 0.7941 -0.4349
vn -0.5713 0.6961 -0.4349
vn -0.6341 0.7727 -0.0288
vn -0.6341 0.7727 -0.0289
vn 0.4712 0.8815 -0.0288
vn 0.6341 0.7727 -0.0288
vn 0.6341 0.7727 -0.0289
vn 0.0980 0.9948 0.0289
vn 0.2901 0.9565 0.0289
vn 0.2902 0.9565 0.0288
vn 0.4712 0.8816 0.0288
vn 0.4712 0.8815 0.0288
vn 0.6342 0.7727 0.0288
vn 0.6341 0.7727 0.0289
vn 0.7727 0.6341 0.0289
vn 0.7727 0.6341 -0.0289
vn 0.7727 0.6341 -0.0288
vn 0.6961 0.5713 0.4349
vn 0.5713 0.6961 0.4349
vn 0.4245 0.7941 0.4349
vn 0.4244 0.7941 0.4350
vn 0.2614 0.8617 0.4350
vn 0.0882 0.8961 0.4350
vn 0.0980 0.9948 0.0288
vn -0.0980 0.9948 0.0288
vn -0.2614 0.8617 0.4350
vn -0.0882 0.8961 0.4350
vn -0.0883 0.8961 0.4349
vn 0.0883 0.8961 0.4349
vn 0.8961 0.0883 0.4349
vn 0.8961 0.0882 0.4350
vn 0.9948 0.0980 0.0289
vn 0.9565 0.2902 0.0289
vn 0.8617 0.2614 0.4350
vn 0.7941 0.4245 0.4350
vn 0.6961 0.5712 0.4350
vn 0.8815 0.4712 0.0288
vn 0.9565 0.2902 0.0288
vn 0.9565 0.2902 -0.0288
vn 0.9948 0.0980 -0.0288
vn 0.8961 0.0883 -0.4349
vn 0.8961 0.0882 -0.4350
vn 0.8617 0.2614 -0.4350
vn 0.7941 0.4245 -0.4350
vn 0.8815 0.4712 -0.0288
vn 0.7727 0.6341 0.0288
vn 0.6961 0.5712 -0.4350
vn 0.6961 0.5713 -0.4349
vn 0.5713 0.6961 -0.4349
vn 0.4245 0.7941 -0.4349
vn 0.4244 0.7941 -0.4350
vn 0.2614 0.8617 -0.4350
vn 0.0882 0.8961 -0.4350
vn 0.0883 0.8961 -0.4349
vn -0.0883 0.8961 -0.4349
vn -0.0799 0.8106 -0.5802
vn -0.0408 0.4144 -0.9092
vn -0.1963 0.3672 -0.9092
vn -0.1209 0.3985 -0.9092
vn -0.2364 0.7794 -0.5801
vn -0.0799 0.8106 -0.5801
vn -0.0967 0.9818 -0.1634
vn -0.3219 0.2642 -0.9092
vn -0.2642 0.3219 -0.9092
vn -0.3839 0.7183 -0.5801
vn -0.2364 0.7794 -0.5802
vn -0.2864 0.9441 -0.1635
vn -0.0967 0.9818 -0.1635
vn -0.0980 0.9951 -0.0160
vn -0.0980 0.9951 0.0160
vn -0.5167 0.6296 -0.5801
vn -0.3840 0.7183 -0.5801
vn -0.4651 0.8701 -0.1635
vn -0.2902 0.9568 -0.0160
vn -0.4713 0.8818 -0.0160
vn -0.6343 0.7729 -0.0160
vn -0.6259 0.7626 -0.1635
vn -0.6258 0.7626 -0.1635
vn -0.4650 0.8701 -0.1635
vn -0.2902 0.9568 0.0160
vn -0.4713 0.8818 0.0160
vn -0.6343 0.7729 0.0160
vn -0.7729 0.6343 0.0160
vn -0.7729 0.6343 -0.0160
vn -0.7626 0.6259 0.1635
vn -0.6259 0.7626 0.1635
vn -0.6258 0.7626 0.1635
vn -0.4650 0.8701 0.1635
vn -0.4651 0.8701 0.1635
vn -0.2864 0.9441 0.1635
vn -0.0967 0.9818 0.1635
vn -0.0967 0.9818 0.1634
vn -0.5167 0.6296 0.5801
vn -0.3840 0.7183 0.5801
vn -0.3839 0.7183 0.5802
vn -0.2364 0.7794 0.5802
vn -0.2364 0.7794 0.5801
vn -0.1209 0.3985 0.9092
vn -0.1963 0.3672 0.9092
vn 0.0452 -0.0845 0.9954
vn 0.0608 -0.0741 0.9954
vn 0.0741 -0.0608 0.9954
vn -0.2642 0.3219 0.9092
vn -0.0799 0.8106 0.5801
vn -0.0799 0.8106 0.5802
vn -0.0408 0.4144 0.9092
vn 0.0094 -0.0954 0.9954
vn 0.0278 -0.0917 0.9954
vn 0.4704 -0.8802 -0.0633
vn 0.4704 -0.8802 -0.0632
vn 0.0978 -0.9932 -0.0633
vn 0.0979 -0.9932 -0.0632
vn 0.2897 -0.9550 -0.0632
vn 0.2897 -0.9550 -0.0633
vn 0.6331 -0.7715 -0.0632
vn 0.7715 -0.6331 -0.0632
vn 0.8802 -0.4705 -0.0632
vn 0.8802 -0.4704 -0.0632
vn 0.9550 -0.2897 -0.0632
vn 0.9932 -0.0979 -0.0632
vn 0.9932 -0.0978 -0.0633
vn 0.0845 0.0452 0.9954
vn 0.9550 0.2897 -0.0632
vn 0.9932 0.0979 -0.0632
vn 0.6331 0.7714 -0.0632
vn 0.6331 0.7715 -0.0632
vn 0.7715 0.6331 -0.0632
vn 0.8802 0.4705 -0.0632
vn 0.8802 0.4704 -0.0632
vn 0.0452 0.0845 0.9954
vn 0.0608 0.0741 0.9954
vn -0.2642 -0.3219 0.9092
vn -0.1963 -0.3672 0.9092
vn -0.1209 -0.3985 0.9092
vn -0.0799 -0.8106 0.5801
vn -0.0799 -0.8106 0.5802
vn -0.0408 -0.4144 0.9092
vn 0.0094 0.0954 0.9954
vn 0.0278 0.0917 0.9954
vn 0.4704 0.8802 -0.0633
vn 0.4704 0.8802 -0.0632
vn 0.2897 0.9550 -0.0633
vn 0.2897 0.9550 -0.0632
vn 0.0979 0.9932 -0.0632
vn 0.0978 0.9932 -0.0633
vn 0.2902 -0.9565 0.0288
vn 0.2901 -0.9565 0.0289
vn 0.0980 -0.9948 0.0289
vn 0.0980 -0.9948 0.0288
vn -0.0980 -0.9948 0.0288
vn -0.0980 -0.9948 0.0289
vn -0.2901 -0.9565 0.0289
vn -0.2902 -0.9565 0.0288
vn -0.2902 -0.9565 -0.0288
vn -0.4712 -0.8816 -0.0288
vn -0.4245 -0.7941 -0.4349
vn -0.5713 -0.6961 -0.4349
vn -0.4712 -0.8816 0.0288
vn -0.4245 -0.7941 0.4349
vn -0.4244 -0.7941 0.4350
vn -0.2614 -0.8617 0.4350
vn -0.2614 -0.8617 0.4349
vn -0.0882 -0.8961 0.4350
vn -0.0883 -0.8961 0.4349
vn 0.0883 -0.8961 0.4349
vn 0.0882 -0.8961 0.4350
vn -0.8617 -0.2614 -0.4350
vn -0.7941 -0.4245 -0.4350
vn -0.6961 -0.5712 -0.4350
vn -0.6961 -0.5713 -0.4349
vn -0.6342 -0.7727 -0.0288
vn -0.4712 -0.8815 -0.0288
vn -0.4712 -0.8815 0.0288
vn -0.7727 -0.6342 -0.0288
vn -0.8815 -0.4712 -0.0288
vn -0.9565 -0.2902 -0.0288
vn -0.9565 -0.2902 -0.0289
vn -0.9948 -0.0980 -0.0289
vn -0.9948 0.0980 -0.0289
vn -0.9565 0.2902 -0.0289
vn -0.6961 0.5713 -0.4349
vn -0.6961 0.5712 -0.4350
vn -0.7941 0.4245 -0.4350
vn -0.8617 0.2614 -0.4350
vn -0.8961 0.0882 -0.4350
vn -0.8961 0.0883 -0.4349
vn -0.8961 -0.0883 -0.4349
vn -0.8961 -0.0882 -0.4350
vn 0.0917 -0.0278 -0.9954
vn 0.0845 -0.0452 -0.9954
vn 0.0741 -0.0608 -0.9954
vn 0.9932 -0.0979 0.0632
vn 0.9550 -0.2897 0.0632
vn 0.8802 -0.4704 0.0632
vn 0.8802 -0.4705 0.0632
vn 0.7715 -0.6331 0.0632
vn 0.0608 -0.0741 -0.9954
vn 0.0452 -0.0845 -0.9954
vn 0.2897 -0.9550 0.0633
vn 0.4704 -0.8802 0.0633
vn 0.4704 -0.8802 0.0632
vn 0.6331 -0.7715 0.0632
vn 0.0278 -0.0917 -0.9954
vn 0.2897 -0.9550 0.0632
vn 0.0979 -0.9932 0.0632
vn 0.0978 -0.9932 0.0633
vn 0.0094 -0.0954 -0.9954
vn 0.6296 -0.5167 0.5801
vn 0.7626 -0.6258 0.1635
vn 0.7729 -0.6343 0.0160
vn 0.8818 -0.4713 0.0160
vn 0.9568 -0.2902 0.0160
vn 0.8701 -0.4651 0.1635
vn 0.6258 -0.7626 0.1635
vn 0.6259 -0.7626 0.1635
vn 0.6343 -0.7729 0.0160
vn 0.7729 -0.6343 -0.0160
vn 0.8818 -0.4713 -0.0160
vn 0.9951 -0.0980 0.0160
vn 0.9951 -0.0980 -0.0160
vn 0.9818 -0.0967 -0.1635
vn 0.8106 -0.0798 -0.5801
vn 0.8106 -0.0799 -0.5801
vn 0.9818 -0.0967 0.1635
vn 0.9441 -0.2864 0.1635
vn 0.7794 -0.2364 0.5802
vn 0.7183 -0.3839 0.5802
vn 0.3672 -0.1963 0.9092
vn 0.3219 -0.2642 0.9092
vn -0.0741 0.0608 0.9954
vn -0.0452 0.0845 0.9954
vn 0.7184 -0.3840 0.5801
vn -0.0917 0.0278 0.9954
vn 0.3985 -0.1209 0.9092
vn 0.8106 -0.0798 0.5801
vn 0.7794 -0.2364 0.5801
vn -0.0845 0.0452 0.9954
vn -0.8802 0.4704 -0.0632
vn 0.5101 -0.8543 0.0998
vn -0.7314 -0.6112 0.3026
vn -0.4573 -0.8451 0.2769
vn -0.1105 -0.9678 0.2260
vn 0.3189 -0.9368 0.1437
vn 0.3193 -0.9367 0.1439
vn 0.6520 -0.7555 0.0634
vn 0.6519 -0.7556 0.0635
vn 0.8770 -0.4804 -0.0071
vn 0.9918 -0.1086 -0.0675
vn 0.9918 -0.1085 -0.0675
vn 0.9832 0.1565 -0.0939
vn 0.9832 0.1566 -0.0938
vn -0.0452 -0.0845 0.9954
vn -0.0608 -0.0741 0.9954
vn -0.0741 -0.0608 0.9954
vn -0.0845 -0.0452 0.9954
vn -0.0917 -0.0278 0.9954
vn -0.2897 -0.9550 -0.0632
vn -0.2897 -0.9550 -0.0633
vn -0.4704 -0.8802 -0.0633
vn -0.4704 -0.8802 -0.0632
vn -0.6331 -0.7714 -0.0632
vn -0.6331 -0.7715 -0.0632
vn -0.7715 -0.6331 -0.0632
vn -0.8802 -0.4705 -0.0632
vn -0.8802 -0.4704 -0.0632
vn -0.9550 -0.2897 -0.0632
vn -0.9932 -0.0979 -0.0632
vn 0.1252 0.0723 0.9895
vn -0.0015 0.1443 0.9895
vn 0.0344 0.0768 0.9965
vn 0.1228 0.1522 0.9807
vn 0.0676 0.1298 0.9892
vn 0.0579 0.1188 0.9912
vn 0.0477 0.1148 0.9922
vn 0.1383 0.3503 0.9264
vn -0.0235 0.1569 0.9873
vn 0.0000 0.1446 0.9895
vn 0.0014 0.1444 0.9895
vn -0.0292 0.1259 0.9916
vn -0.0170 0.1209 0.9925
vn -0.0161 0.1196 0.9927
vn 0.0348 0.1056 0.9938
vn 0.0287 0.1097 0.9936
vn 0.0015 0.1457 0.9893
vn -0.0029 0.1457 0.9893
vn 0.0014 0.1446 0.9895
vn 0.0017 0.1400 0.9902
vn 0.0038 0.1467 0.9892
vn -0.0412 0.2068 0.9775
vn -0.0404 0.1404 0.9893
vn -0.0031 0.1446 0.9895
vn 0.0000 0.1441 0.9896
vn 0.1258 0.0710 0.9895
vn 0.1241 0.0988 0.9873
vn 0.1259 0.0711 0.9895
vn 0.1248 0.0754 0.9893
vn 0.1270 0.0716 0.9893
vn 0.1094 0.0300 0.9936
vn 0.1089 0.0226 0.9938
vn 0.0956 0.0737 0.9927
vn 0.0962 0.0752 0.9925
vn 0.1248 0.0720 0.9896
vn 0.1236 0.0750 0.9895
vn 0.0944 0.0882 0.9916
vn 0.1014 0.1052 0.9893
vn 0.1585 0.1390 0.9775
vn 0.1289 0.0700 0.9892
vn 0.1221 0.0685 0.9902
vn 0.9949 0.0146 0.0998
vn 0.9949 0.0145 0.0997
vn -0.2811 -0.9125 0.2972
vn -0.2748 -0.9134 0.3003
vn -0.4057 -0.8666 0.2905
vn -0.3965 -0.8695 0.2945
vn -0.6023 -0.7513 0.2696
vn -0.6022 -0.7514 0.2697
vn -0.9442 -0.2823 0.1698
vn -0.9400 -0.2982 0.1658
vn -0.9650 0.2576 0.0482
vn -0.9650 0.2578 0.0482
vn -0.7558 0.6539 -0.0355
vn -0.4918 0.8670 -0.0805
vn -0.1861 0.9770 -0.1038
vn 0.8743 0.4854 0.0001
vn 0.7236 0.6889 -0.0429
vn 0.4655 0.8811 -0.0835
vn 0.3248 0.9409 -0.0961
vn 0.3065 0.9469 -0.0974
vn -0.9949 0.0146 0.0998
vn -0.8991 -0.3167 0.3022
vn -0.7104 -0.6360 0.3014
vn -0.4081 -0.8719 0.2707
vn 0.1028 -0.9776 0.1836
vn 0.1066 -0.9771 0.1843
vn -0.0164 0.9999 -0.0000
vn 0.1318 0.9910 -0.0250
vn 0.1128 0.9932 -0.0297
vn -0.5216 0.8469 0.1039
vn -0.5201 0.8477 0.1041
vn -0.8665 0.4508 0.2144
vn -0.9586 0.0915 0.2697
vn -0.9028 -0.3064 0.3018
vn -0.9536 -0.0883 0.2879
vn -0.9520 0.1595 0.2612
vn -0.7957 0.5758 0.1881
vn 0.2551 -0.9197 0.2985
vn 0.5758 -0.7727 0.2672
vn 0.8394 -0.5016 0.2094
vn 0.9710 -0.1911 0.1434
vn 0.9775 0.2021 0.0601
vn 0.9775 0.2020 0.0601
vn 0.7829 -0.5796 0.2260
vn 0.5033 -0.8186 0.2769
vn 0.1636 -0.9390 0.3026
vn 0.3560 0.9298 -0.0938
vn 0.3561 0.9297 -0.0939
vn 0.5899 0.8047 -0.0675
vn 0.5898 0.8047 -0.0675
vn 0.8545 0.5193 -0.0071
vn 0.9803 0.1869 0.0635
vn 0.9804 0.1867 0.0634
vn 0.9708 -0.1918 0.1439
vn 0.9708 -0.1923 0.1437
vn 0.8065 0.5908 -0.0222
vn 0.9928 0.0878 0.0809
vn 0.9928 0.0885 0.0810
vn 0.9106 -0.3724 0.1792
vn 0.9130 -0.3658 0.1804
vn 0.8980 -0.3980 0.1874
vn 0.7012 0.7114 -0.0477
vn 0.2147 0.9713 -0.1026
vn -0.9103 0.4138 0.0115
vn -0.9102 0.4139 0.0115
vn -0.5728 0.8167 -0.0699
vn -0.1774 0.9786 -0.1041
vn 0.1700 0.9799 -0.1044
vn 0.5227 0.8491 -0.0768
vn 0.5226 0.8491 -0.0768
vn -0.1723 -0.9375 0.3023
vn -0.4743 -0.8345 0.2803
vn -0.7552 -0.6126 0.2331
vn -0.9796 -0.1514 0.1322
vn -0.9789 -0.1569 0.1306
vn -0.8984 -0.3973 0.1872
vn -0.9847 -0.1185 0.1280
vn -0.9932 0.0756 0.0881
vn -0.9761 0.1979 0.0897
vn -0.3187 -0.9009 0.2945
vn -0.3757 -0.8802 0.2901
vn -0.5741 -0.7739 0.2674
vn -0.7629 -0.6037 0.2312
vn -0.8237 -0.5250 0.2144
vn -0.9942 -0.0266 0.1041
vn -0.9942 -0.0283 0.1039
vn -0.8037 0.5943 -0.0297
vn -0.7923 0.6096 -0.0250
vn -0.8741 0.4858 -0.0000
vn -0.8965 -0.4011 0.1881
vn -0.6141 -0.7447 0.2612
vn -0.4003 -0.8700 0.2879
vn -0.1860 -0.9351 0.3018
vn -0.2118 -0.9631 0.1658
vn -0.2277 -0.9588 0.1698
vn 0.3495 -0.8973 0.2697
vn 0.3497 -0.8972 0.2696
vn 0.5468 -0.7840 0.2938
vn 0.5554 -0.7789 0.2913
vn 0.6489 -0.6993 0.3000
vn 0.6540 -0.6951 0.2984
vn 0.4849 0.8689 0.0997
vn 0.4848 0.8689 0.0998
vn -0.9392 0.3274 -0.1038
vn -0.9967 0.0076 -0.0805
vn -0.9441 -0.3276 -0.0355
vn -0.9442 -0.3276 -0.0355
vn -0.7056 -0.7069 0.0483
vn -0.7058 -0.7068 0.0481
vn -0.5101 -0.8543 0.0998
vn 0.7257 -0.6180 0.3023
vn 0.4856 -0.8280 0.2803
vn 0.1529 -0.9604 0.2331
vn -0.3538 -0.9257 0.1335
vn -0.3585 -0.9245 0.1297
vn -0.8136 -0.5814 0.0115
vn -0.8135 -0.5814 0.0116
vn -0.9937 -0.0877 -0.0699
vn -0.9362 0.3357 -0.1041
vn -0.7636 0.6372 -0.1044
vn -0.4740 0.8772 -0.0768
vn -0.1083 0.9939 -0.0222
vn 0.4204 0.9037 0.0809
vn 0.4197 0.9040 0.0810
vn 0.7739 0.6078 0.1781
vn 0.7772 0.6024 0.1818
vn 0.7937 0.5788 0.1874
vn 0.7937 0.5787 0.1874
vn -0.2654 0.9629 -0.0477
vn -0.2655 0.9629 -0.0477
vn -0.7338 0.6716 -0.1026
vn 0.5744 -0.7654 0.2901
vn 0.6209 -0.7265 0.2945
vn -0.5638 -0.8178 0.1157
vn -0.6577 -0.7508 0.0617
vn -0.3897 -0.9120 0.1280
vn -0.1052 -0.9767 0.1872
vn 0.1414 -0.9626 0.2312
vn 0.3831 -0.8841 0.2674
vn -0.1248 0.0721 0.9896
vn -0.1268 0.0696 0.9895
vn -0.0806 0.0797 0.9936
vn -0.1255 0.0741 0.9893
vn -0.1277 0.0704 0.9893
vn -0.1245 0.0735 0.9895
vn -0.1244 0.0734 0.9895
vn -0.0739 0.1095 0.9912
vn -0.0756 0.0987 0.9922
vn -0.2342 0.2949 0.9264
vn -0.1476 0.0581 0.9873
vn -0.1303 0.0732 0.9888
vn -0.1257 0.0709 0.9895
vn -0.0493 0.0682 0.9965
vn -0.0705 0.1824 0.9807
vn -0.0786 0.1234 0.9892
vn 0.9761 -0.1979 0.0897
vn 0.9932 -0.0756 0.0881
vn 0.9847 0.1185 0.1280
vn 0.8984 0.3973 0.1873
vn 0.7629 0.6037 0.2312
vn 0.5741 0.7739 0.2674
vn 0.3757 0.8802 0.2901
vn 0.3187 0.9009 0.2945
vn 0.9949 -0.0146 0.0998
vn -0.9241 -0.3814 -0.0250
vn -0.9165 -0.3989 -0.0297
vn -0.4740 -0.8744 0.1036
vn -0.4727 -0.8750 0.1045
vn 0.0428 -0.9758 0.2144
vn 0.4001 -0.8759 0.2697
vn 0.7238 -0.6203 0.3022
vn 0.9060 -0.2973 0.3014
vn 0.9591 0.0825 0.2707
vn 0.7932 0.5809 0.1828
vn 0.7949 0.5778 0.1849
vn -0.6638 0.7455 0.0600
vn -0.3201 0.9365 0.1434
vn 0.0147 0.9777 0.2094
vn 0.3813 0.8850 0.2672
vn 0.6689 0.6808 0.2985
vn 0.4848 -0.8689 0.0998
vn -0.9733 -0.2080 -0.0974
vn -0.9772 -0.1892 -0.0961
vn -0.9772 -0.1891 -0.0961
vn -0.9958 -0.0374 -0.0835
vn -0.9958 -0.0375 -0.0835
vn -0.9584 0.2822 -0.0429
vn -0.8575 0.5144 0.0001
vn -0.8575 0.5145 0.0001
vn -0.1203 0.0715 0.9902
vn -0.1251 0.0767 0.9892
vn -0.1997 0.0678 0.9775
vn -0.1417 0.0352 0.9893
vn -0.1236 0.0377 0.9916
vn -0.1132 0.0457 0.9925
vn -0.1116 0.0459 0.9927
vn -0.0741 0.0830 0.9938
vn 0.8995 -0.3962 0.1843
vn 0.8980 -0.3998 0.1836
vn 0.5510 -0.7894 0.2707
vn 0.1955 -0.9332 0.3014
vn -0.1753 -0.9370 0.3022
vn -0.5585 -0.7844 0.2697
vn 0.3138 0.9476 0.0601
vn 0.6510 0.7454 0.1434
vn 0.8541 0.4761 0.2094
vn 0.9571 0.1123 0.2672
vn 0.9240 -0.2389 0.2985
vn -0.6668 0.7389 -0.0974
vn -0.6524 0.7517 -0.0961
vn -0.5303 0.8437 -0.0835
vn -0.2348 0.9711 -0.0429
vn 0.0168 0.9999 0.0001
vn 0.3285 0.9424 0.0634
vn 0.3283 0.9424 0.0635
vn -0.0225 0.9997 -0.0071
vn -0.4019 0.9132 -0.0675
vn -0.4020 0.9132 -0.0675
vn -0.6271 0.7732 -0.0939
vn -0.6272 0.7732 -0.0938
vn 0.8950 -0.3278 0.3026
vn 0.9605 0.0266 0.2769
vn 0.8934 0.3882 0.2260
vn 0.6519 0.7446 0.1437
vn 0.6516 0.7448 0.1439
vn -0.9558 0.2761 -0.1014
vn -0.9966 -0.0320 -0.0763
vn 0.4528 0.8876 -0.0849
vn 0.1586 0.9818 -0.1048
vn -0.6520 0.7555 0.0634
vn -0.6519 0.7556 0.0635
vn -0.8770 0.4804 -0.0071
vn -0.9918 0.1086 -0.0675
vn -0.9918 0.1085 -0.0675
vn -0.9832 -0.1565 -0.0939
vn -0.9832 -0.1566 -0.0938
vn -0.5101 0.8543 0.0998
vn 0.7314 0.6112 0.3026
vn 0.4573 0.8451 0.2769
vn 0.1105 0.9678 0.2260
vn -0.3189 0.9368 0.1437
vn -0.3193 0.9367 0.1439
vn 0.0967 -0.9952 0.0115
vn 0.0968 -0.9952 0.0115
vn 0.6253 -0.7693 0.1306
vn 0.6209 -0.7727 0.1322
vn 0.9082 -0.3477 0.2331
vn 0.9599 0.0065 0.2803
vn 0.8981 0.3195 0.3023
vn -0.9485 -0.2997 -0.1026
vn -0.9667 0.2516 -0.0477
vn -0.1044 0.9767 0.1874
vn -0.1397 0.9736 0.1804
vn -0.1328 0.9748 0.1792
vn -0.5725 0.8159 0.0811
vn -0.5730 0.8156 0.0808
vn -0.9149 0.4031 -0.0222
vn -0.9967 0.0281 -0.0768
vn -0.9336 -0.3427 -0.1044
vn -0.7588 -0.6429 -0.1041
vn -0.4209 -0.9044 -0.0699
vn 0.7168 -0.6286 0.3018
vn 0.5532 -0.7817 0.2879
vn 0.3379 -0.9042 0.2612
vn -0.1009 -0.9770 0.1881
vn -0.1008 -0.9770 0.1881
vn -0.8577 -0.5141 -0.0000
vn 0.9396 0.1744 0.2945
vn 0.9501 0.1148 0.2901
vn 0.9573 -0.1103 0.2674
vn 0.9043 -0.3588 0.2312
vn 0.9043 -0.3589 0.2312
vn 0.7932 -0.5794 0.1872
vn 0.7932 -0.5794 0.1873
vn 0.5950 -0.7935 0.1280
vn 0.4311 -0.8980 0.0881
vn 0.3167 -0.9443 0.0897
vn 0.1257 -0.0709 0.9895
vn 0.1303 -0.0732 0.9888
vn 0.9518 -0.1458 0.2697
vn 0.9519 -0.1460 0.2696
vn 0.9524 0.0815 0.2938
vn 0.9522 0.0915 0.2913
vn 0.9300 0.2123 0.3000
vn 0.9290 0.2188 0.2984
vn -0.5101 0.8543 0.0997
vn -0.5100 0.8543 0.0998
vn -0.7531 -0.6497 -0.1038
vn -0.5049 -0.8594 -0.0805
vn -0.1884 -0.9815 -0.0355
vn 0.2592 -0.9646 0.0482
vn 0.2594 -0.9646 0.0482
vn 0.7183 -0.6763 0.1633
vn 0.7270 -0.6644 0.1736
vn -0.7170 -0.6897 -0.1014
vn -0.4705 -0.8791 -0.0763
vn -0.5422 0.8359 -0.0849
vn -0.7709 0.6283 -0.1048
vn -0.5744 0.7654 0.2901
vn -0.6209 0.7265 0.2945
vn 0.5638 0.8178 0.1157
vn 0.6577 0.7508 0.0617
vn 0.3897 0.9120 0.1280
vn 0.1052 0.9767 0.1873
vn 0.1052 0.9767 0.1872
vn -0.1414 0.9626 0.2312
vn -0.3831 0.8841 0.2674
vn -0.1221 -0.0685 0.9902
vn -0.1289 -0.0700 0.9892
vn -0.1585 -0.1390 0.9775
vn -0.1014 -0.1052 0.9893
vn -0.0944 -0.0882 0.9916
vn -0.0962 -0.0752 0.9925
vn -0.0956 -0.0737 0.9927
vn -0.1089 -0.0226 0.9938
vn -0.0018 0.1494 0.9888
vn -0.0348 -0.1056 0.9938
vn 0.0161 -0.1196 0.9927
vn 0.0170 -0.1209 0.9925
vn 0.0292 -0.1259 0.9916
vn 0.0404 -0.1404 0.9893
vn 0.0412 -0.2068 0.9775
vn -0.0038 -0.1467 0.9892
vn -0.0017 -0.1400 0.9902
vn -0.7932 0.5794 0.1873
vn -0.5950 0.7935 0.1280
vn -0.4311 0.8980 0.0881
vn -0.3167 0.9443 0.0897
vn -0.4848 0.8689 0.0998
vn -0.9396 -0.1744 0.2945
vn -0.9501 -0.1148 0.2901
vn -0.9573 0.1103 0.2674
vn -0.9043 0.3588 0.2312
vn -0.8818 0.4713 0.0160
vn -0.8818 0.4713 -0.0160
vn -0.8818 0.4714 -0.0160
vn -0.8701 0.4651 -0.1635
vn -0.7626 0.6259 -0.1635
vn -0.6296 0.5167 -0.5801
vn -0.7183 0.3840 -0.5801
vn -0.7183 0.3839 -0.5802
vn -0.7794 0.2364 -0.5802
vn -0.7794 0.2364 -0.5801
vn -0.8106 0.0798 -0.5801
vn 0.9932 0.0979 0.0632
vn 0.9932 0.0978 0.0633
vn 0.9932 -0.0978 0.0633
vn 0.0954 -0.0094 -0.9954
vn -0.3985 0.1209 -0.9092
vn -0.3672 0.1963 -0.9092
vn 0.1242 0.0734 0.9895
vn 0.1285 0.0762 0.9888
vn -0.3379 0.9042 0.2612
vn -0.5532 0.7817 0.2879
vn -0.7168 0.6286 0.3018
vn -0.0428 0.9758 0.2144
vn 0.4727 0.8750 0.1045
vn 0.4740 0.8744 0.1036
vn 0.9165 0.3989 -0.0297
vn 0.9241 0.3814 -0.0250
vn 0.8577 0.5141 -0.0000
vn 0.1008 0.9770 0.1881
vn 0.7170 0.6897 -0.1014
vn 0.4705 0.8791 -0.0763
vn 0.5422 -0.8359 -0.0849
vn 0.7709 -0.6283 -0.1048
vn -0.7949 -0.5778 0.1849
vn -0.7932 -0.5809 0.1828
vn -0.9591 -0.0825 0.2707
vn -0.9060 0.2973 0.3014
vn -0.7238 0.6203 0.3022
vn -0.4001 0.8759 0.2697
vn -0.0967 0.9952 0.0115
vn -0.0968 0.9952 0.0115
vn -0.6253 0.7693 0.1306
vn -0.6209 0.7727 0.1322
vn -0.9082 0.3477 0.2331
vn -0.9599 -0.0065 0.2803
vn -0.8981 -0.3195 0.3023
vn 0.9485 0.2997 -0.1026
vn 0.9667 -0.2516 -0.0477
vn 0.1044 -0.9767 0.1874
vn 0.1397 -0.9736 0.1804
vn 0.1328 -0.9748 0.1792
vn 0.5725 -0.8159 0.0811
vn 0.5730 -0.8156 0.0808
vn 0.9149 -0.4031 -0.0222
vn 0.9967 -0.0281 -0.0768
vn 0.9336 0.3427 -0.1044
vn 0.7588 0.6429 -0.1041
vn 0.4209 0.9044 -0.0699
vn 0.8575 -0.5144 0.0001
vn 0.6638 -0.7455 0.0600
vn 0.6638 -0.7455 0.0601
vn 0.3201 -0.9365 0.1434
vn -0.0147 -0.9777 0.2094
vn -0.3813 -0.8850 0.2672
vn -0.6689 -0.6808 0.2985
vn 0.1884 0.9815 -0.0355
vn 0.5049 0.8594 -0.0806
vn 0.5049 0.8594 -0.0805
vn 0.7531 0.6497 -0.1038
vn 0.5100 -0.8543 0.0998
vn 0.5101 -0.8543 0.0997
vn -0.9290 -0.2189 0.2984
vn -0.9300 -0.2123 0.3000
vn -0.9522 -0.0915 0.2913
vn -0.9524 -0.0815 0.2938
vn -0.9519 0.1460 0.2696
vn -0.9518 0.1458 0.2697
vn -0.7270 0.6644 0.1735
vn -0.7183 0.6763 0.1633
vn -0.2594 0.9646 0.0482
vn -0.2592 0.9646 0.0482
vn 0.9520 -0.1595 0.2612
vn 0.9536 0.0883 0.2879
vn 0.9028 0.3064 0.3018
vn 0.8665 -0.4508 0.2144
vn 0.5201 -0.8477 0.1041
vn 0.5216 -0.8468 0.1039
vn -0.1128 -0.9932 -0.0297
vn -0.1318 -0.9910 -0.0250
vn 0.0164 -0.9999 -0.0000
vn 0.7956 -0.5758 0.1881
vn 0.7957 -0.5758 0.1881
vn -0.1066 0.9771 0.1843
vn -0.1028 0.9776 0.1836
vn 0.4081 0.8719 0.2707
vn 0.7105 0.6359 0.3014
vn 0.8991 0.3167 0.3022
vn 0.9586 -0.0915 0.2697
vn 0.7558 -0.6539 -0.0355
vn 0.4918 -0.8670 -0.0805
vn 0.1861 -0.9770 -0.1038
vn -0.9949 -0.0146 0.0998
vn -0.9949 -0.0145 0.0997
vn 0.2811 0.9125 0.2972
vn 0.2748 0.9134 0.3003
vn 0.4057 0.8666 0.2905
vn 0.3965 0.8695 0.2945
vn 0.6023 0.7513 0.2696
vn 0.6022 0.7514 0.2697
vn 0.9442 0.2823 0.1698
vn 0.9400 0.2982 0.1658
vn 0.9650 -0.2576 0.0482
vn 0.9650 -0.2578 0.0482
vn 0.9733 0.2080 -0.0974
vn 0.9772 0.1892 -0.0961
vn 0.9958 0.0374 -0.0835
vn 0.9584 -0.2822 -0.0429
vn 0.9584 -0.2822 -0.0430
vn -0.9775 -0.2021 0.0600
vn -0.9710 0.1911 0.1434
vn -0.8394 0.5016 0.2094
vn -0.5758 0.7727 0.2672
vn -0.2551 0.9197 0.2985
vn 0.9295 0.3535 -0.1048
vn 0.9951 0.0516 -0.0849
vn -0.5260 0.8470 -0.0763
vn -0.2388 0.9658 -0.1014
vn -0.9804 -0.1867 0.0634
vn -0.9803 -0.1869 0.0635
vn -0.8546 -0.5193 -0.0071
vn -0.5898 -0.8047 -0.0675
vn -0.5899 -0.8046 -0.0675
vn -0.3561 -0.9297 -0.0939
vn -0.3560 -0.9298 -0.0938
vn -0.1636 0.9390 0.3026
vn -0.5033 0.8186 0.2769
vn -0.7829 0.5796 0.2260
vn -0.9708 0.1923 0.1437
vn -0.9708 0.1918 0.1439
vn 0.6141 0.7447 0.2612
vn 0.4003 0.8700 0.2879
vn 0.1860 0.9351 0.3018
vn 0.8237 0.5250 0.2144
vn 0.9942 0.0266 0.1041
vn 0.9942 0.0283 0.1039
vn 0.8037 -0.5943 -0.0297
vn 0.7923 -0.6096 -0.0250
vn 0.8741 -0.4858 -0.0000
vn 0.8965 0.4011 0.1881
vn -0.8995 0.3962 0.1843
vn -0.8980 0.3998 0.1836
vn -0.5510 0.7894 0.2707
vn -0.1955 0.9332 0.3014
vn 0.1753 0.9370 0.3022
vn 0.5585 0.7844 0.2697
vn -0.8066 -0.5907 -0.0222
vn -0.8065 -0.5908 -0.0222
vn -0.9928 -0.0878 0.0809
vn -0.9928 -0.0885 0.0810
vn -0.9106 0.3724 0.1792
vn -0.9130 0.3658 0.1804
vn -0.8981 0.3980 0.1874
vn -0.8980 0.3980 0.1874
vn -0.7012 -0.7114 -0.0477
vn -0.7012 -0.7113 -0.0477
vn -0.2147 -0.9713 -0.1026
vn -0.9296 -0.3535 -0.1048
vn -0.9951 -0.0516 -0.0849
vn 0.5260 -0.8470 -0.0763
vn 0.2388 -0.9658 -0.1014
vn -0.3065 -0.9469 -0.0974
vn -0.3248 -0.9409 -0.0961
vn -0.4655 -0.8811 -0.0835
vn -0.7236 -0.6889 -0.0430
vn -0.7236 -0.6889 -0.0429
vn -0.8743 -0.4854 0.0001
vn -0.1586 -0.9818 -0.1048
vn -0.4528 -0.8876 -0.0849
vn 0.9966 0.0320 -0.0763
vn 0.9558 -0.2761 -0.1014
vn -0.3219 0.2642 0.9092
vn -0.6296 0.5167 0.5801
vn -0.7626 0.6258 0.1635
vn -0.8818 0.4714 0.0160
vn 0.0837 0.0086 0.9965
vn 0.1932 -0.0302 0.9807
vn 0.1462 0.0064 0.9892
vn 0.9103 -0.4138 0.0115
vn 0.9102 -0.4139 0.0115
vn 0.5728 -0.8167 -0.0699
vn 0.1774 -0.9786 -0.1041
vn -0.1700 -0.9799 -0.1044
vn -0.5226 -0.8491 -0.0768
vn 0.1723 0.9375 0.3023
vn 0.4743 0.8345 0.2803
vn 0.7552 0.6126 0.2331
vn 0.9796 0.1514 0.1322
vn 0.9789 0.1569 0.1306
usemtl pskmat0.002
s off
f 627/1/1 628/2/1 622/3/1
f 616/4/2 613/5/2 625/6/2
f 625/6/3 626/7/3 616/4/3
f 618/8/3 616/4/3 626/7/3
f 626/7/4 627/1/4 618/8/4
f 620/9/4 618/8/4 627/1/4
f 622/3/1 620/9/1 627/1/1
f 622/3/5 621/10/5 620/9/5
f 619/11/5 620/9/5 621/10/5
f 620/9/6 619/11/6 618/8/6
f 617/12/6 618/8/6 619/11/6
f 618/8/7 617/12/7 616/4/7
f 615/13/7 616/4/7 617/12/7
f 616/4/8 615/13/8 613/5/8
f 614/14/8 613/5/8 615/13/8
f 611/15/9 613/5/9 614/14/9
f 613/5/9 611/15/9 612/16/9
f 612/16/10 611/15/10 566/17/10
f 612/16/10 566/17/10 567/18/10
f 567/18/11 566/17/11 564/19/11
f 567/18/11 564/19/11 565/20/11
f 565/20/12 564/19/12 562/21/12
f 565/20/12 562/21/12 563/22/12
f 563/22/13 562/21/13 560/23/13
f 572/24/14 563/22/14 571/25/14
f 563/22/15 572/24/15 565/20/15
f 573/26/15 565/20/15 572/24/15
f 567/18/16 565/20/16 573/26/16
f 574/27/16 567/18/16 573/26/16
f 567/18/17 574/27/17 612/16/17
f 623/28/17 612/16/17 574/27/17
f 623/28/18 624/29/18 612/16/18
f 613/5/18 612/16/18 624/29/18
f 624/29/2 625/6/2 613/5/2
f 682/30/19 569/31/19 676/32/19
f 554/33/19 676/32/19 569/31/19
f 569/31/20 568/34/20 554/33/20
f 557/35/20 554/33/20 568/34/20
f 568/34/21 570/36/21 557/35/21
f 559/37/21 557/35/21 570/36/21
f 559/37/22 570/36/22 561/38/22
f 571/25/22 561/38/22 570/36/22
f 675/39/23 676/32/23 556/40/23
f 554/33/23 556/40/23 676/32/23
f 556/40/24 554/33/24 555/41/24
f 557/35/24 555/41/24 554/33/24
f 555/41/25 557/35/25 558/42/25
f 559/37/25 558/42/25 557/35/25
f 558/42/26 559/37/26 560/23/26
f 561/38/26 560/23/26 559/37/26
f 563/22/13 560/23/13 561/38/13
f 561/38/14 571/25/14 563/22/14
f 678/43/27 677/44/27 667/45/27
f 665/46/27 667/45/27 677/44/27
f 677/44/28 679/47/28 665/46/28
f 669/48/28 665/46/28 679/47/28
f 679/47/29 680/49/29 669/48/29
f 671/50/29 669/48/29 680/49/29
f 680/49/30 681/51/30 671/50/30
f 673/52/30 671/50/30 681/51/30
f 681/51/31 682/30/31 673/52/31
f 676/32/31 673/52/31 682/30/31
f 667/45/32 665/46/32 666/53/32
f 668/54/32 666/53/32 665/46/32
f 668/54/33 665/46/33 669/48/33
f 670/55/33 668/54/33 669/48/33
f 670/55/34 669/48/34 671/50/34
f 672/56/34 670/55/34 671/50/34
f 672/56/35 671/50/35 673/52/35
f 673/52/35 674/57/35 672/56/35
f 674/57/36 673/52/36 675/39/36
f 676/32/36 675/39/36 673/52/36
f 107/58/37 97/59/37 100/60/37
f 99/61/38 108/62/38 100/60/38
f 105/63/38 100/60/38 108/62/38
f 100/60/39 105/63/39 106/64/39
f 100/60/39 106/64/39 107/58/39
f 107/58/40 106/64/40 112/65/40
f 112/65/41 111/66/41 107/58/41
f 111/66/42 112/65/42 127/67/42
f 127/67/43 125/68/43 111/66/43
f 125/68/44 127/67/44 129/69/44
f 129/69/45 128/70/45 125/68/45
f 108/62/46 99/61/46 109/71/46
f 126/72/47 124/73/47 125/68/47
f 130/74/48 125/68/48 128/70/48
f 125/68/48 130/74/48 126/72/48
f 132/75/49 126/72/49 130/74/49
f 132/75/50 124/73/50 126/72/50
f 124/73/50 132/75/50 123/76/50
f 124/73/51 123/76/51 119/77/51
f 118/78/51 119/77/51 123/76/51
f 119/77/52 118/78/52 95/79/52
f 95/79/53 118/78/53 117/80/53
f 96/81/53 95/79/53 117/80/53
f 142/82/54 133/83/54 141/84/54
f 133/83/55 132/75/55 141/84/55
f 141/84/56 132/75/56 131/85/56
f 130/74/49 131/85/49 132/75/49
f 158/86/57 138/87/57 157/88/57
f 138/87/58 158/86/58 114/89/58
f 114/89/59 121/90/59 138/87/59
f 114/89/60 113/91/60 121/90/60
f 113/91/60 120/92/60 121/90/60
f 113/91/61 117/80/61 120/92/61
f 117/80/62 122/93/62 120/92/62
f 117/80/63 118/78/63 122/93/63
f 118/78/64 123/76/64 122/93/64
f 122/93/65 123/76/65 133/83/65
f 132/75/66 133/83/66 123/76/66
f 134/94/67 122/93/67 133/83/67
f 120/92/67 122/93/67 134/94/67
f 120/92/68 134/94/68 135/95/68
f 121/90/68 120/92/68 135/95/68
f 136/96/69 121/90/69 135/95/69
f 136/96/59 138/87/59 121/90/59
f 139/97/70 138/87/70 136/96/70
f 139/97/71 157/88/71 138/87/71
f 155/98/72 157/88/72 139/97/72
f 155/98/73 185/99/73 157/88/73
f 147/100/74 154/101/74 155/98/74
f 147/100/72 155/98/72 139/97/72
f 147/100/75 139/97/75 140/102/75
f 139/97/76 136/96/76 140/102/76
f 140/102/77 136/96/77 137/103/77
f 136/96/69 135/95/69 137/103/69
f 137/103/78 135/95/78 143/104/78
f 135/95/79 134/94/79 143/104/79
f 134/94/79 142/82/79 143/104/79
f 134/94/80 133/83/80 142/82/80
f 137/103/78 143/104/78 144/105/78
f 145/106/81 137/103/81 144/105/81
f 140/102/77 137/103/77 145/106/77
f 148/107/82 140/102/82 145/106/82
f 147/100/83 140/102/83 148/107/83
f 147/100/84 148/107/84 154/101/84
f 148/107/84 153/108/84 154/101/84
f 154/101/85 153/108/85 161/109/85
f 160/110/85 161/109/85 153/108/85
f 163/111/86 161/109/86 160/110/86
f 166/112/87 161/109/87 163/111/87
f 153/108/88 159/113/88 160/110/88
f 152/114/88 159/113/88 153/108/88
f 163/111/89 160/110/89 162/115/89
f 162/115/90 160/110/90 159/113/90
f 162/115/91 159/113/91 165/116/91
f 165/116/92 159/113/92 164/117/92
f 164/117/93 159/113/93 151/118/93
f 152/114/93 151/118/93 159/113/93
f 149/119/94 151/118/94 152/114/94
f 152/114/95 153/108/95 149/119/95
f 148/107/95 149/119/95 153/108/95
f 148/107/82 145/106/82 149/119/82
f 149/119/96 145/106/96 146/120/96
f 145/106/97 144/105/97 146/120/97
f 150/121/94 151/118/94 149/119/94
f 146/120/98 150/121/98 149/119/98
f 1733/122/99 1730/123/99 1735/124/99
f 1736/125/100 1735/124/100 1730/123/100
f 1906/126/101 1908/127/101 1909/128/101
f 1908/127/101 1906/126/101 1907/129/101
f 1907/129/101 1903/130/101 1908/127/101
f 1729/131/101 1903/130/101 1907/129/101
f 1903/130/101 1729/131/101 1731/132/101
f 1731/132/102 1729/131/102 1730/123/102
f 1732/133/103 1731/132/103 1730/123/103
f 1732/133/104 1730/123/104 1733/122/104
f 1734/134/105 1732/133/105 1733/122/105
f 1733/122/106 1493/135/106 1734/134/106
f 1934/136/101 1734/134/101 1493/135/101
f 1933/137/101 1935/138/101 1940/139/101
f 1933/137/101 1897/140/101 1935/138/101
f 1897/140/101 1933/137/101 1934/136/101
f 1897/140/101 1934/136/101 1492/141/101
f 1493/135/101 1492/141/101 1934/136/101
f 1493/135/101 1472/142/101 1492/141/101
f 1474/143/101 1492/141/101 1472/142/101
f 1474/143/101 1472/142/101 1473/144/101
f 1473/144/101 1475/145/101 1474/143/101
f 1475/145/101 1473/144/101 1477/146/101
f 1492/141/101 1898/147/101 1897/140/101
f 1899/148/101 1897/140/101 1898/147/101
f 1470/149/107 1432/150/107 1468/151/107
f 1469/152/107 1468/151/107 1432/150/107
f 1469/152/107 1476/153/107 1468/151/107
f 1469/152/108 1475/145/108 1476/153/108
f 1476/153/109 1475/145/109 1477/146/109
f 1477/146/110 1478/154/110 1476/153/110
f 1479/155/111 1478/154/111 1477/146/111
f 1478/154/112 1479/155/112 1480/156/112
f 1479/155/113 1481/157/113 1480/156/113
f 1481/157/114 1484/158/114 1480/156/114
f 1434/159/107 1432/150/107 1431/160/107
f 1433/161/107 1431/160/107 1432/150/107
f 2630/162/115 2631/163/115 2632/164/115
f 2629/165/116 2630/162/116 2632/164/116
f 2629/165/117 2628/166/117 2630/162/117
f 2630/162/107 2628/166/107 2626/167/107
f 2626/167/107 2628/166/107 2627/168/107
f 2627/168/107 2625/169/107 2626/167/107
f 2627/168/107 1433/161/107 2625/169/107
f 1471/170/107 2625/169/107 1433/161/107
f 1471/170/107 1433/161/107 1470/149/107
f 1432/150/107 1470/149/107 1433/161/107
f 1470/149/107 1263/171/107 1471/170/107
f 1264/172/118 1471/170/118 1263/171/118
f 1429/173/107 1459/174/107 1430/175/107
f 1263/171/107 1429/173/107 1430/175/107
f 1259/176/107 1263/171/107 1430/175/107
f 1264/172/119 1263/171/119 1259/176/119
f 1261/177/120 1264/172/120 1259/176/120
f 1265/178/121 1264/172/121 1261/177/121
f 1266/179/122 1265/178/122 1261/177/122
f 1266/179/123 1274/180/123 1265/178/123
f 1265/178/124 1274/180/124 1273/181/124
f 1274/180/125 1271/182/125 1273/181/125
f 1437/183/107 1441/184/107 1262/185/107
f 1262/185/107 1260/186/107 1437/183/107
f 1262/185/126 1261/177/126 1260/186/126
f 1261/177/127 1259/176/127 1260/186/127
f 1272/187/128 1273/181/128 1271/182/128
f 1272/187/129 1271/182/129 1270/188/129
f 1271/182/130 1269/189/130 1270/188/130
f 1268/190/131 1270/188/131 1269/189/131
f 1269/189/132 1267/191/132 1268/190/132
f 1444/192/107 1268/190/107 1267/191/107
f 1443/193/107 1444/192/107 1267/191/107
f 1443/193/107 1442/194/107 1444/192/107
f 1443/193/107 1441/184/107 1442/194/107
f 1441/184/107 1437/183/107 1442/194/107
f 1438/195/107 1436/196/107 1435/197/107
f 1437/183/107 1435/197/107 1436/196/107
f 1435/197/107 1437/183/107 1260/186/107
f 1260/186/107 1448/198/107 1435/197/107
f 1445/199/107 1435/197/107 1448/198/107
f 1448/198/107 1446/200/107 1445/199/107
f 1447/201/107 1445/199/107 1446/200/107
f 1446/200/107 1449/202/107 1447/201/107
f 1450/203/107 1447/201/107 1449/202/107
f 1450/203/107 1449/202/107 1451/204/107
f 1452/205/107 1451/204/107 1449/202/107
f 1451/204/107 1452/205/107 1453/206/107
f 1454/207/107 1453/206/107 1452/205/107
f 1454/207/107 1455/208/107 1453/206/107
f 1456/209/107 1453/206/107 1455/208/107
f 1457/210/107 1456/209/107 1455/208/107
f 1458/211/107 1457/210/107 1455/208/107
f 84/212/133 104/213/133 85/214/133
f 86/215/134 70/216/134 85/214/134
f 104/213/135 110/217/135 103/218/135
f 110/217/136 104/213/136 83/219/136
f 84/212/137 83/219/137 104/213/137
f 84/212/138 81/220/138 83/219/138
f 84/212/139 85/214/139 81/220/139
f 82/221/139 81/220/139 85/214/139
f 82/221/134 85/214/134 70/216/134
f 70/216/140 74/222/140 82/221/140
f 69/223/140 74/222/140 70/216/140
f 69/223/141 73/224/141 74/222/141
f 192/225/142 75/226/142 72/227/142
f 72/227/142 75/226/142 71/228/142
f 72/227/143 71/228/143 67/229/143
f 69/223/144 67/229/144 71/228/144
f 64/230/145 67/229/145 69/223/145
f 64/230/146 69/223/146 70/216/146
f 64/230/147 70/216/147 66/231/147
f 86/215/148 66/231/148 70/216/148
f 66/231/149 86/215/149 91/232/149
f 86/215/150 85/214/150 91/232/150
f 42/233/151 36/234/151 35/235/151
f 196/236/152 36/234/152 42/233/152
f 196/236/153 42/233/153 192/225/153
f 196/236/154 192/225/154 193/237/154
f 72/227/154 193/237/154 192/225/154
f 193/237/155 72/227/155 68/238/155
f 67/229/155 68/238/155 72/227/155
f 68/238/156 67/229/156 63/239/156
f 64/230/156 63/239/156 67/229/156
f 65/240/157 63/239/157 64/230/157
f 34/241/158 26/242/158 36/234/158
f 197/243/158 34/241/158 36/234/158
f 196/236/152 197/243/152 36/234/152
f 197/243/159 196/236/159 195/244/159
f 193/237/159 195/244/159 196/236/159
f 195/244/160 193/237/160 194/245/160
f 68/238/160 194/245/160 193/237/160
f 194/245/161 68/238/161 190/246/161
f 63/239/161 190/246/161 68/238/161
f 190/246/162 63/239/162 179/247/162
f 505/248/163 507/249/163 183/250/163
f 183/250/164 507/249/164 181/251/164
f 507/249/164 200/252/164 181/251/164
f 181/251/165 200/252/165 179/247/165
f 179/247/165 200/252/165 190/246/165
f 200/252/166 199/253/166 190/246/166
f 199/253/166 194/245/166 190/246/166
f 506/254/167 505/248/167 183/250/167
f 201/255/168 199/253/168 200/252/168
f 507/249/168 201/255/168 200/252/168
f 504/256/169 201/255/169 507/249/169
f 194/245/170 198/257/170 195/244/170
f 199/253/170 198/257/170 194/245/170
f 32/258/171 198/257/171 199/253/171
f 201/255/171 32/258/171 199/253/171
f 33/259/172 32/258/172 201/255/172
f 504/256/173 33/259/173 201/255/173
f 502/260/174 33/259/174 504/256/174
f 504/256/174 501/261/174 502/260/174
f 501/261/175 504/256/175 505/248/175
f 505/248/169 504/256/169 507/249/169
f 34/241/176 197/243/176 195/244/176
f 198/257/176 34/241/176 195/244/176
f 28/262/177 34/241/177 198/257/177
f 32/258/177 28/262/177 198/257/177
f 27/263/178 28/262/178 32/258/178
f 32/258/178 33/259/178 27/263/178
f 33/259/179 29/264/179 27/263/179
f 33/259/179 502/260/179 29/264/179
f 502/260/180 497/265/180 29/264/180
f 502/260/181 501/261/181 497/265/181
f 498/266/181 497/265/181 501/261/181
f 29/264/182 22/267/182 27/263/182
f 503/268/183 505/248/183 500/269/183
f 503/268/175 501/261/175 505/248/175
f 499/270/184 501/261/184 503/268/184
f 501/261/184 499/270/184 498/266/184
f 485/271/185 498/266/185 499/270/185
f 498/266/185 485/271/185 486/272/185
f 486/272/186 497/265/186 498/266/186
f 497/265/187 486/272/187 487/273/187
f 487/273/188 30/274/188 497/265/188
f 487/273/188 31/275/188 30/274/188
f 499/270/189 484/276/189 485/271/189
f 483/277/190 484/276/190 495/278/190
f 484/276/191 496/279/191 495/278/191
f 484/276/192 499/270/192 496/279/192
f 496/279/193 499/270/193 500/269/193
f 499/270/193 503/268/193 500/269/193
f 495/278/194 496/279/194 500/269/194
f 495/278/194 500/269/194 176/280/194
f 176/280/195 500/269/195 175/281/195
f 180/282/196 182/283/196 184/284/196
f 178/285/197 180/282/197 184/284/197
f 178/285/197 177/286/197 180/282/197
f 173/287/198 177/286/198 178/285/198
f 173/287/199 175/281/199 177/286/199
f 171/288/200 175/281/200 173/287/200
f 176/280/200 175/281/200 171/288/200
f 176/280/201 171/288/201 172/289/201
f 495/278/201 176/280/201 172/289/201
f 483/277/202 495/278/202 172/289/202
f 172/289/203 171/288/203 169/290/203
f 171/288/203 170/291/203 169/290/203
f 171/288/204 173/287/204 170/291/204
f 170/291/204 173/287/204 174/292/204
f 174/292/205 173/287/205 178/285/205
f 174/292/206 178/285/206 185/99/206
f 185/99/207 178/285/207 184/284/207
f 185/99/207 184/284/207 187/293/207
f 157/88/208 185/99/208 187/293/208
f 157/88/208 187/293/208 158/86/208
f 155/98/73 174/292/73 185/99/73
f 155/98/209 156/294/209 174/292/209
f 170/291/209 174/292/209 156/294/209
f 170/291/210 156/294/210 169/290/210
f 167/295/210 169/290/210 156/294/210
f 426/296/202 483/277/202 172/289/202
f 426/296/211 172/289/211 169/290/211
f 424/297/212 426/296/212 169/290/212
f 424/297/213 169/290/213 167/295/213
f 168/298/213 424/297/213 167/295/213
f 168/298/214 167/295/214 166/112/214
f 166/112/214 167/295/214 161/109/214
f 156/294/215 161/109/215 167/295/215
f 156/294/215 154/101/215 161/109/215
f 156/294/74 155/98/74 154/101/74
f 46/299/216 45/300/216 49/301/216
f 47/302/217 45/300/217 46/299/217
f 48/303/217 45/300/217 47/302/217
f 49/301/218 40/304/218 50/305/218
f 40/304/219 49/301/219 45/300/219
f 44/306/220 40/304/220 45/300/220
f 44/306/221 45/300/221 191/307/221
f 48/303/221 191/307/221 45/300/221
f 57/308/222 191/307/222 48/303/222
f 57/308/223 48/303/223 47/302/223
f 57/308/223 47/302/223 59/309/223
f 60/310/224 57/308/224 59/309/224
f 58/311/225 57/308/225 60/310/225
f 191/307/226 62/312/226 44/306/226
f 71/228/141 73/224/141 69/223/141
f 73/224/227 71/228/227 61/313/227
f 75/226/227 61/313/227 71/228/227
f 61/313/228 75/226/228 62/312/228
f 43/314/228 62/312/228 75/226/228
f 62/312/226 43/314/226 44/306/226
f 43/314/229 39/315/229 44/306/229
f 44/306/230 39/315/230 40/304/230
f 39/315/231 38/316/231 40/304/231
f 38/316/232 50/305/232 40/304/232
f 42/233/151 35/235/151 37/317/151
f 42/233/233 37/317/233 41/318/233
f 41/318/234 192/225/234 42/233/234
f 75/226/235 192/225/235 41/318/235
f 43/314/235 75/226/235 41/318/235
f 43/314/236 41/318/236 39/315/236
f 39/315/237 41/318/237 37/317/237
f 39/315/231 37/317/231 38/316/231
f 37/317/238 17/319/238 38/316/238
f 37/317/238 35/235/238 17/319/238
f 35/235/239 19/320/239 17/319/239
f 50/305/240 38/316/240 16/321/240
f 17/319/240 16/321/240 38/316/240
f 17/319/241 15/322/241 16/321/241
f 19/320/239 15/322/239 17/319/239
f 19/320/242 13/323/242 15/322/242
f 15/322/242 13/323/242 4/324/242
f 15/322/243 4/324/243 14/325/243
f 14/325/244 4/324/244 3/326/244
f 16/321/241 15/322/241 14/325/241
f 3/326/245 1/327/245 2/328/245
f 4/324/246 1/327/246 3/326/246
f 1/327/247 4/324/247 12/329/247
f 13/323/248 12/329/248 4/324/248
f 12/329/249 13/323/249 20/330/249
f 21/331/250 20/330/250 13/323/250
f 19/320/251 21/331/251 13/323/251
f 26/242/252 21/331/252 19/320/252
f 35/235/253 26/242/253 19/320/253
f 36/234/253 26/242/253 35/235/253
f 2/328/254 1/327/254 5/332/254
f 6/333/254 5/332/254 1/327/254
f 6/333/255 1/327/255 11/334/255
f 12/329/255 11/334/255 1/327/255
f 12/329/256 22/267/256 11/334/256
f 22/267/256 12/329/256 20/330/256
f 20/330/182 27/263/182 22/267/182
f 20/330/257 21/331/257 27/263/257
f 28/262/257 27/263/257 21/331/257
f 26/242/258 28/262/258 21/331/258
f 34/241/259 28/262/259 26/242/259
f 6/333/260 11/334/260 8/335/260
f 18/336/260 8/335/260 11/334/260
f 11/334/261 23/337/261 18/336/261
f 11/334/261 22/267/261 23/337/261
f 22/267/262 29/264/262 23/337/262
f 30/274/262 23/337/262 29/264/262
f 497/265/180 30/274/180 29/264/180
f 31/275/263 25/338/263 30/274/263
f 23/337/264 30/274/264 25/338/264
f 25/338/265 24/339/265 23/337/265
f 18/336/266 23/337/266 24/339/266
f 18/336/267 24/339/267 10/340/267
f 10/340/268 8/335/268 18/336/268
f 8/335/269 10/340/269 9/341/269
f 9/341/270 7/342/270 8/335/270
f 7/342/271 5/332/271 8/335/271
f 6/333/271 8/335/271 5/332/271
f 1673/343/272 1671/344/272 1670/345/272
f 1672/346/272 1670/345/272 1671/344/272
f 1682/347/272 1680/348/272 1681/349/272
f 1683/350/272 1681/349/272 1680/348/272
f 1680/348/272 1670/345/272 1683/350/272
f 1495/351/272 1683/350/272 1670/345/272
f 1670/345/272 1672/346/272 1495/351/272
f 1497/352/272 1495/351/272 1672/346/272
f 1672/346/272 1676/353/272 1497/352/272
f 1676/353/272 1672/346/272 1677/354/272
f 1678/355/272 1676/353/272 1677/354/272
f 1678/355/272 1677/354/272 1679/356/272
f 1496/357/273 1494/358/273 1495/351/273
f 1497/352/274 1496/357/274 1495/351/274
f 1501/359/275 1500/360/275 1496/357/275
f 1500/360/276 1499/361/276 1496/357/276
f 1496/357/277 1499/361/277 1494/358/277
f 1499/361/278 1498/362/278 1494/358/278
f 1494/358/272 1498/362/272 1665/363/272
f 1498/362/272 1664/364/272 1665/363/272
f 1664/364/272 1694/365/272 1665/363/272
f 1695/366/272 1665/363/272 1694/365/272
f 1694/365/272 1696/367/272 1695/366/272
f 1697/368/272 1695/366/272 1696/367/272
f 1699/369/272 1697/368/272 1696/367/272
f 1696/367/272 1698/370/272 1699/369/272
f 1700/371/272 1699/369/272 1698/370/272
f 1700/371/272 1698/370/272 1701/372/272
f 1700/371/272 1701/372/272 1702/373/272
f 1719/374/279 1702/373/279 1701/372/279
f 1715/375/280 1719/374/280 1701/372/280
f 1709/376/281 1727/377/281 1707/378/281
f 1709/376/281 1707/378/281 1708/379/281
f 1708/379/281 1710/380/281 1709/376/281
f 1710/380/281 1708/379/281 1712/381/281
f 1711/382/282 1710/380/282 1712/381/282
f 1712/381/283 1713/383/283 1711/382/283
f 1714/384/284 1713/383/284 1712/381/284
f 1713/383/285 1714/384/285 1715/375/285
f 1714/384/286 1716/385/286 1715/375/286
f 1716/385/287 1719/374/287 1715/375/287
f 1704/386/288 1710/380/288 1711/382/288
f 1704/386/272 1711/382/272 1703/387/272
f 1704/386/272 1703/387/272 1667/388/272
f 1705/389/272 1667/388/272 1703/387/272
f 1667/388/272 1705/389/272 1668/390/272
f 1668/390/272 1666/391/272 1667/388/272
f 1669/392/272 1667/388/272 1666/391/272
f 1941/393/272 1939/394/272 1937/395/272
f 1937/395/272 1939/394/272 1938/396/272
f 1938/396/272 1936/397/272 1937/395/272
f 1938/396/272 1668/390/272 1936/397/272
f 1706/398/272 1936/397/272 1668/390/272
f 1706/398/272 1668/390/272 1705/389/272
f 1705/389/272 1498/362/272 1706/398/272
f 1499/361/289 1706/398/289 1498/362/289
f 1931/399/101 1930/400/101 1932/401/101
f 1932/401/290 1930/400/290 1948/402/290
f 1930/400/291 1944/403/291 1948/402/291
f 1944/403/292 1945/404/292 1948/402/292
f 1945/404/293 1944/403/293 1942/405/293
f 1943/406/294 1942/405/294 1944/403/294
f 1941/393/295 1942/405/295 1943/406/295
f 1940/139/296 1941/393/296 1943/406/296
f 1940/139/297 1939/394/297 1941/393/297
f 1940/139/298 1935/138/298 1939/394/298
f 1949/407/272 1948/402/272 1945/404/272
f 1948/402/272 1949/407/272 1950/408/272
f 1951/409/272 1950/408/272 1949/407/272
f 1951/409/272 1952/410/272 1950/408/272
f 1953/411/272 1950/408/272 1952/410/272
f 1953/411/272 1952/410/272 1954/412/272
f 1955/413/272 1954/412/272 1952/410/272
f 1370/414/299 1368/415/299 1369/416/299
f 1367/417/299 1369/416/299 1368/415/299
f 1368/415/300 1366/418/300 1367/417/300
f 1365/419/300 1367/417/300 1366/418/300
f 1366/418/301 1364/420/301 1365/419/301
f 1363/421/301 1365/419/301 1364/420/301
f 1364/420/302 1362/422/302 1363/421/302
f 1361/423/302 1363/421/302 1362/422/302
f 1362/422/303 1360/424/303 1361/423/303
f 1357/425/303 1361/423/303 1360/424/303
f 1360/424/304 1358/426/304 1357/425/304
f 1359/427/304 1357/425/304 1358/426/304
f 1358/428/305 1378/429/305 1359/430/305
f 1359/430/305 1378/429/305 1377/431/305
f 1378/429/306 1375/432/306 1377/431/306
f 1377/431/306 1375/432/306 1376/433/306
f 1376/433/307 1375/432/307 1373/434/307
f 1374/435/307 1373/434/307 1375/432/307
f 1374/435/308 1372/436/308 1373/434/308
f 1371/437/308 1373/434/308 1372/436/308
f 1372/436/309 1370/414/309 1371/437/309
f 1369/416/310 1371/437/310 1370/414/310
f 1341/438/311 1343/439/311 1342/440/311
f 1344/441/312 1342/440/312 1343/439/312
f 1343/439/313 1345/442/313 1344/441/313
f 1346/443/313 1344/441/313 1345/442/313
f 1345/442/314 1347/444/314 1346/443/314
f 1348/445/315 1346/443/315 1347/444/315
f 1347/444/316 1349/446/316 1348/445/316
f 1350/447/317 1348/445/317 1349/446/317
f 1349/446/318 1351/448/318 1350/447/318
f 1352/449/318 1350/447/318 1351/448/318
f 1334/450/318 1332/451/318 1331/452/318
f 1333/453/318 1331/452/318 1332/451/318
f 1332/451/319 1335/454/319 1333/453/319
f 1336/455/319 1333/453/319 1335/454/319
f 1337/456/320 1336/455/320 1335/454/320
f 1338/457/320 1336/455/320 1337/456/320
f 1338/457/321 1337/456/321 1339/458/321
f 1340/459/321 1339/458/321 1337/456/321
f 1340/459/322 1341/438/322 1339/458/322
f 1342/440/323 1339/458/323 1341/438/323
f 1318/460/324 1319/461/324 1317/462/324
f 1320/463/325 1317/462/325 1319/461/325
f 1319/461/326 1323/464/326 1320/463/326
f 1320/463/327 1323/464/327 1324/465/327
f 1323/464/328 1322/466/328 1324/465/328
f 1323/464/328 1321/467/328 1322/466/328
f 1322/466/329 1321/467/329 1325/468/329
f 1326/469/329 1325/468/329 1321/467/329
f 1327/470/330 1325/468/330 1326/469/330
f 1328/471/330 1325/468/330 1327/470/330
f 1327/470/304 1330/472/304 1328/471/304
f 1327/470/304 1329/473/304 1330/472/304
f 1392/474/331 1391/475/331 1393/476/331
f 1394/477/331 1393/476/331 1391/475/331
f 1393/476/332 1394/477/332 1395/478/332
f 1396/479/332 1395/478/332 1394/477/332
f 1396/479/333 1382/480/333 1395/478/333
f 1395/478/333 1382/480/333 1379/481/333
f 1382/480/318 1380/482/318 1379/481/318
f 1381/483/334 1379/481/334 1380/482/334
f 1381/484/335 1380/485/335 1383/486/335
f 1384/487/336 1383/486/336 1380/485/336
f 1383/486/337 1384/487/337 1385/488/337
f 1386/489/338 1385/488/338 1384/487/338
f 1385/488/339 1386/489/339 1387/490/339
f 1388/491/340 1387/490/340 1386/489/340
f 1387/490/341 1388/491/341 1389/492/341
f 1390/493/342 1389/492/342 1388/491/342
f 1391/475/343 1389/492/343 1390/493/343
f 1389/492/344 1391/475/344 1392/474/344
f 1300/494/345 1298/495/345 1297/496/345
f 1299/497/345 1297/496/345 1298/495/345
f 1299/497/346 1301/498/346 1297/496/346
f 1302/499/347 1297/496/347 1301/498/347
f 1302/499/348 1301/498/348 1303/500/348
f 1304/501/348 1303/500/348 1301/498/348
f 1303/500/349 1304/501/349 1305/502/349
f 1306/503/350 1305/502/350 1304/501/350
f 1306/503/351 1310/504/351 1305/502/351
f 1307/505/352 1305/502/352 1310/504/352
f 1310/504/353 1308/506/353 1307/505/353
f 1309/507/353 1307/505/353 1308/506/353
f 1308/506/354 1311/508/354 1309/507/354
f 1312/509/354 1309/507/354 1311/508/354
f 1312/509/355 1311/508/355 1313/510/355
f 1314/511/355 1313/510/355 1311/508/355
f 1313/510/356 1314/511/356 1315/512/356
f 1316/513/356 1315/512/356 1314/511/356
f 1317/462/357 1315/512/357 1316/513/357
f 1316/513/357 1318/460/357 1317/462/357
f 1234/514/358 1233/515/358 1235/516/358
f 1236/517/358 1235/516/358 1233/515/358
f 1235/516/359 1236/517/359 1237/518/359
f 1238/519/360 1237/518/360 1236/517/360
f 1238/519/361 1239/520/361 1237/518/361
f 1240/521/361 1237/518/361 1239/520/361
f 1239/520/362 1241/522/362 1240/521/362
f 1242/523/362 1240/521/362 1241/522/362
f 1225/524/363 1223/525/363 1224/526/363
f 1226/527/363 1223/525/363 1225/524/363
f 1227/528/364 1223/525/364 1226/527/364
f 1227/528/364 1226/527/364 1228/529/364
f 1228/529/365 1229/530/365 1227/528/365
f 1230/531/365 1227/528/365 1229/530/365
f 1229/530/366 1231/532/366 1230/531/366
f 1232/533/366 1230/531/366 1231/532/366
f 1231/532/367 1233/515/367 1232/533/367
f 1234/514/367 1232/533/367 1233/515/367
f 876/534/368 879/535/368 1042/536/368
f 876/534/369 1042/536/369 874/537/369
f 1037/538/369 874/537/369 1042/536/369
f 1127/539/370 1109/540/370 1154/541/370
f 1074/542/371 1109/540/371 1127/539/371
f 1074/542/371 1038/543/371 1109/540/371
f 1038/543/370 1074/542/370 1039/544/370
f 1039/544/370 1037/538/370 1038/543/370
f 1039/544/372 872/545/372 1037/538/372
f 874/537/372 1037/538/372 872/545/372
f 874/537/370 872/545/370 873/546/370
f 874/537/370 873/546/370 876/534/370
f 877/547/370 876/534/370 873/546/370
f 1127/539/373 1126/548/373 1074/542/373
f 1074/542/370 1072/549/370 1073/550/370
f 1073/550/370 1039/544/370 1074/542/370
f 1073/550/374 945/551/374 1039/544/374
f 872/545/374 1039/544/374 945/551/374
f 872/545/370 945/551/370 875/552/370
f 875/552/370 873/546/370 872/545/370
f 945/551/375 1073/550/375 942/553/375
f 943/554/370 942/553/370 940/555/370
f 943/554/370 944/556/370 942/553/370
f 945/551/370 942/553/370 944/556/370
f 944/556/370 875/552/370 945/551/370
f 936/557/370 935/558/370 937/559/370
f 936/557/370 937/559/370 939/560/370
f 939/560/370 937/559/370 938/561/370
f 938/561/370 940/555/370 939/560/370
f 941/562/370 939/560/370 940/555/370
f 941/562/370 940/555/370 942/553/370
f 942/553/376 1071/563/376 941/562/376
f 1071/563/375 942/553/375 1073/550/375
f 1071/563/370 1073/550/370 1072/549/370
f 1072/549/370 1069/564/370 1071/563/370
f 1069/564/376 941/562/376 1071/563/376
f 1069/564/377 1068/565/377 941/562/377
f 939/560/377 941/562/377 1068/565/377
f 936/557/378 939/560/378 1068/565/378
f 934/566/370 977/567/370 935/558/370
f 936/557/370 934/566/370 935/558/370
f 934/566/379 936/557/379 1066/568/379
f 1066/568/378 936/557/378 1068/565/378
f 1068/565/370 1067/569/370 1066/568/370
f 1068/565/370 1069/564/370 1067/569/370
f 1070/570/370 1067/569/370 1069/564/370
f 1070/570/370 1069/564/370 1072/549/370
f 1070/570/380 1072/549/380 1126/548/380
f 1072/549/373 1074/542/373 1126/548/373
f 1066/568/379 1063/571/379 934/566/379
f 1066/568/370 1064/572/370 1063/571/370
f 1064/572/370 1066/568/370 1067/569/370
f 1067/569/381 1124/573/381 1064/572/381
f 1067/569/382 1070/570/382 1124/573/382
f 1125/574/382 1124/573/382 1070/570/382
f 1125/574/380 1070/570/380 1126/548/380
f 1125/574/370 1126/548/370 1153/575/370
f 1154/541/370 1153/575/370 1126/548/370
f 1154/541/370 1126/548/370 1127/539/370
f 1153/575/370 1152/576/370 1124/573/370
f 1153/575/370 1124/573/370 1125/574/370
f 1152/576/370 1157/577/370 1123/578/370
f 1152/576/370 1123/578/370 1122/579/370
f 1122/579/370 1124/573/370 1152/576/370
f 1122/579/381 1064/572/381 1124/573/381
f 1064/572/383 1122/579/383 1065/580/383
f 1065/580/370 1063/571/370 1064/572/370
f 1063/571/370 1065/580/370 1085/581/370
f 1063/571/384 1085/581/384 978/582/384
f 1085/581/385 1084/583/385 978/582/385
f 976/584/385 978/582/385 1084/583/385
f 1084/583/386 974/585/386 976/584/386
f 1123/578/383 1065/580/383 1122/579/383
f 971/586/387 974/585/387 1080/587/387
f 968/588/370 970/589/370 971/586/370
f 972/590/370 971/586/370 970/589/370
f 972/590/370 973/591/370 971/586/370
f 974/585/370 971/586/370 973/591/370
f 973/591/370 975/592/370 974/585/370
f 976/584/370 974/585/370 975/592/370
f 975/592/370 977/567/370 976/584/370
f 978/582/370 976/584/370 977/567/370
f 977/567/370 934/566/370 978/582/370
f 1063/571/384 978/582/384 934/566/384
f 970/589/370 968/588/370 967/593/370
f 1098/594/388 1128/595/388 1139/596/388
f 1098/594/388 1076/597/388 1128/595/388
f 1129/598/389 1128/595/389 1076/597/389
f 1076/597/389 1075/599/389 1129/598/389
f 1077/600/370 1075/599/370 1076/597/370
f 1078/601/370 1075/599/370 1077/600/370
f 1077/600/390 969/602/390 1078/601/390
f 968/588/390 1078/601/390 969/602/390
f 969/602/370 967/593/370 968/588/370
f 967/593/370 969/602/370 1008/603/370
f 1005/604/391 1095/605/391 1004/606/391
f 1095/605/392 1005/604/392 1097/607/392
f 1098/594/370 1095/605/370 1097/607/370
f 1097/607/370 1076/597/370 1098/594/370
f 1076/597/370 1097/607/370 1077/600/370
f 1097/607/393 1007/608/393 1077/600/393
f 969/602/393 1077/600/393 1007/608/393
f 1007/608/392 1097/607/392 1005/604/392
f 1007/608/370 1008/603/370 969/602/370
f 1008/603/370 1007/608/370 1006/609/370
f 1005/604/370 1006/609/370 1007/608/370
f 1006/609/370 1005/604/370 1003/610/370
f 1004/606/370 1003/610/370 1005/604/370
f 1004/606/370 1002/611/370 1003/610/370
f 1001/612/370 1003/610/370 1002/611/370
f 1002/611/370 1000/613/370 1001/612/370
f 999/614/370 1000/613/370 1002/611/370
f 999/614/370 998/615/370 1000/613/370
f 999/614/394 1002/611/394 1090/616/394
f 1091/617/394 1090/616/394 1002/611/394
f 1002/611/395 1004/606/395 1091/617/395
f 1093/618/395 1091/617/395 1004/606/395
f 1093/618/391 1004/606/391 1095/605/391
f 1096/619/370 1093/618/370 1095/605/370
f 1096/619/370 1095/605/370 1098/594/370
f 1096/619/396 1098/594/396 1138/620/396
f 1139/596/396 1138/620/396 1098/594/396
f 1160/621/370 1138/620/370 1139/596/370
f 1160/621/370 1159/622/370 1138/620/370
f 1092/623/370 1090/616/370 1091/617/370
f 1091/617/370 1093/618/370 1092/623/370
f 1094/624/370 1092/623/370 1093/618/370
f 1094/624/370 1093/618/370 1096/619/370
f 1094/624/397 1096/619/397 1137/625/397
f 1138/620/397 1137/625/397 1096/619/397
f 1137/625/370 1138/620/370 1159/622/370
f 1159/622/370 1136/626/370 1137/625/370
f 1159/622/370 1158/627/370 1136/626/370
f 1135/628/370 1136/626/370 1158/627/370
f 1036/629/398 997/630/398 1107/631/398
f 1087/632/398 1107/631/398 997/630/398
f 1090/616/399 1087/632/399 997/630/399
f 1090/616/370 1088/633/370 1087/632/370
f 1088/633/370 1090/616/370 1092/623/370
f 1088/633/400 1092/623/400 1135/628/400
f 1136/626/400 1135/628/400 1092/623/400
f 1092/623/401 1094/624/401 1136/626/401
f 1137/625/401 1136/626/401 1094/624/401
f 1158/627/370 1134/634/370 1135/628/370
f 1135/628/402 1134/634/402 1088/633/402
f 1089/635/402 1088/633/402 1134/634/402
f 1089/635/370 1087/632/370 1088/633/370
f 1089/635/370 1108/636/370 1087/632/370
f 1107/631/370 1087/632/370 1108/636/370
f 1108/636/370 1105/637/370 1107/631/370
f 1106/638/370 1107/631/370 1105/637/370
f 1107/631/403 1106/638/403 1036/629/403
f 1033/639/403 1036/629/403 1106/638/403
f 1106/638/404 1103/640/404 1032/641/404
f 1106/638/404 1032/641/404 1033/639/404
f 1031/642/370 1033/639/370 1032/641/370
f 1033/639/370 1031/642/370 1034/643/370
f 1034/643/370 1035/644/370 1033/639/370
f 1036/629/370 1033/639/370 1035/644/370
f 1035/644/370 998/615/370 1036/629/370
f 997/630/370 1036/629/370 998/615/370
f 999/614/370 997/630/370 998/615/370
f 997/630/399 999/614/399 1090/616/399
f 1030/645/370 1029/646/370 1028/647/370
f 1030/645/370 1031/642/370 1029/646/370
f 1032/641/370 1029/646/370 1031/642/370
f 1029/646/405 1032/641/405 1102/648/405
f 1103/640/405 1102/648/405 1032/641/405
f 1028/647/370 1027/649/370 914/650/370
f 1027/649/370 1028/647/370 1029/646/370
f 1027/649/406 1029/646/406 1099/651/406
f 1102/648/406 1099/651/406 1029/646/406
f 1102/648/370 1101/652/370 1099/651/370
f 1102/648/370 1103/640/370 1101/652/370
f 1104/653/370 1101/652/370 1103/640/370
f 1101/652/407 1104/653/407 1141/654/407
f 1142/655/407 1141/654/407 1104/653/407
f 1100/656/408 1101/652/408 1140/657/408
f 1141/654/408 1140/657/408 1101/652/408
f 1140/657/370 1141/654/370 1151/658/370
f 1161/659/370 1151/658/370 1141/654/370
f 1161/659/370 1141/654/370 1142/655/370
f 1142/655/370 1143/660/370 1161/659/370
f 1142/655/409 1104/653/409 1143/660/409
f 1105/637/409 1143/660/409 1104/653/409
f 1104/653/370 1103/640/370 1105/637/370
f 1106/638/370 1105/637/370 1103/640/370
f 1134/634/410 1144/661/410 1089/635/410
f 1108/636/410 1089/635/410 1144/661/410
f 1108/636/411 1144/661/411 1105/637/411
f 1143/660/411 1105/637/411 1144/661/411
f 1162/662/370 1143/660/370 1144/661/370
f 1162/662/370 1161/659/370 1143/660/370
f 1158/627/370 1162/662/370 1134/634/370
f 1144/661/370 1134/634/370 1162/662/370
f 1256/663/412 1253/664/412 1254/665/412
f 1254/665/412 1255/666/412 1256/663/412
f 1258/667/413 1256/663/413 1255/666/413
f 1255/666/413 1257/668/413 1258/667/413
f 1257/668/414 1222/669/414 1258/667/414
f 1219/670/414 1258/667/414 1222/669/414
f 1222/669/415 1220/671/415 1219/670/415
f 1221/672/415 1219/670/415 1220/671/415
f 1246/673/416 1244/674/416 1243/675/416
f 1245/676/416 1243/675/416 1244/674/416
f 1243/675/417 1245/676/417 1248/677/417
f 1245/676/417 1247/678/417 1248/677/417
f 1247/678/418 1249/679/418 1248/677/418
f 1250/680/418 1248/677/418 1249/679/418
f 1249/679/419 1251/681/419 1250/680/419
f 1252/682/419 1250/680/419 1251/681/419
f 1253/664/420 1252/682/420 1251/681/420
f 1253/664/420 1251/681/420 1254/665/420
f 1083/683/421 1086/684/421 1132/685/421
f 1133/686/421 1132/685/421 1086/684/421
f 1133/686/370 1123/578/370 1157/577/370
f 1133/686/422 1086/684/422 1123/578/422
f 1065/580/422 1123/578/422 1086/684/422
f 1086/684/370 1085/581/370 1065/580/370
f 1086/684/370 1083/683/370 1085/581/370
f 1084/583/370 1085/581/370 1083/683/370
f 1084/583/370 1083/683/370 1081/687/370
f 1082/688/370 1081/687/370 1083/683/370
f 1083/683/423 1132/685/423 1082/688/423
f 1131/689/423 1082/688/423 1132/685/423
f 1084/583/386 1081/687/386 974/585/386
f 1081/687/387 1080/587/387 974/585/387
f 1080/587/370 1081/687/370 1079/690/370
f 1082/688/370 1079/690/370 1081/687/370
f 1079/690/424 1082/688/424 1130/691/424
f 1131/689/424 1130/691/424 1082/688/424
f 1156/692/370 1130/691/370 1131/689/370
f 1131/689/370 1132/685/370 1156/692/370
f 1157/577/370 1156/692/370 1132/685/370
f 1157/577/370 1132/685/370 1133/686/370
f 1156/692/370 1155/693/370 1130/691/370
f 1139/596/370 1128/595/370 1160/621/370
f 1155/693/370 1160/621/370 1128/595/370
f 1155/693/370 1128/595/370 1129/598/370
f 1129/598/370 1130/691/370 1155/693/370
f 1130/691/425 1129/598/425 1075/599/425
f 1079/690/425 1130/691/425 1075/599/425
f 1078/601/370 1079/690/370 1075/599/370
f 1080/587/370 1079/690/370 1078/601/370
f 1078/601/426 968/588/426 1080/587/426
f 971/586/426 1080/587/426 968/588/426
f 1218/694/370 1215/695/370 1201/696/370
f 1217/697/370 1218/694/370 1201/696/370
f 1207/698/370 1217/697/370 1201/696/370
f 1206/699/370 1207/698/370 1201/696/370
f 1205/700/370 1206/699/370 1201/696/370
f 1204/701/370 1205/700/370 1201/696/370
f 1203/702/370 1204/701/370 1201/696/370
f 1200/703/370 1203/702/370 1201/696/370
f 1202/704/370 1200/703/370 1201/696/370
f 1210/705/370 1202/704/370 1201/696/370
f 1208/706/370 1210/705/370 1201/696/370
f 1209/707/370 1208/706/370 1201/696/370
f 1213/708/370 1209/707/370 1201/696/370
f 1211/709/370 1213/708/370 1201/696/370
f 1212/710/370 1211/709/370 1201/696/370
f 1216/711/370 1212/710/370 1201/696/370
f 1214/712/370 1216/711/370 1201/696/370
f 1215/695/370 1214/712/370 1201/696/370
f 1058/713/427 1060/714/427 1119/715/427
f 1060/714/370 1058/713/370 1059/716/370
f 1057/717/370 1059/716/370 1058/713/370
f 1059/716/428 1057/717/428 913/718/428
f 910/719/428 913/718/428 1057/717/428
f 913/718/429 915/720/429 1059/716/429
f 1061/721/429 1059/716/429 915/720/429
f 1059/716/370 1061/721/370 1060/714/370
f 911/722/370 910/719/370 908/723/370
f 911/722/370 912/724/370 910/719/370
f 913/718/370 910/719/370 912/724/370
f 912/724/370 914/650/370 913/718/370
f 915/720/370 913/718/370 914/650/370
f 915/720/370 914/650/370 1027/649/370
f 915/720/430 1027/649/430 1061/721/430
f 1099/651/430 1061/721/430 1027/649/430
f 1061/721/370 1099/651/370 1100/656/370
f 1099/651/370 1101/652/370 1100/656/370
f 1150/725/370 1149/726/370 1119/715/370
f 1150/725/370 1119/715/370 1120/727/370
f 1120/727/427 1119/715/427 1060/714/427
f 1060/714/431 1062/728/431 1120/727/431
f 1062/728/370 1060/714/370 1061/721/370
f 1061/721/370 1100/656/370 1062/728/370
f 1062/728/432 1100/656/432 1140/657/432
f 1140/657/432 1121/729/432 1062/728/432
f 1151/658/370 1121/729/370 1140/657/370
f 1151/658/370 1150/725/370 1121/729/370
f 1120/727/370 1121/729/370 1150/725/370
f 1121/729/431 1120/727/431 1062/728/431
f 1149/726/370 1148/730/370 1117/731/370
f 1149/726/370 1117/731/370 1118/732/370
f 1118/732/370 1119/715/370 1149/726/370
f 1118/732/433 1056/733/433 1119/715/433
f 1056/733/433 1058/713/433 1119/715/433
f 1056/733/370 1055/734/370 1058/713/370
f 1058/713/370 1055/734/370 1057/717/370
f 1055/734/434 909/735/434 1057/717/434
f 910/719/434 1057/717/434 909/735/434
f 909/735/370 908/723/370 910/719/370
f 907/736/370 905/737/370 906/738/370
f 906/738/370 908/723/370 907/736/370
f 909/735/370 907/736/370 908/723/370
f 907/736/435 909/735/435 1054/739/435
f 1055/734/435 1054/739/435 909/735/435
f 1054/739/370 1055/734/370 1053/740/370
f 1056/733/370 1053/740/370 1055/734/370
f 1053/740/436 1056/733/436 1117/731/436
f 1118/732/436 1117/731/436 1056/733/436
f 1116/741/437 1115/742/437 1051/743/437
f 1148/730/370 1115/742/370 1116/741/370
f 1116/741/370 1117/731/370 1148/730/370
f 1116/741/438 1051/743/438 1117/731/438
f 1053/740/438 1117/731/438 1051/743/438
f 1051/743/370 1052/744/370 1053/740/370
f 1054/739/370 1053/740/370 1052/744/370
f 1052/744/439 904/745/439 1054/739/439
f 904/745/439 907/736/439 1054/739/439
f 904/745/370 905/737/370 907/736/370
f 1148/730/370 1147/746/370 1115/742/370
f 904/745/370 885/747/370 905/737/370
f 884/748/370 882/749/370 885/747/370
f 904/745/370 884/748/370 885/747/370
f 884/748/440 904/745/440 1052/744/440
f 881/750/370 880/751/370 878/752/370
f 881/750/370 882/749/370 880/751/370
f 883/753/370 880/751/370 882/749/370
f 882/749/370 884/748/370 883/753/370
f 883/753/441 884/748/441 1050/754/441
f 1052/744/440 1050/754/440 884/748/440
f 1052/744/370 1051/743/370 1050/754/370
f 877/547/370 878/752/370 876/534/370
f 879/535/370 876/534/370 878/752/370
f 878/752/370 880/751/370 879/535/370
f 1046/755/442 879/535/442 880/751/442
f 880/751/443 883/753/443 1046/755/443
f 1047/756/443 1046/755/443 883/753/443
f 1050/754/441 1047/756/441 883/753/441
f 1050/754/370 1049/757/370 1047/756/370
f 1049/757/370 1050/754/370 1051/743/370
f 1049/757/437 1051/743/437 1115/742/437
f 1112/758/444 1111/759/444 1044/760/444
f 1146/761/370 1111/759/370 1112/758/370
f 1112/758/370 1113/762/370 1146/761/370
f 1147/746/370 1146/761/370 1113/762/370
f 1147/746/370 1113/762/370 1114/763/370
f 1114/763/370 1115/742/370 1147/746/370
f 1114/763/445 1048/764/445 1115/742/445
f 1049/757/445 1115/742/445 1048/764/445
f 1048/764/370 1047/756/370 1049/757/370
f 1048/764/370 1045/765/370 1047/756/370
f 1112/758/446 1044/760/446 1113/762/446
f 1146/761/370 1145/766/370 1111/759/370
f 1110/767/370 1111/759/370 1145/766/370
f 1111/759/447 1110/767/447 1040/768/447
f 1041/769/447 1111/759/447 1040/768/447
f 1041/769/444 1044/760/444 1111/759/444
f 1044/760/370 1041/769/370 1043/770/370
f 1044/760/370 1043/770/370 1045/765/370
f 1045/765/446 1113/762/446 1044/760/446
f 1045/765/448 1048/764/448 1113/762/448
f 1114/763/448 1113/762/448 1048/764/448
f 1046/755/370 1047/756/370 1045/765/370
f 1046/755/370 1045/765/370 1043/770/370
f 1046/755/442 1043/770/442 879/535/442
f 1043/770/368 1042/536/368 879/535/368
f 1042/536/370 1043/770/370 1041/769/370
f 1042/536/370 1041/769/370 1037/538/370
f 1037/538/370 1041/769/370 1040/768/370
f 1040/768/370 1038/543/370 1037/538/370
f 1038/543/449 1040/768/449 1110/767/449
f 1110/767/449 1109/540/449 1038/543/449
f 1145/766/370 1109/540/370 1110/767/370
f 1145/766/370 1154/541/370 1109/540/370
f 995/771/15 989/772/15 996/773/15
f 989/772/14 995/771/14 988/774/14
f 994/775/14 988/774/14 995/771/14
f 996/773/16 990/776/16 961/777/16
f 996/773/15 989/772/15 990/776/15
f 990/776/450 989/772/450 983/778/450
f 982/779/450 983/778/450 989/772/450
f 989/772/451 988/774/451 982/779/451
f 981/780/451 982/779/451 988/774/451
f 961/777/17 952/781/17 960/782/17
f 961/777/16 990/776/16 952/781/16
f 952/781/452 990/776/452 953/783/452
f 983/778/452 953/783/452 990/776/452
f 953/783/453 983/778/453 753/784/453
f 752/785/453 753/784/453 983/778/453
f 983/778/454 982/779/454 752/785/454
f 749/786/454 752/785/454 982/779/454
f 982/779/455 981/780/455 749/786/455
f 748/787/455 749/786/455 981/780/455
f 960/782/18 954/788/18 962/789/18
f 960/782/17 952/781/17 954/788/17
f 954/788/456 952/781/456 946/790/456
f 953/783/456 946/790/456 952/781/456
f 946/790/457 953/783/457 686/791/457
f 753/784/457 686/791/457 953/783/457
f 753/784/458 697/792/458 686/791/458
f 751/793/459 697/792/459 753/784/459
f 752/785/459 751/793/459 753/784/459
f 750/794/460 751/793/460 752/785/460
f 956/795/3 957/796/3 963/797/3
f 963/797/2 962/789/2 956/795/2
f 955/798/2 956/795/2 962/789/2
f 962/789/18 954/788/18 955/798/18
f 955/798/461 954/788/461 947/799/461
f 946/790/461 947/799/461 954/788/461
f 947/799/462 946/790/462 684/800/462
f 686/791/462 684/800/462 946/790/462
f 686/791/463 685/801/463 684/800/463
f 697/792/458 685/801/458 686/791/458
f 690/802/464 688/803/464 689/804/464
f 687/805/464 689/804/464 688/803/464
f 688/803/465 684/800/465 687/805/465
f 683/806/465 687/805/465 684/800/465
f 685/801/463 683/806/463 684/800/463
f 688/803/466 690/802/466 949/807/466
f 949/807/466 948/808/466 688/803/466
f 684/800/467 688/803/467 948/808/467
f 948/808/467 947/799/467 684/800/467
f 956/795/468 955/798/468 947/799/468
f 956/795/468 947/799/468 948/808/468
f 948/808/469 957/796/469 956/795/469
f 957/796/469 948/808/469 949/807/469
f 949/807/470 958/809/470 957/796/470
f 958/809/470 949/807/470 950/810/470
f 950/810/471 949/807/471 690/802/471
f 690/802/471 692/811/471 950/810/471
f 692/811/472 690/802/472 691/812/472
f 689/804/472 691/812/472 690/802/472
f 694/813/473 692/811/473 693/814/473
f 692/811/474 694/813/474 951/815/474
f 951/815/474 950/810/474 692/811/474
f 959/816/475 950/810/475 951/815/475
f 950/810/475 959/816/475 958/809/475
f 966/817/1 958/809/1 959/816/1
f 958/809/1 966/817/1 965/818/1
f 965/818/4 957/796/4 958/809/4
f 957/796/4 965/818/4 964/819/4
f 964/819/3 963/797/3 957/796/3
f 698/820/476 683/806/476 685/801/476
f 683/806/477 698/820/477 699/821/477
f 699/821/477 687/805/477 683/806/477
f 687/805/478 699/821/478 700/822/478
f 689/804/478 687/805/478 700/822/478
f 689/804/479 700/822/479 701/823/479
f 691/812/479 689/804/479 701/823/479
f 691/812/480 701/823/480 702/824/480
f 693/814/480 691/812/480 702/824/480
f 691/812/473 693/814/473 692/811/473
f 704/825/17 696/826/17 703/827/17
f 696/826/18 704/825/18 698/820/18
f 705/828/18 698/820/18 704/825/18
f 698/820/2 705/828/2 706/829/2
f 699/821/2 698/820/2 706/829/2
f 699/821/3 706/829/3 700/822/3
f 707/830/3 700/822/3 706/829/3
f 700/822/4 707/830/4 701/823/4
f 708/831/4 701/823/4 707/830/4
f 701/823/1 708/831/1 709/832/1
f 702/824/1 701/823/1 709/832/1
f 764/833/22 758/834/22 763/835/22
f 758/834/14 764/833/14 759/836/14
f 765/837/14 759/836/14 764/833/14
f 765/837/15 766/838/15 759/836/15
f 760/839/15 759/836/15 766/838/15
f 766/838/16 703/827/16 760/839/16
f 695/840/16 760/839/16 703/827/16
f 695/840/17 703/827/17 696/826/17
f 696/826/481 685/801/481 695/840/481
f 698/820/476 685/801/476 696/826/476
f 697/792/481 695/840/481 685/801/481
f 695/840/482 697/792/482 760/839/482
f 751/793/482 760/839/482 697/792/482
f 760/839/483 751/793/483 759/836/483
f 750/794/483 759/836/483 751/793/483
f 759/836/484 750/794/484 758/834/484
f 747/841/484 758/834/484 750/794/484
f 747/841/485 743/842/485 758/834/485
f 743/842/486 747/841/486 746/843/486
f 746/843/487 744/844/487 743/842/487
f 1013/845/488 984/846/488 986/847/488
f 986/847/489 984/846/489 985/848/489
f 985/848/489 984/846/489 980/849/489
f 984/846/490 807/850/490 980/849/490
f 807/850/490 744/844/490 980/849/490
f 744/844/491 807/850/491 745/851/491
f 745/851/487 743/842/487 744/844/487
f 743/842/492 745/851/492 757/852/492
f 757/852/485 758/834/485 743/842/485
f 744/844/493 746/843/493 979/853/493
f 980/849/493 744/844/493 979/853/493
f 987/854/494 980/849/494 979/853/494
f 985/848/494 980/849/494 987/854/494
f 985/848/21 987/854/21 992/855/21
f 992/855/20 991/856/20 985/848/20
f 986/847/20 985/848/20 991/856/20
f 991/856/19 1026/857/19 986/847/19
f 1020/858/19 986/847/19 1026/857/19
f 1026/857/31 1025/859/31 1020/858/31
f 749/786/460 750/794/460 752/785/460
f 750/794/495 749/786/495 747/841/495
f 748/787/495 747/841/495 749/786/495
f 748/787/486 746/843/486 747/841/486
f 746/843/496 748/787/496 981/780/496
f 979/853/496 746/843/496 981/780/496
f 988/774/497 979/853/497 981/780/497
f 987/854/497 979/853/497 988/774/497
f 988/774/22 994/775/22 987/854/22
f 993/860/22 987/854/22 994/775/22
f 993/860/21 992/855/21 987/854/21
f 1165/861/498 1175/862/498 1174/863/498
f 1165/861/498 1174/863/498 1173/864/498
f 1165/861/498 1173/864/498 1172/865/498
f 1165/861/498 1172/865/498 1170/866/498
f 1165/861/498 1170/866/498 1171/867/498
f 1165/861/498 1171/867/498 1163/868/498
f 1165/861/498 1169/869/498 1198/870/498
f 1165/861/498 1198/870/498 1197/871/498
f 1165/861/498 1197/871/498 1182/872/498
f 1165/861/498 1182/872/498 1181/873/498
f 1165/861/498 1181/873/498 1180/874/498
f 1165/861/498 1180/874/498 1179/875/498
f 1165/861/498 1179/875/498 1178/876/498
f 1165/861/498 1178/876/498 1177/877/498
f 1165/861/498 1177/877/498 1176/878/498
f 1165/861/498 1176/878/498 1175/862/498
f 1165/861/498 1187/879/498 1188/880/498
f 1165/861/498 1188/880/498 1196/881/498
f 1165/861/498 1196/881/498 1195/882/498
f 1165/861/498 1195/882/498 1194/883/498
f 1165/861/498 1194/883/498 1193/884/498
f 1165/861/498 1193/884/498 1166/885/498
f 1165/861/498 1166/885/498 1167/886/498
f 1165/861/498 1167/886/498 1199/887/498
f 1165/861/498 1199/887/498 1168/888/498
f 1165/861/498 1168/888/498 1169/869/498
f 1165/861/498 1163/868/498 1164/889/498
f 1165/861/498 1164/889/498 1186/890/498
f 1165/861/498 1186/890/498 1185/891/498
f 1165/861/498 1185/891/498 1183/892/498
f 1165/861/498 1183/892/498 1184/893/498
f 1165/861/498 1184/893/498 1192/894/498
f 1165/861/498 1192/894/498 1191/895/498
f 1165/861/498 1191/895/498 1190/896/498
f 1165/861/498 1190/896/498 1189/897/498
f 1165/861/498 1189/897/498 1187/879/498
f 921/898/499 928/899/499 929/900/499
f 641/901/500 640/902/500 631/903/500
f 641/901/501 631/903/501 632/904/501
f 632/904/501 850/905/501 641/901/501
f 850/905/502 632/904/502 923/906/502
f 916/907/502 923/906/502 632/904/502
f 923/906/503 916/907/503 921/898/503
f 922/908/503 921/898/503 916/907/503
f 928/899/499 921/898/499 922/908/499
f 922/908/504 924/909/504 928/899/504
f 930/910/504 928/899/504 924/909/504
f 631/903/505 642/911/505 629/912/505
f 631/903/506 629/912/506 630/913/506
f 630/913/506 632/904/506 631/903/506
f 632/904/507 630/913/507 916/907/507
f 917/914/507 916/907/507 630/913/507
f 916/907/508 917/914/508 922/908/508
f 924/909/508 922/908/508 917/914/508
f 917/914/509 918/915/509 924/909/509
f 925/916/509 924/909/509 918/915/509
f 918/915/510 919/917/510 925/916/510
f 634/918/511 630/913/511 629/912/511
f 630/913/512 634/918/512 917/914/512
f 918/915/512 917/914/512 634/918/512
f 919/917/513 918/915/513 636/919/513
f 634/918/513 636/919/513 918/915/513
f 636/919/514 634/918/514 633/920/514
f 629/912/511 633/920/511 634/918/511
f 629/912/515 643/921/515 633/920/515
f 643/921/505 629/912/505 642/911/505
f 642/911/504 648/922/504 643/921/504
f 648/922/499 642/911/499 647/923/499
f 640/902/499 647/923/499 642/911/499
f 642/911/500 631/903/500 640/902/500
f 638/924/516 636/919/516 635/925/516
f 633/920/514 635/925/514 636/919/514
f 633/920/517 644/926/517 635/925/517
f 644/926/515 633/920/515 643/921/515
f 643/921/518 649/927/518 644/926/518
f 649/927/504 643/921/504 648/922/504
f 528/928/519 535/929/519 536/930/519
f 535/929/520 528/928/520 526/931/520
f 516/932/521 526/931/521 528/928/521
f 526/931/522 516/932/522 527/933/522
f 516/932/523 639/934/523 527/933/523
f 639/934/524 638/924/524 527/933/524
f 639/934/525 859/935/525 638/924/525
f 859/935/525 920/936/525 638/924/525
f 920/936/526 919/917/526 638/924/526
f 636/919/526 638/924/526 919/917/526
f 926/937/510 925/916/510 919/917/510
f 919/917/527 920/936/527 926/937/527
f 927/938/527 926/937/527 920/936/527
f 920/936/528 858/939/528 927/938/528
f 858/939/528 920/936/528 859/935/528
f 859/935/529 857/940/529 858/939/529
f 857/940/529 859/935/529 851/941/529
f 851/941/530 859/935/530 639/934/530
f 513/942/530 851/941/530 639/934/530
f 639/934/523 516/932/523 513/942/523
f 924/909/518 931/943/518 930/910/518
f 931/943/518 924/909/518 925/916/518
f 925/916/531 932/944/531 931/943/531
f 932/944/531 925/916/531 926/937/531
f 926/937/532 933/945/532 932/944/532
f 933/945/532 926/937/532 927/938/532
f 927/938/533 866/946/533 933/945/533
f 858/939/533 866/946/533 927/938/533
f 858/939/534 865/947/534 866/946/534
f 857/940/534 865/947/534 858/939/534
f 857/940/520 860/948/520 865/947/520
f 851/941/535 860/948/535 857/940/535
f 852/949/535 860/948/535 851/941/535
f 852/949/536 851/941/536 513/942/536
f 515/950/536 852/949/536 513/942/536
f 515/950/537 513/942/537 514/951/537
f 514/951/538 517/952/538 515/950/538
f 529/953/539 517/952/539 514/951/539
f 517/952/540 529/953/540 520/954/540
f 530/955/540 520/954/540 529/953/540
f 521/956/541 519/957/541 520/954/541
f 520/954/542 519/957/542 517/952/542
f 519/957/542 518/958/542 517/952/542
f 518/958/538 515/950/538 517/952/538
f 518/958/543 853/959/543 515/950/543
f 853/959/543 852/949/543 515/950/543
f 853/959/544 861/960/544 852/949/544
f 852/949/544 861/960/544 860/948/544
f 860/948/519 861/960/519 867/961/519
f 867/961/520 865/947/520 860/948/520
f 518/958/545 519/957/545 853/959/545
f 868/962/519 867/961/519 861/960/519
f 855/963/546 854/964/546 521/956/546
f 519/957/546 521/956/546 854/964/546
f 854/964/545 853/959/545 519/957/545
f 853/959/547 854/964/547 861/960/547
f 862/965/547 861/960/547 854/964/547
f 861/960/548 862/965/548 868/962/548
f 869/966/548 868/962/548 862/965/548
f 862/965/549 870/967/549 869/966/549
f 863/968/549 870/967/549 862/965/549
f 863/968/550 871/969/550 870/967/550
f 854/964/551 855/963/551 862/965/551
f 863/968/551 862/965/551 855/963/551
f 892/970/552 893/971/552 898/972/552
f 898/972/553 871/969/553 892/970/553
f 864/973/553 892/970/553 871/969/553
f 864/973/550 871/969/550 863/968/550
f 864/973/554 863/968/554 856/974/554
f 855/963/554 856/974/554 863/968/554
f 856/974/555 855/963/555 523/975/555
f 521/956/555 523/975/555 855/963/555
f 523/975/556 521/956/556 522/976/556
f 522/976/541 521/956/541 520/954/541
f 886/977/557 887/978/557 892/970/557
f 892/970/558 864/973/558 886/977/558
f 856/974/558 886/977/558 864/973/558
f 886/977/559 856/974/559 575/979/559
f 523/975/559 575/979/559 856/974/559
f 575/979/560 577/980/560 886/977/560
f 887/978/560 886/977/560 577/980/560
f 887/978/561 577/980/561 888/981/561
f 580/982/562 577/980/562 579/983/562
f 580/982/561 888/981/561 577/980/561
f 888/981/563 580/982/563 889/984/563
f 582/985/564 580/982/564 581/986/564
f 582/985/563 889/984/563 580/982/563
f 889/984/565 582/985/565 890/987/565
f 890/987/566 896/988/566 889/984/566
f 895/989/566 889/984/566 896/988/566
f 889/984/567 895/989/567 888/981/567
f 888/981/567 895/989/567 894/990/567
f 888/981/568 894/990/568 887/978/568
f 887/978/568 894/990/568 893/971/568
f 893/971/557 892/970/557 887/978/557
f 896/988/569 890/987/569 897/991/569
f 897/991/570 903/992/570 896/988/570
f 902/993/570 896/988/570 903/992/570
f 896/988/571 902/993/571 895/989/571
f 901/994/571 895/989/571 902/993/571
f 895/989/572 901/994/572 894/990/572
f 900/995/572 894/990/572 901/994/572
f 900/995/573 899/996/573 894/990/573
f 893/971/573 894/990/573 899/996/573
f 899/996/552 898/972/552 893/971/552
f 595/997/572 596/998/572 589/999/572
f 596/998/572 590/1000/572 589/999/572
f 590/1000/571 596/998/571 591/1001/571
f 590/1000/574 591/1001/574 581/986/574
f 591/1001/574 583/1002/574 581/986/574
f 581/986/575 583/1002/575 582/985/575
f 584/1003/575 582/985/575 583/1002/575
f 584/1003/565 890/987/565 582/985/565
f 890/987/576 584/1003/576 891/1004/576
f 891/1004/569 897/991/569 890/987/569
f 586/1005/576 891/1004/576 584/1003/576
f 586/1005/577 584/1003/577 585/1006/577
f 583/1002/577 585/1006/577 584/1003/577
f 592/1007/578 585/1006/578 583/1002/578
f 591/1001/578 592/1007/578 583/1002/578
f 598/1008/570 592/1007/570 591/1001/570
f 597/1009/570 598/1008/570 591/1001/570
f 597/1009/571 591/1001/571 596/998/571
f 524/1010/556 523/975/556 522/976/556
f 575/979/579 523/975/579 524/1010/579
f 576/1011/579 575/979/579 524/1010/579
f 577/980/580 575/979/580 576/1011/580
f 577/980/580 576/1011/580 578/1012/580
f 578/1012/562 579/983/562 577/980/562
f 578/1012/581 589/999/581 579/983/581
f 589/999/582 590/1000/582 579/983/582
f 590/1000/582 581/986/582 579/983/582
f 579/983/564 581/986/564 580/982/564
f 520/954/583 530/955/583 522/976/583
f 531/1013/583 522/976/583 530/955/583
f 522/976/584 531/1013/584 524/1010/584
f 532/1014/584 524/1010/584 531/1013/584
f 524/1010/585 532/1014/585 576/1011/585
f 587/1015/585 576/1011/585 532/1014/585
f 576/1011/586 587/1015/586 578/1012/586
f 588/1016/586 578/1012/586 587/1015/586
f 588/1016/581 589/999/581 578/1012/581
f 595/997/573 589/999/573 588/1016/573
f 532/1014/553 539/1017/553 593/1018/553
f 593/1018/553 587/1015/553 532/1014/553
f 587/1015/552 593/1018/552 594/1019/552
f 594/1019/552 588/1016/552 587/1015/552
f 594/1019/573 595/997/573 588/1016/573
f 516/932/537 514/951/537 513/942/537
f 528/928/521 514/951/521 516/932/521
f 514/951/539 528/928/539 529/953/539
f 536/930/519 529/953/519 528/928/519
f 529/953/548 536/930/548 537/1020/548
f 537/1020/548 530/955/548 529/953/548
f 530/955/549 537/1020/549 538/1021/549
f 538/1021/549 531/1013/549 530/955/549
f 531/1013/550 538/1021/550 539/1017/550
f 539/1017/550 532/1014/550 531/1013/550
f 271/1022/587 329/1023/587 331/1024/587
f 271/1022/588 277/1025/588 329/1023/588
f 331/1024/589 327/1026/589 330/1027/589
f 327/1026/587 331/1024/587 329/1023/587
f 329/1023/590 325/1028/590 327/1026/590
f 329/1023/591 285/1029/591 325/1028/591
f 277/1025/591 285/1029/591 329/1023/591
f 285/1029/592 277/1025/592 282/1030/592
f 275/1031/592 282/1030/592 277/1025/592
f 275/1031/593 277/1025/593 272/1032/593
f 272/1032/588 277/1025/588 271/1022/588
f 272/1032/594 271/1022/594 270/1033/594
f 270/1033/595 271/1022/595 509/1034/595
f 331/1024/595 509/1034/595 271/1022/595
f 509/1034/596 331/1024/596 508/1035/596
f 265/1036/597 272/1032/597 270/1033/597
f 269/1037/598 509/1034/598 383/1038/598
f 269/1037/598 270/1033/598 509/1034/598
f 269/1037/599 261/1039/599 270/1033/599
f 265/1036/600 270/1033/600 261/1039/600
f 266/1040/601 265/1036/601 261/1039/601
f 265/1036/602 266/1040/602 272/1032/602
f 273/1041/602 272/1032/602 266/1040/602
f 273/1041/593 275/1031/593 272/1032/593
f 276/1042/603 275/1031/603 273/1041/603
f 276/1042/604 278/1043/604 275/1031/604
f 274/1044/603 276/1042/603 273/1041/603
f 266/1040/605 274/1044/605 273/1041/605
f 256/1045/605 274/1044/605 266/1040/605
f 256/1045/606 253/1046/606 255/1047/606
f 253/1046/607 256/1045/607 266/1040/607
f 253/1046/607 266/1040/607 258/1048/607
f 258/1048/601 266/1040/601 261/1039/601
f 261/1039/608 260/1049/608 258/1048/608
f 261/1039/609 269/1037/609 260/1049/609
f 267/1050/609 260/1049/609 269/1037/609
f 267/1050/610 269/1037/610 383/1038/610
f 267/1050/610 383/1038/610 384/1051/610
f 384/1051/611 383/1038/611 382/1052/611
f 258/1048/612 257/1053/612 253/1046/612
f 257/1053/608 258/1048/608 260/1049/608
f 257/1053/613 260/1049/613 259/1054/613
f 259/1054/613 260/1049/613 262/1055/613
f 262/1055/614 260/1049/614 267/1050/614
f 262/1055/614 267/1050/614 268/1056/614
f 268/1056/615 267/1050/615 384/1051/615
f 268/1056/615 384/1051/615 385/1057/615
f 385/1057/616 384/1051/616 381/1058/616
f 385/1057/616 381/1058/616 219/1059/616
f 221/1060/617 219/1059/617 220/1061/617
f 386/1062/618 219/1059/618 221/1060/618
f 386/1062/618 385/1057/618 219/1059/618
f 387/1063/619 385/1057/619 386/1062/619
f 387/1063/619 268/1056/619 385/1057/619
f 263/1064/620 268/1056/620 387/1063/620
f 262/1055/620 268/1056/620 263/1064/620
f 263/1064/621 242/1065/621 262/1055/621
f 259/1054/621 262/1055/621 242/1065/621
f 249/1066/622 259/1054/622 242/1065/622
f 221/1060/623 235/1067/623 386/1062/623
f 388/1068/623 386/1062/623 235/1067/623
f 388/1068/624 387/1063/624 386/1062/624
f 388/1068/625 264/1069/625 387/1063/625
f 387/1063/626 264/1069/626 263/1064/626
f 239/1070/626 263/1064/626 264/1069/626
f 264/1069/627 231/1071/627 239/1070/627
f 229/1072/628 239/1070/628 231/1071/628
f 230/1073/629 229/1072/629 231/1071/629
f 230/1073/629 228/1074/629 229/1072/629
f 141/1075/630 230/1073/630 142/1076/630
f 232/1077/631 142/1076/631 230/1073/631
f 232/1077/632 230/1073/632 231/1071/632
f 232/1077/632 231/1071/632 233/1078/632
f 233/1078/633 231/1071/633 264/1069/633
f 233/1078/634 264/1069/634 388/1068/634
f 233/1078/635 388/1068/635 234/1079/635
f 235/1067/635 234/1079/635 388/1068/635
f 143/1080/636 142/1076/636 232/1077/636
f 143/1080/636 232/1077/636 227/1081/636
f 232/1077/637 233/1078/637 227/1081/637
f 234/1079/637 227/1081/637 233/1078/637
f 146/1082/638 144/1083/638 216/1084/638
f 216/1084/639 144/1083/639 226/1085/639
f 144/1083/640 143/1080/640 226/1085/640
f 143/1080/640 227/1081/640 226/1085/640
f 226/1085/641 227/1081/641 225/1086/641
f 227/1081/641 234/1079/641 225/1086/641
f 225/1086/642 234/1079/642 224/1087/642
f 234/1079/642 235/1067/642 224/1087/642
f 224/1087/643 235/1067/643 220/1061/643
f 235/1067/643 221/1060/643 220/1061/643
f 219/1059/644 381/1058/644 222/1088/644
f 222/1088/617 220/1061/617 219/1059/617
f 220/1061/645 222/1088/645 213/1089/645
f 213/1089/646 224/1087/646 220/1061/646
f 214/1090/647 224/1087/647 213/1089/647
f 214/1090/648 225/1086/648 224/1087/648
f 215/1091/649 225/1086/649 214/1090/649
f 215/1091/650 226/1085/650 225/1086/650
f 216/1084/650 226/1085/650 215/1091/650
f 384/1051/651 382/1052/651 381/1058/651
f 381/1058/652 382/1052/652 380/1092/652
f 222/1088/644 381/1058/644 380/1092/644
f 222/1088/653 380/1092/653 223/1093/653
f 222/1088/654 223/1093/654 213/1089/654
f 213/1089/655 223/1093/655 212/1094/655
f 214/1090/656 213/1089/656 212/1094/656
f 211/1095/656 214/1090/656 212/1094/656
f 215/1091/657 214/1090/657 211/1095/657
f 210/1096/658 215/1091/658 211/1095/658
f 207/1097/659 210/1096/659 211/1095/659
f 211/1095/660 212/1094/660 207/1097/660
f 204/1098/660 207/1097/660 212/1094/660
f 205/1099/661 204/1098/661 203/1100/661
f 206/1101/662 204/1098/662 205/1099/662
f 204/1098/662 206/1101/662 207/1097/662
f 207/1097/663 206/1101/663 208/1102/663
f 210/1096/659 207/1097/659 208/1102/659
f 210/1096/664 208/1102/664 217/1103/664
f 218/1104/664 217/1103/664 208/1102/664
f 216/1084/665 215/1091/665 210/1096/665
f 217/1103/665 216/1084/665 210/1096/665
f 217/1103/666 146/1082/666 216/1084/666
f 150/1105/667 146/1082/667 217/1103/667
f 150/1105/668 217/1103/668 151/1106/668
f 218/1104/668 151/1106/668 217/1103/668
f 218/1104/669 488/1107/669 151/1106/669
f 218/1104/670 208/1102/670 488/1107/670
f 209/1108/670 488/1107/670 208/1102/670
f 209/1108/663 208/1102/663 206/1101/663
f 405/1109/671 406/1110/671 209/1108/671
f 488/1107/672 209/1108/672 406/1110/672
f 406/1110/673 165/1111/673 488/1107/673
f 164/1112/674 488/1107/674 165/1111/674
f 164/1112/669 151/1106/669 488/1107/669
f 405/1109/675 209/1108/675 206/1101/675
f 206/1101/676 369/1113/676 405/1109/676
f 369/1113/677 206/1101/677 205/1099/677
f 369/1113/677 205/1099/677 370/1114/677
f 205/1099/678 371/1115/678 370/1114/678
f 205/1099/678 203/1100/678 371/1115/678
f 203/1100/679 373/1116/679 371/1115/679
f 373/1116/680 203/1100/680 372/1117/680
f 372/1117/681 374/1118/681 373/1116/681
f 374/1118/681 372/1117/681 351/1119/681
f 351/1119/682 342/1120/682 347/1121/682
f 336/1122/683 338/1123/683 339/1124/683
f 336/1122/684 339/1124/684 340/1125/684
f 342/1120/685 340/1125/685 339/1124/685
f 340/1125/685 342/1120/685 352/1126/685
f 352/1126/682 342/1120/682 351/1119/682
f 351/1119/686 372/1117/686 352/1126/686
f 375/1127/686 352/1126/686 372/1117/686
f 203/1100/687 375/1127/687 372/1117/687
f 203/1100/687 202/1128/687 375/1127/687
f 204/1098/661 202/1128/661 203/1100/661
f 352/1126/688 375/1127/688 340/1125/688
f 339/1124/689 338/1123/689 342/1120/689
f 330/1027/690 326/1129/690 328/1130/690
f 330/1027/690 328/1130/690 332/1131/690
f 328/1130/691 333/1132/691 332/1131/691
f 334/1133/691 332/1131/691 333/1132/691
f 332/1131/692 334/1133/692 335/1134/692
f 336/1122/692 335/1134/692 334/1133/692
f 336/1122/693 341/1135/693 335/1134/693
f 341/1135/694 336/1122/694 340/1125/694
f 377/1136/695 341/1135/695 340/1125/695
f 377/1136/688 340/1125/688 375/1127/688
f 377/1136/696 375/1127/696 202/1128/696
f 202/1128/696 376/1137/696 377/1136/696
f 376/1137/697 379/1138/697 377/1136/697
f 379/1138/698 341/1135/698 377/1136/698
f 341/1135/699 379/1138/699 378/1139/699
f 378/1139/693 335/1134/693 341/1135/693
f 378/1139/700 508/1035/700 335/1134/700
f 508/1035/701 332/1131/701 335/1134/701
f 508/1035/701 330/1027/701 332/1131/701
f 508/1035/596 331/1024/596 330/1027/596
f 204/1098/702 376/1137/702 202/1128/702
f 204/1098/702 212/1094/702 376/1137/702
f 212/1094/655 223/1093/655 376/1137/655
f 223/1093/697 379/1138/697 376/1137/697
f 379/1138/653 223/1093/653 380/1092/653
f 380/1092/699 378/1139/699 379/1138/699
f 382/1052/703 378/1139/703 380/1092/703
f 382/1052/700 508/1035/700 378/1139/700
f 383/1038/704 508/1035/704 382/1052/704
f 383/1038/704 509/1034/704 508/1035/704
f 439/1140/705 450/1141/705 440/1142/705
f 466/1143/706 440/1142/706 450/1141/706
f 450/1141/707 454/1144/707 466/1143/707
f 465/1145/708 466/1143/708 454/1144/708
f 464/1146/709 465/1145/709 454/1144/709
f 455/1147/710 464/1146/710 454/1144/710
f 462/1148/711 464/1146/711 455/1147/711
f 52/1149/712 56/1150/712 462/1148/712
f 462/1148/713 56/1150/713 464/1146/713
f 56/1150/713 58/1151/713 464/1146/713
f 464/1146/714 58/1151/714 465/1145/714
f 58/1151/715 60/1152/715 465/1145/715
f 465/1145/716 60/1152/716 303/1153/716
f 465/1145/717 303/1153/717 466/1143/717
f 466/1143/718 303/1153/718 301/1154/718
f 466/1143/719 301/1154/719 440/1142/719
f 440/1142/720 301/1154/720 300/1155/720
f 440/1142/721 300/1155/721 438/1156/721
f 438/1156/722 300/1155/722 302/1157/722
f 438/1156/722 302/1157/722 442/1158/722
f 444/1159/723 442/1158/723 302/1157/723
f 444/1159/724 302/1157/724 280/1160/724
f 444/1159/725 445/1161/725 442/1158/725
f 440/1142/726 438/1156/726 439/1140/726
f 441/1162/726 439/1140/726 438/1156/726
f 438/1156/727 442/1158/727 441/1162/727
f 443/1163/728 441/1162/728 442/1158/728
f 443/1163/729 442/1158/729 445/1161/729
f 445/1161/730 446/1164/730 443/1163/730
f 443/1163/731 446/1164/731 441/1162/731
f 448/1165/732 441/1162/732 446/1164/732
f 441/1162/733 448/1165/733 439/1140/733
f 449/1166/733 439/1140/733 448/1165/733
f 364/1167/734 451/1168/734 449/1166/734
f 364/1167/735 449/1166/735 365/1169/735
f 365/1169/736 449/1166/736 448/1165/736
f 448/1165/737 366/1170/737 365/1169/737
f 366/1170/737 448/1165/737 446/1164/737
f 447/1171/738 366/1170/738 446/1164/738
f 447/1171/739 446/1164/739 445/1161/739
f 490/1172/740 447/1171/740 445/1161/740
f 445/1161/741 444/1159/741 490/1172/741
f 494/1173/742 490/1172/742 444/1159/742
f 493/1174/743 411/1175/743 412/1176/743
f 412/1176/744 491/1177/744 493/1174/744
f 494/1173/745 493/1174/745 491/1177/745
f 491/1177/746 490/1172/746 494/1173/746
f 491/1177/747 489/1178/747 490/1172/747
f 489/1178/740 447/1171/740 490/1172/740
f 367/1179/748 447/1171/748 489/1178/748
f 367/1179/749 366/1170/749 447/1171/749
f 494/1173/750 444/1159/750 280/1160/750
f 494/1173/750 280/1160/750 279/1180/750
f 493/1174/751 494/1173/751 279/1180/751
f 493/1174/751 279/1180/751 281/1181/751
f 411/1175/752 493/1174/752 281/1181/752
f 411/1175/753 281/1181/753 255/1182/753
f 345/1183/754 344/1184/754 415/1185/754
f 492/1186/755 415/1185/755 344/1184/755
f 415/1185/756 492/1186/756 412/1176/756
f 412/1176/757 492/1186/757 491/1177/757
f 492/1186/758 489/1178/758 491/1177/758
f 489/1178/759 492/1186/759 368/1187/759
f 368/1187/748 367/1179/748 489/1178/748
f 344/1184/759 368/1187/759 492/1186/759
f 844/1188/499 843/1189/499 834/1190/499
f 846/1191/531 847/1192/531 839/1193/531
f 839/1193/531 837/1194/531 846/1191/531
f 845/1195/518 846/1191/518 837/1194/518
f 837/1194/518 835/1196/518 845/1195/518
f 843/1189/504 845/1195/504 835/1196/504
f 835/1196/504 831/1197/504 843/1189/504
f 831/1197/499 834/1190/499 843/1189/499
f 834/1190/760 831/1197/760 833/1198/760
f 833/1198/760 831/1197/760 832/1199/760
f 831/1197/761 835/1196/761 832/1199/761
f 832/1199/761 835/1196/761 836/1200/761
f 835/1196/762 837/1194/762 836/1200/762
f 836/1200/762 837/1194/762 838/1201/762
f 837/1194/763 839/1193/763 838/1201/763
f 838/1201/763 839/1193/763 840/1202/763
f 839/1193/764 841/1203/764 840/1202/764
f 840/1202/764 841/1203/764 842/1204/764
f 842/1204/765 841/1203/765 782/1205/765
f 780/1206/765 782/1205/765 841/1203/765
f 782/1205/766 780/1206/766 779/1207/766
f 786/1208/519 784/1209/519 794/1210/519
f 793/1211/519 794/1210/519 784/1209/519
f 791/1212/520 793/1211/520 784/1209/520
f 781/1213/520 791/1212/520 784/1209/520
f 792/1214/534 791/1212/534 781/1213/534
f 780/1206/534 792/1214/534 781/1213/534
f 848/1215/533 792/1214/533 780/1206/533
f 841/1203/533 848/1215/533 780/1206/533
f 847/1192/532 848/1215/532 841/1203/532
f 841/1203/532 839/1193/532 847/1192/532
f 781/1213/766 779/1207/766 780/1206/766
f 779/1207/767 781/1213/767 783/1216/767
f 784/1209/767 783/1216/767 781/1213/767
f 783/1216/768 784/1209/768 785/1217/768
f 786/1208/768 785/1217/768 784/1209/768
f 786/1208/769 787/1218/769 785/1217/769
f 788/1219/769 785/1217/769 787/1218/769
f 787/1218/770 789/1220/770 788/1219/770
f 790/1221/770 788/1219/770 789/1220/770
f 789/1220/771 724/1222/771 790/1221/771
f 723/1223/771 790/1221/771 724/1222/771
f 726/1224/552 722/1225/552 738/1226/552
f 736/1227/552 738/1226/552 722/1225/552
f 722/1225/553 724/1222/553 736/1227/553
f 737/1228/553 736/1227/553 724/1222/553
f 724/1222/550 789/1220/550 737/1228/550
f 796/1229/550 737/1228/550 789/1220/550
f 789/1220/549 787/1218/549 796/1229/549
f 795/1230/549 796/1229/549 787/1218/549
f 787/1218/548 786/1208/548 795/1230/548
f 794/1210/548 795/1230/548 786/1208/548
f 724/1222/772 722/1225/772 723/1223/772
f 725/1231/772 723/1223/772 722/1225/772
f 722/1225/773 726/1224/773 725/1231/773
f 727/1232/773 725/1231/773 726/1224/773
f 727/1232/774 726/1224/774 728/1233/774
f 729/1234/774 728/1233/774 726/1224/774
f 728/1233/775 729/1234/775 730/1235/775
f 731/1236/775 730/1235/775 729/1234/775
f 730/1235/776 731/1236/776 732/1237/776
f 733/1238/776 732/1237/776 731/1236/776
f 732/1237/777 733/1238/777 734/1239/777
f 735/1240/777 734/1239/777 733/1238/777
f 735/1240/570 733/1238/570 742/1241/570
f 741/1242/570 742/1241/570 733/1238/570
f 741/1242/571 733/1238/571 740/1243/571
f 731/1236/571 740/1243/571 733/1238/571
f 740/1243/572 731/1236/572 739/1244/572
f 729/1234/572 739/1244/572 731/1236/572
f 739/1244/573 729/1234/573 738/1226/573
f 726/1224/573 738/1226/573 729/1234/573
f 761/1245/19 756/1246/19 820/1247/19
f 803/1248/778 804/1249/778 805/1250/778
f 806/1251/778 805/1250/778 804/1249/778
f 806/1251/779 755/1252/779 805/1250/779
f 755/1252/780 806/1251/780 756/1246/780
f 756/1246/781 754/1253/781 755/1252/781
f 756/1246/20 761/1245/20 754/1253/20
f 762/1254/20 754/1253/20 761/1245/20
f 754/1253/21 762/1254/21 757/852/21
f 763/835/21 757/852/21 762/1254/21
f 757/852/22 763/835/22 758/834/22
f 754/1253/492 757/852/492 745/851/492
f 745/851/781 755/1252/781 754/1253/781
f 755/1252/491 745/851/491 807/850/491
f 807/850/779 805/1250/779 755/1252/779
f 805/1250/782 807/850/782 984/846/782
f 1013/845/782 805/1250/782 984/846/782
f 1013/845/783 1012/1255/783 805/1250/783
f 803/1248/783 805/1250/783 1012/1255/783
f 1012/1255/784 1011/1256/784 803/1248/784
f 801/1257/784 803/1248/784 1011/1256/784
f 1011/1256/785 1010/1258/785 801/1257/785
f 797/1259/785 801/1257/785 1010/1258/785
f 797/1259/786 799/1260/786 801/1257/786
f 802/1261/786 801/1257/786 799/1260/786
f 801/1257/787 802/1261/787 803/1248/787
f 804/1249/787 803/1248/787 802/1261/787
f 1010/1258/788 1009/1262/788 797/1259/788
f 1009/1262/789 1010/1258/789 1016/1263/789
f 1017/1264/789 1016/1263/789 1010/1258/789
f 1010/1258/790 1011/1256/790 1017/1264/790
f 1018/1265/790 1017/1264/790 1011/1256/790
f 1011/1256/791 1012/1255/791 1018/1265/791
f 1019/1266/791 1018/1265/791 1012/1255/791
f 1012/1255/792 1013/845/792 1019/1266/792
f 1020/858/792 1019/1266/792 1013/845/792
f 1020/858/488 1013/845/488 986/847/488
f 1019/1266/31 1020/858/31 1025/859/31
f 1025/859/30 1024/1267/30 1019/1266/30
f 1018/1265/30 1019/1266/30 1024/1267/30
f 1024/1267/29 1023/1268/29 1018/1265/29
f 1017/1264/29 1018/1265/29 1023/1268/29
f 1023/1268/28 1022/1269/28 1017/1264/28
f 1016/1263/28 1017/1264/28 1022/1269/28
f 1022/1269/27 1021/1270/27 1016/1263/27
f 1014/1271/27 1016/1263/27 1021/1270/27
f 1016/1263/793 1014/1271/793 1009/1262/793
f 1015/1272/793 1009/1262/793 1014/1271/793
f 1015/1272/794 800/1273/794 1009/1262/794
f 849/1274/794 800/1273/794 1015/1272/794
f 849/1274/795 810/1275/795 800/1273/795
f 798/1276/795 800/1273/795 810/1275/795
f 810/1275/796 808/1277/796 798/1276/796
f 809/1278/796 798/1276/796 808/1277/796
f 808/1277/27 815/1279/27 809/1278/27
f 816/1280/27 809/1278/27 815/1279/27
f 809/1278/28 816/1280/28 811/1281/28
f 804/1249/797 813/1282/797 806/1251/797
f 813/1282/798 804/1249/798 812/1283/798
f 802/1261/798 812/1283/798 804/1249/798
f 812/1283/799 802/1261/799 811/1281/799
f 799/1260/799 811/1281/799 802/1261/799
f 811/1281/800 799/1260/800 809/1278/800
f 798/1276/800 809/1278/800 799/1260/800
f 799/1260/801 797/1259/801 798/1276/801
f 800/1273/801 798/1276/801 797/1259/801
f 800/1273/788 797/1259/788 1009/1262/788
f 817/1284/28 811/1281/28 816/1280/28
f 817/1284/29 818/1285/29 811/1281/29
f 818/1285/29 812/1283/29 811/1281/29
f 818/1285/30 819/1286/30 812/1283/30
f 819/1286/30 813/1282/30 812/1283/30
f 819/1286/31 820/1247/31 813/1282/31
f 820/1247/31 814/1287/31 813/1282/31
f 814/1287/19 820/1247/19 756/1246/19
f 806/1251/780 814/1287/780 756/1246/780
f 814/1287/797 806/1251/797 813/1282/797
f 646/1288/802 637/1289/802 645/1290/802
f 525/1291/803 637/1289/803 646/1288/803
f 533/1292/533 525/1291/533 646/1288/533
f 646/1288/533 652/1293/533 533/1292/533
f 646/1288/532 645/1290/532 652/1293/532
f 651/1294/532 652/1293/532 645/1290/532
f 651/1294/531 645/1290/531 650/1295/531
f 650/1295/518 644/926/518 649/927/518
f 644/926/531 650/1295/531 645/1290/531
f 645/1290/517 635/925/517 644/926/517
f 635/925/802 645/1290/802 637/1289/802
f 635/925/516 637/1289/516 638/924/516
f 637/1289/524 527/933/524 638/924/524
f 525/1291/803 527/933/803 637/1289/803
f 527/933/522 525/1291/522 526/931/522
f 525/1291/534 533/1292/534 526/931/534
f 534/1296/534 526/931/534 533/1292/534
f 526/931/520 534/1296/520 535/929/520
f 25/1297/804 31/1298/804 458/1299/804
f 482/1300/805 486/1301/805 481/1302/805
f 486/1301/806 482/1300/806 487/1303/806
f 468/1304/806 487/1303/806 482/1300/806
f 487/1303/807 468/1304/807 31/1298/807
f 460/1305/808 31/1298/808 468/1304/808
f 460/1305/804 458/1299/804 31/1298/804
f 458/1299/809 460/1305/809 459/1306/809
f 461/1307/810 459/1306/810 460/1305/810
f 461/1307/811 469/1308/811 459/1306/811
f 467/1309/812 469/1308/812 461/1307/812
f 461/1307/813 460/1305/813 467/1309/813
f 468/1304/814 467/1309/814 460/1305/814
f 467/1309/815 468/1304/815 471/1310/815
f 482/1300/815 471/1310/815 468/1304/815
f 471/1310/816 482/1300/816 475/1311/816
f 481/1302/816 475/1311/816 482/1300/816
f 475/1311/817 481/1302/817 476/1312/817
f 480/1313/817 476/1312/817 481/1302/817
f 479/1314/818 476/1312/818 480/1313/818
f 477/1315/818 476/1312/818 479/1314/818
f 427/1316/819 477/1315/819 479/1314/819
f 478/1317/819 477/1315/819 427/1316/819
f 425/1318/820 478/1317/820 427/1316/820
f 425/1318/821 427/1316/821 424/1319/821
f 427/1316/821 426/1320/821 424/1319/821
f 427/1316/822 479/1314/822 426/1320/822
f 479/1314/822 483/1321/822 426/1320/822
f 479/1314/823 480/1313/823 483/1321/823
f 484/1322/824 483/1321/824 480/1313/824
f 484/1322/825 480/1313/825 485/1323/825
f 481/1302/826 485/1323/826 480/1313/826
f 485/1323/805 481/1302/805 486/1301/805
f 425/1318/827 424/1319/827 168/1324/827
f 477/1315/828 478/1317/828 429/1325/828
f 421/1326/829 429/1325/829 478/1317/829
f 478/1317/830 420/1327/830 421/1326/830
f 420/1327/831 478/1317/831 425/1318/831
f 417/1328/832 420/1327/832 425/1318/832
f 417/1328/833 425/1318/833 168/1324/833
f 168/1324/834 416/1329/834 417/1328/834
f 416/1329/834 168/1324/834 166/1330/834
f 416/1329/835 166/1330/835 432/1331/835
f 166/1330/836 163/1332/836 432/1331/836
f 436/1333/837 435/1334/837 433/1335/837
f 435/1334/838 436/1333/838 432/1331/838
f 430/1336/839 432/1331/839 436/1333/839
f 416/1329/840 432/1331/840 430/1336/840
f 422/1337/841 416/1329/841 430/1336/841
f 417/1328/842 416/1329/842 422/1337/842
f 418/1338/843 417/1328/843 422/1337/843
f 418/1338/844 420/1327/844 417/1328/844
f 420/1327/845 418/1338/845 419/1339/845
f 419/1339/846 421/1326/846 420/1327/846
f 430/1336/847 423/1340/847 422/1337/847
f 423/1340/847 430/1336/847 431/1341/847
f 436/1333/848 431/1341/848 430/1336/848
f 431/1341/849 436/1333/849 437/1342/849
f 436/1333/850 433/1335/850 437/1342/850
f 510/1343/851 437/1342/851 433/1335/851
f 510/1343/852 433/1335/852 511/1344/852
f 433/1335/853 403/1345/853 511/1344/853
f 511/1344/854 403/1345/854 512/1346/854
f 403/1345/855 401/1347/855 512/1346/855
f 127/1348/856 437/1342/856 510/1343/856
f 127/1348/857 112/1349/857 437/1342/857
f 431/1341/857 437/1342/857 112/1349/857
f 106/1350/858 431/1341/858 112/1349/858
f 106/1350/859 423/1340/859 431/1341/859
f 105/1351/860 423/1340/860 106/1350/860
f 105/1351/860 419/1339/860 423/1340/860
f 419/1339/861 422/1337/861 423/1340/861
f 422/1337/862 419/1339/862 418/1338/862
f 512/1346/863 401/1347/863 392/1352/863
f 401/1347/863 399/1353/863 392/1352/863
f 392/1352/864 399/1353/864 393/1354/864
f 399/1353/865 396/1355/865 393/1354/865
f 403/1345/866 433/1335/866 404/1356/866
f 404/1356/867 402/1357/867 403/1345/867
f 401/1347/868 403/1345/868 402/1357/868
f 402/1357/869 400/1358/869 401/1347/869
f 399/1353/870 401/1347/870 400/1358/870
f 400/1358/871 397/1359/871 399/1353/871
f 396/1355/872 399/1353/872 397/1359/872
f 396/1355/873 397/1359/873 395/1360/873
f 396/1355/874 395/1360/874 393/1354/874
f 393/1354/875 395/1360/875 394/1361/875
f 397/1359/876 370/1362/876 398/1363/876
f 400/1358/877 370/1362/877 397/1359/877
f 400/1358/877 369/1364/877 370/1362/877
f 402/1357/878 369/1364/878 400/1358/878
f 402/1357/879 405/1365/879 369/1364/879
f 402/1357/880 404/1356/880 405/1365/880
f 406/1366/880 405/1365/880 404/1356/880
f 434/1367/881 406/1366/881 404/1356/881
f 434/1367/882 404/1356/882 433/1335/882
f 434/1367/883 433/1335/883 435/1334/883
f 432/1331/884 163/1332/884 435/1334/884
f 163/1332/884 162/1368/884 435/1334/884
f 435/1334/885 162/1368/885 434/1367/885
f 162/1368/886 165/1369/886 434/1367/886
f 434/1367/887 165/1369/887 406/1366/887
f 374/1370/888 345/1371/888 415/1372/888
f 374/1370/889 415/1372/889 414/1373/889
f 415/1372/890 412/1374/890 414/1373/890
f 413/1375/890 414/1373/890 412/1374/890
f 414/1373/891 413/1375/891 408/1376/891
f 373/1377/892 414/1373/892 408/1376/892
f 371/1378/893 373/1377/893 408/1376/893
f 373/1377/892 374/1370/892 414/1373/892
f 371/1378/894 398/1363/894 370/1362/894
f 371/1378/893 408/1376/893 398/1363/893
f 408/1376/895 407/1379/895 398/1363/895
f 407/1379/896 408/1376/896 413/1375/896
f 407/1379/897 413/1375/897 409/1380/897
f 409/1380/897 413/1375/897 410/1381/897
f 413/1375/898 412/1374/898 410/1381/898
f 411/1382/898 410/1381/898 412/1374/898
f 411/1382/899 255/1383/899 254/1384/899
f 410/1381/900 411/1382/900 254/1384/900
f 410/1381/901 254/1384/901 252/1385/901
f 409/1380/901 410/1381/901 252/1385/901
f 409/1380/902 252/1385/902 250/1386/902
f 394/1361/902 409/1380/902 250/1386/902
f 394/1361/903 407/1379/903 409/1380/903
f 395/1360/903 407/1379/903 394/1361/903
f 395/1360/895 398/1363/895 407/1379/895
f 398/1363/904 395/1360/904 397/1359/904
f 394/1361/905 250/1386/905 248/1387/905
f 393/1354/906 394/1361/906 248/1387/906
f 248/1387/907 392/1352/907 393/1354/907
f 392/1352/907 248/1387/907 246/1388/907
f 512/1346/908 392/1352/908 246/1388/908
f 245/1389/909 512/1346/909 246/1388/909
f 511/1344/910 512/1346/910 245/1389/910
f 247/1390/910 511/1344/910 245/1389/910
f 510/1343/911 511/1344/911 247/1390/911
f 129/1391/912 510/1343/912 247/1390/912
f 127/1348/913 510/1343/913 129/1391/913
f 2/1392/914 390/1393/914 3/1394/914
f 5/1395/915 390/1393/915 2/1392/915
f 359/1396/916 356/1397/916 391/1398/916
f 359/1396/917 391/1398/917 390/1393/917
f 308/1399/918 390/1393/918 391/1398/918
f 308/1399/919 3/1394/919 390/1393/919
f 14/1400/920 3/1394/920 308/1399/920
f 349/1401/921 319/1402/921 350/1403/921
f 317/1404/921 350/1403/921 319/1402/921
f 317/1404/922 356/1397/922 350/1403/922
f 356/1397/922 317/1404/922 357/1405/922
f 356/1397/916 357/1405/916 391/1398/916
f 391/1398/923 357/1405/923 389/1406/923
f 308/1399/924 391/1398/924 389/1406/924
f 308/1399/925 389/1406/925 309/1407/925
f 14/1400/926 308/1399/926 309/1407/926
f 16/1408/927 14/1400/927 309/1407/927
f 50/1409/928 16/1408/928 306/1410/928
f 316/1411/929 317/1404/929 315/1412/929
f 316/1411/929 357/1405/929 317/1404/929
f 316/1411/930 389/1406/930 357/1405/930
f 389/1406/931 316/1411/931 310/1413/931
f 310/1413/925 309/1407/925 389/1406/925
f 304/1414/932 309/1407/932 310/1413/932
f 304/1414/932 310/1413/932 307/1415/932
f 307/1415/933 310/1413/933 311/1416/933
f 307/1415/933 311/1416/933 312/1417/933
f 312/1417/934 311/1416/934 313/1418/934
f 312/1417/934 313/1418/934 314/1419/934
f 313/1418/935 311/1416/935 315/1412/935
f 316/1411/936 315/1412/936 311/1416/936
f 311/1416/937 310/1413/937 316/1411/937
f 16/1408/927 309/1407/927 304/1414/927
f 306/1410/928 16/1408/928 304/1414/928
f 306/1410/938 304/1414/938 305/1420/938
f 307/1415/938 305/1420/938 304/1414/938
f 305/1420/939 307/1415/939 324/1421/939
f 312/1417/939 324/1421/939 307/1415/939
f 324/1421/940 312/1417/940 322/1422/940
f 314/1419/940 322/1422/940 312/1417/940
f 321/1423/941 322/1422/941 314/1419/941
f 314/1419/942 313/1418/942 321/1423/942
f 323/1424/941 322/1422/941 321/1423/941
f 322/1422/943 323/1424/943 295/1425/943
f 324/1421/944 322/1422/944 295/1425/944
f 292/1426/945 324/1421/945 295/1425/945
f 305/1420/946 324/1421/946 292/1426/946
f 291/1427/947 305/1420/947 292/1426/947
f 306/1410/948 305/1420/948 291/1427/948
f 293/1428/948 306/1410/948 291/1427/948
f 293/1428/949 50/1409/949 306/1410/949
f 49/1429/950 50/1409/950 293/1428/950
f 292/1426/951 295/1425/951 286/1430/951
f 288/1431/951 292/1426/951 286/1430/951
f 288/1431/952 291/1427/952 292/1426/952
f 291/1427/953 288/1431/953 289/1432/953
f 293/1428/954 291/1427/954 289/1432/954
f 294/1433/955 293/1428/955 289/1432/955
f 290/1434/956 294/1433/956 289/1432/956
f 289/1432/957 287/1435/957 290/1434/957
f 290/1434/958 287/1435/958 296/1436/958
f 284/1437/959 296/1436/959 287/1435/959
f 296/1436/959 284/1437/959 283/1438/959
f 278/1043/960 283/1438/960 284/1437/960
f 287/1435/957 289/1432/957 288/1431/957
f 288/1431/961 286/1430/961 287/1435/961
f 284/1437/961 287/1435/961 286/1430/961
f 298/1439/956 294/1433/956 290/1434/956
f 293/1428/962 294/1433/962 49/1429/962
f 46/1440/963 49/1429/963 294/1433/963
f 47/1441/964 46/1440/964 294/1433/964
f 294/1433/964 298/1439/964 47/1441/964
f 298/1439/965 299/1442/965 47/1441/965
f 298/1439/966 290/1434/966 299/1442/966
f 290/1434/966 297/1443/966 299/1442/966
f 290/1434/958 296/1436/958 297/1443/958
f 301/1444/967 297/1443/967 296/1436/967
f 296/1436/968 300/1445/968 301/1444/968
f 59/1446/965 47/1441/965 299/1442/965
f 59/1446/969 299/1442/969 60/1447/969
f 303/1448/970 60/1447/970 299/1442/970
f 299/1442/971 297/1443/971 303/1448/971
f 301/1444/972 303/1448/972 297/1443/972
f 300/1445/973 296/1436/973 283/1438/973
f 300/1445/973 283/1438/973 302/1449/973
f 302/1449/974 283/1438/974 280/1450/974
f 278/1043/974 280/1450/974 283/1438/974
f 280/1450/975 278/1043/975 279/1451/975
f 276/1042/976 279/1451/976 278/1043/976
f 279/1451/977 276/1042/977 281/1452/977
f 274/1044/977 281/1452/977 276/1042/977
f 281/1452/978 274/1044/978 255/1047/978
f 256/1045/979 255/1047/979 274/1044/979
f 259/1054/980 249/1066/980 257/1053/980
f 251/1453/980 257/1053/980 249/1066/980
f 251/1453/612 253/1046/612 257/1053/612
f 254/1454/981 253/1046/981 251/1453/981
f 254/1454/982 255/1047/982 253/1046/982
f 240/1455/983 246/1456/983 243/1457/983
f 243/1457/984 246/1456/984 248/1458/984
f 248/1458/985 250/1459/985 243/1457/985
f 250/1459/985 249/1066/985 243/1457/985
f 250/1459/986 252/1460/986 249/1066/986
f 252/1460/987 251/1453/987 249/1066/987
f 252/1460/981 254/1454/981 251/1453/981
f 238/1461/988 237/1462/988 240/1455/988
f 249/1066/622 242/1065/622 243/1457/622
f 242/1065/989 240/1455/989 243/1457/989
f 242/1065/989 238/1461/989 240/1455/989
f 242/1065/990 263/1064/990 238/1461/990
f 239/1070/990 238/1461/990 263/1064/990
f 239/1070/991 229/1072/991 238/1461/991
f 229/1072/991 237/1462/991 238/1461/991
f 229/1072/992 228/1074/992 237/1462/992
f 236/1463/992 237/1462/992 228/1074/992
f 230/1073/993 141/1075/993 228/1074/993
f 131/1464/994 228/1074/994 141/1075/994
f 131/1464/995 130/1465/995 228/1074/995
f 228/1074/995 130/1465/995 236/1463/995
f 130/1465/996 244/1466/996 236/1463/996
f 236/1463/997 244/1466/997 237/1462/997
f 241/1467/997 237/1462/997 244/1466/997
f 241/1467/988 240/1455/988 237/1462/988
f 241/1467/998 245/1468/998 240/1455/998
f 240/1455/999 245/1468/999 246/1456/999
f 241/1467/1000 247/1469/1000 245/1468/1000
f 244/1466/1001 247/1469/1001 241/1467/1001
f 244/1466/1002 129/1470/1002 247/1469/1002
f 128/1471/1003 129/1470/1003 244/1466/1003
f 130/1465/996 128/1471/996 244/1466/996
f 439/1140/1004 449/1166/1004 450/1141/1004
f 451/1168/1005 450/1141/1005 449/1166/1005
f 450/1141/1006 451/1168/1006 454/1144/1006
f 452/1472/1007 454/1144/1007 451/1168/1007
f 452/1472/1008 453/1473/1008 454/1144/1008
f 455/1147/1009 454/1144/1009 453/1473/1009
f 453/1473/1010 456/1474/1010 455/1147/1010
f 457/1475/1011 455/1147/1011 456/1474/1011
f 457/1475/1012 462/1148/1012 455/1147/1012
f 463/1476/1013 462/1148/1013 457/1475/1013
f 463/1476/1014 52/1149/1014 462/1148/1014
f 54/1477/1015 52/1149/1015 463/1476/1015
f 456/1474/1016 458/1299/1016 457/1475/1016
f 458/1299/1017 456/1474/1017 25/1297/1017
f 24/1478/1018 25/1297/1018 456/1474/1018
f 456/1474/1019 453/1473/1019 24/1478/1019
f 10/1479/1020 24/1478/1020 453/1473/1020
f 453/1473/1021 452/1472/1021 10/1479/1021
f 9/1480/1022 10/1479/1022 452/1472/1022
f 9/1480/1023 452/1472/1023 363/1481/1023
f 363/1481/1024 452/1472/1024 451/1168/1024
f 363/1481/734 451/1168/734 364/1167/734
f 80/1482/1025 79/1483/1025 473/1484/1025
f 79/1483/1025 472/1485/1025 473/1484/1025
f 79/1483/1026 77/1486/1026 472/1485/1026
f 77/1486/1026 470/1487/1026 472/1485/1026
f 77/1486/1027 54/1477/1027 470/1487/1027
f 470/1487/1028 54/1477/1028 469/1308/1028
f 469/1308/1015 54/1477/1015 463/1476/1015
f 469/1308/1029 463/1476/1029 459/1306/1029
f 459/1306/1030 463/1476/1030 457/1475/1030
f 459/1306/1031 457/1475/1031 458/1299/1031
f 470/1487/1032 469/1308/1032 467/1309/1032
f 471/1310/1033 470/1487/1033 467/1309/1033
f 472/1485/1033 470/1487/1033 471/1310/1033
f 475/1311/1034 472/1485/1034 471/1310/1034
f 473/1484/1035 472/1485/1035 475/1311/1035
f 476/1312/1036 473/1484/1036 475/1311/1036
f 474/1488/1036 473/1484/1036 476/1312/1036
f 428/1489/1037 474/1488/1037 476/1312/1037
f 476/1312/1037 477/1315/1037 428/1489/1037
f 429/1325/1038 428/1489/1038 477/1315/1038
f 105/1351/1039 421/1326/1039 419/1339/1039
f 105/1351/1040 108/1490/1040 421/1326/1040
f 108/1490/1041 429/1325/1041 421/1326/1041
f 108/1490/1041 109/1491/1041 429/1325/1041
f 109/1491/1042 428/1489/1042 429/1325/1042
f 109/1491/1042 110/1492/1042 428/1489/1042
f 110/1492/1043 474/1488/1043 428/1489/1043
f 110/1492/1044 83/1493/1044 474/1488/1044
f 83/1493/1045 80/1482/1045 474/1488/1045
f 80/1482/1046 473/1484/1046 474/1488/1046
f 343/1494/1047 353/1495/1047 346/1496/1047
f 348/1497/1047 353/1495/1047 343/1494/1047
f 353/1495/1048 348/1497/1048 354/1498/1048
f 349/1401/1048 354/1498/1048 348/1497/1048
f 349/1401/1049 350/1403/1049 354/1498/1049
f 346/1496/1050 344/1499/1050 345/1500/1050
f 346/1496/1051 353/1495/1051 344/1499/1051
f 368/1501/1051 344/1499/1051 353/1495/1051
f 353/1495/1052 354/1498/1052 368/1501/1052
f 367/1502/1053 368/1501/1053 354/1498/1053
f 354/1498/1054 355/1503/1054 367/1502/1054
f 355/1503/1049 354/1498/1049 350/1403/1049
f 355/1503/1055 350/1403/1055 358/1504/1055
f 356/1397/1055 358/1504/1055 350/1403/1055
f 359/1396/1056 358/1504/1056 356/1397/1056
f 360/1505/1057 363/1506/1057 364/1507/1057
f 360/1505/1058 364/1507/1058 358/1504/1058
f 358/1504/1059 364/1507/1059 365/1508/1059
f 358/1504/1060 365/1508/1060 355/1503/1060
f 365/1508/1060 366/1509/1060 355/1503/1060
f 366/1509/1054 367/1502/1054 355/1503/1054
f 360/1505/1056 358/1504/1056 359/1396/1056
f 360/1505/1061 359/1396/1061 362/1510/1061
f 362/1510/1062 363/1506/1062 360/1505/1062
f 362/1510/1063 9/1511/1063 363/1506/1063
f 7/1512/1064 9/1511/1064 362/1510/1064
f 7/1512/1065 362/1510/1065 5/1395/1065
f 361/1513/1065 5/1395/1065 362/1510/1065
f 361/1513/915 390/1393/915 5/1395/915
f 359/1396/917 390/1393/917 361/1513/917
f 362/1510/1061 359/1396/1061 361/1513/1061
f 96/81/1066 94/1514/1066 95/79/1066
f 189/1515/1067 94/1514/1067 96/81/1067
f 115/1516/1067 189/1515/1067 96/81/1067
f 188/1517/1068 189/1515/1068 115/1516/1068
f 188/1517/1069 186/1518/1069 189/1515/1069
f 186/1518/1069 90/1519/1069 189/1515/1069
f 186/1518/1070 182/283/1070 90/1519/1070
f 189/1515/1071 90/1519/1071 94/1514/1071
f 116/1520/1068 188/1517/1068 115/1516/1068
f 96/81/1072 117/80/1072 113/91/1072
f 115/1516/1073 96/81/1073 113/91/1073
f 115/1516/1074 113/91/1074 114/89/1074
f 116/1520/1074 115/1516/1074 114/89/1074
f 116/1520/58 114/89/58 158/86/58
f 116/1520/1075 158/86/1075 188/1517/1075
f 187/293/1075 188/1517/1075 158/86/1075
f 188/1517/1076 187/293/1076 186/1518/1076
f 184/284/1076 186/1518/1076 187/293/1076
f 186/1518/196 184/284/196 182/283/196
f 182/283/1070 88/1521/1070 90/1519/1070
f 182/283/1077 179/247/1077 88/1521/1077
f 182/283/1078 180/282/1078 179/247/1078
f 181/251/1078 179/247/1078 180/282/1078
f 180/282/1079 177/286/1079 181/251/1079
f 183/250/1079 181/251/1079 177/286/1079
f 175/281/1080 183/250/1080 177/286/1080
f 183/250/1081 175/281/1081 506/254/1081
f 506/254/195 175/281/195 500/269/195
f 506/254/183 500/269/183 505/248/183
f 65/240/162 179/247/162 63/239/162
f 65/240/1077 88/1521/1077 179/247/1077
f 88/1521/1082 65/240/1082 87/1522/1082
f 88/1521/1083 87/1522/1083 89/1523/1083
f 89/1523/1084 87/1522/1084 92/1524/1084
f 93/1525/1085 89/1523/1085 92/1524/1085
f 93/1525/1086 92/1524/1086 98/1526/1086
f 98/1526/1087 97/59/1087 93/1525/1087
f 99/61/1088 97/59/1088 98/1526/1088
f 100/60/1088 97/59/1088 99/61/1088
f 111/66/47 125/68/47 124/73/47
f 111/66/1089 124/73/1089 107/58/1089
f 119/77/1089 107/58/1089 124/73/1089
f 97/59/37 107/58/37 119/77/37
f 119/77/52 95/79/52 97/59/52
f 95/79/1087 93/1525/1087 97/59/1087
f 95/79/1066 94/1514/1066 93/1525/1066
f 94/1514/1090 89/1523/1090 93/1525/1090
f 90/1519/1071 89/1523/1071 94/1514/1071
f 90/1519/1083 88/1521/1083 89/1523/1083
f 101/1527/150 91/232/150 85/214/150
f 101/1527/133 85/214/133 104/213/133
f 103/218/1091 101/1527/1091 104/213/1091
f 103/218/1091 102/1528/1091 101/1527/1091
f 101/1527/1092 102/1528/1092 91/232/1092
f 65/240/157 64/230/157 66/231/157
f 66/231/1082 87/1522/1082 65/240/1082
f 87/1522/1093 66/231/1093 91/232/1093
f 92/1524/1094 87/1522/1094 91/232/1094
f 92/1524/1092 91/232/1092 102/1528/1092
f 102/1528/1086 98/1526/1086 92/1524/1086
f 99/61/1095 98/1526/1095 102/1528/1095
f 99/61/1095 102/1528/1095 103/218/1095
f 103/218/1096 109/71/1096 99/61/1096
f 109/71/135 103/218/135 110/217/135
f 2493/1529/1097 2491/1530/1097 2490/1531/1097
f 2492/1532/1097 2490/1531/1097 2491/1530/1097
f 2495/1533/1098 2492/1532/1098 2491/1530/1098
f 2491/1530/1098 2494/1534/1098 2495/1533/1098
f 2494/1534/1099 2496/1535/1099 2495/1533/1099
f 2497/1536/1099 2495/1533/1099 2496/1535/1099
f 2496/1535/1100 2498/1537/1100 2497/1536/1100
f 2499/1538/1100 2497/1536/1100 2498/1537/1100
f 2498/1537/1101 2500/1539/1101 2499/1538/1101
f 2501/1540/1102 2499/1538/1102 2500/1539/1102
f 2501/1540/1103 2500/1539/1103 2502/1541/1103
f 2503/1542/1104 2502/1541/1104 2500/1539/1104
f 2503/1542/1105 2504/1543/1105 2502/1541/1105
f 2502/1541/1105 2504/1543/1105 2505/1544/1105
f 2504/1543/1106 2506/1545/1106 2505/1544/1106
f 2505/1544/1107 2506/1545/1107 2507/1546/1107
f 2506/1545/1108 2508/1547/1108 2507/1546/1108
f 2509/1548/1109 2507/1546/1109 2508/1547/1109
f 55/1549/222 191/307/222 57/308/222
f 55/1549/1110 51/1550/1110 191/307/1110
f 51/1550/1110 62/312/1110 191/307/1110
f 62/312/1111 51/1550/1111 61/313/1111
f 53/1551/1111 61/313/1111 51/1550/1111
f 53/1551/1112 76/1552/1112 61/313/1112
f 73/224/1112 61/313/1112 76/1552/1112
f 73/224/1113 76/1552/1113 74/222/1113
f 78/1553/1113 74/222/1113 76/1552/1113
f 74/222/1114 78/1553/1114 82/221/1114
f 82/221/1114 78/1553/1114 81/220/1114
f 58/311/1115 55/1549/1115 57/308/1115
f 56/1554/1116 55/1549/1116 58/311/1116
f 56/1554/1117 51/1550/1117 55/1549/1117
f 52/1555/1118 51/1550/1118 56/1554/1118
f 53/1551/1119 51/1550/1119 52/1555/1119
f 54/1556/1120 53/1551/1120 52/1555/1120
f 53/1551/1121 54/1556/1121 77/1557/1121
f 76/1552/1121 53/1551/1121 77/1557/1121
f 76/1552/1122 77/1557/1122 79/1558/1122
f 78/1553/1123 76/1552/1123 79/1558/1123
f 79/1558/1124 80/1559/1124 78/1553/1124
f 81/220/1124 78/1553/1124 80/1559/1124
f 80/1559/1125 83/219/1125 81/220/1125
f 2415/1560/1126 2414/1561/1126 2412/1562/1126
f 2413/1563/1126 2412/1562/1126 2414/1561/1126
f 2413/1563/1126 2410/1564/1126 2412/1562/1126
f 2411/1565/1126 2412/1562/1126 2410/1564/1126
f 2409/1566/1126 2411/1565/1126 2410/1564/1126
f 2410/1564/1126 2408/1567/1126 2409/1566/1126
f 2405/1568/1126 2409/1566/1126 2408/1567/1126
f 2404/1569/1127 2408/1567/1127 2391/1570/1127
f 2405/1568/1128 2408/1567/1128 2404/1569/1128
f 2403/1571/1129 2405/1568/1129 2404/1569/1129
f 2402/1572/1130 2403/1571/1130 2404/1569/1130
f 2403/1571/1131 2402/1572/1131 2401/1573/1131
f 2401/1573/1132 2402/1572/1132 2400/1574/1132
f 2400/1574/1133 2399/1575/1133 2401/1573/1133
f 2394/1576/1134 2399/1575/1134 2400/1574/1134
f 2394/1576/1135 2400/1574/1135 2393/1577/1135
f 2394/1576/1135 2393/1577/1135 2358/1578/1135
f 2359/1579/1135 2358/1578/1135 2357/1580/1135
f 2185/1581/1135 2357/1580/1135 2358/1578/1135
f 2395/1582/1135 2358/1578/1135 2393/1577/1135
f 2358/1578/1135 2395/1582/1135 2185/1581/1135
f 2186/1583/1135 2185/1581/1135 2395/1582/1135
f 2186/1583/1135 2165/1584/1135 2185/1581/1135
f 2167/1585/1135 2185/1581/1135 2165/1584/1135
f 2167/1585/1135 2165/1584/1135 2166/1586/1135
f 2166/1586/1135 2168/1587/1135 2167/1585/1135
f 2170/1588/1135 2168/1587/1135 2166/1586/1135
f 2395/1582/1135 2191/1589/1135 2186/1583/1135
f 2192/1590/1136 2186/1583/1136 2191/1589/1136
f 2200/1591/1137 2201/1592/1137 2199/1593/1137
f 2202/1594/1138 2199/1593/1138 2201/1592/1138
f 2193/1595/1139 2202/1594/1139 2201/1592/1139
f 2194/1596/1140 2202/1594/1140 2193/1595/1140
f 2194/1596/1141 2193/1595/1141 2189/1597/1141
f 2193/1595/1142 2192/1590/1142 2189/1597/1142
f 2189/1597/1143 2192/1590/1143 2187/1598/1143
f 2192/1590/1144 2191/1589/1144 2187/1598/1144
f 2187/1598/1135 2191/1589/1135 2356/1599/1135
f 2191/1589/1135 2355/1600/1135 2356/1599/1135
f 2362/1601/1135 2366/1602/1135 2190/1603/1135
f 2366/1602/1135 2362/1601/1135 2367/1604/1135
f 2368/1605/1135 2366/1602/1135 2367/1604/1135
f 2368/1605/1135 2367/1604/1135 2369/1606/1135
f 2368/1605/1135 2369/1606/1135 2195/1607/1135
f 2369/1606/1135 2196/1608/1135 2195/1607/1135
f 2197/1609/1145 2195/1607/1145 2196/1608/1145
f 2196/1608/1146 2198/1610/1146 2197/1609/1146
f 2199/1593/1147 2197/1609/1147 2198/1610/1147
f 2200/1591/1148 2199/1593/1148 2198/1610/1148
f 2363/1611/1135 2361/1612/1135 2360/1613/1135
f 2362/1601/1135 2360/1613/1135 2361/1612/1135
f 2189/1597/1149 2187/1598/1149 2188/1614/1149
f 2190/1603/1150 2189/1597/1150 2188/1614/1150
f 2190/1603/1135 2188/1614/1135 2362/1601/1135
f 2360/1613/1135 2362/1601/1135 2188/1614/1135
f 2188/1614/1135 2373/1615/1135 2360/1613/1135
f 2370/1616/1135 2360/1613/1135 2373/1615/1135
f 2373/1615/1135 2371/1617/1135 2370/1616/1135
f 2372/1618/1135 2370/1616/1135 2371/1617/1135
f 2371/1617/1135 2374/1619/1135 2372/1618/1135
f 2375/1620/1135 2372/1618/1135 2374/1619/1135
f 2375/1620/1135 2374/1619/1135 2376/1621/1135
f 2377/1622/1135 2376/1621/1135 2374/1619/1135
f 2376/1621/1135 2377/1622/1135 2378/1623/1135
f 2379/1624/1135 2378/1623/1135 2377/1622/1135
f 2379/1624/1135 2380/1625/1135 2378/1623/1135
f 2381/1626/1135 2378/1623/1135 2380/1625/1135
f 2382/1627/1135 2381/1626/1135 2380/1625/1135
f 2383/1628/1135 2382/1627/1135 2380/1625/1135
f 2399/1575/1126 2397/1629/1126 2401/1573/1126
f 2397/1629/1126 2399/1575/1126 2398/1630/1126
f 2398/1630/1126 2396/1631/1126 2397/1629/1126
f 2398/1630/1126 2416/1632/1126 2396/1631/1126
f 2417/1633/1126 2396/1631/1126 2416/1632/1126
f 2588/1634/1126 2586/1635/1126 2587/1636/1126
f 2416/1632/1126 2587/1636/1126 2586/1635/1126
f 2586/1635/1126 2623/1637/1126 2416/1632/1126
f 2417/1633/1126 2416/1632/1126 2623/1637/1126
f 2623/1637/1126 2423/1638/1126 2417/1633/1126
f 2422/1639/1151 2417/1633/1151 2423/1638/1151
f 2586/1635/1126 2622/1640/1126 2623/1637/1126
f 2622/1640/1126 2586/1635/1126 2624/1641/1126
f 2622/1640/1126 2624/1641/1126 2629/165/1126
f 2629/165/1152 2624/1641/1152 2628/166/1152
f 2585/1642/1126 2613/1643/1126 2584/1644/1126
f 2585/1642/1126 2584/1644/1126 2423/1638/1126
f 2423/1638/1126 2584/1644/1126 2421/1645/1126
f 2423/1638/1153 2421/1645/1153 2422/1639/1153
f 2421/1645/1154 2419/1646/1154 2422/1639/1154
f 2422/1639/1155 2419/1646/1155 2424/1647/1155
f 2425/1648/1156 2424/1647/1156 2419/1646/1156
f 2433/1649/1157 2424/1647/1157 2425/1648/1157
f 2432/1650/1158 2424/1647/1158 2433/1649/1158
f 2431/1651/1159 2432/1650/1159 2433/1649/1159
f 2418/1652/1126 2592/1653/1126 2596/1654/1126
f 2592/1653/1126 2418/1652/1126 2420/1655/1126
f 2420/1655/1160 2418/1652/1160 2419/1646/1160
f 2421/1645/1161 2420/1655/1161 2419/1646/1161
f 2430/1656/1162 2432/1650/1162 2431/1651/1162
f 2429/1657/1163 2430/1656/1163 2431/1651/1163
f 2429/1657/1164 2431/1651/1164 2427/1658/1164
f 2427/1658/1165 2426/1659/1165 2429/1657/1165
f 2428/1660/1166 2426/1659/1166 2427/1658/1166
f 2428/1660/1126 2598/1661/1126 2426/1659/1126
f 2428/1660/1126 2595/1662/1126 2598/1661/1126
f 2595/1662/1126 2597/1663/1126 2598/1661/1126
f 2597/1663/1126 2595/1662/1126 2596/1654/1126
f 2597/1663/1126 2596/1654/1126 2592/1653/1126
f 2591/1664/1126 2589/1665/1126 2590/1666/1126
f 2589/1665/1126 2591/1664/1126 2592/1653/1126
f 2420/1655/1126 2589/1665/1126 2592/1653/1126
f 2420/1655/1126 2601/1667/1126 2589/1665/1126
f 2600/1668/1126 2589/1665/1126 2601/1667/1126
f 2601/1667/1126 2599/1669/1126 2600/1668/1126
f 2602/1670/1126 2600/1668/1126 2599/1669/1126
f 2599/1669/1126 2603/1671/1126 2602/1670/1126
f 2604/1672/1126 2602/1670/1126 2603/1671/1126
f 2604/1672/1126 2603/1671/1126 2606/1673/1126
f 2603/1671/1126 2605/1674/1126 2606/1673/1126
f 2608/1675/1126 2606/1673/1126 2605/1674/1126
f 2605/1674/1126 2607/1676/1126 2608/1675/1126
f 2607/1676/1126 2609/1677/1126 2608/1675/1126
f 2610/1678/1126 2608/1675/1126 2609/1677/1126
f 2611/1679/1126 2610/1678/1126 2609/1677/1126
f 2612/1680/1126 2611/1679/1126 2609/1677/1126
f 2308/1681/1167 2307/1682/1167 2306/1683/1167
f 2307/1682/1168 2305/1684/1168 2306/1683/1168
f 2307/1682/1169 2309/1685/1169 2305/1684/1169
f 2310/1686/1170 2305/1684/1170 2309/1685/1170
f 2309/1685/1171 2311/1687/1171 2310/1686/1171
f 2312/1688/1172 2310/1686/1172 2311/1687/1172
f 2311/1687/1173 2313/1689/1173 2312/1688/1173
f 2314/1690/1174 2312/1688/1174 2313/1689/1174
f 2314/1690/1175 2313/1689/1175 2315/1691/1175
f 2316/1692/1176 2315/1691/1176 2313/1689/1176
f 2315/1691/1177 2316/1692/1177 2317/1693/1177
f 2318/1694/1178 2317/1693/1178 2316/1692/1178
f 2318/1694/1179 2319/1695/1179 2317/1693/1179
f 2320/1696/1179 2317/1693/1179 2319/1695/1179
f 2319/1695/1180 2321/1697/1180 2320/1696/1180
f 2322/1698/1180 2320/1696/1180 2321/1697/1180
f 2308/1699/1181 2322/1698/1181 2321/1697/1181
f 2322/1698/1181 2308/1699/1181 2306/1700/1181
f 2293/1701/1182 2295/1702/1182 2296/1703/1182
f 2294/1704/1182 2295/1702/1182 2293/1701/1182
f 2294/1704/1183 2293/1701/1183 2292/1705/1183
f 2291/1706/1183 2292/1705/1183 2293/1701/1183
f 2292/1705/1184 2291/1706/1184 2290/1707/1184
f 2289/1708/1184 2290/1707/1184 2291/1706/1184
f 2290/1707/1185 2289/1708/1185 2287/1709/1185
f 2288/1710/1185 2287/1709/1185 2289/1708/1185
f 2284/1711/1186 2287/1709/1186 2288/1710/1186
f 2284/1711/1186 2288/1710/1186 2285/1712/1186
f 2285/1712/1187 2283/1713/1187 2284/1711/1187
f 2286/1714/1187 2283/1713/1187 2285/1712/1187
f 2342/1715/1188 2344/1716/1188 2343/1717/1188
f 2343/1717/1188 2341/1718/1188 2342/1715/1188
f 2342/1715/1189 2341/1718/1189 2339/1719/1189
f 2340/1720/1189 2339/1719/1189 2341/1718/1189
f 2340/1720/1190 2326/1721/1190 2339/1719/1190
f 2323/1722/1190 2339/1719/1190 2326/1721/1190
f 2326/1721/1191 2324/1723/1191 2323/1722/1191
f 2325/1724/1192 2323/1722/1192 2324/1723/1192
f 2354/1725/1193 2353/1726/1193 2352/1727/1193
f 2351/1728/1193 2352/1727/1193 2353/1726/1193
f 2352/1727/1194 2351/1728/1194 2350/1729/1194
f 2349/1730/1195 2350/1729/1195 2351/1728/1195
f 2350/1729/1196 2349/1730/1196 2347/1731/1196
f 2348/1732/1197 2347/1731/1197 2349/1730/1197
f 2348/1732/1198 2345/1733/1198 2347/1731/1198
f 2346/1734/1198 2347/1731/1198 2345/1733/1198
f 2346/1734/1199 2345/1733/1199 2344/1716/1199
f 2343/1717/1199 2344/1716/1199 2345/1733/1199
f 2511/1735/1097 2333/1736/1097 2510/1737/1097
f 2331/1738/1097 2333/1736/1097 2511/1735/1097
f 2333/1736/1200 2331/1738/1200 2332/1739/1200
f 2334/1740/1200 2332/1739/1200 2331/1738/1200
f 2336/1741/1201 2332/1739/1201 2334/1740/1201
f 2334/1740/1201 2335/1742/1201 2336/1741/1201
f 2335/1742/1202 2337/1743/1202 2336/1741/1202
f 2338/1744/1202 2336/1741/1202 2337/1743/1202
f 2337/1743/1203 2353/1726/1203 2338/1744/1203
f 2354/1725/1203 2338/1744/1203 2353/1726/1203
f 2283/1745/1204 2286/1746/1204 2304/1747/1204
f 2303/1748/1204 2304/1747/1204 2286/1746/1204
f 2304/1747/1205 2303/1748/1205 2301/1749/1205
f 2302/1750/1205 2301/1749/1205 2303/1748/1205
f 2300/1751/1206 2301/1749/1206 2302/1750/1206
f 2299/1752/1206 2301/1749/1206 2300/1751/1206
f 2298/1753/1207 2299/1752/1207 2300/1751/1207
f 2297/1754/1207 2299/1752/1207 2298/1753/1207
f 2296/1703/1208 2297/1754/1208 2298/1753/1208
f 2295/1702/1209 2297/1754/1209 2296/1703/1209
f 2265/1755/1210 2267/1756/1210 2268/1757/1210
f 2266/1758/1210 2267/1756/1210 2265/1755/1210
f 2266/1758/1211 2265/1755/1211 2264/1759/1211
f 2263/1760/1211 2264/1759/1211 2265/1755/1211
f 2264/1759/1212 2263/1760/1212 2259/1761/1212
f 2259/1761/1212 2263/1760/1212 2260/1762/1212
f 2261/1763/1167 2259/1761/1167 2260/1762/1167
f 2262/1764/1167 2259/1761/1167 2261/1763/1167
f 2278/1765/1213 2275/1766/1213 2277/1767/1213
f 2276/1768/1214 2277/1767/1214 2275/1766/1214
f 2276/1768/1215 2275/1766/1215 2273/1769/1215
f 2274/1770/1216 2273/1769/1216 2275/1766/1216
f 2272/1771/1217 2273/1769/1217 2274/1770/1217
f 2271/1772/1217 2273/1769/1217 2272/1771/1217
f 2272/1771/1218 2270/1773/1218 2271/1772/1218
f 2269/1774/1219 2271/1772/1219 2270/1773/1219
f 2270/1773/1220 2268/1757/1220 2269/1774/1220
f 2267/1756/1221 2269/1774/1221 2268/1757/1221
f 2237/1775/1222 2235/1776/1222 2236/1777/1222
f 2238/1778/1222 2235/1776/1222 2237/1775/1222
f 2234/1779/1223 2238/1778/1223 2237/1775/1223
f 2233/1780/1224 2238/1778/1224 2234/1779/1224
f 2232/1781/1225 2233/1780/1225 2234/1779/1225
f 2231/1782/1226 2233/1780/1226 2232/1781/1226
f 2229/1783/1227 2231/1782/1227 2232/1781/1227
f 2230/1784/1227 2231/1782/1227 2229/1783/1227
f 2230/1784/1228 2229/1783/1228 2225/1785/1228
f 2226/1786/1228 2225/1785/1228 2229/1783/1228
f 2227/1787/1229 2225/1785/1229 2226/1786/1229
f 2228/1788/1229 2227/1787/1229 2226/1786/1229
f 2248/1789/1230 2247/1790/1230 2245/1791/1230
f 2246/1792/1231 2245/1791/1231 2247/1790/1231
f 2246/1792/1232 2244/1793/1232 2245/1791/1232
f 2243/1794/1232 2245/1791/1232 2244/1793/1232
f 2244/1793/1233 2241/1795/1233 2243/1794/1233
f 2242/1796/1233 2243/1794/1233 2241/1795/1233
f 2242/1796/1234 2241/1795/1234 2240/1797/1234
f 2239/1798/1234 2240/1797/1234 2241/1795/1234
f 2240/1797/1235 2239/1798/1235 2235/1776/1235
f 2236/1777/1236 2235/1776/1236 2239/1798/1236
f 2258/1799/1187 2257/1800/1187 2255/1801/1187
f 2256/1802/1187 2255/1801/1187 2257/1800/1187
f 2256/1802/1237 2254/1803/1237 2255/1801/1237
f 2253/1804/1237 2255/1801/1237 2254/1803/1237
f 2254/1803/1238 2250/1805/1238 2253/1804/1238
f 2252/1806/1238 2253/1804/1238 2250/1805/1238
f 2252/1806/1239 2250/1805/1239 2249/1807/1239
f 2251/1808/1239 2249/1807/1239 2250/1805/1239
f 2249/1807/1240 2251/1808/1240 2248/1789/1240
f 2247/1790/1241 2248/1789/1241 2251/1808/1241
f 2214/1809/1242 2213/1810/1242 2212/1811/1242
f 2210/1812/1242 2212/1811/1242 2213/1810/1242
f 2212/1811/1243 2210/1812/1243 2209/1813/1243
f 2211/1814/1243 2209/1813/1243 2210/1812/1243
f 2209/1813/1244 2211/1814/1244 2406/1815/1244
f 2407/1816/1245 2406/1815/1245 2211/1814/1245
f 2224/1817/1187 2223/1818/1187 2221/1819/1187
f 2222/1820/1187 2221/1819/1187 2223/1818/1187
f 2222/1820/1246 2220/1821/1246 2221/1819/1246
f 2219/1822/1246 2221/1819/1246 2220/1821/1246
f 2220/1821/1247 2218/1823/1247 2219/1822/1247
f 2217/1824/1247 2219/1822/1247 2218/1823/1247
f 2218/1823/1248 2215/1825/1248 2217/1824/1248
f 2216/1826/1248 2217/1824/1248 2215/1825/1248
f 2216/1826/1249 2215/1825/1249 2214/1809/1249
f 2213/1810/1249 2214/1809/1249 2215/1825/1249
f 2116/1827/1250 2115/1828/1250 2114/1829/1250
f 2117/1830/1250 2116/1827/1250 2114/1829/1250
f 2116/1827/1251 2117/1830/1251 2118/1831/1251
f 2119/1832/1252 2118/1831/1252 2117/1830/1252
f 2118/1831/1253 2119/1832/1253 2120/1833/1253
f 2121/1834/1254 2120/1833/1254 2119/1832/1254
f 2122/1835/1255 2120/1833/1255 2121/1834/1255
f 2121/1834/1255 2123/1836/1255 2122/1835/1255
f 2106/1837/1256 2122/1835/1256 2123/1836/1256
f 2123/1836/1256 2107/1838/1256 2106/1837/1256
f 2107/1838/1257 2105/1839/1257 2106/1837/1257
f 2104/1840/1257 2106/1837/1257 2105/1839/1257
f 2105/1839/1258 2101/1841/1258 2104/1840/1258
f 2103/1842/1258 2104/1840/1258 2101/1841/1258
f 2103/1842/1259 2101/1841/1259 2100/1843/1259
f 2102/1844/1259 2100/1843/1259 2101/1841/1259
f 2102/1844/1167 2279/1845/1167 2100/1843/1167
f 2280/1846/1167 2100/1843/1167 2279/1845/1167
f 2085/1847/1260 2084/1848/1260 2083/1849/1260
f 2082/1850/1261 2083/1849/1261 2084/1848/1261
f 2083/1849/1262 2082/1850/1262 2081/1851/1262
f 2080/1852/1263 2081/1851/1263 2082/1850/1263
f 2080/1852/1264 2079/1853/1264 2081/1851/1264
f 2080/1852/1265 2078/1854/1265 2079/1853/1265
f 2078/1854/1266 2075/1855/1266 2079/1853/1266
f 2078/1854/1267 2077/1856/1267 2075/1855/1267
f 2076/1857/1268 2075/1858/1268 2077/1859/1268
f 2076/1857/1269 2074/1860/1269 2075/1858/1269
f 2076/1857/1270 2091/1861/1270 2074/1860/1270
f 2074/1860/1270 2091/1861/1270 2090/1862/1270
f 2088/1863/1271 2090/1862/1271 2091/1861/1271
f 2091/1861/1271 2089/1864/1271 2088/1863/1271
f 2086/1865/1272 2088/1863/1272 2089/1864/1272
f 2089/1864/1273 2087/1866/1273 2086/1865/1273
f 2087/1866/1274 2084/1848/1274 2086/1865/1274
f 2085/1847/1275 2086/1865/1275 2084/1848/1275
f 2027/1867/1276 2026/1868/1276 2024/1869/1276
f 2025/1870/1276 2024/1869/1276 2026/1868/1276
f 2022/1871/1277 2024/1869/1277 2025/1870/1277
f 2023/1872/1277 2024/1869/1277 2022/1871/1277
f 2022/1871/1278 2021/1873/1278 2023/1872/1278
f 2022/1871/1278 2019/1874/1278 2021/1873/1278
f 2021/1873/1279 2019/1874/1279 2018/1875/1279
f 2020/1876/1279 2018/1875/1279 2019/1874/1279
f 2020/1876/1280 2017/1877/1280 2018/1875/1280
f 2016/1878/1281 2018/1875/1281 2017/1877/1281
f 2017/1877/1282 2014/1879/1282 2016/1878/1282
f 2016/1878/1283 2014/1879/1283 2015/1880/1283
f 2015/1880/1284 2014/1879/1284 2012/1881/1284
f 2013/1882/1284 2012/1881/1284 2014/1879/1284
f 2011/1883/1285 2012/1881/1285 2013/1882/1285
f 2013/1882/1285 2010/1884/1285 2011/1883/1285
f 2011/1883/1286 2010/1884/1286 2008/1885/1286
f 2009/1886/1286 2008/1885/1286 2010/1884/1286
f 2007/1887/1287 2008/1885/1287 2009/1886/1287
f 2008/1885/1287 2007/1887/1287 2006/1888/1287
f 2004/1889/1288 2006/1888/1288 2007/1887/1288
f 2006/1888/1288 2004/1889/1288 2005/1890/1288
f 2002/1891/1289 2005/1890/1289 2004/1889/1289
f 2005/1890/1290 2002/1891/1290 2003/1892/1290
f 2003/1892/1291 2002/1891/1291 2001/1893/1291
f 2000/1894/1292 2001/1893/1292 2002/1891/1292
f 2001/1893/1293 2000/1894/1293 1998/1895/1293
f 1999/1896/1294 1998/1895/1294 2000/1894/1294
f 1995/1897/1295 1998/1895/1295 1999/1896/1295
f 1998/1895/1296 1995/1897/1296 1994/1898/1296
f 1996/1899/1297 1994/1898/1297 1995/1897/1297
f 1995/1897/1297 1997/1900/1297 1996/1899/1297
f 1986/1901/1298 1987/1902/1298 1988/1903/1298
f 1989/1904/1298 1988/1903/1298 1987/1902/1298
f 1990/1905/1299 1988/1903/1299 1989/1904/1299
f 1990/1905/1299 1989/1904/1299 1991/1906/1299
f 1991/1906/1276 1992/1907/1276 1990/1905/1276
f 1993/1908/1276 1990/1905/1276 1992/1907/1276
f 2176/1909/1300 1981/1910/1300 2175/1911/1300
f 1978/1912/1301 2175/1911/1301 1981/1910/1301
f 1981/1910/1302 1979/1913/1302 1978/1912/1302
f 1980/1914/1302 1978/1912/1302 1979/1913/1302
f 1980/1914/1303 1979/1913/1303 1982/1915/1303
f 1983/1916/1303 1982/1915/1303 1979/1913/1303
f 1982/1915/1304 1983/1916/1304 1984/1917/1304
f 1985/1918/1304 1984/1917/1304 1983/1916/1304
f 1984/1917/1305 1985/1918/1305 1986/1901/1305
f 1987/1902/1305 1986/1901/1305 1985/1918/1305
f 1958/1919/1306 1956/1920/1306 1957/1921/1306
f 1959/1922/1307 1958/1919/1307 1957/1921/1307
f 1963/1923/1308 1962/1924/1308 1957/1921/1308
f 1960/1925/1309 1957/1921/1309 1962/1924/1309
f 1959/1922/1310 1957/1921/1310 1960/1925/1310
f 1961/1926/1311 1959/1922/1311 1960/1925/1311
f 1961/1926/281 2124/1927/281 1959/1922/281
f 2125/1928/281 2124/1927/281 1961/1926/281
f 2125/1928/281 2153/1929/281 2124/1927/281
f 2154/1930/281 2124/1927/281 2153/1929/281
f 2153/1929/281 2155/1931/281 2154/1930/281
f 2156/1932/281 2154/1930/281 2155/1931/281
f 1960/1925/1312 1728/1933/1312 1961/1926/1312
f 2163/1934/281 1961/1926/281 1728/1933/281
f 2170/1588/1313 2171/1935/1313 2172/1936/1313
f 2169/1937/1314 2170/1588/1314 2172/1936/1314
f 2169/1937/1315 2168/1587/1315 2170/1588/1315
f 2169/1937/1316 2164/1938/1316 2168/1587/1316
f 2162/1939/281 2164/1938/281 2169/1937/281
f 2162/1939/281 2126/1940/281 2164/1938/281
f 2126/1940/281 2162/1939/281 2163/1934/281
f 2126/1940/281 2163/1934/281 1727/377/281
f 1728/1933/281 1727/377/281 2163/1934/281
f 1728/1933/281 1707/378/281 1727/377/281
f 1727/377/281 2127/1941/281 2126/1940/281
f 2128/1942/281 2126/1940/281 2127/1941/281
f 2178/1943/1135 2177/1944/1135 2174/1945/1135
f 2177/1944/1135 2178/1943/1135 2179/1946/1135
f 2180/1947/1135 2179/1946/1135 2178/1943/1135
f 2180/1947/1135 2181/1948/1135 2179/1946/1135
f 2182/1949/1135 2179/1946/1135 2181/1948/1135
f 2182/1949/1135 2181/1948/1135 2183/1950/1135
f 2184/1951/1135 2183/1950/1135 2181/1948/1135
f 2156/1932/281 2155/1931/281 2157/1952/281
f 2158/1953/281 2157/1952/281 2155/1931/281
f 2157/1952/281 2158/1953/281 2160/1954/281
f 2158/1953/281 2159/1955/281 2160/1954/281
f 2160/1954/281 2159/1955/281 2161/1956/281
f 2161/1956/1317 2159/1955/1317 2177/1944/1317
f 2159/1955/1318 2173/1957/1318 2177/1944/1318
f 2173/1957/1319 2174/1945/1319 2177/1944/1319
f 2174/1945/1320 2173/1957/1320 2171/1935/1320
f 2172/1936/1321 2171/1935/1321 2173/1957/1321
f 1947/1958/1322 1946/1959/1322 1751/1960/1322
f 1752/1961/1323 1751/1960/1323 1946/1959/1323
f 1753/1962/1324 1751/1960/1324 1752/1961/1324
f 1752/1961/1324 1754/1963/1324 1753/1962/1324
f 1755/1964/1325 1753/1962/1325 1754/1963/1325
f 1754/1963/1325 1756/1965/1325 1755/1964/1325
f 1757/1966/1326 1755/1964/1326 1756/1965/1326
f 1756/1965/1326 1758/1967/1326 1757/1966/1326
f 1758/1967/1327 1759/1968/1327 1757/1966/1327
f 1760/1969/1327 1757/1966/1327 1759/1968/1327
f 1759/1968/1328 1761/1970/1328 1760/1969/1328
f 1762/1971/1328 1760/1969/1328 1761/1970/1328
f 1761/1970/1329 1763/1972/1329 1762/1971/1329
f 1764/1973/1329 1762/1971/1329 1763/1972/1329
f 1763/1972/1330 1765/1974/1330 1764/1973/1330
f 1766/1975/1330 1765/1974/1330 1763/1972/1330
f 1661/1976/1331 1660/1977/1331 1658/1978/1331
f 1659/1979/1332 1658/1978/1332 1660/1977/1332
f 1659/1979/1333 1656/1980/1333 1658/1978/1333
f 1657/1981/1334 1658/1978/1334 1656/1980/1334
f 1657/1981/1335 1656/1980/1335 1655/1982/1335
f 1654/1983/1335 1655/1982/1335 1656/1980/1335
f 1655/1982/1336 1654/1983/1336 1652/1984/1336
f 1653/1985/1336 1652/1984/1336 1654/1983/1336
f 1653/1985/1337 1651/1986/1337 1652/1984/1337
f 1650/1987/1337 1652/1984/1337 1651/1986/1337
f 1651/1986/1338 1649/1988/1338 1650/1987/1338
f 1650/1987/1338 1649/1988/1338 1648/1989/1338
f 1649/1988/1339 1633/1990/1339 1648/1989/1339
f 1648/1989/1339 1633/1990/1339 1632/1991/1339
f 1634/1992/1340 1632/1991/1340 1633/1990/1340
f 1633/1990/1341 1635/1993/1341 1634/1992/1341
f 1605/1994/1342 1604/1995/1342 1606/1996/1342
f 1607/1997/1342 1606/1996/1342 1604/1995/1342
f 1608/1998/1343 1606/1996/1343 1607/1997/1343
f 1606/1996/1343 1608/1998/1343 1609/1999/1343
f 1610/2000/1344 1609/1999/1344 1608/1998/1344
f 1609/1999/1344 1610/2000/1344 1611/2001/1344
f 1612/2002/1345 1611/2001/1345 1610/2000/1345
f 1611/2001/1345 1612/2002/1345 1613/2003/1345
f 1594/2004/1346 1613/2003/1346 1612/2002/1346
f 1613/2003/1346 1594/2004/1346 1593/2005/1346
f 1594/2004/1347 1592/2006/1347 1593/2005/1347
f 1595/2007/1347 1592/2006/1347 1594/2004/1347
f 1592/2008/1348 1595/2009/1348 1596/2010/1348
f 1597/2011/1348 1596/2010/1348 1595/2009/1348
f 1598/2012/1349 1596/2010/1349 1597/2011/1349
f 1599/2013/1350 1596/2010/1350 1598/2012/1350
f 1600/2014/1351 1599/2013/1351 1598/2012/1351
f 1601/2015/1352 1599/2013/1352 1600/2014/1352
f 1602/2016/1353 1601/2015/1353 1600/2014/1353
f 1603/2017/1353 1601/2015/1353 1602/2016/1353
f 1604/1995/1354 1603/2017/1354 1602/2016/1354
f 1605/1994/1355 1603/2017/1355 1604/1995/1355
f 2131/2018/281 2129/2019/281 2130/2020/281
f 2129/2019/281 2131/2018/281 2132/2021/281
f 2142/2022/281 2140/2023/281 2139/2024/281
f 2141/2025/281 2139/2024/281 2140/2023/281
f 2140/2023/281 2129/2019/281 2141/2025/281
f 1958/1919/281 2141/2025/281 2129/2019/281
f 1958/1919/281 2129/2019/281 2132/2021/281
f 2132/2021/281 1956/1920/281 1958/1919/281
f 1956/1920/281 2132/2021/281 2136/2026/281
f 2136/2026/281 2132/2021/281 2137/2027/281
f 2137/2027/281 2135/2028/281 2136/2026/281
f 2135/2028/281 2137/2027/281 2138/2029/281
f 1966/2030/281 2135/2028/281 2138/2029/281
f 1966/2030/281 2138/2029/281 1964/2031/281
f 1966/2030/1356 1964/2031/1356 1965/2032/1356
f 1965/2032/1357 1964/2031/1357 1967/2033/1357
f 1965/2032/1358 1967/2033/1358 1969/2034/1358
f 1967/2033/1359 1968/2035/1359 1969/2034/1359
f 1968/2035/1360 1970/2036/1360 1969/2034/1360
f 1969/2034/1361 1970/2036/1361 1971/2037/1361
f 1970/2036/1362 1962/1924/1362 1971/2037/1362
f 1971/2037/1363 1962/1924/1363 1963/1923/1363
f 2095/2038/1364 2093/2039/1364 2092/2040/1364
f 2094/2041/1365 2092/2040/1365 2093/2039/1365
f 2094/2041/1366 2093/2039/1366 2108/2042/1366
f 2109/2043/1366 2108/2042/1366 2093/2039/1366
f 2108/2042/1367 2109/2043/1367 2110/2044/1367
f 2111/2045/1367 2110/2044/1367 2109/2043/1367
f 2111/2045/1368 2112/2046/1368 2110/2044/1368
f 2113/2047/1368 2110/2044/1368 2112/2046/1368
f 2112/2046/1369 2114/1829/1369 2113/2047/1369
f 2115/1828/1369 2113/2047/1369 2114/1829/1369
f 2066/2048/1370 2065/2049/1370 2064/2050/1370
f 2065/2049/1370 2066/2048/1370 2067/2051/1370
f 2068/2052/1371 2067/2051/1371 2066/2048/1371
f 2067/2051/1371 2068/2052/1371 2069/2053/1371
f 2069/2053/1372 2068/2052/1372 2070/2054/1372
f 2071/2055/1372 2070/2054/1372 2068/2052/1372
f 2071/2055/1373 2072/2056/1373 2070/2054/1373
f 2070/2054/1373 2072/2056/1373 2073/2057/1373
f 2072/2056/1374 2055/2058/1374 2073/2057/1374
f 2073/2057/1374 2055/2058/1374 2052/2059/1374
f 2055/2058/1276 2053/2060/1276 2052/2059/1276
f 2054/2061/1276 2052/2059/1276 2053/2060/1276
f 2053/2062/1375 2056/2063/1375 2054/2064/1375
f 2057/2065/1375 2054/2064/1375 2056/2063/1375
f 2058/2066/1376 2057/2065/1376 2056/2063/1376
f 2057/2065/1376 2058/2066/1376 2059/2067/1376
f 2060/2068/1377 2059/2067/1377 2058/2066/1377
f 2059/2067/1377 2060/2068/1377 2061/2069/1377
f 2062/2070/1378 2061/2069/1378 2060/2068/1378
f 2061/2069/1378 2062/2070/1378 2063/2071/1378
f 2064/2050/1379 2063/2071/1379 2062/2070/1379
f 2063/2071/1379 2064/2050/1379 2065/2049/1379
f 2038/2072/1380 2040/2073/1380 2039/2074/1380
f 2041/2075/1381 2039/2074/1381 2040/2073/1381
f 2042/2076/1382 2041/2075/1382 2040/2073/1382
f 2041/2075/1382 2042/2076/1382 2043/2077/1382
f 2044/2078/1383 2043/2077/1383 2042/2076/1383
f 2043/2077/1384 2044/2078/1384 2045/2079/1384
f 2044/2078/1385 2046/2080/1385 2045/2079/1385
f 2047/2081/1386 2045/2079/1386 2046/2080/1386
f 2046/2080/1269 2048/2082/1269 2047/2081/1269
f 2049/2083/1269 2047/2081/1269 2048/2082/1269
f 2030/2084/1269 2028/2085/1269 2029/2086/1269
f 2028/2085/1269 2030/2084/1269 2031/2087/1269
f 2030/2084/1387 2032/2088/1387 2031/2087/1387
f 2033/2089/1387 2031/2087/1387 2032/2088/1387
f 2032/2088/1388 2035/2090/1388 2033/2089/1388
f 2035/2090/1388 2034/2091/1388 2033/2089/1388
f 2034/2091/1389 2035/2090/1389 2036/2092/1389
f 2037/2093/1389 2036/2092/1389 2035/2090/1389
f 2037/2093/1390 2038/2072/1390 2036/2092/1390
f 2039/2074/1391 2036/2092/1391 2038/2072/1391
f 1975/2094/1276 1973/2095/1276 1972/2096/1276
f 1974/2097/1276 1972/2096/1276 1973/2095/1276
f 1974/2097/1392 1973/2095/1392 1976/2098/1392
f 1977/2099/1392 1976/2098/1392 1973/2095/1392
f 1976/2098/1393 1977/2099/1393 2133/2100/1393
f 2134/2101/1393 2133/2100/1393 1977/2099/1393
f 2133/2100/1394 2134/2101/1394 2097/2102/1394
f 2098/2103/1394 2097/2102/1394 2134/2101/1394
f 2098/2103/1395 2096/2104/1395 2097/2102/1395
f 2099/2105/1395 2097/2102/1395 2096/2104/1395
f 2099/2105/1167 2096/2104/1167 2281/2106/1167
f 2282/2107/1167 2281/2106/1167 2096/2104/1167
f 1577/2108/1396 1576/2109/1396 1579/2110/1396
f 1576/2109/1397 1578/2111/1397 1579/2110/1397
f 1580/2112/1398 1579/2110/1398 1578/2111/1398
f 1581/2113/1398 1579/2110/1398 1580/2112/1398
f 1582/2114/1399 1581/2113/1399 1580/2112/1399
f 1583/2115/1400 1581/2113/1400 1582/2114/1400
f 1582/2114/1401 1584/2116/1401 1583/2115/1401
f 1585/2117/1402 1583/2115/1402 1584/2116/1402
f 1585/2117/1403 1584/2116/1403 1587/2118/1403
f 1587/2118/1403 1584/2116/1403 1586/2119/1403
f 1568/2120/1403 1566/2121/1403 1567/2122/1403
f 1566/2121/1403 1568/2120/1403 1569/2123/1403
f 1569/2123/1404 1568/2120/1404 1570/2124/1404
f 1571/2125/1404 1570/2124/1404 1568/2120/1404
f 1572/2126/1405 1570/2124/1405 1571/2125/1405
f 1570/2124/1405 1572/2126/1405 1573/2127/1405
f 1574/2128/1406 1573/2127/1406 1572/2126/1406
f 1573/2127/1406 1574/2128/1406 1575/2129/1406
f 1574/2128/1407 1576/2109/1407 1575/2129/1407
f 1577/2108/1408 1575/2129/1408 1576/2109/1408
f 1552/2130/1409 1553/2131/1409 1554/2132/1409
f 1555/2133/1410 1554/2132/1410 1553/2131/1410
f 1554/2132/1411 1555/2133/1411 1556/2134/1411
f 1559/2135/1412 1556/2134/1412 1555/2133/1412
f 1559/2135/1413 1557/2136/1413 1556/2134/1413
f 1558/2137/1413 1556/2134/1413 1557/2136/1413
f 1558/2137/1414 1557/2136/1414 1560/2138/1414
f 1561/2139/1414 1560/2138/1414 1557/2136/1414
f 1560/2138/1415 1561/2139/1415 1562/2140/1415
f 1563/2141/1415 1562/2140/1415 1561/2139/1415
f 1562/2140/1347 1563/2141/1347 1564/2142/1347
f 1565/2143/1347 1564/2142/1347 1563/2141/1347
f 1534/2144/1416 1532/2145/1416 1533/2146/1416
f 1534/2144/1416 1533/2146/1416 1535/2147/1416
f 1536/2148/1417 1534/2144/1417 1535/2147/1417
f 1537/2149/1417 1534/2144/1417 1536/2148/1417
f 1538/2150/1418 1537/2149/1418 1536/2148/1418
f 1537/2149/1418 1538/2150/1418 1539/2151/1418
f 1540/2152/1419 1539/2151/1419 1538/2150/1419
f 1539/2151/1420 1540/2152/1420 1541/2153/1420
f 1541/2153/1421 1540/2152/1421 1542/2154/1421
f 1543/2155/1422 1542/2154/1422 1540/2152/1422
f 1544/2156/1423 1542/2154/1423 1543/2155/1423
f 1545/2157/1423 1542/2154/1423 1544/2156/1423
f 1546/2158/1424 1545/2157/1424 1544/2156/1424
f 1547/2159/1424 1545/2157/1424 1546/2158/1424
f 1548/2160/1425 1547/2159/1425 1546/2158/1425
f 1549/2161/1425 1547/2159/1425 1548/2160/1425
f 1548/2160/1426 1550/2162/1426 1549/2161/1426
f 1551/2163/1426 1549/2161/1426 1550/2162/1426
f 1551/2163/1427 1550/2162/1427 1552/2130/1427
f 1553/2131/1427 1552/2130/1427 1550/2162/1427
f 1643/2164/1428 1641/2165/1428 1640/2166/1428
f 1642/2167/1428 1640/2166/1428 1641/2165/1428
f 1644/2168/1429 1642/2167/1429 1641/2165/1429
f 1644/2168/1429 1641/2165/1429 1645/2169/1429
f 1644/2168/1430 1645/2169/1430 1646/2170/1430
f 1647/2171/1430 1646/2170/1430 1645/2169/1430
f 1663/2172/1431 1646/2170/1431 1647/2171/1431
f 1663/2172/1432 1647/2171/1432 1662/2173/1432
f 1661/1976/1433 1663/2172/1433 1662/2173/1433
f 1662/2173/1433 1660/1977/1433 1661/1976/1433
f 1531/2174/1347 1530/2175/1347 1529/2176/1347
f 1528/2177/1347 1529/2176/1347 1530/2175/1347
f 1529/2176/1434 1528/2177/1434 1527/2178/1434
f 1526/2179/1434 1527/2178/1434 1528/2177/1434
f 1525/2180/1435 1527/2178/1435 1526/2179/1435
f 1526/2179/1435 1524/2181/1435 1525/2180/1435
f 1522/2182/1436 1525/2180/1436 1524/2181/1436
f 1524/2181/1436 1523/2183/1436 1522/2182/1436
f 1523/2183/1437 1521/2184/1437 1522/2182/1437
f 1520/2185/1438 1522/2182/1438 1521/2184/1438
f 1521/2184/1439 1517/2186/1439 1520/2185/1439
f 1519/2187/1440 1520/2185/1440 1517/2186/1440
f 1519/2187/1441 1517/2186/1441 1516/2188/1441
f 1518/2189/1441 1516/2188/1441 1517/2186/1441
f 1516/2188/1442 1518/2189/1442 1717/2190/1442
f 1718/2191/1443 1717/2190/1443 1518/2189/1443
f 1491/2192/101 1490/2193/101 1488/2194/101
f 1489/2195/101 1488/2194/101 1490/2193/101
f 1489/2195/101 1486/2196/101 1488/2194/101
f 1487/2197/101 1488/2194/101 1486/2196/101
f 1485/2198/101 1487/2197/101 1486/2196/101
f 1486/2196/101 1484/158/101 1485/2198/101
f 1481/157/101 1485/2198/101 1484/158/101
f 1466/2199/1444 1480/156/1444 1484/158/1444
f 1484/158/1445 1467/2200/1445 1466/2199/1445
f 1465/2201/107 1466/2199/107 1467/2200/107
f 1465/2201/107 1463/2202/107 1466/2199/107
f 1465/2201/107 1464/2203/107 1463/2202/107
f 1461/2204/107 1463/2202/107 1464/2203/107
f 1464/2203/107 1462/2205/107 1461/2204/107
f 1462/2205/107 1460/2206/107 1461/2204/107
f 1459/174/107 1461/2204/107 1460/2206/107
f 1460/2206/107 1430/175/107 1459/174/107
f 1623/2207/1446 1620/2208/1446 1622/2209/1446
f 1621/2210/1447 1622/2209/1447 1620/2208/1447
f 1621/2210/1448 1620/2208/1448 1619/2211/1448
f 1618/2212/1449 1619/2211/1449 1620/2208/1449
f 1619/2211/1450 1618/2212/1450 1617/2213/1450
f 1615/2214/1451 1617/2213/1451 1618/2212/1451
f 1617/2213/1452 1615/2214/1452 1614/2215/1452
f 1616/2216/1453 1614/2215/1453 1615/2214/1453
f 1616/2217/1454 1630/2218/1454 1614/2219/1454
f 1614/2219/1454 1630/2218/1454 1631/2220/1454
f 1630/2218/1455 1629/2221/1455 1631/2220/1455
f 1630/2218/1455 1628/2222/1455 1629/2221/1455
f 1628/2222/1456 1627/2223/1456 1629/2221/1456
f 1628/2222/1456 1626/2224/1456 1627/2223/1456
f 1627/2223/1457 1626/2224/1457 1624/2225/1457
f 1625/2226/1458 1624/2225/1458 1626/2224/1458
f 1625/2226/1459 1623/2207/1459 1624/2225/1459
f 1622/2209/1460 1624/2225/1460 1623/2207/1460
f 1513/2227/1347 1511/2228/1347 1510/2229/1347
f 1512/2230/1347 1510/2229/1347 1511/2228/1347
f 1511/2228/1461 1514/2231/1461 1512/2230/1461
f 1515/2232/1461 1512/2230/1461 1514/2231/1461
f 1515/2232/1462 1514/2231/1462 1674/2233/1462
f 1675/2234/1462 1674/2233/1462 1514/2231/1462
f 1636/2235/1463 1674/2233/1463 1675/2234/1463
f 1674/2233/1463 1636/2235/1463 1638/2236/1463
f 1638/2236/1464 1636/2235/1464 1637/2237/1464
f 1639/2238/1464 1637/2237/1464 1636/2235/1464
f 1637/2237/1269 1639/2238/1269 2050/2239/1269
f 2051/2240/1269 2050/2239/1269 1639/2238/1269
f 1289/2241/1465 1292/2242/1465 1290/2243/1465
f 1289/2241/1465 1291/2244/1465 1292/2242/1465
f 1292/2242/1466 1291/2244/1466 1293/2245/1466
f 1294/2246/1466 1293/2245/1466 1291/2244/1466
f 1294/2246/304 1295/2247/304 1293/2245/304
f 1296/2248/304 1293/2245/304 1295/2247/304
f 1283/2249/1467 1482/2250/1467 1483/2251/1467
f 1482/2250/1468 1283/2249/1468 1282/2252/1468
f 1283/2249/1469 1281/2253/1469 1282/2252/1469
f 1284/2254/1469 1282/2252/1469 1281/2253/1469
f 1281/2253/1470 1286/2255/1470 1284/2254/1470
f 1281/2253/1471 1285/2256/1471 1286/2255/1471
f 1285/2256/1472 1288/2257/1472 1286/2255/1472
f 1285/2256/1472 1287/2258/1472 1288/2257/1472
f 1287/2258/1473 1290/2243/1473 1288/2257/1473
f 1287/2258/1473 1289/2241/1473 1290/2243/1473
f 1902/2259/101 1900/2260/101 1901/2261/101
f 1900/2260/101 1902/2259/101 1903/130/101
f 1731/132/101 1900/2260/101 1903/130/101
f 1731/132/101 1912/2262/101 1900/2260/101
f 1911/2263/101 1900/2260/101 1912/2262/101
f 1912/2262/101 1910/2264/101 1911/2263/101
f 1913/2265/101 1911/2263/101 1910/2264/101
f 1910/2264/101 1914/2266/101 1913/2265/101
f 1915/2267/101 1913/2265/101 1914/2266/101
f 1917/2268/101 1915/2267/101 1914/2266/101
f 1914/2266/101 1916/2269/101 1917/2268/101
f 1919/2270/101 1917/2268/101 1916/2269/101
f 1916/2269/101 1918/2271/101 1919/2270/101
f 1918/2271/101 1920/2272/101 1919/2270/101
f 1921/2273/101 1919/2270/101 1920/2272/101
f 1922/2274/101 1921/2273/101 1920/2272/101
f 1923/2275/101 1922/2274/101 1920/2272/101
f 1678/355/272 1679/356/272 1502/2276/272
f 1679/356/272 1503/2277/272 1502/2276/272
f 1504/2278/1474 1502/2276/1474 1503/2277/1474
f 1503/2277/1475 1505/2279/1475 1504/2278/1475
f 1506/2280/1476 1504/2278/1476 1505/2279/1476
f 1507/2281/1477 1506/2280/1477 1505/2279/1477
f 1507/2281/1478 1508/2282/1478 1506/2280/1478
f 1509/2283/1479 1506/2280/1479 1508/2282/1479
f 1500/360/1480 1509/2283/1480 1508/2282/1480
f 1501/359/1481 1509/2283/1481 1500/360/1481
f 2355/1600/1135 2384/2284/1135 2356/1599/1135
f 2385/2285/1135 2356/1599/1135 2384/2284/1135
f 2384/2284/1135 2386/2286/1135 2385/2285/1135
f 2387/2287/1135 2385/2285/1135 2386/2286/1135
f 2389/2288/1135 2387/2287/1135 2386/2286/1135
f 2386/2286/1135 2388/2289/1135 2389/2288/1135
f 2390/2290/1135 2389/2288/1135 2388/2289/1135
f 2390/2290/1135 2388/2289/1135 2391/1570/1135
f 2390/2290/1135 2391/1570/1135 2392/2291/1135
f 2408/1567/1482 2392/2291/1482 2391/1570/1482
f 1744/2292/1483 1735/124/1483 1736/125/1483
f 1743/2293/1484 1735/124/1484 1744/2292/1484
f 1742/2294/1485 1743/2293/1485 1744/2292/1485
f 1741/2295/1486 1743/2293/1486 1742/2294/1486
f 1740/2296/1487 1741/2295/1487 1742/2294/1487
f 1740/2296/1488 1742/2294/1488 1738/2297/1488
f 1738/2297/1489 1737/2298/1489 1740/2296/1489
f 1739/2299/1490 1737/2298/1490 1738/2297/1490
f 1739/2299/101 1909/128/101 1737/2298/101
f 1739/2299/101 1906/126/101 1909/128/101
f 1693/2300/272 1692/2301/272 1690/2302/272
f 1692/2301/272 1691/2303/272 1690/2302/272
f 1691/2303/272 1688/2304/272 1690/2302/272
f 1689/2305/272 1690/2302/272 1688/2304/272
f 1689/2305/272 1688/2304/272 1687/2306/272
f 1686/2307/272 1687/2306/272 1688/2304/272
f 1687/2306/272 1686/2307/272 1684/2308/272
f 1685/2309/272 1684/2308/272 1686/2307/272
f 1685/2309/272 1682/347/272 1684/2308/272
f 1681/349/272 1684/2308/272 1682/347/272
f 2445/2310/1491 2441/2311/1491 2444/2312/1491
f 2440/2313/1491 2444/2312/1491 2441/2311/1491
f 2442/2314/1492 2440/2313/1492 2441/2311/1492
f 2442/2314/1492 2441/2311/1492 2443/2315/1492
f 2442/2314/1493 2443/2315/1493 2635/2316/1493
f 2636/2317/1494 2635/2316/1494 2443/2315/1494
f 2455/2318/1495 2453/2319/1495 2454/2320/1495
f 2453/2319/1495 2455/2318/1495 2452/2321/1495
f 2452/2321/1496 2451/2322/1496 2453/2319/1496
f 2452/2321/1496 2450/2323/1496 2451/2322/1496
f 2451/2322/1497 2450/2323/1497 2449/2324/1497
f 2448/2325/1497 2449/2324/1497 2450/2323/1497
f 2449/2324/1498 2448/2325/1498 2446/2326/1498
f 2447/2327/1498 2446/2326/1498 2448/2325/1498
f 2447/2327/1499 2445/2310/1499 2446/2326/1499
f 2444/2312/1499 2446/2326/1499 2445/2310/1499
f 326/1129/1500 323/1424/1500 321/1423/1500
f 326/1129/1501 321/1423/1501 320/2328/1501
f 326/1129/1502 320/2328/1502 328/1130/1502
f 320/2328/1503 318/2329/1503 328/1130/1503
f 333/1132/1503 328/1130/1503 318/2329/1503
f 320/2328/942 321/1423/942 313/1418/942
f 320/2328/1504 313/1418/1504 315/1412/1504
f 320/2328/1504 315/1412/1504 318/2329/1504
f 318/2329/1505 315/1412/1505 317/1404/1505
f 318/2329/1505 317/1404/1505 319/1402/1505
f 333/1132/1506 318/2329/1506 319/1402/1506
f 333/1132/1507 319/1402/1507 337/2330/1507
f 334/1133/1508 333/1132/1508 337/2330/1508
f 334/1133/1509 337/2330/1509 338/1123/1509
f 338/1123/1510 336/1122/1510 334/1133/1510
f 351/1119/1511 345/1500/1511 374/1118/1511
f 345/1500/1512 351/1119/1512 347/1121/1512
f 347/1121/1513 346/1496/1513 345/1500/1513
f 347/1121/1514 342/1120/1514 346/1496/1514
f 343/1494/1514 346/1496/1514 342/1120/1514
f 343/1494/689 342/1120/689 338/1123/689
f 338/1123/1515 348/1497/1515 343/1494/1515
f 337/2330/1515 348/1497/1515 338/1123/1515
f 348/1497/1516 337/2330/1516 349/1401/1516
f 319/1402/1516 349/1401/1516 337/2330/1516
f 2619/2331/1517 2633/2332/1517 2637/2333/1517
f 2621/2334/1518 2619/2331/1518 2637/2333/1518
f 2620/2335/1126 2619/2331/1126 2621/2334/1126
f 2618/2336/1126 2619/2331/1126 2620/2335/1126
f 2617/2337/1126 2618/2336/1126 2620/2335/1126
f 2618/2336/1126 2617/2337/1126 2615/2338/1126
f 2616/2339/1126 2615/2338/1126 2617/2337/1126
f 2616/2339/1126 2614/2340/1126 2615/2338/1126
f 2613/1643/1126 2615/2338/1126 2614/2340/1126
f 2614/2340/1126 2584/1644/1126 2613/1643/1126
f 2565/2341/1519 2566/2342/1519 2567/2343/1519
f 2565/2341/1519 2567/2343/1519 2564/2344/1519
f 2565/2341/1520 2564/2344/1520 2561/2345/1520
f 2562/2346/1520 2561/2345/1520 2564/2344/1520
f 2562/2346/1521 2560/2347/1521 2561/2345/1521
f 2563/2348/1521 2561/2345/1521 2560/2347/1521
f 2576/2349/1522 2574/2350/1522 2575/2351/1522
f 2576/2349/1522 2575/2351/1522 2577/2352/1522
f 2578/2353/1523 2576/2349/1523 2577/2352/1523
f 2576/2349/1524 2578/2353/1524 2579/2354/1524
f 2579/2354/1525 2578/2353/1525 2580/2355/1525
f 2581/2356/1526 2580/2355/1526 2578/2353/1526
f 2580/2355/1527 2581/2356/1527 2582/2357/1527
f 2583/2358/1527 2582/2357/1527 2581/2356/1527
f 2582/2357/1528 2583/2358/1528 2566/2342/1528
f 2567/2343/1528 2566/2342/1528 2583/2358/1528
f 2436/2359/1495 2434/2360/1495 2435/2361/1495
f 2437/2362/1495 2435/2361/1495 2434/2360/1495
f 2434/2360/1529 2438/2363/1529 2437/2362/1529
f 2439/2364/1529 2437/2362/1529 2438/2363/1529
f 2438/2363/1530 2594/2365/1530 2439/2364/1530
f 2438/2363/1530 2593/2366/1530 2594/2365/1530
f 2593/2366/1531 2558/2367/1531 2594/2365/1531
f 2559/2368/1531 2594/2365/1531 2558/2367/1531
f 2559/2368/1532 2558/2367/1532 1356/2369/1532
f 1354/2370/1532 1356/2369/1532 2558/2367/1532
f 1356/2369/318 1354/2370/318 1353/2371/318
f 1355/2372/318 1353/2371/318 1354/2370/318
f 2557/2373/1533 2555/2374/1533 2554/2375/1533
f 2556/2376/1534 2554/2375/1534 2555/2374/1534
f 2556/2376/1535 2568/2377/1535 2554/2375/1535
f 2554/2375/1535 2568/2377/1535 2569/2378/1535
f 2568/2377/1536 2570/2379/1536 2569/2378/1536
f 2569/2378/1536 2570/2379/1536 2571/2380/1536
f 2570/2379/1537 2572/2381/1537 2571/2380/1537
f 2573/2382/1537 2571/2380/1537 2572/2381/1537
f 2574/2350/1538 2573/2382/1538 2572/2381/1538
f 2574/2350/1538 2572/2381/1538 2575/2351/1538
f 2477/2383/1539 2476/2384/1539 2478/2385/1539
f 2479/2386/1540 2478/2385/1540 2476/2384/1540
f 2478/2385/1541 2479/2386/1541 2480/2387/1541
f 2483/2388/1542 2480/2387/1542 2479/2386/1542
f 2483/2388/1543 2481/2389/1543 2480/2387/1543
f 2482/2390/1543 2480/2387/1543 2481/2389/1543
f 2485/2391/1544 2482/2390/1544 2481/2389/1544
f 2481/2389/1544 2484/2392/1544 2485/2391/1544
f 2485/2391/1545 2484/2392/1545 2486/2393/1545
f 2487/2394/1545 2486/2393/1545 2484/2392/1545
f 2487/2394/1495 2489/2395/1495 2486/2393/1495
f 2487/2394/1495 2488/2396/1495 2489/2395/1495
f 2459/2397/1546 2457/2398/1546 2456/2399/1546
f 2458/2400/1546 2456/2399/1546 2457/2398/1546
f 2458/2400/1547 2460/2401/1547 2456/2399/1547
f 2456/2399/1547 2460/2401/1547 2461/2402/1547
f 2460/2401/1548 2462/2403/1548 2461/2402/1548
f 2463/2404/1548 2461/2402/1548 2462/2403/1548
f 2462/2403/1549 2464/2405/1549 2463/2404/1549
f 2465/2406/1550 2463/2404/1550 2464/2405/1550
f 2465/2406/1551 2464/2405/1551 2468/2407/1551
f 2469/2408/1552 2468/2407/1552 2464/2405/1552
f 2469/2408/1553 2466/2409/1553 2468/2407/1553
f 2468/2407/1553 2466/2409/1553 2467/2410/1553
f 2466/2409/1554 2470/2411/1554 2467/2410/1554
f 2467/2410/1554 2470/2411/1554 2471/2412/1554
f 2470/2411/1555 2472/2413/1555 2471/2412/1555
f 2471/2412/1555 2472/2413/1555 2473/2414/1555
f 2472/2413/1556 2474/2415/1556 2473/2414/1556
f 2475/2416/1556 2473/2414/1556 2474/2415/1556
f 2474/2415/1557 2477/2383/1557 2475/2416/1557
f 2474/2415/1557 2476/2384/1557 2477/2383/1557
f 2524/2417/1558 2526/2418/1558 2525/2419/1558
f 2525/2419/1558 2526/2418/1558 2527/2420/1558
f 2527/2420/1559 2526/2418/1559 2528/2421/1559
f 2529/2422/1560 2528/2421/1560 2526/2418/1560
f 2529/2422/1561 2530/2423/1561 2528/2421/1561
f 2531/2424/1561 2528/2421/1561 2530/2423/1561
f 2530/2423/1562 2532/2425/1562 2531/2424/1562
f 2533/2426/1562 2531/2424/1562 2532/2425/1562
f 2532/2425/1563 2534/2427/1563 2533/2426/1563
f 2535/2428/1563 2533/2426/1563 2534/2427/1563
f 2534/2427/1564 2515/2429/1564 2535/2428/1564
f 2517/2430/1564 2535/2428/1564 2515/2429/1564
f 1734/134/101 1895/2431/101 1732/133/101
f 1896/2432/101 1895/2431/101 1734/134/101
f 1896/2432/101 1924/2433/101 1895/2431/101
f 1925/2434/101 1895/2431/101 1924/2433/101
f 1924/2433/101 1926/2435/101 1925/2434/101
f 1927/2436/101 1925/2434/101 1926/2435/101
f 1927/2436/101 1926/2435/101 1928/2437/101
f 1929/2438/101 1928/2437/101 1926/2435/101
f 1928/2437/101 1929/2438/101 1931/399/101
f 1929/2438/101 1930/400/101 1931/399/101
f 2548/2439/1565 2549/2440/1565 2550/2441/1565
f 2551/2442/1565 2550/2441/1565 2549/2440/1565
f 2550/2441/1566 2551/2442/1566 2552/2443/1566
f 2553/2444/1567 2552/2443/1567 2551/2442/1567
f 2553/2444/1568 2537/2445/1568 2552/2443/1568
f 2552/2443/1568 2537/2445/1568 2539/2446/1568
f 2539/2446/1569 2537/2445/1569 2536/2447/1569
f 2538/2448/1570 2536/2447/1570 2537/2445/1570
f 2541/2449/1571 2536/2450/1571 2538/2451/1571
f 2538/2451/1572 2540/2452/1572 2541/2449/1572
f 2543/2453/1573 2541/2449/1573 2540/2452/1573
f 2540/2452/1574 2542/2454/1574 2543/2453/1574
f 2544/2455/1575 2543/2453/1575 2542/2454/1575
f 2545/2456/1576 2543/2453/1576 2544/2455/1576
f 2546/2457/1577 2545/2456/1577 2544/2455/1577
f 2545/2456/1578 2546/2457/1578 2547/2458/1578
f 2547/2458/1579 2546/2457/1579 2548/2439/1579
f 2549/2440/1580 2548/2439/1580 2546/2457/1580
f 1878/2459/1581 1875/2460/1581 1877/2461/1581
f 1876/2462/1581 1877/2461/1581 1875/2460/1581
f 1876/2462/1582 1875/2460/1582 1874/2463/1582
f 1873/2464/1582 1874/2463/1582 1875/2460/1582
f 1872/2465/1583 1874/2463/1583 1873/2464/1583
f 1873/2464/1583 1871/2466/1583 1872/2465/1583
f 1885/2467/1584 1887/2468/1584 1886/2469/1584
f 1888/2470/1584 1886/2469/1584 1887/2468/1584
f 1888/2470/1585 1887/2468/1585 1889/2471/1585
f 1890/2472/1586 1889/2471/1586 1887/2468/1586
f 1889/2471/1587 1890/2472/1587 1891/2473/1587
f 1892/2474/1588 1891/2473/1588 1890/2472/1588
f 1892/2474/1589 1894/2475/1589 1891/2473/1589
f 1892/2474/1589 1893/2476/1589 1894/2475/1589
f 1893/2476/1590 1878/2459/1590 1894/2475/1590
f 1877/2461/1591 1894/2475/1591 1878/2459/1591
f 1868/2477/1592 1866/2478/1592 1865/2479/1592
f 1867/2480/1593 1865/2479/1593 1866/2478/1593
f 1879/2481/1594 1867/2480/1594 1866/2478/1594
f 1867/2480/1594 1879/2481/1594 1880/2482/1594
f 1880/2482/1595 1879/2481/1595 1881/2483/1595
f 1882/2484/1595 1881/2483/1595 1879/2481/1595
f 1881/2483/1596 1882/2484/1596 1883/2485/1596
f 1884/2486/1596 1883/2485/1596 1882/2484/1596
f 1886/2469/1597 1883/2485/1597 1884/2486/1597
f 1884/2486/1597 1885/2467/1597 1886/2469/1597
f 1860/2487/1598 1861/2488/1598 1859/2489/1598
f 1862/2490/1598 1859/2489/1598 1861/2488/1598
f 1861/2488/1599 1863/2491/1599 1862/2490/1599
f 1864/2492/1599 1862/2490/1599 1863/2491/1599
f 1863/2491/1600 1850/2493/1600 1864/2492/1600
f 1847/2494/1600 1864/2492/1600 1850/2493/1600
f 1850/2493/1601 1848/2495/1601 1847/2494/1601
f 1849/2496/1602 1847/2494/1602 1848/2495/1602
f 1848/2497/1603 1851/2498/1603 1849/2499/1603
f 1852/2500/1604 1849/2499/1604 1851/2498/1604
f 1851/2498/1605 1853/2501/1605 1852/2500/1605
f 1854/2502/1606 1852/2500/1606 1853/2501/1606
f 1855/2503/1607 1854/2502/1607 1853/2501/1607
f 1854/2502/1608 1855/2503/1608 1856/2504/1608
f 1856/2504/1609 1855/2503/1609 1857/2505/1609
f 1858/2506/1610 1857/2505/1610 1855/2503/1610
f 1857/2505/1611 1858/2506/1611 1859/2489/1611
f 1860/2487/1612 1859/2489/1612 1858/2506/1612
f 2517/2507/1495 2515/2508/1495 2514/2509/1495
f 2516/2510/1495 2514/2509/1495 2515/2508/1495
f 2518/2511/1613 2514/2509/1613 2516/2510/1613
f 2516/2510/1613 2519/2512/1613 2518/2511/1613
f 2519/2512/1614 2520/2513/1614 2518/2511/1614
f 2518/2511/1614 2520/2513/1614 2521/2514/1614
f 2520/2513/1615 2522/2515/1615 2521/2514/1615
f 2521/2514/1615 2522/2515/1615 2523/2516/1615
f 2522/2515/1616 2524/2417/1616 2523/2516/1616
f 2523/2516/1617 2524/2417/1617 2525/2419/1617
f 1839/2517/1618 1838/2518/1618 1837/2519/1618
f 1840/2520/1618 1838/2518/1618 1839/2517/1618
f 1841/2521/1619 1840/2520/1619 1839/2517/1619
f 1842/2522/1619 1840/2520/1619 1841/2521/1619
f 1843/2523/1620 1842/2522/1620 1841/2521/1620
f 1844/2524/1620 1842/2522/1620 1843/2523/1620
f 1844/2524/1621 1843/2523/1621 1845/2525/1621
f 1846/2526/1621 1845/2525/1621 1843/2523/1621
f 1845/2525/1622 1846/2526/1622 1826/2527/1622
f 1827/2528/1622 1826/2527/1622 1846/2526/1622
f 1827/2528/1330 1825/2529/1330 1826/2527/1330
f 1828/2530/1330 1825/2529/1330 1827/2528/1330
f 2513/2531/1097 2512/2532/1097 2327/2533/1097
f 2328/2534/1097 2327/2533/1097 2512/2532/1097
f 2329/2535/1623 2327/2533/1623 2328/2534/1623
f 2330/2536/1623 2327/2533/1623 2329/2535/1623
f 2365/2537/1624 2330/2536/1624 2329/2535/1624
f 2364/2538/1624 2330/2536/1624 2365/2537/1624
f 2365/2537/1625 2208/2539/1625 2364/2538/1625
f 2207/2540/1625 2364/2538/1625 2208/2539/1625
f 2208/2539/1626 2203/2541/1626 2207/2540/1626
f 2206/2542/1626 2203/2541/1626 2208/2539/1626
f 2206/2542/1187 2204/2543/1187 2203/2541/1187
f 2205/2544/1187 2203/2541/1187 2204/2543/1187
f 1811/2545/1627 1813/2546/1627 1812/2547/1627
f 1814/2548/1628 1812/2547/1628 1813/2546/1628
f 1815/2549/1629 1814/2548/1629 1813/2546/1629
f 1816/2550/1629 1814/2548/1629 1815/2549/1629
f 1816/2550/1630 1815/2549/1630 1817/2551/1630
f 1818/2552/1631 1817/2551/1631 1815/2549/1631
f 1818/2552/1632 1819/2553/1632 1817/2551/1632
f 1820/2554/1633 1817/2551/1633 1819/2553/1633
f 1803/2555/1601 1801/2556/1601 1802/2557/1601
f 1804/2558/1601 1801/2556/1601 1803/2555/1601
f 1804/2558/1634 1803/2555/1634 1806/2559/1634
f 1803/2555/1634 1805/2560/1634 1806/2559/1634
f 1806/2559/1635 1805/2560/1635 1807/2561/1635
f 1808/2562/1635 1807/2561/1635 1805/2560/1635
f 1809/2563/1636 1807/2561/1636 1808/2562/1636
f 1810/2564/1636 1807/2561/1636 1809/2563/1636
f 1809/2563/1637 1811/2545/1637 1810/2564/1637
f 1812/2547/1638 1810/2564/1638 1811/2545/1638
f 1412/2565/1639 1410/2566/1639 1411/2567/1639
f 1409/2568/1639 1411/2567/1639 1410/2566/1639
f 1410/2566/1640 1406/2569/1640 1409/2568/1640
f 1405/2570/1640 1409/2568/1640 1406/2569/1640
f 1407/2571/1641 1405/2570/1641 1406/2569/1641
f 1408/2572/1641 1407/2571/1641 1406/2569/1641
f 1408/2572/1601 1821/2573/1601 1407/2571/1601
f 1822/2574/1601 1407/2571/1601 1821/2573/1601
f 1422/2575/1642 1420/2576/1642 1419/2577/1642
f 1419/2577/1642 1421/2578/1642 1422/2575/1642
f 1422/2575/1643 1421/2578/1643 1423/2579/1643
f 1424/2580/1644 1423/2579/1644 1421/2578/1644
f 1423/2579/1645 1424/2580/1645 1425/2581/1645
f 1426/2582/1646 1425/2581/1646 1424/2580/1646
f 1425/2581/1647 1426/2582/1647 1427/2583/1647
f 1428/2584/1647 1427/2583/1647 1426/2582/1647
f 1427/2583/1648 1428/2584/1648 1411/2567/1648
f 1428/2584/1648 1412/2565/1648 1411/2567/1648
f 1399/2585/1649 1397/2586/1649 1398/2587/1649
f 1400/2588/1650 1398/2587/1650 1397/2586/1650
f 1400/2588/1651 1397/2586/1651 1413/2589/1651
f 1414/2590/1651 1413/2589/1651 1397/2586/1651
f 1413/2589/1652 1414/2590/1652 1415/2591/1652
f 1416/2592/1652 1415/2591/1652 1414/2590/1652
f 1416/2592/1653 1417/2593/1653 1415/2591/1653
f 1418/2594/1653 1415/2591/1653 1417/2593/1653
f 1417/2593/1654 1419/2577/1654 1418/2594/1654
f 1420/2576/1654 1418/2594/1654 1419/2577/1654
f 1780/2595/1655 1777/2596/1655 1779/2597/1655
f 1779/2597/1656 1777/2596/1656 1778/2598/1656
f 1777/2596/1657 1776/2599/1657 1778/2598/1657
f 1778/2598/1658 1776/2599/1658 1775/2600/1658
f 1776/2599/1659 1774/2601/1659 1775/2600/1659
f 1775/2600/1660 1774/2601/1660 1773/2602/1660
f 1774/2601/1661 1771/2603/1661 1773/2602/1661
f 1773/2602/1662 1771/2603/1662 1772/2604/1662
f 1772/2604/1663 1771/2603/1663 1770/2605/1663
f 1767/2606/1664 1770/2605/1664 1771/2603/1664
f 1770/2605/1665 1767/2606/1665 1769/2607/1665
f 1769/2607/1665 1767/2606/1665 1768/2608/1665
f 1591/2609/1403 1589/2610/1403 1588/2611/1403
f 1590/2612/1403 1588/2611/1403 1589/2610/1403
f 1590/2612/1666 1870/2613/1666 1588/2611/1666
f 1870/2613/1666 1869/2614/1666 1588/2611/1666
f 1870/2613/1667 1905/2615/1667 1869/2614/1667
f 1869/2614/1667 1905/2615/1667 1904/2616/1667
f 1905/2615/1668 1749/2617/1668 1904/2616/1668
f 1750/2618/1668 1904/2616/1668 1749/2617/1668
f 1750/2618/1669 1749/2617/1669 1746/2619/1669
f 1747/2620/1669 1746/2619/1669 1749/2617/1669
f 1747/2620/1330 1745/2621/1330 1746/2619/1330
f 1748/2622/1330 1746/2619/1330 1745/2621/1330
f 608/2623/498 607/2624/498 605/2625/498
f 608/2623/498 605/2625/498 606/2626/498
f 606/2626/498 605/2625/498 604/2627/498
f 606/2626/498 604/2627/498 603/2628/498
f 603/2628/498 604/2627/498 602/2629/498
f 602/2629/498 601/2630/498 603/2628/498
f 602/2629/498 600/2631/498 601/2630/498
f 600/2631/498 599/2632/498 601/2630/498
f 600/2631/498 552/2633/498 599/2632/498
f 553/2634/498 599/2632/498 552/2633/498
f 553/2634/498 552/2633/498 551/2635/498
f 550/2636/498 551/2635/498 552/2633/498
f 551/2635/498 550/2636/498 548/2637/498
f 549/2638/498 548/2637/498 550/2636/498
f 549/2638/498 546/2639/498 548/2637/498
f 547/2640/498 548/2637/498 546/2639/498
f 547/2640/498 546/2639/498 544/2641/498
f 545/2642/498 544/2641/498 546/2639/498
f 545/2642/498 542/2643/498 544/2641/498
f 541/2644/498 544/2641/498 542/2643/498
f 542/2643/498 540/2645/498 541/2644/498
f 543/2646/498 541/2644/498 540/2645/498
f 543/2646/498 540/2645/498 663/2647/498
f 664/2648/498 543/2646/498 663/2647/498
f 664/2648/498 663/2647/498 661/2649/498
f 664/2648/498 661/2649/498 662/2650/498
f 662/2650/498 661/2649/498 659/2651/498
f 662/2650/498 659/2651/498 660/2652/498
f 660/2652/498 659/2651/498 657/2653/498
f 658/2654/498 657/2653/498 659/2651/498
f 657/2653/498 658/2654/498 656/2655/498
f 656/2655/498 653/2656/498 657/2653/498
f 656/2655/498 654/2657/498 653/2656/498
f 655/2658/498 653/2656/498 654/2657/498
f 655/2658/498 654/2657/498 721/2659/498
f 720/2660/498 721/2659/498 654/2657/498
f 721/2659/498 720/2660/498 719/2661/498
f 718/2662/498 719/2661/498 720/2660/498
f 719/2661/498 718/2662/498 717/2663/498
f 716/2664/498 717/2663/498 718/2662/498
f 717/2663/498 716/2664/498 714/2665/498
f 715/2666/498 714/2665/498 716/2664/498
f 715/2666/498 712/2667/498 714/2665/498
f 711/2668/498 714/2665/498 712/2667/498
f 712/2667/498 710/2669/498 711/2668/498
f 713/2670/498 711/2668/498 710/2669/498
f 713/2670/498 710/2669/498 777/2671/498
f 778/2672/498 713/2670/498 777/2671/498
f 778/2672/498 777/2671/498 775/2673/498
f 778/2672/498 775/2673/498 776/2674/498
f 776/2674/498 775/2673/498 773/2675/498
f 776/2674/498 773/2675/498 774/2676/498
f 774/2676/498 773/2675/498 771/2677/498
f 772/2678/498 771/2677/498 773/2675/498
f 771/2677/498 772/2678/498 770/2679/498
f 770/2679/498 767/2680/498 771/2677/498
f 770/2679/498 768/2681/498 767/2680/498
f 769/2682/498 767/2680/498 768/2681/498
f 768/2681/498 829/2683/498 769/2682/498
f 830/2684/498 769/2682/498 829/2683/498
f 830/2684/498 829/2683/498 827/2685/498
f 828/2686/498 827/2685/498 829/2683/498
f 828/2686/498 825/2687/498 827/2685/498
f 826/2688/498 827/2685/498 825/2687/498
f 826/2688/498 825/2687/498 823/2689/498
f 824/2690/498 823/2689/498 825/2687/498
f 824/2690/498 822/2691/498 823/2689/498
f 821/2692/498 823/2689/498 822/2691/498
f 609/2693/498 821/2692/498 822/2691/498
f 610/2694/498 821/2692/498 609/2693/498
f 610/2694/498 609/2693/498 607/2624/498
f 608/2623/498 610/2694/498 607/2624/498
f 1829/2695/1670 1825/2696/1670 1828/2697/1670
f 1830/2698/1670 1829/2695/1670 1828/2697/1670
f 1829/2695/1671 1830/2698/1671 1831/2699/1671
f 1832/2700/1671 1831/2699/1671 1830/2698/1671
f 1831/2699/1672 1832/2700/1672 1833/2701/1672
f 1834/2702/1672 1833/2701/1672 1832/2700/1672
f 1833/2701/1673 1834/2702/1673 1835/2703/1673
f 1836/2704/1674 1835/2703/1674 1834/2702/1674
f 1837/2519/1675 1835/2703/1675 1836/2704/1675
f 1838/2518/1675 1835/2703/1675 1837/2519/1675
f 1716/385/281 1720/2705/281 1719/374/281
f 1721/2706/281 1719/374/281 1720/2705/281
f 1720/2705/281 1722/2707/281 1721/2706/281
f 1722/2707/281 1723/2708/281 1721/2706/281
f 1724/2709/281 1721/2706/281 1723/2708/281
f 1724/2709/281 1723/2708/281 1725/2710/281
f 1726/2711/281 1725/2710/281 1723/2708/281
f 1824/2712/1601 1823/2713/1601 1403/2714/1601
f 1401/2715/1601 1403/2714/1601 1823/2713/1601
f 1403/2714/1676 1401/2715/1676 1402/2716/1676
f 1403/2714/1676 1402/2716/1676 1404/2717/1676
f 1404/2717/1677 1402/2716/1677 1440/2718/1677
f 1439/2719/1677 1440/2718/1677 1402/2716/1677
f 1279/2720/1678 1440/2718/1678 1439/2719/1678
f 1439/2719/1678 1280/2721/1678 1279/2720/1678
f 1275/2722/1679 1279/2720/1679 1280/2721/1679
f 1275/2722/1679 1280/2721/1679 1278/2723/1679
f 1278/2723/304 1276/2724/304 1275/2722/304
f 1277/2725/304 1275/2722/304 1276/2724/304
f 282/1030/604 275/1031/604 278/1043/604
f 282/1030/960 278/1043/960 284/1437/960
f 282/1030/1680 284/1437/1680 285/1029/1680
f 286/1430/1680 285/1029/1680 284/1437/1680
f 285/1029/1681 286/1430/1681 325/1028/1681
f 325/1028/1681 286/1430/1681 295/1425/1681
f 325/1028/1682 295/1425/1682 323/1424/1682
f 323/1424/590 327/1026/590 325/1028/590
f 327/1026/1683 323/1424/1683 326/1129/1683
f 330/1027/589 327/1026/589 326/1129/589
f 2644/2726/107 2643/2727/107 2641/2728/107
f 2642/2729/107 2641/2728/107 2643/2727/107
f 2642/2729/107 2639/2730/107 2641/2728/107
f 2640/2731/107 2641/2728/107 2639/2730/107
f 2640/2731/107 2639/2730/107 2638/2732/107
f 2637/2333/107 2638/2732/107 2639/2730/107
f 2638/2732/107 2637/2333/107 2634/2733/107
f 2633/2332/1684 2634/2733/1684 2637/2333/1684
f 2634/2733/1685 2633/2332/1685 2631/163/1685
f 2632/164/1686 2631/163/1686 2633/2332/1686
f 1790/2734/1687 1789/2735/1687 1787/2736/1687
f 1788/2737/1688 1787/2736/1688 1789/2735/1688
f 1788/2737/1689 1786/2738/1689 1787/2736/1689
f 1785/2739/1689 1787/2736/1689 1786/2738/1689
f 1786/2738/1690 1783/2740/1690 1785/2739/1690
f 1784/2741/1690 1785/2739/1690 1783/2740/1690
f 1784/2741/1691 1783/2740/1691 1782/2742/1691
f 1781/2743/1691 1782/2742/1691 1783/2740/1691
f 1782/2742/1692 1781/2743/1692 1779/2597/1692
f 1780/2595/1692 1779/2597/1692 1781/2743/1692
f 1797/2744/1330 1800/2745/1330 1799/2746/1330
f 1799/2746/1330 1798/2747/1330 1797/2744/1330
f 1796/2748/1693 1797/2744/1693 1798/2747/1693
f 1796/2748/1693 1795/2749/1693 1797/2744/1693
f 1796/2748/1694 1793/2750/1694 1795/2749/1694
f 1794/2751/1694 1795/2749/1694 1793/2750/1694
f 1792/2752/1695 1794/2751/1695 1793/2750/1695
f 1793/2750/1695 1791/2753/1695 1792/2752/1695
f 1792/2752/1696 1791/2753/1696 1790/2734/1696
f 1789/2735/1697 1790/2734/1697 1791/2753/1697
f 2152/2754/281 2151/2755/281 2149/2756/281
f 2151/2755/281 2150/2757/281 2149/2756/281
f 2150/2757/281 2148/2758/281 2149/2756/281
f 2147/2759/281 2149/2756/281 2148/2758/281
f 2145/2760/281 2147/2759/281 2148/2758/281
f 2148/2758/281 2146/2761/281 2145/2760/281
f 2143/2762/281 2145/2760/281 2146/2761/281
f 2144/2763/281 2143/2762/281 2146/2761/281
f 2144/2763/281 2142/2022/281 2143/2762/281
f 2139/2024/281 2143/2762/281 2142/2022/281
