# Blender v2.78 (sub 0) OBJ File: ''
# www.blender.org
mtllib wheel.mtl
o WHEEL_Ninja_SM
v 2.885242 14.504915 -6.664066
v 0.000024 14.789148 -6.664067
v 0.000022 15.884501 -5.133654
v 3.098929 15.579201 -5.133653
v 0.000032 13.471981 -7.264384
v 2.628304 13.213148 -7.264382
v 0.000022 11.123976 -7.169828
v 2.170208 10.910230 -7.169826
v 0.000021 11.192456 -6.065178
v 2.183570 10.977324 -6.065177
v 5.155497 12.446522 -7.264381
v 5.659609 13.663323 -6.664065
v 6.078733 14.675299 -5.133652
v 0.000026 16.267397 -2.833505
v 3.173617 15.954800 -2.833504
v 0.000022 16.313002 0.000001
v 3.182517 15.999500 0.000002
v 4.256976 10.277188 -7.169829
v 6.225328 15.029101 -2.833503
v 8.216440 12.296717 -6.664064
v 8.824933 13.207401 -5.133651
v 7.484720 11.201611 -7.264381
v 6.180232 9.249302 -7.169826
v 4.283185 10.340425 -6.065177
v 6.218229 9.306205 -6.065177
v 9.037721 13.525902 -2.833502
v 10.457498 10.457541 -6.664062
v 11.232043 11.231997 -5.133650
v 9.526176 9.526124 -7.264380
v 7.865884 7.865852 -7.169825
v 7.914276 7.914246 -6.065176
v 13.207422 8.824897 -5.133649
v 12.296748 8.216396 -6.664063
v 11.502837 11.502796 -2.833502
v 6.242712 15.071201 0.000003
v 9.063015 13.563803 0.000004
v 6.225313 15.029100 2.833508
v 3.173609 15.954801 2.833508
v 6.078710 14.675301 5.133660
v 3.098913 15.579200 5.133659
v 8.824910 13.207403 5.133659
v 9.037712 13.525903 2.833510
v 8.216413 12.296718 6.664072
v 5.659589 13.663323 6.664072
v 2.885214 14.504917 6.664070
v 0.000004 14.789149 6.664070
v 0.000001 13.471981 7.264387
v 2.628273 13.213150 7.264388
v 0.000006 15.884501 5.133659
v 0.000010 16.267401 2.833507
v 6.180196 9.249301 7.169831
v 6.218197 9.306204 6.065182
v 7.865855 7.865853 7.169832
v 7.914237 7.914245 6.065185
v 4.256925 10.277190 7.169830
v 4.283147 10.340426 6.065183
v 2.170181 10.910230 7.169833
v 2.183537 10.977326 6.065182
v 0.000002 11.123977 7.169829
v 0.000004 11.192456 6.065181
v 9.526134 9.526128 7.264391
v 7.484681 11.201613 7.264389
v 15.954783 3.173598 2.833510
v 15.579185 3.098898 5.133662
v 16.267389 -0.000003 2.833508
v 15.884376 -0.000003 5.133661
v 14.675287 6.078700 5.133662
v 15.029094 6.225300 2.833510
v 13.663308 5.659580 6.664075
v 14.504907 2.885203 6.664073
v 12.296704 8.216396 6.664073
v 13.207408 8.824898 5.133661
v 11.201604 7.484671 7.264390
v 12.446533 5.155558 7.264391
v 10.457457 10.457542 6.664074
v 9.249281 6.180187 7.169834
v 9.306111 6.218187 6.065184
v 10.277202 4.257014 7.169837
v 10.340432 4.283140 6.065186
v 10.977335 2.183527 6.065184
v 10.910235 2.170167 7.169833
v 13.213159 2.628265 7.264391
v 11.192476 -0.000003 6.065185
v 11.123988 -0.000003 7.169832
v 13.471971 -0.000003 7.264389
v 14.789126 -0.000003 6.664072
v 15.579183 -3.098905 5.133660
v 15.954781 -3.173604 2.833509
v 14.675297 -6.078706 5.133660
v 15.029089 -6.225306 2.833508
v 14.504907 -2.885210 6.664072
v 13.663306 -5.659585 6.664072
v 12.296742 -8.216404 6.664070
v 13.207394 -8.824903 5.133657
v 10.457441 -10.457554 6.664068
v 11.232018 -11.232005 5.133657
v 9.526124 -9.526145 7.264387
v 11.201627 -7.484679 7.264386
v 9.249315 -6.180193 7.169829
v 7.865870 -7.865860 7.169827
v 13.213161 -2.628272 7.264390
v 12.446533 -5.155559 7.264390
v 10.277200 -4.257021 7.169832
v 10.910241 -2.170174 7.169833
v 7.914255 -7.914253 6.065182
v 6.218181 -9.306213 6.065178
v 6.180188 -9.249310 7.169826
v 9.306121 -6.218194 6.065180
v 10.340440 -4.283146 6.065182
v 10.977338 -2.183534 6.065183
v 4.283139 -10.340430 6.065179
v 4.256908 -10.277198 7.169828
v 9.037716 -13.525909 2.833505
v 9.063026 -13.563809 -0.000001
v 11.502820 -11.502806 2.833506
v 11.535028 -11.535006 0.000000
v 8.824914 -13.207411 5.133656
v 8.216410 -12.296727 6.664068
v 7.484666 -11.201622 7.264386
v 6.225315 -15.029111 2.833502
v 6.242722 -15.071212 -0.000003
v 6.078713 -14.675311 5.133655
v 5.659593 -13.663330 6.664066
v 5.155440 -12.446530 7.264385
v 2.170171 -10.910238 7.169827
v 2.628262 -13.213158 7.264385
v 2.183522 -10.977331 6.065176
v -0.000007 -11.123985 7.169828
v -0.000005 -11.192462 6.065178
v -0.000002 -13.471992 7.264384
v -0.000009 -14.789159 6.664066
v 2.885217 -14.504926 6.664065
v 3.098916 -15.579211 5.133653
v 3.173611 -15.954810 2.833501
v 3.182526 -15.999512 -0.000004
v 6.225331 -15.029111 -2.833509
v 3.173627 -15.954810 -2.833510
v 9.037732 -13.525909 -2.833507
v 8.824929 -13.207413 -5.133656
v 6.078729 -14.675311 -5.133657
v 0.000008 -15.884510 5.133654
v 0.000012 -16.267403 2.833501
v 0.000016 -16.313002 -0.000005
v 0.000020 -16.267405 -2.833511
v 3.098931 -15.579211 -5.133657
v 0.000032 -15.884509 -5.133659
v 8.216436 -12.296729 -6.664069
v 5.659613 -13.663334 -6.664070
v 2.885238 -14.504928 -6.664070
v 0.000035 -14.789161 -6.664071
v 0.000029 -13.471993 -7.264388
v 2.628301 -13.213161 -7.264387
v 5.155479 -12.446531 -7.264385
v 7.484711 -11.201621 -7.264385
v 10.457477 -10.457556 -6.664067
v 9.526170 -9.526146 -7.264385
v 11.232034 -11.232005 -5.133655
v 11.502828 -11.502805 -2.833507
v 2.170206 -10.910239 -7.169833
v 4.256952 -10.277199 -7.169830
v 6.180223 -9.249310 -7.169831
v 2.183562 -10.977333 -6.065183
v 4.283171 -10.340434 -6.065181
v 0.000028 -11.123985 -7.169833
v 0.000026 -11.192463 -6.065182
v 6.218213 -9.306212 -6.065182
v 7.865913 -7.865862 -7.169830
v 7.914291 -7.914251 -6.065179
v 9.249349 -6.180194 -7.169829
v 11.201670 -7.484679 -7.264383
v 12.446574 -5.155563 -7.264382
v 10.277243 -4.257022 -7.169827
v 13.663347 -5.659585 -6.664066
v 12.296764 -8.216407 -6.664064
v 14.504947 -2.885210 -6.664063
v 13.213198 -2.628273 -7.264382
v 15.579220 -3.098905 -5.133652
v 14.675335 -6.078707 -5.133653
v 16.312986 -0.000003 0.000004
v 15.954812 -3.173604 -2.833503
v 16.267397 -0.000003 -2.833503
v 15.999494 -3.182504 0.000003
v 15.884412 -0.000003 -5.133651
v 15.029107 -6.225306 -2.833504
v 13.207423 -8.824905 -5.133653
v 15.071200 -6.242706 0.000002
v 13.525810 -9.037704 -2.833505
v 13.563692 -9.063004 0.000001
v 13.525802 -9.037704 2.833508
v 15.999496 3.182498 0.000004
v 5.155450 12.446523 7.264389
v 11.232019 11.231997 5.133661
v 13.525801 9.037697 2.833510
v 15.071198 6.242700 0.000005
v 13.563706 9.062996 0.000005
v 11.502813 11.502795 2.833510
v 11.535037 11.534995 0.000004
v 13.525809 9.037696 -2.833502
v 15.029089 6.225300 -2.833502
v 15.954792 3.173599 -2.833502
v 14.675285 6.078699 -5.133650
v -11.201571 -7.484682 -7.264390
v -9.249265 -6.180195 -7.169836
v -9.526111 -9.526139 -7.264391
v -7.865831 -7.865861 -7.169835
v -6.180181 -9.249309 -7.169834
v -7.484667 -11.201624 -7.264390
v -5.155420 -12.446532 -7.264390
v -4.256894 -10.277197 -7.169831
v -5.659551 -13.663334 -6.664074
v -8.216375 -12.296732 -6.664074
v -10.457426 -10.457553 -6.664077
v -11.231989 -11.232008 -5.133664
v -8.824872 -13.207412 -5.133662
v -6.078680 -14.675310 -5.133661
v -3.098868 -15.579210 -5.133660
v -2.885175 -14.504928 -6.664073
v -2.628234 -13.213161 -7.264389
v -13.563690 -9.063005 -0.000008
v -11.502784 -11.502807 -2.833514
v -11.534999 -11.535007 -0.000008
v -13.525792 -9.037705 -2.833515
v -13.207384 -8.824905 -5.133663
v -9.037675 -13.525910 -2.833515
v -6.225290 -15.029113 -2.833513
v -3.173578 -15.954811 -2.833512
v -3.182478 -15.999514 -0.000006
v -2.885212 -14.504928 6.664065
v -5.659594 -13.663334 6.664064
v -3.098898 -15.579211 5.133651
v -6.078718 -14.675311 5.133650
v -3.173594 -15.954812 2.833499
v -6.225314 -15.029112 2.833498
v -6.242697 -15.071212 -0.000007
v -9.063001 -13.563811 -0.000008
v -2.628289 -13.213159 7.264382
v -5.155467 -12.446531 7.264382
v -7.484689 -11.201621 7.264380
v -8.216411 -12.296728 6.664063
v -6.180202 -9.249312 7.169824
v -4.256938 -10.277197 7.169827
v -9.526134 -9.526140 7.264380
v -7.865860 -7.865861 7.169823
v -2.170178 -10.910239 7.169825
v -4.283155 -10.340431 6.065175
v -6.218198 -9.306213 6.065174
v -2.183540 -10.977332 6.065175
v -7.914245 -7.914251 6.065173
v -9.249283 -6.180193 7.169822
v -9.306088 -6.218194 6.065174
v -10.277181 -4.257021 7.169820
v -10.340417 -4.283146 6.065172
v -10.910231 -2.170175 7.169825
v -10.977319 -2.183534 6.065175
v -11.192471 -0.000004 6.065173
v -11.123999 -0.000004 7.169823
v -12.446521 -5.155561 7.264380
v -13.213144 -2.628273 7.264380
v -11.201604 -7.484678 7.264380
v -13.663335 -5.659583 6.664062
v -14.504936 -2.885209 6.664062
v -12.296702 -8.216407 6.664063
v -10.457447 -10.457555 6.664062
v -8.824895 -13.207412 5.133649
v -14.789157 -0.000004 6.664062
v -13.471990 -0.000004 7.264382
v -14.675300 -6.078707 5.133649
v -13.207406 -8.824904 5.133649
v -15.579206 -3.098905 5.133649
v -15.884411 -0.000004 5.133650
v -15.579204 3.098897 5.133651
v -14.504926 2.885202 6.664062
v -13.213149 2.628265 7.264383
v -10.910227 2.170167 7.169826
v -12.446529 5.155556 7.264383
v -10.277202 4.257015 7.169825
v -13.663340 5.659577 6.664067
v -9.249301 6.180186 7.169827
v -10.340425 4.283140 6.065176
v -9.306108 6.218186 6.065177
v -10.977323 2.183527 6.065177
v -11.201617 7.484673 7.264384
v -7.865875 7.865854 7.169828
v -9.526126 9.526135 7.264385
v -12.296719 8.216395 6.664066
v -10.457432 10.457544 6.664068
v -7.484680 11.201610 7.264384
v -8.216399 12.296718 6.664067
v -5.659583 13.663323 6.664068
v -5.155455 12.446520 7.264386
v -6.078721 14.675301 5.133656
v -8.824891 13.207402 5.133653
v -3.098893 15.579201 5.133657
v -2.885207 14.504917 6.664069
v -11.231996 11.231997 5.133654
v -6.180186 9.249301 7.169829
v -4.256921 10.277190 7.169829
v -2.628262 13.213149 7.264387
v -2.170161 10.910230 7.169830
v -4.283147 10.340426 6.065178
v -6.218190 9.306202 6.065177
v -7.914260 7.914245 6.065176
v -2.183524 10.977325 6.065181
v -3.182480 15.999500 0.000000
v -6.225294 15.029100 2.833504
v -3.173589 15.954800 2.833505
v -6.242692 15.071199 -0.000001
v -3.098870 15.579201 -5.133656
v -3.173580 15.954800 -2.833507
v -6.225285 15.029100 -2.833507
v -9.037670 13.525901 -2.833509
v -9.062981 13.563801 -0.000002
v -11.502767 11.502794 -2.833510
v -11.534983 11.534994 -0.000004
v -11.231965 11.231994 -5.133659
v -8.824861 13.207401 -5.133657
v -10.457413 10.457545 -6.664070
v -13.207377 8.824895 -5.133659
v -12.296700 8.216396 -6.664072
v -13.525778 9.037696 -2.833511
v -13.563676 9.062995 -0.000005
v -11.502782 11.502792 2.833502
v -13.525786 9.037694 2.833501
v -9.037686 13.525901 2.833502
v -13.207392 8.824897 5.133653
v -15.071199 6.242700 -0.000006
v -15.029106 6.225299 2.833500
v -15.029096 6.225299 -2.833512
v -14.675303 6.078699 5.133650
v -15.999507 3.182498 -0.000007
v -15.954803 3.173598 2.833498
v -15.954787 3.173597 -2.833513
v -14.675296 6.078699 -5.133660
v -15.579189 3.098897 -5.133661
v -16.267395 -0.000004 -2.833514
v -15.884374 -0.000004 -5.133662
v -13.663299 5.659576 -6.664071
v -14.504900 2.885201 -6.664074
v -14.789119 -0.000004 -6.664074
v -14.504887 -2.885210 -6.664073
v -15.579169 -3.098906 -5.133662
v -13.471943 -0.000004 -7.264390
v -13.213117 2.628264 -7.264389
v -10.977300 2.183526 -6.065183
v -11.192430 -0.000004 -6.065187
v -10.910194 2.170166 -7.169835
v -11.123941 -0.000004 -7.169836
v -12.446495 5.155554 -7.264390
v -11.201596 7.484673 -7.264389
v -9.526098 9.526137 -7.264386
v -10.910196 -2.170175 -7.169833
v -13.213108 -2.628274 -7.264391
v -10.277159 4.257014 -7.169834
v -9.249284 6.180185 -7.169834
v -7.865855 7.865855 -7.169833
v -7.484657 11.201610 -7.264387
v -8.216379 12.296717 -6.664069
v -6.180165 9.249303 -7.169830
v -5.155425 12.446519 -7.264387
v -4.256893 10.277191 -7.169829
v -2.628239 13.213145 -7.264385
v -2.170142 10.910230 -7.169827
v -2.183499 10.977324 -6.065179
v -4.283123 10.340425 -6.065180
v -6.218181 9.306202 -6.065181
v -7.914253 7.914245 -6.065183
v -9.306089 6.218185 -6.065183
v -10.340400 4.283138 -6.065184
v -6.218189 -9.306213 -6.065185
v -7.914221 -7.914251 -6.065186
v -9.306070 -6.218194 -6.065187
v -10.277154 -4.257021 -7.169838
v -10.340386 -4.283147 -6.065187
v -10.977286 -2.183535 -6.065186
v -12.446486 -5.155562 -7.264391
v -12.296676 -8.216407 -6.664074
v -13.663295 -5.659585 -6.664075
v -15.954782 -3.173606 -2.833515
v -14.675278 -6.078707 -5.133663
v -15.029078 -6.225307 -2.833515
v -15.071182 -6.242706 -0.000008
v -15.999495 -3.182505 -0.000008
v -15.954791 -3.173605 2.833497
v -15.029087 -6.225306 2.833498
v -13.525801 -9.037705 2.833497
v -11.502791 -11.502808 2.833497
v -11.231997 -11.232005 5.133650
v -9.037690 -13.525912 2.833497
v -6.078683 14.675301 -5.133656
v -2.885179 14.504917 -6.664067
v -5.659555 13.663322 -6.664067
v -6.604928 -9.885024 4.590956
v -8.406465 -8.406473 4.590958
v -9.884988 -6.604925 4.590956
v -9.992660 -6.676867 -0.000007
v -8.498107 -8.498108 -0.000007
v -8.406444 -8.406471 -4.590968
v -9.884976 -6.604926 -4.590968
v -6.676867 -9.992690 -0.000007
v -6.604924 -9.885022 -4.590968
v -4.599130 -11.103302 -0.000006
v -4.549537 -10.983668 -4.590967
v -2.344625 -11.787207 -0.000005
v -2.319274 -11.660145 -4.590965
v -4.283131 -10.340434 -6.065184
v -2.183500 -10.977334 -6.065185
v -11.103273 -4.599124 -0.000007
v -10.983624 -4.549546 -4.590967
v -10.983644 -4.549544 4.590958
v -11.660135 -2.319407 4.590955
v -11.888544 -0.000004 4.590958
v -12.018058 -0.000004 -0.000007
v -11.787180 -2.344641 -0.000007
v -11.660108 -2.319407 -4.590967
v -11.888499 -0.000004 -4.590967
v 6.604949 -9.885022 -4.590961
v 8.406511 -8.406471 -4.590962
v 8.498132 -8.498107 -0.000000
v 8.406489 -8.406472 4.590964
v 9.992716 -6.676869 0.000001
v 9.885025 -6.604926 4.590965
v 6.676880 -9.992690 -0.000001
v 6.604917 -9.885022 4.590963
v 9.306161 -6.218193 -6.065178
v 9.885061 -6.604924 -4.590960
v 10.340471 -4.283147 -6.065177
v 10.983703 -4.549545 -4.590959
v 11.660151 -2.319406 4.590965
v 10.983668 -4.549544 4.590966
v 4.599143 -11.103300 -0.000003
v 4.549541 -10.983667 4.590961
v 4.549567 -10.983666 -4.590963
v 0.000010 -12.018085 -0.000004
v 0.000024 -11.888546 -4.590965
v 2.319329 -11.660144 -4.590964
v 2.344661 -11.787209 -0.000004
v 2.319294 -11.660143 4.590959
v -6.604911 9.885013 4.590961
v -4.599103 11.103292 -0.000002
v -4.549536 10.983656 4.590961
v -6.676857 9.992683 -0.000003
v -8.406480 8.406460 4.590961
v -8.498094 8.498099 -0.000004
v -9.885022 6.604918 4.590959
v -9.992677 6.676861 -0.000005
v -8.406458 8.406464 -4.590965
v -9.884993 6.604918 -4.590965
v -6.604901 9.885014 -4.590963
v -4.549526 10.983659 -4.590962
v -2.344616 11.787201 -0.000001
v -2.319279 11.660135 -4.590959
v 0.000026 11.888537 -4.590960
v 2.319324 11.660135 -4.590959
v 0.000013 12.018076 0.000000
v 2.344655 11.787198 0.000001
v 4.549579 10.983659 -4.590958
v 4.599138 11.103295 0.000002
v 6.604959 9.885015 -4.590958
v 6.676874 9.992683 0.000003
v 8.406497 8.406464 -4.590958
v 8.498138 8.498099 0.000003
v 4.549552 10.983659 4.590967
v 6.604933 9.885015 4.590968
v 2.319312 11.660136 4.590965
v 0.000006 11.888537 4.590964
v -2.319292 11.660134 4.590963
v 9.992707 6.676860 0.000003
v 9.885042 6.604918 -4.590957
v 8.406451 8.406463 4.590966
v 9.885021 6.604918 4.590968
v 11.103313 4.599114 0.000004
v 10.983670 4.549537 4.590966
v 11.660149 2.319399 4.590967
v 11.888548 -0.000003 4.590965
v 11.787229 2.344633 0.000003
v 12.018097 -0.000003 0.000003
v 11.787231 -2.344640 0.000002
v 11.103334 -4.599124 0.000001
v 11.660179 -2.319407 -4.590960
v 11.888570 -0.000003 -4.590958
v 11.660176 2.319398 -4.590957
v 10.983682 4.549537 -4.590958
v 10.977378 -2.183534 -6.065177
v 11.192494 -0.000003 -6.065175
v 10.977359 2.183526 -6.065174
v 10.340450 4.283139 -6.065174
v 9.306127 6.218187 -6.065175
v -2.170136 -10.910239 -7.169832
v -10.983644 4.549536 -4.590966
v -11.103301 4.599115 -0.000005
v -11.787201 2.344632 -0.000007
v -11.660120 2.319398 -4.590965
v -11.660133 2.319398 4.590958
v -10.983656 4.549537 4.590959
v 10.910275 -2.170175 -7.169825
v 11.124016 -0.000004 -7.169825
v 9.249331 6.180186 -7.169825
v 10.277212 4.257014 -7.169822
v 10.910271 2.170166 -7.169826
v 13.472007 -0.000003 -7.264382
v 12.446557 5.155553 -7.264380
v 11.201639 7.484673 -7.264381
v 13.213191 2.628265 -7.264379
v 13.663326 5.659578 -6.664062
v 14.504942 2.885203 -6.664063
v 14.789160 -0.000003 -6.664062
v 15.579200 3.098898 -5.133651
v -16.312992 -0.000004 -0.000008
v -16.267405 -0.000004 2.833497
v -0.000004 -11.888548 4.590959
v -2.319317 -11.660147 4.590958
v -4.549555 -10.983669 4.590956
v 1.874347 -10.629919 6.011458
v 3.496548 -9.606675 0.000001
v 3.691737 -10.142950 6.011458
v 1.775247 -10.067898 0.000001
v 0.000005 -10.793903 6.011458
v 0.000005 -10.223212 0.000002
v -1.874335 -10.629920 6.011458
v -1.775237 -10.067900 0.000002
v -3.691727 -10.142954 6.011458
v -3.496539 -9.606680 0.000002
v -5.396947 -9.347795 6.011457
v -5.111602 -8.853563 0.000002
v 3.897319 -10.707780 6.785735
v 5.396956 -9.347791 6.011456
v 5.697496 -9.868342 6.785734
v 1.978724 -11.221869 6.785735
v 0.000006 -11.394982 6.785735
v -1.978712 -11.221868 6.785735
v -3.897308 -10.707784 6.785735
v -5.697488 -9.868347 6.785735
v 3.897319 -10.707780 7.377675
v 5.697496 -9.868341 7.377675
v 1.978724 -11.221868 7.377676
v 0.000006 -11.394983 7.377676
v -1.978712 -11.221869 7.377675
v -3.897308 -10.707784 7.377676
v -5.697487 -9.868346 7.377675
v 5.697496 -9.868341 7.377675
v 3.578942 -9.833047 7.377674
v 3.897319 -10.707780 7.377675
v 5.232060 -9.062183 7.377673
v 1.817079 -10.305139 7.377674
v 1.978724 -11.221868 7.377676
v 0.000006 -11.394983 7.377676
v 0.000006 -10.464111 7.377674
v -1.817068 -10.305139 7.377674
v -1.978712 -11.221869 7.377675
v -3.897308 -10.707784 7.377676
v -3.578931 -9.833049 7.377675
v -5.232051 -9.062188 7.377674
v -5.697487 -9.868346 7.377675
v 4.755285 -8.236384 5.989245
v 3.252808 -8.937004 5.989245
v 1.651497 -9.366075 5.989245
v 0.000006 -9.510560 5.989245
v -1.651486 -9.366075 5.989245
v -3.252799 -8.937005 5.989246
v -4.755277 -8.236389 5.989245
v -8.268608 -6.938191 6.011457
v -7.831433 -6.571357 0.000002
v -6.938185 -8.268612 6.011459
v -6.571352 -7.831436 0.000002
v -9.347793 -5.396955 6.011458
v -8.853559 -5.111610 0.000002
v -10.142949 -3.691737 6.011457
v -9.606675 -3.496548 0.000001
v -10.629920 -1.874347 6.011459
v -10.067898 -1.775247 0.000001
v -10.793902 -0.000005 6.011457
v -10.223213 -0.000003 0.000001
v -7.324552 -8.729067 6.785735
v -8.729062 -7.324558 6.785735
v -9.868343 -5.697495 6.785735
v -10.707781 -3.897317 6.785736
v -11.221868 -1.978723 6.785735
v -11.394982 -0.000005 6.785734
v -7.324552 -8.729067 7.377675
v -8.729062 -7.324558 7.377675
v -9.868343 -5.697495 7.377675
v -10.707781 -3.897318 7.377676
v -11.221868 -1.978723 7.377676
v -11.394983 -0.000005 7.377675
v -6.726200 -8.015978 7.377675
v -7.324552 -8.729067 7.377675
v -8.015973 -6.726204 7.377674
v -8.729062 -7.324558 7.377675
v -9.062182 -5.232059 7.377675
v -9.868343 -5.697495 7.377675
v -10.707781 -3.897318 7.377676
v -9.833046 -3.578940 7.377674
v -11.221868 -1.978723 7.377676
v -10.305137 -1.817078 7.377676
v -11.394983 -0.000005 7.377675
v -10.464111 -0.000005 7.377674
v -6.113269 -7.285515 5.989245
v -7.285511 -6.113274 5.989245
v -8.236384 -4.755283 5.989246
v -8.937003 -3.252806 5.989246
v -9.366073 -1.651495 5.989246
v -9.510562 -0.000004 5.989245
v 10.142954 -3.691727 6.011456
v 9.606680 -3.496539 -0.000000
v 10.629920 -1.874336 6.011457
v 10.067900 -1.775238 -0.000001
v 9.347796 -5.396946 6.011456
v 8.853563 -5.111601 0.000000
v 8.268614 -6.938182 6.011456
v 7.831439 -6.571349 0.000000
v 6.938193 -8.268606 6.011457
v 6.571359 -7.831431 0.000001
v 5.111610 -8.853559 0.000001
v 11.394983 0.000006 6.785733
v 10.793902 0.000005 6.011456
v 11.221870 -1.978712 6.785734
v 10.707785 -3.897309 6.785734
v 9.868348 -5.697486 6.785733
v 8.729068 -7.324549 6.785734
v 7.324560 -8.729061 6.785734
v 11.394983 0.000006 7.377674
v 11.221869 -1.978712 7.377674
v 10.707785 -3.897310 7.377674
v 9.868348 -5.697486 7.377674
v 8.729067 -7.324549 7.377674
v 7.324559 -8.729060 7.377675
v 10.464112 0.000005 7.377672
v 11.221869 -1.978712 7.377674
v 11.394983 0.000006 7.377674
v 10.305140 -1.817069 7.377674
v 9.833052 -3.578932 7.377673
v 10.707785 -3.897310 7.377674
v 9.868348 -5.697486 7.377674
v 9.062188 -5.232050 7.377673
v 8.729067 -7.324549 7.377674
v 8.015978 -6.726197 7.377673
v 7.324559 -8.729060 7.377675
v 6.726205 -8.015970 7.377674
v 9.366076 -1.651487 5.989244
v 9.510562 0.000005 5.989244
v 8.937008 -3.252800 5.989244
v 8.236389 -4.755276 5.989245
v 7.285517 -6.113266 5.989244
v 6.113276 -7.285509 5.989244
v 7.285517 -6.113266 5.989244
v 6.113274 -7.285511 -5.989243
v 6.113276 -7.285509 5.989244
v 7.285517 -6.113268 -5.989244
v 6.571350 7.831437 -0.000002
v 6.938183 8.268613 6.011456
v 7.831432 6.571359 -0.000002
v 8.268607 6.938191 6.011457
v 9.347793 5.396957 6.011456
v 8.853559 5.111611 -0.000002
v 10.142950 3.691738 6.011456
v 9.606675 3.496551 -0.000001
v 10.629920 1.874348 6.011456
v 10.067898 1.775248 -0.000001
v 10.793902 0.000005 6.011456
v 10.223212 0.000005 -0.000001
v 5.697487 9.868347 6.785734
v 5.396947 9.347797 6.011456
v 7.324551 8.729068 6.785734
v 8.729062 7.324559 6.785734
v 9.868343 5.697497 6.785734
v 10.707781 3.897320 6.785733
v 11.221869 1.978724 6.785733
v 11.394983 0.000006 6.785733
v 5.697487 9.868347 7.377674
v 7.324551 8.729068 7.377674
v 8.729062 7.324560 7.377675
v 9.868343 5.697497 7.377674
v 10.707780 3.897319 7.377673
v 11.221867 1.978724 7.377674
v 11.394983 0.000006 7.377674
v 5.697487 9.868347 7.377674
v 6.726198 8.015978 7.377673
v 7.324551 8.729068 7.377674
v 5.232051 9.062190 7.377673
v 8.015972 6.726206 7.377673
v 8.729062 7.324560 7.377675
v 9.868343 5.697497 7.377674
v 9.062183 5.232060 7.377672
v 9.833046 3.578942 7.377673
v 10.707780 3.897319 7.377673
v 11.221867 1.978724 7.377674
v 10.305138 1.817079 7.377673
v 6.113268 7.285516 5.989244
v 4.755276 8.236389 5.989244
v 7.285510 6.113276 5.989244
v 8.236384 4.755284 5.989244
v 8.937003 3.252809 5.989244
v 9.366073 1.651496 5.989244
v -3.496549 9.606675 -0.000001
v -1.874346 10.629919 6.011457
v -1.775247 10.067898 -0.000001
v -3.691737 10.142949 6.011458
v -0.000005 10.793903 6.011456
v -0.000006 10.223212 -0.000002
v 1.775236 10.067900 -0.000002
v 1.874336 10.629920 6.011456
v 3.496538 9.606680 -0.000002
v 3.691727 10.142953 6.011458
v 5.111601 8.853564 -0.000002
v -5.697496 9.868341 6.785735
v -3.897319 10.707780 6.785735
v -5.396955 9.347790 6.011457
v -1.978723 11.221869 6.785734
v -0.000006 11.394983 6.785734
v 1.978712 11.221869 6.785735
v 3.897309 10.707784 6.785734
v -5.697495 9.868342 7.377675
v -3.897319 10.707780 7.377675
v -1.978723 11.221869 7.377675
v -0.000005 11.394982 7.377675
v 1.978713 11.221869 7.377675
v 3.897308 10.707784 7.377675
v -3.578941 9.833048 7.377675
v -5.697495 9.868342 7.377675
v -5.232059 9.062183 7.377674
v -3.897319 10.707780 7.377675
v -1.817079 10.305138 7.377674
v -1.978723 11.221869 7.377675
v -0.000005 11.394982 7.377675
v -0.000006 10.464110 7.377674
v 1.978713 11.221869 7.377675
v 1.817069 10.305138 7.377674
v 3.897308 10.707784 7.377675
v 3.578931 9.833050 7.377674
v -4.755284 8.236383 5.989245
v -3.252808 8.937003 5.989245
v -1.651496 9.366075 5.989245
v -0.000005 9.510559 5.989245
v 1.651487 9.366075 5.989245
v 3.252798 8.937004 5.989244
v -4.755284 8.236383 5.989245
v -3.252809 8.937001 -5.989247
v -3.252808 8.937003 5.989245
v -4.755285 8.236382 -5.989247
v -9.606680 3.496539 0.000000
v -10.629920 1.874336 6.011458
v -10.142954 3.691727 6.011458
v -10.067900 1.775238 0.000001
v -8.853564 5.111601 -0.000000
v -9.347796 5.396947 6.011458
v -7.831439 6.571349 -0.000000
v -8.268614 6.938182 6.011458
v -6.571359 7.831431 -0.000001
v -6.938193 8.268606 6.011457
v -5.111610 8.853559 -0.000001
v -11.394982 -0.000005 6.785734
v -11.221869 1.978712 6.785735
v -10.793902 -0.000005 6.011457
v -10.707784 3.897309 6.785735
v -9.868347 5.697486 6.785735
v -8.729067 7.324548 6.785735
v -7.324559 8.729059 6.785734
v -11.394983 -0.000005 7.377675
v -11.221869 1.978712 7.377675
v -10.707784 3.897309 7.377675
v -9.868347 5.697486 7.377676
v -8.729067 7.324549 7.377676
v -7.324559 8.729060 7.377675
v -10.305140 1.817069 7.377675
v -11.221869 1.978712 7.377675
v -9.833051 3.578932 7.377674
v -10.707784 3.897309 7.377675
v -9.868347 5.697486 7.377676
v -9.062188 5.232049 7.377674
v -8.015978 6.726197 7.377675
v -8.729067 7.324549 7.377676
v -7.324559 8.729060 7.377675
v -6.726205 8.015969 7.377675
v -9.366076 1.651487 5.989246
v -8.937007 3.252799 5.989246
v -8.236389 4.755275 5.989246
v -7.285517 6.113266 5.989246
v -6.113275 7.285509 5.989245
v -8.236389 4.755275 5.989246
v -8.236390 4.755273 -5.989246
v -7.285517 6.113266 5.989246
v -7.285517 6.113265 -5.989246
v -10.223213 -0.000003 0.000001
v 10.223212 0.000005 -0.000001
v 1.874346 -10.629921 -6.011454
v 3.691736 -10.142952 -6.011455
v 0.000004 -10.793904 -6.011453
v -1.874337 -10.629922 -6.011453
v -3.691728 -10.142956 -6.011455
v -5.396948 -9.347797 -6.011453
v 5.396955 -9.347793 -6.011454
v 3.897318 -10.707781 -6.785732
v 5.697495 -9.868343 -6.785731
v 1.978722 -11.221870 -6.785731
v 0.000005 -11.394984 -6.785731
v -1.978713 -11.221870 -6.785731
v -3.897310 -10.707785 -6.785731
v -5.697489 -9.868348 -6.785730
v 5.697495 -9.868343 -7.377671
v 3.897318 -10.707781 -7.377672
v 1.978722 -11.221870 -7.377671
v 0.000004 -11.394984 -7.377671
v -1.978713 -11.221870 -7.377671
v -3.897309 -10.707786 -7.377671
v -5.697488 -9.868348 -7.377671
v 5.697495 -9.868343 -7.377671
v 3.578940 -9.833049 -7.377672
v 5.232059 -9.062185 -7.377671
v 3.897318 -10.707781 -7.377672
v 1.817078 -10.305140 -7.377670
v 1.978722 -11.221870 -7.377671
v 0.000004 -11.394984 -7.377671
v 0.000005 -10.464112 -7.377671
v -1.817070 -10.305140 -7.377670
v -1.978713 -11.221870 -7.377671
v -3.578933 -9.833052 -7.377670
v -3.897309 -10.707786 -7.377671
v -5.232053 -9.062191 -7.377670
v -5.697488 -9.868348 -7.377671
v 4.755284 -8.236386 -5.989243
v 3.252807 -8.937005 -5.989243
v 1.651496 -9.366076 -5.989243
v 0.000004 -9.510562 -5.989243
v -1.651487 -9.366076 -5.989243
v -3.252800 -8.937007 -5.989242
v -4.755278 -8.236391 -5.989242
v 4.755284 -8.236386 -5.989243
v 3.252808 -8.937004 5.989245
v 4.755285 -8.236384 5.989245
v 3.252807 -8.937005 -5.989243
v 1.651497 -9.366075 5.989245
v 1.651496 -9.366076 -5.989243
v 0.000006 -9.510560 5.989245
v 0.000004 -9.510562 -5.989243
v -1.651486 -9.366075 5.989245
v -1.651487 -9.366076 -5.989243
v -3.252800 -8.937007 -5.989242
v -3.252799 -8.937005 5.989246
v -4.755278 -8.236391 -5.989242
v -4.755277 -8.236389 5.989245
v -6.938185 -8.268613 -6.011454
v -8.268609 -6.938193 -6.011454
v -9.347793 -5.396957 -6.011454
v -10.142949 -3.691739 -6.011455
v -10.629921 -1.874349 -6.011456
v -10.793903 -0.000007 -6.011455
v -7.324553 -8.729068 -6.785731
v -8.729063 -7.324560 -6.785732
v -9.868344 -5.697496 -6.785732
v -10.707782 -3.897320 -6.785732
v -11.221869 -1.978725 -6.785732
v -11.394983 -0.000007 -6.785733
v -7.324553 -8.729068 -7.377671
v -8.729063 -7.324560 -7.377672
v -9.868344 -5.697497 -7.377672
v -10.707781 -3.897320 -7.377671
v -11.221869 -1.978725 -7.377673
v -11.394983 -0.000007 -7.377674
v -6.726200 -8.015979 -7.377671
v -7.324553 -8.729068 -7.377671
v -8.729063 -7.324560 -7.377672
v -8.015974 -6.726207 -7.377670
v -9.868344 -5.697497 -7.377672
v -9.062183 -5.232061 -7.377670
v -9.833047 -3.578943 -7.377671
v -10.707781 -3.897320 -7.377671
v -11.221869 -1.978725 -7.377673
v -10.305138 -1.817080 -7.377671
v -11.394983 -0.000007 -7.377674
v -10.464112 -0.000007 -7.377672
v -6.113270 -7.285517 -5.989242
v -7.285511 -6.113276 -5.989242
v -8.236384 -4.755285 -5.989243
v -8.937004 -3.252808 -5.989243
v -9.366074 -1.651497 -5.989243
v -9.510562 -0.000006 -5.989244
v -6.113269 -7.285515 5.989245
v -6.113270 -7.285517 -5.989242
v -7.285511 -6.113276 -5.989242
v -7.285511 -6.113274 5.989245
v -8.236384 -4.755285 -5.989243
v -8.236384 -4.755283 5.989246
v -8.937004 -3.252808 -5.989243
v -8.937003 -3.252806 5.989246
v -9.366074 -1.651497 -5.989243
v -9.366073 -1.651495 5.989246
v -9.510562 -0.000004 5.989245
v -9.510562 -0.000006 -5.989244
v 10.629920 -1.874339 -6.011457
v 10.142954 -3.691729 -6.011457
v 9.347796 -5.396948 -6.011456
v 8.268613 -6.938184 -6.011456
v 6.938193 -8.268608 -6.011455
v 11.394982 0.000003 -6.785734
v 11.221869 -1.978715 -6.785734
v 10.793902 0.000003 -6.011457
v 10.707784 -3.897312 -6.785734
v 9.868347 -5.697488 -6.785733
v 8.729067 -7.324551 -6.785732
v 7.324558 -8.729062 -6.785732
v 11.221869 -1.978715 -7.377674
v 11.394982 0.000003 -7.377675
v 10.707784 -3.897312 -7.377674
v 9.868347 -5.697488 -7.377674
v 8.729067 -7.324552 -7.377673
v 7.324559 -8.729062 -7.377671
v 10.464111 0.000003 -7.377674
v 11.221869 -1.978715 -7.377674
v 10.305139 -1.817071 -7.377674
v 11.394982 0.000003 -7.377675
v 10.707784 -3.897312 -7.377674
v 9.833051 -3.578935 -7.377673
v 9.868347 -5.697488 -7.377674
v 9.062187 -5.232052 -7.377672
v 8.015977 -6.726199 -7.377672
v 8.729067 -7.324552 -7.377673
v 6.726205 -8.015971 -7.377672
v 7.324559 -8.729062 -7.377671
v 9.510561 0.000003 -5.989245
v 9.366076 -1.651489 -5.989245
v 8.937007 -3.252801 -5.989244
v 8.236389 -4.755278 -5.989244
v 7.285517 -6.113268 -5.989244
v 6.113274 -7.285511 -5.989243
v 9.510562 0.000005 5.989244
v 9.510561 0.000003 -5.989245
v 9.366076 -1.651489 -5.989245
v 9.366076 -1.651487 5.989244
v 8.937007 -3.252801 -5.989244
v 8.937008 -3.252800 5.989244
v 8.236389 -4.755278 -5.989244
v 8.236389 -4.755276 5.989245
v 6.938183 8.268611 -6.011461
v 8.268607 6.938190 -6.011459
v 9.347792 5.396955 -6.011459
v 10.142950 3.691736 -6.011459
v 10.629920 1.874346 -6.011459
v 10.793902 0.000003 -6.011457
v 5.697486 9.868346 -6.785738
v 7.324550 8.729066 -6.785738
v 5.396946 9.347795 -6.011459
v 8.729061 7.324557 -6.785737
v 9.868342 5.697495 -6.785737
v 10.707779 3.897317 -6.785737
v 11.221867 1.978722 -6.785736
v 11.394982 0.000003 -6.785734
v 5.697486 9.868346 -7.377678
v 7.324550 8.729065 -7.377678
v 8.729061 7.324557 -7.377676
v 9.868342 5.697495 -7.377677
v 10.707780 3.897317 -7.377677
v 11.221867 1.978722 -7.377676
v 11.394982 0.000003 -7.377675
v 5.697486 9.868346 -7.377678
v 6.726198 8.015977 -7.377677
v 5.232050 9.062188 -7.377676
v 7.324550 8.729065 -7.377678
v 8.015971 6.726203 -7.377676
v 8.729061 7.324557 -7.377676
v 9.868342 5.697495 -7.377677
v 9.062182 5.232058 -7.377676
v 9.833046 3.578939 -7.377675
v 10.707780 3.897317 -7.377677
v 11.221867 1.978722 -7.377676
v 10.305137 1.817077 -7.377676
v 6.113267 7.285514 -5.989247
v 4.755275 8.236387 -5.989248
v 7.285509 6.113274 -5.989247
v 8.236383 4.755282 -5.989247
v 8.937003 3.252807 -5.989246
v 9.366073 1.651494 -5.989247
v 4.755276 8.236389 5.989244
v 6.113267 7.285514 -5.989247
v 6.113268 7.285516 5.989244
v 4.755275 8.236387 -5.989248
v 7.285510 6.113276 5.989244
v 7.285509 6.113274 -5.989247
v 8.236384 4.755284 5.989244
v 8.236383 4.755282 -5.989247
v 8.937003 3.252809 5.989244
v 8.937003 3.252807 -5.989246
v 9.366073 1.651496 5.989244
v 9.366073 1.651494 -5.989247
v 9.510561 0.000003 -5.989245
v 9.510562 0.000005 5.989244
v -3.691738 10.142947 -6.011460
v -1.874348 10.629918 -6.011460
v -0.000006 10.793901 -6.011460
v 1.874335 10.629918 -6.011461
v 3.691726 10.142952 -6.011460
v -3.897320 10.707778 -6.785737
v -5.697497 9.868340 -6.785737
v -5.396956 9.347788 -6.011458
v -1.978724 11.221867 -6.785739
v -0.000007 11.394980 -6.785738
v 1.978711 11.221867 -6.785738
v 3.897307 10.707782 -6.785738
v -5.697496 9.868340 -7.377677
v -3.897320 10.707777 -7.377677
v -1.978725 11.221867 -7.377678
v -0.000007 11.394981 -7.377678
v 1.978711 11.221867 -7.377678
v 3.897307 10.707782 -7.377678
v -5.232061 9.062181 -7.377675
v -5.697496 9.868340 -7.377677
v -3.578943 9.833045 -7.377676
v -3.897320 10.707777 -7.377677
v -1.978725 11.221867 -7.377678
v -1.817080 10.305136 -7.377677
v -0.000007 11.394981 -7.377678
v -0.000007 10.464108 -7.377676
v 1.817067 10.305136 -7.377677
v 1.978711 11.221867 -7.377678
v 3.578930 9.833048 -7.377677
v 3.897307 10.707782 -7.377678
v -4.755285 8.236382 -5.989247
v -3.252809 8.937001 -5.989247
v -1.651498 9.366074 -5.989248
v -0.000006 9.510557 -5.989248
v 1.651486 9.366074 -5.989248
v 3.252797 8.937002 -5.989248
v -1.651498 9.366074 -5.989248
v -1.651496 9.366075 5.989245
v -0.000006 9.510557 -5.989248
v -0.000005 9.510559 5.989245
v 1.651486 9.366074 -5.989248
v 1.651487 9.366075 5.989245
v 3.252798 8.937004 5.989244
v 3.252797 8.937002 -5.989248
v -10.629921 1.874334 -6.011457
v -10.142955 3.691725 -6.011457
v -9.347797 5.396945 -6.011457
v -8.268614 6.938180 -6.011458
v -6.938193 8.268605 -6.011459
v -11.394983 -0.000007 -6.785733
v -10.793903 -0.000007 -6.011455
v -11.221870 1.978710 -6.785734
v -10.707785 3.897306 -6.785735
v -9.868348 5.697484 -6.785735
v -8.729068 7.324546 -6.785736
v -7.324560 8.729058 -6.785737
v -11.394983 -0.000007 -7.377674
v -11.221870 1.978710 -7.377675
v -10.707785 3.897306 -7.377675
v -9.868348 5.697484 -7.377676
v -8.729068 7.324546 -7.377676
v -7.324560 8.729057 -7.377677
v -10.305140 1.817066 -7.377673
v -11.221870 1.978710 -7.377675
v -9.833052 3.578930 -7.377674
v -10.707785 3.897306 -7.377675
v -9.868348 5.697484 -7.377676
v -9.062188 5.232048 -7.377674
v -8.015978 6.726195 -7.377675
v -8.729068 7.324546 -7.377676
v -7.324560 8.729057 -7.377677
v -6.726205 8.015968 -7.377676
v -9.366076 1.651485 -5.989245
v -8.937008 3.252797 -5.989245
v -8.236390 4.755273 -5.989246
v -7.285517 6.113265 -5.989246
v -6.113276 7.285506 -5.989246
v -9.366076 1.651487 5.989246
v -9.510562 -0.000006 -5.989244
v -9.366076 1.651485 -5.989245
v -9.510562 -0.000004 5.989245
v -8.937007 3.252799 5.989246
v -8.937008 3.252797 -5.989245
v -6.113275 7.285509 5.989245
v -6.113276 7.285506 -5.989246
v 1.872985 3.505159 6.155531
v 2.155830 5.412849 6.525959
v 1.448799 4.196508 5.320802
v 2.861843 5.016908 7.360735
v 0.921440 3.069269 4.012264
v 0.811005 3.621362 4.710431
v 1.518785 3.248534 4.627951
v 1.398525 2.855551 4.009662
v 1.861960 2.562736 4.006314
v 2.086272 2.871530 4.614260
v 2.283644 2.212497 4.009690
v 2.620214 2.448518 4.628064
v 3.196098 1.891536 4.710392
v 2.634312 1.824800 4.012310
v 1.455115 2.977037 5.786417
v 0.811005 3.621362 4.710431
v 1.032306 2.490326 5.550513
v 1.131036 3.836482 4.935953
v 2.908121 7.799267 7.924146
v 3.147031 6.966726 7.995504
v 3.478627 7.115983 8.090622
v 3.217887 7.975048 7.971406
v 3.364933 6.188337 7.998400
v 3.698296 6.477907 8.157878
v 3.941798 6.695998 8.167454
v 3.710278 7.313337 8.070067
v 3.427092 8.185704 7.926064
v 2.296097 7.010774 7.124307
v 2.356316 6.414962 7.074975
v 2.121123 7.705467 7.100141
v 3.659895 8.285951 7.050262
v 3.427092 8.185704 7.926064
v 3.919612 7.478725 7.183128
v 3.710278 7.313337 8.070067
v 3.941798 6.695998 8.167454
v 4.135215 6.906108 7.272098
v 2.121123 7.705467 7.100141
v 3.919612 7.478725 7.183128
v 2.296097 7.010774 7.124307
v 3.659895 8.285951 7.050262
v 4.135215 6.906108 7.272098
v 2.356316 6.414962 7.074975
v 3.154502 5.599219 7.735445
v 2.321270 5.928211 6.875521
v -3.154504 5.599207 7.735480
v -2.358158 6.412677 7.072903
v -3.364949 6.188343 7.998444
v -2.321222 5.928191 6.875474
v -2.861735 5.016888 7.360704
v -2.155744 5.412827 6.525945
v -1.872439 3.529754 6.159734
v -1.448357 4.196191 5.320783
v -3.941712 6.695989 8.167424
v -4.135158 6.906112 7.272088
v -4.327549 6.517027 7.323639
v -4.145580 6.279342 8.228185
v -4.553760 6.267753 7.340244
v -4.375535 6.022448 8.248491
v -5.150166 5.818011 8.167459
v -4.860702 6.129545 7.323708
v -5.290223 6.066897 7.272099
v -4.690918 5.883134 8.228217
v -1.290758 2.517199 5.623375
v -1.458011 3.073840 5.800152
v -1.696551 2.846984 5.844704
v -1.075477 2.794130 5.589242
v -2.128342 3.339845 6.215951
v -1.875567 2.688191 5.847000
v -2.306707 3.201457 6.220503
v -1.478471 2.318509 5.624304
v -3.176600 4.843315 7.432719
v -3.396831 4.675415 7.436535
v -2.491975 3.060673 6.212264
v -3.886983 4.272047 7.360732
v -2.754792 2.864430 6.155531
v -3.624580 4.517834 7.432714
v -2.076171 2.509623 5.831994
v -2.381649 2.303819 5.786416
v -1.703639 2.079497 5.605545
v -2.049417 1.751302 5.550514
v -0.423063 3.515299 4.571633
v -0.629256 2.598614 5.457921
v -0.811287 3.624150 4.710392
v -0.129945 2.486002 5.405586
v -0.000155 3.475631 4.523979
v -1.184962 2.390395 2.502372
v -0.921420 3.069239 4.012311
v -0.789444 2.569469 2.503345
v -1.398499 2.855538 4.009690
v -1.563350 2.151806 2.501807
v -1.861905 2.562725 4.006313
v -0.458212 3.187732 4.004138
v -0.394600 2.677301 2.503353
v 0.000113 3.224636 3.997024
v 0.000035 2.713385 2.503133
v -2.283600 2.212455 4.009661
v -3.193479 1.890361 4.710424
v -2.620204 2.448291 4.627923
v -2.634284 1.824765 4.012263
v -2.086271 2.871479 4.614259
v -1.861905 2.562725 4.006313
v -1.518946 3.248549 4.628089
v -1.398499 2.855538 4.009690
v -0.811287 3.624150 4.710392
v -0.921420 3.069239 4.012311
v -1.131000 3.836508 4.935968
v -3.478531 7.115948 8.090622
v -3.941712 6.695989 8.167424
v -3.698123 6.477865 8.158188
v -3.710203 7.313337 8.070071
v -3.146985 6.966737 7.995519
v -3.217799 7.975035 7.971406
v -2.908050 7.799273 7.924146
v -3.427015 8.185704 7.926066
v -3.710203 7.313337 8.070071
v -3.919535 7.478729 7.183128
v -3.659830 8.285951 7.050269
v -3.427015 8.185704 7.926066
v -2.296258 7.010835 7.124299
v -4.135158 6.906112 7.272088
v -3.919535 7.478729 7.183128
v -2.358158 6.412677 7.072903
v -2.121048 7.705444 7.100078
v -3.659830 8.285951 7.050269
v -2.121048 7.705444 7.100078
v -2.296258 7.010835 7.124299
v 0.394674 2.677298 2.503358
v 0.458341 3.187743 4.004112
v 0.789518 2.569468 2.503348
v 0.921440 3.069269 4.012264
v 0.422808 3.515291 4.571228
v 0.458341 3.187743 4.004112
v -0.000155 3.475631 4.523979
v 0.000113 3.224636 3.997024
v -0.458212 3.187732 4.004138
v -0.423063 3.515299 4.571633
v 0.422808 3.515291 4.571228
v 0.408530 2.454212 5.429673
v 0.291700 0.715397 5.400164
v -0.590219 0.498459 5.400164
v 0.000035 0.000000 5.398357
v -0.256112 0.996110 5.401778
v 0.013333 1.502207 5.408492
v 0.538355 1.309058 5.413937
v -0.514065 1.732469 5.425444
v -0.774979 1.340121 5.421011
v -1.078600 0.916496 5.413937
v 0.255996 1.958152 5.423759
v 0.781949 1.860179 5.453746
v -0.297144 2.073876 5.425671
v -0.818225 2.259439 5.486702
v -1.017899 2.001947 5.489188
v -1.263837 1.694597 5.478412
v -1.527476 1.318471 5.453747
v -3.299174 2.261170 4.935944
v -2.783279 2.692289 4.903378
v -3.543376 2.674626 5.320788
v -3.036876 3.073788 5.301706
v -2.251044 3.098442 4.896204
v -2.513295 3.459537 5.301416
v -4.481691 3.722928 6.525933
v -3.925380 4.130501 6.517995
v -3.319611 4.569146 6.519585
v -2.715190 5.009735 6.517976
v -1.448357 4.196191 5.320783
v -1.984370 3.838385 5.301636
v -2.155744 5.412827 6.525945
v -1.700314 3.479322 4.903280
v -1.131000 3.836508 4.935968
v -5.017995 5.519036 8.157878
v -4.690918 5.883134 8.228217
v -5.150166 5.818011 8.167459
v -4.535323 5.598034 8.186266
v -4.845614 5.112484 7.998390
v -4.335258 5.313958 8.044314
v -4.188685 5.765281 8.193015
v -3.993631 5.496829 8.045482
v -4.375535 6.022448 8.248491
v -3.714113 5.765217 8.044420
v -3.922465 6.043252 8.186450
v -4.145580 6.279342 8.228185
v -5.290223 6.066897 7.272099
v -4.543330 4.841253 7.112439
v -5.370063 4.224404 7.072902
v -4.860702 6.129545 7.323708
v -3.861779 5.315339 7.128424
v -4.553760 6.267753 7.340244
v -3.200288 5.817035 7.112433
v -4.327549 6.517027 7.323639
v 5.814122 -0.377623 6.525937
v 3.912418 -0.698128 6.155535
v 5.655742 -1.171427 7.360732
v 4.438863 -0.081080 5.320796
v 3.281015 -0.463914 5.786417
v 2.600629 -0.680944 5.605583
v 3.154839 -0.809963 5.831997
v 2.687468 -0.212197 5.550515
v 2.558957 -1.006668 5.624307
v 3.097509 -1.072339 5.847002
v 3.815137 -1.011369 6.212265
v 3.748002 -1.234164 6.220505
v 3.046016 -1.306029 5.844705
v 2.523881 -1.277746 5.623375
v 2.986380 -1.629767 5.800152
v 2.512488 -1.628329 5.589240
v 3.589638 -1.755018 6.159736
v 3.685039 -1.450961 6.215957
v 5.264107 -2.376639 7.360705
v 5.416822 -2.051142 7.432721
v 5.496294 -1.785862 7.436535
v 5.587926 -1.524507 7.432714
v 3.998264 0.109877 4.935951
v 3.694761 0.347776 4.710431
v 7.842685 -1.109382 8.090622
v 8.316217 -0.355642 7.924140
v 7.598244 -0.840108 7.995492
v 8.579122 -0.595932 7.971406
v 7.303722 -1.515473 8.157878
v 6.925295 -1.287884 7.998389
v 7.586378 -1.679663 8.167454
v 8.101957 -1.268705 8.070066
v 8.844119 -0.729797 7.926065
v 6.831831 -0.254144 7.078649
v 7.377367 -0.017461 7.124296
v 7.983791 0.363844 7.100054
v 8.101957 -1.268705 8.070066
v 8.323936 -1.416680 7.183128
v 8.844119 -0.729797 7.926065
v 9.011404 -0.920238 7.050264
v 7.586378 -1.679663 8.167454
v 7.845972 -1.798686 7.272098
v 8.323936 -1.416680 7.183128
v 7.983791 0.363844 7.100054
v 9.011404 -0.920238 7.050264
v 7.377367 -0.017461 7.124296
v 7.845972 -1.798686 7.272098
v 6.831831 -0.254144 7.078649
v 6.355335 -0.375743 6.875444
v 6.299982 -1.269803 7.735434
v 6.521321 -1.246129 7.112439
v 7.535311 -2.101835 7.323707
v 6.248590 -2.030276 7.128426
v 7.368224 -2.394064 7.340244
v 6.008345 -2.824965 7.112440
v 7.331733 -2.728695 7.323639
v 7.404788 -3.156555 7.272087
v 5.677136 -3.801861 7.072905
v 4.920772 4.039562 6.875479
v 4.845662 5.112595 7.998444
v 4.350389 4.730399 7.735482
v 5.370133 4.224405 7.072901
v 3.887042 4.272012 7.360704
v 4.481771 3.722924 6.525947
v 2.778399 2.871582 6.159734
v 3.543267 2.674195 5.320783
v 4.860801 6.129650 7.323639
v 5.150234 5.818001 8.167422
v 5.290296 6.066909 7.272087
v 4.690981 5.883137 8.228185
v 4.553823 6.267758 7.340245
v 4.375596 6.022457 8.248491
v 4.327530 6.516971 7.323708
v 4.145652 6.279352 8.228214
v 2.472869 2.336557 5.800152
v 1.995152 2.005475 5.623375
v 2.325060 1.886302 5.589240
v 2.183408 2.493316 5.844703
v 2.518709 3.056277 6.215952
v 1.977066 2.614501 5.847000
v 2.331980 3.183147 6.220501
v 1.748185 2.122603 5.624303
v 3.624667 4.517828 7.432720
v 3.396930 4.675395 7.436534
v 2.140837 3.315846 6.212264
v 3.176682 4.843304 7.432714
v 1.745247 2.750106 5.831994
v 1.451292 2.262893 5.605545
v 2.277007 1.401508 5.457921
v 3.212534 1.488676 4.571634
v 3.196098 1.891536 4.710392
v 2.324196 0.891839 5.405586
v 3.305502 1.074211 4.523979
v 1.907250 1.865671 2.502373
v 2.634312 1.824800 4.012310
v 2.199786 1.544852 2.503345
v 2.283644 2.212497 4.009690
v 1.563416 2.151807 2.501805
v 1.861960 2.562736 4.006314
v 2.890147 1.420880 4.004138
v 2.424348 1.202654 2.503352
v 3.066873 0.996399 3.997024
v 2.580612 0.838482 2.503131
v 3.299258 2.261224 4.935969
v 3.037342 3.073409 5.301636
v 3.925524 4.130427 6.517980
v 3.543267 2.674195 5.320783
v 4.481771 3.722924 6.525947
v 2.513591 3.459377 5.301420
v 3.319724 4.569119 6.519588
v 1.984937 3.838132 5.301718
v 2.715372 5.009695 6.518005
v 1.448799 4.196508 5.320802
v 2.155830 5.412849 6.525959
v 2.321270 5.928211 6.875521
v 3.200468 5.817046 7.112473
v 2.934831 5.457072 6.875727
v 3.861875 5.315341 7.128431
v 3.605348 4.962273 6.883707
v 4.283117 4.477401 6.875727
v 4.543411 4.841260 7.112435
v 4.920772 4.039562 6.875479
v 5.370133 4.224405 7.072901
v 5.018053 5.518930 8.158187
v 5.692765 5.507265 8.090621
v 5.150234 5.818001 8.167422
v 5.808901 5.788595 8.070069
v 5.653308 5.145835 7.995519
v 6.518936 5.175858 7.924143
v 6.590375 5.524764 7.971405
v 6.726079 5.788841 7.926065
v 5.901516 6.038788 7.183129
v 5.808901 5.788595 8.070069
v 6.726079 5.788841 7.926065
v 6.749481 6.041239 7.050265
v 5.290296 6.066909 7.272087
v 5.958131 4.350391 7.124297
v 5.901516 6.038788 7.183129
v 6.672883 4.398380 7.100057
v 6.749481 6.041239 7.050265
v 5.958131 4.350391 7.124297
v 6.672883 4.398380 7.100057
v 2.668242 0.452009 2.503357
v 3.203818 0.072149 4.012263
v 2.687708 0.043168 2.503349
v 3.173386 0.549196 4.004111
v 3.694761 0.347776 4.710431
v 3.173386 0.549196 4.004111
v 3.473926 0.684200 4.571229
v 3.203818 0.072149 4.012263
v 3.066873 0.996399 3.997024
v 3.305502 1.074211 4.523979
v 3.212534 1.488676 4.571634
v 2.890147 1.420880 4.004138
v 3.473926 0.684200 4.571229
v 2.460362 0.369894 5.429672
v 0.770546 -0.056319 5.400164
v 0.868238 0.551425 5.401779
v 1.432828 0.451559 5.408492
v 1.411375 -0.107453 5.413937
v 1.035077 1.151202 5.421010
v 1.488842 1.024303 5.425443
v 1.941444 0.361667 5.423759
v 2.010796 -0.168816 5.453746
v 1.880576 0.923500 5.425670
v 1.896038 1.476415 5.486702
v 1.589442 1.586748 5.489188
v 1.221135 1.725676 5.478412
v 1.131036 3.836482 4.935953
v 1.700476 3.479058 4.903387
v 2.251208 3.098380 4.896208
v 3.299258 2.261224 4.935969
v 2.783629 2.692300 4.903281
v 4.145652 6.279352 8.228214
v 3.922583 6.043276 8.186267
v 3.714237 5.765212 8.044314
v 4.188754 5.765285 8.193016
v 3.993718 5.496817 8.045480
v 4.375596 6.022457 8.248491
v 4.535390 5.597991 8.186451
v 4.335348 5.313917 8.044419
v 4.690981 5.883137 8.228185
v 4.327530 6.516971 7.323708
v 4.553823 6.267758 7.340245
v 4.860801 6.129650 7.323639
v 1.185032 2.390393 2.502377
v 1.398525 2.855551 4.009662
v 3.496229 5.385273 7.813639
v 3.752454 5.164732 7.814673
v 4.041385 4.989208 7.813691
v 0.545068 -3.936624 6.155533
v 1.437543 -5.646212 6.525936
v 1.294607 -4.246609 5.320802
v 0.633656 -5.740891 7.360731
v 0.337077 -7.516831 8.228215
v 0.329601 -7.815977 7.323708
v 0.746893 -7.734085 8.167454
v 0.713914 -8.017759 7.272098
v 0.000039 -7.444160 8.248491
v 0.000043 -7.747373 7.340245
v -0.336994 -7.516824 8.228184
v -0.329491 -7.816075 7.323639
v -0.746826 -7.734070 8.167422
v -0.713836 -8.017768 7.272088
v 0.156053 -2.683734 5.605584
v 0.572710 -3.263750 5.786416
v 0.628691 -2.621471 5.550514
v 0.204604 -3.250689 5.831998
v -0.166606 -2.744757 5.624308
v -0.062647 -3.277243 5.847002
v 0.217100 -3.940904 6.212265
v -0.015537 -3.945900 6.220505
v -0.300811 -3.300485 5.844706
v -0.435260 -2.795166 5.623376
v -0.627132 -3.343808 5.800154
v -0.772208 -2.892666 5.589240
v -0.559837 -3.956244 6.159734
v -0.241182 -3.953018 6.215957
v -0.633596 -5.740855 7.360704
v -0.276839 -5.785503 7.432720
v 0.000020 -5.779118 7.436535
v 0.276898 -5.785501 7.432714
v -1.058551 -3.024683 4.012311
v -0.871555 -2.542790 2.503346
v -0.546970 -3.132219 4.009689
v -0.446325 -2.630394 2.502372
v 0.000047 -3.167709 4.006313
v 0.000035 -2.659780 2.501805
v 1.472530 -3.406419 4.710431
v 0.680781 -3.520820 4.627950
v 1.058672 -3.024681 4.012263
v 0.547087 -3.132199 4.009662
v 0.000078 -3.549376 4.614259
v 0.000047 -3.167709 4.006313
v -1.058551 -3.024683 4.012311
v -0.680535 -3.520997 4.628064
v -1.473813 -3.408882 4.710393
v -0.546970 -3.132219 4.009689
v 1.340060 -3.768566 4.935953
v 1.472530 -3.406419 4.710431
v 1.294607 -4.246609 5.320802
v 0.747920 -5.648950 6.517996
v 0.650213 -4.271810 5.301717
v 1.437543 -5.646212 6.525936
v 0.000008 -5.647757 6.519586
v -0.000100 -4.276126 5.301420
v 0.833368 -6.139822 6.875726
v 1.606583 -6.160361 6.875443
v 1.861495 -6.574080 7.072903
v 0.830082 -6.587182 7.112439
v 0.000036 -6.570118 7.128425
v 0.000035 -6.133701 6.883698
v -0.830015 -6.587186 7.112434
v -1.606533 -6.160410 6.875478
v -0.833297 -6.139842 6.875690
v -1.862331 -6.574293 7.073557
v -1.437481 -5.646203 6.525946
v -0.747942 -5.648932 6.517978
v -1.294649 -4.246131 5.320784
v -0.650692 -4.271723 5.301636
v 1.368462 -7.801617 8.090622
v 2.084360 -8.343353 7.971406
v 2.231643 -8.019058 7.924140
v 1.549028 -7.485935 7.995491
v 0.815703 -7.414520 8.157876
v 0.915212 -6.984290 7.998388
v 0.746893 -7.734085 8.167454
v 1.297057 -8.097439 8.070068
v 2.038930 -8.636744 7.926065
v 1.861495 -6.574080 7.072903
v 2.263145 -7.021662 7.124295
v 2.813189 -7.480570 7.100053
v 1.297057 -8.097439 8.070068
v 1.224922 -8.354282 7.183127
v 2.038930 -8.636744 7.926065
v 1.909504 -8.854692 7.050263
v 1.224922 -8.354282 7.183127
v 2.813189 -7.480570 7.100053
v 1.909504 -8.854692 7.050263
v 2.263145 -7.021662 7.124295
v 0.713914 -8.017759 7.272098
v 1.606583 -6.160361 6.875443
v 0.739176 -6.384000 7.735433
v 1.340060 -3.768566 4.935953
v 0.669293 -3.814107 4.903386
v -0.000019 -3.829847 4.896207
v -0.669447 -3.814271 4.903281
v -1.339980 -3.768608 4.935968
v 0.337077 -7.516831 8.228215
v 0.378780 -7.194726 8.186267
v 0.383900 -6.847303 8.044313
v 0.000039 -7.126280 8.193015
v 0.000028 -6.794446 8.045480
v 0.000039 -7.444160 8.248491
v -0.815682 -7.414426 8.158189
v -0.378724 -7.194684 8.186452
v -0.915056 -6.984364 7.998444
v -0.383860 -6.847280 8.044419
v -0.746826 -7.734070 8.167422
v -0.336994 -7.516824 8.228184
v 0.329601 -7.815977 7.323708
v 0.000043 -7.747373 7.340245
v -0.713836 -8.017768 7.272088
v -0.329491 -7.816075 7.323639
v 0.547087 -3.132199 4.009662
v 0.871625 -2.542789 2.503348
v 1.058672 -3.024681 4.012263
v 0.446395 -2.630391 2.502377
v 0.336941 -6.411787 7.813639
v 0.000020 -6.383972 7.814673
v -0.336901 -6.411799 7.813691
v -0.739012 -6.384045 7.735482
v 5.677136 -3.801861 7.072905
v 6.359787 -3.028584 7.998446
v 5.362483 -3.431618 6.875491
v 5.843248 -2.675657 7.735483
v 4.925680 -3.111936 6.525949
v 3.638272 -2.543446 5.320783
v 7.331733 -2.728695 7.323639
v 7.044816 -2.643364 8.228185
v 7.124777 -3.100265 8.167421
v 7.404788 -3.156555 7.272087
v 7.368224 -2.394064 7.340244
v 7.079854 -2.300366 8.248491
v 7.535311 -2.101835 7.323707
v 7.253121 -2.002286 8.228215
v 2.408570 -2.595245 4.571633
v 2.036570 -1.732434 5.457921
v 2.786634 -2.455115 4.710392
v 1.566426 -1.934815 5.405586
v 2.043116 -2.811731 4.523978
v 2.809920 -1.488140 4.009689
v 2.149035 -1.614698 2.503345
v 2.363755 -1.237347 2.502371
v 2.549562 -1.941450 4.012311
v 3.012714 -0.978864 4.006314
v 2.529636 -0.821917 2.501804
v 2.244464 -2.309582 4.004137
v 1.892982 -1.934020 2.503353
v 1.895373 -2.608827 3.997024
v 1.594922 -2.195174 2.503132
v 3.558928 -0.440576 4.627925
v 3.147982 -0.447628 4.009659
v 3.012714 -0.978864 4.006314
v 3.375703 -1.096777 4.614260
v 2.809920 -1.488140 4.009689
v 3.138367 -1.735296 4.628088
v 2.786634 -2.455115 4.710392
v 2.549562 -1.941450 4.012311
v 3.170105 -2.438994 4.935968
v 3.638272 -2.543446 5.320783
v 5.141347 -2.456987 6.517981
v 4.925680 -3.111936 6.525949
v 3.861596 -1.938914 5.301635
v 5.371368 -1.745277 6.519587
v 4.066830 -1.321532 5.301420
v 4.263681 -0.701729 5.301720
v 5.603615 -1.034348 6.517995
v 4.438863 -0.081080 5.320796
v 5.814122 -0.377623 6.525937
v 6.355335 -0.375743 6.875444
v 6.096888 -1.104769 6.875690
v 5.833529 -1.895416 6.883700
v 5.581847 -2.689852 6.875732
v 5.362483 -3.431618 6.875491
v 6.799504 -3.066979 8.158188
v 6.996900 -3.712271 8.090621
v 7.124777 -3.100265 8.167421
v 7.300356 -3.735788 8.070068
v 6.640981 -3.786433 7.995521
v 6.937024 -4.600414 7.924144
v 7.290927 -4.560543 7.971406
v 7.584012 -4.608003 7.926064
v 7.300356 -3.735788 8.070068
v 7.566923 -3.746552 7.183126
v 7.584012 -4.608003 7.926064
v 7.831290 -4.552261 7.050264
v 5.978623 -4.322145 7.124298
v 7.566923 -3.746552 7.183126
v 6.245163 -4.987079 7.100061
v 7.831290 -4.552261 7.050264
v 5.978623 -4.322145 7.124298
v 6.245163 -4.987079 7.100061
v 1.254443 -2.397941 2.503357
v 1.502965 -2.848323 4.004112
v 1.502965 -2.848323 4.004112
v 1.724238 -3.092429 4.571227
v 1.895373 -2.608827 3.997024
v 2.043116 -2.811731 4.523978
v 2.408570 -2.595245 4.571633
v 2.244464 -2.309582 4.004137
v 1.724238 -3.092429 4.571227
v 1.112107 -2.225606 5.429673
v 0.184578 -0.750205 5.400164
v 0.792766 -0.655310 5.401779
v 0.872253 -1.223128 5.408492
v 0.333968 -1.375468 5.413937
v 1.434275 -1.099414 5.425444
v 1.414740 -0.628639 5.421010
v 0.460844 -1.964514 5.453747
v 0.943931 -1.734629 5.423759
v 1.459460 -1.503122 5.425671
v 1.990082 -1.346964 5.486702
v 2.000279 -1.021283 5.489188
v 2.018590 -0.628070 5.478412
v 3.998264 0.109877 4.935951
v 3.834284 -0.542138 4.903389
v 3.642415 -1.183543 4.896208
v 3.420739 -1.815389 4.903281
v 3.170105 -2.438994 4.935968
v 7.253121 -2.002286 8.228215
v 6.959664 -1.863088 8.186267
v 6.630828 -1.750861 8.044314
v 6.777532 -2.202139 8.193015
v 6.461931 -2.099611 8.045479
v 7.079854 -2.300366 8.248491
v 6.725543 -2.583504 8.186450
v 6.393556 -2.481036 8.044418
v 7.044816 -2.643364 8.228185
v 3.203818 0.072149 4.012263
v 2.639620 -0.388325 2.502375
v 2.687708 0.043168 2.503349
v 3.147982 -0.447628 4.009659
v 6.202118 -1.660934 7.813638
v 6.071546 -1.972770 7.814675
v 5.993904 -2.301801 7.813692
v -4.925617 -3.111930 6.525937
v -3.575490 -1.734841 6.155532
v -5.264077 -2.376638 7.360732
v -3.638684 -2.543485 5.320802
v -7.331559 -2.728704 7.323708
v -7.124727 -3.100267 8.167454
v -7.044743 -2.643373 8.228215
v -7.404706 -3.156560 7.272099
v -7.368155 -2.394074 7.340245
v -7.079780 -2.300379 8.248492
v -7.535322 -2.101905 7.323641
v -7.253037 -2.002290 8.228187
v -7.586291 -1.679653 8.167425
v -7.845915 -1.798697 7.272089
v -2.927011 -1.553198 5.786417
v -2.504141 -0.977694 5.605586
v -3.028338 -1.199073 5.831998
v -2.298859 -1.407960 5.550512
v -2.661879 -0.689685 5.624307
v -3.136180 -0.953108 5.847003
v -3.680914 -1.424245 6.212266
v -3.757553 -1.204537 6.220505
v -3.231879 -0.733783 5.844706
v -2.792840 -0.449761 5.623376
v -3.373921 -0.436825 5.800156
v -2.989693 -0.159439 5.589242
v -3.834044 -0.992140 6.215956
v -3.935585 -0.690080 6.159737
v -5.587863 -1.524495 7.432720
v -5.655646 -1.171404 7.360705
v -5.496237 -1.785829 7.436536
v -5.416750 -2.051129 7.432716
v -2.639548 -0.388326 2.502370
v -3.203730 0.072089 4.012311
v -2.687634 0.043167 2.503343
v -3.147916 -0.447677 4.009694
v -2.529566 -0.821918 2.501804
v -3.012630 -0.978891 4.006310
v -3.138102 -1.735420 4.627950
v -2.549468 -1.941505 4.012263
v -2.784636 -2.453068 4.710431
v -2.809812 -1.488180 4.009662
v -3.012630 -0.978891 4.006310
v -3.375607 -1.096865 4.614261
v -3.203730 0.072089 4.012311
v -3.558937 -0.440813 4.628067
v -3.697471 0.348272 4.710392
v -3.147916 -0.447677 4.009694
v -3.169992 -2.438994 4.935954
v -2.784636 -2.453068 4.710431
v -5.141329 -2.456900 6.517999
v -3.638684 -2.543485 5.320802
v -4.925617 -3.111930 6.525937
v -3.861783 -1.938417 5.301719
v -5.371311 -1.745230 6.519589
v -4.066840 -1.321275 5.301419
v -5.581771 -2.689857 6.875728
v -5.362366 -3.431570 6.875444
v -6.008248 -2.824973 7.112440
v -5.676699 -3.806247 7.075993
v -5.833461 -1.895418 6.883699
v -6.248517 -2.030279 7.128425
v -6.355320 -0.375734 6.875481
v -6.521252 -1.246134 7.112435
v -6.829373 -0.258082 7.075420
v -6.096817 -1.104769 6.875692
v -5.814047 -0.377616 6.525949
v -5.603556 -1.034249 6.517979
v -4.438395 -0.080835 5.320778
v -4.263700 -0.701195 5.301645
v -6.996882 -3.712284 8.090624
v -6.936932 -4.600411 7.924137
v -6.640849 -3.786458 7.995493
v -7.290872 -4.560544 7.971406
v -6.799541 -3.066954 8.157879
v -6.359611 -3.028645 7.998388
v -7.124727 -3.100267 8.167454
v -7.300286 -3.735789 8.070067
v -7.583943 -4.608004 7.926065
v -5.978673 -4.322150 7.124294
v -5.676699 -3.806247 7.075993
v -6.245098 -4.987105 7.100018
v -7.566847 -3.746548 7.183127
v -7.583943 -4.608004 7.926065
v -7.300286 -3.735789 8.070067
v -7.831219 -4.552261 7.050268
v -6.245098 -4.987105 7.100018
v -7.566847 -3.746548 7.183127
v -5.978673 -4.322150 7.124294
v -7.831219 -4.552261 7.050268
v -7.404706 -3.156560 7.272099
v -5.362366 -3.431570 6.875444
v -5.843104 -2.675726 7.735435
v -3.169992 -2.438994 4.935954
v -3.420582 -1.815127 4.903385
v -3.642382 -1.183446 4.896208
v -3.998252 0.109833 4.935966
v -3.834432 -0.541998 4.903288
v -7.044743 -2.643373 8.228215
v -6.725514 -2.583498 8.186266
v -6.393519 -2.481005 8.044315
v -6.777458 -2.202145 8.193015
v -6.461872 -2.099588 8.045483
v -7.079780 -2.300379 8.248492
v -6.959559 -1.863055 8.186451
v -6.925270 -1.287988 7.998446
v -7.303573 -1.515388 8.158188
v -6.630745 -1.750817 8.044419
v -7.253037 -2.002290 8.228187
v -7.586291 -1.679653 8.167425
v -7.331559 -2.728704 7.323708
v -7.368155 -2.394074 7.340245
v -7.535322 -2.101905 7.323641
v -7.845915 -1.798697 7.272089
v -2.809812 -1.488180 4.009662
v -2.363685 -1.237345 2.502378
v -2.148965 -1.614697 2.503349
v -2.549468 -1.941505 4.012263
v -5.993827 -2.301768 7.813639
v -6.071489 -1.972741 7.814674
v -6.202066 -1.660908 7.813692
v -6.299932 -1.269898 7.735482
v -1.606533 -6.160410 6.875478
v -1.862331 -6.574293 7.073557
v -1.437481 -5.646203 6.525946
v -1.294649 -4.246131 5.320784
v -1.473813 -3.408882 4.710393
v -1.723914 -3.092627 4.571634
v -1.018282 -2.472212 5.457922
v -1.356041 -2.087621 5.405586
v -2.042735 -2.811956 4.523979
v -1.502939 -2.848280 4.004138
v -1.254373 -2.397944 2.503353
v -1.895415 -2.608745 3.997023
v -1.594848 -2.195175 2.503131
v -1.339980 -3.768608 4.935968
v -1.296990 -8.097439 8.070069
v -1.368392 -7.801573 8.090622
v -1.548916 -7.485979 7.995519
v -2.084290 -8.343334 7.971407
v -2.231572 -8.019068 7.924144
v -2.038859 -8.636744 7.926066
v -1.296990 -8.097439 8.070069
v -1.224851 -8.354284 7.183129
v -2.038859 -8.636744 7.926066
v -1.909429 -8.854691 7.050266
v -2.263067 -7.021624 7.124298
v -1.224851 -8.354284 7.183129
v -2.813110 -7.480567 7.100058
v -1.909429 -8.854691 7.050266
v -2.263067 -7.021624 7.124298
v -2.813110 -7.480567 7.100058
v -1.892907 -1.934019 2.503357
v -2.244448 -2.309555 4.004112
v -2.408232 -2.595430 4.571228
v -2.244448 -2.309555 4.004112
v -2.042735 -2.811956 4.523979
v -1.895415 -2.608745 3.997023
v -1.502939 -2.848280 4.004138
v -1.723914 -3.092627 4.571634
v -2.408232 -2.595430 4.571228
v -1.772992 -1.745394 5.429673
v -0.656428 -0.407333 5.400164
v -0.378236 -0.956429 5.401779
v -0.893701 -1.207493 5.408492
v -1.204918 -0.742632 5.413937
v -0.602366 -1.703779 5.425444
v -0.160668 -1.539722 5.421010
v -1.358014 -1.433727 5.423759
v -1.725933 -1.045319 5.453748
v -0.978533 -1.852481 5.425671
v -0.666044 -2.308885 5.486702
v -0.353152 -2.217936 5.489188
v 0.026476 -2.113845 5.478412
v -4.481691 3.722928 6.525933
v -3.543376 2.674626 5.320788
v -3.299174 2.261170 4.935944
v -3.193479 1.890361 4.710424
v -4.920652 4.039533 6.875445
v -4.283040 4.477400 6.875727
v -3.605260 4.962269 6.883697
v -2.321222 5.928191 6.875474
v -2.934688 5.457057 6.875688
v -5.692718 5.507299 8.090623
v -6.590309 5.524782 7.971406
v -6.518857 5.175849 7.924141
v -5.653243 5.145777 7.995492
v -5.808830 5.788593 8.070071
v -6.726015 5.788839 7.926067
v -5.370063 4.224404 7.072902
v -5.958089 4.350415 7.124297
v -6.672824 4.398378 7.100055
v -5.901437 6.038787 7.183128
v -6.749409 6.041238 7.050265
v -6.726015 5.788839 7.926067
v -5.808830 5.788593 8.070071
v -5.901437 6.038787 7.183128
v -6.672824 4.398378 7.100055
v -6.749409 6.041238 7.050265
v -5.958089 4.350415 7.124297
v -4.920652 4.039533 6.875445
v -4.350358 4.730310 7.735435
v -1.907182 1.865668 2.502378
v -2.634284 1.824765 4.012263
v -2.283600 2.212455 4.009661
v -2.199710 1.544851 2.503349
v -4.041283 4.989215 7.813640
v -3.752359 5.164751 7.814675
v -3.496138 5.385303 7.813693
v -6.355320 -0.375734 6.875481
v -6.829373 -0.258082 7.075420
v -5.814047 -0.377616 6.525949
v -4.438395 -0.080835 5.320778
v -2.665852 0.204520 5.457922
v -3.473966 0.683883 4.571639
v -3.697471 0.348272 4.710392
v -2.404461 0.644594 5.405587
v -3.305549 1.073841 4.523981
v -2.668178 0.452009 2.503354
v -3.203730 0.072089 4.012311
v -3.173286 0.549242 4.004142
v -2.687634 0.043167 2.503343
v -2.580548 0.838482 2.503133
v -3.066754 0.996534 3.997024
v -3.998252 0.109833 4.935966
v -7.842570 -1.109367 8.090622
v -8.101888 -1.268704 8.070070
v -7.598209 -0.840155 7.995521
v -8.316158 -0.355644 7.924144
v -8.579041 -0.595921 7.971407
v -8.844049 -0.729797 7.926067
v -8.101888 -1.268704 8.070070
v -8.323871 -1.416680 7.183129
v -8.844049 -0.729797 7.926067
v -9.011336 -0.920239 7.050267
v -7.377258 -0.017464 7.124298
v -8.323871 -1.416680 7.183129
v -7.983713 0.363837 7.100059
v -9.011336 -0.920239 7.050267
v -7.377258 -0.017464 7.124298
v -7.983713 0.363837 7.100059
v -2.424278 1.202652 2.503358
v -2.890067 1.420938 4.004112
v -3.212563 1.488366 4.571229
v -2.890067 1.420938 4.004112
v -3.305549 1.073841 4.523981
v -3.066754 0.996534 3.997024
v -3.173286 0.549242 4.004142
v -3.473966 0.683883 4.571639
v -3.212563 1.488366 4.571229
v -2.207826 1.146893 5.429673
v -1.026476 0.064204 5.401779
v -1.424537 0.476856 5.408492
v -1.806505 0.046421 5.425444
v -1.513992 -0.322961 5.421011
v -1.783181 0.848537 5.423759
v -2.064172 0.358229 5.425671
v -2.401671 -0.080007 5.486702
v -2.218492 -0.349476 5.489189
v -2.002183 -0.678357 5.478413
v 2.240889 9.679758 7.631289
v 2.497046 10.011406 7.649572
v 2.662857 10.701106 7.487810
v 2.662857 10.701106 7.487810
v 2.979677 10.606560 6.659989
v 1.583117 9.365163 6.884509
v 2.979677 10.606560 6.659989
v 0.485029 11.011056 7.536822
v 0.000036 11.022004 7.536892
v 0.465647 10.618598 7.609323
v 0.000036 10.629008 7.609353
v 0.441695 10.198304 7.632253
v 0.000032 10.207950 7.632273
v 0.872471 10.170508 7.632215
v 0.928498 10.587901 7.609009
v 0.970457 10.978447 7.536002
v 1.385842 10.537509 7.608165
v 1.645115 10.067064 7.631993
v 1.806949 10.469167 7.606626
v 1.280659 10.126640 7.632168
v 1.456766 10.924590 7.533956
v 1.912178 10.858026 7.527953
v 0.733223 9.725490 6.811931
v 0.391895 9.743668 6.812659
v 0.000035 9.751004 6.812676
v 0.897833 10.983263 6.582697
v 0.733223 9.725490 6.811931
v 0.438055 11.016129 6.578296
v 0.391895 9.743668 6.812659
v 0.000035 9.751004 6.812676
v 0.000035 11.026107 6.577629
v 1.334148 9.636632 6.825116
v 2.455827 10.741883 6.618472
v 1.154930 9.663267 6.809305
v 1.927100 10.844189 6.605096
v 0.438055 11.016129 6.578296
v 0.485029 11.011056 7.536822
v 0.897833 10.983263 6.582697
v 0.970457 10.978447 7.536002
v 0.000035 11.026107 6.577629
v 0.000036 11.022004 7.536892
v 2.455827 10.741883 6.618472
v 2.662857 10.701106 7.487810
v 2.979677 10.606560 6.659989
v 2.304558 10.785726 7.513847
v 1.927100 10.844189 6.605096
v 1.912178 10.858026 7.527953
v 1.400938 10.924694 6.593114
v 1.456766 10.924590 7.533956
v 2.160115 10.385077 7.604928
v 2.304558 10.785726 7.513847
v 1.934230 10.001616 7.634147
v 1.583117 9.365163 6.884509
v 1.334148 9.636632 6.825116
v 1.154930 9.663267 6.809305
v 0.973658 9.700830 6.810004
v -2.496974 10.011406 7.649572
v -2.240824 9.679767 7.631293
v -2.662786 10.701107 7.487812
v -2.662786 10.701107 7.487812
v -2.979604 10.606559 6.659992
v -1.583034 9.365191 6.884517
v -2.979604 10.606559 6.659992
v -0.465572 10.618598 7.609322
v -0.484958 11.011053 7.536824
v -0.928427 10.587899 7.609010
v -0.970386 10.978446 7.536003
v -0.872411 10.170512 7.632217
v -0.441627 10.198303 7.632253
v -1.806873 10.469168 7.606626
v -1.645050 10.067115 7.632001
v -1.385771 10.537510 7.608165
v -1.280603 10.126668 7.632174
v -1.456693 10.924588 7.533957
v -1.912107 10.858027 7.527952
v -0.733160 9.725488 6.811935
v -0.391824 9.743669 6.812659
v -1.934156 10.001654 7.634151
v -1.334011 9.636658 6.825137
v -1.154902 9.663440 6.809394
v -1.583034 9.365191 6.884517
v -0.437984 11.016129 6.578296
v -0.733160 9.725488 6.811935
v -0.897766 10.983263 6.582698
v -0.391824 9.743669 6.812659
v -2.455756 10.741883 6.618474
v -1.334011 9.636658 6.825137
v -1.927029 10.844195 6.605088
v -1.154902 9.663440 6.809394
v -0.484958 11.011053 7.536824
v -0.437984 11.016129 6.578296
v -0.897766 10.983263 6.582698
v -0.970386 10.978446 7.536003
v -2.979604 10.606559 6.659992
v -2.662786 10.701107 7.487812
v -2.455756 10.741883 6.618474
v -2.304487 10.785725 7.513848
v -1.927029 10.844195 6.605088
v -1.912107 10.858027 7.527952
v -1.456693 10.924588 7.533957
v -1.400871 10.924692 6.593114
v -2.160034 10.385077 7.604929
v -2.304487 10.785725 7.513848
v -0.973610 9.700827 6.810016
v -1.400871 10.924692 6.593114
v -0.973610 9.700827 6.810016
v 0.973658 9.700830 6.810004
v 1.400938 10.924694 6.593114
v 9.898492 0.860029 7.631288
v 10.293064 0.718898 7.649570
v 11.000252 0.774331 7.487809
v 11.000252 0.774331 7.487809
v 11.008231 0.443803 6.659990
v 9.396025 1.388394 6.884499
v 11.008231 0.443803 6.659990
v 10.242807 2.838507 7.609321
v 10.482585 3.405988 7.536889
v 10.108825 3.284545 7.609351
v 10.622042 2.941348 7.536821
v 9.835684 2.731406 7.632253
v 9.708374 3.154431 7.632272
v 9.942357 2.313124 7.632215
v 10.356640 2.388820 7.609008
v 10.741038 2.469599 7.536002
v 10.450039 1.938289 7.608163
v 10.026782 1.911359 7.632168
v 10.082747 1.546337 7.631993
v 10.515166 1.516675 7.606624
v 10.840096 1.990448 7.533954
v 10.917514 1.536760 7.527951
v 9.387901 2.638281 6.812660
v 9.476094 2.308040 6.811933
v 9.273796 3.013227 6.812675
v 10.612358 2.987590 6.578295
v 9.476094 2.308040 6.811933
v 9.387901 2.638281 6.812660
v 10.723175 2.540159 6.582697
v 9.273796 3.013227 6.812675
v 10.486490 3.407256 6.577628
v 10.975052 0.983828 6.618474
v 9.577281 1.709069 6.825116
v 10.908970 1.518294 6.605095
v 9.547232 1.887748 6.809308
v 10.622042 2.941348 7.536821
v 10.723175 2.540159 6.582697
v 10.612358 2.987590 6.578295
v 10.741038 2.469599 7.536002
v 10.482585 3.405988 7.536889
v 10.486490 3.407256 6.577628
v 10.975052 0.983828 6.618474
v 10.970005 1.141243 7.513846
v 11.000252 0.774331 7.487809
v 11.008231 0.443803 6.659990
v 10.908970 1.518294 6.605095
v 10.917514 1.536760 7.527951
v 10.840096 1.990448 7.533954
v 10.822940 2.043577 6.593115
v 10.544329 1.154814 7.604928
v 10.970005 1.141243 7.513846
v 10.109837 1.251147 7.634146
v 9.396025 1.388394 6.884499
v 9.577281 1.709069 6.825116
v 9.547232 1.887748 6.809308
v 9.526937 2.071751 6.810006
v 8.749837 5.468493 7.649571
v 8.513579 5.122396 7.631291
v 9.354532 5.839320 7.487811
v 9.354532 5.839320 7.487811
v 9.166718 6.111413 6.659990
v 8.417664 4.399594 6.884516
v 9.166718 6.111413 6.659990
v 9.955040 3.724149 7.609321
v 10.322294 3.863860 7.536821
v 9.782813 4.154865 7.609009
v 10.141286 4.315457 7.536001
v 9.562715 3.571496 7.632251
v 9.403165 3.972609 7.632216
v 9.235332 4.347276 7.632173
v 9.593568 4.574253 7.608164
v 9.066074 4.675479 7.632001
v 9.398437 4.953629 7.606623
v 9.939787 4.761322 7.533954
v 9.735747 5.173872 7.527951
v 9.145727 3.383641 6.812658
v 9.022959 3.702652 6.811933
v 8.833616 4.084579 6.809394
v 8.752792 4.246645 6.825138
v 8.914475 4.930211 7.634151
v 8.417664 4.399594 6.884516
v 10.341646 3.820755 6.578294
v 9.145727 3.383641 6.812658
v 9.022959 3.702652 6.811933
v 10.168307 4.247874 6.582697
v 9.457297 5.655021 6.618471
v 8.752792 4.246645 6.825138
v 9.717977 5.183789 6.605087
v 8.833616 4.084579 6.809394
v 10.168307 4.247874 6.582697
v 10.141286 4.315457 7.536001
v 10.322294 3.863860 7.536821
v 10.341646 3.820755 6.578294
v 9.545730 5.524703 7.513844
v 9.457297 5.655021 6.618471
v 9.354532 5.839320 7.487811
v 9.166718 6.111413 6.659990
v 9.735747 5.173872 7.527951
v 9.717977 5.183789 6.605087
v 9.939787 4.761322 7.533954
v 9.957134 4.708257 6.593114
v 9.209335 5.263519 7.604927
v 9.545730 5.524703 7.513844
v 8.925196 3.923714 6.810013
v 9.957134 4.708257 6.593114
v 8.925196 3.923714 6.810013
v 10.822940 2.043577 6.593115
v 9.526937 2.071751 6.810006
v 3.876769 -9.148231 7.631287
v 3.864475 -9.567102 7.649571
v 4.135721 -10.222545 7.487811
v 4.135721 -10.222545 7.487811
v 3.823837 -10.332273 6.659991
v 4.223992 -8.507083 6.884501
v 3.823837 -10.332273 6.659991
v 5.864811 -8.864303 7.609322
v 6.079801 -9.193201 7.536822
v 6.478609 -8.916988 7.536889
v 6.247611 -8.599048 7.609351
v 5.637142 -8.510201 7.632253
v 6.000118 -8.258403 7.632273
v 5.472307 -9.111529 7.609009
v 5.272295 -8.740921 7.632215
v 5.667912 -9.452150 7.536003
v 4.691832 -9.531810 7.606625
v 5.072686 -9.339581 7.608164
v 4.586418 -9.111377 7.631992
v 4.916276 -8.945356 7.632167
v 4.835265 -9.908257 7.527953
v 5.242822 -9.694425 7.533956
v 5.123374 -8.299044 6.811932
v 5.410201 -8.113121 6.812659
v 5.731528 -7.888728 6.812675
v 5.410201 -8.113121 6.812659
v 6.120795 -9.169697 6.578295
v 5.123374 -8.299044 6.811932
v 5.729497 -9.413359 6.582697
v 5.731528 -7.888728 6.812675
v 6.481017 -8.920307 6.577628
v 4.327178 -10.133846 6.618471
v 4.584990 -8.580368 6.825117
v 4.745633 -8.496576 6.809305
v 4.815063 -9.905832 6.605095
v 5.667912 -9.452150 7.536003
v 5.729497 -9.413359 6.582697
v 6.079801 -9.193201 7.536822
v 6.120795 -9.169697 6.578295
v 6.478609 -8.916988 7.536889
v 6.481017 -8.920307 6.577628
v 4.327178 -10.133846 6.618471
v 4.475326 -10.080399 7.513849
v 4.135721 -10.222545 7.487811
v 3.823837 -10.332273 6.659991
v 4.815063 -9.905832 6.605095
v 4.835265 -9.908257 7.527953
v 5.242822 -9.694425 7.533956
v 5.288055 -9.661694 6.593113
v 4.356696 -9.671363 7.604928
v 4.475326 -10.080399 7.513849
v 4.314053 -9.228365 7.634145
v 4.223992 -8.507083 6.884501
v 4.584990 -8.580368 6.825117
v 4.745633 -8.496576 6.809305
v 4.914363 -8.420417 6.810004
v 7.904714 -6.631690 7.649571
v 7.502554 -6.513948 7.631291
v 8.444254 -7.092209 7.487810
v 8.644998 -6.829497 6.659991
v 8.444254 -7.092209 7.487810
v 6.785491 -6.646094 6.884516
v 8.644998 -6.829497 6.659991
v 6.864539 -8.623059 7.536822
v 6.618177 -8.316948 7.609322
v 7.238099 -8.311347 7.536002
v 6.974596 -8.020053 7.609009
v 6.683936 -7.715306 7.632216
v 6.351766 -7.990997 7.632252
v 7.314967 -7.710465 7.608164
v 7.615481 -7.407655 7.606624
v 7.248245 -7.177508 7.632001
v 6.988403 -7.439902 7.632173
v 7.599875 -7.981930 7.533954
v 7.929178 -7.660398 7.527951
v 6.044238 -7.652464 6.812657
v 6.309706 -7.437122 6.811933
v 6.743582 -7.012086 6.825137
v 7.443658 -6.954616 7.634151
v 6.614426 -7.139031 6.809393
v 6.785491 -6.646094 6.884516
v 6.829521 -8.654775 6.578295
v 6.044238 -7.652464 6.812657
v 6.309706 -7.437122 6.811933
v 7.182168 -8.357934 6.582697
v 8.300733 -7.246888 6.618471
v 6.743582 -7.012086 6.825137
v 7.933125 -7.640437 6.605088
v 6.614426 -7.139031 6.809393
v 6.864539 -8.623059 7.536822
v 7.182168 -8.357934 6.582697
v 7.238099 -8.311347 7.536002
v 6.829521 -8.654775 6.578295
v 8.204123 -7.371271 7.513847
v 8.300733 -7.246888 6.618471
v 8.444254 -7.092209 7.487810
v 8.644998 -6.829497 6.659991
v 7.929178 -7.660398 7.527951
v 7.933125 -7.640437 6.605088
v 7.599875 -7.981930 7.533954
v 7.554770 -8.014832 6.593114
v 8.204123 -7.371271 7.513847
v 7.851768 -7.132042 7.604928
v 6.489735 -7.275837 6.810014
v 7.554770 -8.014832 6.593114
v 6.489735 -7.275837 6.810014
v 4.914363 -8.420417 6.810004
v 5.288055 -9.661694 6.593113
v -7.502470 -6.513945 7.631288
v -7.904644 -6.631692 7.649573
v -8.444184 -7.092210 7.487813
v -8.644921 -6.829499 6.659993
v -8.444184 -7.092210 7.487813
v -6.785407 -6.646062 6.884495
v -8.644921 -6.829499 6.659993
v -6.247540 -8.599051 7.609353
v -6.618106 -8.316948 7.609323
v -6.478538 -8.916990 7.536891
v -6.864467 -8.623058 7.536823
v -6.000048 -8.258406 7.632273
v -6.351685 -7.991001 7.632253
v -6.683854 -7.715309 7.632216
v -6.974519 -8.020053 7.609010
v -7.238026 -8.311347 7.536003
v -7.314897 -7.710468 7.608165
v -7.248130 -7.177478 7.631994
v -7.615406 -7.407658 7.606626
v -6.988300 -7.439893 7.632168
v -7.599798 -7.981932 7.533957
v -7.929108 -7.660400 7.527954
v -6.309622 -7.437131 6.811932
v -6.044169 -7.652465 6.812659
v -5.731459 -7.888730 6.812676
v -6.829450 -8.654776 6.578297
v -6.309622 -7.437131 6.811932
v -6.044169 -7.652465 6.812659
v -7.182099 -8.357935 6.582698
v -5.731459 -7.888730 6.812676
v -6.480949 -8.920308 6.577629
v -6.743553 -7.012026 6.825117
v -8.300667 -7.246887 6.618475
v -6.614216 -7.138924 6.809307
v -7.933049 -7.640435 6.605097
v -7.238026 -8.311347 7.536003
v -7.182099 -8.357935 6.582698
v -6.864467 -8.623058 7.536823
v -6.829450 -8.654776 6.578297
v -6.478538 -8.916990 7.536891
v -6.480949 -8.920308 6.577629
v -8.444184 -7.092210 7.487813
v -8.644921 -6.829499 6.659993
v -8.300667 -7.246887 6.618475
v -8.204053 -7.371271 7.513849
v -7.933049 -7.640435 6.605097
v -7.929108 -7.660400 7.527954
v -7.599798 -7.981932 7.533957
v -7.554692 -8.014833 6.593115
v -7.851694 -7.132045 7.604930
v -8.204053 -7.371271 7.513849
v -7.443556 -6.954590 7.634147
v -6.785407 -6.646062 6.884495
v -6.743553 -7.012026 6.825117
v -6.614216 -7.138924 6.809307
v -6.489645 -7.275856 6.810005
v -3.864395 -9.567104 7.649573
v -3.876693 -9.148238 7.631292
v -4.135646 -10.222546 7.487812
v -3.823762 -10.332273 6.659991
v -4.135646 -10.222546 7.487812
v -4.223951 -8.507102 6.884515
v -3.823762 -10.332273 6.659991
v -5.864734 -8.864305 7.609322
v -6.079732 -9.193202 7.536822
v -5.472231 -9.111531 7.609009
v -5.667843 -9.452153 7.536003
v -5.272216 -8.740932 7.632218
v -5.637066 -8.510204 7.632254
v -4.691763 -9.531813 7.606624
v -4.586362 -9.111427 7.632002
v -5.072616 -9.339584 7.608165
v -4.916203 -8.945391 7.632174
v -5.242753 -9.694427 7.533956
v -4.835193 -9.908260 7.527952
v -5.410126 -8.113124 6.812660
v -5.123291 -8.299049 6.811937
v -4.313992 -9.228401 7.634152
v -4.584979 -8.580355 6.825139
v -4.745625 -8.496745 6.809397
v -4.223951 -8.507102 6.884515
v -5.123291 -8.299049 6.811937
v -5.729428 -9.413361 6.582698
v -6.120715 -9.169700 6.578296
v -5.410126 -8.113124 6.812660
v -4.327107 -10.133845 6.618472
v -4.584979 -8.580355 6.825139
v -4.814996 -9.905840 6.605089
v -4.745625 -8.496745 6.809397
v -6.079732 -9.193202 7.536822
v -5.729428 -9.413361 6.582698
v -5.667843 -9.452153 7.536003
v -6.120715 -9.169700 6.578296
v -4.475257 -10.080400 7.513847
v -4.327107 -10.133845 6.618472
v -4.135646 -10.222546 7.487812
v -3.823762 -10.332273 6.659991
v -4.835193 -9.908260 7.527952
v -4.814996 -9.905840 6.605089
v -5.242753 -9.694427 7.533956
v -5.287979 -9.661695 6.593114
v -4.356621 -9.671364 7.604928
v -4.475257 -10.080400 7.513847
v -4.914269 -8.420429 6.810017
v -5.287979 -9.661695 6.593114
v -4.914269 -8.420429 6.810017
v -7.554692 -8.014833 6.593115
v -6.489645 -7.275856 6.810005
v -8.513498 5.122391 7.631288
v -8.749755 5.468493 7.649573
v -9.354463 5.839319 7.487813
v -9.354463 5.839319 7.487813
v -9.166641 6.111412 6.659992
v -9.166641 6.111412 6.659992
v -8.417556 4.399593 6.884501
v -10.482510 3.405987 7.536893
v -9.954968 3.724147 7.609323
v -10.322228 3.863858 7.536823
v -10.108753 3.284544 7.609353
v -9.562647 3.571493 7.632254
v -9.708301 3.154429 7.632273
v -9.403090 3.972598 7.632216
v -9.782743 4.154864 7.609011
v -10.141212 4.315455 7.536002
v -9.235233 4.347250 7.632169
v -9.065957 4.675454 7.631994
v -9.593494 4.574251 7.608166
v -9.398367 4.953628 7.606625
v -9.939710 4.761321 7.533957
v -9.735671 5.173872 7.527955
v -9.022886 3.702646 6.811934
v -9.145650 3.383642 6.812663
v -9.273720 3.013228 6.812680
v -9.145650 3.383642 6.812663
v -10.341569 3.820753 6.578297
v -9.022886 3.702646 6.811934
v -10.168231 4.247871 6.582699
v -9.273720 3.013228 6.812680
v -10.486421 3.407254 6.577631
v -9.457224 5.655023 6.618473
v -8.752682 4.246700 6.825118
v -8.833397 4.084484 6.809309
v -9.717906 5.183785 6.605097
v -10.341569 3.820753 6.578297
v -10.322228 3.863858 7.536823
v -10.168231 4.247871 6.582699
v -10.141212 4.315455 7.536002
v -10.486421 3.407254 6.577631
v -10.482510 3.405987 7.536893
v -9.354463 5.839319 7.487813
v -9.166641 6.111412 6.659992
v -9.457224 5.655023 6.618473
v -9.545659 5.524704 7.513853
v -9.717906 5.183785 6.605097
v -9.735671 5.173872 7.527955
v -9.957066 4.708254 6.593116
v -9.939710 4.761321 7.533957
v -9.209258 5.263518 7.604930
v -9.545659 5.524704 7.513853
v -8.914370 4.930194 7.634148
v -8.417556 4.399593 6.884501
v -8.752682 4.246700 6.825118
v -8.833397 4.084484 6.809309
v -8.925136 3.923696 6.810009
v -9.898434 0.860029 7.631293
v -10.292997 0.718895 7.649572
v -11.000179 0.774328 7.487812
v -11.008160 0.443802 6.659993
v -11.000179 0.774328 7.487812
v -9.395988 1.388416 6.884509
v -11.008160 0.443802 6.659993
v -10.242730 2.838506 7.609324
v -10.621966 2.941347 7.536825
v -10.356564 2.388818 7.609011
v -10.740967 2.469597 7.536004
v -9.942302 2.313113 7.632217
v -9.835611 2.731402 7.632254
v -10.449968 1.938288 7.608166
v -10.082713 1.546340 7.632001
v -10.026739 1.911346 7.632174
v -10.515105 1.516673 7.606626
v -10.840018 1.990447 7.533957
v -10.917444 1.536759 7.527955
v -9.387837 2.638278 6.812659
v -9.476025 2.308031 6.811932
v -10.109800 1.251154 7.634152
v -9.577213 1.709129 6.825117
v -9.547338 1.887753 6.809350
v -9.395988 1.388416 6.884509
v -10.612286 2.987588 6.578297
v -9.387837 2.638278 6.812659
v -9.476025 2.308031 6.811932
v -10.723108 2.540157 6.582699
v -10.974984 0.983829 6.618473
v -9.577213 1.709129 6.825117
v -10.908906 1.518293 6.605090
v -9.547338 1.887753 6.809350
v -10.621966 2.941347 7.536825
v -10.612286 2.987588 6.578297
v -10.723108 2.540157 6.582699
v -10.740967 2.469597 7.536004
v -10.974984 0.983829 6.618473
v -11.000179 0.774328 7.487812
v -10.969934 1.141242 7.513855
v -11.008160 0.443802 6.659993
v -10.908906 1.518293 6.605090
v -10.917444 1.536759 7.527955
v -10.840018 1.990447 7.533957
v -10.822868 2.043575 6.593115
v -10.544262 1.154811 7.604929
v -10.969934 1.141242 7.513855
v -9.526875 2.071725 6.809989
v -10.822868 2.043575 6.593115
v -9.526875 2.071725 6.809989
v -8.925136 3.923696 6.810009
v -9.957066 4.708254 6.593116
v 0.789518 2.569468 2.503348
v 1.185032 2.390393 2.502377
v 0.000035 0.000000 2.477142
v 1.563416 2.151807 2.501805
v 1.907250 1.865671 2.502373
v 2.199786 1.544852 2.503345
v -1.184962 2.390395 2.502372
v -0.789444 2.569469 2.503345
v -1.563350 2.151806 2.501807
v -0.394600 2.677301 2.503353
v 0.000035 2.713385 2.503133
v 0.394674 2.677298 2.503358
v 2.424348 1.202654 2.503352
v 2.580612 0.838482 2.503131
v 2.668242 0.452009 2.503357
v 2.687708 0.043168 2.503349
v -0.446325 -2.630394 2.502372
v -0.871555 -2.542790 2.503346
v 0.000035 -2.659780 2.501805
v 0.871625 -2.542789 2.503348
v 0.446395 -2.630391 2.502377
v 2.363755 -1.237347 2.502371
v 2.149035 -1.614698 2.503345
v 2.529636 -0.821917 2.501804
v 2.639620 -0.388325 2.502375
v 1.892982 -1.934020 2.503353
v 1.594922 -2.195174 2.503132
v 1.254443 -2.397941 2.503357
v -2.639548 -0.388326 2.502370
v -2.687634 0.043167 2.503343
v -2.529566 -0.821918 2.501804
v -2.148965 -1.614697 2.503349
v -2.363685 -1.237345 2.502378
v -1.254373 -2.397944 2.503353
v -1.594848 -2.195175 2.503131
v -1.892907 -1.934019 2.503357
v -2.199710 1.544851 2.503349
v -1.907182 1.865668 2.502378
v -2.668178 0.452009 2.503354
v -2.580548 0.838482 2.503133
v -2.424278 1.202652 2.503358
vt 0.2642 0.2930
vt 0.2700 0.2773
vt 0.2690 0.2935
vt 0.2076 0.2744
vt 0.2076 0.2891
vt 0.1587 0.2920
vt 0.2563 0.2920
vt 0.2571 0.2764
vt 0.2651 0.2769
vt 0.2703 0.2612
vt 0.2654 0.2607
vt 0.2654 0.2451
vt 0.2573 0.2451
vt 0.2076 0.2441
vt 0.2076 0.2285
vt 0.2573 0.2607
vt 0.2076 0.2593
vt 0.1580 0.2764
vt 0.1578 0.2607
vt 0.1499 0.2769
vt 0.1578 0.2451
vt 0.1578 0.2290
vt 0.1498 0.2607
vt 0.1498 0.2451
vt 0.1498 0.2290
vt 0.1449 0.2451
vt 0.1449 0.2612
vt 0.1451 0.2773
vt 0.1461 0.2935
vt 0.1509 0.2930
vt 0.1580 0.1978
vt 0.1580 0.1821
vt 0.2076 0.1978
vt 0.1499 0.1821
vt 0.1499 0.1978
vt 0.1450 0.1821
vt 0.1450 0.1978
vt 0.1499 0.2134
vt 0.1450 0.2134
vt 0.1449 0.2290
vt 0.2573 0.2290
vt 0.2076 0.2134
vt 0.1578 0.2134
vt 0.2573 0.2134
vt 0.2573 0.1978
vt 0.2654 0.2290
vt 0.2654 0.1978
vt 0.2651 0.1821
vt 0.2654 0.2134
vt 0.2703 0.2134
vt 0.2703 0.2290
vt 0.2703 0.2451
vt 0.2700 0.1821
vt 0.2700 0.1660
vt 0.2700 0.1978
vt 0.2571 0.1821
vt 0.2651 0.1660
vt 0.2651 0.1504
vt 0.2700 0.1504
vt 0.2651 0.1348
vt 0.2700 0.1348
vt 0.2076 0.1816
vt 0.2571 0.1660
vt 0.2571 0.1030
vt 0.2571 0.1191
vt 0.2076 0.1030
vt 0.2651 0.1191
vt 0.2571 0.1348
vt 0.2571 0.1504
vt 0.2076 0.1660
vt 0.1580 0.1660
vt 0.2076 0.1504
vt 0.1580 0.1504
vt 0.1499 0.1504
vt 0.1499 0.1660
vt 0.1499 0.1348
vt 0.1580 0.1348
vt 0.1499 0.1191
vt 0.1580 0.1191
vt 0.2076 0.1191
vt 0.2076 0.1348
vt 0.1499 0.1030
vt 0.1580 0.1030
vt 0.1449 0.0557
vt 0.1498 0.0557
vt 0.1449 0.0718
vt 0.1498 0.0718
vt 0.1450 0.0874
vt 0.1499 0.0874
vt 0.1580 0.0874
vt 0.2076 0.0874
vt 0.2654 0.1030
vt 0.2573 0.0874
vt 0.2076 0.0718
vt 0.1578 0.0718
vt 0.1578 0.0557
vt 0.1498 0.0400
vt 0.2573 0.0718
vt 0.2573 0.0557
vt 0.2076 0.0566
vt 0.2573 0.0400
vt 0.2076 0.0415
vt 0.1578 0.0400
vt 0.1499 0.0239
vt 0.1580 0.0244
vt 0.2076 0.0264
vt 0.2571 0.0244
vt 0.2651 0.0239
vt 0.2654 0.0400
vt 0.2703 0.0557
vt 0.2654 0.0557
vt 0.2703 0.0396
vt 0.2700 0.0234
vt 0.2690 0.0073
vt 0.2642 0.0078
vt 0.2563 0.0088
vt 0.2076 0.0117
vt 0.1587 0.0088
vt 0.1509 0.0078
vt 0.1460 0.0073
vt 0.1451 0.0234
vt 0.1449 0.0396
vt 0.7241 0.7583
vt 0.7417 0.7623
vt 0.7246 0.7689
vt 0.7422 0.7551
vt 0.7241 0.7478
vt 0.7422 0.7480
vt 0.7422 0.7385
vt 0.7236 0.7375
vt 0.7427 0.7292
vt 0.7236 0.7273
vt 0.7427 0.7200
vt 0.7236 0.7190
vt 0.7427 0.7104
vt 0.7236 0.7104
vt 0.7236 0.7021
vt 0.7427 0.7012
vt 0.7236 0.6936
vt 0.7427 0.6919
vt 0.7236 0.6836
vt 0.7422 0.6826
vt 0.7241 0.6733
vt 0.7422 0.6731
vt 0.7422 0.6660
vt 0.7241 0.6628
vt 0.7417 0.6587
vt 0.7246 0.6521
vt 0.4956 0.2305
vt 0.5122 0.2393
vt 0.4912 0.2412
vt 0.4795 0.2358
vt 0.4775 0.2471
vt 0.4685 0.2441
vt 0.4700 0.2329
vt 0.4805 0.2202
vt 0.5093 0.2085
vt 0.5220 0.2178
vt 0.5615 0.2578
vt 0.5596 0.2344
vt 0.5806 0.2632
vt 0.5986 0.2671
vt 0.6138 0.2573
vt 0.6152 0.2778
vt 0.5928 0.2798
vt 0.5776 0.2734
vt 0.5586 0.2666
vt 0.5078 0.2485
vt 0.4890 0.2510
vt 0.4851 0.2598
vt 0.5029 0.2637
vt 0.5054 0.2563
vt 0.5562 0.2729
vt 0.5742 0.2803
vt 0.5542 0.2793
vt 0.5010 0.2739
vt 0.4822 0.2715
vt 0.4727 0.2573
vt 0.5713 0.2871
vt 0.5879 0.2881
vt 0.6011 0.2979
vt 0.6074 0.2886
vt 0.6216 0.2988
vt 0.5845 0.2954
vt 0.5674 0.2954
vt 0.5513 0.2881
vt 0.5786 0.3037
vt 0.4807 0.2974
vt 0.4963 0.2974
vt 0.5366 0.3062
vt 0.5493 0.3115
vt 0.5581 0.3184
vt 0.5645 0.3281
vt 0.5879 0.3145
vt 0.5957 0.3062
vt 0.6055 0.3188
vt 0.5957 0.3271
vt 0.6138 0.3330
vt 0.6016 0.3418
vt 0.6211 0.3467
vt 0.6060 0.3594
vt 0.6162 0.3687
vt 0.5962 0.3755
vt 0.5693 0.3394
vt 0.5723 0.3516
vt 0.5728 0.3633
vt 0.5693 0.3740
vt 0.5625 0.3862
vt 0.5854 0.3916
vt 0.6050 0.3813
vt 0.5933 0.3975
vt 0.5522 0.4326
vt 0.5601 0.4399
vt 0.5479 0.4536
vt 0.5562 0.4585
vt 0.5493 0.4683
vt 0.5640 0.4653
vt 0.5576 0.4761
vt 0.5669 0.4443
vt 0.5732 0.4492
vt 0.5986 0.4014
vt 0.6108 0.3867
vt 0.6035 0.4058
vt 0.5825 0.4546
vt 0.5737 0.4712
vt 0.5981 0.4810
vt 0.5972 0.4951
vt 0.6567 0.3687
vt 0.6660 0.3521
vt 0.6729 0.3652
vt 0.6509 0.3589
vt 0.6416 0.3740
vt 0.6362 0.3667
vt 0.6279 0.3813
vt 0.6226 0.3760
vt 0.6162 0.3911
vt 0.6582 0.3374
vt 0.6743 0.3291
vt 0.6431 0.3472
vt 0.6289 0.3574
vt 0.6484 0.3228
vt 0.6343 0.3350
vt 0.6240 0.3223
vt 0.6357 0.3101
vt 0.6128 0.3096
vt 0.6465 0.2964
vt 0.6304 0.2866
vt 0.6396 0.2729
vt 0.6260 0.2666
vt 0.6655 0.3081
vt 0.6709 0.2866
vt 0.6880 0.3066
vt 0.6548 0.2803
vt 0.6479 0.2588
vt 0.6372 0.2544
vt 0.6260 0.2476
vt 0.6753 0.2681
vt 0.6611 0.2637
vt 0.6792 0.2510
vt 0.5732 0.2373
vt 0.5845 0.2368
vt 0.5957 0.2329
vt 0.6060 0.2266
vt 0.6152 0.2183
vt 0.6357 0.2363
vt 0.6279 0.1846
vt 0.6235 0.1440
vt 0.6494 0.1929
vt 0.6475 0.2109
vt 0.6265 0.1987
vt 0.6431 0.2241
vt 0.6226 0.2090
vt 0.6460 0.2412
vt 0.6528 0.2271
vt 0.6553 0.2437
vt 0.6606 0.2285
vt 0.6665 0.2466
vt 0.6704 0.2300
vt 0.6567 0.2124
vt 0.6841 0.2319
vt 0.6821 0.2134
vt 0.6714 0.2134
vt 0.6909 0.2725
vt 0.6934 0.2578
vt 0.6982 0.2437
vt 0.7158 0.2183
vt 0.7085 0.2090
vt 0.7046 0.1987
vt 0.7031 0.1846
vt 0.7251 0.2266
vt 0.7114 0.2520
vt 0.7358 0.2329
vt 0.7080 0.2646
vt 0.7251 0.2578
vt 0.7388 0.2607
vt 0.7466 0.2368
vt 0.7578 0.2373
vt 0.7524 0.2607
vt 0.7715 0.2344
vt 0.7700 0.2573
vt 0.7246 0.2900
vt 0.7241 0.3032
vt 0.7070 0.2900
vt 0.7241 0.2783
vt 0.7075 0.2764
vt 0.7236 0.2690
vt 0.7393 0.2710
vt 0.7544 0.2700
vt 0.7729 0.2661
vt 0.8188 0.2393
vt 0.7402 0.2788
vt 0.7559 0.2769
vt 0.7749 0.2725
vt 0.8232 0.2485
vt 0.8257 0.2563
vt 0.7769 0.2788
vt 0.7573 0.2847
vt 0.7412 0.2886
vt 0.8281 0.2637
vt 0.8306 0.2739
vt 0.8350 0.2974
vt 0.8506 0.2974
vt 0.7798 0.2881
vt 0.7612 0.2949
vt 0.7437 0.3022
vt 0.7373 0.3188
vt 0.7666 0.3281
vt 0.7617 0.3394
vt 0.7949 0.3057
vt 0.7822 0.3115
vt 0.7734 0.3184
vt 0.7593 0.3516
vt 0.7334 0.3345
vt 0.7222 0.3188
vt 0.7065 0.3052
vt 0.6885 0.2891
vt 0.7334 0.3633
vt 0.7319 0.3491
vt 0.7202 0.3350
vt 0.7075 0.3213
vt 0.7207 0.3511
vt 0.7090 0.3379
vt 0.6909 0.3242
vt 0.7231 0.3843
vt 0.7163 0.3701
vt 0.7290 0.3809
vt 0.7236 0.3667
vt 0.7119 0.3545
vt 0.6958 0.3418
vt 0.6812 0.3462
vt 0.7012 0.3584
vt 0.7280 0.4048
vt 0.7334 0.4009
vt 0.7163 0.3882
vt 0.7080 0.3740
vt 0.6885 0.3623
vt 0.7202 0.4102
vt 0.7490 0.4546
vt 0.7080 0.3950
vt 0.6958 0.3809
vt 0.6777 0.3799
vt 0.6616 0.3809
vt 0.7285 0.4658
vt 0.7334 0.4810
vt 0.7080 0.4307
vt 0.6987 0.4199
vt 0.6895 0.4136
vt 0.6777 0.4106
vt 0.6655 0.4097
vt 0.6533 0.4106
vt 0.6475 0.3838
vt 0.6343 0.3896
vt 0.6421 0.4136
vt 0.6230 0.3979
vt 0.6328 0.4199
vt 0.6235 0.4307
vt 0.6113 0.4111
vt 0.6030 0.4658
vt 0.1973 0.9194
vt 0.2375 0.8894
vt 0.2404 0.9191
vt 0.2844 0.9190
vt 0.2849 0.9370
vt 0.2411 0.9372
vt 0.1990 0.9371
vt 0.1592 0.9401
vt 0.1558 0.9224
vt 0.1219 0.9468
vt 0.1166 0.9293
vt 0.0870 0.9589
vt 0.0809 0.9421
vt 0.3296 0.9372
vt 0.1057 0.9003
vt 0.1486 0.8931
vt 0.1927 0.8901
vt 0.2340 0.8568
vt 0.2808 0.8568
vt 0.2788 0.8252
vt 0.2310 0.8251
vt 0.2771 0.7856
vt 0.3252 0.7858
vt 0.3262 0.8254
vt 0.3728 0.7859
vt 0.2284 0.7856
vt 0.2764 0.7375
vt 0.3247 0.7375
vt 0.3726 0.7375
vt 0.4202 0.7375
vt 0.2273 0.7378
vt 0.1825 0.8258
vt 0.1788 0.7861
vt 0.1772 0.7378
vt 0.2285 0.6897
vt 0.2771 0.6895
vt 0.3250 0.6895
vt 0.4202 0.6494
vt 0.4202 0.6892
vt 0.3730 0.6497
vt 0.3728 0.6892
vt 0.3259 0.6499
vt 0.2786 0.6501
vt 0.2308 0.6501
vt 0.1788 0.6895
vt 0.1260 0.7378
vt 0.1282 0.7875
vt 0.0737 0.7378
vt 0.1281 0.6880
vt 0.1824 0.6497
vt 0.2339 0.6184
vt 0.2805 0.6184
vt 0.3271 0.6179
vt 0.0764 0.6848
vt 0.1333 0.6475
vt 0.1870 0.6179
vt 0.1925 0.5854
vt 0.2373 0.5859
vt 0.2827 0.5857
vt 0.3281 0.5854
vt 0.3735 0.6177
vt 0.3740 0.5850
vt 0.4202 0.5850
vt 0.3745 0.5557
vt 0.2842 0.5562
vt 0.3291 0.5559
vt 0.2847 0.5383
vt 0.3293 0.5378
vt 0.3745 0.5376
vt 0.4202 0.5376
vt 0.4202 0.6177
vt 0.4666 0.6177
vt 0.4661 0.5850
vt 0.5117 0.5852
vt 0.4656 0.5557
vt 0.5107 0.5559
vt 0.5557 0.5562
vt 0.5576 0.5857
vt 0.5132 0.6179
vt 0.4670 0.6494
vt 0.4675 0.6892
vt 0.5142 0.6497
vt 0.5596 0.6182
vt 0.6025 0.5857
vt 0.6475 0.5852
vt 0.6064 0.6184
vt 0.5615 0.6499
vt 0.5151 0.6892
vt 0.4678 0.7375
vt 0.6094 0.6499
vt 0.5630 0.6895
vt 0.5156 0.7375
vt 0.6118 0.6895
vt 0.5640 0.7375
vt 0.6128 0.7375
vt 0.6611 0.6892
vt 0.6631 0.7375
vt 0.6118 0.7856
vt 0.5630 0.7856
vt 0.5151 0.7858
vt 0.4675 0.7859
vt 0.6611 0.7859
vt 0.7144 0.7375
vt 0.6094 0.8251
vt 0.5615 0.8251
vt 0.5142 0.8253
vt 0.4673 0.8256
vt 0.4202 0.7859
vt 0.6064 0.8567
vt 0.5596 0.8568
vt 0.5132 0.8572
vt 0.4668 0.8574
vt 0.4202 0.8257
vt 0.4202 0.8575
vt 0.3738 0.8574
vt 0.4202 0.8902
vt 0.4202 0.9196
vt 0.3748 0.9196
vt 0.3748 0.9374
vt 0.3293 0.9193
vt 0.4202 0.9375
vt 0.4658 0.9195
vt 0.4661 0.8901
vt 0.5117 0.8898
vt 0.5576 0.8894
vt 0.6846 0.9221
vt 0.6919 0.8928
vt 0.7241 0.9290
vt 0.6431 0.9192
vt 0.6475 0.8898
vt 0.6030 0.8893
vt 0.6001 0.9189
vt 0.5562 0.9189
vt 0.5112 0.9193
vt 0.7188 0.9465
vt 0.6812 0.9399
vt 0.6416 0.9370
vt 0.5991 0.9370
vt 0.5557 0.9369
vt 0.5107 0.9371
vt 0.4658 0.9374
vt 0.7930 0.8815
vt 0.7471 0.8671
vt 0.8071 0.8444
vt 0.7749 0.9147
vt 0.7349 0.9000
vt 0.7568 0.8334
vt 0.8164 0.7959
vt 0.7002 0.8601
vt 0.7598 0.9417
vt 0.7534 0.9585
vt 0.6533 0.8572
vt 0.7070 0.8278
vt 0.7637 0.7903
vt 0.7119 0.7871
vt 0.6577 0.8254
vt 0.7666 0.7375
vt 0.7119 0.6877
vt 0.8198 0.7375
vt 0.7637 0.6846
vt 0.7070 0.6472
vt 0.7568 0.6416
vt 0.8164 0.6790
vt 0.8066 0.6306
vt 0.7471 0.6079
vt 0.7930 0.5933
vt 0.7002 0.6150
vt 0.6533 0.6177
vt 0.6577 0.6497
vt 0.7749 0.5603
vt 0.7349 0.5750
vt 0.6919 0.5823
vt 0.6001 0.5562
vt 0.6431 0.5559
vt 0.6846 0.5527
vt 0.7236 0.5459
vt 0.5991 0.5381
vt 0.6416 0.5381
vt 0.6812 0.5352
vt 0.7183 0.5286
vt 0.7534 0.5164
vt 0.7593 0.5332
vt 0.4202 0.5554
vt 0.4656 0.5376
vt 0.5107 0.5378
vt 0.5557 0.5381
vt 0.3796 0.6294
vt 0.3923 0.6487
vt 0.3726 0.6306
vt 0.3835 0.6233
vt 0.3972 0.6565
vt 0.4026 0.6648
vt 0.3896 0.6731
vt 0.3828 0.6655
vt 0.3777 0.6577
vt 0.3655 0.6318
vt 0.4065 0.6963
vt 0.3967 0.7053
vt 0.3760 0.6797
vt 0.3682 0.6746
vt 0.3606 0.6697
vt 0.3479 0.6675
vt 0.3511 0.6311
vt 0.3354 0.6653
vt 0.3997 0.7126
vt 0.4114 0.7043
vt 0.4231 0.6963
vt 0.4353 0.6887
vt 0.4263 0.7012
vt 0.4146 0.7095
vt 0.4028 0.7197
vt 0.4126 0.7209
vt 0.4014 0.7285
vt 0.4072 0.7295
vt 0.3999 0.7373
vt 0.4021 0.7383
vt 0.4385 0.6938
vt 0.4475 0.6816
vt 0.4421 0.6760
vt 0.4529 0.6873
vt 0.4211 0.7136
vt 0.4297 0.7063
vt 0.4397 0.7014
vt 0.4500 0.6965
vt 0.4600 0.6953
vt 0.4614 0.6895
vt 0.4700 0.6941
vt 0.4700 0.6919
vt 0.4797 0.6963
vt 0.4788 0.6904
vt 0.4895 0.6987
vt 0.4875 0.6892
vt 0.4990 0.7046
vt 0.5010 0.6973
vt 0.5122 0.7058
vt 0.5049 0.6924
vt 0.5161 0.7012
vt 0.5083 0.7104
vt 0.5396 0.6719
vt 0.5112 0.6853
vt 0.5278 0.6621
vt 0.4995 0.6790
vt 0.4937 0.6841
vt 0.5176 0.6511
vt 0.5220 0.6941
vt 0.5327 0.7029
vt 0.5269 0.7104
vt 0.5229 0.7151
vt 0.5161 0.7188
vt 0.5239 0.7268
vt 0.5337 0.7266
vt 0.5376 0.7197
vt 0.5415 0.7129
vt 0.5518 0.6816
vt 0.5459 0.6643
vt 0.5327 0.6533
vt 0.5518 0.6572
vt 0.5391 0.6462
vt 0.5596 0.6748
vt 0.5630 0.6328
vt 0.5596 0.6265
vt 0.5664 0.6392
vt 0.5732 0.6411
vt 0.5654 0.6675
vt 0.5801 0.6431
vt 0.5200 0.6423
vt 0.5220 0.6335
vt 0.5205 0.6208
vt 0.5557 0.6125
vt 0.5186 0.6082
vt 0.5518 0.5984
vt 0.5068 0.5674
vt 0.5400 0.5464
vt 0.5288 0.5435
vt 0.5034 0.5662
vt 0.5176 0.5403
vt 0.5005 0.5647
vt 0.5068 0.5383
vt 0.4968 0.5640
vt 0.4963 0.5364
vt 0.4929 0.5632
vt 0.4873 0.5354
vt 0.4849 0.5625
vt 0.4768 0.5618
vt 0.4783 0.5344
vt 0.4692 0.5344
vt 0.4688 0.5618
vt 0.4607 0.5615
vt 0.4602 0.5344
vt 0.4568 0.5618
vt 0.4492 0.5354
vt 0.4529 0.5620
vt 0.4382 0.5361
vt 0.4497 0.5632
vt 0.4270 0.5381
vt 0.4465 0.5642
vt 0.4158 0.5400
vt 0.3982 0.5903
vt 0.4304 0.6035
vt 0.3931 0.6040
vt 0.4272 0.6160
vt 0.3877 0.6174
vt 0.4241 0.6282
vt 0.4062 0.6392
vt 0.4255 0.6372
vt 0.4114 0.6470
vt 0.4270 0.6462
vt 0.4155 0.6562
vt 0.4297 0.6812
vt 0.4182 0.6887
vt 0.4695 0.1040
vt 0.4683 0.1147
vt 0.4490 0.1060
vt 0.4473 0.1187
vt 0.4839 0.1631
vt 0.4639 0.1743
vt 0.4917 0.1826
vt 0.4724 0.1982
vt 0.5005 0.1973
vt 0.4619 0.2002
vt 0.4678 0.2188
vt 0.4583 0.2178
vt 0.4607 0.2314
vt 0.4595 0.2412
vt 0.4631 0.2539
vt 0.4641 0.2710
vt 0.4546 0.2500
vt 0.4531 0.2642
vt 0.4446 0.2837
vt 0.4375 0.2759
vt 0.4236 0.2979
vt 0.4160 0.2910
vt 0.3774 0.3335
vt 0.3660 0.3291
vt 0.3713 0.3447
vt 0.4668 0.3008
vt 0.4509 0.3076
vt 0.4333 0.3188
vt 0.3921 0.3486
vt 0.3870 0.3579
vt 0.3721 0.3535
vt 0.3643 0.3779
vt 0.3762 0.3755
vt 0.3674 0.3911
vt 0.3738 0.3638
vt 0.3616 0.3647
vt 0.3596 0.3525
vt 0.3877 0.3633
vt 0.3884 0.3687
vt 0.3899 0.3755
vt 0.3923 0.3853
vt 0.3794 0.3877
vt 0.3713 0.4038
vt 0.3606 0.4072
vt 0.3958 0.3960
vt 0.3831 0.3999
vt 0.3872 0.4121
vt 0.3760 0.4165
vt 0.3918 0.4238
vt 0.3809 0.4292
vt 0.3967 0.4351
vt 0.3865 0.4414
vt 0.4019 0.4443
vt 0.4084 0.4272
vt 0.4109 0.4321
vt 0.4058 0.4224
vt 0.4031 0.4160
vt 0.3994 0.4067
vt 0.3921 0.4526
vt 0.4062 0.4517
vt 0.4177 0.4575
vt 0.4207 0.4365
vt 0.4714 0.4365
vt 0.4758 0.4590
vt 0.4922 0.4351
vt 0.5010 0.4580
vt 0.5093 0.4312
vt 0.5244 0.4570
vt 0.5225 0.4258
vt 0.4109 0.4673
vt 0.3975 0.4614
vt 0.4739 0.4692
vt 0.5000 0.4688
vt 0.5195 0.4688
vt 0.5337 0.4712
vt 0.5288 0.4795
vt 0.5381 0.4834
vt 0.3877 0.4692
vt 0.3823 0.4590
vt 0.3933 0.4785
vt 0.4700 0.4771
vt 0.4966 0.4771
vt 0.5156 0.4775
vt 0.4551 0.0664
vt 0.4658 0.0571
vt 0.4626 0.0747
vt 0.4443 0.0757
vt 0.4526 0.0835
vt 0.4622 0.0918
vt 0.4712 0.0835
vt 0.4731 0.0659
vt 0.4771 0.0488
vt 0.4839 0.0581
vt 0.4807 0.0757
vt 0.4819 0.0918
vt 0.4768 0.0962
vt 0.4546 0.0991
vt 0.4441 0.0928
vt 0.4731 0.1006
vt 0.4370 0.1006
vt 0.4355 0.1152
vt 0.4534 0.1753
vt 0.4348 0.0850
vt 0.4268 0.0938
vt 0.4199 0.1016
vt 0.4448 0.1743
vt 0.4531 0.1997
vt 0.4756 0.8518
vt 0.4763 0.8424
vt 0.4888 0.8501
vt 0.4905 0.8425
vt 0.4617 0.8512
vt 0.4622 0.8419
vt 0.4624 0.8362
vt 0.4768 0.8363
vt 0.4924 0.8350
vt 0.4482 0.8348
vt 0.4480 0.8409
vt 0.4478 0.8503
vt 0.4602 0.8795
vt 0.4756 0.8804
vt 0.4905 0.8832
vt 0.4348 0.8473
vt 0.4446 0.8787
vt 0.4597 0.8895
vt 0.4768 0.8906
vt 0.4939 0.8918
vt 0.4761 0.8999
vt 0.4971 0.9004
vt 0.4592 0.8986
vt 0.4426 0.8887
vt 0.4297 0.8801
vt 0.4421 0.8981
vt 0.4255 0.8882
vt 0.4214 0.8964
vt 0.4644 0.9248
vt 0.4709 0.9280
vt 0.4580 0.9217
vt 0.4512 0.9241
vt 0.4443 0.9266
vt 0.4116 0.9045
vt 0.4321 0.9344
vt 0.4019 0.9127
vt 0.5059 0.9095
vt 0.4822 0.9370
vt 0.5146 0.9186
vt 0.4937 0.9460
vt 0.5483 0.9446
vt 0.5337 0.9811
vt 0.5444 0.9771
vt 0.5518 0.9439
vt 0.5552 0.9730
vt 0.5547 0.9433
vt 0.5649 0.9683
vt 0.5586 0.9416
vt 0.5752 0.9637
vt 0.5620 0.9398
vt 0.5830 0.9590
vt 0.5688 0.9357
vt 0.5757 0.9315
vt 0.5908 0.9545
vt 0.5981 0.9492
vt 0.5825 0.9269
vt 0.5889 0.9222
vt 0.6055 0.9439
vt 0.5923 0.9197
vt 0.6138 0.9367
vt 0.5952 0.9172
vt 0.6221 0.9296
vt 0.5972 0.9144
vt 0.6304 0.9214
vt 0.5991 0.9117
vt 0.6382 0.9133
vt 0.6226 0.8623
vt 0.5889 0.8705
vt 0.6191 0.8483
vt 0.5840 0.8586
vt 0.6152 0.8342
vt 0.5796 0.8468
vt 0.5874 0.8275
vt 0.5728 0.8403
vt 0.5786 0.8243
vt 0.5698 0.8192
vt 0.5845 0.8082
vt 0.5933 0.8115
vt 0.6152 0.8270
vt 0.6147 0.8198
vt 0.6196 0.8146
vt 0.5752 0.8047
vt 0.5439 0.8075
vt 0.5811 0.7902
vt 0.5908 0.7924
vt 0.5996 0.7959
vt 0.6245 0.8094
vt 0.5400 0.7911
vt 0.5488 0.7946
vt 0.5537 0.7815
vt 0.5562 0.7684
vt 0.5884 0.7770
vt 0.5977 0.7765
vt 0.6064 0.7760
vt 0.5493 0.7643
vt 0.5449 0.7778
vt 0.5664 0.8340
vt 0.5366 0.8188
vt 0.5347 0.8043
vt 0.5347 0.7891
vt 0.5396 0.7756
vt 0.5317 0.7760
vt 0.5342 0.7650
vt 0.5288 0.7869
vt 0.5234 0.7968
vt 0.4988 0.8287
vt 0.5039 0.8206
vt 0.5049 0.8225
vt 0.5112 0.8136
vt 0.5132 0.8192
vt 0.5181 0.8068
vt 0.5215 0.8160
vt 0.5293 0.8022
vt 0.5293 0.8174
vt 0.4407 0.8259
vt 0.4517 0.8280
vt 0.4629 0.8300
vt 0.4741 0.8291
vt 0.4854 0.8282
vt 0.4946 0.8243
vt 0.4165 0.8086
vt 0.4231 0.8163
vt 0.4136 0.8140
vt 0.4216 0.8181
vt 0.4319 0.8210
vt 0.4272 0.8250
vt 0.4329 0.8318
vt 0.4338 0.8396
vt 0.3772 0.7722
vt 0.3762 0.7589
vt 0.3862 0.7695
vt 0.3896 0.7833
vt 0.3953 0.7817
vt 0.3936 0.7970
vt 0.3997 0.7954
vt 0.3979 0.8105
vt 0.4058 0.8099
vt 0.4099 0.8010
vt 0.3901 0.8112
vt 0.3950 0.7449
vt 0.4001 0.7480
vt 0.3904 0.7522
vt 0.3982 0.7578
vt 0.3921 0.7678
vt 0.3999 0.7690
vt 0.4014 0.7802
vt 0.4055 0.7906
vt 0.3833 0.7556
vt 0.3145 0.7545
vt 0.2925 0.7834
vt 0.3037 0.7478
vt 0.3037 0.7926
vt 0.3252 0.7614
vt 0.3301 0.7817
vt 0.3342 0.7627
vt 0.3391 0.7792
vt 0.3435 0.7642
vt 0.3494 0.7781
vt 0.3845 0.7991
vt 0.3809 0.7856
vt 0.3533 0.7931
vt 0.3438 0.7957
vt 0.3350 0.7980
vt 0.3081 0.7983
vt 0.3115 0.8110
vt 0.3389 0.8145
vt 0.3105 0.8182
vt 0.3479 0.8121
vt 0.3574 0.8080
vt 0.3391 0.8458
vt 0.3330 0.8571
vt 0.3054 0.8318
vt 0.3450 0.8346
vt 0.3521 0.8289
vt 0.3591 0.8231
vt 0.8423 0.2510
vt 0.8540 0.2471
vt 0.8462 0.2598
vt 0.8589 0.2573
vt 0.8491 0.2715
vt 0.8672 0.2710
vt 0.8403 0.2412
vt 0.8647 0.3008
vt 0.8784 0.2642
vt 0.8867 0.2837
vt 0.8682 0.2539
vt 0.8628 0.2441
vt 0.8521 0.2358
vt 0.8359 0.2305
vt 0.8091 0.2178
vt 0.8218 0.2085
vt 0.8506 0.2202
vt 0.8613 0.2329
vt 0.8716 0.2412
vt 0.8638 0.2188
vt 0.8706 0.2314
vt 0.8730 0.2178
vt 0.8691 0.2002
vt 0.8589 0.1982
vt 0.8311 0.1978
vt 0.8872 0.0928
vt 0.8965 0.0850
vt 0.8940 0.1006
vt 0.9043 0.0938
vt 0.9116 0.1016
vt 0.8960 0.1152
vt 0.8867 0.1743
vt 0.8779 0.1753
vt 0.8784 0.1997
vt 0.8398 0.1826
vt 0.8677 0.1743
vt 0.8843 0.1187
vt 0.8823 0.1060
vt 0.8765 0.0991
vt 0.8618 0.1040
vt 0.8633 0.1147
vt 0.8477 0.1631
vt 0.8418 0.0854
vt 0.8325 0.0786
vt 0.8403 0.0679
vt 0.8506 0.0757
vt 0.8496 0.0918
vt 0.8604 0.0835
vt 0.8545 0.0962
vt 0.8691 0.0918
vt 0.8584 0.1006
vt 0.8784 0.0835
vt 0.8687 0.0747
vt 0.8584 0.0659
vt 0.8477 0.0581
vt 0.8296 0.0605
vt 0.8232 0.0718
vt 0.8364 0.0503
vt 0.8545 0.0488
vt 0.8657 0.0571
vt 0.8765 0.0664
vt 0.8867 0.0757
vt 0.8252 0.0430
vt 0.8135 0.0361
vt 0.8306 0.0332
vt 0.8428 0.0405
vt 0.8193 0.0537
vt 0.8086 0.0479
vt 0.7993 0.0430
vt 0.8022 0.0308
vt 0.7910 0.0396
vt 0.7886 0.0605
vt 0.7993 0.0586
vt 0.8037 0.0610
vt 0.8086 0.0630
vt 0.8149 0.0664
vt 0.7124 0.1289
vt 0.7075 0.1440
vt 0.6870 0.1226
vt 0.6924 0.1050
vt 0.7197 0.1167
vt 0.7109 0.0903
vt 0.7314 0.1040
vt 0.7305 0.0747
vt 0.7476 0.0903
vt 0.7783 0.0420
vt 0.6768 0.1089
vt 0.6558 0.0894
vt 0.6548 0.0986
vt 0.6421 0.0923
vt 0.6655 0.0913
vt 0.6655 0.1006
vt 0.6768 0.0986
vt 0.6895 0.0923
vt 0.7056 0.0811
vt 0.7959 0.0146
vt 0.8066 0.0195
vt 0.7925 0.0269
vt 0.7861 0.0107
vt 0.7783 0.0298
vt 0.7251 0.0566
vt 0.7266 0.0654
vt 0.7036 0.0723
vt 0.6875 0.0830
vt 0.6753 0.0894
vt 0.8184 0.0259
vt 0.3125 0.8040
vt 0.1428 0.1191
vt 0.1379 0.1191
vt 0.1428 0.1030
vt 0.1428 0.1348
vt 0.1379 0.1030
vt 0.1428 0.0874
vt 0.1299 0.1030
vt 0.1429 0.0557
vt 0.1429 0.0718
vt 0.1381 0.0557
vt 0.1381 0.0718
vt 0.1381 0.0874
vt 0.1300 0.0874
vt 0.0803 0.0874
vt 0.0803 0.1030
vt 0.0306 0.1030
vt 0.0225 0.0400
vt 0.0227 0.0239
vt 0.0306 0.0400
vt 0.0306 0.0557
vt 0.0803 0.0566
vt 0.0803 0.0723
vt 0.1300 0.0557
vt 0.1300 0.0718
vt 0.0306 0.0718
vt 0.0225 0.0557
vt 0.0225 0.0718
vt 0.0306 0.0874
vt 0.0226 0.1030
vt 0.0226 0.1191
vt 0.0177 0.1030
vt 0.0177 0.1191
vt 0.0226 0.0874
vt 0.0177 0.0718
vt 0.0176 0.0557
vt 0.0176 0.0396
vt 0.0178 0.0234
vt 0.0188 0.0073
vt 0.0177 0.0874
vt 0.0237 0.0078
vt 0.0307 0.0244
vt 0.0803 0.0415
vt 0.1300 0.0400
vt 0.1381 0.0400
vt 0.0315 0.0088
vt 0.0803 0.0264
vt 0.1299 0.0244
vt 0.1379 0.0239
vt 0.1429 0.0396
vt 0.1428 0.0234
vt 0.1417 0.0073
vt 0.1370 0.0078
vt 0.1292 0.0088
vt 0.0803 0.0117
vt 0.1299 0.1348
vt 0.1299 0.1504
vt 0.0803 0.1348
vt 0.0803 0.1504
vt 0.0803 0.1191
vt 0.1299 0.1191
vt 0.1379 0.1348
vt 0.1379 0.1504
vt 0.1299 0.1660
vt 0.0803 0.1660
vt 0.0307 0.1504
vt 0.0307 0.1348
vt 0.1379 0.1660
vt 0.0307 0.1191
vt 0.0226 0.1348
vt 0.0226 0.1504
vt 0.0177 0.1348
vt 0.0177 0.1504
vt 0.0177 0.1660
vt 0.0226 0.1660
vt 0.0177 0.1821
vt 0.0306 0.2134
vt 0.0306 0.1978
vt 0.0803 0.2134
vt 0.0803 0.1978
vt 0.0307 0.1821
vt 0.0803 0.1821
vt 0.0307 0.1660
vt 0.0226 0.1978
vt 0.0226 0.1821
vt 0.0177 0.1978
vt 0.0226 0.2134
vt 0.0225 0.2290
vt 0.0306 0.2290
vt 0.0225 0.2451
vt 0.0306 0.2451
vt 0.0225 0.2607
vt 0.0177 0.2134
vt 0.0177 0.2290
vt 0.0176 0.2451
vt 0.0176 0.2612
vt 0.0178 0.2773
vt 0.0227 0.2769
vt 0.0188 0.2935
vt 0.0236 0.2930
vt 0.0306 0.2607
vt 0.0307 0.2764
vt 0.0314 0.2920
vt 0.0803 0.2744
vt 0.0803 0.2891
vt 0.1292 0.2920
vt 0.1299 0.2764
vt 0.1370 0.2930
vt 0.1300 0.2607
vt 0.0803 0.2593
vt 0.0803 0.2441
vt 0.0803 0.2290
vt 0.1299 0.1821
vt 0.1299 0.1978
vt 0.1300 0.2134
vt 0.1300 0.2290
vt 0.1300 0.2451
vt 0.1379 0.1978
vt 0.1381 0.2134
vt 0.1381 0.2290
vt 0.1381 0.2451
vt 0.1381 0.2607
vt 0.1379 0.2769
vt 0.1418 0.2935
vt 0.1428 0.2773
vt 0.1429 0.2612
vt 0.1429 0.2451
vt 0.1429 0.2290
vt 0.1428 0.2134
vt 0.1428 0.1978
vt 0.1379 0.1821
vt 0.1428 0.1821
vt 0.1428 0.1660
vt 0.1428 0.1504
vt 0.2112 0.7229
vt 0.2186 0.7280
vt 0.2063 0.7429
vt 0.2283 0.7114
vt 0.2201 0.7075
vt 0.2262 0.6909
vt 0.2349 0.6931
vt 0.2292 0.6733
vt 0.2383 0.6741
vt 0.2036 0.7175
vt 0.2117 0.7036
vt 0.2172 0.6885
vt 0.2200 0.6726
vt 0.2291 0.6555
vt 0.2382 0.6548
vt 0.2261 0.6379
vt 0.2200 0.6562
vt 0.2170 0.6404
vt 0.2200 0.6213
vt 0.2115 0.6252
vt 0.2111 0.6060
vt 0.2035 0.6113
vt 0.1930 0.5989
vt 0.2349 0.6357
vt 0.2281 0.6174
vt 0.2185 0.6008
vt 0.1996 0.5923
vt 0.1807 0.5886
vt 0.1859 0.5811
vt 0.1666 0.5806
vt 0.2059 0.5859
vt 0.1912 0.5735
vt 0.1705 0.5720
vt 0.1743 0.5640
vt 0.1538 0.5662
vt 0.1561 0.5574
vt 0.1364 0.5630
vt 0.1371 0.5540
vt 0.1515 0.5750
vt 0.1355 0.5723
vt 0.1186 0.5630
vt 0.1177 0.5540
vt 0.1011 0.5662
vt 0.0987 0.5574
vt 0.0743 0.5889
vt 0.0620 0.5991
vt 0.0690 0.5813
vt 0.0883 0.5806
vt 0.0844 0.5723
vt 0.1035 0.5752
vt 0.1194 0.5723
vt 0.0805 0.5640
vt 0.0638 0.5737
vt 0.0554 0.5925
vt 0.0516 0.6116
vt 0.0440 0.6062
vt 0.0436 0.6255
vt 0.0352 0.6216
vt 0.0381 0.6409
vt 0.0490 0.5862
vt 0.0366 0.6011
vt 0.0269 0.6179
vt 0.0291 0.6384
vt 0.0353 0.6567
vt 0.0261 0.6560
vt 0.0261 0.6736
vt 0.0203 0.6360
vt 0.0170 0.6550
vt 0.0171 0.6746
vt 0.0292 0.6912
vt 0.0204 0.6936
vt 0.0353 0.7078
vt 0.0271 0.7117
vt 0.0368 0.7285
vt 0.0442 0.7231
vt 0.0557 0.7368
vt 0.0622 0.7302
vt 0.0353 0.6729
vt 0.0382 0.6887
vt 0.0437 0.7039
vt 0.0518 0.7180
vt 0.0746 0.7407
vt 0.0693 0.7483
vt 0.0886 0.7488
vt 0.0847 0.7571
vt 0.1038 0.7542
vt 0.1014 0.7631
vt 0.1198 0.7568
vt 0.1190 0.7661
vt 0.1367 0.7661
vt 0.1375 0.7751
vt 0.0493 0.7432
vt 0.0641 0.7556
vt 0.0809 0.7653
vt 0.0991 0.7719
vt 0.1182 0.7751
vt 0.1542 0.7631
vt 0.1565 0.7717
vt 0.1747 0.7651
vt 0.1709 0.7568
vt 0.1914 0.7554
vt 0.1863 0.7480
vt 0.1998 0.7366
vt 0.1932 0.7300
vt 0.1809 0.7405
vt 0.1669 0.7485
vt 0.1517 0.7540
vt 0.1359 0.7568
vt 0.9707 0.9909
vt 0.9917 0.9603
vt 0.9917 0.9909
vt 0.9707 0.9603
vt 0.9116 0.9909
vt 0.9116 0.9603
vt 0.9707 0.9296
vt 0.9917 0.9296
vt 0.9917 0.8987
vt 0.9707 0.8987
vt 0.9917 0.8679
vt 0.9116 0.9296
vt 0.8530 0.9296
vt 0.8530 0.9603
vt 0.8530 0.9909
vt 0.8320 0.8987
vt 0.8530 0.8987
vt 0.8320 0.9296
vt 0.8320 0.9603
vt 0.8320 0.9909
vt 0.9707 0.7754
vt 0.9917 0.8063
vt 0.9707 0.8063
vt 0.9917 0.8370
vt 0.9707 0.8370
vt 0.9707 0.8679
vt 0.9116 0.8987
vt 0.8320 0.8679
vt 0.8530 0.8679
vt 0.9116 0.8679
vt 0.9116 0.8370
vt 0.9116 0.8063
vt 0.9116 0.7754
vt 0.8530 0.8370
vt 0.8530 0.8063
vt 0.8530 0.7754
vt 0.9116 0.7446
vt 0.8530 0.7446
vt 0.8530 0.7139
vt 0.8320 0.7139
vt 0.8320 0.6831
vt 0.8530 0.6831
vt 0.8320 0.6523
vt 0.9116 0.7139
vt 0.9707 0.7446
vt 0.9707 0.7139
vt 0.9707 0.6831
vt 0.9116 0.6831
vt 0.8530 0.6523
vt 0.8320 0.6213
vt 0.9707 0.6523
vt 0.9917 0.6523
vt 0.9917 0.6831
vt 0.9917 0.7139
vt 0.9917 0.7446
vt 0.9917 0.7754
vt 0.9917 0.6213
vt 0.9707 0.6213
vt 0.9116 0.6523
vt 0.9707 0.5906
vt 0.9917 0.5906
vt 0.9707 0.5598
vt 0.9917 0.5601
vt 0.9707 0.5291
vt 0.9917 0.5291
vt 0.9707 0.4985
vt 0.9917 0.4985
vt 0.9917 0.4678
vt 0.9917 0.4375
vt 0.9707 0.4678
vt 0.9116 0.4985
vt 0.9116 0.5291
vt 0.9116 0.5596
vt 0.9116 0.5906
vt 0.9116 0.4678
vt 0.9707 0.4375
vt 0.9917 0.4067
vt 0.8530 0.4985
vt 0.8530 0.5291
vt 0.8530 0.4678
vt 0.8530 0.4375
vt 0.9116 0.4375
vt 0.9707 0.4067
vt 0.9917 0.3760
vt 0.9116 0.4067
vt 0.8530 0.4067
vt 0.8315 0.4067
vt 0.8315 0.4375
vt 0.8315 0.4678
vt 0.8320 0.4985
vt 0.8320 0.5291
vt 0.8315 0.3760
vt 0.8530 0.3760
vt 0.9116 0.3760
vt 0.9707 0.3760
vt 0.9116 0.3457
vt 0.9707 0.3457
vt 0.9116 0.3149
vt 0.9707 0.3149
vt 0.9116 0.2842
vt 0.9707 0.2842
vt 0.8530 0.3457
vt 0.8530 0.3149
vt 0.9917 0.2842
vt 0.9707 0.2539
vt 0.9917 0.3149
vt 0.9917 0.3457
vt 0.9707 0.1313
vt 0.9707 0.1006
vt 0.9917 0.1313
vt 0.9707 0.1621
vt 0.9917 0.1621
vt 0.9707 0.1924
vt 0.9917 0.1924
vt 0.9707 0.2231
vt 0.9917 0.2231
vt 0.9917 0.2539
vt 0.9116 0.2539
vt 0.9116 0.2231
vt 0.9116 0.1924
vt 0.9116 0.1621
vt 0.8530 0.1621
vt 0.8530 0.1924
vt 0.8530 0.2231
vt 0.8530 0.2539
vt 0.8530 0.2842
vt 0.8315 0.2231
vt 0.8315 0.2539
vt 0.8315 0.2842
vt 0.8315 0.3149
vt 0.8315 0.3457
vt 0.9116 0.1313
vt 0.9116 0.1006
vt 0.8530 0.1313
vt 0.8315 0.1313
vt 0.8315 0.1621
vt 0.8315 0.1924
vt 0.8530 0.1006
vt 0.8315 0.1006
vt 0.8315 0.0396
vt 0.8315 0.0088
vt 0.8530 0.0088
vt 0.8530 0.0396
vt 0.8315 0.0698
vt 0.8530 0.0698
vt 0.9116 0.0698
vt 0.9917 0.1006
vt 0.9707 0.0698
vt 0.9116 0.0396
vt 0.9116 0.0088
vt 0.9917 0.0698
vt 0.9707 0.0396
vt 0.9707 0.0088
vt 0.9917 0.0396
vt 0.9917 0.0088
vt 0.4575 0.0835
vt 0.5029 0.0840
vt 0.4580 0.1133
vt 0.5039 0.1133
vt 0.5479 0.0840
vt 0.5493 0.1138
vt 0.4119 0.0654
vt 0.4575 0.0654
vt 0.5024 0.0659
vt 0.5474 0.0659
vt 0.3665 0.0835
vt 0.3665 0.0659
vt 0.4121 0.0835
vt 0.4121 0.1128
vt 0.4585 0.1460
vt 0.5049 0.1460
vt 0.5513 0.1465
vt 0.4121 0.1455
vt 0.3660 0.1133
vt 0.3655 0.1460
vt 0.4121 0.1777
vt 0.4590 0.1777
vt 0.5059 0.1777
vt 0.5532 0.1782
vt 0.5981 0.1465
vt 0.3210 0.0840
vt 0.3201 0.1133
vt 0.3191 0.1460
vt 0.3650 0.1777
vt 0.4121 0.2173
vt 0.3647 0.2173
vt 0.3179 0.1777
vt 0.2725 0.1465
vt 0.2744 0.1138
vt 0.2761 0.0840
vt 0.3213 0.0659
vt 0.2766 0.0664
vt 0.2292 0.1138
vt 0.2321 0.0840
vt 0.2328 0.0659
vt 0.1906 0.0659
vt 0.1890 0.0840
vt 0.1508 0.0630
vt 0.1475 0.0811
vt 0.1135 0.0566
vt 0.4121 0.2656
vt 0.3645 0.2656
vt 0.3169 0.2173
vt 0.2705 0.1782
vt 0.2258 0.1465
vt 0.1844 0.1133
vt 0.1401 0.1104
vt 0.1082 0.0742
vt 0.0973 0.1030
vt 0.0786 0.0444
vt 0.0724 0.0615
vt 0.0573 0.0884
vt 0.0850 0.1362
vt 0.1318 0.1431
vt 0.1790 0.1460
vt 0.0655 0.2656
vt 0.0683 0.2129
vt 0.1200 0.2163
vt 0.1251 0.1753
vt 0.1743 0.1777
vt 0.0753 0.1699
vt 0.0252 0.1587
vt 0.0392 0.1216
vt 0.0157 0.2075
vt 0.0123 0.2656
vt 0.2294 0.4175
vt 0.1846 0.4185
vt 0.2260 0.3853
vt 0.1790 0.3857
vt 0.1320 0.3887
vt 0.1252 0.3560
vt 0.0754 0.3618
vt 0.0683 0.3188
vt 0.0157 0.3242
vt 0.0252 0.3730
vt 0.1201 0.3154
vt 0.1743 0.3540
vt 0.3191 0.3853
vt 0.2725 0.3853
vt 0.3181 0.3535
vt 0.2705 0.3535
vt 0.2228 0.3535
vt 0.1708 0.3145
vt 0.1179 0.2656
vt 0.1708 0.2173
vt 0.2205 0.3140
vt 0.2690 0.3140
vt 0.1692 0.2656
vt 0.2227 0.1782
vt 0.2203 0.2178
vt 0.2192 0.2656
vt 0.2683 0.2656
vt 0.2690 0.2178
vt 0.3167 0.2656
vt 0.3171 0.3140
vt 0.3647 0.3140
vt 0.4121 0.3140
vt 0.4597 0.3140
vt 0.4592 0.3540
vt 0.5063 0.3535
vt 0.5054 0.3853
vt 0.4587 0.3857
vt 0.4121 0.3540
vt 0.3652 0.3540
vt 0.5034 0.4473
vt 0.4580 0.4478
vt 0.5039 0.4180
vt 0.4583 0.4185
vt 0.4124 0.4185
vt 0.4124 0.3857
vt 0.3657 0.3857
vt 0.4124 0.4478
vt 0.4124 0.4658
vt 0.3667 0.4478
vt 0.3662 0.4185
vt 0.3203 0.4180
vt 0.2747 0.4180
vt 0.3213 0.4478
vt 0.3667 0.4658
vt 0.3215 0.4653
vt 0.1403 0.4214
vt 0.1891 0.4478
vt 0.2322 0.4473
vt 0.2764 0.4473
vt 0.2766 0.4653
vt 0.2329 0.4653
vt 0.1908 0.4653
vt 0.1509 0.4683
vt 0.1476 0.4507
vt 0.1083 0.4575
vt 0.0974 0.4287
vt 0.1137 0.4751
vt 0.0787 0.4873
vt 0.0726 0.4702
vt 0.0574 0.4434
vt 0.0851 0.3955
vt 0.0393 0.4102
vt 0.5498 0.4175
vt 0.5483 0.4473
vt 0.5029 0.4653
vt 0.4580 0.4658
vt 0.5479 0.4653
vt 0.5518 0.3848
vt 0.5952 0.4175
vt 0.5923 0.4473
vt 0.5918 0.4653
vt 0.6338 0.4653
vt 0.6353 0.4473
vt 0.6738 0.4678
vt 0.4597 0.2656
vt 0.5073 0.3140
vt 0.5537 0.3535
vt 0.5986 0.3848
vt 0.6401 0.4180
vt 0.6841 0.4209
vt 0.6772 0.4502
vt 0.7163 0.4570
vt 0.7271 0.4282
vt 0.7109 0.4746
vt 0.7461 0.4863
vt 0.7520 0.4697
vt 0.7671 0.4429
vt 0.7393 0.3950
vt 0.6924 0.3882
vt 0.8120 0.2651
vt 0.7588 0.2651
vt 0.7559 0.2124
vt 0.7563 0.3184
vt 0.7046 0.3149
vt 0.6992 0.3555
vt 0.6499 0.3535
vt 0.6455 0.3853
vt 0.7490 0.3613
vt 0.7993 0.3721
vt 0.7852 0.4097
vt 0.8086 0.3237
vt 0.6016 0.3530
vt 0.6538 0.3135
vt 0.6040 0.3140
vt 0.6548 0.2651
vt 0.6050 0.2656
vt 0.6040 0.2173
vt 0.5557 0.2656
vt 0.5552 0.3140
vt 0.5073 0.2656
vt 0.5552 0.2178
vt 0.5068 0.2173
vt 0.4595 0.2173
vt 0.6011 0.1782
vt 0.6533 0.2168
vt 0.7061 0.2651
vt 0.6499 0.1772
vt 0.7041 0.2153
vt 0.6450 0.1455
vt 0.6987 0.1748
vt 0.5947 0.1138
vt 0.6396 0.1128
vt 0.6919 0.1426
vt 0.7485 0.1694
vt 0.8086 0.2065
vt 0.7988 0.1582
vt 0.7388 0.1357
vt 0.7847 0.1211
vt 0.7666 0.0879
vt 0.7104 0.0562
vt 0.7451 0.0439
vt 0.7158 0.0737
vt 0.7515 0.0605
vt 0.7266 0.1025
vt 0.6836 0.1099
vt 0.6348 0.0835
vt 0.5918 0.0840
vt 0.6763 0.0806
vt 0.5913 0.0659
vt 0.6333 0.0659
vt 0.6729 0.0630
vt 0.2408 0.5381
vt 0.2401 0.5562
vt 0.1987 0.5381
vt 0.1970 0.5559
vt 0.1588 0.5354
vt 0.1555 0.5530
vt 0.1483 0.5825
vt 0.1163 0.5461
vt 0.1054 0.5752
vt 0.0654 0.5605
vt 0.0931 0.6082
vt 0.0474 0.5938
vt 0.0333 0.6309
vt 0.0806 0.5334
vt 0.0867 0.5166
vt 0.1216 0.5288
vt 0.0835 0.6418
vt 0.0239 0.6794
vt 0.1400 0.6152
vt 0.1334 0.8281
vt 0.0765 0.7906
vt 0.0205 0.7378
vt 0.0240 0.7964
vt 0.0836 0.8337
vt 0.0335 0.8447
vt 0.1873 0.8575
vt 0.1401 0.8604
vt 0.0933 0.8673
vt 0.0476 0.8820
vt 0.0656 0.9150
vt 0.6636 0.2129
vt 0.6719 0.1934
vt 0.6587 0.1934
vt 0.6470 0.1411
vt 0.6440 0.1226
vt 0.6187 0.1289
vt 0.6392 0.1050
vt 0.6558 0.1216
vt 0.6577 0.1396
vt 0.6655 0.1226
vt 0.6655 0.1401
vt 0.6738 0.1396
vt 0.6650 0.1934
vt 0.6543 0.1089
vt 0.6655 0.1104
vt 0.6753 0.1216
vt 0.6841 0.1411
vt 0.6816 0.1938
vt 0.6206 0.0903
vt 0.6260 0.0811
vt 0.6006 0.0747
vt 0.6050 0.0654
vt 0.5527 0.0420
vt 0.5532 0.0298
vt 0.5400 0.0396
vt 0.5386 0.0269
vt 0.6113 0.1167
vt 0.5996 0.1040
vt 0.5835 0.0903
vt 0.5425 0.0605
vt 0.5322 0.0586
vt 0.5322 0.0430
vt 0.4910 0.0679
vt 0.5015 0.0605
vt 0.4949 0.0503
vt 0.5122 0.0537
vt 0.5063 0.0430
vt 0.5225 0.0479
vt 0.5181 0.0361
vt 0.5288 0.0308
vt 0.5249 0.0195
vt 0.5132 0.0259
vt 0.5005 0.0332
vt 0.4888 0.0405
vt 0.5352 0.0146
vt 0.5454 0.0107
vt 0.6064 0.0566
vt 0.6279 0.0723
vt 0.6440 0.0830
vt 0.8115 0.4688
vt 0.7979 0.4712
vt 0.8066 0.4570
vt 0.7671 0.5154
vt 0.7803 0.5032
vt 0.7734 0.5210
vt 0.7734 0.4971
vt 0.7861 0.4912
vt 0.7798 0.4844
vt 0.7930 0.4834
vt 0.7876 0.4761
vt 0.7920 0.4629
vt 0.7925 0.4458
vt 0.7505 0.5352
vt 0.7573 0.5110
vt 0.7637 0.4883
vt 0.7739 0.4761
vt 0.7817 0.4683
vt 0.7832 0.4536
vt 0.7788 0.4326
vt 0.7275 0.5325
vt 0.7119 0.5808
vt 0.7324 0.5122
vt 0.7344 0.4951
vt 0.7573 0.4712
vt 0.7676 0.4648
vt 0.7749 0.4585
vt 0.7646 0.4443
vt 0.7388 0.3975
vt 0.7710 0.4399
vt 0.7583 0.4492
vt 0.7466 0.3921
vt 0.7378 0.3765
vt 0.8091 0.4258
vt 0.7959 0.4165
vt 0.7690 0.3862
vt 0.7617 0.3740
vt 0.7588 0.3633
vt 0.8218 0.4312
vt 0.8301 0.4580
vt 0.8315 0.4688
vt 0.8555 0.4590
vt 0.8574 0.4692
vt 0.9136 0.4575
vt 0.8599 0.4365
vt 0.9106 0.4365
vt 0.9204 0.4321
vt 0.8394 0.4351
vt 0.9297 0.4443
vt 0.9253 0.4517
vt 0.9204 0.4673
vt 0.8613 0.4771
vt 0.8350 0.4771
vt 0.8154 0.4775
vt 0.8022 0.4795
vt 0.9380 0.4785
vt 0.9336 0.4614
vt 0.9395 0.4526
vt 0.9448 0.4414
vt 0.9346 0.4351
vt 0.9507 0.4292
vt 0.9395 0.4238
vt 0.9556 0.4165
vt 0.9663 0.4209
vt 0.9707 0.4072
vt 0.9600 0.4038
vt 0.9639 0.3911
vt 0.9443 0.4121
vt 0.9282 0.4160
vt 0.9253 0.4224
vt 0.9229 0.4272
vt 0.9321 0.4067
vt 0.9482 0.3999
vt 0.9521 0.3877
vt 0.9551 0.3755
vt 0.9673 0.3779
vt 0.9575 0.3638
vt 0.9697 0.3647
vt 0.9595 0.3535
vt 0.9438 0.3633
vt 0.9429 0.3687
vt 0.9414 0.3755
vt 0.9390 0.3853
vt 0.9355 0.3960
vt 0.8804 0.3076
vt 0.9077 0.2979
vt 0.8979 0.3188
vt 0.9541 0.3335
vt 0.9395 0.3486
vt 0.9600 0.3447
vt 0.9443 0.3579
vt 0.9717 0.3525
vt 0.9727 0.3418
vt 0.9653 0.3291
vt 0.9155 0.2910
vt 0.8940 0.2759
vt 0.8770 0.2500
vt 0.8867 0.2593
vt 0.9014 0.2715
vt 0.9233 0.2871
vt 0.9858 0.3311
vt 0.9849 0.3413
vt 0.9834 0.3530
vt 0.9814 0.3662
vt 0.9785 0.3804
vt 0.9751 0.3940
vt 0.0436 0.8486
vt 0.0381 0.8639
vt 0.0352 0.8447
vt 0.0261 0.8790
vt 0.0353 0.8798
vt 0.0291 0.8615
vt 0.0269 0.8409
vt 0.0203 0.8591
vt 0.0170 0.8782
vt 0.0171 0.8975
vt 0.0261 0.8967
vt 0.0292 0.9142
vt 0.0204 0.9166
vt 0.0271 0.9348
vt 0.0353 0.9309
vt 0.0368 0.9515
vt 0.0493 0.9663
vt 0.0557 0.9599
vt 0.0442 0.9463
vt 0.0437 0.9270
vt 0.0382 0.9118
vt 0.0353 0.8959
vt 0.0886 0.9717
vt 0.1038 0.9772
vt 0.0847 0.9801
vt 0.0693 0.9713
vt 0.0746 0.9637
vt 0.0622 0.9533
vt 0.0518 0.9409
vt 0.1359 0.9800
vt 0.1367 0.9892
vt 0.1198 0.9800
vt 0.1190 0.9892
vt 0.1014 0.9862
vt 0.0809 0.9884
vt 0.0641 0.9787
vt 0.1747 0.9882
vt 0.1709 0.9800
vt 0.1914 0.9785
vt 0.1542 0.9861
vt 0.1565 0.9949
vt 0.1375 0.9982
vt 0.1182 0.9983
vt 0.0991 0.9950
vt 0.2112 0.9460
vt 0.2186 0.9512
vt 0.1998 0.9596
vt 0.2063 0.9660
vt 0.1863 0.9711
vt 0.1669 0.9716
vt 0.1517 0.9771
vt 0.1809 0.9635
vt 0.1932 0.9531
vt 0.2036 0.9407
vt 0.2117 0.9267
vt 0.2201 0.9306
vt 0.2172 0.9115
vt 0.2200 0.8795
vt 0.2261 0.8611
vt 0.2291 0.8786
vt 0.2200 0.8956
vt 0.2292 0.8964
vt 0.2262 0.9139
vt 0.2349 0.9162
vt 0.2283 0.9344
vt 0.2281 0.8406
vt 0.2349 0.8588
vt 0.2382 0.8778
vt 0.2383 0.8972
vt 0.1912 0.7966
vt 0.1859 0.8041
vt 0.1743 0.7870
vt 0.2059 0.8091
vt 0.1996 0.8154
vt 0.2185 0.8239
vt 0.2111 0.8291
vt 0.2200 0.8445
vt 0.2170 0.8635
vt 0.1666 0.8036
vt 0.1515 0.7981
vt 0.1705 0.7952
vt 0.1807 0.8116
vt 0.1930 0.8220
vt 0.2035 0.8344
vt 0.2115 0.8484
vt 0.1035 0.7982
vt 0.0844 0.7954
vt 0.1011 0.7893
vt 0.1194 0.7954
vt 0.1186 0.7861
vt 0.1355 0.7954
vt 0.1364 0.7861
vt 0.1538 0.7892
vt 0.1177 0.7771
vt 0.0987 0.7805
vt 0.1371 0.7771
vt 0.1561 0.7804
vt 0.0440 0.8293
vt 0.0366 0.8242
vt 0.0554 0.8157
vt 0.0490 0.8093
vt 0.0638 0.7969
vt 0.0690 0.8043
vt 0.0805 0.7871
vt 0.0516 0.8347
vt 0.0620 0.8223
vt 0.0743 0.8119
vt 0.0883 0.8038
vt 0.1517 0.8405
vt 0.1698 0.8479
vt 0.1515 0.8477
vt 0.1696 0.8374
vt 0.1521 0.8334
vt 0.1693 0.8268
vt 0.1514 0.8944
vt 0.1514 0.8851
vt 0.1703 0.8935
vt 0.1704 0.8851
vt 0.1703 0.8766
vt 0.1514 0.8758
vt 0.1703 0.8683
vt 0.1514 0.8665
vt 0.1700 0.8582
vt 0.1515 0.8571
vt 0.1696 0.9329
vt 0.1693 0.9434
vt 0.1521 0.9369
vt 0.1517 0.9297
vt 0.1698 0.9222
vt 0.1515 0.9225
vt 0.1515 0.9131
vt 0.1700 0.9121
vt 0.1514 0.9037
vt 0.1703 0.9019
vt 0.6094 0.5994
vt 0.6196 0.5808
vt 0.6270 0.5889
vt 0.6177 0.6013
vt 0.6318 0.5896
vt 0.6284 0.6030
vt 0.6372 0.5906
vt 0.6401 0.6042
vt 0.6440 0.5913
vt 0.6528 0.6052
vt 0.6543 0.5918
vt 0.6655 0.6055
vt 0.6655 0.5920
vt 0.6772 0.5918
vt 0.6025 0.6106
vt 0.6128 0.6130
vt 0.6255 0.6150
vt 0.6387 0.6165
vt 0.6519 0.6174
vt 0.6655 0.6177
vt 0.6787 0.6052
vt 0.6870 0.5913
vt 0.6372 0.6279
vt 0.6514 0.6289
vt 0.6655 0.6292
vt 0.6792 0.6174
vt 0.6909 0.6042
vt 0.6938 0.5906
vt 0.7031 0.6030
vt 0.6929 0.6165
vt 0.7061 0.6150
vt 0.7134 0.6013
vt 0.7183 0.6130
vt 0.7222 0.5994
vt 0.7383 0.5996
vt 0.7310 0.5901
vt 0.7593 0.5403
vt 0.7285 0.6106
vt 0.7212 0.6243
vt 0.7080 0.6262
vt 0.6938 0.6279
vt 0.6797 0.6289
vt 0.7329 0.6223
vt 0.7432 0.6199
vt 0.7656 0.5466
vt 0.6992 0.5896
vt 0.7046 0.5889
vt 0.8320 0.8370
vt 0.8320 0.8063
vt 0.8320 0.7754
vt 0.8320 0.7446
vt 0.5645 0.5154
vt 0.5742 0.5110
vt 0.5811 0.5352
vt 0.5718 0.5403
vt 0.6006 0.5901
vt 0.5928 0.5996
vt 0.5679 0.4883
vt 0.5986 0.5122
vt 0.6040 0.5325
vt 0.5391 0.4458
vt 0.5396 0.4629
vt 0.5435 0.4761
vt 0.5513 0.4844
vt 0.5581 0.4971
vt 0.5352 0.4165
vt 0.5449 0.4912
vt 0.5508 0.5032
vt 0.5576 0.5210
vt 0.5659 0.5466
vt 0.5879 0.6199
vt 0.5986 0.6223
vt 0.6099 0.6243
vt 0.6230 0.6262
vt 0.1157 0.5078
vt 0.1157 0.5217
vt 0.0161 0.5078
vt 0.0161 0.5217
vt 0.1157 0.5354
vt 0.0161 0.5354
vt 0.1157 0.5493
vt 0.0161 0.5493
vt 0.0161 0.4390
vt 0.1157 0.4390
vt 0.0161 0.4531
vt 0.1157 0.4531
vt 0.0161 0.4668
vt 0.1157 0.4668
vt 0.0161 0.4805
vt 0.1157 0.4805
vt 0.1157 0.4941
vt 0.0161 0.4941
vt 0.0161 0.3701
vt 0.1157 0.3701
vt 0.0161 0.3838
vt 0.1157 0.3838
vt 0.1157 0.3979
vt 0.0161 0.3979
vt 0.1157 0.4116
vt 0.0161 0.4116
vt 0.0161 0.4253
vt 0.1157 0.4253
vt 0.0161 0.3013
vt 0.1157 0.3013
vt 0.0161 0.3149
vt 0.1157 0.3149
vt 0.1157 0.3286
vt 0.0161 0.3286
vt 0.1157 0.3428
vt 0.0161 0.3428
vt 0.1157 0.3564
vt 0.0161 0.3564
vt 0.2654 0.0718
vt 0.2654 0.0874
vt 0.2700 0.1191
vt 0.2700 0.1030
vt 0.2703 0.0874
vt 0.2703 0.0718
vt 0.9116 0.6213
vt 0.8530 0.6213
vt 0.8530 0.5906
vt 0.8530 0.5598
vt 0.8320 0.5601
vt 0.8320 0.5908
vt 0.1450 0.1660
vt 0.1450 0.1504
vt 0.1450 0.1348
vt 0.1450 0.1191
vt 0.1450 0.1030
vt 0.3743 0.8901
vt 0.3284 0.8898
vt 0.3733 0.8256
vt 0.3271 0.8572
vt 0.2827 0.8895
vt 0.6680 0.6560
vt 0.6489 0.6826
vt 0.6626 0.6458
vt 0.6089 0.6448
vt 0.6064 0.6794
vt 0.5947 0.6440
vt 0.5938 0.6804
vt 0.5811 0.6812
vt 0.5728 0.6853
vt 0.5649 0.6895
vt 0.6582 0.7031
vt 0.6841 0.6951
vt 0.6606 0.7107
vt 0.6558 0.6953
vt 0.6816 0.6863
vt 0.6543 0.6917
vt 0.6772 0.6763
vt 0.6528 0.6880
vt 0.6729 0.6660
vt 0.6509 0.6853
vt 0.6182 0.7704
vt 0.6367 0.8015
vt 0.6294 0.7648
vt 0.6489 0.7935
vt 0.6646 0.7410
vt 0.6948 0.7660
vt 0.6943 0.7545
vt 0.6650 0.7375
vt 0.6938 0.7432
vt 0.6655 0.7344
vt 0.6924 0.7324
vt 0.6646 0.7305
vt 0.6909 0.7214
vt 0.6641 0.7266
vt 0.6890 0.7126
vt 0.6626 0.7188
vt 0.6870 0.7036
vt 0.8579 0.7122
vt 0.8540 0.7258
vt 0.8164 0.7009
vt 0.8135 0.7122
vt 0.8496 0.7378
vt 0.8101 0.7227
vt 0.8452 0.7493
vt 0.8062 0.7327
vt 0.8403 0.7605
vt 0.8018 0.7422
vt 0.8345 0.7719
vt 0.7964 0.7518
vt 0.8237 0.6550
vt 0.8242 0.6445
vt 0.8667 0.6445
vt 0.8667 0.6567
vt 0.8232 0.6660
vt 0.8657 0.6697
vt 0.8213 0.6775
vt 0.8638 0.6833
vt 0.8193 0.6895
vt 0.8608 0.6980
vt 0.8579 0.5767
vt 0.8608 0.5911
vt 0.8164 0.5879
vt 0.8193 0.5996
vt 0.8638 0.6055
vt 0.8213 0.6113
vt 0.8657 0.6194
vt 0.8232 0.6230
vt 0.8667 0.6321
vt 0.8237 0.6338
vt 0.7964 0.5371
vt 0.8345 0.5171
vt 0.8018 0.5469
vt 0.8403 0.5286
vt 0.8062 0.5564
vt 0.8452 0.5398
vt 0.8101 0.5662
vt 0.8496 0.5510
vt 0.8135 0.5767
vt 0.8540 0.5632
vt 0.2502 0.9315
vt 0.2676 0.9355
vt 0.2505 0.9421
vt 0.2681 0.9283
vt 0.2500 0.9209
vt 0.2683 0.9212
vt 0.2683 0.9118
vt 0.2498 0.9107
vt 0.2683 0.9023
vt 0.2495 0.9006
vt 0.2683 0.8931
vt 0.2495 0.8922
vt 0.2683 0.8837
vt 0.2494 0.8837
vt 0.2495 0.8753
vt 0.2683 0.8744
vt 0.2495 0.8669
vt 0.2683 0.8651
vt 0.2498 0.8568
vt 0.2683 0.8557
vt 0.2500 0.8466
vt 0.2683 0.8463
vt 0.2681 0.8391
vt 0.2502 0.8359
vt 0.2676 0.8320
vt 0.2505 0.8254
vt 0.8047 0.8915
vt 0.8027 0.8985
vt 0.7856 0.8915
vt 0.7842 0.8981
vt 0.8013 0.9055
vt 0.7827 0.9047
vt 0.7964 0.9194
vt 0.7778 0.9176
vt 0.7915 0.9335
vt 0.7734 0.9305
vt 0.7554 0.9778
vt 0.7725 0.9849
vt 0.7554 0.8053
vt 0.7725 0.7982
vt 0.7915 0.8496
vt 0.7734 0.8525
vt 0.7778 0.8655
vt 0.7964 0.8636
vt 0.7827 0.8784
vt 0.8013 0.8776
vt 0.7842 0.8849
vt 0.8027 0.8846
vt 0.1287 0.6633
vt 0.0595 0.6409
vt 0.0637 0.6311
vt 0.0697 0.6221
vt 0.0776 0.6135
vt 0.0868 0.6057
vt 0.0969 0.5994
vt 0.1075 0.5945
vt 0.1181 0.5916
vt 0.1287 0.5906
vt 0.1392 0.5916
vt 0.1498 0.5945
vt 0.1604 0.5994
vt 0.1705 0.6057
vt 0.1798 0.6135
vt 0.1876 0.6221
vt 0.1936 0.6311
vt 0.1978 0.6409
vt 0.2002 0.6514
vt 0.2007 0.6624
vt 0.1993 0.6738
vt 0.1964 0.6855
vt 0.1920 0.6965
vt 0.1863 0.7068
vt 0.1793 0.7153
vt 0.1714 0.7222
vt 0.1622 0.7278
vt 0.1520 0.7317
vt 0.1406 0.7339
vt 0.1287 0.7346
vt 0.1167 0.7339
vt 0.1053 0.7317
vt 0.0950 0.7278
vt 0.0859 0.7222
vt 0.0779 0.7153
vt 0.0710 0.7068
vt 0.0653 0.6965
vt 0.0609 0.6855
vt 0.0579 0.6738
vt 0.0566 0.6624
vt 0.0572 0.6514
vt 0.8984 0.8954
vt 0.8799 0.8980
vt 0.8960 0.8887
vt 0.8774 0.8917
vt 0.8936 0.8821
vt 0.8750 0.8854
vt 0.8867 0.8689
vt 0.8687 0.8733
vt 0.8799 0.8557
vt 0.8623 0.8611
vt 0.8379 0.8169
vt 0.8540 0.8075
vt 0.8799 0.9923
vt 0.8618 0.9877
vt 0.8730 0.9384
vt 0.8916 0.9387
vt 0.8760 0.9249
vt 0.8945 0.9241
vt 0.8789 0.9115
vt 0.8975 0.9096
vt 0.8794 0.9048
vt 0.8979 0.9025
vt 0.9609 0.4341
vt 0.9551 0.4468
vt 0.9492 0.4590
vt 0.9434 0.4692
vt 0.7612 0.9005
vt 0.7441 0.8935
vt 0.7627 0.8935
vt 0.7427 0.9001
vt 0.7598 0.9074
vt 0.7412 0.9067
vt 0.7549 0.9214
vt 0.7363 0.9196
vt 0.7500 0.9354
vt 0.7319 0.9326
vt 0.7310 0.9868
vt 0.7139 0.9798
vt 0.3088 0.9283
vt 0.3013 0.9203
vt 0.3247 0.9057
vt 0.3220 0.9028
vt 0.2937 0.9124
vt 0.3203 0.9000
vt 0.2866 0.9034
vt 0.3186 0.8970
vt 0.2795 0.8945
vt 0.3003 0.8453
vt 0.3525 0.9288
vt 0.3560 0.9310
vt 0.3372 0.9512
vt 0.3298 0.9458
vt 0.3462 0.9240
vt 0.3396 0.9191
vt 0.3225 0.9404
vt 0.3157 0.9344
vt 0.3335 0.9138
vt 0.3274 0.9085
vt 0.4199 0.9422
vt 0.3657 0.9350
vt 0.3762 0.9728
vt 0.3660 0.9677
vt 0.3625 0.9340
vt 0.3557 0.9626
vt 0.3594 0.9330
vt 0.3464 0.9569
vt 0.3462 0.3413
vt 0.3586 0.3418
vt 0.3479 0.3530
vt 0.3455 0.3311
vt 0.4082 0.2871
vt 0.4299 0.2715
vt 0.4448 0.2593
vt 0.3501 0.3662
vt 0.3530 0.3804
vt 0.3564 0.3940
vt 0.3652 0.4209
vt 0.3704 0.4341
vt 0.3762 0.4468
vt 0.7139 0.8073
vt 0.7310 0.8002
vt 0.7319 0.8545
vt 0.7500 0.8517
vt 0.7363 0.8674
vt 0.7549 0.8656
vt 0.7412 0.8804
vt 0.7598 0.8796
vt 0.7427 0.8870
vt 0.7612 0.8865
vt 0.0972 0.9458
vt 0.0800 0.9392
vt 0.0975 0.9352
vt 0.0798 0.9321
vt 0.0978 0.9246
vt 0.0795 0.9249
vt 0.0795 0.9155
vt 0.0980 0.9144
vt 0.0794 0.9061
vt 0.0983 0.9043
vt 0.0794 0.8968
vt 0.0983 0.8959
vt 0.0794 0.8875
vt 0.0984 0.8875
vt 0.0983 0.8790
vt 0.0794 0.8781
vt 0.0983 0.8706
vt 0.0794 0.8689
vt 0.0980 0.8605
vt 0.0795 0.8594
vt 0.0978 0.8503
vt 0.0795 0.8500
vt 0.0798 0.8429
vt 0.0975 0.8397
vt 0.0800 0.8357
vt 0.0972 0.8291
vt 0.1221 0.5078
vt 0.2217 0.5078
vt 0.1221 0.5217
vt 0.2217 0.5217
vt 0.1221 0.5354
vt 0.2217 0.5354
vt 0.2217 0.5493
vt 0.1221 0.5493
vt 0.1221 0.4390
vt 0.2217 0.4390
vt 0.1221 0.4531
vt 0.2217 0.4531
vt 0.1221 0.4668
vt 0.2217 0.4668
vt 0.2217 0.4805
vt 0.1221 0.4805
vt 0.1221 0.4941
vt 0.2217 0.4941
vt 0.1221 0.3701
vt 0.2217 0.3701
vt 0.1221 0.3838
vt 0.2217 0.3838
vt 0.2217 0.3979
vt 0.1221 0.3979
vt 0.2217 0.4116
vt 0.1221 0.4116
vt 0.2217 0.4253
vt 0.1221 0.4253
vt 0.1221 0.3013
vt 0.2217 0.3013
vt 0.1221 0.3149
vt 0.2217 0.3149
vt 0.1221 0.3286
vt 0.2217 0.3286
vt 0.1221 0.3428
vt 0.2217 0.3428
vt 0.1221 0.3564
vt 0.2217 0.3564
vt 0.8062 0.8099
vt 0.8232 0.8029
vt 0.8242 0.8572
vt 0.8423 0.8542
vt 0.8286 0.8701
vt 0.8472 0.8683
vt 0.8330 0.8830
vt 0.8521 0.8822
vt 0.8350 0.8895
vt 0.8535 0.8892
vt 0.8364 0.8961
vt 0.8550 0.8961
vt 0.8535 0.9031
vt 0.8350 0.9027
vt 0.8521 0.9100
vt 0.8330 0.9093
vt 0.8472 0.9241
vt 0.8286 0.9222
vt 0.8423 0.9380
vt 0.8242 0.9352
vt 0.8232 0.9895
vt 0.8062 0.9824
vt 0.6743 0.9830
vt 0.6582 0.9736
vt 0.7002 0.9348
vt 0.6826 0.9294
vt 0.6890 0.9172
vt 0.7070 0.9216
vt 0.6953 0.9051
vt 0.7139 0.9084
vt 0.6978 0.8987
vt 0.7163 0.9017
vt 0.7002 0.8925
vt 0.7188 0.8951
vt 0.6997 0.8857
vt 0.7183 0.8880
vt 0.7178 0.8809
vt 0.6992 0.8790
vt 0.7148 0.8663
vt 0.6963 0.8656
vt 0.7119 0.8518
vt 0.6934 0.8522
vt 0.7002 0.7982
vt 0.6821 0.8027
vt 0.1160 0.9323
vt 0.1158 0.9251
vt 0.1340 0.9248
vt 0.1338 0.9354
vt 0.1163 0.9394
vt 0.1334 0.9460
vt 0.1157 0.8783
vt 0.1345 0.8792
vt 0.1157 0.8876
vt 0.1345 0.8876
vt 0.1345 0.8961
vt 0.1157 0.8969
vt 0.1345 0.9045
vt 0.1157 0.9062
vt 0.1343 0.9146
vt 0.1157 0.9156
vt 0.1334 0.8292
vt 0.1338 0.8398
vt 0.1163 0.8358
vt 0.1160 0.8430
vt 0.1340 0.8505
vt 0.1158 0.8502
vt 0.1157 0.8596
vt 0.1343 0.8606
vt 0.1157 0.8690
vt 0.1345 0.8708
vt 0.9233 0.6477
vt 0.8809 0.6477
vt 0.9238 0.6355
vt 0.8813 0.6328
vt 0.9243 0.6240
vt 0.8818 0.6189
vt 0.9258 0.6130
vt 0.8838 0.6062
vt 0.9277 0.6025
vt 0.8862 0.5942
vt 0.9302 0.5923
vt 0.8887 0.5820
vt 0.8921 0.5698
vt 0.9331 0.5818
vt 0.8970 0.5566
vt 0.9370 0.5708
vt 0.9023 0.5430
vt 0.9414 0.5598
vt 0.9082 0.5295
vt 0.9463 0.5488
vt 0.9146 0.5171
vt 0.9517 0.5383
vt 0.9517 0.7567
vt 0.9146 0.7782
vt 0.9463 0.7463
vt 0.9082 0.7656
vt 0.9414 0.7356
vt 0.9023 0.7522
vt 0.9370 0.7244
vt 0.8970 0.7388
vt 0.9331 0.7134
vt 0.8921 0.7256
vt 0.9302 0.7029
vt 0.8887 0.7131
vt 0.8862 0.7012
vt 0.9277 0.6926
vt 0.8838 0.6890
vt 0.9258 0.6821
vt 0.8818 0.6763
vt 0.9243 0.6711
vt 0.8813 0.6624
vt 0.9238 0.6597
vt 0.5430 0.7603
vt 0.5391 0.7523
vt 0.5337 0.7550
vt 0.5347 0.7444
vt 0.5327 0.7451
vt 0.5283 0.7358
vt 0.5342 0.7356
vt 0.5273 0.0610
vt 0.5225 0.0630
vt 0.5166 0.0664
vt 0.5083 0.0718
vt 0.4988 0.0786
vt 0.4897 0.0854
vt 0.2446 0.7087
vt 0.2472 0.6982
vt 0.2722 0.7100
vt 0.2712 0.7136
vt 0.2422 0.7195
vt 0.2712 0.7170
vt 0.2405 0.7307
vt 0.2712 0.7202
vt 0.2388 0.7422
vt 0.2812 0.7742
vt 0.2847 0.6758
vt 0.2603 0.6643
vt 0.2866 0.6724
vt 0.2566 0.6726
vt 0.2815 0.6833
vt 0.2783 0.6907
vt 0.2529 0.6809
vt 0.2500 0.6895
vt 0.2759 0.6985
vt 0.2732 0.7061
vt 0.3364 0.6306
vt 0.2930 0.6641
vt 0.2832 0.6260
vt 0.2771 0.6355
vt 0.2908 0.6665
vt 0.2708 0.6450
vt 0.2883 0.6689
vt 0.2654 0.6545
vn 0.9962 -0.0872 0.0000
vn 0.9918 -0.0868 -0.0942
vn 0.9918 -0.0868 0.0942
vn 0.7880 -0.0689 0.6118
vn 0.9659 -0.2588 0.0000
vn 0.9063 -0.4226 0.0000
vn 0.7169 -0.3343 0.6118
vn 0.8155 -0.5710 0.0942
vn 0.9023 -0.4207 0.0942
vn 0.7641 -0.2047 0.6118
vn 0.9616 -0.2577 0.0942
vn 0.9616 -0.2577 -0.0942
vn 0.7641 -0.2047 -0.6118
vn 0.8155 -0.5710 -0.0942
vn 0.9023 -0.4207 -0.0942
vn 0.7169 -0.3343 -0.6118
vn 0.6480 -0.4537 -0.6118
vn 0.8192 -0.5736 0.0000
vn 0.7880 -0.0689 -0.6118
vn 0.4207 -0.9023 -0.0942
vn 0.3343 -0.7169 -0.6118
vn 0.4226 -0.9063 0.0000
vn 0.5736 -0.8192 0.0000
vn 0.7071 -0.7071 0.0000
vn 0.6480 -0.4537 0.6118
vn 0.7040 -0.7040 0.0942
vn 0.7040 -0.7040 -0.0942
vn 0.5594 -0.5594 -0.6118
vn 0.4537 -0.6480 -0.6118
vn 0.5710 -0.8155 -0.0942
vn 0.5710 -0.8155 0.0942
vn 0.5594 -0.5594 0.6118
vn 0.3343 -0.7169 0.6118
vn 0.4537 -0.6480 0.6118
vn 0.2588 -0.9659 0.0000
vn 0.4207 -0.9023 0.0942
vn 0.2047 -0.7641 0.6118
vn 0.0872 -0.9962 0.0000
vn -0.0872 -0.9962 0.0000
vn 0.2577 -0.9616 0.0942
vn 0.0689 -0.7880 0.6118
vn -0.4207 -0.9023 0.0942
vn -0.3343 -0.7169 0.6118
vn -0.2047 -0.7641 0.6118
vn -0.0689 -0.7880 0.6118
vn 0.0868 -0.9918 0.0942
vn 0.2577 -0.9616 -0.0942
vn 0.0868 -0.9918 -0.0942
vn 0.0689 -0.7880 -0.6118
vn -0.0689 -0.7880 -0.6118
vn -0.2047 -0.7641 -0.6118
vn -0.2577 -0.9616 -0.0942
vn -0.0868 -0.9918 -0.0942
vn -0.3343 -0.7169 -0.6118
vn -0.4207 -0.9023 -0.0942
vn -0.2577 -0.9616 0.0942
vn -0.0868 -0.9918 0.0942
vn -0.8192 -0.5736 0.0000
vn -0.7071 -0.7071 0.0000
vn -0.5736 -0.8192 0.0000
vn -0.4537 -0.6480 -0.6118
vn -0.5710 -0.8155 -0.0942
vn -0.5710 -0.8155 0.0942
vn -0.5594 -0.5594 -0.6118
vn -0.4537 -0.6480 0.6118
vn -0.7040 -0.7040 0.0942
vn -0.7040 -0.7040 -0.0942
vn -0.6480 -0.4537 -0.6118
vn -0.7169 -0.3343 -0.6118
vn -0.8155 -0.5710 0.0942
vn -0.9023 -0.4207 0.0942
vn -0.9023 -0.4207 -0.0942
vn -0.8155 -0.5710 -0.0942
vn -0.7641 -0.2047 -0.6118
vn -0.9616 -0.2577 -0.0942
vn -0.9616 -0.2577 0.0942
vn -0.7641 -0.2047 0.6118
vn -0.7169 -0.3343 0.6118
vn -0.9063 -0.4226 0.0000
vn -0.9659 -0.2588 -0.0000
vn -0.9962 -0.0872 0.0000
vn -0.7880 -0.0689 0.6118
vn -0.9918 -0.0868 0.0942
vn -0.9918 -0.0868 -0.0942
vn -0.7880 -0.0689 -0.6118
vn -0.7721 -0.6354 -0.0144
vn -0.7576 -0.6527 -0.0089
vn -0.7309 -0.6822 -0.0159
vn -0.7243 -0.6894 -0.0118
vn -0.6984 -0.7156 -0.0125
vn -0.7035 -0.7106 -0.0089
vn -0.6732 -0.7394 -0.0064
vn -0.6774 -0.7356 -0.0038
vn -0.6407 -0.7678 -0.0001
vn -0.6440 -0.7651 0.0018
vn -0.6059 -0.7955 0.0042
vn -0.6060 -0.7954 0.0043
vn -0.5692 -0.8222 0.0043
vn -0.5694 -0.8221 0.0042
vn -0.5286 -0.8489 0.0018
vn -0.5322 -0.8466 -0.0001
vn -0.4902 -0.8716 -0.0038
vn -0.4952 -0.8688 -0.0064
vn -0.4585 -0.8887 -0.0089
vn -0.4647 -0.8854 -0.0125
vn -0.4318 -0.9019 -0.0118
vn -0.4230 -0.9060 -0.0159
vn -0.3867 -0.9222 -0.0089
vn -0.3657 -0.9306 -0.0144
vn 0.5297 0.0363 0.8474
vn 0.4940 0.0173 0.8693
vn 0.4705 0.0816 0.8786
vn 0.4038 0.0696 0.9122
vn 0.3835 0.0359 0.9228
vn 0.4060 -0.0514 0.9124
vn 0.4770 -0.0441 0.8778
vn 0.6150 -0.3891 0.6858
vn 0.6320 -0.3717 0.6800
vn 0.7269 -0.3418 0.5957
vn 0.6264 -0.4413 0.6426
vn 0.6882 -0.5464 0.4772
vn 0.5082 -0.6375 0.5791
vn 0.1951 -0.0468 0.9797
vn 0.1884 -0.0357 0.9814
vn 0.3425 0.0433 0.9385
vn 0.3980 -0.0042 0.9174
vn 0.4886 0.0276 0.8720
vn 0.5004 0.0117 0.8657
vn 0.5694 0.0433 0.8209
vn 0.5547 0.0770 0.8285
vn 0.5309 0.0621 0.8452
vn 0.5109 0.1179 0.8515
vn 0.4790 0.1103 0.8708
vn 0.4524 0.1922 0.8708
vn 0.4827 0.2048 0.8515
vn 0.4966 0.1865 0.8477
vn 0.5114 0.1410 0.8477
vn 0.5326 0.1476 0.8334
vn 0.4710 0.1316 0.8722
vn 0.5312 0.1541 0.8331
vn 0.5147 0.2032 0.8330
vn 0.5188 0.1940 0.8326
vn 0.4945 0.2638 0.8282
vn 0.4661 0.2618 0.8451
vn 0.4498 0.2821 0.8474
vn 0.4099 0.2765 0.8692
vn 0.4288 0.2103 0.8786
vn 0.3677 0.1808 0.9122
vn 0.3452 0.1603 0.9248
vn 0.4485 0.2048 0.8700
vn 0.4517 0.1814 0.8735
vn 0.0952 0.0300 0.9950
vn 0.2129 0.1082 0.9711
vn 0.2066 0.1165 0.9715
vn 0.3413 0.1899 0.9206
vn 0.2855 0.2743 0.9183
vn 0.4035 0.3215 0.8567
vn 0.4055 0.2972 0.8645
vn 0.4827 0.3144 0.8174
vn 0.2838 0.2995 0.9109
vn 0.2928 0.6722 0.6800
vn 0.3871 0.7037 0.5957
vn 0.2460 0.7253 0.6430
vn 0.2338 0.8480 0.4757
vn 0.0082 0.8115 0.5844
vn 0.0634 0.8635 0.5004
vn -0.1606 0.7776 0.6079
vn -0.2137 0.7614 0.6120
vn -0.4399 0.5774 0.6878
vn -0.3988 0.6038 0.6902
vn 0.1405 0.2091 0.9678
vn 0.1377 0.2254 0.9645
vn 0.0223 0.1211 0.9924
vn 0.0272 0.1021 0.9944
vn -0.0376 0.0254 0.9990
vn -0.0155 -0.0418 0.9990
vn -0.0223 -0.0516 0.9984
vn 0.0158 -0.2000 0.9797
vn 0.0243 -0.1901 0.9815
vn 0.1470 -0.3123 0.9385
vn -0.5505 0.4132 0.7254
vn -0.5710 0.3380 0.7482
vn -0.6304 0.2110 0.7471
vn -0.6376 0.0555 0.7683
vn -0.6462 0.0168 0.7630
vn -0.5935 -0.2380 0.7688
vn -0.5263 -0.5814 0.6205
vn -0.5578 -0.5415 0.6290
vn -0.4406 -0.7371 0.5123
vn -0.4493 -0.6803 0.5791
vn 0.1190 -0.3799 0.9174
vn 0.1772 -0.4562 0.8720
vn 0.1658 -0.4723 0.8657
vn 0.2172 -0.5282 0.8209
vn 0.2446 -0.5038 0.8285
vn 0.2231 -0.4857 0.8452
vn 0.2700 -0.4494 0.8515
vn 0.2530 -0.4215 0.8708
vn 0.3226 -0.3709 0.8708
vn 0.3325 -0.3428 0.8786
vn 0.3050 -0.4610 0.8334
vn 0.2922 -0.4428 0.8477
vn 0.3308 -0.4147 0.8477
vn 0.3439 -0.3958 0.8515
vn 0.2707 -0.4073 0.8722
vn 0.3107 -0.4576 0.8331
vn 0.3523 -0.4267 0.8330
vn 0.3448 -0.4334 0.8326
vn 0.4037 -0.3888 0.8282
vn 0.3930 -0.3623 0.8451
vn 0.4073 -0.3406 0.8474
vn 0.7298 -0.0708 0.6800
vn 0.7409 -0.2042 0.6398
vn -0.0032 -0.0318 0.9995
vn 0.0249 -0.0165 0.9996
vn 0.0947 -0.0608 0.9936
vn 0.0925 -0.0621 0.9938
vn 0.2005 -0.1461 0.9687
vn 0.1747 -0.1605 0.9715
vn 0.2860 -0.2659 0.9206
vn 0.2591 -0.2787 0.9248
vn 0.3334 -0.3633 0.8700
vn 0.3121 -0.3735 0.8735
vn -0.0030 -0.0117 0.9999
vn 0.0214 -0.0246 0.9995
vn 0.0205 -0.0249 0.9995
vn 0.0883 -0.0699 0.9936
vn 0.0579 -0.0812 0.9950
vn 0.1687 -0.1690 0.9711
vn 0.1178 -0.1875 0.9752
vn 0.2302 -0.2898 0.9290
vn 0.2174 -0.3217 0.9216
vn 0.2827 -0.3911 0.8759
vn 0.0010 -0.0039 1.0000
vn 0.1402 -0.1624 0.9767
vn 0.0461 -0.0975 0.9942
vn 0.0448 -0.0488 0.9978
vn 0.0176 -0.0293 0.9994
vn 0.0161 -0.0141 0.9998
vn 0.0105 -0.0207 0.9997
vn 0.0101 -0.0065 0.9999
vn 0.0300 0.0127 0.9995
vn 0.0301 0.0118 0.9995
vn 0.0938 0.0624 0.9936
vn 0.2009 0.1455 0.9687
vn 0.0877 0.0688 0.9938
vn 0.0871 0.0713 0.9936
vn 0.0234 0.0186 0.9996
vn 0.0292 -0.0129 0.9995
vn 0.0164 -0.0253 0.9995
vn 0.0211 -0.0751 0.9970
vn 0.0040 -0.0003 1.0000
vn 0.0184 0.0110 0.9998
vn 0.0333 0.0077 0.9994
vn 0.0602 0.0275 0.9978
vn 0.1069 0.0137 0.9942
vn 0.1978 0.0833 0.9767
vn 0.2147 0.0542 0.9752
vn 0.3466 0.1294 0.9290
vn 0.3731 0.1074 0.9216
vn 0.4593 0.1480 0.8759
vn 0.0229 0.0036 0.9997
vn 0.0291 0.0078 0.9995
vn 0.0780 -0.0031 0.9969
vn -0.0022 0.0019 1.0000
vn 0.0011 0.0027 1.0000
vn 0.0015 0.0037 1.0000
vn 0.0093 0.0077 0.9999
vn -0.0028 0.0325 0.9995
vn -0.0105 0.0280 0.9996
vn 0.0213 0.0238 0.9995
vn -0.0358 -0.0279 0.9990
vn 0.0350 -0.0277 0.9990
vn 0.0421 -0.0372 0.9984
vn -0.0048 0.0209 0.9998
vn 0.0030 0.0341 0.9994
vn -0.0019 0.0322 0.9995
vn -0.0076 0.0658 0.9978
vn 0.5649 -0.6468 0.5123
vn 0.3886 -0.6914 0.6091
vn 0.3515 -0.6803 0.6431
vn 0.0430 -0.6380 0.7688
vn -0.2157 -0.6094 0.7630
vn -0.2498 -0.5893 0.7683
vn -0.3954 -0.5344 0.7470
vn -0.4979 -0.4386 0.7482
vn -0.5631 -0.3958 0.7254
vn -0.0887 0.0574 0.9944
vn -0.7342 0.4844 0.4757
vn -0.7692 0.2586 0.5844
vn -0.8016 0.3272 0.5004
vn -0.7805 0.0407 0.6238
vn -0.8004 0.0752 0.5948
vn -0.6851 -0.2400 0.6878
vn -0.6975 -0.1927 0.6902
vn -0.1718 0.2007 0.9645
vn -0.1554 0.1982 0.9678
vn -0.0763 0.2361 0.9687
vn -0.0470 0.2325 0.9715
vn -0.0371 0.2359 0.9711
vn 0.0148 0.2210 0.9752
vn -0.0751 0.3832 0.9206
vn -0.1727 0.3563 0.9183
vn -0.1972 0.3625 0.9109
vn -0.1811 0.4831 0.8567
vn -0.1082 0.0586 0.9924
vn -0.0409 0.1049 0.9936
vn -0.0383 0.1046 0.9938
vn -0.0303 0.1085 0.9936
vn 0.0009 0.0998 0.9950
vn 0.0200 0.1059 0.9942
vn -0.0181 0.2138 0.9767
vn 0.0922 0.1681 0.9814
vn 0.0647 0.3391 0.9385
vn 0.1270 0.3772 0.9174
vn 0.0036 0.0229 0.9997
vn 0.0016 0.0301 0.9995
vn 0.0270 0.0732 0.9970
vn 0.0484 0.0286 0.9984
vn 0.1048 0.1711 0.9797
vn 0.5129 -0.3934 0.7630
vn 0.6201 -0.1562 0.7688
vn 0.7675 0.1610 0.6205
vn 0.7696 0.1102 0.6290
vn 0.7898 0.3374 0.5123
vn 0.4833 -0.4197 0.7683
vn 0.0371 0.0247 0.9990
vn 0.3860 -0.5412 0.7470
vn 0.2632 -0.6091 0.7482
vn -0.0161 0.0276 0.9995
vn 0.0154 -0.0426 0.9990
vn -0.0820 -0.0666 0.9944
vn 0.2024 -0.6579 0.7254
vn -0.0323 -0.7229 0.6902
vn 0.0165 -0.7257 0.6878
vn -0.3189 -0.7380 0.5948
vn -0.2799 -0.7297 0.6238
vn -0.5589 -0.6613 0.5004
vn -0.4836 -0.6516 0.5844
vn -0.0946 0.0518 0.9942
vn -0.0946 0.0317 0.9950
vn -0.1126 0.0047 0.9936
vn -0.1114 -0.0041 0.9938
vn -0.1124 -0.0065 0.9936
vn -0.0892 -0.0849 0.9924
vn -0.2439 -0.1014 0.9645
vn -0.2366 -0.0865 0.9678
vn -0.4056 -0.0755 0.9109
vn -0.3922 -0.0541 0.9183
vn -0.5154 -0.0230 0.8566
vn -0.5027 -0.0021 0.8645
vn -0.5753 0.0294 0.8174
vn -0.2481 0.0004 0.9687
vn -0.2357 0.0272 0.9715
vn -0.3877 0.0470 0.9206
vn -0.3735 0.0732 0.9248
vn -0.4832 0.0979 0.8700
vn -0.4720 0.1188 0.8735
vn -0.2358 0.0376 0.9711
vn -0.5551 0.0772 0.8282
vn -0.5337 0.1479 0.8326
vn -0.5358 0.1381 0.8330
vn -0.5203 0.1876 0.8331
vn -0.4584 0.1704 0.8722
vn -0.4586 0.1503 0.8759
vn -0.3649 0.1324 0.9216
vn -0.3565 0.0990 0.9290
vn -0.2056 0.0824 0.9752
vn -0.2090 0.0489 0.9767
vn -0.5177 0.1937 0.8334
vn -0.4940 0.2638 0.8285
vn -0.3872 0.7037 0.5957
vn -0.2474 0.7252 0.6426
vn -0.4861 0.2996 0.8209
vn -0.4117 0.2847 0.8657
vn -0.4115 0.2649 0.8720
vn -0.3195 0.2373 0.9174
vn -0.3025 0.1663 0.9385
vn -0.1314 0.1396 0.9814
vn -0.1303 0.1525 0.9797
vn 0.5327 0.3662 0.7630
vn 0.5484 0.3299 0.7683
vn -0.2356 0.8466 0.4772
vn -0.1139 0.8319 0.5431
vn -0.0131 0.8340 0.5516
vn 0.1330 0.7660 0.6290
vn 0.0840 0.7797 0.6205
vn 0.3402 0.5414 0.7688
vn 0.6606 0.0622 0.7482
vn 0.6340 0.1999 0.7471
vn -0.0121 0.0430 0.9990
vn -0.0122 0.0548 0.9984
vn -0.0613 0.0483 0.9970
vn -0.0649 0.0131 0.9978
vn -0.0315 0.0134 0.9994
vn -0.0313 0.0081 0.9995
vn -0.0318 0.0074 0.9995
vn -0.0299 -0.0013 0.9996
vn 0.6775 -0.2541 0.6902
vn 0.6882 -0.0108 0.7254
vn 0.0380 -0.0986 0.9944
vn 0.0453 0.0015 0.9990
vn -0.0312 -0.0068 0.9995
vn -0.0281 0.0108 0.9995
vn -0.0206 0.0105 0.9997
vn -0.0213 0.0019 0.9998
vn -0.0031 0.0026 1.0000
vn -0.0044 0.0112 0.9999
vn 0.0211 -0.2633 0.9645
vn 0.0531 -0.1110 0.9924
vn -0.0286 -0.1089 0.9936
vn -0.0080 -0.0288 0.9996
vn -0.0168 -0.0279 0.9995
vn -0.0120 -0.0007 0.9999
vn -0.0034 -0.0021 1.0000
vn -0.0025 -0.0015 1.0000
vn 0.0007 -0.0028 1.0000
vn 0.0029 -0.0002 1.0000
vn -0.1850 -0.3326 0.9248
vn -0.1645 -0.3542 0.9206
vn -0.0987 -0.2157 0.9715
vn -0.0770 -0.2358 0.9687
vn -0.0305 -0.1072 0.9938
vn -0.0392 -0.1056 0.9936
vn -0.0174 -0.0272 0.9995
vn -0.0224 -0.0258 0.9994
vn -0.0084 -0.0197 0.9998
vn -0.0164 -0.0164 0.9997
vn -0.1086 -0.2127 0.9711
vn -0.0594 -0.0802 0.9950
vn -0.3037 -0.3833 0.8722
vn -0.2846 -0.3897 0.8759
vn -0.2387 -0.3061 0.9216
vn -0.2044 -0.3084 0.9290
vn -0.1419 -0.1700 0.9752
vn -0.1111 -0.1836 0.9767
vn -0.0785 -0.0739 0.9942
vn -0.0325 -0.0577 0.9978
vn -0.0649 -0.0433 0.9970
vn -0.0190 -0.0234 0.9995
vn -0.4352 -0.3698 0.8209
vn -0.3980 -0.3036 0.8657
vn -0.3791 -0.3095 0.8721
vn -0.3245 -0.2306 0.9174
vn -0.2516 -0.2364 0.9385
vn -0.1733 -0.0818 0.9815
vn -0.1853 -0.0768 0.9797
vn -0.0559 0.0053 0.9984
vn -0.0446 0.0018 0.9990
vn 0.0126 0.0436 0.9990
vn -0.7889 -0.1508 0.5957
vn -0.7661 -0.0112 0.6426
vn -0.8780 0.0375 0.4772
vn -0.8264 0.1488 0.5431
vn -0.7972 0.2452 0.5516
vn -0.6874 0.3632 0.6290
vn -0.7156 0.3209 0.6205
vn -0.4098 0.4909 0.7688
vn -0.1837 0.6198 0.7630
vn -0.1443 0.6236 0.7683
vn 0.0058 0.6647 0.7470
vn 0.1450 0.6475 0.7482
vn 0.2229 0.6512 0.7254
vn 0.4511 0.5658 0.6902
vn 0.4132 0.5968 0.6878
vn 0.6581 0.4386 0.6120
vn 0.6899 0.3930 0.6079
vn 0.8408 0.2065 0.5004
vn 0.7743 0.2429 0.5844
vn 0.8787 0.0397 0.4757
vn 0.1055 0.0057 0.9944
vn 0.1220 0.0162 0.9924
vn 0.2570 -0.0613 0.9645
vn 0.2422 -0.0690 0.9678
vn 0.3726 -0.1773 0.9109
vn 0.3491 -0.1867 0.9183
vn 0.4304 -0.2844 0.8567
vn 0.4079 -0.2938 0.8645
vn 0.4482 -0.3620 0.8174
vn 0.7658 -0.0098 0.6430
vn 0.7889 -0.1507 0.5957
vn -0.0257 0.0313 0.9992
vn -0.7715 0.6332 -0.0615
vn -0.7716 0.6332 -0.0615
vn -0.6332 0.7715 -0.0615
vn -0.4705 0.8803 -0.0615
vn -0.4705 0.8803 -0.0616
vn -0.2897 0.9551 -0.0616
vn -0.2897 0.9551 -0.0615
vn -0.0979 0.9933 -0.0615
vn -0.0978 0.9933 -0.0616
vn -0.8803 0.4705 -0.0615
vn -0.0117 0.0387 0.9992
vn -0.0191 0.0357 0.9992
vn 0.2642 -0.3219 0.9092
vn 0.3219 -0.2642 0.9092
vn 0.6296 -0.5167 0.5801
vn 0.7626 -0.6258 0.1635
vn 0.8701 -0.4651 0.1635
vn 0.7184 -0.3840 0.5801
vn 0.9441 -0.2864 0.1635
vn 0.7729 -0.6343 0.0160
vn 0.8818 -0.4713 0.0160
vn 0.9568 -0.2902 0.0160
vn 0.9951 -0.0980 0.0160
vn 0.6258 -0.7626 0.1635
vn 0.6259 -0.7626 0.1635
vn 0.6343 -0.7729 0.0160
vn 0.6343 -0.7729 -0.0160
vn 0.7729 -0.6343 -0.0160
vn 0.8818 -0.4713 -0.0160
vn 0.9568 -0.2902 -0.0160
vn 0.9818 -0.0967 -0.1635
vn 0.9441 -0.2864 -0.1635
vn 0.8701 -0.4651 -0.1635
vn 0.7626 -0.6258 -0.1635
vn 0.6259 -0.7626 -0.1635
vn 0.2902 -0.9568 0.0160
vn 0.2902 -0.9568 -0.0160
vn 0.4713 -0.8818 -0.0160
vn 0.4650 -0.8701 -0.1635
vn 0.6258 -0.7626 -0.1635
vn 0.5167 -0.6296 -0.5801
vn 0.6296 -0.5167 -0.5801
vn 0.7183 -0.3840 -0.5801
vn 0.7183 -0.3839 -0.5802
vn 0.2864 -0.9441 -0.1635
vn 0.4651 -0.8701 -0.1635
vn 0.3840 -0.7183 -0.5801
vn 0.2642 -0.3219 -0.9092
vn 0.3219 -0.2642 -0.9092
vn 0.3672 -0.1963 -0.9092
vn 0.3985 -0.1209 -0.9092
vn 0.4144 -0.0408 -0.9092
vn -0.0402 0.0040 -0.9992
vn -0.0313 0.0257 -0.9992
vn -0.0357 0.0191 -0.9992
vn -0.0387 0.0117 -0.9992
vn -0.8803 0.4705 0.0615
vn -0.9551 0.2897 0.0615
vn -0.9933 0.0979 0.0615
vn 0.7794 -0.2364 -0.5802
vn 0.7794 -0.2364 -0.5801
vn 0.8106 -0.0798 -0.5801
vn 0.8106 -0.0799 -0.5801
vn 0.4144 0.0408 -0.9092
vn 0.3985 0.1209 -0.9092
vn 0.8106 0.0799 -0.5801
vn -0.0402 -0.0040 -0.9992
vn -0.0387 -0.0117 -0.9992
vn -0.0357 -0.0191 -0.9992
vn 0.3672 0.1963 -0.9092
vn 0.7794 0.2364 -0.5801
vn 0.8106 0.0798 -0.5801
vn 0.9818 0.0967 -0.1635
vn 0.9951 -0.0980 -0.0160
vn 0.9951 0.0980 -0.0160
vn 0.9441 0.2864 -0.1635
vn 0.7183 0.3839 -0.5801
vn 0.3219 0.2642 -0.9092
vn 0.2642 0.3219 -0.9092
vn 0.6296 0.5167 -0.5801
vn 0.7184 0.3840 -0.5801
vn 0.8701 0.4651 -0.1635
vn 0.9568 0.2902 -0.0160
vn 0.7626 0.6258 -0.1635
vn 0.8818 0.4713 -0.0160
vn 0.7729 0.6343 -0.0160
vn 0.6343 0.7729 -0.0160
vn 0.6343 0.7729 0.0160
vn 0.7729 0.6343 0.0160
vn 0.8818 0.4713 0.0160
vn 0.9568 0.2902 0.0160
vn 0.9951 0.0980 0.0160
vn 0.4713 0.8818 0.0160
vn 0.6259 0.7626 0.1635
vn 0.7626 0.6258 0.1635
vn 0.8701 0.4651 0.1635
vn 0.9441 0.2864 0.1635
vn 0.9818 0.0967 0.1635
vn 0.6296 0.5167 0.5801
vn 0.7183 0.3840 0.5801
vn 0.7183 0.3839 0.5801
vn 0.7794 0.2364 0.5802
vn 0.7794 0.2364 0.5801
vn 0.8106 0.0798 0.5801
vn 0.8106 0.0799 0.5801
vn 0.8106 -0.0799 0.5801
vn 0.4144 -0.0408 0.9092
vn 0.4144 0.0408 0.9092
vn -0.0402 0.0040 0.9992
vn -0.9551 0.2897 -0.0615
vn -0.9933 0.0979 -0.0615
vn -0.9933 0.0978 -0.0616
vn -0.9933 -0.0978 -0.0616
vn -0.0402 -0.0040 0.9992
vn 0.3985 0.1209 0.9092
vn 0.3672 0.1963 0.9092
vn -0.0117 -0.0387 0.9992
vn -0.0191 -0.0357 0.9992
vn -0.0257 -0.0313 0.9992
vn -0.0313 -0.0257 0.9992
vn -0.0357 -0.0191 0.9992
vn -0.0387 -0.0117 0.9992
vn -0.2897 -0.9551 -0.0615
vn -0.2897 -0.9551 -0.0616
vn -0.4705 -0.8803 -0.0616
vn -0.4705 -0.8803 -0.0615
vn -0.6332 -0.7715 -0.0615
vn -0.7716 -0.6332 -0.0615
vn -0.7715 -0.6332 -0.0615
vn -0.8803 -0.4705 -0.0615
vn -0.9551 -0.2897 -0.0615
vn -0.9933 -0.0979 -0.0615
vn 0.0799 0.8106 0.5802
vn 0.0408 0.4144 0.9092
vn 0.0967 0.9818 0.1634
vn 0.0799 0.8106 0.5801
vn 0.2364 0.7794 0.5801
vn 0.1209 0.3985 0.9092
vn -0.0040 -0.0402 0.9992
vn -0.0978 -0.9933 -0.0616
vn -0.0979 -0.9933 -0.0615
vn 0.1963 0.3672 0.9092
vn 0.3219 0.2642 0.9092
vn 0.2642 0.3219 0.9092
vn 0.3839 0.7183 0.5801
vn 0.2364 0.7794 0.5802
vn 0.2864 0.9441 0.1635
vn 0.0967 0.9818 0.1635
vn 0.4650 0.8701 0.1635
vn 0.6258 0.7626 0.1635
vn 0.5167 0.6296 0.5801
vn 0.3840 0.7183 0.5801
vn 0.4651 0.8701 0.1635
vn 0.2902 0.9568 0.0160
vn 0.2902 0.9568 -0.0160
vn 0.0980 0.9951 0.0160
vn 0.0980 0.9951 -0.0160
vn 0.2864 0.9441 -0.1635
vn 0.0967 0.9818 -0.1635
vn 0.0967 0.9818 -0.1634
vn 0.0799 0.8106 -0.5802
vn 0.0799 0.8106 -0.5801
vn 0.2364 0.7794 -0.5801
vn 0.2364 0.7794 -0.5802
vn 0.3839 0.7183 -0.5801
vn 0.3840 0.7183 -0.5801
vn 0.4651 0.8701 -0.1635
vn 0.4650 0.8701 -0.1635
vn 0.4713 0.8818 -0.0160
vn 0.0408 0.4144 -0.9092
vn 0.1209 0.3985 -0.9092
vn 0.1963 0.3672 -0.9092
vn 0.5167 0.6296 -0.5801
vn 0.6258 0.7626 -0.1635
vn 0.6259 0.7626 -0.1635
vn -0.0313 -0.0257 -0.9992
vn -0.0257 -0.0313 -0.9992
vn -0.0191 -0.0357 -0.9992
vn -0.0117 -0.0387 -0.9992
vn -0.6332 -0.7715 0.0615
vn -0.4705 -0.8803 0.0615
vn -0.4705 -0.8803 0.0616
vn -0.2897 -0.9551 0.0616
vn -0.2897 -0.9551 0.0615
vn -0.0979 -0.9933 0.0615
vn -0.0978 -0.9933 0.0616
vn -0.0040 -0.0402 -0.9992
vn -0.9933 0.0978 0.0616
vn -0.9933 -0.0978 0.0616
vn -0.9933 -0.0979 0.0615
vn -0.9551 -0.2897 0.0615
vn -0.8803 -0.4705 0.0615
vn -0.8803 -0.4705 0.0614
vn -0.7715 -0.6332 0.0615
vn -0.7716 -0.6332 0.0615
vn -0.1943 0.0272 -0.9806
vn -0.1412 -0.1365 -0.9805
vn -0.5711 -0.1828 -0.8003
vn -0.5651 -0.1709 -0.8071
vn -0.4688 -0.1398 -0.8722
vn -0.4527 -0.1191 -0.8837
vn -0.1596 -0.0284 -0.9868
vn -0.1459 0.1430 -0.9789
vn -0.6122 -0.2494 -0.7503
vn -0.6164 -0.2122 -0.7583
vn -0.5552 -0.1927 -0.8091
vn -0.5426 -0.1602 -0.8246
vn -0.4486 -0.1324 -0.8839
vn -0.4346 -0.1136 -0.8934
vn -0.1133 -0.0014 -0.9936
vn -0.1209 -0.0221 -0.9924
vn 0.0158 0.1448 -0.9893
vn -0.0208 0.0448 -0.9988
vn -0.5741 -0.2709 -0.7727
vn -0.6099 -0.2486 -0.7525
vn -0.6174 -0.2254 -0.7536
vn -0.6815 -0.1962 -0.7051
vn -0.6666 -0.2421 -0.7050
vn -0.6379 -0.2529 -0.7274
vn -0.6253 -0.2890 -0.7249
vn -0.4854 -0.3320 -0.8088
vn -0.7223 -0.4190 -0.5503
vn -0.4676 -0.6305 -0.6195
vn -0.6820 -0.5547 -0.4766
vn -0.4881 -0.7146 -0.5012
vn -0.5930 -0.6816 -0.4286
vn -0.6644 -0.1704 -0.7277
vn -0.6755 -0.1334 -0.7252
vn -0.6241 -0.1181 -0.7724
vn -0.5900 -0.0194 -0.8072
vn -0.7224 -0.4181 -0.5508
vn -0.7858 -0.3038 -0.5387
vn -0.7862 -0.3166 -0.5308
vn -0.8189 -0.2176 -0.5311
vn -0.8163 -0.2044 -0.5403
vn -0.8301 -0.0864 -0.5508
vn -0.8293 -0.0880 -0.5518
vn -0.8079 0.0415 -0.5878
vn -0.8012 0.3261 -0.5018
vn -0.8471 0.1939 -0.4948
vn -0.8469 0.3132 -0.4297
vn -0.8315 0.3533 -0.4286
vn -0.8304 0.2434 -0.5012
vn -0.7383 0.4773 -0.4766
vn -0.7442 0.2498 -0.6195
vn -0.6212 0.5582 -0.5500
vn -0.6215 0.5571 -0.5508
vn -0.5317 0.6535 -0.5388
vn -0.4376 0.5286 -0.7273
vn -0.4362 0.5592 -0.7050
vn -0.5440 0.6499 -0.5308
vn -0.3870 0.5372 -0.7494
vn -0.4264 0.5052 -0.7503
vn -0.4249 0.5032 -0.7525
vn -0.4351 0.4623 -0.7727
vn -0.4681 0.5054 -0.7248
vn -0.4658 0.3591 -0.8087
vn -0.3923 0.5207 -0.7583
vn -0.4051 0.5176 -0.7536
vn -0.3990 0.5410 -0.7403
vn -0.3942 0.5344 -0.7477
vn -0.3865 0.5400 -0.7477
vn -0.3912 0.5467 -0.7403
vn -0.3674 0.5453 -0.7535
vn -0.3972 0.5875 -0.7050
vn -0.3672 0.5792 -0.7278
vn -0.4600 0.7116 -0.5311
vn -0.4467 0.7132 -0.5402
vn -0.3387 0.7628 -0.5508
vn -0.3400 0.7616 -0.5517
vn -0.2008 0.5551 -0.8072
vn -0.3355 0.6012 -0.7253
vn -0.3052 0.5571 -0.7724
vn -0.3470 0.5601 -0.7523
vn -0.3483 0.5619 -0.7503
vn -0.3913 0.5341 -0.7494
vn -0.3546 0.4835 -0.8003
vn -0.3503 0.4867 -0.8003
vn -0.3372 0.4846 -0.8071
vn -0.2532 0.3938 -0.8837
vn -0.2778 0.4027 -0.8722
vn -0.2972 0.3886 -0.8722
vn -0.3567 0.4704 -0.8071
vn 0.0909 0.1829 -0.9789
vn -0.0763 0.1430 -0.9868
vn -0.0342 0.1932 -0.9806
vn -0.1734 0.0921 -0.9805
vn -0.2963 0.3625 -0.8836
vn -0.1124 0.1167 -0.9868
vn -0.2019 -0.0298 -0.9789
vn -0.3548 0.4685 -0.8091
vn -0.3200 0.4666 -0.8246
vn -0.2645 0.3858 -0.8839
vn -0.2383 0.3768 -0.8951
vn -0.0337 0.1089 -0.9935
vn -0.0631 0.1100 -0.9919
vn 0.1426 0.0297 -0.9893
vn 0.0361 0.0336 -0.9988
vn 0.1547 -0.0227 -0.9877
vn 0.1226 -0.0244 -0.9922
vn 0.1574 -0.0604 -0.9857
vn 0.2023 -0.0398 -0.9785
vn 0.1947 -0.0463 -0.9798
vn 0.1637 -0.0626 -0.9845
vn 0.2125 -0.0105 -0.9771
vn 0.1590 -0.0552 -0.9857
vn 0.1423 -0.0855 -0.9861
vn 0.1660 -0.0539 -0.9847
vn 0.1593 -0.0790 -0.9841
vn 0.1691 -0.0585 -0.9839
vn 0.1682 -0.0670 -0.9835
vn 0.1711 -0.0592 -0.9835
vn 0.1716 -0.0585 -0.9834
vn 0.1732 -0.0535 -0.9834
vn 0.1732 -0.0527 -0.9835
vn 0.1755 -0.0447 -0.9835
vn 0.1712 -0.0521 -0.9839
vn 0.1754 -0.0296 -0.9841
vn 0.1659 -0.0540 -0.9847
vn 0.1653 -0.0150 -0.9861
vn 0.1611 -0.0489 -0.9857
vn 0.1781 -0.1160 -0.9772
vn 0.1692 -0.0456 -0.9845
vn 0.1848 -0.0770 -0.9798
vn 0.1871 -0.0867 -0.9785
vn 0.1628 -0.0436 -0.9857
vn 0.1135 -0.0523 -0.9922
vn 0.1385 -0.0725 -0.9877
vn 0.0095 -0.0484 -0.9988
vn 0.0979 -0.1079 -0.9893
vn -0.1118 -0.0529 -0.9923
vn -0.0922 -0.0660 -0.9935
vn -0.4176 -0.1637 -0.8938
vn -0.4408 -0.1566 -0.8838
vn -0.5331 -0.1893 -0.8246
vn -0.5624 -0.1705 -0.8091
vn -0.6233 -0.1906 -0.7584
vn -0.6420 -0.1576 -0.7503
vn -0.6399 -0.1570 -0.7523
vn -0.6321 -0.1809 -0.7535
vn -0.6305 -0.2021 -0.7494
vn -0.6301 -0.2097 -0.7477
vn -0.6378 -0.2123 -0.7403
vn -0.6408 -0.2032 -0.7403
vn -0.6330 -0.2007 -0.7477
vn -0.6289 -0.2071 -0.7494
vn -0.5695 -0.1878 -0.8003
vn -0.5576 -0.1939 -0.8071
vn -0.4614 -0.1625 -0.8722
vn -0.4363 -0.1698 -0.8836
vn -0.1458 -0.0708 -0.9868
vn -0.0340 -0.2013 -0.9789
vn 0.7554 -0.0199 0.6550
vn 0.7265 0.1015 0.6796
vn 0.6597 -0.3041 0.6872
vn 0.6566 -0.3000 0.6920
vn 0.6615 -0.2903 0.6915
vn 0.6611 -0.3007 0.6874
vn 0.6512 -0.3166 0.6897
vn 0.6656 -0.2497 0.7033
vn 0.6920 -0.2111 0.6903
vn 0.2223 -0.1651 0.9609
vn 0.2217 -0.1679 0.9606
vn 0.3480 -0.1327 0.9281
vn 0.3471 -0.1079 0.9316
vn 0.0411 -0.1160 0.9924
vn 0.0434 -0.1392 0.9893
vn 0.1446 -0.0801 0.9862
vn 0.1383 -0.0444 0.9894
vn 0.1783 0.0069 0.9839
vn 0.1485 0.0988 0.9840
vn 0.3317 0.1960 0.9228
vn 0.2983 0.2805 0.9123
vn 0.3600 0.3162 0.8777
vn 0.2688 0.6763 0.6858
vn 0.0852 0.1169 0.9895
vn 0.0696 0.1490 0.9864
vn 0.2181 0.2915 0.9314
vn 0.2039 0.3125 0.9278
vn 0.0803 0.2664 0.9605
vn 0.0828 0.2643 0.9609
vn -0.0137 0.2074 0.9782
vn -0.0180 0.2119 0.9771
vn -0.0275 0.2037 0.9787
vn 0.0410 0.0148 0.9990
vn 0.4347 0.5783 0.6904
vn 0.3919 0.5935 0.7030
vn 0.3419 0.6384 0.6896
vn 0.3581 0.6318 0.6874
vn 0.3645 0.6237 0.6915
vn 0.3549 0.6286 0.6920
vn 0.3549 0.6338 0.6873
vn 0.6474 0.3449 0.6796
vn 0.5994 0.4600 0.6550
vn 0.8518 -0.0744 0.5186
vn -0.0536 0.0129 0.9985
vn -0.0539 0.0112 0.9985
vn -0.0560 0.0097 0.9984
vn -0.0561 0.0081 0.9984
vn -0.0590 0.0055 0.9982
vn -0.0595 0.0127 0.9981
vn 0.8521 -0.0971 0.5142
vn 0.8549 -0.1313 0.5019
vn 0.8587 -0.0973 0.5031
vn 0.8557 -0.1799 0.4852
vn 0.8534 -0.1876 0.4863
vn 0.8461 -0.2270 0.4823
vn 0.8463 -0.2159 0.4869
vn -0.0527 0.0134 0.9985
vn -0.0521 0.0156 0.9985
vn -0.1737 0.0521 0.9834
vn 0.8362 -0.2545 0.4858
vn 0.8364 -0.2517 0.4869
vn -0.0513 0.0180 0.9985
vn -0.0505 0.0202 0.9985
vn -0.0509 0.0211 0.9985
vn -0.0502 0.0226 0.9985
vn -0.0510 0.0250 0.9984
vn -0.0502 0.0264 0.9984
vn 0.7469 -0.4217 0.5141
vn 0.7688 -0.3962 0.5020
vn 0.7515 -0.4266 0.5032
vn 0.7980 -0.3575 0.4852
vn 0.8007 -0.3498 0.4863
vn 0.8134 -0.3235 0.4835
vn 0.8157 -0.3128 0.4867
vn 0.8252 -0.2882 0.4859
vn 0.8255 -0.2854 0.4869
vn -0.0509 0.0302 0.9982
vn -0.0556 0.0246 0.9982
vn 0.7328 -0.4405 0.5186
vn 0.3336 -0.6862 0.6464
vn 0.1928 -0.6926 0.6951
vn -0.0854 -0.7214 0.6872
vn -0.0824 -0.7172 0.6920
vn -0.0717 -0.7188 0.6915
vn -0.0817 -0.7216 0.6874
vn -0.0938 -0.7187 0.6890
vn -0.0319 -0.7121 0.7014
vn 0.0059 -0.7232 0.6906
vn -0.0972 0.0012 0.9953
vn 0.0244 -0.0361 0.9990
vn -0.1420 -0.1486 0.9786
vn -0.1392 -0.1609 0.9771
vn -0.1330 -0.1597 0.9782
vn -0.0883 -0.2625 0.9609
vn -0.0912 -0.2627 0.9606
vn -0.0187 -0.3720 0.9281
vn 0.0047 -0.3635 0.9316
vn -0.0314 -0.1623 0.9862
vn 0.0006 -0.1453 0.9894
vn -0.1649 0.1286 0.9779
vn -0.1370 0.1641 0.9769
vn -0.1645 0.1566 0.9739
vn -0.1591 0.1651 0.9734
vn -0.1491 0.0924 0.9845
vn -0.1545 0.0896 0.9839
vn -0.1313 0.0182 0.9912
vn -0.1468 0.0117 0.9891
vn -0.0976 -0.0750 0.9924
vn -0.1189 -0.0843 0.9893
vn -0.1184 -0.1393 0.9831
vn -0.1279 -0.1344 0.9826
vn -0.1243 -0.1340 0.9832
vn -0.0396 -0.0408 0.9984
vn -0.0370 -0.0407 0.9985
vn -0.0358 -0.0419 0.9985
vn -0.1167 -0.1390 0.9834
vn -0.1101 -0.1443 0.9834
vn -0.1099 -0.1443 0.9834
vn -0.0330 -0.0433 0.9985
vn -0.0348 -0.0418 0.9985
vn 0.5590 0.6736 0.4835
vn 0.5802 0.6534 0.4863
vn 0.5866 0.6485 0.4852
vn 0.6168 0.6111 0.4960
vn -0.0406 -0.0395 0.9984
vn -0.0445 -0.0391 0.9982
vn -0.1340 -0.1280 0.9827
vn 0.6329 0.5784 0.5148
vn 0.6319 0.5800 0.5141
vn 0.6454 0.5609 0.5186
vn -0.0406 -0.0452 0.9982
vn -0.0540 -0.0401 0.9977
vn -0.0312 -0.0921 0.9953
vn 0.0419 0.0121 0.9990
vn 0.0975 -0.1810 0.9786
vn 0.1100 -0.1820 0.9771
vn 0.1108 -0.1759 0.9782
vn -0.1429 -0.1281 0.9814
vn -0.1485 -0.1212 0.9815
vn -0.1733 -0.1171 0.9779
vn -0.1985 -0.0796 0.9769
vn -0.1998 -0.1080 0.9739
vn -0.2062 -0.1003 0.9734
vn -0.1340 -0.1133 0.9845
vn -0.1329 -0.1192 0.9839
vn -0.0579 -0.1192 0.9912
vn -0.0565 -0.1360 0.9891
vn 0.6395 -0.1574 -0.7525
vn 0.6237 -0.1183 -0.7727
vn 0.6408 -0.2032 -0.7403
vn 0.6320 -0.1806 -0.7536
vn 0.6816 -0.1960 -0.7050
vn 0.6648 -0.1705 -0.7273
vn 0.6758 -0.1338 -0.7248
vn 0.5879 -0.0167 -0.8088
vn 0.6376 -0.2527 -0.7278
vn 0.6667 -0.2418 -0.7051
vn 0.6177 -0.2252 -0.7535
vn 0.6378 -0.2123 -0.7403
vn 0.6301 -0.2097 -0.7477
vn 0.6330 -0.2007 -0.7477
vn 0.6289 -0.2071 -0.7494
vn 0.6419 -0.1581 -0.7504
vn 0.6234 -0.1907 -0.7583
vn 0.6099 -0.2491 -0.7523
vn 0.6120 -0.2499 -0.7503
vn 0.6305 -0.2021 -0.7494
vn 0.5711 -0.1828 -0.8003
vn 0.5695 -0.1878 -0.8003
vn 0.5576 -0.1939 -0.8071
vn 0.5624 -0.1705 -0.8091
vn 0.5332 -0.1893 -0.8246
vn 0.4408 -0.1566 -0.8838
vn 0.4219 -0.1624 -0.8920
vn 0.4363 -0.1698 -0.8836
vn 0.4614 -0.1625 -0.8722
vn 0.4688 -0.1398 -0.8722
vn 0.5651 -0.1709 -0.8071
vn 0.5552 -0.1927 -0.8091
vn 0.6163 -0.2122 -0.7584
vn 0.4527 -0.1191 -0.8837
vn 0.4486 -0.1324 -0.8839
vn 0.5426 -0.1602 -0.8246
vn 0.4319 -0.1102 -0.8951
vn 0.0340 -0.2014 -0.9789
vn 0.1458 -0.0708 -0.9868
vn 0.1412 -0.1362 -0.9806
vn 0.1944 0.0275 -0.9805
vn 0.1595 -0.0284 -0.9868
vn 0.1458 0.1429 -0.9789
vn 0.1140 0.0016 -0.9935
vn 0.1241 -0.0261 -0.9919
vn -0.0158 0.1448 -0.9893
vn 0.0208 0.0447 -0.9988
vn 0.0934 -0.0631 -0.9936
vn 0.1066 -0.0543 -0.9928
vn -0.0979 -0.1079 -0.9893
vn -0.0095 -0.0484 -0.9988
vn -0.1385 -0.0725 -0.9877
vn -0.1135 -0.0523 -0.9922
vn -0.1628 -0.0436 -0.9857
vn -0.1871 -0.0867 -0.9785
vn -0.1848 -0.0770 -0.9798
vn -0.1692 -0.0456 -0.9845
vn -0.1781 -0.1164 -0.9771
vn -0.1611 -0.0489 -0.9857
vn -0.1653 -0.0145 -0.9861
vn -0.1660 -0.0540 -0.9847
vn -0.1754 -0.0297 -0.9841
vn -0.1712 -0.0521 -0.9839
vn -0.1755 -0.0447 -0.9835
vn -0.1732 -0.0527 -0.9835
vn -0.1732 -0.0535 -0.9834
vn -0.1716 -0.0585 -0.9834
vn -0.1711 -0.0592 -0.9835
vn -0.1682 -0.0670 -0.9835
vn -0.1691 -0.0585 -0.9839
vn -0.1593 -0.0790 -0.9841
vn -0.1660 -0.0539 -0.9847
vn -0.1426 -0.0850 -0.9861
vn -0.1591 -0.0552 -0.9857
vn -0.2122 -0.0109 -0.9772
vn -0.1637 -0.0626 -0.9845
vn -0.1947 -0.0464 -0.9798
vn -0.2023 -0.0398 -0.9785
vn -0.1574 -0.0604 -0.9857
vn -0.1226 -0.0244 -0.9922
vn -0.1547 -0.0227 -0.9877
vn -0.0361 0.0336 -0.9988
vn -0.1426 0.0297 -0.9893
vn 0.0631 0.1100 -0.9919
vn 0.0337 0.1089 -0.9935
vn 0.2383 0.3767 -0.8951
vn 0.2645 0.3858 -0.8839
vn 0.3372 0.4846 -0.8071
vn 0.2778 0.4027 -0.8722
vn 0.2532 0.3938 -0.8837
vn 0.0763 0.1430 -0.9868
vn -0.0908 0.1828 -0.9789
vn 0.1732 0.0922 -0.9806
vn 0.0340 0.1934 -0.9805
vn 0.3870 0.5372 -0.7494
vn 0.3503 0.4867 -0.8003
vn 0.3546 0.4836 -0.8003
vn 0.3567 0.4704 -0.8071
vn 0.2972 0.3886 -0.8722
vn 0.2963 0.3625 -0.8836
vn 0.1124 0.1168 -0.9868
vn 0.2021 -0.0300 -0.9789
vn 0.3990 0.5410 -0.7403
vn 0.3941 0.5344 -0.7477
vn 0.3865 0.5400 -0.7477
vn 0.3913 0.5341 -0.7494
vn 0.3487 0.5616 -0.7503
vn 0.3740 0.5340 -0.7583
vn 0.3359 0.4822 -0.8091
vn 0.3448 0.4486 -0.8246
vn 0.2851 0.3709 -0.8838
vn 0.2847 0.3459 -0.8941
vn 0.3052 0.5566 -0.7727
vn 0.3473 0.5596 -0.7525
vn 0.3671 0.5452 -0.7536
vn 0.3912 0.5467 -0.7403
vn 0.3200 0.4665 -0.8246
vn 0.3548 0.4685 -0.8091
vn 0.3922 0.5206 -0.7584
vn 0.4268 0.5048 -0.7503
vn 0.4254 0.5031 -0.7523
vn 0.4050 0.5179 -0.7535
vn 0.4360 0.5593 -0.7050
vn 0.3970 0.5876 -0.7050
vn 0.3675 0.5795 -0.7274
vn 0.3360 0.6013 -0.7249
vn 0.3387 0.7628 -0.5508
vn 0.4467 0.7132 -0.5402
vn 0.4599 0.7116 -0.5311
vn 0.5440 0.6499 -0.5308
vn 0.8467 0.3136 -0.4297
vn 0.8315 0.3534 -0.4287
vn 0.8304 0.2439 -0.5009
vn 0.7384 0.4773 -0.4765
vn 0.7438 0.2446 -0.6220
vn 0.6201 0.5572 -0.5523
vn 0.6196 0.5593 -0.5507
vn 0.5317 0.6535 -0.5388
vn 0.4374 0.5283 -0.7277
vn 0.4681 0.5049 -0.7252
vn 0.4355 0.4624 -0.7724
vn 0.4660 0.3625 -0.8071
vn 0.7224 -0.4181 -0.5508
vn 0.7858 -0.3037 -0.5388
vn 0.7862 -0.3166 -0.5308
vn 0.8189 -0.2176 -0.5311
vn 0.8163 -0.2045 -0.5402
vn 0.8302 -0.0864 -0.5508
vn 0.8306 -0.0855 -0.5503
vn 0.8095 0.0416 -0.5857
vn 0.8036 0.3198 -0.5020
vn 0.8470 0.1939 -0.4950
vn 0.4461 -0.7456 -0.4950
vn 0.5599 -0.7084 -0.4297
vn 0.5930 -0.6816 -0.4287
vn 0.4885 -0.7144 -0.5009
vn 0.6821 -0.5547 -0.4765
vn 0.4625 -0.6319 -0.6220
vn 0.7227 -0.4162 -0.5517
vn 0.4887 -0.3311 -0.8072
vn 0.6248 -0.2891 -0.7253
vn 0.5743 -0.2713 -0.7724
vn -0.0485 -0.6571 -0.7523
vn -0.0232 -0.6571 -0.7535
vn -0.0239 -0.7088 -0.7050
vn 0.0242 -0.7088 -0.7050
vn 0.0434 -0.6848 -0.7274
vn 0.0816 -0.6840 -0.7249
vn 0.1658 -0.5643 -0.8088
vn 0.1753 -0.8164 -0.5503
vn 0.2897 -0.7570 -0.5857
vn 0.5525 -0.6654 -0.5020
vn 0.0803 -0.6297 -0.7727
vn -0.5596 -0.7086 -0.4297
vn -0.4462 -0.7457 -0.4948
vn -0.5577 -0.6612 -0.5018
vn -0.2891 -0.7556 -0.5878
vn -0.1726 -0.8160 -0.5517
vn -0.1744 -0.8162 -0.5508
vn -0.0460 -0.8412 -0.5388
vn -0.0581 -0.8455 -0.5308
vn 0.0581 -0.8455 -0.5308
vn 0.0461 -0.8412 -0.5387
vn 0.1744 -0.8163 -0.5508
vn -0.1639 -0.5671 -0.8072
vn -0.0806 -0.6301 -0.7724
vn -0.0819 -0.6836 -0.7252
vn -0.0433 -0.6845 -0.7277
vn 0.0490 -0.0059 -0.9988
vn 0.1328 0.0598 -0.9893
vn 0.0141 -0.1252 -0.9920
vn 0.0361 -0.1079 -0.9935
vn 0.0281 -0.4456 -0.8948
vn 0.0127 -0.4676 -0.8838
vn 0.0153 -0.5655 -0.8246
vn -0.0117 -0.5875 -0.8091
vn -0.0113 -0.6517 -0.7584
vn -0.0485 -0.6593 -0.7503
vn 0.0480 -0.6569 -0.7525
vn 0.0235 -0.6569 -0.7536
vn 0.0048 -0.6722 -0.7403
vn -0.0048 -0.6722 -0.7403
vn -0.0047 -0.6640 -0.7477
vn 0.0027 -0.6621 -0.7494
vn 0.0027 -0.5996 -0.8003
vn 0.0121 -0.5902 -0.8071
vn 0.0120 -0.4891 -0.8722
vn 0.0266 -0.4674 -0.8836
vn 0.0223 -0.1605 -0.9868
vn 0.1809 -0.0946 -0.9789
vn -0.1811 -0.0945 -0.9789
vn -0.0223 -0.1606 -0.9868
vn -0.0266 -0.4674 -0.8837
vn -0.0119 -0.4891 -0.8722
vn -0.0121 -0.5903 -0.8071
vn -0.0027 -0.5996 -0.8003
vn -0.0026 -0.6621 -0.7494
vn 0.0047 -0.6640 -0.7477
vn -0.0490 -0.0059 -0.9988
vn -0.1329 0.0598 -0.9893
vn -0.0136 -0.1261 -0.9919
vn -0.0367 -0.1079 -0.9935
vn -0.0287 -0.4449 -0.8951
vn -0.0127 -0.4676 -0.8839
vn -0.0153 -0.5656 -0.8246
vn 0.0116 -0.5876 -0.8091
vn 0.0113 -0.6518 -0.7583
vn 0.0480 -0.6593 -0.7503
vn -0.4524 0.1923 0.8708
vn -0.4286 0.2105 0.8786
vn -0.4098 0.2763 0.8693
vn -0.3600 0.3160 0.8778
vn -0.4790 0.1104 0.8708
vn -0.5109 0.1180 0.8515
vn -0.5114 0.1410 0.8477
vn -0.4966 0.1865 0.8477
vn -0.4826 0.2049 0.8515
vn -0.4660 0.2618 0.8452
vn -0.4498 0.2820 0.8474
vn -0.2928 0.6722 0.6800
vn -0.2688 0.6763 0.6858
vn -0.4408 0.5741 0.6900
vn -0.2035 0.3119 0.9281
vn -0.2174 0.2913 0.9316
vn -0.2983 0.2802 0.9124
vn -0.3314 0.1964 0.9228
vn -0.3676 0.1811 0.9122
vn -0.4037 0.0698 0.9122
vn -0.4705 0.0819 0.8786
vn -0.4941 0.0173 0.8692
vn -0.5297 0.0362 0.8474
vn -0.5309 0.0621 0.8451
vn -0.6876 -0.5486 0.4757
vn -0.6253 -0.4422 0.6430
vn -0.7268 -0.3418 0.5957
vn -0.6320 -0.3717 0.6800
vn -0.6150 -0.3891 0.6858
vn -0.4771 -0.0443 0.8777
vn -0.4062 -0.0515 0.9123
vn -0.3836 0.0364 0.9228
vn -0.1782 0.0073 0.9840
vn -0.1483 0.0993 0.9839
vn -0.3478 -0.1076 0.9314
vn -0.1439 -0.0797 0.9864
vn -0.1377 -0.0445 0.9895
vn -0.0423 -0.1390 0.9894
vn -0.2216 -0.1683 0.9605
vn -0.3487 -0.1329 0.9278
vn -0.6674 -0.2503 0.7014
vn -0.6896 -0.2178 0.6906
vn 0.1485 -0.1212 0.9815
vn 0.1733 -0.1171 0.9779
vn 0.1985 -0.0796 0.9769
vn 0.1998 -0.1080 0.9739
vn 0.2062 -0.1003 0.9734
vn 0.1340 -0.1133 0.9845
vn 0.1329 -0.1192 0.9839
vn 0.0579 -0.1192 0.9912
vn 0.0565 -0.1359 0.9891
vn -0.0401 -0.1162 0.9924
vn -0.6545 -0.3112 0.6890
vn -0.6610 -0.3007 0.6875
vn -0.2223 -0.1651 0.9609
vn -0.1108 -0.1759 0.9782
vn -0.1100 -0.1820 0.9771
vn -0.0975 -0.1810 0.9787
vn -0.0419 0.0121 0.9990
vn 0.0312 -0.0921 0.9953
vn 0.0540 -0.0401 0.9977
vn 0.0406 -0.0452 0.9981
vn -0.7553 -0.0198 0.6550
vn -0.7265 0.1015 0.6796
vn -0.6597 -0.3041 0.6873
vn -0.6566 -0.3000 0.6920
vn -0.6614 -0.2903 0.6915
vn -0.5265 0.6969 0.4869
vn -0.5290 0.6957 0.4859
vn -0.5495 0.6791 0.4867
vn -0.5590 0.6736 0.4835
vn -0.5802 0.6534 0.4863
vn -0.5865 0.6485 0.4852
vn -0.6168 0.6111 0.4961
vn -0.6326 0.5789 0.5145
vn -0.6322 0.5795 0.5143
vn -0.6454 0.5608 0.5186
vn 0.0445 -0.0391 0.9982
vn 0.0406 -0.0396 0.9984
vn 0.0396 -0.0408 0.9984
vn 0.0370 -0.0407 0.9985
vn 0.0358 -0.0419 0.9985
vn 0.0348 -0.0418 0.9985
vn 0.0330 -0.0433 0.9985
vn 0.0329 -0.0433 0.9985
vn 0.0310 -0.0447 0.9985
vn -0.4979 0.7177 0.4869
vn -0.5005 0.7166 0.4858
vn 0.0309 -0.0448 0.9985
vn 0.1032 -0.1491 0.9834
vn 0.1099 -0.1443 0.9834
vn 0.1101 -0.1443 0.9834
vn 0.1167 -0.1390 0.9834
vn 0.1184 -0.1393 0.9831
vn 0.1243 -0.1340 0.9832
vn 0.1279 -0.1344 0.9826
vn 0.1340 -0.1280 0.9827
vn 0.1429 -0.1281 0.9814
vn 0.0890 -0.1596 0.9832
vn 0.0959 -0.1556 0.9831
vn 0.0962 -0.1539 0.9834
vn 0.1032 -0.1493 0.9834
vn 0.0288 -0.0470 0.9985
vn 0.0273 -0.0478 0.9985
vn 0.0266 -0.0502 0.9984
vn 0.0251 -0.0508 0.9984
vn 0.0234 -0.0544 0.9982
vn 0.0305 -0.0526 0.9982
vn 0.2523 0.7123 0.6550
vn -0.3340 0.7871 0.5186
vn -0.3564 0.7802 0.5141
vn -0.3890 0.7724 0.5020
vn -0.3572 0.7869 0.5032
vn -0.4430 0.7552 0.4832
vn -0.4350 0.7574 0.4870
vn -0.4773 0.7345 0.4823
vn -0.4669 0.7382 0.4869
vn 0.0290 -0.0460 0.9985
vn 0.4831 0.5953 0.6421
vn 0.5601 0.4647 0.6858
vn 0.4203 0.5886 0.6906
vn 0.4443 0.5574 0.7014
vn 0.4983 0.5263 0.6890
vn 0.4903 0.5358 0.6874
vn 0.4805 0.5394 0.6915
vn 0.4882 0.5318 0.6920
vn 0.4931 0.5334 0.6872
vn 0.1279 0.7223 0.6796
vn 0.1893 0.4400 0.8778
vn -0.1202 0.1122 0.9864
vn -0.0849 0.1172 0.9895
vn -0.0481 0.1717 0.9840
vn 0.0486 0.1717 0.9839
vn 0.0844 0.3758 0.9228
vn 0.1743 0.3702 0.9124
vn 0.2098 0.2968 0.9316
vn 0.2337 0.2900 0.9281
vn 0.2282 0.1589 0.9606
vn 0.2257 0.1604 0.9609
vn 0.0578 -0.2010 0.9779
vn 0.0144 -0.2133 0.9769
vn 0.0410 -0.2234 0.9739
vn 0.0317 -0.2271 0.9734
vn 0.0663 -0.1624 0.9845
vn 0.0723 -0.1633 0.9839
vn 0.0955 -0.0919 0.9912
vn 0.1119 -0.0957 0.9891
vn 0.1230 0.0033 0.9924
vn 0.1458 -0.0017 0.9893
vn 0.1208 0.1128 0.9862
vn 0.0849 0.1179 0.9894
vn 0.2015 0.0510 0.9782
vn 0.2071 0.0483 0.9771
vn 0.2022 0.0368 0.9786
vn 0.0015 0.0436 0.9990
vn 0.0780 -0.0581 0.9953
vn 0.0215 -0.0637 0.9977
vn 0.0694 -0.1787 0.9815
vn 0.0776 -0.1755 0.9814
vn 0.0803 -0.1670 0.9827
vn 0.0883 -0.1632 0.9826
vn -0.0859 -0.1764 -0.9806
vn 0.0862 -0.1764 -0.9805
vn -0.4226 0.9063 0.0000
vn -0.2588 0.9659 0.0000
vn -0.5736 0.8192 -0.0000
vn -0.3343 0.7169 -0.6118
vn -0.8192 0.5736 0.0000
vn -0.7071 0.7071 0.0000
vn -0.4537 0.6480 -0.6118
vn -0.5710 0.8155 -0.0942
vn -0.5710 0.8155 0.0942
vn -0.7641 0.2047 0.6118
vn -0.7169 0.3343 0.6118
vn -0.9023 0.4207 0.0942
vn -0.8155 0.5710 0.0942
vn -0.8155 0.5710 -0.0942
vn -0.6480 0.4537 -0.6118
vn -0.5594 0.5594 -0.6118
vn -0.7040 0.7040 -0.0942
vn -0.7040 0.7040 0.0942
vn -0.6480 0.4537 0.6118
vn -0.5594 0.5594 0.6118
vn -0.4537 0.6480 0.6118
vn -0.3343 0.7169 0.6118
vn -0.9063 0.4226 0.0000
vn -0.9659 0.2588 -0.0000
vn -0.9962 0.0872 -0.0000
vn -0.7880 0.0689 0.6118
vn -0.9616 0.2577 0.0942
vn -0.9023 0.4207 -0.0942
vn -0.7169 0.3343 -0.6118
vn -0.9918 0.0868 0.0942
vn -0.9616 0.2577 -0.0942
vn -0.7641 0.2047 -0.6118
vn -0.7880 0.0689 -0.6118
vn -0.9918 0.0868 -0.0942
vn -0.0868 0.9918 -0.0942
vn -0.2577 0.9616 -0.0942
vn -0.2047 0.7641 -0.6118
vn -0.0689 0.7880 -0.6118
vn 0.0689 0.7880 -0.6118
vn 0.0868 0.9918 -0.0942
vn 0.0868 0.9918 0.0942
vn -0.0868 0.9918 0.0942
vn -0.2577 0.9616 0.0942
vn -0.0872 0.9962 0.0000
vn -0.4207 0.9023 -0.0942
vn -0.4207 0.9023 0.0942
vn -0.2047 0.7641 0.6118
vn -0.0689 0.7880 0.6118
vn 0.0872 0.9962 0.0000
vn 0.2588 0.9659 0.0000
vn 0.5710 0.8155 0.0942
vn 0.4207 0.9023 0.0942
vn 0.2577 0.9616 0.0942
vn 0.2047 0.7641 0.6118
vn 0.0689 0.7880 0.6118
vn 0.4537 0.6480 0.6118
vn 0.3343 0.7169 0.6118
vn 0.4226 0.9063 0.0000
vn 0.5736 0.8192 0.0000
vn 0.5594 0.5594 0.6118
vn 0.6480 0.4537 0.6118
vn 0.7169 0.3343 0.6118
vn 0.7071 0.7071 0.0000
vn 0.8192 0.5736 0.0000
vn 0.9063 0.4226 0.0000
vn 0.9659 0.2588 0.0000
vn 0.9962 0.0872 0.0000
vn 0.7641 0.2047 0.6118
vn 0.7880 0.0689 0.6118
vn 0.9918 0.0868 0.0942
vn 0.9918 0.0868 -0.0942
vn 0.7880 0.0689 -0.6118
vn 0.9616 0.2577 -0.0942
vn 0.9616 0.2577 0.0942
vn 0.9023 0.4207 0.0942
vn 0.8155 0.5710 0.0942
vn 0.7040 0.7040 0.0942
vn 0.4207 0.9023 -0.0942
vn 0.5710 0.8155 -0.0942
vn 0.7040 0.7040 -0.0942
vn 0.8155 0.5710 -0.0942
vn 0.9023 0.4207 -0.0942
vn 0.4537 0.6480 -0.6118
vn 0.5594 0.5594 -0.6118
vn 0.6480 0.4537 -0.6118
vn 0.7169 0.3343 -0.6118
vn 0.7641 0.2047 -0.6118
vn 0.2577 0.9616 -0.0942
vn 0.2047 0.7641 -0.6118
vn 0.3343 0.7169 -0.6118
vn -0.0000 0.0000 1.0000
vn -0.7480 0.3488 0.5647
vn -0.6761 0.4734 0.5647
vn -0.5836 0.5836 0.5647
vn -0.4734 0.6761 0.5647
vn -0.3488 0.7480 0.5647
vn -0.2136 0.7972 0.5647
vn -0.0719 0.8222 0.5647
vn 0.0719 0.8222 0.5647
vn 0.2136 0.7972 0.5647
vn 0.3488 0.7480 0.5647
vn 0.4734 0.6761 0.5647
vn 0.5836 0.5836 0.5647
vn 0.6761 0.4734 0.5647
vn 0.8222 -0.0719 0.5647
vn 0.8222 0.0719 0.5647
vn 0.7972 0.2136 0.5647
vn 0.7480 0.3488 0.5647
vn 0.7972 -0.2136 0.5647
vn 0.7480 -0.3488 0.5647
vn 0.6761 -0.4734 0.5647
vn 0.5836 -0.5836 0.5647
vn 0.4734 -0.6761 0.5647
vn -0.0719 -0.8222 0.5647
vn 0.3488 -0.7480 0.5647
vn 0.2136 -0.7972 0.5647
vn 0.0719 -0.8222 0.5647
vn -0.2136 -0.7972 0.5647
vn -0.3488 -0.7480 0.5647
vn -0.4734 -0.6761 0.5647
vn -0.5836 -0.5836 0.5647
vn -0.6761 -0.4734 0.5647
vn -0.7972 0.2136 0.5647
vn -0.8222 0.0719 0.5647
vn -0.8222 -0.0719 0.5647
vn -0.7972 -0.2136 0.5647
vn -0.7480 -0.3488 0.5647
vn 0.9007 -0.0887 -0.4253
vn 0.9948 -0.0980 -0.0281
vn 0.9566 -0.2902 -0.0281
vn 0.8661 -0.2627 -0.4254
vn 0.7982 -0.4266 -0.4253
vn 0.8661 -0.2627 -0.4253
vn 0.6996 -0.5741 -0.4253
vn 0.7982 -0.4266 -0.4254
vn 0.8816 -0.4712 -0.0281
vn 0.9566 -0.2902 0.0281
vn 0.9948 -0.0979 0.0281
vn 0.9948 -0.0980 0.0281
vn 0.7982 -0.4266 0.4253
vn 0.7982 -0.4266 0.4254
vn 0.8661 -0.2627 0.4254
vn 0.8661 -0.2627 0.4253
vn 0.9007 -0.0887 0.4253
vn 0.2627 -0.8661 -0.4254
vn 0.4266 -0.7982 -0.4253
vn 0.5742 -0.6996 -0.4253
vn 0.6996 -0.5742 -0.4253
vn 0.7727 -0.6342 -0.0281
vn 0.8816 -0.4712 0.0281
vn 0.6996 -0.5741 0.4253
vn 0.6996 -0.5742 0.4253
vn 0.7727 -0.6342 0.0281
vn 0.7727 -0.6341 0.0281
vn 0.7727 -0.6341 -0.0281
vn 0.6341 -0.7727 -0.0281
vn 0.6342 -0.7727 -0.0281
vn 0.4712 -0.8816 -0.0281
vn 0.2902 -0.9566 -0.0281
vn 0.6341 -0.7727 0.0281
vn 0.6342 -0.7727 0.0281
vn 0.4712 -0.8816 0.0281
vn 0.2902 -0.9566 0.0281
vn 0.2901 -0.9566 0.0281
vn 0.0980 -0.9948 0.0281
vn -0.0980 -0.9948 0.0281
vn -0.0887 -0.9007 0.4253
vn -0.2627 -0.8661 0.4253
vn -0.2627 -0.8661 0.4254
vn -0.4266 -0.7982 0.4253
vn -0.2901 -0.9566 0.0281
vn 0.2901 -0.9566 -0.0281
vn 0.0980 -0.9948 -0.0281
vn -0.0980 -0.9948 -0.0281
vn -0.2901 -0.9566 -0.0281
vn -0.2902 -0.9566 -0.0281
vn -0.2902 -0.9566 0.0281
vn -0.4712 -0.8816 0.0281
vn -0.5742 -0.6996 0.4253
vn -0.4712 -0.8816 -0.0281
vn -0.4266 -0.7982 -0.4253
vn -0.4266 -0.7982 -0.4254
vn -0.2627 -0.8661 -0.4254
vn -0.2627 -0.8661 -0.4253
vn -0.0887 -0.9007 -0.4253
vn 0.0887 -0.9007 -0.4253
vn 0.2627 -0.8661 -0.4253
vn -0.5742 -0.6996 -0.4253
vn -0.6342 -0.7727 -0.0281
vn -0.6996 -0.5742 -0.4253
vn -0.6996 -0.5741 -0.4253
vn -0.7982 -0.4266 -0.4253
vn -0.7982 -0.4266 -0.4254
vn -0.8661 -0.2627 -0.4254
vn -0.8661 -0.2627 -0.4253
vn -0.9007 -0.0887 -0.4253
vn -0.9007 0.0887 -0.4253
vn -0.8661 0.2627 -0.4253
vn -0.9948 0.0980 -0.0281
vn -0.9948 -0.0980 -0.0281
vn -0.9566 -0.2902 -0.0281
vn -0.8816 -0.4712 -0.0281
vn -0.7727 -0.6342 -0.0281
vn -0.9566 0.2902 -0.0281
vn -0.8661 0.2627 -0.4254
vn -0.7982 0.4266 -0.4253
vn -0.9948 -0.0980 0.0281
vn -0.9948 0.0980 0.0281
vn -0.9566 0.2902 0.0281
vn -0.8816 0.4712 -0.0281
vn -0.6996 0.5741 -0.4253
vn -0.8816 0.4712 0.0281
vn -0.7982 0.4266 0.4253
vn -0.8661 0.2627 0.4254
vn -0.8661 0.2627 0.4253
vn -0.9007 0.0887 0.4253
vn -0.9007 -0.0887 0.4253
vn -0.6996 0.5741 0.4253
vn -0.6996 0.5742 0.4253
vn -0.7727 0.6342 0.0281
vn -0.7727 0.6341 0.0281
vn -0.7727 0.6341 -0.0281
vn -0.6341 0.7727 -0.0281
vn -0.6342 0.7727 -0.0281
vn -0.4712 0.8816 -0.0281
vn -0.2902 0.9566 -0.0281
vn -0.2901 0.9566 -0.0281
vn -0.4712 0.8816 0.0281
vn -0.6342 0.7727 0.0281
vn -0.6341 0.7727 0.0281
vn -0.0887 0.9007 -0.4253
vn -0.2627 0.8661 -0.4253
vn -0.2627 0.8661 -0.4254
vn -0.4266 0.7982 -0.4254
vn -0.4266 0.7982 -0.4253
vn -0.5742 0.6996 -0.4253
vn -0.6996 0.5742 -0.4253
vn -0.7727 0.6342 -0.0281
vn 0.6996 0.5742 -0.4253
vn 0.5742 0.6996 -0.4253
vn 0.4266 0.7982 -0.4253
vn 0.4266 0.7982 -0.4254
vn 0.2627 0.8661 -0.4254
vn 0.2627 0.8661 -0.4253
vn 0.0887 0.9007 -0.4253
vn -0.0980 0.9948 -0.0281
vn 0.0980 0.9948 -0.0281
vn 0.2901 0.9566 -0.0281
vn 0.2902 0.9566 -0.0281
vn 0.4712 0.8816 -0.0281
vn 0.6342 0.7727 -0.0281
vn 0.4712 0.8816 0.0281
vn 0.2902 0.9566 0.0281
vn 0.2901 0.9566 0.0281
vn 0.0980 0.9948 0.0281
vn -0.0980 0.9948 0.0281
vn -0.2901 0.9566 0.0281
vn -0.2902 0.9566 0.0281
vn 0.0887 0.9007 0.4253
vn -0.0887 0.9007 0.4253
vn -0.2627 0.8661 0.4253
vn -0.2627 0.8661 0.4254
vn -0.4266 0.7982 0.4253
vn -0.5742 0.6996 0.4253
vn 0.7727 0.6341 -0.0281
vn 0.6341 0.7727 -0.0281
vn 0.6341 0.7727 0.0281
vn 0.6342 0.7727 0.0281
vn 0.5742 0.6996 0.4253
vn 0.4266 0.7982 0.4253
vn 0.4266 0.7982 0.4254
vn 0.2627 0.8661 0.4254
vn 0.2627 0.8661 0.4253
vn 0.7727 0.6341 0.0281
vn 0.7727 0.6342 0.0281
vn 0.6996 0.5742 0.4253
vn 0.6996 0.5741 0.4253
vn 0.9007 0.0887 0.4253
vn 0.8661 0.2627 0.4254
vn 0.7982 0.4266 0.4254
vn 0.7982 0.4266 0.4253
vn 0.8816 0.4712 0.0281
vn 0.8816 0.4712 -0.0281
vn 0.7727 0.6342 -0.0281
vn 0.6996 0.5741 -0.4253
vn 0.7982 0.4266 -0.4253
vn 0.9566 0.2902 -0.0281
vn 0.9566 0.2902 0.0281
vn 0.9948 0.0980 0.0281
vn 0.8661 0.2627 -0.4254
vn 0.9948 0.0980 -0.0281
vn 0.9007 0.0887 -0.4253
vn 0.8661 0.2627 -0.4253
vn 0.0387 0.0117 -0.9992
vn 0.0357 0.0191 -0.9992
vn 0.9933 0.0979 0.0615
vn 0.9551 0.2897 0.0615
vn 0.8803 0.4705 0.0615
vn 0.9933 -0.0979 0.0615
vn 0.9933 -0.0978 0.0616
vn 0.9933 0.0978 0.0616
vn 0.0402 0.0040 -0.9992
vn -0.4144 -0.0408 -0.9092
vn -0.3985 -0.1209 -0.9092
vn -0.3672 -0.1963 -0.9092
vn -0.4144 0.0408 -0.9092
vn -0.8106 0.0799 -0.5801
vn -0.8106 -0.0799 -0.5801
vn -0.8106 -0.0798 -0.5801
vn -0.7794 -0.2364 -0.5801
vn -0.7794 -0.2364 -0.5802
vn -0.7183 -0.3840 -0.5801
vn -0.6296 -0.5167 -0.5801
vn 0.0402 -0.0040 -0.9992
vn 0.0387 -0.0117 -0.9992
vn -0.3985 0.1209 -0.9092
vn -0.7794 0.2364 -0.5801
vn -0.8106 0.0798 -0.5801
vn -0.9818 0.0967 -0.1635
vn -0.9818 -0.0967 -0.1635
vn -0.9441 0.2864 -0.1635
vn -0.7794 0.2364 -0.5802
vn -0.7183 0.3839 -0.5802
vn -0.3672 0.1963 -0.9092
vn 0.0357 -0.0191 -0.9992
vn 0.8803 -0.4705 0.0615
vn 0.9551 -0.2897 0.0615
vn -0.3219 0.2642 -0.9092
vn 0.0313 -0.0256 -0.9992
vn 0.7715 -0.6332 0.0615
vn 0.7716 -0.6332 0.0615
vn 0.6332 -0.7715 0.0615
vn 0.4705 -0.8803 0.0615
vn 0.4705 -0.8803 0.0616
vn 0.2897 -0.9551 0.0616
vn 0.0257 -0.0313 -0.9992
vn -0.9951 0.0980 -0.0160
vn -0.9568 0.2902 -0.0160
vn -0.8701 0.4651 -0.1635
vn -0.7183 0.3840 -0.5801
vn -0.6296 0.5167 -0.5801
vn -0.2642 0.3219 -0.9092
vn 0.0191 -0.0357 -0.9992
vn 0.0117 -0.0387 -0.9992
vn 0.2897 -0.9551 0.0615
vn 0.0979 -0.9933 0.0615
vn 0.0978 -0.9933 0.0616
vn 0.0040 -0.0402 -0.9992
vn -0.0408 0.4144 -0.9092
vn -0.1209 0.3985 -0.9092
vn -0.1963 0.3672 -0.9092
vn -0.2902 0.9568 -0.0160
vn -0.2864 0.9441 -0.1635
vn -0.4651 0.8701 -0.1635
vn -0.3840 0.7183 -0.5801
vn -0.3839 0.7183 -0.5801
vn -0.2364 0.7794 -0.5802
vn -0.2364 0.7794 -0.5801
vn -0.0799 0.8106 -0.5801
vn -0.0799 0.8106 -0.5802
vn -0.0967 0.9818 -0.1635
vn -0.0967 0.9818 -0.1634
vn -0.0980 0.9951 -0.0160
vn -0.2642 0.3219 0.9092
vn -0.1963 0.3672 0.9092
vn -0.3839 0.7183 0.5802
vn -0.2364 0.7794 0.5802
vn -0.2864 0.9441 0.1635
vn -0.0967 0.9818 0.1635
vn -0.0980 0.9951 0.0160
vn -0.0967 0.9818 0.1634
vn -0.2902 0.9568 0.0160
vn -0.4651 0.8701 0.1635
vn -0.3840 0.7183 0.5801
vn -0.5167 0.6296 0.5801
vn -0.7183 0.3840 0.5801
vn -0.6296 0.5167 0.5801
vn -0.6258 0.7626 0.1635
vn -0.4650 0.8701 0.1635
vn -0.4713 0.8818 0.0160
vn -0.4713 0.8818 -0.0160
vn -0.4650 0.8701 -0.1635
vn -0.7626 0.6259 0.1635
vn -0.6259 0.7626 0.1635
vn -0.6343 0.7729 0.0160
vn -0.5167 0.6296 -0.5801
vn -0.6258 0.7626 -0.1635
vn -0.6259 0.7626 -0.1635
vn -0.6343 0.7729 -0.0160
vn -0.7729 0.6343 0.0160
vn -0.7729 0.6343 -0.0160
vn -0.7626 0.6259 -0.1635
vn -0.8818 0.4713 -0.0160
vn -0.8818 0.4714 -0.0160
vn -0.8818 0.4713 0.0160
vn -0.8818 0.4714 0.0160
vn -0.9568 0.2902 0.0160
vn -0.9951 0.0980 0.0160
vn -0.9951 -0.0980 0.0160
vn -0.9818 -0.0967 0.1635
vn -0.9441 -0.2864 0.1635
vn -0.7794 -0.2364 0.5801
vn -0.8106 -0.0798 0.5801
vn -0.9818 0.0967 0.1635
vn -0.9441 0.2864 0.1635
vn -0.8701 0.4651 0.1635
vn -0.7626 0.6258 0.1635
vn 0.0387 0.0117 0.9992
vn 0.0402 0.0040 0.9992
vn -0.4144 -0.0408 0.9092
vn -0.8106 -0.0799 0.5801
vn -0.8106 0.0799 0.5801
vn -0.8106 0.0798 0.5801
vn -0.7794 0.2364 0.5801
vn -0.4144 0.0408 0.9092
vn 0.9933 -0.0978 -0.0616
vn 0.0402 -0.0040 0.9992
vn -0.3985 0.1209 0.9092
vn -0.3672 0.1963 0.9092
vn -0.3219 0.2642 0.9092
vn 0.0387 -0.0117 0.9992
vn 0.9551 -0.2897 -0.0615
vn 0.9933 -0.0979 -0.0615
vn 0.0191 -0.0357 0.9992
vn 0.0257 -0.0313 0.9992
vn 0.0313 -0.0257 0.9992
vn 0.0357 -0.0191 0.9992
vn 0.8803 -0.4705 -0.0615
vn 0.7715 -0.6332 -0.0615
vn 0.7716 -0.6332 -0.0615
vn 0.6332 -0.7715 -0.0615
vn 0.4705 -0.8803 -0.0615
vn 0.4705 -0.8803 -0.0616
vn 0.0117 -0.0387 0.9992
vn 0.2897 -0.9551 -0.0616
vn 0.2897 -0.9551 -0.0615
vn 0.0979 -0.9933 -0.0615
vn 0.0978 -0.9933 -0.0616
vn 0.0040 -0.0402 0.9992
vn -0.0408 0.4144 0.9092
vn -0.1209 0.3985 0.9092
vn -0.2364 0.7794 0.5801
vn -0.0799 0.8106 0.5801
vn -0.0799 0.8106 0.5802
vn -0.3985 -0.1209 0.9092
vn -0.3672 -0.1963 0.9092
vn 0.0357 0.0191 0.9992
vn 0.8803 0.4705 -0.0615
vn 0.9551 0.2897 -0.0615
vn 0.9933 0.0979 -0.0615
vn 0.9933 0.0978 -0.0616
vn -0.7183 -0.3840 0.5801
vn -0.3219 -0.2642 0.9092
vn 0.0313 0.0257 0.9992
vn 0.7715 0.6332 -0.0615
vn 0.7716 0.6332 -0.0615
vn 0.6332 0.7715 -0.0615
vn 0.4705 0.8803 -0.0615
vn 0.0257 0.0313 0.9992
vn -0.9568 -0.2902 0.0160
vn -0.8701 -0.4651 0.1635
vn -0.6296 -0.5167 0.5801
vn -0.2642 -0.3219 0.9092
vn 0.0191 0.0357 0.9992
vn 0.0117 0.0387 0.9992
vn 0.4705 0.8803 -0.0616
vn 0.2897 0.9551 -0.0616
vn 0.2897 0.9551 -0.0615
vn 0.0979 0.9933 -0.0615
vn 0.0978 0.9933 -0.0616
vn 0.0040 0.0402 0.9992
vn -0.0408 -0.4144 0.9092
vn -0.1209 -0.3985 0.9092
vn -0.0980 -0.9951 -0.0160
vn -0.0980 -0.9951 0.0160
vn -0.2902 -0.9568 0.0160
vn -0.2864 -0.9441 0.1635
vn -0.4651 -0.8701 0.1635
vn -0.3840 -0.7183 0.5801
vn -0.3839 -0.7183 0.5801
vn -0.2364 -0.7794 0.5801
vn -0.0799 -0.8106 0.5801
vn -0.0799 -0.8106 0.5802
vn -0.0967 -0.9818 0.1634
vn -0.0967 -0.9818 0.1635
vn -0.1963 -0.3672 0.9092
vn -0.5167 -0.6296 0.5801
vn -0.6258 -0.7626 0.1635
vn -0.6259 -0.7626 0.1635
vn -0.6343 -0.7729 0.0160
vn -0.6343 -0.7729 -0.0160
vn -0.7729 -0.6343 0.0160
vn -0.8818 -0.4713 0.0160
vn -0.7626 -0.6259 0.1635
vn -0.9568 -0.2903 0.0160
vn -0.7729 -0.6343 -0.0160
vn -0.8818 -0.4713 -0.0160
vn -0.9568 -0.2903 -0.0160
vn -0.9568 -0.2902 -0.0160
vn -0.9951 -0.0980 -0.0160
vn -0.9441 -0.2864 -0.1635
vn -0.8701 -0.4651 -0.1635
vn -0.7626 -0.6258 -0.1635
vn -0.7626 -0.6259 -0.1635
vn -0.6259 -0.7626 -0.1635
vn -0.4713 -0.8818 -0.0160
vn -0.4713 -0.8818 0.0160
vn -0.4650 -0.8701 0.1635
vn -0.6258 -0.7626 -0.1635
vn -0.4650 -0.8701 -0.1635
vn -0.5167 -0.6296 -0.5801
vn -0.3840 -0.7183 -0.5801
vn -0.4651 -0.8701 -0.1635
vn -0.2864 -0.9441 -0.1635
vn -0.2902 -0.9568 -0.0160
vn -0.3219 -0.2642 -0.9092
vn -0.2642 -0.3219 -0.9092
vn -0.1963 -0.3672 -0.9092
vn -0.3839 -0.7183 -0.5801
vn -0.2364 -0.7794 -0.5801
vn -0.0967 -0.9818 -0.1635
vn -0.0967 -0.9818 -0.1634
vn -0.0799 -0.8106 -0.5801
vn -0.0799 -0.8106 -0.5802
vn -0.0408 -0.4144 -0.9092
vn 0.0979 0.9933 0.0615
vn 0.0978 0.9933 0.0616
vn 0.0040 0.0402 -0.9992
vn -0.1209 -0.3985 -0.9092
vn 0.0191 0.0357 -0.9992
vn 0.0257 0.0313 -0.9992
vn 0.0117 0.0387 -0.9992
vn 0.0313 0.0257 -0.9992
vn 0.7715 0.6332 0.0615
vn 0.7716 0.6332 0.0615
vn 0.6332 0.7715 0.0615
vn 0.4705 0.8803 0.0615
vn 0.4705 0.8803 0.0616
vn 0.2897 0.9551 0.0616
vn 0.2897 0.9551 0.0615
vn -0.7716 0.6332 0.0615
vn -0.6332 0.7715 0.0615
vn -0.4705 0.8803 0.0615
vn -0.4705 0.8803 0.0616
vn -0.0191 0.0357 -0.9992
vn -0.0117 0.0387 -0.9992
vn -0.0040 0.0402 -0.9992
vn 0.0408 -0.4144 -0.9092
vn 0.0799 -0.8106 -0.5802
vn 0.1209 -0.3985 -0.9092
vn -0.0978 0.9933 0.0616
vn -0.0979 0.9933 0.0615
vn -0.2897 0.9551 0.0615
vn -0.2897 0.9551 0.0616
vn 0.0967 -0.9818 -0.1634
vn 0.0799 -0.8106 -0.5801
vn 0.2364 -0.7794 -0.5801
vn 0.1963 -0.3672 -0.9092
vn -0.0257 0.0313 -0.9992
vn -0.0256 0.0313 -0.9992
vn -0.7715 0.6332 0.0615
vn 0.2864 -0.9441 0.1635
vn 0.0980 -0.9951 0.0160
vn 0.0980 -0.9951 -0.0160
vn 0.0967 -0.9818 -0.1635
vn 0.3839 -0.7183 -0.5801
vn 0.0967 -0.9818 0.1634
vn 0.0967 -0.9818 0.1635
vn 0.4713 -0.8818 0.0160
vn 0.4650 -0.8701 0.1635
vn 0.4651 -0.8701 0.1635
vn 0.3840 -0.7183 0.5801
vn 0.3839 -0.7183 0.5801
vn 0.2364 -0.7794 0.5802
vn 0.2364 -0.7794 0.5801
vn 0.0799 -0.8106 0.5801
vn 0.0799 -0.8106 0.5802
vn 0.0408 -0.4144 0.9092
vn -0.0040 0.0402 0.9992
vn 0.1209 -0.3985 0.9092
vn 0.1963 -0.3672 0.9092
vn 0.5167 -0.6296 0.5801
vn 0.0012 0.4826 0.8759
vn -0.0160 0.3696 0.9290
vn 0.0132 0.3880 0.9216
vn -0.0458 0.3778 0.9248
vn -0.0562 0.4898 0.8700
vn -0.1574 0.4774 0.8645
vn -0.1499 0.5563 0.8174
vn -0.6138 0.4581 0.6430
vn -0.6078 0.4718 0.6388
vn -0.4831 0.5953 0.6421
vn -0.5601 0.4647 0.6858
vn -0.1293 0.5150 0.8474
vn -0.1050 0.5242 0.8451
vn -0.0456 0.5223 0.8515
vn -0.0239 0.5300 0.8477
vn 0.0239 0.5300 0.8477
vn 0.0242 0.5522 0.8334
vn 0.0176 0.5528 0.8331
vn 0.0204 0.4887 0.8722
vn -0.0329 0.4856 0.8735
vn -0.0342 0.5522 0.8330
vn -0.0242 0.5533 0.8326
vn -0.0981 0.5518 0.8282
vn -0.1895 0.4401 0.8777
vn -0.1363 0.4752 0.8692
vn -0.0675 0.4728 0.8786
vn -0.0430 0.4897 0.8708
vn 0.0431 0.4897 0.8708
vn 0.0457 0.5223 0.8515
vn 0.1050 0.5241 0.8452
vn 0.0982 0.5513 0.8285
vn 0.1348 0.5550 0.8209
vn 0.1435 0.4795 0.8657
vn 0.1248 0.4733 0.8720
vn 0.7633 0.2863 0.5791
vn 0.7323 0.4857 0.4772
vn 0.6132 0.4594 0.6426
vn 0.6077 0.4719 0.6387
vn 0.1292 0.5149 0.8474
vn 0.1362 0.4751 0.8693
vn 0.0678 0.4727 0.8786
vn 0.0586 0.4056 0.9122
vn -0.0583 0.4056 0.9122
vn -0.0839 0.3760 0.9228
vn -0.1746 0.3704 0.9123
vn -0.2098 0.2975 0.9314
vn -0.2342 0.2905 0.9278
vn -0.2286 0.1587 0.9605
vn -0.2257 0.1604 0.9609
vn -0.2015 0.0510 0.9782
vn -0.2071 0.0483 0.9771
vn -0.2022 0.0368 0.9787
vn -0.0015 0.0436 0.9990
vn -0.0780 -0.0582 0.9953
vn -0.4191 0.5895 0.6906
vn -0.4441 0.5570 0.7018
vn -0.4991 0.5253 0.6891
vn -0.4903 0.5358 0.6874
vn -0.4805 0.5394 0.6915
vn -0.4882 0.5318 0.6920
vn -0.4931 0.5334 0.6873
vn -0.1280 0.7223 0.6796
vn -0.2522 0.7123 0.6550
vn 0.3339 0.7871 0.5186
vn -0.0329 -0.0432 0.9985
vn -0.0310 -0.0447 0.9985
vn -0.0309 -0.0448 0.9985
vn -0.0290 -0.0460 0.9985
vn -0.0288 -0.0470 0.9985
vn -0.0273 -0.0478 0.9985
vn -0.0266 -0.0503 0.9984
vn -0.0251 -0.0509 0.9984
vn -0.0234 -0.0544 0.9982
vn -0.0305 -0.0526 0.9981
vn -0.0215 -0.0638 0.9977
vn -0.0694 -0.1787 0.9815
vn -0.0776 -0.1755 0.9814
vn -0.0803 -0.1670 0.9827
vn -0.0883 -0.1632 0.9826
vn -0.0890 -0.1596 0.9832
vn -0.0959 -0.1556 0.9831
vn -0.0962 -0.1539 0.9834
vn -0.1032 -0.1493 0.9834
vn -0.1032 -0.1491 0.9834
vn -0.0578 -0.2010 0.9779
vn -0.0144 -0.2133 0.9769
vn -0.0410 -0.2234 0.9739
vn -0.0317 -0.2271 0.9734
vn -0.0663 -0.1624 0.9845
vn -0.0723 -0.1632 0.9839
vn -0.0955 -0.0919 0.9912
vn -0.1118 -0.0957 0.9891
vn -0.1229 0.0022 0.9924
vn -0.1453 -0.0027 0.9894
vn -0.0051 -0.3640 0.9314
vn -0.0342 0.1432 0.9891
vn -0.1014 0.0697 0.9924
vn -0.1169 0.0871 0.9893
vn -0.1640 -0.0202 0.9862
vn -0.1380 -0.0454 0.9894
vn -0.1402 -0.1104 0.9839
vn -0.0620 -0.1672 0.9840
vn -0.1531 -0.3535 0.9228
vn -0.0765 -0.4023 0.9123
vn -0.1053 -0.4674 0.8777
vn -0.2769 0.0029 0.9609
vn -0.2780 0.0055 0.9606
vn -0.3595 -0.0972 0.9281
vn -0.3442 -0.1168 0.9316
vn -0.3587 -0.1971 0.9124
vn -0.2892 -0.2545 0.9228
vn -0.2858 -0.2937 0.9122
vn -0.1912 -0.3624 0.9122
vn -0.2233 -0.4222 0.8786
vn -0.1691 -0.4646 0.8692
vn -0.1981 -0.4926 0.8474
vn -0.7081 -0.1396 0.6922
vn -0.7058 -0.1537 0.6916
vn -0.7115 -0.1452 0.6876
vn -0.7126 -0.1291 0.6895
vn -0.6859 -0.1894 0.7027
vn -0.6828 -0.0802 0.7262
vn -0.4118 -0.2447 0.8778
vn -0.3895 -0.3043 0.8693
vn -0.3326 -0.3426 0.8786
vn -0.3227 -0.3708 0.8708
vn -0.3056 -0.4619 0.8326
vn -0.2922 -0.4428 0.8477
vn -0.3308 -0.4147 0.8477
vn -0.3440 -0.3957 0.8515
vn -0.7410 -0.2082 0.6384
vn -0.7298 -0.0708 0.6800
vn -0.4072 -0.3407 0.8474
vn -0.3930 -0.3623 0.8452
vn -0.4035 -0.3883 0.8285
vn -0.3442 -0.4325 0.8334
vn -0.3392 -0.4369 0.8331
vn -0.2969 -0.4669 0.8330
vn -0.2588 -0.4122 0.8735
vn -0.2425 -0.4293 0.8700
vn -0.2530 -0.4214 0.8708
vn -0.2701 -0.4494 0.8515
vn -0.2231 -0.4858 0.8451
vn -0.2450 -0.5041 0.8282
vn -0.2057 -0.5381 0.8174
vn -0.1533 -0.4787 0.8645
vn -0.1374 -0.4973 0.8566
vn -0.0697 -0.3897 0.9183
vn -0.0535 -0.4091 0.9109
vn 0.0092 -0.2517 0.9678
vn 0.1800 -0.7051 0.6858
vn 0.1582 -0.7159 0.6800
vn 0.1004 -0.7969 0.5957
vn 0.2273 -0.7314 0.6430
vn 0.3093 -0.8234 0.4757
vn 0.4703 -0.6613 0.5844
vn 0.4562 -0.7358 0.5004
vn 0.5870 -0.5347 0.6079
vn 0.6205 -0.4904 0.6120
vn 0.6953 -0.2085 0.6878
vn -0.0059 -0.7232 0.6906
vn 0.0318 -0.7121 0.7014
vn 0.0187 -0.3727 0.9278
vn 0.0916 -0.2627 0.9605
vn 0.0883 -0.2625 0.9609
vn 0.1330 -0.1597 0.9782
vn 0.1391 -0.1609 0.9771
vn 0.0824 -0.7172 0.6920
vn 0.0854 -0.7214 0.6873
vn -0.1929 -0.6925 0.6951
vn 0.0938 -0.7187 0.6890
vn 0.0817 -0.7216 0.6874
vn 0.0717 -0.7188 0.6915
vn -0.7328 -0.4405 0.5186
vn -0.3336 -0.6862 0.6464
vn -0.0244 -0.0361 0.9990
vn 0.1420 -0.1486 0.9787
vn 0.1491 0.0924 0.9845
vn 0.1545 0.0896 0.9839
vn 0.1313 0.0182 0.9912
vn 0.1467 0.0117 0.9891
vn 0.0981 -0.0740 0.9924
vn 0.1191 -0.0832 0.9894
vn 0.0313 -0.1615 0.9864
vn -0.0002 -0.1447 0.9895
vn 0.1591 0.1651 0.9734
vn 0.1645 0.1566 0.9739
vn 0.0972 0.0012 0.9953
vn 0.0549 0.0389 0.9977
vn 0.0556 0.0247 0.9981
vn 0.0509 0.0302 0.9982
vn 0.0502 0.0264 0.9984
vn 0.0510 0.0250 0.9984
vn 0.0502 0.0226 0.9985
vn 0.0509 0.0211 0.9985
vn 0.1683 0.0680 0.9834
vn 0.1713 0.0601 0.9834
vn 0.1737 0.0521 0.9834
vn 0.1712 0.0599 0.9834
vn 0.0513 0.0180 0.9985
vn 0.0505 0.0202 0.9985
vn -0.8134 -0.3235 0.4835
vn -0.8007 -0.3499 0.4863
vn -0.7980 -0.3574 0.4852
vn -0.7519 -0.4261 0.5031
vn -0.7688 -0.3962 0.5019
vn -0.7465 -0.4222 0.5143
vn -0.8157 -0.3128 0.4867
vn -0.8252 -0.2882 0.4859
vn 0.0521 0.0156 0.9985
vn 0.0527 0.0134 0.9985
vn 0.0536 0.0129 0.9985
vn 0.0539 0.0112 0.9985
vn 0.0560 0.0097 0.9984
vn 0.0561 0.0081 0.9984
vn -0.8549 -0.1313 0.5020
vn -0.8587 -0.0966 0.5032
vn -0.8557 -0.1799 0.4852
vn -0.8534 -0.1876 0.4863
vn -0.8461 -0.2270 0.4823
vn -0.8463 -0.2159 0.4869
vn -0.8362 -0.2545 0.4858
vn -0.8364 -0.2517 0.4869
vn -0.8255 -0.2854 0.4869
vn -0.3908 0.5919 0.7050
vn -0.3358 0.6409 0.6903
vn -0.3580 0.6319 0.6874
vn -0.3645 0.6237 0.6915
vn -0.3549 0.6286 0.6920
vn -0.3549 0.6338 0.6872
vn -0.6474 0.3449 0.6796
vn -0.5994 0.4601 0.6550
vn -0.8518 -0.0744 0.5186
vn -0.8521 -0.0978 0.5141
vn 0.0589 0.0055 0.9982
vn 0.0594 0.0127 0.9982
vn 0.0673 0.0007 0.9977
vn 0.0794 0.0562 0.9953
vn -0.0410 0.0148 0.9990
vn 0.0275 0.2037 0.9786
vn 0.0180 0.2119 0.9771
vn 0.0137 0.2074 0.9782
vn -0.0828 0.2643 0.9609
vn -0.0807 0.2661 0.9606
vn -0.0858 0.1172 0.9894
vn -0.0699 0.1498 0.9862
vn 0.0467 0.1381 0.9893
vn 0.0349 0.1180 0.9924
vn 0.1256 0.0768 0.9891
vn 0.1169 0.0624 0.9912
vn 0.1776 0.0183 0.9839
vn 0.1750 0.0129 0.9845
vn 0.2258 -0.0400 0.9734
vn 0.2251 -0.0300 0.9739
vn 0.2074 -0.0522 0.9769
vn 0.2090 -0.0071 0.9779
vn 0.1914 0.0108 0.9815
vn 0.1909 0.0196 0.9814
vn 0.1836 0.0248 0.9827
vn 0.1825 0.0335 0.9826
vn 0.1793 0.0353 0.9832
vn 0.1777 0.0431 0.9831
vn 0.1761 0.0439 0.9834
vn 0.1739 0.0520 0.9834
vn 0.4734 -0.6761 -0.5647
vn 0.5836 -0.5836 -0.5647
vn 0.0000 -0.0000 -1.0000
vn 0.8222 -0.0719 -0.5647
vn 0.7972 -0.2136 -0.5647
vn 0.7480 -0.3488 -0.5647
vn 0.6761 -0.4734 -0.5647
vn 0.6761 0.4734 -0.5647
vn 0.7480 0.3488 -0.5647
vn 0.7972 0.2136 -0.5647
vn 0.8222 0.0719 -0.5647
vn 0.4734 0.6761 -0.5647
vn 0.5836 0.5836 -0.5647
vn 0.0719 0.8222 -0.5647
vn 0.2136 0.7972 -0.5647
vn 0.3488 0.7480 -0.5647
vn -0.0719 0.8222 -0.5647
vn -0.2136 0.7972 -0.5647
vn -0.3488 0.7480 -0.5647
vn -0.4734 0.6761 -0.5647
vn -0.7480 0.3488 -0.5647
vn -0.6761 0.4734 -0.5647
vn -0.5836 0.5836 -0.5647
vn -0.7972 0.2136 -0.5647
vn -0.6761 -0.4734 -0.5647
vn -0.7480 -0.3488 -0.5647
vn -0.7972 -0.2136 -0.5647
vn -0.8222 -0.0719 -0.5647
vn -0.8222 0.0719 -0.5647
vn -0.2136 -0.7972 -0.5647
vn -0.3488 -0.7480 -0.5647
vn -0.4734 -0.6761 -0.5647
vn -0.5836 -0.5836 -0.5647
vn 0.3488 -0.7480 -0.5647
vn 0.2136 -0.7972 -0.5647
vn 0.0719 -0.8222 -0.5647
vn -0.0719 -0.8222 -0.5647
vn 0.1808 0.9835 -0.0118
vn 0.1903 0.9816 -0.0159
vn 0.2292 0.9733 -0.0089
vn 0.2512 0.9678 -0.0144
vn -0.0226 0.9997 0.0042
vn -0.0228 0.9997 0.0043
vn 0.0228 0.9997 0.0043
vn 0.0226 0.9997 0.0042
vn 0.0713 0.9975 0.0018
vn 0.0670 0.9978 -0.0001
vn 0.1157 0.9933 -0.0038
vn 0.1100 0.9939 -0.0064
vn 0.1514 0.9884 -0.0089
vn 0.1445 0.9894 -0.0125
vn -0.2512 0.9678 -0.0144
vn -0.2292 0.9733 -0.0089
vn -0.1903 0.9816 -0.0159
vn -0.1808 0.9835 -0.0118
vn -0.1444 0.9894 -0.0125
vn -0.1514 0.9884 -0.0089
vn -0.1100 0.9939 -0.0064
vn -0.1157 0.9933 -0.0038
vn -0.0670 0.9978 -0.0001
vn -0.0713 0.9975 0.0018
vn 0.6227 -0.4280 0.6550
vn 0.1925 -0.8331 0.5186
vn 0.1709 -0.8404 0.5142
vn 0.1393 -0.8537 0.5019
vn 0.1729 -0.8467 0.5031
vn 0.0933 -0.8694 0.4852
vn 0.0853 -0.8696 0.4863
vn 0.0563 -0.8735 0.4835
vn 0.0454 -0.8724 0.4867
vn 0.0191 -0.8738 0.4859
vn 0.0163 -0.8733 0.4869
vn -0.0163 -0.8733 0.4869
vn -0.0201 0.0642 0.9977
vn -0.0063 0.0605 0.9982
vn -0.0130 0.0578 0.9982
vn -0.0096 0.0559 0.9984
vn -0.0080 0.0563 0.9984
vn -0.0060 0.0547 0.9985
vn -0.0043 0.0549 0.9985
vn -0.0036 0.0543 0.9985
vn -0.0013 0.0544 0.9985
vn -0.0012 0.0544 0.9985
vn 0.0012 0.0544 0.9985
vn -0.0191 -0.8738 0.4859
vn -0.0454 -0.8724 0.4867
vn -0.0139 0.1823 0.9831
vn -0.0127 0.1810 0.9834
vn -0.0042 0.1815 0.9834
vn -0.0041 0.1813 0.9834
vn 0.0041 0.1813 0.9834
vn 0.0013 0.0544 0.9985
vn 0.0036 0.0543 0.9985
vn -0.0563 -0.8735 0.4835
vn -0.0853 -0.8696 0.4863
vn -0.0934 -0.8694 0.4852
vn 0.0043 0.0549 0.9985
vn 0.0060 0.0547 0.9985
vn 0.0080 0.0563 0.9984
vn 0.0096 0.0559 0.9984
vn 0.0130 0.0577 0.9982
vn 0.0063 0.0605 0.9982
vn -0.1852 0.0891 0.9786
vn -0.0268 -0.0344 0.9990
vn -0.0289 0.0929 0.9953
vn 0.0201 0.0642 0.9977
vn 0.0489 0.1853 0.9815
vn 0.0404 0.1876 0.9814
vn 0.0332 0.1823 0.9827
vn 0.0245 0.1839 0.9826
vn 0.0218 0.1814 0.9832
vn 0.0139 0.1823 0.9831
vn 0.0127 0.1810 0.9834
vn 0.0042 0.1815 0.9834
vn 0.0714 0.1966 0.9779
vn 0.1137 0.1811 0.9769
vn 0.0981 0.2048 0.9739
vn 0.1079 0.2024 0.9734
vn 0.0418 0.1704 0.9845
vn 0.0375 0.1746 0.9839
vn -0.1735 -0.8466 0.5032
vn -0.1393 -0.8536 0.5020
vn -0.1703 -0.8407 0.5141
vn -0.1925 -0.8331 0.5186
vn -0.6228 -0.4279 0.6550
vn -0.5281 -0.5092 0.6796
vn -0.7113 -0.1453 0.6877
vn -0.1960 0.0826 0.9771
vn -0.1930 0.0772 0.9782
vn -0.0232 0.1305 0.9912
vn 0.5742 -0.6996 0.4253
vn 0.4266 -0.7982 0.4253
vn 0.4266 -0.7982 0.4254
vn 0.2627 -0.8661 0.4254
vn 0.2627 -0.8661 0.4253
vn 0.0887 -0.9007 0.4253
vn 0.2769 0.0029 0.9609
vn 0.1930 0.0772 0.9782
vn 0.1960 0.0826 0.9771
vn 0.1852 0.0891 0.9787
vn 0.3896 -0.3044 0.8692
vn 0.4120 -0.2446 0.8777
vn 0.6842 -0.0792 0.7250
vn 0.6871 -0.1898 0.7014
vn 0.7125 -0.1329 0.6890
vn 0.7115 -0.1453 0.6875
vn 0.7058 -0.1539 0.6915
vn 0.7081 -0.1396 0.6922
vn 0.7113 -0.1453 0.6877
vn 0.5281 -0.5091 0.6796
vn 0.1982 -0.4925 0.8474
vn 0.1691 -0.4644 0.8693
vn 0.2230 -0.4222 0.8786
vn 0.1910 -0.3626 0.9122
vn 0.2856 -0.2938 0.9122
vn 0.2889 -0.2549 0.9228
vn 0.3589 -0.1971 0.9123
vn 0.3446 -0.1173 0.9314
vn 0.3602 -0.0974 0.9278
vn 0.2782 0.0060 0.9605
vn -0.3070 -0.8234 0.4772
vn -0.2261 -0.7321 0.6426
vn -0.1004 -0.7969 0.5957
vn -0.1582 -0.7160 0.6800
vn -0.1800 -0.7052 0.6858
vn 0.1055 -0.4673 0.8778
vn 0.0766 -0.4020 0.9124
vn 0.1526 -0.3536 0.9228
vn 0.0616 -0.1675 0.9839
vn 0.1398 -0.1107 0.9840
vn 0.1376 -0.0449 0.9895
vn 0.1632 -0.0201 0.9864
vn 0.1159 0.0876 0.9894
vn 0.1007 0.0704 0.9924
vn 0.0342 0.1431 0.9891
vn 0.0233 0.1305 0.9912
vn -0.0374 0.1746 0.9839
vn -0.0418 0.1704 0.9845
vn -0.1079 0.2024 0.9734
vn 0.0268 -0.0344 0.9990
vn 0.0289 0.0929 0.9953
vn -0.0981 0.2048 0.9739
vn -0.1137 0.1811 0.9769
vn -0.0714 0.1966 0.9779
vn -0.0488 0.1853 0.9815
vn -0.0404 0.1876 0.9814
vn -0.0332 0.1823 0.9827
vn -0.0245 0.1839 0.9826
vn -0.0218 0.1814 0.9832
vn -0.6480 -0.4537 0.6118
vn -0.5594 -0.5594 0.6118
vn -0.2588 -0.9659 0.0000
vn -0.4226 -0.9063 0.0000
vn -0.7727 -0.6341 -0.0281
vn -0.6341 -0.7727 -0.0281
vn -0.6341 -0.7727 0.0281
vn -0.7727 -0.6341 0.0281
vn -0.7727 -0.6342 0.0281
vn -0.8816 -0.4712 0.0281
vn -0.9566 -0.2902 0.0281
vn -0.8661 -0.2627 0.4253
vn -0.8661 -0.2627 0.4254
vn -0.7982 -0.4266 0.4253
vn -0.7982 -0.4266 0.4254
vn -0.6996 -0.5741 0.4253
vn -0.6996 -0.5742 0.4253
vn -0.6342 -0.7727 0.0281
vn 0.2047 -0.7641 -0.6118
vn -0.0387 0.0117 0.9992
vn 0.3985 -0.1209 0.9092
vn 0.9818 -0.0967 0.1635
vn 0.8106 -0.0798 0.5801
vn 0.7794 -0.2364 0.5801
vn 0.3672 -0.1963 0.9092
vn -0.0357 0.0191 0.9992
vn 0.7794 -0.2364 0.5802
vn 0.7183 -0.3839 0.5802
vn -0.0313 0.0257 0.9992
vn -0.0247 -0.2047 -0.9785
vn 0.0088 -0.1684 -0.9857
vn -0.0147 -0.1241 -0.9922
vn -0.0262 -0.1541 -0.9877
vn -0.0431 -0.0240 -0.9988
vn -0.0723 -0.1265 -0.9893
vn -0.0851 0.0940 -0.9919
vn -0.0931 0.0657 -0.9935
vn -0.2847 0.3431 -0.8951
vn -0.2851 0.3709 -0.8838
vn -0.3448 0.4485 -0.8246
vn -0.3359 0.4822 -0.8091
vn -0.3739 0.5339 -0.7584
vn 0.0034 -0.1810 -0.9835
vn 0.0117 -0.1807 -0.9835
vn 0.0034 -0.1789 -0.9839
vn 0.0259 -0.1760 -0.9841
vn -0.0001 -0.1745 -0.9847
vn 0.0368 -0.1619 -0.9861
vn 0.0033 -0.1684 -0.9857
vn -0.0552 -0.2052 -0.9772
vn 0.0089 -0.1750 -0.9845
vn -0.0161 -0.1995 -0.9798
vn 0.0916 0.0670 -0.9935
vn 0.0849 0.0907 -0.9922
vn 0.0723 -0.1265 -0.9893
vn 0.0431 -0.0239 -0.9988
vn 0.0261 -0.1542 -0.9877
vn 0.0147 -0.1241 -0.9922
vn -0.0088 -0.1684 -0.9857
vn 0.0247 -0.2047 -0.9785
vn 0.0161 -0.1996 -0.9798
vn -0.0090 -0.1750 -0.9845
vn 0.0557 -0.2054 -0.9771
vn -0.0033 -0.1683 -0.9857
vn -0.0373 -0.1617 -0.9861
vn 0.0001 -0.1745 -0.9847
vn -0.0259 -0.1760 -0.9841
vn -0.0034 -0.1789 -0.9839
vn -0.0117 -0.1807 -0.9835
vn -0.0034 -0.1810 -0.9835
vn -0.0026 -0.1813 -0.9834
vn 0.0026 -0.1813 -0.9834
vn 0.7033 0.6340 -0.3215
vn 0.7005 0.6378 -0.3201
vn 0.7962 0.5109 -0.3241
vn 0.7917 0.5196 -0.3213
vn 0.8714 0.3682 -0.3240
vn 0.8698 0.3734 -0.3226
vn 0.9219 0.2145 -0.3227
vn 0.9226 0.2090 -0.3241
vn 0.9452 0.0548 -0.3217
vn 0.9450 0.0450 -0.3241
vn 0.0864 0.9426 -0.3226
vn 0.0809 0.9426 -0.3240
vn 0.2495 0.9135 -0.3213
vn 0.2398 0.9151 -0.3241
vn 0.3901 0.8633 -0.3201
vn 0.3857 0.8648 -0.3215
vn 0.5051 0.8019 -0.3190
vn 0.5046 0.8022 -0.3192
vn 0.6065 0.7282 -0.3192
vn 0.6070 0.7278 -0.3191
vn -0.6071 0.7278 -0.3190
vn -0.6065 0.7282 -0.3192
vn -0.5046 0.8022 -0.3192
vn -0.5052 0.8019 -0.3190
vn -0.3856 0.8648 -0.3215
vn -0.3901 0.8634 -0.3201
vn -0.2398 0.9151 -0.3241
vn -0.2495 0.9135 -0.3213
vn -0.0809 0.9426 -0.3240
vn -0.0864 0.9426 -0.3226
vn -0.9450 0.0450 -0.3241
vn -0.9453 0.0548 -0.3217
vn -0.9227 0.2090 -0.3241
vn -0.9219 0.2144 -0.3227
vn -0.8698 0.3734 -0.3226
vn -0.8715 0.3682 -0.3240
vn -0.7917 0.5196 -0.3213
vn -0.7962 0.5109 -0.3241
vn -0.7005 0.6378 -0.3201
vn -0.7033 0.6340 -0.3215
vn 0.3657 -0.9306 -0.0144
vn 0.3867 -0.9222 -0.0089
vn 0.4230 -0.9060 -0.0159
vn 0.4318 -0.9019 -0.0118
vn 0.4647 -0.8854 -0.0125
vn 0.4585 -0.8887 -0.0089
vn 0.4952 -0.8688 -0.0064
vn 0.4902 -0.8716 -0.0038
vn 0.5322 -0.8466 -0.0001
vn 0.5286 -0.8489 0.0018
vn 0.5694 -0.8221 0.0042
vn 0.5692 -0.8222 0.0043
vn 0.6060 -0.7954 0.0043
vn 0.6059 -0.7955 0.0042
vn 0.6440 -0.7651 0.0018
vn 0.6407 -0.7678 -0.0001
vn 0.6774 -0.7356 -0.0038
vn 0.6732 -0.7394 -0.0064
vn 0.7035 -0.7106 -0.0089
vn 0.6984 -0.7156 -0.0125
vn 0.7243 -0.6894 -0.0118
vn 0.7310 -0.6822 -0.0159
vn 0.7576 -0.6527 -0.0089
vn 0.7721 -0.6354 -0.0144
vn 0.1823 -0.9326 0.3114
vn 0.1790 -0.9336 0.3104
vn 0.4146 -0.8629 0.2889
vn 0.4142 -0.8632 0.2888
vn 0.4944 -0.8232 0.2791
vn 0.4939 -0.8237 0.2787
vn 0.5297 -0.8022 0.2754
vn 0.5312 -0.8004 0.2777
vn 0.5510 -0.7871 0.2773
vn 0.5330 -0.7891 0.3054
vn -0.5330 -0.7891 0.3054
vn -0.5510 -0.7871 0.2773
vn -0.5312 -0.8004 0.2777
vn -0.5297 -0.8022 0.2754
vn -0.4939 -0.8237 0.2787
vn -0.4943 -0.8233 0.2790
vn -0.4144 -0.8631 0.2887
vn -0.4146 -0.8629 0.2888
vn -0.1788 -0.9337 0.3103
vn -0.1824 -0.9326 0.3114
vn -0.0087 0.0043 -1.0000
vn -0.0082 0.0053 -1.0000
vn -0.0086 0.0048 -1.0000
vn -0.0070 0.0064 -1.0000
vn -0.0039 0.0086 -1.0000
vn -0.0019 0.0096 -1.0000
vn -0.0025 0.0094 -1.0000
vn -0.0014 0.0096 -1.0000
vn 0.0014 0.0096 -1.0000
vn 0.0025 0.0094 -1.0000
vn 0.0019 0.0096 -1.0000
vn 0.0039 0.0086 -1.0000
vn 0.0070 0.0064 -1.0000
vn 0.0086 0.0048 -1.0000
vn 0.0082 0.0053 -1.0000
vn 0.0087 0.0043 -1.0000
vn 0.0096 0.0016 -1.0000
vn 0.0097 0.0005 -1.0000
vn 0.0097 0.0012 -1.0000
vn 0.0094 -0.0011 -1.0000
vn 0.0082 -0.0047 -1.0000
vn 0.0072 -0.0067 -1.0000
vn 0.0076 -0.0061 -1.0000
vn 0.0068 -0.0069 -1.0000
vn 0.0045 -0.0086 -1.0000
vn 0.0035 -0.0091 -1.0000
vn 0.0041 -0.0089 -1.0000
vn 0.0019 -0.0093 -1.0000
vn -0.0019 -0.0093 -1.0000
vn -0.0041 -0.0089 -1.0000
vn -0.0035 -0.0091 -1.0000
vn -0.0045 -0.0086 -1.0000
vn -0.0068 -0.0069 -1.0000
vn -0.0076 -0.0061 -1.0000
vn -0.0072 -0.0067 -1.0000
vn -0.0082 -0.0047 -1.0000
vn -0.0094 -0.0011 -1.0000
vn -0.0097 0.0012 -1.0000
vn -0.0097 0.0005 -1.0000
vn -0.0096 0.0016 -1.0000
vn -0.9433 -0.1148 0.3114
vn -0.9432 -0.1185 0.3103
vn -0.9488 0.1277 0.2888
vn -0.9489 0.1274 0.2887
vn -0.9357 0.2157 0.2790
vn -0.9360 0.2152 0.2787
vn -0.9266 0.2559 0.2754
vn -0.9254 0.2579 0.2777
vn -0.9188 0.2808 0.2773
vn -0.9152 0.2630 0.3054
vn -0.5770 -0.7566 0.3077
vn -0.5870 -0.7606 0.2775
vn -0.5971 -0.7526 0.2777
vn -0.5993 -0.7517 0.2754
vn -0.6307 -0.7242 0.2787
vn -0.6302 -0.7246 0.2791
vn -0.6929 -0.6607 0.2888
vn -0.6926 -0.6610 0.2889
vn -0.8310 -0.4618 0.3102
vn -0.8323 -0.4585 0.3116
vn 0.1691 0.0696 0.9831
vn 0.1658 0.0768 0.9832
vn 0.1673 0.0801 0.9826
vn 0.1631 0.0879 0.9827
vn 0.1660 0.0964 0.9814
vn 0.1612 0.1037 0.9815
vn 0.1649 0.1286 0.9779
vn 0.1371 0.1641 0.9769
vn 0.4007 0.8617 0.3114
vn 0.4039 0.8605 0.3104
vn 0.1718 0.9418 0.2889
vn 0.1722 0.9418 0.2888
vn 0.0840 0.9566 0.2791
vn 0.0846 0.9566 0.2787
vn 0.0430 0.9604 0.2754
vn 0.0407 0.9598 0.2777
vn 0.0278 0.9603 0.2775
vn 0.0221 0.9512 0.3077
vn -0.1026 0.1412 -0.9847
vn -0.0649 0.1528 -0.9861
vn -0.0963 0.1381 -0.9857
vn -0.1658 0.1334 -0.9771
vn -0.0956 0.1468 -0.9845
vn -0.1303 0.1520 -0.9798
vn -0.1403 0.1511 -0.9785
vn -0.0918 0.1414 -0.9857
vn -0.0848 0.0917 -0.9922
vn -0.1118 0.1093 -0.9877
vn -0.1244 0.1271 -0.9841
vn -0.1079 0.1427 -0.9839
vn -0.1157 0.1393 -0.9835
vn -0.1092 0.1444 -0.9835
vn -0.1087 0.1451 -0.9834
vn -0.1044 0.1482 -0.9834
vn -0.1036 0.1485 -0.9835
vn -0.0967 0.1531 -0.9835
vn -0.1024 0.1467 -0.9839
vn -0.0824 0.1576 -0.9841
vn -0.0694 0.1401 -0.9877
vn -0.0610 0.1090 -0.9922
vn -0.1061 0.1310 -0.9857
vn -0.1004 0.1801 -0.9785
vn -0.1043 0.1709 -0.9798
vn -0.1101 0.1363 -0.9845
vn -0.0759 0.1984 -0.9772
vn -0.1017 0.1343 -0.9857
vn -0.1249 0.1094 -0.9861
vn -0.1025 0.1412 -0.9847
vn -0.2090 -0.0071 0.9779
vn -0.2073 -0.0522 0.9769
vn -0.2251 -0.0300 0.9739
vn -0.2258 -0.0401 0.9734
vn -0.1750 0.0129 0.9845
vn -0.1776 0.0183 0.9839
vn -0.1169 0.0624 0.9912
vn -0.1256 0.0768 0.9891
vn -0.0359 0.1175 0.9924
vn -0.0475 0.1373 0.9894
vn -0.0794 0.0562 0.9953
vn -0.0673 0.0007 0.9977
vn -0.1914 0.0108 0.9815
vn -0.1909 0.0196 0.9814
vn -0.1836 0.0248 0.9827
vn -0.1825 0.0335 0.9826
vn -0.1793 0.0353 0.9832
vn -0.1777 0.0431 0.9831
vn -0.1761 0.0439 0.9834
vn -0.1739 0.0520 0.9834
vn -0.1712 0.0600 0.9834
vn -0.1713 0.0601 0.9834
vn -0.1683 0.0680 0.9834
vn -0.1691 0.0696 0.9831
vn -0.1658 0.0768 0.9832
vn -0.1673 0.0801 0.9826
vn -0.1631 0.0879 0.9827
vn -0.1660 0.0964 0.9814
vn -0.1612 0.1037 0.9815
vn -0.0549 0.0389 0.9977
vn 0.8979 0.3149 0.3077
vn 0.9047 0.3232 0.2775
vn 0.9002 0.3353 0.2777
vn 0.9001 0.3376 0.2754
vn 0.8837 0.3760 0.2787
vn 0.8838 0.3755 0.2790
vn 0.8426 0.4547 0.2887
vn 0.8427 0.4544 0.2888
vn 0.6935 0.6503 0.3103
vn 0.6957 0.6473 0.3114
vn -0.9981 0.0602 -0.0144
vn -0.9965 0.0828 -0.0089
vn -0.9924 0.1223 -0.0159
vn -0.9912 0.1320 -0.0118
vn -0.9856 0.1684 -0.0125
vn -0.9868 0.1614 -0.0089
vn -0.9793 0.2025 -0.0064
vn -0.9804 0.1969 -0.0038
vn -0.9696 0.2446 -0.0001
vn -0.9707 0.2404 0.0018
vn -0.9578 0.2875 0.0042
vn -0.9578 0.2873 0.0043
vn -0.9438 0.3306 0.0043
vn -0.9438 0.3304 0.0042
vn -0.9266 0.3760 0.0018
vn -0.9282 0.3721 -0.0001
vn -0.9089 0.4170 -0.0038
vn -0.9113 0.4118 -0.0064
vn -0.8933 0.4495 -0.0089
vn -0.8964 0.4431 -0.0125
vn -0.8795 0.4758 -0.0118
vn -0.8747 0.4843 -0.0159
vn -0.8549 0.5188 -0.0089
vn -0.8429 0.5380 -0.0144
vn -0.0221 0.9512 0.3077
vn -0.0278 0.9603 0.2775
vn -0.0407 0.9598 0.2777
vn -0.0430 0.9604 0.2754
vn -0.0846 0.9567 0.2787
vn -0.0840 0.9566 0.2790
vn -0.1721 0.9418 0.2887
vn -0.1718 0.9418 0.2888
vn -0.4042 0.8605 0.3103
vn -0.4007 0.8617 0.3114
vn -0.6957 0.6474 0.3114
vn -0.6936 0.6501 0.3104
vn -0.8426 0.4544 0.2889
vn -0.8425 0.4548 0.2888
vn -0.8838 0.3755 0.2791
vn -0.8837 0.3761 0.2787
vn -0.9001 0.3376 0.2754
vn -0.9002 0.3353 0.2777
vn -0.9047 0.3232 0.2775
vn -0.8979 0.3149 0.3077
vn 0.9152 0.2630 0.3054
vn 0.9188 0.2808 0.2773
vn 0.9254 0.2579 0.2777
vn 0.9266 0.2559 0.2754
vn 0.9360 0.2152 0.2787
vn 0.9357 0.2158 0.2791
vn 0.9489 0.1272 0.2888
vn 0.9488 0.1276 0.2889
vn 0.9432 -0.1183 0.3103
vn 0.9433 -0.1148 0.3114
vn 0.8324 -0.4583 0.3116
vn 0.8310 -0.4619 0.3101
vn 0.6926 -0.6610 0.2888
vn 0.6928 -0.6608 0.2887
vn 0.6302 -0.7245 0.2790
vn 0.6307 -0.7242 0.2787
vn 0.5993 -0.7517 0.2754
vn 0.5971 -0.7526 0.2777
vn 0.5870 -0.7606 0.2775
vn 0.5770 -0.7566 0.3077
vn 0.8794 0.4759 -0.0118
vn 0.8747 0.4843 -0.0159
vn 0.8549 0.5188 -0.0089
vn 0.8429 0.5379 -0.0144
vn 0.9578 0.2875 0.0042
vn 0.9578 0.2873 0.0043
vn 0.9438 0.3306 0.0043
vn 0.9438 0.3304 0.0042
vn 0.9266 0.3760 0.0018
vn 0.9282 0.3720 -0.0001
vn 0.9089 0.4170 -0.0038
vn 0.9113 0.4118 -0.0064
vn 0.8933 0.4495 -0.0089
vn 0.8964 0.4431 -0.0125
vn 0.9981 0.0602 -0.0144
vn 0.9965 0.0828 -0.0089
vn 0.9924 0.1223 -0.0159
vn 0.9912 0.1320 -0.0118
vn 0.9856 0.1684 -0.0125
vn 0.9868 0.1614 -0.0089
vn 0.9793 0.2025 -0.0064
vn 0.9804 0.1969 -0.0038
vn 0.9696 0.2446 -0.0001
vn 0.9707 0.2404 0.0018
vn -0.0627 -0.9456 -0.3192
vn -0.0633 -0.9456 -0.3190
vn -0.1918 -0.9273 -0.3215
vn -0.1964 -0.9267 -0.3203
vn -0.3348 -0.8848 -0.3241
vn -0.3442 -0.8821 -0.3217
vn -0.4839 -0.8129 -0.3241
vn -0.4888 -0.8105 -0.3227
vn -0.6239 -0.7118 -0.3226
vn -0.6195 -0.7150 -0.3240
vn -0.7325 -0.5999 -0.3217
vn -0.7380 -0.5918 -0.3241
vn -0.8207 -0.4732 -0.3203
vn -0.8226 -0.4689 -0.3215
vn -0.8798 -0.3525 -0.3190
vn -0.8800 -0.3518 -0.3192
vn -0.9188 -0.2320 -0.3192
vn -0.9188 -0.2326 -0.3190
vn -0.9417 -0.0995 -0.3215
vn -0.9416 -0.1042 -0.3201
vn 0.9416 -0.1042 -0.3201
vn 0.9417 -0.0995 -0.3215
vn 0.9188 -0.2326 -0.3190
vn 0.9189 -0.2320 -0.3192
vn 0.8800 -0.3518 -0.3192
vn 0.8798 -0.3524 -0.3191
vn 0.8226 -0.4689 -0.3215
vn 0.8207 -0.4732 -0.3203
vn 0.7381 -0.5918 -0.3241
vn 0.7325 -0.5999 -0.3217
vn 0.6195 -0.7150 -0.3240
vn 0.6239 -0.7118 -0.3226
vn 0.4888 -0.8105 -0.3227
vn 0.4839 -0.8129 -0.3241
vn 0.3442 -0.8821 -0.3217
vn 0.3348 -0.8848 -0.3241
vn 0.1964 -0.9267 -0.3203
vn 0.1918 -0.9273 -0.3215
vn 0.0633 -0.9456 -0.3190
vn 0.0627 -0.9456 -0.3192
vn 0.1976 0.5540 -0.8088
vn 0.3380 0.7635 -0.5503
vn 0.0077 0.7850 -0.6195
vn 0.2258 0.8496 -0.4766
vn -0.0251 0.8650 -0.5012
vn 0.0791 0.9000 -0.4286
vn -0.0791 0.9000 -0.4287
vn 0.0247 0.8651 -0.5009
vn -0.2258 0.8497 -0.4765
vn -0.0028 0.7830 -0.6220
vn 0.3558 0.7804 0.5142
vn 0.3891 0.7725 0.5019
vn 0.3578 0.7867 0.5031
vn 0.4430 0.7552 0.4832
vn 0.4350 0.7574 0.4870
vn 0.4773 0.7345 0.4823
vn 0.4669 0.7382 0.4869
vn 0.5005 0.7166 0.4858
vn 0.4979 0.7177 0.4869
vn 0.5265 0.6969 0.4869
vn 0.5290 0.6957 0.4859
vn 0.5495 0.6791 0.4867
vn 0.1026 0.1412 -0.9847
vn 0.0654 0.1526 -0.9861
vn 0.0963 0.1382 -0.9857
vn 0.1653 0.1335 -0.9772
vn 0.0956 0.1469 -0.9845
vn 0.1303 0.1520 -0.9798
vn 0.1403 0.1511 -0.9785
vn 0.0918 0.1414 -0.9857
vn 0.0848 0.0917 -0.9922
vn 0.1118 0.1093 -0.9877
vn 0.1244 0.1271 -0.9841
vn 0.1079 0.1427 -0.9839
vn 0.1157 0.1393 -0.9835
vn 0.1092 0.1444 -0.9835
vn 0.1087 0.1451 -0.9834
vn 0.1044 0.1482 -0.9834
vn 0.1036 0.1485 -0.9835
vn 0.0967 0.1531 -0.9835
vn 0.1024 0.1467 -0.9839
vn 0.0825 0.1576 -0.9841
vn 0.0694 0.1401 -0.9877
vn 0.0610 0.1090 -0.9922
vn 0.1061 0.1310 -0.9857
vn 0.1004 0.1801 -0.9785
vn 0.1042 0.1709 -0.9798
vn 0.1101 0.1363 -0.9845
vn 0.0757 0.1989 -0.9771
vn 0.1016 0.1342 -0.9857
vn 0.1252 0.1089 -0.9861
vn 0.1025 0.1412 -0.9847
usemtl pskmat0.005
s off
f 894/1/1 901/2/1 902/3/1
f 606/4/2 784/5/2 615/6/2
f 784/5/3 606/4/3 896/7/3
f 889/8/3 896/7/3 606/4/3
f 896/7/4 889/8/4 894/1/4
f 895/9/4 894/1/4 889/8/4
f 901/2/1 894/1/1 895/9/1
f 895/9/5 903/10/5 901/2/5
f 903/10/5 895/9/5 897/11/5
f 897/11/6 898/12/6 903/10/6
f 898/12/7 897/11/7 891/13/7
f 608/14/8 610/15/8 891/13/8
f 891/13/9 890/16/9 608/14/9
f 890/16/7 891/13/7 897/11/7
f 897/11/10 895/9/10 890/16/10
f 889/8/10 890/16/10 895/9/10
f 890/16/11 889/8/11 604/17/11
f 606/4/11 604/17/11 889/8/11
f 604/17/12 606/4/12 605/18/12
f 605/18/12 603/19/12 604/17/12
f 605/18/13 616/20/13 603/19/13
f 607/21/14 609/22/14 610/15/14
f 610/15/14 608/14/14 607/21/14
f 603/19/15 607/21/15 608/14/15
f 608/14/15 604/17/15 603/19/15
f 604/17/9 608/14/9 890/16/9
f 617/23/13 603/19/13 616/20/13
f 603/19/16 617/23/16 607/21/16
f 618/24/16 607/21/16 617/23/16
f 607/21/17 618/24/17 609/22/17
f 619/25/17 609/22/17 618/24/17
f 618/24/18 624/26/18 619/25/18
f 624/26/6 618/24/6 623/27/6
f 617/23/6 623/27/6 618/24/6
f 623/27/5 617/23/5 622/28/5
f 616/20/5 622/28/5 617/23/5
f 622/28/1 616/20/1 621/29/1
f 614/30/1 621/29/1 616/20/1
f 616/20/19 605/18/19 614/30/19
f 615/6/19 614/30/19 605/18/19
f 615/6/2 605/18/2 606/4/2
f 526/31/20 515/32/20 613/33/20
f 515/32/21 526/31/21 525/34/21
f 527/35/21 525/34/21 526/31/21
f 525/34/22 527/35/22 533/36/22
f 534/37/22 533/36/22 527/35/22
f 527/35/23 620/38/23 534/37/23
f 626/39/23 534/37/23 620/38/23
f 626/39/24 620/38/24 625/40/24
f 619/25/24 625/40/24 620/38/24
f 625/40/18 619/25/18 624/26/18
f 891/13/25 892/41/25 898/12/25
f 892/41/8 891/13/8 610/15/8
f 610/15/26 612/42/26 892/41/26
f 612/42/27 610/15/27 609/22/27
f 609/22/27 611/43/27 612/42/27
f 609/22/28 619/25/28 611/43/28
f 620/38/28 611/43/28 619/25/28
f 611/43/29 620/38/29 527/35/29
f 526/31/29 611/43/29 527/35/29
f 611/43/30 526/31/30 612/42/30
f 893/44/31 612/42/31 791/45/31
f 893/44/26 892/41/26 612/42/26
f 892/41/32 893/44/32 899/46/32
f 899/46/25 898/12/25 892/41/25
f 793/47/33 791/45/33 792/48/33
f 893/44/34 791/45/34 793/47/34
f 900/49/34 893/44/34 793/47/34
f 900/49/32 899/46/32 893/44/32
f 906/50/24 899/46/24 900/49/24
f 899/46/24 906/50/24 905/51/24
f 905/51/18 898/12/18 899/46/18
f 898/12/18 905/51/18 904/52/18
f 904/52/6 903/10/6 898/12/6
f 800/53/35 792/48/35 801/54/35
f 800/53/22 799/55/22 792/48/22
f 793/47/22 792/48/22 799/55/22
f 799/55/23 906/50/23 793/47/23
f 900/49/23 793/47/23 906/50/23
f 613/33/30 612/42/30 526/31/30
f 612/42/31 613/33/31 791/45/31
f 791/45/36 613/33/36 786/56/36
f 792/48/33 791/45/33 786/56/33
f 792/48/37 786/56/37 794/57/37
f 801/54/35 792/48/35 794/57/35
f 794/57/38 795/58/38 801/54/38
f 802/59/38 801/54/38 795/58/38
f 795/58/39 796/60/39 802/59/39
f 803/61/39 802/59/39 796/60/39
f 514/62/20 613/33/20 515/32/20
f 613/33/36 514/62/36 786/56/36
f 786/56/40 514/62/40 785/63/40
f 794/57/37 786/56/37 785/63/37
f 794/57/41 785/63/41 795/58/41
f 790/64/42 789/65/42 524/66/42
f 789/65/43 790/64/43 797/67/43
f 797/67/44 796/60/44 789/65/44
f 788/68/44 789/65/44 796/60/44
f 796/60/45 795/58/45 788/68/45
f 787/69/45 788/68/45 795/58/45
f 795/58/41 785/63/41 787/69/41
f 785/63/46 516/70/46 787/69/46
f 514/62/40 516/70/40 785/63/40
f 516/70/47 514/62/47 513/71/47
f 518/72/48 516/70/48 517/73/48
f 513/71/48 517/73/48 516/70/48
f 517/73/49 513/71/49 529/74/49
f 528/75/49 529/74/49 513/71/49
f 530/76/50 519/77/50 529/74/50
f 517/73/50 529/74/50 519/77/50
f 531/78/51 521/79/51 530/76/51
f 519/77/51 530/76/51 521/79/51
f 519/77/52 521/79/52 522/80/52
f 520/81/52 519/77/52 522/80/52
f 517/73/53 519/77/53 520/81/53
f 518/72/53 517/73/53 520/81/53
f 532/82/54 523/83/54 531/78/54
f 521/79/54 531/78/54 523/83/54
f 521/79/55 523/83/55 524/66/55
f 522/80/55 521/79/55 524/66/55
f 522/80/42 524/66/42 789/65/42
f 789/65/56 788/68/56 522/80/56
f 520/81/56 522/80/56 788/68/56
f 788/68/57 787/69/57 520/81/57
f 518/72/57 520/81/57 787/69/57
f 516/70/46 518/72/46 787/69/46
f 581/84/58 575/85/58 580/86/58
f 574/87/58 580/86/58 575/85/58
f 580/86/59 574/87/59 579/88/59
f 573/89/59 579/88/59 574/87/59
f 573/89/60 532/82/60 579/88/60
f 573/89/61 563/90/61 532/82/61
f 523/83/61 532/82/61 563/90/61
f 523/83/62 563/90/62 564/91/62
f 524/66/62 523/83/62 564/91/62
f 524/66/63 564/91/63 790/64/63
f 573/89/64 574/87/64 563/90/64
f 798/92/43 797/67/43 790/64/43
f 790/64/65 841/93/65 798/92/65
f 841/93/63 790/64/63 564/91/63
f 564/91/66 562/94/66 841/93/66
f 564/91/67 563/90/67 562/94/67
f 563/90/67 561/95/67 562/94/67
f 561/95/64 563/90/64 574/87/64
f 574/87/68 575/85/68 561/95/68
f 561/95/68 575/85/68 565/96/68
f 575/85/69 576/97/69 565/96/69
f 842/98/66 841/93/66 562/94/66
f 842/98/70 562/94/70 843/99/70
f 566/100/70 843/99/70 562/94/70
f 843/99/71 566/100/71 844/101/71
f 568/102/71 844/101/71 566/100/71
f 568/102/72 566/100/72 567/103/72
f 565/96/72 567/103/72 566/100/72
f 566/100/73 562/94/73 565/96/73
f 561/95/73 565/96/73 562/94/73
f 576/97/69 567/103/69 565/96/69
f 576/97/74 577/104/74 567/103/74
f 577/104/74 569/105/74 567/103/74
f 567/103/75 569/105/75 568/102/75
f 570/106/75 568/102/75 569/105/75
f 570/106/76 845/107/76 568/102/76
f 844/101/76 568/102/76 845/107/76
f 845/107/77 851/108/77 844/101/77
f 850/109/77 844/101/77 851/108/77
f 844/101/78 850/109/78 843/99/78
f 855/110/79 849/111/79 856/112/79
f 850/109/79 856/112/79 849/111/79
f 856/112/80 850/109/80 857/113/80
f 851/108/80 857/113/80 850/109/80
f 857/113/81 851/108/81 858/114/81
f 852/115/81 858/114/81 851/108/81
f 851/108/82 845/107/82 852/115/82
f 846/116/82 852/115/82 845/107/82
f 845/107/83 570/106/83 846/116/83
f 572/117/83 846/116/83 570/106/83
f 572/117/84 570/106/84 571/118/84
f 569/105/84 571/118/84 570/106/84
f 578/119/85 571/118/85 569/105/85
f 577/104/85 578/119/85 569/105/85
f 584/120/81 578/119/81 577/104/81
f 583/121/81 584/120/81 577/104/81
f 583/121/80 577/104/80 576/97/80
f 582/122/80 583/121/80 576/97/80
f 582/122/79 576/97/79 575/85/79
f 581/84/79 582/122/79 575/85/79
f 2313/123/86 2311/124/86 2312/125/86
f 2314/126/87 2311/124/87 2313/123/87
f 2315/127/88 2314/126/88 2313/123/88
f 2316/128/89 2314/126/89 2315/127/89
f 2317/129/90 2316/128/90 2315/127/90
f 2318/130/91 2317/129/91 2315/127/91
f 2305/131/92 2317/129/92 2318/130/92
f 2306/132/93 2305/131/93 2318/130/93
f 2307/133/94 2305/131/94 2306/132/94
f 2308/134/95 2307/133/95 2306/132/95
f 2309/135/96 2307/133/96 2308/134/96
f 2310/136/97 2309/135/97 2308/134/97
f 2362/137/98 2309/135/98 2310/136/98
f 2309/135/99 2362/137/99 2359/138/99
f 2362/137/100 2360/139/100 2359/138/100
f 2361/140/101 2359/138/101 2360/139/101
f 2370/141/102 2361/140/102 2360/139/102
f 2361/140/103 2370/141/103 2369/142/103
f 2370/141/104 2368/143/104 2369/142/104
f 2367/144/105 2369/142/105 2368/143/105
f 2363/145/106 2367/144/106 2368/143/106
f 2364/146/107 2363/145/107 2368/143/107
f 2365/147/108 2363/145/108 2364/146/108
f 2366/148/109 2365/147/109 2364/146/109
f 1778/149/110 1688/150/110 1804/151/110
f 1804/151/111 1786/152/111 1778/149/111
f 1786/152/112 1804/151/112 1788/153/112
f 1788/153/113 1787/154/113 1786/152/113
f 1785/155/114 1786/152/114 1787/154/114
f 1786/152/115 1785/155/115 1761/156/115
f 1761/156/116 1778/149/116 1786/152/116
f 1778/149/117 1761/156/117 1777/157/117
f 1778/149/118 1777/157/118 1688/150/118
f 1686/158/119 1688/150/119 1777/157/119
f 1688/150/120 1686/158/120 1687/159/120
f 1689/160/121 1687/159/121 1686/158/121
f 1687/159/122 1689/160/122 1700/161/122
f 1703/162/123 1847/163/123 1855/164/123
f 1701/165/124 1703/162/124 1855/164/124
f 1703/162/125 1701/165/125 1700/161/125
f 1702/166/126 1700/161/126 1701/165/126
f 1700/161/127 1702/166/127 1687/159/127
f 1706/167/128 1687/159/128 1702/166/128
f 1687/159/129 1706/167/129 1688/150/129
f 1717/168/130 1688/150/130 1706/167/130
f 1717/168/131 1804/151/131 1688/150/131
f 1804/151/132 1717/168/132 1805/169/132
f 1805/169/133 1788/153/133 1804/151/133
f 1806/170/134 1788/153/134 1805/169/134
f 1805/169/135 1714/171/135 1806/170/135
f 1714/171/136 1805/169/136 1716/172/136
f 1716/172/137 1805/169/137 1717/168/137
f 1716/172/138 1717/168/138 1706/167/138
f 1707/173/139 1706/167/139 1705/174/139
f 1707/173/140 1716/172/140 1706/167/140
f 1707/173/141 1712/175/141 1716/172/141
f 1714/171/142 1716/172/142 1712/175/142
f 1715/176/143 1714/171/143 1712/175/143
f 1714/171/144 1715/176/144 1806/170/144
f 1807/177/145 1806/170/145 1715/176/145
f 1806/170/146 1807/177/146 1793/178/146
f 1788/153/147 1806/170/147 1793/178/147
f 1793/178/148 1787/154/148 1788/153/148
f 1708/179/149 1705/174/149 1704/180/149
f 1708/179/150 1712/175/150 1705/174/150
f 1712/175/151 1707/173/151 1705/174/151
f 1944/181/152 1945/182/152 1940/183/152
f 1944/181/153 1704/180/153 1945/182/153
f 1709/184/154 1704/180/154 1944/181/154
f 1709/184/155 1708/179/155 1704/180/155
f 1709/184/156 1710/185/156 1708/179/156
f 1710/185/157 1713/186/157 1708/179/157
f 1713/186/158 1712/175/158 1708/179/158
f 1713/186/159 1715/176/159 1712/175/159
f 1711/187/160 1710/185/160 1709/184/160
f 1807/177/161 1715/176/161 1895/188/161
f 1897/189/162 1895/188/162 1715/176/162
f 1715/176/163 1713/186/163 1897/189/163
f 1898/190/164 1897/189/164 1713/186/164
f 1713/186/165 1710/185/165 1898/190/165
f 1910/191/166 1898/190/166 1710/185/166
f 1901/192/167 1910/191/167 1710/185/167
f 1710/185/168 1711/187/168 1901/192/168
f 1901/192/169 1711/187/169 1900/193/169
f 1711/187/170 1899/194/170 1900/193/170
f 1709/184/171 1943/195/171 1711/187/171
f 1899/194/172 1711/187/172 1943/195/172
f 1899/194/173 1943/195/173 1942/196/173
f 1899/194/174 1942/196/174 1902/197/174
f 1942/196/175 1941/198/175 1902/197/175
f 1936/199/176 1902/197/176 1941/198/176
f 1936/199/177 1941/198/177 1224/200/177
f 1936/199/178 1224/200/178 1150/201/178
f 1150/201/179 1224/200/179 1149/202/179
f 1150/201/180 1149/202/180 1148/203/180
f 1899/194/181 1902/197/181 1900/193/181
f 1903/204/182 1900/193/182 1902/197/182
f 1902/197/183 1936/199/183 1903/204/183
f 1935/205/184 1903/204/184 1936/199/184
f 1936/199/185 1150/201/185 1935/205/185
f 1935/205/186 1150/201/186 1863/206/186
f 1148/203/187 1863/206/187 1150/201/187
f 1863/206/188 1148/203/188 1862/207/188
f 1862/207/189 1148/203/189 1861/208/189
f 1145/209/190 1861/208/190 1148/203/190
f 1147/210/191 1148/203/191 1149/202/191
f 1148/203/192 1147/210/192 1145/209/192
f 1143/211/193 1145/209/193 1147/210/193
f 1145/209/194 1143/211/194 1144/212/194
f 1146/213/195 1144/212/195 1143/211/195
f 1146/213/196 1892/214/196 1144/212/196
f 1892/214/197 1146/213/197 1893/215/197
f 1893/215/198 1247/216/198 1892/214/198
f 1893/215/199 1894/217/199 1247/216/199
f 1249/218/200 1247/216/200 1894/217/200
f 1142/219/201 1146/213/201 1143/211/201
f 1142/219/202 1893/215/202 1146/213/202
f 1142/219/203 1141/220/203 1893/215/203
f 1894/217/204 1893/215/204 1141/220/204
f 1139/221/205 1143/211/205 1138/222/205
f 1143/211/206 1139/221/206 1142/219/206
f 1139/221/207 1137/223/207 1142/219/207
f 1141/220/208 1142/219/208 1137/223/208
f 1141/220/209 1137/223/209 1119/224/209
f 1119/224/210 1894/217/210 1141/220/210
f 1115/225/211 1894/217/211 1119/224/211
f 1115/225/212 1119/224/212 1118/226/212
f 1118/226/213 1116/227/213 1115/225/213
f 1220/228/214 1213/229/214 1218/230/214
f 1213/229/215 1220/228/215 1215/231/215
f 1215/231/216 1220/228/216 1221/232/216
f 1222/233/217 1215/231/217 1221/232/217
f 1133/234/218 1222/233/218 1221/232/218
f 1140/235/219 1222/233/219 1133/234/219
f 1133/234/220 1135/236/220 1140/235/220
f 1138/222/221 1140/235/221 1135/236/221
f 1135/236/222 1137/223/222 1138/222/222
f 1139/221/223 1138/222/223 1137/223/223
f 1212/237/224 1209/238/224 1213/229/224
f 1215/231/225 1212/237/225 1213/229/225
f 1216/239/226 1212/237/226 1215/231/226
f 1216/239/227 1215/231/227 1222/233/227
f 1223/240/228 1216/239/228 1222/233/228
f 1140/235/229 1223/240/229 1222/233/229
f 1149/202/230 1223/240/230 1140/235/230
f 1140/235/231 1147/210/231 1149/202/231
f 1147/210/232 1140/235/232 1138/222/232
f 1138/222/233 1143/211/233 1147/210/233
f 1212/237/234 1210/241/234 1209/238/234
f 1223/240/235 1149/202/235 1224/200/235
f 1223/240/236 1224/200/236 1216/239/236
f 1217/242/237 1216/239/237 1224/200/237
f 1216/239/238 1217/242/238 1212/237/238
f 1210/241/239 1212/237/239 1217/242/239
f 1938/243/240 1210/241/240 1217/242/240
f 1938/243/241 1937/244/241 1210/241/241
f 1938/243/242 1939/245/242 1937/244/242
f 1940/183/243 1937/244/243 1939/245/243
f 1944/181/244 1940/183/244 1939/245/244
f 1943/195/245 1709/184/245 1944/181/245
f 1943/195/246 1944/181/246 1939/245/246
f 1943/195/247 1939/245/247 1942/196/247
f 1939/245/248 1938/243/248 1942/196/248
f 1941/198/249 1942/196/249 1938/243/249
f 1941/198/250 1938/243/250 1217/242/250
f 1941/198/251 1217/242/251 1224/200/251
f 1937/244/252 1848/246/252 1210/241/252
f 1848/246/253 1937/244/253 1851/247/253
f 1940/183/254 1851/247/254 1937/244/254
f 1851/247/255 1940/183/255 1855/164/255
f 1945/182/256 1855/164/256 1940/183/256
f 1945/182/257 1701/165/257 1855/164/257
f 1704/180/258 1701/165/258 1945/182/258
f 1701/165/259 1704/180/259 1702/166/259
f 1705/174/260 1702/166/260 1704/180/260
f 1702/166/261 1705/174/261 1706/167/261
f 1851/247/262 1850/248/262 1848/246/262
f 1850/248/263 1851/247/263 1854/249/263
f 1855/164/264 1854/249/264 1851/247/264
f 1211/250/265 1653/251/265 1416/252/265
f 1211/250/266 1848/246/266 1653/251/266
f 1849/253/267 1653/251/267 1848/246/267
f 1849/253/268 1848/246/268 1850/248/268
f 1849/253/269 1850/248/269 1852/254/269
f 1850/248/270 1856/255/270 1852/254/270
f 1850/248/271 1854/249/271 1856/255/271
f 1854/249/272 1815/256/272 1856/255/272
f 1854/249/273 1847/163/273 1815/256/273
f 1854/249/274 1855/164/274 1847/163/274
f 1653/251/275 1849/253/275 1656/257/275
f 1853/258/276 1656/257/276 1849/253/276
f 1849/253/277 1852/254/277 1853/258/277
f 1656/257/278 1853/258/278 1659/259/278
f 1734/260/279 1700/161/279 1689/160/279
f 1700/161/280 1734/260/280 1703/162/280
f 1735/261/281 1703/162/281 1734/260/281
f 1735/261/282 1846/262/282 1703/162/282
f 1703/162/283 1846/262/283 1847/163/283
f 1846/262/284 1816/263/284 1847/163/284
f 1847/163/285 1816/263/285 1815/256/285
f 1816/263/286 1813/264/286 1815/256/286
f 1814/265/287 1815/256/287 1813/264/287
f 1815/256/288 1814/265/288 1856/255/288
f 1811/266/289 1810/267/289 1476/268/289
f 1476/268/290 1474/269/290 1811/266/290
f 1821/270/291 1811/266/291 1474/269/291
f 1474/269/292 1475/271/292 1821/270/292
f 1812/272/293 1821/270/293 1475/271/293
f 1813/264/294 1812/272/294 1475/271/294
f 1813/264/295 1475/271/295 1814/265/295
f 1857/273/296 1814/265/296 1475/271/296
f 1857/273/297 1475/271/297 1473/274/297
f 1858/275/298 1857/273/298 1473/274/298
f 1858/275/299 1473/274/299 1468/276/299
f 1859/277/300 1858/275/300 1468/276/300
f 1859/277/301 1468/276/301 1464/278/301
f 1473/274/302 1472/279/302 1468/276/302
f 1472/279/303 1473/274/303 1474/269/303
f 1475/271/304 1474/269/304 1473/274/304
f 1472/279/305 1474/269/305 1476/268/305
f 1857/273/306 1856/255/306 1814/265/306
f 1856/255/307 1857/273/307 1852/254/307
f 1858/275/308 1852/254/308 1857/273/308
f 1852/254/309 1858/275/309 1853/258/309
f 1859/277/310 1853/258/310 1858/275/310
f 1859/277/311 1659/259/311 1853/258/311
f 1659/259/312 1859/277/312 1464/278/312
f 1659/259/313 1464/278/313 1466/280/313
f 1466/280/314 1464/278/314 1465/281/314
f 1467/282/315 1465/281/315 1464/278/315
f 1655/283/316 1653/251/316 1656/257/316
f 1660/284/317 1655/283/317 1656/257/317
f 1656/257/318 1659/259/318 1660/284/318
f 1660/284/319 1659/259/319 1652/285/319
f 1659/259/320 1466/280/320 1652/285/320
f 1652/285/321 1466/280/321 1651/286/321
f 1499/287/322 1651/286/322 1466/280/322
f 1465/281/323 1499/287/323 1466/280/323
f 1499/287/324 1465/281/324 1498/288/324
f 1498/288/325 1465/281/325 1452/289/325
f 1590/290/326 1652/285/326 1651/286/326
f 1589/291/327 1660/284/327 1652/285/327
f 1589/291/328 1652/285/328 1590/290/328
f 1590/290/329 1586/292/329 1589/291/329
f 1661/293/330 1655/283/330 1660/284/330
f 1661/293/331 1660/284/331 1589/291/331
f 1661/293/332 1589/291/332 1587/294/332
f 1587/294/333 1589/291/333 1586/292/333
f 1587/294/334 1586/292/334 1275/295/334
f 1588/296/335 1275/295/335 1586/292/335
f 1588/296/336 1609/297/336 1275/295/336
f 1274/298/337 1275/295/337 1609/297/337
f 1609/297/338 1577/299/338 1274/298/338
f 1276/300/339 1274/298/339 1577/299/339
f 1664/301/340 1423/302/340 1658/303/340
f 1663/304/341 1664/301/341 1658/303/341
f 1663/304/342 1658/303/342 1657/305/342
f 1662/306/343 1663/304/343 1657/305/343
f 1657/305/344 1661/293/344 1662/306/344
f 1587/294/345 1662/306/345 1661/293/345
f 1587/294/346 1275/295/346 1662/306/346
f 1273/307/347 1662/306/347 1275/295/347
f 1274/298/348 1273/307/348 1275/295/348
f 1274/298/349 1272/308/349 1273/307/349
f 1274/298/350 1276/300/350 1272/308/350
f 1277/309/351 1272/308/351 1276/300/351
f 1276/300/352 1278/310/352 1277/309/352
f 1662/306/353 1273/307/353 1663/304/353
f 1268/311/354 1663/304/354 1273/307/354
f 1272/308/355 1268/311/355 1273/307/355
f 1272/308/356 1269/312/356 1268/311/356
f 1272/308/357 1277/309/357 1269/312/357
f 1271/313/358 1269/312/358 1277/309/358
f 1663/304/359 1268/311/359 1664/301/359
f 1279/314/360 1277/309/360 1278/310/360
f 1279/314/361 1280/315/361 1277/309/361
f 1271/313/362 1277/309/362 1280/315/362
f 1271/313/363 1280/315/363 1270/316/363
f 1271/313/364 1270/316/364 1269/312/364
f 1266/317/365 1269/312/365 1270/316/365
f 1269/312/366 1266/317/366 1268/311/366
f 1265/318/367 1268/311/367 1266/317/367
f 1265/318/368 1664/301/368 1268/311/368
f 1664/301/369 1265/318/369 1423/302/369
f 1281/319/370 1270/316/370 1280/315/370
f 1281/319/371 1262/320/371 1270/316/371
f 1260/321/372 1262/320/372 1308/322/372
f 1262/320/373 1260/321/373 1261/323/373
f 1261/323/374 1270/316/374 1262/320/374
f 1270/316/375 1261/323/375 1266/317/375
f 1264/324/376 1266/317/376 1261/323/376
f 1266/317/377 1264/324/377 1265/318/377
f 1267/325/378 1265/318/378 1264/324/378
f 1267/325/379 1423/302/379 1265/318/379
f 1415/326/380 1423/302/380 1267/325/380
f 1267/325/381 1414/327/381 1415/326/381
f 1414/327/382 1352/328/382 1415/326/382
f 1263/329/383 1261/323/383 1260/321/383
f 1282/330/384 1261/323/384 1263/329/384
f 1264/324/385 1261/323/385 1282/330/385
f 1283/331/386 1264/324/386 1282/330/386
f 1267/325/387 1264/324/387 1283/331/387
f 1414/327/388 1267/325/388 1283/331/388
f 1352/328/389 1349/332/389 1351/333/389
f 1351/333/390 1415/326/390 1352/328/390
f 1415/326/391 1351/333/391 1422/334/391
f 1423/302/392 1415/326/392 1422/334/392
f 1423/302/393 1422/334/393 1419/335/393
f 1419/335/394 1658/303/394 1423/302/394
f 1658/303/395 1419/335/395 1654/336/395
f 1658/303/396 1654/336/396 1657/305/396
f 1655/283/397 1657/305/397 1654/336/397
f 1657/305/398 1655/283/398 1661/293/398
f 1336/337/399 1348/338/399 1349/332/399
f 1348/338/400 1351/333/400 1349/332/400
f 1351/333/401 1348/338/401 1424/339/401
f 1351/333/402 1424/339/402 1422/334/402
f 1422/334/403 1424/339/403 1418/340/403
f 1419/335/404 1422/334/404 1418/340/404
f 1419/335/405 1418/340/405 1416/252/405
f 1416/252/406 1654/336/406 1419/335/406
f 1654/336/407 1416/252/407 1653/251/407
f 1655/283/408 1654/336/408 1653/251/408
f 1348/338/409 1336/337/409 1425/341/409
f 1424/339/410 1348/338/410 1425/341/410
f 1424/339/411 1425/341/411 1421/342/411
f 1424/339/412 1421/342/412 1418/340/412
f 1418/340/413 1421/342/413 1417/343/413
f 1417/343/414 1416/252/414 1418/340/414
f 1417/343/415 1209/238/415 1416/252/415
f 1211/250/416 1416/252/416 1209/238/416
f 1211/250/417 1209/238/417 1210/241/417
f 1211/250/418 1210/241/418 1848/246/418
f 1339/344/419 1341/345/419 1337/346/419
f 1335/347/420 1337/346/420 1341/345/420
f 1335/347/421 1341/345/421 1426/348/421
f 1425/341/422 1335/347/422 1426/348/422
f 1426/348/423 1421/342/423 1425/341/423
f 1421/342/424 1426/348/424 1420/349/424
f 1421/342/425 1420/349/425 1417/343/425
f 1420/349/426 1214/350/426 1417/343/426
f 1209/238/427 1417/343/427 1214/350/427
f 1214/350/428 1213/229/428 1209/238/428
f 1427/351/429 1426/348/429 1341/345/429
f 1427/351/430 1420/349/430 1426/348/430
f 1344/352/431 1339/344/431 1340/353/431
f 1346/354/432 1339/344/432 1344/352/432
f 1339/344/433 1346/354/433 1341/345/433
f 1347/355/434 1341/345/434 1346/354/434
f 1341/345/435 1347/355/435 1427/351/435
f 1427/351/436 1347/355/436 1219/356/436
f 1427/351/437 1219/356/437 1420/349/437
f 1214/350/438 1420/349/438 1219/356/438
f 1219/356/439 1218/230/439 1214/350/439
f 1213/229/440 1214/350/440 1218/230/440
f 1071/357/441 1344/352/441 1074/358/441
f 1071/357/442 1346/354/442 1344/352/442
f 1085/359/443 1346/354/443 1071/357/443
f 1085/359/444 1347/355/444 1346/354/444
f 1087/360/445 1347/355/445 1085/359/445
f 1347/355/446 1087/360/446 1219/356/446
f 1087/360/447 1208/361/447 1219/356/447
f 1218/230/448 1219/356/448 1208/361/448
f 1218/230/449 1208/361/449 1154/362/449
f 1218/230/450 1154/362/450 1220/228/450
f 1072/363/451 1074/358/451 1114/364/451
f 1074/358/452 1072/363/452 1071/357/452
f 1073/365/453 1071/357/453 1072/363/453
f 1088/366/454 1071/357/454 1073/365/454
f 1071/357/455 1088/366/455 1085/359/455
f 1088/366/456 1086/367/456 1085/359/456
f 1087/360/457 1085/359/457 1086/367/457
f 1086/367/458 1207/368/458 1087/360/458
f 1208/361/459 1087/360/459 1207/368/459
f 1155/369/460 1208/361/460 1207/368/460
f 1208/361/461 1155/369/461 1154/362/461
f 1155/369/462 1151/370/462 1154/362/462
f 1152/371/463 1154/362/463 1151/370/463
f 1152/371/464 1151/370/464 1136/372/464
f 1153/373/465 1136/372/465 1151/370/465
f 1136/372/466 1153/373/466 1134/374/466
f 1176/375/467 1134/374/467 1153/373/467
f 1176/375/468 1122/376/468 1134/374/468
f 1121/377/469 1134/374/469 1122/376/469
f 1122/376/470 1120/378/470 1121/377/470
f 1154/362/471 1152/371/471 1220/228/471
f 1221/232/472 1220/228/472 1152/371/472
f 1136/372/473 1221/232/473 1152/371/473
f 1133/234/474 1221/232/474 1136/372/474
f 1136/372/475 1134/374/475 1133/234/475
f 1135/236/476 1133/234/476 1134/374/476
f 1134/374/477 1121/377/477 1135/236/477
f 1137/223/478 1135/236/478 1121/377/478
f 1121/377/479 1119/224/479 1137/223/479
f 1119/224/480 1121/377/480 1120/378/480
f 1120/378/481 1118/226/481 1119/224/481
f 107/379/482 97/380/482 100/381/482
f 99/382/483 108/383/483 100/381/483
f 105/384/484 100/381/484 108/383/484
f 100/381/485 105/384/485 106/385/485
f 100/381/485 106/385/485 107/379/485
f 107/379/486 106/385/486 111/386/486
f 107/379/487 111/386/487 112/387/487
f 112/387/488 111/386/488 127/388/488
f 127/388/489 125/389/489 112/387/489
f 125/389/490 127/388/490 129/390/490
f 129/390/491 128/391/491 125/389/491
f 108/383/492 99/382/492 109/392/492
f 126/393/493 124/394/493 125/389/493
f 112/387/493 125/389/493 124/394/493
f 112/387/494 124/394/494 107/379/494
f 119/395/494 107/379/494 124/394/494
f 97/380/482 107/379/482 119/395/482
f 119/395/495 95/396/495 97/380/495
f 95/396/496 93/397/496 97/380/496
f 95/396/497 94/398/497 93/397/497
f 96/399/497 94/398/497 95/396/497
f 189/400/498 94/398/498 96/399/498
f 189/400/499 90/401/499 94/398/499
f 94/398/500 89/402/500 93/397/500
f 90/401/499 89/402/499 94/398/499
f 90/401/501 88/403/501 89/402/501
f 115/404/498 189/400/498 96/399/498
f 188/405/502 189/400/502 115/404/502
f 188/405/503 186/406/503 189/400/503
f 186/406/503 90/401/503 189/400/503
f 186/406/504 182/407/504 90/401/504
f 182/407/504 88/403/504 90/401/504
f 182/407/505 179/408/505 88/403/505
f 116/409/502 188/405/502 115/404/502
f 96/399/506 117/410/506 113/411/506
f 115/404/507 96/399/507 113/411/507
f 115/404/508 113/411/508 114/412/508
f 116/409/508 115/404/508 114/412/508
f 116/409/509 114/412/509 158/413/509
f 116/409/510 158/413/510 188/405/510
f 187/414/510 188/405/510 158/413/510
f 188/405/511 187/414/511 186/406/511
f 184/415/511 186/406/511 187/414/511
f 186/406/512 184/415/512 182/407/512
f 183/416/513 181/417/513 177/418/513
f 180/419/513 177/418/513 181/417/513
f 178/420/514 177/418/514 180/419/514
f 178/420/514 180/419/514 184/415/514
f 185/421/515 178/420/515 184/415/515
f 185/421/515 184/415/515 187/414/515
f 157/422/516 185/421/516 187/414/516
f 157/422/516 187/414/516 158/413/516
f 158/413/517 138/423/517 157/422/517
f 138/423/509 158/413/509 114/412/509
f 121/424/518 120/425/518 135/426/518
f 136/427/519 121/424/519 135/426/519
f 136/427/520 138/423/520 121/424/520
f 139/428/521 138/423/521 136/427/521
f 139/428/522 157/422/522 138/423/522
f 155/429/523 157/422/523 139/428/523
f 155/429/524 185/421/524 157/422/524
f 155/429/524 174/430/524 185/421/524
f 174/430/525 178/420/525 185/421/525
f 174/430/526 173/431/526 178/420/526
f 136/427/519 135/426/519 137/432/519
f 140/433/527 136/427/527 137/432/527
f 139/428/528 136/427/528 140/433/528
f 147/434/529 139/428/529 140/433/529
f 147/434/523 155/429/523 139/428/523
f 147/434/530 154/435/530 155/429/530
f 156/436/530 155/429/530 154/435/530
f 155/429/531 156/436/531 174/430/531
f 170/437/531 174/430/531 156/436/531
f 170/437/532 173/431/532 174/430/532
f 171/438/532 173/431/532 170/437/532
f 171/438/533 175/439/533 173/431/533
f 176/440/533 175/439/533 171/438/533
f 176/440/534 500/441/534 175/439/534
f 495/442/535 500/441/535 176/440/535
f 170/437/536 156/436/536 169/443/536
f 171/438/537 170/437/537 169/443/537
f 172/444/537 171/438/537 169/443/537
f 176/440/538 171/438/538 172/444/538
f 495/442/538 176/440/538 172/444/538
f 424/445/539 426/446/539 169/443/539
f 426/446/539 172/444/539 169/443/539
f 426/446/540 483/447/540 172/444/540
f 483/447/540 495/442/540 172/444/540
f 483/447/541 484/448/541 495/442/541
f 173/431/542 177/418/542 178/420/542
f 173/431/543 175/439/543 177/418/543
f 175/439/544 183/416/544 177/418/544
f 183/416/545 175/439/545 506/449/545
f 506/449/534 175/439/534 500/441/534
f 506/449/546 500/441/546 505/450/546
f 503/451/546 505/450/546 500/441/546
f 503/451/547 501/452/547 505/450/547
f 506/449/548 505/450/548 183/416/548
f 499/453/549 503/451/549 500/441/549
f 499/453/550 501/452/550 503/451/550
f 501/452/550 499/453/550 498/454/550
f 498/454/551 497/455/551 501/452/551
f 502/456/551 501/452/551 497/455/551
f 504/457/552 501/452/552 502/456/552
f 501/452/547 504/457/547 505/450/547
f 505/450/553 504/457/553 507/458/553
f 505/450/554 507/458/554 183/416/554
f 183/416/555 507/458/555 181/417/555
f 180/419/512 182/407/512 184/415/512
f 182/407/556 180/419/556 179/408/556
f 181/417/556 179/408/556 180/419/556
f 181/417/557 200/459/557 179/408/557
f 507/458/555 200/459/555 181/417/555
f 507/458/558 201/460/558 200/459/558
f 504/457/553 201/460/553 507/458/553
f 504/457/559 33/461/559 201/460/559
f 502/456/552 33/461/552 504/457/552
f 33/461/560 502/456/560 29/462/560
f 29/462/561 22/463/561 27/464/561
f 33/461/560 29/462/560 27/464/560
f 32/465/562 33/461/562 27/464/562
f 33/461/563 32/465/563 201/460/563
f 201/460/564 32/465/564 199/466/564
f 201/460/558 199/466/558 200/459/558
f 200/459/565 199/466/565 190/467/565
f 179/408/557 200/459/557 190/467/557
f 27/464/562 28/468/562 32/465/562
f 32/465/566 28/468/566 198/469/566
f 32/465/564 198/469/564 199/466/564
f 199/466/567 198/469/567 194/470/567
f 199/466/565 194/470/565 190/467/565
f 28/468/566 34/471/566 198/469/566
f 198/469/568 34/471/568 195/472/568
f 194/470/567 198/469/567 195/472/567
f 34/471/568 197/473/568 195/472/568
f 34/471/569 26/474/569 36/475/569
f 197/473/569 34/471/569 36/475/569
f 196/476/570 197/473/570 36/475/570
f 197/473/571 196/476/571 195/472/571
f 193/477/571 195/472/571 196/476/571
f 195/472/572 193/477/572 194/470/572
f 68/478/572 194/470/572 193/477/572
f 194/470/573 68/478/573 190/467/573
f 63/479/573 190/467/573 68/478/573
f 190/467/574 63/479/574 179/408/574
f 42/480/575 36/475/575 35/481/575
f 196/476/570 36/475/570 42/480/570
f 196/476/576 42/480/576 192/482/576
f 196/476/577 192/482/577 193/477/577
f 72/483/577 193/477/577 192/482/577
f 193/477/578 72/483/578 68/478/578
f 67/484/578 68/478/578 72/483/578
f 68/478/579 67/484/579 63/479/579
f 64/485/579 63/479/579 67/484/579
f 65/486/580 63/479/580 64/485/580
f 192/482/581 75/487/581 72/483/581
f 72/483/581 75/487/581 71/488/581
f 72/483/582 71/488/582 67/484/582
f 69/489/583 67/484/583 71/488/583
f 64/485/584 67/484/584 69/489/584
f 64/485/585 69/489/585 70/490/585
f 64/485/586 70/490/586 66/491/586
f 86/492/587 66/491/587 70/490/587
f 66/491/588 86/492/588 91/493/588
f 86/492/589 85/494/589 91/493/589
f 86/492/590 70/490/590 85/494/590
f 84/495/591 104/496/591 85/494/591
f 104/496/592 110/497/592 103/498/592
f 110/497/593 104/496/593 83/499/593
f 84/495/594 83/499/594 104/496/594
f 84/495/595 81/500/595 83/499/595
f 84/495/596 85/494/596 81/500/596
f 82/501/596 81/500/596 85/494/596
f 82/501/590 85/494/590 70/490/590
f 70/490/597 74/502/597 82/501/597
f 69/489/597 74/502/597 70/490/597
f 69/489/598 73/503/598 74/502/598
f 55/504/599 191/505/599 57/506/599
f 55/504/600 51/507/600 191/505/600
f 51/507/600 62/508/600 191/505/600
f 62/508/601 51/507/601 61/509/601
f 53/510/601 61/509/601 51/507/601
f 53/510/602 76/511/602 61/509/602
f 73/503/602 61/509/602 76/511/602
f 73/503/603 76/511/603 74/502/603
f 78/512/603 74/502/603 76/511/603
f 74/502/604 78/512/604 82/501/604
f 82/501/604 78/512/604 81/500/604
f 58/513/605 55/504/605 57/506/605
f 56/514/606 55/504/606 58/513/606
f 51/507/607 55/504/607 56/514/607
f 52/515/608 51/507/608 56/514/608
f 53/510/609 51/507/609 52/515/609
f 54/516/609 53/510/609 52/515/609
f 53/510/610 54/516/610 77/517/610
f 76/511/611 53/510/611 77/517/611
f 76/511/612 77/517/612 79/518/612
f 78/512/612 76/511/612 79/518/612
f 79/518/613 80/519/613 78/512/613
f 81/500/613 78/512/613 80/519/613
f 80/519/614 83/499/614 81/500/614
f 46/520/615 45/521/615 49/522/615
f 47/523/616 45/521/616 46/520/616
f 48/524/616 45/521/616 47/523/616
f 49/522/617 40/525/617 50/526/617
f 40/525/618 49/522/618 45/521/618
f 44/527/619 40/525/619 45/521/619
f 44/527/620 45/521/620 191/505/620
f 48/524/620 191/505/620 45/521/620
f 57/506/599 191/505/599 48/524/599
f 57/506/621 48/524/621 47/523/621
f 57/506/621 47/523/621 59/528/621
f 60/529/622 57/506/622 59/528/622
f 58/513/623 57/506/623 60/529/623
f 191/505/624 62/508/624 44/527/624
f 71/488/598 73/503/598 69/489/598
f 73/503/625 71/488/625 61/509/625
f 75/487/625 61/509/625 71/488/625
f 61/509/626 75/487/626 62/508/626
f 43/530/626 62/508/626 75/487/626
f 62/508/624 43/530/624 44/527/624
f 43/530/627 39/531/627 44/527/627
f 44/527/628 39/531/628 40/525/628
f 39/531/629 38/532/629 40/525/629
f 38/532/630 50/526/630 40/525/630
f 42/480/575 35/481/575 37/533/575
f 42/480/631 37/533/631 41/534/631
f 41/534/632 192/482/632 42/480/632
f 75/487/633 192/482/633 41/534/633
f 43/530/633 75/487/633 41/534/633
f 43/530/634 41/534/634 39/531/634
f 39/531/635 41/534/635 37/533/635
f 39/531/629 37/533/629 38/532/629
f 37/533/636 17/535/636 38/532/636
f 37/533/636 35/481/636 17/535/636
f 35/481/637 19/536/637 17/535/637
f 50/526/638 38/532/638 16/537/638
f 17/535/638 16/537/638 38/532/638
f 17/535/639 15/538/639 16/537/639
f 19/536/637 15/538/637 17/535/637
f 19/536/640 13/539/640 15/538/640
f 15/538/640 13/539/640 4/540/640
f 15/538/641 4/540/641 14/541/641
f 14/541/642 4/540/642 3/542/642
f 16/537/639 15/538/639 14/541/639
f 3/542/643 1/543/643 2/544/643
f 4/540/644 1/543/644 3/542/644
f 1/543/645 4/540/645 12/545/645
f 13/539/646 12/545/646 4/540/646
f 12/545/647 13/539/647 20/546/647
f 21/547/648 20/546/648 13/539/648
f 19/536/649 21/547/649 13/539/649
f 26/474/650 21/547/650 19/536/650
f 35/481/651 26/474/651 19/536/651
f 36/475/651 26/474/651 35/481/651
f 2/544/652 1/543/652 5/548/652
f 6/549/652 5/548/652 1/543/652
f 6/549/653 1/543/653 11/550/653
f 12/545/653 11/550/653 1/543/653
f 12/545/654 22/463/654 11/550/654
f 22/463/654 12/545/654 20/546/654
f 20/546/561 27/464/561 22/463/561
f 20/546/655 21/547/655 27/464/655
f 28/468/655 27/464/655 21/547/655
f 26/474/656 28/468/656 21/547/656
f 34/471/657 28/468/657 26/474/657
f 502/456/658 497/455/658 29/462/658
f 497/455/658 30/551/658 29/462/658
f 30/551/659 23/552/659 29/462/659
f 22/463/659 29/462/659 23/552/659
f 11/550/660 22/463/660 23/552/660
f 11/550/660 23/552/660 18/553/660
f 18/553/661 8/554/661 11/550/661
f 6/549/661 11/550/661 8/554/661
f 31/555/662 25/556/662 30/551/662
f 23/552/662 30/551/662 25/556/662
f 25/556/663 24/557/663 23/552/663
f 18/553/664 23/552/664 24/557/664
f 18/553/665 24/557/665 10/558/665
f 10/558/666 8/554/666 18/553/666
f 8/554/667 10/558/667 9/559/667
f 9/559/668 7/560/668 8/554/668
f 7/560/669 5/548/669 8/554/669
f 6/549/669 8/554/669 5/548/669
f 495/442/535 496/561/535 500/441/535
f 484/448/670 496/561/670 495/442/670
f 484/448/671 499/453/671 496/561/671
f 499/453/672 484/448/672 485/562/672
f 485/562/673 498/454/673 499/453/673
f 498/454/673 485/562/673 486/563/673
f 486/563/674 497/455/674 498/454/674
f 486/563/675 487/564/675 497/455/675
f 487/564/676 30/551/676 497/455/676
f 487/564/677 31/555/677 30/551/677
f 496/561/549 499/453/549 500/441/549
f 1797/565/678 1747/566/678 1796/567/678
f 1797/565/679 1798/568/679 1747/566/679
f 1746/569/680 1740/570/680 1736/571/680
f 1736/571/681 1742/572/681 1746/569/681
f 1747/566/682 1746/569/682 1742/572/682
f 1744/573/683 1747/566/683 1742/572/683
f 1744/573/684 1796/567/684 1747/566/684
f 1796/567/685 1744/573/685 1776/574/685
f 1739/575/686 1737/576/686 1736/571/686
f 1738/577/687 1736/571/687 1737/576/687
f 1736/571/688 1738/577/688 1742/572/688
f 1743/578/689 1742/572/689 1738/577/689
f 1742/572/690 1743/578/690 1744/573/690
f 1745/579/691 1744/573/691 1743/578/691
f 1745/579/692 1776/574/692 1744/573/692
f 1745/579/693 1774/580/693 1776/574/693
f 1773/581/694 1776/574/694 1774/580/694
f 1774/580/695 1772/582/695 1773/581/695
f 1779/583/696 1737/576/696 1780/584/696
f 1739/575/697 1780/584/697 1737/576/697
f 1780/584/698 1739/575/698 1781/585/698
f 1781/585/699 1783/586/699 1729/587/699
f 1781/585/700 1729/587/700 1780/584/700
f 1724/588/701 1780/584/701 1729/587/701
f 1780/584/702 1724/588/702 1779/583/702
f 1726/589/703 1779/583/703 1724/588/703
f 1726/589/704 1724/588/704 1725/590/704
f 1726/589/705 1725/590/705 1840/591/705
f 1841/592/706 1840/591/706 1725/590/706
f 1840/591/707 1841/592/707 1842/593/707
f 1843/594/708 1842/593/708 1841/592/708
f 1731/595/709 1729/587/709 1783/586/709
f 1731/595/710 1783/586/710 1782/596/710
f 1754/597/711 1782/596/711 1783/586/711
f 1782/596/712 1732/598/712 1731/595/712
f 1725/590/713 1724/588/713 1727/599/713
f 1724/588/714 1729/587/714 1727/599/714
f 1729/587/715 1728/600/715 1727/599/715
f 1729/587/716 1731/595/716 1728/600/716
f 1728/600/717 1731/595/717 1733/601/717
f 1733/601/718 1731/595/718 1730/602/718
f 1732/598/719 1730/602/719 1731/595/719
f 1730/602/720 1732/598/720 1933/603/720
f 1934/604/721 1933/603/721 1732/598/721
f 1933/603/722 1934/604/722 1932/605/722
f 1931/606/723 1932/605/723 1934/604/723
f 1932/605/724 1931/606/724 1930/607/724
f 1929/608/725 1930/607/725 1931/606/725
f 1930/607/726 1929/608/726 1169/609/726
f 1167/610/727 1169/609/727 1929/608/727
f 1169/609/728 1167/610/728 1166/611/728
f 1168/612/729 1166/611/729 1167/610/729
f 1168/612/730 1170/613/730 1166/611/730
f 1168/612/731 1226/614/731 1170/613/731
f 1229/615/732 1170/613/732 1226/614/732
f 1171/616/733 1166/611/733 1170/613/733
f 1233/617/734 1228/618/734 1232/619/734
f 1228/618/735 1227/620/735 1232/619/735
f 1228/618/736 1226/614/736 1227/620/736
f 1225/621/737 1227/620/737 1226/614/737
f 1226/614/738 1168/612/738 1225/621/738
f 1167/610/739 1225/621/739 1168/612/739
f 1232/619/740 1227/620/740 1231/622/740
f 1226/614/741 1228/618/741 1229/615/741
f 1230/623/742 1229/615/742 1228/618/742
f 1230/623/743 1228/618/743 1233/617/743
f 1230/623/744 1233/617/744 1236/624/744
f 1229/615/745 1230/623/745 1236/624/745
f 1238/625/746 1229/615/746 1236/624/746
f 1170/613/747 1229/615/747 1238/625/747
f 1172/626/748 1170/613/748 1238/625/748
f 1170/613/749 1172/626/749 1171/616/749
f 1173/627/750 1171/616/750 1172/626/750
f 1173/627/751 1172/626/751 1175/628/751
f 1175/628/752 1172/626/752 1174/629/752
f 1174/629/753 1172/626/753 1239/630/753
f 1172/626/754 1238/625/754 1239/630/754
f 1239/630/755 1238/625/755 1235/631/755
f 1235/631/756 1238/625/756 1236/624/756
f 1236/624/757 1234/632/757 1235/631/757
f 1234/632/758 1236/624/758 1233/617/758
f 1233/617/759 1866/633/759 1234/632/759
f 1233/617/760 1232/619/760 1866/633/760
f 1865/634/761 1866/633/761 1232/619/761
f 1256/635/762 1865/634/762 1253/636/762
f 1866/633/763 1865/634/763 1256/635/763
f 1866/633/764 1256/635/764 1868/637/764
f 1868/637/765 1234/632/765 1866/633/765
f 1255/638/766 1253/636/766 1252/639/766
f 1253/636/767 1255/638/767 1256/635/767
f 1257/640/768 1256/635/768 1255/638/768
f 1259/641/769 1256/635/769 1257/640/769
f 1258/642/770 1868/637/770 1256/635/770
f 1259/641/771 1258/642/771 1256/635/771
f 1259/641/772 1190/643/772 1258/642/772
f 1232/619/773 1231/622/773 1865/634/773
f 1231/622/774 1864/644/774 1865/634/774
f 1865/634/775 1864/644/775 1253/636/775
f 1864/644/776 1254/645/776 1253/636/776
f 1254/645/777 1252/639/777 1253/636/777
f 1254/645/778 1885/646/778 1252/639/778
f 1882/647/779 1252/639/779 1885/646/779
f 1885/646/780 1883/648/780 1882/647/780
f 1884/649/781 1882/647/781 1883/648/781
f 2384/650/782 1884/649/782 1883/648/782
f 2384/650/783 2383/651/783 1884/649/783
f 2383/651/784 2384/650/784 2409/652/784
f 2410/653/785 2409/652/785 2384/650/785
f 2409/652/786 2410/653/786 2412/654/786
f 2410/653/787 2411/655/787 2412/654/787
f 2412/654/788 2411/655/788 2485/656/788
f 2411/655/789 2484/657/789 2485/656/789
f 2485/656/790 2484/657/790 2406/658/790
f 2484/657/791 2405/659/791 2406/658/791
f 2406/658/792 2405/659/792 2404/660/792
f 2405/659/793 2403/661/793 2404/660/793
f 2403/661/794 2407/662/794 2404/660/794
f 2408/663/795 2404/660/795 2407/662/795
f 2408/663/796 2407/662/796 2459/664/796
f 2460/665/797 2459/664/797 2407/662/797
f 2461/666/798 2459/664/798 2460/665/798
f 2459/664/799 2461/666/799 2462/667/799
f 2461/666/800 2483/668/800 2462/667/800
f 2482/669/801 2462/667/801 2483/668/801
f 2483/668/802 2466/670/802 2482/669/802
f 2465/671/803 2482/669/803 2466/670/803
f 2464/672/804 2465/671/804 2466/670/804
f 2465/671/805 2464/672/805 2463/673/805
f 2464/672/806 2439/674/806 2463/673/806
f 2440/675/807 2463/673/807 2439/674/807
f 2440/675/808 2439/674/808 1924/676/808
f 1923/677/809 1924/676/809 2439/674/809
f 1924/676/810 1923/677/810 1922/678/810
f 1921/679/811 1922/678/811 1923/677/811
f 1922/678/812 1921/679/812 1799/680/812
f 1750/681/813 1799/680/813 1921/679/813
f 1749/682/814 1799/680/814 1750/681/814
f 1750/681/815 1748/683/815 1749/682/815
f 1751/684/816 1749/682/816 1748/683/816
f 1748/683/817 1752/685/817 1751/684/817
f 1753/686/818 1751/684/818 1752/685/818
f 1752/685/819 1754/597/819 1753/686/819
f 1755/687/820 1753/686/820 1754/597/820
f 1755/687/821 1754/597/821 1783/586/821
f 1783/586/822 1781/585/822 1755/687/822
f 1736/571/823 1740/570/823 1739/575/823
f 1741/688/824 1739/575/824 1740/570/824
f 1741/688/825 1781/585/825 1739/575/825
f 1741/688/826 1755/687/826 1781/585/826
f 1741/688/827 1740/570/827 1755/687/827
f 1753/686/828 1755/687/828 1740/570/828
f 1740/570/829 1746/569/829 1753/686/829
f 1751/684/830 1753/686/830 1746/569/830
f 1746/569/831 1747/566/831 1751/684/831
f 1749/682/832 1751/684/832 1747/566/832
f 1749/682/833 1747/566/833 1798/568/833
f 1799/680/834 1749/682/834 1798/568/834
f 2323/689/835 2322/690/835 2321/691/835
f 2321/691/836 2322/690/836 2270/692/836
f 2322/690/837 1767/693/837 2270/692/837
f 1757/694/838 2270/692/838 1767/693/838
f 1767/693/839 1765/695/839 1757/694/839
f 1758/696/840 1757/694/840 1765/695/840
f 1766/697/841 1758/696/841 1765/695/841
f 1758/696/842 1766/697/842 1761/156/842
f 1766/697/843 1777/157/843 1761/156/843
f 1758/696/844 1756/698/844 1757/694/844
f 1756/698/845 1758/696/845 1760/699/845
f 1761/156/846 1760/699/846 1758/696/846
f 1760/699/847 1761/156/847 1785/155/847
f 1762/700/848 1756/698/848 1760/699/848
f 1762/700/849 1760/699/849 1784/701/849
f 1785/155/850 1784/701/850 1760/699/850
f 1784/701/851 1785/155/851 1789/702/851
f 1787/154/852 1789/702/852 1785/155/852
f 1790/703/853 1789/702/853 1787/154/853
f 1793/178/854 1790/703/854 1787/154/854
f 1793/178/855 1791/704/855 1790/703/855
f 1807/177/856 1791/704/856 1793/178/856
f 1807/177/857 1895/188/857 1791/704/857
f 1790/703/858 1794/705/858 1789/702/858
f 1790/703/859 1792/706/859 1794/705/859
f 1792/706/860 1790/703/860 1791/704/860
f 1792/706/861 1791/704/861 1913/707/861
f 1911/708/862 1792/706/862 1913/707/862
f 1911/708/863 1913/707/863 1914/709/863
f 1915/710/864 1911/708/864 1914/709/864
f 1915/710/865 1914/709/865 2434/711/865
f 2435/712/866 1915/710/866 2434/711/866
f 2455/713/867 2435/712/867 2434/711/867
f 1791/704/868 1895/188/868 1896/714/868
f 1791/704/869 1896/714/869 1913/707/869
f 1925/715/870 1913/707/870 1896/714/870
f 1913/707/871 1925/715/871 1914/709/871
f 1926/716/872 1914/709/872 1925/715/872
f 1914/709/873 1926/716/873 2434/711/873
f 2458/717/874 2434/711/874 1926/716/874
f 2455/713/875 2434/711/875 2458/717/875
f 2456/718/876 2455/713/876 2458/717/876
f 2448/719/877 2455/713/877 2456/718/877
f 2443/720/878 2445/721/878 2441/722/878
f 2445/721/879 2443/720/879 2449/723/879
f 2447/724/880 2449/723/880 2443/720/880
f 2449/723/881 2447/724/881 2448/719/881
f 2450/725/882 2448/719/882 2447/724/882
f 2448/719/883 2450/725/883 2455/713/883
f 2456/718/884 2457/726/884 2448/719/884
f 2449/723/885 2448/719/885 2457/726/885
f 2457/726/886 2481/727/886 2449/723/886
f 2445/721/887 2449/723/887 2481/727/887
f 2481/727/888 2454/728/888 2445/721/888
f 2454/728/889 2453/729/889 2445/721/889
f 2446/730/890 2445/721/890 2453/729/890
f 2446/730/891 2441/722/891 2445/721/891
f 2441/722/892 2446/730/892 2388/731/892
f 2385/732/893 2441/722/893 2388/731/893
f 2453/729/894 2402/733/894 2446/730/894
f 2390/734/895 2446/730/895 2402/733/895
f 2390/734/892 2388/731/892 2446/730/892
f 2390/734/896 2389/735/896 2388/731/896
f 2386/736/896 2388/731/896 2389/735/896
f 2389/735/897 2391/737/897 2386/736/897
f 2386/736/898 2391/737/898 2392/738/898
f 2391/737/899 2394/739/899 2392/738/899
f 2396/740/900 2392/738/900 2394/739/900
f 2396/740/901 2394/739/901 2395/741/901
f 2432/742/902 2431/743/902 2395/741/902
f 2394/739/903 2432/742/903 2395/741/903
f 2432/742/904 2394/739/904 2433/744/904
f 2391/737/905 2433/744/905 2394/739/905
f 2400/745/906 2433/744/906 2391/737/906
f 2391/737/907 2389/735/907 2400/745/907
f 2401/746/908 2400/745/908 2389/735/908
f 2389/735/909 2390/734/909 2401/746/909
f 2402/733/910 2401/746/910 2390/734/910
f 2396/740/911 2395/741/911 2397/747/911
f 2395/741/912 2429/748/912 2397/747/912
f 2395/741/913 2431/743/913 2429/748/913
f 2429/748/914 2431/743/914 2378/749/914
f 2430/750/915 2378/749/915 2431/743/915
f 2378/749/916 2430/750/916 1877/751/916
f 1877/751/917 1871/752/917 2378/749/917
f 1876/753/918 1871/752/918 1877/751/918
f 1876/753/919 1872/754/919 1871/752/919
f 1876/753/920 1875/755/920 1872/754/920
f 1875/755/921 1244/756/921 1872/754/921
f 1875/755/922 1886/757/922 1244/756/922
f 2379/758/923 2427/759/923 2429/748/923
f 2379/758/924 2429/748/924 2378/749/924
f 2379/758/925 2378/749/925 1870/760/925
f 1871/752/926 1870/760/926 2378/749/926
f 1871/752/927 1869/761/927 1870/760/927
f 1872/754/928 1869/761/928 1871/752/928
f 1872/754/929 1240/762/929 1869/761/929
f 1240/762/930 1872/754/930 1244/756/930
f 1240/762/931 1244/756/931 1243/763/931
f 1243/763/932 1241/764/932 1240/762/932
f 1241/764/933 1243/763/933 1248/765/933
f 2428/766/934 2399/767/934 2427/759/934
f 2428/766/935 2427/759/935 2380/768/935
f 2380/768/936 2427/759/936 2379/758/936
f 2380/768/937 2379/758/937 1874/769/937
f 1870/760/938 1874/769/938 2379/758/938
f 1870/760/939 1873/770/939 1874/769/939
f 1869/761/940 1873/770/940 1870/760/940
f 1873/770/941 1869/761/941 1242/771/941
f 1240/762/942 1242/771/942 1869/761/942
f 1242/771/943 1240/762/943 1241/764/943
f 2285/772/944 2280/773/944 2284/774/944
f 2290/775/945 2285/772/945 2286/776/945
f 2285/772/946 2284/774/946 2286/776/946
f 2286/776/947 2284/774/947 2289/777/947
f 2284/774/948 2283/778/948 2289/777/948
f 2284/774/949 2278/779/949 2283/778/949
f 2278/779/950 2284/774/950 2280/773/950
f 2280/773/951 2279/780/951 2278/779/951
f 2279/780/952 2277/781/952 2278/779/952
f 2278/779/953 2277/781/953 2282/782/953
f 2282/782/954 2283/778/954 2278/779/954
f 2283/778/955 2282/782/955 2292/783/955
f 2292/783/956 2325/784/956 2283/778/956
f 2289/777/957 2283/778/957 2325/784/957
f 2289/777/958 2325/784/958 2287/785/958
f 2289/777/959 2287/785/959 2286/776/959
f 2288/786/960 2286/776/960 2287/785/960
f 2286/776/961 2288/786/961 2290/775/961
f 2324/787/962 2287/785/962 2325/784/962
f 2324/787/963 2323/689/963 2287/785/963
f 2287/785/964 2323/689/964 2321/691/964
f 2287/785/965 2321/691/965 2288/786/965
f 2319/788/966 2288/786/966 2321/691/966
f 2321/691/967 2271/789/967 2319/788/967
f 2270/692/968 2271/789/968 2321/691/968
f 2271/789/969 2270/692/969 1759/790/969
f 1757/694/970 1759/790/970 2270/692/970
f 1759/790/971 1757/694/971 1756/698/971
f 2291/791/972 2290/775/972 2288/786/972
f 2288/786/973 2319/788/973 2291/791/973
f 2320/792/974 2291/791/974 2319/788/974
f 2320/792/975 2319/788/975 2272/793/975
f 2319/788/976 2271/789/976 2272/793/976
f 2272/793/977 2271/789/977 1764/794/977
f 1759/790/978 1764/794/978 2271/789/978
f 1759/790/979 1763/795/979 1764/794/979
f 1763/795/980 1759/790/980 1756/698/980
f 1756/698/981 1762/700/981 1763/795/981
f 1616/796/982 1666/797/982 1618/798/982
f 1665/799/983 1618/798/983 1666/797/983
f 1615/800/984 1667/801/984 1616/796/984
f 1666/797/985 1616/796/985 1667/801/985
f 1667/801/986 1604/802/986 1666/797/986
f 1601/803/987 1666/797/987 1604/802/987
f 1666/797/988 1601/803/988 1665/799/988
f 1406/804/989 1665/799/989 1601/803/989
f 1606/805/990 1604/802/990 1668/806/990
f 1667/801/991 1668/806/991 1604/802/991
f 1668/806/992 1667/801/992 1613/807/992
f 1615/800/993 1613/807/993 1667/801/993
f 1615/800/994 1614/808/994 1613/807/994
f 1615/800/995 1616/796/995 1614/808/995
f 1617/809/996 1614/808/996 1616/796/996
f 1616/796/997 1618/798/997 1617/809/997
f 1619/810/998 1617/809/998 1618/798/998
f 1668/806/999 1613/807/999 1610/811/999
f 1613/807/1000 1611/812/1000 1610/811/1000
f 1611/812/1001 1613/807/1001 1614/808/1001
f 1614/808/1002 1622/813/1002 1611/812/1002
f 1614/808/1003 1617/809/1003 1622/813/1003
f 1621/814/1004 1622/813/1004 1617/809/1004
f 1617/809/1005 1619/810/1005 1621/814/1005
f 1620/815/1006 1621/814/1006 1619/810/1006
f 1621/814/1007 1620/815/1007 1310/816/1007
f 1307/817/1008 1310/816/1008 1620/815/1008
f 1310/816/1009 1312/818/1009 1621/814/1009
f 1622/813/1010 1621/814/1010 1312/818/1010
f 1622/813/1011 1312/818/1011 1623/819/1011
f 1611/812/1012 1622/813/1012 1623/819/1012
f 1611/812/1013 1623/819/1013 1612/820/1013
f 1612/820/1014 1610/811/1014 1611/812/1014
f 1623/819/1015 1312/818/1015 1314/821/1015
f 1623/819/1016 1314/821/1016 1624/822/1016
f 1612/820/1017 1623/819/1017 1624/822/1017
f 1624/822/1018 1314/821/1018 1317/823/1018
f 1311/824/1019 1310/816/1019 1306/825/1019
f 1310/816/1020 1311/824/1020 1312/818/1020
f 1313/826/1021 1312/818/1021 1311/824/1021
f 1313/826/1022 1315/827/1022 1312/818/1022
f 1314/821/1023 1312/818/1023 1315/827/1023
f 1316/828/1024 1314/821/1024 1315/827/1024
f 1314/821/1025 1316/828/1025 1317/823/1025
f 1317/823/1026 1316/828/1026 1637/829/1026
f 1638/830/1027 1637/829/1027 1316/828/1027
f 1637/829/1028 1638/830/1028 1639/831/1028
f 1307/817/1029 1306/825/1029 1310/816/1029
f 1307/817/1030 1305/832/1030 1306/825/1030
f 1302/833/1031 1306/825/1031 1305/832/1031
f 1305/832/1032 1303/834/1032 1302/833/1032
f 1304/835/1033 1302/833/1033 1303/834/1033
f 1304/835/1034 1303/834/1034 2059/836/1034
f 2059/836/1035 2060/837/1035 1304/835/1035
f 2085/838/1036 2060/837/1036 2059/836/1036
f 2086/839/1037 2085/838/1037 2059/836/1037
f 2087/840/1038 2085/838/1038 2086/839/1038
f 2088/841/1039 2087/840/1039 2086/839/1039
f 2087/840/1040 2088/841/1040 2160/842/1040
f 2161/843/1041 2160/842/1041 2088/841/1041
f 2160/842/1042 2161/843/1042 2082/844/1042
f 2080/845/1043 2082/844/1043 2161/843/1043
f 2082/844/1044 2080/845/1044 2079/846/1044
f 2081/847/1045 2079/846/1045 2080/845/1045
f 2081/847/1046 2083/848/1046 2079/846/1046
f 2084/849/1047 2079/846/1047 2083/848/1047
f 2084/849/1048 2083/848/1048 2135/850/1048
f 2136/851/1049 2135/850/1049 2083/848/1049
f 2137/852/1050 2135/850/1050 2136/851/1050
f 2135/850/1051 2137/852/1051 2138/853/1051
f 2137/852/1052 2159/854/1052 2138/853/1052
f 2158/855/1053 2138/853/1053 2159/854/1053
f 2159/854/1054 2142/856/1054 2158/855/1054
f 2141/857/1055 2158/855/1055 2142/856/1055
f 2142/856/1056 2140/858/1056 2141/857/1056
f 2139/859/1057 2141/857/1057 2140/858/1057
f 2115/860/1058 2139/859/1058 2140/858/1058
f 2139/859/1059 2115/860/1059 2116/861/1059
f 2116/861/1060 2115/860/1060 1399/862/1060
f 1398/863/1061 1399/862/1061 2115/860/1061
f 1399/862/1062 1398/863/1062 1397/864/1062
f 1396/865/1063 1397/864/1063 1398/863/1063
f 1397/864/1064 1396/865/1064 1395/866/1064
f 1382/867/1065 1395/866/1065 1396/865/1065
f 1380/868/1066 1395/866/1066 1382/867/1066
f 1382/867/1067 1381/869/1067 1380/868/1067
f 1379/870/1068 1380/868/1068 1381/869/1068
f 1379/870/1069 1365/871/1069 1378/872/1069
f 1378/872/1070 1377/873/1070 1379/870/1070
f 1380/868/1071 1379/870/1071 1377/873/1071
f 1377/873/1072 1444/874/1072 1380/868/1072
f 1444/874/1073 1395/866/1073 1380/868/1073
f 1443/875/1074 1377/873/1074 1442/876/1074
f 1443/875/1075 1444/874/1075 1377/873/1075
f 1369/877/1076 1365/871/1076 1364/878/1076
f 1378/872/1077 1365/871/1077 1369/877/1077
f 1369/877/1078 1371/879/1078 1378/872/1078
f 1376/880/1079 1378/872/1079 1371/879/1079
f 1378/872/1080 1376/880/1080 1377/873/1080
f 1375/881/1081 1377/873/1081 1376/880/1081
f 1375/881/1082 1442/876/1082 1377/873/1082
f 1442/876/1083 1375/881/1083 1111/882/1083
f 1364/878/1084 1430/883/1084 1368/884/1084
f 1364/878/1085 1368/884/1085 1369/877/1085
f 1368/884/1086 1370/885/1086 1369/877/1086
f 1371/879/1087 1369/877/1087 1370/885/1087
f 1370/885/1088 1372/886/1088 1371/879/1088
f 1373/887/1089 1371/879/1089 1372/886/1089
f 1371/879/1090 1373/887/1090 1376/880/1090
f 1374/888/1091 1376/880/1091 1373/887/1091
f 1376/880/1092 1374/888/1092 1375/881/1092
f 1112/889/1093 1375/881/1093 1374/888/1093
f 1428/890/1094 1372/886/1094 1429/891/1094
f 1370/885/1095 1429/891/1095 1372/886/1095
f 1429/891/1096 1370/885/1096 1430/883/1096
f 1368/884/1097 1430/883/1097 1370/885/1097
f 1379/870/1098 1381/869/1098 1367/892/1098
f 1379/870/1099 1367/892/1099 1365/871/1099
f 1365/871/1100 1367/892/1100 1366/893/1100
f 1366/893/1101 1364/878/1101 1365/871/1101
f 1364/878/1102 1366/893/1102 1432/894/1102
f 1364/878/1103 1432/894/1103 1430/883/1103
f 1432/894/1104 1080/895/1104 1430/883/1104
f 1430/883/1105 1080/895/1105 1429/891/1105
f 1077/896/1106 1429/891/1106 1080/895/1106
f 1429/891/1107 1077/896/1107 1428/890/1107
f 1078/897/1108 1075/898/1108 1077/896/1108
f 1078/897/1109 1077/896/1109 1079/899/1109
f 1080/895/1110 1079/899/1110 1077/896/1110
f 1079/899/1111 1080/895/1111 1081/900/1111
f 1408/901/1112 1410/902/1112 1411/903/1112
f 1410/902/1113 1413/904/1113 1411/903/1113
f 1411/903/1114 1413/904/1114 1412/905/1114
f 1413/904/1115 1084/906/1115 1412/905/1115
f 1084/906/1116 1083/907/1116 1412/905/1116
f 1084/906/1117 1081/900/1117 1083/907/1117
f 1083/907/1118 1081/900/1118 1082/908/1118
f 1082/908/1119 1081/900/1119 1080/895/1119
f 1432/894/1120 1082/908/1120 1080/895/1120
f 1432/894/1121 1431/909/1121 1082/908/1121
f 1366/893/1122 1431/909/1122 1432/894/1122
f 1431/909/1123 1083/907/1123 1082/908/1123
f 1608/910/1124 1605/911/1124 1606/805/1124
f 1605/911/1125 1604/802/1125 1606/805/1125
f 1605/911/1126 1603/912/1126 1604/802/1126
f 1603/912/1127 1601/803/1127 1604/802/1127
f 1603/912/1128 1602/913/1128 1601/803/1128
f 1602/913/1129 1409/914/1129 1601/803/1129
f 1406/804/1130 1601/803/1130 1409/914/1130
f 1409/914/1131 1407/915/1131 1406/804/1131
f 1408/901/1132 1406/804/1132 1407/915/1132
f 1407/915/1133 1410/902/1133 1408/901/1133
f 1645/916/1134 1647/917/1134 1646/918/1134
f 1648/919/1135 1646/918/1135 1647/917/1135
f 1650/920/1136 1648/919/1136 1647/917/1136
f 1648/919/1137 1650/920/1137 1649/921/1137
f 1650/920/1138 1608/910/1138 1649/921/1138
f 1607/922/1139 1649/921/1139 1608/910/1139
f 1606/805/1140 1607/922/1140 1608/910/1140
f 1606/805/1141 1669/923/1141 1607/922/1141
f 1606/805/1142 1668/806/1142 1669/923/1142
f 1668/806/1143 1610/811/1143 1669/923/1143
f 1519/924/1144 1518/925/1144 1546/926/1144
f 1519/924/1145 1546/926/1145 1545/927/1145
f 1492/928/1146 1545/927/1146 1546/926/1146
f 1545/927/1147 1492/928/1147 1544/929/1147
f 1489/930/1148 1544/929/1148 1492/928/1148
f 1544/929/1149 1489/930/1149 1543/931/1149
f 1488/932/1150 1543/931/1150 1489/930/1150
f 1490/933/1151 1488/932/1151 1489/930/1151
f 1645/916/1152 1488/932/1152 1490/933/1152
f 1488/932/1153 1645/916/1153 1646/918/1153
f 1543/931/1154 1500/934/1154 1544/929/1154
f 1842/593/1155 1843/594/1155 1845/935/1155
f 1844/936/1156 1845/935/1156 1843/594/1156
f 1845/935/1157 1844/936/1157 1496/937/1157
f 1494/938/1158 1496/937/1158 1844/936/1158
f 1496/937/1159 1494/938/1159 1495/939/1159
f 1497/940/1160 1495/939/1160 1494/938/1160
f 1495/939/1161 1497/940/1161 1492/928/1161
f 1493/941/1162 1492/928/1162 1497/940/1162
f 1491/942/1163 1492/928/1163 1493/941/1163
f 1491/942/1164 1489/930/1164 1492/928/1164
f 1491/942/1165 1490/933/1165 1489/930/1165
f 1496/937/1166 1495/939/1166 1547/943/1166
f 1547/943/1167 1546/926/1167 1518/925/1167
f 1546/926/1168 1547/943/1168 1495/939/1168
f 1546/926/1169 1495/939/1169 1492/928/1169
f 1832/944/1170 1833/945/1170 1834/946/1170
f 1833/945/1171 1832/944/1171 1562/947/1171
f 1515/948/1172 1562/947/1172 1832/944/1172
f 1512/949/1173 1562/947/1173 1515/948/1173
f 1515/948/1174 1513/950/1174 1512/949/1174
f 1514/951/1175 1512/949/1175 1513/950/1175
f 1513/950/1176 1516/952/1176 1514/951/1176
f 1517/953/1177 1514/951/1177 1516/952/1177
f 1516/952/1178 1518/925/1178 1517/953/1178
f 1519/924/1179 1517/953/1179 1518/925/1179
f 1502/954/1180 1544/929/1180 1500/934/1180
f 1544/929/1181 1502/954/1181 1545/927/1181
f 1505/955/1182 1545/927/1182 1502/954/1182
f 1519/924/1183 1545/927/1183 1505/955/1183
f 1505/955/1184 1504/956/1184 1519/924/1184
f 1517/953/1185 1519/924/1185 1504/956/1185
f 1504/956/1186 1511/957/1186 1517/953/1186
f 1514/951/1187 1517/953/1187 1511/957/1187
f 1511/957/1188 1510/958/1188 1514/951/1188
f 1512/949/1189 1514/951/1189 1510/958/1189
f 1510/958/1190 1563/959/1190 1512/949/1190
f 1563/959/1191 1562/947/1191 1512/949/1191
f 1560/960/1192 1509/961/1192 1540/962/1192
f 1509/961/1193 1560/960/1193 1510/958/1193
f 1509/961/1194 1510/958/1194 1506/963/1194
f 1511/957/1195 1506/963/1195 1510/958/1195
f 1506/963/1196 1511/957/1196 1501/964/1196
f 1504/956/1197 1501/964/1197 1511/957/1197
f 1501/964/1198 1504/956/1198 1502/954/1198
f 1505/955/1199 1502/954/1199 1504/956/1199
f 1539/965/1200 1537/966/1200 1536/967/1200
f 1536/967/1201 1540/962/1201 1539/965/1201
f 1508/968/1202 1539/965/1202 1540/962/1202
f 1508/968/1203 1540/962/1203 1509/961/1203
f 1507/969/1204 1508/968/1204 1509/961/1204
f 1509/961/1205 1506/963/1205 1507/969/1205
f 1506/963/1206 1503/970/1206 1507/969/1206
f 1506/963/1207 1501/964/1207 1503/970/1207
f 1503/970/1208 1501/964/1208 1500/934/1208
f 1502/954/1209 1500/934/1209 1501/964/1209
f 1684/971/1210 1674/972/1210 1683/973/1210
f 1672/974/1211 1683/973/1211 1674/972/1211
f 1683/973/1212 1672/974/1212 1309/975/1212
f 1289/976/1213 1309/975/1213 1672/974/1213
f 1685/977/1214 1674/972/1214 1684/971/1214
f 1685/977/1215 1684/971/1215 1279/314/1215
f 1279/314/1216 1684/971/1216 1280/315/1216
f 1280/315/1217 1684/971/1217 1281/319/1217
f 1683/973/1218 1281/319/1218 1684/971/1218
f 1281/319/1219 1683/973/1219 1262/320/1219
f 1309/975/1220 1262/320/1220 1683/973/1220
f 1309/975/1221 1308/322/1221 1262/320/1221
f 1309/975/1222 1289/976/1222 1308/322/1222
f 1293/978/1223 1308/322/1223 1289/976/1223
f 1289/976/1224 1288/979/1224 1286/980/1224
f 1288/979/1225 1289/976/1225 1671/981/1225
f 1672/974/1226 1671/981/1226 1289/976/1226
f 1671/981/1227 1672/974/1227 1673/982/1227
f 1674/972/1228 1673/982/1228 1672/974/1228
f 1673/982/1229 1674/972/1229 1677/983/1229
f 1685/977/1230 1677/983/1230 1674/972/1230
f 1685/977/1231 1575/984/1231 1677/983/1231
f 1575/984/1232 1685/977/1232 1278/310/1232
f 1279/314/1233 1278/310/1233 1685/977/1233
f 1577/299/1234 1576/985/1234 1276/300/1234
f 1278/310/1235 1276/300/1235 1576/985/1235
f 1576/985/1236 1574/986/1236 1278/310/1236
f 1575/984/1237 1278/310/1237 1574/986/1237
f 1574/986/1238 1573/987/1238 1575/984/1238
f 1573/987/1239 1677/983/1239 1575/984/1239
f 1573/987/1240 1676/988/1240 1677/983/1240
f 1676/988/1241 1673/982/1241 1677/983/1241
f 1675/989/1242 1673/982/1242 1676/988/1242
f 1673/982/1243 1675/989/1243 1671/981/1243
f 1676/988/1244 1573/987/1244 1625/990/1244
f 1678/991/1245 1676/988/1245 1625/990/1245
f 1678/991/1246 1675/989/1246 1676/988/1246
f 1678/991/1247 1625/990/1247 1627/992/1247
f 1626/993/1248 1625/990/1248 1629/994/1248
f 1625/990/1249 1573/987/1249 1629/994/1249
f 1572/995/1250 1629/994/1250 1573/987/1250
f 1574/986/1251 1572/995/1251 1573/987/1251
f 2232/996/1252 2236/997/1252 2264/998/1252
f 2263/999/1253 2264/998/1253 2236/997/1253
f 2264/998/1254 2263/999/1254 2220/1000/1254
f 2264/998/1255 2220/1000/1255 2218/1001/1255
f 2218/1001/1256 2220/1000/1256 1632/1002/1256
f 1632/1002/1257 1631/1003/1257 2218/1001/1257
f 1628/1004/1258 1631/1003/1258 1632/1002/1258
f 1628/1004/1259 1626/993/1259 1631/1003/1259
f 1628/1004/1260 1627/992/1260 1626/993/1260
f 1627/992/1261 1625/990/1261 1626/993/1261
f 1572/995/1262 1641/1005/1262 1629/994/1262
f 1641/1005/1263 1630/1006/1263 1629/994/1263
f 1626/993/1264 1629/994/1264 1630/1006/1264
f 1626/993/1265 1630/1006/1265 1631/1003/1265
f 1631/1003/1266 1630/1006/1266 2219/1007/1266
f 2219/1007/1267 2218/1001/1267 1631/1003/1267
f 2218/1001/1268 2219/1007/1268 2240/1008/1268
f 2240/1008/1269 2264/998/1269 2218/1001/1269
f 2264/998/1270 2240/1008/1270 2232/996/1270
f 2233/1009/1271 2232/996/1271 2240/1008/1271
f 2239/1010/1272 2240/1008/1272 2242/1011/1272
f 2219/1007/1273 2242/1011/1273 2240/1008/1273
f 2242/1011/1274 2219/1007/1274 1642/1012/1274
f 1630/1006/1275 1642/1012/1275 2219/1007/1275
f 1630/1006/1276 1641/1005/1276 1642/1012/1276
f 2237/1013/1277 2186/1014/1277 2174/1015/1277
f 2230/1016/1278 2237/1013/1278 2174/1015/1278
f 2238/1017/1279 2237/1013/1279 2230/1016/1279
f 2229/1018/1280 2238/1017/1280 2230/1016/1280
f 2265/1019/1281 2238/1017/1281 2229/1018/1281
f 2229/1018/1282 2234/1020/1282 2265/1019/1282
f 2234/1020/1283 2233/1009/1283 2265/1019/1283
f 2241/1021/1284 2265/1019/1284 2233/1009/1284
f 2241/1021/1285 2233/1009/1285 2239/1010/1285
f 2240/1008/1286 2239/1010/1286 2233/1009/1286
f 2233/1009/1287 2231/1022/1287 2232/996/1287
f 2234/1020/1288 2231/1022/1288 2233/1009/1288
f 2231/1022/1289 2234/1020/1289 2228/1023/1289
f 2229/1018/1290 2228/1023/1290 2234/1020/1290
f 2228/1023/1291 2229/1018/1291 2226/1024/1291
f 2230/1016/1292 2226/1024/1292 2229/1018/1292
f 2226/1024/1293 2230/1016/1293 2172/1025/1293
f 2174/1015/1294 2172/1025/1294 2230/1016/1294
f 2174/1015/1295 2173/1026/1295 2172/1025/1295
f 2186/1014/1296 2173/1026/1296 2174/1015/1296
f 2186/1014/1297 2185/1027/1297 2173/1026/1297
f 2172/1025/1298 2173/1026/1298 2169/1028/1298
f 2172/1025/1299 2169/1028/1299 2171/1029/1299
f 2172/1025/1300 2171/1029/1300 2226/1024/1300
f 2226/1024/1301 2171/1029/1301 2225/1030/1301
f 2226/1024/1302 2225/1030/1302 2228/1023/1302
f 2228/1023/1303 2225/1030/1303 2227/1031/1303
f 2228/1023/1304 2227/1031/1304 2231/1022/1304
f 2231/1022/1305 2227/1031/1305 2235/1032/1305
f 2231/1022/1306 2235/1032/1306 2232/996/1306
f 2232/996/1307 2235/1032/1307 2236/997/1307
f 2175/1033/1308 2179/1034/1308 2177/1035/1308
f 2175/1033/1309 2177/1035/1309 2170/1036/1309
f 2169/1028/1310 2175/1033/1310 2170/1036/1310
f 2171/1029/1311 2169/1028/1311 2170/1036/1311
f 2176/1037/1312 2175/1033/1312 2169/1028/1312
f 2176/1037/1313 2181/1038/1313 2175/1033/1313
f 2175/1033/1314 2181/1038/1314 2179/1034/1314
f 2181/1038/1315 2180/1039/1315 2179/1034/1315
f 2180/1039/1316 2178/1040/1316 2179/1034/1316
f 2180/1039/1317 2213/1041/1317 2178/1040/1317
f 2214/1042/1318 2213/1041/1318 2215/1043/1318
f 2213/1041/1319 2180/1039/1319 2215/1043/1319
f 2216/1044/1320 2215/1043/1320 2180/1039/1320
f 2181/1038/1321 2216/1044/1321 2180/1039/1321
f 2216/1044/1322 2181/1038/1322 2217/1045/1322
f 2217/1045/1323 2181/1038/1323 2184/1046/1323
f 2176/1037/1324 2184/1046/1324 2181/1038/1324
f 2185/1027/1325 2184/1046/1325 2176/1037/1325
f 2185/1027/1326 2176/1037/1326 2173/1026/1326
f 2173/1026/1327 2176/1037/1327 2169/1028/1327
f 1541/1047/1328 1451/1048/1328 1542/1049/1328
f 1525/1050/1329 1541/1047/1329 1542/1049/1329
f 1541/1047/1330 1525/1050/1330 1529/1051/1330
f 1525/1050/1331 1523/1052/1331 1529/1051/1331
f 1530/1053/1332 1529/1051/1332 1523/1052/1332
f 1530/1053/1333 1523/1052/1333 1522/1054/1333
f 1530/1053/1334 1522/1054/1334 1531/1055/1334
f 1522/1054/1335 2162/1056/1335 1531/1055/1335
f 2214/1042/1336 1531/1055/1336 2162/1056/1336
f 2213/1041/1337 2214/1042/1337 2162/1056/1337
f 1525/1050/1338 1542/1049/1338 1550/1057/1338
f 1559/1058/1339 1555/1059/1339 1554/1060/1339
f 1559/1058/1340 1553/1061/1340 1555/1059/1340
f 1551/1062/1341 1555/1059/1341 1553/1061/1341
f 1551/1062/1342 1553/1061/1342 1549/1063/1342
f 1549/1063/1343 1550/1057/1343 1551/1062/1343
f 1550/1057/1344 1549/1063/1344 1525/1050/1344
f 1524/1064/1345 1525/1050/1345 1549/1063/1345
f 1524/1064/1346 1523/1052/1346 1525/1050/1346
f 1523/1052/1347 1524/1064/1347 1520/1065/1347
f 1520/1065/1348 1522/1054/1348 1523/1052/1348
f 2212/1066/1349 2182/1067/1349 2211/1068/1349
f 2211/1068/1350 2164/1069/1350 2212/1066/1350
f 2211/1068/1351 2163/1070/1351 2164/1069/1351
f 2164/1069/1352 2163/1070/1352 1528/1071/1352
f 1521/1072/1353 1528/1071/1353 2163/1070/1353
f 1528/1071/1354 1521/1072/1354 1527/1073/1354
f 1520/1065/1355 1527/1073/1355 1521/1072/1355
f 1527/1073/1356 1520/1065/1356 1526/1074/1356
f 1524/1064/1357 1526/1074/1357 1520/1065/1357
f 1526/1074/1358 1524/1064/1358 1548/1075/1358
f 1549/1063/1359 1548/1075/1359 1524/1064/1359
f 1548/1075/1360 1549/1063/1360 1553/1061/1360
f 1522/1054/1361 1520/1065/1361 1521/1072/1361
f 1522/1054/1362 1521/1072/1362 2162/1056/1362
f 2163/1070/1363 2162/1056/1363 1521/1072/1363
f 2213/1041/1364 2162/1056/1364 2163/1070/1364
f 2211/1068/1365 2213/1041/1365 2163/1070/1365
f 2211/1068/1366 2178/1040/1366 2213/1041/1366
f 2178/1040/1367 2211/1068/1367 2182/1067/1367
f 2178/1040/1368 2182/1067/1368 2183/1076/1368
f 2179/1034/1369 2178/1040/1369 2183/1076/1369
f 2177/1035/1370 2179/1034/1370 2183/1076/1370
f 1561/1077/1371 1510/958/1371 1560/960/1371
f 1563/959/1372 1510/958/1372 1561/1077/1372
f 713/1078/1373 706/1079/1373 712/1080/1373
f 706/1079/1374 713/1078/1374 714/1081/1374
f 712/1080/1375 705/1082/1375 763/1083/1375
f 705/1082/1373 712/1080/1373 706/1079/1373
f 707/1084/1376 705/1082/1376 706/1079/1376
f 761/1085/1377 762/1086/1377 755/1087/1377
f 762/1086/1377 756/1088/1377 755/1087/1377
f 762/1086/1378 763/1083/1378 756/1088/1378
f 763/1083/1378 757/1089/1378 756/1088/1378
f 757/1089/1375 763/1083/1375 705/1082/1375
f 705/1082/1379 749/1090/1379 757/1089/1379
f 705/1082/1379 707/1084/1379 749/1090/1379
f 749/1090/1380 707/1084/1380 748/1091/1380
f 750/1092/1380 748/1091/1380 707/1084/1380
f 750/1092/1381 993/1093/1381 748/1091/1381
f 1038/1094/1382 1037/1095/1382 1031/1096/1382
f 1031/1096/1383 1032/1097/1383 1038/1094/1383
f 1032/1097/1384 1031/1096/1384 744/1098/1384
f 744/1098/1385 746/1099/1385 1032/1097/1385
f 744/1098/1386 745/1100/1386 746/1099/1386
f 747/1101/1386 746/1099/1386 745/1100/1386
f 745/1100/1387 755/1087/1387 747/1101/1387
f 756/1088/1387 747/1101/1387 755/1087/1387
f 747/1101/1388 756/1088/1388 749/1090/1388
f 757/1089/1388 749/1090/1388 756/1088/1388
f 749/1090/1389 748/1091/1389 747/1101/1389
f 746/1099/1389 747/1101/1389 748/1091/1389
f 746/1099/1390 748/1091/1390 1033/1102/1390
f 1033/1102/1385 1032/1097/1385 746/1099/1385
f 1032/1097/1391 1033/1102/1391 1039/1103/1391
f 1039/1103/1383 1038/1094/1383 1032/1097/1383
f 1040/1104/1391 1039/1103/1391 1033/1102/1391
f 1033/1102/1392 1034/1105/1392 1040/1104/1392
f 1034/1105/1390 1033/1102/1390 748/1091/1390
f 993/1093/1381 1034/1105/1381 748/1091/1381
f 992/1106/1393 1034/1105/1393 993/1093/1393
f 993/1093/1394 991/1107/1394 992/1106/1394
f 992/1106/1373 991/1107/1373 998/1108/1373
f 999/1109/1373 998/1108/1373 991/1107/1373
f 1034/1105/1393 992/1106/1393 1041/1110/1393
f 1041/1110/1392 1040/1104/1392 1034/1105/1392
f 1040/1104/1378 1041/1110/1378 1046/1111/1378
f 1040/1104/1377 1046/1111/1377 1039/1103/1377
f 1045/1112/1377 1039/1103/1377 1046/1111/1377
f 1039/1103/1395 1045/1112/1395 1038/1094/1395
f 1044/1113/1395 1038/1094/1395 1045/1112/1395
f 1038/1094/1396 1044/1113/1396 1037/1095/1396
f 1043/1114/1396 1037/1095/1396 1044/1113/1396
f 1043/1114/1397 1042/1115/1397 1037/1095/1397
f 1047/1116/1378 1046/1111/1378 1041/1110/1378
f 1041/1110/1375 992/1106/1375 1047/1116/1375
f 998/1108/1375 1047/1116/1375 992/1106/1375
f 1035/1117/1397 1037/1095/1397 1042/1115/1397
f 1037/1095/1398 1035/1117/1398 1030/1118/1398
f 1030/1118/1382 1031/1096/1382 1037/1095/1382
f 1031/1096/1399 1030/1118/1399 740/1119/1399
f 740/1119/1384 744/1098/1384 1031/1096/1384
f 740/1119/1400 742/1120/1400 744/1098/1400
f 745/1100/1400 744/1098/1400 742/1120/1400
f 742/1120/1401 754/1121/1401 745/1100/1401
f 755/1087/1401 745/1100/1401 754/1121/1401
f 761/1085/1395 755/1087/1395 754/1121/1395
f 1036/1122/1398 1030/1118/1398 1035/1117/1398
f 1036/1122/1402 743/1123/1402 1030/1118/1402
f 743/1123/1399 740/1119/1399 1030/1118/1399
f 743/1123/1403 741/1124/1403 740/1119/1403
f 742/1120/1403 740/1119/1403 741/1124/1403
f 741/1124/1404 752/1125/1404 742/1120/1404
f 754/1121/1404 742/1120/1404 752/1125/1404
f 760/1126/1396 754/1121/1396 752/1125/1396
f 760/1126/1395 761/1085/1395 754/1121/1395
f 759/1127/1396 760/1126/1396 752/1125/1396
f 759/1127/1397 752/1125/1397 758/1128/1397
f 751/1129/1397 758/1128/1397 752/1125/1397
f 752/1125/1405 741/1124/1405 751/1129/1405
f 753/1130/1405 751/1129/1405 741/1124/1405
f 741/1124/1406 743/1123/1406 753/1130/1406
f 783/1131/1406 753/1130/1406 743/1123/1406
f 783/1131/1402 743/1123/1402 1036/1122/1402
f 695/1132/1407 698/1133/1407 696/1134/1407
f 699/1135/1407 696/1134/1407 698/1133/1407
f 696/1134/1408 694/1136/1408 695/1132/1408
f 697/1137/1408 695/1132/1408 694/1136/1408
f 708/1138/1409 695/1132/1409 697/1137/1409
f 695/1132/1410 708/1138/1410 709/1139/1410
f 709/1139/1410 698/1133/1410 695/1132/1410
f 698/1133/1411 709/1139/1411 701/1140/1411
f 701/1140/1412 700/1141/1412 698/1133/1412
f 700/1141/1412 699/1135/1412 698/1133/1412
f 699/1135/1413 700/1141/1413 988/1142/1413
f 699/1135/1414 988/1142/1414 696/1134/1414
f 988/1142/1414 987/1143/1414 696/1134/1414
f 696/1134/1415 987/1143/1415 694/1136/1415
f 710/1144/1411 701/1140/1411 709/1139/1411
f 708/1138/1416 714/1081/1416 709/1139/1416
f 714/1081/1374 708/1138/1374 706/1079/1374
f 697/1137/1409 706/1079/1409 708/1138/1409
f 706/1079/1376 697/1137/1376 707/1084/1376
f 707/1084/1417 697/1137/1417 750/1092/1417
f 694/1136/1417 750/1092/1417 697/1137/1417
f 694/1136/1418 986/1145/1418 750/1092/1418
f 987/1143/1415 986/1145/1415 694/1136/1415
f 987/1143/1419 994/1146/1419 986/1145/1419
f 987/1143/1420 995/1147/1420 994/1146/1420
f 986/1145/1418 993/1093/1418 750/1092/1418
f 991/1107/1394 993/1093/1394 986/1145/1394
f 986/1145/1419 994/1146/1419 991/1107/1419
f 991/1107/1374 994/1146/1374 999/1109/1374
f 1000/1148/1374 999/1109/1374 994/1146/1374
f 994/1146/1416 1001/1149/1416 1000/1148/1416
f 995/1147/1416 1001/1149/1416 994/1146/1416
f 995/1147/1421 1002/1150/1421 1001/1149/1421
f 996/1151/1421 1002/1150/1421 995/1147/1421
f 996/1151/1422 1003/1152/1422 1002/1150/1422
f 933/1153/1423 941/1154/1423 649/1155/1423
f 704/1156/1423 649/1155/1423 941/1154/1423
f 941/1154/1424 990/1157/1424 704/1156/1424
f 702/1158/1424 704/1156/1424 990/1157/1424
f 990/1157/1425 989/1159/1425 702/1158/1425
f 989/1159/1426 990/1157/1426 996/1151/1426
f 996/1151/1427 995/1147/1427 989/1159/1427
f 941/1154/1428 933/1153/1428 939/1160/1428
f 939/1160/1429 997/1161/1429 941/1154/1429
f 990/1157/1429 941/1154/1429 997/1161/1429
f 997/1161/1426 996/1151/1426 990/1157/1426
f 997/1161/1422 1003/1152/1422 996/1151/1422
f 997/1161/1430 947/1162/1430 1003/1152/1430
f 939/1160/1430 947/1162/1430 997/1161/1430
f 939/1160/1431 940/1163/1431 947/1162/1431
f 940/1163/1428 939/1160/1428 933/1153/1428
f 940/1163/1432 933/1153/1432 942/1164/1432
f 934/1165/1432 942/1164/1432 933/1153/1432
f 943/1166/1433 942/1164/1433 934/1165/1433
f 943/1166/1433 934/1165/1433 935/1167/1433
f 935/1167/1434 944/1168/1434 943/1166/1434
f 948/1169/1431 947/1162/1431 940/1163/1431
f 940/1163/1435 949/1170/1435 948/1169/1435
f 942/1164/1435 949/1170/1435 940/1163/1435
f 942/1164/1436 943/1166/1436 949/1170/1436
f 950/1171/1436 949/1170/1436 943/1166/1436
f 943/1166/1437 944/1168/1437 950/1171/1437
f 951/1172/1437 950/1171/1437 944/1168/1437
f 944/1168/1438 952/1173/1438 951/1172/1438
f 952/1173/1438 944/1168/1438 945/1174/1438
f 945/1174/1439 953/1175/1439 952/1173/1439
f 953/1175/1439 945/1174/1439 946/1176/1439
f 944/1168/1434 935/1167/1434 936/1177/1434
f 936/1177/1440 945/1174/1440 944/1168/1440
f 945/1174/1440 936/1177/1440 937/1178/1440
f 937/1178/1441 946/1176/1441 945/1174/1441
f 946/1176/1441 937/1178/1441 938/1179/1441
f 938/1179/1442 937/1178/1442 658/1180/1442
f 658/1180/1442 660/1181/1442 938/1179/1442
f 660/1181/1443 658/1180/1443 659/1182/1443
f 657/1183/1443 659/1182/1443 658/1180/1443
f 659/1182/1444 657/1183/1444 668/1184/1444
f 655/1185/1445 657/1183/1445 656/1186/1445
f 658/1180/1445 656/1186/1445 657/1183/1445
f 656/1186/1446 658/1180/1446 937/1178/1446
f 937/1178/1446 936/1177/1446 656/1186/1446
f 654/1187/1447 656/1186/1447 936/1177/1447
f 936/1177/1447 935/1167/1447 654/1187/1447
f 651/1188/1448 654/1187/1448 935/1167/1448
f 935/1167/1448 934/1165/1448 651/1188/1448
f 934/1165/1449 933/1153/1449 651/1188/1449
f 649/1155/1449 651/1188/1449 933/1153/1449
f 704/1156/1450 702/1158/1450 703/1189/1450
f 662/1190/1450 704/1156/1450 703/1189/1450
f 649/1155/1451 704/1156/1451 662/1190/1451
f 649/1155/1451 662/1190/1451 650/1191/1451
f 651/1188/1452 649/1155/1452 650/1191/1452
f 651/1188/1452 650/1191/1452 652/1192/1452
f 652/1192/1453 653/1193/1453 651/1188/1453
f 654/1187/1453 651/1188/1453 653/1193/1453
f 653/1193/1454 655/1185/1454 654/1187/1454
f 656/1186/1454 654/1187/1454 655/1185/1454
f 662/1190/1455 661/1194/1455 650/1191/1455
f 663/1195/1455 650/1191/1455 661/1194/1455
f 650/1191/1456 663/1195/1456 652/1192/1456
f 664/1196/1456 652/1192/1456 663/1195/1456
f 652/1192/1457 664/1196/1457 665/1197/1457
f 665/1197/1457 653/1193/1457 652/1192/1457
f 653/1193/1458 665/1197/1458 666/1198/1458
f 655/1185/1458 653/1193/1458 666/1198/1458
f 655/1185/1459 666/1198/1459 667/1199/1459
f 657/1183/1459 655/1185/1459 667/1199/1459
f 657/1183/1444 667/1199/1444 668/1184/1444
f 668/1184/1439 667/1199/1439 675/1200/1439
f 667/1199/1439 674/1201/1439 675/1200/1439
f 667/1199/1438 666/1198/1438 674/1201/1438
f 673/1202/1438 674/1201/1438 666/1198/1438
f 666/1198/1437 665/1197/1437 673/1202/1437
f 665/1197/1437 672/1203/1437 673/1202/1437
f 665/1197/1436 664/1196/1436 672/1203/1436
f 664/1196/1436 671/1204/1436 672/1203/1436
f 671/1204/1435 664/1196/1435 663/1195/1435
f 663/1195/1435 670/1205/1435 671/1204/1435
f 670/1205/1431 663/1195/1431 661/1194/1431
f 661/1194/1431 669/1206/1431 670/1205/1431
f 669/1206/1430 661/1194/1430 711/1207/1430
f 711/1207/1430 717/1208/1430 669/1206/1430
f 717/1208/1422 711/1207/1422 710/1144/1422
f 710/1144/1422 716/1209/1422 717/1208/1422
f 716/1209/1421 710/1144/1421 715/1210/1421
f 709/1139/1421 715/1210/1421 710/1144/1421
f 715/1210/1416 709/1139/1416 714/1081/1416
f 988/1142/1420 995/1147/1420 987/1143/1420
f 988/1142/1427 989/1159/1427 995/1147/1427
f 989/1159/1413 988/1142/1413 700/1141/1413
f 700/1141/1425 702/1158/1425 989/1159/1425
f 702/1158/1460 700/1141/1460 701/1140/1460
f 703/1189/1460 702/1158/1460 701/1140/1460
f 701/1140/1461 710/1144/1461 703/1189/1461
f 711/1207/1461 703/1189/1461 710/1144/1461
f 703/1189/1462 711/1207/1462 662/1190/1462
f 661/1194/1462 662/1190/1462 711/1207/1462
f 631/1211/1463 632/1212/1463 628/1213/1463
f 632/1212/1463 631/1211/1463 633/1214/1463
f 634/1215/1463 633/1214/1463 631/1211/1463
f 636/1216/1463 633/1214/1463 634/1215/1463
f 636/1216/1463 635/1217/1463 633/1214/1463
f 638/1218/1463 635/1217/1463 636/1216/1463
f 638/1218/1463 637/1219/1463 635/1217/1463
f 631/1211/1464 641/1220/1464 642/1221/1464
f 634/1215/1464 631/1211/1464 642/1221/1464
f 634/1215/1465 642/1221/1465 643/1222/1465
f 643/1222/1465 636/1216/1465 634/1215/1465
f 644/1223/1466 636/1216/1466 643/1222/1466
f 644/1223/1466 638/1218/1466 636/1216/1466
f 638/1218/1467 644/1223/1467 543/1224/1467
f 638/1218/1463 543/1224/1463 637/1219/1463
f 543/1224/1463 540/1225/1463 637/1219/1463
f 543/1224/1463 541/1226/1463 540/1225/1463
f 554/1227/1467 543/1224/1467 644/1223/1467
f 543/1224/1468 554/1227/1468 541/1226/1468
f 555/1228/1468 541/1226/1468 554/1227/1468
f 541/1226/1469 555/1228/1469 544/1229/1469
f 556/1230/1469 544/1229/1469 555/1228/1469
f 544/1229/1470 556/1230/1470 547/1231/1470
f 557/1232/1470 547/1231/1470 556/1230/1470
f 557/1232/1471 558/1233/1471 547/1231/1471
f 542/1234/1463 540/1225/1463 541/1226/1463
f 541/1226/1463 544/1229/1463 542/1234/1463
f 545/1235/1463 542/1234/1463 544/1229/1463
f 545/1235/1463 544/1229/1463 546/1236/1463
f 547/1231/1463 546/1236/1463 544/1229/1463
f 547/1231/1463 548/1237/1463 546/1236/1463
f 548/1237/1471 547/1231/1471 558/1233/1471
f 558/1233/1472 559/1238/1472 548/1237/1472
f 551/1239/1472 548/1237/1472 559/1238/1472
f 559/1238/1473 560/1240/1473 551/1239/1473
f 549/1241/1463 546/1236/1463 548/1237/1463
f 549/1241/1463 548/1237/1463 550/1242/1463
f 551/1239/1463 550/1242/1463 548/1237/1463
f 551/1239/1463 552/1243/1463 550/1242/1463
f 553/1244/1463 550/1242/1463 552/1243/1463
f 552/1243/1463 585/1245/1463 553/1244/1463
f 586/1246/1463 553/1244/1463 585/1245/1463
f 586/1246/1463 585/1245/1463 587/1247/1463
f 588/1248/1463 586/1246/1463 587/1247/1463
f 552/1243/1473 551/1239/1473 560/1240/1473
f 560/1240/1474 597/1249/1474 552/1243/1474
f 585/1245/1474 552/1243/1474 597/1249/1474
f 597/1249/1475 598/1250/1475 585/1245/1475
f 587/1247/1475 585/1245/1475 598/1250/1475
f 587/1247/1476 598/1250/1476 589/1251/1476
f 588/1248/1463 587/1247/1463 589/1251/1463
f 589/1251/1463 590/1252/1463 588/1248/1463
f 592/1253/1463 590/1252/1463 589/1251/1463
f 592/1253/1463 591/1254/1463 590/1252/1463
f 602/1255/1477 774/1256/1477 596/1257/1477
f 602/1255/1478 596/1257/1478 601/1258/1478
f 594/1259/1478 601/1258/1478 596/1257/1478
f 601/1258/1479 594/1259/1479 600/1260/1479
f 592/1253/1479 600/1260/1479 594/1259/1479
f 600/1260/1480 592/1253/1480 599/1261/1480
f 589/1251/1480 599/1261/1480 592/1253/1480
f 599/1261/1476 589/1251/1476 598/1250/1476
f 591/1254/1463 592/1253/1463 593/1262/1463
f 594/1259/1463 593/1262/1463 592/1253/1463
f 593/1262/1463 594/1259/1463 595/1263/1463
f 596/1257/1463 595/1263/1463 594/1259/1463
f 596/1257/1463 764/1264/1463 595/1263/1463
f 596/1257/1477 774/1256/1477 764/1264/1477
f 774/1256/1481 775/1265/1481 764/1264/1481
f 764/1264/1481 775/1265/1481 766/1266/1481
f 775/1265/1482 776/1267/1482 766/1266/1482
f 766/1266/1482 776/1267/1482 769/1268/1482
f 776/1267/1483 777/1269/1483 769/1268/1483
f 595/1263/1463 764/1264/1463 765/1270/1463
f 764/1264/1463 766/1266/1463 765/1270/1463
f 767/1271/1463 765/1270/1463 766/1266/1463
f 767/1271/1463 766/1266/1463 768/1272/1463
f 769/1268/1463 768/1272/1463 766/1266/1463
f 769/1268/1463 770/1273/1463 768/1272/1463
f 769/1268/1483 777/1269/1483 770/1273/1483
f 777/1269/1484 778/1274/1484 770/1273/1484
f 770/1273/1484 778/1274/1484 773/1275/1484
f 773/1275/1485 778/1274/1485 720/1276/1485
f 771/1277/1463 768/1272/1463 770/1273/1463
f 771/1277/1463 770/1273/1463 772/1278/1463
f 773/1275/1463 772/1278/1463 770/1273/1463
f 773/1275/1463 720/1276/1463 772/1278/1463
f 719/1279/1463 772/1278/1463 720/1276/1463
f 720/1276/1463 718/1280/1463 719/1279/1463
f 721/1281/1463 719/1279/1463 718/1280/1463
f 721/1281/1463 718/1280/1463 722/1282/1463
f 722/1282/1463 723/1283/1463 721/1281/1463
f 723/1283/1463 722/1282/1463 724/1284/1463
f 725/1285/1463 724/1284/1463 722/1282/1463
f 727/1286/1463 724/1284/1463 725/1285/1463
f 734/1287/1486 727/1286/1486 725/1285/1486
f 730/1288/1485 720/1276/1485 778/1274/1485
f 720/1276/1487 730/1288/1487 718/1280/1487
f 731/1289/1487 718/1280/1487 730/1288/1487
f 718/1280/1488 731/1289/1488 722/1282/1488
f 732/1290/1488 722/1282/1488 731/1289/1488
f 722/1282/1489 732/1290/1489 725/1285/1489
f 733/1291/1489 725/1285/1489 732/1290/1489
f 734/1287/1486 725/1285/1486 733/1291/1486
f 735/1292/1490 727/1286/1490 734/1287/1490
f 735/1292/1490 729/1293/1490 727/1286/1490
f 689/1294/1491 729/1293/1491 735/1292/1491
f 689/1294/1491 679/1295/1491 729/1293/1491
f 688/1296/1492 679/1295/1492 689/1294/1492
f 688/1296/1492 677/1297/1492 679/1295/1492
f 690/1298/1493 677/1297/1493 688/1296/1493
f 677/1297/1493 690/1298/1493 680/1299/1493
f 680/1299/1494 690/1298/1494 683/1300/1494
f 683/1300/1463 682/1301/1463 680/1299/1463
f 727/1286/1463 726/1302/1463 724/1284/1463
f 729/1293/1463 726/1302/1463 727/1286/1463
f 729/1293/1463 728/1303/1463 726/1302/1463
f 729/1293/1463 679/1295/1463 728/1303/1463
f 679/1295/1463 676/1304/1463 728/1303/1463
f 679/1295/1463 677/1297/1463 676/1304/1463
f 678/1305/1463 676/1304/1463 677/1297/1463
f 677/1297/1463 680/1299/1463 678/1305/1463
f 681/1306/1463 678/1305/1463 680/1299/1463
f 681/1306/1463 680/1299/1463 682/1301/1463
f 683/1300/1463 684/1307/1463 682/1301/1463
f 685/1308/1463 682/1301/1463 684/1307/1463
f 685/1308/1463 684/1307/1463 686/1309/1463
f 687/1310/1463 686/1309/1463 684/1307/1463
f 686/1309/1463 687/1310/1463 629/1311/1463
f 627/1312/1463 629/1311/1463 687/1310/1463
f 629/1311/1463 627/1312/1463 628/1213/1463
f 630/1313/1463 628/1213/1463 627/1312/1463
f 628/1213/1463 630/1313/1463 631/1211/1463
f 631/1211/1495 630/1313/1495 641/1220/1495
f 630/1313/1495 639/1314/1495 641/1220/1495
f 630/1313/1496 627/1312/1496 639/1314/1496
f 640/1315/1496 639/1314/1496 627/1312/1496
f 640/1315/1497 627/1312/1497 693/1316/1497
f 687/1310/1497 693/1316/1497 627/1312/1497
f 693/1316/1498 687/1310/1498 692/1317/1498
f 684/1307/1498 692/1317/1498 687/1310/1498
f 692/1317/1499 684/1307/1499 691/1318/1499
f 683/1300/1499 691/1318/1499 684/1307/1499
f 691/1318/1494 683/1300/1494 690/1298/1494
f 411/1319/1500 281/1320/1500 255/1321/1500
f 411/1319/1500 493/1322/1500 281/1320/1500
f 493/1322/1501 411/1319/1501 412/1323/1501
f 412/1323/1501 491/1324/1501 493/1322/1501
f 494/1325/1502 493/1322/1502 491/1324/1502
f 493/1322/1503 494/1325/1503 279/1326/1503
f 494/1325/1504 280/1327/1504 279/1326/1504
f 493/1322/1505 279/1326/1505 281/1320/1505
f 444/1328/1506 302/1329/1506 280/1327/1506
f 494/1325/1507 444/1328/1507 280/1327/1507
f 494/1325/1508 490/1330/1508 444/1328/1508
f 491/1324/1502 490/1330/1502 494/1325/1502
f 491/1324/1509 489/1331/1509 490/1330/1509
f 492/1332/1509 489/1331/1509 491/1324/1509
f 412/1323/1510 492/1332/1510 491/1324/1510
f 415/1333/1511 492/1332/1511 412/1323/1511
f 367/1334/1512 447/1335/1512 489/1331/1512
f 368/1336/1513 367/1334/1513 489/1331/1513
f 489/1331/1514 492/1332/1514 368/1336/1514
f 344/1337/1515 368/1336/1515 492/1332/1515
f 492/1332/1516 415/1333/1516 344/1337/1516
f 345/1338/1516 344/1337/1516 415/1333/1516
f 466/1339/1517 300/1340/1517 440/1341/1517
f 440/1341/1518 300/1340/1518 301/1342/1518
f 440/1341/1518 301/1342/1518 438/1343/1518
f 438/1343/1519 301/1342/1519 302/1329/1519
f 438/1343/1519 302/1329/1519 442/1344/1519
f 444/1328/1520 442/1344/1520 302/1329/1520
f 444/1328/1521 445/1345/1521 442/1344/1521
f 445/1345/1508 444/1328/1508 490/1330/1508
f 490/1330/1522 447/1335/1522 445/1345/1522
f 489/1331/1522 447/1335/1522 490/1330/1522
f 367/1334/1523 366/1346/1523 447/1335/1523
f 447/1335/1524 366/1346/1524 446/1347/1524
f 447/1335/1525 446/1347/1525 445/1345/1525
f 445/1345/1526 446/1347/1526 443/1348/1526
f 443/1348/1527 442/1344/1527 445/1345/1527
f 443/1348/1528 441/1349/1528 442/1344/1528
f 438/1343/1529 442/1344/1529 441/1349/1529
f 441/1349/1530 439/1350/1530 438/1343/1530
f 440/1341/1530 438/1343/1530 439/1350/1530
f 439/1350/1531 450/1351/1531 440/1341/1531
f 443/1348/1532 446/1347/1532 441/1349/1532
f 448/1352/1533 441/1349/1533 446/1347/1533
f 441/1349/1534 448/1352/1534 439/1350/1534
f 449/1353/1534 439/1350/1534 448/1352/1534
f 439/1350/1535 449/1353/1535 450/1351/1535
f 451/1354/1536 450/1351/1536 449/1353/1536
f 450/1351/1537 451/1354/1537 454/1355/1537
f 452/1356/1537 454/1355/1537 451/1354/1537
f 452/1356/1538 453/1357/1538 454/1355/1538
f 453/1357/1539 452/1356/1539 10/1358/1539
f 10/1358/1540 24/1359/1540 453/1357/1540
f 456/1360/1541 453/1357/1541 24/1359/1541
f 24/1359/1542 25/1361/1542 456/1360/1542
f 455/1362/1538 454/1355/1538 453/1357/1538
f 453/1357/1543 456/1360/1543 455/1362/1543
f 466/1339/1544 440/1341/1544 450/1351/1544
f 450/1351/1545 454/1355/1545 466/1339/1545
f 465/1363/1545 466/1339/1545 454/1355/1545
f 464/1364/1546 465/1363/1546 454/1355/1546
f 455/1362/1546 464/1364/1546 454/1355/1546
f 462/1365/1547 464/1364/1547 455/1362/1547
f 457/1366/1548 462/1365/1548 455/1362/1548
f 457/1366/1549 455/1362/1549 456/1360/1549
f 456/1360/1550 458/1367/1550 457/1366/1550
f 458/1367/1542 456/1360/1542 25/1361/1542
f 25/1361/1551 31/1368/1551 458/1367/1551
f 463/1369/1552 462/1365/1552 457/1366/1552
f 463/1369/1553 52/1370/1553 462/1365/1553
f 52/1370/1554 56/1371/1554 462/1365/1554
f 462/1365/1555 56/1371/1555 464/1364/1555
f 56/1371/1556 58/1372/1556 464/1364/1556
f 464/1364/1557 58/1372/1557 465/1363/1557
f 58/1372/1557 60/1373/1557 465/1363/1557
f 465/1363/1558 60/1373/1558 303/1374/1558
f 465/1363/1558 303/1374/1558 466/1339/1558
f 466/1339/1559 303/1374/1559 300/1340/1559
f 54/1375/1560 52/1370/1560 463/1369/1560
f 469/1376/1561 463/1369/1561 459/1377/1561
f 469/1376/1560 54/1375/1560 463/1369/1560
f 470/1378/1562 54/1375/1562 469/1376/1562
f 77/1379/1563 54/1375/1563 470/1378/1563
f 77/1379/1564 470/1378/1564 472/1380/1564
f 79/1381/1565 77/1379/1565 472/1380/1565
f 79/1381/1566 472/1380/1566 473/1382/1566
f 80/1383/1567 79/1381/1567 473/1382/1567
f 80/1383/1568 473/1382/1568 474/1384/1568
f 83/1385/1568 80/1383/1568 474/1384/1568
f 110/1386/1569 83/1385/1569 474/1384/1569
f 109/1387/1570 110/1386/1570 428/1388/1570
f 110/1386/1569 474/1384/1569 428/1388/1569
f 428/1388/1571 474/1384/1571 476/1389/1571
f 474/1384/1572 473/1382/1572 476/1389/1572
f 476/1389/1572 473/1382/1572 475/1390/1572
f 473/1382/1573 472/1380/1573 475/1390/1573
f 475/1390/1573 472/1380/1573 471/1391/1573
f 472/1380/1574 470/1378/1574 471/1391/1574
f 471/1391/1574 470/1378/1574 467/1392/1574
f 470/1378/1575 469/1376/1575 467/1392/1575
f 476/1389/1571 477/1393/1571 428/1388/1571
f 429/1394/1576 428/1388/1576 477/1393/1576
f 109/1387/1577 428/1388/1577 429/1394/1577
f 108/1395/1578 109/1387/1578 429/1394/1578
f 480/1396/1579 476/1389/1579 481/1397/1579
f 479/1398/1580 476/1389/1580 480/1396/1580
f 477/1393/1580 476/1389/1580 479/1398/1580
f 427/1399/1581 477/1393/1581 479/1398/1581
f 478/1400/1581 477/1393/1581 427/1399/1581
f 477/1393/1576 478/1400/1576 429/1394/1576
f 421/1401/1582 429/1394/1582 478/1400/1582
f 108/1395/1578 429/1394/1578 421/1401/1578
f 105/1402/1583 108/1395/1583 421/1401/1583
f 420/1403/1584 478/1400/1584 425/1404/1584
f 425/1404/1584 478/1400/1584 427/1399/1584
f 425/1404/1585 427/1399/1585 424/1405/1585
f 427/1399/1585 426/1406/1585 424/1405/1585
f 427/1399/1586 479/1398/1586 426/1406/1586
f 479/1398/1587 483/1407/1587 426/1406/1587
f 479/1398/1588 480/1396/1588 483/1407/1588
f 484/1408/1588 483/1407/1588 480/1396/1588
f 484/1408/1589 480/1396/1589 485/1409/1589
f 481/1397/1589 485/1409/1589 480/1396/1589
f 425/1404/1590 424/1405/1590 168/1410/1590
f 417/1411/1591 425/1404/1591 168/1410/1591
f 417/1411/1592 420/1403/1592 425/1404/1592
f 418/1412/1593 420/1403/1593 417/1411/1593
f 420/1403/1594 418/1412/1594 419/1413/1594
f 422/1414/1595 419/1413/1595 418/1412/1595
f 419/1413/1596 422/1414/1596 423/1415/1596
f 430/1416/1597 423/1415/1597 422/1414/1597
f 423/1415/1597 430/1416/1597 431/1417/1597
f 436/1418/1598 431/1417/1598 430/1416/1598
f 431/1417/1599 436/1418/1599 437/1419/1599
f 416/1420/1600 432/1421/1600 430/1416/1600
f 422/1414/1600 416/1420/1600 430/1416/1600
f 417/1411/1601 416/1420/1601 422/1414/1601
f 418/1412/1602 417/1411/1602 422/1414/1602
f 127/1422/1603 437/1419/1603 510/1423/1603
f 127/1422/1604 111/1424/1604 437/1419/1604
f 431/1417/1605 437/1419/1605 111/1424/1605
f 106/1425/1606 431/1417/1606 111/1424/1606
f 106/1425/1607 423/1415/1607 431/1417/1607
f 105/1402/1608 423/1415/1608 106/1425/1608
f 105/1402/1608 419/1413/1608 423/1415/1608
f 105/1402/1609 421/1401/1609 419/1413/1609
f 419/1413/1610 421/1401/1610 420/1403/1610
f 478/1400/1582 420/1403/1582 421/1401/1582
f 393/1426/1611 394/1427/1611 248/1428/1611
f 248/1428/1612 392/1429/1612 393/1426/1612
f 392/1429/1612 248/1428/1612 246/1430/1612
f 512/1431/1613 392/1429/1613 246/1430/1613
f 245/1432/1614 512/1431/1614 246/1430/1614
f 511/1433/1615 512/1431/1615 245/1432/1615
f 247/1434/1616 511/1433/1616 245/1432/1616
f 510/1423/1617 511/1433/1617 247/1434/1617
f 129/1435/1617 510/1423/1617 247/1434/1617
f 127/1422/1603 510/1423/1603 129/1435/1603
f 436/1418/1618 433/1436/1618 437/1419/1618
f 510/1423/1618 437/1419/1618 433/1436/1618
f 510/1423/1619 433/1436/1619 511/1433/1619
f 433/1436/1619 403/1437/1619 511/1433/1619
f 511/1433/1620 403/1437/1620 512/1431/1620
f 403/1437/1621 401/1438/1621 512/1431/1621
f 512/1431/1622 401/1438/1622 392/1429/1622
f 401/1438/1622 399/1439/1622 392/1429/1622
f 392/1429/1623 399/1439/1623 393/1426/1623
f 399/1439/1624 401/1438/1624 400/1440/1624
f 402/1441/1624 400/1440/1624 401/1438/1624
f 401/1438/1625 403/1437/1625 402/1441/1625
f 404/1442/1626 402/1441/1626 403/1437/1626
f 403/1437/1627 433/1436/1627 404/1442/1627
f 434/1443/1627 404/1442/1627 433/1436/1627
f 434/1443/1628 433/1436/1628 435/1444/1628
f 436/1418/1628 435/1444/1628 433/1436/1628
f 435/1444/1629 436/1418/1629 432/1421/1629
f 430/1416/1630 432/1421/1630 436/1418/1630
f 434/1443/1631 406/1445/1631 404/1442/1631
f 434/1443/1631 165/1446/1631 406/1445/1631
f 162/1447/1632 165/1446/1632 434/1443/1632
f 435/1444/1632 162/1447/1632 434/1443/1632
f 163/1448/1633 162/1447/1633 435/1444/1633
f 432/1421/1634 163/1448/1634 435/1444/1634
f 166/1449/1635 163/1448/1635 432/1421/1635
f 416/1420/1635 166/1449/1635 432/1421/1635
f 416/1420/1636 168/1410/1636 166/1449/1636
f 168/1410/1636 416/1420/1636 417/1411/1636
f 396/1450/1637 395/1451/1637 393/1426/1637
f 399/1439/1638 396/1450/1638 393/1426/1638
f 396/1450/1639 399/1439/1639 397/1452/1639
f 400/1440/1640 397/1452/1640 399/1439/1640
f 400/1440/1641 370/1453/1641 397/1452/1641
f 400/1440/1641 369/1454/1641 370/1453/1641
f 402/1441/1642 369/1454/1642 400/1440/1642
f 402/1441/1643 405/1455/1643 369/1454/1643
f 402/1441/1644 404/1442/1644 405/1455/1644
f 406/1445/1645 405/1455/1645 404/1442/1645
f 396/1450/1646 397/1452/1646 395/1451/1646
f 398/1456/1647 395/1451/1647 397/1452/1647
f 397/1452/1648 370/1453/1648 398/1456/1648
f 371/1457/1649 398/1456/1649 370/1453/1649
f 374/1458/1650 345/1459/1650 415/1460/1650
f 374/1458/1650 415/1460/1650 414/1461/1650
f 373/1462/1651 374/1458/1651 414/1461/1651
f 373/1462/1651 414/1461/1651 408/1463/1651
f 371/1457/1652 373/1462/1652 408/1463/1652
f 371/1457/1653 408/1463/1653 398/1456/1653
f 408/1463/1654 407/1464/1654 398/1456/1654
f 395/1451/1654 398/1456/1654 407/1464/1654
f 395/1451/1655 407/1464/1655 394/1427/1655
f 393/1426/1656 395/1451/1656 394/1427/1656
f 394/1427/1657 250/1465/1657 248/1428/1657
f 394/1427/1658 409/1466/1658 250/1465/1658
f 394/1427/1655 407/1464/1655 409/1466/1655
f 407/1464/1659 413/1467/1659 409/1466/1659
f 407/1464/1660 408/1463/1660 413/1467/1660
f 414/1461/1660 413/1467/1660 408/1463/1660
f 413/1467/1661 414/1461/1661 412/1468/1661
f 415/1460/1661 412/1468/1661 414/1461/1661
f 409/1466/1658 252/1469/1658 250/1465/1658
f 409/1466/1662 410/1470/1662 252/1469/1662
f 409/1466/1659 413/1467/1659 410/1470/1659
f 413/1467/1663 412/1468/1663 410/1470/1663
f 411/1471/1663 410/1470/1663 412/1468/1663
f 410/1470/1664 411/1471/1664 254/1472/1664
f 411/1471/1664 255/1473/1664 254/1472/1664
f 410/1470/1665 254/1472/1665 252/1469/1665
f 351/1474/1666 372/1475/1666 352/1476/1666
f 375/1477/1666 352/1476/1666 372/1475/1666
f 203/1478/1667 375/1477/1667 372/1475/1667
f 203/1478/1667 202/1479/1667 375/1477/1667
f 351/1474/1668 345/1480/1668 374/1481/1668
f 374/1481/1669 372/1475/1669 351/1474/1669
f 372/1475/1669 374/1481/1669 373/1482/1669
f 203/1478/1670 372/1475/1670 373/1482/1670
f 203/1478/1670 373/1482/1670 371/1483/1670
f 346/1484/1671 344/1485/1671 345/1480/1671
f 347/1486/1672 346/1484/1672 345/1480/1672
f 345/1480/1673 351/1474/1673 347/1486/1673
f 351/1474/1674 342/1487/1674 347/1486/1674
f 352/1476/1674 342/1487/1674 351/1474/1674
f 340/1488/1675 342/1487/1675 352/1476/1675
f 352/1476/1676 375/1477/1676 340/1488/1676
f 377/1489/1676 340/1488/1676 375/1477/1676
f 377/1489/1677 375/1477/1677 202/1479/1677
f 202/1479/1677 376/1490/1677 377/1489/1677
f 342/1487/1675 340/1488/1675 339/1491/1675
f 343/1492/1678 342/1487/1678 338/1493/1678
f 339/1491/1678 338/1493/1678 342/1487/1678
f 336/1494/1679 338/1493/1679 339/1491/1679
f 336/1494/1680 339/1491/1680 340/1488/1680
f 341/1495/1681 336/1494/1681 340/1488/1681
f 377/1489/1682 341/1495/1682 340/1488/1682
f 379/1496/1683 341/1495/1683 377/1489/1683
f 376/1490/1684 379/1496/1684 377/1489/1684
f 223/1497/1684 379/1496/1684 376/1490/1684
f 212/1498/1685 223/1497/1685 376/1490/1685
f 347/1486/1686 342/1487/1686 346/1484/1686
f 343/1492/1686 346/1484/1686 342/1487/1686
f 343/1492/1687 353/1499/1687 346/1484/1687
f 348/1500/1687 353/1499/1687 343/1492/1687
f 338/1493/1688 348/1500/1688 343/1492/1688
f 337/1501/1688 348/1500/1688 338/1493/1688
f 334/1502/1689 337/1501/1689 338/1493/1689
f 338/1493/1690 336/1494/1690 334/1502/1690
f 336/1494/1691 335/1503/1691 334/1502/1691
f 336/1494/1692 341/1495/1692 335/1503/1692
f 334/1502/1693 332/1504/1693 333/1505/1693
f 334/1502/1694 333/1505/1694 337/1501/1694
f 333/1505/1695 319/1506/1695 337/1501/1695
f 319/1506/1696 349/1507/1696 337/1501/1696
f 348/1500/1696 337/1501/1696 349/1507/1696
f 349/1507/1697 354/1508/1697 348/1500/1697
f 353/1499/1697 348/1500/1697 354/1508/1697
f 353/1499/1698 354/1508/1698 368/1509/1698
f 368/1509/1699 344/1485/1699 353/1499/1699
f 346/1484/1699 353/1499/1699 344/1485/1699
f 367/1510/1698 368/1509/1698 354/1508/1698
f 349/1507/1700 319/1506/1700 350/1511/1700
f 349/1507/1701 350/1511/1701 354/1508/1701
f 355/1512/1701 354/1508/1701 350/1511/1701
f 354/1508/1702 355/1512/1702 367/1510/1702
f 366/1513/1703 367/1510/1703 355/1512/1703
f 365/1514/1704 366/1513/1704 355/1512/1704
f 358/1515/1704 365/1514/1704 355/1512/1704
f 364/1516/1705 365/1514/1705 358/1515/1705
f 360/1517/1706 364/1516/1706 358/1515/1706
f 360/1517/1707 363/1518/1707 364/1516/1707
f 355/1512/1708 350/1511/1708 358/1515/1708
f 508/1519/1709 330/1520/1709 332/1504/1709
f 330/1520/1710 328/1521/1710 332/1504/1710
f 328/1521/1693 333/1505/1693 332/1504/1693
f 333/1505/1711 328/1521/1711 318/1522/1711
f 333/1505/1712 318/1522/1712 319/1506/1712
f 318/1522/1713 317/1523/1713 319/1506/1713
f 317/1523/1700 350/1511/1700 319/1506/1700
f 317/1523/1714 356/1524/1714 350/1511/1714
f 356/1524/1708 358/1515/1708 350/1511/1708
f 359/1525/1715 358/1515/1715 356/1524/1715
f 360/1517/1715 358/1515/1715 359/1525/1715
f 360/1517/1716 359/1525/1716 362/1526/1716
f 362/1526/1716 359/1525/1716 361/1527/1716
f 362/1526/1717 363/1518/1717 360/1517/1717
f 362/1526/1718 9/1528/1718 363/1518/1718
f 7/1529/1719 9/1528/1719 362/1526/1719
f 7/1529/1720 362/1526/1720 5/1530/1720
f 361/1527/1720 5/1530/1720 362/1526/1720
f 361/1527/1721 390/1531/1721 5/1530/1721
f 359/1525/1722 390/1531/1722 361/1527/1722
f 359/1525/1722 391/1532/1722 390/1531/1722
f 359/1525/1723 356/1524/1723 391/1532/1723
f 356/1524/1723 357/1533/1723 391/1532/1723
f 304/1534/1724 309/1535/1724 310/1536/1724
f 310/1536/1725 309/1535/1725 389/1537/1725
f 389/1537/1726 316/1538/1726 310/1536/1726
f 316/1538/1727 389/1537/1727 357/1533/1727
f 391/1532/1728 357/1533/1728 389/1537/1728
f 308/1539/1729 391/1532/1729 389/1537/1729
f 308/1539/1730 390/1531/1730 391/1532/1730
f 308/1539/1731 3/1540/1731 390/1531/1731
f 2/1541/1732 390/1531/1732 3/1540/1732
f 5/1530/1721 390/1531/1721 2/1541/1721
f 308/1539/1725 389/1537/1725 309/1535/1725
f 14/1542/1733 308/1539/1733 309/1535/1733
f 14/1542/1734 3/1540/1734 308/1539/1734
f 16/1543/1735 14/1542/1735 309/1535/1735
f 284/1544/1736 287/1545/1736 286/1546/1736
f 288/1547/1736 286/1546/1736 287/1545/1736
f 287/1545/1737 289/1548/1737 288/1547/1737
f 291/1549/1738 288/1547/1738 289/1548/1738
f 293/1550/1739 291/1549/1739 289/1548/1739
f 293/1550/1740 306/1551/1740 291/1549/1740
f 293/1550/1741 50/1552/1741 306/1551/1741
f 50/1552/1742 16/1543/1742 306/1551/1742
f 306/1551/1742 16/1543/1742 304/1534/1742
f 16/1543/1735 309/1535/1735 304/1534/1735
f 49/1553/1743 50/1552/1743 293/1550/1743
f 306/1551/1744 304/1534/1744 305/1554/1744
f 306/1551/1740 305/1554/1740 291/1549/1740
f 291/1549/1745 305/1554/1745 292/1555/1745
f 288/1547/1746 291/1549/1746 292/1555/1746
f 288/1547/1747 292/1555/1747 286/1546/1747
f 277/1556/1748 285/1557/1748 329/1558/1748
f 329/1558/1748 285/1557/1748 325/1559/1748
f 285/1557/1749 286/1546/1749 325/1559/1749
f 325/1559/1749 286/1546/1749 295/1560/1749
f 292/1555/1747 295/1560/1747 286/1546/1747
f 292/1555/1750 324/1561/1750 295/1560/1750
f 305/1554/1751 324/1561/1751 292/1555/1751
f 305/1554/1752 307/1562/1752 324/1561/1752
f 307/1562/1744 305/1554/1744 304/1534/1744
f 304/1534/1724 310/1536/1724 307/1562/1724
f 307/1562/1753 310/1536/1753 311/1563/1753
f 311/1563/1754 310/1536/1754 316/1538/1754
f 322/1564/1755 323/1565/1755 295/1560/1755
f 324/1561/1756 322/1564/1756 295/1560/1756
f 324/1561/1757 312/1566/1757 322/1564/1757
f 312/1566/1752 324/1561/1752 307/1562/1752
f 307/1562/1753 311/1563/1753 312/1566/1753
f 356/1524/1714 317/1523/1714 357/1533/1714
f 316/1538/1758 357/1533/1758 317/1523/1758
f 316/1538/1758 317/1523/1758 315/1567/1758
f 316/1538/1759 315/1567/1759 311/1563/1759
f 313/1568/1760 311/1563/1760 315/1567/1760
f 312/1566/1761 311/1563/1761 313/1568/1761
f 312/1566/1761 313/1568/1761 314/1569/1761
f 314/1569/1757 322/1564/1757 312/1566/1757
f 321/1570/1762 322/1564/1762 314/1569/1762
f 323/1565/1762 322/1564/1762 321/1570/1762
f 314/1569/1763 313/1568/1763 321/1570/1763
f 320/1571/1764 313/1568/1764 315/1567/1764
f 320/1571/1763 321/1570/1763 313/1568/1763
f 326/1572/1765 321/1570/1765 320/1571/1765
f 318/1522/1713 315/1567/1713 317/1523/1713
f 320/1571/1764 315/1567/1764 318/1522/1764
f 320/1571/1711 318/1522/1711 328/1521/1711
f 326/1572/1766 320/1571/1766 328/1521/1766
f 330/1520/1710 326/1572/1710 328/1521/1710
f 326/1572/1767 323/1565/1767 321/1570/1767
f 327/1573/1768 323/1565/1768 326/1572/1768
f 330/1520/1769 327/1573/1769 326/1572/1769
f 331/1574/1769 327/1573/1769 330/1520/1769
f 508/1519/1770 331/1574/1770 330/1520/1770
f 509/1575/1770 331/1574/1770 508/1519/1770
f 383/1576/1771 509/1575/1771 508/1519/1771
f 269/1577/1772 509/1575/1772 383/1576/1772
f 267/1578/1773 269/1577/1773 383/1576/1773
f 267/1578/1774 260/1579/1774 269/1577/1774
f 261/1580/1774 269/1577/1774 260/1579/1774
f 269/1577/1775 261/1580/1775 270/1581/1775
f 269/1577/1772 270/1581/1772 509/1575/1772
f 270/1581/1776 271/1582/1776 509/1575/1776
f 331/1574/1776 509/1575/1776 271/1582/1776
f 271/1582/1777 329/1558/1777 331/1574/1777
f 327/1573/1777 331/1574/1777 329/1558/1777
f 329/1558/1778 325/1559/1778 327/1573/1778
f 323/1565/1778 327/1573/1778 325/1559/1778
f 325/1559/1779 295/1560/1779 323/1565/1779
f 251/1583/1780 253/1584/1780 257/1585/1780
f 258/1586/1780 257/1585/1780 253/1584/1780
f 253/1584/1781 266/1587/1781 258/1586/1781
f 258/1586/1782 266/1587/1782 261/1580/1782
f 266/1587/1782 265/1588/1782 261/1580/1782
f 265/1588/1783 270/1581/1783 261/1580/1783
f 265/1588/1784 272/1589/1784 270/1581/1784
f 272/1589/1785 271/1582/1785 270/1581/1785
f 272/1589/1786 277/1556/1786 271/1582/1786
f 271/1582/1786 277/1556/1786 329/1558/1786
f 265/1588/1787 266/1587/1787 272/1589/1787
f 253/1584/1781 256/1590/1781 266/1587/1781
f 256/1590/1788 255/1591/1788 274/1592/1788
f 256/1590/1789 274/1592/1789 266/1587/1789
f 266/1587/1789 274/1592/1789 273/1593/1789
f 273/1593/1787 272/1589/1787 266/1587/1787
f 273/1593/1790 275/1594/1790 272/1589/1790
f 275/1594/1790 277/1556/1790 272/1589/1790
f 275/1594/1791 282/1595/1791 277/1556/1791
f 285/1557/1791 277/1556/1791 282/1595/1791
f 282/1595/1792 284/1544/1792 285/1557/1792
f 286/1546/1792 285/1557/1792 284/1544/1792
f 274/1592/1793 276/1596/1793 273/1593/1793
f 274/1592/1794 281/1597/1794 276/1596/1794
f 281/1597/1795 274/1592/1795 255/1591/1795
f 279/1598/1794 276/1596/1794 281/1597/1794
f 290/1599/1796 287/1545/1796 296/1600/1796
f 284/1544/1797 296/1600/1797 287/1545/1797
f 296/1600/1797 284/1544/1797 283/1601/1797
f 278/1602/1798 283/1601/1798 284/1544/1798
f 282/1595/1798 278/1602/1798 284/1544/1798
f 282/1595/1799 275/1594/1799 278/1602/1799
f 276/1596/1793 275/1594/1793 273/1593/1793
f 276/1596/1799 278/1602/1799 275/1594/1799
f 276/1596/1800 279/1598/1800 278/1602/1800
f 280/1603/1800 278/1602/1800 279/1598/1800
f 278/1602/1801 280/1603/1801 283/1601/1801
f 302/1604/1802 283/1601/1802 280/1603/1802
f 301/1605/1803 283/1601/1803 302/1604/1803
f 301/1605/1803 296/1600/1803 283/1601/1803
f 300/1606/1804 296/1600/1804 301/1605/1804
f 300/1606/1805 297/1607/1805 296/1600/1805
f 290/1599/1796 296/1600/1796 297/1607/1796
f 290/1599/1806 297/1607/1806 299/1608/1806
f 298/1609/1806 290/1599/1806 299/1608/1806
f 300/1606/1807 303/1610/1807 297/1607/1807
f 299/1608/1808 297/1607/1808 303/1610/1808
f 303/1610/1809 60/1611/1809 299/1608/1809
f 59/1612/1810 299/1608/1810 60/1611/1810
f 59/1612/1811 47/1613/1811 299/1608/1811
f 298/1609/1811 299/1608/1811 47/1613/1811
f 294/1614/1812 298/1609/1812 47/1613/1812
f 298/1609/1813 294/1614/1813 290/1599/1813
f 290/1599/1813 294/1614/1813 289/1548/1813
f 289/1548/1737 287/1545/1737 290/1599/1737
f 294/1614/1814 293/1550/1814 289/1548/1814
f 293/1550/1815 294/1614/1815 49/1553/1815
f 46/1615/1816 49/1553/1816 294/1614/1816
f 47/1613/1812 46/1615/1812 294/1614/1812
f 261/1580/1817 260/1579/1817 258/1586/1817
f 257/1585/1817 258/1586/1817 260/1579/1817
f 257/1585/1818 260/1579/1818 259/1616/1818
f 259/1616/1819 249/1617/1819 257/1585/1819
f 251/1583/1819 257/1585/1819 249/1617/1819
f 252/1618/1820 251/1583/1820 249/1617/1820
f 252/1618/1821 254/1619/1821 251/1583/1821
f 254/1619/1821 253/1584/1821 251/1583/1821
f 254/1619/1822 255/1591/1822 253/1584/1822
f 256/1590/1823 253/1584/1823 255/1591/1823
f 250/1620/1820 252/1618/1820 249/1617/1820
f 262/1621/1824 260/1579/1824 267/1578/1824
f 259/1616/1818 260/1579/1818 262/1621/1818
f 259/1616/1825 262/1621/1825 242/1622/1825
f 249/1617/1826 259/1616/1826 242/1622/1826
f 249/1617/1826 242/1622/1826 243/1623/1826
f 250/1620/1827 249/1617/1827 243/1623/1827
f 248/1624/1828 250/1620/1828 243/1623/1828
f 243/1623/1829 246/1625/1829 248/1624/1829
f 240/1626/1829 246/1625/1829 243/1623/1829
f 240/1626/1830 245/1627/1830 246/1625/1830
f 242/1622/1831 240/1626/1831 243/1623/1831
f 383/1576/1771 508/1519/1771 382/1628/1771
f 384/1629/1832 383/1576/1832 382/1628/1832
f 267/1578/1773 383/1576/1773 384/1629/1773
f 268/1630/1833 267/1578/1833 384/1629/1833
f 262/1621/1824 267/1578/1824 268/1630/1824
f 262/1621/1834 268/1630/1834 263/1631/1834
f 263/1631/1825 242/1622/1825 262/1621/1825
f 242/1622/1835 263/1631/1835 238/1632/1835
f 242/1622/1831 238/1632/1831 240/1626/1831
f 238/1632/1836 237/1633/1836 240/1626/1836
f 241/1634/1836 240/1626/1836 237/1633/1836
f 241/1634/1837 237/1633/1837 244/1635/1837
f 236/1636/1837 244/1635/1837 237/1633/1837
f 241/1634/1838 245/1627/1838 240/1626/1838
f 241/1634/1839 247/1637/1839 245/1627/1839
f 244/1635/1840 247/1637/1840 241/1634/1840
f 244/1635/1841 129/1638/1841 247/1637/1841
f 128/1639/1842 129/1638/1842 244/1635/1842
f 130/1640/1843 128/1639/1843 244/1635/1843
f 130/1640/1843 244/1635/1843 236/1636/1843
f 228/1641/1844 130/1640/1844 236/1636/1844
f 236/1636/1845 237/1633/1845 228/1641/1845
f 229/1642/1845 228/1641/1845 237/1633/1845
f 143/1643/1846 227/1644/1846 226/1645/1846
f 143/1643/1847 232/1646/1847 227/1644/1847
f 232/1646/1848 233/1647/1848 227/1644/1848
f 232/1646/1849 231/1648/1849 233/1647/1849
f 233/1647/1850 231/1648/1850 264/1649/1850
f 264/1649/1851 231/1648/1851 239/1650/1851
f 229/1642/1852 239/1650/1852 231/1648/1852
f 230/1651/1853 229/1642/1853 231/1648/1853
f 230/1651/1853 228/1641/1853 229/1642/1853
f 230/1651/1854 141/1652/1854 228/1641/1854
f 131/1653/1855 228/1641/1855 141/1652/1855
f 131/1653/1844 130/1640/1844 228/1641/1844
f 141/1652/1856 230/1651/1856 142/1654/1856
f 232/1646/1849 230/1651/1849 231/1648/1849
f 232/1646/1857 142/1654/1857 230/1651/1857
f 143/1643/1847 142/1654/1847 232/1646/1847
f 229/1642/1858 237/1633/1858 238/1632/1858
f 239/1650/1858 229/1642/1858 238/1632/1858
f 239/1650/1835 238/1632/1835 263/1631/1835
f 239/1650/1859 263/1631/1859 264/1649/1859
f 387/1655/1859 264/1649/1859 263/1631/1859
f 388/1656/1860 264/1649/1860 387/1655/1860
f 388/1656/1861 387/1655/1861 386/1657/1861
f 388/1656/1862 386/1657/1862 235/1658/1862
f 221/1659/1862 235/1658/1862 386/1657/1862
f 235/1658/1863 221/1659/1863 220/1660/1863
f 386/1657/1864 219/1661/1864 221/1659/1864
f 385/1662/1865 381/1663/1865 219/1661/1865
f 386/1657/1864 385/1662/1864 219/1661/1864
f 387/1655/1866 385/1662/1866 386/1657/1866
f 384/1629/1867 382/1628/1867 381/1663/1867
f 385/1662/1865 384/1629/1865 381/1663/1865
f 268/1630/1833 384/1629/1833 385/1662/1833
f 387/1655/1866 268/1630/1866 385/1662/1866
f 263/1631/1834 268/1630/1834 387/1655/1834
f 221/1659/1868 219/1661/1868 220/1660/1868
f 222/1664/1868 220/1660/1868 219/1661/1868
f 219/1661/1869 381/1663/1869 222/1664/1869
f 222/1664/1869 381/1663/1869 380/1665/1869
f 381/1663/1870 382/1628/1870 380/1665/1870
f 382/1628/1871 378/1666/1871 380/1665/1871
f 382/1628/1872 508/1519/1872 378/1666/1872
f 378/1666/1872 508/1519/1872 335/1503/1872
f 508/1519/1709 332/1504/1709 335/1503/1709
f 332/1504/1691 334/1502/1691 335/1503/1691
f 378/1666/1692 335/1503/1692 341/1495/1692
f 341/1495/1873 379/1496/1873 378/1666/1873
f 380/1665/1873 378/1666/1873 379/1496/1873
f 379/1496/1874 223/1497/1874 380/1665/1874
f 222/1664/1874 380/1665/1874 223/1497/1874
f 222/1664/1875 223/1497/1875 213/1667/1875
f 220/1660/1876 222/1664/1876 213/1667/1876
f 213/1667/1877 224/1668/1877 220/1660/1877
f 224/1668/1863 235/1658/1863 220/1660/1863
f 234/1669/1878 235/1658/1878 224/1668/1878
f 235/1658/1879 234/1669/1879 388/1656/1879
f 233/1647/1879 388/1656/1879 234/1669/1879
f 233/1647/1880 264/1649/1880 388/1656/1880
f 214/1670/1881 224/1668/1881 213/1667/1881
f 214/1670/1882 225/1671/1882 224/1668/1882
f 225/1671/1878 234/1669/1878 224/1668/1878
f 213/1667/1685 223/1497/1685 212/1498/1685
f 214/1670/1883 213/1667/1883 212/1498/1883
f 211/1672/1883 214/1670/1883 212/1498/1883
f 215/1673/1884 214/1670/1884 211/1672/1884
f 215/1673/1885 225/1671/1885 214/1670/1885
f 215/1673/1886 226/1645/1886 225/1671/1886
f 226/1645/1887 227/1644/1887 225/1671/1887
f 227/1644/1887 234/1669/1887 225/1671/1887
f 234/1669/1848 227/1644/1848 233/1647/1848
f 204/1674/1888 376/1490/1888 202/1479/1888
f 204/1674/1888 212/1498/1888 376/1490/1888
f 204/1674/1889 207/1675/1889 212/1498/1889
f 211/1672/1889 212/1498/1889 207/1675/1889
f 207/1675/1890 210/1676/1890 211/1672/1890
f 210/1676/1891 215/1673/1891 211/1672/1891
f 216/1677/1892 215/1673/1892 210/1676/1892
f 216/1677/1886 226/1645/1886 215/1673/1886
f 216/1677/1893 144/1678/1893 226/1645/1893
f 144/1678/1846 143/1643/1846 226/1645/1846
f 146/1679/1894 144/1678/1894 216/1677/1894
f 217/1680/1892 216/1677/1892 210/1676/1892
f 217/1680/1895 146/1679/1895 216/1677/1895
f 150/1681/1896 146/1679/1896 217/1680/1896
f 150/1681/1897 217/1680/1897 151/1682/1897
f 406/1683/1898 165/1684/1898 488/1685/1898
f 164/1686/1899 488/1685/1899 165/1684/1899
f 164/1686/1900 151/1682/1900 488/1685/1900
f 218/1687/1900 488/1685/1900 151/1682/1900
f 218/1687/1897 151/1682/1897 217/1680/1897
f 218/1687/1901 217/1680/1901 208/1688/1901
f 210/1676/1901 208/1688/1901 217/1680/1901
f 210/1676/1890 207/1675/1890 208/1688/1890
f 207/1675/1902 206/1689/1902 208/1688/1902
f 204/1674/1903 206/1689/1903 207/1675/1903
f 206/1689/1903 204/1674/1903 205/1690/1903
f 209/1691/1902 208/1688/1902 206/1689/1902
f 209/1691/1904 488/1685/1904 208/1688/1904
f 218/1687/1904 208/1688/1904 488/1685/1904
f 204/1674/1905 202/1479/1905 203/1478/1905
f 205/1690/1905 204/1674/1905 203/1478/1905
f 205/1690/1906 203/1478/1906 371/1483/1906
f 205/1690/1907 371/1483/1907 370/1692/1907
f 369/1693/1908 205/1690/1908 370/1692/1908
f 369/1693/1908 206/1689/1908 205/1690/1908
f 405/1694/1909 206/1689/1909 369/1693/1909
f 405/1694/1910 209/1691/1910 206/1689/1910
f 405/1694/1911 406/1683/1911 209/1691/1911
f 488/1685/1912 209/1691/1912 406/1683/1912
f 168/1695/1913 424/445/1913 167/1696/1913
f 168/1695/1914 167/1696/1914 166/1697/1914
f 166/1697/1914 167/1696/1914 161/1698/1914
f 166/1697/1915 161/1698/1915 163/1699/1915
f 163/1699/1916 161/1698/1916 160/1700/1916
f 160/1700/1917 161/1698/1917 153/1701/1917
f 153/1701/1918 159/1702/1918 160/1700/1918
f 152/1703/1918 159/1702/1918 153/1701/1918
f 152/1703/1919 151/1704/1919 159/1702/1919
f 149/1705/1920 151/1704/1920 152/1703/1920
f 150/1706/1920 151/1704/1920 149/1705/1920
f 146/1707/1921 150/1706/1921 149/1705/1921
f 152/1703/1922 153/1701/1922 149/1705/1922
f 164/1708/1919 159/1702/1919 151/1704/1919
f 165/1709/1923 159/1702/1923 164/1708/1923
f 162/1710/1924 159/1702/1924 165/1709/1924
f 162/1710/1925 160/1700/1925 159/1702/1925
f 163/1699/1926 160/1700/1926 162/1710/1926
f 145/1711/1927 144/1712/1927 146/1707/1927
f 149/1705/1928 145/1711/1928 146/1707/1928
f 148/1713/1929 145/1711/1929 149/1705/1929
f 148/1713/1922 149/1705/1922 153/1701/1922
f 148/1713/1930 153/1701/1930 154/435/1930
f 154/435/1917 153/1701/1917 161/1698/1917
f 156/436/1931 154/435/1931 161/1698/1931
f 156/436/1932 161/1698/1932 167/1696/1932
f 167/1696/536 169/443/536 156/436/536
f 424/445/1933 169/443/1933 167/1696/1933
f 120/425/1934 122/1714/1934 134/1715/1934
f 120/425/518 134/1715/518 135/426/518
f 135/426/1935 134/1715/1935 143/1716/1935
f 137/432/1936 135/426/1936 143/1716/1936
f 137/432/1936 143/1716/1936 144/1712/1936
f 145/1711/1937 137/432/1937 144/1712/1937
f 140/433/527 137/432/527 145/1711/527
f 148/1713/1929 140/433/1929 145/1711/1929
f 147/434/1938 140/433/1938 148/1713/1938
f 147/434/1930 148/1713/1930 154/435/1930
f 134/1715/1935 142/1717/1935 143/1716/1935
f 142/1717/1939 133/1718/1939 141/1719/1939
f 134/1715/1940 133/1718/1940 142/1717/1940
f 134/1715/1934 122/1714/1934 133/1718/1934
f 114/412/520 121/424/520 138/423/520
f 114/412/1941 113/411/1941 121/424/1941
f 113/411/1941 120/425/1941 121/424/1941
f 113/411/1942 117/410/1942 120/425/1942
f 117/410/1943 122/1714/1943 120/425/1943
f 117/410/1944 118/1720/1944 122/1714/1944
f 118/1720/1945 123/1721/1945 122/1714/1945
f 122/1714/1946 123/1721/1946 133/1718/1946
f 132/1722/1947 133/1718/1947 123/1721/1947
f 133/1718/1948 132/1722/1948 141/1719/1948
f 141/1719/1949 132/1722/1949 131/1723/1949
f 130/1724/1950 131/1723/1950 132/1722/1950
f 130/1724/1951 125/389/1951 128/391/1951
f 125/389/1951 130/1724/1951 126/393/1951
f 132/1722/1950 126/393/1950 130/1724/1950
f 132/1722/1952 124/394/1952 126/393/1952
f 124/394/1952 132/1722/1952 123/1721/1952
f 124/394/1953 123/1721/1953 119/395/1953
f 118/1720/1953 119/395/1953 123/1721/1953
f 119/395/495 118/1720/495 95/396/495
f 95/396/1954 118/1720/1954 117/410/1954
f 96/399/1954 95/396/1954 117/410/1954
f 1467/282/1955 1469/1725/1955 1470/1726/1955
f 1464/278/1956 1468/276/1956 1467/282/1956
f 1469/1725/1957 1467/282/1957 1468/276/1957
f 1469/1725/1958 1468/276/1958 1472/279/1958
f 1469/1725/1959 1472/279/1959 1477/1727/1959
f 1477/1727/1960 1472/279/1960 1476/268/1960
f 1477/1727/1961 1476/268/1961 1478/1728/1961
f 1478/1728/1962 1476/268/1962 1810/267/1962
f 1478/1728/1963 1810/267/1963 1571/1729/1963
f 1808/1730/1964 1571/1729/1964 1810/267/1964
f 1571/1729/1965 1808/1730/1965 1556/1731/1965
f 1570/1732/1966 1478/1728/1966 1571/1729/1966
f 1478/1728/1967 1570/1732/1967 1479/1733/1967
f 1570/1732/1968 1569/1734/1968 1479/1733/1968
f 1480/1735/1969 1479/1733/1969 1569/1734/1969
f 1480/1735/1970 1569/1734/1970 1481/1736/1970
f 1470/1726/1971 1480/1735/1971 1481/1736/1971
f 1470/1726/1972 1471/1737/1972 1480/1735/1972
f 1471/1737/1973 1470/1726/1973 1469/1725/1973
f 1471/1737/1974 1469/1725/1974 1477/1727/1974
f 1471/1737/1975 1477/1727/1975 1480/1735/1975
f 1479/1733/1976 1480/1735/1976 1477/1727/1976
f 1479/1733/1977 1477/1727/1977 1478/1728/1977
f 1557/1738/1978 1571/1729/1978 1556/1731/1978
f 1557/1738/1979 1570/1732/1979 1571/1729/1979
f 1557/1738/1980 1552/1739/1980 1570/1732/1980
f 1569/1734/1981 1570/1732/1981 1552/1739/1981
f 1569/1734/1982 1552/1739/1982 1568/1740/1982
f 1568/1740/1983 1481/1736/1983 1569/1734/1983
f 1481/1736/1984 1568/1740/1984 1453/1741/1984
f 1481/1736/1985 1453/1741/1985 1470/1726/1985
f 1450/1742/1986 1470/1726/1986 1453/1741/1986
f 1470/1726/1987 1450/1742/1987 1467/282/1987
f 1465/281/1988 1467/282/1988 1450/1742/1988
f 1450/1742/1989 1452/289/1989 1465/281/1989
f 1452/289/1990 1450/1742/1990 1451/1048/1990
f 1453/1741/1991 1451/1048/1991 1450/1742/1991
f 1453/1741/1992 1542/1049/1992 1451/1048/1992
f 1542/1049/1993 1453/1741/1993 1568/1740/1993
f 1568/1740/1994 1550/1057/1994 1542/1049/1994
f 1550/1057/1995 1568/1740/1995 1552/1739/1995
f 1552/1739/1996 1551/1062/1996 1550/1057/1996
f 1552/1739/1997 1557/1738/1997 1551/1062/1997
f 1555/1059/1998 1551/1062/1998 1557/1738/1998
f 1555/1059/1999 1557/1738/1999 1556/1731/1999
f 1556/1731/2000 1554/1060/2000 1555/1059/2000
f 1824/1743/2001 1554/1060/2001 1556/1731/2001
f 1824/1743/2002 1823/1744/2002 1554/1060/2002
f 1824/1743/2003 1826/1745/2003 1823/1744/2003
f 1826/1745/2004 1825/1746/2004 1823/1744/2004
f 1826/1745/2005 2327/1747/2005 1825/1746/2005
f 2327/1747/2006 2326/1748/2006 1825/1746/2006
f 2327/1747/2007 2347/1749/2007 2326/1748/2007
f 2371/1750/2008 2326/1748/2008 2347/1749/2008
f 1809/1751/2009 1556/1731/2009 1808/1730/2009
f 1824/1743/2010 1556/1731/2010 1809/1751/2010
f 1836/1752/2011 1824/1743/2011 1809/1751/2011
f 1826/1745/2012 1824/1743/2012 1836/1752/2012
f 1837/1753/2013 1826/1745/2013 1836/1752/2013
f 1826/1745/2014 1837/1753/2014 2327/1747/2014
f 2350/1754/2015 2327/1747/2015 1837/1753/2015
f 2350/1754/2016 2347/1749/2016 2327/1747/2016
f 2350/1754/2017 2348/1755/2017 2347/1749/2017
f 2340/1756/2018 2347/1749/2018 2348/1755/2018
f 2277/781/2019 2281/1757/2019 2282/782/2019
f 2277/781/2020 2338/1758/2020 2281/1757/2020
f 2277/781/2021 2333/1759/2021 2338/1758/2021
f 2333/1759/2022 2337/1760/2022 2338/1758/2022
f 2333/1759/2023 2335/1761/2023 2337/1760/2023
f 2335/1761/2024 2342/1762/2024 2337/1760/2024
f 2335/1761/2025 2341/1763/2025 2342/1762/2025
f 2341/1763/2026 2340/1756/2026 2342/1762/2026
f 2341/1763/2027 2339/1764/2027 2340/1756/2027
f 2340/1756/2028 2339/1764/2028 2347/1749/2028
f 2371/1750/2029 2347/1749/2029 2339/1764/2029
f 2339/1764/2030 2344/1765/2030 2371/1750/2030
f 2344/1765/2031 2339/1764/2031 2343/1766/2031
f 2341/1763/2032 2343/1766/2032 2339/1764/2032
f 2343/1766/2033 2341/1763/2033 2336/1767/2033
f 2335/1761/2034 2336/1767/2034 2341/1763/2034
f 2336/1767/2035 2335/1761/2035 2334/1768/2035
f 2333/1759/2036 2334/1768/2036 2335/1761/2036
f 2334/1768/2037 2333/1759/2037 2279/780/2037
f 2277/781/2038 2279/780/2038 2333/1759/2038
f 2372/1769/2039 2371/1750/2039 2344/1765/2039
f 2372/1769/2040 2328/1770/2040 2371/1750/2040
f 2326/1748/2041 2371/1750/2041 2328/1770/2041
f 2326/1748/2042 2328/1770/2042 1827/1771/2042
f 1827/1771/2043 1825/1746/2043 2326/1748/2043
f 1825/1746/2044 1827/1771/2044 1822/1772/2044
f 1823/1744/2045 1825/1746/2045 1822/1772/2045
f 1823/1744/2046 1822/1772/2046 1558/1773/2046
f 1823/1744/2047 1558/1773/2047 1554/1060/2047
f 1554/1060/2048 1558/1773/2048 1559/1058/2048
f 1383/1774/2049 1439/1775/2049 1319/1776/2049
f 1091/1777/2050 1095/1778/2050 1096/1779/2050
f 1095/1778/2051 1091/1777/2051 1094/1780/2051
f 1095/1778/2052 1094/1780/2052 1433/1781/2052
f 1434/1782/2053 1433/1781/2053 1094/1780/2053
f 1433/1781/2054 1434/1782/2054 1438/1783/2054
f 1436/1784/2055 1438/1783/2055 1434/1782/2055
f 1436/1784/2056 1439/1775/2056 1438/1783/2056
f 1436/1784/2057 1440/1785/2057 1439/1775/2057
f 1440/1785/2058 1319/1776/2058 1439/1775/2058
f 1320/1786/2059 1319/1776/2059 1440/1785/2059
f 1091/1777/2060 1089/1787/2060 1090/1788/2060
f 1091/1777/2061 1090/1788/2061 1094/1780/2061
f 1094/1780/2062 1090/1788/2062 1093/1789/2062
f 1094/1780/2063 1093/1789/2063 1434/1782/2063
f 1435/1790/2064 1434/1782/2064 1093/1789/2064
f 1434/1782/2065 1435/1790/2065 1436/1784/2065
f 1437/1791/2066 1436/1784/2066 1435/1790/2066
f 1437/1791/2067 1440/1785/2067 1436/1784/2067
f 1437/1791/2068 1449/1792/2068 1440/1785/2068
f 1449/1792/2069 1320/1786/2069 1440/1785/2069
f 1449/1792/2070 1322/1793/2070 1320/1786/2070
f 1100/1794/2071 1089/1787/2071 1998/1795/2071
f 1100/1794/2072 1098/1796/2072 1089/1787/2072
f 1090/1788/2073 1089/1787/2073 1098/1796/2073
f 1099/1797/2074 1090/1788/2074 1098/1796/2074
f 1090/1788/2075 1099/1797/2075 1093/1789/2075
f 1093/1789/2076 1099/1797/2076 1113/1798/2076
f 1093/1789/2077 1113/1798/2077 1435/1790/2077
f 1447/1799/2078 1435/1790/2078 1113/1798/2078
f 1435/1790/2079 1447/1799/2079 1437/1791/2079
f 1448/1800/2080 1437/1791/2080 1447/1799/2080
f 1343/1801/2081 1338/1802/2081 1342/1803/2081
f 1343/1801/2082 1342/1803/2082 1448/1800/2082
f 1343/1801/2083 1448/1800/2083 1345/1804/2083
f 1447/1799/2084 1345/1804/2084 1448/1800/2084
f 1114/364/2085 1113/1798/2085 1099/1797/2085
f 1113/1798/2086 1114/364/2086 1074/358/2086
f 1113/1798/2087 1074/358/2087 1447/1799/2087
f 1345/1804/2088 1447/1799/2088 1074/358/2088
f 1345/1804/2089 1074/358/2089 1344/352/2089
f 1345/1804/2090 1344/352/2090 1343/1801/2090
f 1340/353/2091 1343/1801/2091 1344/352/2091
f 1340/353/2092 1338/1802/2092 1343/1801/2092
f 1340/353/2093 1339/344/2093 1338/1802/2093
f 1337/346/2094 1338/1802/2094 1339/344/2094
f 1448/1800/2095 1449/1792/2095 1437/1791/2095
f 1448/1800/2096 1342/1803/2096 1449/1792/2096
f 1342/1803/2097 1322/1793/2097 1449/1792/2097
f 1342/1803/2098 1338/1802/2098 1322/1793/2098
f 1324/1805/2099 1322/1793/2099 1338/1802/2099
f 1338/1802/2100 1337/346/2100 1324/1805/2100
f 1334/1806/2101 1324/1805/2101 1337/346/2101
f 1337/346/2102 1335/347/2102 1334/1806/2102
f 1336/337/2103 1334/1806/2103 1335/347/2103
f 1336/337/2104 1335/347/2104 1425/341/2104
f 1320/1786/2105 1318/1807/2105 1319/1776/2105
f 1320/1786/2106 1322/1793/2106 1318/1807/2106
f 1323/1808/2107 1318/1807/2107 1322/1793/2107
f 1322/1793/2108 1324/1805/2108 1323/1808/2108
f 1325/1809/2109 1323/1808/2109 1324/1805/2109
f 1324/1805/2110 1334/1806/2110 1325/1809/2110
f 1363/1810/2111 1325/1809/2111 1334/1806/2111
f 1350/1811/2112 1363/1810/2112 1334/1806/2112
f 1350/1811/2113 1334/1806/2113 1336/337/2113
f 1349/332/2114 1350/1811/2114 1336/337/2114
f 1321/1812/2115 1319/1776/2115 1318/1807/2115
f 1387/1813/2116 1319/1776/2116 1321/1812/2116
f 1383/1774/2117 1319/1776/2117 1387/1813/2117
f 1387/1813/2118 1384/1814/2118 1383/1774/2118
f 1387/1813/2119 1388/1815/2119 1384/1814/2119
f 1389/1816/2120 1384/1814/2120 1388/1815/2120
f 1388/1815/2121 2111/1817/2121 1389/1816/2121
f 1388/1815/2122 1401/1818/2122 2111/1817/2122
f 2134/1819/2123 2111/1817/2123 1401/1818/2123
f 2134/1819/2124 2132/1820/2124 2111/1817/2124
f 1400/1821/2125 1387/1813/2125 1321/1812/2125
f 1388/1815/2126 1387/1813/2126 1400/1821/2126
f 1401/1818/2127 1388/1815/2127 1400/1821/2127
f 2132/1820/2128 2125/1822/2128 2133/1823/2128
f 2133/1823/2129 2111/1817/2129 2132/1820/2129
f 2111/1817/2130 2133/1823/2130 2110/1824/2130
f 2111/1817/2131 2110/1824/2131 1389/1816/2131
f 1389/1816/2132 2110/1824/2132 1390/1825/2132
f 1389/1816/2133 1390/1825/2133 1386/1826/2133
f 1384/1814/2134 1389/1816/2134 1386/1826/2134
f 1384/1814/2135 1386/1826/2135 1385/1827/2135
f 1385/1827/2136 1383/1774/2136 1384/1814/2136
f 1385/1827/2137 1441/1828/2137 1383/1774/2137
f 1439/1775/2138 1383/1774/2138 1441/1828/2138
f 1438/1783/2139 1439/1775/2139 1441/1828/2139
f 2110/1824/2140 2112/1829/2140 1390/1825/2140
f 2110/1824/2141 2155/1830/2141 2112/1829/2141
f 2110/1824/2142 2133/1823/2142 2155/1830/2142
f 2155/1830/2143 2133/1823/2143 2126/1831/2143
f 2125/1822/2144 2126/1831/2144 2133/1823/2144
f 2126/1831/2145 2125/1822/2145 2124/1832/2145
f 2125/1822/2146 2123/1833/2146 2124/1832/2146
f 2124/1832/2147 2123/1833/2147 2119/1834/2147
f 2123/1833/2148 2122/1835/2148 2119/1834/2148
f 2119/1834/2149 2122/1835/2149 2117/1836/2149
f 2117/1836/2150 2118/1837/2150 2119/1834/2150
f 2118/1837/2151 2117/1836/2151 2062/1838/2151
f 2063/1839/2152 2061/1840/2152 2062/1838/2152
f 2063/1839/2153 2062/1838/2153 2117/1836/2153
f 2117/1836/2154 2121/1841/2154 2063/1839/2154
f 2122/1835/2155 2121/1841/2155 2117/1836/2155
f 2121/1841/2156 2122/1835/2156 2130/1842/2156
f 2157/1843/2157 2130/1842/2157 2122/1835/2157
f 2123/1833/2158 2157/1843/2158 2122/1835/2158
f 2131/1844/2159 2157/1843/2159 2123/1833/2159
f 2131/1844/2160 2123/1833/2160 2125/1822/2160
f 2132/1820/2161 2131/1844/2161 2125/1822/2161
f 2130/1842/2162 2129/1845/2162 2121/1841/2162
f 2066/1846/2163 2121/1841/2163 2129/1845/2163
f 2121/1841/2154 2066/1846/2154 2063/1839/2154
f 2066/1846/2164 2065/1847/2164 2063/1839/2164
f 2061/1840/2164 2063/1839/2164 2065/1847/2164
f 2061/1840/2165 2065/1847/2165 2067/1848/2165
f 2061/1840/2166 2067/1848/2166 2068/1849/2166
f 2067/1848/2167 2071/1850/2167 2068/1849/2167
f 2070/1851/2168 2068/1849/2168 2071/1850/2168
f 2072/1852/2169 2070/1851/2169 2071/1850/2169
f 2072/1852/2170 2071/1850/2170 2108/1853/2170
f 2108/1853/2171 2071/1850/2171 2109/1854/2171
f 2071/1850/2172 2067/1848/2172 2109/1854/2172
f 2077/1855/2173 2109/1854/2173 2067/1848/2173
f 2077/1855/2174 2067/1848/2174 2076/1856/2174
f 2065/1847/2175 2076/1856/2175 2067/1848/2175
f 2076/1856/2176 2065/1847/2176 2078/1857/2176
f 2066/1846/2177 2078/1857/2177 2065/1847/2177
f 2129/1845/2178 2078/1857/2178 2066/1846/2178
f 1286/980/2179 1293/978/2179 1289/976/2179
f 1294/1858/2180 1293/978/2180 1286/980/2180
f 1285/1859/2181 1294/1858/2181 1286/980/2181
f 1295/1860/2182 1294/1858/2182 1285/1859/2182
f 1295/1860/2183 1285/1859/2183 2054/1861/2183
f 1295/1860/2184 2054/1861/2184 2106/1862/2184
f 2054/1861/2185 2105/1863/2185 2106/1862/2185
f 2107/1864/2186 2106/1862/2186 2105/1863/2186
f 2072/1852/2187 2107/1864/2187 2105/1863/2187
f 2107/1864/2188 2072/1852/2188 2108/1853/2188
f 2073/1865/2189 2070/1851/2189 2072/1852/2189
f 2072/1852/2190 2105/1863/2190 2073/1865/2190
f 2103/1866/2191 2073/1865/2191 2105/1863/2191
f 2105/1863/2192 2055/1867/2192 2103/1866/2192
f 2055/1867/2193 2105/1863/2193 2054/1861/2193
f 2055/1867/2194 2054/1861/2194 1287/1868/2194
f 1285/1859/2195 1287/1868/2195 2054/1861/2195
f 1287/1868/2196 1285/1859/2196 1284/1869/2196
f 1286/980/2197 1284/1869/2197 1285/1859/2197
f 1284/1869/2198 1286/980/2198 1288/979/2198
f 1670/1870/2199 1671/981/2199 1675/989/2199
f 1671/981/2200 1670/1870/2200 1288/979/2200
f 1290/1871/2201 1288/979/2201 1670/1870/2201
f 1288/979/2202 1290/1871/2202 1284/1869/2202
f 1284/1869/2203 1290/1871/2203 1291/1872/2203
f 1291/1872/2204 1287/1868/2204 1284/1869/2204
f 1287/1868/2205 1291/1872/2205 1292/1873/2205
f 1287/1868/2206 1292/1873/2206 2055/1867/2206
f 2056/1874/2207 2055/1867/2207 1292/1873/2207
f 2055/1867/2208 2056/1874/2208 2103/1866/2208
f 2104/1875/2209 2103/1866/2209 2056/1874/2209
f 2104/1875/2210 2075/1876/2210 2103/1866/2210
f 2073/1865/2211 2103/1866/2211 2075/1876/2211
f 2074/1877/2212 2073/1865/2212 2075/1876/2212
f 2073/1865/2213 2074/1877/2213 2070/1851/2213
f 2074/1877/2214 2069/1878/2214 2070/1851/2214
f 2068/1849/2215 2070/1851/2215 2069/1878/2215
f 2064/1879/2216 2068/1849/2216 2069/1878/2216
f 2064/1879/2217 2061/1840/2217 2068/1849/2217
f 2064/1879/2218 2062/1838/2218 2061/1840/2218
f 1016/1880/2219 1062/1881/2219 1004/1882/2219
f 1054/1883/2220 1062/1881/2220 1061/1884/2220
f 1057/1885/2220 1062/1881/2220 1054/1883/2220
f 1057/1885/2219 1004/1882/2219 1062/1881/2219
f 1004/1882/2221 1057/1885/2221 1005/1886/2221
f 1056/1887/2221 1005/1886/2221 1057/1885/2221
f 1057/1885/2221 1054/1883/2221 1056/1887/2221
f 1055/1888/2221 1056/1887/2221 1054/1883/2221
f 1054/1883/2221 1052/1889/2221 1055/1888/2221
f 1052/1889/2221 1054/1883/2221 1053/1890/2221
f 1053/1890/2221 1050/1891/2221 1052/1889/2221
f 1051/1892/2221 1052/1889/2221 1050/1891/2221
f 1051/1892/2221 1050/1891/2221 1049/1893/2221
f 1048/1894/2221 1049/1893/2221 1050/1891/2221
f 1049/1893/2221 1048/1894/2221 869/1895/2221
f 867/1896/2221 869/1895/2221 868/1897/2221
f 870/1898/2221 868/1897/2221 869/1895/2221
f 870/1898/2221 869/1895/2221 1048/1894/2221
f 1048/1894/2222 1058/1899/2222 870/1898/2222
f 1058/1899/2223 1048/1894/2223 1059/1900/2223
f 1050/1891/2223 1059/1900/2223 1048/1894/2223
f 1059/1900/2224 1050/1891/2224 1060/1901/2224
f 1053/1890/2224 1060/1901/2224 1050/1891/2224
f 1060/1901/2225 1053/1890/2225 1061/1884/2225
f 1054/1883/2225 1061/1884/2225 1053/1890/2225
f 873/1902/2226 872/1903/2226 864/1904/2226
f 864/1904/2227 865/1905/2227 873/1902/2227
f 874/1906/2227 873/1902/2227 865/1905/2227
f 865/1905/2228 868/1897/2228 874/1906/2228
f 875/1907/2228 874/1906/2228 868/1897/2228
f 868/1897/2229 870/1898/2229 875/1907/2229
f 876/1908/2229 875/1907/2229 870/1898/2229
f 876/1908/2222 870/1898/2222 1058/1899/2222
f 826/1909/2230 818/1910/2230 871/1911/2230
f 818/1910/2230 859/1912/2230 871/1911/2230
f 871/1911/2231 859/1912/2231 872/1903/2231
f 859/1912/2231 862/1913/2231 872/1903/2231
f 862/1913/2226 864/1904/2226 872/1903/2226
f 864/1904/2221 862/1913/2221 863/1914/2221
f 864/1904/2221 863/1914/2221 865/1905/2221
f 866/1915/2221 865/1905/2221 863/1914/2221
f 866/1915/2221 867/1896/2221 865/1905/2221
f 868/1897/2221 865/1905/2221 867/1896/2221
f 815/1916/2221 814/1917/2221 812/1918/2221
f 815/1916/2221 816/1919/2221 814/1917/2221
f 816/1919/2221 815/1916/2221 817/1920/2221
f 817/1920/2221 818/1910/2221 816/1919/2221
f 818/1910/2221 817/1920/2221 819/1921/2221
f 859/1912/2221 818/1910/2221 819/1921/2221
f 859/1912/2221 819/1921/2221 860/1922/2221
f 859/1912/2221 860/1922/2221 862/1913/2221
f 862/1913/2221 860/1922/2221 861/1923/2221
f 861/1923/2221 863/1914/2221 862/1913/2221
f 807/1924/2221 809/1925/2221 810/1926/2221
f 811/1927/2221 810/1926/2221 809/1925/2221
f 811/1927/2221 812/1918/2221 810/1926/2221
f 813/1928/2221 810/1926/2221 812/1918/2221
f 812/1918/2221 814/1917/2221 813/1928/2221
f 814/1917/2232 824/1929/2232 813/1928/2232
f 824/1929/2233 814/1917/2233 825/1930/2233
f 814/1917/2233 816/1919/2233 825/1930/2233
f 825/1930/2234 816/1919/2234 826/1909/2234
f 816/1919/2234 818/1910/2234 826/1909/2234
f 823/1931/2232 813/1928/2232 824/1929/2232
f 823/1931/2235 822/1932/2235 813/1928/2235
f 810/1926/2235 813/1928/2235 822/1932/2235
f 822/1932/2236 821/1933/2236 810/1926/2236
f 807/1924/2236 810/1926/2236 821/1933/2236
f 821/1933/2237 820/1934/2237 807/1924/2237
f 808/1935/2237 807/1924/2237 820/1934/2237
f 820/1934/2238 924/1936/2238 808/1935/2238
f 922/1937/2239 912/1938/2239 914/1939/2239
f 923/1940/2240 922/1937/2240 914/1939/2240
f 923/1940/2240 914/1939/2240 915/1941/2240
f 924/1936/2241 923/1940/2241 915/1941/2241
f 915/1941/2241 917/1942/2241 924/1936/2241
f 917/1942/2238 808/1935/2238 924/1936/2238
f 917/1942/2221 918/1943/2221 808/1935/2221
f 806/1944/2221 808/1935/2221 918/1943/2221
f 808/1935/2221 806/1944/2221 807/1924/2221
f 809/1925/2221 807/1924/2221 806/1944/2221
f 912/1938/2221 908/1945/2221 911/1946/2221
f 911/1946/2221 913/1947/2221 912/1938/2221
f 914/1939/2221 912/1938/2221 913/1947/2221
f 914/1939/2221 913/1947/2221 915/1941/2221
f 916/1948/2221 915/1941/2221 913/1947/2221
f 915/1941/2221 916/1948/2221 917/1942/2221
f 918/1943/2221 917/1942/2221 916/1948/2221
f 963/1949/2221 962/1950/2221 960/1951/2221
f 963/1949/2221 964/1952/2221 962/1950/2221
f 965/1953/2221 962/1950/2221 964/1952/2221
f 964/1952/2221 910/1954/2221 965/1953/2221
f 907/1955/2221 965/1953/2221 910/1954/2221
f 910/1954/2221 908/1945/2221 907/1955/2221
f 909/1956/2221 907/1955/2221 908/1945/2221
f 909/1956/2221 908/1945/2221 912/1938/2221
f 921/1957/2242 909/1956/2242 912/1938/2242
f 922/1937/2239 921/1957/2239 912/1938/2239
f 969/1958/2243 968/1959/2243 961/1960/2243
f 961/1960/2244 962/1950/2244 969/1958/2244
f 970/1961/2244 969/1958/2244 962/1950/2244
f 962/1950/2245 965/1953/2245 970/1961/2245
f 971/1962/2245 970/1961/2245 965/1953/2245
f 965/1953/2246 907/1955/2246 971/1962/2246
f 919/1963/2246 971/1962/2246 907/1955/2246
f 920/1964/2247 919/1963/2247 907/1955/2247
f 920/1964/2247 907/1955/2247 909/1956/2247
f 921/1957/2242 920/1964/2242 909/1956/2242
f 1021/1965/2248 1012/1966/2248 1014/1967/2248
f 1014/1967/2249 967/1968/2249 1021/1965/2249
f 967/1968/2249 1014/1967/2249 956/1969/2249
f 956/1969/2250 966/1970/2250 967/1968/2250
f 966/1970/2250 956/1969/2250 955/1971/2250
f 968/1959/2251 966/1970/2251 955/1971/2251
f 968/1959/2251 955/1971/2251 958/1972/2251
f 958/1972/2243 961/1960/2243 968/1959/2243
f 961/1960/2221 958/1972/2221 960/1951/2221
f 960/1951/2221 962/1950/2221 961/1960/2221
f 954/1973/2221 956/1969/2221 1015/1974/2221
f 956/1969/2221 954/1973/2221 955/1971/2221
f 957/1975/2221 955/1971/2221 954/1973/2221
f 955/1971/2221 957/1975/2221 958/1972/2221
f 959/1976/2221 958/1972/2221 957/1975/2221
f 959/1976/2221 960/1951/2221 958/1972/2221
f 1006/1977/2221 1005/1886/2221 1007/1978/2221
f 1006/1977/2221 1007/1978/2221 1009/1979/2221
f 1009/1979/2221 1007/1978/2221 1008/1980/2221
f 1008/1980/2221 1010/1981/2221 1009/1979/2221
f 1011/1982/2221 1009/1979/2221 1010/1981/2221
f 1011/1982/2221 1010/1981/2221 1012/1966/2221
f 1013/1983/2221 1012/1966/2221 1010/1981/2221
f 1012/1966/2221 1013/1983/2221 1014/1967/2221
f 1015/1974/2221 1014/1967/2221 1013/1983/2221
f 1014/1967/2221 1015/1974/2221 956/1969/2221
f 1006/1977/2221 1004/1882/2221 1005/1886/2221
f 1004/1882/2252 1006/1977/2252 1016/1880/2252
f 1017/1984/2252 1016/1880/2252 1006/1977/2252
f 1006/1977/2253 1009/1979/2253 1017/1984/2253
f 1018/1985/2253 1017/1984/2253 1009/1979/2253
f 1009/1979/2254 1011/1982/2254 1018/1985/2254
f 1019/1986/2254 1018/1985/2254 1011/1982/2254
f 1011/1982/2255 1020/1987/2255 1019/1986/2255
f 1012/1966/2255 1020/1987/2255 1011/1982/2255
f 1012/1966/2248 1021/1965/2248 1020/1987/2248
f 1990/1988/2256 1991/1989/2256 1992/1990/2256
f 1991/1989/2257 1990/1988/2257 1987/1991/2257
f 1990/1988/2258 1988/1992/2258 1987/1991/2258
f 1989/1993/2259 1987/1991/2259 1988/1992/2259
f 2035/1994/2260 1986/1995/2260 2036/1996/2260
f 1985/1997/2261 2036/1996/2261 1986/1995/2261
f 1981/1998/2262 1985/1997/2262 1986/1995/2262
f 1982/1999/2263 1981/1998/2263 1986/1995/2263
f 1983/2000/2264 1981/1998/2264 1982/1999/2264
f 1984/2001/2265 1983/2000/2265 1982/1999/2265
f 1993/2002/2266 1983/2000/2266 1984/2001/2266
f 1994/2003/2267 1993/2002/2267 1984/2001/2267
f 1991/1989/2268 1993/2002/2268 1994/2003/2268
f 1992/1990/2269 1991/1989/2269 1994/2003/2269
f 2041/2004/2270 2039/2005/2270 2040/2006/2270
f 2041/2004/2271 2040/2006/2271 2042/2007/2271
f 2043/2008/2272 2041/2004/2272 2042/2007/2272
f 2044/2009/2273 2043/2008/2273 2042/2007/2273
f 2045/2010/2274 2043/2008/2274 2044/2009/2274
f 2043/2008/2275 2045/2010/2275 2046/2011/2275
f 2045/2010/2276 2038/2012/2276 2046/2011/2276
f 2037/2013/2277 2046/2011/2277 2038/2012/2277
f 2035/1994/2278 2037/2013/2278 2038/2012/2278
f 2037/2013/2279 2035/1994/2279 2036/1996/2279
f 2023/2014/2280 2026/2015/2280 2024/2016/2280
f 2016/2017/2281 2023/2014/2281 2024/2016/2281
f 2025/2018/2282 2016/2017/2282 2024/2016/2282
f 2018/2019/2283 2016/2017/2283 2025/2018/2283
f 2049/2020/2284 2018/2019/2284 2025/2018/2284
f 2013/2021/2285 2018/2019/2285 2049/2020/2285
f 2021/2022/2286 2013/2021/2286 2049/2020/2286
f 2014/2023/2287 2013/2021/2287 2021/2022/2287
f 2022/2024/2288 2014/2023/2288 2021/2022/2288
f 1958/2025/2289 2014/2023/2289 2022/2024/2289
f 1970/2026/2290 1958/2025/2290 2022/2024/2290
f 1970/2026/2291 1969/2027/2291 1958/2025/2291
f 2047/2028/2292 2023/2014/2292 2015/2029/2292
f 2016/2017/2293 2015/2029/2293 2023/2014/2293
f 2017/2030/2294 2015/2029/2294 2016/2017/2294
f 2017/2030/2295 2016/2017/2295 2018/2019/2295
f 2018/2019/2296 2011/2031/2296 2017/2030/2296
f 2013/2021/2297 2011/2031/2297 2018/2019/2297
f 2013/2021/2298 2009/2032/2298 2011/2031/2298
f 2014/2023/2299 2009/2032/2299 2013/2021/2299
f 2014/2023/2300 1956/2033/2300 2009/2032/2300
f 1958/2025/2301 1956/2033/2301 2014/2023/2301
f 1957/2034/2302 1956/2033/2302 1958/2025/2302
f 1957/2034/2303 1958/2025/2303 1969/2027/2303
f 1969/2027/2304 1968/2035/2304 1957/2034/2304
f 2012/2036/2305 2011/2031/2305 2010/2037/2305
f 2009/2032/2306 2010/2037/2306 2011/2031/2306
f 2010/2037/2307 2009/2032/2307 1954/2038/2307
f 1956/2033/2308 1954/2038/2308 2009/2032/2308
f 1955/2039/2309 1954/2038/2309 1956/2033/2309
f 1957/2034/2310 1955/2039/2310 1956/2033/2310
f 1957/2034/2311 1959/2040/2311 1955/2039/2311
f 1959/2040/2312 1957/2034/2312 1968/2035/2312
f 2001/2041/2313 1959/2040/2313 1968/2035/2313
f 1959/2040/2314 2001/2041/2314 1965/2042/2314
f 1960/2043/2315 1955/2039/2315 1959/2040/2315
f 1965/2042/2316 1960/2043/2316 1959/2040/2316
f 1965/2042/2317 1962/2044/2317 1960/2043/2317
f 1965/2042/2318 1963/2045/2318 1962/2044/2318
f 1964/2046/2319 1962/2044/2319 1963/2045/2319
f 1963/2045/2320 1997/2047/2320 1964/2046/2320
f 1947/2048/2321 1946/2049/2321 1092/2050/2321
f 1946/2049/2322 1947/2048/2322 1997/2047/2322
f 1995/2051/2323 1997/2047/2323 1947/2048/2323
f 1995/2051/2324 1964/2046/2324 1997/2047/2324
f 1964/2046/2325 1995/2051/2325 1967/2052/2325
f 1967/2052/2326 1966/2053/2326 1964/2046/2326
f 1962/2044/2327 1964/2046/2327 1966/2053/2327
f 1962/2044/2328 1966/2053/2328 1961/2054/2328
f 1962/2044/2329 1961/2054/2329 1960/2043/2329
f 1961/2054/2330 1953/2055/2330 1960/2043/2330
f 1955/2039/2331 1960/2043/2331 1953/2055/2331
f 1955/2039/2332 1953/2055/2332 1954/2038/2332
f 1996/2056/2333 1967/2052/2333 1995/2051/2333
f 1995/2051/2334 1948/2057/2334 1996/2056/2334
f 1995/2051/2335 1947/2048/2335 1948/2057/2335
f 1948/2057/2336 1947/2048/2336 1097/2058/2336
f 1092/2050/2337 1097/2058/2337 1947/2048/2337
f 1092/2050/2338 1096/1779/2338 1097/2058/2338
f 2001/2041/2339 2000/2059/2339 1965/2042/2339
f 1965/2042/2340 2000/2059/2340 1963/2045/2340
f 1999/2060/2341 1963/2045/2341 2000/2059/2341
f 1963/2045/2342 1999/2060/2342 1997/2047/2342
f 1997/2047/2343 1999/2060/2343 1998/1795/2343
f 1997/2047/2344 1998/1795/2344 1946/2049/2344
f 1946/2049/2345 1998/1795/2345 1089/1787/2345
f 1089/1787/2346 1092/2050/2346 1946/2049/2346
f 1092/2050/2347 1089/1787/2347 1091/1777/2347
f 1096/1779/2348 1092/2050/2348 1091/1777/2348
f 366/1346/2349 448/1352/2349 446/1347/2349
f 448/1352/2349 366/1346/2349 365/2061/2349
f 365/2061/2350 449/1353/2350 448/1352/2350
f 364/2062/2351 449/1353/2351 365/2061/2351
f 364/2062/2352 451/1354/2352 449/1353/2352
f 363/2063/2353 451/1354/2353 364/2062/2353
f 363/2063/2354 452/1356/2354 451/1354/2354
f 9/2064/2354 452/1356/2354 363/2063/2354
f 9/2064/1539 10/1358/1539 452/1356/1539
f 1177/2065/2355 1181/2066/2355 1183/2067/2355
f 1183/2067/2356 1182/2068/2356 1177/2065/2356
f 1182/2068/2357 1183/2067/2357 2003/2069/2357
f 2003/2069/2358 2002/2070/2358 1182/2068/2358
f 1115/225/2359 1249/218/2359 1894/217/2359
f 1249/218/2360 1115/225/2360 1117/2071/2360
f 1117/2071/2361 1115/225/2361 1116/227/2361
f 1181/2066/2362 1117/2071/2362 1116/227/2362
f 1116/227/2363 1196/2072/2363 1181/2066/2363
f 1196/2072/2364 1183/2067/2364 1181/2066/2364
f 1196/2072/2365 1195/2073/2365 1183/2067/2365
f 1195/2073/2366 2026/2015/2366 1183/2067/2366
f 2003/2069/2367 1183/2067/2367 2026/2015/2367
f 2003/2069/2368 2026/2015/2368 2023/2014/2368
f 1887/2074/2369 1144/212/2369 1892/214/2369
f 1892/214/2370 1245/2075/2370 1887/2074/2370
f 1245/2075/2371 1892/214/2371 1247/216/2371
f 1247/216/2372 1246/2076/2372 1245/2075/2372
f 1247/216/2373 1249/218/2373 1246/2076/2373
f 1250/2077/2374 1246/2076/2374 1249/218/2374
f 1250/2077/2375 1249/218/2375 1117/2071/2375
f 1250/2077/2376 1117/2071/2376 1179/2078/2376
f 1117/2071/2377 1181/2066/2377 1179/2078/2377
f 1177/2065/2378 1179/2078/2378 1181/2066/2378
f 1861/208/2379 1145/209/2379 1860/2079/2379
f 1144/212/2380 1860/2079/2380 1145/209/2380
f 1860/2079/2381 1144/212/2381 1886/757/2381
f 1887/2074/2382 1886/757/2382 1144/212/2382
f 1244/756/2383 1886/757/2383 1887/2074/2383
f 1244/756/2384 1887/2074/2384 1245/2075/2384
f 1245/2075/2385 1243/763/2385 1244/756/2385
f 1243/763/2386 1245/2075/2386 1246/2076/2386
f 1246/2076/2387 1248/765/2387 1243/763/2387
f 1246/2076/2388 1250/2077/2388 1248/765/2388
f 1251/2080/2389 1248/765/2389 1250/2077/2389
f 1251/2080/2390 1250/2077/2390 1179/2078/2390
f 1251/2080/2391 1179/2078/2391 1178/2081/2391
f 1179/2078/2392 1177/2065/2392 1178/2081/2392
f 1180/2082/2393 1178/2081/2393 1177/2065/2393
f 1180/2082/2394 1177/2065/2394 1182/2068/2394
f 1182/2068/2395 1184/2083/2395 1180/2082/2395
f 1184/2083/2396 1182/2068/2396 2002/2070/2396
f 2002/2070/2397 2004/2084/2397 1184/2083/2397
f 2003/2069/2398 2023/2014/2398 2002/2070/2398
f 2047/2028/2399 2002/2070/2399 2023/2014/2399
f 2004/2084/2400 2002/2070/2400 2047/2028/2400
f 2048/2085/2401 2004/2084/2401 2047/2028/2401
f 2048/2085/2402 2047/2028/2402 2020/2086/2402
f 2015/2029/2403 2020/2086/2403 2047/2028/2403
f 2020/2086/2404 2015/2029/2404 2019/2087/2404
f 2017/2030/2405 2019/2087/2405 2015/2029/2405
f 2019/2087/2406 2017/2030/2406 2012/2036/2406
f 2011/2031/2407 2012/2036/2407 2017/2030/2407
f 932/2088/1395 930/2089/1395 931/2090/1395
f 931/2090/1395 930/2089/1395 929/2091/1395
f 930/2089/1396 928/2092/1396 929/2091/1396
f 929/2091/1396 928/2092/1396 927/2093/1396
f 928/2092/1397 925/2094/1397 927/2093/1397
f 927/2093/1397 925/2094/1397 926/2095/1397
f 832/2096/1374 831/2097/1374 830/2098/1374
f 828/2099/1374 830/2098/1374 831/2097/1374
f 830/2098/1373 828/2099/1373 827/2100/1373
f 829/2101/1373 827/2100/1373 828/2099/1373
f 827/2100/1375 829/2101/1375 646/2102/1375
f 647/2103/1375 646/2102/1375 829/2101/1375
f 647/2103/1378 645/2104/1378 646/2102/1378
f 648/2105/1378 646/2102/1378 645/2104/1378
f 645/2104/1377 932/2088/1377 648/2105/1377
f 648/2105/1377 932/2088/1377 931/2090/1377
f 878/2106/1431 877/2107/1431 839/2108/1431
f 840/2109/1431 839/2108/1431 877/2107/1431
f 838/2110/1430 839/2108/1430 840/2109/1430
f 839/2108/1430 838/2110/1430 837/2111/1430
f 835/2112/1422 837/2111/1422 838/2110/1422
f 837/2111/1422 835/2112/1422 836/2113/1422
f 836/2113/1421 835/2112/1421 834/2114/1421
f 833/2115/1421 834/2114/1421 835/2112/1421
f 834/2114/1416 833/2115/1416 832/2096/1416
f 831/2097/1416 832/2096/1416 833/2115/1416
f 888/2116/1439 887/2117/1439 885/2118/1439
f 886/2119/1439 885/2118/1439 887/2117/1439
f 886/2119/1438 884/2120/1438 885/2118/1438
f 883/2121/1438 885/2118/1438 884/2120/1438
f 884/2120/1437 882/2122/1437 883/2121/1437
f 881/2123/1437 883/2121/1437 882/2122/1437
f 882/2122/1436 880/2124/1436 881/2123/1436
f 879/2125/1436 881/2123/1436 880/2124/1436
f 877/2107/1435 879/2125/1435 880/2124/1435
f 879/2125/1435 877/2107/1435 878/2106/1435
f 843/99/78 850/109/78 849/111/78
f 843/99/2408 849/111/2408 842/98/2408
f 842/98/2408 849/111/2408 848/2126/2408
f 848/2126/2409 847/2127/2409 842/98/2409
f 841/93/2409 842/98/2409 847/2127/2409
f 847/2127/65 798/92/65 841/93/65
f 803/61/2410 796/60/2410 804/2128/2410
f 804/2128/2410 796/60/2410 797/67/2410
f 804/2128/2411 797/67/2411 805/2129/2411
f 805/2129/2411 797/67/2411 798/92/2411
f 805/2129/60 798/92/60 853/2130/60
f 853/2130/60 798/92/60 847/2127/60
f 853/2130/59 847/2127/59 854/2131/59
f 854/2131/59 847/2127/59 848/2126/59
f 854/2131/58 848/2126/58 855/110/58
f 849/111/58 855/110/58 848/2126/58
f 467/1392/2412 469/1376/2412 461/2132/2412
f 461/2132/2413 469/1376/2413 459/1377/2413
f 461/2132/2414 459/1377/2414 460/2133/2414
f 461/2132/2415 460/2133/2415 467/1392/2415
f 468/2134/2416 467/1392/2416 460/2133/2416
f 467/1392/2417 468/2134/2417 471/1391/2417
f 482/2135/2417 471/1391/2417 468/2134/2417
f 471/1391/2418 482/2135/2418 475/1390/2418
f 481/1397/2418 475/1390/2418 482/2135/2418
f 475/1390/1579 481/1397/1579 476/1389/1579
f 485/1409/2419 481/1397/2419 486/2136/2419
f 482/2135/2420 486/2136/2420 481/1397/2420
f 486/2136/2421 482/2135/2421 487/2137/2421
f 468/2134/2422 487/2137/2422 482/2135/2422
f 487/2137/2423 468/2134/2423 31/1368/2423
f 460/2133/2424 31/1368/2424 468/2134/2424
f 460/2133/1551 458/1367/1551 31/1368/1551
f 458/1367/2425 460/2133/2425 459/1377/2425
f 459/1377/1550 457/1366/1550 458/1367/1550
f 459/1377/1552 463/1369/1552 457/1366/1552
f 515/32/47 513/71/47 514/62/47
f 513/71/2426 515/32/2426 528/75/2426
f 525/34/2426 528/75/2426 515/32/2426
f 525/34/35 533/36/35 528/75/35
f 535/2138/35 528/75/35 533/36/35
f 535/2138/38 536/2139/38 528/75/38
f 529/74/38 528/75/38 536/2139/38
f 536/2139/39 537/2140/39 529/74/39
f 530/76/39 529/74/39 537/2140/39
f 537/2140/2410 538/2141/2410 530/76/2410
f 531/78/2410 530/76/2410 538/2141/2410
f 538/2141/2411 539/2142/2411 531/78/2411
f 532/82/2411 531/78/2411 539/2142/2411
f 539/2142/60 579/88/60 532/82/60
f 101/2143/589 91/493/589 85/494/589
f 101/2143/591 85/494/591 104/496/591
f 103/498/2427 101/2143/2427 104/496/2427
f 103/498/2427 102/2144/2427 101/2143/2427
f 101/2143/2428 102/2144/2428 91/493/2428
f 65/486/580 64/485/580 66/491/580
f 66/491/2429 87/2145/2429 65/486/2429
f 87/2145/2430 66/491/2430 91/493/2430
f 92/2146/2431 87/2145/2431 91/493/2431
f 92/2146/2428 91/493/2428 102/2144/2428
f 102/2144/2432 98/2147/2432 92/2146/2432
f 99/382/2433 98/2147/2433 102/2144/2433
f 99/382/2433 102/2144/2433 103/498/2433
f 103/498/492 109/392/492 99/382/492
f 109/392/592 103/498/592 110/497/592
f 65/486/574 179/408/574 63/479/574
f 65/486/505 88/403/505 179/408/505
f 88/403/2429 65/486/2429 87/2145/2429
f 88/403/501 87/2145/501 89/402/501
f 89/402/2434 87/2145/2434 92/2146/2434
f 93/397/2435 89/402/2435 92/2146/2435
f 93/397/2432 92/2146/2432 98/2147/2432
f 98/2147/496 97/380/496 93/397/496
f 99/382/2436 97/380/2436 98/2147/2436
f 100/381/2436 97/380/2436 99/382/2436
f 2031/2148/2437 2007/2149/2437 2008/2150/2437
f 2008/2150/2438 2007/2149/2438 1194/2151/2438
f 1193/2152/2439 1194/2151/2439 2007/2149/2439
f 1194/2151/2440 1193/2152/2440 1191/2153/2440
f 1189/2154/2441 1191/2153/2441 1193/2152/2441
f 1191/2153/2442 1189/2154/2442 1190/643/2442
f 1192/2155/2443 1190/643/2443 1189/2154/2443
f 1192/2155/2444 1258/642/2444 1190/643/2444
f 1192/2155/2445 1867/2156/2445 1258/642/2445
f 1868/637/2446 1258/642/2446 1867/2156/2446
f 1867/2156/2447 1237/2157/2447 1868/637/2447
f 1234/632/2448 1868/637/2448 1237/2157/2448
f 1237/2157/2449 1235/631/2449 1234/632/2449
f 2030/2158/2450 2027/2159/2450 1975/2160/2450
f 2030/2158/2451 2028/2161/2451 2027/2159/2451
f 2029/2162/2452 2027/2159/2452 2028/2161/2452
f 2028/2161/2453 2051/2163/2453 2029/2162/2453
f 2050/2164/2454 2029/2162/2454 2051/2163/2454
f 2051/2163/2455 2034/2165/2455 2050/2164/2455
f 2033/2166/2456 2050/2164/2456 2034/2165/2456
f 2032/2167/2457 2033/2166/2457 2034/2165/2457
f 2033/2166/2458 2032/2167/2458 2031/2148/2458
f 2007/2149/2459 2031/2148/2459 2032/2167/2459
f 1112/889/2460 1111/882/2460 1375/881/2460
f 1112/889/2461 1109/2168/2461 1111/882/2461
f 1108/2169/2462 1111/882/2462 1109/2168/2462
f 1109/2168/2463 1107/2170/2463 1108/2169/2463
f 1110/2171/2464 1108/2169/2464 1107/2170/2464
f 1107/2170/2465 1951/2172/2465 1110/2171/2465
f 1952/2173/2466 1110/2171/2466 1951/2172/2466
f 1978/2174/2467 1952/2173/2467 1951/2172/2467
f 1951/2172/2468 1977/2175/2468 1978/2174/2468
f 1980/2176/2469 1978/2174/2469 1977/2175/2469
f 1977/2175/2470 1979/2177/2470 1980/2176/2470
f 2053/2178/2471 1980/2176/2471 1979/2177/2471
f 1979/2177/2472 2052/2179/2472 2053/2178/2472
f 1971/2180/2473 2053/2178/2473 2052/2179/2473
f 1971/2180/2474 2052/2179/2474 1972/2181/2474
f 1973/2182/2475 1971/2180/2475 1972/2181/2475
f 1974/2183/2476 1973/2182/2476 1972/2181/2476
f 1974/2183/2477 1975/2160/2477 1973/2182/2477
f 1976/2184/2478 1973/2182/2478 1975/2160/2478
f 1976/2184/2479 1975/2160/2479 2027/2159/2479
f 1356/2185/2480 1354/2186/2480 1353/2187/2480
f 1355/2188/2481 1353/2187/2481 1354/2186/2481
f 1354/2186/2482 1359/2189/2482 1355/2188/2482
f 1360/2190/2483 1355/2188/2483 1359/2189/2483
f 1359/2189/2484 1361/2191/2484 1360/2190/2484
f 1362/2192/2485 1360/2190/2485 1361/2191/2485
f 1361/2191/2486 1405/2193/2486 1362/2192/2486
f 1402/2194/2487 1362/2192/2487 1405/2193/2487
f 1405/2193/2488 1403/2195/2488 1402/2194/2488
f 1404/2196/2489 1402/2194/2489 1403/2195/2489
f 1197/2197/2490 1165/2198/2490 1164/2199/2490
f 1198/2200/2491 1197/2197/2491 1164/2199/2491
f 1199/2201/2492 1197/2197/2492 1198/2200/2492
f 1200/2202/2493 1199/2201/2493 1198/2200/2493
f 1199/2201/2494 1200/2202/2494 1445/2203/2494
f 1446/2204/2495 1445/2203/2495 1200/2202/2495
f 1445/2203/2496 1446/2204/2496 1357/2205/2496
f 1358/2206/2497 1357/2205/2497 1446/2204/2497
f 1353/2187/2498 1357/2205/2498 1358/2206/2498
f 1356/2185/2499 1353/2187/2499 1358/2206/2499
f 1890/2207/2500 1161/2208/2500 1888/2209/2500
f 1160/2210/2501 1888/2209/2501 1161/2208/2501
f 1161/2208/2502 1159/2211/2502 1160/2210/2502
f 1156/2212/2503 1160/2210/2503 1159/2211/2503
f 1159/2211/2504 1157/2213/2504 1156/2212/2504
f 1158/2214/2505 1156/2212/2505 1157/2213/2505
f 1157/2213/2506 1162/2215/2506 1158/2214/2506
f 1163/2216/2507 1158/2214/2507 1162/2215/2507
f 1162/2215/2508 1164/2199/2508 1163/2216/2508
f 1165/2198/2509 1163/2216/2509 1164/2199/2509
f 1907/2217/2510 1905/2218/2510 1904/2219/2510
f 1906/2220/2511 1904/2219/2511 1905/2218/2511
f 1904/2219/2512 1906/2220/2512 1908/2221/2512
f 1909/2222/2513 1908/2221/2513 1906/2220/2513
f 1927/2223/2514 1908/2221/2514 1909/2222/2514
f 1909/2222/2515 1928/2224/2515 1927/2223/2515
f 1891/2225/2516 1927/2223/2516 1928/2224/2516
f 1928/2224/2517 1889/2226/2517 1891/2225/2517
f 1891/2225/2518 1889/2226/2518 1888/2209/2518
f 1890/2207/2519 1888/2209/2519 1889/2226/2519
f 2203/2227/2520 2205/2228/2520 2206/2229/2520
f 2205/2228/2521 2203/2227/2521 2204/2230/2521
f 2203/2227/2522 2207/2231/2522 2204/2230/2522
f 2208/2232/2523 2204/2230/2523 2207/2231/2523
f 2209/2233/2524 2208/2232/2524 2207/2231/2524
f 2210/2234/2525 2209/2233/2525 2207/2231/2525
f 2197/2235/2526 2209/2233/2526 2210/2234/2526
f 2198/2236/2527 2197/2235/2527 2210/2234/2527
f 2199/2237/2528 2197/2235/2528 2198/2236/2528
f 2200/2238/2529 2199/2237/2529 2198/2236/2529
f 2201/2239/2530 2199/2237/2530 2200/2238/2530
f 2202/2240/2531 2201/2239/2531 2200/2238/2531
f 2254/2241/2532 2201/2239/2532 2202/2240/2532
f 2201/2239/2533 2254/2241/2533 2251/2242/2533
f 2254/2241/2534 2252/2243/2534 2251/2242/2534
f 2253/2244/2535 2251/2242/2535 2252/2243/2535
f 2262/2245/2536 2253/2244/2536 2252/2243/2536
f 2253/2244/2537 2262/2245/2537 2261/2246/2537
f 2262/2245/2538 2260/2247/2538 2261/2246/2538
f 2259/2248/2539 2261/2246/2539 2260/2247/2539
f 2255/2249/2540 2259/2248/2540 2260/2247/2540
f 2260/2247/2541 2256/2250/2541 2255/2249/2541
f 2257/2251/2542 2255/2249/2542 2256/2250/2542
f 2256/2250/2543 2258/2252/2543 2257/2251/2543
f 1458/2253/2544 1460/2254/2544 1459/2255/2544
f 1461/2256/2545 1459/2255/2545 1460/2254/2545
f 1460/2254/2546 1462/2257/2546 1461/2256/2546
f 1463/2258/2547 1461/2256/2547 1462/2257/2547
f 1462/2257/2548 1828/2259/2548 1463/2258/2548
f 1829/2260/2549 1463/2258/2549 1828/2259/2549
f 1829/2260/2550 1828/2259/2550 1830/2261/2550
f 1829/2260/2551 1830/2261/2551 1831/2262/2551
f 1831/2262/2552 1830/2261/2552 2329/2263/2552
f 2330/2264/2553 2329/2263/2553 1830/2261/2553
f 2166/2265/2554 2165/2266/2554 1534/2267/2554
f 2166/2265/2555 1534/2267/2555 1535/2268/2555
f 1535/2268/2556 1534/2267/2556 1533/2269/2556
f 1534/2267/2557 1532/2270/2557 1533/2269/2557
f 1533/2269/2558 1532/2270/2558 1457/2271/2558
f 1532/2270/2559 1456/2272/2559 1457/2271/2559
f 1457/2271/2560 1456/2272/2560 1455/2273/2560
f 1456/2272/2561 1454/2274/2561 1455/2273/2561
f 1455/2273/2562 1454/2274/2562 1459/2255/2562
f 1454/2274/2563 1458/2253/2563 1459/2255/2563
f 2488/2275/2564 2525/2276/2564 2526/2277/2564
f 2488/2275/2565 2526/2277/2565 2522/2278/2565
f 2488/2275/2566 2522/2278/2566 2523/2279/2566
f 2488/2275/2567 2523/2279/2567 2494/2280/2567
f 2488/2275/2568 2494/2280/2568 2492/2281/2568
f 2488/2275/2569 2492/2281/2569 2493/2282/2569
f 2488/2275/2570 2493/2282/2570 2495/2283/2570
f 2488/2275/2571 2495/2283/2571 2496/2284/2571
f 2488/2275/2572 2496/2284/2572 2497/2285/2572
f 2488/2275/2573 2497/2285/2573 2486/2286/2573
f 2488/2275/2574 2486/2286/2574 2487/2287/2574
f 2488/2275/2575 2487/2287/2575 2489/2288/2575
f 2488/2275/2576 2489/2288/2576 2490/2289/2576
f 2488/2275/2577 2490/2289/2577 2491/2290/2577
f 2488/2275/2578 2491/2290/2578 2498/2291/2578
f 2488/2275/2579 2498/2291/2579 2499/2292/2579
f 2488/2275/2580 2499/2292/2580 2500/2293/2580
f 2488/2275/2581 2500/2293/2581 2501/2294/2581
f 2488/2275/2582 2501/2294/2582 2510/2295/2582
f 2488/2275/2583 2510/2295/2583 2509/2296/2583
f 2488/2275/2584 2509/2296/2584 2507/2297/2584
f 2488/2275/2585 2507/2297/2585 2508/2298/2585
f 2488/2275/2586 2508/2298/2586 2511/2299/2586
f 2488/2275/2587 2511/2299/2587 2512/2300/2587
f 2488/2275/2588 2512/2300/2588 2513/2301/2588
f 2488/2275/2589 2513/2301/2589 2505/2302/2589
f 2488/2275/2590 2505/2302/2590 2506/2303/2590
f 2488/2275/2591 2506/2303/2591 2504/2304/2591
f 2488/2275/2592 2504/2304/2592 2502/2305/2592
f 2488/2275/2593 2502/2305/2593 2503/2306/2593
f 2488/2275/2594 2503/2306/2594 2519/2307/2594
f 2488/2275/2595 2519/2307/2595 2520/2308/2595
f 2488/2275/2596 2520/2308/2596 2521/2309/2596
f 2488/2275/2597 2521/2309/2597 2517/2310/2597
f 2488/2275/2598 2517/2310/2598 2518/2311/2598
f 2488/2275/2599 2518/2311/2599 2516/2312/2599
f 2488/2275/2600 2516/2312/2600 2514/2313/2600
f 2488/2275/2601 2514/2313/2601 2515/2314/2601
f 2488/2275/2602 2515/2314/2602 2524/2315/2602
f 2488/2275/2603 2524/2315/2603 2525/2276/2603
f 1695/2316/2604 1694/2317/2604 1692/2318/2604
f 1690/2319/2605 1692/2318/2605 1694/2317/2605
f 1692/2318/2606 1690/2319/2606 1691/2320/2606
f 1693/2321/2607 1691/2320/2607 1690/2319/2607
f 1691/2320/2608 1693/2321/2608 1770/2322/2608
f 1768/2323/2609 1770/2322/2609 1693/2321/2609
f 1770/2322/2610 1768/2323/2610 1769/2324/2610
f 1771/2325/2611 1769/2324/2611 1768/2323/2611
f 1769/2324/2612 1771/2325/2612 2273/2326/2612
f 2274/2327/2613 1769/2324/2613 2273/2326/2613
f 2438/2328/2614 2437/2329/2614 1920/2330/2614
f 1920/2330/2615 1919/2331/2615 2438/2328/2615
f 1918/2332/2616 1919/2331/2616 1920/2330/2616
f 1918/2332/2617 1917/2333/2617 1919/2331/2617
f 1918/2332/2618 1699/2334/2618 1917/2333/2618
f 1698/2335/2619 1917/2333/2619 1699/2334/2619
f 1699/2334/2620 1696/2336/2620 1698/2335/2620
f 1697/2337/2621 1698/2335/2621 1696/2336/2621
f 1697/2337/2622 1696/2336/2622 1695/2316/2622
f 1694/2317/2623 1695/2316/2623 1696/2336/2623
f 2120/2338/2624 2119/1834/2624 2118/1837/2624
f 2120/2338/2625 2124/1832/2625 2119/1834/2625
f 2127/2339/2626 2124/1832/2626 2120/2338/2626
f 2127/2339/2627 2126/1831/2627 2124/1832/2627
f 2128/2340/2628 2126/1831/2628 2127/2339/2628
f 2126/1831/2629 2128/2340/2629 2155/1830/2629
f 2156/2341/2630 2155/1830/2630 2128/2340/2630
f 2156/2341/2631 2112/1829/2631 2155/1830/2631
f 1329/2342/2632 1330/2343/2632 1331/2344/2632
f 1330/2343/2633 1329/2342/2633 1326/2345/2633
f 1329/2342/2634 1327/2346/2634 1326/2345/2634
f 1328/2347/2635 1326/2345/2635 1327/2346/2635
f 1392/2348/2636 1328/2347/2636 1327/2346/2636
f 1392/2348/2637 1391/2349/2637 1328/2347/2637
f 1392/2348/2638 1393/2350/2638 1391/2349/2638
f 1394/2351/2639 1391/2349/2639 1393/2350/2639
f 1393/2350/2640 2113/2352/2640 1394/2351/2640
f 2114/2353/2641 1394/2351/2641 2113/2352/2641
f 2190/2354/2642 2269/2355/2642 2268/2356/2642
f 2195/2357/2643 2268/2356/2643 2269/2355/2643
f 2269/2355/2644 2196/2358/2644 2195/2357/2644
f 2194/2359/2645 2195/2357/2645 2196/2358/2645
f 2196/2358/2646 2193/2360/2646 2194/2359/2646
f 2194/2359/2647 2193/2360/2647 2167/2361/2647
f 2193/2360/2648 2168/2362/2648 2167/2361/2648
f 1538/2363/2649 2167/2361/2649 2168/2362/2649
f 1537/966/2650 2167/2361/2650 1538/2363/2650
f 1538/2363/2651 1536/967/2651 1537/966/2651
f 2245/2364/2652 2267/2365/2652 2246/2366/2652
f 2246/2366/2653 2243/2367/2653 2245/2364/2653
f 2245/2364/2654 2243/2367/2654 2244/2368/2654
f 2244/2368/2655 2243/2367/2655 2191/2369/2655
f 2192/2370/2656 2191/2369/2656 2243/2367/2656
f 2192/2370/2657 2188/2371/2657 2191/2369/2657
f 2187/2372/2658 2191/2369/2658 2188/2371/2658
f 2189/2373/2659 2187/2372/2659 2188/2371/2659
f 2188/2371/2660 2190/2354/2660 2189/2373/2660
f 2268/2356/2661 2189/2373/2661 2190/2354/2661
f 1640/2374/2662 1639/831/2662 1638/830/2662
f 1639/831/2663 1640/2374/2663 2223/2375/2663
f 2224/2376/2664 2223/2375/2664 1640/2374/2664
f 2224/2376/2665 2247/2377/2665 2223/2375/2665
f 2248/2378/2666 2223/2375/2666 2247/2377/2666
f 2249/2379/2667 2248/2378/2667 2247/2377/2667
f 2248/2378/2668 2249/2379/2668 2250/2380/2668
f 2249/2379/2669 2266/2381/2669 2250/2380/2669
f 2267/2365/2670 2250/2380/2670 2266/2381/2670
f 2266/2381/2671 2246/2366/2671 2267/2365/2671
f 2480/2382/2672 2479/2383/2672 2452/2384/2672
f 2436/2385/2673 2479/2383/2673 2480/2382/2673
f 2479/2383/2674 2436/2385/2674 2435/712/2674
f 2435/712/2675 2436/2385/2675 1916/2386/2675
f 1916/2386/2676 1915/710/2676 2435/712/2676
f 1916/2386/2677 1912/2387/2677 1915/710/2677
f 1912/2387/2678 1911/708/2678 1915/710/2678
f 1911/708/2679 1912/2387/2679 1795/2388/2679
f 1795/2388/2680 1792/706/2680 1911/708/2680
f 1795/2388/2681 1794/705/2681 1792/706/2681
f 2455/713/2682 2479/2383/2682 2435/712/2682
f 2479/2383/2683 2455/713/2683 2450/725/2683
f 2450/725/2684 2452/2384/2684 2479/2383/2684
f 2450/725/2685 2451/2389/2685 2452/2384/2685
f 2450/725/2686 2447/724/2686 2451/2389/2686
f 2447/724/2687 2444/2390/2687 2451/2389/2687
f 2444/2390/2688 2447/724/2688 2443/720/2688
f 2443/720/2689 2442/2391/2689 2444/2390/2689
f 2442/2391/2690 2443/720/2690 2441/722/2690
f 2441/722/2691 2385/732/2691 2442/2391/2691
f 2388/731/2692 2386/736/2692 2385/732/2692
f 2387/2392/2693 2385/732/2693 2386/736/2693
f 2386/736/2694 2392/738/2694 2387/2392/2694
f 2387/2392/2695 2392/738/2695 2393/2393/2695
f 2392/738/2696 2396/740/2696 2393/2393/2696
f 2398/2394/2697 2393/2393/2697 2396/740/2697
f 2398/2394/2698 2396/740/2698 2397/747/2698
f 2398/2394/2699 2397/747/2699 2399/767/2699
f 2397/747/2700 2427/759/2700 2399/767/2700
f 2427/759/2701 2397/747/2701 2429/748/2701
f 1950/2395/2702 1949/2396/2702 1101/2397/2702
f 1102/2398/2703 1101/2397/2703 1949/2396/2703
f 1103/2399/2704 1101/2397/2704 1102/2398/2704
f 1103/2399/2705 1102/2398/2705 1104/2400/2705
f 1106/2401/2706 1103/2399/2706 1104/2400/2706
f 1104/2400/2707 1105/2402/2707 1106/2401/2707
f 1106/2401/2708 1105/2402/2708 1332/2403/2708
f 1333/2404/2709 1332/2403/2709 1105/2402/2709
f 1332/2403/2710 1333/2404/2710 1330/2343/2710
f 1331/2344/2711 1330/2343/2711 1333/2404/2711
f 2474/2405/2712 2472/2406/2712 2471/2407/2712
f 2473/2408/2713 2471/2407/2713 2472/2406/2713
f 2471/2407/2714 2473/2408/2714 2475/2409/2714
f 2476/2410/2715 2475/2409/2715 2473/2408/2715
f 2476/2410/2716 2477/2411/2716 2475/2409/2716
f 2475/2409/2717 2477/2411/2717 2478/2412/2717
f 2477/2411/2718 2470/2413/2718 2478/2412/2718
f 2478/2412/2719 2470/2413/2719 2469/2414/2719
f 2470/2413/2720 2467/2415/2720 2469/2414/2720
f 2469/2414/2721 2467/2415/2721 2468/2416/2721
f 2467/2415/2722 2418/2417/2722 2468/2416/2722
f 2468/2416/2723 2418/2417/2723 2417/2418/2723
f 2413/2419/2724 2417/2418/2724 2418/2417/2724
f 2418/2417/2725 2414/2420/2725 2413/2419/2725
f 2415/2421/2726 2413/2419/2726 2414/2420/2726
f 2414/2420/2727 2416/2422/2727 2415/2421/2727
f 2425/2423/2728 2415/2421/2728 2416/2422/2728
f 2416/2422/2729 2426/2424/2729 2425/2423/2729
f 2423/2425/2730 2425/2423/2730 2426/2424/2730
f 2426/2424/2731 2424/2426/2731 2423/2425/2731
f 2424/2426/2732 2422/2427/2732 2423/2425/2732
f 2423/2425/2733 2422/2427/2733 2421/2428/2733
f 2422/2427/2734 2419/2429/2734 2421/2428/2734
f 2421/2428/2735 2419/2429/2735 2420/2430/2735
f 978/2431/79 979/2432/79 980/2433/79
f 981/2434/79 980/2433/79 979/2432/79
f 980/2433/80 981/2434/80 982/2435/80
f 983/2436/80 982/2435/80 981/2434/80
f 984/2437/81 982/2435/81 983/2436/81
f 985/2438/81 982/2435/81 984/2437/81
f 1027/2439/2410 1026/2440/2410 1028/2441/2410
f 1029/2442/2410 1028/2441/2410 1026/2440/2410
f 1028/2441/2411 1029/2442/2411 972/2443/2411
f 975/2444/2411 972/2443/2411 1029/2442/2411
f 975/2444/60 973/2445/60 972/2443/60
f 974/2446/60 972/2443/60 973/2445/60
f 974/2446/59 973/2445/59 976/2447/59
f 977/2448/59 976/2447/59 973/2445/59
f 976/2447/58 977/2448/58 978/2431/58
f 979/2432/58 978/2431/58 977/2448/58
f 1069/2449/23 1070/2450/23 736/2451/23
f 739/2452/23 736/2451/23 1070/2450/23
f 739/2452/22 737/2453/22 736/2451/22
f 738/2454/22 736/2451/22 737/2453/22
f 737/2453/35 1022/2455/35 738/2454/35
f 1023/2456/35 738/2454/35 1022/2455/35
f 1022/2455/38 1024/2457/38 1023/2456/38
f 1025/2458/38 1023/2456/38 1024/2457/38
f 1024/2457/39 1026/2440/39 1025/2458/39
f 1027/2439/39 1025/2458/39 1026/2440/39
f 1066/2459/1 1064/2460/1 1063/2461/1
f 1065/2462/1 1063/2461/1 1064/2460/1
f 1063/2461/5 1065/2462/5 1067/2463/5
f 1068/2464/5 1067/2463/5 1065/2462/5
f 1067/2463/6 1068/2464/6 779/2465/6
f 780/2466/6 779/2465/6 1068/2464/6
f 781/2467/18 779/2465/18 780/2466/18
f 780/2466/18 782/2468/18 781/2467/18
f 781/2467/24 782/2468/24 1069/2449/24
f 1070/2450/24 1069/2449/24 782/2468/24
f 2382/2469/2736 2381/2470/2736 1879/2471/2736
f 1880/2472/2737 1879/2471/2737 2381/2470/2737
f 1880/2472/2738 1878/2473/2738 1879/2471/2738
f 1881/2474/2739 1878/2473/2739 1880/2472/2739
f 1881/2474/2740 1131/2475/2740 1878/2473/2740
f 1131/2475/2741 1881/2474/2741 1129/2476/2741
f 1131/2475/2742 1129/2476/2742 1130/2477/2742
f 1132/2478/2743 1130/2477/2743 1129/2476/2743
f 1130/2477/2744 1132/2478/2744 1127/2479/2744
f 1128/2480/2745 1127/2479/2745 1132/2478/2745
f 1128/2480/2746 1126/2481/2746 1127/2479/2746
f 1127/2479/2747 1126/2481/2747 1125/2482/2747
f 1126/2481/2748 1123/2483/2748 1125/2482/2748
f 1125/2482/2749 1123/2483/2749 1124/2484/2749
f 1123/2483/2750 1185/2485/2750 1124/2484/2750
f 1124/2484/2751 1185/2485/2751 1186/2486/2751
f 1185/2485/2752 1188/2487/2752 1186/2486/2752
f 1188/2487/2753 1187/2488/2753 1186/2486/2753
f 1188/2487/2754 2005/2489/2754 1187/2488/2754
f 2006/2490/2755 1187/2488/2755 2005/2489/2755
f 2222/2491/2756 2221/2492/2756 1635/2493/2756
f 1636/2494/2757 1635/2493/2757 2221/2492/2757
f 1636/2494/2758 1634/2495/2758 1635/2493/2758
f 1635/2493/2759 1634/2495/2759 1633/2496/2759
f 1634/2495/2760 1581/2497/2760 1633/2496/2760
f 1581/2497/2761 1580/2498/2761 1633/2496/2761
f 1581/2497/2762 1578/2499/2762 1580/2498/2762
f 1580/2498/2763 1578/2499/2763 1579/2500/2763
f 1578/2499/2764 1582/2501/2764 1579/2500/2764
f 1579/2500/2765 1582/2501/2765 1583/2502/2765
f 1582/2501/2766 1584/2503/2766 1583/2502/2766
f 1583/2502/2767 1584/2503/2767 1585/2504/2767
f 1585/2504/2768 1584/2503/2768 1300/2505/2768
f 1301/2506/2769 1300/2505/2769 1584/2503/2769
f 1296/2507/2770 1300/2505/2770 1301/2506/2770
f 1297/2508/2771 1296/2507/2771 1301/2506/2771
f 1298/2509/2772 1296/2507/2772 1297/2508/2772
f 1299/2510/2773 1298/2509/2773 1297/2508/2773
f 1298/2509/2774 1299/2510/2774 2057/2511/2774
f 2058/2512/2775 2057/2511/2775 1299/2510/2775
f 2147/2513/2776 2151/2514/2776 2152/2515/2776
f 2152/2515/2777 2148/2516/2777 2147/2513/2777
f 2149/2517/2778 2147/2513/2778 2148/2516/2778
f 2148/2516/2779 2150/2518/2779 2149/2517/2779
f 2089/2519/2780 2091/2520/2780 2093/2521/2780
f 2094/2522/2781 2093/2521/2781 2091/2520/2781
f 2094/2522/2782 2146/2523/2782 2093/2521/2782
f 2093/2521/2783 2146/2523/2783 2145/2524/2783
f 2146/2523/2784 2143/2525/2784 2145/2524/2784
f 2145/2524/2785 2143/2525/2785 2144/2526/2785
f 2143/2525/2786 2154/2527/2786 2144/2526/2786
f 2144/2526/2787 2154/2527/2787 2153/2528/2787
f 2154/2527/2788 2152/2515/2788 2153/2528/2788
f 2151/2514/2789 2153/2528/2789 2152/2515/2789
f 2098/2529/2790 2095/2530/2790 2097/2531/2790
f 2097/2531/2791 2095/2530/2791 2096/2532/2791
f 2095/2530/2792 2099/2533/2792 2096/2532/2792
f 2096/2532/2793 2099/2533/2793 2100/2534/2793
f 2100/2534/2794 2099/2533/2794 2101/2535/2794
f 2102/2536/2795 2101/2535/2795 2099/2533/2795
f 2101/2535/2796 2102/2536/2796 2092/2537/2796
f 2090/2538/2797 2092/2537/2797 2102/2536/2797
f 2092/2537/2798 2090/2538/2798 2089/2519/2798
f 2091/2520/2799 2089/2519/2799 2090/2538/2799
f 1487/2539/2800 1486/2540/2800 1485/2541/2800
f 1486/2540/2801 1484/2542/2801 1485/2541/2801
f 1485/2541/2802 1484/2542/2802 1483/2543/2802
f 1484/2542/2803 1482/2544/2803 1483/2543/2803
f 1483/2543/2804 1482/2544/2804 1818/2545/2804
f 1482/2544/2805 1817/2546/2805 1818/2545/2805
f 1818/2545/2806 1817/2546/2806 1820/2547/2806
f 1817/2546/2807 1819/2548/2807 1820/2547/2807
f 1819/2548/2808 1838/2549/2808 1820/2547/2808
f 1819/2548/2809 1839/2550/2809 1838/2549/2809
f 1839/2550/2810 1803/2551/2810 1838/2549/2810
f 1802/2552/2811 1838/2549/2811 1803/2551/2811
f 1803/2551/2812 1800/2553/2812 1802/2552/2812
f 1802/2552/2813 1800/2553/2813 1801/2554/2813
f 1800/2553/2814 1723/2555/2814 1801/2554/2814
f 1801/2554/2815 1723/2555/2815 1722/2556/2815
f 1723/2555/2816 1721/2557/2816 1722/2556/2816
f 1718/2558/2817 1722/2556/2817 1721/2557/2817
f 1721/2557/2818 1719/2559/2818 1718/2558/2818
f 1720/2560/2819 1718/2558/2819 1719/2559/2819
f 1681/2561/2820 1679/2562/2820 1680/2563/2820
f 1682/2564/2821 1680/2563/2821 1679/2562/2821
f 1680/2563/2822 1682/2564/2822 1596/2565/2822
f 1595/2566/2823 1596/2565/2823 1682/2564/2823
f 1596/2565/2824 1595/2566/2824 1593/2567/2824
f 1591/2568/2825 1593/2567/2825 1595/2566/2825
f 1593/2567/2826 1591/2568/2826 1592/2569/2826
f 1594/2570/2827 1592/2569/2827 1591/2568/2827
f 1598/2571/2828 1592/2569/2828 1594/2570/2828
f 1594/2570/2829 1597/2572/2829 1598/2571/2829
f 1597/2572/2830 1599/2573/2830 1598/2571/2830
f 1600/2574/2831 1598/2571/2831 1599/2573/2831
f 1599/2573/2832 1644/2575/2832 1600/2574/2832
f 1643/2576/2833 1600/2574/2833 1644/2575/2833
f 1644/2575/2834 1566/2577/2834 1643/2576/2834
f 1565/2578/2835 1643/2576/2835 1566/2577/2835
f 1566/2577/2836 1564/2579/2836 1565/2578/2836
f 1567/2580/2837 1565/2578/2837 1564/2579/2837
f 1486/2540/2838 1567/2580/2838 1564/2579/2838
f 1567/2580/2839 1486/2540/2839 1487/2539/2839
f 1076/2581/2840 1428/890/2840 1077/896/2840
f 1077/896/2841 1075/898/2841 1076/2581/2841
f 1076/2581/2842 1075/898/2842 1201/2582/2842
f 1202/2583/2843 1201/2582/2843 1075/898/2843
f 1201/2582/2844 1202/2583/2844 1203/2584/2844
f 1204/2585/2845 1203/2584/2845 1202/2583/2845
f 1204/2585/2846 1205/2586/2846 1203/2584/2846
f 1206/2587/2847 1203/2584/2847 1205/2586/2847
f 1206/2587/2848 1205/2586/2848 1175/628/2848
f 1206/2587/2849 1175/628/2849 1174/629/2849
f 2348/1755/2850 2349/2588/2850 2340/1756/2850
f 2349/2588/2851 2342/1762/2851 2340/1756/2851
f 2349/2588/2852 2373/2589/2852 2342/1762/2852
f 2373/2589/2853 2346/2590/2853 2342/1762/2853
f 2337/1760/2854 2342/1762/2854 2346/2590/2854
f 2346/2590/2855 2345/2591/2855 2337/1760/2855
f 2338/1758/2856 2337/1760/2856 2345/2591/2856
f 2345/2591/2857 2294/2592/2857 2338/1758/2857
f 2281/1757/2858 2338/1758/2858 2294/2592/2858
f 2294/2592/2859 2293/2593/2859 2281/1757/2859
f 2282/782/2860 2281/1757/2860 2293/2593/2860
f 2293/2593/2861 2292/783/2861 2282/782/2861
f 2374/2594/2862 2352/2595/2862 2375/2596/2862
f 2375/2596/2863 2358/2597/2863 2374/2594/2863
f 2357/2598/2864 2374/2594/2864 2358/2597/2864
f 2358/2597/2865 2356/2599/2865 2357/2598/2865
f 2357/2598/2866 2356/2599/2866 2355/2600/2866
f 2331/2601/2867 2355/2600/2867 2356/2599/2867
f 2355/2600/2868 2331/2601/2868 2332/2602/2868
f 2332/2602/2869 2331/2601/2869 1835/2603/2869
f 1834/946/2870 1835/2603/2870 2331/2601/2870
f 1835/2603/2871 1834/946/2871 1833/945/2871
f 2296/2604/2872 2298/2605/2872 2377/2606/2872
f 2298/2605/2873 2296/2604/2873 2295/2607/2873
f 2297/2608/2874 2295/2607/2874 2296/2604/2874
f 2297/2608/2875 2299/2609/2875 2295/2607/2875
f 2300/2610/2876 2295/2607/2876 2299/2609/2876
f 2300/2610/2877 2299/2609/2877 2353/2611/2877
f 2354/2612/2878 2353/2611/2878 2299/2609/2878
f 2354/2612/2879 2351/2613/2879 2353/2611/2879
f 2353/2611/2880 2351/2613/2880 2352/2595/2880
f 2351/2613/2881 2375/2596/2881 2352/2595/2881
f 1775/2614/2882 1773/581/2882 1772/582/2882
f 1772/582/2883 2275/2615/2883 1775/2614/2883
f 2276/2616/2884 1775/2614/2884 2275/2615/2884
f 2302/2617/2885 2276/2616/2885 2275/2615/2885
f 2275/2615/2886 2301/2618/2886 2302/2617/2886
f 2304/2619/2887 2302/2617/2887 2301/2618/2887
f 2301/2618/2888 2303/2620/2888 2304/2619/2888
f 2376/2621/2889 2304/2619/2889 2303/2620/2889
f 2377/2606/2890 2376/2621/2890 2303/2620/2890
f 2298/2605/2891 2376/2621/2891 2377/2606/2891
