# Blender v2.78 (sub 0) OBJ File: ''
# www.blender.org
mtllib wheel.mtl
o WHEEL_WastelandTruck_SM
v -10.496543 3.849000 4.908178
v -10.889726 2.533150 4.908178
v -10.012527 3.671334 4.698639
v -10.387583 2.416146 4.698639
v -10.466516 7.045083 4.672249
v -12.125043 6.216267 4.452374
v -11.251642 5.708818 4.672249
v -11.279405 7.723354 4.452374
v -9.274194 6.242163 4.908178
v -9.969902 5.058084 4.908178
v -12.438272 7.133617 3.909728
v -13.230266 5.466785 3.909726
v -14.244578 2.048651 3.909725
v -13.825105 3.795756 3.909724
v -14.305273 2.332368 3.764006
v -10.003005 3.644950 -8.429955
v -10.960366 2.549610 -8.639513
v -10.564635 3.873995 -8.639513
v -10.413299 2.343227 -8.429955
v -10.399620 7.120718 -8.403765
v -12.207343 6.258592 -8.151555
v -11.355961 7.775909 -8.151556
v -11.179237 5.731240 -8.403764
v -9.334360 6.282679 -8.639513
v -10.034580 5.090920 -8.639513
v -12.496698 7.167249 -7.587689
v -13.292417 5.492590 -7.587686
v -14.364677 2.342180 -7.438857
v -13.890050 3.813710 -7.587684
v -14.311494 2.058404 -7.587681
v -13.911253 6.075864 -2.878923
v -13.905209 6.073204 -0.791010
v -13.346437 7.312370 -1.300683
v -13.349407 7.314009 -2.369340
v -12.720573 6.968336 -7.438862
v -13.566262 5.924585 -6.049585
v -13.062301 7.156218 -5.563928
v -13.824569 6.037884 -3.977343
v -13.192526 7.227806 -4.491044
v -14.351222 3.641034 2.379457
v -14.727526 2.401988 1.893901
v -14.637337 3.714171 0.307481
v -14.881124 2.427328 0.821164
v -14.735874 3.739332 -0.791010
v -15.071445 2.458685 -1.300682
v -8.083554 6.954395 4.698639
v -7.399364 7.678113 4.698639
v -8.474346 7.290726 4.908178
v -7.757087 8.049420 4.908178
v -9.510164 4.824680 4.698639
v -8.846527 5.954172 4.698639
v -11.112753 1.233346 4.908178
v -11.179784 0.191435 4.908179
v -10.600329 1.176263 4.698639
v -10.664268 0.182383 4.698639
v -13.633127 1.414449 4.452373
v -12.617029 0.216661 4.672249
v -12.541384 1.392491 4.672249
v -13.731724 0.209668 4.452374
v -12.795580 4.663084 4.452373
v -12.289689 2.859359 4.672249
v -11.845971 4.344328 4.672249
v -13.320435 2.998378 4.452375
v -9.563867 8.228413 4.672249
v -8.754418 9.084621 4.672248
v -10.350611 9.004678 4.452374
v -9.547325 9.868073 4.452373
v -14.429299 0.427380 3.909723
v -14.408118 -0.807593 3.909722
v -10.745356 9.628735 3.909728
v -11.538081 8.600789 3.909729
v -11.472134 8.887611 3.764012
v -12.667969 6.939400 3.764011
v -14.549830 0.179320 3.764004
v -7.807416 8.101660 -8.639513
v -8.092064 7.038715 -8.429957
v -8.529325 7.338041 -8.639513
v -7.464108 7.713475 -8.429955
v -9.478896 4.859264 -8.429955
v -8.817968 6.037328 -8.429955
v -10.657839 1.104428 -8.429955
v -11.252309 0.192705 -8.639514
v -11.184844 1.241377 -8.639513
v -10.735075 0.161996 -8.429956
v -13.725663 1.424196 -8.151554
v -12.569678 1.303636 -8.403763
v -12.660644 0.192629 -8.403765
v -13.824926 0.211252 -8.151553
v -11.797436 4.299170 -8.403764
v -12.281340 2.764212 -8.403763
v -12.882427 4.694863 -8.151556
v -13.410850 3.018869 -8.151554
v -10.420857 9.065933 -8.151557
v -8.802728 9.097957 -8.403764
v -9.543345 8.301985 -8.403765
v -9.612117 9.935189 -8.151559
v -14.497081 0.429525 -7.587681
v -14.475801 -0.811243 -7.587678
v -10.795829 9.674092 -7.587690
v -11.592279 8.641321 -7.587689
v -11.519769 8.924638 -7.438865
v -14.610248 0.180201 -7.438854
v -15.285864 -0.855176 -2.623324
v -15.280848 -0.854917 -1.046649
v -15.329072 0.190444 -1.300684
v -15.332482 0.190501 -2.369340
v -14.742280 3.740979 -2.878924
v -15.074797 2.459241 -2.369339
v -11.396199 10.213438 -1.046648
v -11.399940 10.216808 -2.623328
v -12.089218 9.367044 -2.369339
v -12.086529 9.364950 -1.300683
v -14.930097 -0.835906 -5.808503
v -15.002734 0.185826 -5.563915
v -14.376681 3.647581 -6.049583
v -14.750577 2.405824 -5.563921
v -11.134624 9.978436 -5.808520
v -11.829228 9.165087 -5.563929
v -15.147532 -0.847655 -4.234664
v -15.152297 0.187971 -4.491036
v -14.897635 2.430079 -4.491040
v -14.650418 3.717537 -3.977342
v -11.947154 9.256714 -4.491046
v -11.296780 10.124148 -4.234676
v -11.116059 9.961713 2.138451
v -11.810740 9.150690 1.893915
v -13.041887 7.144958 1.893911
v -13.542238 5.914003 2.379462
v -14.979288 0.185457 1.893903
v -14.905201 -0.834600 2.138438
v -11.285474 10.113968 0.564811
v -11.933910 9.246396 0.821171
v -13.177902 7.219749 0.821167
v -13.812224 6.032446 0.307482
v -15.135501 0.187706 0.821160
v -15.132372 -0.846862 0.564800
v -14.335832 5.733847 -1.195563
v -14.339653 5.735385 -2.474432
v -14.863700 4.263411 -2.474432
v -14.859740 4.262261 -1.195564
v -15.012410 1.995803 -5.950172
v -14.815042 1.969117 -7.144266
v -14.971826 0.594836 -7.144264
v -15.171283 0.603220 -5.950171
v -13.003105 7.653699 -5.950179
v -12.832155 7.552656 -7.144271
v -12.229913 8.914102 -5.950181
v -12.069134 8.796486 -7.144273
v -14.023062 5.608253 -5.665828
v -14.188400 5.674686 -4.384942
v -14.535541 4.168761 -5.665830
v -14.706921 4.218220 -4.384940
v -15.381503 2.045520 -2.772783
v -15.268587 2.030343 -4.084174
v -15.430164 0.614020 -4.084171
v -15.544276 0.618734 -2.772781
v -13.224992 7.784749 -4.084177
v -13.322795 7.842470 -2.772783
v -12.530589 9.133876 -2.772782
v -12.438602 9.066667 -4.084178
v -12.980632 7.640393 2.280081
v -12.792015 7.528911 3.481324
v -12.031380 8.768847 3.481326
v -12.208778 8.898614 2.280082
v -14.986466 1.992267 2.280070
v -14.768697 1.962839 3.481314
v -15.145066 0.602089 2.280069
v -14.924988 0.592856 3.481316
v -14.512193 4.161987 1.995795
v -14.691271 4.213678 0.715076
v -14.000536 5.599169 1.995797
v -14.173303 5.668591 0.715080
v -13.212586 7.777401 0.414324
v -13.317589 7.839389 -0.897161
v -12.426936 9.058114 0.414324
v -12.525693 9.130283 -0.897163
v -15.375495 2.044702 -0.897163
v -15.254265 2.028389 0.414317
v -15.538202 0.618473 -0.897163
v -15.415693 0.613396 0.414317
v -5.622719 9.060066 4.698638
v -4.469293 9.681174 4.698638
v -5.894581 9.498161 4.908177
v -4.685413 10.149286 4.908177
v -3.902274 11.997474 4.672247
v -2.401803 12.385575 4.672247
v -4.160106 12.973843 4.452374
v -2.495519 13.439768 4.452372
v -3.457551 10.630529 4.908177
v -2.127972 10.974429 4.908177
v -3.732027 13.843624 3.909733
v -5.471510 13.226901 3.909732
v -8.607542 11.530359 3.909730
v -7.074491 12.467623 3.909732
v -8.449598 11.773772 3.764014
v -5.932829 9.559795 -8.639512
v -4.481571 9.655448 -8.429955
v -5.692719 9.026484 -8.429955
v -4.715818 10.215144 -8.639513
v -4.188352 13.062027 -8.151559
v -2.300682 12.391295 -8.403764
v -3.835419 11.961700 -8.403764
v -2.512471 13.531114 -8.151559
v -2.141790 11.045637 -8.639513
v -3.479993 10.699508 -8.639512
v -5.497216 13.289155 -7.587695
v -3.749567 13.908766 -7.587695
v -8.484688 11.822783 -7.438868
v -7.107730 12.526309 -7.587693
v -8.647976 11.584651 -7.587692
v -4.248808 14.616407 -2.369339
v -5.519797 14.133394 -0.791010
v -4.247865 14.613145 -1.300682
v -5.522197 14.139559 -2.878927
v -4.048599 13.926762 -7.438872
v -5.385214 13.788318 -6.049603
v -4.157403 14.301563 -5.563938
v -4.198859 14.444395 -4.491053
v -5.487780 14.051327 -3.977352
v -7.556008 12.730915 2.379472
v -8.699018 12.122039 1.893917
v -7.706667 12.985266 0.307487
v -8.789749 12.248737 0.821174
v -7.758559 13.072822 -0.791009
v -8.902171 12.405692 -1.300682
v 0.222928 11.177071 4.908177
v -0.782803 10.634699 4.698638
v 0.212771 10.661577 4.698638
v -0.820760 11.148893 4.908177
v -3.298036 10.140231 4.698638
v -2.029752 10.468279 4.698638
v -6.650666 8.334874 4.698638
v -6.972206 8.737924 4.908177
v -8.624481 10.649465 4.452373
v -7.868661 9.861615 4.672247
v -6.652531 10.719565 4.672247
v -5.733241 12.351422 4.452373
v -7.282291 11.547066 4.452374
v -5.287950 11.454376 4.672247
v -0.931409 13.687499 4.452374
v 0.251253 12.614259 4.672247
v 0.247843 13.728985 4.452373
v -0.926578 12.582461 4.672247
v -9.886072 10.515690 3.909730
v -0.768482 14.407839 3.909733
v -2.057012 14.242773 3.909734
v -1.807297 14.398721 3.764016
v -4.031847 13.869051 3.764017
v -10.146974 10.425757 3.764013
v -0.826097 11.221234 -8.639513
v 0.224360 11.249593 -8.639513
v -0.727642 10.700044 -8.429955
v 0.194294 10.732471 -8.429955
v -3.251699 10.142108 -8.429955
v -1.950397 10.506383 -8.429955
v -6.742292 8.324562 -8.429955
v -7.017444 8.794627 -8.639512
v -8.683018 10.721883 -8.151557
v -7.951737 9.818480 -8.403764
v -7.331732 11.625564 -8.151558
v -5.772169 12.435387 -8.151558
v -6.714142 10.646137 -8.403764
v -5.285863 11.387808 -8.403764
v -0.937744 13.780525 -8.151559
v 0.228698 12.657950 -8.403764
v -0.858584 12.619699 -8.403764
v 0.249510 13.822302 -8.151558
v -9.932511 10.565216 -7.587690
v -0.772094 14.475639 -7.587696
v -2.066680 14.309795 -7.587697
v -1.814811 14.458632 -7.438873
v -10.189104 10.469175 -7.438868
v -10.690376 10.985528 -1.300682
v -10.692754 10.987983 -2.369339
v -7.761931 13.078527 -2.878925
v -8.904153 12.408463 -2.369339
v -0.815395 15.286976 -2.623327
v -1.904173 15.171177 -1.300681
v -0.815128 15.281946 -1.046646
v -1.904598 15.174562 -2.369340
v -10.462806 10.751134 -5.563932
v -7.569414 12.753584 -6.049600
v -8.712635 12.141091 -5.563933
v -0.796380 14.930634 -5.808527
v -1.863606 14.847720 -5.563940
v -10.567105 10.858587 -4.491048
v -7.713555 12.996913 -3.977351
v -8.799500 12.262389 -4.491050
v -0.808001 15.148454 -4.234680
v -1.882190 14.995996 -4.491055
v -0.795057 14.905656 2.138461
v -1.860686 14.824441 1.893924
v -5.375680 13.763808 2.379474
v -4.150899 14.279140 1.893922
v -10.446452 10.734263 1.893918
v -0.807190 15.133247 0.564815
v -1.880106 14.979320 0.821179
v -4.194203 14.428333 0.821178
v -5.482876 14.038742 0.307489
v -10.555391 10.846498 0.821171
v -6.064179 14.198534 -1.195563
v -6.065799 14.202334 -2.474432
v -7.477885 13.533531 -2.474433
v -7.475892 13.529908 -1.195564
v -9.187783 12.036714 -5.950189
v -9.066991 11.878042 -7.144281
v -10.150912 11.018085 -7.144281
v -10.286133 11.165305 -5.950187
v -3.763271 14.611019 -5.950194
v -3.713776 14.418523 -7.144283
v -2.324451 14.954011 -5.950195
v -2.293872 14.756998 -7.144284
v -5.931847 13.888261 -5.665846
v -6.001797 14.052309 -4.384951
v -7.312761 13.234214 -5.665844
v -7.398992 13.390557 -4.384953
v -9.344568 12.242573 -4.084184
v -9.413680 12.333277 -2.772783
v -10.461652 11.356297 -4.084182
v -10.539017 11.440451 -2.772783
v -3.827505 14.860791 -4.084185
v -3.855825 14.970852 -2.772783
v -2.381629 15.322273 -2.772783
v -2.364135 15.209633 -4.084183
v -3.756758 14.585689 2.280092
v -3.702153 14.373308 3.481332
v -2.286691 14.710732 3.481333
v -2.320423 14.928085 2.280093
v -9.171906 12.015831 2.280087
v -9.038625 11.840775 3.481328
v -10.268358 11.145926 2.280086
v -10.119159 10.983498 3.481329
v -7.301014 13.212877 1.995808
v -7.391121 13.376254 0.715086
v -5.922313 13.865873 1.995809
v -5.995410 14.037307 0.715088
v -3.823914 14.846801 0.414330
v -3.854317 14.964977 -0.897162
v -2.361916 15.195316 0.414328
v -2.380699 15.316262 -0.897160
v -9.335808 12.231038 0.414324
v -9.410002 12.328436 -0.897161
v -10.534899 11.435959 -0.897161
v -10.451837 11.345600 0.414324
v -9.487731 -5.922450 4.908180
v -9.673804 -4.497560 4.698639
v -10.141453 -4.714686 4.908180
v -9.050220 -5.649645 4.698639
v -13.436491 -2.532675 4.452374
v -12.966990 -4.196549 4.452374
v -12.382642 -2.435894 4.672250
v -11.991316 -3.935526 4.672250
v -10.625333 -3.487862 4.908180
v -10.972090 -2.159024 4.908180
v -13.837358 -3.770053 3.909719
v -13.217097 -5.508522 3.909722
v -11.515405 -8.639609 3.909718
v -12.454932 -7.109715 3.909718
v -11.758921 -8.482387 3.764000
v -9.648351 -4.510637 -8.429956
v -9.549282 -5.960831 -8.639513
v -10.207246 -4.745233 -8.639514
v -9.017250 -5.720149 -8.429956
v -12.388540 -2.335552 -8.403765
v -13.055000 -4.224892 -8.151552
v -13.527685 -2.549722 -8.151552
v -11.955650 -3.869562 -8.403765
v -11.043272 -2.172997 -8.639514
v -10.694265 -3.510452 -8.639514
v -13.279181 -5.534272 -7.587677
v -13.902350 -3.787634 -7.587679
v -11.807753 -8.517480 -7.438848
v -12.513438 -7.142982 -7.587676
v -11.569504 -8.680058 -7.587675
v -14.122159 -5.557683 -0.791014
v -14.607704 -4.287452 -2.369338
v -14.128298 -5.560076 -2.878924
v -14.604455 -4.286510 -1.300683
v -13.919643 -4.086714 -7.438852
v -13.777951 -5.422846 -6.049570
v -14.293561 -4.195772 -5.563911
v -14.040267 -5.525569 -3.977335
v -14.436048 -4.237327 -4.491035
v -12.716739 -7.591214 2.379443
v -12.106019 -8.731950 1.893893
v -12.970261 -7.741976 0.307473
v -12.232271 -8.822714 0.821154
v -13.057578 -7.793927 -0.791016
v -12.388719 -8.935227 -1.300683
v -11.149363 -0.852191 4.908179
v -10.635249 -0.813128 4.698639
v -10.135377 -3.327293 4.698639
v -10.466148 -2.059715 4.698639
v -7.738793 -7.345672 4.698416
v -8.322822 -6.676033 4.698639
v -8.112920 -7.700447 4.907956
v -8.725177 -6.998441 4.908180
v -9.155991 -8.689539 4.672026
v -10.635072 -8.654236 4.452373
v -9.939708 -9.480957 4.452183
v -9.846940 -7.897311 4.672250
v -12.341475 -5.768529 4.452375
v -10.707503 -6.683026 4.672250
v -11.445243 -5.320033 4.672250
v -11.534475 -7.315426 4.452374
v -13.687685 -0.969218 4.452375
v -12.582699 -0.961097 4.672250
v -10.499400 -9.913483 3.909719
v -9.712049 -10.681358 3.909611
v -14.240172 -2.095625 3.909721
v -14.396614 -1.846171 3.764002
v -13.862082 -4.069940 3.763999
v -10.409132 -10.173549 3.764000
v -10.700829 -0.759374 -8.429956
v -11.221692 -0.857688 -8.639514
v -10.504554 -1.981183 -8.429956
v -10.137488 -3.281717 -8.429956
v -8.165554 -7.750360 -8.639291
v -8.313862 -6.767151 -8.429955
v -7.770130 -7.413871 -8.429734
v -8.781783 -7.043798 -8.639513
v -10.707261 -8.712823 -8.151551
v -9.164307 -8.742188 -8.403543
v -10.007177 -9.545141 -8.151367
v -9.805408 -7.979739 -8.403765
v -12.425241 -5.807541 -8.151551
v -10.634748 -6.745234 -8.403765
v -11.612764 -7.364940 -8.151551
v -11.378880 -5.318922 -8.403765
v -13.780589 -0.975644 -8.151553
v -12.620103 -0.894210 -8.403765
v -10.548727 -9.959910 -7.587675
v -9.757671 -10.731391 -7.587575
v -14.307062 -2.105333 -7.587680
v -14.456394 -1.853710 -7.438851
v -10.452361 -10.215657 -7.438848
v -10.966688 -10.716886 -1.300683
v -10.303769 -11.330409 -2.623324
v -10.300388 -11.326706 -1.046650
v -10.969128 -10.719257 -2.369338
v -13.063253 -7.797291 -2.878925
v -12.391474 -8.937203 -2.369338
v -15.167616 -1.943594 -1.300684
v -15.170989 -1.944016 -2.369339
v -10.063918 -11.067340 -5.808496
v -10.733189 -10.489306 -5.563907
v -12.739305 -7.604587 -6.049569
v -12.124966 -8.745543 -5.563908
v -14.844730 -1.902753 -5.563913
v -10.210507 -11.228093 -4.234661
v -10.840202 -10.593580 -4.491032
v -12.981855 -7.748846 -3.977335
v -12.245847 -8.832447 -4.491033
v -14.992712 -1.921444 -4.491036
v -14.821530 -1.899861 1.893899
v -13.753551 -5.413333 2.379446
v -14.271221 -4.189295 1.893897
v -10.047146 -11.048966 2.138426
v -10.716414 -10.472992 1.893893
v -14.976091 -1.919375 0.821160
v -14.420048 -4.232687 0.821158
v -14.027732 -5.520679 0.307475
v -10.200293 -11.216908 0.564795
v -10.828187 -10.581895 0.821157
v -14.186180 -6.102273 -1.195564
v -14.189960 -6.103887 -2.474430
v -13.518623 -7.514405 -2.474430
v -13.515023 -7.512418 -1.195565
v -12.020024 -9.220136 -5.950161
v -11.861988 -9.099370 -7.144256
v -11.000896 -10.179341 -7.144255
v -11.147467 -10.314482 -5.950159
v -14.603960 -3.802324 -5.950162
v -14.411965 -3.752779 -7.144259
v -14.950104 -2.363962 -5.950164
v -14.753563 -2.333333 -7.144258
v -13.876703 -5.969688 -5.665817
v -14.040308 -6.039743 -4.384933
v -13.220181 -7.349067 -5.665816
v -13.376047 -7.435389 -4.384932
v -12.225144 -9.376979 -4.084167
v -12.315556 -9.446147 -2.772782
v -11.337708 -10.489985 -4.084169
v -11.421558 -10.567380 -2.772783
v -14.853149 -3.866730 -4.084168
v -14.962980 -3.895164 -2.772781
v -15.317638 -2.421422 -2.772782
v -15.205202 -2.403815 -4.084166
v -14.578720 -3.795844 2.280064
v -14.366879 -3.741158 3.481313
v -14.707409 -2.326152 3.481313
v -14.924266 -2.359962 2.280065
v -11.999252 -9.204288 2.280062
v -11.824877 -9.071028 3.481310
v -11.128201 -10.296744 2.280061
v -10.966480 -10.147622 3.481309
v -13.198945 -7.337343 1.995782
v -13.361815 -7.427531 0.715069
v -13.854412 -5.960181 1.995783
v -14.025367 -6.033378 0.715069
v -14.839218 -3.863151 0.414317
v -14.957137 -3.893657 -0.897161
v -15.190940 -2.401607 0.414317
v -15.311654 -2.420496 -0.897163
v -12.213679 -9.368233 0.414315
v -12.310744 -9.442476 -0.897161
v -11.417097 -10.563272 -0.897164
v -11.327075 -10.480195 0.414313
v 2.564023 10.881978 4.908177
v 3.700319 10.002335 4.698638
v 3.879024 10.485968 4.908177
v 2.445940 10.380088 4.698638
v 7.075038 10.449070 4.672247
v 7.754584 11.259746 4.452371
v 6.248294 12.109534 4.452372
v 5.740459 11.237070 4.672247
v 6.269555 9.258477 4.908177
v 5.086974 9.956732 4.908177
v 7.166363 12.420780 3.909732
v 5.500869 13.216872 3.909730
v 2.086327 14.238353 3.909732
v 3.831556 13.815340 3.909734
v 2.369940 14.298532 3.764017
v 3.672204 9.993459 -8.429955
v 2.580635 10.952584 -8.639513
v 3.904169 10.554008 -8.639513
v 2.372203 10.406557 -8.429955
v 7.150016 10.381221 -8.403765
v 6.290687 12.191855 -8.151557
v 7.807194 11.336303 -8.151559
v 5.761154 11.164770 -8.403765
v 6.310198 9.318556 -8.639513
v 5.119951 10.021336 -8.639513
v 5.526699 13.279075 -7.587695
v 7.200016 12.479254 -7.587695
v 2.379778 14.358019 -7.438875
v 3.849545 13.880355 -7.587697
v 2.096115 14.305347 -7.587697
v 7.347409 13.332929 -2.369341
v 6.110230 13.897766 -2.878929
v 7.345777 13.329955 -1.300684
v 6.107581 13.891704 -0.791012
v 7.001412 12.703722 -7.438873
v 5.958757 13.552509 -6.049603
v 7.189435 13.045691 -5.563941
v 6.072176 13.811045 -3.977352
v 7.261095 13.175998 -4.491054
v 3.677533 14.342340 2.379474
v 2.439842 14.721299 1.893923
v 2.465270 14.875094 0.821175
v 3.750817 14.628806 0.307488
v 2.496768 15.065622 -1.300684
v 3.776047 14.727433 -0.791010
v 8.073546 7.737488 4.908177
v 6.979230 8.066303 4.698638
v 7.701475 7.380558 4.698638
v 7.316401 8.456371 4.908177
v 4.852583 9.497494 4.698638
v 5.980643 8.831432 4.698638
v 1.264696 11.107801 4.908177
v 1.206515 10.595501 4.698638
v 1.451468 13.627955 4.452371
v 1.426917 12.536087 4.672247
v 4.696510 12.783740 4.452371
v 2.893240 12.281239 4.672247
v 4.377252 11.834331 4.672247
v 3.033638 13.312110 4.452371
v 9.899163 9.520870 4.452371
v 9.035997 10.326711 4.452370
v 9.110891 8.732592 4.672247
v 8.256429 9.543875 4.672247
v 0.466574 14.426343 3.909733
v 8.632940 11.516376 3.909730
v 9.661017 10.720153 3.909728
v 8.919867 11.449658 3.764013
v 6.972469 12.651073 3.764015
v 0.218871 14.547458 3.764016
v 7.065251 8.072189 -8.429957
v 8.125896 7.787700 -8.639514
v 7.740328 7.442097 -8.429957
v 7.363835 8.511249 -8.639514
v 6.063156 8.801819 -8.429956
v 4.885409 9.466301 -8.429955
v 1.135297 10.653484 -8.429955
v 1.272884 11.179873 -8.639513
v 1.461304 13.720582 -8.151558
v 1.338455 12.564795 -8.403764
v 2.797221 12.273582 -8.403764
v 4.728370 12.870643 -8.151558
v 4.330390 11.786415 -8.403764
v 3.054213 13.402586 -8.151558
v 9.127531 8.777864 -8.403765
v 9.097295 10.396938 -8.151558
v 9.966319 9.585638 -8.151556
v 8.331594 9.520882 -8.403765
v 0.468756 14.494230 -7.587698
v 9.706373 10.770638 -7.587692
v 8.673477 11.570597 -7.587694
v 8.956897 11.497324 -7.438871
v 0.219771 14.607978 -7.438875
v 0.230555 15.331303 -2.369341
v 0.230504 15.327884 -1.300685
v 3.777686 14.733861 -2.878928
v 2.497327 15.068983 -2.369342
v 9.399519 12.066925 -2.369340
v 10.245996 11.370973 -1.046648
v 10.249359 11.374718 -2.623328
v 9.397429 12.064234 -1.300683
v 0.225635 15.001090 -5.563944
v 3.684056 14.367867 -6.049602
v 2.443656 14.744411 -5.563944
v 9.197431 11.806892 -5.563937
v 10.010886 11.109399 -5.808525
v 0.227867 15.150895 -4.491057
v 2.468005 14.891655 -4.491057
v 3.754162 14.641926 -3.977354
v 9.289093 11.924859 -4.491054
v 10.156641 11.271581 -4.234680
v 9.994200 11.090788 2.138452
v 9.183062 11.788362 1.893917
v 5.948209 13.528424 2.379475
v 7.178211 13.025225 1.893918
v 0.225285 14.977571 1.893924
v 9.278797 11.911589 0.821174
v 10.146473 11.260254 0.564811
v 6.066755 13.798662 0.307487
v 7.253047 13.161342 0.821174
v 0.227615 15.134045 0.821177
v 5.769166 14.323129 -1.195567
v 5.770705 14.326965 -2.474436
v 4.300196 14.854196 -2.474433
v 4.299048 14.850225 -1.195565
v 2.034563 15.006917 -5.950196
v 2.007838 14.809216 -7.144284
v 0.634764 14.968792 -7.144284
v 0.643201 15.168627 -5.950196
v 7.687104 12.985123 -5.950191
v 7.586075 12.813987 -7.144280
v 8.946936 12.208364 -5.950190
v 8.829345 12.047441 -7.144281
v 5.643341 14.010140 -5.665848
v 5.709851 14.175623 -4.384953
v 4.205300 14.525727 -5.665849
v 4.254857 14.697293 -4.384954
v 2.084543 15.376483 -2.772788
v 2.069250 15.263439 -4.084186
v 0.654145 15.427903 -4.084186
v 0.658971 15.542164 -2.772789
v 7.818239 13.207153 -4.084185
v 7.876044 13.304986 -2.772791
v 9.166832 12.509136 -2.772788
v 9.099561 12.417148 -4.084184
v 7.673825 12.962597 2.280087
v 7.562359 12.773791 3.481329
v 8.801734 12.009639 3.481328
v 8.931479 12.187186 2.280086
v 2.031054 14.980897 2.280091
v 2.001566 14.762774 3.481331
v 0.642093 15.142327 2.280092
v 0.632783 14.921855 3.481331
v 4.198544 14.502313 1.995809
v 4.250329 14.681598 0.715087
v 5.634272 13.987554 1.995810
v 5.703787 14.160481 0.715086
v 7.810906 13.194716 0.414327
v 7.872965 13.299762 -0.897160
v 9.091024 12.405451 0.414327
v 9.163254 12.504231 -0.897161
v 2.083730 15.370446 -0.897161
v 2.067312 15.249072 0.414330
v 0.658717 15.536065 -0.897161
v 0.653537 15.413390 0.414330
v 10.166804 4.661307 4.908176
v 9.079604 5.600947 4.698638
v 9.698231 4.446190 4.698638
v 9.518283 5.871868 4.908177
v 12.398178 2.372891 4.672247
v 12.989635 4.131360 4.452372
v 12.013305 3.874189 4.672247
v 13.452133 2.464811 4.452371
v 10.986447 2.102098 4.908176
v 10.645407 3.432410 4.908176
v 13.858319 3.701354 3.909721
v 13.245391 5.442679 3.909723
v 11.557204 8.580631 3.909725
v 12.490061 7.046956 3.909726
v 11.799997 8.422514 3.764008
v 9.672117 4.460396 -8.429957
v 9.580001 5.909984 -8.639514
v 10.232730 4.691566 -8.639514
v 9.046616 5.672141 -8.429957
v 13.077780 4.159533 -8.151554
v 12.403179 2.272209 -8.403765
v 11.976749 3.808903 -8.403764
v 13.543413 2.481680 -8.151554
v 11.057687 2.115755 -8.639514
v 10.714435 3.454697 -8.639514
v 13.923404 3.718874 -7.587685
v 13.307590 5.468375 -7.587687
v 11.848982 8.457609 -7.438867
v 12.548713 7.080183 -7.587690
v 11.611476 8.621066 -7.587690
v 14.150815 5.490242 -0.791013
v 14.631027 4.217913 -2.369341
v 14.156965 5.492649 -2.878928
v 14.627774 4.216964 -1.300685
v 13.805964 5.355829 -6.049590
v 13.941966 4.018058 -7.438860
v 14.316424 4.126695 -5.563926
v 14.068769 5.458298 -3.977347
v 14.459125 4.168084 -4.491045
v 12.753971 7.528360 2.379461
v 12.148188 8.671857 1.893911
v 13.008172 7.678977 0.307480
v 12.274842 8.762575 0.821167
v 13.095715 7.730827 -0.791012
v 12.431777 8.874929 -1.300686
v 10.643827 0.757648 4.698638
v 11.184035 -0.249228 4.908176
v 11.158102 0.794504 4.908176
v 10.668565 -0.237972 4.698637
v 10.154768 3.273945 4.698638
v 10.480086 2.004958 4.698638
v 8.760365 6.951123 4.908177
v 8.356627 6.630449 4.698638
v 10.677106 8.598509 4.452372
v 9.885981 7.845160 4.672247
v 10.741313 6.627191 4.672247
v 12.370810 5.706075 4.452372
v 11.570519 7.256146 4.452374
v 11.473190 5.261034 4.672247
v 13.696793 0.898842 4.452374
v 12.591892 0.897239 4.672247
v 12.621160 -0.280658 4.672247
v 13.735895 -0.281177 4.452371
v 10.546986 9.858899 3.909727
v 14.416612 0.734500 3.909720
v 14.254098 2.024423 3.909723
v 14.409498 1.774248 3.764003
v 13.884319 4.001316 3.764005
v 10.457869 10.119573 3.764010
v 11.230453 0.799687 -8.639514
v 11.256555 -0.250815 -8.639514
v 10.708800 0.701117 -8.429956
v 10.739552 -0.221776 -8.429956
v 10.155829 3.229182 -8.429956
v 10.517409 1.925941 -8.429956
v 8.348351 6.721323 -8.429957
v 8.817164 6.996239 -8.639514
v 9.844746 7.927553 -8.403765
v 10.749551 8.657005 -8.151556
v 11.406223 5.260838 -8.403765
v 10.668410 6.689983 -8.403765
v 12.454750 5.744934 -8.151556
v 11.649027 7.305529 -8.151555
v 13.789733 0.905096 -8.151553
v 12.664919 -0.259933 -8.403765
v 12.628795 0.828170 -8.403765
v 13.829095 -0.282927 -8.151554
v 10.596502 9.905340 -7.587692
v 14.484317 0.738082 -7.587682
v 14.321036 2.034073 -7.587683
v 14.469323 1.781737 -7.438860
v 10.501272 10.161717 -7.438869
v 11.017740 10.662938 -1.300683
v 11.020192 10.665321 -2.369340
v 13.101404 7.734210 -2.878928
v 12.434545 8.876920 -2.369344
v 15.294693 0.780841 -2.623329
v 15.181070 1.870704 -1.300685
v 15.289670 0.780573 -1.046651
v 15.184445 1.871130 -2.369340
v 10.783272 10.435422 -5.563938
v 12.167200 8.685509 -5.563932
v 12.776594 7.541806 -6.049591
v 14.857944 1.830353 -5.563922
v 14.938785 0.762051 -5.808509
v 10.890732 10.539721 -4.491052
v 12.288462 8.772354 -4.491050
v 13.019795 7.685886 -3.977347
v 15.156303 0.773559 -4.234673
v 15.006037 1.848865 -4.491043
v 14.913879 0.760690 2.138438
v 14.834726 1.827410 1.893902
v 13.781519 5.346258 2.379460
v 14.294049 4.120167 1.893904
v 10.766418 10.419035 1.893913
v 15.141135 0.772739 0.564800
v 14.989402 1.846767 0.821161
v 14.443090 4.163415 0.821164
v 14.056217 5.453382 0.307479
v 10.878663 10.527985 0.821167
v 14.217160 6.034531 -1.195568
v 14.220948 6.036155 -2.474433
v 13.555575 7.449408 -2.474432
v 13.551959 7.447408 -1.195567
v 12.064285 9.160292 -5.950186
v 11.905718 9.039432 -7.144279
v 11.049472 10.123225 -7.144280
v 11.196624 10.258524 -5.950187
v 14.625187 3.731570 -5.950177
v 14.432946 3.682081 -7.144269
v 14.965286 2.291157 -5.950175
v 14.768566 2.260592 -7.144269
v 13.907059 5.902374 -5.665837
v 14.070985 5.972280 -4.384947
v 13.256378 7.284423 -5.665839
v 13.412632 7.370619 -4.384948
v 12.270090 9.317055 -4.084184
v 12.360803 9.386113 -2.772788
v 11.387617 10.434039 -4.084185
v 11.471803 10.511362 -2.772788
v 14.874706 3.795709 -4.084178
v 14.984692 3.823933 -2.772788
v 15.333141 2.348135 -2.772789
v 15.220602 2.330727 -4.084177
v 14.599914 3.725035 2.280073
v 14.387804 3.670439 3.481316
v 14.722379 2.253400 3.481317
v 14.939424 2.287108 2.280074
v 12.043445 9.144378 2.280083
v 11.868482 9.011038 3.481320
v 11.177279 10.240712 2.280083
v 11.014919 10.091440 3.481322
v 13.235083 7.272646 1.995797
v 13.398359 7.362719 0.715077
v 13.884719 5.892821 1.995795
v 14.056015 5.965863 0.715076
v 14.860748 3.792102 0.414319
v 14.978837 3.822422 -0.897163
v 15.206326 2.328492 0.414317
v 15.327146 2.347189 -0.897165
v 12.258575 9.308265 0.414321
v 12.355973 9.382426 -0.897163
v 11.467321 10.507237 -0.897163
v 11.376937 10.424207 0.414324
v 10.485073 -3.903836 4.908176
v 10.382276 -2.470525 4.698637
v 10.001825 -3.724092 4.698637
v 10.883910 -2.589687 4.908176
v 11.251575 -7.781457 4.452370
v 12.103878 -6.277616 4.452367
v 10.441302 -7.099763 4.672246
v 11.232170 -5.766886 4.672246
v 9.252446 -6.291724 4.908176
v 9.953238 -5.110650 4.908176
v 12.413146 -7.196064 3.909718
v 13.212303 -5.532444 3.909717
v 14.241006 -2.119764 3.909719
v 13.814204 -3.864185 3.909718
v 14.300499 -2.403424 3.763999
v 10.954485 -2.606457 -8.639514
v 9.993258 -3.696554 -8.429956
v 10.409130 -2.397469 -8.429956
v 10.553054 -3.929133 -8.639514
v 12.186005 -6.320081 -8.151550
v 10.374291 -7.174941 -8.403765
v 11.160193 -5.788310 -8.403765
v 11.327922 -7.834123 -8.151549
v 9.312435 -6.332504 -8.639514
v 10.017770 -5.143770 -8.639514
v 13.274350 -5.558301 -7.587676
v 12.471437 -7.229745 -7.587675
v 14.359860 -2.413291 -7.438854
v 13.879070 -3.882216 -7.587676
v 14.307884 -2.129583 -7.587677
v 13.884727 -6.139478 -0.791017
v 13.320661 -7.376322 -1.300683
v 13.890759 -6.142118 -2.878925
v 13.323622 -7.377957 -2.369339
v 13.546387 -5.990440 -6.049575
v 12.696184 -7.031640 -7.438852
v 13.037157 -7.219798 -5.563913
v 13.804232 -6.103976 -3.977340
v 13.167091 -7.291515 -4.491036
v 14.340969 -3.710704 2.379449
v 14.722477 -2.473581 1.893895
v 14.626795 -3.784096 0.307474
v 14.875975 -2.499065 0.821157
v 15.066171 -2.530712 -1.300685
v 14.725230 -3.809425 -0.791016
v 7.727577 -8.092442 4.908174
v 8.058751 -6.998833 4.698637
v 7.371451 -7.719602 4.698635
v 8.448093 -7.336841 4.908176
v 8.826025 -6.001892 4.698637
v 9.494507 -4.875271 4.698637
v 11.112526 -1.290859 4.908176
v 10.600352 -1.231574 4.698637
v 13.632277 -1.483951 4.452369
v 12.540458 -1.456144 4.672246
v 12.282460 -2.921908 4.672246
v 12.781096 -4.727242 4.452368
v 13.312966 -3.065307 4.452369
v 11.832360 -4.404962 4.672246
v 10.316837 -9.059225 4.452368
v 8.720447 -9.131927 4.672244
v 9.509443 -9.919169 4.452368
v 9.533568 -8.279206 4.672246
v 14.432545 -0.500914 3.909720
v 11.506463 -8.659720 3.909716
v 10.708982 -9.684455 3.909715
v 11.439253 -8.946187 3.763996
v 12.643695 -7.002688 3.763996
v 14.554127 -0.253553 3.764002
v 7.434782 -7.756516 -8.429955
v 8.066092 -7.083930 -8.429958
v 7.777684 -8.144895 -8.639512
v 8.502864 -7.384397 -8.639514
v 8.797124 -6.084570 -8.429957
v 9.463674 -4.908649 -8.429957
v 10.658690 -1.161601 -8.429956
v 11.184578 -1.299204 -8.639513
v 13.724766 -1.493879 -8.151551
v 12.569438 -1.368737 -8.403764
v 12.867807 -4.759188 -8.151551
v 12.275060 -2.826599 -8.403764
v 13.403293 -3.085965 -8.151551
v 11.784647 -4.358844 -8.403765
v 8.767900 -9.146182 -8.403763
v 10.386844 -9.120556 -8.151549
v 9.573977 -9.986330 -8.151546
v 9.512362 -8.353198 -8.403765
v 14.500324 -0.503129 -7.587678
v 10.759274 -9.729811 -7.587672
v 11.560499 -8.700265 -7.587674
v 11.486737 -8.983206 -7.438848
v 14.614551 -0.254492 -7.438856
v 15.333405 -0.265616 -1.300686
v 15.336817 -0.265666 -2.369341
v 15.069518 -2.531266 -2.369342
v 14.731627 -3.811045 -2.878924
v 11.357527 -10.269467 -1.046652
v 11.361257 -10.272822 -2.623327
v 12.054446 -9.425926 -2.369342
v 12.051764 -9.423838 -1.300686
v 15.007061 -0.260533 -5.563920
v 14.366407 -3.717192 -6.049577
v 14.745515 -2.477361 -5.563917
v 11.795252 -9.223761 -5.563911
v 11.096882 -10.034349 -5.808497
v 15.156630 -0.262831 -4.491042
v 14.892484 -2.501783 -4.491039
v 14.639859 -3.787440 -3.977340
v 11.912815 -9.315434 -4.491035
v 11.258460 -10.180071 -4.234663
v 11.078382 -10.017703 2.138427
v 11.776816 -9.209434 1.893891
v 13.522400 -5.979928 2.379446
v 13.016782 -7.208605 1.893891
v 14.983609 -0.260211 1.893900
v 11.247200 -10.169928 0.564794
v 11.899610 -9.305165 0.821153
v 13.791911 -6.098571 0.307472
v 13.152498 -7.283489 0.821154
v 15.139832 -0.262595 0.821158
v 14.316756 -5.801962 -1.195567
v 14.320570 -5.803495 -2.474432
v 14.850804 -4.333902 -2.474433
v 14.846849 -4.332761 -1.195569
v 15.009026 -2.068954 -5.950170
v 14.811749 -2.042214 -7.144262
v 14.974361 -0.669845 -7.144262
v 15.173803 -0.678296 -5.950171
v 12.975816 -7.717354 -5.950164
v 12.805252 -7.616345 -7.144256
v 12.197114 -8.974663 -5.950165
v 12.036786 -8.857126 -7.144257
v 14.004500 -5.675932 -5.665821
v 14.169576 -5.742517 -4.384937
v 14.523035 -4.238785 -5.665822
v 14.694221 -4.288424 -4.384940
v 15.377933 -2.119168 -2.772786
v 15.265079 -2.103789 -4.084175
v 15.432660 -0.689378 -4.084175
v 15.546759 -0.694296 -2.772788
v 13.197177 -7.848571 -4.084173
v 13.294743 -7.906455 -2.772787
v 12.496909 -9.194652 -2.772787
v 12.405195 -9.127320 -4.084173
v 12.953390 -7.704110 2.280061
v 12.765203 -7.592638 3.481306
v 11.999133 -8.829545 3.481306
v 12.176036 -8.959248 2.280060
v 14.983088 -2.065476 2.280066
v 14.765427 -2.035953 3.481309
v 15.147583 -0.677217 2.280069
v 14.927519 -0.667863 3.481312
v 14.499715 -4.232052 1.995783
v 14.678593 -4.283914 0.715069
v 13.982009 -5.666890 1.995784
v 14.154504 -5.736460 0.715068
v 13.184805 -7.841253 0.414310
v 13.289544 -7.903379 -0.897166
v 12.393570 -9.118804 0.414311
v 12.492025 -9.191081 -0.897166
v 15.371926 -2.118359 -0.897166
v 15.250768 -2.101848 0.414314
v 15.540689 -0.694040 -0.897165
v 15.418187 -0.688766 0.414317
v -2.485381 -10.379216 4.698627
v -3.918895 -10.478934 4.908166
v -2.605611 -10.880594 4.908166
v -3.738112 -9.996075 4.698627
v -5.783554 -11.222019 4.672237
v -7.114720 -10.428295 4.672237
v -6.299601 -12.092390 4.452364
v -7.799770 -11.238847 4.452365
v -6.304130 -9.241175 4.908166
v -5.124560 -9.944505 4.908166
v -7.218560 -12.400109 3.909711
v -5.557190 -13.201191 3.909711
v -2.142177 -14.236465 3.909712
v -3.888902 -13.805813 3.909711
v -2.426642 -14.295189 3.763993
v -2.622523 -10.951138 -8.639504
v -3.713633 -9.986140 -8.429948
v -2.413583 -10.404319 -8.429948
v -3.944331 -10.546875 -8.639504
v -6.342359 -12.174312 -8.151543
v -7.191326 -10.362836 -8.403756
v -5.808174 -11.149783 -8.403756
v -7.852721 -11.314967 -8.151542
v -6.345032 -9.301087 -8.639504
v -5.157817 -10.008977 -8.639504
v -5.583296 -13.263065 -7.587669
v -7.252468 -12.458225 -7.587669
v -2.436724 -14.354416 -7.438844
v -3.907183 -13.870523 -7.587669
v -2.152251 -14.303205 -7.587669
v -7.402265 -13.305679 -1.300684
v -6.169655 -13.877249 -2.878923
v -6.166975 -13.871243 -0.791014
v -7.403912 -13.308627 -2.369340
v -7.055128 -12.683036 -7.438844
v -6.016653 -13.533803 -6.049568
v -7.244676 -13.022973 -5.563906
v -6.131217 -13.790925 -3.977335
v -7.316903 -13.152510 -4.491032
v -3.736739 -14.332218 2.379440
v -2.498309 -14.716297 1.893891
v -2.524371 -14.869455 0.821151
v -3.811238 -14.617347 0.307471
v -2.556671 -15.059288 -1.300685
v -3.836916 -14.715570 -0.791013
v -7.008667 -8.045966 4.698627
v -7.347512 -8.434579 4.908166
v -4.888205 -9.486278 4.698627
v -6.013386 -8.815374 4.698627
v -0.253441 -10.670303 4.698628
v -1.307261 -11.112002 4.908166
v -0.265810 -11.185748 4.908167
v -1.246887 -10.599957 4.698628
v -0.300314 -12.622804 4.672237
v -1.503464 -13.629701 4.452364
v -0.296993 -13.737131 4.452364
v -1.475633 -12.539577 4.672237
v -2.940849 -12.278422 4.672237
v -4.750532 -12.771612 4.452364
v -3.087738 -13.306509 4.452363
v -4.422933 -11.825137 4.672237
v -9.071669 -10.303686 4.452364
v -8.292210 -9.518030 4.672236
v -0.519042 -14.432774 3.909711
v 0.715545 -14.421150 3.909712
v -8.677751 -11.492394 3.909712
v -8.963541 -11.424879 3.763992
v -7.025962 -12.630714 3.763993
v -0.271104 -14.555154 3.763993
v -7.395187 -8.489258 -8.639504
v -7.091585 -8.057015 -8.429949
v -4.924731 -9.455165 -8.429949
v -6.097466 -8.787964 -8.429949
v -0.267551 -11.258269 -8.639505
v -1.174913 -10.657003 -8.429948
v -0.231663 -10.741002 -8.429949
v -1.315757 -11.184044 -8.639504
v -8.718517 -11.546241 -7.587670
v -9.133254 -10.373462 -8.151543
v -1.386033 -12.567183 -8.403756
v -0.273639 -12.666241 -8.403756
v -1.513689 -13.722053 -8.151543
v -0.299017 -13.830218 -8.151543
v -3.108701 -13.396669 -8.151543
v -4.782785 -12.858138 -8.151543
v -2.846778 -12.269191 -8.403756
v -4.379920 -11.776012 -8.403756
v -8.363935 -9.500672 -8.403756
v -0.521491 -14.500435 -7.587667
v 0.718903 -14.488758 -7.587667
v -9.000745 -11.472198 -7.438846
v -0.272220 -14.615462 -7.438845
v -0.285700 -15.333175 -1.300684
v 0.759025 -15.298096 -2.623324
v 0.758784 -15.293092 -1.046649
v -0.285770 -15.336574 -2.369340
v -2.557241 -15.062627 -2.369339
v -3.838584 -14.721946 -2.878923
v -9.443633 -12.035243 -1.300684
v -9.445734 -12.037909 -2.369339
v 0.741411 -14.942668 -5.808495
v -0.279578 -15.007308 -5.563906
v -3.743374 -14.357555 -6.049569
v -2.502220 -14.739250 -5.563906
v -9.242574 -11.779593 -5.563907
v -0.282379 -15.156628 -4.491032
v 0.752170 -15.159865 -4.234662
v -2.527173 -14.885899 -4.491031
v -3.814661 -14.630359 -3.977336
v -9.334720 -11.896730 -4.491032
v -9.228120 -11.761271 1.893887
v -6.005981 -13.509934 2.379441
v -7.233342 -13.002706 1.893891
v 0.740161 -14.917841 2.138425
v -0.279139 -14.983935 1.893891
v -9.324373 -11.883599 0.821151
v -6.125724 -13.778661 0.307473
v -7.308792 -13.137987 0.821153
v -0.282078 -15.139883 0.821151
v 0.751419 -15.144747 0.564794
v -5.830361 -14.303609 -1.195567
v -5.831915 -14.307405 -2.474431
v -4.362310 -14.840071 -2.474431
v -4.361146 -14.836132 -1.195566
v -2.093261 -15.003911 -5.950158
v -2.065730 -14.807114 -7.144251
v -0.689790 -14.973737 -7.144250
v -0.699000 -15.172748 -5.950158
v -7.741653 -12.961141 -5.950159
v -7.639864 -12.791200 -7.144251
v -8.995182 -12.181503 -5.950159
v -8.876912 -12.021815 -7.144249
v -5.703154 -13.992146 -5.665812
v -5.770411 -14.156761 -4.384932
v -4.265984 -14.513045 -5.665811
v -4.316307 -14.683805 -4.384931
v -2.144759 -15.372097 -2.772781
v -2.129008 -15.259435 -4.084168
v -0.710949 -15.431152 -4.084167
v -0.716222 -15.545085 -2.772781
v -7.873761 -13.181808 -4.084168
v -7.931989 -13.279108 -2.772781
v -9.216347 -12.480291 -2.772782
v -9.148684 -12.388860 -4.084168
v -7.728278 -12.938826 2.280060
v -7.615958 -12.751314 3.481305
v -8.849140 -11.984330 3.481304
v -8.979640 -12.160535 2.280059
v -2.089641 -14.978069 2.280057
v -2.059268 -14.760918 3.481306
v -0.697807 -15.146617 2.280058
v -0.687628 -14.927014 3.481306
v -4.259126 -14.489817 1.995777
v -4.311689 -14.668243 0.715068
v -5.693975 -13.969758 1.995779
v -5.764247 -14.141763 0.715069
v -7.866377 -13.169494 0.414311
v -7.928891 -13.273941 -0.897164
v -9.140103 -12.377289 0.414313
v -9.212747 -12.475437 -0.897165
v -2.143929 -15.366113 -0.897166
v -2.127011 -15.245171 0.414312
v -0.715956 -15.539032 -0.897163
v -0.710282 -15.416728 0.414311
v 4.646897 -10.179083 4.908167
v 5.588876 -9.093904 4.698629
v 4.432787 -9.710047 4.698628
v 5.858857 -9.533160 4.908167
v 4.108699 -13.002892 4.452362
v 2.353695 -12.405528 4.672238
v 2.443494 -13.461818 4.452363
v 3.855816 -12.023883 4.672238
v 2.085935 -10.993218 4.908167
v 3.416974 -10.655039 4.908167
v 3.677207 -13.870569 3.909714
v 5.418563 -13.260812 3.909713
v 8.562272 -11.576607 3.909713
v 7.024808 -12.507756 3.909714
v 8.403201 -11.819253 3.763993
v 4.444715 -9.685210 -8.429949
v 5.896845 -9.594959 -8.639506
v 4.677024 -10.245069 -8.639505
v 5.658531 -9.061197 -8.429950
v 2.253174 -12.412388 -8.403756
v 4.136577 -13.090990 -8.151542
v 2.460067 -13.553033 -8.151542
v 3.788561 -11.989244 -8.403756
v 2.099458 -11.064483 -8.639505
v 3.439130 -10.724112 -8.639505
v 3.694462 -13.935590 -7.587667
v 5.443999 -13.322971 -7.587666
v 8.438092 -11.868201 -7.438842
v 7.057791 -12.566378 -7.587666
v 8.602483 -11.630851 -7.587666
v 5.462974 -14.165315 -0.791015
v 4.190496 -14.643169 -2.369336
v 5.465349 -14.171450 -2.878924
v 4.189564 -14.639924 -1.300680
v 5.329884 -13.820718 -6.049565
v 3.993203 -13.954718 -7.438842
v 4.100429 -14.328815 -5.563905
v 4.141273 -14.471374 -4.491032
v 5.431316 -14.083297 -3.977335
v 7.505211 -12.771894 2.379443
v 8.651147 -12.167278 1.893892
v 7.654782 -13.025907 0.307473
v 8.741348 -12.293850 0.821154
v 7.706291 -13.113421 -0.791013
v 8.853095 -12.450745 -1.300683
v 0.742232 -10.647706 4.698628
v 0.777978 -11.162058 4.908167
v 1.989892 -10.486649 4.698628
v 3.259569 -10.164060 4.698628
v 6.939741 -8.777563 4.908167
v 6.619930 -8.373141 4.698629
v 8.583117 -10.696343 4.452364
v 7.831352 -9.905105 4.672238
v 5.684115 -12.386682 4.452363
v 6.611543 -10.757814 4.672238
v 5.243812 -11.486753 4.672238
v 7.236772 -11.588390 4.452367
v 0.877636 -12.596068 4.672238
v 0.880896 -13.702135 4.452363
v 9.845535 -10.567514 3.909713
v 2.002310 -14.262424 3.909712
v 1.752364 -14.417090 3.763996
v 3.976716 -13.897135 3.763996
v 10.106875 -10.478644 3.763994
v 0.689265 -10.713627 -8.429949
v 0.783012 -11.234424 -8.639505
v 3.213002 -10.166928 -8.429949
v 1.911018 -10.525726 -8.429949
v 6.710899 -8.363942 -8.429950
v 6.984739 -8.834459 -8.639505
v 8.641351 -10.768782 -8.151543
v 7.913938 -9.862686 -8.403757
v 5.722675 -12.470600 -8.151542
v 5.241122 -11.421104 -8.403756
v 6.672666 -10.685109 -8.403757
v 7.285869 -11.666889 -8.151542
v 0.886870 -13.794981 -8.151542
v 0.812406 -12.633965 -8.403756
v 9.891778 -10.617017 -7.587668
v 2.011721 -14.329284 -7.587666
v 1.759618 -14.476829 -7.438842
v 10.148840 -10.522020 -7.438844
v 10.648063 -11.038307 -1.300681
v 10.650429 -11.040752 -2.369339
v 7.709639 -13.119099 -2.878924
v 8.855067 -12.453504 -2.369338
v 1.846114 -15.187719 -1.300681
v 1.846518 -15.191091 -2.369335
v 10.421418 -10.803891 -5.563907
v 7.518527 -12.794458 -6.049565
v 8.664687 -12.186243 -5.563908
v 1.806854 -14.864952 -5.563905
v 10.525294 -10.911296 -4.491033
v 7.661623 -13.037501 -3.977333
v 8.751049 -12.307435 -4.491030
v 1.824843 -15.012851 -4.491031
v 1.804027 -14.841800 1.893890
v 5.320446 -13.796332 2.379443
v 4.094020 -14.306500 1.893891
v 10.405129 -10.787086 1.893891
v 1.822827 -14.996263 0.821154
v 4.136686 -14.455386 0.821154
v 5.426468 -14.070766 0.307473
v 10.513629 -10.899256 0.821153
v 6.006925 -14.232593 -1.195564
v 6.008532 -14.236369 -2.474429
v 7.423514 -13.573010 -2.474431
v 7.421536 -13.569407 -1.195565
v 9.140393 -12.084034 -5.950155
v 9.020254 -11.925626 -7.144249
v 10.108284 -11.070333 -7.144250
v 10.242926 -11.217347 -5.950155
v 3.705248 -14.636907 -5.950155
v 3.656561 -14.444936 -7.144251
v 2.266557 -14.973633 -5.950154
v 2.236784 -14.777231 -7.144251
v 5.875939 -13.922679 -5.665812
v 5.945187 -14.086480 -4.384930
v 7.259692 -13.273963 -5.665811
v 7.345255 -13.430117 -4.384932
v 9.296321 -12.289731 -4.084166
v 9.365047 -12.380427 -2.772781
v 10.417671 -11.408247 -4.084167
v 10.494688 -11.492427 -2.772780
v 3.768438 -14.886167 -4.084167
v 3.796290 -14.996073 -2.772781
v 2.322232 -15.341073 -2.772781
v 2.305195 -15.228640 -4.084164
v 3.698848 -14.611700 2.280059
v 3.645135 -14.399866 3.481309
v 2.229789 -14.731128 3.481306
v 2.262641 -14.947842 2.280058
v 9.124599 -12.063239 2.280059
v 8.992048 -11.888442 3.481305
v 10.225224 -11.198050 2.280062
v 10.076669 -11.035827 3.481309
v 7.248027 -13.252725 1.995777
v 7.337433 -13.415882 0.715069
v 5.866498 -13.900396 1.995779
v 5.938868 -14.071548 0.715067
v 3.764898 -14.872255 0.414315
v 3.794805 -14.990234 -0.897161
v 2.303028 -15.214405 0.414317
v 2.321324 -15.335101 -0.897160
v 9.287602 -12.278252 0.414314
v 9.361390 -12.375612 -0.897163
v 10.490590 -11.487957 -0.897161
v 10.407895 -11.397594 0.414315
v -15.216427 5.616249 -1.536307
v -15.218341 5.616964 -2.133757
v -15.477345 4.889589 -2.133757
v -15.475398 4.888966 -1.536306
v -15.687644 1.687643 -6.822043
v -15.775193 1.697268 -6.271741
v -15.765618 1.005567 -6.822042
v -15.853602 1.011388 -6.271740
v -13.331818 8.326009 -6.822049
v -13.406218 8.372670 -6.271746
v -13.025433 8.993573 -6.271749
v -12.953145 8.943462 -6.822050
v -14.929120 5.509782 -5.332808
v -15.010412 5.539922 -4.729705
v -15.183201 4.796220 -5.332804
v -15.265877 4.822481 -4.729706
v -16.128584 1.735944 -3.736442
v -16.183620 1.741947 -3.118993
v -16.208742 1.034709 -3.736441
v -16.264055 1.038320 -3.118994
v -13.706549 8.560850 -3.736441
v -13.753325 8.590140 -3.118994
v -13.362679 9.227121 -3.118996
v -13.317232 9.195662 -3.736443
v -13.303781 8.308403 3.151669
v -13.381200 8.356956 2.601563
v -12.925904 8.924556 3.151671
v -13.001126 8.976695 2.601562
v -15.654655 1.683987 3.151663
v -15.745754 1.694007 2.601554
v -15.824018 1.009403 2.601553
v -15.732465 1.003348 3.151662
v -15.160931 4.789114 1.662852
v -15.247359 4.816572 1.059840
v -14.907220 5.501625 1.662853
v -14.992204 5.533142 1.059840
v -13.695621 8.553985 0.066610
v -13.745915 8.585477 -0.550884
v -13.306616 9.188293 0.066610
v -13.355479 9.222116 -0.550885
v -16.115728 1.734520 0.066607
v -16.174900 1.740981 -0.550886
v -16.255293 1.037734 -0.550886
v -16.195824 1.033847 0.066606
v -6.769395 14.738827 -1.536306
v -6.770247 14.740691 -2.133758
v -7.468060 14.410226 -2.133758
v -7.467119 14.408401 -1.536307
v -9.882730 12.296811 -6.822056
v -9.937881 12.365635 -6.271754
v -10.420819 11.870106 -6.822055
v -10.478975 11.936546 -6.271754
v -3.519240 15.318497 -6.822060
v -3.538886 15.404180 -6.271760
v -2.830193 15.573218 -6.271761
v -2.814480 15.486597 -6.822060
v -6.641540 14.460076 -5.332818
v -6.677718 14.538961 -4.729714
v -7.326091 14.135900 -5.332818
v -7.365995 14.213013 -4.729716
v -10.160534 12.643289 -3.736447
v -10.195208 12.686521 -3.118996
v -10.713737 12.204597 -3.736446
v -10.750296 12.246329 -3.118996
v -3.618201 15.749906 -3.736446
v -3.630555 15.803734 -3.118999
v -2.903513 15.977143 -3.118996
v -2.893635 15.922726 -3.736446
v -3.511835 15.286190 3.151678
v -3.532282 15.375350 2.601573
v -2.808559 15.453936 3.151679
v -2.824911 15.544069 2.601573
v -9.861946 12.270847 3.151673
v -9.919342 12.342463 2.601568
v -10.459421 11.914181 2.601564
v -10.398904 11.845045 3.151674
v -7.315343 14.115091 1.662863
v -7.357054 14.195715 1.059849
v -6.631799 14.438792 1.662862
v -6.669609 14.521270 1.059849
v -3.615320 15.737303 0.066614
v -3.628602 15.795188 -0.550884
v -2.891323 15.909987 0.066615
v -2.901950 15.968499 -0.550881
v -10.152428 12.633172 0.066614
v -10.189719 12.679651 -0.550884
v -10.744507 12.239697 -0.550884
v -10.705195 12.194829 0.066612
v -14.725008 -6.808764 -1.536307
v -14.726859 -6.809613 -2.133758
v -14.395152 -7.506648 -2.133758
v -14.393342 -7.505710 -1.536306
v -12.279330 -9.915477 -6.822030
v -12.347861 -9.970606 -6.271733
v -11.852056 -10.451610 -6.822030
v -11.918207 -10.509727 -6.271731
v -15.312253 -3.560042 -6.822033
v -15.397706 -3.579704 -6.271736
v -15.568296 -2.871209 -6.271736
v -15.481898 -2.855477 -6.822034
v -14.447032 -6.680682 -5.332791
v -14.525685 -6.716902 -4.729692
v -14.121623 -7.364472 -5.332791
v -14.198507 -7.404417 -4.729691
v -12.624469 -10.193273 -3.736437
v -12.667546 -10.227974 -3.118991
v -12.185194 -10.744465 -3.736436
v -12.226776 -10.781049 -3.118990
v -15.742603 -3.659246 -3.736436
v -15.796320 -3.671650 -3.118990
v -15.971330 -2.944808 -3.118993
v -15.917022 -2.934865 -3.736437
v -15.280049 -3.552662 3.151657
v -15.368971 -3.573120 2.601546
v -15.449343 -2.849576 3.151659
v -15.539246 -2.865945 2.601550
v -12.253506 -9.894731 3.151654
v -12.324819 -9.952093 2.601544
v -11.895966 -10.490210 2.601544
v -11.827131 -10.429739 3.151654
v -14.100907 -7.353750 1.662839
v -14.181283 -7.395503 1.059829
v -14.425838 -6.670959 1.662839
v -14.508064 -6.708822 1.059830
v -15.730059 -3.656373 0.066610
v -15.787811 -3.669698 -0.550883
v -15.904336 -2.932566 0.066610
v -15.962726 -2.943249 -0.550882
v -12.614409 -10.185192 0.066603
v -12.660723 -10.222491 -0.550890
v -12.220189 -10.775270 -0.550889
v -12.175486 -10.735945 0.066604
v 5.653545 15.203997 -1.536308
v 5.654266 15.205911 -2.133759
v 4.927603 15.466475 -2.133760
v 4.926977 15.464523 -1.536306
v 1.728294 15.682380 -6.822061
v 1.737936 15.770093 -6.271760
v 1.046767 15.761757 -6.822062
v 1.052598 15.849913 -6.271759
v 8.360648 13.311912 -6.822058
v 8.407293 13.386397 -6.271756
v 9.027869 13.003885 -6.271756
v 8.977787 12.931524 -6.822057
v 5.546834 14.916458 -5.332820
v 5.577021 14.997833 -4.729718
v 4.833982 15.172071 -5.332820
v 4.860290 15.254843 -4.729718
v 1.776832 16.124012 -3.736455
v 1.782893 16.179125 -3.119003
v 1.076146 16.205620 -3.736455
v 1.079811 16.261003 -3.119003
v 8.595594 13.686917 -3.736451
v 8.624928 13.733708 -3.119003
v 9.261565 13.341293 -3.119002
v 9.230080 13.295843 -3.736453
v 8.391602 13.361326 2.601569
v 8.343070 13.283816 3.151676
v 8.958913 12.904229 3.151675
v 9.011030 12.979527 2.601566
v 1.724664 15.649308 3.151678
v 1.734694 15.740578 2.601570
v 1.050636 15.820242 2.601571
v 1.044563 15.728513 3.151679
v 4.854388 15.236266 1.059845
v 4.826879 15.149740 1.662858
v 5.538690 14.894506 1.662858
v 5.570260 14.979578 1.059844
v 8.620275 13.726276 -0.550882
v 8.588745 13.675967 0.066614
v 9.222719 13.285203 0.066614
v 9.256579 13.334076 -0.550883
v 1.775416 16.111120 0.066616
v 1.781931 16.170372 -0.550883
v 1.079230 16.252214 -0.550882
v 1.075289 16.192657 0.066615
v 14.759037 6.738527 -1.536308
v 14.760893 6.739381 -2.133759
v 14.432113 7.437773 -2.133758
v 14.430288 7.436839 -1.536308
v 12.326425 9.853926 -6.822053
v 12.395197 9.909115 -6.271749
v 11.901517 10.392018 -6.822054
v 11.967918 10.450212 -6.271754
v 15.332541 3.485519 -6.822042
v 15.418094 3.505174 -6.271742
v 15.585704 2.795732 -6.271742
v 15.499222 2.780006 -6.822043
v 14.480436 6.610851 -5.332808
v 14.559263 6.647006 -4.729709
v 14.157890 7.295978 -5.332811
v 14.234958 7.335862 -4.729710
v 12.672811 10.131733 -3.736451
v 12.716044 10.166381 -3.119001
v 12.235952 10.684956 -3.736451
v 12.277698 10.721494 -3.119002
v 15.763424 3.584324 -3.736446
v 15.817206 3.596629 -3.118998
v 15.989155 2.868821 -3.118998
v 15.934783 2.858990 -3.736448
v 15.389320 3.498537 2.601554
v 15.300294 3.478086 3.151664
v 15.466630 2.774054 3.151664
v 15.556629 2.790412 2.601554
v 12.300510 9.833096 3.151669
v 12.372072 9.890531 2.601561
v 11.945584 10.430620 2.601561
v 11.876496 10.370061 3.151669
v 14.217691 7.326902 1.059836
v 14.137116 7.285213 1.662849
v 14.459188 6.601090 1.662849
v 14.541604 6.638884 1.059834
v 15.808684 3.594665 -0.550885
v 15.750863 3.581424 0.066609
v 15.922079 2.856671 0.066607
v 15.980541 2.867249 -0.550887
v 12.662707 10.123614 0.066612
v 12.709196 10.160876 -0.550885
v 12.271078 10.715687 -0.550885
v 12.226199 10.676399 0.066613
v 15.197727 -5.688291 -1.536309
v 15.199634 -5.689001 -2.133759
v 15.461681 -4.962762 -2.133758
v 15.459739 -4.962146 -1.536309
v 15.772969 -1.774084 -6.271737
v 15.685452 -1.764436 -6.822039
v 15.766335 -1.083198 -6.822039
v 15.854301 -1.089042 -6.271738
v 13.301657 -8.391836 -6.822033
v 13.375876 -8.438465 -6.271730
v 12.992414 -9.057800 -6.271732
v 12.920329 -9.007738 -6.822034
v 14.992043 -5.611602 -4.729701
v 14.910882 -5.581367 -5.332798
v 15.167954 -4.868935 -5.332798
v 15.250514 -4.895284 -4.729701
v 16.181232 -1.819257 -3.118998
v 16.126211 -1.813152 -3.736446
v 16.209373 -1.112765 -3.736446
v 16.264679 -1.116476 -3.118998
v 13.675431 -8.626837 -3.736443
v 13.722086 -8.656188 -3.118998
v 13.328701 -9.291560 -3.118999
v 13.283387 -9.260043 -3.736443
v 13.273688 -8.374294 3.151654
v 13.350929 -8.422800 2.601544
v 12.893158 -8.988902 3.151654
v 12.968177 -9.040994 2.601544
v 15.652471 -1.760839 3.151657
v 15.743541 -1.770864 2.601548
v 15.824731 -1.087088 2.601550
v 15.733184 -1.081027 3.151659
v 15.145707 -4.861862 1.662837
v 15.232023 -4.889409 1.059825
v 14.889016 -5.573256 1.662836
v 14.973862 -5.604857 1.059824
v 13.664533 -8.620005 0.066603
v 13.714695 -8.651552 -0.550890
v 13.272805 -9.252706 0.066603
v 13.321522 -9.286581 -0.550891
v 16.113363 -1.811751 0.066605
v 16.172512 -1.818305 -0.550887
v 16.255917 -1.115899 -0.550887
v 16.196457 -1.111918 0.066607
v -5.718464 -15.184528 -1.536307
v -5.719182 -15.186431 -2.133757
v -4.992960 -15.449683 -2.133756
v -4.992353 -15.447744 -1.536307
v -1.788956 -15.681471 -6.822031
v -1.798958 -15.768768 -6.271730
v -1.105996 -15.764334 -6.822032
v -1.112196 -15.852100 -6.271729
v -8.416160 -13.286288 -6.822031
v -8.463145 -13.360221 -6.271727
v -9.080656 -12.976269 -6.271729
v -9.030249 -12.904470 -6.822031
v -5.610502 -14.898373 -5.332792
v -5.641047 -14.979326 -4.729694
v -4.898073 -15.156628 -5.332792
v -4.924747 -15.238980 -4.729694
v -1.839286 -16.121304 -3.736438
v -1.845551 -16.176226 -3.118991
v -1.137132 -16.206501 -3.736438
v -1.141017 -16.261713 -3.118991
v -8.652711 -13.658810 -3.736434
v -8.682240 -13.705328 -3.118991
v -9.315747 -13.311429 -3.118991
v -9.284067 -13.266251 -3.736434
v -8.398475 -13.258444 3.151654
v -8.447326 -13.335399 2.601542
v -9.011269 -12.877426 3.151653
v -9.063704 -12.952152 2.601541
v -1.785198 -15.648597 3.151654
v -1.795588 -15.739443 2.601541
v -1.110100 -15.822617 2.601543
v -1.103687 -15.731285 3.151653
v -4.890883 -15.134475 1.662838
v -4.918762 -15.220565 1.059827
v -5.602242 -14.876609 1.662837
v -5.634174 -14.961230 1.059826
v -8.645816 -13.647967 0.066600
v -8.677551 -13.697979 -0.550888
v -9.276670 -13.255720 0.066600
v -9.310731 -13.304289 -0.550889
v -1.837801 -16.108503 0.066603
v -1.844556 -16.167538 -0.550890
v -1.140382 -16.252983 -0.550889
v -1.136222 -16.193628 0.066601
v 6.709609 -14.775763 -1.536306
v 6.710459 -14.777611 -2.133758
v 7.409701 -14.449825 -2.133759
v 7.408763 -14.448019 -1.536306
v 9.889233 -12.416250 -6.271731
v 9.834369 -12.347546 -6.822030
v 10.374545 -11.923128 -6.822029
v 10.432434 -11.989455 -6.271730
v 3.458458 -15.344090 -6.822028
v 3.477743 -15.429512 -6.271729
v 2.769112 -15.595470 -6.271729
v 2.753763 -15.509124 -6.822028
v 6.618820 -14.576095 -4.729688
v 6.582999 -14.497330 -5.332787
v 7.268971 -14.175757 -5.332788
v 7.308531 -14.252774 -4.729688
v 10.145189 -12.736906 -3.118991
v 10.110702 -12.693672 -3.736436
v 10.666070 -12.257329 -3.736438
v 10.702448 -12.299063 -3.118991
v 3.555602 -15.774446 -3.736434
v 3.567720 -15.828185 -3.118990
v 2.840756 -15.998434 -3.118990
v 2.831107 -15.944118 -3.736436
v 3.451188 -15.311925 3.151652
v 3.471259 -15.400814 2.601543
v 2.747970 -15.476614 3.151653
v 2.763964 -15.566457 2.601543
v 9.813686 -12.321684 3.151654
v 9.870779 -12.393176 2.601543
v 10.412970 -11.967177 2.601544
v 10.352730 -11.898159 3.151655
v 7.258302 -14.155046 1.662837
v 7.299664 -14.235552 1.059827
v 6.573342 -14.476139 1.662839
v 6.610794 -14.558479 1.059827
v 3.552758 -15.761920 0.066608
v 3.565803 -15.819687 -0.550884
v 2.828852 -15.931454 0.066607
v 2.839228 -15.989845 -0.550884
v 10.102637 -12.683607 0.066601
v 10.139723 -12.730074 -0.550888
v 10.696690 -12.292465 -0.550891
v 10.657564 -12.247606 0.066602
v 10.747995 1.058584 5.023827
v 10.918799 -0.000001 4.397666
v 10.866223 1.070229 4.397666
v 10.800001 -0.000001 5.023827
v 10.592482 2.106975 5.023827
v 10.708997 2.130152 4.397666
v 10.334957 3.135074 5.023827
v 10.448641 3.169559 4.397666
v 9.977899 4.132981 5.023827
v 10.087655 4.178443 4.397666
v 9.524750 5.091084 5.023827
v 9.629522 5.147085 4.397666
v 8.979872 6.000159 5.023827
v 9.078650 6.066160 4.397666
v 8.348514 6.851448 5.023827
v 8.440347 6.926813 4.397666
v 7.636755 7.636753 5.023827
v 7.720758 7.720756 4.397666
v 6.926814 8.440345 4.397666
v 6.851449 8.348512 5.023828
v 6.066161 9.078650 4.397666
v 6.000159 8.979871 5.023828
v 5.147087 9.629521 4.397666
v 5.091085 9.524749 5.023828
v 4.178444 10.087654 4.397666
v 4.132981 9.977898 5.023828
v 3.169560 10.448640 4.397666
v 3.135074 10.334956 5.023828
v 2.130151 10.708997 4.397666
v 2.106975 10.592482 5.023828
v 1.070228 10.866222 4.397666
v 1.058584 10.747994 5.023828
v -0.000002 10.918798 4.397666
v -0.000002 10.800000 5.023828
v -1.058587 10.747994 5.023828
v -1.070232 10.866222 4.397666
v -2.130155 10.708997 4.397666
v -2.106979 10.592481 5.023828
v -3.169564 10.448638 4.397666
v -3.135078 10.334953 5.023828
v -4.178447 10.087653 4.397666
v -4.132985 9.977897 5.023828
v -5.147090 9.629519 4.397666
v -5.091088 9.524747 5.023828
v -6.066164 9.078648 4.397666
v -6.000162 8.979870 5.023828
v -6.926817 8.440343 4.397666
v -6.851451 8.348510 5.023828
v -7.720761 7.720754 4.397666
v -7.636757 7.636750 5.023827
v -8.440350 6.926808 4.397666
v -8.348516 6.851443 5.023827
v -9.078653 6.066154 4.397666
v -8.979876 6.000153 5.023827
v -9.629525 5.147080 4.397666
v -9.524753 5.091079 5.023827
v -10.087660 4.178437 4.397666
v -9.977903 4.132975 5.023827
v -10.448643 3.169553 4.397666
v -10.334959 3.135067 5.023827
v -10.708999 2.130143 4.397666
v -10.592484 2.106967 5.023827
v -10.866223 1.070221 4.397666
v -10.747995 1.058576 5.023827
v -10.918799 -0.000010 4.397666
v -10.800001 -0.000010 5.023827
v -10.747994 -1.058595 5.023827
v -10.866222 -1.070239 4.397666
v -10.592481 -2.106986 5.023827
v -10.708997 -2.130163 4.397665
v -10.334952 -3.135085 5.023827
v -10.448637 -3.169570 4.397665
v -9.977895 -4.132991 5.023827
v -10.087651 -4.178454 4.397665
v -9.524746 -5.091095 5.023827
v -9.629518 -5.147096 4.397665
v -8.979867 -6.000168 5.023827
v -9.078645 -6.066170 4.397665
v -8.348507 -6.851459 5.023827
v -8.440340 -6.926822 4.397665
v -7.636745 -7.636763 5.023827
v -7.720749 -7.720767 4.397665
v -6.926805 -8.440353 4.397665
v -6.851440 -8.348520 5.023827
v -6.066154 -9.078655 4.397665
v -6.000152 -8.979878 5.023827
v -5.147082 -9.629525 4.397665
v -5.091080 -9.524755 5.023827
v -4.178441 -10.087658 4.397665
v -4.132978 -9.977901 5.023827
v -3.169559 -10.448642 4.397665
v -3.135073 -10.334959 5.023827
v -2.130153 -10.708998 4.397665
v -2.106977 -10.592483 5.023827
v -1.070232 -10.866224 4.397665
v -1.058588 -10.747997 5.023827
v -0.000005 -10.918801 4.397665
v -0.000005 -10.800001 5.023827
v 1.058578 -10.747997 5.023827
v 1.070222 -10.866224 4.397665
v 2.106966 -10.592484 5.023827
v 2.130143 -10.709000 4.397665
v 3.135063 -10.334961 5.023827
v 3.169549 -10.448644 4.397665
v 4.132968 -9.977905 5.023827
v 4.178431 -10.087664 4.397665
v 5.091072 -9.524758 5.023827
v 5.147073 -9.629530 4.397665
v 6.000144 -8.979884 5.023827
v 6.066145 -9.078661 4.397665
v 6.851432 -8.348528 5.023827
v 6.926797 -8.440361 4.397665
v 7.636738 -7.636770 5.023827
v 7.720742 -7.720775 4.397665
v 8.440331 -6.926833 4.397665
v 8.348497 -6.851468 5.023827
v 9.078635 -6.066183 4.397665
v 8.979857 -6.000182 5.023827
v 9.629508 -5.147113 4.397665
v 9.524737 -5.091112 5.023827
v 10.087644 -4.178473 4.397665
v 9.977888 -4.133011 5.023827
v 10.448630 -3.169592 4.397665
v 10.334947 -3.135107 5.023827
v 10.708991 -2.130187 4.397665
v 10.592475 -2.107011 5.023827
v 10.866220 -1.070268 4.397666
v 10.747992 -1.058623 5.023827
v 9.440080 0.463761 5.265116
v 9.168216 2.296518 5.265116
v 8.544022 4.041022 5.265116
v 7.591487 5.630230 5.265116
v 6.347216 7.003071 5.265116
v 4.859024 8.106791 5.265117
v 3.184102 8.898969 5.265117
v 1.386817 9.349166 5.265117
v -0.463763 9.440079 5.265117
v -2.296521 9.168215 5.265117
v -4.041025 8.544019 5.265117
v -5.630234 7.591484 5.265116
v -7.003076 6.347211 5.265116
v -8.106794 4.859017 5.265116
v -8.898972 3.184096 5.265116
v -9.349167 1.386810 5.265116
v -9.440080 -0.463771 5.265116
v -9.168214 -2.296527 5.265116
v -8.544018 -4.041030 5.265116
v -7.591482 -5.630239 5.265116
v -6.347208 -7.003080 5.265116
v -4.859019 -8.106796 5.265116
v -3.184100 -8.898972 5.265116
v -1.386819 -9.349167 5.265116
v 0.463756 -9.440081 5.265116
v 2.296509 -9.168219 5.265116
v 4.041010 -8.544029 5.265116
v 5.630217 -7.591498 5.265116
v 7.003059 -6.347231 5.265116
v 8.106778 -4.859045 5.265116
v 8.898961 -3.184129 5.265116
v 9.349161 -1.386850 5.265116
v 7.724337 1.934844 6.567817
v 7.953386 0.390725 6.567817
v 7.198445 3.404612 6.567817
v 6.395923 4.743539 6.567817
v 5.347610 5.900176 6.567817
v 4.093789 6.830072 6.567817
v 2.682645 7.497493 6.567817
v 1.168411 7.876790 6.567817
v -0.390727 7.953385 6.567817
v -1.934847 7.724335 6.567817
v -3.404614 7.198443 6.567817
v -4.743543 6.395920 6.567817
v -5.900179 5.347605 6.567817
v -6.830075 4.093784 6.567817
v -7.497496 2.682641 6.567817
v -7.876791 1.168405 6.567817
v -7.953385 -0.390733 6.567817
v -7.724335 -1.934852 6.567817
v -7.198442 -3.404620 6.567817
v -6.395918 -4.743547 6.567817
v -5.347603 -5.900183 6.567817
v -4.093784 -6.830076 6.567817
v -2.682645 -7.497496 6.567817
v -1.168412 -7.876791 6.567817
v 0.390719 -7.953387 6.567817
v 1.934838 -7.724339 6.567817
v 3.404602 -7.198452 6.567817
v 4.743528 -6.395932 6.567817
v 5.900165 -5.347622 6.567817
v 6.830063 -4.093806 6.567817
v 7.497487 -2.682667 6.567817
v 7.876786 -1.168439 6.567817
v 6.051753 0.297305 7.662474
v 5.877469 1.472227 7.662474
v 5.477316 2.590578 7.662474
v 4.866675 3.609372 7.662474
v 4.069011 4.489459 7.662474
v 3.114977 5.197021 7.662474
v 2.041231 5.704863 7.662474
v 0.889047 5.993470 7.662474
v -0.297305 6.051752 7.662474
v -1.472229 5.877469 7.662474
v -2.590581 5.477314 7.662474
v -3.609375 4.866673 7.662474
v -4.489463 4.069008 7.662474
v -5.197023 3.114970 7.662474
v -5.704866 2.041228 7.662474
v -5.993472 0.889043 7.662474
v -6.051753 -0.297311 7.662474
v -5.877468 -1.472232 7.662474
v -5.477314 -2.590586 7.662474
v -4.866673 -3.609379 7.662474
v -4.069005 -4.489466 7.662474
v -3.114971 -5.197024 7.662474
v -2.041232 -5.704864 7.662474
v -0.889047 -5.993472 7.662474
v 0.297299 -6.051754 7.662474
v 1.472223 -5.877470 7.662474
v 2.590572 -5.477322 7.662474
v 3.609364 -4.866683 7.662474
v 4.489452 -4.069021 7.662474
v 5.197014 -3.114988 7.662474
v 5.704858 -2.041249 7.662474
v 5.993469 -0.889070 7.662474
v 5.729796 0.281488 7.685320
v 5.564785 1.393904 7.685320
v 5.185920 2.452758 7.685320
v 4.607766 3.417351 7.685320
v 3.852537 4.250618 7.685320
v 2.949258 4.920536 7.685321
v 1.932636 5.401361 7.685321
v 0.841749 5.674615 7.685321
v -0.281489 5.729796 7.685321
v -1.393905 5.564784 7.685321
v -2.452760 5.185918 7.685321
v -3.417354 4.607763 7.685321
v -4.250621 3.852534 7.685320
v -4.920539 2.949252 7.685320
v -5.401363 1.932634 7.685320
v -5.674616 0.841745 7.685320
v -5.729796 -0.281494 7.685320
v -5.564784 -1.393909 7.685320
v -5.185917 -2.452766 7.685320
v -4.607762 -3.417356 7.685320
v -3.852532 -4.250623 7.685320
v -2.949253 -4.920539 7.685320
v -1.932637 -5.401363 7.685320
v -0.841749 -5.674616 7.685320
v 0.281482 -5.729797 7.685320
v 1.393900 -5.564787 7.685320
v 2.452752 -5.185924 7.685320
v 3.417343 -4.607772 7.685320
v 4.250610 -3.852547 7.685320
v 4.920530 -2.949269 7.685320
v 5.401356 -1.932653 7.685320
v 5.674613 -0.841772 7.685320
v 5.408442 1.354741 8.007666
v 5.568817 0.273580 8.007666
v 5.040221 2.383848 8.007666
v 4.478311 3.321341 8.007666
v 3.744300 4.131196 8.007666
v 2.866399 4.782292 8.007666
v 1.878339 5.249610 8.007666
v 0.818100 5.515186 8.007666
v -0.273580 5.568816 8.007666
v -1.354743 5.408441 8.007666
v -2.383850 5.040219 8.007666
v -3.321343 4.478308 8.007666
v -4.131200 3.744296 8.007666
v -4.782297 2.866392 8.007666
v -5.249612 1.878336 8.007666
v -5.515187 0.818096 8.007666
v -5.568817 -0.273586 8.007666
v -5.408441 -1.354747 8.007666
v -5.040218 -2.383857 8.007666
v -4.478308 -3.321347 8.007666
v -3.744295 -4.131203 8.007666
v -2.866394 -4.782298 8.007666
v -1.878340 -5.249611 8.007666
v -0.818100 -5.515188 8.007666
v 0.273574 -5.568819 8.007666
v 1.354738 -5.408443 8.007666
v 2.383842 -5.040226 8.007666
v 3.321333 -4.478317 8.007666
v 4.131189 -3.744311 8.007666
v 4.782288 -2.866410 8.007666
v 5.249605 -1.878356 8.007666
v 5.515184 -0.818123 8.007666
v 4.939415 1.237255 8.168839
v 5.085882 0.249855 8.168839
v 4.603126 2.177118 8.168839
v 4.089945 3.033309 8.168839
v 3.419589 3.772932 8.168839
v 2.617821 4.367566 8.168839
v 1.715446 4.794356 8.168839
v 0.747154 5.036902 8.168839
v -0.249855 5.085881 8.168839
v -1.237257 4.939413 8.168839
v -2.177120 4.603123 8.168839
v -3.033312 4.089943 8.168839
v -3.772936 3.419586 8.168839
v -4.367569 2.617815 8.168839
v -4.794358 1.715445 8.168839
v -5.036902 0.747150 8.168839
v -5.085882 -0.249860 8.168839
v -4.939413 -1.237261 8.168839
v -4.603123 -2.177126 8.168839
v -4.089943 -3.033316 8.168839
v -3.419585 -3.772940 8.168839
v -2.617816 -4.367570 8.168839
v -1.715447 -4.794357 8.168838
v -0.747153 -5.036904 8.168838
v 0.249849 -5.085883 8.168838
v 1.237253 -4.939417 8.168838
v 2.177112 -4.603131 8.168838
v 3.033303 -4.089951 8.168839
v 3.772926 -3.419599 8.168839
v 4.367562 -2.617831 8.168839
v 4.794353 -1.715463 8.168839
v 5.036900 -0.747175 8.168839
v 1.601449 0.237551 8.023071
v 1.388637 0.832317 8.023071
v 0.964422 1.300368 8.023071
v 0.393376 1.570452 8.023071
v -0.237550 1.601448 8.023071
v -0.832320 1.388635 8.023071
v -1.300371 0.964417 8.023071
v -1.570453 0.393377 8.023071
v -1.601449 -0.237553 8.023071
v -1.388636 -0.832323 8.023071
v -0.964419 -1.300372 8.023071
v -0.393377 -1.570455 8.023071
v 0.237549 -1.601450 8.023071
v 0.832316 -1.388640 8.023071
v 1.300368 -0.964423 8.023071
v 1.570451 -0.393386 8.023071
v 1.113484 0.667397 8.426003
v 1.601449 0.237551 8.023071
v 1.388637 0.832317 8.023071
v 1.284128 0.190481 8.426003
v 0.773325 1.042704 8.426003
v 0.964422 1.300368 8.023071
v 0.393376 1.570452 8.023071
v 0.315430 1.259273 8.426003
v -0.237550 1.601448 8.023071
v -0.190479 1.284127 8.426003
v -0.832320 1.388635 8.023071
v -0.667399 1.113481 8.426003
v -1.300371 0.964417 8.023071
v -1.042707 0.773321 8.426003
v -1.570453 0.393377 8.023071
v -1.259274 0.315431 8.426003
v -1.601449 -0.237553 8.023071
v -1.284128 -0.190482 8.426003
v -1.113482 -0.667402 8.426003
v -1.388636 -0.832323 8.023071
v -0.964419 -1.300372 8.023071
v -0.773323 -1.042708 8.426003
v -0.393377 -1.570455 8.023071
v -0.315430 -1.259275 8.426003
v 0.237549 -1.601450 8.023071
v 0.190479 -1.284129 8.426003
v 0.667396 -1.113487 8.426003
v 0.832316 -1.388640 8.023071
v 1.042705 -0.773326 8.426003
v 1.300368 -0.964423 8.023071
v 1.570451 -0.393386 8.023071
v 1.259272 -0.315438 8.426003
v 1.044695 0.626167 8.748347
v 1.204798 0.178714 8.748347
v 0.725551 0.978289 8.748347
v 0.295943 1.181479 8.748347
v -0.178712 1.204797 8.748347
v -0.626169 1.044693 8.748347
v -0.978292 0.725548 8.748347
v -1.181479 0.295944 8.748347
v -1.204798 -0.178715 8.748347
v -1.044694 -0.626171 8.748347
v -0.725549 -0.978293 8.748347
v -0.295944 -1.181480 8.748347
v 0.178712 -1.204799 8.748347
v 0.626166 -1.044699 8.748347
v 0.978289 -0.725553 8.748347
v 1.181477 -0.295951 8.748347
v 10.866223 1.070229 4.397666
v 10.918799 -0.000001 4.397666
v 10.684759 0.524908 -8.633436
v 10.377050 2.599314 -8.633436
v 10.708997 2.130152 4.397666
v 10.448641 3.169559 4.397666
v 9.670557 4.573832 -8.633436
v 10.087655 4.178443 4.397666
v 9.629522 5.147085 4.397666
v 8.592430 6.372580 -8.633436
v 9.078650 6.066160 4.397666
v 8.440347 6.926813 4.397666
v 7.184101 7.926433 -8.633436
v 7.720758 7.720756 4.397666
v 6.926814 8.440345 4.397666
v 5.499690 9.175677 -8.633435
v 6.066161 9.078650 4.397666
v 5.147087 9.629521 4.397666
v 3.603928 10.072307 -8.633435
v 4.178444 10.087654 4.397666
v 3.169560 10.448640 4.397666
v 1.569670 10.581861 -8.633436
v 2.130151 10.708997 4.397666
v 1.070228 10.866222 4.397666
v -0.524911 10.684760 -8.633436
v -0.000002 10.918798 4.397666
v -1.070232 10.866222 4.397666
v -2.599319 10.377050 -8.633435
v -2.130155 10.708997 4.397666
v -3.169564 10.448638 4.397666
v -4.573836 9.670556 -8.633435
v -4.178447 10.087653 4.397666
v -5.147090 9.629519 4.397666
v -6.372584 8.592429 -8.633436
v -6.066164 9.078648 4.397666
v -6.926817 8.440343 4.397666
v -7.926436 7.184095 -8.633436
v -7.720761 7.720754 4.397666
v -8.440350 6.926808 4.397666
v -9.078653 6.066154 4.397666
v -9.175680 5.499684 -8.633436
v -9.629525 5.147080 4.397666
v -10.087660 4.178437 4.397666
v -10.072308 3.603921 -8.633436
v -10.448643 3.169553 4.397666
v -10.708999 2.130143 4.397666
v -10.581861 1.569662 -8.633436
v -10.866223 1.070221 4.397666
v -10.918799 -0.000010 4.397666
v -10.684759 -0.524919 -8.633436
v -10.866222 -1.070239 4.397666
v -10.377048 -2.599327 -8.633436
v -10.708997 -2.130163 4.397665
v -10.448637 -3.169570 4.397665
v -9.670553 -4.573843 -8.633436
v -10.087651 -4.178454 4.397665
v -9.629518 -5.147096 4.397665
v -8.592423 -6.372591 -8.633436
v -9.078645 -6.066170 4.397665
v -8.440340 -6.926822 4.397665
v -7.184092 -7.926440 -8.633436
v -7.720749 -7.720767 4.397665
v -6.926805 -8.440353 4.397665
v -6.066154 -9.078655 4.397665
v -5.499684 -9.175679 -8.633437
v -5.147082 -9.629525 4.397665
v -4.178441 -10.087658 4.397665
v -3.603926 -10.072306 -8.633437
v -3.169559 -10.448642 4.397665
v -2.130153 -10.708998 4.397665
v -1.569672 -10.581859 -8.633437
v -1.070232 -10.866224 4.397665
v -0.000005 -10.918801 4.397665
v 0.524903 -10.684758 -8.633437
v 1.070222 -10.866224 4.397665
v 2.599306 -10.377052 -8.633437
v 2.130143 -10.709000 4.397665
v 3.169549 -10.448644 4.397665
v 4.573819 -9.670562 -8.633437
v 4.178431 -10.087664 4.397665
v 5.147073 -9.629530 4.397665
v 6.372565 -8.592441 -8.633436
v 6.066145 -9.078661 4.397665
v 6.926797 -8.440361 4.397665
v 7.926418 -7.184117 -8.633436
v 7.720742 -7.720775 4.397665
v 8.440331 -6.926833 4.397665
v 9.078635 -6.066183 4.397665
v 9.175664 -5.499713 -8.633436
v 9.629508 -5.147113 4.397665
v 10.087644 -4.178473 4.397665
v 10.072294 -3.603958 -8.633436
v 10.448630 -3.169592 4.397665
v 10.708991 -2.130187 4.397665
v 10.581855 -1.569707 -8.633436
v 10.866220 -1.070268 4.397666
v 10.007014 2.506624 -8.867170
v 10.303752 0.506190 -8.867170
v 9.325713 4.410733 -8.867169
v 8.286032 6.145339 -8.867169
v 6.927922 7.643782 -8.867169
v 5.303576 8.848480 -8.867168
v 3.475415 9.713137 -8.867168
v 1.513696 10.204521 -8.867168
v -0.506193 10.303753 -8.867169
v -2.506629 10.007014 -8.867168
v -4.410737 9.325713 -8.867168
v -6.145343 8.286030 -8.867169
v -7.643787 6.927917 -8.867169
v -8.848482 5.303568 -8.867169
v -9.713139 3.475406 -8.867170
v -10.204520 1.513689 -8.867170
v -10.303752 -0.506201 -8.867170
v -10.007012 -2.506638 -8.867170
v -9.325709 -4.410745 -8.867170
v -8.286024 -6.145350 -8.867170
v -6.927914 -7.643791 -8.867170
v -5.303570 -8.848482 -8.867170
v -3.475414 -9.713136 -8.867170
v -1.513699 -10.204518 -8.867170
v 0.506185 -10.303750 -8.867170
v 2.506617 -10.007016 -8.867170
v 4.410721 -9.325719 -8.867170
v 6.145325 -8.286042 -8.867170
v 7.643768 -6.927939 -8.867170
v 8.848468 -5.303598 -8.867170
v 9.713126 -3.475446 -8.867170
v 10.204515 -1.513733 -8.867170
v 8.881656 2.224737 -7.721539
v 9.145023 0.449265 -7.721539
v 8.276972 3.914714 -7.721539
v 7.354210 5.454252 -7.721538
v 6.148829 6.784184 -7.721538
v 4.707152 7.853408 -7.721538
v 3.084580 8.620829 -7.721538
v 1.343470 9.056953 -7.721539
v -0.449268 9.145026 -7.721539
v -2.224742 8.881657 -7.721537
v -3.914720 8.276974 -7.721538
v -5.454257 7.354207 -7.721538
v -6.784190 6.148823 -7.721538
v -7.853411 4.707146 -7.721538
v -8.620831 3.084573 -7.721539
v -9.056952 1.343463 -7.721539
v -9.145025 -0.449275 -7.721539
v -8.881656 -2.224750 -7.721539
v -8.276970 -3.914728 -7.721539
v -7.354205 -5.454265 -7.721539
v -6.148822 -6.784197 -7.721539
v -4.707147 -7.853411 -7.721539
v -3.084580 -8.620827 -7.721539
v -1.343474 -9.056951 -7.721540
v 0.449261 -9.145023 -7.721540
v 2.224730 -8.881658 -7.721540
v 3.914705 -8.276977 -7.721539
v 5.454241 -7.354223 -7.721539
v 6.784174 -6.148847 -7.721539
v 7.853396 -4.707173 -7.721539
v 8.620817 -3.084610 -7.721539
v 9.056947 -1.343503 -7.721539
v 9.145023 0.449265 -7.721539
v 9.764368 0.479692 3.826782
v 8.881656 2.224737 -7.721539
v 9.483166 2.375407 3.826782
v 8.276972 3.914714 -7.721539
v 8.837529 4.179838 3.826783
v 7.354210 5.454252 -7.721538
v 7.852274 5.823640 3.826783
v 6.148829 6.784184 -7.721538
v 6.565259 7.243643 3.826783
v 5.025944 8.385280 3.826783
v 4.707152 7.853408 -7.721538
v 3.293484 9.204675 3.826783
v 3.084580 8.620829 -7.721538
v 1.434457 9.670336 3.826783
v 1.343470 9.056953 -7.721539
v -0.479695 9.764374 3.826783
v -0.449268 9.145026 -7.721539
v -2.375412 9.483169 3.826783
v -2.224742 8.881657 -7.721537
v -4.179844 8.837532 3.826783
v -3.914720 8.276974 -7.721538
v -5.823647 7.852269 3.826783
v -5.454257 7.354207 -7.721538
v -7.243649 6.565251 3.826783
v -6.784190 6.148823 -7.721538
v -8.385283 5.025935 3.826783
v -7.853411 4.707146 -7.721538
v -9.204676 3.293476 3.826782
v -8.620831 3.084573 -7.721539
v -9.670334 1.434450 3.826782
v -9.056952 1.343463 -7.721539
v -9.764370 -0.479703 3.826782
v -9.145025 -0.449275 -7.721539
v -8.881656 -2.224750 -7.721539
v -9.483165 -2.375421 3.826782
v -8.276970 -3.914728 -7.721539
v -8.837527 -4.179852 3.826782
v -7.354205 -5.454265 -7.721539
v -7.852267 -5.823655 3.826782
v -6.148822 -6.784197 -7.721539
v -6.565251 -7.243656 3.826782
v -5.025938 -8.385283 3.826782
v -4.707147 -7.853411 -7.721539
v -3.293483 -9.204671 3.826782
v -3.084580 -8.620827 -7.721539
v -1.434461 -9.670330 3.826782
v -1.343474 -9.056951 -7.721540
v 0.479687 -9.764367 3.826782
v 0.449261 -9.145023 -7.721540
v 2.224730 -8.881658 -7.721540
v 2.375400 -9.483165 3.826782
v 3.914705 -8.276977 -7.721539
v 4.179828 -8.837534 3.826782
v 5.454241 -7.354223 -7.721539
v 5.823628 -7.852287 3.826782
v 6.784174 -6.148847 -7.721539
v 7.243632 -6.565277 3.826782
v 8.385266 -5.025968 3.826782
v 7.853396 -4.707173 -7.721539
v 9.204661 -3.293514 3.826782
v 8.620817 -3.084610 -7.721539
v 9.670326 -1.434492 3.826782
v 9.056947 -1.343503 -7.721539
v -9.670334 1.434450 3.826782
v 9.483166 2.375407 3.826782
v 9.764368 0.479692 3.826782
v -9.204676 3.293476 3.826782
v -2.375412 9.483169 3.826783
v 1.434457 9.670336 3.826783
v 3.293484 9.204675 3.826783
v -0.479695 9.764374 3.826783
v 5.025944 8.385280 3.826783
v -4.179844 8.837532 3.826783
v -5.823647 7.852269 3.826783
v 6.565259 7.243643 3.826783
v -7.243649 6.565251 3.826783
v 7.852274 5.823640 3.826783
v 8.837529 4.179838 3.826783
v -8.385283 5.025935 3.826783
v 9.670326 -1.434492 3.826782
v -9.764370 -0.479703 3.826782
v -9.483165 -2.375421 3.826782
v 9.204661 -3.293514 3.826782
v -8.837527 -4.179852 3.826782
v 8.385266 -5.025968 3.826782
v -7.852267 -5.823655 3.826782
v 7.243632 -6.565277 3.826782
v 5.823628 -7.852287 3.826782
v -6.565251 -7.243656 3.826782
v 4.179828 -8.837534 3.826782
v -5.025938 -8.385283 3.826782
v 2.375400 -9.483165 3.826782
v -3.293483 -9.204671 3.826782
v -1.434461 -9.670330 3.826782
v 0.479687 -9.764367 3.826782
v -8.887822 1.630417 8.093734
v -9.019954 0.057036 8.093734
v -8.442297 1.551859 8.344502
v -8.567833 0.057036 8.344502
v -8.069751 1.486170 7.991737
v -8.189770 0.057036 7.991738
v -8.408237 0.351889 7.522949
v -8.285029 1.524130 7.522948
v -8.285029 1.524130 7.522948
v -8.408237 0.351889 7.522949
v -8.790625 1.613280 7.585986
v -9.009439 0.369805 7.585986
v -8.790625 1.613280 7.585986
v -9.009439 0.369805 7.585986
v -8.582009 2.856961 8.093734
v -8.151754 2.717163 8.344502
v -7.791975 2.600263 7.991738
v -7.999876 2.667816 7.522949
v -7.999876 2.667816 7.522949
v -8.488145 2.826463 7.585986
v -8.488145 2.826463 7.585986
v -7.701860 3.830690 8.344502
v -8.108474 4.029009 8.093734
v -7.361853 3.664858 7.991738
v -7.558329 3.760685 7.522949
v -7.558329 3.760685 7.522949
v -8.019767 3.985742 7.585986
v -8.019767 3.985742 7.585986
v -7.101373 4.870770 8.344502
v -7.476428 5.123747 8.093734
v -6.787753 4.659229 7.991737
v -6.968981 4.781470 7.522950
v -7.394605 5.068556 7.585986
v -6.968981 4.781470 7.522950
v -7.394605 5.068556 7.585986
v -6.082410 6.087128 8.344502
v -6.395907 6.411763 8.093734
v -5.820265 5.815669 7.991738
v -6.137067 5.812887 7.522950
v -6.137067 5.812887 7.522950
v -6.567913 6.209141 7.585986
v -6.567913 6.209141 7.585986
v -5.812405 6.126410 7.522949
v -6.191728 6.572421 7.585986
v -4.621115 7.261708 8.344501
v -4.860884 7.645552 8.093734
v -4.420619 6.940726 7.991737
v -4.536478 7.126207 7.522948
v -6.191728 6.572421 7.585986
v -4.536478 7.126207 7.522948
v -5.812405 6.126410 7.522949
v -4.808576 7.561814 7.585986
v -4.808576 7.561814 7.585986
v -3.161376 8.005315 8.344502
v -3.315728 8.429744 8.093734
v -3.032307 7.650380 7.991737
v -3.106890 7.855486 7.522950
v -3.106890 7.855486 7.522950
v -3.282054 8.337153 7.585986
v -3.282054 8.337153 7.585986
v -1.604571 8.473725 8.344502
v -1.667533 8.921861 8.093734
v -1.551923 8.098983 7.991738
v -1.582346 8.315531 7.522950
v -1.582346 8.315531 7.522950
v -1.653797 8.824095 7.585986
v -1.653797 8.824095 7.585986
v -0.008709 8.641212 8.344502
v -0.011028 9.093597 8.093734
v -0.006770 8.262929 7.991738
v -0.334553 8.479845 7.522950
v -0.334553 8.479845 7.522950
v -0.334553 9.061187 7.585986
v -0.334553 9.061187 7.585986
v -0.333659 9.127596 5.750178
v -1.688663 9.447062 6.015503
v -0.333713 9.606844 6.015503
v -1.622047 8.972369 5.750178
v -1.566342 8.575396 6.123420
v -0.333610 8.726801 6.123421
v -0.333639 8.958408 6.619422
v -1.598532 8.804792 6.619422
v -1.674131 9.343505 6.552726
v -0.333639 8.958408 6.619422
v -0.333697 9.461998 6.557667
v -1.598532 8.804792 6.619422
v -0.333713 9.606844 6.015503
v -1.688663 9.447062 6.015503
v -3.348297 8.997042 6.015502
v -3.216333 8.536731 5.750177
v -3.340746 8.056540 6.123420
v -3.419658 8.273402 6.619421
v -3.604991 8.782706 6.552726
v -3.419658 8.273402 6.619421
v -3.348297 8.997042 6.015502
v -3.764982 8.316188 5.750177
v -3.959638 8.753551 6.015502
v -5.217983 8.052216 6.015502
v -4.964251 7.645985 5.750177
v -3.959638 8.753551 6.015502
v -4.752075 7.306275 6.123419
v -4.874683 7.502581 6.619421
v -4.874683 7.502581 6.619421
v -5.162630 7.963593 6.552725
v -5.217983 8.052216 6.015502
v -6.431730 7.106587 6.015501
v -6.124053 6.739912 5.750177
v -5.866775 6.433300 6.123418
v -6.087533 6.473037 6.619421
v -6.087533 6.473037 6.619421
v -6.432354 6.873961 6.552724
v -6.431730 7.106587 6.015501
v -6.733338 6.151534 5.750176
v -7.089051 6.471817 6.015501
v -6.435893 5.883711 6.123419
v -6.454174 6.118975 6.619421
v -6.853510 6.467257 6.552724
v -7.089051 6.471817 6.015501
v -7.990004 5.275655 6.015501
v -7.593041 5.007887 5.750176
v -7.261094 4.783968 6.123419
v -7.452913 4.913363 6.619421
v -7.452913 4.913363 6.619421
v -6.454174 6.118975 6.619421
v -7.903404 5.217240 6.552725
v -7.990004 5.275655 6.015501
v -8.688245 3.994692 6.015502
v -8.258029 3.784859 5.750177
v -8.005118 3.344973 6.123420
v -8.219044 3.431406 6.619421
v -8.721462 3.634393 6.552725
v -8.219044 3.431406 6.619421
v -8.688245 3.994692 6.015502
v -8.492620 3.204229 5.750176
v -8.947848 3.352144 6.015502
v -8.934424 1.638638 5.750176
v -8.947848 3.352144 6.015502
v -9.405810 1.721756 6.015501
v -8.540250 1.569134 6.123418
v -8.768027 1.609297 6.619420
v -8.768027 1.609297 6.619420
v -9.302971 1.703623 6.552724
v -9.405810 1.721756 6.015501
v -9.545612 0.391610 6.015502
v -9.067246 0.374905 5.750176
v -8.667238 0.360935 6.123420
v -8.898384 0.369007 6.619421
v -9.405945 0.387964 6.552724
v -8.898384 0.369007 6.619421
v -9.545612 0.391610 6.015502
v -9.067246 -0.260830 5.750176
v -9.545612 -0.277536 6.015501
v -9.405945 -0.273891 6.552724
v -9.545612 -0.277536 6.015501
v 0.306379 9.610125 6.015503
v 0.311238 9.130900 5.750178
v 0.312952 8.961723 6.619422
v 0.315297 8.730128 6.123421
v 0.306379 9.610125 6.015503
v 0.307848 9.465289 6.557667
v -8.258029 3.784859 5.750177
v -9.234625 4.123020 4.739012
v -8.688245 3.994692 6.015502
v -8.774040 3.906058 4.544641
v -8.492620 3.204229 5.750176
v -8.977953 3.411787 4.544641
v -8.947848 3.352144 6.015502
v -9.461747 3.571917 4.739012
v -9.461747 3.571917 4.739012
v -9.234625 4.123020 4.739012
v -6.087533 6.473037 6.619421
v -6.432354 6.873961 6.552724
v -6.454174 6.118975 6.619421
v -6.853510 6.467257 6.552724
v -3.216333 8.536731 5.750177
v -3.539715 9.372480 4.850698
v -3.348297 8.997042 6.015502
v -3.407778 8.912107 4.585372
v -3.764982 8.316188 5.750177
v -3.897730 8.715158 4.585372
v -3.959638 8.753551 6.015502
v -4.092419 9.152343 4.850698
v -4.092419 9.152343 4.850698
v -3.539715 9.372480 4.850698
v -0.333639 8.958408 6.619422
v -0.333697 9.461998 6.557667
v 0.318771 8.483197 7.522950
v 0.312812 9.064506 7.585986
v 0.312952 8.961723 6.619422
v 9.086815 0.057036 8.093734
v 8.497108 1.638681 8.344501
v 8.634880 0.057036 8.344502
v 8.941802 1.721804 8.093734
v 8.125253 1.569178 7.991737
v 8.256970 0.057036 7.991738
v 8.475348 0.438425 7.522949
v 8.340133 1.609341 7.522948
v 8.844787 1.703669 7.585986
v 8.475348 0.438425 7.522949
v 8.340133 1.609341 7.522948
v 9.052122 0.461600 7.585986
v 9.052122 0.461600 7.585986
v 8.844787 1.703669 7.585986
v 8.194634 2.800948 8.344502
v 8.623434 2.945149 8.093734
v 7.836073 2.680365 7.991738
v 8.043271 2.750044 7.522950
v 8.043271 2.750044 7.522950
v 8.529887 2.913689 7.585986
v 8.529887 2.913689 7.585986
v 7.733349 3.909804 8.344502
v 8.137907 4.112280 8.093734
v 7.395060 3.740494 7.991738
v 7.590543 3.838331 7.522949
v 7.590543 3.838331 7.522949
v 8.049650 4.068109 7.585986
v 8.049650 4.068109 7.585986
v 7.494673 5.200480 8.093734
v 7.122231 4.943672 8.344502
v 6.810797 4.728930 7.991737
v 6.990762 4.853021 7.522950
v 6.990762 4.853021 7.522950
v 7.413420 5.144455 7.585986
v 7.413420 5.144455 7.585986
v 6.090854 6.149524 8.344502
v 6.401006 6.477353 8.093734
v 5.831506 5.875391 7.991738
v 6.148319 5.875855 7.522950
v 6.148319 5.875855 7.522950
v 6.575080 6.276506 7.585986
v 6.575080 6.276506 7.585986
v 5.820460 6.186034 7.522949
v 6.195191 6.635910 7.585986
v 4.617595 7.309060 8.344501
v 4.853417 7.695343 8.093734
v 4.420399 6.986041 7.991737
v 4.534351 7.172701 7.522948
v 6.195191 6.635910 7.585986
v 4.534351 7.172701 7.522948
v 4.801970 7.611071 7.585986
v 5.820460 6.186034 7.522949
v 4.801970 7.611071 7.585986
v 3.150311 8.037666 8.344502
v 3.300304 8.463655 8.093734
v 3.024886 7.681426 7.991737
v 3.097364 7.887286 7.522950
v 3.097364 7.887286 7.522950
v 3.267581 8.370722 7.585986
v 3.267581 8.370722 7.585986
v 1.588786 8.490092 8.344502
v 1.647151 8.938848 8.093734
v 1.539982 8.114831 7.991738
v 1.568184 8.331679 7.522950
v 1.568184 8.331679 7.522950
v 1.634418 8.840948 7.585986
v 1.634418 8.840948 7.585986
v 0.318771 8.483197 7.522950
v 0.312812 9.064506 7.585986
v 1.662897 9.464240 6.015503
v 1.601150 8.988891 5.750178
v 1.549517 8.591364 6.123420
v 1.579353 8.821082 6.619422
v 1.649426 9.360538 6.552726
v 1.579353 8.821082 6.619422
v 1.662897 9.464240 6.015503
v 3.327055 9.031257 6.015502
v 3.199817 8.569617 5.750177
v 3.329146 8.090727 6.123420
v 3.405831 8.308386 6.619421
v 3.585933 8.819563 6.552726
v 3.405831 8.308386 6.619421
v 3.327055 9.031257 6.015502
v 3.750698 8.354708 5.750177
v 3.940860 8.794043 6.015502
v 5.206329 8.105646 6.015502
v 3.940860 8.794043 6.015502
v 4.956775 7.696835 5.750177
v 4.748092 7.354968 6.123419
v 4.868681 7.552521 6.619421
v 5.151887 8.016460 6.552724
v 4.868681 7.552521 6.619421
v 5.206329 8.105646 6.015502
v 6.429705 7.172507 6.015501
v 6.125803 6.802699 5.750177
v 5.871682 6.493466 6.123418
v 6.131844 6.564956 6.619421
v 6.432714 6.939902 6.552724
v 6.131844 6.564956 6.619421
v 6.429705 7.172507 6.015501
v 7.093499 6.544510 6.015501
v 6.741087 6.220594 5.750176
v 6.446403 5.949739 6.123419
v 6.502094 6.214671 6.619421
v 6.858016 6.537534 6.552724
v 7.093499 6.544510 6.015501
v 8.006665 5.357647 6.015502
v 7.612469 5.085822 5.750176
v 7.282834 4.858516 6.123419
v 7.473317 4.989866 6.619421
v 7.473317 4.989866 6.619421
v 6.502094 6.214671 6.619421
v 7.920668 5.298346 6.552726
v 8.006665 5.357647 6.015502
v 8.718000 4.083906 6.015502
v 8.289959 3.869677 5.750177
v 8.041570 3.427219 6.123420
v 8.254597 3.515841 6.619421
v 8.254597 3.515841 6.619421
v 8.754910 3.723971 6.552725
v 8.718000 4.083906 6.015502
v 8.530488 3.291483 5.750176
v 8.984177 3.444055 6.015502
v 8.988320 1.730502 5.750176
v 8.984177 3.444055 6.015502
v 9.458827 1.818447 6.015501
v 8.594876 1.656959 6.123418
v 8.822231 1.699455 6.619420
v 8.822231 1.699455 6.619420
v 9.356182 1.799259 6.552724
v 9.458827 1.818447 6.015501
v 9.612257 0.489802 6.015502
v 9.134089 0.468195 5.750176
v 8.734243 0.450127 6.123420
v 8.920773 0.460568 6.619421
v 9.465793 0.485087 6.552724
v 8.920773 0.460568 6.619421
v 9.612257 0.489802 6.015502
v 9.612257 -0.375729 6.015501
v 9.134089 -0.354122 5.750176
v 9.263038 4.217829 4.739012
v 8.289959 3.869677 5.750177
v 8.718000 4.083906 6.015502
v 8.804700 3.996157 4.544641
v 9.013668 3.504004 4.544641
v 8.530488 3.291483 5.750176
v 9.495797 3.669085 4.739012
v 8.984177 3.444055 6.015502
v 9.495797 3.669085 4.739012
v 9.263038 4.217829 4.739012
v 6.432714 6.939902 6.552724
v 6.131844 6.564956 6.619421
v 6.502094 6.214671 6.619421
v 6.858016 6.537534 6.552724
v 3.514615 9.408638 4.850698
v 3.199817 8.569617 5.750177
v 3.327055 9.031257 6.015502
v 3.387404 8.946933 4.585372
v 3.750698 8.354708 5.750177
v 3.879349 8.755021 4.585372
v 4.069546 9.194178 4.850698
v 3.940860 8.794043 6.015502
v 3.514615 9.408638 4.850698
v 4.069546 9.194178 4.850698
v 0.312952 8.961723 6.619422
v 0.307848 9.465289 6.557667
v 9.052122 -0.175789 7.585986
v -8.442297 -1.437789 8.344501
v -8.887822 -1.516343 8.093734
v -8.069751 -1.372098 7.991737
v -8.408237 -0.237814 7.522948
v -8.285029 -1.410057 7.522949
v -8.790625 -1.499207 7.585986
v -9.009439 -0.255732 7.585986
v -8.408237 -0.237814 7.522948
v -8.285029 -1.410057 7.522949
v -9.009439 -0.255732 7.585986
v -8.790625 -1.499207 7.585986
v -8.582009 -2.742890 8.093734
v -8.151754 -2.603091 8.344501
v -7.791975 -2.486192 7.991738
v -7.999876 -2.553742 7.522949
v -8.488145 -2.712389 7.585986
v -7.999876 -2.553742 7.522949
v -8.488145 -2.712389 7.585986
v -8.108474 -3.914936 8.093734
v -7.701860 -3.716617 8.344501
v -7.361853 -3.550785 7.991737
v -7.558329 -3.646612 7.522948
v -7.558329 -3.646612 7.522948
v -8.019767 -3.871671 7.585986
v -8.019767 -3.871671 7.585986
v -7.101373 -4.756696 8.344501
v -7.476428 -5.009672 8.093734
v -6.787753 -4.545157 7.991737
v -6.968981 -4.667397 7.522948
v -6.968981 -4.667397 7.522948
v -7.394605 -4.954483 7.585986
v -7.394605 -4.954483 7.585986
v -6.082410 -5.973055 8.344501
v -6.395907 -6.297690 8.093734
v -5.820265 -5.701594 7.991737
v -6.137067 -5.698812 7.522948
v -6.137067 -5.698812 7.522948
v -6.567913 -6.095068 7.585986
v -6.567913 -6.095068 7.585986
v -5.812405 -6.012337 7.522948
v -6.191728 -6.458348 7.585986
v -4.621115 -7.147633 8.344502
v -4.860884 -7.531478 8.093734
v -4.420619 -6.826653 7.991737
v -4.536478 -7.012135 7.522948
v -6.191728 -6.458348 7.585986
v -4.536478 -7.012135 7.522948
v -4.808576 -7.447740 7.585986
v -5.812405 -6.012337 7.522948
v -4.808576 -7.447740 7.585986
v -3.161376 -7.891241 8.344502
v -3.315728 -8.315668 8.093734
v -3.032307 -7.536305 7.991737
v -3.106890 -7.741413 7.522948
v -3.106890 -7.741413 7.522948
v -3.282054 -8.223078 7.585986
v -3.282054 -8.223078 7.585986
v -1.604571 -8.359652 8.344502
v -1.667533 -8.807786 8.093733
v -1.551923 -7.984908 7.991737
v -1.582346 -8.201456 7.522948
v -1.582346 -8.201456 7.522948
v -1.653797 -8.710022 7.585985
v -1.653797 -8.710022 7.585985
v 0.106959 -8.527137 8.344501
v 0.104640 -8.979525 8.093733
v 0.108898 -8.148850 7.991737
v -0.218885 -8.365768 7.522948
v -0.218885 -8.365768 7.522948
v -0.218885 -8.947115 7.585985
v -0.218885 -8.947115 7.585985
v -0.217991 -9.013521 5.750177
v -1.688663 -9.332986 6.015501
v -1.622047 -8.858294 5.750176
v -0.218045 -9.492768 6.015501
v -1.566342 -8.461322 6.123419
v -0.217942 -8.612728 6.123419
v -0.217971 -8.844330 6.619421
v -1.598532 -8.690722 6.619421
v -0.217971 -8.844330 6.619421
v -1.598532 -8.690722 6.619421
v -1.674131 -9.229433 6.552724
v -0.218029 -9.347924 6.557666
v -0.218045 -9.492768 6.015501
v -1.688663 -9.332986 6.015501
v -3.279760 -8.911488 6.015501
v -3.147796 -8.451174 5.750176
v -3.272208 -7.970984 6.123420
v -3.351121 -8.187845 6.619421
v -3.351121 -8.187845 6.619421
v -3.536454 -8.697152 6.552724
v -3.279760 -8.911488 6.015501
v -3.696445 -8.230633 5.750176
v -3.891101 -8.667994 6.015501
v -5.217983 -7.938142 6.015501
v -4.964251 -7.531912 5.750176
v -3.891101 -8.667994 6.015501
v -4.752075 -7.192202 6.123419
v -4.874683 -7.388508 6.619421
v -5.162630 -7.849520 6.552724
v -4.874683 -7.388508 6.619421
v -5.217983 -7.938142 6.015501
v -6.431730 -6.992513 6.015501
v -6.124053 -6.625837 5.750176
v -5.866775 -6.319228 6.123419
v -5.997242 -6.424248 6.619421
v -6.380430 -6.796090 6.552724
v -5.997242 -6.424248 6.619421
v -6.431730 -6.992513 6.015501
v -7.089051 -6.357745 6.015502
v -6.733338 -6.037459 5.750176
v -6.435893 -5.769637 6.123418
v -6.415806 -6.033984 6.619421
v -6.853510 -6.353184 6.552724
v -7.089051 -6.357745 6.015502
v -7.990004 -5.161582 6.015501
v -7.593041 -4.893813 5.750176
v -7.261094 -4.669896 6.123418
v -7.452913 -4.799289 6.619420
v -7.452913 -4.799289 6.619420
v -7.903404 -5.103168 6.552724
v -6.415806 -6.033984 6.619421
v -7.990004 -5.161582 6.015501
v -8.688245 -3.880618 6.015501
v -8.258029 -3.670786 5.750176
v -8.005118 -3.230901 6.123418
v -8.219044 -3.317332 6.619420
v -8.721462 -3.520320 6.552723
v -8.219044 -3.317332 6.619420
v -8.688245 -3.880618 6.015501
v -8.492620 -3.090158 5.750176
v -8.947848 -3.238072 6.015501
v -8.934424 -1.524564 5.750177
v -8.947848 -3.238072 6.015501
v -9.405810 -1.607684 6.015502
v -8.540250 -1.455061 6.123419
v -8.768027 -1.495224 6.619421
v -8.768027 -1.495224 6.619421
v -9.302971 -1.589551 6.552724
v -9.405810 -1.607684 6.015502
v -8.667238 -0.246862 6.123419
v -8.898384 -0.254934 6.619421
v -8.898384 -0.254934 6.619421
v 0.422047 -9.496049 6.015501
v 0.426906 -9.016824 5.750177
v 0.428620 -8.847651 6.619421
v 0.430965 -8.616055 6.123419
v 0.422047 -9.496049 6.015501
v 0.423516 -9.351213 6.557666
v -8.258029 -3.670786 5.750176
v -9.234625 -4.008945 4.739011
v -8.774040 -3.791983 4.544640
v -8.688245 -3.880618 6.015501
v -8.977953 -3.297715 4.544641
v -8.492620 -3.090158 5.750176
v -9.461747 -3.457844 4.739011
v -8.947848 -3.238072 6.015501
v -9.461747 -3.457844 4.739011
v -9.234625 -4.008945 4.739011
v -5.997242 -6.424248 6.619421
v -6.380430 -6.796090 6.552724
v -6.415806 -6.033984 6.619421
v -6.853510 -6.353184 6.552724
v -3.147796 -8.451174 5.750176
v -3.471178 -9.286930 4.850696
v -3.339241 -8.826549 4.585371
v -3.279760 -8.911488 6.015501
v -3.696445 -8.230633 5.750176
v -3.829193 -8.629604 4.585371
v -4.023881 -9.066792 4.850697
v -3.891101 -8.667994 6.015501
v -3.471178 -9.286930 4.850696
v -4.023881 -9.066792 4.850697
v -0.217971 -8.844330 6.619421
v -0.218029 -9.347924 6.557666
v 0.434439 -8.369119 7.522948
v 0.428480 -8.950432 7.585985
v 0.428620 -8.847651 6.619421
v 8.497108 -1.524610 8.344501
v 8.941802 -1.607731 8.093734
v 8.125253 -1.455104 7.991737
v 8.475348 -0.152614 7.522948
v 8.340133 -1.495268 7.522950
v 8.844787 -1.589597 7.585986
v 8.475348 -0.152614 7.522948
v 9.052122 -0.175789 7.585986
v 8.340133 -1.495268 7.522950
v 8.844787 -1.589597 7.585986
v 8.194634 -2.686873 8.344501
v 8.623434 -2.831076 8.093734
v 7.836073 -2.566294 7.991738
v 8.043271 -2.635971 7.522950
v 8.043271 -2.635971 7.522950
v 8.529887 -2.799616 7.585986
v 8.529887 -2.799616 7.585986
v 7.733349 -3.795731 8.344501
v 8.137907 -3.998207 8.093734
v 7.395060 -3.626421 7.991737
v 7.590543 -3.724258 7.522948
v 7.590543 -3.724258 7.522948
v 8.049650 -3.954035 7.585986
v 8.049650 -3.954035 7.585986
v 7.494673 -5.086406 8.093734
v 7.122231 -4.829600 8.344501
v 6.810797 -4.614856 7.991737
v 6.990762 -4.738947 7.522948
v 7.413420 -5.030380 7.585986
v 6.990762 -4.738947 7.522948
v 7.413420 -5.030380 7.585986
v 6.184110 -5.960313 8.344501
v 6.494262 -6.288141 8.093734
v 5.924762 -5.686180 7.991737
v 6.241576 -5.686643 7.522948
v 6.241576 -5.686643 7.522948
v 6.668336 -6.087296 7.585986
v 6.668336 -6.087296 7.585986
v 5.913716 -5.996822 7.522948
v 6.288447 -6.446699 7.585986
v 4.853417 -7.581269 8.093734
v 4.617595 -7.194986 8.344502
v 4.420399 -6.871969 7.991737
v 4.627606 -6.983490 7.522949
v 4.627606 -6.983490 7.522949
v 6.288447 -6.446699 7.585986
v 4.801970 -7.496998 7.585986
v 5.913716 -5.996822 7.522948
v 4.801970 -7.496998 7.585986
v 3.300304 -8.349581 8.093734
v 3.150311 -7.923592 8.344502
v 3.024886 -7.567350 7.991737
v 3.097364 -7.773211 7.522948
v 3.097364 -7.773211 7.522948
v 3.267581 -8.256645 7.585986
v 3.267581 -8.256645 7.585986
v 1.647151 -8.824778 8.093733
v 1.588786 -8.376017 8.344501
v 1.539982 -8.000756 7.991737
v 1.568184 -8.217606 7.522948
v 1.568184 -8.217606 7.522948
v 1.634418 -8.726876 7.585985
v 1.634418 -8.726876 7.585985
v 0.434439 -8.369119 7.522948
v 0.428480 -8.950432 7.585985
v 1.662897 -9.350166 6.015501
v 1.601150 -8.874816 5.750177
v 1.549517 -8.477289 6.123419
v 1.579353 -8.707010 6.619421
v 1.649426 -9.246462 6.552724
v 1.579353 -8.707010 6.619421
v 1.662897 -9.350166 6.015501
v 3.327055 -8.917187 6.015501
v 3.199817 -8.455542 5.750176
v 3.329146 -7.976652 6.123419
v 3.405831 -8.194315 6.619421
v 3.585933 -8.705486 6.552724
v 3.405831 -8.194315 6.619421
v 3.327055 -8.917187 6.015501
v 3.750698 -8.240634 5.750176
v 3.940860 -8.679974 6.015501
v 5.206329 -7.991572 6.015501
v 3.940860 -8.679974 6.015501
v 4.956775 -7.582763 5.750176
v 4.748092 -7.240894 6.123419
v 4.868681 -7.438448 6.619421
v 5.151887 -7.902389 6.552724
v 4.868681 -7.438448 6.619421
v 5.206329 -7.991572 6.015501
v 6.522961 -6.983298 6.015501
v 6.219060 -6.613488 5.750176
v 5.964938 -6.304255 6.123419
v 6.181758 -6.329521 6.619421
v 6.525970 -6.750691 6.552724
v 6.181758 -6.329521 6.619421
v 6.522961 -6.983298 6.015501
v 6.834344 -6.031386 5.750176
v 7.186755 -6.355299 6.015502
v 6.539659 -5.760528 6.123418
v 6.552008 -5.979238 6.619421
v 6.951272 -6.348324 6.552724
v 7.186755 -6.355299 6.015502
v 8.006665 -5.243575 6.015502
v 7.612469 -4.971749 5.750176
v 7.282834 -4.744441 6.123418
v 7.473317 -4.875791 6.619420
v 7.473317 -4.875791 6.619420
v 6.552008 -5.979238 6.619421
v 7.920668 -5.184273 6.552724
v 8.006665 -5.243575 6.015502
v 8.718000 -3.969831 6.015501
v 8.289959 -3.755602 5.750176
v 8.041570 -3.313146 6.123418
v 8.254597 -3.401767 6.619420
v 8.754910 -3.609897 6.552723
v 8.254597 -3.401767 6.619420
v 8.718000 -3.969831 6.015501
v 8.530488 -3.177410 5.750176
v 8.984177 -3.329980 6.015501
v 8.988320 -1.616427 5.750177
v 8.984177 -3.329980 6.015501
v 9.458827 -1.704374 6.015502
v 8.594876 -1.542887 6.123419
v 8.822231 -1.585382 6.619421
v 8.822231 -1.585382 6.619421
v 9.356182 -1.685186 6.552724
v 9.458827 -1.704374 6.015502
v 8.734243 -0.336054 6.123419
v 8.920773 -0.174757 6.619421
v 8.920773 -0.174757 6.619421
v 9.465793 -0.199278 6.552724
v 9.612257 -0.375729 6.015501
v 8.289959 -3.755602 5.750176
v 9.263038 -4.103756 4.739011
v 8.718000 -3.969831 6.015501
v 8.804700 -3.882081 4.544640
v 9.013668 -3.389930 4.544641
v 8.530488 -3.177410 5.750176
v 9.495797 -3.555010 4.739011
v 8.984177 -3.329980 6.015501
v 9.495797 -3.555010 4.739011
v 9.263038 -4.103756 4.739011
v 6.181758 -6.329521 6.619421
v 6.525970 -6.750691 6.552724
v 6.552008 -5.979238 6.619421
v 6.951272 -6.348324 6.552724
v 3.514615 -9.294567 4.850696
v 3.199817 -8.455542 5.750176
v 3.387404 -8.832858 4.585371
v 3.327055 -8.917187 6.015501
v 3.750698 -8.240634 5.750176
v 3.879349 -8.640948 4.585371
v 4.069546 -9.080104 4.850697
v 3.940860 -8.679974 6.015501
v 3.514615 -9.294567 4.850696
v 4.069546 -9.080104 4.850697
v 0.428620 -8.847651 6.619421
v 0.423516 -9.351213 6.557666
v -9.405945 0.387964 6.552724
v -8.898384 0.369007 6.619421
v -8.898384 -0.254934 6.619421
v -9.405945 -0.273891 6.552724
v 8.920773 0.460568 6.619421
v 9.465793 0.485087 6.552724
v 8.920773 -0.174757 6.619421
v 9.465793 -0.199278 6.552724
v -1.329175 9.888772 6.455815
v -1.230429 10.105737 6.624074
v -1.230429 9.955513 6.360500
v -1.332244 9.489128 6.528594
v -1.230429 9.656453 6.309482
v -1.230429 9.392881 6.459709
v -1.333882 9.560633 6.924446
v -1.230429 9.341863 6.758765
v -1.230429 9.492087 7.022339
v -1.332244 9.957069 6.856250
v -1.230429 9.791144 7.073357
v -1.230429 10.054719 6.923134
v -1.582023 9.964813 6.821761
v -1.509443 9.898772 6.441534
v -1.509443 9.898772 6.441534
v -1.329175 9.888772 6.455815
v -1.582023 9.518889 6.509521
v -1.651728 9.588546 6.884583
v -1.333882 9.560633 6.924446
v -1.651728 9.588546 6.884583
v -1.811857 10.015000 6.749760
v -1.643823 9.928860 6.398566
v -1.735232 9.990467 6.310579
v -1.975917 10.125340 6.592124
v -2.230061 10.808599 5.616501
v -1.960650 10.612720 5.426481
v -1.643823 9.928860 6.398566
v -1.811857 9.569383 6.437734
v -1.975917 9.679772 6.280135
v -1.735232 9.990467 6.310579
v -2.227953 10.356223 5.313989
v -1.960650 10.612720 5.426481
v -1.972010 9.661249 6.780752
v -2.202739 9.815536 6.560410
v -2.496490 10.557165 5.505907
v -1.972010 9.661249 6.780752
v -2.202739 9.815536 6.560410
v -2.496490 10.557165 5.505907
v -2.274608 10.041422 4.766850
v -2.045458 10.691022 4.898416
v -2.269138 10.403109 5.057976
v -2.054193 10.227681 4.509127
v -2.590474 10.173443 4.586586
v -2.580512 10.636909 4.975699
v -2.305846 10.983002 5.209871
v -2.013208 10.736974 5.152539
v -2.255079 10.421891 5.168457
v -2.013208 10.736974 5.152539
v -2.353589 10.912359 4.829869
v -2.590474 10.173443 4.586586
v -2.580512 10.636909 4.975699
v -2.369091 10.358106 4.334454
v -2.045458 10.691022 4.898416
v -2.054193 10.227681 4.509127
v -2.548634 10.682823 5.229876
v -2.548634 10.682823 5.229876
v 1.230429 10.105737 6.624075
v 1.230429 10.054719 6.923133
v 1.230429 9.656453 6.309484
v -1.230429 9.955513 6.360500
v 1.230429 9.955512 6.360501
v 1.230429 9.341863 6.758766
v 1.230429 9.392879 6.459708
v 1.230429 9.791143 7.073357
v -1.230429 9.492087 7.022339
v 1.230429 9.492087 7.022340
v 1.230429 9.955512 6.360501
v 1.329174 9.888771 6.455816
v 1.332244 9.489128 6.528595
v 1.230429 9.492087 7.022340
v 1.333882 9.560633 6.924445
v 1.332244 9.957069 6.856251
v 1.582023 9.964812 6.821761
v 1.509443 9.898772 6.441534
v 1.509443 9.898772 6.441534
v 1.329174 9.888771 6.455816
v 1.582023 9.518889 6.509521
v 1.651728 9.588545 6.884583
v 1.333882 9.560633 6.924445
v 1.651728 9.588545 6.884583
v 1.811857 10.014999 6.749760
v 1.643823 9.928860 6.398567
v 1.975917 10.125340 6.592125
v 1.735232 9.990466 6.310580
v 2.230061 10.808599 5.616503
v 1.960650 10.612719 5.426483
v 1.643823 9.928860 6.398567
v 1.811857 9.569383 6.437737
v 1.975917 9.679772 6.280135
v 1.735232 9.990466 6.310580
v 2.227954 10.356223 5.313989
v 1.960650 10.612719 5.426483
v 1.972010 9.661249 6.780755
v 2.202738 9.815534 6.560410
v 2.496491 10.557165 5.505907
v 1.972010 9.661249 6.780755
v 2.202738 9.815534 6.560410
v 2.496491 10.557165 5.505907
v 2.274609 10.041422 4.766851
v 2.045459 10.691022 4.898417
v 2.054194 10.227681 4.509129
v 2.269138 10.403109 5.057978
v 2.590474 10.173443 4.586588
v 2.580513 10.636908 4.975699
v 2.305847 10.983002 5.209872
v 2.013209 10.736973 5.152540
v 2.255080 10.421891 5.168457
v 2.013209 10.736973 5.152540
v 2.590474 10.173443 4.586588
v 2.353589 10.912359 4.829869
v 2.580513 10.636908 4.975699
v 2.369092 10.358106 4.334455
v 2.045459 10.691022 4.898417
v 2.054194 10.227681 4.509129
v 2.548635 10.682823 5.229876
v 2.548635 10.682823 5.229876
v -9.888773 -1.329176 6.455815
v -10.105738 -1.230430 6.624074
v -9.955514 -1.230430 6.360500
v -9.489129 -1.332245 6.528594
v -9.656454 -1.230430 6.309482
v -9.392882 -1.230430 6.459709
v -9.560634 -1.333883 6.924446
v -9.341864 -1.230430 6.758766
v -9.492087 -1.230430 7.022339
v -9.957070 -1.332245 6.856250
v -9.791144 -1.230430 7.073357
v -10.054720 -1.230430 6.923134
v -9.964814 -1.582023 6.821761
v -9.898773 -1.509444 6.441534
v -9.898773 -1.509444 6.441534
v -9.888773 -1.329176 6.455815
v -9.518890 -1.582023 6.509521
v -9.588547 -1.651730 6.884583
v -9.560634 -1.333883 6.924446
v -9.588547 -1.651730 6.884583
v -10.015001 -1.811857 6.749760
v -9.928861 -1.643824 6.398566
v -10.125340 -1.975918 6.592124
v -9.990468 -1.735232 6.310579
v -10.808600 -2.230062 5.616501
v -10.612720 -1.960651 5.426481
v -9.928861 -1.643824 6.398566
v -9.569383 -1.811859 6.437734
v -9.679773 -1.975918 6.280135
v -9.990468 -1.735232 6.310579
v -10.356224 -2.227953 5.313989
v -10.612720 -1.960651 5.426481
v -9.661250 -1.972012 6.780752
v -9.815536 -2.202739 6.560410
v -10.557166 -2.496491 5.505907
v -9.661250 -1.972012 6.780752
v -9.815536 -2.202739 6.560410
v -10.557166 -2.496491 5.505907
v -10.041423 -2.274608 4.766850
v -10.691023 -2.045458 4.898416
v -10.403110 -2.269138 5.057976
v -10.227682 -2.054194 4.509127
v -10.173444 -2.590475 4.586586
v -10.636909 -2.580513 4.975699
v -10.983003 -2.305848 5.209871
v -10.736975 -2.013210 5.152538
v -10.421892 -2.255079 5.168457
v -10.736975 -2.013210 5.152538
v -10.173444 -2.590475 4.586586
v -10.912360 -2.353590 4.829869
v -10.358107 -2.369092 4.334454
v -10.636909 -2.580513 4.975699
v -10.691023 -2.045458 4.898416
v -10.227682 -2.054194 4.509127
v -10.682824 -2.548635 5.229876
v -10.682824 -2.548635 5.229876
v -10.105738 1.230428 6.624075
v -10.054720 1.230428 6.923133
v -9.656454 1.230428 6.309483
v -9.955513 1.230428 6.360502
v -9.955514 -1.230430 6.360500
v -9.341864 1.230428 6.758766
v -9.392880 1.230428 6.459708
v -9.791143 1.230428 7.073356
v -9.492087 -1.230430 7.022339
v -9.492087 1.230428 7.022340
v -9.955513 1.230428 6.360502
v -9.888772 1.329173 6.455816
v -9.489129 1.332243 6.528595
v -9.492087 1.230428 7.022340
v -9.560634 1.333881 6.924445
v -9.957070 1.332243 6.856251
v -9.964813 1.582021 6.821761
v -9.898773 1.509442 6.441534
v -9.898773 1.509442 6.441534
v -9.888772 1.329173 6.455816
v -9.518890 1.582021 6.509521
v -9.588546 1.651727 6.884583
v -9.560634 1.333881 6.924445
v -9.588546 1.651727 6.884583
v -10.015000 1.811856 6.749760
v -9.928861 1.643823 6.398567
v -10.125340 1.975916 6.592125
v -9.990467 1.735232 6.310580
v -10.808600 2.230061 5.616503
v -10.612720 1.960649 5.426483
v -9.928861 1.643823 6.398567
v -9.569383 1.811856 6.437737
v -9.679773 1.975916 6.280135
v -9.990467 1.735232 6.310580
v -10.356224 2.227953 5.313989
v -10.612720 1.960649 5.426483
v -9.661250 1.972009 6.780754
v -9.815535 2.202737 6.560410
v -10.557166 2.496490 5.505907
v -9.661250 1.972009 6.780754
v -9.815535 2.202737 6.560410
v -10.557166 2.496490 5.505907
v -10.041423 2.274608 4.766851
v -10.691023 2.045458 4.898417
v -10.227682 2.054193 4.509129
v -10.403110 2.269137 5.057978
v -10.173444 2.590473 4.586588
v -10.636909 2.580512 4.975699
v -10.983003 2.305846 5.209872
v -10.736974 2.013208 5.152540
v -10.421892 2.255079 5.168457
v -10.736974 2.013208 5.152540
v -10.173444 2.590473 4.586588
v -10.912360 2.353589 4.829869
v -10.636909 2.580512 4.975699
v -10.358107 2.369091 4.334455
v -10.691023 2.045458 4.898417
v -10.227682 2.054193 4.509129
v -10.682824 2.548634 5.229876
v -10.682824 2.548634 5.229876
v 1.329174 -9.888774 6.455816
v 1.230428 -10.105737 6.624074
v 1.230428 -9.955514 6.360500
v 1.332243 -9.489129 6.528594
v 1.230428 -9.656455 6.309482
v 1.230428 -9.392880 6.459709
v 1.333881 -9.560634 6.924446
v 1.230428 -9.341864 6.758765
v 1.230429 -9.492088 7.022339
v 1.332243 -9.957070 6.856250
v 1.230429 -9.791144 7.073356
v 1.230428 -10.054720 6.923134
v 1.582022 -9.964813 6.821761
v 1.509442 -9.898772 6.441535
v 1.509442 -9.898772 6.441535
v 1.329174 -9.888774 6.455816
v 1.582022 -9.518890 6.509521
v 1.651727 -9.588548 6.884583
v 1.333881 -9.560634 6.924446
v 1.651727 -9.588548 6.884583
v 1.811856 -10.015001 6.749760
v 1.643822 -9.928861 6.398566
v 1.975917 -10.125341 6.592124
v 1.735231 -9.990468 6.310579
v 2.230060 -10.808601 5.616501
v 1.960649 -10.612722 5.426481
v 1.643822 -9.928861 6.398566
v 1.811857 -9.569384 6.437734
v 1.975917 -9.679773 6.280134
v 1.735231 -9.990468 6.310579
v 2.227953 -10.356225 5.313989
v 1.960649 -10.612722 5.426481
v 1.972010 -9.661250 6.780752
v 2.202738 -9.815536 6.560410
v 2.496489 -10.557168 5.505907
v 1.972010 -9.661250 6.780752
v 2.202738 -9.815536 6.560410
v 2.496489 -10.557168 5.505907
v 2.045457 -10.691024 4.898416
v 2.274607 -10.041425 4.766850
v 2.054192 -10.227682 4.509127
v 2.269137 -10.403111 5.057976
v 2.590473 -10.173445 4.586586
v 2.580511 -10.636910 4.975699
v 2.013207 -10.736976 5.152539
v 2.305845 -10.983004 5.209871
v 2.255078 -10.421893 5.168457
v 2.013207 -10.736976 5.152539
v 2.353588 -10.912361 4.829869
v 2.369090 -10.358108 4.334454
v 2.590473 -10.173445 4.586586
v 2.580511 -10.636910 4.975699
v 2.045457 -10.691024 4.898416
v 2.054192 -10.227682 4.509127
v 2.548633 -10.682825 5.229876
v 2.548633 -10.682825 5.229876
v -1.230430 -10.105737 6.624075
v -1.230430 -10.054720 6.923133
v -1.230430 -9.656455 6.309484
v 1.230428 -9.955514 6.360500
v -1.230430 -9.955512 6.360502
v -1.230430 -9.341864 6.758766
v -1.230430 -9.392880 6.459708
v -1.230430 -9.791144 7.073356
v -1.230430 -9.492088 7.022340
v 1.230429 -9.492088 7.022339
v -1.230430 -9.955512 6.360502
v -1.329175 -9.888772 6.455817
v -1.332244 -9.489129 6.528595
v -1.230430 -9.492088 7.022340
v -1.333882 -9.560634 6.924445
v -1.332244 -9.957070 6.856251
v -1.582024 -9.964813 6.821761
v -1.509443 -9.898772 6.441535
v -1.509443 -9.898772 6.441535
v -1.582024 -9.518890 6.509521
v -1.329175 -9.888772 6.455817
v -1.651729 -9.588546 6.884583
v -1.333882 -9.560634 6.924445
v -1.651729 -9.588546 6.884583
v -1.811857 -10.014999 6.749761
v -1.643824 -9.928861 6.398567
v -1.975918 -10.125341 6.592125
v -1.735233 -9.990468 6.310580
v -2.230062 -10.808601 5.616503
v -1.960651 -10.612720 5.426483
v -1.643824 -9.928861 6.398567
v -1.811858 -9.569384 6.437737
v -1.975918 -9.679773 6.280135
v -1.735233 -9.990468 6.310580
v -2.227955 -10.356225 5.313989
v -1.960651 -10.612720 5.426483
v -1.972011 -9.661250 6.780754
v -2.202739 -9.815534 6.560410
v -2.496492 -10.557168 5.505907
v -1.972011 -9.661250 6.780754
v -2.202739 -9.815534 6.560410
v -2.496492 -10.557168 5.505907
v -2.045460 -10.691024 4.898417
v -2.274610 -10.041425 4.766851
v -2.269139 -10.403111 5.057978
v -2.054195 -10.227682 4.509129
v -2.590475 -10.173445 4.586588
v -2.580514 -10.636909 4.975699
v -2.305848 -10.983004 5.209872
v -2.013210 -10.736974 5.152540
v -2.255081 -10.421893 5.168457
v -2.013210 -10.736974 5.152540
v -2.353590 -10.912361 4.829869
v -2.590475 -10.173445 4.586588
v -2.369093 -10.358108 4.334455
v -2.580514 -10.636909 4.975699
v -2.045460 -10.691024 4.898417
v -2.054195 -10.227682 4.509129
v -2.548636 -10.682825 5.229876
v -2.548636 -10.682825 5.229876
v 9.888773 1.329173 6.455815
v 10.105738 1.230427 6.624074
v 9.955514 1.230427 6.360500
v 9.489129 1.332243 6.528594
v 9.656454 1.230427 6.309482
v 9.392882 1.230428 6.459709
v 9.560634 1.333880 6.924446
v 9.341864 1.230428 6.758765
v 9.492087 1.230428 7.022339
v 9.957070 1.332243 6.856250
v 9.791144 1.230428 7.073356
v 10.054720 1.230427 6.923134
v 9.964814 1.582021 6.821761
v 9.898773 1.509442 6.441534
v 9.898773 1.509442 6.441534
v 9.518890 1.582021 6.509521
v 9.888773 1.329173 6.455815
v 9.588547 1.651727 6.884583
v 9.560634 1.333880 6.924446
v 9.588547 1.651727 6.884583
v 10.015001 1.811855 6.749760
v 9.928861 1.643822 6.398566
v 9.990468 1.735231 6.310579
v 10.125340 1.975916 6.592124
v 10.808600 2.230060 5.616501
v 10.612720 1.960649 5.426481
v 9.928861 1.643822 6.398566
v 9.569383 1.811856 6.437734
v 9.679773 1.975916 6.280134
v 9.990468 1.735231 6.310579
v 10.356224 2.227952 5.313989
v 10.612720 1.960649 5.426481
v 9.661250 1.972009 6.780752
v 9.815536 2.202737 6.560410
v 10.557166 2.496489 5.505907
v 9.661250 1.972009 6.780752
v 9.815536 2.202737 6.560410
v 10.557166 2.496489 5.505907
v 10.691023 2.045456 4.898416
v 10.041423 2.274606 4.766850
v 10.227682 2.054191 4.509127
v 10.403110 2.269136 5.057976
v 10.173444 2.590472 4.586586
v 10.636909 2.580511 4.975699
v 10.983003 2.305845 5.209871
v 10.736975 2.013207 5.152539
v 10.421892 2.255078 5.168457
v 10.736975 2.013207 5.152539
v 10.173444 2.590472 4.586586
v 10.636909 2.580511 4.975699
v 10.912360 2.353588 4.829869
v 10.358107 2.369090 4.334454
v 10.691023 2.045456 4.898416
v 10.227682 2.054191 4.509127
v 10.682824 2.548633 5.229876
v 10.682824 2.548633 5.229876
v 10.105738 -1.230430 6.624075
v 10.054720 -1.230430 6.923133
v 9.955514 1.230427 6.360500
v 9.955513 -1.230430 6.360502
v 9.656454 -1.230430 6.309484
v 9.392880 -1.230430 6.459708
v 9.341864 -1.230430 6.758767
v 9.492087 1.230428 7.022339
v 9.791143 -1.230430 7.073357
v 9.492087 -1.230430 7.022340
v 9.955513 -1.230430 6.360502
v 9.888772 -1.329176 6.455816
v 9.489129 -1.332245 6.528595
v 9.492087 -1.230430 7.022340
v 9.560634 -1.333883 6.924445
v 9.957070 -1.332245 6.856251
v 9.964813 -1.582023 6.821761
v 9.898773 -1.509444 6.441534
v 9.898773 -1.509444 6.441534
v 9.518890 -1.582023 6.509521
v 9.888772 -1.329176 6.455816
v 9.588546 -1.651730 6.884583
v 9.560634 -1.333883 6.924445
v 9.588546 -1.651730 6.884583
v 10.015000 -1.811857 6.749760
v 9.928861 -1.643824 6.398567
v 10.125340 -1.975918 6.592125
v 9.990467 -1.735234 6.310580
v 10.808600 -2.230062 5.616503
v 10.612720 -1.960651 5.426483
v 9.928861 -1.643824 6.398567
v 9.569383 -1.811859 6.437737
v 9.679773 -1.975918 6.280136
v 9.990467 -1.735234 6.310580
v 10.356224 -2.227955 5.313989
v 10.612720 -1.960651 5.426483
v 9.661250 -1.972012 6.780755
v 9.815535 -2.202739 6.560410
v 10.557166 -2.496493 5.505907
v 9.661250 -1.972012 6.780755
v 9.815535 -2.202739 6.560410
v 10.557166 -2.496493 5.505907
v 10.691023 -2.045460 4.898417
v 10.041423 -2.274610 4.766851
v 10.403110 -2.269140 5.057978
v 10.227682 -2.054196 4.509129
v 10.173444 -2.590475 4.586588
v 10.636909 -2.580513 4.975699
v 10.736974 -2.013210 5.152540
v 10.983003 -2.305848 5.209872
v 10.421892 -2.255081 5.168457
v 10.736974 -2.013210 5.152540
v 10.912360 -2.353591 4.829869
v 10.173444 -2.590475 4.586588
v 10.358107 -2.369094 4.334455
v 10.636909 -2.580513 4.975699
v 10.691023 -2.045460 4.898417
v 10.227682 -2.054196 4.509129
v 10.682824 -2.548637 5.229876
v 10.682824 -2.548637 5.229876
vt 0.1488 0.0986
vt 0.1816 0.0859
vt 0.1575 0.1060
vt 0.1272 0.1025
vt 0.1418 0.0879
vt 0.1388 0.1084
vt 0.1687 0.0659
vt 0.1753 0.0757
vt 0.2148 0.0684
vt 0.2094 0.0562
vt 0.2529 0.0571
vt 0.2000 0.0498
vt 0.1538 0.1240
vt 0.1621 0.1162
vt 0.2825 0.0298
vt 0.2971 0.0298
vt 0.2830 0.0420
vt 0.2512 0.0449
vt 0.2800 0.0532
vt 0.2108 0.0454
vt 0.2017 0.0186
vt 0.1896 0.0234
vt 0.2490 0.0332
vt -0.2681 0.3218
vt -0.3286 0.3218
vt -0.2494 0.3027
vt -0.1613 0.2632
vt -0.1758 0.3076
vt -0.1758 0.2476
vt -0.1152 0.2476
vt -0.0964 0.2285
vt -0.1945 0.2285
vt -0.1945 0.3267
vt -0.2494 0.4009
vt -0.2681 0.3818
vt -0.2839 0.3374
vt -0.3125 0.3374
vt -0.3472 0.3027
vt -0.3472 0.4009
vt -0.4023 0.3770
vt -0.3286 0.3818
vt -0.3125 0.3657
vt -0.2839 0.3657
vt -0.4023 0.4751
vt -0.4211 0.4561
vt -0.3352 0.2188
vt -0.2612 0.2188
vt -0.4023 0.3267
vt -0.4023 0.2285
vt -0.4143 0.2188
vt -0.5000 0.2285
vt -0.4883 0.2188
vt -0.4395 0.1694
vt -0.4980 0.1694
vt -0.5483 0.2188
vt -0.5483 0.3145
vt -0.5000 0.3267
vt -0.5000 0.3770
vt -0.5952 0.2285
vt -0.6929 0.2285
vt -0.6743 0.2476
vt -0.6138 0.2476
vt -0.6138 0.3076
vt -0.5952 0.3267
vt -0.5483 0.3887
vt -0.5000 0.4751
vt -0.4817 0.3960
vt -0.4211 0.3960
vt -0.4817 0.4561
vt -0.4370 0.4116
vt -0.4656 0.4116
vt -0.4656 0.4404
vt -0.4370 0.4404
vt -0.5000 0.5254
vt -0.5483 0.5374
vt -0.5483 0.6116
vt -0.5952 0.6233
vt -0.5952 0.6738
vt -0.6929 0.6738
vt -0.6138 0.6926
vt -0.6743 0.6926
vt -0.5952 0.7717
vt -0.6582 0.7087
vt -0.6582 0.7371
vt -0.6299 0.7087
vt -0.6299 0.7371
vt -0.6138 0.7529
vt -0.6743 0.7529
vt -0.6929 0.7717
vt -0.6812 0.7816
vt -0.6069 0.7816
vt -0.6309 0.8307
vt -0.5483 0.6858
vt -0.5483 0.7816
vt -0.5566 0.8307
vt -0.5566 0.8998
vt -0.6309 0.8998
vt -0.7080 0.8307
vt -0.7598 0.7816
vt -0.7852 0.8307
vt -0.8340 0.7816
vt -0.7080 0.8998
vt -0.7852 0.8998
vt -0.7852 0.9754
vt -0.7080 0.9754
vt -0.6309 0.9754
vt -0.5566 0.9754
vt -0.4980 0.9754
vt -0.4980 0.8998
vt -0.4980 0.8307
vt -0.4980 1.0000
vt -0.5566 1.0000
vt -0.6309 1.0000
vt -0.7080 1.0000
vt -0.7852 1.0000
vt -0.8647 0.9754
vt -0.8647 1.0000
vt -0.9385 0.9754
vt -0.8647 0.8998
vt -0.9385 0.8998
vt -0.8647 0.8307
vt -0.9385 0.8307
vt -0.9136 0.7816
vt -0.9878 0.7816
vt -0.9951 0.8307
vt -1.0439 0.7816
vt -0.9385 1.0000
vt -0.9951 0.8998
vt -0.9951 0.9754
vt -0.9951 1.0000
vt -0.9019 0.7717
vt -0.9995 0.7717
vt -1.0439 0.6858
vt -0.9204 0.7529
vt -0.9204 0.6926
vt -0.7480 0.6975
vt -0.8457 0.6975
vt -0.9019 0.6738
vt -0.9995 0.6738
vt -0.9810 0.6926
vt -0.9810 0.7529
vt -0.9365 0.7371
vt -0.9365 0.7087
vt -0.9648 0.7087
vt -0.9648 0.7371
vt -1.0439 0.6116
vt -0.9995 0.6233
vt -1.0439 0.5374
vt -0.9995 0.5254
vt -0.9995 0.4751
vt -0.9019 0.5254
vt -0.9019 0.4751
vt -0.8457 0.5491
vt -0.8457 0.4512
vt -0.9204 0.5442
vt -0.9810 0.6045
vt -0.9810 0.5442
vt -0.9365 0.5601
vt -0.9365 0.5886
vt -0.9204 0.6045
vt -0.9019 0.6233
vt -0.8457 0.5996
vt -0.7480 0.5491
vt -0.7480 0.5996
vt -0.9648 0.5601
vt -0.9648 0.5886
vt -0.8110 0.6628
vt -0.7827 0.6345
vt -0.7827 0.6628
vt -0.8271 0.6787
vt -0.8271 0.6184
vt -0.7666 0.6184
vt -0.7666 0.6787
vt -0.8110 0.6345
vt -0.6929 0.6233
vt -0.6929 0.5254
vt -0.7480 0.4512
vt -0.6929 0.4751
vt -0.7480 0.4009
vt -0.6929 0.3770
vt -0.8457 0.4009
vt -0.7666 0.3818
vt -0.8457 0.3027
vt -0.9019 0.3267
vt -0.8271 0.3818
vt -0.7827 0.3657
vt -0.8271 0.3218
vt -0.7666 0.3218
vt -0.7480 0.3027
vt -0.7827 0.3374
vt -0.8110 0.3374
vt -0.8110 0.3657
vt -0.6929 0.3267
vt -0.6743 0.3076
vt -0.6582 0.2632
vt -0.6299 0.2632
vt -0.6299 0.2915
vt -0.6582 0.2915
vt -0.5952 0.3770
vt -0.5483 0.4629
vt -0.5952 0.4751
vt -0.6743 0.4561
vt -0.6743 0.3960
vt -0.6138 0.4561
vt -0.6138 0.3960
vt -0.6299 0.4116
vt -0.6582 0.4116
vt -0.6582 0.4404
vt -0.6299 0.4404
vt -0.5952 0.5254
vt -0.6138 0.5442
vt -0.6743 0.5442
vt -0.6582 0.5601
vt -0.6582 0.5886
vt -0.6299 0.5601
vt -0.6299 0.5886
vt -0.6138 0.6045
vt -0.6743 0.6045
vt -0.4023 0.6738
vt -0.4023 0.7717
vt -0.4211 0.6926
vt -0.3472 0.6975
vt -0.4023 0.6233
vt -0.5000 0.6233
vt -0.4370 0.7087
vt -0.4817 0.6926
vt -0.5000 0.6738
vt -0.5000 0.7717
vt -0.4656 0.7087
vt -0.4370 0.5601
vt -0.4211 0.5442
vt -0.4370 0.5886
vt -0.4211 0.6045
vt -0.4817 0.6045
vt -0.3472 0.4512
vt -0.4023 0.5254
vt -0.4817 0.5442
vt -0.4656 0.5886
vt -0.4656 0.5601
vt -0.3472 0.5996
vt -0.3286 0.6787
vt -0.2494 0.6975
vt -0.2681 0.6787
vt -0.2839 0.6345
vt -0.2681 0.6184
vt -0.2839 0.6628
vt -0.2494 0.5996
vt -0.3286 0.6184
vt -0.3125 0.6345
vt -0.3125 0.6628
vt -0.3472 0.5491
vt -0.2494 0.5491
vt -0.3286 0.5303
vt -0.2681 0.5303
vt -0.2839 0.5144
vt -0.2839 0.4858
vt -0.3125 0.5144
vt -0.3125 0.4858
vt -0.3286 0.4702
vt -0.0964 0.3267
vt -0.1945 0.3770
vt -0.2494 0.4512
vt -0.2681 0.4702
vt -0.1945 0.4751
vt -0.1328 0.4116
vt -0.1613 0.4116
vt -0.1152 0.3960
vt -0.1152 0.4561
vt -0.0964 0.4751
vt -0.1758 0.4561
vt -0.1758 0.3960
vt -0.0964 0.3770
vt -0.0495 0.3145
vt -0.1613 0.4404
vt -0.1328 0.4404
vt -0.0495 0.3887
vt 0.0002 0.3267
vt 0.0002 0.3770
vt 0.0792 0.2476
vt 0.0981 0.2285
vt 0.0792 0.3076
vt 0.0981 0.3267
vt 0.0981 0.3770
vt 0.0792 0.3960
vt 0.0181 0.3960
vt 0.0632 0.4116
vt 0.0345 0.4116
vt 0.0632 0.4404
vt 0.0632 0.2632
vt 0.0181 0.2476
vt 0.0002 0.2285
vt 0.0181 0.3076
vt 0.0632 0.2915
vt 0.0345 0.2632
vt 0.0345 0.2915
vt -0.0495 0.2188
vt 0.0112 0.2188
vt 0.0861 0.2188
vt 0.2391 0.2188
vt 0.3052 0.2285
vt 0.2512 0.3027
vt 0.1642 0.2188
vt 0.2136 0.1694
vt 0.1355 0.1694
vt 0.0606 0.1694
vt 0.0002 0.1694
vt -0.0593 0.1694
vt 0.0002 0.1021
vt 0.0606 0.1021
vt 0.1355 0.1021
vt 0.2136 0.1021
vt 0.2136 0.0249
vt 0.1355 0.0249
vt 0.0606 0.0249
vt 0.0002 0.0249
vt 0.0606 0.0005
vt 0.1355 0.0005
vt 0.2136 0.0005
vt 0.2886 0.0249
vt 0.2886 0.1021
vt 0.2886 0.1694
vt 0.3667 0.0249
vt 0.3667 0.1021
vt 0.3667 0.1694
vt 0.3171 0.2188
vt 0.3923 0.2188
vt 0.4417 0.1694
vt 0.4517 0.2188
vt 0.5010 0.1694
vt 0.5107 0.2188
vt 0.4043 0.2285
vt 0.5010 0.1021
vt 0.4417 0.0249
vt 0.4417 0.1021
vt 0.5010 0.0249
vt 0.5601 0.0249
vt 0.5601 0.1694
vt 0.5601 0.1021
vt 0.6353 0.0249
vt 0.2886 0.0005
vt 0.3667 0.0005
vt 0.4417 0.0005
vt 0.5010 0.0005
vt 0.5601 0.0005
vt 0.6353 0.0005
vt 0.7134 0.0005
vt 0.6353 0.1694
vt 0.6353 0.1021
vt 0.7134 0.0249
vt 0.7886 0.0249
vt 0.7886 0.0005
vt 0.8667 0.0249
vt 0.8667 0.0005
vt 0.9414 0.0005
vt 0.6641 0.2188
vt 0.5859 0.2188
vt 0.7134 0.1694
vt 0.7134 0.1021
vt 0.7886 0.1021
vt 0.8667 0.1021
vt 0.9414 0.0249
vt 0.7886 0.1694
vt 0.8667 0.1694
vt 0.8159 0.2188
vt 0.7388 0.2188
vt 0.6519 0.3027
vt 0.5977 0.2285
vt 0.5977 0.3267
vt 0.5791 0.3076
vt 0.9414 0.1021
vt 0.9414 0.1694
vt 0.8911 0.2188
vt 0.8042 0.2285
vt 0.7510 0.3027
vt 0.6709 0.3218
vt 0.8042 0.3267
vt 0.8228 0.3076
vt 0.7510 0.4009
vt 0.7319 0.3218
vt 0.6519 0.4009
vt 0.6709 0.3818
vt 0.7319 0.3818
vt 0.7158 0.3374
vt 0.6870 0.3374
vt 0.6870 0.3657
vt 0.6519 0.4512
vt 0.7158 0.3657
vt 0.9028 0.3267
vt 0.8042 0.3770
vt 0.7510 0.4512
vt 0.6709 0.4702
vt 0.6519 0.5491
vt 0.6709 0.5303
vt 0.7510 0.5491
vt 0.7319 0.5303
vt 0.9028 0.3770
vt 0.7319 0.4702
vt 0.7158 0.4858
vt 0.6870 0.4858
vt 0.6870 0.5144
vt 0.7158 0.5144
vt 0.7510 0.5996
vt 0.6519 0.5996
vt 0.8042 0.6233
vt 0.8042 0.5254
vt 0.8042 0.4751
vt 0.9028 0.4751
vt 0.8228 0.4561
vt 0.8843 0.4561
vt 0.8394 0.4404
vt 0.8677 0.4404
vt 0.8677 0.4116
vt 0.8843 0.3960
vt 0.9517 0.3887
vt 0.9517 0.3145
vt 0.9028 0.2285
vt 0.8843 0.3076
vt 0.9517 0.2188
vt 1.0000 0.1021
vt 1.0596 0.0249
vt 1.0596 0.1021
vt 1.0605 0.1694
vt 1.0000 0.1694
vt 1.0117 0.2188
vt 1.0000 0.2285
vt 1.0000 0.3267
vt 1.0000 0.3770
vt 1.0635 0.2915
vt 1.0635 0.2632
vt 1.0791 0.3076
vt 1.0186 0.3076
vt 1.0186 0.2476
vt 1.0791 0.2476
vt 1.0977 0.2285
vt 1.0859 0.2188
vt 1.0977 0.3267
vt 1.0342 0.2632
vt 1.0342 0.2915
vt 1.2109 0.1021
vt 1.2109 0.1694
vt 1.1338 0.1021
vt 1.1338 0.1694
vt 1.1621 0.2188
vt 1.1504 0.3027
vt 1.1504 0.4009
vt 1.0977 0.3770
vt 1.1504 0.4512
vt 1.1738 0.3218
vt 1.2334 0.3218
vt 1.2178 0.3374
vt 1.1738 0.3818
vt 1.1895 0.3374
vt 1.2178 0.3657
vt 1.2334 0.3818
vt 1.2520 0.4009
vt 1.2520 0.3027
vt 1.2402 0.2188
vt 1.1895 0.3657
vt 1.3057 0.2285
vt 1.2520 0.5996
vt 1.2520 0.5491
vt 1.3057 0.5254
vt 1.2520 0.4512
vt 1.3057 0.4751
vt 1.3057 0.3770
vt 1.3057 0.3267
vt 1.3242 0.3076
vt 1.3242 0.2476
vt 1.4043 0.3770
vt 1.3398 0.4404
vt 1.3398 0.4116
vt 1.3682 0.4404
vt 1.3242 0.4561
vt 1.3242 0.3960
vt 1.3848 0.3960
vt 1.4033 0.4751
vt 1.4512 0.4629
vt 1.4512 0.5374
vt 1.3848 0.4561
vt 1.3682 0.4116
vt 1.4512 0.6116
vt 1.4043 0.6233
vt 1.5000 0.6738
vt 1.4512 0.6858
vt 1.5000 0.6233
vt 1.4043 0.6738
vt 1.3057 0.6738
vt 1.3057 0.6233
vt 1.2520 0.6975
vt 1.2334 0.6787
vt 1.2334 0.6184
vt 1.3848 0.6926
vt 1.3242 0.6926
vt 1.3242 0.7529
vt 1.3398 0.7371
vt 1.3057 0.7717
vt 1.4043 0.7717
vt 1.3174 0.7816
vt 1.3848 0.7529
vt 1.3691 0.7371
vt 1.3691 0.7087
vt 1.3398 0.7087
vt 1.3916 0.7816
vt 1.3662 0.8307
vt 1.2891 0.8307
vt 1.2402 0.7816
vt 1.2109 0.8307
vt 1.1621 0.7816
vt 1.1338 0.8307
vt 1.1338 0.8998
vt 1.0596 0.8998
vt 1.2109 0.8998
vt 1.2891 0.8998
vt 1.2891 0.9754
vt 1.1338 0.9754
vt 1.0596 0.9754
vt 1.2109 0.9754
vt 1.2109 1.0000
vt 1.2891 1.0000
vt 1.3662 0.9754
vt 1.3662 1.0000
vt 1.4404 0.9754
vt 1.4404 1.0000
vt 1.0000 1.0000
vt 0.9414 1.0000
vt 1.0000 0.9754
vt 1.0596 1.0000
vt 1.1338 1.0000
vt 0.8667 1.0000
vt 0.9414 0.9754
vt 0.8667 0.9754
vt 0.8667 0.8998
vt 0.7886 1.0000
vt 0.7886 0.8998
vt 0.7886 0.8307
vt 0.7886 0.9754
vt 0.7134 1.0000
vt 0.7134 0.8307
vt 0.7134 0.8998
vt 0.7388 0.7816
vt 0.8159 0.7816
vt 0.8667 0.8307
vt 0.9414 0.8998
vt 0.6353 0.8998
vt 0.6353 0.9754
vt 0.7134 0.9754
vt 0.5601 0.9754
vt 0.4417 1.0000
vt 0.5010 0.9754
vt 0.5010 1.0000
vt 0.5601 1.0000
vt 0.6353 1.0000
vt 0.5601 0.8998
vt 0.5010 0.8998
vt 0.5601 0.8307
vt 0.5010 0.8307
vt 0.5107 0.7816
vt 0.5859 0.7816
vt 0.6353 0.8307
vt 0.6641 0.7816
vt 0.6519 0.6975
vt 0.5977 0.7717
vt 0.4990 0.7717
vt 0.4517 0.7816
vt 0.4517 0.6858
vt 0.4990 0.6738
vt 0.5176 0.6926
vt 0.5342 0.7087
vt 0.5625 0.7087
vt 0.5791 0.7529
vt 0.5176 0.7529
vt 0.5342 0.7371
vt 0.5625 0.7371
vt 0.5791 0.6926
vt 0.5977 0.6738
vt 0.5977 0.6233
vt 0.4990 0.6233
vt 0.3691 0.5886
vt 0.3853 0.5442
vt 0.3853 0.6045
vt 0.4043 0.5254
vt 0.4043 0.6233
vt 0.4517 0.5374
vt 0.4517 0.6116
vt 0.4990 0.5254
vt 0.5176 0.6045
vt 0.5791 0.6045
vt 0.5176 0.5442
vt 0.5977 0.5254
vt 0.5977 0.4751
vt 0.5791 0.5442
vt 0.5625 0.5601
vt 0.5625 0.5886
vt 0.5342 0.5601
vt 0.5342 0.5886
vt 0.5791 0.4561
vt 0.5977 0.3770
vt 0.4990 0.3267
vt 0.4990 0.3770
vt 0.5176 0.3076
vt 0.4990 0.2285
vt 0.4517 0.3145
vt 0.4517 0.3887
vt 0.4990 0.4751
vt 0.4517 0.4629
vt 0.4043 0.4751
vt 0.4043 0.3770
vt 0.3853 0.3960
vt 0.4043 0.3267
vt 0.3052 0.3267
vt 0.3052 0.3770
vt 0.3242 0.3960
vt 0.3403 0.4116
vt 0.3242 0.4561
vt 0.3403 0.4404
vt 0.3853 0.4561
vt 0.3691 0.4404
vt 0.3691 0.4116
vt 0.3052 0.4751
vt 0.3052 0.5254
vt 0.3242 0.5442
vt 0.3403 0.5601
vt 0.3403 0.5886
vt 0.3691 0.5601
vt 0.3052 0.6233
vt 0.2512 0.5996
vt 0.3242 0.6045
vt 0.4043 0.6738
vt 0.3052 0.6738
vt 0.2512 0.6975
vt 0.4043 0.7717
vt 0.3923 0.7816
vt 0.3853 0.6926
vt 0.3242 0.6926
vt 0.3052 0.7717
vt 0.3242 0.7529
vt 0.3853 0.7529
vt 0.3403 0.7371
vt 0.3691 0.7371
vt 0.3691 0.7087
vt 0.3403 0.7087
vt 0.2886 0.8307
vt 0.2391 0.7816
vt 0.3171 0.7816
vt 0.3667 0.8307
vt 0.1642 0.7816
vt 0.2136 0.8307
vt 0.2886 0.8998
vt 0.3667 0.8998
vt 0.4417 0.8998
vt 0.4417 0.8307
vt 0.2136 0.8998
vt 0.4417 0.9754
vt 0.3667 0.9754
vt 0.2886 0.9754
vt 0.2136 0.9754
vt 0.1355 0.9754
vt 0.1355 0.8998
vt 0.2136 1.0000
vt 0.2886 1.0000
vt 0.3667 1.0000
vt 0.1355 1.0000
vt 0.0606 0.9754
vt 0.0606 0.8998
vt 0.1355 0.8307
vt 0.0606 0.8307
vt 0.0861 0.7816
vt 0.0112 0.7816
vt 0.0002 0.8307
vt 0.0002 0.8998
vt 0.0002 0.9754
vt 0.0606 1.0000
vt 0.0002 1.0000
vt -0.0593 1.0000
vt -0.0593 0.8307
vt -0.0495 0.7816
vt 0.0002 0.7717
vt 0.0981 0.7717
vt 0.1522 0.6975
vt 0.0181 0.7529
vt 0.0181 0.6926
vt 0.0792 0.7529
vt 0.1874 0.6345
vt 0.1874 0.6628
vt 0.1710 0.6184
vt 0.1710 0.6787
vt 0.1522 0.5996
vt 0.0981 0.6738
vt 0.0792 0.6926
vt 0.0632 0.7371
vt 0.0002 0.6738
vt -0.0495 0.6116
vt -0.0495 0.6858
vt -0.0964 0.6233
vt 0.0002 0.6233
vt 0.0981 0.6233
vt 0.1522 0.5491
vt 0.2512 0.5491
vt 0.2323 0.5303
vt 0.2323 0.4702
vt 0.2512 0.4512
vt 0.2161 0.4858
vt 0.2161 0.5144
vt 0.1710 0.5303
vt 0.1710 0.4702
vt 0.1522 0.4512
vt 0.1874 0.4858
vt 0.1874 0.5144
vt 0.1522 0.3027
vt 0.1522 0.4009
vt 0.0981 0.4751
vt 0.0981 0.5254
vt 0.2512 0.4009
vt 0.2323 0.3218
vt 0.2323 0.3818
vt 0.2161 0.3374
vt 0.2161 0.3657
vt 0.1710 0.3818
vt 0.1710 0.3218
vt 0.1874 0.3374
vt 0.1874 0.3657
vt 0.3691 0.2915
vt 0.3853 0.3076
vt 0.3403 0.2915
vt 0.3242 0.3076
vt 0.3403 0.2632
vt 0.3242 0.2476
vt 0.3853 0.2476
vt 0.3691 0.2632
vt 0.5625 0.2915
vt 0.5342 0.2915
vt 0.5342 0.2632
vt 0.5625 0.2632
vt 0.5176 0.2476
vt 0.5791 0.2476
vt -0.2864 0.8998
vt -0.2864 0.9754
vt -0.3618 0.9754
vt -0.3618 0.8998
vt -0.4395 0.9754
vt -0.4395 0.8998
vt -0.4395 0.8307
vt -0.4883 0.7816
vt -0.4143 0.7816
vt -0.2864 0.8307
vt -0.3618 0.8307
vt -0.3352 0.7816
vt -0.2612 0.7816
vt -0.1945 0.7717
vt -0.0964 0.7717
vt -0.1083 0.7816
vt -0.1826 0.7816
vt -0.2124 0.8307
vt -0.2124 0.8998
vt -0.1335 0.8998
vt -0.1335 0.8307
vt -0.0593 0.8998
vt -0.0593 0.9754
vt -0.1335 0.9754
vt -0.2124 0.9754
vt -0.2124 1.0000
vt -0.2864 1.0000
vt -0.1335 1.0000
vt -0.3618 1.0000
vt -0.4395 1.0000
vt -0.4817 0.3076
vt -0.4211 0.3076
vt -0.4211 0.2476
vt -0.4817 0.2476
vt -0.4656 0.2632
vt -0.4656 0.2915
vt -0.4370 0.2632
vt -0.4370 0.2915
vt -0.2124 0.0005
vt -0.2124 0.0249
vt -0.2864 0.0005
vt -0.5566 0.0005
vt -0.4980 0.0005
vt -0.5566 0.0249
vt -0.4980 0.0249
vt -0.4395 0.0005
vt -0.4395 0.0249
vt -0.3618 0.0005
vt -0.3618 0.0249
vt -0.2864 0.0249
vt -0.2864 0.1021
vt -0.6309 0.0005
vt -0.3618 0.1021
vt -0.4395 0.1021
vt -0.4980 0.1021
vt -0.5581 0.1021
vt -0.6309 0.0249
vt -0.7080 0.0005
vt -0.5581 0.1694
vt -0.6069 0.2188
vt -0.3618 0.1694
vt -0.2864 0.1694
vt -0.1083 0.2188
vt -0.1335 0.1694
vt -0.1826 0.2188
vt -0.2124 0.1694
vt -0.1335 0.1021
vt -0.0593 0.1021
vt -0.0593 0.0249
vt -0.1335 0.0249
vt -0.2124 0.1021
vt -0.1335 0.0005
vt -0.0593 0.0005
vt 0.0002 0.0005
vt 0.7607 0.5266
vt 0.7617 0.5317
vt 0.7495 0.5256
vt 0.7510 0.5186
vt 0.7617 0.5225
vt 0.7549 0.5122
vt 0.7642 0.5188
vt 0.7808 0.4897
vt 0.7886 0.4976
vt 0.7896 0.4824
vt 0.7964 0.4907
vt 0.8037 0.4839
vt 0.7964 0.4766
vt 0.8179 0.4727
vt 0.8110 0.4629
vt 0.8027 0.4551
vt 0.7896 0.4683
vt 0.7822 0.4746
vt 0.7744 0.4810
vt 0.7456 0.5059
vt 0.7407 0.5144
vt 0.7388 0.5237
vt 0.7368 0.5320
vt 0.7490 0.5332
vt 0.7568 0.5376
vt 0.7651 0.5364
vt 0.7568 0.6077
vt 0.7651 0.6089
vt 0.7617 0.6135
vt 0.7495 0.6079
vt 0.7495 0.6123
vt 0.7417 0.6079
vt 0.7417 0.5378
vt 0.7495 0.5376
vt 0.7500 0.6199
vt 0.7559 0.6328
vt 0.7476 0.6401
vt 0.7520 0.6270
vt 0.7417 0.6316
vt 0.7393 0.6226
vt 0.7368 0.6138
vt 0.7334 0.6089
vt 0.7334 0.5369
vt 0.2625 0.4966
vt 0.2666 0.4995
vt 0.2566 0.5056
vt 0.2491 0.4897
vt 0.2454 0.4985
vt 0.2607 0.5081
vt 0.2656 0.5112
vt 0.2554 0.5173
vt 0.2510 0.5149
vt 0.2391 0.5059
vt 0.2849 0.5359
vt 0.2927 0.5291
vt 0.2871 0.5388
vt 0.2612 0.5203
vt 0.2991 0.5479
vt 0.2920 0.5520
vt 0.2876 0.5466
vt 0.2881 0.5422
vt 0.2983 0.5410
vt 0.2966 0.5344
vt 0.3003 0.5225
vt 0.2717 0.5034
vt 0.3059 0.6165
vt 0.2991 0.6165
vt 0.2991 0.5520
vt 0.3059 0.5520
vt 0.3103 0.5466
vt 0.3083 0.5386
vt 0.3059 0.5300
vt 0.3135 0.5510
vt 0.3135 0.6174
vt 0.3103 0.6218
vt 0.2991 0.6206
vt 0.2920 0.6165
vt 0.2844 0.5510
vt 0.2844 0.6177
vt 0.2876 0.6221
vt 0.2881 0.6265
vt 0.2986 0.6274
vt 0.2874 0.6301
vt 0.2971 0.6340
vt 0.2932 0.6396
vt 0.3086 0.6299
vt 0.3064 0.6384
vt 0.3010 0.6460
vt 0.2734 0.6663
vt 0.2668 0.6587
vt 0.2686 0.6704
vt 0.2620 0.6619
vt 0.2581 0.6646
vt 0.2563 0.6528
vt 0.2522 0.6555
vt 0.2472 0.6721
vt 0.2407 0.6653
vt 0.2644 0.6733
vt 0.2512 0.6807
vt 0.2854 0.6331
vt 0.2620 0.6497
vt 0.8232 0.6653
vt 0.8179 0.6755
vt 0.8071 0.6558
vt 0.8008 0.6643
vt 0.7935 0.6592
vt 0.8101 0.6843
vt 0.7954 0.6731
vt 0.7876 0.6680
vt 0.7842 0.6528
vt 0.7788 0.6626
vt 0.7612 0.6184
vt 0.7622 0.6223
vt 0.7646 0.6255
vt 0.7910 0.6440
vt 0.7993 0.6501
vt 0.8179 0.4727
vt 0.8037 0.4839
vt 0.8110 0.4629
vt 0.7549 0.5122
vt 0.7617 0.5225
vt 0.7510 0.5186
vt 0.7642 0.5188
vt 0.7808 0.4897
vt 0.7886 0.4976
vt 0.7896 0.4824
vt 0.7964 0.4907
vt 0.7964 0.4766
vt 0.8027 0.4551
vt 0.7896 0.4683
vt 0.7822 0.4746
vt 0.7744 0.4810
vt 0.7456 0.5059
vt 0.7407 0.5144
vt 0.7388 0.5237
vt 0.7495 0.5256
vt 0.7368 0.5320
vt 0.7417 0.6079
vt 0.7368 0.6138
vt 0.7334 0.6089
vt 0.7334 0.5369
vt 0.7417 0.5378
vt 0.7490 0.5332
vt 0.7617 0.5317
vt 0.7607 0.5266
vt 0.7495 0.6123
vt 0.7500 0.6199
vt 0.7495 0.6079
vt 0.7495 0.5376
vt 0.7568 0.5376
vt 0.7651 0.5364
vt 0.7568 0.6077
vt 0.7651 0.6089
vt 0.7617 0.6135
vt 0.7612 0.6184
vt 0.7520 0.6270
vt 0.7622 0.6223
vt 0.7559 0.6328
vt 0.7646 0.6255
vt 0.7876 0.6680
vt 0.7935 0.6592
vt 0.7954 0.6731
vt 0.7842 0.6528
vt 0.7788 0.6626
vt 0.7476 0.6401
vt 0.7417 0.6316
vt 0.7393 0.6226
vt 0.7910 0.6440
vt 0.7993 0.6501
vt 0.8071 0.6558
vt 0.8008 0.6643
vt 0.8179 0.6755
vt 0.8101 0.6843
vt 0.8232 0.6653
vt 0.2625 0.4966
vt 0.2666 0.4995
vt 0.2566 0.5056
vt 0.2491 0.4897
vt 0.2454 0.4985
vt 0.2391 0.5059
vt 0.2510 0.5149
vt 0.2554 0.5173
vt 0.2607 0.5081
vt 0.2656 0.5112
vt 0.2717 0.5034
vt 0.2927 0.5291
vt 0.3003 0.5225
vt 0.2966 0.5344
vt 0.2849 0.5359
vt 0.2871 0.5388
vt 0.2612 0.5203
vt 0.2983 0.5410
vt 0.2881 0.5422
vt 0.2991 0.5479
vt 0.2876 0.5466
vt 0.2920 0.5520
vt 0.2844 0.5510
vt 0.2844 0.6177
vt 0.2920 0.6165
vt 0.2876 0.6221
vt 0.3103 0.5466
vt 0.3059 0.5520
vt 0.3083 0.5386
vt 0.3059 0.5300
vt 0.2991 0.6165
vt 0.2991 0.6206
vt 0.2991 0.5520
vt 0.3059 0.6165
vt 0.3064 0.6384
vt 0.3010 0.6460
vt 0.2971 0.6340
vt 0.2986 0.6274
vt 0.3086 0.6299
vt 0.3103 0.6218
vt 0.3135 0.6174
vt 0.3135 0.5510
vt 0.2881 0.6265
vt 0.2874 0.6301
vt 0.2932 0.6396
vt 0.2734 0.6663
vt 0.2668 0.6587
vt 0.2686 0.6704
vt 0.2854 0.6331
vt 0.2620 0.6497
vt 0.2620 0.6619
vt 0.2563 0.6528
vt 0.2581 0.6646
vt 0.2522 0.6555
vt 0.2472 0.6721
vt 0.2407 0.6653
vt 0.2512 0.6807
vt 0.2644 0.6733
vt 0.7495 0.5376
vt 0.7417 0.6079
vt 0.7417 0.5378
vt 0.7495 0.6079
vt 0.7568 0.6077
vt 0.7495 0.6123
vt 0.7368 0.6138
vt 0.7334 0.6089
vt 0.7334 0.5369
vt 0.7368 0.5320
vt 0.7490 0.5332
vt 0.7568 0.5376
vt 0.7559 0.6328
vt 0.7476 0.6401
vt 0.7520 0.6270
vt 0.7417 0.6316
vt 0.7393 0.6226
vt 0.7500 0.6199
vt 0.7617 0.6135
vt 0.7651 0.6089
vt 0.7651 0.5364
vt 0.7612 0.6184
vt 0.7622 0.6223
vt 0.7646 0.6255
vt 0.7842 0.6528
vt 0.7910 0.6440
vt 0.7935 0.6592
vt 0.7993 0.6501
vt 0.8071 0.6558
vt 0.8008 0.6643
vt 0.8232 0.6653
vt 0.8179 0.6755
vt 0.8101 0.6843
vt 0.7954 0.6731
vt 0.7876 0.6680
vt 0.7788 0.6626
vt 0.2454 0.4985
vt 0.2491 0.4897
vt 0.2566 0.5056
vt 0.2625 0.4966
vt 0.2666 0.4995
vt 0.2391 0.5059
vt 0.2510 0.5149
vt 0.2554 0.5173
vt 0.2607 0.5081
vt 0.2656 0.5112
vt 0.2717 0.5034
vt 0.2927 0.5291
vt 0.3003 0.5225
vt 0.2966 0.5344
vt 0.2849 0.5359
vt 0.2871 0.5388
vt 0.2612 0.5203
vt 0.3103 0.5466
vt 0.2991 0.5479
vt 0.3083 0.5386
vt 0.2983 0.5410
vt 0.3059 0.5300
vt 0.2881 0.5422
vt 0.2876 0.5466
vt 0.2920 0.5520
vt 0.2844 0.5510
vt 0.2920 0.6165
vt 0.2844 0.6177
vt 0.2876 0.6221
vt 0.2991 0.6206
vt 0.2881 0.6265
vt 0.2991 0.6165
vt 0.2991 0.5520
vt 0.3059 0.5520
vt 0.3135 0.5510
vt 0.3135 0.6174
vt 0.3059 0.6165
vt 0.3103 0.6218
vt 0.3086 0.6299
vt 0.2986 0.6274
vt 0.3064 0.6384
vt 0.2971 0.6340
vt 0.3010 0.6460
vt 0.2932 0.6396
vt 0.2734 0.6663
vt 0.2874 0.6301
vt 0.2854 0.6331
vt 0.2668 0.6587
vt 0.2620 0.6497
vt 0.2620 0.6619
vt 0.2563 0.6528
vt 0.2686 0.6704
vt 0.2581 0.6646
vt 0.2522 0.6555
vt 0.2472 0.6721
vt 0.2407 0.6653
vt 0.2512 0.6807
vt 0.2644 0.6733
vt 0.7607 0.5266
vt 0.7617 0.5317
vt 0.7495 0.5256
vt 0.7510 0.5186
vt 0.7617 0.5225
vt 0.7549 0.5122
vt 0.7642 0.5188
vt 0.7808 0.4897
vt 0.7886 0.4976
vt 0.7896 0.4824
vt 0.7964 0.4907
vt 0.8037 0.4839
vt 0.7964 0.4766
vt 0.7456 0.5059
vt 0.7744 0.4810
vt 0.7822 0.4746
vt 0.7896 0.4683
vt 0.8027 0.4551
vt 0.8110 0.4629
vt 0.8179 0.4727
vt 0.7388 0.5237
vt 0.7407 0.5144
vt 0.2625 0.4966
vt 0.2666 0.4995
vt 0.2566 0.5056
vt 0.2491 0.4897
vt 0.2454 0.4985
vt 0.2391 0.5059
vt 0.2510 0.5149
vt 0.2554 0.5173
vt 0.2607 0.5081
vt 0.2656 0.5112
vt 0.2717 0.5034
vt 0.2927 0.5291
vt 0.3003 0.5225
vt 0.2966 0.5344
vt 0.2849 0.5359
vt 0.2871 0.5388
vt 0.2612 0.5203
vt 0.2983 0.5410
vt 0.2881 0.5422
vt 0.2991 0.5479
vt 0.2876 0.5466
vt 0.2920 0.5520
vt 0.2844 0.5510
vt 0.2844 0.6177
vt 0.2920 0.6165
vt 0.2876 0.6221
vt 0.3083 0.5386
vt 0.3103 0.5466
vt 0.3059 0.5300
vt 0.2991 0.6206
vt 0.2881 0.6265
vt 0.2991 0.6165
vt 0.2991 0.5520
vt 0.3059 0.5520
vt 0.3135 0.5510
vt 0.3135 0.6174
vt 0.3059 0.6165
vt 0.3103 0.6218
vt 0.3086 0.6299
vt 0.2986 0.6274
vt 0.3064 0.6384
vt 0.2971 0.6340
vt 0.3010 0.6460
vt 0.2932 0.6396
vt 0.2734 0.6663
vt 0.2874 0.6301
vt 0.2854 0.6331
vt 0.2668 0.6587
vt 0.2620 0.6497
vt 0.2620 0.6619
vt 0.2563 0.6528
vt 0.2686 0.6704
vt 0.2581 0.6646
vt 0.2522 0.6555
vt 0.2472 0.6721
vt 0.2407 0.6653
vt 0.2644 0.6733
vt 0.2512 0.6807
vt 0.7612 0.6184
vt 0.7500 0.6199
vt 0.7617 0.6135
vt 0.7520 0.6270
vt 0.7622 0.6223
vt 0.7559 0.6328
vt 0.7646 0.6255
vt 0.7842 0.6528
vt 0.7910 0.6440
vt 0.7935 0.6592
vt 0.7993 0.6501
vt 0.8071 0.6558
vt 0.8232 0.6653
vt 0.8179 0.6755
vt 0.8008 0.6643
vt 0.8101 0.6843
vt 0.7954 0.6731
vt 0.7876 0.6680
vt 0.7788 0.6626
vt 0.7476 0.6401
vt 0.7417 0.6316
vt 0.7393 0.6226
vt 0.7368 0.6138
vt 0.7495 0.6123
vt 0.7417 0.6079
vt 0.7334 0.6089
vt 0.7417 0.5378
vt 0.7334 0.5369
vt 0.7368 0.5320
vt 0.7490 0.5332
vt 0.7495 0.6079
vt 0.7495 0.5376
vt 0.7568 0.5376
vt 0.7568 0.6077
vt 0.7549 0.5122
vt 0.7510 0.5186
vt 0.7456 0.5059
vt 0.7407 0.5144
vt 0.7388 0.5237
vt 0.7495 0.5256
vt 0.7617 0.5317
vt 0.7651 0.5364
vt 0.7651 0.6089
vt 0.7607 0.5266
vt 0.7617 0.5225
vt 0.7642 0.5188
vt 0.7808 0.4897
vt 0.7886 0.4976
vt 0.7896 0.4824
vt 0.7964 0.4907
vt 0.8037 0.4839
vt 0.7964 0.4766
vt 0.8179 0.4727
vt 0.8110 0.4629
vt 0.8027 0.4551
vt 0.7896 0.4683
vt 0.7822 0.4746
vt 0.7744 0.4810
vt 0.3772 0.0483
vt 0.3630 0.0430
vt 0.3740 0.0176
vt 0.3862 0.0225
vt 0.3254 0.0327
vt 0.3232 0.0444
vt 0.3657 0.0562
vt 0.3999 0.0737
vt 0.4062 0.0640
vt 0.4299 0.0986
vt 0.4355 0.0869
vt 0.4390 0.1074
vt 0.4504 0.1016
vt 0.4229 0.1226
vt 0.4143 0.1147
vt 0.4204 0.1055
vt 0.3936 0.0840
vt 0.3616 0.0674
vt 0.3218 0.0566
vt 0.2996 0.0532
vt 0.2966 0.0420
vt 0.2820 0.0649
vt 0.2961 0.0649
vt 0.3203 0.0669
vt 0.3184 0.0762
vt 0.2881 0.0728
vt 0.2537 0.0767
vt 0.2515 0.0674
vt 0.2180 0.0776
vt 0.2218 0.0864
vt 0.1874 0.0947
vt 0.1926 0.1030
vt 0.2252 0.0957
vt 0.2551 0.0864
vt 0.2883 0.0825
vt 0.1262 0.1963
vt 0.1171 0.1934
vt 0.1356 0.1753
vt 0.1270 0.1704
vt 0.1481 0.1558
vt 0.1401 0.1499
vt 0.1686 0.1328
vt 0.1620 0.1255
vt 0.1978 0.1113
vt 0.1442 0.1797
vt 0.1354 0.1997
vt 0.1559 0.1611
vt 0.1752 0.1396
vt 0.2028 0.1196
vt 0.2288 0.1050
vt 0.2568 0.0957
vt 0.2883 0.0923
vt 0.2827 0.1025
vt 0.2590 0.1055
vt 0.2327 0.1138
vt 0.2080 0.1274
vt 0.1847 0.1445
vt 0.1637 0.1670
vt 0.1528 0.1841
vt 0.1793 0.1499
vt 0.2008 0.1558
vt 0.1932 0.1636
vt 0.1393 0.2734
vt 0.1296 0.2749
vt 0.1381 0.2529
vt 0.1279 0.2476
vt 0.1381 0.2427
vt 0.1296 0.2207
vt 0.1393 0.2222
vt 0.1445 0.2026
vt 0.1578 0.2539
vt 0.1578 0.2417
vt 0.1107 0.2783
vt 0.1201 0.2764
vt 0.1168 0.3022
vt 0.1083 0.2476
vt 0.1182 0.2476
vt 0.1202 0.2188
vt 0.1107 0.2168
vt 0.1323 0.1440
vt 0.1183 0.1660
vt 0.1078 0.1899
vt 0.1011 0.2153
vt 0.1028 0.2412
vt 0.1027 0.2549
vt 0.1011 0.2803
vt 0.1075 0.3052
vt 0.1178 0.3296
vt 0.1265 0.3247
vt 0.1317 0.3516
vt 0.1615 0.3701
vt 0.1395 0.3457
vt 0.1680 0.3628
vt 0.1475 0.3398
vt 0.1351 0.3203
vt 0.1259 0.2993
vt 0.1351 0.2959
vt 0.1443 0.2930
vt 0.1437 0.3159
vt 0.1553 0.3345
vt 0.1744 0.3555
vt 0.2023 0.3755
vt 0.1974 0.3838
vt 0.2292 0.3887
vt 0.1523 0.3115
vt 0.1630 0.3286
vt 0.1785 0.3457
vt 0.1909 0.3306
vt 0.1981 0.3374
vt 0.1840 0.3506
vt 0.2073 0.3672
vt 0.2328 0.3794
vt 0.2598 0.3872
vt 0.2576 0.3970
vt 0.2812 0.3901
vt 0.2869 0.4004
vt 0.2925 0.3901
vt 0.2932 0.3706
vt 0.2808 0.3706
vt 0.3162 0.3970
vt 0.2869 0.4102
vt 0.2561 0.4062
vt 0.2260 0.3975
vt 0.1925 0.3926
vt 0.2228 0.4067
vt 0.2546 0.4160
vt 0.1532 0.3721
vt 0.1615 0.3799
vt 0.1876 0.4009
vt 0.2192 0.4160
vt 0.2527 0.4253
vt 0.1469 0.3970
vt 0.1379 0.3882
vt 0.2086 0.4385
vt 0.2507 0.4507
vt 0.2109 0.4517
vt 0.1970 0.4463
vt 0.1747 0.4204
vt 0.1681 0.4307
vt 0.1410 0.4087
vt 0.1263 0.3936
vt 0.1053 0.3672
vt 0.1152 0.3608
vt 0.1997 0.4766
vt 0.1876 0.4717
vt 0.0934 0.2583
vt 0.0964 0.2817
vt 0.0822 0.2554
vt 0.0846 0.2842
vt 0.0974 0.3262
vt 0.1085 0.3218
vt 0.1251 0.3540
vt 0.1454 0.3770
vt 0.0895 0.3379
vt 0.0836 0.3232
vt 0.0729 0.2861
vt 0.0699 0.2559
vt 0.0823 0.2412
vt 0.0603 0.3477
vt 0.0553 0.3354
vt 0.0936 0.2388
vt 0.0979 0.2153
vt 0.0702 0.2402
vt 0.0861 0.2129
vt 0.0986 0.1704
vt 0.1097 0.1753
vt 0.1262 0.1426
vt 0.1163 0.1362
vt 0.1063 0.1294
vt 0.1456 0.1177
vt 0.0908 0.1592
vt 0.0849 0.1733
vt 0.0743 0.2104
vt 0.0566 0.1616
vt 0.0616 0.1494
vt 0.5664 0.5330
vt 0.5645 0.5696
vt 0.5522 0.5347
vt 0.5508 0.5686
vt 0.5366 0.5366
vt 0.5371 0.5701
vt 0.5244 0.5706
vt 0.5234 0.5347
vt 0.4165 0.2539
vt 0.4165 0.2383
vt 0.4358 0.2529
vt 0.4358 0.2393
vt 0.4387 0.1963
vt 0.4294 0.1992
vt 0.4299 0.1763
vt 0.4346 0.2188
vt 0.4443 0.2173
vt 0.4460 0.2461
vt 0.4443 0.2749
vt 0.4346 0.2734
vt 0.4387 0.2959
vt 0.4294 0.2925
vt 0.4385 0.1719
vt 0.4478 0.1929
vt 0.4539 0.2153
vt 0.4561 0.2461
vt 0.4470 0.1670
vt 0.4338 0.1465
vt 0.4570 0.1895
vt 0.4634 0.2134
vt 0.4658 0.2461
vt 0.4539 0.2764
vt 0.4729 0.2803
vt 0.4634 0.2783
vt 0.4722 0.2549
vt 0.4722 0.2378
vt 0.4729 0.2119
vt 0.4663 0.1865
vt 0.4558 0.1626
vt 0.4417 0.1406
vt 0.4897 0.2847
vt 0.5059 0.2573
vt 0.5015 0.2871
vt 0.4937 0.2563
vt 0.4939 0.2378
vt 0.4780 0.2822
vt 0.4817 0.2588
vt 0.4768 0.3267
vt 0.4658 0.3223
vt 0.4490 0.3545
vt 0.4587 0.3613
vt 0.4360 0.3887
vt 0.4312 0.3784
vt 0.4329 0.4087
vt 0.4058 0.4307
vt 0.4270 0.3975
vt 0.4475 0.3945
vt 0.4688 0.3677
vt 0.4846 0.3384
vt 0.4907 0.3237
vt 0.5186 0.3364
vt 0.5137 0.3481
vt 0.2114 0.1792
vt 0.2250 0.1831
vt 0.2097 0.2114
vt 0.2233 0.2153
vt 0.2396 0.1860
vt 0.2363 0.2183
vt 0.2499 0.2168
vt 0.2532 0.1841
vt 0.4211 0.5181
vt 0.4133 0.5164
vt 0.4243 0.5078
vt 0.4170 0.5051
vt 0.4319 0.4927
vt 0.4055 0.5144
vt 0.4104 0.5344
vt 0.4185 0.5349
vt 0.4023 0.5334
vt 0.4639 0.4546
vt 0.4468 0.4707
vt 0.4587 0.4482
vt 0.4407 0.4653
vt 0.4248 0.4888
vt 0.4094 0.5022
vt 0.4019 0.4995
vt 0.3977 0.5125
vt 0.4380 0.4561
vt 0.4324 0.4497
vt 0.4539 0.4419
vt 0.4312 0.4639
vt 0.4177 0.4849
vt 0.4104 0.4810
vt 0.4243 0.4595
vt 0.4849 0.4321
vt 0.4819 0.4248
vt 0.5068 0.4243
vt 0.4702 0.4302
vt 0.4741 0.4375
vt 0.5254 0.4121
vt 0.5347 0.4116
vt 0.5308 0.4199
vt 0.5049 0.4165
vt 0.4790 0.4170
vt 0.4661 0.4233
vt 0.4490 0.4355
vt 0.5024 0.4087
vt 0.5239 0.4043
vt 0.5146 0.1455
vt 0.5200 0.1577
vt 0.4858 0.1558
vt 0.4919 0.1699
vt 0.4697 0.1265
vt 0.4600 0.1328
vt 0.4780 0.1675
vt 0.4912 0.2095
vt 0.5029 0.2070
vt 0.5059 0.2373
vt 0.4817 0.2349
vt 0.4795 0.2114
vt 0.4670 0.1719
vt 0.4500 0.1396
vt 0.4324 0.1172
vt 0.5586 0.4287
vt 0.5591 0.4204
vt 0.5742 0.4307
vt 0.5825 0.4331
vt 0.5854 0.4253
vt 0.5757 0.4229
vt 0.5776 0.4150
vt 0.5601 0.4121
vt 0.5610 0.4043
vt 0.5352 0.4033
vt 0.5874 0.4175
vt 0.6045 0.4326
vt 0.6074 0.4248
vt 0.5801 0.4067
vt 0.5894 0.4097
vt 0.6104 0.4175
vt 0.6328 0.4287
vt 0.6289 0.4360
vt 0.6284 0.4453
vt 0.6367 0.4409
vt 0.6416 0.4341
vt 0.6602 0.4482
vt 0.6543 0.4541
vt 0.6763 0.4658
vt 0.6489 0.4600
vt 0.6699 0.4707
vt 0.6841 0.4775
vt 0.6772 0.4814
vt 0.6934 0.4990
vt 0.6855 0.5017
vt 0.6997 0.5200
vt 0.6914 0.5222
vt 0.6782 0.5046
vt 0.6841 0.5286
vt 0.6929 0.5327
vt 0.6636 0.4756
vt 0.6699 0.4858
vt 0.7002 0.5586
vt 0.6919 0.5576
vt 0.7012 0.5332
vt 0.6841 0.5566
vt 0.6758 0.5562
vt 0.6763 0.5295
vt 0.6704 0.5071
vt 0.6616 0.4863
vt 0.6729 0.5730
vt 0.6704 0.6003
vt 0.6548 0.6238
vt 0.6631 0.5962
vt 0.6704 0.5806
vt 0.6777 0.5835
vt 0.6807 0.5747
vt 0.6885 0.5767
vt 0.6963 0.5789
vt 0.6855 0.5862
vt 0.6646 0.6250
vt 0.6577 0.6328
vt 0.6777 0.6040
vt 0.6934 0.5889
vt 0.6851 0.6077
vt 0.6714 0.6294
vt 0.6123 0.6658
vt 0.6240 0.6599
vt 0.6157 0.6733
vt 0.6284 0.6670
vt 0.6470 0.6538
vt 0.6421 0.6472
vt 0.6631 0.6389
vt 0.6367 0.6409
vt 0.6484 0.6187
vt 0.6094 0.6582
vt 0.5894 0.6655
vt 0.6201 0.6528
vt 0.6138 0.6475
vt 0.6084 0.6504
vt 0.6318 0.6345
vt 0.5186 0.6672
vt 0.5371 0.6699
vt 0.5166 0.6750
vt 0.5200 0.6592
vt 0.5376 0.6619
vt 0.5654 0.6702
vt 0.5645 0.6621
vt 0.5869 0.6577
vt 0.5117 0.6570
vt 0.5146 0.6829
vt 0.5352 0.6860
vt 0.5361 0.6780
vt 0.5610 0.6787
vt 0.5708 0.6777
vt 0.5913 0.6733
vt 0.5723 0.6860
vt 0.5933 0.6812
vt 0.5610 0.6870
vt 0.9458 0.5005
vt 0.9663 0.4951
vt 0.9473 0.5085
vt 0.9692 0.5042
vt 0.9819 0.4956
vt 0.9868 0.5029
vt 0.8506 0.4995
vt 0.8555 0.4927
vt 0.8682 0.5015
vt 0.8721 0.4927
vt 0.8877 0.5063
vt 0.8896 0.4985
vt 0.9072 0.5100
vt 0.9082 0.5017
vt 0.9272 0.5024
vt 0.9272 0.5107
vt 0.3328 0.2495
vt 0.3694 0.2534
vt 0.3337 0.2627
vt 0.3677 0.2666
vt 0.3647 0.2798
vt 0.3306 0.2788
vt 0.3643 0.2935
vt 0.3281 0.2925
vt 0.3647 0.4502
vt 0.3757 0.4458
vt 0.3738 0.4771
vt 0.3860 0.4722
vt 0.3213 0.4390
vt 0.3228 0.4507
vt 0.2969 0.4419
vt 0.2937 0.4531
vt 0.2942 0.4658
vt 0.3250 0.4624
vt 0.3662 0.4395
vt 0.3992 0.4209
vt 0.3611 0.4272
vt 0.3928 0.4106
vt 0.4180 0.3911
vt 0.4124 0.3804
vt 0.4207 0.3721
vt 0.4124 0.3701
vt 0.3813 0.3926
vt 0.4341 0.3457
vt 0.4419 0.3516
vt 0.4473 0.3247
vt 0.4561 0.3296
vt 0.4570 0.3022
vt 0.4663 0.3057
vt 0.4480 0.2988
vt 0.4387 0.3203
vt 0.4263 0.3398
vt 0.4058 0.3628
vt 0.3765 0.3838
vt 0.3479 0.3979
vt 0.3511 0.4067
vt 0.4302 0.3159
vt 0.4185 0.3345
vt 0.3994 0.3555
vt 0.3716 0.3755
vt 0.3447 0.3887
vt 0.4214 0.3110
vt 0.4106 0.3281
vt 0.3953 0.3457
vt 0.3828 0.3301
vt 0.3755 0.3369
vt 0.3899 0.3506
vt 0.3665 0.3672
vt 0.3411 0.3794
vt 0.3140 0.3872
vt 0.3176 0.4062
vt 0.3191 0.4160
vt 0.2869 0.4199
vt 0.2939 0.4287
vt 0.3213 0.4258
vt 0.3547 0.4160
vt 0.3862 0.4009
vt 0.2798 0.4287
vt 0.2798 0.4531
vt 0.2793 0.4658
vt 0.2485 0.4624
vt 0.1578 0.3896
vt 0.1809 0.4102
vt 0.2126 0.4272
vt 0.2524 0.4385
vt 0.2769 0.4419
vt 0.4321 0.6150
vt 0.4470 0.6304
vt 0.4260 0.6201
vt 0.4255 0.6052
vt 0.4185 0.6094
vt 0.4094 0.5896
vt 0.4167 0.5864
vt 0.4104 0.5627
vt 0.4031 0.5691
vt 0.4016 0.5586
vt 0.3953 0.5715
vt 0.4019 0.5925
vt 0.4116 0.6135
vt 0.4199 0.6255
vt 0.4417 0.6365
vt 0.4363 0.6426
vt 0.4585 0.6492
vt 0.4536 0.6558
vt 0.4668 0.6445
vt 0.4661 0.6538
vt 0.4915 0.6580
vt 0.4885 0.6655
vt 0.5068 0.6726
vt 0.4856 0.6731
vt 0.5049 0.6804
vt 0.5088 0.6646
vt 0.4626 0.6614
vt 0.4243 0.5837
vt 0.4336 0.6033
vt 0.4370 0.6082
vt 0.4524 0.6245
vt 0.4712 0.6377
vt 0.4951 0.6506
vt 0.3943 0.5325
vt 0.3936 0.5581
vt 0.4182 0.5615
vt 0.5347 0.5959
vt 0.5195 0.6262
vt 0.5210 0.5925
vt 0.5327 0.6299
vt 0.5474 0.6292
vt 0.5518 0.5952
vt 0.5620 0.6277
vt 0.5659 0.5942
vt 0.2727 0.3496
vt 0.2742 0.3359
vt 0.3081 0.3472
vt 0.3071 0.3340
vt 0.2759 0.3208
vt 0.3086 0.3208
vt 0.3091 0.3081
vt 0.2737 0.3081
vt 0.1273 0.6726
vt 0.1080 0.6726
vt 0.1942 0.5120
vt 0.1805 0.4985
vt 0.1644 0.4873
vt 0.0890 0.6687
vt 0.0711 0.6614
vt 0.1466 0.4800
vt 0.1277 0.4761
vt 0.0551 0.6506
vt 0.1083 0.4761
vt 0.0414 0.6370
vt 0.0894 0.4800
vt 0.0307 0.6208
vt 0.0233 0.6028
vt 0.0715 0.4873
vt 0.0196 0.5840
vt 0.0554 0.4980
vt 0.0196 0.5645
vt 0.0417 0.5117
vt 0.0309 0.5276
vt 0.0234 0.5457
vt 0.2122 0.6033
vt 0.2047 0.6211
vt 0.2159 0.5842
vt 0.1940 0.6372
vt 0.1803 0.6509
vt 0.2161 0.5649
vt 0.2123 0.5459
vt 0.1642 0.6616
vt 0.2050 0.5281
vt 0.1462 0.6689
vt 0.7744 0.8656
vt 0.8052 0.8656
vt 0.7744 0.9923
vt 0.8052 0.9923
vt 0.8359 0.8656
vt 0.8359 0.9923
vt 0.8662 0.8656
vt 0.8662 0.9923
vt 0.8970 0.9923
vt 0.8970 0.8656
vt 0.9272 0.9923
vt 0.9272 0.8656
vt 0.9580 0.9923
vt 0.9580 0.8656
vt 0.9893 0.9923
vt 0.9893 0.8656
vt 0.6523 0.9923
vt 0.6216 0.9923
vt 0.6216 0.8656
vt 0.6523 0.8656
vt 0.6826 0.9923
vt 0.6826 0.8656
vt 0.7134 0.9923
vt 0.7134 0.8656
vt 0.7441 0.9923
vt 0.7441 0.8656
vt 0.3162 0.8656
vt 0.3467 0.8656
vt 0.3162 0.9923
vt 0.3467 0.9923
vt 0.3772 0.8656
vt 0.3772 0.9923
vt 0.4077 0.9923
vt 0.4077 0.8656
vt 0.4382 0.9923
vt 0.4382 0.8656
vt 0.4690 0.9923
vt 0.4690 0.8656
vt 0.4995 0.9923
vt 0.4995 0.8656
vt 0.5298 0.8656
vt 0.5298 0.9923
vt 0.5605 0.8656
vt 0.5605 0.9923
vt 0.5913 0.8656
vt 0.5913 0.9923
vt 0.0101 0.8656
vt 0.0405 0.8656
vt 0.0101 0.9923
vt 0.0405 0.9923
vt 0.0710 0.8656
vt 0.0710 0.9923
vt 0.1016 0.8656
vt 0.1016 0.9923
vt 0.1322 0.8656
vt 0.1322 0.9923
vt 0.1627 0.9923
vt 0.1627 0.8656
vt 0.1934 0.9923
vt 0.1934 0.8656
vt 0.2240 0.9923
vt 0.2240 0.8656
vt 0.2549 0.9923
vt 0.2549 0.8656
vt 0.2854 0.8656
vt 0.2854 0.9923
vt 0.2793 0.8438
vt 0.2788 0.8287
vt 0.3071 0.8436
vt 0.2510 0.8291
vt 0.2517 0.8441
vt 0.3909 0.8436
vt 0.3630 0.8436
vt 0.3909 0.8286
vt 0.3628 0.8286
vt 0.3350 0.8436
vt 0.3347 0.8286
vt 0.3069 0.8286
vt 0.2786 0.8246
vt 0.2507 0.8250
vt 0.3137 0.7041
vt 0.3276 0.7041
vt 0.3066 0.8245
vt 0.2996 0.7041
vt 0.2847 0.7041
vt 0.2693 0.7043
vt 0.2542 0.7043
vt 0.2388 0.7046
vt 0.2235 0.7051
vt 0.2229 0.8256
vt 0.2081 0.7053
vt 0.1929 0.7058
vt 0.1951 0.8264
vt 0.1776 0.7065
vt 0.1624 0.7070
vt 0.1671 0.8275
vt 0.1471 0.7078
vt 0.1392 0.8290
vt 0.1318 0.7085
vt 0.1166 0.7095
vt 0.2231 0.8297
vt 0.1954 0.8306
vt 0.1676 0.8317
vt 0.1398 0.8330
vt 0.1121 0.8348
vt 0.1113 0.8308
vt 0.0843 0.8370
vt 0.0831 0.8331
vt 0.1148 0.8496
vt 0.0884 0.8518
vt 0.0635 0.8553
vt 0.0567 0.8406
vt 0.0546 0.8359
vt 0.1014 0.7104
vt 0.0862 0.7114
vt 0.0712 0.7126
vt 0.0562 0.7141
vt 0.0414 0.7153
vt 0.6436 0.8287
vt 0.6436 0.8246
vt 0.6714 0.8289
vt 0.6152 0.8246
vt 0.6152 0.8287
vt 0.5874 0.8246
vt 0.5874 0.8287
vt 0.5591 0.8286
vt 0.5591 0.8438
vt 0.5312 0.8436
vt 0.5312 0.8286
vt 0.5029 0.8286
vt 0.5591 0.8246
vt 0.5312 0.8246
vt 0.5029 0.8245
vt 0.5947 0.7041
vt 0.6084 0.7041
vt 0.5806 0.7041
vt 0.5664 0.7041
vt 0.5522 0.7041
vt 0.5381 0.7041
vt 0.5244 0.7041
vt 0.5103 0.7041
vt 0.4963 0.7041
vt 0.4822 0.7041
vt 0.4751 0.8245
vt 0.4683 0.7041
vt 0.4541 0.7041
vt 0.4470 0.8245
vt 0.4402 0.7041
vt 0.4260 0.7041
vt 0.4189 0.8245
vt 0.4121 0.7041
vt 0.4751 0.8286
vt 0.4470 0.8286
vt 0.4189 0.8286
vt 0.4189 0.8436
vt 0.5029 0.8436
vt 0.4751 0.8436
vt 0.4470 0.8436
vt 0.9541 0.8262
vt 0.9468 0.7053
vt 0.9614 0.7056
vt 0.9321 0.7051
vt 0.9248 0.8254
vt 0.9180 0.7048
vt 0.9038 0.7046
vt 0.8965 0.8251
vt 0.8896 0.7046
vt 0.8755 0.7043
vt 0.8682 0.8248
vt 0.8613 0.7043
vt 0.8472 0.7043
vt 0.8398 0.8247
vt 0.8398 0.8289
vt 0.8120 0.8289
vt 0.8120 0.8439
vt 0.7837 0.8439
vt 0.8330 0.7043
vt 0.8120 0.8247
vt 0.7837 0.8289
vt 0.7559 0.8439
vt 0.7559 0.8289
vt 0.7275 0.8439
vt 0.7275 0.8289
vt 0.6997 0.8439
vt 0.7837 0.8247
vt 0.7559 0.8247
vt 0.7275 0.8247
vt 0.6997 0.8289
vt 0.6997 0.8247
vt 0.6714 0.8247
vt 0.6646 0.7041
vt 0.6509 0.7041
vt 0.6787 0.7043
vt 0.6929 0.7043
vt 0.7065 0.7043
vt 0.7207 0.7043
vt 0.7349 0.7043
vt 0.7490 0.7043
vt 0.7627 0.7043
vt 0.7769 0.7043
vt 0.7910 0.7043
vt 0.8052 0.7043
vt 0.8188 0.7043
vt 0.8955 0.8440
vt 0.8677 0.8439
vt 0.8682 0.8289
vt 0.8960 0.8290
vt 0.9224 0.8444
vt 0.9243 0.8295
vt 0.9478 0.8462
vt 0.9521 0.8311
vt 0.8398 0.8439
vt 0.6416 0.2231
vt 0.6455 0.1963
vt 0.6787 0.2251
vt 0.6426 0.2505
vt 0.6797 0.2451
vt 0.6846 0.2646
vt 0.6846 0.2441
vt 0.6890 0.2627
vt 0.6929 0.2827
vt 0.6968 0.2798
vt 0.7080 0.2954
vt 0.6079 0.2212
vt 0.6094 0.2549
vt 0.5854 0.2490
vt 0.6494 0.2769
vt 0.6606 0.3013
vt 0.7046 0.2983
vt 0.7192 0.3120
vt 0.7222 0.3081
vt 0.6177 0.2881
vt 0.6318 0.3184
vt 0.6069 0.3223
vt 0.5991 0.3047
vt 0.5928 0.2866
vt 0.5879 0.2681
vt 0.6519 0.3457
vt 0.6172 0.3389
vt 0.5977 0.3271
vt 0.5889 0.3091
vt 0.5820 0.2896
vt 0.5771 0.2700
vt 0.5742 0.2500
vt 0.5732 0.2300
vt 0.6284 0.3540
vt 0.6411 0.3687
vt 0.6553 0.3813
vt 0.6772 0.3687
vt 0.6709 0.3931
vt 0.7061 0.3862
vt 0.6875 0.4028
vt 0.6973 0.3418
vt 0.6768 0.3232
vt 0.6821 0.4126
vt 0.6646 0.4019
vt 0.6484 0.3896
vt 0.6333 0.3760
vt 0.6201 0.3608
vt 0.6079 0.3447
vt 0.7593 0.4360
vt 0.7607 0.4253
vt 0.7798 0.4370
vt 0.7417 0.4224
vt 0.7378 0.3975
vt 0.7227 0.4180
vt 0.7046 0.4111
vt 0.7007 0.4214
vt 0.7197 0.4282
vt 0.7393 0.4331
vt 0.7715 0.4028
vt 0.7461 0.3652
vt 0.7202 0.3560
vt 0.7549 0.3291
vt 0.7729 0.3691
vt 0.8003 0.3677
vt 0.8052 0.4009
vt 0.8267 0.3613
vt 0.8379 0.3926
vt 0.7749 0.3320
vt 0.7949 0.3311
vt 0.8140 0.3262
vt 0.7939 0.3262
vt 0.8125 0.3218
vt 0.8550 0.4111
vt 0.8369 0.4180
vt 0.8179 0.4224
vt 0.7988 0.4253
vt 0.7798 0.4263
vt 0.8589 0.4214
vt 0.8398 0.4282
vt 0.8203 0.4331
vt 0.8003 0.4360
vt 0.9395 0.3613
vt 0.9312 0.3545
vt 0.9517 0.3447
vt 0.9185 0.3687
vt 0.8955 0.3579
vt 0.9043 0.3813
vt 0.8687 0.3784
vt 0.8887 0.3931
vt 0.8721 0.4028
vt 0.8774 0.4126
vt 0.9263 0.3765
vt 0.9111 0.3901
vt 0.8950 0.4023
vt 0.8511 0.3496
vt 0.8320 0.3174
vt 0.8296 0.3135
vt 0.8267 0.3086
vt 0.8105 0.3164
vt 0.8730 0.3330
vt 0.8076 0.3086
vt 0.7920 0.3125
vt 0.8223 0.3013
vt 0.8408 0.2979
vt 0.8447 0.3018
vt 0.8481 0.3057
vt 0.8911 0.3130
vt 0.9053 0.2896
vt 0.9146 0.2637
vt 0.9355 0.3037
vt 0.9180 0.3330
vt 0.8613 0.2910
vt 0.8574 0.2881
vt 0.8530 0.2847
vt 0.8672 0.2715
vt 0.8716 0.2734
vt 0.8350 0.2915
vt 0.8462 0.2798
vt 0.8618 0.2690
vt 0.8735 0.2534
vt 0.8784 0.2549
vt 0.8813 0.2349
vt 0.7935 0.2485
vt 0.7993 0.2422
vt 0.8545 0.2656
vt 0.8599 0.2500
vt 0.8682 0.2520
vt 0.8706 0.2344
vt 0.8765 0.2349
vt 0.8696 0.2168
vt 0.8755 0.2158
vt 0.8022 0.2334
vt 0.8623 0.2339
vt 0.8613 0.2178
vt 0.8652 0.1992
vt 0.8374 0.1519
vt 0.8477 0.1685
vt 0.8340 0.1567
vt 0.8413 0.1743
vt 0.8579 0.1831
vt 0.8506 0.1870
vt 0.8574 0.2021
vt 0.8018 0.2241
vt 0.7983 0.2163
vt 0.7915 0.2100
vt 0.8291 0.1631
vt 0.8154 0.1548
vt 0.8188 0.1475
vt 0.8022 0.1411
vt 0.8003 0.1494
vt 0.7832 0.2070
vt 0.7744 0.2075
vt 0.7842 0.1470
vt 0.7847 0.1382
vt 0.7681 0.1475
vt 0.7524 0.1519
vt 0.7666 0.2114
vt 0.7378 0.1587
vt 0.7246 0.1685
vt 0.7607 0.2183
vt 0.7578 0.2266
vt 0.6978 0.2261
vt 0.7002 0.2100
vt 0.7056 0.1943
vt 0.7139 0.1807
vt 0.7188 0.1626
vt 0.7329 0.1514
vt 0.7490 0.1436
vt 0.7119 0.1543
vt 0.7153 0.1582
vt 0.6982 0.1694
vt 0.7021 0.1724
vt 0.7070 0.1758
vt 0.6978 0.1909
vt 0.6919 0.2080
vt 0.6895 0.2256
vt 0.6885 0.1865
vt 0.6865 0.2065
vt 0.6836 0.2251
vt 0.6816 0.2051
vt 0.6929 0.1885
vt 0.6899 0.2437
vt 0.6548 0.1704
vt 0.6943 0.2607
vt 0.7017 0.2769
vt 0.6128 0.1880
vt 0.6245 0.1562
vt 0.6416 0.1270
vt 0.6685 0.1470
vt 0.6870 0.1270
vt 0.6641 0.1021
vt 0.6416 0.0913
vt 0.6558 0.0786
vt 0.6284 0.1060
vt 0.6172 0.1211
vt 0.6074 0.1377
vt 0.5991 0.1553
vt 0.5928 0.1733
vt 0.5884 0.1919
vt 0.5854 0.2104
vt 0.5845 0.2300
vt 0.5825 0.1699
vt 0.5894 0.1509
vt 0.5776 0.1895
vt 0.5747 0.2095
vt 0.6489 0.0703
vt 0.6338 0.0840
vt 0.6201 0.0986
vt 0.6079 0.1152
vt 0.5977 0.1328
vt 0.7217 0.0674
vt 0.7334 0.0986
vt 0.6914 0.0820
vt 0.7051 0.0488
vt 0.6875 0.0571
vt 0.6709 0.0669
vt 0.7085 0.1104
vt 0.7275 0.1426
vt 0.7231 0.0425
vt 0.7417 0.0376
vt 0.7197 0.0317
vt 0.7007 0.0386
vt 0.6821 0.0474
vt 0.6650 0.0581
vt 0.7397 0.0269
vt 0.7598 0.0239
vt 0.7607 0.0347
vt 0.7803 0.0229
vt 0.8403 0.0317
vt 0.8369 0.0425
vt 0.8203 0.0269
vt 0.8184 0.0376
vt 0.8003 0.0239
vt 0.7993 0.0347
vt 0.7803 0.0337
vt 0.7549 0.0591
vt 0.7886 0.0571
vt 0.8218 0.0625
vt 0.8550 0.0488
vt 0.8540 0.0737
vt 0.8726 0.0571
vt 0.8828 0.0913
vt 0.8892 0.0669
vt 0.9263 0.0840
vt 0.9185 0.0918
vt 0.9116 0.0703
vt 0.9043 0.0786
vt 0.8950 0.0581
vt 0.8779 0.0474
vt 0.8594 0.0386
vt 0.9077 0.1143
vt 0.9316 0.1060
vt 0.9277 0.1416
vt 0.9429 0.1216
vt 0.9526 0.1377
vt 0.9609 0.1553
vt 0.9424 0.1719
vt 0.9673 0.1733
vt 0.9775 0.1704
vt 0.9707 0.1514
vt 0.9624 0.1328
vt 0.9521 0.1152
vt 0.9399 0.0991
vt 0.9185 0.2368
vt 0.8804 0.2148
vt 0.9170 0.2095
vt 0.9106 0.1831
vt 0.9502 0.2051
vt 0.9717 0.1919
vt 0.9824 0.1899
vt 0.9746 0.2109
vt 0.9854 0.2100
vt 0.9863 0.2305
vt 0.9668 0.2871
vt 0.9775 0.2900
vt 0.9604 0.3052
vt 0.9824 0.2705
vt 0.9717 0.2686
vt 0.9854 0.2505
vt 0.9746 0.2495
vt 0.9756 0.2300
vt 0.9517 0.2388
vt 0.9468 0.2720
vt 0.9526 0.3223
vt 0.9424 0.3389
vt 0.9619 0.3276
vt 0.9707 0.3091
vt 0.6714 0.8439
vt 0.6436 0.8439
vt 0.6152 0.8438
vt 0.5874 0.8438
vt 0.6367 0.7041
vt 0.6226 0.7041
vt 0.3909 0.8245
vt 0.3628 0.8245
vt 0.3347 0.8245
vt 0.3979 0.7041
vt 0.3840 0.7041
vt 0.3699 0.7041
vt 0.3560 0.7041
vt 0.3418 0.7041
vt 0.7476 0.1387
vt 0.7305 0.1465
vt 0.7456 0.1338
vt 0.7651 0.1289
vt 0.7598 0.0923
vt 0.7866 0.0908
vt 0.7852 0.1279
vt 0.7656 0.1338
vt 0.7666 0.1392
vt 0.7847 0.1328
vt 0.8037 0.1357
vt 0.8213 0.1421
vt 0.8232 0.1377
vt 0.8047 0.1309
vt 0.8140 0.0947
vt 0.8394 0.1040
vt 0.8628 0.1182
vt 0.8403 0.1479
vt 0.8828 0.1367
vt 0.8555 0.1616
vt 0.8989 0.1587
vt 0.8672 0.1777
vt 0.8755 0.1958
vt 0.8628 0.1802
vt 0.8706 0.1973
vt 0.8516 0.1646
vt 0.2241 0.8447
vt 0.1967 0.8456
vt 0.1692 0.8467
vt 0.1418 0.8480
vt 0.5679 0.0640
vt 0.5200 0.0664
vt 0.5679 0.0552
vt 0.5679 0.0435
vt 0.5732 0.0537
vt 0.5635 0.0479
vt 0.5742 0.0649
vt 0.5649 0.0718
vt 0.5239 0.0737
vt 0.5142 0.0679
vt 0.5195 0.0781
vt 0.5044 0.0708
vt 0.5312 0.0791
vt 0.5288 0.0850
vt 0.5396 0.0879
vt 0.5693 0.0757
vt 0.5581 0.0776
vt 0.5840 0.0669
vt 0.5830 0.0508
vt 0.5757 0.0366
vt 0.5635 0.0269
vt 0.5591 0.0366
vt 0.5493 0.0225
vt 0.5493 0.0811
vt 0.5400 0.0815
vt 0.5776 0.0815
vt 0.5610 0.0835
vt 0.5508 0.0874
vt 0.5122 0.0850
vt 0.5239 0.0947
vt 0.5381 0.0991
vt 0.5527 0.0981
vt 0.5669 0.0923
vt 0.7935 0.3208
vt 0.7749 0.3271
vt 0.7563 0.3242
vt 0.7363 0.3223
vt 0.7383 0.3179
vt 0.7407 0.3130
vt 0.7578 0.3188
vt 0.7754 0.3218
vt 0.7598 0.3110
vt 0.7759 0.3130
vt 0.7764 0.2534
vt 0.7852 0.2529
vt 0.7310 0.2969
vt 0.7256 0.3032
vt 0.7188 0.2861
vt 0.7446 0.3052
vt 0.7681 0.2500
vt 0.7617 0.2441
vt 0.7090 0.2729
vt 0.7578 0.2358
vt 0.7021 0.2578
vt 0.6982 0.2422
vt 0.7124 0.2915
vt 2.3672 0.2632
vt 2.3379 0.2632
vt 2.3828 0.2476
vt 2.3223 0.2476
vt 2.3223 0.3076
vt 2.3672 0.2915
vt 2.3398 0.2915
vt 2.3848 0.3076
vt 2.4023 0.2285
vt 2.4023 0.3267
vt 2.3047 0.3267
vt 2.3047 0.2285
vt 2.4043 0.3770
vt 2.3848 0.3960
vt 2.3047 0.3770
vt 2.2520 0.3027
vt 2.2383 0.2188
vt 2.3164 0.2188
vt 2.3906 0.2188
vt 2.4492 0.2188
vt 2.4395 0.1694
vt 2.3652 0.1694
vt 2.2871 0.1694
vt 2.3652 0.1021
vt 2.4395 0.1021
vt 2.4980 0.1021
vt 2.2129 0.1694
vt 2.2871 0.1021
vt 2.3652 0.0249
vt 2.4395 0.0249
vt 2.4980 0.0249
vt 2.5566 0.0249
vt 2.5566 0.1021
vt 2.5566 0.0005
vt 2.6309 0.0249
vt 2.4980 0.0005
vt 2.4395 0.0005
vt 2.3652 0.0005
vt 2.2871 0.0249
vt 2.2129 0.1021
vt 2.2871 0.0005
vt 2.2129 0.0005
vt 2.2129 0.0249
vt 2.1348 0.0005
vt 2.1348 0.1021
vt 2.1348 0.0249
vt 2.0586 0.1021
vt 2.0586 0.0249
vt 2.0000 0.1021
vt 2.0000 0.0249
vt 2.0000 0.0005
vt 1.9424 0.0005
vt 2.0605 0.0005
vt 2.1348 0.1694
vt 2.0586 0.1694
vt 2.0000 0.1694
vt 1.9404 0.1694
vt 1.9502 0.2188
vt 1.8896 0.2188
vt 2.0000 0.3267
vt 1.9512 0.3887
vt 1.9512 0.3145
vt 2.0000 0.2285
vt 2.0117 0.2188
vt 2.0859 0.2188
vt 2.1641 0.2188
vt 2.0977 0.2285
vt 2.0352 0.2915
vt 2.0352 0.2632
vt 2.0625 0.2915
vt 2.0176 0.3076
vt 2.0176 0.2476
vt 2.0801 0.2476
vt 2.0801 0.3076
vt 2.0996 0.3267
vt 2.0996 0.3770
vt 2.0625 0.2632
vt 2.1523 0.3027
vt 2.1543 0.4009
vt 2.1543 0.4512
vt 2.0996 0.4751
vt 2.1543 0.5491
vt 2.0996 0.5254
vt 2.0996 0.6233
vt 2.0801 0.6045
vt 2.2520 0.4009
vt 2.2324 0.3818
vt 2.1719 0.3818
vt 2.2168 0.3657
vt 2.2168 0.3374
vt 2.2324 0.3218
vt 2.1875 0.3657
vt 2.1875 0.3374
vt 2.1699 0.3218
vt 2.3047 0.4751
vt 2.2520 0.4512
vt 2.2324 0.4702
vt 2.1719 0.4702
vt 2.2168 0.4858
vt 2.1875 0.4858
vt 2.1719 0.5303
vt 2.4043 0.5254
vt 2.4043 0.4751
vt 2.3047 0.5254
vt 2.2520 0.5491
vt 2.2344 0.5303
vt 2.2168 0.5144
vt 2.1875 0.5144
vt 2.2520 0.5996
vt 2.1543 0.5996
vt 2.2344 0.6184
vt 2.2324 0.6787
vt 2.2168 0.6628
vt 2.1719 0.6787
vt 2.1875 0.6628
vt 2.1719 0.6184
vt 2.1875 0.6345
vt 2.2168 0.6345
vt 2.1543 0.6975
vt 2.2520 0.6975
vt 2.3047 0.6233
vt 2.3242 0.6045
vt 2.3242 0.5442
vt 2.3398 0.5886
vt 2.3398 0.5601
vt 2.3691 0.5601
vt 2.3848 0.5442
vt 2.3691 0.5886
vt 2.3848 0.6045
vt 2.4043 0.6233
vt 2.3047 0.6738
vt 2.4512 0.5374
vt 2.5625 0.4404
vt 2.5332 0.4404
vt 2.5625 0.4116
vt 2.5781 0.4561
vt 2.5176 0.4561
vt 2.5977 0.4751
vt 2.4980 0.4751
vt 2.4980 0.5254
vt 2.4512 0.6116
vt 2.4043 0.6738
vt 2.5176 0.3960
vt 2.4980 0.3770
vt 2.5781 0.3960
vt 2.5977 0.3770
vt 2.5957 0.3267
vt 2.4980 0.3267
vt 2.5156 0.3076
vt 2.6504 0.3027
vt 2.6504 0.4009
vt 2.6504 0.4512
vt 2.5332 0.4116
vt 2.5977 0.5254
vt 2.5176 0.5442
vt 2.5176 0.6045
vt 2.5332 0.5886
vt 2.5625 0.5886
vt 2.5332 0.5601
vt 2.5625 0.5601
vt 2.5781 0.5442
vt 2.5977 0.6233
vt 2.5781 0.6045
vt 2.5977 0.6738
vt 2.6504 0.6975
vt 2.5957 0.7717
vt 2.6523 0.5996
vt 2.6523 0.5491
vt 2.6699 0.4702
vt 2.7500 0.4512
vt 2.7305 0.4702
vt 2.7500 0.5491
vt 2.6621 0.7816
vt 2.7500 0.5996
vt 2.6699 0.6184
vt 2.6699 0.6787
vt 2.7305 0.6184
vt 2.7148 0.6345
vt 2.7305 0.6787
vt 2.7148 0.6628
vt 2.6855 0.6345
vt 2.6855 0.6628
vt 2.7500 0.6975
vt 2.8828 0.6926
vt 2.8809 0.7529
vt 2.8652 0.7371
vt 2.9004 0.7717
vt 2.8203 0.7529
vt 2.8027 0.7717
vt 2.8223 0.6926
vt 2.8027 0.6738
vt 2.9004 0.6738
vt 2.8047 0.6233
vt 2.8379 0.7087
vt 2.8672 0.7087
vt 2.8047 0.5254
vt 2.8047 0.4751
vt 2.8027 0.3770
vt 2.9023 0.4751
vt 2.9023 0.5254
vt 2.9531 0.4629
vt 2.9512 0.3887
vt 2.9531 0.5374
vt 2.9531 0.6116
vt 2.9023 0.6233
vt 2.8828 0.6045
vt 2.8223 0.6045
vt 2.8398 0.5886
vt 2.8223 0.5442
vt 2.8398 0.5601
vt 2.9531 0.6858
vt 2.8848 0.5442
vt 2.8691 0.5601
vt 2.8672 0.5886
vt 2.9512 0.7816
vt 2.8887 0.7816
vt 2.9355 0.8307
vt 2.8633 0.8307
vt 2.8613 0.8998
vt 2.7852 0.8307
vt 2.8145 0.7816
vt 2.7363 0.7816
vt 2.7109 0.8307
vt 2.7852 0.8998
vt 2.8613 0.9754
vt 2.7852 0.9754
vt 2.7109 0.8998
vt 2.7109 0.9754
vt 2.9355 0.8998
vt 2.9355 0.9754
vt 2.8613 1.0000
vt 2.7852 1.0000
vt 2.7109 1.0000
vt 2.6328 0.9754
vt 2.9355 1.0000
vt 3.0000 0.8307
vt 3.0000 0.8998
vt 2.9980 0.9754
vt 2.9980 1.0000
vt 2.6328 0.8998
vt 2.6328 0.8307
vt 2.5840 0.7816
vt 2.4980 0.7717
vt 2.5781 0.7529
vt 2.5176 0.7529
vt 2.6328 1.0000
vt 2.5586 0.9754
vt 2.5586 0.8998
vt 2.5586 0.8307
vt 2.5098 0.7816
vt 2.4512 0.7816
vt 2.5586 1.0000
vt 2.5000 0.8307
vt 2.5000 0.8998
vt 2.5000 0.9754
vt 2.5000 1.0000
vt 2.4414 0.8307
vt 2.4414 0.8998
vt 2.4395 0.9754
vt 2.4395 1.0000
vt 2.3652 1.0000
vt 2.4512 0.6858
vt 2.4043 0.7717
vt 2.3906 0.7816
vt 2.3652 0.8307
vt 2.3652 0.8998
vt 2.3652 0.9754
vt 2.2129 0.9754
vt 2.2129 0.8998
vt 2.2871 0.9754
vt 2.2871 0.8998
vt 2.2871 0.8307
vt 2.3164 0.7816
vt 2.3047 0.7717
vt 2.2383 0.7816
vt 2.2129 0.8307
vt 2.3242 0.7529
vt 2.3242 0.6926
vt 2.3848 0.6926
vt 2.3848 0.7529
vt 2.3398 0.7371
vt 2.3398 0.7087
vt 2.3691 0.7087
vt 2.3691 0.7371
vt 2.0352 0.7087
vt 2.0352 0.7371
vt 2.0195 0.6926
vt 2.0645 0.7087
vt 1.9512 0.7816
vt 1.9512 0.6858
vt 2.0000 0.7717
vt 2.0000 0.6738
vt 2.0801 0.6926
vt 2.0625 0.7371
vt 2.0176 0.7529
vt 2.0801 0.7529
vt 1.9512 0.6116
vt 1.9023 0.6233
vt 2.0000 0.6233
vt 2.0996 0.7717
vt 2.0996 0.6738
vt 2.0195 0.6045
vt 2.0645 0.5886
vt 2.0352 0.5886
vt 2.0645 0.5601
vt 2.0352 0.5601
vt 2.0195 0.5442
vt 2.0000 0.5254
vt 1.9512 0.5374
vt 2.0000 0.4751
vt 2.0801 0.5442
vt 2.0801 0.4561
vt 2.0801 0.3960
vt 2.0195 0.4561
vt 2.0176 0.3960
vt 2.0000 0.3770
vt 2.0625 0.4116
vt 2.0352 0.4116
vt 2.0352 0.4404
vt 2.0625 0.4404
vt 1.9512 0.4629
vt 1.9023 0.5254
vt 1.9023 0.4751
vt 1.8047 0.5254
vt 1.8047 0.4751
vt 1.7490 0.5491
vt 1.8047 0.6233
vt 1.9023 0.3770
vt 1.9023 0.3267
vt 1.8047 0.3770
vt 1.7490 0.4512
vt 1.8232 0.3960
vt 1.8838 0.3960
vt 1.8838 0.4561
vt 1.8232 0.4561
vt 1.8379 0.4404
vt 1.8379 0.4116
vt 1.8662 0.4116
vt 1.8662 0.4404
vt 2.7148 0.5144
vt 2.7148 0.4858
vt 2.7305 0.5303
vt 2.6699 0.5303
vt 2.6855 0.5144
vt 2.6855 0.4858
vt 1.8662 0.7087
vt 1.8379 0.7087
vt 1.8838 0.6926
vt 1.8662 0.7371
vt 1.9023 0.6738
vt 1.9023 0.7717
vt 1.8838 0.7529
vt 1.8379 0.7371
vt 1.8232 0.6926
vt 1.8047 0.6738
vt 1.7490 0.5996
vt 1.6523 0.5491
vt 1.6709 0.5303
vt 1.6709 0.4702
vt 1.6865 0.4858
vt 1.7148 0.4858
vt 1.6523 0.5996
vt 1.6865 0.5144
vt 1.7148 0.5144
vt 1.7305 0.5303
vt 1.7305 0.4702
vt 1.6523 0.4512
vt 1.8379 0.2915
vt 1.8838 0.3076
vt 1.8232 0.3076
vt 1.8047 0.3267
vt 1.7490 0.4009
vt 1.6523 0.4009
vt 1.5977 0.4751
vt 1.5977 0.3770
vt 1.5977 0.5254
vt 1.5000 0.5254
vt 1.5000 0.4751
vt 1.5186 0.5442
vt 1.5186 0.6045
vt 1.5791 0.5442
vt 1.5977 0.6233
vt 1.5625 0.5601
vt 1.5791 0.6045
vt 1.5625 0.5886
vt 1.5342 0.5601
vt 1.5342 0.5886
vt 1.5977 0.6738
vt 1.6523 0.6975
vt 1.5967 0.7717
vt 1.5791 0.6926
vt 1.5781 0.7529
vt 1.5625 0.7371
vt 1.5186 0.7529
vt 1.5342 0.7371
vt 1.5342 0.7087
vt 1.5186 0.6926
vt 1.5625 0.7087
vt 1.5850 0.7816
vt 1.5000 0.7717
vt 1.4512 0.7816
vt 1.4414 0.8307
vt 1.5000 0.8307
vt 1.5117 0.7816
vt 1.3662 0.8998
vt 1.4414 0.8998
vt 1.5000 0.8998
vt 1.5586 0.8307
vt 1.4990 0.9754
vt 1.5576 0.8998
vt 1.6318 0.8307
vt 1.7080 0.9754
vt 1.6309 0.9754
vt 1.7080 0.8998
vt 1.6318 0.8998
vt 1.7080 0.8307
vt 1.5576 0.9754
vt 1.4990 1.0000
vt 1.5576 1.0000
vt 1.6309 1.0000
vt 1.7080 1.0000
vt 1.7812 0.9754
vt 2.0000 0.8998
vt 2.0020 0.9754
vt 1.9424 0.8998
vt 1.9424 0.9754
vt 1.9434 1.0000
vt 1.8682 1.0000
vt 1.8682 0.9754
vt 1.7822 1.0000
vt 1.8672 0.8998
vt 1.8672 0.8307
vt 1.9414 0.8307
vt 1.8906 0.7816
vt 1.8164 0.7816
vt 1.7812 0.8307
vt 1.7812 0.8998
vt 1.7334 0.7816
vt 1.8047 0.7717
vt 1.6602 0.7816
vt 1.7490 0.6975
vt 1.8232 0.7529
vt 1.7305 0.6787
vt 1.6709 0.6787
vt 1.7148 0.6628
vt 1.6709 0.6184
vt 1.7305 0.6184
vt 1.7148 0.6345
vt 1.6865 0.6345
vt 1.6865 0.6628
vt 0.5474 0.0400
vt 0.5381 0.0405
vt 0.5483 0.0337
vt 0.5371 0.0342
vt 0.5293 0.0439
vt 0.5566 0.0425
vt 0.5264 0.0381
vt 0.5181 0.0459
vt 0.5098 0.0400
vt 0.5210 0.0293
vt 0.5347 0.0234
vt 0.5039 0.0547
vt 0.5137 0.0566
vt 0.5229 0.0498
vt 0.5195 0.0576
vt -0.1328 0.7087
vt -0.1613 0.7087
vt -0.1152 0.6926
vt -0.1328 0.7371
vt -0.1613 0.7371
vt -0.1758 0.6926
vt -0.0964 0.6738
vt -0.1945 0.6738
vt -0.1945 0.6233
vt -0.1945 0.5254
vt -0.1758 0.6045
vt -0.1152 0.7529
vt -0.1758 0.7529
vt -0.0964 0.5254
vt -0.0495 0.4629
vt -0.0495 0.5374
vt 0.0002 0.5254
vt -0.1152 0.6045
vt -0.1613 0.5886
vt -0.1758 0.5442
vt -0.1613 0.5601
vt -0.1152 0.5442
vt -0.1328 0.5601
vt -0.1328 0.5886
vt -0.4211 0.7529
vt -0.4817 0.7529
vt -0.4370 0.7371
vt -0.4656 0.7371
vt 2.3242 0.3960
vt 2.3242 0.4561
vt 2.3398 0.4116
vt 2.3691 0.4116
vt 2.3398 0.4404
vt 2.3848 0.4561
vt 2.3691 0.4404
vt 2.4512 0.3145
vt 2.4512 0.3887
vt 2.4512 0.4629
vt 2.5156 0.2476
vt 2.4961 0.2285
vt 2.5762 0.2476
vt 2.5605 0.2632
vt 2.5605 0.2915
vt 2.5781 0.3076
vt 2.5957 0.2285
vt 2.5840 0.2188
vt 2.5098 0.2188
vt 2.6602 0.2188
vt 2.5332 0.2915
vt 2.5312 0.2632
vt 2.6328 0.1694
vt 2.5586 0.1694
vt 2.4980 0.1694
vt 2.6328 0.1021
vt 2.7090 0.1694
vt 2.7344 0.2188
vt 2.7090 0.1021
vt 2.7090 0.0249
vt 2.7832 0.0249
vt 2.7832 0.1021
vt 2.7832 0.1694
vt 2.8125 0.2188
vt 2.8613 0.1694
vt 2.8613 0.1021
vt 2.8594 0.0249
vt 2.7832 0.0005
vt 2.7090 0.0005
vt 2.6309 0.0005
vt 2.8594 0.0005
vt 2.9336 0.0249
vt 2.9355 0.1021
vt 2.9336 0.0005
vt 2.9980 0.0005
vt 2.9980 0.0249
vt 2.9980 0.1021
vt 2.9355 0.1694
vt 2.8867 0.2188
vt 2.9492 0.2188
vt 2.8984 0.2285
vt 2.9512 0.3145
vt 2.9980 0.1694
vt 2.8359 0.2915
vt 2.8203 0.3076
vt 2.8359 0.2632
vt 2.8652 0.2632
vt 2.8809 0.2476
vt 2.8809 0.3076
vt 2.9004 0.3267
vt 2.9004 0.3770
vt 2.8652 0.2915
vt 2.8027 0.3267
vt 2.7500 0.4009
vt 2.8223 0.3960
vt 2.8223 0.4561
vt 2.8828 0.4561
vt 2.8828 0.3960
vt 2.8672 0.4116
vt 2.8379 0.4116
vt 2.8379 0.4404
vt 2.8672 0.4404
vt 2.5781 0.6926
vt 2.5176 0.6926
vt 2.4980 0.6738
vt 2.5332 0.7371
vt 2.5625 0.7371
vt 2.5332 0.7087
vt 2.5625 0.7087
vt 2.4980 0.6233
vt 1.8037 0.2285
vt 1.7490 0.3027
vt 1.9023 0.2285
vt 1.8223 0.2476
vt 1.8379 0.2632
vt 1.8662 0.2632
vt 1.8662 0.2915
vt 1.8828 0.2476
vt 1.1504 0.5491
vt 1.1504 0.5996
vt 1.2334 0.5303
vt 1.1738 0.5303
vt 1.2178 0.5144
vt 1.2178 0.4858
vt 1.2334 0.4702
vt 1.1895 0.4858
vt 1.1738 0.4702
vt 1.1895 0.5144
vt 1.0977 0.4751
vt 1.0977 0.5254
vt 1.0977 0.6233
vt 1.0977 0.6738
vt 1.1504 0.6975
vt 1.0977 0.7717
vt 1.0859 0.7816
vt 1.1738 0.6787
vt 1.0000 0.7717
vt 1.0791 0.7529
vt 1.0791 0.6926
vt 1.0000 0.6738
vt 1.0635 0.7371
vt 1.0186 0.7529
vt 0.9517 0.6858
vt 1.0186 0.6926
vt 1.0635 0.7087
vt 1.0342 0.7371
vt 1.0342 0.7087
vt 1.0596 0.8307
vt 1.0000 0.8307
vt 1.0117 0.7816
vt 0.9517 0.7816
vt 0.9028 0.7717
vt 0.9028 0.6738
vt 0.8843 0.6926
vt 0.8843 0.7529
vt 0.8677 0.7371
vt 0.8394 0.7371
vt 0.8228 0.7529
vt 0.8042 0.7717
vt 0.8228 0.6926
vt 0.8394 0.7087
vt 0.8677 0.7087
vt 0.8042 0.6738
vt 0.7510 0.6975
vt 0.7319 0.6787
vt 0.6709 0.6787
vt 0.7158 0.6628
vt 0.6870 0.6628
vt 0.6870 0.6345
vt 0.6709 0.6184
vt 0.7158 0.6345
vt 0.7319 0.6184
vt 0.8911 0.7816
vt 0.9414 0.8307
vt 1.0000 0.8998
vt 1.1738 0.6184
vt 1.1895 0.6628
vt 1.2178 0.6628
vt 1.2178 0.6345
vt 1.1895 0.6345
vt 1.0596 0.0005
vt 1.0000 0.0005
vt 1.1338 0.0005
vt 1.0000 0.0249
vt 0.8843 0.2476
vt 0.8677 0.2632
vt 0.8394 0.2632
vt 0.8228 0.2476
vt 0.8394 0.2915
vt 0.8677 0.2915
vt 1.3662 0.1694
vt 1.3174 0.2188
vt 1.2891 0.1694
vt 1.3916 0.2188
vt 1.4043 0.2285
vt 1.3848 0.3076
vt 1.4043 0.3267
vt 1.3848 0.2476
vt 1.2891 0.1021
vt 1.3398 0.2632
vt 1.3691 0.2632
vt 1.3691 0.2915
vt 1.3398 0.2915
vt 1.4512 0.3887
vt 1.5000 0.3770
vt 1.5791 0.4561
vt 1.5186 0.4561
vt 1.5186 0.3960
vt 1.5977 0.3267
vt 1.6523 0.3027
vt 1.5967 0.2285
vt 1.6602 0.2188
vt 1.5342 0.4116
vt 1.5791 0.3960
vt 1.5625 0.4116
vt 1.5625 0.4404
vt 1.5342 0.4404
vt 1.5850 0.2188
vt 1.6318 0.1694
vt 1.5586 0.1694
vt 1.5576 0.1021
vt 1.5000 0.1021
vt 1.5576 0.0249
vt 1.4990 0.0249
vt 1.4990 0.0005
vt 1.4404 0.0005
vt 1.4404 0.0249
vt 1.5576 0.0005
vt 1.5000 0.1694
vt 1.5117 0.2188
vt 1.3662 0.1021
vt 1.3662 0.0249
vt 1.4414 0.1021
vt 1.4414 0.1694
vt 1.4512 0.2188
vt 1.5000 0.2285
vt 1.5000 0.3267
vt 1.4512 0.3145
vt 1.5625 0.2632
vt 1.5186 0.2476
vt 1.5781 0.2476
vt 1.5186 0.3076
vt 1.5791 0.3076
vt 1.5625 0.2915
vt 1.5342 0.2915
vt 1.5342 0.2632
vt -0.9019 0.2285
vt -0.9136 0.2188
vt -0.8340 0.2188
vt -0.9878 0.2188
vt -0.9995 0.2285
vt -0.9204 0.2476
vt -0.9204 0.3076
vt -0.8647 0.1694
vt -0.9385 0.1694
vt -0.9951 0.1694
vt -1.0439 0.2188
vt -1.0439 0.3145
vt -0.9995 0.3267
vt -1.0439 0.3887
vt -0.9648 0.2915
vt -0.9810 0.3076
vt -0.9648 0.2632
vt -0.9365 0.2915
vt -0.9365 0.2632
vt -0.9810 0.2476
vt -0.9019 0.3770
vt -0.9995 0.3770
vt -1.0439 0.4629
vt -0.9204 0.3960
vt -0.9810 0.3960
vt -0.9810 0.4561
vt -0.9204 0.4561
vt -0.9365 0.4404
vt -0.9365 0.4116
vt -0.9648 0.4116
vt -0.9648 0.4404
vt -0.7080 0.1694
vt -0.7852 0.1694
vt -0.7080 0.1021
vt -0.7852 0.1021
vt -0.8647 0.1021
vt -0.9385 0.1021
vt -0.6323 0.1021
vt -0.6323 0.1694
vt -0.7080 0.0249
vt -0.7852 0.0249
vt -0.8647 0.0249
vt -0.9385 0.0249
vt -0.9951 0.1021
vt -0.9951 0.0249
vt -0.9951 0.0005
vt -0.9385 0.0005
vt -0.8647 0.0005
vt -0.7852 0.0005
vt -0.6812 0.2188
vt -0.7598 0.2188
vt 0.0002 0.4751
vt 0.0792 0.4561
vt 0.0181 0.4561
vt 0.0345 0.4404
vt 0.0792 0.5442
vt 0.0792 0.6045
vt 0.0632 0.5886
vt 0.0181 0.6045
vt 0.0181 0.5442
vt 0.0632 0.5601
vt 0.0345 0.5886
vt 0.0345 0.5601
vt 2.8379 0.7371
vt 1.7148 0.3374
vt 1.6709 0.3218
vt 1.7305 0.3218
vt 1.7305 0.3818
vt 1.7148 0.3657
vt 1.6709 0.3818
vt 1.6865 0.3657
vt 1.6865 0.3374
vt 1.9414 0.1021
vt 1.8662 0.1694
vt 1.8154 0.2188
vt 1.7334 0.2188
vt 1.7080 0.1694
vt 1.7812 0.1694
vt 1.7812 0.1021
vt 1.7080 0.1021
vt 1.6318 0.1021
vt 1.6309 0.0249
vt 1.8672 0.1021
vt 1.7812 0.0249
vt 1.8672 0.0249
vt 1.9424 0.0249
vt 1.7080 0.0005
vt 1.7080 0.0249
vt 1.6318 0.0005
vt 1.7822 0.0005
vt 1.8682 0.0005
vt 0.9463 0.5276
vt 0.9668 0.5220
vt 0.9478 0.5356
vt 0.9697 0.5308
vt 0.9829 0.5229
vt 0.9873 0.5293
vt 0.8511 0.5269
vt 0.8564 0.5198
vt 0.8687 0.5288
vt 0.8721 0.5203
vt 0.8882 0.5339
vt 0.8901 0.5261
vt 0.9087 0.5291
vt 0.9077 0.5374
vt 0.9277 0.5298
vt 0.9277 0.5378
vt 1.3682 0.5886
vt 1.3682 0.5601
vt 1.3848 0.5442
vt 1.3398 0.5886
vt 1.3398 0.5601
vt 1.3848 0.6045
vt 1.4033 0.5254
vt 1.3242 0.6045
vt 1.3242 0.5442
vt 0.9507 0.5991
vt 0.9492 0.5911
vt 0.9673 0.5859
vt 0.9707 0.5950
vt 0.9834 0.5867
vt 0.9883 0.5933
vt 0.8521 0.5918
vt 0.8569 0.5847
vt 0.8696 0.5935
vt 0.8730 0.5850
vt 0.8916 0.5991
vt 0.8931 0.5911
vt 0.9116 0.5938
vt 0.9111 0.6018
vt 0.9307 0.5938
vt 0.9312 0.6018
vt 0.5342 0.4404
vt 0.5625 0.4404
vt 0.5176 0.4561
vt 0.5625 0.4116
vt 0.5342 0.4116
vt 0.5176 0.3960
vt 0.5791 0.3960
vt -0.1328 0.2915
vt -0.1328 0.2632
vt -0.1152 0.3076
vt -0.1613 0.2915
vt 2.0020 1.0000
vt 2.0605 1.0000
vt 2.0605 0.8998
vt 2.0586 0.8307
vt 2.0605 0.9754
vt 2.1348 1.0000
vt 2.1348 0.9754
vt 2.2148 1.0000
vt 2.1348 0.8998
vt 2.1348 0.8307
vt 2.0859 0.7816
vt 2.0117 0.7816
vt 2.0000 0.8307
vt 2.1641 0.7816
vt 0.9517 0.5374
vt 0.9028 0.5254
vt 0.9517 0.4629
vt 0.9517 0.6116
vt 1.0000 0.6233
vt 0.9028 0.6233
vt 1.0000 0.4751
vt 1.0000 0.5254
vt 1.0186 0.6045
vt 1.0791 0.6045
vt 1.0635 0.5886
vt 1.0791 0.5442
vt 1.0635 0.5601
vt 1.0186 0.5442
vt 1.0342 0.5601
vt 1.0342 0.5886
vt 0.8228 0.6045
vt 0.8843 0.6045
vt 0.8843 0.5442
vt 0.8228 0.5442
vt 0.8394 0.5601
vt 0.8394 0.5886
vt 0.8677 0.5886
vt 0.8677 0.5601
vt 0.8228 0.3960
vt 0.8394 0.4116
vt 0.8472 0.5488
vt 0.8608 0.5564
vt 0.8433 0.5554
vt 0.8633 0.5476
vt 0.8887 0.5544
vt 0.8872 0.5625
vt 0.9141 0.5564
vt 0.9146 0.5647
vt 0.9395 0.5540
vt 0.9414 0.5618
vt 0.9585 0.5488
vt 0.9624 0.5574
vt 0.9751 0.5486
vt 0.9795 0.5549
vt 0.2323 0.6787
vt 0.2323 0.6184
vt 0.2161 0.6628
vt 0.2161 0.6345
vt 2.7305 0.3218
vt 2.6680 0.3218
vt 2.7480 0.3027
vt 2.7129 0.3374
vt 2.6855 0.3374
vt 2.6855 0.3657
vt 2.6699 0.3818
vt 2.7129 0.3657
vt 2.7305 0.3818
vt 2.8008 0.2285
vt 2.8203 0.2476
vt 0.9858 0.6182
vt 0.9683 0.6187
vt 0.9814 0.6106
vt 0.9658 0.6096
vt 0.9404 0.6157
vt 0.9395 0.6243
vt 0.9131 0.6172
vt 0.9126 0.6252
vt 0.8877 0.6135
vt 0.8857 0.6213
vt 0.8706 0.6084
vt 0.8667 0.6167
vt 0.8540 0.6074
vt 0.8491 0.6138
vt 0.5527 0.4717
vt 0.5664 0.4702
vt 0.5630 0.5024
vt 0.5493 0.5039
vt 0.5361 0.5010
vt 0.5381 0.4688
vt 0.5229 0.4976
vt 0.5244 0.4648
vt 0.3843 0.1631
vt 0.3770 0.1562
vt 0.3965 0.1484
vt 0.3911 0.1431
vt 0.4006 0.1382
vt 0.4104 0.1636
vt 0.3679 0.1260
vt 0.3708 0.1167
vt 0.3403 0.1128
vt 0.3440 0.1040
vt 0.3132 0.1050
vt 0.4182 0.1577
vt 0.4211 0.1807
vt 0.4260 0.1519
vt 0.4070 0.1309
vt 0.3757 0.1084
vt 0.3472 0.0947
vt 0.3169 0.0859
vt 0.3154 0.0957
vt 0.2939 0.1025
vt 0.2944 0.1226
vt 0.2820 0.1221
vt 0.3503 0.0854
vt 0.3806 0.1001
vt 0.4136 0.1235
vt 0.3855 0.0913
vt 0.3538 0.0767
vt 0.2103 0.2656
vt 0.2098 0.2515
vt 0.2461 0.2559
vt 0.2441 0.2695
vt 0.2111 0.2812
vt 0.2446 0.2832
vt 0.2443 0.2964
vt 0.2083 0.2944
vt 0.9404 0.6370
vt 0.9585 0.6318
vt 0.9419 0.6450
vt 0.9614 0.6406
vt 0.9746 0.6321
vt 0.9790 0.6394
vt 0.8447 0.6375
vt 0.8496 0.6301
vt 0.8623 0.6394
vt 0.8657 0.6309
vt 0.8823 0.6443
vt 0.8843 0.6362
vt 0.9028 0.6392
vt 0.9023 0.6472
vt 0.9219 0.6475
vt 0.9214 0.6394
vt 0.9888 0.4751
vt 0.9712 0.4775
vt 0.9839 0.4688
vt 0.9678 0.4688
vt 0.9487 0.4824
vt 0.9463 0.4746
vt 0.9214 0.4849
vt 0.9214 0.4766
vt 0.8940 0.4824
vt 0.8955 0.4746
vt 0.8677 0.4761
vt 0.8706 0.4673
vt 0.8550 0.4673
vt 0.8506 0.4746
vt 1.0791 0.3960
vt 1.0791 0.4561
vt 1.0635 0.4116
vt 1.0635 0.4404
vt 1.0186 0.4561
vt 1.0342 0.4116
vt 1.0342 0.4404
vt 1.0186 0.3960
vt 0.5317 0.4282
vt 0.5088 0.4326
vt 0.4858 0.4399
vt 0.4802 0.4429
vt 0.6577 0.4810
vt 0.6436 0.4663
vt 0.6240 0.4521
vt 0.6011 0.4399
vt 1.8662 0.5601
vt 1.8662 0.5886
vt 1.8379 0.5601
vt 1.8379 0.5886
vt 1.8838 0.6045
vt 1.8838 0.5442
vt 1.8232 0.5442
vt 1.8232 0.6045
vt 1.3662 0.0005
vt 1.2891 0.0005
vt 1.2891 0.0249
vt 1.2109 0.0005
vt 1.2109 0.0249
vt 1.1338 0.0249
vt 0.3716 0.1841
vt 0.3677 0.2163
vt 0.3574 0.1855
vt 0.3535 0.2178
vt 0.3428 0.1860
vt 0.3403 0.2183
vt 0.3276 0.2144
vt 0.3298 0.1821
vt 0.0345 0.7371
vt 0.0345 0.7087
vt 0.0632 0.7087
vt -0.8271 0.4702
vt -0.7666 0.4702
vt -0.7827 0.4858
vt -0.7666 0.5303
vt -0.7827 0.5144
vt -0.8271 0.5303
vt -0.8110 0.5144
vt -0.8110 0.4858
vt 0.8452 0.6638
vt 0.8501 0.6572
vt 0.8623 0.6665
vt 0.8662 0.6580
vt 0.8833 0.6716
vt 0.8857 0.6638
vt 0.9102 0.6753
vt 0.9106 0.6670
vt 0.9375 0.6738
vt 0.9365 0.6658
vt 0.9639 0.6685
vt 0.9614 0.6597
vt 0.9775 0.6606
vt 0.9814 0.6680
vt 2.2871 1.0000
vn -0.0811 -0.0944 0.9922
vn -0.6634 -0.6870 0.2967
vn -0.6486 -0.6928 0.3152
vn -0.5806 -0.7452 0.3279
vn -0.6425 -0.7427 0.1887
vn -0.0806 -0.0932 0.9924
vn -0.0567 -0.1082 0.9925
vn -0.0338 -0.1177 0.9925
vn -0.0569 -0.1092 0.9924
vn -0.4477 -0.8589 0.2489
vn -0.4731 -0.8601 0.1906
vn -0.6532 -0.6764 0.3404
vn -0.6407 -0.6844 0.3481
vn -0.0050 -0.9661 0.2581
vn -0.0792 -0.9631 0.2573
vn -0.0133 -0.1217 0.9925
vn -0.0135 -0.1210 0.9926
vn -0.0338 -0.1181 0.9924
vn -0.2665 -0.9323 0.2446
vn -0.3633 -0.9120 0.1903
vn -0.3481 -0.8740 0.3389
vn -0.1060 -0.9759 0.1910
vn -0.2514 -0.9491 0.1897
vn -0.7178 0.2555 0.6477
vn -0.8490 -0.5215 0.0849
vn -0.3102 0.1903 0.9314
vn -0.4802 0.2946 0.8262
vn -0.4805 0.2949 0.8259
vn -0.9802 -0.1386 0.1411
vn -0.9808 -0.0291 0.1929
vn -0.8695 0.4411 0.2223
vn -0.8965 0.4200 0.1408
vn -0.6312 0.7653 0.1260
vn -0.6296 0.7665 0.1265
vn -0.1326 0.9886 0.0715
vn -0.3539 0.1260 0.9268
vn -0.3538 0.1260 0.9268
vn -0.9609 0.2384 0.1411
vn -0.9702 -0.2065 0.1267
vn -0.9697 -0.2085 0.1272
vn -0.7119 -0.6986 0.0714
vn -0.7129 -0.6978 0.0704
vn -0.9316 0.3317 0.1486
vn -0.1338 0.9885 0.0705
vn -0.4041 0.1439 -0.9033
vn -0.8306 0.2957 -0.4718
vn -0.9713 0.2201 0.0904
vn -0.7657 0.6385 0.0781
vn -0.9048 0.3221 0.2785
vn -0.9536 0.2023 0.2229
vn -0.9180 0.2725 0.2881
vn -0.7374 0.1770 0.6518
vn -0.8393 0.0953 0.5352
vn -0.8410 0.0958 0.5325
vn -0.6201 0.0707 0.7813
vn -0.6036 0.0494 0.7958
vn -0.6160 -0.0106 0.7877
vn -0.7595 -0.0130 0.6504
vn -0.9578 -0.0976 0.2703
vn -0.9745 -0.0171 0.2237
vn -0.9889 -0.0373 0.1439
vn -0.9833 0.1117 0.1434
vn -0.9612 0.2358 0.1432
vn -0.9615 -0.0486 0.2706
vn -0.5483 -0.1318 0.8258
vn -0.5478 -0.1318 0.8261
vn -0.8671 0.4772 0.1431
vn -0.9091 0.3675 0.1960
vn -0.9664 -0.1272 0.2232
vn -0.9836 -0.1100 0.1429
vn -0.9890 -0.0384 0.1431
vn -0.9955 -0.0255 0.0908
vn -0.8655 -0.4948 0.0783
vn -0.7750 0.0880 0.6258
vn -0.7758 0.0885 0.6247
vn -0.8644 -0.4966 0.0788
vn -0.7669 0.6369 0.0788
vn -0.3380 0.9402 0.0429
vn -0.3868 0.0441 0.9211
vn -0.3867 0.0442 0.9211
vn -0.4885 -0.8715 0.0423
vn -0.4892 -0.8712 0.0416
vn -0.4119 0.0471 -0.9100
vn -0.9889 0.1131 0.0959
vn -0.3388 0.9399 0.0423
vn -0.4120 0.0470 -0.9100
vn -0.9889 0.1131 0.0960
vn -0.8397 0.0958 -0.5345
vn -0.8389 0.0953 -0.5359
vn -0.9936 0.1129 0.0032
vn -0.9990 -0.0453 0.0032
vn -0.9960 -0.0236 -0.0856
vn -0.9888 -0.1222 -0.0855
vn -0.9845 -0.1091 -0.1377
vn -0.9632 -0.2315 -0.1369
vn -0.8540 -0.2053 0.4781
vn -0.8544 -0.2056 0.4772
vn -0.9154 0.3600 -0.1802
vn -0.3967 -0.0955 0.9130
vn -0.2421 -0.9676 -0.0722
vn -0.9601 -0.2312 -0.1573
vn -0.6096 0.7893 -0.0731
vn -0.6037 0.7933 -0.0790
vn -0.8769 0.4620 -0.1325
vn -0.5755 -0.1385 -0.8060
vn -0.5760 -0.1385 -0.8056
vn -0.6088 -0.7825 -0.1304
vn -0.3966 -0.0955 0.9130
vn -0.2353 -0.9688 -0.0780
vn -0.3518 -0.0847 -0.9322
vn -0.3517 -0.0847 -0.9323
vn -0.6350 -0.1528 -0.7573
vn -0.8410 -0.2023 -0.5018
vn -0.8401 -0.2019 -0.5034
vn -0.9674 -0.0534 -0.2477
vn -0.7833 -0.1021 -0.6132
vn -0.6396 -0.0834 -0.7642
vn -0.6199 -0.0996 -0.7783
vn -0.2100 -0.0337 -0.9771
vn -0.2054 -0.0580 -0.9770
vn -0.6054 -0.1708 -0.7773
vn -0.6166 -0.2200 -0.7559
vn -0.7409 -0.2644 -0.6173
vn -0.5867 -0.2335 -0.7754
vn -0.5898 -0.2808 -0.7572
vn -0.1986 -0.0790 -0.9769
vn -0.1659 -0.0654 -0.9840
vn -0.1652 -0.0657 -0.9841
vn -0.1712 -0.0447 -0.9842
vn -0.1669 -0.0471 -0.9848
vn -0.1699 -0.0230 -0.9852
vn -0.1655 -0.0266 -0.9859
vn -0.1661 -0.0048 -0.9861
vn -0.1651 -0.0062 -0.9863
vn -0.2118 -0.0079 -0.9773
vn 0.3762 0.0140 -0.9264
vn 0.3715 0.0108 -0.9284
vn 0.3631 0.0583 -0.9299
vn 0.3475 0.0471 -0.9365
vn 0.3318 0.0936 -0.9387
vn 0.3207 0.0837 -0.9435
vn 0.3055 0.1216 -0.9444
vn 0.3040 0.1199 -0.9451
vn 0.2886 0.1562 -0.9446
vn -0.1565 -0.0847 -0.9840
vn 0.2999 0.1565 -0.9411
vn 0.2801 0.1985 -0.9392
vn -0.1415 -0.1002 -0.9849
vn -0.1406 -0.0945 -0.9855
vn -0.1767 -0.1187 -0.9771
vn -0.5219 -0.3506 -0.7776
vn -0.5107 -0.4073 -0.7572
vn -0.4877 -0.4104 -0.7705
vn -0.4475 -0.4589 -0.7676
vn 0.2990 0.2009 -0.9329
vn -0.1622 -0.1366 -0.9773
vn -0.1622 -0.1367 -0.9772
vn -0.1267 -0.1068 -0.9862
vn -0.1262 -0.1103 -0.9859
vn 0.2752 0.2397 -0.9310
vn 0.2866 0.2407 -0.9273
vn -0.1553 -0.0810 -0.9845
vn -0.1893 -0.0988 -0.9769
vn -0.5582 -0.2912 -0.7769
vn -0.5577 -0.3425 -0.7561
vn -0.6679 -0.4101 -0.6211
vn -0.6791 -0.5416 -0.4955
vn -0.6802 -0.5429 -0.4925
vn -0.5510 -0.5650 -0.6142
vn -0.6111 -0.7519 -0.2472
vn -0.9913 0.0274 -0.1284
vn -0.4595 -0.3667 -0.8090
vn -0.8921 -0.3677 -0.2626
vn -0.8735 -0.4158 -0.2531
vn -0.8463 -0.4630 -0.2632
vn -0.8232 -0.5300 -0.2037
vn -0.9817 -0.0745 -0.1752
vn -0.6836 -0.5456 0.4847
vn -0.6832 -0.5448 0.4862
vn -0.2396 -0.9549 -0.1753
vn -0.1336 -0.9828 -0.1276
vn -0.4590 -0.3660 -0.8096
vn -0.2815 -0.2244 -0.9330
vn -0.8996 0.4302 -0.0755
vn -0.9028 0.4243 -0.0699
vn -0.3173 -0.2530 0.9139
vn -0.3173 -0.2529 0.9140
vn 0.2718 -0.9599 -0.0687
vn -0.7722 -0.6154 -0.1578
vn -0.2815 -0.2243 -0.9330
vn 0.2782 -0.9576 -0.0742
vn -0.6816 -0.7026 -0.2046
vn -0.6757 -0.7244 -0.1369
vn -0.6746 -0.7252 -0.1378
vn -0.6897 -0.7190 -0.0856
vn -0.6914 -0.7176 -0.0845
vn -0.6758 -0.7371 0.0032
vn -0.7816 -0.6238 0.0032
vn -0.8621 -0.5067 0.0032
vn -0.6583 -0.5255 0.5390
vn -0.2601 -0.9628 -0.0728
vn -0.2580 -0.9634 -0.0733
vn -0.6579 -0.5246 0.5403
vn -0.3232 -0.2577 0.9106
vn -0.9045 0.4246 -0.0392
vn -0.9042 0.4253 -0.0399
vn -0.9932 -0.0901 -0.0732
vn -0.9931 -0.0921 -0.0727
vn -0.8416 -0.5336 -0.0841
vn -0.8426 -0.5316 -0.0859
vn -0.8996 -0.4283 -0.0856
vn -0.3232 -0.2576 0.9106
vn -0.7789 -0.6208 -0.0892
vn -0.3049 -0.2430 -0.9209
vn -0.3049 -0.2431 -0.9208
vn -0.6113 -0.4874 -0.6234
vn -0.6118 -0.4883 -0.6224
vn -0.7742 -0.6179 -0.1373
vn -0.8484 -0.5113 -0.1370
vn 0.2718 -0.9616 -0.0387
vn 0.2725 -0.9613 -0.0393
vn -0.8938 -0.4254 -0.1421
vn -0.3396 -0.1616 -0.9266
vn -0.0082 -0.9976 -0.0682
vn -0.5377 -0.8343 -0.1217
vn -0.7936 -0.3777 0.4770
vn -0.7937 -0.3778 0.4767
vn -0.9880 0.0960 -0.1209
vn -0.9883 0.0939 -0.1204
vn -0.6897 -0.3283 -0.6454
vn -0.8473 -0.5137 -0.1349
vn -0.5394 -0.8333 -0.1211
vn -0.6896 -0.3282 -0.6456
vn -0.7936 0.6046 -0.0683
vn -0.7944 0.6037 -0.0673
vn -0.3859 -0.1837 0.9041
vn -0.3859 -0.1836 0.9041
vn -0.0094 -0.9977 -0.0673
vn -0.6807 -0.7109 -0.1771
vn -0.9288 -0.3098 -0.2033
vn -0.9314 -0.3373 -0.1368
vn -0.9308 -0.3397 -0.1347
vn -0.9427 -0.3231 -0.0839
vn -0.9432 -0.3210 -0.0857
vn -0.9354 -0.3536 0.0032
vn -0.9427 -0.3208 0.0918
vn -0.9421 -0.3229 0.0901
vn -0.7960 -0.3789 -0.4720
vn -0.8991 -0.4280 0.0917
vn -0.8466 -0.5132 0.1409
vn -0.3873 -0.1843 -0.9033
vn -0.7959 -0.3788 -0.4723
vn -0.5373 -0.8338 0.1270
vn -0.5391 -0.8327 0.1266
vn -0.6878 -0.3274 0.6479
vn -0.6879 -0.3275 0.6477
vn -0.9876 0.0939 0.1258
vn -0.9873 0.0959 0.1263
vn -0.7934 0.6045 0.0714
vn -0.3392 -0.1614 0.9268
vn -0.0082 -0.9974 0.0713
vn -0.0094 -0.9975 0.0703
vn -0.3873 -0.1843 -0.9034
vn -0.8930 -0.4250 0.1484
vn -0.8930 -0.4249 0.1484
vn -0.7942 0.6035 0.0704
vn -0.9301 -0.3394 0.1407
vn -0.9306 -0.3370 0.1427
vn -0.9265 -0.3037 0.2221
vn -0.6724 -0.7147 0.1927
vn -0.5945 -0.7917 0.1409
vn -0.2307 -0.9693 0.0848
vn -0.3538 -0.0851 0.9314
vn -0.3538 -0.0852 0.9314
vn -0.5995 0.7957 0.0858
vn -0.6095 0.7891 0.0761
vn -0.9591 -0.2309 0.1636
vn -0.3981 -0.0958 -0.9123
vn -0.2421 -0.9673 0.0751
vn -0.8570 -0.2062 -0.4723
vn -0.8566 -0.2059 -0.4732
vn -0.9623 -0.2313 0.1429
vn -0.9836 -0.1090 0.1437
vn -0.9883 -0.1221 0.0917
vn -0.9955 -0.0236 0.0918
vn -0.9881 -0.1239 0.0906
vn -0.6998 -0.7099 0.0794
vn -0.8256 -0.1987 -0.5281
vn -0.8252 -0.1983 -0.5289
vn -0.9332 0.3502 0.0808
vn -0.9339 0.3483 0.0803
vn -0.7628 -0.1833 0.6201
vn -0.6104 0.7908 0.0448
vn -0.2423 -0.9692 0.0443
vn -0.2431 -0.9690 0.0436
vn -0.4052 -0.0975 -0.9090
vn -0.4052 -0.0976 -0.9090
vn -0.6111 0.7903 0.0441
vn -0.9678 -0.2330 0.0955
vn -0.3804 -0.0916 0.9203
vn -0.7632 -0.1837 0.6195
vn -0.7012 -0.7085 0.0789
vn -0.9946 -0.1042 0.0032
vn -0.9723 -0.2337 0.0032
vn -0.8227 -0.1977 0.5330
vn -0.8231 -0.1981 0.5322
vn -0.4040 -0.0972 0.9096
vn -0.2431 -0.9692 -0.0406
vn -0.9684 -0.2332 -0.0889
vn -0.4039 -0.0972 0.9096
vn -0.6112 0.7904 -0.0410
vn -0.6105 0.7909 -0.0417
vn -0.9336 0.3504 -0.0753
vn -0.9343 0.3485 -0.0748
vn -0.9887 -0.1240 -0.0844
vn -0.3810 -0.0917 -0.9200
vn -0.7649 -0.1838 -0.6174
vn -0.7653 -0.1842 -0.6168
vn -0.3811 -0.0917 -0.9200
vn -0.2423 -0.9693 -0.0413
vn -0.7001 -0.7102 -0.0740
vn -0.7015 -0.7089 -0.0735
vn -0.7464 0.6419 -0.1754
vn -0.9566 0.2083 -0.2040
vn -0.9620 0.2360 -0.1372
vn -0.9842 0.1118 -0.1374
vn -0.4033 0.0460 0.9139
vn -0.8694 0.0992 0.4841
vn -0.8686 0.0987 0.4856
vn -0.9897 -0.0374 -0.1379
vn -0.9786 -0.0205 -0.2048
vn -0.9643 -0.0936 -0.2475
vn -0.8457 -0.5039 -0.1755
vn -0.4032 0.0461 0.9140
vn -0.3388 0.9400 -0.0393
vn -0.3381 0.9403 -0.0400
vn -0.7672 0.6372 -0.0734
vn -0.7779 0.0887 -0.6221
vn -0.7771 0.0883 -0.6231
vn -0.8658 -0.4950 -0.0729
vn -0.9961 -0.0255 -0.0846
vn -0.9898 -0.0385 -0.1370
vn -0.9845 -0.1101 -0.1368
vn -0.9709 -0.1245 -0.2044
vn -0.3875 0.0442 -0.9208
vn -0.8305 0.2956 -0.4721
vn -0.9381 0.3339 0.0918
vn -0.9716 0.2179 0.0921
vn -0.9676 0.2523 0.0032
vn -0.8364 0.0950 0.5399
vn -0.8647 -0.4969 -0.0735
vn -0.4886 -0.8716 -0.0394
vn -0.3874 0.0443 -0.9209
vn -0.9896 0.1131 -0.0893
vn -0.4893 -0.8713 -0.0387
vn -0.4106 0.0469 0.9106
vn -0.4107 0.0469 0.9105
vn -0.8372 0.0955 0.5385
vn -0.7660 0.6388 -0.0727
vn -0.9718 0.2202 -0.0842
vn -0.9617 0.2386 -0.1351
vn -0.9709 -0.2066 -0.1213
vn -0.7195 0.2561 -0.6456
vn -0.7196 0.2562 -0.6454
vn -0.1338 0.9887 -0.0674
vn -0.1326 0.9888 -0.0684
vn -0.3543 0.1261 -0.9266
vn -0.6316 0.7658 -0.1206
vn -0.6300 0.7671 -0.1211
vn -0.8282 0.2949 0.4766
vn -0.4027 0.1434 0.9040
vn -0.4026 0.1434 0.9041
vn -0.9325 0.3320 -0.1423
vn -0.7121 -0.6988 -0.0683
vn -0.9704 -0.2087 -0.1218
vn -0.7130 -0.6979 -0.0673
vn -0.8281 0.2947 0.4768
vn -0.9386 0.3341 -0.0856
vn -0.7660 0.2726 -0.5821
vn -0.7662 0.2728 -0.5819
vn -0.3738 0.1331 -0.9179
vn -0.1329 0.9911 0.0016
vn -0.9421 0.3354 0.0034
vn -0.7138 -0.7004 0.0016
vn -0.3730 0.1328 0.9183
vn -0.9736 -0.2284 0.0028
vn -0.9721 0.2180 -0.0860
vn -0.8435 0.5177 0.1430
vn -0.8973 0.4176 0.1429
vn -0.8943 0.4380 0.0919
vn -0.7639 0.2719 0.5853
vn -0.7640 0.2720 0.5851
vn -0.3731 0.1328 0.9183
vn -0.1330 0.9911 0.0016
vn -0.6206 0.7841 0.0028
vn -0.9111 0.4121 0.0032
vn -0.8935 0.4400 0.0902
vn -0.3335 0.2045 0.9203
vn 0.1289 0.9906 0.0448
vn -0.4109 0.9081 0.0809
vn -0.7233 0.4437 -0.5291
vn -0.7236 0.4441 -0.5283
vn -0.9968 -0.0063 0.0795
vn -0.9969 -0.0044 0.0790
vn -0.6688 0.4105 0.6198
vn -0.7726 0.6184 0.1439
vn -0.4128 0.9073 0.0804
vn -0.6685 0.4101 0.6204
vn -0.3335 0.2046 0.9203
vn -0.8571 -0.5132 0.0444
vn -0.8575 -0.5126 0.0437
vn -0.3553 0.2179 -0.9090
vn -0.3552 0.2179 -0.9090
vn 0.1281 0.9908 0.0441
vn -0.8485 0.5204 0.0957
vn -0.8486 0.5204 0.0957
vn -0.7720 0.6193 0.1430
vn -0.7250 0.6737 0.1432
vn -0.7257 0.6728 0.1441
vn 0.0458 0.9892 0.1391
vn -0.0641 0.9795 0.1910
vn -0.5458 0.6873 -0.4794
vn -0.6155 0.7750 0.1436
vn -0.4855 0.6113 0.6250
vn -0.4847 0.6109 0.6260
vn -0.2420 0.3050 0.9211
vn -0.2419 0.3050 0.9211
vn -0.6185 0.7799 0.0961
vn 0.4353 0.8965 0.0823
vn -0.2251 0.2837 0.9321
vn -0.9535 0.2332 0.1912
vn -0.5449 0.6869 -0.4809
vn -0.2533 0.3192 -0.9132
vn 0.4256 0.9020 0.0730
vn -0.6129 0.7729 0.1646
vn -0.2249 0.2836 0.9322
vn -0.9567 -0.2796 0.0810
vn -0.9832 0.1191 0.1382
vn -0.3472 0.4377 0.8294
vn -0.3479 0.4381 0.8288
vn -0.2531 0.3192 -0.9133
vn -0.9605 -0.2689 0.0719
vn -0.5455 0.5285 0.6505
vn -0.5261 0.6625 0.5332
vn -0.5249 0.6613 0.5359
vn -0.3657 0.8852 0.2877
vn -0.4111 0.8679 0.2788
vn -0.2672 0.5641 0.7813
vn -0.2771 0.5336 0.7991
vn -0.3262 0.5336 0.7803
vn -0.3337 0.4991 0.7997
vn -0.3879 0.4888 0.7814
vn -0.3913 0.4621 0.7958
vn -0.4424 0.4286 0.7877
vn -0.4430 0.4121 0.7962
vn -0.1417 0.1319 0.9811
vn -0.1255 0.1483 0.9809
vn -0.1303 0.1486 0.9803
vn -0.1114 0.1666 0.9797
vn -0.1193 0.1691 0.9783
vn -0.0967 0.1862 0.9777
vn -0.1017 0.1889 0.9767
vn -0.0769 0.1429 0.9867
vn -0.0935 0.1326 0.9868
vn 0.2485 -0.2833 0.9263
vn 0.2174 -0.3081 0.9262
vn 0.1788 -0.3320 0.9262
vn 0.1376 -0.3511 0.9262
vn -0.0592 0.1510 0.9868
vn -0.0785 0.2004 0.9766
vn -0.0788 0.1992 0.9768
vn -0.0406 0.1571 0.9867
vn -0.0533 0.2060 0.9771
vn -0.0557 0.1991 0.9784
vn -0.1619 0.5785 0.7995
vn -0.1447 0.6070 0.7814
vn -0.0938 0.5921 0.8004
vn -0.0783 0.6111 0.7877
vn -0.0213 0.6046 0.7962
vn -0.0092 0.6159 0.7878
vn -0.1949 0.8179 0.5413
vn -0.0971 0.7581 0.6449
vn -0.0068 0.1935 0.9811
vn -0.0215 0.1608 0.9868
vn -0.0269 0.2018 0.9791
vn -0.0309 0.1949 0.9803
vn -0.0053 0.1951 0.9808
vn -0.0044 0.1621 0.9868
vn 0.0108 0.1618 0.9868
vn 0.0506 0.6034 0.7958
vn 0.0162 0.1935 0.9810
vn 0.0131 0.1971 0.9803
vn 0.0278 0.1598 0.9868
vn 0.0944 -0.3651 0.9262
vn 0.0499 -0.3738 0.9262
vn 0.0499 -0.3737 0.9262
vn 0.0102 -0.3767 0.9263
vn -0.0250 -0.3760 0.9263
vn -0.0646 -0.3715 0.9262
vn -0.1087 -0.3611 0.9262
vn 0.0392 0.1964 0.9797
vn 0.0354 0.2039 0.9784
vn 0.0468 0.1554 0.9867
vn -0.1513 -0.3454 0.9262
vn -0.1917 -0.3247 0.9262
vn -0.2293 -0.2993 0.9262
vn 0.1473 0.6078 0.7803
vn 0.1821 0.5730 0.7991
vn 0.0635 0.1999 0.9778
vn 0.0619 0.2054 0.9767
vn 0.0651 0.1486 0.9868
vn 0.0825 0.1397 0.9867
vn 0.0987 0.1288 0.9868
vn 0.0854 0.1965 0.9768
vn 0.0864 0.1971 0.9766
vn 0.1082 0.1833 0.9771
vn 0.1016 0.1802 0.9784
vn 0.2952 0.5232 0.7995
vn 0.2698 0.5644 0.7802
vn 0.2403 0.5531 0.7977
vn 0.2107 0.5876 0.7813
vn 0.3241 0.9040 0.2787
vn 0.2745 0.9173 0.2883
vn 0.2043 0.9531 0.2231
vn 0.6483 0.7370 0.1909
vn 0.1239 0.1617 0.9790
vn 0.1162 0.1596 0.9803
vn 0.3529 0.4846 0.8004
vn 0.3276 0.5312 0.7814
vn 0.4407 0.7147 0.5431
vn 0.3283 0.6867 0.6486
vn 0.3684 0.8840 0.2877
vn 0.3240 0.9040 0.2788
vn 0.2570 0.7170 0.6480
vn -0.0267 0.9808 0.1933
vn 0.4431 0.8684 0.2225
vn 0.4220 0.8956 0.1409
vn 0.7667 0.6295 0.1260
vn 0.2571 0.7171 0.6478
vn -0.2045 0.9706 0.1270
vn -0.2065 0.9701 0.1275
vn 0.2975 0.8299 -0.4720
vn 0.2976 0.8300 -0.4718
vn 0.7679 0.6279 0.1265
vn 0.9889 0.1304 0.0713
vn 0.1268 0.3536 0.9268
vn -0.6971 0.7134 0.0717
vn -0.6963 0.7143 0.0707
vn 0.3338 0.9308 0.1488
vn 0.3360 0.9374 0.0919
vn 0.1448 0.4038 -0.9033
vn 0.9888 0.1316 0.0703
vn 0.4628 0.7502 -0.4723
vn 0.5196 0.8423 0.1431
vn 0.4196 0.8964 0.1430
vn 0.4400 0.8932 0.0920
vn 0.2736 0.7632 0.5853
vn -0.2265 0.9740 0.0028
vn 0.2744 0.7654 -0.5821
vn 0.2745 0.7655 -0.5819
vn 0.7856 0.6188 0.0028
vn 0.9914 0.1307 0.0016
vn 0.1336 0.3727 0.9183
vn 0.1337 0.3727 0.9183
vn -0.6989 0.7153 0.0016
vn -0.6989 0.7152 0.0016
vn 0.1339 0.3735 -0.9179
vn 0.3375 0.9413 0.0034
vn 0.3362 0.9379 -0.0857
vn 0.4403 0.8937 -0.0858
vn 0.4423 0.8929 -0.0840
vn 0.4142 0.9102 0.0032
vn 0.5250 0.8511 0.0032
vn 0.4458 0.7226 -0.5283
vn 0.4453 0.7223 -0.5291
vn 0.2187 0.3548 -0.9090
vn 0.2186 0.3547 -0.9090
vn 0.5223 0.8474 0.0957
vn 0.9906 -0.1298 0.0440
vn 0.9904 -0.1306 0.0447
vn 0.9087 0.4095 0.0809
vn 0.9079 0.4114 0.0804
vn 0.6149 0.7834 0.0907
vn 0.6209 0.7708 0.1431
vn 0.6199 0.7713 0.1439
vn 0.5959 0.7713 0.2236
vn 0.9038 0.3803 0.1961
vn 0.6477 0.7121 0.2708
vn 0.1221 0.1067 0.9868
vn 0.1487 0.1299 0.9803
vn 0.1484 0.1252 0.9810
vn 0.4629 0.3904 0.7958
vn 0.4294 0.4417 0.7877
vn 0.5294 0.5446 0.6505
vn 0.6105 0.7444 0.2706
vn 0.6791 0.6991 0.2240
vn 0.6750 0.7238 0.1433
vn 0.6741 0.7245 0.1441
vn 0.9009 -0.4280 0.0725
vn 0.3198 0.2526 -0.9132
vn 0.6879 0.5435 -0.4810
vn 0.2340 0.9532 0.1913
vn 0.1199 0.9831 0.1384
vn 0.4384 0.3463 0.8294
vn 0.4388 0.3471 0.8288
vn 0.6636 0.5248 0.5330
vn 0.6625 0.5236 0.5357
vn 0.4896 0.3870 0.7814
vn 0.9797 0.0614 0.1906
vn 0.9891 -0.0485 0.1387
vn 0.8954 -0.4377 0.0818
vn 0.2841 0.2245 0.9321
vn 0.2841 0.2243 0.9322
vn -0.2784 0.9570 0.0813
vn -0.2677 0.9608 0.0722
vn 0.3197 0.2525 -0.9133
vn 0.7741 0.6113 0.1645
vn 0.1890 0.1013 0.9767
vn 0.1863 0.0962 0.9778
vn 0.5343 0.2758 0.7990
vn 0.5344 0.3250 0.7802
vn 0.6479 0.3941 0.6519
vn 0.8433 0.4536 0.2881
vn 0.8191 0.5286 0.2230
vn 0.8488 0.5096 0.1412
vn 0.8498 0.5072 0.1432
vn 0.8444 0.5277 0.0922
vn 0.5426 0.8304 0.1269
vn 0.6891 0.3245 0.6479
vn 0.3399 0.1600 0.9268
vn 0.5408 0.8314 0.1274
vn 0.0126 0.9973 0.0717
vn 0.3398 0.1600 0.9268
vn 0.8947 0.4212 0.1487
vn 0.7916 -0.6070 0.0701
vn 0.7908 -0.6080 0.0711
vn 0.9869 -0.1001 0.1263
vn 0.9872 -0.0981 0.1258
vn 0.6892 0.3246 0.6478
vn 0.8689 0.4092 0.2786
vn 0.8689 0.4091 0.2786
vn 0.5648 0.2659 0.7812
vn 0.0138 0.9974 0.0708
vn 0.8860 0.3637 0.2875
vn 0.9445 0.3170 -0.0858
vn 0.9369 0.3497 0.0032
vn 0.9440 0.3168 0.0919
vn 0.9435 0.3189 0.0902
vn 0.9315 0.3354 0.1408
vn 0.9320 0.3330 0.1429
vn 0.9277 0.2998 0.2223
vn 0.6754 0.7117 0.1932
vn 0.5979 0.7890 0.1414
vn 0.9633 0.2272 0.1430
vn 0.9687 0.2289 0.0956
vn 0.2473 0.9679 0.0439
vn 0.2466 0.9681 0.0446
vn 0.7029 0.7069 0.0796
vn 0.7043 0.7055 0.0791
vn 0.7639 0.1804 0.6196
vn 0.7635 0.1800 0.6202
vn 0.9325 -0.3521 0.0803
vn 0.9887 0.1196 0.0907
vn 0.9950 0.0999 0.0032
vn 0.3808 0.0899 0.9203
vn 0.6071 -0.7934 0.0446
vn 0.3807 0.0899 0.9203
vn 0.6078 -0.7929 0.0440
vn 0.4055 0.0958 -0.9091
vn 0.4056 0.0958 -0.9090
vn 0.8264 0.1951 -0.5282
vn 0.9893 0.1179 -0.0855
vn 0.9899 0.0331 -0.1379
vn 0.9900 0.0342 -0.1371
vn 0.9849 0.1059 -0.1369
vn 0.9849 0.1048 -0.1378
vn 0.9641 0.2274 -0.1370
vn 0.9328 0.3333 -0.1369
vn 0.9323 0.3357 -0.1348
vn 0.9879 -0.0982 -0.1204
vn 0.9876 -0.1002 -0.1209
vn 0.9440 0.3190 -0.0840
vn 0.8549 0.2016 0.4781
vn 0.8553 0.2019 0.4771
vn 0.2396 0.9677 -0.0787
vn 0.6122 0.7798 -0.1309
vn 0.6837 0.7078 -0.1776
vn 0.9301 0.3059 -0.2035
vn 0.8409 0.1983 -0.5035
vn 0.5765 0.1359 -0.8057
vn 0.5760 0.1360 -0.8061
vn 0.3521 0.0831 -0.9323
vn 0.3520 0.0832 -0.9323
vn 0.9611 0.2271 -0.1575
vn 0.6064 -0.7919 -0.0727
vn 0.3970 0.0938 0.9130
vn 0.3970 0.0937 0.9130
vn 0.2464 0.9664 -0.0728
vn 0.6004 -0.7958 -0.0785
vn 0.8751 -0.4655 -0.1323
vn 0.9139 -0.3638 -0.1800
vn 0.9714 0.1203 -0.2045
vn 0.6355 0.1500 -0.7574
vn 0.6060 0.1682 -0.7774
vn 0.6174 0.2173 -0.7560
vn 0.5876 0.2309 -0.7755
vn 0.5909 0.2782 -0.7573
vn 0.5593 0.2888 -0.7770
vn 0.1898 0.0980 -0.9769
vn 0.1772 0.1180 -0.9771
vn 0.1989 0.0782 -0.9769
vn 0.1655 0.0650 -0.9841
vn 0.1419 0.0997 -0.9849
vn 0.1557 0.0804 -0.9845
vn 0.1569 0.0841 -0.9840
vn 0.1663 0.0648 -0.9840
vn -0.3044 -0.1186 -0.9451
vn -0.3058 -0.1201 -0.9445
vn -0.3208 -0.0822 -0.9436
vn -0.3318 -0.0921 -0.9388
vn -0.3473 -0.0456 -0.9367
vn -0.3629 -0.0567 -0.9301
vn -0.2569 -0.2752 -0.9264
vn -0.2869 -0.2420 -0.9269
vn -0.2752 -0.2403 -0.9309
vn -0.2999 -0.1996 -0.9328
vn -0.2810 -0.1973 -0.9392
vn -0.3005 -0.1551 -0.9411
vn -0.2892 -0.1549 -0.9446
vn -0.2162 -0.2969 -0.9301
vn 0.1043 0.1361 -0.9852
vn -0.2130 -0.2780 -0.9367
vn -0.1692 -0.2999 -0.9389
vn 0.1048 0.1858 -0.9770
vn 0.0853 0.1511 -0.9848
vn 0.0900 0.1524 -0.9842
vn -0.1683 -0.2851 -0.9436
vn -0.1309 -0.3013 -0.9445
vn 0.0852 0.1960 -0.9769
vn 0.2516 0.5790 -0.7756
vn 0.2822 0.5905 -0.7561
vn 0.3090 0.5477 -0.7775
vn 0.1252 0.1719 -0.9771
vn 0.0987 0.1356 -0.9858
vn 0.1145 0.1205 -0.9861
vn -0.2557 -0.2693 -0.9285
vn 0.0647 0.2035 -0.9769
vn 0.0531 0.1670 -0.9845
vn 0.0513 0.1705 -0.9840
vn 0.0297 0.1709 -0.9848
vn 0.0132 -0.3762 -0.9264
vn -0.0314 -0.3738 -0.9270
vn -0.0242 -0.3643 -0.9310
vn -0.0705 -0.3530 -0.9330
vn -0.0588 -0.3381 -0.9393
vn -0.1024 -0.3221 -0.9411
vn -0.0946 -0.3140 -0.9447
vn -0.1311 -0.2991 -0.9452
vn 0.0716 0.1635 -0.9839
vn 0.0709 0.1631 -0.9841
vn 0.0111 0.1673 -0.9858
vn 0.0139 0.1650 -0.9862
vn 0.0177 0.2114 -0.9772
vn 0.0530 0.6317 -0.7734
vn 0.0753 0.6486 -0.7574
vn 0.1231 0.6164 -0.7778
vn 0.1541 0.6359 -0.7562
vn 0.0417 0.2088 -0.9771
vn 0.0332 0.1662 -0.9855
vn 0.1906 0.5998 -0.7771
vn 0.2204 0.6147 -0.7573
vn 0.3265 0.9106 -0.2535
vn 0.2739 0.9249 -0.2637
vn 0.1846 0.7615 -0.6213
vn 0.0998 0.8628 -0.4956
vn 0.1003 0.8643 -0.4928
vn -0.0915 0.9645 -0.2479
vn -0.0184 0.9786 -0.2051
vn -0.5024 0.8466 -0.1759
vn 0.0470 0.4032 0.9139
vn 0.0676 0.5839 -0.8090
vn 0.0678 0.5831 -0.8096
vn -0.5973 0.7917 -0.1283
vn -0.8721 0.4835 -0.0748
vn -0.8692 0.4896 -0.0692
vn 0.1142 0.9808 -0.1583
vn 0.9394 0.3356 -0.0700
vn 0.0469 0.4033 0.9139
vn 0.1010 0.8693 0.4838
vn 0.2406 0.9611 -0.1353
vn 0.2381 0.9615 -0.1374
vn 0.2103 0.9561 -0.2042
vn 0.6437 0.7449 -0.1754
vn 0.7223 0.6795 -0.1287
vn 0.9412 0.3292 -0.0756
vn 0.0416 0.3576 -0.9330
vn 0.0416 0.3575 -0.9330
vn 0.1139 0.9839 -0.1376
vn 0.7923 0.6087 -0.0417
vn 0.3526 0.9327 -0.0754
vn 0.3506 0.9335 -0.0749
vn -0.1218 0.9890 -0.0845
vn -0.1200 0.9891 -0.0856
vn -0.0214 0.9961 -0.0857
vn -0.0233 0.9961 -0.0847
vn -0.4935 0.8667 -0.0731
vn 0.0899 0.7769 -0.6231
vn 0.0904 0.7777 -0.6221
vn -0.4953 0.8656 -0.0736
vn 0.0968 0.8362 0.5398
vn 0.1150 0.9934 0.0032
vn 0.6406 0.7644 -0.0727
vn 0.0973 0.8370 0.5384
vn 0.0477 0.4107 0.9105
vn 0.6390 0.7657 -0.0735
vn 0.9411 0.3359 -0.0399
vn 0.9408 0.3366 -0.0393
vn 0.1152 0.9893 -0.0894
vn 0.0478 0.4106 0.9106
vn -0.8704 0.4908 -0.0389
vn -0.8707 0.4901 -0.0395
vn 0.0451 0.3873 -0.9209
vn 0.0450 0.3874 -0.9208
vn 0.6403 0.7642 0.0781
vn 0.1138 0.9831 0.1436
vn 0.2379 0.9607 0.1434
vn 0.2404 0.9603 0.1413
vn 0.2221 0.9708 0.0905
vn 0.2200 0.9711 0.0922
vn 0.2544 0.9671 0.0032
vn 0.2201 0.9717 -0.0860
vn 0.2223 0.9713 -0.0843
vn 0.1013 0.8720 -0.4789
vn 0.1008 0.8712 -0.4805
vn -0.5090 0.8393 0.1913
vn -0.0150 0.9745 0.2241
vn -0.0351 0.9889 0.1442
vn -0.0363 0.9890 0.1433
vn -0.0233 0.9956 0.0909
vn -0.0214 0.9955 0.0920
vn -0.0431 0.9991 0.0032
vn -0.1019 0.9948 0.0032
vn -0.1199 0.9885 0.0918
vn -0.1217 0.9884 0.0908
vn 0.3504 0.9331 0.0804
vn -0.1078 0.9838 0.1431
vn -0.1067 0.9838 0.1440
vn -0.2292 0.9628 0.1432
vn -0.1817 0.7631 0.6203
vn -0.1820 0.7635 0.6196
vn -0.0907 0.3806 0.9203
vn -0.9687 0.2443 0.0445
vn -0.9685 0.2450 0.0438
vn -0.0966 0.4054 -0.9090
vn -0.2309 0.9682 0.0957
vn -0.0967 0.4054 -0.9090
vn 0.7917 0.6093 0.0441
vn -0.0908 0.3805 0.9203
vn 0.7922 0.6086 0.0448
vn 0.3524 0.9323 0.0809
vn -0.1966 0.8256 -0.5290
vn -0.1969 0.8260 -0.5282
vn -0.7085 0.7012 0.0796
vn -0.7072 0.7026 0.0791
vn -0.2316 0.9728 0.0032
vn -0.1960 0.8231 0.5331
vn -0.1963 0.8235 0.5323
vn -0.0963 0.4042 0.9096
vn -0.9687 0.2451 -0.0407
vn -0.2311 0.9688 -0.0891
vn 0.7918 0.6093 -0.0410
vn -0.0964 0.4041 0.9096
vn -0.3212 0.9433 -0.0840
vn -0.7075 0.7029 -0.0736
vn -0.7088 0.7015 -0.0742
vn -0.9688 0.2443 -0.0414
vn -0.0909 0.3812 -0.9200
vn -0.0909 0.3811 -0.9200
vn -0.1822 0.7651 -0.6176
vn -0.1825 0.7656 -0.6169
vn 0.1005 0.8685 0.4854
vn -0.0352 0.9898 -0.1381
vn -0.0363 0.9899 -0.1373
vn -0.1079 0.9847 -0.1371
vn -0.1068 0.9847 -0.1379
vn -0.2294 0.9636 -0.1371
vn -0.3354 0.9321 -0.1370
vn -0.3378 0.9315 -0.1349
vn -0.1003 0.7833 -0.6135
vn -0.0512 0.9674 -0.2481
vn -0.1224 0.9711 -0.2047
vn 0.3621 0.9145 -0.1804
vn -0.2035 0.8545 0.4779
vn -0.2038 0.8549 0.4770
vn -0.7095 0.6820 -0.1775
vn -0.7813 0.6103 -0.1308
vn -0.1372 0.5761 -0.8058
vn -0.1372 0.5756 -0.8061
vn -0.9683 0.2374 -0.0784
vn -0.0839 0.3519 -0.9323
vn 0.4640 0.8759 -0.1326
vn 0.7947 0.6019 -0.0790
vn 0.7907 0.6078 -0.0731
vn -0.2291 0.9605 -0.1577
vn -0.9670 0.2442 -0.0725
vn -0.0946 0.3969 0.9130
vn -0.0947 0.3968 0.9130
vn -0.2187 0.6168 -0.7561
vn -0.1695 0.6056 -0.7775
vn -0.1514 0.6351 -0.7574
vn -0.2005 0.8413 -0.5021
vn -0.2001 0.8404 -0.5037
vn -0.2628 0.7412 -0.6177
vn -0.3659 0.8927 -0.2631
vn -0.3079 0.9294 -0.2036
vn -0.4141 0.8742 -0.2536
vn -0.2796 0.5902 -0.7573
vn -0.2322 0.5870 -0.7756
vn -0.0786 0.1987 -0.9769
vn -0.0575 0.2055 -0.9770
vn -0.0333 0.2100 -0.9771
vn -0.0982 0.6199 -0.7785
vn -0.0819 0.6396 -0.7644
vn -0.0118 0.7849 -0.6196
vn -0.0097 0.6446 -0.7644
vn -0.0223 0.6330 -0.7738
vn -0.0075 0.2118 -0.9773
vn -0.0058 0.1651 -0.9863
vn -0.0045 0.1661 -0.9861
vn -0.0262 0.1656 -0.9858
vn -0.0227 0.1699 -0.9852
vn -0.0467 0.1670 -0.9848
vn -0.0443 0.1713 -0.9842
vn -0.0654 0.1654 -0.9841
vn -0.0651 0.1662 -0.9839
vn -0.0808 0.1556 -0.9845
vn -0.0844 0.1568 -0.9840
vn 0.1554 -0.2887 -0.9447
vn 0.1192 -0.3040 -0.9452
vn 0.1209 -0.3056 -0.9445
vn 0.0830 -0.3207 -0.9435
vn 0.0929 -0.3318 -0.9388
vn 0.0464 -0.3475 -0.9365
vn 0.0575 -0.3631 -0.9300
vn 0.0100 -0.3714 -0.9284
vn 0.1557 -0.2998 -0.9412
vn 0.1976 -0.2801 -0.9394
vn -0.1000 0.1418 -0.9848
vn -0.0942 0.1409 -0.9855
vn -0.1184 0.1770 -0.9771
vn -0.3494 0.5225 -0.7778
vn -0.4059 0.5115 -0.7574
vn -0.4097 0.4838 -0.7734
vn -0.1371 0.1619 -0.9772
vn -0.1070 0.1264 -0.9862
vn -0.1106 0.1261 -0.9858
vn 0.2406 -0.2743 -0.9311
vn 0.1999 -0.2989 -0.9331
vn 0.2423 -0.2862 -0.9270
vn 0.2756 -0.2564 -0.9265
vn -0.4638 0.4315 -0.7738
vn -0.4631 0.4486 -0.7644
vn -0.5638 0.5462 -0.6196
vn -0.5410 0.6812 -0.4932
vn -0.5398 0.6801 -0.4961
vn -0.4087 0.6685 -0.6213
vn -0.3413 0.5583 -0.7562
vn -0.2901 0.5586 -0.7771
vn -0.0984 0.1895 -0.9769
vn -0.4613 0.8472 -0.2637
vn -0.9822 0.1371 -0.1281
vn -0.3648 0.4599 -0.8096
vn -0.3656 0.4603 -0.8090
vn -0.9976 0.0117 -0.0675
vn -0.9976 0.0105 -0.0684
vn -0.8331 0.5395 -0.1219
vn -0.8320 0.5413 -0.1214
vn -0.5119 0.8483 -0.1352
vn -0.5283 0.8242 -0.2041
vn -0.0730 0.9818 -0.1755
vn 0.0289 0.9912 -0.1288
vn 0.4315 0.8989 -0.0758
vn -0.2237 0.2820 -0.9330
vn -0.5441 0.6852 0.4842
vn -0.7727 0.6198 -0.1370
vn -0.7256 0.6743 -0.1372
vn -0.7263 0.6734 -0.1380
vn -0.6160 0.7756 -0.1376
vn -0.5096 0.8494 -0.1373
vn -0.5299 0.8437 -0.0860
vn -0.4265 0.9004 -0.0857
vn -0.3482 0.7349 -0.5819
vn 0.1168 0.9932 0.0028
vn 0.6077 0.7942 0.0016
vn -0.1698 0.3586 -0.9179
vn -0.3480 0.7348 -0.5822
vn -0.3470 0.7327 0.5854
vn -0.1695 0.3579 0.9183
vn -0.4280 0.9038 0.0034
vn -0.9999 0.0106 0.0016
vn -0.8494 0.5278 0.0028
vn -0.3955 0.6469 0.6520
vn -0.4555 0.8423 0.2883
vn -0.5304 0.8179 0.2231
vn -0.5115 0.8476 0.1412
vn -0.5092 0.8487 0.1433
vn -0.5297 0.8432 0.0922
vn -0.5316 0.8422 0.0905
vn -0.5049 0.8632 0.0032
vn -0.5319 0.8426 -0.0842
vn 0.0959 0.9874 0.1261
vn 0.0979 0.9871 0.1265
vn 0.6061 0.7921 0.0714
vn 0.6052 0.7929 0.0705
vn -0.1836 0.3877 -0.9033
vn -0.3773 0.7967 -0.4721
vn -0.3775 0.7968 -0.4718
vn -0.4263 0.8999 0.0919
vn -0.3472 0.7328 0.5852
vn -0.4112 0.8679 0.2787
vn -0.3261 0.6885 0.6478
vn -0.3260 0.6883 0.6480
vn -0.1608 0.3395 0.9268
vn -0.4232 0.8937 0.1488
vn -0.9974 0.0118 0.0706
vn -0.9974 0.0106 0.0715
vn -0.8325 0.5391 0.1273
vn -0.8315 0.5409 0.1269
vn -0.0950 0.3983 -0.9123
vn -0.0950 0.3984 -0.9123
vn -0.9668 0.2441 0.0755
vn -0.9688 0.2327 0.0852
vn -0.7904 0.5960 0.1413
vn -0.7133 0.6738 0.1932
vn -0.3018 0.9270 0.2225
vn -0.3351 0.9313 0.1430
vn -0.3376 0.9307 0.1410
vn -0.3210 0.9428 0.0902
vn -0.2289 0.9595 0.1640
vn -0.2219 0.5608 0.7977
vn -0.2090 0.5896 0.7802
vn -0.2544 0.7174 0.6485
vn -0.1945 0.8170 0.5428
vn -0.1306 0.5484 0.8260
vn -0.1306 0.5479 0.8263
vn -0.0844 0.3540 0.9315
vn -0.0844 0.3539 0.9315
vn 0.7905 0.6077 0.0761
vn 0.4792 0.8660 0.1432
vn 0.7971 0.5977 0.0858
vn -0.2044 0.8575 -0.4721
vn -0.2041 0.8571 -0.4730
vn 0.3696 0.9083 0.1962
vn -0.1250 0.9666 0.2236
vn -0.0464 0.9615 0.2709
vn -0.0955 0.9579 0.2707
vn -0.0114 0.7594 0.6505
vn 0.0976 0.8406 0.5328
vn 0.0719 0.6198 0.7814
vn 0.1175 0.5887 0.7997
vn 0.0470 0.4048 -0.9132
vn 0.0471 0.4047 -0.9132
vn -0.8690 0.4895 0.0720
vn 0.1141 0.9797 0.1646
vn 0.0419 0.3596 0.9322
vn 0.0418 0.3597 0.9321
vn 0.0645 0.5549 0.8294
vn 0.0643 0.5557 0.8289
vn 0.0971 0.8390 0.5355
vn 0.1786 0.7369 0.6520
vn 0.7328 0.6661 0.1389
vn 0.9422 0.3248 0.0821
vn 0.9392 0.3356 0.0728
vn -0.6107 0.7797 0.1384
vn -0.8739 0.4793 0.0812
vn -0.1706 0.0510 -0.9840
vn -0.1671 0.0527 -0.9845
vn -0.1710 0.0293 -0.9848
vn -0.1663 0.0328 -0.9855
vn -0.1673 0.0108 -0.9858
vn -0.1651 0.0135 -0.9862
vn -0.2114 0.0173 -0.9772
vn -0.6319 0.0517 -0.7733
vn -0.6489 0.0739 -0.7573
vn -0.2037 0.0642 -0.9769
vn -0.2089 0.0412 -0.9771
vn -0.6167 0.1218 -0.7777
vn -0.6363 0.1528 -0.7561
vn -0.6003 0.1893 -0.7770
vn -0.6153 0.2190 -0.7573
vn -0.6331 -0.0237 -0.7737
vn -0.6448 -0.0111 -0.7643
vn -0.7849 -0.0135 -0.6194
vn -0.8647 0.0985 -0.4925
vn -0.8631 0.0980 -0.4954
vn -0.7620 0.1830 -0.6212
vn -0.9256 0.2719 -0.2635
vn -0.9114 0.3244 -0.2533
vn -0.9114 0.3244 -0.2534
vn -0.8904 0.3715 -0.2629
vn -0.7056 0.6783 -0.2050
vn -0.7473 0.6166 -0.2478
vn -0.7209 0.6471 -0.2480
vn -0.6254 0.4823 -0.6134
vn -0.7370 0.4524 -0.5021
vn -0.7363 0.4518 -0.5038
vn -0.7104 0.3376 -0.6175
vn -0.5912 0.2809 -0.7560
vn -0.5797 0.2502 -0.7755
vn -0.1962 0.0847 -0.9769
vn -0.1861 0.1044 -0.9770
vn -0.5106 0.3938 -0.7643
vn -0.5082 0.3684 -0.7784
vn -0.5566 0.3415 -0.7574
vn -0.5485 0.3078 -0.7774
vn -0.1722 0.1248 -0.9771
vn -0.1357 0.0984 -0.9859
vn -0.1363 0.1039 -0.9852
vn -0.1512 0.0848 -0.9849
vn -0.1526 0.0896 -0.9842
vn 0.3018 -0.1303 -0.9444
vn 0.2858 -0.1679 -0.9435
vn 0.3008 -0.1687 -0.9387
vn 0.2789 -0.2128 -0.9364
vn 0.2978 -0.2159 -0.9299
vn 0.2701 -0.2554 -0.9284
vn -0.1207 0.1141 -0.9861
vn -0.1210 0.1125 -0.9863
vn -0.1552 0.1444 -0.9773
vn -0.1633 0.0705 -0.9841
vn -0.1636 0.0713 -0.9840
vn 0.2995 -0.1304 -0.9452
vn 0.3142 -0.0939 -0.9447
vn 0.3222 -0.1016 -0.9412
vn 0.3380 -0.0580 -0.9394
vn 0.3529 -0.0697 -0.9331
vn 0.3641 -0.0234 -0.9311
vn 0.3738 -0.0306 -0.9270
vn -0.8384 -0.5105 0.1909
vn -0.8712 0.0990 -0.4808
vn -0.8721 0.0995 -0.4792
vn -0.7386 0.6466 0.1908
vn -0.6678 0.7312 0.1390
vn -0.5559 0.0631 0.8288
vn -0.5551 0.0633 0.8294
vn -0.7787 -0.6121 0.1380
vn -0.4777 -0.8748 0.0808
vn -0.4880 -0.8699 0.0716
vn -0.9800 0.1120 0.1643
vn -0.3270 0.9414 0.0823
vn -0.3598 0.0410 0.9321
vn -0.3597 0.0411 0.9322
vn -0.3377 0.9384 0.0730
vn -0.4048 0.0462 -0.9132
vn -0.4047 0.0463 -0.9133
vn 0.3457 -0.1506 0.9262
vn 0.3767 0.0110 0.9263
vn 0.3761 -0.0242 0.9263
vn 0.3716 -0.0638 0.9262
vn 0.3613 -0.1080 0.9262
vn -0.1487 0.0648 0.9868
vn 0.3736 0.0507 0.9262
vn -0.1555 0.0465 0.9867
vn -0.1599 0.0274 0.9868
vn -0.1618 0.0104 0.9868
vn -0.1621 -0.0047 0.9868
vn -0.1608 -0.0218 0.9868
vn 0.3649 0.0952 0.9262
vn -0.1951 -0.0057 0.9808
vn -0.7581 -0.0988 0.6446
vn -0.6111 -0.0797 0.7875
vn -0.6047 -0.0226 0.7961
vn -0.1935 -0.0072 0.9811
vn -0.1936 0.0158 0.9810
vn -0.1972 0.0127 0.9803
vn -0.1965 0.0388 0.9797
vn -0.2040 0.0350 0.9784
vn -0.2001 0.0631 0.9778
vn -0.2055 0.0614 0.9767
vn -0.4879 0.3763 0.7876
vn -0.4854 0.3519 0.8003
vn -0.5320 0.3264 0.7813
vn -0.5239 0.2940 0.7994
vn -0.5651 0.2685 0.7801
vn -0.5537 0.2391 0.7976
vn -0.5881 0.2094 0.7812
vn -0.5735 0.1808 0.7990
vn -0.6082 0.1460 0.7802
vn -0.5891 0.1163 0.7997
vn -0.1803 0.1011 0.9784
vn -0.1618 0.1234 0.9791
vn -0.1597 0.1158 0.9803
vn -0.1418 0.1341 0.9808
vn -0.1069 0.1219 0.9868
vn -0.1178 0.1114 0.9868
vn -0.1290 0.0984 0.9868
vn -0.1399 0.0822 0.9867
vn -0.1834 0.1077 0.9771
vn -0.1966 0.0849 0.9768
vn -0.1973 0.0859 0.9766
vn 0.3251 -0.1910 0.9262
vn 0.2998 -0.2287 0.9262
vn 0.2738 -0.2589 0.9263
vn 0.9851 0.0672 -0.1583
vn 0.9615 0.2475 -0.1198
vn 0.9609 0.2519 -0.1151
vn 0.8482 0.5278 0.0445
vn 0.8480 0.5280 0.0452
vn 0.6596 0.6974 0.2802
vn 0.6639 0.6885 0.2918
vn 0.7264 0.6610 0.1884
vn 0.7289 0.6531 0.2053
vn 0.7678 0.6033 -0.2154
vn 0.7689 0.6009 -0.2184
vn 0.5228 0.5688 -0.6350
vn 0.5531 0.5387 -0.6356
vn 0.3998 -0.8138 -0.4218
vn 0.4051 -0.7888 -0.4623
vn 0.6296 -0.7767 -0.0195
vn 0.6281 -0.7779 -0.0159
vn 0.5954 -0.7043 0.3866
vn 0.5790 -0.7116 0.3980
vn 0.4974 -0.6885 0.5277
vn 0.4666 -0.7109 0.5262
vn 0.3147 -0.5390 0.7813
vn 0.3124 -0.5385 0.7826
vn 0.2007 -0.2606 0.9444
vn 0.2046 -0.2517 0.9459
vn 0.1829 -0.1065 0.9773
vn 0.1686 -0.1297 0.9771
vn 0.9844 0.0536 -0.1675
vn 0.4675 -0.8798 -0.0865
vn 0.5946 -0.7291 -0.3389
vn 0.8688 0.0000 -0.4952
vn 0.5946 0.7291 -0.3389
vn 0.3422 0.7227 0.6005
vn 0.4952 0.0000 0.8688
vn 0.3422 -0.7227 0.6005
vn 0.6778 -0.7261 0.1156
vn 0.9858 0.0000 0.1682
vn 0.6778 0.7261 0.1156
vn 0.4675 0.8798 -0.0865
vn 0.9844 -0.0536 -0.1675
vn 0.3147 0.5390 0.7813
vn 0.3124 0.5385 0.7826
vn 0.2007 0.2606 0.9444
vn 0.2046 0.2517 0.9459
vn 0.1829 0.1065 0.9773
vn 0.1686 0.1297 0.9771
vn 0.0855 0.8754 0.4758
vn -0.1163 0.7222 0.6818
vn -0.1682 0.0000 0.9858
vn -0.1163 -0.7222 0.6818
vn 0.0855 -0.8754 0.4758
vn -0.7531 -0.6221 0.2141
vn -0.5244 -0.5626 0.6391
vn -0.5067 -0.5772 0.6404
vn -0.7123 -0.6741 -0.1958
vn -0.7523 -0.6253 0.2075
vn -0.6088 0.7933 0.0026
vn -0.6101 0.7923 0.0098
vn -0.3768 0.8080 0.4529
vn -0.3765 0.8207 0.4298
vn -0.3325 0.5281 -0.7814
vn -0.4888 0.6973 -0.5242
vn -0.4934 0.6941 -0.5242
vn -0.5751 0.7174 -0.3932
vn -0.5714 0.7183 -0.3970
vn -0.0786 -0.8798 -0.4688
vn -0.1793 0.0678 -0.9815
vn -0.1857 0.0528 -0.9812
vn -0.2171 0.2529 -0.9428
vn -0.2183 0.2469 -0.9441
vn -0.3319 0.5278 -0.7819
vn -0.8418 -0.5391 -0.0285
vn -0.6521 -0.7120 -0.2603
vn -0.6610 -0.6957 -0.2813
vn -0.7122 -0.6737 -0.1970
vn -0.9858 -0.0000 -0.1682
vn -0.6813 -0.7227 -0.1162
vn -0.4764 -0.8754 0.0824
vn -0.9784 -0.1080 0.1763
vn -0.9790 -0.1287 0.1579
vn -0.9571 -0.2593 0.1296
vn -0.9574 -0.2535 0.1381
vn -0.8422 -0.5385 -0.0259
vn -0.6009 -0.7222 0.3425
vn -0.8688 0.0000 0.4952
vn -0.6009 0.7222 0.3425
vn -0.4764 0.8754 0.0824
vn -0.6813 0.7227 -0.1162
vn -0.3405 0.7261 -0.5974
vn -0.4952 0.0000 -0.8688
vn -0.3405 -0.7261 -0.5974
vn 0.1151 -0.7291 -0.6747
vn 0.1682 -0.0000 -0.9858
vn 0.1151 0.7291 -0.6747
vn -0.0786 0.8798 -0.4688
vn -0.1793 -0.0678 -0.9815
vn -0.1857 -0.0528 -0.9812
vn -0.2171 -0.2529 -0.9428
vn -0.2183 -0.2469 -0.9441
vn -0.3319 -0.5278 -0.7819
vn -0.9784 0.1080 0.1763
vn -0.9790 0.1287 0.1579
vn -0.9571 0.2593 0.1296
vn -0.9574 0.2535 0.1381
vn -0.8422 0.5385 -0.0259
vn -0.8418 0.5390 -0.0285
vn -0.6521 0.7120 -0.2603
vn -0.6610 0.6957 -0.2813
vn -0.7122 0.6737 -0.1970
vn -0.7123 0.6741 -0.1958
vn -0.7523 0.6253 0.2075
vn -0.6088 -0.7933 0.0026
vn -0.6101 -0.7923 0.0098
vn -0.3768 -0.8080 0.4529
vn -0.3765 -0.8207 0.4298
vn -0.7531 0.6221 0.2141
vn -0.5244 0.5626 0.6391
vn -0.5067 0.5772 0.6404
vn -0.3325 -0.5281 -0.7814
vn -0.4888 -0.6973 -0.5242
vn -0.4934 -0.6941 -0.5242
vn -0.5751 -0.7174 -0.3932
vn -0.5714 -0.7183 -0.3970
vn 0.5228 -0.5688 -0.6350
vn 0.7689 -0.6009 -0.2184
vn 0.5531 -0.5387 -0.6356
vn 0.3998 0.8138 -0.4218
vn 0.4051 0.7888 -0.4623
vn 0.6296 0.7767 -0.0195
vn 0.6281 0.7779 -0.0159
vn 0.5954 0.7043 0.3866
vn 0.5790 0.7116 0.3980
vn 0.4974 0.6885 0.5277
vn 0.4666 0.7109 0.5262
vn 0.9851 -0.0672 -0.1583
vn 0.9615 -0.2475 -0.1198
vn 0.9609 -0.2520 -0.1151
vn 0.8482 -0.5278 0.0445
vn 0.8480 -0.5280 0.0452
vn 0.6596 -0.6974 0.2802
vn 0.6639 -0.6885 0.2918
vn 0.7264 -0.6610 0.1884
vn 0.7289 -0.6531 0.2053
vn 0.7678 -0.6033 -0.2154
vn 0.5688 -0.5228 -0.6350
vn 0.5278 -0.8482 0.0445
vn 0.5280 -0.8480 0.0452
vn 0.6974 -0.6596 0.2802
vn 0.6885 -0.6639 0.2918
vn 0.6610 -0.7264 0.1884
vn 0.6531 -0.7289 0.2053
vn 0.6033 -0.7678 -0.2154
vn 0.6009 -0.7689 -0.2184
vn 0.5387 -0.5531 -0.6356
vn -0.8138 -0.3998 -0.4218
vn -0.7888 -0.4051 -0.4623
vn -0.7767 -0.6296 -0.0195
vn -0.7779 -0.6281 -0.0159
vn -0.7043 -0.5954 0.3866
vn -0.7116 -0.5790 0.3980
vn -0.6885 -0.4974 0.5277
vn -0.7109 -0.4666 0.5262
vn -0.5390 -0.3147 0.7813
vn -0.5385 -0.3124 0.7826
vn -0.2606 -0.2007 0.9444
vn -0.2517 -0.2046 0.9459
vn -0.1065 -0.1829 0.9773
vn 0.7222 0.1163 0.6818
vn 0.0000 0.1682 0.9858
vn -0.7222 0.1163 0.6818
vn -0.8754 -0.0855 0.4758
vn -0.1297 -0.1686 0.9771
vn 0.0536 -0.9844 -0.1675
vn 0.0672 -0.9851 -0.1583
vn 0.2475 -0.9615 -0.1198
vn 0.2520 -0.9609 -0.1151
vn 0.1297 -0.1686 0.9771
vn 0.8754 -0.0855 0.4758
vn 0.7227 -0.3422 0.6005
vn 0.0000 -0.4952 0.8688
vn -0.7227 -0.3422 0.6005
vn -0.7261 -0.6778 0.1156
vn -0.8798 -0.4675 -0.0865
vn -0.7291 -0.5946 -0.3389
vn -0.0000 -0.8688 -0.4952
vn 0.0000 -0.9858 0.1682
vn 0.7261 -0.6778 0.1156
vn 0.7291 -0.5946 -0.3389
vn 0.8798 -0.4675 -0.0865
vn -0.0536 -0.9844 -0.1675
vn -0.0672 -0.9851 -0.1583
vn -0.2475 -0.9615 -0.1198
vn -0.2520 -0.9609 -0.1151
vn -0.5278 -0.8482 0.0445
vn -0.5281 -0.8480 0.0452
vn 0.7779 -0.6281 -0.0159
vn 0.7043 -0.5954 0.3866
vn 0.7116 -0.5790 0.3980
vn 0.6885 -0.4974 0.5277
vn 0.7109 -0.4666 0.5262
vn 0.5390 -0.3147 0.7813
vn 0.5385 -0.3124 0.7826
vn 0.2606 -0.2007 0.9444
vn 0.2517 -0.2046 0.9459
vn 0.1065 -0.1829 0.9773
vn -0.6974 -0.6596 0.2802
vn -0.6885 -0.6639 0.2918
vn -0.6610 -0.7264 0.1884
vn -0.6531 -0.7289 0.2053
vn -0.6033 -0.7678 -0.2154
vn -0.6009 -0.7689 -0.2184
vn -0.5387 -0.5531 -0.6356
vn 0.8138 -0.3998 -0.4218
vn 0.7888 -0.4051 -0.4623
vn 0.7767 -0.6296 -0.0195
vn -0.5688 -0.5228 -0.6350
vn -0.6221 0.7531 0.2141
vn -0.5626 0.5244 0.6391
vn -0.5772 0.5067 0.6404
vn 0.8207 0.3765 0.4298
vn 0.8080 0.3768 0.4529
vn 0.7923 0.6101 0.0098
vn 0.7933 0.6088 0.0026
vn -0.6253 0.7523 0.2075
vn -0.6741 0.7123 -0.1957
vn -0.6737 0.7122 -0.1970
vn -0.6957 0.6610 -0.2813
vn -0.7120 0.6521 -0.2603
vn -0.5390 0.8418 -0.0285
vn 0.5281 0.3325 -0.7814
vn 0.6973 0.4888 -0.5242
vn 0.6941 0.4934 -0.5242
vn 0.7174 0.5751 -0.3932
vn 0.7183 0.5714 -0.3970
vn 0.5278 0.3319 -0.7819
vn 0.2469 0.2183 -0.9441
vn 0.2529 0.2171 -0.9428
vn 0.0528 0.1857 -0.9812
vn 0.0678 0.1793 -0.9815
vn -0.8798 0.0786 -0.4688
vn -0.7291 -0.1151 -0.6747
vn -0.0000 -0.1682 -0.9858
vn 0.7291 -0.1151 -0.6747
vn -0.8754 0.4764 0.0824
vn -0.1080 0.9784 0.1763
vn -0.1287 0.9790 0.1579
vn -0.2593 0.9571 0.1296
vn -0.2535 0.9574 0.1381
vn -0.5385 0.8422 -0.0259
vn 0.7261 0.3405 -0.5974
vn -0.0000 0.4952 -0.8688
vn -0.7261 0.3405 -0.5974
vn -0.7227 0.6813 -0.1162
vn 0.0000 0.9858 -0.1682
vn 0.7227 0.6813 -0.1162
vn 0.5385 0.8422 -0.0259
vn 0.2535 0.9574 0.1381
vn 0.2593 0.9571 0.1296
vn 0.1287 0.9790 0.1579
vn 0.1080 0.9784 0.1763
vn 0.8754 0.4764 0.0824
vn 0.7222 0.6009 0.3425
vn 0.0000 0.8688 0.4952
vn -0.7222 0.6009 0.3425
vn 0.8798 0.0786 -0.4688
vn -0.0678 0.1793 -0.9815
vn -0.0528 0.1857 -0.9812
vn -0.2529 0.2171 -0.9428
vn -0.2469 0.2183 -0.9441
vn -0.5278 0.3319 -0.7819
vn 0.5390 0.8418 -0.0285
vn 0.7120 0.6521 -0.2603
vn 0.6957 0.6610 -0.2813
vn 0.6737 0.7122 -0.1970
vn -0.5281 0.3325 -0.7814
vn -0.6973 0.4888 -0.5242
vn -0.6941 0.4934 -0.5242
vn -0.7174 0.5751 -0.3932
vn -0.7183 0.5714 -0.3970
vn 0.6741 0.7123 -0.1957
vn 0.6253 0.7523 0.2075
vn -0.7933 0.6088 0.0026
vn -0.7923 0.6101 0.0098
vn -0.8080 0.3768 0.4529
vn -0.8207 0.3765 0.4298
vn 0.5772 0.5067 0.6404
vn 0.5626 0.5244 0.6391
vn 0.6221 0.7531 0.2141
vn -0.4952 0.0000 0.8688
vn -0.6778 -0.7261 0.1156
vn -0.3422 -0.7227 0.6005
vn -0.0855 -0.8754 0.4758
vn 0.1163 -0.7222 0.6818
vn 0.1682 0.0000 0.9858
vn 0.1163 0.7222 0.6818
vn -0.0855 0.8754 0.4758
vn -0.3422 0.7227 0.6005
vn -0.6778 0.7261 0.1156
vn -0.9858 0.0000 0.1682
vn -0.3147 -0.5390 0.7813
vn -0.3124 -0.5385 0.7826
vn -0.2007 -0.2606 0.9444
vn -0.2046 -0.2517 0.9459
vn -0.1829 -0.1065 0.9773
vn -0.1686 -0.1297 0.9771
vn -0.9844 0.0536 -0.1675
vn -0.4675 -0.8798 -0.0865
vn -0.5946 -0.7291 -0.3389
vn -0.8688 0.0000 -0.4952
vn -0.9851 0.0672 -0.1583
vn -0.9615 0.2475 -0.1198
vn -0.9609 0.2520 -0.1151
vn -0.8482 0.5278 0.0445
vn -0.8480 0.5280 0.0452
vn -0.6596 0.6974 0.2802
vn -0.6639 0.6885 0.2918
vn -0.7264 0.6610 0.1884
vn -0.7289 0.6531 0.2053
vn -0.7678 0.6033 -0.2154
vn -0.7689 0.6009 -0.2184
vn -0.5228 0.5688 -0.6350
vn -0.5531 0.5387 -0.6356
vn -0.3998 -0.8138 -0.4218
vn -0.4051 -0.7888 -0.4623
vn -0.6296 -0.7767 -0.0195
vn -0.6281 -0.7779 -0.0159
vn -0.5954 -0.7043 0.3866
vn -0.5790 -0.7116 0.3980
vn -0.4974 -0.6885 0.5277
vn -0.4666 -0.7109 0.5262
vn 0.5067 0.5772 0.6404
vn 0.5244 0.5626 0.6391
vn 0.7531 0.6221 0.2141
vn 0.3765 -0.8207 0.4298
vn 0.3768 -0.8080 0.4529
vn 0.6101 -0.7923 0.0098
vn 0.6088 -0.7933 0.0026
vn 0.7523 0.6253 0.2075
vn 0.7123 0.6741 -0.1958
vn 0.7122 0.6737 -0.1970
vn 0.6610 0.6957 -0.2813
vn 0.6521 0.7120 -0.2603
vn 0.8418 0.5390 -0.0285
vn 0.3325 -0.5281 -0.7814
vn 0.4888 -0.6973 -0.5242
vn 0.4934 -0.6941 -0.5242
vn 0.5751 -0.7174 -0.3932
vn 0.5714 -0.7183 -0.3970
vn 0.9784 0.1080 0.1763
vn 0.9790 0.1287 0.1579
vn 0.9571 0.2593 0.1296
vn 0.9574 0.2535 0.1381
vn 0.8422 0.5385 -0.0259
vn 0.3319 -0.5278 -0.7819
vn 0.2183 -0.2469 -0.9441
vn 0.2171 -0.2529 -0.9428
vn 0.1857 -0.0528 -0.9812
vn 0.1793 -0.0678 -0.9815
vn 0.0786 0.8798 -0.4688
vn -0.1151 0.7291 -0.6747
vn -0.1682 0.0000 -0.9858
vn -0.1151 -0.7291 -0.6747
vn 0.1793 0.0678 -0.9815
vn 0.0786 -0.8798 -0.4688
vn 0.3405 -0.7261 -0.5974
vn 0.4952 0.0000 -0.8688
vn 0.3405 0.7261 -0.5974
vn 0.6813 0.7227 -0.1162
vn 0.4764 0.8754 0.0824
vn 0.6009 0.7222 0.3425
vn 0.8688 0.0000 0.4952
vn 0.6813 -0.7227 -0.1162
vn 0.9858 0.0000 -0.1682
vn 0.6009 -0.7222 0.3425
vn 0.4764 -0.8754 0.0824
vn 0.9784 -0.1080 0.1763
vn 0.9790 -0.1287 0.1579
vn 0.9571 -0.2593 0.1296
vn 0.9574 -0.2535 0.1381
vn 0.8422 -0.5385 -0.0259
vn 0.8418 -0.5390 -0.0285
vn 0.6521 -0.7120 -0.2603
vn 0.1857 0.0528 -0.9812
vn 0.2171 0.2529 -0.9428
vn 0.2183 0.2469 -0.9441
vn 0.3319 0.5278 -0.7819
vn 0.3325 0.5281 -0.7814
vn 0.4888 0.6973 -0.5242
vn 0.4934 0.6941 -0.5242
vn 0.5751 0.7174 -0.3932
vn 0.5714 0.7183 -0.3970
vn 0.6610 -0.6957 -0.2813
vn 0.7122 -0.6737 -0.1970
vn 0.7123 -0.6741 -0.1958
vn 0.7523 -0.6253 0.2075
vn 0.6088 0.7933 0.0026
vn 0.6101 0.7923 0.0098
vn 0.3768 0.8080 0.4529
vn 0.3765 0.8207 0.4298
vn 0.5067 -0.5772 0.6404
vn 0.5244 -0.5626 0.6391
vn 0.7531 -0.6221 0.2141
vn -0.9851 -0.0672 -0.1583
vn -0.9615 -0.2475 -0.1198
vn -0.9609 -0.2519 -0.1151
vn -0.8482 -0.5278 0.0445
vn -0.8480 -0.5280 0.0452
vn -0.6596 -0.6974 0.2802
vn -0.6639 -0.6885 0.2918
vn -0.7264 -0.6610 0.1884
vn -0.7289 -0.6531 0.2053
vn -0.7678 -0.6033 -0.2154
vn -0.7689 -0.6009 -0.2184
vn -0.4666 0.7109 0.5262
vn -0.4974 0.6885 0.5277
vn -0.5790 0.7116 0.3980
vn -0.5954 0.7043 0.3866
vn -0.6281 0.7779 -0.0159
vn -0.6296 0.7767 -0.0195
vn -0.4051 0.7888 -0.4623
vn -0.3998 0.8138 -0.4218
vn -0.5531 -0.5387 -0.6356
vn -0.5228 -0.5688 -0.6350
vn -0.5946 0.7291 -0.3389
vn -0.4675 0.8798 -0.0865
vn -0.9844 -0.0536 -0.1675
vn -0.1686 0.1297 0.9771
vn -0.1829 0.1065 0.9773
vn -0.2046 0.2517 0.9459
vn -0.2007 0.2606 0.9444
vn -0.3124 0.5385 0.7826
vn -0.3147 0.5390 0.7813
vn 0.6221 -0.7531 0.2141
vn 0.5626 -0.5244 0.6391
vn 0.5772 -0.5067 0.6404
vn -0.8207 -0.3765 0.4298
vn -0.8080 -0.3768 0.4529
vn -0.7923 -0.6101 0.0098
vn -0.7933 -0.6088 0.0026
vn 0.6253 -0.7523 0.2075
vn 0.6741 -0.7123 -0.1957
vn 0.6737 -0.7122 -0.1970
vn 0.6957 -0.6610 -0.2813
vn 0.7120 -0.6521 -0.2603
vn 0.5390 -0.8418 -0.0285
vn -0.5281 -0.3325 -0.7814
vn -0.6973 -0.4888 -0.5242
vn -0.6941 -0.4934 -0.5242
vn -0.7174 -0.5751 -0.3932
vn -0.7183 -0.5714 -0.3970
vn -0.5278 -0.3319 -0.7819
vn -0.2469 -0.2183 -0.9441
vn -0.2529 -0.2171 -0.9428
vn -0.0528 -0.1857 -0.9812
vn -0.0678 -0.1793 -0.9815
vn 0.8798 -0.0786 -0.4688
vn 0.7291 0.1151 -0.6747
vn 0.0000 0.1682 -0.9858
vn -0.7291 0.1151 -0.6747
vn 0.1080 -0.9784 0.1763
vn 0.1287 -0.9790 0.1579
vn 0.2593 -0.9571 0.1296
vn 0.2535 -0.9574 0.1381
vn 0.5385 -0.8422 -0.0259
vn 0.0678 -0.1793 -0.9815
vn -0.8798 -0.0786 -0.4688
vn -0.7261 -0.3405 -0.5974
vn 0.0000 -0.4952 -0.8688
vn 0.7261 -0.3405 -0.5974
vn 0.7227 -0.6813 -0.1162
vn 0.8754 -0.4764 0.0824
vn 0.7222 -0.6009 0.3425
vn 0.0000 -0.8688 0.4952
vn -0.7227 -0.6813 -0.1162
vn 0.0000 -0.9858 -0.1682
vn -0.7222 -0.6009 0.3425
vn -0.8754 -0.4764 0.0824
vn -0.1080 -0.9784 0.1763
vn -0.1287 -0.9790 0.1579
vn -0.2593 -0.9571 0.1296
vn -0.2535 -0.9574 0.1381
vn -0.5385 -0.8422 -0.0259
vn -0.5390 -0.8418 -0.0285
vn -0.7120 -0.6521 -0.2603
vn 0.0528 -0.1857 -0.9812
vn 0.2529 -0.2171 -0.9428
vn 0.2469 -0.2183 -0.9441
vn 0.5278 -0.3319 -0.7819
vn 0.5281 -0.3325 -0.7814
vn 0.6973 -0.4888 -0.5242
vn 0.6941 -0.4934 -0.5242
vn 0.7174 -0.5751 -0.3932
vn 0.7183 -0.5714 -0.3970
vn -0.6957 -0.6610 -0.2813
vn -0.6737 -0.7122 -0.1970
vn -0.6741 -0.7123 -0.1957
vn -0.6253 -0.7523 0.2075
vn 0.7933 -0.6088 0.0026
vn 0.7923 -0.6101 0.0098
vn 0.8080 -0.3768 0.4529
vn 0.8207 -0.3765 0.4298
vn -0.6221 -0.7531 0.2141
vn -0.5626 -0.5244 0.6391
vn -0.5772 -0.5067 0.6404
vn 0.0672 0.9851 -0.1583
vn 0.2475 0.9615 -0.1198
vn 0.2520 0.9609 -0.1151
vn 0.5278 0.8482 0.0445
vn 0.5281 0.8480 0.0452
vn 0.6974 0.6596 0.2802
vn 0.6885 0.6639 0.2918
vn 0.6610 0.7264 0.1884
vn 0.6531 0.7289 0.2053
vn 0.6033 0.7678 -0.2154
vn 0.5688 0.5228 -0.6350
vn 0.6009 0.7689 -0.2184
vn 0.5387 0.5531 -0.6356
vn -0.8138 0.3998 -0.4218
vn -0.7888 0.4051 -0.4623
vn -0.7767 0.6296 -0.0195
vn -0.7779 0.6281 -0.0159
vn -0.7043 0.5954 0.3866
vn -0.7116 0.5790 0.3980
vn -0.6885 0.4974 0.5277
vn -0.7109 0.4666 0.5262
vn -0.5390 0.3147 0.7813
vn -0.5385 0.3124 0.7826
vn -0.2606 0.2007 0.9444
vn -0.2517 0.2046 0.9459
vn -0.1065 0.1829 0.9773
vn -0.1297 0.1686 0.9771
vn -0.8754 0.0855 0.4758
vn -0.7222 -0.1163 0.6818
vn 0.0000 -0.1682 0.9858
vn 0.7222 -0.1163 0.6818
vn 0.8754 0.0855 0.4758
vn -0.7227 0.3422 0.6005
vn 0.0000 0.4952 0.8688
vn 0.7227 0.3422 0.6005
vn 0.7261 0.6778 0.1156
vn 0.0000 0.9858 0.1682
vn -0.7261 0.6778 0.1156
vn -0.8798 0.4675 -0.0865
vn 0.0536 0.9844 -0.1675
vn 0.5390 0.3147 0.7813
vn 0.5385 0.3124 0.7826
vn 0.2606 0.2007 0.9444
vn 0.2517 0.2046 0.9459
vn 0.1065 0.1829 0.9773
vn 0.1297 0.1686 0.9771
vn -0.0536 0.9844 -0.1675
vn 0.8798 0.4675 -0.0865
vn 0.7291 0.5946 -0.3389
vn 0.0000 0.8688 -0.4952
vn -0.7291 0.5946 -0.3389
vn -0.0672 0.9851 -0.1583
vn -0.2475 0.9615 -0.1198
vn -0.2519 0.9609 -0.1151
vn -0.5278 0.8482 0.0445
vn -0.5280 0.8480 0.0452
vn -0.6974 0.6596 0.2802
vn -0.6885 0.6639 0.2918
vn -0.6610 0.7264 0.1884
vn -0.6531 0.7289 0.2053
vn -0.6033 0.7678 -0.2154
vn -0.6009 0.7689 -0.2184
vn -0.5688 0.5228 -0.6350
vn -0.5387 0.5530 -0.6356
vn 0.8138 0.3998 -0.4218
vn 0.7888 0.4051 -0.4623
vn 0.7767 0.6296 -0.0195
vn 0.7779 0.6281 -0.0159
vn 0.7043 0.5954 0.3866
vn 0.7116 0.5790 0.3980
vn 0.6885 0.4974 0.5277
vn 0.7109 0.4666 0.5262
vn 0.3391 -0.8776 0.3389
vn 0.1146 -0.9749 0.1911
vn 0.2472 -0.9502 0.1896
vn 0.2610 -0.9344 0.2424
vn 0.3539 -0.9157 0.1903
vn 0.4417 -0.8613 0.2509
vn 0.4691 -0.8623 0.1907
vn 0.6308 -0.7526 0.1889
vn 0.5756 -0.7516 0.3222
vn 0.6563 -0.6937 0.2967
vn 0.6442 -0.6809 0.3484
vn 0.0785 -0.0930 0.9926
vn 0.0791 -0.0944 0.9924
vn 0.0560 -0.1085 0.9925
vn 0.0562 -0.1097 0.9924
vn 0.0331 -0.1178 0.9925
vn 0.0331 -0.1184 0.9924
vn 0.0148 -0.1208 0.9926
vn 0.0144 -0.1219 0.9924
vn 0.0833 -0.9628 0.2570
vn -0.0048 -0.9317 0.3632
vn 0.1789 -0.9652 -0.1906
vn 0.0998 -0.9950 0.0067
vn -0.0051 -0.9982 -0.0605
vn -0.0965 -0.9953 -0.0021
vn -0.1600 -0.9685 -0.1908
vn -0.2814 -0.9408 -0.1888
vn -0.2809 -0.9407 -0.1902
vn -0.4447 -0.8755 -0.1891
vn -0.4443 -0.8755 -0.1902
vn -0.5711 -0.7984 -0.1905
vn -0.1400 -0.4654 0.8739
vn -0.1399 -0.4685 0.8723
vn -0.0472 -0.4827 0.8745
vn -0.0469 -0.4841 0.8738
vn 0.0486 -0.4844 0.8735
vn -0.4503 -0.1820 0.8741
vn -0.4206 -0.2429 0.8741
vn -0.3732 -0.3126 0.8735
vn -0.3737 -0.3135 0.8730
vn -0.3053 -0.3798 0.8733
vn -0.3053 -0.3798 0.8732
vn -0.2206 -0.4331 0.8739
vn -0.2209 -0.4353 0.8728
vn 0.6332 0.2558 0.7305
vn 0.5914 0.3414 0.7305
vn 0.5246 0.4389 0.7295
vn 0.5250 0.4398 0.7286
vn 0.4288 0.5334 0.7291
vn 0.4288 0.5335 0.7291
vn 0.3110 0.6083 0.7302
vn 0.3111 0.6107 0.7282
vn 0.1968 0.6542 0.7303
vn 0.1990 0.6568 0.7274
vn 0.0664 0.6790 0.7312
vn 0.0672 0.6803 0.7299
vn 0.0868 0.8796 -0.4677
vn 0.1084 0.8998 -0.4227
vn 0.2634 0.8691 -0.4186
vn 0.2620 0.8682 -0.4215
vn 0.4132 0.8083 -0.4194
vn 0.4121 0.8078 -0.4215
vn 0.5685 0.7072 -0.4203
vn 0.5491 0.7008 -0.4553
vn 0.7852 0.4533 -0.4218
vn 0.6958 0.5821 -0.4208
vn 0.6899 0.5565 -0.4629
vn 0.6298 0.6522 -0.4218
vn 0.6287 0.6510 -0.4254
vn 0.6144 0.6589 -0.4340
vn 0.9017 -0.0948 -0.4218
vn 0.8852 -0.0743 -0.4593
vn 0.9064 0.0000 -0.4224
vn 0.8852 0.0743 -0.4593
vn 0.9017 0.0948 -0.4218
vn 0.8798 0.2194 -0.4218
vn 0.8407 0.3397 -0.4218
vn 0.8790 0.0000 -0.4768
vn -0.4713 0.1175 0.8741
vn -0.4846 0.0407 0.8738
vn 0.6811 -0.0572 0.7299
vn 0.6811 -0.0572 0.7300
vn 0.6811 0.0572 0.7300
vn 0.6811 0.0572 0.7299
vn 0.6626 0.1652 0.7305
vn -0.4713 -0.1175 0.8741
vn -0.4846 -0.0407 0.8738
vn -0.6265 -0.7794 -0.0053
vn -0.6937 -0.7184 -0.0517
vn -0.7661 -0.6427 0.0031
vn -0.7948 -0.5761 -0.1907
vn -0.8502 -0.4909 -0.1904
vn -0.9102 -0.3678 -0.1904
vn -0.9526 -0.2375 -0.1904
vn -0.9668 -0.1701 -0.1908
vn -0.9960 -0.0836 0.0309
vn -0.9998 0.0000 -0.0207
vn -0.9960 0.0836 0.0309
vn -0.9668 0.1701 -0.1908
vn -0.9526 0.2375 -0.1904
vn -0.9102 0.3678 -0.1904
vn -0.8502 0.4909 -0.1904
vn -0.3737 0.3135 0.8730
vn -0.3732 0.3126 0.8735
vn -0.4206 0.2429 0.8741
vn -0.4503 0.1820 0.8741
vn 0.6626 -0.1652 0.7305
vn 0.8798 -0.2194 -0.4218
vn 0.8798 -0.2193 -0.4218
vn 0.8407 -0.3397 -0.4218
vn 0.6332 -0.2558 0.7305
vn 0.5914 -0.3414 0.7305
vn 0.5246 -0.4389 0.7295
vn 0.5250 -0.4398 0.7286
vn 0.4288 -0.5334 0.7291
vn 0.4288 -0.5335 0.7291
vn 0.3110 -0.6083 0.7302
vn 0.7852 -0.4533 -0.4218
vn 0.6958 -0.5821 -0.4208
vn 0.6899 -0.5565 -0.4629
vn 0.6244 -0.6466 -0.4382
vn 0.6298 -0.6522 -0.4218
vn 0.5491 -0.7008 -0.4553
vn 0.5685 -0.7072 -0.4203
vn 0.4121 -0.8078 -0.4215
vn 0.4132 -0.8083 -0.4194
vn 0.2620 -0.8682 -0.4215
vn 0.2634 -0.8692 -0.4186
vn 0.1183 -0.8985 -0.4227
vn 0.0931 -0.8772 -0.4710
vn 0.0046 -0.9063 -0.4226
vn 0.0045 -0.8837 -0.4680
vn 0.0045 -0.8837 -0.4681
vn -0.0841 -0.8781 -0.4710
vn -0.0652 -0.6807 0.7296
vn 0.0722 -0.6800 0.7296
vn 0.0712 -0.6784 0.7313
vn 0.1990 -0.6568 0.7274
vn 0.1968 -0.6542 0.7303
vn 0.3111 -0.6107 0.7282
vn -0.2206 0.4331 0.8739
vn -0.3053 0.3798 0.8732
vn -0.3053 0.3798 0.8733
vn -0.2209 0.4353 0.8728
vn -0.1400 0.4654 0.8739
vn -0.1399 0.4685 0.8723
vn -0.7948 0.5761 -0.1907
vn -0.7661 0.6427 0.0031
vn -0.6937 0.7184 -0.0517
vn -0.6265 0.7794 -0.0053
vn -0.5711 0.7984 -0.1905
vn -0.4443 0.8755 -0.1902
vn -0.4447 0.8755 -0.1891
vn -0.2809 0.9407 -0.1902
vn -0.2814 0.9408 -0.1888
vn -0.6511 0.6743 0.3484
vn -0.2706 0.9317 0.2424
vn -0.3633 0.9120 0.1903
vn -0.4505 0.8568 0.2509
vn -0.4779 0.8575 0.1907
vn -0.6395 0.7452 0.1888
vn -0.5817 0.7467 0.3226
vn -0.6634 0.6870 0.2967
vn -0.6634 0.6869 0.2967
vn -0.7527 0.5669 0.3348
vn -0.7518 0.6315 0.1899
vn -0.3481 0.8740 0.3389
vn -0.1298 0.0136 0.9915
vn -0.1221 0.0096 0.9925
vn -0.1175 0.0354 0.9924
vn -0.1090 0.0563 0.9924
vn -0.1090 0.0563 0.9925
vn -0.0938 0.0788 0.9925
vn -0.0962 0.0797 0.9922
vn -0.8620 0.4699 0.1901
vn -0.8612 0.4451 0.2453
vn -0.9102 0.3678 0.1904
vn -0.9285 0.2796 0.2443
vn -0.9452 0.2655 0.1899
vn -0.9763 0.1026 0.1904
vn -0.9649 0.0755 0.2514
vn -0.9678 0.0000 0.2516
vn -0.9336 0.0000 0.3583
vn -0.8481 0.3495 0.3982
vn -0.8494 0.3432 0.4010
vn -0.1298 -0.0136 0.9914
vn -0.9649 -0.0755 0.2514
vn -0.1221 -0.0096 0.9925
vn -0.1175 -0.0354 0.9924
vn -0.1090 -0.0563 0.9924
vn -0.1090 -0.0563 0.9925
vn -0.0938 -0.0788 0.9925
vn -0.7518 -0.6315 0.1899
vn -0.7527 -0.5669 0.3348
vn -0.8620 -0.4699 0.1901
vn -0.8612 -0.4451 0.2453
vn -0.9102 -0.3678 0.1904
vn -0.9285 -0.2796 0.2443
vn -0.9452 -0.2655 0.1899
vn -0.9763 -0.1026 0.1904
vn -0.8494 -0.3432 0.4010
vn -0.8481 -0.3495 0.3982
vn 0.3352 0.9416 -0.0317
vn -0.8458 0.3519 -0.4010
vn -0.8444 0.3585 -0.3981
vn -0.4070 -0.9101 -0.0783
vn -0.8969 -0.0000 -0.4422
vn -0.8372 0.3483 -0.4218
vn -0.8775 0.2284 -0.4218
vn -0.9023 0.0909 -0.4214
vn -0.8900 0.0775 -0.4493
vn -0.9065 0.0000 -0.4223
vn -0.8785 -0.0765 -0.4715
vn -0.9007 -0.1040 -0.4218
vn -0.8775 -0.2284 -0.4218
vn -0.6305 0.2623 0.7305
vn -0.6609 0.1720 0.7305
vn -0.6812 0.0593 0.7297
vn -0.6812 -0.0593 0.7297
vn 0.4181 -0.2472 0.8741
vn 0.4485 -0.1866 0.8741
vn 0.4701 -0.1223 0.8741
vn 0.4848 -0.0422 0.8736
vn 0.4848 0.0422 0.8736
vn -0.6609 -0.1720 0.7305
vn 0.9682 0.1616 -0.1908
vn 0.9962 0.0868 0.0011
vn 0.9977 0.0000 -0.0682
vn 0.9958 -0.0867 -0.0283
vn 0.9713 -0.1424 -0.1907
vn 0.9501 -0.2472 -0.1904
vn 0.9064 -0.3771 -0.1904
vn 0.8451 -0.4995 -0.1904
vn 0.9752 0.1126 0.1904
vn 0.9615 0.0802 0.2628
vn 0.9648 0.0000 0.2630
vn 0.9284 0.0000 0.3717
vn 0.1210 0.0096 0.9926
vn 0.1221 0.0102 0.9925
vn 0.1171 0.0366 0.9924
vn 0.1084 0.0575 0.9924
vn 0.1084 0.0574 0.9925
vn 0.0930 0.0797 0.9925
vn 0.1080 0.0856 0.9905
vn 0.5740 0.7526 0.3226
vn 0.6563 0.6937 0.2967
vn 0.7468 0.5746 0.3348
vn 0.7453 0.6391 0.1899
vn 0.8572 0.4787 0.1901
vn 0.8566 0.4539 0.2453
vn 0.9064 0.3771 0.1904
vn 0.9256 0.2891 0.2443
vn 0.9425 0.2752 0.1899
vn 0.8458 0.3518 0.4010
vn 0.8445 0.3582 0.3982
vn -0.9535 -0.2959 -0.0577
vn -0.3419 0.8765 -0.3390
vn 0.9236 0.3823 -0.0294
vn 0.9236 0.3821 -0.0292
vn -0.9360 0.0000 0.3520
vn -0.9408 0.0657 0.3324
vn -0.6824 0.0000 -0.7310
vn -0.6784 -0.0783 -0.7305
vn -0.9298 -0.1074 0.3519
vn -0.9043 -0.0719 0.4207
vn -0.8017 0.4249 0.4204
vn -0.8017 0.4250 0.4203
vn -0.8661 0.2707 0.4203
vn -0.8661 0.2707 0.4202
vn -0.9007 0.1040 0.4218
vn -0.6784 0.0783 -0.7305
vn 0.4852 0.0000 -0.8744
vn 0.4825 0.0557 -0.8741
vn 0.4238 -0.2361 -0.8744
vn -0.5971 0.3326 -0.7299
vn -0.5817 0.3084 -0.7527
vn -0.6305 0.2623 -0.7305
vn -0.6289 0.1966 -0.7523
vn -0.6562 0.1925 -0.7296
vn 0.4825 -0.0557 -0.8741
vn 0.4671 -0.1364 -0.8736
vn 0.4655 -0.1365 -0.8745
vn -0.4161 0.5406 -0.7312
vn -0.4693 0.4961 -0.7305
vn -0.5515 0.4050 -0.7293
vn -0.5505 0.4026 -0.7314
vn -0.2482 0.6363 -0.7304
vn -0.3024 0.5832 -0.7540
vn -0.3267 0.5989 -0.7312
vn -0.4165 0.5424 -0.7296
vn 0.2954 -0.3847 -0.8745
vn 0.3338 -0.3528 -0.8741
vn 0.3919 -0.2890 -0.8734
vn 0.3908 -0.2870 -0.8746
vn 0.4246 -0.2371 -0.8738
vn 0.2959 -0.3864 -0.8736
vn 0.2323 -0.4258 -0.8745
vn 0.2324 -0.4271 -0.8738
vn 0.8445 -0.3582 0.3982
vn 0.8458 -0.3518 0.4010
vn 0.7571 -0.5584 0.3391
vn 0.7544 -0.6283 0.1901
vn 0.8572 -0.4787 0.1901
vn 0.8566 -0.4539 0.2453
vn 0.9064 -0.3771 0.1904
vn 0.9256 -0.2891 0.2443
vn 0.9425 -0.2752 0.1899
vn 0.9752 -0.1126 0.1904
vn 0.9563 -0.0705 0.2839
vn 0.1211 -0.0085 0.9926
vn 0.1223 -0.0090 0.9925
vn 0.1171 -0.0366 0.9924
vn 0.1084 -0.0575 0.9924
vn 0.1084 -0.0574 0.9925
vn 0.0940 -0.0783 0.9925
vn 0.0936 -0.0781 0.9925
vn -0.1099 0.8994 0.4231
vn 0.0047 0.9061 0.4231
vn 0.0046 0.9061 0.4231
vn -0.1117 0.9006 0.4200
vn -0.0843 0.6796 -0.7288
vn -0.0818 0.6765 -0.7319
vn 0.0581 -0.4808 -0.8749
vn 0.1227 -0.4715 -0.8733
vn 0.1230 -0.4688 -0.8747
vn -0.1736 0.6620 -0.7291
vn -0.1785 0.6344 -0.7521
vn 0.0035 0.6815 -0.7318
vn 0.0763 0.6795 -0.7297
vn 0.0749 0.6775 -0.7317
vn 0.0569 -0.4840 -0.8732
vn -0.0025 -0.4844 -0.8749
vn -0.0526 -0.4837 -0.8737
vn -0.0532 -0.4815 -0.8748
vn -0.1247 -0.4707 -0.8734
vn -0.1250 -0.4683 -0.8747
vn 0.1764 0.6610 -0.7294
vn 0.1818 0.6324 -0.7530
vn 0.2547 0.6337 -0.7304
vn -0.2343 -0.4259 -0.8739
vn -0.2342 -0.4249 -0.8744
vn -0.2990 -0.3838 -0.8736
vn 0.3064 0.5821 -0.7532
vn 0.3293 0.5976 -0.7311
vn 0.4209 0.5388 -0.7297
vn -0.2986 -0.3822 -0.8745
vn -0.3374 -0.3494 -0.8741
vn -0.3884 -0.2925 -0.8738
vn -0.3878 -0.2915 -0.8744
vn -0.4270 -0.2328 -0.8738
vn -0.4262 -0.2318 -0.8744
vn 0.6005 0.3265 -0.7299
vn 0.5848 0.3024 -0.7527
vn 0.6332 0.2558 -0.7305
vn 0.4206 0.5371 -0.7312
vn 0.4744 0.4912 -0.7305
vn 0.5463 0.4107 -0.7300
vn 0.5458 0.4095 -0.7311
vn -0.4685 -0.1316 -0.8736
vn -0.4669 -0.1317 -0.8745
vn 0.6581 0.1857 -0.7296
vn 0.6308 0.1901 -0.7523
vn 0.8688 0.2618 0.4202
vn 0.8688 0.2618 0.4203
vn 0.8060 0.4168 0.4203
vn 0.8060 0.4167 0.4204
vn 0.7250 0.5440 0.4223
vn 0.7310 0.6140 0.2976
vn 0.9017 0.0948 0.4218
vn 0.8688 -0.2618 0.4202
vn 0.9017 -0.0948 0.4218
vn 0.9064 0.0000 0.4224
vn 0.6791 0.0714 -0.7305
vn -0.4831 -0.0508 -0.8741
vn 0.6791 -0.0714 -0.7305
vn 0.6822 0.0000 -0.7311
vn 0.6332 -0.2558 -0.7305
vn 0.6308 -0.1901 -0.7523
vn 0.6581 -0.1857 -0.7296
vn -0.4831 0.0508 -0.8741
vn -0.4850 0.0000 -0.8745
vn -0.4685 0.1316 -0.8736
vn -0.4669 0.1317 -0.8745
vn -0.3374 0.3494 -0.8741
vn -0.3884 0.2925 -0.8738
vn -0.3878 0.2915 -0.8744
vn -0.4270 0.2328 -0.8738
vn -0.4262 0.2318 -0.8744
vn 0.6005 -0.3265 -0.7299
vn 0.5848 -0.3024 -0.7527
vn 0.8060 -0.4168 0.4203
vn 0.8688 -0.2618 0.4203
vn 0.4206 -0.5371 -0.7312
vn 0.4744 -0.4912 -0.7305
vn 0.5463 -0.4107 -0.7300
vn 0.5458 -0.4095 -0.7311
vn 0.6522 -0.6753 0.3444
vn 0.7311 -0.6056 0.3142
vn 0.7250 -0.5440 0.4223
vn 0.8060 -0.4167 0.4204
vn 0.0834 -0.6791 -0.7293
vn 0.1106 -0.9005 0.4205
vn 0.1092 -0.8995 0.4231
vn 0.2548 -0.8713 0.4195
vn 0.2541 -0.8707 0.4211
vn 0.4263 -0.8020 0.4185
vn 0.4244 -0.8011 0.4220
vn 0.5593 -0.7142 0.4209
vn 0.6110 -0.7198 0.3296
vn 0.0046 -0.9061 0.4231
vn -0.0570 0.4836 -0.8735
vn -0.0579 0.4809 -0.8749
vn 0.0815 -0.6766 -0.7318
vn 0.1804 -0.6602 -0.7291
vn 0.1850 -0.6325 -0.7521
vn 0.2547 -0.6337 -0.7304
vn 0.3083 -0.5800 -0.7540
vn 0.3328 -0.5955 -0.7312
vn 0.4209 -0.5388 -0.7297
vn -0.2986 0.3822 -0.8745
vn -0.2367 0.4247 -0.8738
vn -0.2366 0.4234 -0.8745
vn -0.2990 0.3838 -0.8736
vn -0.1275 0.4702 -0.8733
vn -0.1278 0.4675 -0.8747
vn -0.0952 -0.0768 -0.9925
vn -0.0873 -0.0633 -0.9942
vn -0.6805 0.7302 -0.0609
vn -0.5847 0.8102 -0.0408
vn 0.0369 -0.9993 0.0034
vn 0.0301 -0.9995 0.0026
vn -0.1037 -0.0183 -0.9944
vn -0.1215 -0.0128 -0.9925
vn -0.1185 -0.0296 -0.9925
vn -0.1133 -0.0458 -0.9925
vn -0.1058 -0.0611 -0.9925
vn 0.3976 -0.9142 -0.0783
vn 0.8480 0.3498 -0.3981
vn 0.8494 0.3432 -0.4010
vn -0.3255 0.9450 -0.0317
vn 0.3391 0.8776 0.3389
vn 0.0134 0.1210 0.9926
vn 0.0132 0.1218 0.9925
vn 0.0762 0.9634 0.2572
vn 0.1050 0.9760 0.1910
vn 0.2472 0.9502 0.1896
vn 0.2610 0.9344 0.2424
vn 0.3539 0.9157 0.1903
vn 0.4417 0.8613 0.2509
vn 0.4691 0.8623 0.1907
vn 0.6318 0.7517 0.1888
vn 0.0331 0.1184 0.9924
vn 0.0331 0.1178 0.9925
vn 0.0562 0.1097 0.9924
vn 0.0560 0.1085 0.9925
vn 0.0793 0.0943 0.9924
vn 0.0846 0.1083 0.9905
vn 0.6442 0.6809 0.3484
vn 0.6185 0.7858 -0.0053
vn 0.6863 0.7255 -0.0517
vn 0.7595 0.6505 0.0031
vn 0.7889 0.5842 -0.1907
vn 0.8451 0.4995 -0.1904
vn 0.9064 0.3771 -0.1904
vn 0.9501 0.2472 -0.1904
vn 0.4701 0.1223 0.8741
vn 0.4485 0.1866 0.8741
vn 0.4181 0.2472 0.8741
vn 0.3700 0.3164 0.8735
vn 0.3705 0.3173 0.8730
vn 0.3014 0.3829 0.8733
vn 0.3014 0.3829 0.8732
vn 0.2162 0.4354 0.8739
vn 0.2165 0.4376 0.8728
vn -0.6305 -0.2623 0.7305
vn -0.5879 -0.3475 0.7305
vn -0.5200 -0.4442 0.7295
vn -0.5205 -0.4452 0.7286
vn -0.4233 -0.5378 0.7291
vn -0.3047 -0.6115 0.7302
vn -0.8372 -0.3483 -0.4218
vn -0.7805 -0.4614 -0.4218
vn -0.6898 -0.5892 -0.4208
vn -0.6842 -0.5635 -0.4629
vn -0.6043 -0.6388 -0.4762
vn -0.6231 -0.6586 -0.4218
vn -0.5419 -0.7064 -0.4553
vn -0.5612 -0.7130 -0.4203
vn -0.4038 -0.8120 -0.4215
vn -0.4049 -0.8125 -0.4194
vn -0.2531 -0.8708 -0.4215
vn -0.2545 -0.8718 -0.4186
vn -0.1091 -0.8997 -0.4227
vn -0.3048 -0.6138 0.7282
vn -0.1901 -0.6562 0.7303
vn 0.1353 0.4668 0.8739
vn 0.1351 0.4699 0.8723
vn 0.0457 0.4828 0.8746
vn -0.0642 -0.6791 0.7313
vn -0.1923 -0.6588 0.7274
vn -0.0506 0.4823 0.8746
vn -0.0502 0.4840 0.8736
vn 0.0452 0.4845 0.8736
vn 0.0929 0.9957 0.0022
vn 0.1637 0.9679 -0.1907
vn 0.2717 0.9437 -0.1888
vn 0.2712 0.9435 -0.1902
vn 0.4357 0.8800 -0.1891
vn 0.4353 0.8800 -0.1902
vn 0.5629 0.8043 -0.1905
vn -0.1736 0.9662 -0.1907
vn -0.1031 0.9947 0.0022
vn -0.0051 0.9982 -0.0605
vn -0.0048 0.9317 0.3632
vn -0.0050 0.9661 0.2581
vn -0.0860 0.9625 0.2572
vn -0.1150 0.9748 0.1910
vn -0.2570 0.9476 0.1896
vn -0.0810 0.0954 0.9921
vn -0.0802 0.0935 0.9924
vn -0.0572 0.1079 0.9925
vn -0.0574 0.1091 0.9924
vn -0.0343 0.1175 0.9925
vn -0.0343 0.1181 0.9924
vn -0.0147 0.1208 0.9926
vn -0.0144 0.1217 0.9925
vn -0.4151 -0.5414 -0.7312
vn -0.4693 -0.4961 -0.7305
vn -0.5421 -0.4162 -0.7300
vn -0.5415 -0.4151 -0.7311
vn -0.6305 -0.2623 -0.7305
vn -0.5817 -0.3084 -0.7527
vn -0.5971 -0.3326 -0.7299
vn 0.4238 0.2361 -0.8744
vn 0.4246 0.2371 -0.8738
vn 0.3848 0.2955 -0.8744
vn 0.3854 0.2965 -0.8738
vn 0.3338 0.3528 -0.8741
vn 0.2947 0.3853 -0.8745
vn 0.2951 0.3869 -0.8736
vn 0.2323 0.4258 -0.8745
vn 0.2324 0.4271 -0.8738
vn -0.4154 -0.5431 -0.7297
vn -0.3267 -0.5989 -0.7312
vn -0.3024 -0.5832 -0.7540
vn -0.2482 -0.6363 -0.7304
vn -0.1785 -0.6344 -0.7521
vn -0.1736 -0.6620 -0.7291
vn -0.0746 -0.6774 -0.7318
vn 0.0530 0.4814 -0.8749
vn 0.0521 0.4841 -0.8735
vn -0.0764 -0.6799 -0.7293
vn 0.1230 0.4688 -0.8747
vn 0.1227 0.4715 -0.8733
vn -0.1014 -0.9016 0.4205
vn 0.0035 -0.6815 -0.7318
vn -0.0025 0.4844 -0.8749
vn -0.7225 -0.5729 0.3871
vn -0.6231 -0.6586 0.4218
vn -0.5645 -0.7220 0.4001
vn -0.5519 -0.7199 0.4209
vn -0.4162 -0.8054 0.4220
vn -0.4181 -0.8063 0.4185
vn -0.2451 -0.8733 0.4211
vn -0.2458 -0.8738 0.4195
vn -0.1000 -0.9005 0.4231
vn 0.4671 0.1364 -0.8736
vn 0.4655 0.1365 -0.8745
vn -0.6562 -0.1925 -0.7296
vn -0.6289 -0.1966 -0.7523
vn -0.8661 -0.2707 0.4202
vn -0.8661 -0.2707 0.4203
vn -0.8017 -0.4250 0.4203
vn -0.8017 -0.4249 0.4204
vn -0.7194 -0.5514 0.4223
vn 0.9236 -0.3821 -0.0292
vn 0.9236 -0.3823 -0.0294
vn -0.3419 -0.8765 -0.3390
vn -0.9535 0.2959 -0.0577
vn 0.3352 -0.9416 -0.0317
vn -0.8458 -0.3519 -0.4010
vn -0.8444 -0.3585 -0.3981
vn -0.4070 0.9101 -0.0783
vn -0.0000 0.0000 -1.0000
vn -0.9027 0.4269 0.0534
vn -0.9686 0.2426 0.0534
vn -0.9974 0.0490 0.0534
vn -0.9878 -0.1465 0.0534
vn -0.9402 -0.3364 0.0534
vn -0.8565 -0.5134 0.0534
vn -0.7399 -0.6706 0.0534
vn -0.1465 0.9878 0.0534
vn -0.3364 0.9402 0.0534
vn -0.5134 0.8565 0.0534
vn -0.6706 0.7399 0.0534
vn -0.8021 0.5949 0.0534
vn 0.9686 -0.2426 0.0534
vn 0.9974 -0.0490 0.0534
vn 0.9878 0.1465 0.0534
vn 0.9402 0.3364 0.0534
vn 0.8565 0.5134 0.0534
vn 0.7399 0.6706 0.0534
vn 0.5948 0.8021 0.0534
vn 0.4269 0.9027 0.0534
vn 0.2426 0.9686 0.0534
vn 0.0490 0.9974 0.0534
vn -0.5949 -0.8021 0.0534
vn -0.4269 -0.9027 0.0534
vn -0.2426 -0.9686 0.0534
vn -0.0490 -0.9974 0.0534
vn 0.1465 -0.9878 0.0534
vn 0.3364 -0.9402 0.0534
vn 0.5134 -0.8565 0.0534
vn 0.6706 -0.7399 0.0534
vn 0.8021 -0.5949 0.0534
vn 0.9027 -0.4269 0.0534
vn 0.5219 0.4730 -0.7098
vn 0.4196 0.5658 -0.7098
vn 0.6967 0.1034 -0.7098
vn 0.6632 0.2373 -0.7098
vn 0.6042 0.3621 -0.7098
vn -0.3885 -0.3521 -0.8515
vn -0.3123 -0.4211 -0.8515
vn -0.8576 -0.5140 -0.0199
vn -0.8031 -0.5956 -0.0160
vn -0.7408 -0.6714 -0.0199
vn -0.6715 -0.7409 -0.0160
vn -0.5956 -0.8030 -0.0199
vn -0.5140 -0.8576 -0.0160
vn -0.4275 -0.9038 -0.0199
vn -0.3368 -0.9414 -0.0160
vn -0.2429 -0.9698 -0.0199
vn -0.1467 -0.9891 -0.0160
vn -0.0491 -0.9986 -0.0199
vn 0.0491 -0.9987 -0.0160
vn 0.1467 -0.9890 -0.0199
vn 0.2429 -0.9699 -0.0160
vn -0.2242 -0.4739 -0.8515
vn -0.1274 -0.5086 -0.8515
vn -0.0257 -0.5237 -0.8515
vn 0.0769 -0.5186 -0.8515
vn 0.1766 -0.4936 -0.8515
vn 0.2695 -0.4497 -0.8515
vn -0.2373 0.6632 -0.7098
vn -0.3621 0.6042 -0.7098
vn -0.4730 0.5219 -0.7098
vn 0.3521 -0.3885 -0.8515
vn 0.3368 -0.9414 -0.0199
vn 0.4275 -0.9039 -0.0160
vn 0.5140 -0.8576 -0.0199
vn 0.5956 -0.8031 -0.0160
vn 0.6714 -0.7408 -0.0199
vn 0.1274 0.5086 -0.8515
vn 0.0257 0.5236 -0.8515
vn 0.0257 0.5237 -0.8515
vn -0.0769 0.5186 -0.8515
vn -0.1766 0.4936 -0.8515
vn 0.2373 -0.6632 -0.7098
vn 0.3621 -0.6042 -0.7098
vn 0.4730 -0.5219 -0.7098
vn -0.2695 0.4497 -0.8515
vn -0.3521 0.3885 -0.8515
vn -0.1467 0.9890 -0.0199
vn -0.2429 0.9699 -0.0160
vn -0.3368 0.9414 -0.0199
vn -0.4275 0.9039 -0.0160
vn -0.5140 0.8576 -0.0199
vn -0.5956 0.8031 -0.0160
vn -0.6714 0.7408 -0.0199
vn -0.7409 0.6715 -0.0160
vn -0.8030 0.5956 -0.0199
vn -0.8576 0.5140 -0.0160
vn -0.9038 0.4275 -0.0199
vn -0.9414 0.3368 -0.0160
vn -0.9698 0.2429 -0.0199
vn -0.9891 0.1467 -0.0160
vn -0.4211 0.3123 -0.8515
vn -0.4739 0.2242 -0.8515
vn -0.5086 0.1274 -0.8515
vn -0.5237 0.0257 -0.8515
vn 0.7035 -0.0346 -0.7098
vn 0.5658 -0.4196 -0.7098
vn 0.6367 -0.3012 -0.7098
vn 0.6833 -0.1711 -0.7098
vn 0.7409 -0.6715 -0.0160
vn 0.8030 -0.5956 -0.0199
vn 0.8576 -0.5140 -0.0160
vn 0.9038 -0.4275 -0.0199
vn 0.9414 -0.3368 -0.0160
vn 0.9698 -0.2429 -0.0199
vn 0.9891 -0.1467 -0.0160
vn 0.9986 -0.0491 -0.0199
vn 0.5237 -0.0257 -0.8515
vn 0.5186 0.0769 -0.8515
vn -0.6967 -0.1034 -0.7098
vn -0.6632 -0.2373 -0.7098
vn 0.9987 0.0491 -0.0160
vn 0.9890 0.1467 -0.0199
vn 0.4936 0.1766 -0.8515
vn -0.6042 -0.3621 -0.7098
vn -0.5219 -0.4730 -0.7098
vn -0.4196 -0.5657 -0.7098
vn 0.4497 0.2695 -0.8515
vn 0.3885 0.3521 -0.8515
vn 0.3123 0.4211 -0.8515
vn 0.2242 0.4739 -0.8515
vn 0.2429 0.9698 -0.0199
vn 0.3368 0.9414 -0.0160
vn 0.4275 0.9038 -0.0199
vn 0.5140 0.8576 -0.0160
vn 0.5956 0.8030 -0.0199
vn 0.6715 0.7409 -0.0160
vn 0.7408 0.6714 -0.0199
vn 0.8031 0.5956 -0.0160
vn 0.8576 0.5140 -0.0199
vn 0.9039 0.4275 -0.0160
vn 0.9414 0.3368 -0.0199
vn 0.9699 0.2429 -0.0160
vn -0.6833 0.1711 -0.7098
vn -0.6367 0.3012 -0.7098
vn -0.5657 0.4196 -0.7098
vn 0.4211 -0.3123 -0.8515
vn 0.4739 -0.2242 -0.8515
vn 0.5086 -0.1274 -0.8515
vn -0.7035 0.0346 -0.7098
vn -0.4948 -0.0734 0.8659
vn -0.4996 0.0245 0.8659
vn -0.4853 0.1215 0.8659
vn -0.0689 0.0173 0.9975
vn -0.0642 0.0304 0.9975
vn -0.0571 0.0423 0.9975
vn -0.0710 0.0035 0.9975
vn -0.1719 0.0084 0.9851
vn -0.6596 0.0324 0.7509
vn -0.6406 0.1605 0.7509
vn -0.4522 0.2139 0.8659
vn -0.4018 0.2980 0.8659
vn -0.0477 0.0526 0.9975
vn -0.5970 0.2823 0.7509
vn -0.1556 0.0736 0.9851
vn -0.1674 0.0599 0.9841
vn -0.1670 0.0418 0.9851
vn -0.1759 0.0261 0.9841
vn -0.5304 0.3934 0.7509
vn -0.1382 0.1025 0.9851
vn -0.1525 0.0914 0.9841
vn -0.8427 0.5051 0.1862
vn -0.8882 0.4201 0.1862
vn -0.9251 0.3310 0.1862
vn -0.9531 0.2387 0.1862
vn -0.9719 0.1442 0.1862
vn -0.9813 0.0482 0.1862
vn -0.1317 0.1194 0.9841
vn -0.1156 0.1275 0.9851
vn -0.1059 0.1428 0.9841
vn -0.0885 0.1476 0.9851
vn -0.3395 0.5664 0.7509
vn -0.4435 0.4893 0.7509
vn -0.5051 0.8427 0.1862
vn -0.5853 0.7892 0.1862
vn -0.6598 0.7280 0.1862
vn -0.7280 0.6598 0.1862
vn -0.7892 0.5853 0.1862
vn -0.0482 0.9813 0.1862
vn -0.1442 0.9719 0.1862
vn -0.0253 0.1702 0.9851
vn -0.0432 0.1725 0.9841
vn -0.0580 0.1620 0.9851
vn -0.0760 0.1607 0.9841
vn -0.4201 0.8882 0.1862
vn -0.3310 0.9251 0.1862
vn -0.2387 0.9531 0.1862
vn -0.0969 0.6532 0.7509
vn -0.2225 0.6218 0.7509
vn -0.2572 0.4291 0.8659
vn -0.3359 0.3707 0.8659
vn -0.1685 0.4710 0.8659
vn -0.0734 0.4948 0.8659
vn 0.0324 0.6596 0.7509
vn 0.1605 0.6406 0.7509
vn 0.0245 0.4996 0.8659
vn 0.1216 0.4853 0.8659
vn 0.1215 0.4853 0.8659
vn 0.0035 0.0710 0.9975
vn 0.0173 0.0689 0.9975
vn 0.0599 0.1674 0.9841
vn 0.0418 0.1670 0.9851
vn 0.0261 0.1759 0.9841
vn 0.0084 0.1719 0.9851
vn 0.3310 0.9251 0.1862
vn 0.2387 0.9531 0.1862
vn 0.1442 0.9719 0.1862
vn 0.0482 0.9813 0.1862
vn -0.0087 0.1776 0.9841
vn 0.7892 0.5853 0.1862
vn 0.7280 0.6598 0.1862
vn 0.1275 0.1156 0.9851
vn 0.1194 0.1317 0.9841
vn 0.1025 0.1382 0.9851
vn 0.0914 0.1525 0.9841
vn 0.5051 0.8427 0.1862
vn 0.4201 0.8882 0.1862
vn 0.6598 0.7280 0.1862
vn 0.5853 0.7892 0.1862
vn 0.0736 0.1556 0.9851
vn 0.2823 0.5970 0.7509
vn 0.2139 0.4522 0.8659
vn 0.0304 0.0642 0.9975
vn 0.3828 0.8093 0.4455
vn 0.3934 0.5304 0.7509
vn 0.2980 0.4018 0.8659
vn 0.0772 0.3081 0.9482
vn 0.1358 0.2871 0.9482
vn 0.1892 0.2551 0.9482
vn 0.5333 0.7191 0.4455
vn 0.0423 0.0571 0.9975
vn 0.3707 0.3359 0.8659
vn 0.6218 0.2225 0.7509
vn 0.5664 0.3395 0.7509
vn 0.4291 0.2572 0.8659
vn 0.0526 0.0477 0.9975
vn 0.6634 0.6012 0.4455
vn 0.7679 0.4603 0.4455
vn 0.0609 0.0365 0.9975
vn 0.4710 0.1685 0.8659
vn 0.2353 0.2133 0.9482
vn 0.2724 0.1633 0.9482
vn 0.8430 0.3016 0.4455
vn 0.0669 0.0239 0.9975
vn 0.4948 0.0734 0.8659
vn -0.0310 -0.0281 0.9991
vn -0.0362 -0.0217 0.9991
vn 0.2990 0.1070 0.9482
vn 0.3142 0.0466 0.9482
vn 0.8856 0.1314 0.4455
vn 0.8942 -0.0439 0.4455
vn -0.0394 -0.0141 0.9991
vn -0.0418 -0.0062 0.9991
vn 0.3172 -0.0156 0.9482
vn 0.3081 -0.0772 0.9482
vn 0.6012 -0.6634 0.4455
vn 0.2133 -0.2353 0.9482
vn 0.2551 -0.1892 0.9482
vn 0.2871 -0.1358 0.9482
vn -0.0410 0.0103 0.9991
vn -0.0418 0.0021 0.9991
vn -0.0378 0.0179 0.9991
vn -0.0339 0.0252 0.9991
vn -0.0281 0.0310 0.9991
vn 0.1633 -0.2724 0.9482
vn 0.1070 -0.2990 0.9482
vn 0.0021 0.0418 0.9991
vn -0.0062 0.0418 0.9991
vn -0.0141 0.0394 0.9991
vn -0.0217 0.0362 0.9991
vn 0.0466 -0.3142 0.9482
vn -0.0156 -0.3172 0.9482
vn 0.0103 0.0410 0.9991
vn 0.0179 0.0378 0.9991
vn 0.0252 0.0339 0.9991
vn 0.0310 0.0281 0.9991
vn 0.0418 0.0062 0.9991
vn 0.0394 0.0141 0.9991
vn 0.0362 0.0217 0.9991
vn -0.2353 -0.2133 0.9482
vn -0.1892 -0.2551 0.9482
vn -0.1358 -0.2871 0.9482
vn -0.0526 -0.0477 0.9975
vn -0.6634 -0.6012 0.4455
vn -0.2724 -0.1633 0.9482
vn -0.2990 -0.1070 0.9482
vn -0.3142 -0.0466 0.9482
vn -0.0609 -0.0365 0.9975
vn -0.0703 -0.0104 0.9975
vn -0.0669 -0.0239 0.9975
vn -0.7679 -0.4603 0.4455
vn -0.8430 -0.3016 0.4455
vn -0.8856 -0.1314 0.4455
vn -0.8942 0.0439 0.4455
vn -0.4291 -0.2572 0.8659
vn -0.4710 -0.1685 0.8659
vn -0.0709 0.0035 0.9975
vn -0.8685 0.2175 0.4455
vn -0.8093 0.3828 0.4455
vn -0.6532 -0.0969 0.7509
vn -0.6218 -0.2225 0.7509
vn -0.5664 -0.3395 0.7509
vn -0.4893 -0.4435 0.7509
vn -0.3707 -0.3359 0.8659
vn -0.1194 -0.1317 0.9841
vn -0.1275 -0.1156 0.9851
vn -0.1428 -0.1059 0.9841
vn -0.1476 -0.0885 0.9851
vn -0.1607 -0.0760 0.9841
vn -0.1620 -0.0580 0.9851
vn -0.1725 -0.0432 0.9841
vn -0.1702 -0.0253 0.9851
vn -0.1776 -0.0087 0.9841
vn -0.9251 -0.3310 0.1862
vn -0.9531 -0.2387 0.1862
vn -0.9719 -0.1442 0.1862
vn -0.9813 -0.0482 0.1862
vn -0.6598 -0.7280 0.1862
vn -0.7280 -0.6598 0.1862
vn -0.7892 -0.5853 0.1862
vn -0.8427 -0.5051 0.1862
vn -0.8882 -0.4201 0.1862
vn -0.2823 -0.5970 0.7509
vn -0.0736 -0.1556 0.9851
vn -0.0914 -0.1525 0.9841
vn -0.1025 -0.1382 0.9851
vn -0.3934 -0.5304 0.7509
vn -0.2980 -0.4018 0.8659
vn -0.0418 -0.1670 0.9851
vn -0.0599 -0.1674 0.9841
vn -0.3310 -0.9251 0.1862
vn -0.4201 -0.8882 0.1862
vn -0.5051 -0.8427 0.1862
vn -0.5853 -0.7892 0.1862
vn -0.2387 -0.9531 0.1862
vn -0.1442 -0.9719 0.1862
vn -0.0482 -0.9813 0.1862
vn 0.2387 -0.9531 0.1862
vn 0.1442 -0.9719 0.1862
vn 0.0482 -0.9813 0.1862
vn -0.0084 -0.1719 0.9851
vn -0.0261 -0.1759 0.9841
vn 0.0087 -0.1776 0.9841
vn 0.0253 -0.1702 0.9851
vn 0.0432 -0.1725 0.9841
vn 0.0580 -0.1620 0.9851
vn 0.0760 -0.1607 0.9841
vn 0.0885 -0.1476 0.9851
vn 0.6598 -0.7280 0.1862
vn 0.5853 -0.7892 0.1862
vn 0.5051 -0.8427 0.1862
vn 0.4201 -0.8882 0.1862
vn 0.3310 -0.9251 0.1862
vn 0.1059 -0.1428 0.9841
vn 0.1156 -0.1275 0.9851
vn 0.1317 -0.1194 0.9841
vn 0.1382 -0.1025 0.9851
vn 0.1525 -0.0914 0.9841
vn 0.1556 -0.0736 0.9851
vn 0.1674 -0.0599 0.9841
vn 0.9251 -0.3310 0.1862
vn 0.8882 -0.4201 0.1862
vn 0.8427 -0.5051 0.1862
vn 0.7892 -0.5853 0.1862
vn 0.7280 -0.6598 0.1862
vn 0.4996 -0.0245 0.8659
vn 0.4853 -0.1216 0.8659
vn 0.6406 -0.1605 0.7509
vn 0.1670 -0.0418 0.9851
vn 0.9531 -0.2387 0.1862
vn 0.1759 -0.0261 0.9841
vn 0.9719 -0.1442 0.1862
vn 0.9813 -0.0482 0.1862
vn 0.9251 0.3310 0.1862
vn 0.9531 0.2387 0.1862
vn 0.9719 0.1442 0.1862
vn 0.9813 0.0482 0.1862
vn 0.1719 -0.0084 0.9851
vn 0.1776 0.0087 0.9841
vn 0.1702 0.0253 0.9851
vn 0.1725 0.0432 0.9841
vn 0.1620 0.0580 0.9851
vn 0.6596 -0.0324 0.7509
vn 0.6532 0.0969 0.7509
vn 0.1607 0.0760 0.9841
vn 0.1476 0.0885 0.9851
vn 0.4893 0.4435 0.7509
vn 0.1428 0.1059 0.9841
vn 0.8427 0.5051 0.1862
vn 0.8882 0.4201 0.1862
vn -0.3012 -0.6367 -0.7098
vn -0.1711 -0.6833 -0.7098
vn -0.0346 -0.7035 -0.7098
vn 0.1034 -0.6967 -0.7098
vn 0.1467 0.9891 -0.0160
vn 0.0491 0.9986 -0.0199
vn -0.0491 0.9987 -0.0160
vn -0.5186 -0.0769 -0.8515
vn -0.4936 -0.1766 -0.8515
vn -0.4497 -0.2695 -0.8515
vn -0.9986 0.0491 -0.0199
vn -0.9987 -0.0491 -0.0160
vn -0.9890 -0.1467 -0.0199
vn -0.9699 -0.2430 -0.0160
vn -0.9414 -0.3368 -0.0199
vn -0.9039 -0.4275 -0.0160
vn -0.0304 -0.0642 0.9975
vn -0.0173 -0.0689 0.9975
vn -0.1216 -0.4853 0.8659
vn -0.0245 -0.4996 0.8659
vn -0.0035 -0.0710 0.9975
vn -0.2175 -0.8685 0.4455
vn -0.0439 -0.8942 0.4455
vn 0.0104 -0.0703 0.9975
vn 0.0239 -0.0669 0.9975
vn 0.0734 -0.4948 0.8659
vn 0.0969 -0.6532 0.7509
vn -0.0324 -0.6596 0.7509
vn -0.1605 -0.6406 0.7509
vn 0.1685 -0.4710 0.8659
vn 0.2572 -0.4291 0.8659
vn 0.3359 -0.3707 0.8659
vn 0.4018 -0.2980 0.8659
vn 0.4522 -0.2139 0.8659
vn 0.0642 -0.0304 0.9975
vn 0.0689 -0.0173 0.9975
vn 0.0477 -0.0526 0.9975
vn 0.0571 -0.0423 0.9975
vn 0.8685 -0.2175 0.4455
vn 0.8093 -0.3828 0.4455
vn 0.7191 -0.5333 0.4455
vn 0.0365 -0.0609 0.9975
vn -0.0772 -0.3081 0.9482
vn 0.1314 -0.8856 0.4455
vn 0.3016 -0.8430 0.4455
vn 0.4603 -0.7679 0.4455
vn 0.3012 0.6367 -0.7098
vn 0.1711 0.6833 -0.7098
vn 0.0346 0.7035 -0.7098
vn -0.1034 0.6967 -0.7098
vn -0.1033 0.6967 -0.7098
vn 0.0000 0.0000 1.0000
vn 0.8782 -0.4154 0.2371
vn 0.9703 -0.0477 0.2371
vn 0.9147 0.3273 0.2371
vn -0.8782 0.4154 0.2371
vn -0.7125 0.3370 0.6154
vn -0.6524 0.7198 0.2371
vn -0.3273 0.9147 0.2371
vn 0.7198 0.6524 0.2371
vn 0.7421 0.2655 0.6154
vn 0.7872 -0.0387 0.6154
vn 0.7125 -0.3370 0.6154
vn 0.5293 -0.5840 0.6154
vn 0.2655 -0.7421 0.6154
vn 0.5840 0.5293 0.6154
vn 0.4154 0.8782 0.2371
vn 0.0477 0.9703 0.2371
vn -0.5293 0.5840 0.6154
vn -0.2655 0.7421 0.6154
vn 0.0387 0.7872 0.6154
vn 0.3370 0.7125 0.6154
vn 0.2175 0.8685 0.4455
vn 0.0439 0.8942 0.4455
vn -0.0104 0.0703 0.9975
vn -0.0239 0.0669 0.9975
vn -0.0365 0.0609 0.9975
vn -0.3016 0.8430 0.4455
vn -0.1314 0.8856 0.4455
vn 0.0156 0.3172 0.9482
vn -0.1070 0.2990 0.9482
vn -0.0466 0.3142 0.9482
vn -0.0021 -0.0418 0.9991
vn -0.0103 -0.0410 0.9991
vn -0.0179 -0.0378 0.9991
vn -0.0252 -0.0339 0.9991
vn -0.2133 0.2353 0.9482
vn -0.1633 0.2724 0.9482
vn 0.0141 -0.0394 0.9991
vn 0.0062 -0.0418 0.9991
vn 0.0217 -0.0362 0.9991
vn 0.0281 -0.0310 0.9991
vn 0.0339 -0.0252 0.9991
vn 0.0378 -0.0179 0.9991
vn 0.0410 -0.0103 0.9991
vn 0.0418 -0.0021 0.9991
vn -0.3172 0.0156 0.9482
vn -0.3081 0.0772 0.9482
vn -0.2871 0.1358 0.9482
vn -0.2551 0.1892 0.9482
vn -0.7191 0.5333 0.4455
vn -0.6012 0.6634 0.4455
vn -0.4603 0.7679 0.4455
vn 0.0830 -0.3542 0.9315
vn 0.0829 -0.3543 0.9314
vn 0.9679 -0.2365 0.0850
vn 0.2250 -0.9606 0.1634
vn 0.9659 -0.2479 0.0753
vn 0.0933 -0.3986 -0.9124
vn 0.0933 -0.3985 -0.9124
vn -0.3742 -0.9065 0.1955
vn 0.2005 -0.8576 -0.4736
vn 0.2008 -0.8581 -0.4726
vn 0.7108 -0.6765 0.1927
vn 0.7882 -0.5991 0.1409
vn 0.1283 -0.5490 0.8259
vn 0.1284 -0.5485 0.8262
vn -0.4836 -0.8636 0.1426
vn -0.8001 -0.5938 0.0852
vn -0.7935 -0.6038 0.0755
vn 0.2253 -0.9638 0.1427
vn 0.1785 -0.7638 0.6203
vn 0.3315 -0.9326 0.1426
vn 0.2983 -0.9283 0.2219
vn 0.3623 -0.8867 0.2871
vn 0.2516 -0.7186 0.6482
vn 0.1912 -0.8182 0.5422
vn 0.1916 -0.8191 0.5407
vn 0.0936 -0.7587 0.6447
vn 0.0755 -0.6117 0.7875
vn 0.0911 -0.5927 0.8003
vn 0.1422 -0.6079 0.7812
vn 0.1597 -0.5793 0.7993
vn 0.2068 -0.5906 0.7800
vn 0.0548 -0.1990 0.9785
vn 0.0260 -0.2016 0.9791
vn 0.0300 -0.1948 0.9804
vn 0.0044 -0.1950 0.9808
vn 0.2198 -0.5619 0.7975
vn 0.0779 -0.1993 0.9768
vn 0.0523 -0.2059 0.9772
vn 0.0400 -0.1573 0.9867
vn 0.0208 -0.1609 0.9868
vn 0.0037 -0.1621 0.9868
vn -0.0115 -0.1617 0.9868
vn 0.0662 0.3712 0.9262
vn 0.0266 0.3759 0.9263
vn -0.0086 0.3768 0.9263
vn -0.0483 0.3740 0.9262
vn -0.0929 0.3655 0.9262
vn 0.0586 -0.1513 0.9868
vn -0.1361 0.3517 0.9262
vn -0.1774 0.3328 0.9262
vn -0.1361 0.3516 0.9262
vn 0.0763 -0.1432 0.9867
vn 0.0930 -0.1330 0.9868
vn 0.1064 -0.1223 0.9868
vn -0.2473 0.2844 0.9263
vn -0.2727 0.2601 0.9263
vn -0.2160 0.3090 0.9262
vn 0.0776 -0.2006 0.9766
vn 0.1009 -0.1893 0.9767
vn 0.0959 -0.1866 0.9777
vn 0.1186 -0.1697 0.9783
vn 0.1107 -0.1671 0.9797
vn 0.1297 -0.1492 0.9803
vn 0.1249 -0.1488 0.9809
vn 0.1412 -0.1325 0.9811
vn 0.4412 -0.4142 0.7961
vn 0.4863 -0.3785 0.7875
vn 0.7219 -0.6771 0.1429
vn 0.6972 -0.6811 0.2235
vn 0.7427 -0.6127 0.2702
vn 0.5432 -0.5311 0.6503
vn 0.4406 -0.4308 0.7876
vn 0.3894 -0.4641 0.7956
vn 0.3859 -0.4907 0.7812
vn 0.3318 -0.5007 0.7995
vn 0.3241 -0.5352 0.7801
vn 0.3930 -0.6489 0.6515
vn 0.5233 -0.6650 0.5329
vn 0.5220 -0.6638 0.5356
vn 0.2750 -0.5349 0.7989
vn 0.6094 -0.7757 0.1641
vn 0.9616 0.2648 0.0721
vn 0.9578 0.2756 0.0812
vn 0.9827 -0.1234 0.1382
vn 0.3454 -0.4394 0.8292
vn 0.3461 -0.4399 0.8287
vn -0.0498 -0.9891 0.1384
vn 0.0601 -0.9799 0.1903
vn 0.5427 -0.6896 -0.4795
vn 0.6120 -0.7778 0.1432
vn 0.2517 -0.3203 -0.9133
vn 0.9524 -0.2374 0.1911
vn 0.5418 -0.6892 -0.4811
vn 0.2518 -0.3203 -0.9132
vn -0.4293 -0.9003 0.0724
vn 0.2237 -0.2847 0.9321
vn 0.2238 -0.2847 0.9321
vn -0.4390 -0.8948 0.0818
vn 0.4521 -0.8443 0.2877
vn 0.5270 -0.8202 0.2225
vn 0.5080 -0.8498 0.1408
vn 0.5057 -0.8508 0.1429
vn 0.5261 -0.8454 0.0920
vn 0.5280 -0.8444 0.0902
vn 0.5014 -0.8652 0.0032
vn 0.5283 -0.8449 -0.0841
vn 0.0865 -0.9936 -0.0726
vn 0.3743 -0.7982 -0.4720
vn 0.3742 -0.7981 -0.4723
vn 0.1821 -0.3884 -0.9033
vn -0.6087 -0.7903 0.0701
vn -0.6096 -0.7895 0.0711
vn -0.1018 -0.9868 0.1261
vn -0.0998 -0.9870 0.1256
vn 0.1820 -0.3883 -0.9034
vn 0.4198 -0.8954 0.1483
vn 0.1595 -0.3401 0.9268
vn 0.3234 -0.6898 0.6477
vn 0.3235 -0.6899 0.6476
vn 0.4078 -0.8697 0.2781
vn 0.4077 -0.8697 0.2782
vn 0.2651 -0.5654 0.7811
vn 0.8291 -0.5445 0.1266
vn 0.8302 -0.5428 0.1271
vn 0.9973 -0.0150 0.0715
vn 0.9974 -0.0163 0.0706
vn 0.3339 -0.9321 0.1405
vn 0.3174 -0.9440 0.0900
vn 0.3153 -0.9445 0.0918
vn 0.4228 -0.9016 0.0917
vn 0.3443 -0.7343 0.5851
vn 0.3442 -0.7342 0.5853
vn 0.1681 -0.3586 0.9182
vn 0.1681 -0.3586 0.9183
vn 0.9999 -0.0152 0.0016
vn 0.8471 -0.5315 0.0028
vn 0.2276 -0.9737 0.0032
vn 0.3481 -0.9374 0.0031
vn 0.3481 -0.9374 0.0032
vn -0.1207 -0.9927 0.0028
vn -0.6111 -0.7916 0.0016
vn -0.6111 -0.7915 0.0016
vn 0.4244 -0.9054 0.0034
vn 0.3155 -0.9451 -0.0856
vn 0.9999 -0.0151 0.0016
vn 0.1684 -0.3593 -0.9179
vn 0.3452 -0.7363 -0.5820
vn 0.3453 -0.7364 -0.5819
vn 0.4230 -0.9021 -0.0855
vn 0.3732 -0.7959 0.4767
vn -0.1019 -0.9874 -0.1208
vn -0.6098 -0.7897 -0.0680
vn 0.1596 -0.3405 -0.9266
vn 0.9975 -0.0150 -0.0685
vn 0.9976 -0.0162 -0.0675
vn 0.1814 -0.3870 0.9041
vn 0.4202 -0.8963 -0.1420
vn -0.6088 -0.7904 -0.0671
vn 0.3731 -0.7958 0.4770
vn 0.8308 -0.5431 -0.1217
vn 0.8297 -0.5449 -0.1212
vn 0.3242 -0.6916 -0.6455
vn 0.3243 -0.6917 -0.6453
vn -0.0999 -0.9877 -0.1203
vn 0.3342 -0.9328 -0.1346
vn 0.3175 -0.9445 -0.0838
vn 0.7048 -0.7056 -0.0735
vn 0.7062 -0.7042 -0.0740
vn 0.9679 -0.2481 -0.0413
vn 0.9677 -0.2489 -0.0407
vn 0.2271 -0.9698 -0.0889
vn 0.0947 -0.4044 0.9097
vn -0.7948 -0.6055 -0.0408
vn -0.7953 -0.6048 -0.0415
vn 0.0893 -0.3815 -0.9200
vn 0.0893 -0.3816 -0.9200
vn 0.1794 -0.7663 -0.6169
vn 0.1790 -0.7659 -0.6176
vn 0.2255 -0.9646 -0.1368
vn 0.0947 -0.4045 0.9096
vn 0.1171 -0.9895 -0.0843
vn -0.3553 -0.9317 -0.0746
vn -0.3573 -0.9310 -0.0752
vn 0.1926 -0.8237 0.5333
vn 0.1929 -0.8242 0.5325
vn -0.1199 -0.9882 0.0958
vn -0.9418 -0.3336 0.0422
vn -0.0499 -0.4118 -0.9099
vn -0.1016 -0.8392 -0.5342
vn -0.1011 -0.8384 -0.5355
vn -0.1197 -0.9928 0.0032
vn 0.0376 -0.9993 0.0032
vn 0.0159 -0.9962 -0.0855
vn 0.1152 -0.9897 -0.0854
vn 0.1022 -0.9852 -0.1375
vn 0.4877 -0.8695 0.0784
vn 0.4895 -0.8684 0.0789
vn -0.0939 -0.7754 0.6244
vn -0.0934 -0.7746 0.6255
vn -0.1185 -0.9826 0.1432
vn -0.1050 -0.8706 -0.4806
vn -0.2416 -0.9598 0.1429
vn -0.2442 -0.9595 0.1408
vn -0.2239 -0.9703 0.0920
vn -0.2260 -0.9699 0.0902
vn -0.6428 -0.7621 0.0780
vn -0.6412 -0.7633 0.0787
vn -0.9420 -0.3328 0.0428
vn -0.0468 -0.3866 0.9210
vn -0.0469 -0.3865 0.9211
vn 0.8680 -0.4948 0.0424
vn 0.8676 -0.4955 0.0418
vn -0.0499 -0.4117 -0.9100
vn -0.2581 -0.9661 0.0032
vn -0.1008 -0.8359 0.5396
vn 0.4897 -0.8688 -0.0735
vn 0.8681 -0.4949 -0.0395
vn -0.0470 -0.3871 -0.9208
vn -0.1200 -0.9888 -0.0892
vn -0.0498 -0.4104 0.9106
vn -0.0497 -0.4105 0.9105
vn 0.8677 -0.4956 -0.0389
vn -0.1013 -0.8367 0.5382
vn -0.6430 -0.7624 -0.0726
vn -0.6415 -0.7636 -0.0733
vn -0.0942 -0.7776 -0.6217
vn -0.0469 -0.3873 -0.9208
vn -0.9421 -0.3328 -0.0399
vn -0.9419 -0.3336 -0.0392
vn -0.2141 -0.9554 -0.2036
vn -0.2418 -0.9606 -0.1369
vn -0.2444 -0.9603 -0.1348
vn -0.2261 -0.9705 -0.0840
vn -0.2240 -0.9708 -0.0858
vn 0.2221 -0.9750 0.0028
vn -0.2763 -0.7624 0.5852
vn -0.2764 -0.7625 0.5850
vn -0.7878 -0.6159 0.0028
vn -0.2775 -0.9240 -0.2630
vn -0.3394 -0.9367 -0.0855
vn -0.2994 -0.8264 0.4769
vn 0.2023 -0.9717 -0.1216
vn 0.2003 -0.9722 -0.1211
vn -0.2996 -0.8265 0.4766
vn -0.1456 -0.4018 0.9041
vn -0.9897 -0.1262 -0.0682
vn -0.9896 -0.1275 -0.0672
vn -0.3373 -0.9306 -0.1420
vn -0.1457 -0.4018 0.9041
vn 0.6931 -0.7177 -0.0674
vn 0.6939 -0.7168 -0.0683
vn -0.1282 -0.3536 -0.9266
vn -0.2603 -0.7183 -0.6452
vn -0.2602 -0.7182 -0.6454
vn -0.9866 0.1427 -0.0786
vn -0.9495 -0.2847 -0.1321
vn -0.3125 -0.5025 -0.8061
vn -0.3129 -0.5028 -0.8058
vn 0.1165 -0.9846 -0.1302
vn 0.0150 -0.9841 -0.1769
vn -0.4435 -0.8730 -0.2031
vn -0.4255 -0.8949 -0.1346
vn -0.7696 -0.6271 -0.1204
vn -0.7708 -0.6255 -0.1209
vn -0.9054 -0.3845 -0.1798
vn -0.4433 -0.8923 -0.0856
vn -0.4231 -0.8957 -0.1366
vn -0.5234 -0.8410 -0.1368
vn -0.4642 -0.7458 0.4778
vn -0.4637 -0.7455 0.4788
vn -0.2154 -0.3463 0.9131
vn -0.2153 -0.3463 0.9131
vn -0.5215 -0.8387 -0.1572
vn -0.9881 0.1357 -0.0728
vn -0.4453 -0.8914 -0.0839
vn -0.4174 -0.9087 0.0031
vn -0.4174 -0.9087 0.0032
vn -0.4451 -0.8910 0.0900
vn -0.5284 -0.8490 0.0032
vn -0.6184 -0.7805 0.0916
vn -0.6367 -0.7711 0.0032
vn -0.6187 -0.7810 -0.0854
vn -0.6201 -0.7799 -0.0843
vn -0.9108 -0.4060 -0.0747
vn -0.4153 -0.6677 -0.6178
vn -0.2070 -0.3327 -0.9200
vn 0.5083 -0.8602 -0.0412
vn 0.5076 -0.8606 -0.0406
vn -0.6261 -0.7677 -0.1367
vn -0.2194 -0.3527 0.9096
vn -0.2193 -0.3527 0.9097
vn -0.9899 0.1354 -0.0409
vn -0.5259 -0.8459 -0.0889
vn -0.2069 -0.3327 -0.9201
vn -0.9898 0.1363 -0.0416
vn -0.9116 -0.4041 -0.0752
vn -0.4467 -0.7182 0.5335
vn -0.4472 -0.7185 0.5327
vn 0.0008 -0.9973 -0.0740
vn -0.0012 -0.9973 -0.0734
vn -0.4158 -0.6680 -0.6171
vn -0.6252 -0.7682 -0.1376
vn -0.6059 -0.7689 -0.2042
vn -0.6524 -0.7163 -0.2476
vn -0.4869 -0.6208 -0.6144
vn -0.3985 -0.5081 -0.7636
vn -0.3719 -0.5058 -0.7784
vn -0.1055 -0.1855 -0.9770
vn -0.3111 -0.5467 -0.7774
vn -0.3450 -0.5546 -0.7572
vn -0.4565 -0.7338 -0.5032
vn -0.4571 -0.7346 -0.5015
vn -0.2844 -0.5897 -0.7559
vn -0.3417 -0.7086 -0.6173
vn -0.3766 -0.8884 -0.2625
vn -0.3296 -0.9096 -0.2530
vn -0.3297 -0.9096 -0.2529
vn -0.2226 -0.6142 -0.7571
vn -0.2536 -0.5784 -0.7754
vn -0.0858 -0.1957 -0.9769
vn -0.0856 -0.1505 -0.9849
vn -0.0905 -0.1518 -0.9843
vn -0.0713 -0.1627 -0.9841
vn -0.0723 -0.1631 -0.9840
vn -0.1260 -0.1713 -0.9771
vn -0.0991 -0.1348 -0.9859
vn -0.1046 -0.1354 -0.9853
vn 0.2152 0.2784 -0.9360
vn 0.1711 0.3007 -0.9383
vn 0.1701 0.2853 -0.9432
vn 0.1322 0.3016 -0.9442
vn 0.1324 0.2987 -0.9451
vn 0.0959 0.3136 -0.9447
vn 0.2185 0.2972 -0.9295
vn -0.4357 -0.4595 -0.7740
vn -0.1459 -0.1537 -0.9773
vn -0.1460 -0.1537 -0.9773
vn -0.1138 -0.1198 -0.9863
vn -0.1150 -0.1197 -0.9861
vn 0.2577 0.2689 -0.9280
vn 0.2586 0.2731 -0.9266
vn -0.0521 -0.1703 -0.9840
vn -0.0537 -0.1670 -0.9845
vn -0.0654 -0.2033 -0.9769
vn -0.1928 -0.5995 -0.7768
vn -0.1567 -0.6356 -0.7560
vn -0.1877 -0.7613 -0.6207
vn -0.1040 -0.8623 -0.4955
vn -0.0704 -0.5840 -0.8087
vn -0.0706 -0.5831 -0.8093
vn 0.1033 0.3213 -0.9413
vn 0.0601 0.3371 -0.9395
vn -0.0305 -0.1710 -0.9848
vn -0.0339 -0.1662 -0.9855
vn -0.0426 -0.2087 -0.9771
vn -0.1257 -0.6162 -0.7775
vn -0.0784 -0.6485 -0.7572
vn -0.1045 -0.8639 -0.4927
vn 0.0074 -0.7852 -0.6192
vn 0.0718 0.3519 -0.9333
vn -0.0563 -0.6318 -0.7731
vn -0.0188 -0.2113 -0.9772
vn -0.0147 -0.1651 -0.9862
vn -0.0119 -0.1674 -0.9858
vn 0.0257 0.3634 -0.9313
vn 0.0332 0.3733 -0.9271
vn 0.0061 -0.6450 -0.7642
vn 0.0188 -0.6333 -0.7736
vn 0.0063 -0.2119 -0.9773
vn 0.0049 -0.1652 -0.9863
vn 0.0038 -0.1660 -0.9861
vn -0.0084 0.3720 -0.9282
vn -0.0112 0.3761 -0.9265
vn -0.0560 0.3640 -0.9297
vn 0.1032 -0.9852 -0.1367
vn 0.1178 -0.9718 -0.2041
vn 0.0465 -0.9678 -0.2475
vn 0.0967 -0.7839 -0.6133
vn 0.0790 -0.6402 -0.7641
vn 0.0954 -0.6205 -0.7784
vn 0.0323 -0.2102 -0.9771
vn 0.0255 -0.1655 -0.9859
vn 0.0219 -0.1698 -0.9852
vn 0.0644 -0.1664 -0.9840
vn 0.0647 -0.1655 -0.9841
vn 0.0435 -0.1714 -0.9842
vn 0.0460 -0.1670 -0.9849
vn 0.0567 -0.2057 -0.9770
vn 0.1671 -0.6065 -0.7773
vn 0.1488 -0.6360 -0.7572
vn 0.1971 -0.8425 -0.5013
vn 0.1967 -0.8416 -0.5031
vn 0.3318 -0.9334 -0.1367
vn 0.3044 -0.9306 -0.2031
vn 0.3625 -0.8943 -0.2625
vn 0.2600 -0.7425 -0.6173
vn 0.2164 -0.6179 -0.7559
vn 0.2300 -0.5881 -0.7754
vn 0.0779 -0.1990 -0.9769
vn 0.1348 -0.5768 -0.8057
vn 0.7790 -0.6133 -0.1304
vn 0.7069 -0.6848 -0.1771
vn 0.2002 -0.8555 0.4775
vn 0.1999 -0.8550 0.4785
vn -0.3668 -0.9128 -0.1797
vn -0.4685 -0.8736 -0.1320
vn 0.1349 -0.5762 -0.8061
vn 0.0824 -0.3523 -0.9323
vn 0.9673 -0.2412 -0.0782
vn 0.9661 -0.2479 -0.0723
vn 0.0929 -0.3971 0.9130
vn 0.0930 -0.3970 0.9131
vn 0.2252 -0.9616 -0.1572
vn -0.7937 -0.6039 -0.0726
vn 0.0825 -0.3522 -0.9323
vn -0.7977 -0.5980 -0.0785
vn 0.9618 0.2649 -0.0692
vn 0.6101 -0.7765 -0.1578
vn 0.2507 -0.3191 0.9139
vn 0.7445 -0.6201 -0.2474
vn 0.7025 -0.6816 -0.2046
vn 0.9529 -0.2472 -0.1757
vn 0.5401 -0.6871 0.4859
vn 0.2509 -0.3191 0.9139
vn -0.4294 -0.9004 -0.0696
vn 0.2224 -0.2831 -0.9330
vn 0.9596 0.2713 -0.0748
vn 0.9816 -0.1414 -0.1281
vn -0.4352 -0.8972 -0.0752
vn 0.2225 -0.2831 -0.9329
vn 0.7700 -0.6233 -0.1368
vn 0.7225 -0.6777 -0.1369
vn 0.7232 -0.6768 -0.1378
vn 0.3629 -0.4617 -0.8094
vn 0.3637 -0.4622 -0.8088
vn -0.0329 -0.9912 -0.1282
vn 0.0690 -0.9822 -0.1749
vn 0.5410 -0.6875 0.4844
vn 0.6125 -0.7784 -0.1372
vn 0.4842 -0.6153 -0.6221
vn 0.4833 -0.6149 -0.6232
vn 0.2411 -0.3067 -0.9208
vn 0.2409 -0.3066 -0.9208
vn 0.6153 -0.7832 -0.0892
vn 0.6154 -0.7832 -0.0892
vn 0.2554 -0.3250 0.9106
vn 0.9635 0.2648 -0.0389
vn 0.9633 0.2656 -0.0395
vn 0.9612 -0.2658 -0.0735
vn 0.9607 -0.2678 -0.0730
vn 0.7172 -0.6918 -0.0845
vn 0.7184 -0.6903 -0.0856
vn 0.7344 -0.6787 0.0032
vn 0.0845 -0.9937 -0.0732
vn -0.4303 -0.9018 -0.0398
vn -0.4296 -0.9022 -0.0392
vn 0.2555 -0.3251 0.9105
vn 0.5202 -0.6617 0.5400
vn 0.5210 -0.6621 0.5387
vn 0.6184 -0.7859 0.0032
vn 0.5226 -0.6641 -0.5346
vn 0.0845 -0.9933 0.0785
vn 0.5217 -0.6637 -0.5360
vn 0.9608 -0.2657 0.0789
vn 0.9603 -0.2677 0.0784
vn 0.4820 -0.6132 0.6258
vn 0.4828 -0.6136 0.6248
vn 0.0864 -0.9932 0.0780
vn -0.4302 -0.9017 0.0427
vn 0.2407 -0.3062 0.9211
vn 0.2405 -0.3061 0.9211
vn 0.9632 0.2655 0.0424
vn 0.9634 0.2648 0.0418
vn 0.2562 -0.3260 -0.9100
vn 0.6150 -0.7827 0.0958
vn -0.4295 -0.9021 0.0421
vn 0.2563 -0.3261 -0.9099
vn 0.7225 -0.6762 0.1438
vn 0.7180 -0.6899 0.0918
vn 0.7168 -0.6914 0.0907
vn 0.7734 -0.6340 0.0032
vn 0.8500 -0.5268 0.0032
vn 0.9094 -0.4160 0.0032
vn 0.8921 -0.4440 -0.0839
vn 0.7830 -0.6153 0.0916
vn 0.7819 -0.6168 0.0906
vn 0.7693 -0.6227 0.1428
vn 0.7699 -0.6218 0.1436
vn 0.8413 -0.5214 0.1428
vn 0.8916 -0.4437 0.0901
vn 0.9969 0.0001 0.0790
vn 0.6671 -0.4134 0.6197
vn 0.6668 -0.4130 0.6204
vn 0.4090 -0.9090 0.0802
vn 0.4070 -0.9098 0.0807
vn 0.7213 -0.4467 -0.5293
vn 0.3543 -0.2194 -0.9090
vn 0.8597 0.5088 0.0438
vn 0.3326 -0.2060 0.9203
vn 0.8593 0.5095 0.0445
vn 0.9968 0.0020 0.0795
vn 0.7216 -0.4472 -0.5285
vn 0.8463 -0.5240 0.0955
vn 0.3326 -0.2059 0.9203
vn -0.1332 -0.9901 0.0446
vn -0.1323 -0.9902 0.0439
vn 0.3542 -0.2193 -0.9091
vn -0.9920 -0.1266 0.0016
vn -0.1349 -0.3723 0.9182
vn -0.2772 -0.7647 -0.5818
vn -0.1352 -0.3731 -0.9179
vn -0.3408 -0.9401 0.0034
vn -0.1350 -0.3723 0.9183
vn 0.6954 -0.7186 0.0016
vn -0.2770 -0.7646 -0.5820
vn 0.6955 -0.7186 0.0016
vn 0.3467 -0.2147 0.9131
vn 0.8396 -0.5199 -0.1573
vn -0.1327 -0.9885 -0.0725
vn 0.8420 -0.5218 -0.1369
vn 0.7705 -0.6224 -0.1376
vn 0.7713 -0.6029 -0.2043
vn 0.3876 -0.9041 -0.1798
vn 0.2881 -0.9484 -0.1320
vn -0.1397 -0.9871 -0.0784
vn 0.3075 -0.1904 -0.9323
vn 0.8580 0.5084 -0.0726
vn 0.3468 -0.2148 0.9130
vn 0.7465 -0.4623 0.4785
vn 0.7468 -0.4628 0.4776
vn 0.8963 -0.4218 -0.1367
vn 0.8929 -0.4420 -0.0857
vn 0.9372 -0.3381 -0.0856
vn 0.7649 -0.2759 -0.5820
vn 0.9745 0.2243 0.0028
vn 0.7169 0.6972 0.0016
vn 0.3725 -0.1344 0.9183
vn 0.9406 -0.3394 0.0034
vn 0.3733 -0.1347 -0.9179
vn 0.7650 -0.2760 -0.5818
vn 0.6172 -0.7868 0.0028
vn 0.7629 -0.2752 0.5850
vn 0.7628 -0.2751 0.5852
vn 0.3725 -0.1344 0.9182
vn 0.1286 -0.9917 0.0016
vn 0.1285 -0.9917 0.0016
vn 0.3481 -0.2156 -0.9123
vn 0.7488 -0.4637 -0.4736
vn 0.7491 -0.4642 -0.4727
vn 0.8956 -0.4214 0.1427
vn 0.8924 -0.4418 0.0919
vn 0.9367 -0.3379 0.0917
vn 0.9707 -0.2221 0.0921
vn 0.9703 -0.2243 0.0903
vn 0.9666 -0.2565 0.0032
vn 0.9931 -0.1172 0.0032
vn 0.8665 0.4937 -0.0735
vn 0.8360 -0.0986 0.5398
vn 0.8368 -0.0991 0.5384
vn 0.7631 -0.6422 -0.0726
vn 0.4106 -0.0486 0.9105
vn 0.7768 -0.0916 -0.6231
vn 0.7776 -0.0921 -0.6220
vn 0.7643 -0.6406 -0.0733
vn 0.3339 -0.9418 -0.0398
vn 0.3347 -0.9415 -0.0391
vn 0.9891 -0.1174 -0.0893
vn 0.4105 -0.0487 0.9106
vn 0.4925 0.8694 -0.0389
vn 0.4918 0.8698 -0.0395
vn 0.3872 -0.0460 -0.9209
vn 0.3873 -0.0459 -0.9208
vn 0.9837 -0.1161 -0.1374
vn 0.9666 -0.2564 0.0032
vn 0.9712 -0.2222 -0.0859
vn 0.9709 -0.2244 -0.0841
vn 0.9607 -0.2427 -0.1350
vn 0.9610 -0.2401 -0.1371
vn 0.9557 -0.2124 -0.2038
vn 0.7436 -0.6453 -0.1750
vn 0.6780 -0.7238 -0.1282
vn 0.3272 -0.9420 -0.0751
vn 0.3575 -0.0424 -0.9329
vn 0.9806 -0.1164 -0.1580
vn 0.3574 -0.0424 -0.9330
vn 0.4852 0.8712 -0.0749
vn 0.4913 0.8682 -0.0693
vn 0.4030 -0.0478 0.9139
vn 0.3336 -0.9401 -0.0695
vn 0.4031 -0.0478 0.9139
vn 0.8690 -0.1030 0.4840
vn 0.8682 -0.1024 0.4856
vn 0.8627 -0.1018 -0.4953
vn 0.5839 -0.0689 -0.8089
vn 0.5830 -0.0691 -0.8095
vn 0.7928 0.5959 -0.1282
vn 0.8475 0.5008 -0.1758
vn 0.9787 0.0164 -0.2048
vn 0.9647 0.0894 -0.2476
vn 0.9676 0.0492 -0.2478
vn 0.7836 0.0987 -0.6134
vn 0.8418 0.1987 -0.5019
vn 0.6202 0.0969 -0.7784
vn 0.6398 0.0806 -0.7643
vn 0.6332 0.0210 -0.7737
vn 0.6448 0.0083 -0.7643
vn 0.7850 0.0101 -0.6194
vn 0.2056 0.0571 -0.9770
vn 0.2101 0.0328 -0.9771
vn 0.2118 0.0070 -0.9773
vn 0.2119 0.0070 -0.9773
vn 0.2114 -0.0182 -0.9772
vn 0.6317 -0.0544 -0.7733
vn 0.6486 -0.0767 -0.7573
vn 0.8643 -0.1023 -0.4925
vn 0.1715 0.0440 -0.9842
vn 0.1672 0.0464 -0.9848
vn 0.1700 0.0223 -0.9852
vn 0.1657 0.0259 -0.9858
vn 0.1662 0.0041 -0.9861
vn 0.1651 0.0055 -0.9863
vn 0.1650 -0.0142 -0.9862
vn 0.2087 -0.0421 -0.9771
vn 0.6163 -0.1244 -0.7776
vn 0.1703 -0.0517 -0.9840
vn 0.1669 -0.0534 -0.9845
vn 0.2034 -0.0651 -0.9769
vn 0.1661 -0.0335 -0.9855
vn 0.1672 -0.0115 -0.9858
vn 0.1708 -0.0301 -0.9848
vn -0.3712 -0.0092 -0.9285
vn -0.3762 -0.0125 -0.9264
vn -0.3739 0.0322 -0.9269
vn -0.3644 0.0250 -0.9309
vn -0.3531 0.0713 -0.9329
vn -0.3381 0.0595 -0.9392
vn -0.3221 0.1031 -0.9411
vn -0.3140 0.0953 -0.9446
vn -0.2990 0.1318 -0.9451
vn 0.1632 -0.0719 -0.9840
vn 0.1205 -0.1131 -0.9863
vn 0.1202 -0.1147 -0.9861
vn -0.2690 0.2565 -0.9284
vn -0.2968 0.2171 -0.9299
vn -0.2779 0.2139 -0.9365
vn -0.2999 0.1700 -0.9387
vn -0.2850 0.1691 -0.9435
vn -0.3013 0.1316 -0.9444
vn 0.1358 -0.1045 -0.9852
vn 0.1353 -0.0990 -0.9859
vn 0.1716 -0.1256 -0.9771
vn 0.5090 -0.3961 -0.7642
vn 0.5067 -0.3707 -0.7784
vn 0.5552 -0.3439 -0.7573
vn 0.5473 -0.3102 -0.7774
vn 0.1857 -0.1052 -0.9770
vn 0.1508 -0.0855 -0.9849
vn 0.1522 -0.0903 -0.9842
vn 0.1629 -0.0712 -0.9841
vn 0.1958 -0.0856 -0.9769
vn 0.1958 -0.0855 -0.9769
vn 0.5787 -0.2528 -0.7754
vn 0.5901 -0.2835 -0.7560
vn 0.7091 -0.3406 -0.6174
vn 0.7345 -0.4550 -0.5035
vn 0.7352 -0.4556 -0.5018
vn 0.6233 -0.4851 -0.6133
vn 0.7181 -0.6504 -0.2476
vn 0.5996 -0.1919 -0.7769
vn 0.6144 -0.2217 -0.7572
vn 0.6357 -0.1555 -0.7561
vn 0.7613 -0.1863 -0.6210
vn 0.9244 -0.2759 -0.2633
vn 0.9100 -0.3283 -0.2531
vn 0.9100 -0.3283 -0.2532
vn 0.8889 -0.3753 -0.2627
vn 0.8736 -0.4422 -0.2032
vn 0.9840 0.0163 -0.1773
vn 0.9844 0.1178 -0.1306
vn 0.8541 0.5141 -0.0785
vn 0.3076 -0.1905 -0.9323
vn 0.5031 -0.3116 -0.8061
vn 0.5035 -0.3120 -0.8057
vn 0.3538 -0.1276 -0.9266
vn 0.7186 -0.2593 -0.6453
vn 0.7185 -0.2592 -0.6455
vn 0.9717 0.2025 -0.1214
vn 0.9712 0.2045 -0.1219
vn 0.8268 -0.2983 0.4769
vn 0.8269 -0.2984 0.4766
vn 0.4021 -0.1451 0.9041
vn 0.8955 -0.4241 -0.1347
vn 0.6284 -0.7685 -0.1203
vn 0.6268 -0.7698 -0.1208
vn 0.1282 -0.9894 -0.0680
vn 0.1294 -0.9893 -0.0670
vn 0.9311 -0.3360 -0.1421
vn 0.4020 -0.1451 0.9041
vn 0.7160 0.6948 -0.0677
vn 0.7151 0.6956 -0.0686
vn 0.3537 -0.1276 -0.9266
vn -0.0477 -0.9703 0.2371
vn -0.0387 -0.7872 0.6154
vn -0.4154 -0.8782 0.2371
vn 0.3273 -0.9147 0.2371
vn 0.6524 -0.7198 0.2371
vn -0.7198 -0.6524 0.2371
vn -0.5840 -0.5293 0.6154
vn -0.3370 -0.7125 0.6154
vn -0.7421 -0.2655 0.6154
vn -0.9147 -0.3273 0.2371
vn -0.7872 0.0387 0.6154
vn -0.9703 0.0477 0.2371
vn -0.3478 0.2133 0.9130
vn -0.8418 0.5163 -0.1576
vn 0.1284 0.9890 -0.0732
vn -0.8558 -0.5122 -0.0723
vn -0.7486 0.4592 0.4782
vn -0.7489 0.4597 0.4773
vn -0.8442 0.5182 -0.1370
vn -0.9973 -0.0044 -0.0736
vn -0.6707 0.4117 -0.6170
vn -0.7733 0.6189 -0.1378
vn -0.7739 0.5994 -0.2046
vn -0.3914 0.9024 -0.1803
vn -0.2921 0.9472 -0.1326
vn 0.1354 0.9876 -0.0790
vn -0.3084 0.1891 -0.9323
vn -0.8519 -0.5179 -0.0781
vn -0.3084 0.1892 -0.9323
vn -0.5044 0.3094 -0.8061
vn -0.5048 0.3098 -0.8057
vn -0.9839 -0.1221 -0.1305
vn -0.9839 -0.0206 -0.1773
vn -0.8754 0.4384 -0.2035
vn -0.8973 0.4203 -0.1348
vn -0.8981 0.4179 -0.1369
vn -0.8948 0.4382 -0.0858
vn -0.8940 0.4402 -0.0840
vn -0.8522 0.5231 0.0032
vn -0.7762 0.6305 0.0032
vn -0.7203 0.6884 -0.0846
vn -0.7216 0.6870 -0.0857
vn -0.7861 0.6121 -0.0855
vn -0.7851 0.6136 -0.0845
vn -0.4130 0.9077 -0.0749
vn -0.6704 0.4112 -0.6176
vn -0.3341 0.2049 -0.9200
vn -0.8572 -0.5133 -0.0413
vn -0.8576 -0.5127 -0.0407
vn -0.3542 0.2173 0.9096
vn -0.3541 0.2172 0.9096
vn 0.1281 0.9909 -0.0411
vn -0.8491 0.5207 -0.0890
vn -0.3340 0.2049 -0.9200
vn 0.1289 0.9908 -0.0417
vn -0.4110 0.9085 -0.0754
vn -0.7211 0.4424 0.5332
vn -0.7214 0.4428 0.5324
vn -0.9972 -0.0063 -0.0741
vn 0.5970 -0.2824 0.7509
vn 0.5304 -0.3934 0.7509
vn 0.4435 -0.4893 0.7509
vn 0.3395 -0.5664 0.7509
vn 0.2225 -0.6218 0.7509
vn -0.3577 0.0408 -0.9330
vn -0.3576 0.0409 -0.9330
vn -0.3313 0.9405 -0.0758
vn -0.6812 0.7207 -0.1287
vn -0.5841 0.0663 -0.8090
vn -0.5833 0.0665 -0.8096
vn -0.7907 -0.5987 -0.1279
vn -0.4819 -0.8730 -0.0744
vn -0.4881 -0.8701 -0.0688
vn -0.9810 0.1122 -0.1580
vn -0.3378 0.9386 -0.0702
vn 0.0703 0.0104 0.9975
vn 0.0710 -0.0035 0.9975
vn 0.0709 -0.0035 0.9975
vn 0.1789 -0.7642 0.6196
vn 0.7045 -0.7053 0.0789
vn 0.7058 -0.7039 0.0794
vn 0.9677 -0.2481 0.0444
vn 0.0892 -0.3809 0.9203
vn 0.9675 -0.2489 0.0437
vn 0.0950 -0.4057 -0.9090
vn 0.1935 -0.8267 -0.5284
vn 0.1931 -0.8262 -0.5292
vn 0.0950 -0.4056 -0.9091
vn 0.1032 -0.9844 0.1427
vn 0.1021 -0.9844 0.1435
vn 0.1152 -0.9891 0.0916
vn 0.1170 -0.9890 0.0905
vn -0.3552 -0.9314 0.0801
vn -0.3571 -0.9306 0.0807
vn -0.7952 -0.6047 0.0446
vn -0.7947 -0.6054 0.0439
vn 0.2270 -0.9692 0.0955
vn 0.6058 -0.7835 0.1381
vn 0.5036 -0.8426 0.1910
vn 0.0096 -0.9747 0.2234
vn 0.0297 -0.9892 0.1437
vn 0.0308 -0.9893 0.1429
vn 0.0178 -0.9957 0.0907
vn 0.0159 -0.9957 0.0917
vn 0.0972 -0.9953 0.0032
vn -0.0672 -0.5550 0.8291
vn -0.0435 -0.3596 0.9321
vn -0.9403 -0.3325 0.0727
vn -0.9433 -0.3217 0.0820
vn -0.7349 -0.6638 0.1386
vn -0.0670 -0.5558 0.8286
vn -0.1011 -0.8386 0.5354
vn -0.1016 -0.8402 0.5327
vn -0.2781 -0.9165 0.2876
vn -0.2082 -0.9525 0.2225
vn -0.6508 -0.7350 0.1904
vn -0.1055 -0.8714 -0.4790
vn -0.0490 -0.4045 -0.9132
vn -0.0491 -0.4044 -0.9133
vn -0.1188 -0.9793 0.1640
vn -0.0436 -0.3595 0.9321
vn 0.8713 -0.4840 0.0811
vn 0.8664 -0.4942 0.0719
vn -0.1816 -0.7367 0.6514
vn -0.1498 -0.6075 0.7801
vn -0.1201 -0.5886 0.7995
vn -0.0750 -0.6198 0.7812
vn -0.0537 -0.6035 0.7956
vn 0.0058 -0.6162 0.7876
vn 0.0072 -0.7597 0.6502
vn 0.0903 -0.9586 0.2701
vn 0.0418 -0.9619 0.2703
vn 0.1204 -0.9674 0.2230
vn 0.0180 -0.6049 0.7961
vn 0.0058 -0.1936 0.9811
vn -0.0172 -0.1936 0.9809
vn -0.0140 -0.1974 0.9802
vn -0.0401 -0.1966 0.9797
vn -0.0364 -0.2040 0.9783
vn -0.0643 -0.1999 0.9777
vn -0.1842 -0.5726 0.7988
vn -0.2128 -0.5871 0.7811
vn -0.3273 -0.9031 0.2781
vn -0.0628 -0.2052 0.9767
vn -0.0285 -0.1597 0.9868
vn -0.0475 -0.1552 0.9867
vn -0.0657 -0.1483 0.9868
vn -0.0872 -0.1967 0.9766
vn -0.0859 -0.1959 0.9769
vn -0.2423 -0.5525 0.7975
vn -0.2718 -0.5637 0.7800
vn -0.1020 -0.1792 0.9785
vn -0.1087 -0.1824 0.9772
vn -0.0831 -0.1394 0.9867
vn 0.1931 0.3239 0.9262
vn 0.1528 0.3447 0.9262
vn 0.1103 0.3606 0.9262
vn 0.2306 0.2983 0.9262
vn -0.0992 -0.1284 0.9868
vn -0.1242 -0.1606 0.9792
vn 0.2607 0.2721 0.9263
vn -0.1124 -0.1169 0.9868
vn -0.1350 -0.1405 0.9808
vn -0.1166 -0.1587 0.9804
vn -0.3552 -0.4830 0.8003
vn -0.3807 -0.4854 0.7870
vn -0.4712 -0.6008 0.6457
vn -0.6515 -0.7088 0.2704
vn -0.1333 -0.1405 0.9811
vn -0.4161 -0.4389 0.7964
vn 0.5071 -0.8586 0.0751
vn -0.5209 -0.8378 0.1635
vn -0.1921 -0.3089 0.9315
vn -0.9854 0.1473 0.0854
vn -0.9531 -0.2670 0.1427
vn -0.9062 -0.3748 0.1956
vn -0.6009 -0.7675 0.2231
vn -0.6247 -0.7676 0.1436
vn -0.6256 -0.7670 0.1427
vn -0.6198 -0.7795 0.0905
vn -0.9879 0.1357 0.0757
vn -0.2161 -0.3476 -0.9124
vn -0.2162 -0.3476 -0.9124
vn -0.4651 -0.7478 -0.4739
vn -0.4656 -0.7481 -0.4729
vn -0.5230 -0.8403 0.1428
vn -0.4227 -0.8950 0.1426
vn -0.4431 -0.8918 0.0918
vn -0.3393 -0.9362 0.0916
vn -0.5230 -0.8403 0.1427
vn -0.4146 -0.6662 0.6198
vn -0.0012 -0.9969 0.0788
vn 0.0007 -0.9968 0.0794
vn -0.4485 -0.7207 -0.5287
vn -0.4480 -0.7204 -0.5295
vn -0.9112 -0.4040 0.0807
vn -0.9897 0.1362 0.0446
vn -0.2065 -0.3322 0.9203
vn -0.5256 -0.8453 0.0955
vn 0.5082 -0.8601 0.0443
vn -0.2066 -0.3322 0.9203
vn -0.4142 -0.6659 0.6205
vn -0.9104 -0.4059 0.0802
vn 0.5076 -0.8605 0.0436
vn -0.2201 -0.3538 -0.9091
vn -0.2200 -0.3538 -0.9091
vn -0.9898 0.1354 0.0440
vn -0.2824 -0.5970 0.7509
vn -0.2139 -0.4522 0.8659
vn -0.0423 -0.0571 0.9975
vn -0.5333 -0.7191 0.4455
vn -0.3828 -0.8093 0.4455
vn -0.1052 -0.8688 0.4839
vn -0.1047 -0.8680 0.4854
vn 0.4970 -0.8498 -0.1757
vn 0.5922 -0.7955 -0.1280
vn 0.8695 -0.4882 -0.0747
vn -0.0433 -0.3575 -0.9329
vn -0.0434 -0.3574 -0.9329
vn -0.1189 -0.9803 -0.1577
vn 0.8665 -0.4943 -0.0691
vn -0.0489 -0.4029 0.9139
vn -0.0488 -0.4030 0.9139
vn -0.9405 -0.3325 -0.0698
vn -0.9423 -0.3261 -0.0755
vn -0.7245 -0.6772 -0.1283
vn -0.6461 -0.7429 -0.1751
vn -0.1190 -0.9803 -0.1577
vn 0.0862 -0.9651 -0.2473
vn 0.0130 -0.9788 -0.2045
vn 0.0297 -0.9900 -0.1377
vn -0.1186 -0.9834 -0.1372
vn -0.0937 -0.7768 -0.6228
vn 0.4879 -0.8698 -0.0730
vn 0.0178 -0.9963 -0.0845
vn 0.0308 -0.9901 -0.1369
vn 0.9809 0.0249 0.1929
vn 0.8677 -0.4448 0.2221
vn 0.8948 -0.4238 0.1407
vn 0.6033 -0.4695 0.6447
vn 0.7148 -0.4430 0.5412
vn 0.4793 -0.2970 0.8259
vn 0.9808 0.1344 0.1412
vn 0.8513 0.5178 0.0853
vn 0.8578 0.5083 0.0756
vn 0.8388 -0.5193 0.1636
vn -0.1326 -0.9883 0.0755
vn 0.3480 -0.2155 -0.9124
vn 0.7106 -0.6495 0.2704
vn 0.7700 -0.5978 0.2231
vn 0.3779 -0.9049 0.1956
vn 0.2704 -0.9521 0.1426
vn -0.1443 -0.9859 0.0852
vn 0.3093 -0.1915 0.9315
vn 0.3093 -0.1916 0.9315
vn 0.4790 -0.2966 0.8262
vn 0.9014 0.4245 -0.0856
vn 0.7358 0.3465 -0.5819
vn 0.7356 0.3463 -0.5821
vn 0.3590 0.1690 -0.9179
vn 0.7928 -0.6095 0.0016
vn 0.9929 -0.1190 0.0028
vn 0.3583 0.1687 0.9183
vn 0.9047 0.4259 0.0034
vn 0.9048 0.4259 0.0034
vn 0.0126 0.9999 0.0016
vn 0.0127 0.9999 0.0016
vn 0.5295 0.8483 0.0028
vn 0.3881 0.1827 -0.9033
vn 0.7976 0.3755 -0.4721
vn 0.7976 0.3756 -0.4719
vn 0.9009 0.4242 0.0918
vn 0.7337 0.3455 0.5851
vn 0.7336 0.3454 0.5853
vn 0.8434 0.5297 0.0904
vn 0.8643 0.5030 0.0032
vn 0.8438 0.5300 -0.0842
vn 0.8449 0.5280 -0.0860
vn 0.8506 0.5077 -0.1372
vn 0.8495 0.5100 -0.1352
vn 0.8254 0.5264 -0.2041
vn 0.8482 0.4594 -0.2635
vn 0.6695 0.4072 -0.6212
vn 0.5429 0.8309 -0.1215
vn 0.4611 0.3646 -0.8090
vn 0.9912 -0.0316 -0.1284
vn 0.9820 0.0703 -0.1752
vn 0.6862 0.5427 0.4843
vn 0.7769 0.6144 -0.1375
vn 0.8978 -0.4339 -0.0753
vn 0.2825 0.2232 -0.9329
vn 0.6796 0.7044 -0.2050
vn 0.2438 0.9537 -0.1759
vn 0.6858 0.5419 0.4858
vn 0.3186 0.2517 0.9139
vn 0.9010 -0.4281 -0.0697
vn 0.7749 0.6119 -0.1582
vn 0.2825 0.2231 -0.9330
vn -0.2742 0.9588 -0.0749
vn 0.1379 0.9821 -0.1283
vn 0.4606 0.3639 -0.8096
vn -0.2677 0.9610 -0.0693
vn 0.3185 0.2515 0.9139
vn 0.4846 0.4087 -0.7734
vn 0.5123 0.4049 -0.7573
vn 0.6813 0.5384 -0.4959
vn 0.6824 0.5397 -0.4930
vn 0.5472 0.5629 -0.6195
vn 0.6180 0.7461 -0.2478
vn 0.6485 0.7197 -0.2480
vn 0.6010 0.7726 -0.2047
vn 0.9030 0.3900 -0.1802
vn 0.9476 0.2907 -0.1325
vn 0.4494 0.4623 -0.7644
vn 0.9874 -0.1371 -0.0788
vn 0.1898 0.3079 -0.9323
vn 0.1899 0.3079 -0.9323
vn 0.3106 0.5037 -0.8061
vn 0.3109 0.5040 -0.8058
vn -0.1196 0.9841 -0.1309
vn -0.5157 0.8531 -0.0786
vn -0.5100 0.8571 -0.0728
vn 0.5181 0.8406 -0.1577
vn 0.9888 -0.1301 -0.0729
vn 0.2141 0.3473 0.9130
vn 0.4609 0.7476 0.4781
vn 0.4614 0.7479 0.4772
vn -0.0181 0.9839 -0.1776
vn 0.4405 0.8744 -0.2036
vn 0.4200 0.8971 -0.1370
vn 0.4224 0.8963 -0.1349
vn 0.7672 0.6299 -0.1206
vn 0.2578 0.7190 -0.6455
vn 0.1269 0.3540 -0.9266
vn 0.3341 0.9317 -0.1424
vn -0.6964 0.7144 -0.0677
vn 0.1443 0.4024 0.9040
vn -0.6972 0.7135 -0.0686
vn 0.9890 0.1316 -0.0673
vn 0.9891 0.1304 -0.0682
vn 0.7685 0.6283 -0.1211
vn 0.2967 0.8276 0.4765
vn 0.2966 0.8275 0.4768
vn -0.2067 0.9708 -0.1220
vn -0.2047 0.9713 -0.1215
vn 0.2577 0.7188 -0.6457
vn 0.3264 0.9106 -0.2536
vn 0.3736 0.8895 -0.2631
vn 0.3392 0.7096 -0.6176
vn 0.4534 0.7352 -0.5039
vn 0.3427 0.5557 -0.7574
vn 0.3695 0.5074 -0.7785
vn 0.1446 0.1549 -0.9773
vn 0.1127 0.1208 -0.9863
vn 0.1266 0.1068 -0.9862
vn 0.1262 0.1103 -0.9859
vn 0.1410 0.0939 -0.9855
vn 0.5591 0.3401 -0.7562
vn 0.5233 0.3483 -0.7777
vn 0.1621 0.1368 -0.9772
vn 0.4323 0.4630 -0.7738
vn 0.3948 0.5098 -0.7643
vn 0.4836 0.6244 -0.6135
vn 0.4540 0.7359 -0.5023
vn 0.5411 0.8320 -0.1220
vn 0.0126 0.9976 -0.0687
vn 0.3402 0.1602 -0.9266
vn 0.6909 0.3253 -0.6456
vn 0.6910 0.3254 -0.6455
vn 0.8752 0.4121 -0.2534
vn 0.8936 0.3639 -0.2629
vn 0.7419 0.2612 -0.6175
vn 0.7909 -0.6081 -0.0680
vn 0.7917 -0.6072 -0.0671
vn 0.8955 0.4216 -0.1423
vn 0.0138 0.9976 -0.0677
vn 0.3867 0.1821 0.9040
vn 0.7953 0.3744 0.4768
vn 0.7953 0.3745 0.4766
vn -0.2838 -0.2479 0.9263
vn -0.3086 -0.2167 0.9262
vn -0.2595 -0.2733 0.9263
vn 0.1116 0.1176 0.9868
vn 0.1344 0.1416 0.9808
vn 0.1321 0.1415 0.9811
vn 0.4129 0.4423 0.7962
vn 0.3772 0.4871 0.7877
vn 0.4680 0.6043 0.6448
vn 0.4414 0.7155 0.5416
vn 0.9513 0.2729 0.1431
vn 0.9862 -0.1417 0.0856
vn 0.1909 0.3097 0.9315
vn 0.1910 0.3097 0.9315
vn 0.2956 0.4795 0.8263
vn 0.2960 0.4798 0.8259
vn -0.1362 0.9805 0.1415
vn -0.5194 0.8503 0.0854
vn -0.5099 0.8569 0.0757
vn 0.5176 0.8398 0.1640
vn 0.9886 -0.1300 0.0759
vn 0.2149 0.3486 -0.9123
vn 0.4623 0.7499 -0.4732
vn 0.5789 0.1607 0.7994
vn 0.6074 0.1434 0.7813
vn 0.8184 0.1932 0.5412
vn 0.9077 -0.3712 0.1958
vn 0.8652 -0.4807 0.1428
vn 0.5483 0.1294 0.8262
vn 0.5488 0.1294 0.8259
vn 0.8175 0.1928 0.5427
vn 0.7181 0.2528 0.6484
vn 0.5901 0.2077 0.7801
vn 0.5613 0.2206 0.7976
vn 0.1993 0.0783 0.9768
vn 0.2005 0.0781 0.9766
vn 0.2350 0.9682 0.0855
vn 0.3541 0.0836 0.9315
vn 0.5962 -0.7983 0.0853
vn 0.6062 -0.7917 0.0756
vn 0.3984 0.0941 -0.9124
vn 0.9601 0.2268 0.1638
vn 0.2464 0.9662 0.0758
vn 0.3985 0.0941 -0.9123
vn 0.8579 0.2026 -0.4722
vn 0.8575 0.2022 -0.4732
vn 0.9841 0.1047 0.1438
vn 0.9888 0.1178 0.0917
vn 0.9956 0.0193 0.0919
vn 0.9992 0.0410 0.0032
vn 0.9961 0.0193 -0.0856
vn 0.9962 0.0212 -0.0846
vn 0.8676 0.4918 -0.0730
vn 0.9956 0.0212 0.0908
vn 0.7628 -0.6419 0.0780
vn 0.8394 -0.0995 -0.5344
vn 0.8385 -0.0989 -0.5358
vn 0.8662 0.4934 0.0789
vn 0.8673 0.4916 0.0784
vn 0.7747 -0.0914 0.6257
vn 0.9828 -0.1160 0.1434
vn 0.9602 -0.2399 0.1431
vn 0.9528 -0.2064 0.2227
vn 0.9169 -0.2765 0.2879
vn 0.4918 0.8697 0.0424
vn 0.3339 -0.9416 0.0427
vn 0.3346 -0.9414 0.0420
vn 0.4119 -0.0488 -0.9099
vn 0.4117 -0.0489 -0.9100
vn 0.4925 0.8693 0.0418
vn 0.9884 -0.1174 0.0959
vn 0.3866 -0.0459 0.9211
vn 0.3867 -0.0458 0.9211
vn 0.7755 -0.0919 0.6247
vn 0.7640 -0.6404 0.0786
vn 0.7368 -0.1803 0.6517
vn 0.6077 -0.1487 0.7802
vn 0.5887 -0.1189 0.7996
vn 0.1963 -0.0396 0.9797
vn 0.1971 -0.0135 0.9803
vn 0.1618 -0.0111 0.9868
vn -0.3760 0.0258 0.9263
vn -0.3767 -0.0094 0.9263
vn 0.1935 -0.0167 0.9810
vn 0.6034 -0.0520 0.7957
vn 0.6199 -0.0733 0.7813
vn 0.1609 0.0211 0.9868
vn 0.1621 0.0040 0.9868
vn 0.1952 0.0048 0.9808
vn 0.1935 0.0064 0.9811
vn 0.6048 0.0200 0.7961
vn 0.6161 0.0079 0.7877
vn 0.7596 0.0098 0.6504
vn 0.8406 -0.0995 0.5325
vn 0.9746 0.0130 0.2238
vn 0.9582 0.0935 0.2704
vn 0.9617 0.0445 0.2706
vn 0.7584 0.0955 0.6447
vn 0.6113 0.0770 0.7876
vn 0.5924 0.0926 0.8003
vn 0.1950 0.0305 0.9803
vn 0.2019 0.0265 0.9790
vn 0.1993 0.0553 0.9784
vn 0.2061 0.0528 0.9771
vn 0.3596 -0.0426 0.9321
vn 0.5549 -0.0657 0.8293
vn 0.7808 0.6093 0.1383
vn 0.8402 0.5074 0.1912
vn 0.8708 -0.1027 -0.4807
vn 0.9890 0.0331 0.1440
vn 0.9891 0.0342 0.1431
vn 0.9841 0.1058 0.1429
vn 0.9669 0.1230 0.2234
vn 0.7357 -0.6500 0.1904
vn 0.8717 -0.1033 -0.4791
vn 0.4046 -0.0479 -0.9132
vn 0.8389 -0.0990 0.5352
vn 0.5557 -0.0656 0.8288
vn 0.6646 -0.7343 0.1385
vn 0.3228 -0.9429 0.0817
vn 0.3336 -0.9399 0.0724
vn 0.9795 -0.1163 0.1643
vn 0.4045 -0.0480 -0.9133
vn 0.4912 0.8681 0.0722
vn 0.4809 0.8730 0.0813
vn 0.3595 -0.0427 0.9322
vn -0.6463 -0.3969 0.6518
vn -0.6604 -0.5267 0.5353
vn -0.6615 -0.5280 0.5325
vn -0.4373 -0.3490 0.8288
vn -0.9893 0.0442 0.1387
vn -0.5331 -0.3274 0.7801
vn -0.4985 -0.3349 0.7996
vn -0.4880 -0.3892 0.7812
vn -0.4659 -0.3920 0.7933
vn -0.4275 -0.4384 0.7906
vn -0.5332 -0.5468 0.6456
vn -0.6032 -0.7506 0.2699
vn -0.6814 -0.6969 0.2236
vn -0.6751 -0.7238 0.1429
vn 0.2718 -0.9597 0.0715
vn -0.3185 -0.2538 -0.9133
vn -0.3185 -0.2540 -0.9133
vn -0.9026 0.4242 0.0728
vn -0.8972 0.4340 0.0821
vn -0.2831 -0.2257 0.9321
vn -0.4369 -0.3483 0.8294
vn -0.1156 -0.9837 0.1377
vn -0.2298 -0.9544 0.1906
vn -0.6853 -0.5464 -0.4814
vn 0.2824 -0.9559 0.0806
vn -0.2831 -0.2256 0.9322
vn -0.7714 -0.6148 0.1641
vn -0.8477 -0.5109 0.1430
vn -0.7735 -0.6174 0.1433
vn -0.6741 -0.7245 0.1438
vn -0.6893 -0.7186 0.0918
vn -0.6910 -0.7172 0.0907
vn -0.8411 -0.5333 0.0903
vn -0.9927 -0.0921 0.0781
vn -0.6101 -0.4869 0.6250
vn -0.6097 -0.4861 0.6261
vn -0.2600 -0.9624 0.0782
vn -0.2579 -0.9630 0.0787
vn -0.6599 -0.5262 -0.5363
vn -0.3242 -0.2585 -0.9100
vn -0.9044 0.4245 0.0422
vn -0.7784 -0.6204 0.0959
vn -0.6603 -0.5271 -0.5349
vn -0.9928 -0.0901 0.0786
vn -0.9041 0.4252 0.0428
vn -0.3044 -0.2427 0.9211
vn -0.3044 -0.2426 0.9211
vn 0.2725 -0.9612 0.0422
vn 0.2717 -0.9615 0.0416
vn -0.3242 -0.2584 -0.9100
vn -0.1990 -0.0792 0.9768
vn -0.2001 -0.0789 0.9766
vn -0.1886 -0.1021 0.9767
vn -0.1858 -0.0969 0.9778
vn -0.1687 -0.1196 0.9784
vn -0.1661 -0.1116 0.9798
vn -0.1990 -0.0561 0.9784
vn -0.2058 -0.0537 0.9771
vn -0.1570 -0.0410 0.9867
vn -0.1509 -0.0595 0.9868
vn -0.1427 -0.0772 0.9867
vn -0.1324 -0.0938 0.9868
vn -0.1220 -0.1067 0.9868
vn -0.1487 -0.1300 0.9803
vn -0.1487 -0.1253 0.9809
vn 0.2841 0.2475 0.9263
vn 0.3076 0.2180 0.9262
vn 0.3316 0.1795 0.9262
vn 0.3508 0.1383 0.9262
vn -0.2018 -0.0274 0.9791
vn -0.1948 -0.0313 0.9803
vn -0.5921 -0.0951 0.8003
vn -0.6069 -0.1460 0.7812
vn -0.5783 -0.1632 0.7993
vn -0.5894 -0.2103 0.7800
vn -0.5605 -0.2230 0.7976
vn -0.5638 -0.2684 0.7811
vn -0.5332 -0.2782 0.7990
vn -0.6857 -0.5473 -0.4798
vn -0.9795 -0.0656 0.1906
vn -0.8169 -0.5321 0.2226
vn -0.8415 -0.4572 0.2878
vn -0.8672 -0.4129 0.2783
vn -0.8672 -0.4128 0.2783
vn -0.8846 -0.3675 0.2872
vn -0.7172 -0.2559 0.6482
vn -0.8167 -0.1963 0.5426
vn -0.8176 -0.1967 0.5411
vn -0.6219 0.7831 0.0032
vn -0.5255 0.6617 -0.5347
vn -0.5247 0.6613 -0.5360
vn -0.2578 0.3249 -0.9099
vn 0.4259 0.9038 0.0423
vn 0.4266 0.9034 0.0430
vn -0.0885 0.9930 0.0787
vn -0.0905 0.9928 0.0782
vn -0.6185 0.7799 0.0960
vn -0.2576 0.3249 -0.9100
vn -0.9623 -0.2689 0.0417
vn -0.9620 -0.2697 0.0423
vn -0.9620 0.2613 0.0789
vn -0.9615 0.2634 0.0784
vn -0.7199 0.6881 0.0909
vn -0.7212 0.6866 0.0919
vn -0.7857 0.6118 0.0917
vn -0.7847 0.6133 0.0907
vn -0.7375 0.6753 0.0032
vn -0.5239 0.6597 0.5388
vn -0.0885 0.9934 -0.0734
vn 0.4267 0.9035 -0.0400
vn -0.2424 0.3055 -0.9208
vn -0.0905 0.9932 -0.0728
vn -0.4868 0.6130 -0.6223
vn -0.4860 0.6126 -0.6234
vn -0.9619 0.2635 -0.0730
vn -0.9624 0.2614 -0.0736
vn -0.5231 0.6593 0.5401
vn -0.2570 0.3239 0.9105
vn 0.4260 0.9039 -0.0394
vn -0.6189 0.7804 -0.0894
vn -0.2423 0.3055 -0.9209
vn -0.9621 -0.2697 -0.0395
vn -0.9624 -0.2690 -0.0388
vn -0.2568 0.3239 0.9106
vn 0.5129 -0.8549 -0.0780
vn -0.1911 -0.3072 -0.9323
vn -0.1910 -0.3072 -0.9323
vn 0.5072 -0.8588 -0.0721
vn 0.3534 -0.1275 0.9268
vn 0.1282 -0.9892 0.0710
vn 0.1294 -0.9891 0.0700
vn 0.9599 -0.2425 0.1410
vn 0.9711 0.2024 0.1268
vn 0.7166 -0.2585 0.6478
vn 0.7167 -0.2586 0.6476
vn 0.6280 -0.7680 0.1257
vn 0.6264 -0.7692 0.1262
vn 0.8293 -0.2992 -0.4719
vn 0.4035 -0.1456 -0.9033
vn 0.9302 -0.3357 0.1485
vn 0.7159 0.6946 0.0707
vn 0.9302 -0.3356 0.1485
vn 0.3533 -0.1275 0.9268
vn 0.7150 0.6955 0.0717
vn 0.9706 0.2044 0.1273
vn 0.8292 -0.2991 -0.4722
vn 0.1412 -0.1347 0.9808
vn 0.1592 -0.1165 0.9803
vn 0.4839 -0.3540 0.8003
vn 0.5306 -0.3287 0.7813
vn 0.7140 -0.4423 0.5427
vn 0.6863 -0.3297 0.6483
vn 0.8834 -0.3701 0.2873
vn 0.9035 -0.3259 0.2784
vn 0.9035 -0.3260 0.2783
vn 0.5873 -0.2119 0.7811
vn 0.1962 -0.0857 0.9768
vn 0.1969 -0.0868 0.9766
vn 0.2052 -0.0623 0.9767
vn 0.1553 -0.0471 0.9867
vn 0.1829 -0.1085 0.9771
vn 0.1485 -0.0654 0.9868
vn 0.1395 -0.0828 0.9867
vn 0.1286 -0.0989 0.9868
vn 0.1613 -0.1241 0.9791
vn 0.1798 -0.1019 0.9784
vn 0.5227 -0.2963 0.7994
vn 0.5640 -0.2709 0.7800
vn 0.5528 -0.2415 0.7976
vn -0.3609 0.1095 0.9262
vn -0.3450 0.1521 0.9262
vn -0.3243 0.1924 0.9262
vn -0.2988 0.2300 0.9262
vn 0.1173 -0.1119 0.9868
vn 0.5728 -0.1833 0.7989
vn 0.1997 -0.0639 0.9778
vn 0.2038 -0.0359 0.9784
vn 0.1598 -0.0281 0.9868
vn -0.3714 0.0654 0.9262
vn 0.0944 0.0778 -0.9925
vn 0.0866 0.0641 -0.9942
vn 0.6848 -0.7287 -0.0051
vn 0.6715 -0.7410 -0.0033
vn -0.0443 0.9990 0.0050
vn -0.0406 0.9992 0.0045
vn 0.1079 0.0180 -0.9940
vn 0.1214 0.0140 -0.9925
vn 0.1182 0.0308 -0.9925
vn 0.1128 0.0469 -0.9925
vn 0.1052 0.0622 -0.9925
vn 0.6078 -0.7930 -0.0409
vn 0.9693 0.2290 -0.0890
vn 0.3813 0.0901 -0.9200
vn 0.6072 -0.7935 -0.0416
vn 0.9321 -0.3542 -0.0753
vn 0.8235 0.1942 0.5331
vn 0.9733 0.2295 0.0032
vn 0.8260 0.1948 -0.5290
vn 0.9317 -0.3541 0.0808
vn 0.3814 0.0901 -0.9200
vn 0.2465 0.9682 -0.0415
vn 0.2473 0.9681 -0.0408
vn 0.9892 0.1197 -0.0844
vn 0.9329 -0.3523 -0.0747
vn 0.7656 0.1805 -0.6175
vn 0.7660 0.1809 -0.6169
vn 0.7046 0.7058 -0.0737
vn 0.7031 0.7072 -0.0742
vn 0.8239 0.1945 0.5323
vn 0.4043 0.0955 0.9096
vn -0.1215 0.0128 -0.9925
vn -0.1037 0.0183 -0.9944
vn 0.0301 0.9995 0.0026
vn 0.0369 0.9993 0.0034
vn -0.6566 -0.7542 -0.0069
vn -0.6778 -0.7352 -0.0112
vn -0.0873 0.0633 -0.9942
vn -0.0952 0.0768 -0.9925
vn -0.1058 0.0611 -0.9925
vn -0.1133 0.0458 -0.9925
vn -0.1185 0.0296 -0.9925
vn 0.0480 0.4118 -0.9100
vn 0.0971 0.8388 -0.5357
vn 0.0976 0.8396 -0.5344
vn 0.0479 0.4120 -0.9099
vn 0.9407 0.3366 0.0422
vn 0.1152 0.9887 0.0961
vn 0.1151 0.9887 0.0961
vn -0.8703 0.4908 0.0418
vn -0.8706 0.4901 0.0424
vn -0.4951 0.8653 0.0790
vn -0.4932 0.8663 0.0785
vn 0.0897 0.7748 0.6258
vn 0.0901 0.7756 0.6248
vn 0.6387 0.7654 0.0788
vn 0.9409 0.3359 0.0429
vn 0.0450 0.3867 0.9211
vn 0.0450 0.3866 0.9211
vn 0.1283 0.9888 0.0762
vn -0.3491 0.2141 -0.9123
vn -0.8409 0.5157 0.1639
vn -0.7725 0.5943 0.2235
vn -0.3817 0.9032 0.1962
vn -0.2743 0.9509 0.1432
vn 0.1401 0.9864 0.0859
vn -0.3102 0.1902 0.9315
vn -0.8556 -0.5121 0.0752
vn -0.7509 0.4606 -0.4733
vn -0.7512 0.4611 -0.4724
vn -0.7176 0.2554 0.6479
vn -0.9048 0.3220 0.2786
vn -0.8850 0.3664 0.2875
vn -0.6876 0.3267 0.6484
vn -0.7158 0.4392 0.5430
vn -0.7165 0.4398 0.5414
vn -0.6053 0.4668 0.6448
vn -0.7134 0.6463 0.2708
vn -0.7455 0.6091 0.2705
vn -0.7003 0.6778 0.2240
vn -0.2411 0.2873 -0.9270
vn -0.2744 0.2576 -0.9265
vn 0.1364 -0.1625 -0.9772
vn 0.1065 -0.1269 -0.9862
vn 0.1101 -0.1266 -0.9858
vn -0.2394 0.2753 -0.9311
vn -0.1987 0.2999 -0.9330
vn -0.1545 0.3005 -0.9412
vn -0.1965 0.2811 -0.9394
vn 0.0994 -0.1422 -0.9848
vn 0.0936 -0.1413 -0.9855
vn 0.1176 -0.1775 -0.9771
vn 0.3473 -0.5242 -0.7775
vn 0.4038 -0.5135 -0.7572
vn 0.4076 -0.4859 -0.7732
vn 0.2879 -0.5600 -0.7769
vn 0.3391 -0.5599 -0.7560
vn 0.4061 -0.6706 -0.6208
vn 0.5368 -0.6827 -0.4958
vn 0.5381 -0.6838 -0.4929
vn 0.5614 -0.5489 -0.6193
vn 0.4611 -0.4509 -0.7642
vn 0.4619 -0.4337 -0.7737
vn 0.1545 -0.1451 -0.9773
vn 0.2773 -0.5915 -0.7571
vn 0.4107 -0.8760 -0.2530
vn 0.4107 -0.8760 -0.2529
vn 0.4579 -0.8492 -0.2631
vn 0.5249 -0.8265 -0.2036
vn 0.5084 -0.8505 -0.1349
vn 0.5061 -0.8515 -0.1369
vn 0.5264 -0.8459 -0.0858
vn 0.6321 0.7749 0.0032
vn 0.6137 0.7849 -0.0856
vn 0.6883 0.7204 -0.0857
vn 0.6152 0.7838 -0.0845
vn 0.6879 0.7200 0.0920
vn 0.6893 0.7187 0.0909
vn 0.6766 0.7363 0.0032
vn 0.6897 0.7191 -0.0847
vn 0.2644 0.9617 -0.0731
vn 0.6135 0.4847 -0.6234
vn 0.3060 0.2418 -0.9208
vn 0.9024 -0.4291 -0.0398
vn 0.9027 -0.4284 -0.0392
vn 0.3244 0.2563 0.9105
vn 0.3244 0.2562 0.9106
vn -0.2677 0.9627 -0.0389
vn 0.7817 0.6173 -0.0894
vn 0.3060 0.2416 -0.9209
vn -0.2685 0.9625 -0.0395
vn 0.2623 0.9622 -0.0736
vn 0.6604 0.5217 0.5401
vn 0.6608 0.5226 0.5388
vn 0.9936 0.0859 -0.0733
vn 0.9935 0.0878 -0.0727
vn 0.6140 0.4856 -0.6223
vn 0.6747 0.7251 -0.1381
vn 0.6756 0.7244 -0.1372
vn 0.6214 0.7714 -0.1370
vn 0.6205 0.7720 -0.1379
vn 0.5201 0.8430 -0.1371
vn -0.0020 0.9973 -0.0737
vn 0.4132 0.6697 -0.6171
vn 0.4127 0.6694 -0.6177
vn 0.9083 0.4115 -0.0748
vn 0.9091 0.4096 -0.0754
vn 0.4440 0.7201 0.5332
vn 0.2180 0.3537 0.9096
vn -0.5106 0.8589 -0.0408
vn 0.5226 0.8479 -0.0891
vn 0.2180 0.3536 0.9096
vn 0.9907 -0.1298 -0.0410
vn 0.9906 -0.1307 -0.0416
vn 0.2056 0.3336 -0.9200
vn 0.2057 0.3336 -0.9200
vn -0.5112 0.8584 -0.0415
vn -0.0039 0.9972 -0.0742
vn 0.4444 0.7204 0.5324
vn 0.6134 0.7844 0.0918
vn 0.2737 0.7634 0.5851
vn 0.7855 0.6188 0.0028
vn 0.4420 0.8924 0.0902
vn -0.0019 0.9969 0.0791
vn 0.4120 0.6679 0.6198
vn 0.4116 0.6676 0.6204
vn 0.2053 0.3330 0.9203
vn -0.5105 0.8588 0.0439
vn -0.5111 0.8583 0.0446
vn -0.0039 0.9968 0.0797
vn -0.7795 0.6264 0.0051
vn -0.7686 0.6397 0.0034
vn 0.0652 0.0850 -0.9942
vn 0.0700 0.1000 -0.9925
vn 0.0544 0.1095 -0.9925
vn 0.0546 0.1102 -0.9924
vn 0.0341 0.1174 -0.9925
vn 0.0341 0.1184 -0.9924
vn 0.0147 0.1209 -0.9926
vn 0.0183 0.1080 -0.9940
vn 0.9999 0.0104 -0.0010
vn 0.9999 0.0100 -0.0009
vn 0.0959 0.9880 -0.1207
vn 0.0980 0.9878 -0.1212
vn 0.6063 0.7923 -0.0684
vn 0.6054 0.7931 -0.0674
vn -0.4236 0.8946 -0.1424
vn -0.1609 0.3399 -0.9266
vn -0.1610 0.3399 -0.9266
vn -0.3269 0.6901 -0.6457
vn -0.3270 0.6902 -0.6455
vn -0.4141 0.8742 -0.2535
vn -0.3189 0.9433 0.0920
vn -0.3518 0.9361 0.0032
vn -0.3191 0.9438 -0.0858
vn -0.3764 0.7945 0.4766
vn -0.3763 0.7944 0.4768
vn -0.1830 0.3863 0.9040
vn -0.1829 0.3863 0.9040
vn -0.2597 -0.7165 0.6475
vn -0.1280 -0.3532 0.9267
vn -0.1280 -0.3532 0.9268
vn -0.3370 -0.9297 0.1483
vn 0.6937 -0.7167 0.0714
vn 0.6929 -0.7176 0.0704
vn -0.1462 -0.4032 -0.9034
vn -0.9893 -0.1275 0.0703
vn -0.9894 -0.1262 0.0712
vn -0.7703 -0.6251 0.1262
vn -0.7690 -0.6267 0.1257
vn -0.4251 -0.8942 0.1405
vn -0.4461 -0.8670 0.2219
vn -0.3307 -0.6858 0.6483
vn -0.3714 -0.8830 0.2871
vn -0.3272 -0.9031 0.2782
vn -0.2596 -0.7163 0.6477
vn 0.2002 -0.9716 0.1265
vn 0.2022 -0.9711 0.1270
vn -0.3003 -0.8288 -0.4722
vn -0.3004 -0.8289 -0.4720
vn -0.1462 -0.4032 -0.9033
vn 0.0236 -0.9810 0.1925
vn 0.1331 -0.9811 0.1407
vn 0.5165 -0.8521 0.0847
vn -0.1922 -0.3090 0.9315
vn -0.2975 -0.4783 0.8263
vn -0.2979 -0.4787 0.8259
vn -0.4444 -0.7142 0.5408
vn -0.4438 -0.7134 0.5424
vn -0.3298 -0.5301 0.7812
vn -0.2971 -0.5223 0.7993
vn -0.7736 -0.6336 0.0086
vn -0.7688 -0.6394 0.0074
vn 0.0652 -0.0850 -0.9942
vn 0.0694 -0.0983 -0.9927
vn 0.0535 -0.1037 -0.9932
vn 0.0546 -0.1102 -0.9924
vn 0.0341 -0.1174 -0.9925
vn 0.0341 -0.1184 -0.9924
vn 0.0161 -0.1208 -0.9926
vn 0.0200 -0.1080 -0.9940
vn 0.9999 -0.0104 -0.0010
vn 0.9999 -0.0100 -0.0009
vn -0.9197 -0.3916 -0.0292
vn -0.9196 -0.3917 -0.0294
vn 0.3509 -0.8729 -0.3390
vn 0.9504 0.3056 -0.0577
vn 0.9504 0.3057 -0.0577
vn -0.6216 0.6571 -0.4264
vn -0.6929 0.5478 -0.4688
vn -0.6231 0.6586 -0.4218
vn -0.5419 0.7064 -0.4553
vn -0.5623 0.7134 -0.4182
vn -0.4237 0.8210 -0.3826
vn -0.4049 0.8125 -0.4194
vn -0.2531 0.8708 -0.4215
vn -0.7805 0.4614 -0.4218
vn -0.6989 0.5780 -0.4213
vn -0.5266 0.4355 0.7301
vn -0.5276 0.4377 0.7280
vn -0.4237 0.5375 0.7291
vn -0.4237 0.5376 0.7291
vn -0.3047 0.6115 0.7302
vn -0.3048 0.6138 0.7282
vn -0.1901 0.6562 0.7303
vn -0.1923 0.6588 0.7274
vn -0.2545 0.8718 -0.4186
vn -0.1200 0.8983 -0.4227
vn 0.0045 0.8837 -0.4681
vn 0.0046 0.9063 -0.4226
vn -0.0906 0.8757 -0.4744
vn -0.0704 0.6805 0.7294
vn -0.0692 0.6785 0.7313
vn 0.0492 -0.4823 0.8746
vn 0.1351 -0.4699 0.8723
vn 0.1353 -0.4668 0.8739
vn 0.2165 -0.4376 0.8728
vn 0.8023 -0.5656 -0.1908
vn 0.7685 -0.6398 0.0104
vn 0.6863 -0.7255 -0.0517
vn 0.6190 -0.7854 -0.0056
vn 0.5665 -0.8018 -0.1905
vn 0.4353 -0.8800 -0.1902
vn 0.4357 -0.8800 -0.1892
vn 0.2712 -0.9435 -0.1902
vn 0.2717 -0.9437 -0.1888
vn 0.2162 -0.4354 0.8739
vn 0.3016 -0.3827 0.8732
vn 0.3016 -0.3827 0.8733
vn 0.3753 -0.3124 0.8726
vn 0.3742 -0.3105 0.8738
vn -0.5879 0.3475 0.7305
vn -0.3255 -0.9450 -0.0317
vn 0.8494 -0.3432 -0.4010
vn 0.8480 -0.3498 -0.3981
vn 0.3976 0.9142 -0.0783
vn 0.1217 -0.0123 -0.9925
vn 0.1080 -0.0158 -0.9940
vn -0.0406 -0.9992 0.0045
vn -0.0443 -0.9990 0.0050
vn 0.6788 0.7343 0.0004
vn 0.6845 0.7290 -0.0009
vn 0.0884 -0.0623 -0.9941
vn 0.0958 -0.0757 -0.9925
vn 0.1052 -0.0622 -0.9925
vn 0.1128 -0.0469 -0.9925
vn 0.1182 -0.0308 -0.9925
vn -1.0000 0.0002 -0.0009
vn -1.0000 -0.0001 -0.0010
vn -0.0178 -0.1078 -0.9940
vn -0.0146 -0.1210 -0.9925
vn -0.0353 -0.1180 -0.9924
vn -0.0353 -0.1170 -0.9925
vn -0.0557 -0.1096 -0.9924
vn -0.0556 -0.1089 -0.9925
vn -0.0710 -0.0993 -0.9925
vn -0.0661 -0.0843 -0.9942
vn 0.7642 -0.6314 0.1315
vn 0.6820 -0.7228 0.1117
vn 0.9931 0.0878 0.0781
vn 0.9932 0.0858 0.0786
vn 0.9023 -0.4290 0.0428
vn 0.9027 -0.4283 0.0421
vn 0.3254 0.2571 -0.9099
vn 0.6624 0.5233 -0.5361
vn 0.6628 0.5242 -0.5347
vn 0.7844 0.6203 0.0032
vn -0.2677 0.9626 0.0418
vn -0.2684 0.9624 0.0424
vn 0.2622 0.9618 0.0790
vn 0.2643 0.9613 0.0785
vn 0.6883 0.5444 -0.4794
vn 0.7762 0.6139 0.1436
vn 0.6123 0.4842 0.6250
vn 0.6119 0.4834 0.6261
vn 0.3055 0.2414 0.9211
vn 0.3055 0.2412 0.9211
vn 0.7812 0.6169 0.0960
vn 0.3254 0.2570 -0.9100
vn -0.2458 0.8738 0.4195
vn -0.2451 0.8733 0.4211
vn -0.4181 0.8063 0.4185
vn -0.4162 0.8054 0.4220
vn -0.5533 0.7188 0.4208
vn -0.6143 0.7274 0.3056
vn -0.6512 0.6883 0.3197
vn -0.7349 0.6136 0.2889
vn -0.7315 0.5350 0.4226
vn 0.6412 0.6877 0.3405
vn 0.6587 0.6821 0.3177
vn 0.6184 0.7199 0.3151
vn 0.5593 0.7142 0.4209
vn 0.4212 0.8029 0.4219
vn 0.4229 0.8037 0.4187
vn 0.2502 0.8719 0.4210
vn 0.2507 0.8723 0.4197
vn 0.1002 0.9006 0.4230
vn 0.1012 0.9014 0.4209
vn 0.8469 -0.5243 -0.0889
vn 0.3331 -0.2063 -0.9200
vn -0.1332 -0.9902 -0.0415
vn 0.4072 -0.9102 -0.0752
vn 0.7191 -0.4454 0.5334
vn 0.7194 -0.4459 0.5326
vn 0.9972 0.0021 -0.0741
vn 0.9973 0.0001 -0.0736
vn 0.6689 -0.4145 -0.6170
vn 0.7834 -0.6156 -0.0854
vn 0.7824 -0.6171 -0.0844
vn 0.4091 -0.9094 -0.0747
vn 0.6686 -0.4141 -0.6177
vn 0.3332 -0.2063 -0.9200
vn 0.8594 0.5096 -0.0414
vn 0.8598 0.5089 -0.0408
vn 0.3532 -0.2187 0.9096
vn 0.3531 -0.2186 0.9097
vn -0.1324 -0.9904 -0.0408
vn -0.3739 -0.0491 0.9262
vn -0.3653 -0.0936 0.9262
vn -0.3514 -0.1368 0.9262
vn -0.3324 -0.1781 0.9262
vn 0.1328 0.0932 0.9868
vn 0.4998 0.3327 0.7997
vn 0.1667 0.1109 0.9798
vn 0.1693 0.1189 0.9784
vn 0.1430 0.0766 0.9867
vn 0.1512 0.0589 0.9868
vn 0.1572 0.0403 0.9867
vn 0.9504 -0.3057 -0.0577
vn 0.9504 -0.3056 -0.0577
vn 0.3509 0.8729 -0.3390
vn -0.9196 0.3917 -0.0294
vn -0.9197 0.3916 -0.0292
vn -0.2236 0.2820 -0.9330
vn -0.9584 -0.2754 -0.0746
vn -0.9607 -0.2690 -0.0690
vn -0.2522 0.3180 0.9139
vn -0.6135 0.7737 -0.1582
vn 0.4257 0.9021 -0.0702
vn -0.2523 0.3180 0.9139
vn -0.5433 0.6848 0.4858
vn -0.9540 0.2430 -0.1758
vn -0.5259 -0.8505 0.0028
vn -0.7321 -0.3484 0.5853
vn -0.3576 -0.1702 0.9183
vn -0.7955 0.6059 0.0016
vn -0.7955 0.6060 0.0016
vn -0.3583 -0.1705 -0.9179
vn -0.0082 -1.0000 0.0016
vn -0.9030 -0.4297 0.0034
vn -0.3575 -0.1701 0.9183
vn -0.7342 -0.3494 -0.5821
vn -0.7343 -0.3496 -0.5819
vn -0.9934 0.1147 0.0028
vn -0.7322 -0.3486 0.5851
vn -0.8422 -0.5313 0.0921
vn -1.0000 -0.0002 -0.0009
vn -1.0000 0.0001 -0.0010
vn -0.0194 0.1078 -0.9940
vn -0.0159 0.1208 -0.9926
vn -0.0353 0.1180 -0.9924
vn -0.0353 0.1170 -0.9925
vn -0.0557 0.1096 -0.9924
vn -0.0556 0.1089 -0.9925
vn -0.0710 0.0993 -0.9925
vn -0.0661 0.0843 -0.9942
vn 0.7628 0.6465 0.0158
vn 0.7569 0.6534 0.0144
vn -0.0450 0.3484 -0.9363
vn -0.0918 0.3329 -0.9385
vn -0.0817 0.3216 -0.9433
vn -0.1199 0.3065 -0.9443
vn -0.1180 0.3048 -0.9451
vn -0.1543 0.2895 -0.9446
vn 0.0837 -0.1571 -0.9840
vn 0.0801 -0.1559 -0.9845
vn 0.0977 -0.1900 -0.9769
usemtl pskmat0.027
s off
f 2767/1/1 2761/2/1 2768/3/1
f 2775/4/2 2769/5/2 2774/6/2
f 2767/1/3 2774/6/3 2769/5/3
f 2769/5/4 2762/7/4 2767/1/4
f 2760/8/5 2767/1/5 2762/7/5
f 2761/2/6 2767/1/6 2760/8/6
f 2760/8/7 2750/9/7 2761/2/7
f 2751/10/8 2741/11/8 2750/9/8
f 2750/9/9 2760/8/9 2751/10/9
f 2751/10/10 2760/8/10 2754/12/10
f 2762/7/11 2754/12/11 2760/8/11
f 2699/13/12 2767/1/12 2701/14/12
f 2767/1/13 2699/13/13 2774/6/13
f 2744/15/14 2808/16/14 2743/17/14
f 2743/17/15 2742/18/15 2744/15/15
f 2743/17/16 2740/19/16 2742/18/16
f 2742/18/17 2740/19/17 2741/11/17
f 2742/18/18 2741/11/18 2751/10/18
f 2752/20/19 2742/18/19 2751/10/19
f 2752/20/20 2751/10/20 2754/12/20
f 2754/12/21 2832/21/21 2752/20/21
f 2832/21/21 2754/12/21 2833/22/21
f 2745/23/22 2744/15/22 2742/18/22
f 2745/23/23 2742/18/23 2752/20/23
f 171/24/24 169/25/24 128/26/24
f 1337/27/25 161/28/25 162/29/25
f 162/29/26 163/30/26 1337/27/26
f 163/30/27 162/29/27 72/31/27
f 73/32/28 72/31/28 162/29/28
f 162/29/29 161/28/29 73/32/29
f 127/33/30 73/32/30 161/28/30
f 73/32/31 127/33/31 128/26/31
f 128/26/32 127/33/32 134/34/32
f 128/26/33 134/34/33 171/24/33
f 172/35/34 171/24/34 134/34/34
f 171/24/35 172/35/35 1347/36/35
f 171/24/36 1347/36/36 169/25/36
f 1345/37/37 169/25/37 1347/36/37
f 40/38/38 42/39/38 43/40/38
f 169/25/39 42/39/39 40/38/39
f 170/41/40 42/39/40 169/25/40
f 1345/37/41 170/41/41 169/25/41
f 1346/42/42 170/41/42 1345/37/42
f 1345/37/43 1347/36/43 1346/42/43
f 1347/36/43 1348/43/43 1346/42/43
f 1348/43/44 1347/36/44 172/35/44
f 172/35/45 170/41/45 1348/43/45
f 134/34/46 170/41/46 172/35/46
f 1346/42/45 1348/43/45 170/41/45
f 43/40/47 42/39/47 45/44/47
f 177/45/48 43/40/48 45/44/48
f 14/46/49 12/47/49 40/38/49
f 41/48/50 15/49/50 40/38/50
f 14/46/51 40/38/51 15/49/51
f 15/49/52 13/50/52 14/46/52
f 15/49/53 74/51/53 13/50/53
f 68/52/54 13/50/54 74/51/54
f 68/52/55 56/53/55 13/50/55
f 68/52/56 59/54/56 56/53/56
f 59/54/57 68/52/57 69/55/57
f 74/51/58 69/55/58 68/52/58
f 69/55/59 74/51/59 130/56/59
f 130/56/60 74/51/60 129/57/60
f 129/57/61 135/58/61 130/56/61
f 129/57/62 41/48/62 135/58/62
f 43/40/62 135/58/62 41/48/62
f 41/48/63 40/38/63 43/40/63
f 69/55/64 130/56/64 411/59/64
f 412/60/65 411/59/65 490/61/65
f 491/62/66 490/61/66 411/59/66
f 491/62/67 411/59/67 492/63/67
f 455/64/68 492/63/68 411/59/68
f 455/64/69 411/59/69 130/56/69
f 130/56/70 136/65/70 455/64/70
f 136/65/71 130/56/71 135/58/71
f 135/58/72 105/66/72 136/65/72
f 180/67/73 105/66/73 135/58/73
f 135/58/74 43/40/74 180/67/74
f 178/68/75 180/67/75 43/40/75
f 179/69/76 105/66/76 180/67/76
f 178/68/77 43/40/77 177/45/77
f 178/68/78 177/45/78 1353/70/78
f 178/68/79 1353/70/79 180/67/79
f 1356/71/80 180/67/80 1353/70/80
f 180/67/81 1356/71/81 179/69/81
f 1355/72/82 179/69/82 1356/71/82
f 1355/72/83 1354/73/83 179/69/83
f 1355/72/84 1353/70/84 1354/73/84
f 1354/73/85 1353/70/85 177/45/85
f 177/45/86 179/69/86 1354/73/86
f 1356/71/87 1353/70/87 1355/72/87
f 177/45/88 45/44/88 179/69/88
f 179/69/89 45/44/89 105/66/89
f 105/66/90 45/44/90 106/74/90
f 106/74/91 103/75/91 105/66/91
f 103/75/92 106/74/92 119/76/92
f 454/77/93 103/75/93 119/76/93
f 454/77/94 119/76/94 449/78/94
f 449/78/95 381/79/95 454/77/95
f 475/80/96 381/79/96 449/78/96
f 473/81/97 381/79/97 475/80/97
f 449/78/98 435/82/98 475/80/98
f 473/81/99 475/80/99 1410/83/99
f 1410/83/100 1409/84/100 473/81/100
f 1410/83/101 1411/85/101 1409/84/101
f 1411/85/101 1412/86/101 1409/84/101
f 1411/85/102 475/80/102 1412/86/102
f 476/87/103 1412/86/103 475/80/103
f 476/87/104 475/80/104 435/82/104
f 476/87/105 435/82/105 474/88/105
f 474/88/106 435/82/106 379/89/106
f 474/88/107 379/89/107 473/81/107
f 1411/85/108 1410/83/108 475/80/108
f 474/88/109 473/81/109 1409/84/109
f 1409/84/110 476/87/110 474/88/110
f 476/87/111 1409/84/111 1412/86/111
f 371/90/112 434/91/112 366/92/112
f 434/91/113 371/90/113 435/82/113
f 379/89/114 435/82/114 371/90/114
f 435/82/115 113/93/115 98/94/115
f 435/82/116 98/94/116 434/91/116
f 434/91/117 98/94/117 430/95/117
f 430/95/118 366/92/118 434/91/118
f 430/95/119 431/96/119 366/92/119
f 364/97/119 366/92/119 431/96/119
f 366/92/120 364/97/120 365/98/120
f 366/92/121 365/98/121 371/90/121
f 365/98/122 370/99/122 371/90/122
f 371/90/123 370/99/123 379/89/123
f 370/99/124 365/98/124 426/100/124
f 426/100/125 373/101/125 370/99/125
f 367/102/120 365/98/120 364/97/120
f 367/102/126 426/100/126 365/98/126
f 429/103/126 426/100/126 367/102/126
f 362/104/127 429/103/127 369/105/127
f 367/102/128 369/105/128 429/103/128
f 369/105/129 367/102/129 368/106/129
f 364/97/130 368/106/130 367/102/130
f 368/106/131 364/97/131 415/107/131
f 431/96/132 415/107/132 364/97/132
f 415/107/133 431/96/133 82/108/133
f 87/109/134 82/108/134 431/96/134
f 431/96/135 430/95/135 87/109/135
f 88/110/135 87/109/135 430/95/135
f 84/111/136 414/112/136 82/108/136
f 415/107/137 82/108/137 414/112/137
f 414/112/138 416/113/138 415/107/138
f 368/106/139 415/107/139 416/113/139
f 368/106/140 416/113/140 417/114/140
f 417/114/141 369/105/141 368/106/141
f 417/114/142 360/115/142 369/105/142
f 362/104/143 369/105/143 360/115/143
f 362/104/144 360/115/144 361/116/144
f 362/104/145 361/116/145 429/103/145
f 363/117/146 361/116/146 360/115/146
f 363/117/147 421/118/147 361/116/147
f 361/116/148 421/118/148 427/119/148
f 425/120/149 427/119/149 421/118/149
f 427/119/150 425/120/150 428/121/150
f 422/122/150 428/121/150 425/120/150
f 374/123/151 428/121/151 422/122/151
f 422/122/152 432/124/152 374/123/152
f 422/122/153 424/125/153 432/124/153
f 433/126/154 432/124/154 424/125/154
f 419/127/155 421/118/155 363/117/155
f 424/125/156 422/122/156 423/128/156
f 425/120/157 423/128/157 422/122/157
f 423/128/158 425/120/158 418/129/158
f 421/118/159 418/129/159 425/120/159
f 421/118/160 419/127/160 418/129/160
f 420/130/161 418/129/161 419/127/161
f 427/119/162 429/103/162 361/116/162
f 429/103/163 427/119/163 426/100/163
f 428/121/163 426/100/163 427/119/163
f 373/101/164 426/100/164 428/121/164
f 428/121/165 374/123/165 373/101/165
f 374/123/166 372/131/166 373/101/166
f 374/123/167 432/124/167 372/131/167
f 436/132/168 372/131/168 432/124/168
f 432/124/169 433/126/169 436/132/169
f 433/126/170 445/133/170 436/132/170
f 470/134/171 469/135/171 372/131/171
f 372/131/172 436/132/172 470/134/172
f 370/99/173 380/136/173 379/89/173
f 370/99/174 373/101/174 380/136/174
f 447/137/174 380/136/174 373/101/174
f 372/131/175 447/137/175 373/101/175
f 447/137/176 372/131/176 448/138/176
f 448/138/177 372/131/177 469/135/177
f 469/135/178 446/139/178 448/138/178
f 472/140/179 446/139/179 469/135/179
f 472/140/180 436/132/180 446/139/180
f 471/141/181 436/132/181 472/140/181
f 471/141/182 470/134/182 436/132/182
f 470/134/183 471/141/183 1405/142/183
f 469/135/184 470/134/184 1405/142/184
f 1406/143/185 469/135/185 1405/142/185
f 1406/143/186 472/140/186 469/135/186
f 1408/144/187 472/140/187 1406/143/187
f 1408/144/188 1407/145/188 472/140/188
f 1408/144/189 1406/143/189 1407/145/189
f 1407/145/189 1406/143/189 1405/142/189
f 1407/145/190 1405/142/190 471/141/190
f 471/141/191 472/140/191 1407/145/191
f 446/139/192 436/132/192 445/133/192
f 445/133/193 450/146/193 446/139/193
f 451/147/194 446/139/194 450/146/194
f 450/146/195 438/148/195 451/147/195
f 440/149/196 451/147/196 438/148/196
f 440/149/197 438/148/197 437/150/197
f 437/150/198 442/151/198 440/149/198
f 437/150/198 389/152/198 442/151/198
f 442/151/199 389/152/199 441/153/199
f 388/154/199 441/153/199 389/152/199
f 482/155/200 440/149/200 442/151/200
f 451/147/201 440/149/201 483/156/201
f 484/157/202 483/156/202 440/149/202
f 484/157/203 440/149/203 482/155/203
f 1418/158/204 484/157/204 482/155/204
f 1418/158/205 482/155/205 1417/159/205
f 482/155/206 481/160/206 1417/159/206
f 482/155/207 442/151/207 481/160/207
f 481/160/208 442/151/208 453/161/208
f 441/153/209 453/161/209 442/151/209
f 452/162/210 453/161/210 441/153/210
f 441/153/211 377/163/211 452/162/211
f 382/164/211 452/162/211 377/163/211
f 1420/165/212 484/157/212 1418/158/212
f 1420/165/213 1418/158/213 1419/166/213
f 1419/166/213 1418/158/213 1417/159/213
f 1419/166/214 1417/159/214 483/156/214
f 481/160/215 483/156/215 1417/159/215
f 483/156/216 481/160/216 451/147/216
f 453/161/217 451/147/217 481/160/217
f 451/147/218 453/161/218 446/139/218
f 448/138/218 446/139/218 453/161/218
f 453/161/219 452/162/219 448/138/219
f 1420/165/220 1419/166/220 484/157/220
f 483/156/221 484/157/221 1419/166/221
f 1415/167/222 1414/168/222 1413/169/222
f 1415/167/223 1413/169/223 479/170/223
f 479/170/224 480/171/224 1415/167/224
f 480/171/225 479/170/225 452/162/225
f 480/171/226 452/162/226 478/172/226
f 478/172/227 452/162/227 382/164/227
f 478/172/228 382/164/228 477/173/228
f 477/173/229 382/164/229 380/136/229
f 380/136/230 447/137/230 477/173/230
f 448/138/231 452/162/231 447/137/231
f 447/137/232 452/162/232 479/170/232
f 479/170/233 477/173/233 447/137/233
f 477/173/223 479/170/223 1413/169/223
f 478/172/234 477/173/234 1413/169/234
f 1414/168/235 478/172/235 1413/169/235
f 1414/168/236 480/171/236 478/172/236
f 1416/174/237 480/171/237 1414/168/237
f 1416/174/238 1415/167/238 480/171/238
f 1416/174/222 1414/168/222 1415/167/222
f 473/81/239 379/89/239 381/79/239
f 381/79/240 379/89/240 380/136/240
f 381/79/241 380/136/241 383/175/241
f 383/175/242 380/136/242 382/164/242
f 382/164/243 376/176/243 383/175/243
f 377/163/244 376/176/244 382/164/244
f 377/163/245 375/177/245 376/176/245
f 378/178/245 376/176/245 375/177/245
f 375/177/246 462/179/246 378/178/246
f 461/180/247 378/178/247 462/179/247
f 462/179/248 386/181/248 500/182/248
f 462/179/249 375/177/249 386/181/249
f 384/183/250 386/181/250 385/184/250
f 500/182/251 498/185/251 1436/186/251
f 498/185/252 500/182/252 386/181/252
f 498/185/253 386/181/253 497/187/253
f 497/187/254 386/181/254 384/183/254
f 497/187/255 384/183/255 499/188/255
f 499/188/256 384/183/256 456/189/256
f 456/189/257 462/179/257 499/188/257
f 500/182/258 499/188/258 462/179/258
f 499/188/259 500/182/259 1435/190/259
f 1435/190/260 497/187/260 499/188/260
f 1433/191/260 497/187/260 1435/190/260
f 497/187/261 1433/191/261 498/185/261
f 1434/192/262 498/185/262 1433/191/262
f 1434/192/263 1436/186/263 498/185/263
f 1434/192/264 1433/191/264 1436/186/264
f 1435/190/265 1436/186/265 1433/191/265
f 1436/186/266 1435/190/266 500/182/266
f 462/179/267 456/189/267 461/180/267
f 457/193/268 461/180/268 456/189/268
f 457/193/269 456/189/269 412/60/269
f 457/193/270 412/60/270 489/194/270
f 490/61/271 489/194/271 412/60/271
f 490/61/272 1425/195/272 489/194/272
f 490/61/273 491/62/273 1425/195/273
f 1427/196/274 1425/195/274 491/62/274
f 491/62/275 492/63/275 1427/196/275
f 1428/197/276 1427/196/276 492/63/276
f 1427/196/277 1428/197/277 1425/195/277
f 1428/197/278 492/63/278 1426/198/278
f 1426/198/277 1425/195/277 1428/197/277
f 1426/198/279 489/194/279 1425/195/279
f 1426/198/278 492/63/278 489/194/278
f 489/194/280 492/63/280 457/193/280
f 455/64/281 457/193/281 492/63/281
f 455/64/282 460/199/282 457/193/282
f 460/199/283 455/64/283 136/65/283
f 136/65/284 104/200/284 460/199/284
f 104/200/285 136/65/285 105/66/285
f 443/201/286 460/199/286 104/200/286
f 502/202/287 378/178/287 501/203/287
f 502/202/288 504/204/288 378/178/288
f 443/201/289 378/178/289 504/204/289
f 504/204/290 503/205/290 443/201/290
f 460/199/291 443/201/291 503/205/291
f 503/205/292 461/180/292 460/199/292
f 461/180/282 457/193/282 460/199/282
f 503/205/293 504/204/293 1439/206/293
f 501/203/294 1437/207/294 502/202/294
f 1438/208/295 502/202/295 1437/207/295
f 1438/208/296 504/204/296 502/202/296
f 1440/209/297 504/204/297 1438/208/297
f 1440/209/298 1439/206/298 504/204/298
f 1439/206/299 1440/209/299 1437/207/299
f 1439/206/300 1437/207/300 503/205/300
f 501/203/300 503/205/300 1437/207/300
f 501/203/301 461/180/301 503/205/301
f 501/203/302 378/178/302 461/180/302
f 1438/208/299 1437/207/299 1440/209/299
f 105/66/91 103/75/91 104/200/91
f 104/200/303 103/75/303 443/201/303
f 444/210/303 443/201/303 103/75/303
f 443/201/304 444/210/304 378/178/304
f 376/176/304 378/178/304 444/210/304
f 487/211/305 376/176/305 444/210/305
f 486/212/306 376/176/306 487/211/306
f 486/212/307 487/211/307 1422/213/307
f 1422/213/308 1421/214/308 486/212/308
f 1422/213/309 1423/215/309 1421/214/309
f 1423/215/310 1422/213/310 487/211/310
f 1423/215/309 1424/216/309 1421/214/309
f 1423/215/311 487/211/311 1424/216/311
f 488/217/312 1424/216/312 487/211/312
f 487/211/313 444/210/313 488/217/313
f 488/217/314 444/210/314 454/77/314
f 444/210/315 103/75/315 454/77/315
f 488/217/316 1421/214/316 1424/216/316
f 383/175/95 454/77/95 381/79/95
f 454/77/317 383/175/317 488/217/317
f 485/218/318 488/217/318 383/175/318
f 1421/214/319 488/217/319 485/218/319
f 485/218/320 486/212/320 1421/214/320
f 486/212/321 485/218/321 376/176/321
f 383/175/322 376/176/322 485/218/322
f 116/219/323 28/220/323 141/221/323
f 115/222/324 28/220/324 116/219/324
f 116/219/325 121/223/325 115/222/325
f 116/219/326 120/224/326 121/223/326
f 141/221/327 1318/225/327 144/226/327
f 141/221/328 144/226/328 116/219/328
f 114/227/329 116/219/329 144/226/329
f 120/224/326 116/219/326 114/227/326
f 114/227/330 113/93/330 120/224/330
f 114/227/331 102/228/331 113/93/331
f 98/94/332 113/93/332 102/228/332
f 144/226/333 102/228/333 114/227/333
f 1320/229/334 144/226/334 1318/225/334
f 1330/230/335 153/231/335 1329/232/335
f 154/233/336 1329/232/336 153/231/336
f 154/233/337 153/231/337 121/223/337
f 154/233/338 121/223/338 155/234/338
f 155/234/339 121/223/339 120/224/339
f 120/224/340 106/74/340 155/234/340
f 119/76/341 106/74/341 120/224/341
f 120/224/342 113/93/342 119/76/342
f 119/76/343 113/93/343 449/78/343
f 449/78/344 113/93/344 435/82/344
f 154/233/345 155/234/345 1329/232/345
f 170/41/346 134/34/346 42/39/346
f 42/39/347 134/34/347 44/235/347
f 42/39/348 44/235/348 45/44/348
f 45/44/349 44/235/349 108/236/349
f 108/236/90 106/74/90 45/44/90
f 106/74/350 108/236/350 156/237/350
f 156/237/351 155/234/351 106/74/351
f 155/234/352 156/237/352 1331/238/352
f 1331/238/353 1329/232/353 155/234/353
f 1331/238/354 1332/239/354 1329/232/354
f 1332/239/355 1331/238/355 156/237/355
f 1330/230/354 1329/232/354 1332/239/354
f 1332/239/356 156/237/356 1330/230/356
f 153/231/357 1330/230/357 156/237/357
f 153/231/358 156/237/358 108/236/358
f 108/236/359 121/223/359 153/231/359
f 121/223/360 108/236/360 122/240/360
f 122/240/361 115/222/361 121/223/361
f 115/222/362 122/240/362 151/241/362
f 151/241/363 36/242/363 115/222/363
f 36/242/364 151/241/364 149/243/364
f 1326/244/365 150/245/365 1325/246/365
f 149/243/366 1325/246/366 150/245/366
f 149/243/367 151/241/367 1325/246/367
f 149/243/368 38/247/368 36/242/368
f 150/245/369 38/247/369 149/243/369
f 150/245/370 152/248/370 38/247/370
f 150/245/371 1326/244/371 152/248/371
f 1328/249/372 152/248/372 1326/244/372
f 1326/244/373 1325/246/373 1328/249/373
f 1327/250/373 1328/249/373 1325/246/373
f 1327/250/367 1325/246/367 151/241/367
f 151/241/374 152/248/374 1327/250/374
f 152/248/375 151/241/375 122/240/375
f 1328/249/376 1327/250/376 152/248/376
f 122/240/377 38/247/377 152/248/377
f 107/251/378 38/247/378 122/240/378
f 38/247/378 107/251/378 31/252/378
f 139/253/379 31/252/379 107/251/379
f 31/252/380 139/253/380 138/254/380
f 138/254/381 139/253/381 1314/255/381
f 1314/255/382 1313/256/382 138/254/382
f 1315/257/383 1313/256/383 1314/255/383
f 1316/258/383 1313/256/383 1315/257/383
f 1315/257/384 139/253/384 1316/258/384
f 1315/257/381 1314/255/381 139/253/381
f 1316/258/385 140/259/385 1313/256/385
f 1316/258/384 139/253/384 140/259/384
f 139/253/386 107/251/386 140/259/386
f 140/259/386 107/251/386 44/235/386
f 108/236/349 44/235/349 107/251/349
f 107/251/387 122/240/387 108/236/387
f 127/33/388 126/260/388 133/261/388
f 134/34/389 127/33/389 133/261/389
f 134/34/390 133/261/390 32/262/390
f 32/262/347 44/235/347 134/34/347
f 44/235/391 32/262/391 140/259/391
f 137/263/392 140/259/392 32/262/392
f 137/263/393 1313/256/393 140/259/393
f 137/263/394 138/254/394 1313/256/394
f 138/254/395 137/263/395 31/252/395
f 32/262/395 31/252/395 137/263/395
f 33/264/396 31/252/396 32/262/396
f 133/261/397 33/264/397 32/262/397
f 1351/265/398 1349/266/398 175/267/398
f 175/267/399 176/268/399 1351/265/399
f 176/268/400 175/267/400 112/269/400
f 112/269/401 174/270/401 176/268/401
f 174/270/402 112/269/402 33/264/402
f 174/270/403 33/264/403 173/271/403
f 173/271/404 33/264/404 133/261/404
f 133/261/405 132/272/405 173/271/405
f 132/272/388 133/261/388 126/260/388
f 126/260/406 125/273/406 132/272/406
f 132/272/407 112/269/407 175/267/407
f 175/267/408 173/271/408 132/272/408
f 173/271/409 175/267/409 1349/266/409
f 1349/266/410 174/270/410 173/271/410
f 1350/274/411 174/270/411 1349/266/411
f 174/270/412 1350/274/412 176/268/412
f 1352/275/413 176/268/413 1350/274/413
f 1352/275/414 1351/265/414 176/268/414
f 1351/265/415 1352/275/415 1350/274/415
f 1349/266/416 1351/265/416 1350/274/416
f 132/272/417 125/273/417 131/276/417
f 295/277/418 131/276/418 125/273/418
f 300/278/419 131/276/419 295/277/419
f 330/279/420 195/280/420 329/281/420
f 329/281/421 195/280/421 221/282/421
f 221/282/422 295/277/422 329/281/422
f 221/282/423 223/283/423 295/277/423
f 223/283/423 300/278/423 295/277/423
f 341/284/424 300/278/424 223/283/424
f 300/278/425 341/284/425 344/285/425
f 1397/286/426 344/285/426 341/284/426
f 1397/286/427 1400/287/427 344/285/427
f 1397/286/428 1398/288/428 1400/287/428
f 330/279/429 329/281/429 1385/289/429
f 1385/289/430 332/290/430 330/279/430
f 295/277/431 249/291/431 331/292/431
f 331/292/432 329/281/432 295/277/432
f 329/281/433 331/292/433 1386/293/433
f 1386/293/434 1385/289/434 329/281/434
f 1385/289/435 1386/293/435 1388/294/435
f 1385/289/436 1388/294/436 332/290/436
f 1388/294/437 331/292/437 332/290/437
f 332/290/438 331/292/438 249/291/438
f 249/291/439 330/279/439 332/290/439
f 330/279/440 249/291/440 195/280/440
f 1387/295/441 1386/293/441 331/292/441
f 1387/295/435 1388/294/435 1386/293/435
f 1387/295/442 331/292/442 1388/294/442
f 249/291/443 70/296/443 244/297/443
f 244/297/444 195/280/444 249/291/444
f 193/298/445 195/280/445 244/297/445
f 192/299/446 248/300/446 293/301/446
f 192/299/447 293/301/447 194/302/447
f 237/303/448 192/299/448 194/302/448
f 194/302/449 238/304/449 237/303/449
f 238/304/450 194/302/450 193/298/450
f 238/304/451 193/298/451 234/305/451
f 244/297/452 234/305/452 193/298/452
f 67/306/453 234/305/453 244/297/453
f 70/296/454 67/306/454 244/297/454
f 66/307/455 67/306/455 70/296/455
f 66/307/456 65/308/456 67/306/456
f 67/306/457 65/308/457 234/305/457
f 235/309/458 234/305/458 65/308/458
f 234/305/459 235/309/459 238/304/459
f 236/310/460 238/304/460 235/309/460
f 238/304/461 236/310/461 237/303/461
f 239/311/462 237/303/462 236/310/462
f 239/311/463 236/310/463 184/312/463
f 183/313/463 184/312/463 236/310/463
f 236/310/464 235/309/464 183/313/464
f 233/314/465 49/315/465 232/316/465
f 232/316/466 181/317/466 233/314/466
f 183/313/466 233/314/466 181/317/466
f 183/313/467 181/317/467 182/318/467
f 184/312/467 183/313/467 182/318/467
f 182/318/468 189/319/468 184/312/468
f 184/312/469 189/319/469 239/311/469
f 185/320/469 239/311/469 189/319/469
f 239/311/470 185/320/470 237/303/470
f 187/321/471 237/303/471 185/320/471
f 190/322/472 185/320/472 189/319/472
f 186/323/472 185/320/472 190/322/472
f 187/321/473 185/320/473 186/323/473
f 186/323/474 188/324/474 187/321/474
f 191/325/475 187/321/475 188/324/475
f 246/326/476 191/325/476 188/324/476
f 246/326/477 188/324/477 240/327/477
f 246/326/478 240/327/478 245/328/478
f 245/328/479 240/327/479 242/329/479
f 572/330/480 245/328/480 242/329/480
f 246/326/481 247/331/481 191/325/481
f 246/326/482 245/328/482 247/331/482
f 242/329/483 240/327/483 241/332/483
f 190/322/484 229/333/484 186/323/484
f 243/334/484 186/323/484 229/333/484
f 186/323/485 243/334/485 188/324/485
f 240/327/486 188/324/486 243/334/486
f 243/334/487 241/332/487 240/327/487
f 241/332/488 243/334/488 226/335/488
f 226/335/489 560/336/489 241/332/489
f 229/333/488 226/335/488 243/334/488
f 572/330/490 242/329/490 562/337/490
f 242/329/491 241/332/491 562/337/491
f 563/338/492 562/337/492 241/332/492
f 563/338/489 241/332/489 560/336/489
f 560/336/493 509/339/493 563/338/493
f 189/319/468 182/318/468 230/340/468
f 189/319/494 230/340/494 190/322/494
f 231/341/494 190/322/494 230/340/494
f 231/341/495 229/333/495 190/322/495
f 227/342/496 229/333/496 231/341/496
f 229/333/497 227/342/497 226/335/497
f 228/343/497 226/335/497 227/342/497
f 226/335/498 228/343/498 560/336/498
f 561/344/498 560/336/498 228/343/498
f 561/344/499 509/339/499 560/336/499
f 512/345/499 509/339/499 561/344/499
f 512/345/500 510/346/500 509/339/500
f 563/338/501 567/347/501 562/337/501
f 565/348/502 567/347/502 563/338/502
f 565/348/493 563/338/493 509/339/493
f 511/349/503 565/348/503 509/339/503
f 511/349/500 509/339/500 510/346/500
f 511/349/504 510/346/504 518/350/504
f 558/351/504 518/350/504 510/346/504
f 518/350/505 558/351/505 517/352/505
f 559/353/505 517/352/505 558/351/505
f 559/353/506 555/354/506 517/352/506
f 522/355/507 521/356/507 567/347/507
f 564/357/508 522/355/508 567/347/508
f 567/347/509 565/348/509 564/357/509
f 566/358/510 564/357/510 565/348/510
f 565/348/503 511/349/503 566/358/503
f 511/349/511 518/350/511 566/358/511
f 516/359/511 566/358/511 518/350/511
f 518/350/512 517/352/512 516/359/512
f 516/359/512 517/352/512 513/360/512
f 517/352/513 557/361/513 513/360/513
f 515/362/514 564/357/514 516/359/514
f 566/358/515 516/359/515 564/357/515
f 516/359/516 513/360/516 515/362/516
f 515/362/517 513/360/517 514/363/517
f 514/363/518 519/364/518 515/362/518
f 520/365/519 515/362/519 519/364/519
f 515/362/520 520/365/520 564/357/520
f 564/357/521 520/365/521 522/355/521
f 522/355/522 520/365/522 548/366/522
f 522/355/523 548/366/523 523/367/523
f 549/368/524 523/367/524 548/366/524
f 657/369/525 523/367/525 549/368/525
f 557/361/513 571/370/513 513/360/513
f 513/360/526 571/370/526 514/363/526
f 569/371/527 514/363/527 571/370/527
f 573/372/528 514/363/528 569/371/528
f 514/363/529 573/372/529 519/364/529
f 519/364/530 573/372/530 576/373/530
f 576/373/531 520/365/531 519/364/531
f 520/365/532 576/373/532 621/374/532
f 621/374/533 548/366/533 520/365/533
f 548/366/534 621/374/534 661/375/534
f 622/376/535 576/373/535 653/377/535
f 622/376/536 621/374/536 576/373/536
f 622/376/537 626/378/537 621/374/537
f 621/374/538 626/378/538 663/379/538
f 663/379/539 661/375/539 621/374/539
f 661/375/540 551/380/540 548/366/540
f 662/381/541 551/380/541 661/375/541
f 551/380/542 662/381/542 626/378/542
f 664/382/543 626/378/543 662/381/543
f 664/382/544 663/379/544 626/378/544
f 663/379/545 664/382/545 1479/383/545
f 663/379/546 1479/383/546 661/375/546
f 1478/384/546 661/375/546 1479/383/546
f 1478/384/547 662/381/547 661/375/547
f 1478/384/548 1477/385/548 662/381/548
f 1478/384/549 1479/383/549 1477/385/549
f 551/380/550 626/378/550 553/386/550
f 1477/385/551 1480/387/551 662/381/551
f 1480/387/549 1477/385/549 1479/383/549
f 1480/387/552 1479/383/552 664/382/552
f 664/382/551 662/381/551 1480/387/551
f 622/376/553 653/377/553 620/388/553
f 622/376/554 620/388/554 627/389/554
f 627/389/555 626/378/555 622/376/555
f 626/378/556 627/389/556 542/390/556
f 542/390/550 553/386/550 626/378/550
f 553/386/557 542/390/557 632/391/557
f 632/391/558 603/392/558 553/386/558
f 631/393/558 603/392/558 632/391/558
f 603/392/559 631/393/559 540/394/559
f 630/395/560 540/394/560 631/393/560
f 624/396/554 627/389/554 620/388/554
f 630/395/561 629/397/561 540/394/561
f 629/397/562 630/395/562 1445/398/562
f 629/397/563 1445/398/563 632/391/563
f 1448/399/564 632/391/564 1445/398/564
f 1448/399/565 631/393/565 632/391/565
f 1448/399/566 1447/400/566 631/393/566
f 1447/400/567 1446/401/567 631/393/567
f 1445/398/568 1446/401/568 1447/400/568
f 1446/401/562 1445/398/562 630/395/562
f 630/395/567 631/393/567 1446/401/567
f 1445/398/568 1447/400/568 1448/399/568
f 603/392/569 546/402/569 616/403/569
f 540/394/569 546/402/569 603/392/569
f 546/402/570 540/394/570 547/404/570
f 539/405/571 547/404/571 540/394/571
f 541/406/572 539/405/572 540/394/572
f 541/406/573 608/407/573 539/405/573
f 666/408/574 608/407/574 541/406/574
f 668/409/575 608/407/575 666/408/575
f 1481/410/576 668/409/576 666/408/576
f 1481/410/577 1484/411/577 668/409/577
f 1484/411/578 1481/410/578 1483/412/578
f 1484/411/579 1483/412/579 668/409/579
f 667/413/580 668/409/580 1483/412/580
f 668/409/581 667/413/581 608/407/581
f 624/396/582 608/407/582 667/413/582
f 625/414/583 608/407/583 624/396/583
f 625/414/584 624/396/584 619/415/584
f 620/388/585 619/415/585 624/396/585
f 620/388/586 575/416/586 619/415/586
f 656/417/587 575/416/587 620/388/587
f 574/418/588 619/415/588 575/416/588
f 570/419/589 724/420/589 727/421/589
f 727/421/590 726/422/590 570/419/590
f 568/423/591 570/419/591 726/422/591
f 736/424/592 568/423/592 726/422/592
f 568/423/593 736/424/593 574/418/593
f 741/425/594 574/418/594 736/424/594
f 741/425/595 619/415/595 574/418/595
f 619/415/596 741/425/596 787/426/596
f 787/426/597 625/414/597 619/415/597
f 625/414/598 787/426/598 792/427/598
f 1518/428/599 1517/429/599 821/430/599
f 821/430/600 823/431/600 1518/428/600
f 823/431/601 821/430/601 787/426/601
f 787/426/602 741/425/602 823/431/602
f 824/432/603 823/431/603 741/425/603
f 824/432/604 741/425/604 822/433/604
f 687/434/605 822/433/605 741/425/605
f 736/424/606 687/434/606 741/425/606
f 685/435/607 687/434/607 736/424/607
f 736/424/608 726/422/608 685/435/608
f 821/430/609 687/434/609 713/436/609
f 822/433/610 687/434/610 821/430/610
f 822/433/611 821/430/611 1517/429/611
f 822/433/612 1517/429/612 824/432/612
f 1520/437/613 824/432/613 1517/429/613
f 1520/437/614 823/431/614 824/432/614
f 1520/437/615 1519/438/615 823/431/615
f 1519/438/616 1518/428/616 823/431/616
f 1519/438/617 1520/437/617 1518/428/617
f 1517/429/617 1518/428/617 1520/437/617
f 731/439/618 729/440/618 728/441/618
f 730/442/619 728/441/619 729/440/619
f 686/443/620 730/442/620 729/440/620
f 730/442/621 686/443/621 685/435/621
f 687/434/622 685/435/622 686/443/622
f 686/443/623 712/444/623 687/434/623
f 713/436/624 687/434/624 712/444/624
f 712/444/625 714/445/625 713/436/625
f 715/446/626 713/436/626 714/445/626
f 714/445/627 716/447/627 715/446/627
f 825/448/628 714/445/628 712/444/628
f 712/444/629 827/449/629 825/448/629
f 825/448/630 827/449/630 1523/450/630
f 826/451/631 714/445/631 825/448/631
f 1522/452/632 826/451/632 825/448/632
f 1522/452/633 825/448/633 1523/450/633
f 1523/450/634 1524/453/634 1522/452/634
f 1524/453/635 1523/450/635 828/454/635
f 827/449/636 828/454/636 1523/450/636
f 828/454/637 827/449/637 791/455/637
f 785/456/638 791/455/638 827/449/638
f 827/449/639 712/444/639 785/456/639
f 785/456/640 712/444/640 686/443/640
f 785/456/641 686/443/641 684/457/641
f 729/440/642 684/457/642 686/443/642
f 1522/452/643 1521/458/643 826/451/643
f 740/459/644 785/456/644 684/457/644
f 710/460/645 705/461/645 704/462/645
f 705/461/646 703/463/646 704/462/646
f 706/464/646 704/462/646 703/463/646
f 703/463/647 791/455/647 706/464/647
f 790/465/648 706/464/648 791/455/648
f 791/455/649 785/456/649 790/465/649
f 786/466/650 790/465/650 785/456/650
f 785/456/651 740/459/651 786/466/651
f 786/466/652 740/459/652 817/467/652
f 818/468/653 817/467/653 740/459/653
f 786/466/654 789/469/654 790/465/654
f 1525/470/655 1526/471/655 1528/472/655
f 1526/471/656 1525/470/656 830/473/656
f 1526/471/657 830/473/657 829/474/657
f 830/473/658 706/464/658 829/474/658
f 829/474/659 706/464/659 790/465/659
f 790/465/660 831/475/660 829/474/660
f 831/475/661 790/465/661 789/469/661
f 789/469/662 770/476/662 831/475/662
f 770/476/663 789/469/663 771/477/663
f 771/477/664 769/478/664 770/476/664
f 829/474/665 831/475/665 1526/471/665
f 831/475/666 832/479/666 1527/480/666
f 1527/480/667 1526/471/667 831/475/667
f 1527/480/655 1528/472/655 1526/471/655
f 1528/472/668 1527/480/668 832/479/668
f 1528/472/669 832/479/669 1525/470/669
f 830/473/670 1525/470/670 832/479/670
f 830/473/671 832/479/671 706/464/671
f 781/481/672 782/482/672 769/478/672
f 937/483/673 777/484/673 942/485/673
f 777/484/674 781/481/674 942/485/674
f 776/486/675 781/481/675 777/484/675
f 782/482/676 781/481/676 776/486/676
f 776/486/677 709/487/677 782/482/677
f 711/488/677 782/482/677 709/487/677
f 709/487/678 707/489/678 711/488/678
f 707/489/679 710/460/679 711/488/679
f 805/490/680 710/460/680 707/489/680
f 806/491/681 710/460/681 805/490/681
f 711/488/682 710/460/682 704/462/682
f 803/492/683 709/487/683 776/486/683
f 801/493/684 709/487/684 803/492/684
f 802/494/685 801/493/685 1497/495/685
f 708/496/686 801/493/686 802/494/686
f 801/493/687 708/496/687 709/487/687
f 709/487/688 708/496/688 707/489/688
f 708/496/689 763/497/689 698/498/689
f 708/496/690 802/494/690 763/497/690
f 804/499/691 763/497/691 802/494/691
f 802/494/692 1497/495/692 804/499/692
f 1500/500/693 804/499/693 1497/495/693
f 1500/500/694 1497/495/694 1499/501/694
f 803/492/695 1500/500/695 1499/501/695
f 1499/501/696 1498/502/696 803/492/696
f 801/493/697 803/492/697 1498/502/697
f 1498/502/698 1497/495/698 801/493/698
f 1499/501/694 1497/495/694 1498/502/694
f 1500/500/699 803/492/699 804/499/699
f 804/499/700 803/492/700 763/497/700
f 776/486/701 763/497/701 803/492/701
f 777/484/702 763/497/702 776/486/702
f 698/498/703 762/503/703 695/504/703
f 698/498/704 695/504/704 692/505/704
f 698/498/705 692/505/705 699/506/705
f 692/505/706 754/507/706 699/506/706
f 701/508/707 699/506/707 754/507/707
f 701/508/708 754/507/708 755/509/708
f 754/507/709 753/510/709 755/509/709
f 753/510/710 750/511/710 755/509/710
f 754/507/709 752/512/709 753/510/709
f 752/512/711 754/507/711 694/513/711
f 692/505/711 694/513/711 754/507/711
f 697/514/712 752/512/712 694/513/712
f 753/510/713 689/515/713 749/516/713
f 752/512/714 689/515/714 753/510/714
f 752/512/715 690/517/715 689/515/715
f 752/512/716 697/514/716 690/517/716
f 690/517/717 697/514/717 688/518/717
f 746/519/718 688/518/718 697/514/718
f 697/514/719 696/520/719 746/519/719
f 747/521/720 746/519/720 696/520/720
f 696/520/721 742/522/721 747/521/721
f 744/523/722 747/521/722 742/522/722
f 580/524/723 578/525/723 579/526/723
f 580/524/724 579/526/724 748/527/724
f 749/516/725 748/527/725 579/526/725
f 749/516/726 691/528/726 748/527/726
f 689/515/727 691/528/727 749/516/727
f 691/528/728 689/515/728 688/518/728
f 690/517/729 688/518/729 689/515/729
f 578/525/730 582/529/730 581/530/730
f 532/531/731 528/532/731 581/530/731
f 532/531/732 581/530/732 582/529/732
f 532/531/733 582/529/733 583/533/733
f 531/534/734 529/535/734 528/532/734
f 528/532/735 532/531/735 531/534/735
f 533/536/736 531/534/736 532/531/736
f 533/536/737 532/531/737 583/533/737
f 583/533/738 524/537/738 533/536/738
f 589/538/739 531/534/739 590/539/739
f 531/534/739 589/538/739 529/535/739
f 529/535/740 589/538/740 534/540/740
f 529/535/741 534/540/741 535/541/741
f 529/535/742 535/541/742 530/542/742
f 530/542/734 528/532/734 529/535/734
f 528/532/743 530/542/743 595/543/743
f 595/543/744 581/530/744 528/532/744
f 581/530/745 595/543/745 579/526/745
f 581/530/746 579/526/746 578/525/746
f 590/539/747 588/544/747 589/538/747
f 588/544/748 590/539/748 525/545/748
f 526/546/749 525/545/749 590/539/749
f 525/545/750 585/547/750 588/544/750
f 252/548/751 251/549/751 253/550/751
f 253/550/752 251/549/752 584/551/752
f 585/547/753 584/551/753 251/549/753
f 585/547/754 527/552/754 584/551/754
f 527/552/755 585/547/755 525/545/755
f 527/552/756 525/545/756 524/537/756
f 526/546/757 524/537/757 525/545/757
f 526/546/758 533/536/758 524/537/758
f 526/546/759 590/539/759 533/536/759
f 531/534/760 533/536/760 590/539/760
f 585/547/761 251/549/761 587/553/761
f 265/554/762 587/553/762 251/549/762
f 587/553/763 265/554/763 586/555/763
f 267/556/763 586/555/763 265/554/763
f 586/555/764 267/556/764 596/557/764
f 596/557/765 538/558/765 586/555/765
f 591/559/766 586/555/766 538/558/766
f 591/559/767 538/558/767 537/560/767
f 586/555/768 591/559/768 587/553/768
f 587/553/769 588/544/769 585/547/769
f 588/544/768 587/553/768 591/559/768
f 591/559/747 589/538/747 588/544/747
f 589/538/770 591/559/770 537/560/770
f 537/560/771 534/540/771 589/538/771
f 534/540/772 537/560/772 610/561/772
f 610/561/773 537/560/773 536/562/773
f 538/558/774 536/562/774 537/560/774
f 538/558/775 600/563/775 536/562/775
f 596/557/776 600/563/776 538/558/776
f 269/564/777 284/565/777 600/563/777
f 609/566/778 600/563/778 284/565/778
f 636/567/779 600/563/779 609/566/779
f 1452/568/780 636/567/780 1450/569/780
f 536/562/781 600/563/781 634/570/781
f 635/571/782 634/570/782 600/563/782
f 635/571/783 600/563/783 636/567/783
f 635/571/784 636/567/784 1451/572/784
f 1452/568/785 1451/572/785 636/567/785
f 1451/572/786 1452/568/786 1449/573/786
f 1450/569/786 1449/573/786 1452/568/786
f 1450/569/787 633/574/787 1449/573/787
f 1450/569/788 636/567/788 633/574/788
f 633/574/789 636/567/789 611/575/789
f 616/403/790 610/561/790 615/576/790
f 611/575/791 615/576/791 610/561/791
f 610/561/792 536/562/792 611/575/792
f 611/575/793 536/562/793 633/574/793
f 634/570/794 633/574/794 536/562/794
f 1449/573/795 633/574/795 634/570/795
f 634/570/796 635/571/796 1449/573/796
f 1451/572/797 1449/573/797 635/571/797
f 615/576/798 611/575/798 614/577/798
f 1380/578/799 323/579/799 324/580/799
f 323/579/800 280/581/800 324/580/800
f 324/580/801 280/581/801 290/582/801
f 280/581/802 277/583/802 290/582/802
f 289/584/803 290/582/803 277/583/803
f 601/585/804 289/584/804 277/583/804
f 289/584/805 601/585/805 614/577/805
f 614/577/806 601/585/806 647/586/806
f 647/586/807 615/576/807 614/577/807
f 646/587/808 615/576/808 647/586/808
f 648/588/809 647/586/809 601/585/809
f 601/585/810 604/589/810 648/588/810
f 604/589/811 601/585/811 552/590/811
f 604/589/812 615/576/812 645/591/812
f 645/591/813 648/588/813 604/589/813
f 1462/592/814 648/588/814 645/591/814
f 646/587/815 645/591/815 615/576/815
f 1461/593/816 645/591/816 646/587/816
f 1462/592/817 645/591/817 1461/593/817
f 1462/592/818 1461/593/818 1464/594/818
f 1464/594/819 648/588/819 1462/592/819
f 1464/594/820 1463/595/820 648/588/820
f 647/586/821 648/588/821 1463/595/821
f 1463/595/822 1461/593/822 647/586/822
f 646/587/823 647/586/823 1461/593/823
f 1463/595/818 1464/594/818 1461/593/818
f 669/596/824 550/597/824 552/590/824
f 623/598/825 549/368/825 628/599/825
f 550/597/825 628/599/825 549/368/825
f 549/368/826 548/366/826 550/597/826
f 551/380/827 550/597/827 548/366/827
f 551/380/828 552/590/828 550/597/828
f 553/386/829 552/590/829 551/380/829
f 552/590/830 553/386/830 604/589/830
f 553/386/830 603/392/830 604/589/830
f 603/392/831 616/403/831 604/589/831
f 615/576/832 604/589/832 616/403/832
f 657/369/833 549/368/833 659/600/833
f 623/598/834 659/600/834 549/368/834
f 623/598/835 577/601/835 659/600/835
f 291/602/836 577/601/836 623/598/836
f 623/598/837 628/599/837 291/602/837
f 296/603/838 291/602/838 628/599/838
f 628/599/839 602/604/839 296/603/839
f 279/605/840 296/603/840 602/604/840
f 602/604/841 277/583/841 279/605/841
f 279/605/842 277/583/842 278/606/842
f 296/603/843 279/605/843 297/607/843
f 278/606/844 297/607/844 279/605/844
f 297/607/845 278/606/845 339/608/845
f 291/602/846 296/603/846 292/609/846
f 297/607/847 292/609/847 296/603/847
f 292/609/848 297/607/848 294/610/848
f 294/610/848 297/607/848 298/611/848
f 339/608/849 298/611/849 297/607/849
f 337/612/850 298/611/850 339/608/850
f 337/612/851 339/608/851 1393/613/851
f 1393/613/852 338/614/852 337/612/852
f 1394/615/853 338/614/853 1393/613/853
f 1394/615/854 340/616/854 338/614/854
f 1394/615/855 1393/613/855 1396/617/855
f 1396/617/856 340/616/856 1394/615/856
f 1396/617/857 1395/618/857 340/616/857
f 1395/618/855 1396/617/855 1393/613/855
f 1395/618/858 1393/613/858 339/608/858
f 339/608/859 340/616/859 1395/618/859
f 340/616/860 339/608/860 278/606/860
f 278/606/861 213/619/861 340/616/861
f 338/614/862 340/616/862 213/619/862
f 338/614/863 213/619/863 337/612/863
f 337/612/864 213/619/864 298/611/864
f 280/581/842 278/606/842 277/583/842
f 278/606/865 280/581/865 213/619/865
f 213/619/865 280/581/865 211/620/865
f 323/579/866 211/620/866 280/581/866
f 322/621/867 211/620/867 323/579/867
f 322/621/868 323/579/868 1378/622/868
f 1378/622/869 1377/623/869 322/621/869
f 1378/622/870 1379/624/870 1377/623/870
f 1380/578/870 1377/623/870 1379/624/870
f 1379/624/871 323/579/871 1380/578/871
f 1379/624/872 1378/622/872 323/579/872
f 211/620/873 218/625/873 219/626/873
f 218/625/874 211/620/874 321/627/874
f 322/621/875 321/627/875 211/620/875
f 321/627/876 322/621/876 1377/623/876
f 1377/623/877 324/580/877 321/627/877
f 1380/578/878 324/580/878 1377/623/878
f 290/582/879 218/625/879 324/580/879
f 321/627/880 324/580/880 218/625/880
f 609/566/881 611/575/881 636/567/881
f 614/577/798 611/575/798 609/566/798
f 614/577/882 609/566/882 284/565/882
f 614/577/883 284/565/883 289/584/883
f 284/565/884 285/628/884 289/584/884
f 290/582/885 289/584/885 285/628/885
f 285/628/886 217/629/886 290/582/886
f 218/625/886 290/582/886 217/629/886
f 218/625/887 217/629/887 216/630/887
f 218/625/888 216/630/888 219/626/888
f 271/631/889 269/564/889 270/632/889
f 269/564/890 271/631/890 284/565/890
f 285/628/891 284/565/891 271/631/891
f 285/628/892 271/631/892 311/633/892
f 311/633/893 217/629/893 285/628/893
f 309/634/894 217/629/894 311/633/894
f 309/634/895 215/635/895 217/629/895
f 310/636/896 215/635/896 309/634/896
f 310/636/897 271/631/897 215/635/897
f 312/637/898 271/631/898 310/636/898
f 310/636/899 309/634/899 1365/638/899
f 1365/638/900 312/637/900 310/636/900
f 1368/639/900 312/637/900 1365/638/900
f 312/637/901 311/633/901 271/631/901
f 1368/639/902 311/633/902 312/637/902
f 1367/640/903 311/633/903 1368/639/903
f 1368/639/904 1365/638/904 1367/640/904
f 1366/641/904 1367/640/904 1365/638/904
f 1366/641/905 1365/638/905 309/634/905
f 309/634/906 311/633/906 1366/641/906
f 1367/640/907 1366/641/907 311/633/907
f 200/642/908 206/643/908 207/644/908
f 207/644/909 203/645/909 200/642/909
f 207/644/910 270/632/910 203/645/910
f 270/632/911 207/644/911 271/631/911
f 215/635/912 271/631/912 207/644/912
f 207/644/913 206/643/913 215/635/913
f 206/643/914 216/630/914 215/635/914
f 217/629/915 215/635/915 216/630/915
f 206/643/916 209/646/916 216/630/916
f 261/647/917 209/646/917 206/643/917
f 206/643/918 200/642/918 261/647/918
f 200/642/919 202/648/919 261/647/919
f 202/648/920 200/642/920 201/649/920
f 203/645/920 201/649/920 200/642/920
f 201/649/921 203/645/921 266/650/921
f 266/650/921 203/645/921 264/651/921
f 264/651/922 203/645/922 270/632/922
f 270/632/923 269/564/923 264/651/923
f 263/652/919 261/647/919 202/648/919
f 596/557/924 269/564/924 600/563/924
f 269/564/925 596/557/925 267/556/925
f 267/556/926 264/651/926 269/564/926
f 267/556/927 265/554/927 264/651/927
f 266/650/927 264/651/927 265/554/927
f 265/554/928 251/549/928 266/650/928
f 250/653/929 266/650/929 251/549/929
f 201/649/930 266/650/930 250/653/930
f 204/654/931 201/649/931 250/653/931
f 201/649/932 204/654/932 202/648/932
f 205/655/933 202/648/933 204/654/933
f 205/655/934 263/652/934 202/648/934
f 199/656/935 263/652/935 205/655/935
f 196/657/936 262/658/936 263/652/936
f 199/656/937 196/657/937 263/652/937
f 199/656/938 197/659/938 196/657/938
f 199/656/939 205/655/939 197/659/939
f 254/660/940 197/659/940 205/655/940
f 254/660/941 205/655/941 204/654/941
f 254/660/942 204/654/942 255/661/942
f 204/654/943 250/653/943 255/661/943
f 252/548/944 255/661/944 250/653/944
f 252/548/945 250/653/945 251/549/945
f 198/662/946 196/657/946 197/659/946
f 196/657/947 198/662/947 257/663/947
f 196/657/948 257/663/948 262/658/948
f 257/663/949 259/664/949 262/658/949
f 262/658/950 259/664/950 260/665/950
f 258/666/950 260/665/950 259/664/950
f 260/665/951 258/666/951 210/667/951
f 268/668/952 210/667/952 258/666/952
f 258/666/953 96/669/953 268/668/953
f 94/670/954 96/669/954 258/666/954
f 259/664/954 94/670/954 258/666/954
f 94/670/955 259/664/955 75/671/955
f 257/663/956 75/671/956 259/664/956
f 257/663/957 256/672/957 75/671/957
f 256/672/958 257/663/958 198/662/958
f 78/673/959 75/671/959 256/672/959
f 78/673/960 76/674/960 75/671/960
f 96/669/961 93/675/961 99/676/961
f 99/676/962 268/668/962 96/669/962
f 268/668/963 99/676/963 272/677/963
f 272/677/964 208/678/964 268/668/964
f 210/667/965 268/668/965 208/678/965
f 210/667/966 208/678/966 209/646/966
f 260/665/967 210/667/967 209/646/967
f 209/646/968 261/647/968 260/665/968
f 262/658/969 260/665/969 261/647/969
f 263/652/969 262/658/969 261/647/969
f 282/679/970 209/646/970 208/678/970
f 307/680/971 272/677/971 308/681/971
f 307/680/972 306/682/972 272/677/972
f 208/678/973 272/677/973 306/682/973
f 1372/683/974 1371/684/974 316/685/974
f 315/686/975 316/685/975 1371/684/975
f 316/685/976 315/686/976 287/687/976
f 282/679/977 287/687/977 315/686/977
f 283/688/978 287/687/978 282/679/978
f 282/679/979 208/678/979 283/688/979
f 283/688/980 208/678/980 305/689/980
f 306/682/981 305/689/981 208/678/981
f 306/682/982 1361/690/982 305/689/982
f 306/682/983 307/680/983 1361/690/983
f 305/689/984 281/691/984 283/688/984
f 124/692/985 117/693/985 123/694/985
f 117/693/986 124/692/986 281/691/986
f 286/695/987 281/691/987 124/692/987
f 286/695/988 288/696/988 281/691/988
f 283/688/988 281/691/988 288/696/988
f 288/696/989 287/687/989 283/688/989
f 275/697/990 287/687/990 288/696/990
f 275/697/991 214/698/991 287/687/991
f 214/698/992 275/697/992 302/699/992
f 302/699/993 301/700/993 214/698/993
f 212/701/993 214/698/993 301/700/993
f 301/700/994 302/699/994 1357/702/994
f 1358/703/994 1357/702/994 302/699/994
f 302/699/995 303/704/995 1358/703/995
f 303/704/996 302/699/996 275/697/996
f 304/705/997 224/706/997 301/700/997
f 1357/702/998 304/705/998 301/700/998
f 1357/702/998 1360/707/998 304/705/998
f 1357/702/999 1358/703/999 1360/707/999
f 1359/708/999 1360/707/999 1358/703/999
f 1359/708/995 1358/703/995 303/704/995
f 1359/708/1000 303/704/1000 1360/707/1000
f 1360/707/1000 303/704/1000 304/705/1000
f 303/704/1001 275/697/1001 304/705/1001
f 304/705/1001 275/697/1001 224/706/1001
f 195/280/1002 193/298/1002 194/302/1002
f 194/302/1003 220/709/1003 195/280/1003
f 221/282/1004 195/280/1004 220/709/1004
f 220/709/1005 222/710/1005 221/282/1005
f 223/283/1006 221/282/1006 222/710/1006
f 222/710/1007 224/706/1007 223/283/1007
f 225/711/1008 223/283/1008 224/706/1008
f 224/706/1009 275/697/1009 225/711/1009
f 276/712/1009 225/711/1009 275/697/1009
f 275/697/1010 288/696/1010 276/712/1010
f 293/301/1011 299/713/1011 335/714/1011
f 336/715/1012 335/714/1012 299/713/1012
f 335/714/1013 336/715/1013 1391/716/1013
f 1392/717/1014 1391/716/1014 336/715/1014
f 336/715/1015 334/718/1015 1392/717/1015
f 334/718/1016 336/715/1016 222/710/1016
f 299/713/1017 222/710/1017 336/715/1017
f 299/713/1018 212/701/1018 222/710/1018
f 222/710/1018 212/701/1018 224/706/1018
f 301/700/1019 224/706/1019 212/701/1019
f 194/302/1020 293/301/1020 220/709/1020
f 335/714/1021 220/709/1021 293/301/1021
f 333/719/1022 220/709/1022 335/714/1022
f 1391/716/1023 333/719/1023 335/714/1023
f 1391/716/1023 1389/720/1023 333/719/1023
f 1391/716/1024 1392/717/1024 1389/720/1024
f 1390/721/1024 1389/720/1024 1392/717/1024
f 1390/721/1015 1392/717/1015 334/718/1015
f 1390/721/1025 334/718/1025 1389/720/1025
f 1389/720/1026 334/718/1026 333/719/1026
f 334/718/1027 222/710/1027 333/719/1027
f 333/719/1028 222/710/1028 220/709/1028
f 1384/722/1029 328/723/1029 1382/724/1029
f 1382/724/1030 328/723/1030 325/725/1030
f 1382/724/1031 325/725/1031 1381/726/1031
f 1381/726/1032 325/725/1032 326/727/1032
f 326/727/1033 325/725/1033 248/300/1033
f 294/610/1034 248/300/1034 325/725/1034
f 294/610/1035 293/301/1035 248/300/1035
f 294/610/1036 298/611/1036 293/301/1036
f 299/713/1037 293/301/1037 298/611/1037
f 298/611/1038 213/619/1038 299/713/1038
f 1382/724/1039 1381/726/1039 1384/722/1039
f 192/299/1040 237/303/1040 187/321/1040
f 187/321/1041 191/325/1041 192/299/1041
f 248/300/1042 192/299/1042 191/325/1042
f 191/325/1043 247/331/1043 248/300/1043
f 248/300/1044 247/331/1044 326/727/1044
f 327/728/1045 326/727/1045 247/331/1045
f 326/727/1046 327/728/1046 1381/726/1046
f 1383/729/1047 1381/726/1047 327/728/1047
f 1383/729/1039 1384/722/1039 1381/726/1039
f 1384/722/1048 1383/729/1048 328/723/1048
f 327/728/1049 247/331/1049 328/723/1049
f 327/728/1050 328/723/1050 1383/729/1050
f 325/725/1051 328/723/1051 294/610/1051
f 292/609/1052 294/610/1052 328/723/1052
f 328/723/1053 247/331/1053 292/609/1053
f 292/609/1054 247/331/1054 291/602/1054
f 245/328/1055 291/602/1055 247/331/1055
f 577/601/1056 291/602/1056 245/328/1056
f 577/601/1057 245/328/1057 572/330/1057
f 572/330/1058 521/356/1058 577/601/1058
f 572/330/1059 562/337/1059 521/356/1059
f 567/347/1060 521/356/1060 562/337/1060
f 657/369/1061 659/600/1061 1474/730/1061
f 1475/731/1062 1474/730/1062 659/600/1062
f 1475/731/1063 659/600/1063 1476/732/1063
f 1473/733/1064 1475/731/1064 1476/732/1064
f 1476/732/1065 660/734/1065 1473/733/1065
f 1473/733/1066 660/734/1066 658/735/1066
f 660/734/1067 577/601/1067 658/735/1067
f 658/735/1068 577/601/1068 523/367/1068
f 523/367/1069 577/601/1069 521/356/1069
f 523/367/1070 521/356/1070 522/355/1070
f 658/735/1071 523/367/1071 657/369/1071
f 658/735/1072 657/369/1072 1473/733/1072
f 1474/730/1073 1473/733/1073 657/369/1073
f 1473/733/1064 1474/730/1064 1475/731/1064
f 660/734/1074 659/600/1074 577/601/1074
f 1476/732/1075 659/600/1075 660/734/1075
f 89/736/1076 18/737/1076 17/738/1076
f 89/736/1077 17/738/1077 90/739/1077
f 83/740/1078 90/739/1078 17/738/1078
f 90/739/1079 83/740/1079 86/741/1079
f 83/740/1080 82/108/1080 86/741/1080
f 87/109/1081 86/741/1081 82/108/1081
f 87/109/1082 85/742/1082 86/741/1082
f 88/110/1082 85/742/1082 87/109/1082
f 85/742/1083 88/110/1083 97/743/1083
f 97/743/1084 30/744/1084 85/742/1084
f 91/745/1085 89/736/1085 90/739/1085
f 91/745/1085 90/739/1085 92/746/1085
f 90/739/1086 86/741/1086 92/746/1086
f 85/742/1086 92/746/1086 86/741/1086
f 92/746/1087 85/742/1087 30/744/1087
f 29/747/1088 92/746/1088 30/744/1088
f 92/746/1089 29/747/1089 91/745/1089
f 29/747/1090 27/748/1090 91/745/1090
f 88/110/1091 430/95/1091 98/94/1091
f 98/94/1092 97/743/1092 88/110/1092
f 97/743/1093 98/94/1093 102/228/1093
f 97/743/1094 102/228/1094 30/744/1094
f 30/744/1095 102/228/1095 28/220/1095
f 30/744/1096 28/220/1096 29/747/1096
f 28/220/1097 115/222/1097 29/747/1097
f 115/222/1098 27/748/1098 29/747/1098
f 115/222/1099 36/242/1099 27/748/1099
f 27/748/1100 36/242/1100 35/749/1100
f 281/691/1101 272/677/1101 117/693/1101
f 99/676/1102 117/693/1102 272/677/1102
f 99/676/1103 101/750/1103 117/693/1103
f 101/750/1104 99/676/1104 100/751/1104
f 100/751/1105 35/749/1105 101/750/1105
f 26/752/1106 35/749/1106 100/751/1106
f 26/752/1107 27/748/1107 35/749/1107
f 26/752/1108 21/753/1108 27/748/1108
f 21/753/1109 91/745/1109 27/748/1109
f 21/753/1110 23/754/1110 91/745/1110
f 23/754/1111 21/753/1111 20/755/1111
f 100/751/1112 99/676/1112 93/675/1112
f 93/675/1113 22/756/1113 100/751/1113
f 26/752/1114 100/751/1114 22/756/1114
f 26/752/1115 22/756/1115 21/753/1115
f 22/756/1111 20/755/1111 21/753/1111
f 22/756/1116 95/757/1116 20/755/1116
f 77/758/1117 20/755/1117 95/757/1117
f 20/755/1118 77/758/1118 24/759/1118
f 20/755/1119 24/759/1119 23/754/1119
f 25/760/1120 23/754/1120 24/759/1120
f 95/757/1116 22/756/1116 93/675/1116
f 79/761/1121 16/762/1121 25/760/1121
f 25/760/1122 24/759/1122 79/761/1122
f 80/763/1123 79/761/1123 24/759/1123
f 24/759/1124 77/758/1124 80/763/1124
f 76/674/1125 80/763/1125 77/758/1125
f 77/758/1126 75/671/1126 76/674/1126
f 77/758/1127 95/757/1127 75/671/1127
f 94/670/1128 75/671/1128 95/757/1128
f 95/757/1129 93/675/1129 94/670/1129
f 96/669/1129 94/670/1129 93/675/1129
f 91/745/1110 23/754/1110 89/736/1110
f 23/754/1130 25/760/1130 89/736/1130
f 18/737/1131 89/736/1131 25/760/1131
f 18/737/1132 25/760/1132 16/762/1132
f 18/737/1133 16/762/1133 17/738/1133
f 19/764/1134 17/738/1134 16/762/1134
f 17/738/1135 19/764/1135 83/740/1135
f 83/740/1136 19/764/1136 81/765/1136
f 83/740/1137 81/765/1137 82/108/1137
f 84/111/1138 82/108/1138 81/765/1138
f 129/57/1139 74/51/1139 167/766/1139
f 167/766/1140 41/48/1140 129/57/1140
f 165/767/1141 41/48/1141 167/766/1141
f 165/767/1142 15/49/1142 41/48/1142
f 166/768/1143 15/49/1143 165/767/1143
f 166/768/1144 74/51/1144 15/49/1144
f 168/769/1145 74/51/1145 166/768/1145
f 168/769/1146 167/766/1146 74/51/1146
f 168/769/1147 1344/770/1147 167/766/1147
f 1343/771/1148 167/766/1148 1344/770/1148
f 1344/770/1149 1341/772/1149 1343/771/1149
f 166/768/1150 165/767/1150 1341/772/1150
f 166/768/1151 1341/772/1151 168/769/1151
f 1344/770/1152 168/769/1152 1341/772/1152
f 1343/771/1149 1341/772/1149 1342/773/1149
f 1342/773/1153 1341/772/1153 165/767/1153
f 165/767/1154 167/766/1154 1342/773/1154
f 1343/771/1155 1342/773/1155 167/766/1155
f 50/774/1156 10/775/1156 3/776/1156
f 391/777/1157 55/778/1157 390/779/1157
f 55/778/1157 53/780/1157 390/779/1157
f 55/778/1158 54/781/1158 53/780/1158
f 54/781/1158 52/782/1158 53/780/1158
f 54/781/1159 4/783/1159 52/782/1159
f 2/784/1159 52/782/1159 4/783/1159
f 4/783/1160 3/776/1160 2/784/1160
f 3/776/1160 1/785/1160 2/784/1160
f 1/785/1156 3/776/1156 10/775/1156
f 1/785/1161 10/775/1161 62/786/1161
f 391/777/1162 390/779/1162 393/787/1162
f 62/786/1163 61/788/1163 1/785/1163
f 2/784/1163 1/785/1163 61/788/1163
f 61/788/1164 58/789/1164 2/784/1164
f 52/782/1164 2/784/1164 58/789/1164
f 52/782/1165 58/789/1165 53/780/1165
f 57/790/1165 53/780/1165 58/789/1165
f 390/779/1166 53/780/1166 57/790/1166
f 390/779/1166 57/790/1166 407/791/1166
f 390/779/1167 407/791/1167 354/792/1167
f 354/792/1162 393/787/1162 390/779/1162
f 393/787/1168 354/792/1168 392/793/1168
f 407/791/1169 57/790/1169 406/794/1169
f 410/795/1170 69/55/1170 411/59/1170
f 69/55/1171 410/795/1171 406/794/1171
f 406/794/1172 59/54/1172 69/55/1172
f 59/54/1173 406/794/1173 57/790/1173
f 59/54/1174 57/790/1174 56/53/1174
f 58/789/1175 56/53/1175 57/790/1175
f 58/789/1176 63/796/1176 56/53/1176
f 63/796/1177 58/789/1177 61/788/1177
f 63/796/1178 61/788/1178 60/797/1178
f 62/786/1179 60/797/1179 61/788/1179
f 66/307/1180 70/296/1180 71/798/1180
f 8/799/1181 66/307/1181 71/798/1181
f 8/799/1182 71/798/1182 11/800/1182
f 8/799/1183 11/800/1183 6/801/1183
f 12/47/1184 6/801/1184 11/800/1184
f 12/47/1185 60/797/1185 6/801/1185
f 60/797/1186 12/47/1186 14/46/1186
f 63/796/1187 60/797/1187 14/46/1187
f 63/796/1188 14/46/1188 13/50/1188
f 63/796/1189 13/50/1189 56/53/1189
f 8/799/1190 6/801/1190 5/802/1190
f 5/802/1191 64/803/1191 8/799/1191
f 66/307/1192 8/799/1192 64/803/1192
f 66/307/1193 64/803/1193 65/308/1193
f 233/314/464 183/313/464 235/309/464
f 65/308/1194 233/314/1194 235/309/1194
f 233/314/1194 65/308/1194 49/315/1194
f 65/308/1195 64/803/1195 49/315/1195
f 48/804/1195 49/315/1195 64/803/1195
f 5/802/1196 48/804/1196 64/803/1196
f 5/802/1196 9/805/1196 48/804/1196
f 5/802/1197 7/806/1197 9/805/1197
f 7/806/1198 5/802/1198 6/801/1198
f 6/801/1199 60/797/1199 7/806/1199
f 62/786/1200 7/806/1200 60/797/1200
f 7/806/1161 62/786/1161 10/775/1161
f 10/775/1197 9/805/1197 7/806/1197
f 10/775/1201 50/774/1201 9/805/1201
f 51/807/1201 9/805/1201 50/774/1201
f 9/805/1202 51/807/1202 48/804/1202
f 48/804/1202 51/807/1202 46/808/1202
f 48/804/1203 46/808/1203 47/809/1203
f 48/804/1203 47/809/1203 49/315/1203
f 47/809/465 232/316/465 49/315/465
f 3426/810/1204 3420/811/1204 3425/812/1204
f 3425/812/1205 3433/813/1205 3426/810/1205
f 3434/814/1206 3426/810/1206 3433/813/1206
f 3433/813/1207 3435/815/1207 3434/814/1207
f 3436/816/1208 3434/814/1208 3435/815/1208
f 3435/815/1209 3437/817/1209 3436/816/1209
f 3438/818/1210 3436/816/1210 3437/817/1210
f 3458/819/1211 3438/818/1211 3437/817/1211
f 3458/819/1212 3457/820/1212 3438/818/1212
f 3457/820/1213 3458/819/1213 3465/821/1213
f 3465/821/1214 3458/819/1214 3461/822/1214
f 3466/823/1215 3465/821/1215 3463/824/1215
f 3461/822/1216 3463/824/1216 3465/821/1216
f 3463/824/1217 3461/822/1217 3462/825/1217
f 3464/826/1218 3462/825/1218 3461/822/1218
f 3461/822/1219 3458/819/1219 3464/826/1219
f 3468/827/1220 3464/826/1220 3458/819/1220
f 3458/819/1221 3437/817/1221 3468/827/1221
f 3450/828/1222 3468/827/1222 3437/817/1222
f 3437/817/1223 3435/815/1223 3450/828/1223
f 3449/829/1224 3450/828/1224 3435/815/1224
f 3435/815/1225 3433/813/1225 3449/829/1225
f 3448/830/1226 3449/829/1226 3433/813/1226
f 3448/830/1227 3433/813/1227 3432/831/1227
f 3425/812/1228 3432/831/1228 3433/813/1228
f 3432/831/1229 3425/812/1229 3431/832/1229
f 3424/833/1230 3431/832/1230 3425/812/1230
f 3424/833/1231 3425/812/1231 3420/811/1231
f 3420/811/1232 3409/834/1232 3424/833/1232
f 3420/811/1233 3419/835/1233 3409/834/1233
f 3409/834/1234 3419/835/1234 3354/836/1234
f 3355/837/1234 3354/836/1234 3419/835/1234
f 3355/837/1235 3353/838/1235 3354/836/1235
f 3364/839/1236 3362/840/1236 3363/841/1236
f 3363/841/1237 3417/842/1237 3364/839/1237
f 3410/843/1237 3364/839/1237 3417/842/1237
f 3424/833/1238 3410/843/1238 3417/842/1238
f 3424/833/1239 3409/834/1239 3410/843/1239
f 3410/843/1240 3409/834/1240 3364/839/1240
f 3354/836/1240 3364/839/1240 3409/834/1240
f 3354/836/1241 3362/840/1241 3364/839/1241
f 3354/836/1242 3353/838/1242 3362/840/1242
f 3362/840/1243 3353/838/1243 3365/844/1243
f 3376/845/1244 3389/846/1244 3373/847/1244
f 3388/848/1245 3373/847/1245 3389/846/1245
f 3388/848/1246 3372/849/1246 3373/847/1246
f 3365/844/1247 3373/847/1247 3372/849/1247
f 3372/849/1248 3371/850/1248 3365/844/1248
f 3362/840/1249 3365/844/1249 3371/850/1249
f 3363/841/1250 3362/840/1250 3371/850/1250
f 3363/841/1251 3371/850/1251 3416/851/1251
f 3363/841/1252 3416/851/1252 3417/842/1252
f 3418/852/1252 3417/842/1252 3416/851/1252
f 3431/832/1253 3417/842/1253 3418/852/1253
f 3424/833/1254 3417/842/1254 3431/832/1254
f 3456/853/1255 3467/854/1255 3453/855/1255
f 3456/853/1256 3453/855/1256 3455/856/1256
f 3452/857/1257 3455/856/1257 3453/855/1257
f 3459/858/1258 3467/854/1258 3443/859/1258
f 3459/858/1259 3453/855/1259 3467/854/1259
f 3459/858/1260 3460/860/1260 3453/855/1260
f 3451/861/1261 3453/855/1261 3460/860/1261
f 3453/855/1262 3451/861/1262 3452/857/1262
f 3454/862/1263 3452/857/1263 3451/861/1263
f 3442/863/1264 3441/864/1264 3439/865/1264
f 3441/864/1265 3442/863/1265 3443/859/1265
f 3444/866/1266 3443/859/1266 3442/863/1266
f 3443/859/1267 3444/866/1267 3459/858/1267
f 3460/860/1268 3459/858/1268 3444/866/1268
f 3421/867/1269 3413/868/1269 3429/869/1269
f 3429/869/1270 3427/870/1270 3421/867/1270
f 3428/871/1271 3421/867/1271 3427/870/1271
f 3427/870/1272 3439/865/1272 3428/871/1272
f 3440/872/1273 3428/871/1273 3439/865/1273
f 3440/872/1274 3439/865/1274 3441/864/1274
f 3441/864/1275 3446/873/1275 3440/872/1275
f 3446/873/1276 3441/864/1276 3447/874/1276
f 3443/859/1277 3447/874/1277 3441/864/1277
f 3447/874/1278 3443/859/1278 3467/854/1278
f 3360/875/1279 3358/876/1279 3414/877/1279
f 3415/878/1279 3360/875/1279 3414/877/1279
f 3421/867/1280 3415/878/1280 3414/877/1280
f 3423/879/1281 3415/878/1281 3421/867/1281
f 3430/880/1282 3423/879/1282 3421/867/1282
f 3430/880/1283 3421/867/1283 3428/871/1283
f 3445/881/1284 3430/880/1284 3428/871/1284
f 3445/881/1285 3428/871/1285 3440/872/1285
f 3445/881/1286 3440/872/1286 3446/873/1286
f 3423/879/1287 3422/882/1287 3415/878/1287
f 3422/882/1288 3361/883/1288 3415/878/1288
f 3360/875/1288 3415/878/1288 3361/883/1288
f 3361/883/1289 3359/884/1289 3360/875/1289
f 3360/875/1290 3359/884/1290 3356/885/1290
f 3360/875/1291 3356/885/1291 3358/876/1291
f 3358/876/1292 3356/885/1292 3357/886/1292
f 3358/876/1293 3357/886/1293 3414/877/1293
f 3413/868/1293 3414/877/1293 3357/886/1293
f 3421/867/1294 3414/877/1294 3413/868/1294
f 3429/869/1295 3413/868/1295 3412/887/1295
f 3413/868/1296 3357/886/1296 3412/887/1296
f 3357/886/1296 3411/888/1296 3412/887/1296
f 3357/886/1297 3369/889/1297 3411/888/1297
f 3357/886/1298 3356/885/1298 3369/889/1298
f 3369/889/1299 3356/885/1299 3367/890/1299
f 3368/891/1300 3367/890/1300 3356/885/1300
f 3367/890/1301 3368/891/1301 3379/892/1301
f 3380/893/1302 3379/892/1302 3368/891/1302
f 3380/893/1303 3381/894/1303 3379/892/1303
f 3359/884/1304 3370/895/1304 3356/885/1304
f 3368/891/1305 3356/885/1305 3370/895/1305
f 3370/895/1306 3385/896/1306 3368/891/1306
f 3380/893/1307 3368/891/1307 3385/896/1307
f 3385/896/1308 3386/897/1308 3380/893/1308
f 3381/894/1309 3380/893/1309 3386/897/1309
f 3386/897/1310 3387/898/1310 3381/894/1310
f 3383/899/1311 3381/894/1311 3387/898/1311
f 3387/898/1312 3407/900/1312 3383/899/1312
f 3399/901/1313 3383/899/1313 3407/900/1313
f 3399/901/1314 3407/900/1314 3394/902/1314
f 3394/902/1315 3400/903/1315 3399/901/1315
f 3391/904/1316 3400/903/1316 3394/902/1316
f 3394/902/1317 3392/905/1317 3391/904/1317
f 3393/906/1318 3391/904/1318 3392/905/1318
f 3396/907/1319 3394/902/1319 3407/900/1319
f 3396/907/1320 3395/908/1320 3394/902/1320
f 3392/905/1321 3394/902/1321 3395/908/1321
f 3382/909/1322 3379/892/1322 3381/894/1322
f 3381/894/1323 3383/899/1323 3382/909/1323
f 3384/910/1324 3382/909/1324 3383/899/1324
f 3383/899/1325 3399/901/1325 3384/910/1325
f 3400/903/1326 3384/910/1326 3399/901/1326
f 3406/911/1327 3404/912/1327 3405/913/1327
f 3403/914/1328 3397/915/1328 3405/913/1328
f 3403/914/1329 3405/913/1329 3404/912/1329
f 3401/916/1330 3403/914/1330 3404/912/1330
f 3403/914/1331 3401/916/1331 3402/917/1331
f 3403/914/1332 3402/917/1332 3397/915/1332
f 3408/918/1333 3397/915/1333 3402/917/1333
f 3408/918/1334 3377/919/1334 3397/915/1334
f 3390/920/1335 3377/919/1335 3408/918/1335
f 3390/920/1336 3376/845/1336 3377/919/1336
f 3389/846/1337 3376/845/1337 3390/920/1337
f 3366/921/1338 3365/844/1338 3353/838/1338
f 3365/844/1339 3366/921/1339 3373/847/1339
f 3374/922/1340 3373/847/1340 3366/921/1340
f 3373/847/1341 3374/922/1341 3376/845/1341
f 3374/922/1342 3375/923/1342 3376/845/1342
f 3376/845/1343 3375/923/1343 3377/919/1343
f 3378/924/1344 3377/919/1344 3375/923/1344
f 3378/924/1345 3397/915/1345 3377/919/1345
f 3397/915/1346 3378/924/1346 3398/925/1346
f 3398/925/1347 3405/913/1347 3397/915/1347
f 3350/926/1348 3349/927/1348 3347/928/1348
f 3319/929/1349 3318/930/1349 3317/931/1349
f 3318/930/1350 3319/929/1350 3320/932/1350
f 3319/929/1351 3321/933/1351 3320/932/1351
f 3322/934/1352 3320/932/1352 3321/933/1352
f 3322/934/1353 3321/933/1353 3341/935/1353
f 3342/936/1354 3322/934/1354 3341/935/1354
f 3349/927/1355 3342/936/1355 3341/935/1355
f 3349/927/1356 3341/935/1356 3345/937/1356
f 3345/937/1357 3347/928/1357 3349/927/1357
f 3347/928/1358 3345/937/1358 3346/938/1358
f 3348/939/1359 3346/938/1359 3345/937/1359
f 3345/937/1360 3341/935/1360 3348/939/1360
f 3352/940/1361 3348/939/1361 3341/935/1361
f 3341/935/1362 3321/933/1362 3352/940/1362
f 3334/941/1363 3352/940/1363 3321/933/1363
f 3334/941/1364 3321/933/1364 3319/929/1364
f 3333/942/1365 3334/941/1365 3319/929/1365
f 3319/929/1366 3317/931/1366 3333/942/1366
f 3332/943/1367 3333/942/1367 3317/931/1367
f 3332/943/1368 3317/931/1368 3316/944/1368
f 3309/945/1369 3316/944/1369 3317/931/1369
f 3316/944/1370 3309/945/1370 3315/946/1370
f 3247/947/1371 3255/948/1371 3302/949/1371
f 3247/947/1372 3302/949/1372 3301/950/1372
f 3301/950/1372 3300/951/1372 3247/947/1372
f 3315/946/1373 3300/951/1373 3301/950/1373
f 3308/952/1374 3300/951/1374 3315/946/1374
f 3308/952/1375 3315/946/1375 3309/945/1375
f 3308/952/1376 3309/945/1376 3304/953/1376
f 3310/954/1377 3304/953/1377 3309/945/1377
f 3309/945/1378 3317/931/1378 3310/954/1378
f 3318/930/1379 3310/954/1379 3317/931/1379
f 3246/955/1380 3249/956/1380 3255/948/1380
f 3247/947/1381 3246/955/1381 3255/948/1381
f 3248/957/1382 3246/955/1382 3247/947/1382
f 3247/947/1383 3300/951/1383 3248/957/1383
f 3294/958/1383 3248/957/1383 3300/951/1383
f 3308/952/1384 3294/958/1384 3300/951/1384
f 3308/952/1385 3293/959/1385 3294/958/1385
f 3304/953/1386 3293/959/1386 3308/952/1386
f 3304/953/1387 3303/960/1387 3293/959/1387
f 3303/960/1388 3238/961/1388 3293/959/1388
f 3294/958/1389 3293/959/1389 3238/961/1389
f 3238/961/1389 3248/957/1389 3294/958/1389
f 3238/961/1390 3246/955/1390 3248/957/1390
f 3239/962/1388 3238/961/1388 3303/960/1388
f 3239/962/1391 3237/963/1391 3238/961/1391
f 3238/961/1392 3237/963/1392 3246/955/1392
f 3246/955/1393 3237/963/1393 3249/956/1393
f 3250/964/1394 3249/956/1394 3237/963/1394
f 3249/956/1395 3250/964/1395 3257/965/1395
f 3258/966/1396 3257/965/1396 3250/964/1396
f 3257/965/1397 3258/966/1397 3259/967/1397
f 3260/968/1398 3259/967/1398 3258/966/1398
f 3292/969/1399 3282/970/1399 3288/971/1399
f 3282/970/1400 3292/969/1400 3261/972/1400
f 3261/972/1401 3292/969/1401 3274/973/1401
f 3261/972/1402 3274/973/1402 3259/967/1402
f 3259/967/1403 3274/973/1403 3273/974/1403
f 3259/967/1404 3273/974/1404 3257/965/1404
f 3272/975/1405 3257/965/1405 3273/974/1405
f 3272/975/1406 3256/976/1406 3257/965/1406
f 3249/956/1407 3257/965/1407 3256/976/1407
f 3256/976/1408 3255/948/1408 3249/956/1408
f 3259/967/1409 3260/968/1409 3261/972/1409
f 3262/977/1410 3261/972/1410 3260/968/1410
f 3261/972/1411 3262/977/1411 3282/970/1411
f 3282/970/1412 3262/977/1412 3281/978/1412
f 3289/979/1413 3282/970/1413 3281/978/1413
f 3285/980/1414 3282/970/1414 3289/979/1414
f 3285/980/1415 3289/979/1415 3286/981/1415
f 3287/982/1416 3285/980/1416 3286/981/1416
f 3288/971/1417 3285/980/1417 3287/982/1417
f 3285/980/1418 3288/971/1418 3282/970/1418
f 3290/983/1419 3286/981/1419 3289/979/1419
f 3340/984/1420 3351/985/1420 3337/986/1420
f 3340/984/1421 3337/986/1421 3339/987/1421
f 3336/988/1422 3339/987/1422 3337/986/1422
f 3338/989/1423 3336/988/1423 3335/990/1423
f 3337/986/1424 3335/990/1424 3336/988/1424
f 3337/986/1425 3344/991/1425 3335/990/1425
f 3337/986/1426 3343/992/1426 3344/991/1426
f 3343/992/1427 3337/986/1427 3351/985/1427
f 3343/992/1428 3351/985/1428 3327/993/1428
f 3331/994/1429 3327/993/1429 3351/985/1429
f 3327/993/1430 3331/994/1430 3325/995/1430
f 3330/996/1431 3325/995/1431 3331/994/1431
f 3325/995/1432 3330/996/1432 3324/997/1432
f 3326/998/1433 3325/995/1433 3323/999/1433
f 3325/995/1434 3326/998/1434 3327/993/1434
f 3328/1000/1435 3327/993/1435 3326/998/1435
f 3327/993/1436 3328/1000/1436 3343/992/1436
f 3344/991/1437 3343/992/1437 3328/1000/1437
f 3324/997/1438 3323/999/1438 3325/995/1438
f 3324/997/1439 3312/1001/1439 3323/999/1439
f 3311/1002/1440 3323/999/1440 3312/1001/1440
f 3312/1001/1441 3305/1003/1441 3311/1002/1441
f 3313/1004/1442 3311/1002/1442 3305/1003/1442
f 3305/1003/1443 3295/1005/1443 3313/1004/1443
f 3313/1004/1444 3295/1005/1444 3297/1006/1444
f 3297/1006/1445 3295/1005/1445 3296/1007/1445
f 3241/1008/1445 3296/1007/1445 3295/1005/1445
f 3241/1008/1446 3252/1009/1446 3296/1007/1446
f 3307/1010/1447 3298/1011/1447 3305/1003/1447
f 3307/1010/1448 3305/1003/1448 3314/1012/1448
f 3305/1003/1449 3312/1001/1449 3314/1012/1449
f 3314/1012/1450 3312/1001/1450 3329/1013/1450
f 3312/1001/1451 3324/997/1451 3329/1013/1451
f 3329/1013/1452 3324/997/1452 3330/996/1452
f 3242/1014/1453 3240/1015/1453 3241/1008/1453
f 3241/1008/1454 3295/1005/1454 3242/1014/1454
f 3299/1016/1454 3242/1014/1454 3295/1005/1454
f 3305/1003/1455 3299/1016/1455 3295/1005/1455
f 3305/1003/1456 3298/1011/1456 3299/1016/1456
f 3299/1016/1457 3298/1011/1457 3242/1014/1457
f 3244/1017/1457 3242/1014/1457 3298/1011/1457
f 3244/1017/1458 3240/1015/1458 3242/1014/1458
f 3269/1018/1459 3270/1019/1459 3264/1020/1459
f 3264/1020/1460 3253/1021/1460 3269/1018/1460
f 3254/1022/1461 3269/1018/1461 3253/1021/1461
f 3253/1021/1462 3240/1015/1462 3254/1022/1462
f 3243/1023/1463 3254/1022/1463 3240/1015/1463
f 3244/1017/1464 3243/1023/1464 3240/1015/1464
f 3245/1024/1465 3243/1023/1465 3244/1017/1465
f 3244/1017/1466 3298/1011/1466 3245/1024/1466
f 3306/1025/1466 3245/1024/1466 3298/1011/1466
f 3307/1010/1467 3306/1025/1467 3298/1011/1467
f 3241/1008/1468 3240/1015/1468 3252/1009/1468
f 3252/1009/1469 3240/1015/1469 3251/1026/1469
f 3253/1021/1470 3251/1026/1470 3240/1015/1470
f 3251/1026/1471 3253/1021/1471 3263/1027/1471
f 3264/1020/1472 3263/1027/1472 3253/1021/1472
f 3264/1020/1473 3265/1028/1473 3263/1027/1473
f 3265/1028/1474 3264/1020/1474 3270/1019/1474
f 3270/1019/1475 3271/1029/1475 3265/1028/1475
f 3267/1030/1476 3265/1028/1476 3271/1029/1476
f 3271/1029/1477 3291/1031/1477 3267/1030/1477
f 3266/1032/1478 3263/1027/1478 3265/1028/1478
f 3265/1028/1479 3267/1030/1479 3266/1032/1479
f 3268/1033/1480 3266/1032/1480 3267/1030/1480
f 3267/1030/1481 3283/1034/1481 3268/1033/1481
f 3284/1035/1482 3268/1033/1482 3283/1034/1482
f 3283/1034/1483 3267/1030/1483 3291/1031/1483
f 3283/1034/1484 3291/1031/1484 3278/1036/1484
f 3278/1036/1485 3284/1035/1485 3283/1034/1485
f 3284/1035/1486 3278/1036/1486 3275/1037/1486
f 3278/1036/1487 3276/1038/1487 3275/1037/1487
f 3277/1039/1488 3275/1037/1488 3276/1038/1488
f 3276/1038/1489 3278/1036/1489 3279/1040/1489
f 3280/1041/1490 3279/1040/1490 3278/1036/1490
f 3280/1041/1491 3278/1036/1491 3291/1031/1491
f 3178/1042/1492 3131/1043/1492 3184/1044/1492
f 3131/1043/1492 3178/1042/1492 3132/1045/1492
f 3122/1046/1493 3130/1047/1493 3132/1045/1493
f 3132/1045/1494 3130/1047/1494 3131/1043/1494
f 3131/1043/1495 3130/1047/1495 3139/1048/1495
f 3131/1043/1496 3139/1048/1496 3185/1049/1496
f 3131/1043/1497 3185/1049/1497 3184/1044/1497
f 3186/1050/1497 3184/1044/1497 3185/1049/1497
f 3199/1051/1498 3184/1044/1498 3186/1050/1498
f 3192/1052/1499 3184/1044/1499 3199/1051/1499
f 3192/1052/1500 3178/1042/1500 3184/1044/1500
f 3192/1052/1501 3177/1053/1501 3178/1042/1501
f 3178/1042/1502 3177/1053/1502 3132/1045/1502
f 3122/1046/1502 3132/1045/1502 3177/1053/1502
f 3143/1054/1503 3157/1055/1503 3141/1056/1503
f 3156/1057/1504 3141/1056/1504 3157/1055/1504
f 3156/1057/1505 3140/1058/1505 3141/1056/1505
f 3133/1059/1506 3141/1056/1506 3140/1058/1506
f 3140/1058/1507 3139/1048/1507 3133/1059/1507
f 3130/1047/1508 3133/1059/1508 3139/1048/1508
f 3130/1047/1509 3121/1060/1509 3133/1059/1509
f 3122/1046/1510 3121/1060/1510 3130/1047/1510
f 3123/1061/1511 3121/1060/1511 3122/1046/1511
f 3122/1046/1512 3187/1062/1512 3123/1061/1512
f 3134/1063/1513 3133/1059/1513 3121/1060/1513
f 3133/1059/1514 3134/1063/1514 3141/1056/1514
f 3142/1064/1515 3141/1056/1515 3134/1063/1515
f 3143/1054/1516 3141/1056/1516 3142/1064/1516
f 3144/1065/1517 3143/1054/1517 3142/1064/1517
f 3143/1054/1518 3144/1065/1518 3145/1066/1518
f 3146/1067/1519 3145/1066/1519 3144/1065/1519
f 3145/1066/1520 3146/1067/1520 3165/1068/1520
f 3166/1069/1521 3165/1068/1521 3146/1067/1521
f 3166/1069/1522 3173/1070/1522 3165/1068/1522
f 3165/1068/1523 3173/1070/1523 3170/1071/1523
f 3174/1072/1524 3171/1073/1524 3173/1070/1524
f 3170/1071/1525 3173/1070/1525 3171/1073/1525
f 3171/1073/1526 3169/1074/1526 3170/1071/1526
f 3172/1075/1527 3170/1071/1527 3169/1074/1527
f 3170/1071/1528 3172/1075/1528 3165/1068/1528
f 3176/1076/1529 3165/1068/1529 3172/1075/1529
f 3165/1068/1530 3176/1076/1530 3145/1066/1530
f 3158/1077/1531 3145/1066/1531 3176/1076/1531
f 3145/1066/1532 3158/1077/1532 3143/1054/1532
f 3143/1054/1533 3158/1077/1533 3157/1055/1533
f 3219/1078/1534 3223/1079/1534 3222/1080/1534
f 3224/1081/1535 3222/1080/1535 3223/1079/1535
f 3224/1081/1536 3235/1082/1536 3222/1080/1536
f 3221/1083/1537 3219/1078/1537 3220/1084/1537
f 3222/1080/1538 3220/1084/1538 3219/1078/1538
f 3228/1085/1539 3220/1084/1539 3222/1080/1539
f 3222/1080/1540 3227/1086/1540 3228/1085/1540
f 3227/1086/1541 3222/1080/1541 3235/1082/1541
f 3227/1086/1542 3235/1082/1542 3211/1087/1542
f 3215/1088/1543 3211/1087/1543 3235/1082/1543
f 3211/1087/1544 3215/1088/1544 3209/1089/1544
f 3214/1090/1545 3209/1089/1545 3215/1088/1545
f 3209/1089/1546 3214/1090/1546 3208/1091/1546
f 3210/1092/1547 3209/1089/1547 3207/1093/1547
f 3209/1089/1548 3210/1092/1548 3211/1087/1548
f 3212/1094/1549 3211/1087/1549 3210/1092/1549
f 3211/1087/1550 3212/1094/1550 3227/1086/1550
f 3228/1085/1551 3227/1086/1551 3212/1094/1551
f 3191/1095/1552 3189/1096/1552 3198/1097/1552
f 3197/1098/1553 3198/1097/1553 3189/1096/1553
f 3198/1097/1554 3197/1098/1554 3213/1099/1554
f 3208/1091/1555 3213/1099/1555 3197/1098/1555
f 3213/1099/1556 3208/1091/1556 3214/1090/1556
f 3208/1091/1557 3207/1093/1557 3209/1089/1557
f 3208/1091/1558 3197/1098/1558 3207/1093/1558
f 3195/1100/1559 3207/1093/1559 3197/1098/1559
f 3197/1098/1560 3189/1096/1560 3195/1100/1560
f 3196/1101/1561 3195/1100/1561 3189/1096/1561
f 3189/1096/1562 3179/1102/1562 3196/1101/1562
f 3196/1101/1563 3179/1102/1563 3180/1103/1563
f 3180/1103/1564 3179/1102/1564 3125/1104/1564
f 3181/1105/1564 3180/1103/1564 3125/1104/1564
f 3125/1104/1565 3136/1106/1565 3181/1105/1565
f 3136/1106/1566 3124/1107/1566 3135/1108/1566
f 3125/1104/1567 3124/1107/1567 3136/1106/1567
f 3126/1109/1568 3124/1107/1568 3125/1104/1568
f 3125/1104/1569 3179/1102/1569 3126/1109/1569
f 3183/1110/1569 3126/1109/1569 3179/1102/1569
f 3189/1096/1570 3183/1110/1570 3179/1102/1570
f 3189/1096/1571 3182/1111/1571 3183/1110/1571
f 3191/1095/1572 3182/1111/1572 3189/1096/1572
f 3191/1095/1573 3190/1112/1573 3182/1111/1573
f 3190/1112/1574 3129/1113/1574 3182/1111/1574
f 3128/1114/1575 3124/1107/1575 3126/1109/1575
f 3128/1114/1576 3126/1109/1576 3182/1111/1576
f 3183/1110/1576 3182/1111/1576 3126/1109/1576
f 3128/1114/1574 3182/1111/1574 3129/1113/1574
f 3129/1113/1577 3127/1115/1577 3128/1114/1577
f 3128/1114/1578 3127/1115/1578 3124/1107/1578
f 3138/1116/1579 3124/1107/1579 3127/1115/1579
f 3137/1117/1580 3124/1107/1580 3138/1116/1580
f 3153/1118/1581 3137/1117/1581 3138/1116/1581
f 3137/1117/1582 3153/1118/1582 3148/1119/1582
f 3153/1118/1583 3154/1120/1583 3148/1119/1583
f 3149/1121/1584 3148/1119/1584 3154/1120/1584
f 3154/1120/1585 3155/1122/1585 3149/1121/1585
f 3137/1117/1586 3135/1108/1586 3124/1107/1586
f 3135/1108/1587 3137/1117/1587 3147/1123/1587
f 3148/1119/1588 3147/1123/1588 3137/1117/1588
f 3148/1119/1589 3149/1121/1589 3147/1123/1589
f 3150/1124/1590 3147/1123/1590 3149/1121/1590
f 3149/1121/1591 3151/1125/1591 3150/1124/1591
f 3152/1126/1592 3150/1124/1592 3151/1125/1592
f 3151/1125/1593 3167/1127/1593 3152/1126/1593
f 3168/1128/1594 3152/1126/1594 3167/1127/1594
f 3151/1125/1595 3149/1121/1595 3155/1122/1595
f 3155/1122/1596 3175/1129/1596 3151/1125/1596
f 3167/1127/1597 3151/1125/1597 3175/1129/1597
f 3167/1127/1598 3175/1129/1598 3161/1130/1598
f 3167/1127/1599 3161/1130/1599 3168/1128/1599
f 3168/1128/1600 3161/1130/1600 3160/1131/1600
f 3161/1130/1601 3159/1132/1601 3160/1131/1601
f 3162/1133/1602 3160/1131/1602 3159/1132/1602
f 3159/1132/1603 3161/1130/1603 3163/1134/1603
f 3164/1135/1604 3163/1134/1604 3161/1130/1604
f 3164/1135/1605 3161/1130/1605 3175/1129/1605
f 3194/1136/1606 3188/1137/1606 3193/1138/1606
f 3193/1138/1607 3201/1139/1607 3194/1136/1607
f 3202/1140/1608 3194/1136/1608 3201/1139/1608
f 3203/1141/1609 3202/1140/1609 3201/1139/1609
f 3202/1140/1610 3203/1141/1610 3204/1142/1610
f 3203/1141/1611 3205/1143/1611 3204/1142/1611
f 3206/1144/1612 3204/1142/1612 3205/1143/1612
f 3206/1144/1613 3205/1143/1613 3225/1145/1613
f 3226/1146/1614 3206/1144/1614 3225/1145/1614
f 3226/1146/1615 3225/1145/1615 3233/1147/1615
f 3225/1145/1616 3230/1148/1616 3233/1147/1616
f 3203/1141/1617 3217/1149/1617 3218/1150/1617
f 3218/1150/1618 3205/1143/1618 3203/1141/1618
f 3236/1151/1619 3205/1143/1619 3218/1150/1619
f 3236/1151/1620 3225/1145/1620 3205/1143/1620
f 3236/1151/1621 3231/1152/1621 3225/1145/1621
f 3230/1148/1622 3225/1145/1622 3231/1152/1622
f 3231/1152/1623 3229/1153/1623 3230/1148/1623
f 3232/1154/1624 3230/1148/1624 3229/1153/1624
f 3230/1148/1625 3232/1154/1625 3233/1147/1625
f 3234/1155/1626 3233/1147/1626 3232/1154/1626
f 3187/1062/1512 3122/1046/1512 3177/1053/1512
f 3188/1137/1627 3187/1062/1627 3177/1053/1627
f 3188/1137/1628 3177/1053/1628 3192/1052/1628
f 3192/1052/1629 3193/1138/1629 3188/1137/1629
f 3192/1052/1630 3199/1051/1630 3193/1138/1630
f 3200/1156/1631 3193/1138/1631 3199/1051/1631
f 3193/1138/1632 3200/1156/1632 3201/1139/1632
f 3216/1157/1633 3201/1139/1633 3200/1156/1633
f 3216/1157/1634 3217/1149/1634 3201/1139/1634
f 3203/1141/1635 3201/1139/1635 3217/1149/1635
f 3108/1158/1636 3119/1159/1636 3106/1160/1636
f 3108/1158/1637 3106/1160/1637 3107/1161/1637
f 3103/1162/1638 3107/1161/1638 3106/1160/1638
f 3105/1163/1639 3103/1162/1639 3104/1164/1639
f 3106/1160/1640 3104/1164/1640 3103/1162/1640
f 3104/1164/1641 3106/1160/1641 3112/1165/1641
f 3111/1166/1642 3112/1165/1642 3106/1160/1642
f 3111/1166/1643 3106/1160/1643 3119/1159/1643
f 3111/1166/1644 3119/1159/1644 3095/1167/1644
f 3099/1168/1645 3095/1167/1645 3119/1159/1645
f 3095/1167/1646 3099/1168/1646 3093/1169/1646
f 3098/1170/1647 3093/1169/1647 3099/1168/1647
f 3093/1169/1648 3098/1170/1648 3092/1171/1648
f 3094/1172/1649 3093/1169/1649 3091/1173/1649
f 3093/1169/1650 3094/1172/1650 3095/1167/1650
f 3096/1174/1651 3095/1167/1651 3094/1172/1651
f 3095/1167/1652 3096/1174/1652 3111/1166/1652
f 3112/1165/1653 3111/1166/1653 3096/1174/1653
f 3092/1171/1654 3091/1173/1654 3093/1169/1654
f 3092/1171/1655 3081/1175/1655 3091/1173/1655
f 3079/1176/1656 3091/1173/1656 3081/1175/1656
f 3081/1175/1657 3073/1177/1657 3079/1176/1657
f 3080/1178/1658 3079/1176/1658 3073/1177/1658
f 3073/1177/1659 3063/1179/1659 3080/1178/1659
f 3080/1178/1660 3063/1179/1660 3065/1180/1660
f 3065/1180/1661 3063/1179/1661 3064/1181/1661
f 3009/1182/1661 3064/1181/1661 3063/1179/1661
f 3009/1182/1662 3020/1183/1662 3064/1181/1662
f 3073/1177/1663 3082/1184/1663 3075/1185/1663
f 3081/1175/1664 3082/1184/1664 3073/1177/1664
f 3082/1184/1665 3081/1175/1665 3097/1186/1665
f 3092/1171/1666 3097/1186/1666 3081/1175/1666
f 3097/1186/1667 3092/1171/1667 3098/1170/1667
f 3020/1183/1668 3008/1187/1668 3019/1188/1668
f 3009/1182/1669 3008/1187/1669 3020/1183/1669
f 3010/1189/1670 3008/1187/1670 3009/1182/1670
f 3009/1182/1671 3063/1179/1671 3010/1189/1671
f 3067/1190/1671 3010/1189/1671 3063/1179/1671
f 3073/1177/1672 3067/1190/1672 3063/1179/1672
f 3073/1177/1673 3066/1191/1673 3067/1190/1673
f 3075/1185/1674 3066/1191/1674 3073/1177/1674
f 3075/1185/1675 3074/1192/1675 3066/1191/1675
f 3074/1192/1676 3013/1193/1676 3066/1191/1676
f 3012/1194/1677 3008/1187/1677 3010/1189/1677
f 3012/1194/1678 3010/1189/1678 3066/1191/1678
f 3067/1190/1678 3066/1191/1678 3010/1189/1678
f 3012/1194/1676 3066/1191/1676 3013/1193/1676
f 3013/1193/1679 3011/1195/1679 3012/1194/1679
f 3012/1194/1680 3011/1195/1680 3008/1187/1680
f 3008/1187/1681 3011/1195/1681 3022/1196/1681
f 3008/1187/1682 3022/1196/1682 3021/1197/1682
f 3022/1196/1683 3037/1198/1683 3021/1197/1683
f 3021/1197/1684 3037/1198/1684 3032/1199/1684
f 3037/1198/1685 3038/1200/1685 3032/1199/1685
f 3033/1201/1686 3032/1199/1686 3038/1200/1686
f 3038/1200/1687 3039/1202/1687 3033/1201/1687
f 3021/1197/1688 3019/1188/1688 3008/1187/1688
f 3019/1188/1689 3021/1197/1689 3031/1203/1689
f 3032/1199/1690 3031/1203/1690 3021/1197/1690
f 3032/1199/1691 3033/1201/1691 3031/1203/1691
f 3034/1204/1692 3031/1203/1692 3033/1201/1692
f 3033/1201/1693 3035/1205/1693 3034/1204/1693
f 3036/1206/1694 3034/1204/1694 3035/1205/1694
f 3035/1205/1695 3051/1207/1695 3036/1206/1695
f 3052/1208/1696 3036/1206/1696 3051/1207/1696
f 3035/1205/1697 3033/1201/1697 3039/1202/1697
f 3039/1202/1698 3059/1209/1698 3035/1205/1698
f 3051/1207/1699 3035/1205/1699 3059/1209/1699
f 3051/1207/1700 3059/1209/1700 3045/1210/1700
f 3051/1207/1701 3045/1210/1701 3052/1208/1701
f 3045/1210/1702 3044/1211/1702 3052/1208/1702
f 3045/1210/1703 3043/1212/1703 3044/1211/1703
f 3046/1213/1704 3044/1211/1704 3043/1212/1704
f 3048/1214/1705 3045/1210/1705 3059/1209/1705
f 3048/1214/1706 3047/1215/1706 3045/1210/1706
f 3043/1212/1707 3045/1210/1707 3047/1215/1707
f 3018/1216/1708 3017/1217/1708 3005/1218/1708
f 3017/1217/1709 3018/1216/1709 3025/1219/1709
f 3026/1220/1710 3025/1219/1710 3018/1216/1710
f 3028/1221/1711 3025/1219/1711 3026/1220/1711
f 3026/1220/1712 3027/1222/1712 3028/1221/1712
f 3028/1221/1713 3027/1222/1713 3029/1223/1713
f 3030/1224/1714 3029/1223/1714 3027/1222/1714
f 3030/1224/1715 3049/1225/1715 3029/1223/1715
f 3050/1226/1716 3049/1225/1716 3030/1224/1716
f 3050/1226/1717 3057/1227/1717 3049/1225/1717
f 3058/1228/1718 3056/1229/1718 3057/1227/1718
f 3057/1227/1719 3053/1230/1719 3049/1225/1719
f 3053/1230/1720 3057/1227/1720 3056/1229/1720
f 3056/1229/1721 3054/1231/1721 3053/1230/1721
f 3055/1232/1722 3053/1230/1722 3054/1231/1722
f 3053/1230/1723 3055/1232/1723 3049/1225/1723
f 3060/1233/1724 3049/1225/1724 3055/1232/1724
f 3060/1233/1725 3029/1223/1725 3049/1225/1725
f 3042/1234/1726 3029/1223/1726 3060/1233/1726
f 3042/1234/1727 3028/1221/1727 3029/1223/1727
f 3028/1221/1728 3042/1234/1728 3041/1235/1728
f 3028/1221/1729 3041/1235/1729 3025/1219/1729
f 3040/1236/1730 3025/1219/1730 3041/1235/1730
f 3040/1236/1731 3024/1237/1731 3025/1219/1731
f 3017/1217/1732 3025/1219/1732 3024/1237/1732
f 3024/1237/1733 3023/1238/1733 3017/1217/1733
f 3014/1239/1734 3017/1217/1734 3023/1238/1734
f 3015/1240/1735 3014/1239/1735 3023/1238/1735
f 3015/1240/1736 3023/1238/1736 3069/1241/1736
f 3015/1240/1737 3069/1241/1737 3068/1242/1737
f 3070/1243/1737 3068/1242/1737 3069/1241/1737
f 3083/1244/1738 3068/1242/1738 3070/1243/1738
f 3076/1245/1739 3068/1242/1739 3083/1244/1739
f 3016/1246/1740 3014/1239/1740 3015/1240/1740
f 3015/1240/1741 3068/1242/1741 3016/1246/1741
f 3062/1247/1741 3016/1246/1741 3068/1242/1741
f 3076/1245/1742 3062/1247/1742 3068/1242/1742
f 3076/1245/1743 3061/1248/1743 3062/1247/1743
f 3062/1247/1744 3061/1248/1744 3016/1246/1744
f 3006/1249/1744 3016/1246/1744 3061/1248/1744
f 3006/1249/1745 3014/1239/1745 3016/1246/1745
f 3006/1249/1746 3005/1218/1746 3014/1239/1746
f 3014/1239/1747 3005/1218/1747 3017/1217/1747
f 3087/1250/1748 3085/1251/1748 3101/1252/1748
f 3100/1253/1749 3101/1252/1749 3085/1251/1749
f 3100/1253/1750 3085/1251/1750 3084/1254/1750
f 3077/1255/1751 3084/1254/1751 3085/1251/1751
f 3084/1254/1752 3077/1255/1752 3083/1244/1752
f 3076/1245/1753 3083/1244/1753 3077/1255/1753
f 3076/1245/1754 3077/1255/1754 3072/1256/1754
f 3072/1256/1755 3061/1248/1755 3076/1245/1755
f 3072/1256/1756 3071/1257/1756 3061/1248/1756
f 3061/1248/1757 3071/1257/1757 3006/1249/1757
f 3006/1249/1757 3071/1257/1757 3007/1258/1757
f 3007/1258/1758 3005/1218/1758 3006/1249/1758
f 3078/1259/1759 3072/1256/1759 3077/1255/1759
f 3077/1255/1760 3085/1251/1760 3078/1259/1760
f 3086/1260/1761 3078/1259/1761 3085/1251/1761
f 3087/1250/1762 3086/1260/1762 3085/1251/1762
f 3088/1261/1763 3086/1260/1763 3087/1250/1763
f 3087/1250/1764 3089/1262/1764 3088/1261/1764
f 3090/1263/1765 3088/1261/1765 3089/1262/1765
f 3089/1262/1766 3109/1264/1766 3090/1263/1766
f 3110/1265/1767 3090/1263/1767 3109/1264/1767
f 3110/1265/1768 3109/1264/1768 3117/1266/1768
f 3114/1267/1769 3117/1266/1769 3109/1264/1769
f 3118/1268/1770 3117/1266/1770 3116/1269/1770
f 3114/1267/1771 3116/1269/1771 3117/1266/1771
f 3116/1269/1772 3114/1267/1772 3113/1270/1772
f 3115/1271/1773 3113/1270/1773 3114/1267/1773
f 3114/1267/1774 3109/1264/1774 3115/1271/1774
f 3120/1272/1775 3115/1271/1775 3109/1264/1775
f 3120/1272/1776 3109/1264/1776 3089/1262/1776
f 3089/1262/1777 3102/1273/1777 3120/1272/1777
f 3089/1262/1778 3087/1250/1778 3102/1273/1778
f 3087/1250/1779 3101/1252/1779 3102/1273/1779
f 2919/1274/1780 2917/1275/1780 2993/1276/1780
f 2994/1277/1780 2919/1274/1780 2993/1276/1780
f 2910/1278/1781 2908/1279/1781 2808/16/1781
f 2908/1279/1782 2910/1278/1782 2917/1275/1782
f 2917/1275/1783 2915/1280/1783 2908/1279/1783
f 2919/1274/1784 2915/1280/1784 2917/1275/1784
f 2915/1280/1785 2919/1274/1785 2925/1281/1785
f 2927/1282/1786 2925/1281/1786 2919/1274/1786
f 2925/1281/1787 2927/1282/1787 2932/1283/1787
f 2934/1284/1788 2932/1283/1788 2927/1282/1788
f 2932/1283/1789 2934/1284/1789 2939/1285/1789
f 2940/1286/1789 2939/1285/1789 2934/1284/1789
f 2876/1287/1790 2878/1288/1790 2932/1283/1790
f 2939/1285/1790 2876/1287/1790 2932/1283/1790
f 2933/1289/1791 2926/1290/1791 2932/1283/1791
f 2926/1290/1792 2925/1281/1792 2932/1283/1792
f 2926/1290/1793 2916/1291/1793 2925/1281/1793
f 2916/1291/1794 2915/1280/1794 2925/1281/1794
f 2916/1291/1795 2909/1292/1795 2915/1280/1795
f 2909/1292/1796 2908/1279/1796 2915/1280/1796
f 2908/1279/1797 2909/1292/1797 2838/1293/1797
f 2838/1293/1798 2809/1294/1798 2908/1279/1798
f 2809/1294/1799 2808/16/1799 2908/1279/1799
f 2809/1294/14 2743/17/14 2808/16/14
f 2731/1295/1800 2809/1294/1800 2837/1296/1800
f 2809/1294/1800 2731/1295/1800 2743/17/1800
f 2901/1297/1801 2895/1298/1801 2837/1296/1801
f 2726/1299/1802 2837/1296/1802 2895/1298/1802
f 2731/1295/1803 2837/1296/1803 2726/1299/1803
f 2726/1299/1804 2719/1300/1804 2731/1295/1804
f 2724/1301/1805 2731/1295/1805 2719/1300/1805
f 2724/1301/1806 2719/1300/1806 2717/1302/1806
f 2717/1302/1807 2719/1300/1807 2712/1303/1807
f 2717/1302/1808 2712/1303/1808 2710/1304/1808
f 2710/1304/1809 2712/1303/1809 2703/1305/1809
f 2710/1304/1810 2703/1305/1810 2701/14/1810
f 2711/1306/1811 2712/1303/1811 2718/1307/1811
f 2719/1300/1812 2718/1307/1812 2712/1303/1812
f 2719/1300/1813 2725/1308/1813 2718/1307/1813
f 2726/1299/1814 2725/1308/1814 2719/1300/1814
f 2726/1299/1815 2895/1298/1815 2725/1308/1815
f 2673/1309/1816 2672/1310/1816 2680/1311/1816
f 2680/1311/1816 2672/1310/1816 2679/1312/1816
f 2680/1311/1817 2679/1312/1817 2686/1313/1817
f 2687/1314/1817 2686/1313/1817 2679/1312/1817
f 2686/1313/1818 2687/1314/1818 2693/1315/1818
f 2694/1316/1819 2693/1315/1819 2687/1314/1819
f 2693/1315/1820 2694/1316/1820 2702/1317/1820
f 2703/1305/1821 2702/1317/1821 2694/1316/1821
f 2702/1317/1822 2703/1305/1822 2711/1306/1822
f 2712/1303/1823 2711/1306/1823 2703/1305/1823
f 2673/1309/1824 2681/1318/1824 2674/1319/1824
f 2681/1318/1824 2673/1309/1824 2680/1311/1824
f 2680/1311/1825 2686/1313/1825 2681/1318/1825
f 2688/1320/1825 2681/1318/1825 2686/1313/1825
f 2688/1320/1826 2686/1313/1826 2695/1321/1826
f 2693/1315/1827 2695/1321/1827 2686/1313/1827
f 2695/1321/1828 2693/1315/1828 2704/1322/1828
f 2702/1317/1829 2704/1322/1829 2693/1315/1829
f 2704/1322/1830 2702/1317/1830 2713/1323/1830
f 2711/1306/1831 2713/1323/1831 2702/1317/1831
f 2711/1306/1832 2718/1307/1832 2713/1323/1832
f 2720/1324/1833 2713/1323/1833 2718/1307/1833
f 2718/1307/1834 2725/1308/1834 2720/1324/1834
f 2727/1325/1835 2720/1324/1835 2725/1308/1835
f 2728/1326/1836 2720/1324/1836 2727/1325/1836
f 2720/1324/1837 2728/1326/1837 2721/1327/1837
f 2720/1324/1838 2721/1327/1838 2713/1323/1838
f 2713/1323/1839 2721/1327/1839 2714/1328/1839
f 2713/1323/1840 2714/1328/1840 2704/1322/1840
f 2704/1322/1841 2714/1328/1841 2705/1329/1841
f 2704/1322/1842 2705/1329/1842 2695/1321/1842
f 2695/1321/1843 2705/1329/1843 2700/1330/1843
f 2689/1331/1844 2682/1332/1844 2688/1320/1844
f 2688/1320/1845 2695/1321/1845 2689/1331/1845
f 2696/1333/1846 2689/1331/1846 2695/1321/1846
f 2696/1333/1847 2695/1321/1847 2700/1330/1847
f 2700/1330/1848 2768/1334/1848 2696/1333/1848
f 2782/1335/1849 2696/1333/1849 2768/1334/1849
f 2312/1336/1850 2309/1337/1850 2311/1338/1850
f 2310/1339/1851 2311/1338/1851 2309/1337/1851
f 2664/1340/1852 2311/1338/1852 2310/1339/1852
f 2310/1339/1853 2663/1341/1853 2664/1340/1853
f 2665/1342/1854 2664/1340/1854 2663/1341/1854
f 2663/1341/1855 2674/1319/1855 2665/1342/1855
f 2675/1343/1855 2665/1342/1855 2674/1319/1855
f 2674/1319/1856 2681/1318/1856 2675/1343/1856
f 2682/1332/1856 2675/1343/1856 2681/1318/1856
f 2681/1318/1844 2688/1320/1844 2682/1332/1844
f 2311/1338/1857 2664/1340/1857 2453/1344/1857
f 2803/1345/1857 2453/1344/1857 2664/1340/1857
f 2305/1346/1858 2307/1347/1858 2319/1348/1858
f 2307/1347/1859 2305/1346/1859 2306/1349/1859
f 2308/1350/1859 2307/1347/1859 2306/1349/1859
f 2309/1337/1860 2307/1347/1860 2308/1350/1860
f 2310/1339/1861 2309/1337/1861 2308/1350/1861
f 2308/1350/1862 2663/1341/1862 2310/1339/1862
f 2663/1341/1863 2308/1350/1863 2661/1351/1863
f 2661/1351/1864 2674/1319/1864 2663/1341/1864
f 2674/1319/1864 2661/1351/1864 2673/1309/1864
f 2673/1309/1865 2661/1351/1865 2672/1310/1865
f 2306/1349/1866 2661/1351/1866 2308/1350/1866
f 2661/1351/1866 2306/1349/1866 2662/1352/1866
f 2662/1352/1865 2672/1310/1865 2661/1351/1865
f 2701/14/1867 2703/1305/1867 2694/1316/1867
f 2694/1316/1868 2699/13/1868 2701/14/1868
f 2694/1316/1869 2687/1314/1869 2699/13/1869
f 2692/1353/1870 2699/13/1870 2687/1314/1870
f 2687/1314/1871 2679/1312/1871 2692/1353/1871
f 2685/1354/1871 2692/1353/1871 2679/1312/1871
f 2679/1312/1872 2672/1310/1872 2685/1354/1872
f 2678/1355/1872 2685/1354/1872 2672/1310/1872
f 2672/1310/1873 2662/1352/1873 2678/1355/1873
f 2671/1356/1873 2678/1355/1873 2662/1352/1873
f 2662/1352/1874 2670/1357/1874 2671/1356/1874
f 2670/1357/1875 2662/1352/1875 2306/1349/1875
f 2670/1357/1876 2306/1349/1876 2318/1358/1876
f 2306/1349/1877 2305/1346/1877 2318/1358/1877
f 2305/1346/1878 2317/1359/1878 2318/1358/1878
f 2317/1359/1879 2305/1346/1879 2325/1360/1879
f 2319/1348/1879 2325/1360/1879 2305/1346/1879
f 2325/1360/1880 2319/1348/1880 2332/1361/1880
f 2327/1362/1880 2332/1361/1880 2319/1348/1880
f 2332/1361/1881 2327/1362/1881 2339/1363/1881
f 2341/1364/1882 2334/1365/1882 2340/1366/1882
f 2333/1367/1883 2340/1366/1883 2334/1365/1883
f 2334/1365/1884 2327/1362/1884 2333/1367/1884
f 2326/1368/1884 2333/1367/1884 2327/1362/1884
f 2327/1362/1885 2319/1348/1885 2326/1368/1885
f 2320/1369/1885 2326/1368/1885 2319/1348/1885
f 2320/1369/1858 2319/1348/1858 2307/1347/1858
f 2321/1370/1886 2320/1369/1886 2307/1347/1886
f 2309/1337/1886 2321/1370/1886 2307/1347/1886
f 2309/1337/1887 2312/1336/1887 2321/1370/1887
f 2322/1371/1888 2321/1370/1888 2312/1336/1888
f 2321/1370/1889 2322/1371/1889 2328/1372/1889
f 2321/1370/1890 2328/1372/1890 2320/1369/1890
f 2328/1372/1890 2326/1368/1890 2320/1369/1890
f 2328/1372/1891 2335/1373/1891 2326/1368/1891
f 2333/1367/1891 2326/1368/1891 2335/1373/1891
f 2335/1373/1892 2342/1374/1892 2333/1367/1892
f 2340/1366/1893 2333/1367/1893 2342/1374/1893
f 2342/1374/1894 2351/1375/1894 2340/1366/1894
f 2349/1376/1895 2340/1366/1895 2351/1375/1895
f 2351/1375/1896 2360/1377/1896 2349/1376/1896
f 2329/1378/1889 2328/1372/1889 2322/1371/1889
f 2328/1372/1897 2329/1378/1897 2335/1373/1897
f 2336/1379/1897 2335/1373/1897 2329/1378/1897
f 2335/1373/1898 2336/1379/1898 2342/1374/1898
f 2343/1380/1899 2342/1374/1899 2336/1379/1899
f 2428/1381/1900 2414/1382/1900 2343/1380/1900
f 2347/1383/1900 2343/1380/1900 2414/1382/1900
f 2347/1383/1901 2342/1374/1901 2343/1380/1901
f 2342/1374/1902 2347/1383/1902 2352/1384/1902
f 2352/1384/1903 2351/1375/1903 2342/1374/1903
f 2351/1375/1904 2352/1384/1904 2361/1385/1904
f 2361/1385/1905 2360/1377/1905 2351/1375/1905
f 2360/1377/1906 2361/1385/1906 2368/1386/1906
f 2368/1386/1907 2367/1387/1907 2360/1377/1907
f 2367/1387/1908 2368/1386/1908 2375/1388/1908
f 2375/1388/1909 2374/1389/1909 2367/1387/1909
f 2374/1389/1910 2375/1388/1910 2491/1390/1910
f 2493/1391/1911 2491/1390/1911 2375/1388/1911
f 2493/1391/1912 2375/1388/1912 2388/1392/1912
f 2491/1390/1913 2556/1393/1913 2374/1389/1913
f 2374/1389/1914 2556/1393/1914 2372/1394/1914
f 2374/1389/1915 2372/1394/1915 2367/1387/1915
f 2365/1395/1916 2367/1387/1916 2372/1394/1916
f 2367/1387/1917 2365/1395/1917 2360/1377/1917
f 2358/1396/1918 2360/1377/1918 2365/1395/1918
f 2358/1396/1919 2349/1376/1919 2360/1377/1919
f 2349/1376/1920 2358/1396/1920 2350/1397/1920
f 2350/1397/1921 2341/1364/1921 2349/1376/1921
f 2340/1366/1922 2349/1376/1922 2341/1364/1922
f 2359/1398/1923 2350/1397/1923 2358/1396/1923
f 2359/1398/1924 2358/1396/1924 2365/1395/1924
f 2365/1395/1925 2366/1399/1925 2359/1398/1925
f 2334/1365/1881 2339/1363/1881 2327/1362/1881
f 2339/1363/1926 2334/1365/1926 2346/1400/1926
f 2341/1364/1927 2346/1400/1927 2334/1365/1927
f 2348/1401/1928 2346/1400/1928 2341/1364/1928
f 2348/1401/1929 2341/1364/1929 2350/1397/1929
f 2350/1397/1930 2357/1402/1930 2348/1401/1930
f 2357/1402/1931 2350/1397/1931 2359/1398/1931
f 2359/1398/1932 2364/1403/1932 2357/1402/1932
f 2364/1403/1933 2359/1398/1933 2366/1399/1933
f 2366/1399/1934 2371/1404/1934 2364/1403/1934
f 2415/1405/1935 2421/1406/1935 2346/1400/1935
f 2415/1405/1935 2346/1400/1935 2348/1401/1935
f 2397/1407/1936 2387/1408/1936 2399/1409/1936
f 2401/1410/1937 2397/1407/1937 2399/1409/1937
f 2397/1407/1938 2401/1410/1938 2408/1411/1938
f 2409/1412/1939 2408/1411/1939 2401/1410/1939
f 2408/1411/1940 2409/1412/1940 2415/1405/1940
f 2416/1413/1941 2415/1405/1941 2409/1412/1941
f 2415/1405/1942 2416/1413/1942 2421/1406/1942
f 2422/1414/1943 2421/1406/1943 2416/1413/1943
f 2421/1406/1944 2422/1414/1944 2430/1415/1944
f 2429/1416/1945 2421/1406/1945 2430/1415/1945
f 2488/1417/1946 2487/1418/1946 2401/1410/1946
f 2488/1417/1946 2401/1410/1946 2399/1409/1946
f 2453/1419/1947 2445/1420/1947 2452/1421/1947
f 2445/1420/1948 2446/1422/1948 2452/1421/1948
f 2446/1422/1949 2445/1420/1949 2435/1423/1949
f 2436/1424/1949 2435/1423/1949 2445/1420/1949
f 2435/1423/1950 2436/1424/1950 2427/1425/1950
f 2427/1425/1951 2429/1416/1951 2435/1423/1951
f 2429/1416/1952 2427/1425/1952 2421/1406/1952
f 2428/1426/1953 2421/1406/1953 2427/1425/1953
f 2429/1416/1954 2430/1415/1954 2437/1427/1954
f 2437/1427/1955 2435/1423/1955 2429/1416/1955
f 2439/1428/1956 2435/1423/1956 2437/1427/1956
f 2435/1423/1957 2439/1428/1957 2446/1422/1957
f 2447/1429/1958 2446/1422/1958 2439/1428/1958
f 2446/1422/1959 2447/1429/1959 2454/1430/1959
f 2452/1421/1960 2446/1422/1960 2454/1430/1960
f 2452/1421/1961 2454/1430/1961 2457/1431/1961
f 2452/1421/1962 2457/1431/1962 2670/1357/1962
f 2670/1357/1962 2318/1358/1962 2452/1421/1962
f 2474/1432/1963 2473/1433/1963 2437/1427/1963
f 2439/1428/1964 2437/1427/1964 2473/1433/1964
f 2803/1434/1965 2457/1431/1965 2798/1435/1965
f 2458/1436/1961 2457/1431/1961 2454/1430/1961
f 2457/1431/1966 2458/1436/1966 2799/1437/1966
f 2799/1437/1967 2798/1435/1967 2457/1431/1967
f 2799/1437/1968 2788/1438/1968 2798/1435/1968
f 2789/1439/1968 2798/1435/1968 2788/1438/1968
f 2789/1439/1969 2788/1438/1969 2780/1440/1969
f 2780/1440/1970 2788/1438/1970 2781/1441/1970
f 2781/1441/1971 2774/6/1971 2780/1440/1971
f 2781/1441/1972 2783/1442/1972 2774/6/1972
f 2775/4/1973 2774/6/1973 2783/1442/1973
f 2782/1443/1971 2780/1440/1971 2774/6/1971
f 2783/1442/1974 2781/1441/1974 2790/1444/1974
f 2788/1438/1975 2790/1444/1975 2781/1441/1975
f 2790/1444/1976 2788/1438/1976 2792/1445/1976
f 2788/1438/1977 2799/1437/1977 2792/1445/1977
f 2800/1446/1978 2792/1445/1978 2799/1437/1978
f 2800/1446/1979 2799/1437/1979 2458/1436/1979
f 2792/1445/1980 2818/1447/1980 2790/1444/1980
f 2819/1448/1981 2790/1444/1981 2818/1447/1981
f 2978/1449/1982 2977/1450/1982 2976/1451/1982
f 2975/1452/1982 2976/1451/1982 2977/1450/1982
f 2976/1451/1983 2975/1452/1983 2971/1453/1983
f 2974/1454/1984 2971/1453/1984 2975/1452/1984
f 2974/1454/1985 2972/1455/1985 2971/1453/1985
f 2973/1456/1985 2971/1453/1985 2972/1455/1985
f 2630/1457/1986 2968/1458/1986 2500/1459/1986
f 2842/1460/1986 2500/1459/1986 2968/1458/1986
f 2851/1461/1987 2852/1462/1987 2858/1463/1987
f 2852/1462/1988 2851/1461/1988 2843/1464/1988
f 2841/1465/1988 2843/1464/1988 2851/1461/1988
f 2843/1464/1989 2841/1465/1989 2842/1460/1989
f 2499/1466/1990 2842/1460/1990 2841/1465/1990
f 2842/1460/1991 2499/1466/1991 2500/1459/1991
f 2499/1466/1992 2498/1467/1992 2500/1459/1992
f 2501/1468/1993 2500/1459/1993 2498/1467/1993
f 2498/1467/1994 2510/1469/1994 2501/1468/1994
f 2511/1470/1994 2501/1468/1994 2510/1469/1994
f 2858/1463/1995 2856/1471/1995 2849/1472/1995
f 2849/1472/1995 2851/1461/1995 2858/1463/1995
f 2849/1472/1996 2839/1473/1996 2851/1461/1996
f 2839/1473/1996 2841/1465/1996 2851/1461/1996
f 2839/1473/1997 2496/1474/1997 2841/1465/1997
f 2499/1466/1997 2841/1465/1997 2496/1474/1997
f 2499/1466/1998 2496/1474/1998 2498/1467/1998
f 2857/1475/1999 2856/1471/1999 2863/1476/1999
f 2856/1471/2000 2857/1475/2000 2850/1477/2000
f 2850/1477/2000 2849/1472/2000 2856/1471/2000
f 2849/1472/2001 2850/1477/2001 2840/1478/2001
f 2840/1478/2001 2839/1473/2001 2849/1472/2001
f 2840/1478/2002 2494/1479/2002 2839/1473/2002
f 2496/1474/2002 2839/1473/2002 2494/1479/2002
f 2496/1474/2003 2494/1479/2003 2495/1480/2003
f 2495/1480/1998 2498/1467/1998 2496/1474/1998
f 2498/1467/2004 2495/1480/2004 2510/1469/2004
f 2507/1481/2005 2497/1482/2005 2506/1483/2005
f 2506/1483/2006 2497/1482/2006 2494/1479/2006
f 2660/1484/2007 2506/1483/2007 2494/1479/2007
f 2660/1484/2008 2494/1479/2008 2840/1478/2008
f 2848/1485/2009 2660/1484/2009 2840/1478/2009
f 2848/1485/2010 2840/1478/2010 2855/1486/2010
f 2850/1477/2010 2855/1486/2010 2840/1478/2010
f 2855/1486/2011 2850/1477/2011 2862/1487/2011
f 2857/1475/2011 2862/1487/2011 2850/1477/2011
f 2862/1487/2012 2857/1475/2012 2869/1488/2012
f 2623/1489/2013 2631/1490/2013 2624/1491/2013
f 2631/1490/2014 2623/1489/2014 2629/1492/2014
f 2629/1492/2015 2969/1493/2015 2631/1490/2015
f 2969/1493/2016 2629/1492/2016 2660/1484/2016
f 2506/1483/2016 2660/1484/2016 2629/1492/2016
f 2629/1492/2017 2622/1494/2017 2630/1495/2017
f 2622/1494/2018 2629/1492/2018 2623/1489/2018
f 2623/1489/2019 2613/1496/2019 2622/1494/2019
f 2612/1497/2019 2622/1494/2019 2613/1496/2019
f 2613/1496/2020 2604/1498/2020 2612/1497/2020
f 2606/1499/2021 2604/1498/2021 2613/1496/2021
f 2606/1499/2022 2598/1500/2022 2604/1498/2022
f 2605/1501/2023 2604/1498/2023 2598/1500/2023
f 2593/1502/2024 2586/1503/2024 2591/1504/2024
f 2591/1504/2025 2598/1500/2025 2593/1502/2025
f 2599/1505/2025 2593/1502/2025 2598/1500/2025
f 2598/1500/2026 2607/1506/2026 2599/1505/2026
f 2607/1506/2027 2598/1500/2027 2606/1499/2027
f 2606/1499/2028 2614/1507/2028 2607/1506/2028
f 2614/1507/2029 2606/1499/2029 2613/1496/2029
f 2614/1507/2030 2613/1496/2030 2616/1508/2030
f 2613/1496/2031 2623/1489/2031 2616/1508/2031
f 2624/1491/2032 2616/1508/2032 2623/1489/2032
f 2616/1508/2033 2642/1509/2033 2614/1507/2033
f 2643/1510/2034 2614/1507/2034 2642/1509/2034
f 2988/1511/2035 2986/1512/2035 2985/1513/2035
f 2987/1514/2035 2985/1513/2035 2986/1512/2035
f 2986/1512/2036 2989/1515/2036 2987/1514/2036
f 2990/1516/2036 2987/1514/2036 2989/1515/2036
f 2991/1517/2037 2990/1516/2037 2989/1515/2037
f 2991/1517/2038 2989/1515/2038 2992/1518/2038
f 2628/1519/2039 2627/1520/2039 2967/1521/2039
f 2967/1521/2040 2966/1522/2040 2962/1523/2040
f 2966/1522/2039 2967/1521/2039 2627/1520/2039
f 2627/1520/2041 2626/1524/2041 2966/1522/2041
f 2627/1520/2042 2620/1525/2042 2626/1524/2042
f 2628/1519/2043 2620/1525/2043 2627/1520/2043
f 2620/1525/2044 2628/1519/2044 2621/1526/2044
f 2617/1527/2042 2626/1524/2042 2620/1525/2042
f 2944/1528/2045 2952/1529/2045 2943/1530/2045
f 2952/1529/2046 2951/1531/2046 2943/1530/2046
f 2952/1529/2047 2962/1523/2047 2951/1531/2047
f 2962/1523/2048 2961/1532/2048 2951/1531/2048
f 2961/1532/2049 2962/1523/2049 2966/1522/2049
f 2966/1522/2050 2633/1533/2050 2961/1532/2050
f 2633/1533/2041 2966/1522/2041 2626/1524/2041
f 2633/1533/2051 2626/1524/2051 2632/1534/2051
f 2626/1524/2051 2625/1535/2051 2632/1534/2051
f 2626/1524/2052 2617/1527/2052 2625/1535/2052
f 2950/1536/2053 2949/1537/2053 2942/1538/2053
f 2942/1538/2054 2943/1530/2054 2950/1536/2054
f 2951/1531/2055 2950/1536/2055 2943/1530/2055
f 2956/1539/2056 2950/1536/2056 2951/1531/2056
f 2951/1531/2057 2961/1532/2057 2956/1539/2057
f 2961/1532/2058 2958/1540/2058 2956/1539/2058
f 2958/1540/2050 2961/1532/2050 2633/1533/2050
f 2633/1533/2059 2632/1534/2059 2958/1540/2059
f 2960/1541/2059 2958/1540/2059 2632/1534/2059
f 2958/1540/2060 2960/1541/2060 2959/1542/2060
f 2959/1542/2061 2956/1539/2061 2958/1540/2061
f 2930/1543/2062 2929/1544/2062 2923/1545/2062
f 2929/1544/2063 2930/1543/2063 2935/1546/2063
f 2937/1547/2063 2935/1546/2063 2930/1543/2063
f 2935/1546/2064 2937/1547/2064 2942/1538/2064
f 2943/1530/2065 2942/1538/2065 2937/1547/2065
f 2918/1548/2066 2912/1549/2066 2913/1550/2066
f 2918/1548/2067 2913/1550/2067 2923/1545/2067
f 2922/1551/2068 2918/1548/2068 2923/1545/2068
f 2922/1551/2069 2923/1545/2069 2929/1544/2069
f 2929/1544/2070 2928/1552/2070 2922/1551/2070
f 2928/1552/2071 2929/1544/2071 2935/1546/2071
f 2936/1553/2071 2928/1552/2071 2935/1546/2071
f 2936/1553/2072 2935/1546/2072 2941/1554/2072
f 2942/1538/2073 2941/1554/2073 2935/1546/2073
f 2941/1554/2074 2942/1538/2074 2949/1537/2074
f 2920/1555/2075 2922/1551/2075 2928/1552/2075
f 2922/1551/2076 2920/1555/2076 2918/1548/2076
f 2921/1556/2077 2918/1548/2077 2920/1555/2077
f 2980/1557/2078 2979/1558/2078 2955/1559/2078
f 2957/1560/2079 2955/1559/2079 2979/1558/2079
f 2940/1286/2080 2948/1561/2080 2939/1285/2080
f 2948/1561/2081 2947/1562/2081 2939/1285/2081
f 2948/1561/2082 2955/1559/2082 2947/1562/2082
f 2955/1559/2083 2953/1563/2083 2947/1562/2083
f 2957/1560/2084 2953/1563/2084 2955/1559/2084
f 2953/1563/2085 2957/1560/2085 2964/1564/2085
f 2965/1565/2086 2964/1564/2086 2957/1560/2086
f 2965/1565/2087 2970/1566/2087 2964/1564/2087
f 2970/1566/2088 2969/1493/2088 2964/1564/2088
f 2970/1566/2015 2631/1490/2015 2969/1493/2015
f 2969/1493/2089 2968/1567/2089 2963/1568/2089
f 2964/1564/2090 2969/1493/2090 2963/1568/2090
f 2964/1564/2091 2963/1568/2091 2953/1563/2091
f 2954/1569/2091 2953/1563/2091 2963/1568/2091
f 2954/1569/2092 2945/1570/2092 2953/1563/2092
f 2947/1562/2093 2953/1563/2093 2945/1570/2093
f 2947/1562/2094 2945/1570/2094 2939/1285/2094
f 2946/1571/2095 2939/1285/2095 2945/1570/2095
f 2907/1572/2096 2906/1573/2096 2806/1574/2096
f 2738/1575/2097 2806/1574/2097 2737/1576/2097
f 2807/1577/2098 2737/1576/2098 2806/1574/2098
f 2807/1577/2099 2806/1574/2099 2906/1573/2099
f 2805/1578/2100 2807/1577/2100 2906/1573/2100
f 2906/1573/2101 2905/1579/2101 2805/1578/2101
f 2905/1579/2102 2904/1580/2102 2805/1578/2102
f 2904/1580/2103 2905/1579/2103 2911/1581/2103
f 2912/1549/2104 2911/1581/2104 2905/1579/2104
f 2905/1579/2105 2906/1573/2105 2912/1549/2105
f 2913/1550/2106 2912/1549/2106 2906/1573/2106
f 2807/1577/2107 2805/1578/2107 2737/1576/2107
f 2732/1582/2107 2737/1576/2107 2805/1578/2107
f 2737/1576/2108 2732/1582/2108 2736/1583/2108
f 2736/1583/2109 2732/1582/2109 2734/1584/2109
f 2804/1585/2110 2805/1578/2110 2904/1580/2110
f 2805/1578/2111 2804/1585/2111 2732/1582/2111
f 2735/1586/2111 2732/1582/2111 2804/1585/2111
f 2735/1586/2112 2733/1587/2112 2732/1582/2112
f 2734/1584/2113 2732/1582/2113 2733/1587/2113
f 2733/1587/2114 2746/1588/2114 2734/1584/2114
f 2747/1589/2115 2734/1584/2115 2746/1588/2115
f 2734/1584/2116 2747/1589/2116 2736/1583/2116
f 2748/1590/2117 2736/1583/2117 2747/1589/2117
f 2748/1590/2118 2747/1589/2118 2753/1591/2118
f 2757/1592/2119 2755/1593/2119 2753/1591/2119
f 2756/1594/2120 2753/1591/2120 2755/1593/2120
f 2755/1593/2121 2763/1595/2121 2756/1594/2121
f 2753/1591/2122 2758/1596/2122 2748/1590/2122
f 2758/1596/2123 2753/1591/2123 2756/1594/2123
f 2756/1594/2124 2764/1597/2124 2758/1596/2124
f 2764/1597/2125 2756/1594/2125 2763/1595/2125
f 2763/1595/2126 2770/1598/2126 2764/1597/2126
f 2771/1599/2126 2764/1597/2126 2770/1598/2126
f 2770/1598/2127 2776/1600/2127 2771/1599/2127
f 2777/1601/2128 2771/1599/2128 2776/1600/2128
f 2776/1600/2129 2784/1602/2129 2777/1601/2129
f 2785/1603/2130 2777/1601/2130 2784/1602/2130
f 2777/1601/2131 2785/1603/2131 2778/1604/2131
f 2786/1605/2132 2778/1604/2132 2785/1603/2132
f 2786/1605/2133 2785/1603/2133 2791/1606/2133
f 2765/1607/2134 2758/1596/2134 2764/1597/2134
f 2765/1607/2135 2764/1597/2135 2772/1608/2135
f 2772/1608/2135 2764/1597/2135 2771/1599/2135
f 2771/1599/2136 2777/1601/2136 2772/1608/2136
f 2778/1604/2137 2772/1608/2137 2777/1601/2137
f 2795/1609/2138 2793/1610/2138 2794/1611/2138
f 2791/1606/2139 2794/1611/2139 2793/1610/2139
f 2793/1610/2140 2796/1612/2140 2791/1606/2140
f 2786/1605/2141 2791/1606/2141 2796/1612/2141
f 2796/1612/2142 2797/1613/2142 2786/1605/2142
f 2787/1614/2143 2786/1605/2143 2797/1613/2143
f 2786/1605/2144 2787/1614/2144 2778/1604/2144
f 2779/1615/2145 2778/1604/2145 2787/1614/2145
f 2778/1604/2146 2779/1615/2146 2772/1608/2146
f 2772/1608/2147 2779/1615/2147 2773/1616/2147
f 2797/1613/2148 2796/1612/2148 2802/1617/2148
f 2443/1618/2149 2433/1619/2149 2444/1620/2149
f 2443/1618/2150 2444/1620/2150 2451/1621/2150
f 2450/1622/2150 2443/1618/2150 2451/1621/2150
f 2451/1621/2151 2802/1617/2151 2450/1622/2151
f 2801/1623/2151 2450/1622/2151 2802/1617/2151
f 2801/1623/2148 2802/1617/2148 2796/1612/2148
f 2801/1623/2152 2796/1612/2152 2455/1624/2152
f 2793/1610/2152 2455/1624/2152 2796/1612/2152
f 2455/1624/2153 2793/1610/2153 2456/1625/2153
f 2795/1609/2153 2456/1625/2153 2793/1610/2153
f 2450/1622/2154 2449/1626/2154 2443/1618/2154
f 2449/1626/2155 2450/1622/2155 2455/1624/2155
f 2801/1623/2155 2455/1624/2155 2450/1622/2155
f 2438/1627/2156 2432/1628/2156 2433/1619/2156
f 2438/1627/2157 2433/1619/2157 2443/1618/2157
f 2440/1629/2158 2438/1627/2158 2443/1618/2158
f 2440/1629/2154 2443/1618/2154 2449/1626/2154
f 2449/1626/2159 2448/1630/2159 2440/1629/2159
f 2449/1626/2160 2455/1624/2160 2448/1630/2160
f 2456/1625/2160 2448/1630/2160 2455/1624/2160
f 2442/1631/2159 2440/1629/2159 2448/1630/2159
f 2442/1631/2161 2441/1632/2161 2440/1629/2161
f 2438/1627/2162 2440/1629/2162 2441/1632/2162
f 2411/1633/2163 2417/1634/2163 2410/1635/2163
f 2418/1636/2163 2410/1635/2163 2417/1634/2163
f 2418/1636/2164 2417/1634/2164 2423/1637/2164
f 2424/1638/2165 2423/1637/2165 2417/1634/2165
f 2423/1637/2166 2424/1638/2166 2431/1639/2166
f 2432/1628/2167 2431/1639/2167 2424/1638/2167
f 2424/1638/2168 2425/1640/2168 2432/1628/2168
f 2433/1619/2169 2432/1628/2169 2425/1640/2169
f 2433/1619/2170 2425/1640/2170 2434/1641/2170
f 2433/1619/2171 2434/1641/2171 2444/1620/2171
f 2412/1642/2172 2411/1633/2172 2405/1643/2172
f 2411/1633/2173 2412/1642/2173 2417/1634/2173
f 2419/1644/2173 2417/1634/2173 2412/1642/2173
f 2417/1634/2174 2419/1644/2174 2424/1638/2174
f 2425/1640/2175 2424/1638/2175 2419/1644/2175
f 2420/1645/2176 2419/1644/2176 2413/1646/2176
f 2419/1644/2177 2420/1645/2177 2426/1647/2177
f 2425/1640/2178 2419/1644/2178 2426/1647/2178
f 2425/1640/2179 2426/1647/2179 2434/1641/2179
f 2384/1648/2180 2383/1649/2180 2379/1650/2180
f 2384/1648/2181 2385/1651/2181 2383/1649/2181
f 2386/1652/2182 2383/1649/2182 2385/1651/2182
f 2383/1649/2183 2386/1652/2183 2395/1653/2183
f 2396/1654/2184 2395/1653/2184 2386/1652/2184
f 2395/1653/2185 2396/1654/2185 2405/1643/2185
f 2406/1655/2186 2405/1643/2186 2396/1654/2186
f 2405/1643/2187 2406/1655/2187 2412/1642/2187
f 2413/1646/2188 2412/1642/2188 2406/1655/2188
f 2412/1642/2176 2413/1646/2176 2419/1644/2176
f 2385/1651/2189 2384/1648/2189 2461/1656/2189
f 2381/1657/2190 2379/1650/2190 2380/1658/2190
f 2382/1659/2191 2380/1658/2191 2379/1650/2191
f 2382/1659/2192 2379/1650/2192 2383/1649/2192
f 2382/1659/2193 2383/1649/2193 2394/1660/2193
f 2395/1653/2194 2394/1660/2194 2383/1649/2194
f 2400/1661/2195 2394/1660/2195 2395/1653/2195
f 2395/1653/2196 2405/1643/2196 2400/1661/2196
f 2405/1643/2197 2403/1662/2197 2400/1661/2197
f 2403/1662/2198 2405/1643/2198 2411/1633/2198
f 2411/1633/2199 2410/1635/2199 2403/1662/2199
f 2404/1663/2200 2400/1661/2200 2402/1664/2200
f 2403/1662/2201 2402/1664/2201 2400/1661/2201
f 2402/1664/2202 2403/1662/2202 2410/1635/2202
f 2380/1658/2203 2382/1659/2203 2393/1665/2203
f 2394/1660/2204 2393/1665/2204 2382/1659/2204
f 2690/1666/2205 2697/1667/2205 2691/1668/2205
f 2698/1669/2206 2691/1668/2206 2697/1667/2206
f 2697/1667/2207 2822/1670/2207 2698/1669/2207
f 2823/1671/2208 2698/1669/2208 2822/1670/2208
f 3000/1672/2209 2999/1673/2209 2667/1674/2209
f 2668/1675/2210 2667/1674/2210 2999/1673/2210
f 2668/1675/2211 2666/1676/2211 2667/1674/2211
f 2666/1676/2212 2668/1675/2212 2669/1677/2212
f 2669/1677/2213 2676/1678/2213 2666/1676/2213
f 2676/1678/2213 2669/1677/2213 2677/1679/2213
f 2677/1679/2214 2683/1680/2214 2676/1678/2214
f 2684/1681/2214 2676/1678/2214 2683/1680/2214
f 2683/1680/2215 2690/1666/2215 2684/1681/2215
f 2691/1668/2215 2684/1681/2215 2690/1666/2215
f 2813/1682/2216 2811/1683/2216 2810/1684/2216
f 2812/1685/2216 2810/1684/2216 2811/1683/2216
f 2812/1685/2217 2814/1686/2217 2810/1684/2217
f 2810/1684/2218 2814/1686/2218 2815/1687/2218
f 2814/1686/2219 2816/1688/2219 2815/1687/2219
f 2815/1687/2219 2816/1688/2219 2817/1689/2219
f 2576/1690/2220 2578/1691/2220 2656/1692/2220
f 2657/1693/2220 2656/1692/2220 2578/1691/2220
f 2568/1694/2221 2567/1695/2221 2493/1696/2221
f 2493/1696/2222 2567/1695/2222 2464/1697/2222
f 2464/1697/2223 2567/1695/2223 2463/1698/2223
f 2569/1699/2224 2463/1698/2224 2567/1695/2224
f 2567/1695/2225 2576/1690/2225 2569/1699/2225
f 2576/1690/2226 2567/1695/2226 2574/1700/2226
f 2576/1690/2227 2574/1700/2227 2578/1691/2227
f 2574/1700/2228 2584/1701/2228 2578/1691/2228
f 2586/1503/2229 2578/1691/2229 2584/1701/2229
f 2584/1701/2230 2591/1504/2230 2586/1503/2230
f 2568/1694/2231 2574/1700/2231 2567/1695/2231
f 2575/1702/2232 2574/1700/2232 2568/1694/2232
f 2574/1700/2233 2575/1702/2233 2584/1701/2233
f 2585/1703/2234 2584/1701/2234 2575/1702/2234
f 2584/1701/2235 2585/1703/2235 2591/1504/2235
f 2592/1704/2236 2591/1504/2236 2585/1703/2236
f 2537/1705/2237 2535/1706/2237 2591/1504/2237
f 2598/1500/2237 2591/1504/2237 2535/1706/2237
f 2530/1707/2238 2537/1705/2238 2539/1708/2238
f 2530/1707/2239 2535/1706/2239 2537/1705/2239
f 2530/1707/2240 2522/1709/2240 2535/1706/2240
f 2528/1710/2241 2535/1706/2241 2522/1709/2241
f 2522/1709/2242 2516/1711/2242 2528/1710/2242
f 2521/1712/2242 2528/1710/2242 2516/1711/2242
f 2516/1711/2243 2509/1713/2243 2521/1712/2243
f 2514/1714/2243 2521/1712/2243 2509/1713/2243
f 2509/1713/2244 2497/1482/2244 2514/1714/2244
f 2507/1481/2244 2514/1714/2244 2497/1482/2244
f 2497/1482/2003 2495/1480/2003 2494/1479/2003
f 2495/1480/2245 2497/1482/2245 2508/1715/2245
f 2509/1713/2245 2508/1715/2245 2497/1482/2245
f 2508/1715/2246 2509/1713/2246 2515/1716/2246
f 2516/1711/2246 2515/1716/2246 2509/1713/2246
f 2516/1711/2247 2522/1709/2247 2515/1716/2247
f 2523/1717/2247 2515/1716/2247 2522/1709/2247
f 2522/1709/2248 2529/1718/2248 2523/1717/2248
f 2529/1718/2249 2522/1709/2249 2530/1707/2249
f 2530/1707/2250 2538/1719/2250 2529/1718/2250
f 2538/1719/2251 2530/1707/2251 2539/1708/2251
f 2539/1708/2252 2547/1720/2252 2538/1719/2252
f 2547/1720/2253 2539/1708/2253 2548/1721/2253
f 2508/1715/2004 2510/1469/2004 2495/1480/2004
f 2510/1469/2254 2508/1715/2254 2517/1722/2254
f 2515/1716/2254 2517/1722/2254 2508/1715/2254
f 2515/1716/2255 2524/1723/2255 2517/1722/2255
f 2523/1717/2255 2524/1723/2255 2515/1716/2255
f 2523/1717/2256 2531/1724/2256 2524/1723/2256
f 2531/1724/2257 2523/1717/2257 2529/1718/2257
f 2529/1718/2258 2540/1725/2258 2531/1724/2258
f 2540/1725/2258 2529/1718/2258 2538/1719/2258
f 2538/1719/2259 2549/1726/2259 2540/1725/2259
f 2510/1469/2260 2517/1722/2260 2511/1470/2260
f 2518/1727/2260 2511/1470/2260 2517/1722/2260
f 2517/1722/2261 2524/1723/2261 2518/1727/2261
f 2525/1728/2261 2518/1727/2261 2524/1723/2261
f 2524/1723/2262 2531/1724/2262 2525/1728/2262
f 2532/1729/2263 2525/1728/2263 2531/1724/2263
f 2605/1730/2264 2532/1729/2264 2592/1731/2264
f 2536/1732/2264 2592/1731/2264 2532/1729/2264
f 2532/1729/2265 2531/1724/2265 2536/1732/2265
f 2536/1732/2266 2531/1724/2266 2541/1733/2266
f 2540/1725/2267 2541/1733/2267 2531/1724/2267
f 2541/1733/2268 2540/1725/2268 2550/1734/2268
f 2550/1734/2269 2540/1725/2269 2549/1726/2269
f 2550/1734/2270 2549/1726/2270 2557/1735/2270
f 2557/1735/2271 2549/1726/2271 2556/1393/2271
f 2557/1735/2272 2556/1393/2272 2491/1390/2272
f 2549/1726/2273 2538/1719/2273 2547/1720/2273
f 2547/1720/2274 2554/1736/2274 2549/1726/2274
f 2548/1721/2275 2554/1736/2275 2547/1720/2275
f 2554/1736/2276 2548/1721/2276 2555/1737/2276
f 2554/1736/2277 2555/1737/2277 2372/1394/2277
f 2554/1736/2278 2372/1394/2278 2556/1393/2278
f 2556/1393/2279 2549/1726/2279 2554/1736/2279
f 2366/1399/2280 2365/1395/2280 2372/1394/2280
f 2372/1394/2281 2373/1738/2281 2366/1399/2281
f 2372/1394/2282 2555/1737/2282 2373/1738/2282
f 2373/1738/2283 2555/1737/2283 2492/1739/2283
f 2560/1740/2284 2492/1739/2284 2555/1737/2284
f 2555/1737/2285 2553/1741/2285 2560/1740/2285
f 2548/1721/2286 2553/1741/2286 2555/1737/2286
f 2548/1721/2287 2546/1742/2287 2553/1741/2287
f 2539/1708/2288 2546/1742/2288 2548/1721/2288
f 2539/1708/2289 2537/1705/2289 2546/1742/2289
f 2371/1404/2290 2366/1399/2290 2378/1743/2290
f 2373/1738/2291 2378/1743/2291 2366/1399/2291
f 2492/1739/2292 2378/1743/2292 2373/1738/2292
f 2492/1739/2293 2464/1697/2293 2378/1743/2293
f 2464/1697/2293 2389/1744/2293 2378/1743/2293
f 2464/1697/2294 2463/1698/2294 2389/1744/2294
f 2391/1745/2294 2389/1744/2294 2463/1698/2294
f 2389/1744/2295 2391/1745/2295 2387/1408/2295
f 2392/1746/2296 2387/1408/2296 2391/1745/2296
f 2392/1746/2297 2399/1409/2297 2387/1408/2297
f 2415/1405/2298 2414/1747/2298 2407/1748/2298
f 2415/1405/2299 2407/1748/2299 2408/1411/2299
f 2408/1411/2300 2407/1748/2300 2398/1749/2300
f 2397/1407/2301 2408/1411/2301 2398/1749/2301
f 2397/1407/2302 2398/1749/2302 2390/1750/2302
f 2387/1408/2303 2397/1407/2303 2390/1750/2303
f 2390/1750/2304 2388/1751/2304 2387/1408/2304
f 2389/1744/2305 2387/1408/2305 2388/1751/2305
f 2589/1752/2306 2582/1753/2306 2588/1754/2306
f 2589/1752/2307 2588/1754/2307 2596/1755/2307
f 2595/1756/2307 2596/1755/2307 2588/1754/2307
f 2595/1756/2308 2601/1757/2308 2596/1755/2308
f 2602/1758/2309 2596/1755/2309 2601/1757/2309
f 2610/1759/2310 2609/1760/2310 2615/1761/2310
f 2610/1759/2311 2602/1758/2311 2609/1760/2311
f 2601/1757/2312 2609/1760/2312 2602/1758/2312
f 2609/1760/2313 2601/1757/2313 2608/1762/2313
f 2600/1763/2314 2608/1762/2314 2601/1757/2314
f 2601/1757/2315 2595/1756/2315 2600/1763/2315
f 2594/1764/2316 2600/1763/2316 2595/1756/2316
f 2595/1756/2317 2588/1754/2317 2594/1764/2317
f 2587/1765/2317 2594/1764/2317 2588/1754/2317
f 2588/1754/2318 2581/1766/2318 2587/1765/2318
f 2579/1767/2319 2587/1765/2319 2581/1766/2319
f 2581/1766/2320 2577/1768/2320 2579/1767/2320
f 2580/1769/2321 2579/1767/2321 2577/1768/2321
f 2581/1766/2322 2588/1754/2322 2582/1753/2322
f 2581/1766/2323 2582/1753/2323 2577/1768/2323
f 2577/1768/2324 2582/1753/2324 2572/1770/2324
f 2572/1770/2325 2571/1771/2325 2577/1768/2325
f 2572/1770/2326 2565/1772/2326 2571/1771/2326
f 2564/1773/2327 2571/1771/2327 2565/1772/2327
f 2564/1773/2328 2565/1772/2328 2460/1774/2328
f 2564/1773/2329 2460/1774/2329 2563/1775/2329
f 2459/1776/2330 2563/1775/2330 2460/1774/2330
f 2460/1774/2331 2565/1772/2331 2462/1777/2331
f 2571/1771/2332 2564/1773/2332 2570/1778/2332
f 2563/1775/2333 2570/1778/2333 2564/1773/2333
f 2462/1777/2334 2565/1772/2334 2461/1656/2334
f 2462/1777/2189 2461/1656/2189 2384/1648/2189
f 2462/1777/2335 2384/1648/2335 2460/1774/2335
f 2379/1650/2335 2460/1774/2335 2384/1648/2335
f 2379/1650/2336 2459/1776/2336 2460/1774/2336
f 2379/1650/2336 2381/1657/2336 2459/1776/2336
f 2603/1779/2337 2597/1780/2337 2596/1755/2337
f 2597/1780/2338 2590/1781/2338 2596/1755/2338
f 2589/1752/2338 2596/1755/2338 2590/1781/2338
f 2590/1781/2339 2583/1782/2339 2589/1752/2339
f 2582/1753/2340 2589/1752/2340 2583/1782/2340
f 2583/1782/2341 2573/1783/2341 2582/1753/2341
f 2572/1770/2342 2582/1753/2342 2573/1783/2342
f 2573/1783/2343 2566/1784/2343 2572/1770/2343
f 2565/1772/2344 2572/1770/2344 2566/1784/2344
f 2566/1784/2345 2461/1656/2345 2565/1772/2345
f 2619/1785/2052 2625/1535/2052 2617/1527/2052
f 2617/1527/2346 2618/1786/2346 2619/1785/2346
f 2618/1786/2347 2617/1527/2347 2615/1761/2347
f 2620/1525/2348 2615/1761/2348 2617/1527/2348
f 2615/1761/2349 2620/1525/2349 2610/1759/2349
f 2621/1526/2350 2610/1759/2350 2620/1525/2350
f 2610/1759/2351 2621/1526/2351 2611/1787/2351
f 2611/1787/2352 2602/1758/2352 2610/1759/2352
f 2602/1758/2353 2611/1787/2353 2603/1779/2353
f 2603/1779/2354 2596/1755/2354 2602/1758/2354
f 2652/1788/2355 2654/1789/2355 2655/1790/2355
f 2654/1789/2356 2652/1788/2356 2653/1791/2356
f 2653/1791/2357 2652/1788/2357 2651/1792/2357
f 2649/1793/2357 2651/1792/2357 2652/1788/2357
f 2651/1792/2358 2649/1793/2358 2648/1794/2358
f 2650/1795/2358 2648/1794/2358 2649/1793/2358
f 2641/1796/2359 2639/1797/2359 2640/1798/2359
f 2640/1798/2359 2639/1797/2359 2638/1799/2359
f 2639/1797/2360 2635/1800/2360 2638/1799/2360
f 2638/1799/2361 2635/1800/2361 2637/1801/2361
f 2637/1801/2362 2635/1800/2362 2634/1802/2362
f 2636/1803/2362 2634/1802/2362 2635/1800/2362
f 2287/1804/2363 2274/1805/2363 2288/1806/2363
f 2276/1807/2363 2288/1806/2363 2274/1805/2363
f 2276/1807/2363 2274/1805/2363 2273/1808/2363
f 2275/1809/2363 2273/1808/2363 2274/1805/2363
f 2289/1810/2363 2273/1808/2363 2275/1809/2363
f 2290/1811/2363 2273/1808/2363 2289/1810/2363
f 2290/1811/2363 2289/1810/2363 2291/1812/2363
f 2292/1813/2363 2291/1812/2363 2289/1810/2363
f 2291/1812/2363 2292/1813/2363 2293/1814/2363
f 2294/1815/2363 2293/1814/2363 2292/1813/2363
f 2293/1814/2363 2294/1815/2363 2295/1816/2363
f 2296/1817/2363 2295/1816/2363 2294/1815/2363
f 2297/1818/2363 2295/1816/2363 2296/1817/2363
f 2298/1819/2363 2295/1816/2363 2297/1818/2363
f 2299/1820/2363 2298/1819/2363 2297/1818/2363
f 2300/1821/2363 2298/1819/2363 2299/1820/2363
f 2299/1820/2363 2301/1822/2363 2300/1821/2363
f 2302/1823/2363 2300/1821/2363 2301/1822/2363
f 2302/1823/2363 2301/1822/2363 2303/1824/2363
f 2304/1825/2363 2303/1824/2363 2301/1822/2363
f 2280/1826/2363 2278/1827/2363 2277/1828/2363
f 2279/1829/2363 2277/1828/2363 2278/1827/2363
f 2279/1829/2363 2281/1830/2363 2277/1828/2363
f 2277/1828/2363 2281/1830/2363 2282/1831/2363
f 2282/1831/2363 2281/1830/2363 2283/1832/2363
f 2284/1833/2363 2283/1832/2363 2281/1830/2363
f 2283/1832/2363 2284/1833/2363 2285/1834/2363
f 2286/1835/2363 2285/1834/2363 2284/1833/2363
f 2286/1835/2363 2287/1804/2363 2285/1834/2363
f 2288/1806/2363 2285/1834/2363 2287/1804/2363
f 2267/1836/2364 2269/1837/2364 2268/1838/2364
f 2270/1839/2364 2268/1838/2364 2269/1837/2364
f 2269/1837/2365 2271/1840/2365 2270/1839/2365
f 2272/1841/2365 2270/1839/2365 2271/1840/2365
f 2271/1840/2366 2210/1842/2366 2272/1841/2366
f 2209/1843/2366 2272/1841/2366 2210/1842/2366
f 2211/1844/2367 2209/1843/2367 2210/1842/2367
f 2210/1842/2367 2212/1845/2367 2211/1844/2367
f 2213/1846/2368 2211/1844/2368 2212/1845/2368
f 2212/1845/2368 2214/1847/2368 2213/1846/2368
f 2215/1848/2369 2213/1846/2369 2214/1847/2369
f 2214/1847/2369 2216/1849/2369 2215/1848/2369
f 2217/1850/2370 2215/1848/2370 2216/1849/2370
f 2216/1849/2370 2218/1851/2370 2217/1850/2370
f 2259/1852/2371 2258/1853/2371 2257/1854/2371
f 2260/1855/2371 2259/1852/2371 2257/1854/2371
f 2261/1856/2372 2259/1852/2372 2260/1855/2372
f 2262/1857/2372 2261/1856/2372 2260/1855/2372
f 2263/1858/2373 2261/1856/2373 2262/1857/2373
f 2264/1859/2373 2263/1858/2373 2262/1857/2373
f 2265/1860/2374 2263/1858/2374 2264/1859/2374
f 2266/1861/2374 2265/1860/2374 2264/1859/2374
f 2266/1861/2375 2267/1836/2375 2265/1860/2375
f 2268/1838/2375 2265/1860/2375 2267/1836/2375
f 2237/1862/2376 2239/1863/2376 2238/1864/2376
f 2240/1865/2376 2238/1864/2376 2239/1863/2376
f 2239/1863/2377 2241/1866/2377 2240/1865/2377
f 2242/1867/2377 2240/1865/2377 2241/1866/2377
f 2242/1867/2378 2241/1866/2378 2243/1868/2378
f 2244/1869/2378 2243/1868/2378 2241/1866/2378
f 2243/1868/2379 2244/1869/2379 2245/1870/2379
f 2246/1871/2379 2245/1870/2379 2244/1869/2379
f 2245/1870/2380 2246/1871/2380 2247/1872/2380
f 2248/1873/2380 2247/1872/2380 2246/1871/2380
f 2247/1872/2381 2248/1873/2381 2249/1874/2381
f 2250/1875/2381 2249/1874/2381 2248/1873/2381
f 2250/1875/2382 2251/1876/2382 2249/1874/2382
f 2252/1877/2382 2249/1874/2382 2251/1876/2382
f 2251/1876/2383 2253/1878/2383 2252/1877/2383
f 2254/1879/2383 2252/1877/2383 2253/1878/2383
f 2253/1878/2384 2255/1880/2384 2254/1879/2384
f 2256/1881/2384 2254/1879/2384 2255/1880/2384
f 2255/1880/2385 2257/1854/2385 2256/1881/2385
f 2258/1853/2385 2256/1881/2385 2257/1854/2385
f 2218/1882/2386 2219/1883/2386 2217/1884/2386
f 2220/1885/2386 2217/1884/2386 2219/1883/2386
f 2219/1883/2387 2221/1886/2387 2220/1885/2387
f 2222/1887/2387 2220/1885/2387 2221/1886/2387
f 2221/1886/2388 2223/1888/2388 2222/1887/2388
f 2224/1889/2388 2222/1887/2388 2223/1888/2388
f 2223/1888/2389 2225/1890/2389 2224/1889/2389
f 2226/1891/2389 2224/1889/2389 2225/1890/2389
f 2226/1891/2390 2225/1890/2390 2228/1892/2390
f 2225/1890/2390 2227/1893/2390 2228/1892/2390
f 2228/1892/2391 2227/1893/2391 2230/1894/2391
f 2227/1893/2391 2229/1895/2391 2230/1894/2391
f 2230/1894/2392 2229/1895/2392 2232/1896/2392
f 2229/1895/2392 2231/1897/2392 2232/1896/2392
f 2231/1897/2393 2234/1898/2393 2232/1896/2393
f 2231/1897/2393 2233/1899/2393 2234/1898/2393
f 2233/1899/2394 2235/1900/2394 2234/1898/2394
f 2236/1901/2394 2234/1898/2394 2235/1900/2394
f 2235/1900/2395 2237/1862/2395 2236/1901/2395
f 2238/1864/2395 2236/1901/2395 2237/1862/2395
f 2197/1902/2396 2165/1903/2396 2196/1904/2396
f 2197/1902/2397 2166/1905/2397 2165/1903/2397
f 2198/1906/2397 2166/1905/2397 2197/1902/2397
f 2193/1907/2398 2194/1908/2398 2161/1909/2398
f 2162/1910/2398 2161/1909/2398 2194/1908/2398
f 2194/1908/2399 2195/1911/2399 2162/1910/2399
f 2163/1912/2399 2162/1910/2399 2195/1911/2399
f 2195/1911/2400 2196/1904/2400 2163/1912/2400
f 2164/1913/2400 2163/1912/2400 2196/1904/2400
f 2196/1904/2396 2165/1903/2396 2164/1913/2396
f 2109/1914/2401 2164/1913/2401 2165/1903/2401
f 2165/1903/2402 2113/1915/2402 2109/1914/2402
f 2113/1915/2402 2165/1903/2402 2166/1905/2402
f 2107/1916/2403 2105/1917/2403 2106/1918/2403
f 2106/1918/2404 2108/1919/2404 2107/1916/2404
f 2106/1918/2405 2109/1914/2405 2108/1919/2405
f 2110/1920/2405 2108/1919/2405 2109/1914/2405
f 2109/1914/2406 2111/1921/2406 2110/1920/2406
f 2112/1922/2407 2111/1921/2407 2109/1914/2407
f 2113/1915/2407 2112/1922/2407 2109/1914/2407
f 2113/1915/2408 2114/1923/2408 2112/1922/2408
f 2115/1924/2409 2114/1923/2409 2113/1915/2409
f 2116/1925/2409 2115/1924/2409 2113/1915/2409
f 2116/1925/2410 2117/1926/2410 2115/1924/2410
f 2118/1927/2411 2117/1926/2411 2116/1925/2411
f 2119/1928/2411 2118/1927/2411 2116/1925/2411
f 2119/1928/2412 2120/1929/2412 2118/1927/2412
f 2121/1930/2413 2120/1929/2413 2119/1928/2413
f 2122/1931/2413 2121/1930/2413 2119/1928/2413
f 2122/1931/2414 2123/1932/2414 2121/1930/2414
f 2122/1931/2415 2124/1933/2415 2123/1932/2415
f 2125/1934/2415 2123/1932/2415 2124/1933/2415
f 2124/1933/2416 2126/1935/2416 2125/1934/2416
f 2116/1925/2417 2113/1915/2417 2167/1936/2417
f 2167/1936/2418 2168/1937/2418 2116/1925/2418
f 2119/1928/2418 2116/1925/2418 2168/1937/2418
f 2119/1928/2419 2168/1937/2419 2122/1931/2419
f 2122/1931/2419 2168/1937/2419 2169/1938/2419
f 2169/1938/2420 2170/1939/2420 2122/1931/2420
f 2124/1933/2420 2122/1931/2420 2170/1939/2420
f 2170/1939/2421 2171/1940/2421 2124/1933/2421
f 2127/1941/2421 2124/1933/2421 2171/1940/2421
f 2171/1940/2422 2172/1942/2422 2127/1941/2422
f 2130/1943/2422 2127/1941/2422 2172/1942/2422
f 2171/1940/2423 2170/1939/2423 2203/1944/2423
f 2203/1944/2424 2204/1945/2424 2171/1940/2424
f 2172/1942/2424 2171/1940/2424 2204/1945/2424
f 2204/1945/2425 2205/1946/2425 2172/1942/2425
f 2173/1947/2425 2172/1942/2425 2205/1946/2425
f 2172/1942/2426 2173/1947/2426 2130/1943/2426
f 2133/1948/2426 2130/1943/2426 2173/1947/2426
f 2124/1933/2427 2127/1941/2427 2126/1935/2427
f 2128/1949/2427 2126/1935/2427 2127/1941/2427
f 2127/1941/2428 2129/1950/2428 2128/1949/2428
f 2127/1941/2429 2130/1943/2429 2129/1950/2429
f 2131/1951/2429 2129/1950/2429 2130/1943/2429
f 2130/1943/2430 2132/1952/2430 2131/1951/2430
f 2130/1943/2431 2133/1948/2431 2132/1952/2431
f 2134/1953/2431 2132/1952/2431 2133/1948/2431
f 2152/1954/2432 2070/1955/2432 2151/1956/2432
f 2070/1955/2433 2152/1954/2433 2073/1957/2433
f 2153/1958/2434 2073/1957/2434 2152/1954/2434
f 2153/1958/2435 2076/1959/2435 2073/1957/2435
f 2154/1960/2435 2076/1959/2435 2153/1958/2435
f 2154/1960/2436 2155/1961/2436 2076/1959/2436
f 2155/1961/2437 2154/1960/2437 2187/1962/2437
f 2187/1962/2438 2188/1963/2438 2155/1961/2438
f 2156/1964/2438 2155/1961/2438 2188/1963/2438
f 2188/1963/2439 2157/1965/2439 2156/1964/2439
f 2079/1966/2436 2076/1959/2436 2155/1961/2436
f 2155/1961/2440 2082/1967/2440 2079/1966/2440
f 2082/1967/2440 2155/1961/2440 2156/1964/2440
f 2156/1964/2441 2085/1968/2441 2082/1967/2441
f 2077/1969/2442 2075/1970/2442 2076/1959/2442
f 2076/1959/2443 2078/1971/2443 2077/1969/2443
f 2076/1959/2444 2079/1966/2444 2078/1971/2444
f 2080/1972/2444 2078/1971/2444 2079/1966/2444
f 2079/1966/2445 2081/1973/2445 2080/1972/2445
f 2079/1966/2446 2082/1967/2446 2081/1973/2446
f 2083/1974/2446 2081/1973/2446 2082/1967/2446
f 2082/1967/2447 2084/1975/2447 2083/1974/2447
f 2082/1967/2448 2085/1968/2448 2084/1975/2448
f 2086/1976/2448 2084/1975/2448 2085/1968/2448
f 2085/1968/2449 2087/1977/2449 2086/1976/2449
f 2087/1977/2450 2085/1968/2450 2088/1978/2450
f 2089/1979/2450 2088/1978/2450 2085/1968/2450
f 2089/1979/2451 2090/1980/2451 2088/1978/2451
f 2090/1980/2452 2089/1979/2452 2091/1981/2452
f 2092/1982/2452 2091/1981/2452 2089/1979/2452
f 2092/1982/2453 2093/1983/2453 2091/1981/2453
f 2093/1983/2454 2092/1982/2454 2094/1984/2454
f 2095/1985/2454 2094/1984/2454 2092/1982/2454
f 2095/1985/2455 2096/1986/2455 2094/1984/2455
f 2085/1968/2441 2156/1964/2441 2157/1965/2441
f 2157/1965/2456 2089/1979/2456 2085/1968/2456
f 2089/1979/2456 2157/1965/2456 2158/1987/2456
f 2089/1979/2457 2158/1987/2457 2092/1982/2457
f 2092/1982/2457 2158/1987/2457 2159/1988/2457
f 2092/1982/2458 2159/1988/2458 2095/1985/2458
f 2160/1989/2458 2095/1985/2458 2159/1988/2458
f 2160/1989/2459 2161/1909/2459 2095/1985/2459
f 2160/1989/2460 2192/1990/2460 2161/1909/2460
f 2193/1907/2460 2161/1909/2460 2192/1990/2460
f 2157/1965/2439 2188/1963/2439 2189/1991/2439
f 2189/1991/2461 2158/1987/2461 2157/1965/2461
f 2158/1987/2461 2189/1991/2461 2190/1992/2461
f 2158/1987/2462 2190/1992/2462 2159/1988/2462
f 2191/1993/2462 2159/1988/2462 2190/1992/2462
f 2159/1988/2463 2191/1993/2463 2160/1989/2463
f 2192/1990/2463 2160/1989/2463 2191/1993/2463
f 2133/1994/2464 2135/1995/2464 2134/1996/2464
f 2136/1997/2465 2135/1995/2465 2133/1994/2465
f 2133/1994/2465 2137/1998/2465 2136/1997/2465
f 2137/1998/2466 2138/1999/2466 2136/1997/2466
f 2139/2000/2467 2138/1999/2467 2137/1998/2467
f 2137/1998/2467 2140/2001/2467 2139/2000/2467
f 2140/2001/2468 2141/2002/2468 2139/2000/2468
f 2142/2003/2469 2141/2002/2469 2140/2001/2469
f 2140/2001/2469 2143/2004/2469 2142/2003/2469
f 2143/2004/2470 2144/2005/2470 2142/2003/2470
f 2050/2006/2471 2144/2005/2471 2143/2004/2471
f 2143/2004/2471 2051/2007/2471 2050/2006/2471
f 2051/2007/2472 2143/2004/2472 2146/2008/2472
f 2146/2008/2473 2145/2009/2473 2051/2007/2473
f 2145/2009/2474 2146/2008/2474 2177/2010/2474
f 2177/2010/2475 2179/2011/2475 2145/2009/2475
f 2051/2007/2476 2049/2012/2476 2050/2006/2476
f 2051/2007/2477 2052/2013/2477 2049/2012/2477
f 2052/2013/2473 2051/2007/2473 2145/2009/2473
f 2145/2009/2478 2147/2014/2478 2052/2013/2478
f 2147/2014/2475 2145/2009/2475 2179/2011/2475
f 2179/2011/2479 2180/2015/2479 2147/2014/2479
f 2148/2016/2479 2147/2014/2479 2180/2015/2479
f 2180/2015/2480 2181/2017/2480 2148/2016/2480
f 2149/2018/2480 2148/2016/2480 2181/2017/2480
f 2181/2017/2481 2182/2019/2481 2149/2018/2481
f 2055/2020/2478 2052/2013/2478 2147/2014/2478
f 2147/2014/2482 2148/2016/2482 2055/2020/2482
f 2058/2021/2482 2055/2020/2482 2148/2016/2482
f 2148/2016/2483 2149/2018/2483 2058/2021/2483
f 2061/2022/2483 2058/2021/2483 2149/2018/2483
f 2149/2018/2484 2150/2023/2484 2061/2022/2484
f 2064/2024/2484 2061/2022/2484 2150/2023/2484
f 2064/2024/2485 2150/2023/2485 2067/2025/2485
f 2069/2026/2486 2067/2025/2486 2071/2027/2486
f 2067/2025/2487 2069/2026/2487 2068/2028/2487
f 2064/2024/2488 2067/2025/2488 2068/2028/2488
f 2066/2029/2488 2064/2024/2488 2068/2028/2488
f 2064/2024/2489 2066/2029/2489 2065/2030/2489
f 2061/2022/2490 2064/2024/2490 2065/2030/2490
f 2063/2031/2490 2061/2022/2490 2065/2030/2490
f 2061/2022/2491 2063/2031/2491 2062/2032/2491
f 2062/2032/2492 2060/2033/2492 2061/2022/2492
f 2058/2021/2492 2061/2022/2492 2060/2033/2492
f 2058/2021/2493 2060/2033/2493 2059/2034/2493
f 2059/2034/2494 2057/2035/2494 2058/2021/2494
f 2055/2020/2494 2058/2021/2494 2057/2035/2494
f 2055/2020/2495 2057/2035/2495 2056/2036/2495
f 2056/2036/2496 2054/2037/2496 2055/2020/2496
f 2052/2013/2496 2055/2020/2496 2054/2037/2496
f 2052/2013/2497 2054/2037/2497 2053/2038/2497
f 2053/2038/2477 2049/2012/2477 2052/2013/2477
f 2207/2039/2498 2208/2040/2498 2176/2041/2498
f 2207/2039/2498 2176/2041/2498 2175/2042/2498
f 2206/2043/2499 2207/2039/2499 2175/2042/2499
f 2206/2043/2499 2175/2042/2499 2174/2044/2499
f 2205/2045/2500 2206/2043/2500 2173/2046/2500
f 2174/2044/2500 2173/2046/2500 2206/2043/2500
f 2173/2046/2501 2174/2044/2501 2133/1994/2501
f 2137/1998/2501 2133/1994/2501 2174/2044/2501
f 2174/2044/2502 2175/2042/2502 2137/1998/2502
f 2140/2001/2502 2137/1998/2502 2175/2042/2502
f 2175/2042/2503 2176/2041/2503 2140/2001/2503
f 2143/2004/2503 2140/2001/2503 2176/2041/2503
f 2176/2041/2472 2146/2008/2472 2143/2004/2472
f 2208/2040/2504 2146/2008/2504 2176/2041/2504
f 2208/2040/2504 2178/2047/2504 2146/2008/2504
f 2178/2047/2474 2177/2010/2474 2146/2008/2474
f 1841/2048/2505 1842/2049/2505 1873/2050/2505
f 1873/2050/2506 1840/2051/2506 1841/2048/2506
f 1873/2050/2506 1872/2052/2506 1840/2051/2506
f 1872/2052/2507 1871/2053/2507 1840/2051/2507
f 1904/2054/2508 1871/2053/2508 1872/2052/2508
f 1871/2053/2508 1904/2054/2508 1903/2055/2508
f 1871/2053/2509 1903/2055/2509 1870/2056/2509
f 1870/2056/2509 1903/2055/2509 1902/2057/2509
f 1902/2057/2510 1901/2058/2510 1870/2056/2510
f 1872/2052/2511 1873/2050/2511 1904/2054/2511
f 1809/2059/2512 1808/2060/2512 1728/2061/2512
f 1808/2060/2513 1809/2059/2513 1840/2051/2513
f 1840/2051/2514 1839/2062/2514 1808/2060/2514
f 1839/2062/2507 1840/2051/2507 1871/2053/2507
f 1871/2053/2515 1838/2063/2515 1839/2062/2515
f 1838/2063/2515 1871/2053/2515 1870/2056/2515
f 1870/2056/2516 1869/2064/2516 1838/2063/2516
f 1869/2064/2510 1870/2056/2510 1901/2058/2510
f 1869/2064/2517 1901/2058/2517 1868/2065/2517
f 1900/2066/2517 1868/2065/2517 1901/2058/2517
f 1807/2067/2514 1808/2060/2514 1839/2062/2514
f 1806/2068/2518 1839/2062/2518 1838/2063/2518
f 1839/2062/2518 1806/2068/2518 1807/2067/2518
f 1720/2069/2519 1807/2067/2519 1806/2068/2519
f 1722/2070/2519 1807/2067/2519 1720/2069/2519
f 1807/2067/2520 1722/2070/2520 1724/2071/2520
f 1724/2071/2521 1726/2072/2521 1807/2067/2521
f 1808/2060/2521 1807/2067/2521 1726/2072/2521
f 1808/2060/2522 1726/2072/2522 1728/2061/2522
f 1806/2068/2523 1838/2063/2523 1805/2073/2523
f 1806/2068/2524 1805/2073/2524 1718/2074/2524
f 1806/2068/2525 1718/2074/2525 1720/2069/2525
f 1720/2069/2526 1718/2074/2526 1719/2075/2526
f 1719/2075/2527 1721/2076/2527 1720/2069/2527
f 1722/2070/2527 1720/2069/2527 1721/2076/2527
f 1721/2076/2528 1723/2077/2528 1722/2070/2528
f 1724/2071/2528 1722/2070/2528 1723/2077/2528
f 1723/2077/2529 1725/2078/2529 1724/2071/2529
f 1726/2072/2529 1724/2071/2529 1725/2078/2529
f 1725/2078/2530 1727/2079/2530 1726/2072/2530
f 1728/2061/2530 1726/2072/2530 1727/2079/2530
f 1727/2079/2531 1729/2080/2531 1728/2061/2531
f 1716/2081/2524 1718/2074/2524 1805/2073/2524
f 1805/2073/2532 1714/2082/2532 1716/2081/2532
f 1714/2082/2533 1805/2073/2533 1712/2083/2533
f 1712/2083/2533 1805/2073/2533 1804/2084/2533
f 1804/2084/2534 1710/2085/2534 1712/2083/2534
f 1804/2084/2535 1803/2086/2535 1710/2085/2535
f 1708/2087/2535 1710/2085/2535 1803/2086/2535
f 1804/2084/2536 1836/2088/2536 1803/2086/2536
f 1836/2088/2537 1804/2084/2537 1837/2089/2537
f 1805/2073/2537 1837/2089/2537 1804/2084/2537
f 1707/2090/2538 1709/2091/2538 1710/2085/2538
f 1710/2085/2539 1709/2091/2539 1712/2083/2539
f 1709/2091/2539 1711/2092/2539 1712/2083/2539
f 1712/2083/2540 1711/2092/2540 1714/2082/2540
f 1711/2092/2540 1713/2093/2540 1714/2082/2540
f 1713/2093/2541 1715/2094/2541 1714/2082/2541
f 1716/2081/2541 1714/2082/2541 1715/2094/2541
f 1715/2094/2542 1717/2095/2542 1716/2081/2542
f 1718/2074/2542 1716/2081/2542 1717/2095/2542
f 1717/2095/2526 1719/2075/2526 1718/2074/2526
f 1700/2096/2543 1699/2097/2543 1697/2098/2543
f 1699/2097/2544 1700/2096/2544 1702/2099/2544
f 1702/2099/2545 1802/2100/2545 1699/2097/2545
f 1802/2100/2546 1702/2099/2546 1704/2101/2546
f 1802/2100/2547 1704/2101/2547 1803/2086/2547
f 1706/2102/2547 1803/2086/2547 1704/2101/2547
f 1803/2086/2548 1706/2102/2548 1708/2087/2548
f 1706/2102/2549 1705/2103/2549 1708/2087/2549
f 1705/2103/2549 1707/2090/2549 1708/2087/2549
f 1708/2087/2538 1707/2090/2538 1710/2085/2538
f 1703/2104/2550 1705/2103/2550 1706/2102/2550
f 1704/2101/2550 1703/2104/2550 1706/2102/2550
f 1701/2105/2551 1703/2104/2551 1704/2101/2551
f 1702/2099/2551 1701/2105/2551 1704/2101/2551
f 1700/2096/2544 1701/2105/2544 1702/2099/2544
f 1801/2106/2545 1699/2097/2545 1802/2100/2545
f 1801/2106/2552 1802/2100/2552 1834/2107/2552
f 1802/2100/2553 1803/2086/2553 1834/2107/2553
f 1835/2108/2553 1834/2107/2553 1803/2086/2553
f 1835/2108/2536 1803/2086/2536 1836/2088/2536
f 1836/2088/2554 1868/2065/2554 1835/2108/2554
f 1868/2065/2555 1836/2088/2555 1869/2064/2555
f 1837/2089/2555 1869/2064/2555 1836/2088/2555
f 1837/2089/2516 1838/2063/2516 1869/2064/2516
f 1837/2089/2523 1805/2073/2523 1838/2063/2523
f 1834/2107/2556 1835/2108/2556 1866/2109/2556
f 1834/2107/2557 1866/2109/2557 1833/2110/2557
f 1833/2110/2552 1801/2106/2552 1834/2107/2552
f 1833/2110/2558 1832/2111/2558 1801/2106/2558
f 1800/2112/2558 1801/2106/2558 1832/2111/2558
f 1832/2111/2559 1831/2113/2559 1800/2112/2559
f 1799/2114/2559 1800/2112/2559 1831/2113/2559
f 1865/2115/2557 1833/2110/2557 1866/2109/2557
f 1832/2111/2560 1833/2110/2560 1865/2115/2560
f 1864/2116/2560 1832/2111/2560 1865/2115/2560
f 1831/2113/2561 1832/2111/2561 1864/2116/2561
f 1863/2117/2562 1831/2113/2562 1864/2116/2562
f 1864/2116/2563 1865/2115/2563 1896/2118/2563
f 1896/2118/2564 1895/2119/2564 1864/2116/2564
f 1863/2117/2564 1864/2116/2564 1895/2119/2564
f 1799/2114/2565 1690/2120/2565 1692/2121/2565
f 1692/2121/2566 1694/2122/2566 1799/2114/2566
f 1800/2112/2566 1799/2114/2566 1694/2122/2566
f 1800/2112/2567 1694/2122/2567 1696/2123/2567
f 1800/2112/2568 1696/2123/2568 1801/2106/2568
f 1696/2123/2568 1698/2124/2568 1801/2106/2568
f 1689/2125/2569 1691/2126/2569 1690/2120/2569
f 1692/2121/2569 1690/2120/2569 1691/2126/2569
f 1691/2126/2570 1693/2127/2570 1692/2121/2570
f 1694/2122/2570 1692/2121/2570 1693/2127/2570
f 1693/2127/2571 1695/2128/2571 1694/2122/2571
f 1696/2123/2571 1694/2122/2571 1695/2128/2571
f 1695/2128/2572 1697/2098/2572 1696/2123/2572
f 1698/2124/2572 1696/2123/2572 1697/2098/2572
f 1698/2124/2543 1697/2098/2543 1699/2097/2543
f 1801/2106/2573 1698/2124/2573 1699/2097/2573
f 1680/2129/2574 1679/2130/2574 1678/2131/2574
f 1679/2130/2575 1680/2129/2575 1681/2132/2575
f 1681/2132/2576 1797/2133/2576 1679/2130/2576
f 1797/2133/2577 1681/2132/2577 1684/2134/2577
f 1798/2135/2578 1797/2133/2578 1684/2134/2578
f 1798/2135/2578 1684/2134/2578 1686/2136/2578
f 1798/2135/2579 1686/2136/2579 1688/2137/2579
f 1688/2137/2580 1686/2136/2580 1687/2138/2580
f 1687/2138/2581 1689/2125/2581 1688/2137/2581
f 1690/2120/2581 1688/2137/2581 1689/2125/2581
f 1682/2139/2575 1681/2132/2575 1680/2129/2575
f 1682/2139/2582 1683/2140/2582 1681/2132/2582
f 1684/2134/2582 1681/2132/2582 1683/2140/2582
f 1683/2140/2583 1685/2141/2583 1684/2134/2583
f 1686/2136/2583 1684/2134/2583 1685/2141/2583
f 1685/2141/2580 1687/2138/2580 1686/2136/2580
f 1688/2137/2584 1690/2120/2584 1798/2135/2584
f 1799/2114/2584 1798/2135/2584 1690/2120/2584
f 1798/2135/2585 1799/2114/2585 1830/2142/2585
f 1831/2113/2585 1830/2142/2585 1799/2114/2585
f 1830/2142/2586 1831/2113/2586 1862/2143/2586
f 1863/2117/2586 1862/2143/2586 1831/2113/2586
f 1862/2143/2587 1863/2117/2587 1894/2144/2587
f 1895/2119/2587 1894/2144/2587 1863/2117/2587
f 1894/2144/2588 1895/2119/2588 1926/2145/2588
f 1927/2146/2588 1926/2145/2588 1895/2119/2588
f 1830/2142/2589 1797/2133/2589 1798/2135/2589
f 1830/2142/2589 1829/2147/2589 1797/2133/2589
f 1862/2143/2590 1829/2147/2590 1830/2142/2590
f 1959/2148/2591 1927/2146/2591 1960/2149/2591
f 1959/2148/2592 1958/2150/2592 1927/2146/2592
f 1926/2145/2592 1927/2146/2592 1958/2150/2592
f 1958/2150/2593 1925/2151/2593 1926/2145/2593
f 1926/2145/2594 1925/2151/2594 1894/2144/2594
f 1893/2152/2594 1894/2144/2594 1925/2151/2594
f 1894/2144/2595 1893/2152/2595 1862/2143/2595
f 1861/2153/2595 1862/2143/2595 1893/2152/2595
f 1862/2143/2590 1861/2153/2590 1829/2147/2590
f 1861/2153/2596 1828/2154/2596 1829/2147/2596
f 1827/2155/2597 1825/2156/2597 1795/2157/2597
f 1795/2157/2598 1796/2158/2598 1827/2155/2598
f 1828/2154/2598 1827/2155/2598 1796/2158/2598
f 1860/2159/2599 1827/2155/2599 1828/2154/2599
f 1861/2153/2596 1860/2159/2596 1828/2154/2596
f 1860/2159/2600 1861/2153/2600 1892/2160/2600
f 1893/2152/2600 1892/2160/2600 1861/2153/2600
f 1893/2152/2601 1925/2151/2601 1892/2160/2601
f 1924/2161/2601 1892/2160/2601 1925/2151/2601
f 1892/2160/2602 1924/2161/2602 1891/2162/2602
f 1859/2163/2603 1892/2160/2603 1891/2162/2603
f 1860/2159/2603 1892/2160/2603 1859/2163/2603
f 1827/2155/2599 1860/2159/2599 1859/2163/2599
f 1827/2155/2604 1859/2163/2604 1825/2156/2604
f 1925/2151/2593 1958/2150/2593 1957/2164/2593
f 1957/2164/2605 1956/2165/2605 1925/2151/2605
f 1924/2161/2605 1925/2151/2605 1956/2165/2605
f 1924/2161/2606 1956/2165/2606 1923/2166/2606
f 1923/2166/2602 1891/2162/2602 1924/2161/2602
f 1891/2162/2607 1923/2166/2607 1890/2167/2607
f 1891/2162/2608 1890/2167/2608 1859/2163/2608
f 1858/2168/2608 1859/2163/2608 1890/2167/2608
f 1858/2168/2604 1825/2156/2604 1859/2163/2604
f 1858/2168/2609 1857/2169/2609 1825/2156/2609
f 1987/2170/2610 1956/2165/2610 1957/2164/2610
f 1987/2170/2610 1986/2171/2610 1956/2165/2610
f 1986/2171/2611 1955/2172/2611 1956/2165/2611
f 1923/2166/2606 1956/2165/2606 1955/2172/2606
f 1955/2172/2612 1953/2173/2612 1923/2166/2612
f 1921/2174/2612 1923/2166/2612 1953/2173/2612
f 1921/2174/2613 1953/2173/2613 1922/2175/2613
f 1922/2175/2614 1889/2176/2614 1921/2174/2614
f 1922/2175/2615 1952/2177/2615 1889/2176/2615
f 1920/2178/2615 1889/2176/2615 1952/2177/2615
f 1953/2173/2616 1955/2172/2616 1985/2179/2616
f 1986/2171/2616 1985/2179/2616 1955/2172/2616
f 1985/2179/2617 1954/2180/2617 1953/2173/2617
f 1954/2180/2613 1922/2175/2613 1953/2173/2613
f 1954/2180/2618 1984/2181/2618 1922/2175/2618
f 1952/2177/2618 1922/2175/2618 1984/2181/2618
f 1952/2177/2619 1984/2181/2619 1951/2182/2619
f 1916/2183/2620 1949/2184/2620 1948/2185/2620
f 1981/2186/2621 1948/2185/2621 1949/2184/2621
f 1949/2184/2622 1950/2187/2622 1981/2186/2622
f 1982/2188/2622 1981/2186/2622 1950/2187/2622
f 1950/2187/2623 1951/2182/2623 1982/2188/2623
f 1983/2189/2623 1982/2188/2623 1951/2182/2623
f 1983/2189/2619 1951/2182/2619 1984/2181/2619
f 2000/2190/2624 1983/2189/2624 1984/2181/2624
f 2000/2190/2625 1984/2181/2625 1985/2179/2625
f 1954/2180/2625 1985/2179/2625 1984/2181/2625
f 1983/2189/2626 2000/2190/2626 1982/2188/2626
f 1999/2191/2626 1982/2188/2626 2000/2190/2626
f 1999/2191/2627 1981/2186/2627 1982/2188/2627
f 1999/2191/2628 1998/2192/2628 1981/2186/2628
f 1980/2193/2628 1981/2186/2628 1998/2192/2628
f 1980/2193/2621 1948/2185/2621 1981/2186/2621
f 1980/2193/2629 1979/2194/2629 1948/2185/2629
f 1947/2195/2629 1948/2185/2629 1979/2194/2629
f 1979/2194/2630 1946/2196/2630 1947/2195/2630
f 1946/2196/2630 1979/2194/2630 1978/2197/2630
f 1997/2198/2631 1996/2199/2631 1977/2200/2631
f 1997/2198/2632 1977/2200/2632 1978/2197/2632
f 1998/2192/2633 1997/2198/2633 1978/2197/2633
f 1978/2197/2633 1979/2194/2633 1998/2192/2633
f 1998/2192/2634 1979/2194/2634 1980/2193/2634
f 1978/2197/2635 1945/2201/2635 1946/2196/2635
f 1945/2201/2635 1978/2197/2635 1977/2200/2635
f 1977/2200/2636 1976/2202/2636 1945/2201/2636
f 1976/2202/2631 1977/2200/2631 1996/2199/2631
f 1996/2199/2637 1975/2203/2637 1976/2202/2637
f 1996/2199/2638 1995/2204/2638 1975/2203/2638
f 1974/2205/2638 1975/2203/2638 1995/2204/2638
f 1995/2204/2639 1973/2206/2639 1974/2205/2639
f 1995/2204/2640 1994/2207/2640 1973/2206/2640
f 1993/2208/2641 1969/2209/2641 1970/2210/2641
f 1970/2210/2642 1971/2211/2642 1993/2208/2642
f 1994/2207/2642 1993/2208/2642 1971/2211/2642
f 1994/2207/2643 1971/2211/2643 1972/2212/2643
f 1972/2212/2640 1973/2206/2640 1994/2207/2640
f 1973/2206/2644 1972/2212/2644 1941/2213/2644
f 1973/2206/2645 1941/2213/2645 1974/2205/2645
f 1942/2214/2645 1974/2205/2645 1941/2213/2645
f 1974/2205/2646 1942/2214/2646 1975/2203/2646
f 1943/2215/2646 1975/2203/2646 1942/2214/2646
f 1877/2216/2647 1909/2217/2647 1876/2218/2647
f 1908/2219/2647 1876/2218/2647 1909/2217/2647
f 1941/2213/2648 1908/2219/2648 1909/2217/2648
f 1908/2219/2648 1941/2213/2648 1940/2220/2648
f 1940/2220/2644 1941/2213/2644 1972/2212/2644
f 1940/2220/2649 1972/2212/2649 1939/2221/2649
f 1971/2211/2649 1939/2221/2649 1972/2212/2649
f 1971/2211/2650 1938/2222/2650 1939/2221/2650
f 1970/2210/2650 1938/2222/2650 1971/2211/2650
f 1970/2210/2651 1937/2223/2651 1938/2222/2651
f 1876/2218/2652 1908/2219/2652 1875/2224/2652
f 1906/2225/2653 1905/2226/2653 1874/2227/2653
f 1874/2227/2654 1875/2224/2654 1906/2225/2654
f 1907/2228/2654 1906/2225/2654 1875/2224/2654
f 1907/2228/2652 1875/2224/2652 1908/2219/2652
f 1940/2220/2655 1907/2228/2655 1908/2219/2655
f 1907/2228/2655 1940/2220/2655 1939/2221/2655
f 1939/2221/2656 1906/2225/2656 1907/2228/2656
f 1906/2225/2656 1939/2221/2656 1938/2222/2656
f 1938/2222/2657 1905/2226/2657 1906/2225/2657
f 1905/2226/2657 1938/2222/2657 1937/2223/2657
f 1937/2223/2658 1936/2229/2658 1905/2226/2658
f 1875/2224/2659 1843/2230/2659 1876/2218/2659
f 1842/2049/2660 1843/2230/2660 1875/2224/2660
f 1874/2227/2660 1842/2049/2660 1875/2224/2660
f 1874/2227/2505 1873/2050/2505 1842/2049/2505
f 1873/2050/2653 1874/2227/2653 1905/2226/2653
f 1905/2226/2661 1904/2054/2661 1873/2050/2661
f 1904/2054/2658 1905/2226/2658 1936/2229/2658
f 1936/2229/2662 1935/2231/2662 1904/2054/2662
f 1903/2055/2662 1904/2054/2662 1935/2231/2662
f 1935/2231/2663 1934/2232/2663 1903/2055/2663
f 1841/2048/2513 1840/2051/2513 1809/2059/2513
f 1842/2049/2664 1841/2048/2664 1809/2059/2664
f 1842/2049/2664 1809/2059/2664 1810/2233/2664
f 1810/2233/2665 1811/2234/2665 1842/2049/2665
f 1843/2230/2665 1842/2049/2665 1811/2234/2665
f 1811/2234/2666 1812/2235/2666 1843/2230/2666
f 1844/2236/2666 1843/2230/2666 1812/2235/2666
f 1844/2236/2667 1812/2235/2667 1845/2237/2667
f 1844/2236/2668 1845/2237/2668 1876/2218/2668
f 1844/2236/2659 1876/2218/2659 1843/2230/2659
f 1813/2238/2667 1845/2237/2667 1812/2235/2667
f 1813/2238/2669 1745/2239/2669 1748/2240/2669
f 1745/2239/2670 1813/2238/2670 1743/2241/2670
f 1812/2235/2670 1743/2241/2670 1813/2238/2670
f 1812/2235/2671 1741/2242/2671 1743/2241/2671
f 1812/2235/2672 1811/2234/2672 1741/2242/2672
f 1739/2243/2672 1741/2242/2672 1811/2234/2672
f 1811/2234/2673 1737/2244/2673 1739/2243/2673
f 1811/2234/2674 1735/2245/2674 1737/2244/2674
f 1810/2233/2674 1735/2245/2674 1811/2234/2674
f 1810/2233/2675 1733/2246/2675 1735/2245/2675
f 1810/2233/2676 1731/2247/2676 1733/2246/2676
f 1809/2059/2676 1731/2247/2676 1810/2233/2676
f 1809/2059/2677 1730/2248/2677 1731/2247/2677
f 1737/2244/2678 1736/2249/2678 1738/2250/2678
f 1737/2244/2678 1735/2245/2678 1736/2249/2678
f 1735/2245/2679 1734/2251/2679 1736/2249/2679
f 1735/2245/2679 1733/2246/2679 1734/2251/2679
f 1733/2246/2680 1732/2252/2680 1734/2251/2680
f 1733/2246/2680 1731/2247/2680 1732/2252/2680
f 1731/2247/2681 1729/2080/2681 1732/2252/2681
f 1731/2247/2681 1730/2248/2681 1729/2080/2681
f 1730/2248/2531 1728/2061/2531 1729/2080/2531
f 1809/2059/2512 1728/2061/2512 1730/2248/2512
f 1748/2240/2682 1745/2239/2682 1747/2253/2682
f 1746/2254/2682 1747/2253/2682 1745/2239/2682
f 1745/2239/2683 1744/2255/2683 1746/2254/2683
f 1745/2239/2683 1743/2241/2683 1744/2255/2683
f 1743/2241/2684 1742/2256/2684 1744/2255/2684
f 1743/2241/2684 1741/2242/2684 1742/2256/2684
f 1741/2242/2685 1740/2257/2685 1742/2256/2685
f 1741/2242/2685 1739/2243/2685 1740/2257/2685
f 1739/2243/2686 1738/2250/2686 1740/2257/2686
f 1739/2243/2686 1737/2244/2686 1738/2250/2686
f 1815/2258/2687 1847/2259/2687 1814/2260/2687
f 1815/2258/2688 1814/2260/2688 1754/2261/2688
f 1752/2262/2688 1754/2261/2688 1814/2260/2688
f 1814/2260/2689 1750/2263/2689 1752/2262/2689
f 1750/2263/2690 1814/2260/2690 1748/2240/2690
f 1813/2238/2690 1748/2240/2690 1814/2260/2690
f 1814/2260/2691 1846/2264/2691 1813/2238/2691
f 1845/2237/2691 1813/2238/2691 1846/2264/2691
f 1845/2237/2692 1846/2264/2692 1877/2216/2692
f 1877/2216/2668 1876/2218/2668 1845/2237/2668
f 1878/2265/2692 1877/2216/2692 1846/2264/2692
f 1756/2266/2693 1758/2267/2693 1815/2258/2693
f 1815/2258/2694 1754/2261/2694 1756/2266/2694
f 1756/2266/2695 1754/2261/2695 1755/2268/2695
f 1753/2269/2695 1755/2268/2695 1754/2261/2695
f 1754/2261/2696 1752/2262/2696 1753/2269/2696
f 1751/2270/2696 1753/2269/2696 1752/2262/2696
f 1752/2262/2697 1750/2263/2697 1751/2270/2697
f 1749/2271/2697 1751/2270/2697 1750/2263/2697
f 1750/2263/2698 1748/2240/2698 1749/2271/2698
f 1747/2253/2698 1749/2271/2698 1748/2240/2698
f 1755/2268/2699 1757/2272/2699 1756/2266/2699
f 1758/2267/2699 1756/2266/2699 1757/2272/2699
f 1757/2272/2700 1759/2273/2700 1758/2267/2700
f 1760/2274/2700 1758/2267/2700 1759/2273/2700
f 1759/2273/2701 1761/2275/2701 1760/2274/2701
f 1768/2276/2702 1767/2277/2702 1766/2278/2702
f 1766/2278/2702 1767/2277/2702 1765/2279/2702
f 1766/2278/2703 1765/2279/2703 1764/2280/2703
f 1764/2280/2703 1765/2279/2703 1763/2281/2703
f 1764/2280/2704 1763/2281/2704 1761/2275/2704
f 1761/2275/2704 1763/2281/2704 1762/2282/2704
f 1762/2282/2701 1760/2274/2701 1761/2275/2701
f 1760/2274/2705 1762/2282/2705 1816/2283/2705
f 1816/2283/2706 1758/2267/2706 1760/2274/2706
f 1816/2283/2693 1815/2258/2693 1758/2267/2693
f 1817/2284/2705 1816/2283/2705 1762/2282/2705
f 1817/2284/2707 1762/2282/2707 1763/2281/2707
f 1763/2281/2708 1765/2279/2708 1817/2284/2708
f 1818/2285/2708 1817/2284/2708 1765/2279/2708
f 1818/2285/2709 1765/2279/2709 1767/2277/2709
f 1767/2277/2710 1769/2286/2710 1818/2285/2710
f 1819/2287/2710 1818/2285/2710 1769/2286/2710
f 1819/2287/2711 1769/2286/2711 1771/2288/2711
f 1820/2289/2712 1819/2287/2712 1771/2288/2712
f 1820/2289/2712 1771/2288/2712 1773/2290/2712
f 1778/2291/2713 1777/2292/2713 1776/2293/2713
f 1776/2293/2713 1777/2292/2713 1775/2294/2713
f 1776/2293/2714 1775/2294/2714 1774/2295/2714
f 1774/2295/2714 1775/2294/2714 1773/2290/2714
f 1774/2295/2715 1773/2290/2715 1772/2296/2715
f 1772/2296/2715 1773/2290/2715 1771/2288/2715
f 1772/2296/2716 1771/2288/2716 1770/2297/2716
f 1770/2297/2716 1771/2288/2716 1769/2286/2716
f 1770/2297/2717 1769/2286/2717 1768/2276/2717
f 1768/2276/2717 1769/2286/2717 1767/2277/2717
f 1820/2289/2718 1773/2290/2718 1775/2294/2718
f 1775/2294/2719 1777/2292/2719 1820/2289/2719
f 1821/2298/2719 1820/2289/2719 1777/2292/2719
f 1821/2298/2720 1777/2292/2720 1780/2299/2720
f 1821/2298/2721 1780/2299/2721 1822/2300/2721
f 1780/2299/2721 1782/2301/2721 1822/2300/2721
f 1822/2300/2722 1782/2301/2722 1784/2302/2722
f 1784/2302/2723 1786/2303/2723 1822/2300/2723
f 1823/2304/2723 1822/2300/2723 1786/2303/2723
f 1823/2304/2724 1786/2303/2724 1788/2305/2724
f 1788/2305/2725 1786/2303/2725 1787/2306/2725
f 1785/2307/2725 1787/2306/2725 1786/2303/2725
f 1786/2303/2726 1784/2302/2726 1785/2307/2726
f 1783/2308/2726 1785/2307/2726 1784/2302/2726
f 1784/2302/2727 1782/2301/2727 1783/2308/2727
f 1781/2309/2727 1783/2308/2727 1782/2301/2727
f 1782/2301/2728 1780/2299/2728 1781/2309/2728
f 1779/2310/2728 1781/2309/2728 1780/2299/2728
f 1780/2299/2729 1777/2292/2729 1779/2310/2729
f 1778/2291/2729 1779/2310/2729 1777/2292/2729
f 1826/2311/2609 1825/2156/2609 1857/2169/2609
f 1857/2169/2730 1888/2312/2730 1826/2311/2730
f 1856/2313/2730 1826/2311/2730 1888/2312/2730
f 1856/2313/2731 1888/2312/2731 1855/2314/2731
f 1856/2313/2732 1855/2314/2732 1824/2315/2732
f 1823/2304/2732 1824/2315/2732 1855/2314/2732
f 1824/2315/2733 1823/2304/2733 1790/2316/2733
f 1788/2305/2733 1790/2316/2733 1823/2304/2733
f 1790/2316/2734 1788/2305/2734 1789/2317/2734
f 1787/2306/2734 1789/2317/2734 1788/2305/2734
f 1824/2315/2735 1790/2316/2735 1792/2318/2735
f 1792/2318/2736 1790/2316/2736 1791/2319/2736
f 1789/2317/2736 1791/2319/2736 1790/2316/2736
f 1791/2319/2737 1666/2320/2737 1792/2318/2737
f 1671/2321/2738 1672/2322/2738 1673/2323/2738
f 1672/2322/2739 1671/2321/2739 1670/2324/2739
f 1669/2325/2739 1670/2324/2739 1671/2321/2739
f 1670/2324/2740 1669/2325/2740 1667/2326/2740
f 1665/2327/2740 1667/2326/2740 1669/2325/2740
f 1667/2326/2741 1665/2327/2741 1666/2320/2741
f 1668/2328/2741 1666/2320/2741 1665/2327/2741
f 1668/2328/2737 1792/2318/2737 1666/2320/2737
f 1668/2328/2742 1793/2329/2742 1792/2318/2742
f 1824/2315/2742 1792/2318/2742 1793/2329/2742
f 1793/2329/2743 1668/2328/2743 1665/2327/2743
f 1665/2327/2744 1669/2325/2744 1793/2329/2744
f 1794/2330/2744 1793/2329/2744 1669/2325/2744
f 1794/2330/2745 1669/2325/2745 1671/2321/2745
f 1671/2321/2746 1673/2323/2746 1794/2330/2746
f 1824/2315/2747 1793/2329/2747 1856/2313/2747
f 1826/2311/2747 1856/2313/2747 1793/2329/2747
f 1826/2311/2748 1793/2329/2748 1825/2156/2748
f 1794/2330/2748 1825/2156/2748 1793/2329/2748
f 1794/2330/2597 1795/2157/2597 1825/2156/2597
f 1795/2157/2746 1794/2330/2746 1673/2323/2746
f 1795/2157/2749 1673/2323/2749 1675/2331/2749
f 1675/2331/2750 1796/2158/2750 1795/2157/2750
f 1677/2332/2750 1796/2158/2750 1675/2331/2750
f 1829/2147/2751 1828/2154/2751 1797/2133/2751
f 1796/2158/2751 1797/2133/2751 1828/2154/2751
f 1679/2130/2576 1797/2133/2576 1796/2158/2576
f 1796/2158/2752 1677/2332/2752 1679/2130/2752
f 1677/2332/2574 1678/2131/2574 1679/2130/2574
f 1678/2131/2753 1677/2332/2753 1676/2333/2753
f 1675/2331/2753 1676/2333/2753 1677/2332/2753
f 1676/2333/2754 1675/2331/2754 1674/2334/2754
f 1673/2323/2754 1674/2334/2754 1675/2331/2754
f 1674/2334/2738 1673/2323/2738 1672/2322/2738
f 2151/1956/2755 2182/2019/2755 2183/2335/2755
f 2183/2335/2756 2152/1954/2756 2151/1956/2756
f 2152/1954/2756 2183/2335/2756 2184/2336/2756
f 2152/1954/2757 2184/2336/2757 2153/1958/2757
f 2153/1958/2757 2184/2336/2757 2185/2337/2757
f 2185/2337/2758 2186/2338/2758 2153/1958/2758
f 2154/1960/2758 2153/1958/2758 2186/2338/2758
f 2186/2338/2437 2187/1962/2437 2154/1960/2437
f 2150/2023/2481 2149/2018/2481 2182/2019/2481
f 2182/2019/2755 2151/1956/2755 2150/2023/2755
f 2151/1956/2485 2067/2025/2485 2150/2023/2485
f 2067/2025/2432 2151/1956/2432 2070/1955/2432
f 2067/2025/2486 2070/1955/2486 2071/2027/2486
f 2070/1955/2759 2072/2339/2759 2071/2027/2759
f 2072/2339/2760 2070/1955/2760 2074/2340/2760
f 2070/1955/2760 2073/1957/2760 2074/2340/2760
f 2073/1957/2761 2075/1970/2761 2074/2340/2761
f 2073/1957/2442 2076/1959/2442 2075/1970/2442
f 2098/2341/2459 2095/1985/2459 2161/1909/2459
f 2098/2341/2762 2161/1909/2762 2100/2342/2762
f 2162/1910/2762 2100/2342/2762 2161/1909/2762
f 2100/2342/2763 2162/1910/2763 2103/2343/2763
f 2163/1912/2763 2103/2343/2763 2162/1910/2763
f 2163/1912/2764 2106/1918/2764 2103/2343/2764
f 2164/1913/2764 2106/1918/2764 2163/1912/2764
f 2164/1913/2401 2109/1914/2401 2106/1918/2401
f 2096/1986/2765 2095/1985/2765 2097/2344/2765
f 2098/2341/2765 2097/2344/2765 2095/1985/2765
f 2098/2341/2766 2099/2345/2766 2097/2344/2766
f 2098/2341/2767 2100/2342/2767 2099/2345/2767
f 2101/2346/2767 2099/2345/2767 2100/2342/2767
f 2100/2342/2768 2102/2347/2768 2101/2346/2768
f 2100/2342/2769 2103/2343/2769 2102/2347/2769
f 2104/2348/2769 2102/2347/2769 2103/2343/2769
f 2103/2343/2770 2105/1917/2770 2104/2348/2770
f 2103/2343/2403 2106/1918/2403 2105/1917/2403
f 1911/2349/2771 1910/2350/2771 1879/2351/2771
f 1879/2351/2772 1880/2352/2772 1911/2349/2772
f 1879/2351/2773 1847/2259/2773 1880/2352/2773
f 1848/2353/2773 1880/2352/2773 1847/2259/2773
f 1848/2353/2774 1849/2354/2774 1880/2352/2774
f 1881/2355/2774 1880/2352/2774 1849/2354/2774
f 1880/2352/2775 1881/2355/2775 1912/2356/2775
f 1912/2356/2772 1911/2349/2772 1880/2352/2772
f 1911/2349/2776 1912/2356/2776 1943/2215/2776
f 1944/2357/2776 1943/2215/2776 1912/2356/2776
f 1912/2356/2777 1913/2358/2777 1944/2357/2777
f 1913/2358/2775 1912/2356/2775 1881/2355/2775
f 1881/2355/2778 1914/2359/2778 1913/2358/2778
f 1915/2360/2779 1914/2359/2779 1883/2361/2779
f 1882/2362/2779 1883/2361/2779 1914/2359/2779
f 1914/2359/2778 1881/2355/2778 1882/2362/2778
f 1882/2362/2780 1881/2355/2780 1850/2363/2780
f 1849/2354/2780 1850/2363/2780 1881/2355/2780
f 1817/2284/2781 1850/2363/2781 1849/2354/2781
f 1849/2354/2782 1848/2353/2782 1817/2284/2782
f 1816/2283/2782 1817/2284/2782 1848/2353/2782
f 1848/2353/2783 1847/2259/2783 1816/2283/2783
f 1815/2258/2783 1816/2283/2783 1847/2259/2783
f 1883/2361/2784 1882/2362/2784 1850/2363/2784
f 1883/2361/2784 1850/2363/2784 1851/2364/2784
f 1851/2364/2785 1852/2365/2785 1883/2361/2785
f 1884/2366/2785 1883/2361/2785 1852/2365/2785
f 1852/2365/2786 1853/2367/2786 1884/2366/2786
f 1885/2368/2786 1884/2366/2786 1853/2367/2786
f 1853/2367/2787 1854/2369/2787 1885/2368/2787
f 1886/2370/2787 1885/2368/2787 1854/2369/2787
f 1886/2370/2788 1854/2369/2788 1887/2371/2788
f 1886/2370/2789 1887/2371/2789 1918/2372/2789
f 1919/2373/2789 1918/2372/2789 1887/2371/2789
f 1919/2373/2790 1887/2371/2790 1920/2178/2790
f 1917/2374/2791 1884/2366/2791 1885/2368/2791
f 1917/2374/2792 1885/2368/2792 1918/2372/2792
f 1918/2372/2792 1885/2368/2792 1886/2370/2792
f 1952/2177/2793 1951/2182/2793 1920/2178/2793
f 1919/2373/2793 1920/2178/2793 1951/2182/2793
f 1951/2182/2794 1950/2187/2794 1919/2373/2794
f 1918/2372/2794 1919/2373/2794 1950/2187/2794
f 1950/2187/2795 1949/2184/2795 1918/2372/2795
f 1917/2374/2795 1918/2372/2795 1949/2184/2795
f 1949/2184/2620 1916/2183/2620 1917/2374/2620
f 1884/2366/2791 1917/2374/2791 1916/2183/2791
f 1916/2183/2796 1915/2360/2796 1884/2366/2796
f 1883/2361/2796 1884/2366/2796 1915/2360/2796
f 1975/2203/2797 1943/2215/2797 1976/2202/2797
f 1944/2357/2797 1976/2202/2797 1943/2215/2797
f 1944/2357/2636 1945/2201/2636 1976/2202/2636
f 1945/2201/2777 1944/2357/2777 1913/2358/2777
f 1913/2358/2798 1946/2196/2798 1945/2201/2798
f 1914/2359/2798 1946/2196/2798 1913/2358/2798
f 1914/2359/2799 1947/2195/2799 1946/2196/2799
f 1915/2360/2799 1947/2195/2799 1914/2359/2799
f 1915/2360/2800 1948/2185/2800 1947/2195/2800
f 1948/2185/2800 1915/2360/2800 1916/2183/2800
f 2166/1905/2417 2167/1936/2417 2113/1915/2417
f 2167/1936/2801 2166/1905/2801 2198/1906/2801
f 2199/2375/2801 2167/1936/2801 2198/1906/2801
f 2168/1937/2802 2167/1936/2802 2199/2375/2802
f 2200/2376/2802 2168/1937/2802 2199/2375/2802
f 2169/1938/2803 2168/1937/2803 2200/2376/2803
f 2201/2377/2803 2169/1938/2803 2200/2376/2803
f 2201/2377/2804 2202/2378/2804 2169/1938/2804
f 2170/1939/2805 2169/1938/2805 2202/2378/2805
f 2202/2378/2423 2203/1944/2423 2170/1939/2423
f 2034/2379/2806 2040/2380/2806 2048/2381/2806
f 2029/2382/2807 2032/2383/2807 2047/2384/2807
f 2048/2381/2807 2047/2384/2807 2032/2383/2807
f 2032/2383/2808 2004/2385/2808 2048/2381/2808
f 2034/2379/2808 2048/2381/2808 2004/2385/2808
f 2034/2379/2809 2004/2385/2809 2033/2386/2809
f 2034/2379/2806 2033/2386/2806 2040/2380/2806
f 2039/2387/2806 2040/2380/2806 2033/2386/2806
f 2040/2380/2810 2039/2387/2810 2016/2388/2810
f 2014/2389/2810 2016/2388/2810 2039/2387/2810
f 2016/2388/2811 2014/2389/2811 2015/2390/2811
f 2039/2387/2806 2033/2386/2806 2038/2391/2806
f 2012/2392/2812 2014/2389/2812 2039/2387/2812
f 2038/2391/2812 2012/2392/2812 2039/2387/2812
f 2010/2393/2813 2012/2392/2813 2038/2391/2813
f 2033/2386/2814 2001/2394/2814 2035/2395/2814
f 2001/2394/2809 2033/2386/2809 2004/2385/2809
f 2004/2385/2815 2002/2396/2815 2001/2394/2815
f 2004/2385/2816 2032/2383/2816 2002/2396/2816
f 2031/2397/2816 2002/2396/2816 2032/2383/2816
f 2032/2383/2817 2029/2382/2817 2031/2397/2817
f 2030/2398/2817 2031/2397/2817 2029/2382/2817
f 2029/2382/2818 2028/2399/2818 2030/2398/2818
f 2029/2382/2818 2027/2400/2818 2028/2399/2818
f 2027/2400/2819 2025/2401/2819 2028/2399/2819
f 2036/2402/2806 2037/2403/2806 2035/2395/2806
f 2003/2404/2815 2001/2394/2815 2002/2396/2815
f 2001/2394/2820 2003/2404/2820 2005/2405/2820
f 2005/2405/2814 2035/2395/2814 2001/2394/2814
f 2005/2405/2821 2008/2406/2821 2035/2395/2821
f 2036/2402/2821 2035/2395/2821 2008/2406/2821
f 2008/2406/2822 2010/2393/2822 2036/2402/2822
f 2037/2403/2822 2036/2402/2822 2010/2393/2822
f 2037/2403/2813 2010/2393/2813 2038/2391/2813
f 2038/2391/2806 2035/2395/2806 2037/2403/2806
f 2035/2395/2806 2038/2391/2806 2033/2386/2806
f 2013/2407/2811 2015/2390/2811 2014/2389/2811
f 2011/2408/2823 2013/2407/2823 2014/2389/2823
f 2012/2392/2823 2011/2408/2823 2014/2389/2823
f 2009/2409/2824 2011/2408/2824 2012/2392/2824
f 2010/2393/2824 2009/2409/2824 2012/2392/2824
f 2010/2393/2825 2008/2406/2825 2009/2409/2825
f 2007/2410/2825 2009/2409/2825 2008/2406/2825
f 2008/2406/2826 2005/2405/2826 2007/2410/2826
f 2006/2411/2826 2007/2410/2826 2005/2405/2826
f 2006/2411/2820 2005/2405/2820 2003/2404/2820
f 1895/2119/2827 1896/2118/2827 1927/2146/2827
f 1928/2412/2827 1927/2146/2827 1896/2118/2827
f 1896/2118/2828 1897/2413/2828 1928/2412/2828
f 1897/2413/2563 1896/2118/2563 1865/2115/2563
f 1897/2413/2829 1865/2115/2829 1898/2414/2829
f 1866/2109/2829 1898/2414/2829 1865/2115/2829
f 1866/2109/2830 1867/2415/2830 1898/2414/2830
f 1867/2415/2556 1866/2109/2556 1835/2108/2556
f 1867/2415/2554 1835/2108/2554 1868/2065/2554
f 1868/2065/2831 1900/2066/2831 1867/2415/2831
f 1899/2416/2831 1867/2415/2831 1900/2066/2831
f 1899/2416/2830 1898/2414/2830 1867/2415/2830
f 1931/2417/2832 1898/2414/2832 1899/2416/2832
f 1930/2418/2832 1898/2414/2832 1931/2417/2832
f 1930/2418/2833 1897/2413/2833 1898/2414/2833
f 1929/2419/2833 1897/2413/2833 1930/2418/2833
f 1929/2419/2828 1928/2412/2828 1897/2413/2828
f 1928/2412/2834 1929/2419/2834 1960/2149/2834
f 1960/2149/2591 1927/2146/2591 1928/2412/2591
f 1930/2418/2835 1931/2417/2835 1962/2420/2835
f 1930/2418/2836 1962/2420/2836 1929/2419/2836
f 1961/2421/2836 1929/2419/2836 1962/2420/2836
f 1961/2421/2834 1960/2149/2834 1929/2419/2834
f 1960/2149/2837 1961/2421/2837 1989/2422/2837
f 1988/2423/2837 1960/2149/2837 1989/2422/2837
f 1988/2423/2838 1959/2148/2838 1960/2149/2838
f 1988/2423/2839 1987/2170/2839 1959/2148/2839
f 1958/2150/2839 1959/2148/2839 1987/2170/2839
f 1987/2170/2840 1957/2164/2840 1958/2150/2840
f 1964/2424/2841 1932/2425/2841 1965/2426/2841
f 1932/2425/2842 1964/2424/2842 1931/2417/2842
f 1963/2427/2842 1931/2417/2842 1964/2424/2842
f 1963/2427/2835 1962/2420/2835 1931/2417/2835
f 1962/2420/2843 1963/2427/2843 1989/2422/2843
f 1989/2422/2844 1961/2421/2844 1962/2420/2844
f 1990/2428/2843 1989/2422/2843 1963/2427/2843
f 1990/2428/2845 1963/2427/2845 1964/2424/2845
f 1964/2424/2846 1965/2426/2846 1990/2428/2846
f 1991/2429/2846 1990/2428/2846 1965/2426/2846
f 1991/2429/2847 1965/2426/2847 1966/2430/2847
f 1992/2431/2848 1991/2429/2848 1966/2430/2848
f 1992/2431/2848 1966/2430/2848 1967/2432/2848
f 1992/2431/2849 1967/2432/2849 1968/2433/2849
f 1993/2208/2850 1992/2431/2850 1968/2433/2850
f 1968/2433/2850 1969/2209/2850 1993/2208/2850
f 1969/2209/2651 1937/2223/2651 1970/2210/2651
f 1969/2209/2851 1936/2229/2851 1937/2223/2851
f 1936/2229/2851 1969/2209/2851 1968/2433/2851
f 1968/2433/2852 1935/2231/2852 1936/2229/2852
f 1935/2231/2852 1968/2433/2852 1967/2432/2852
f 1935/2231/2853 1967/2432/2853 1934/2232/2853
f 1934/2232/2853 1967/2432/2853 1966/2430/2853
f 1934/2232/2854 1966/2430/2854 1933/2434/2854
f 1965/2426/2854 1933/2434/2854 1966/2430/2854
f 1933/2434/2841 1965/2426/2841 1932/2425/2841
f 1902/2057/2663 1903/2055/2663 1934/2232/2663
f 1934/2232/2855 1933/2434/2855 1902/2057/2855
f 1901/2058/2855 1902/2057/2855 1933/2434/2855
f 1933/2434/2856 1900/2066/2856 1901/2058/2856
f 1932/2425/2856 1900/2066/2856 1933/2434/2856
f 1932/2425/2857 1899/2416/2857 1900/2066/2857
f 1931/2417/2857 1899/2416/2857 1932/2425/2857
f 1647/2435/2858 1645/2436/2858 1295/2437/2858
f 1294/2438/2859 1295/2437/2859 1645/2436/2859
f 1293/2439/2860 1294/2438/2860 1645/2436/2860
f 1647/2435/2861 1648/2440/2861 1645/2436/2861
f 1646/2441/2861 1645/2436/2861 1648/2440/2861
f 1646/2441/2862 1293/2439/2862 1645/2436/2862
f 1646/2441/2863 1296/2442/2863 1293/2439/2863
f 1648/2440/2864 1296/2442/2864 1646/2441/2864
f 1296/2442/2865 1226/2443/2865 1261/2444/2865
f 1261/2444/2866 1263/2445/2866 1296/2442/2866
f 1293/2439/2867 1296/2442/2867 1263/2445/2867
f 1263/2445/2868 1227/2446/2868 1293/2439/2868
f 1294/2438/2869 1293/2439/2869 1227/2446/2869
f 1227/2446/2870 1226/2443/2870 1294/2438/2870
f 1295/2437/2871 1294/2438/2871 1226/2443/2871
f 1226/2443/2872 1296/2442/2872 1295/2437/2872
f 1295/2437/2873 1296/2442/2873 1647/2435/2873
f 1648/2440/2874 1647/2435/2874 1296/2442/2874
f 1265/2447/2875 1263/2445/2875 1261/2444/2875
f 1307/2448/2876 1266/2449/2876 1265/2447/2876
f 1266/2449/2875 1263/2445/2875 1265/2447/2875
f 1263/2445/2877 1266/2449/2877 1262/2450/2877
f 1262/2450/2878 1227/2446/2878 1263/2445/2878
f 1262/2450/2879 1176/2451/2879 1227/2446/2879
f 1227/2446/2880 1176/2451/2880 1175/2452/2880
f 1175/2452/2881 1226/2443/2881 1227/2446/2881
f 1225/2453/2882 1226/2443/2882 1175/2452/2882
f 1225/2453/2883 1065/2454/2883 1226/2443/2883
f 1223/2455/2884 1065/2454/2884 1225/2453/2884
f 1223/2455/2885 1225/2453/2885 1171/2456/2885
f 1171/2456/2886 1225/2453/2886 1175/2452/2886
f 1171/2456/2887 1175/2452/2887 1169/2457/2887
f 1176/2451/2888 1169/2457/2888 1175/2452/2888
f 1171/2456/2889 1169/2457/2889 1170/2458/2889
f 1170/2458/2890 1222/2459/2890 1171/2456/2890
f 1223/2455/2891 1171/2456/2891 1222/2459/2891
f 1223/2455/2892 1222/2459/2892 1054/2460/2892
f 1218/2461/2893 1169/2457/2893 1176/2451/2893
f 1169/2457/2894 1218/2461/2894 1172/2462/2894
f 1172/2462/2895 1170/2458/2895 1169/2457/2895
f 1170/2458/2896 1172/2462/2896 1173/2463/2896
f 1173/2463/2897 1211/2464/2897 1170/2458/2897
f 1170/2458/2897 1211/2464/2897 1222/2459/2897
f 1211/2464/2898 1052/2465/2898 1222/2459/2898
f 1054/2460/2898 1222/2459/2898 1052/2465/2898
f 1054/2460/2899 1052/2465/2899 1051/2466/2899
f 1054/2460/2899 1051/2466/2899 1057/2467/2899
f 1051/2466/2900 1053/2468/2900 1003/2469/2900
f 1053/2468/2901 1051/2466/2901 1050/2470/2901
f 1052/2465/2901 1050/2470/2901 1051/2466/2901
f 1050/2470/2902 1052/2465/2902 1210/2471/2902
f 1211/2464/2902 1210/2471/2902 1052/2465/2902
f 1210/2471/2903 1211/2464/2903 1212/2472/2903
f 1173/2463/2903 1212/2472/2903 1211/2464/2903
f 1212/2472/2904 1173/2463/2904 1174/2473/2904
f 1174/2473/2896 1173/2463/2896 1172/2462/2896
f 1172/2462/2905 1220/2474/2905 1174/2473/2905
f 1213/2475/2904 1212/2472/2904 1174/2473/2904
f 1213/2475/2906 1174/2473/2906 1167/2476/2906
f 1167/2476/2907 1165/2477/2907 1166/2478/2907
f 1165/2477/2908 1167/2476/2908 1174/2473/2908
f 1165/2477/2905 1174/2473/2905 1220/2474/2905
f 1219/2479/2909 1165/2477/2909 1220/2474/2909
f 1168/2480/2909 1165/2477/2909 1219/2479/2909
f 1219/2479/2910 1217/2481/2910 1168/2480/2910
f 1214/2482/2910 1168/2480/2910 1217/2481/2910
f 1217/2481/2911 897/2483/2911 1214/2482/2911
f 882/2484/2911 1214/2482/2911 897/2483/2911
f 882/2484/2912 884/2485/2912 1214/2482/2912
f 884/2485/2913 882/2484/2913 883/2486/2913
f 1168/2480/2907 1166/2478/2907 1165/2477/2907
f 1168/2480/2914 1215/2487/2914 1166/2478/2914
f 1215/2487/2914 1168/2480/2914 1214/2482/2914
f 1215/2487/2912 1214/2482/2912 884/2485/2912
f 1220/2474/2915 1172/2462/2915 1218/2461/2915
f 1220/2474/2916 1218/2461/2916 1219/2479/2916
f 1221/2488/2917 1219/2479/2917 1218/2461/2917
f 1217/2481/2918 1219/2479/2918 1221/2488/2918
f 1217/2481/2919 1221/2488/2919 1216/2489/2919
f 1217/2481/2920 1216/2489/2920 897/2483/2920
f 898/2490/2921 897/2483/2921 1216/2489/2921
f 898/2490/2922 896/2491/2922 897/2483/2922
f 898/2490/2923 902/2492/2923 896/2491/2923
f 902/2492/2924 901/2493/2924 896/2491/2924
f 1264/2494/2925 952/2495/2925 947/2496/2925
f 1264/2494/2926 947/2496/2926 1228/2497/2926
f 1228/2497/2927 947/2496/2927 902/2492/2927
f 1228/2497/2928 902/2492/2928 1224/2498/2928
f 898/2490/2929 1224/2498/2929 902/2492/2929
f 1224/2498/2930 898/2490/2930 1216/2489/2930
f 1224/2498/2931 1216/2489/2931 1177/2499/2931
f 1221/2488/2932 1177/2499/2932 1216/2489/2932
f 1221/2488/2933 1178/2500/2933 1177/2499/2933
f 1179/2501/2934 1177/2499/2934 1178/2500/2934
f 1224/2498/2935 1179/2501/2935 1228/2497/2935
f 1177/2499/2936 1179/2501/2936 1224/2498/2936
f 1221/2488/2937 1218/2461/2937 1178/2500/2937
f 1651/2502/2938 1652/2503/2938 1650/2504/2938
f 1651/2502/2939 1299/2505/2939 1652/2503/2939
f 1299/2505/2940 1300/2506/2940 1652/2503/2940
f 1300/2506/2941 1299/2505/2941 1228/2497/2941
f 1300/2506/2942 1228/2497/2942 1298/2507/2942
f 1298/2507/2943 1228/2497/2943 1179/2501/2943
f 1179/2501/2944 1297/2508/2944 1298/2507/2944
f 1297/2508/2945 1179/2501/2945 1205/2509/2945
f 1205/2509/2946 1264/2494/2946 1297/2508/2946
f 1207/2510/2947 1264/2494/2947 1205/2509/2947
f 1651/2502/2948 1650/2504/2948 1299/2505/2948
f 1264/2494/2949 1228/2497/2949 1299/2505/2949
f 1299/2505/2950 1297/2508/2950 1264/2494/2950
f 1297/2508/2951 1299/2505/2951 1650/2504/2951
f 1650/2504/2952 1649/2511/2952 1297/2508/2952
f 1649/2511/2938 1650/2504/2938 1652/2503/2938
f 1652/2503/2953 1300/2506/2953 1649/2511/2953
f 1298/2507/2954 1649/2511/2954 1300/2506/2954
f 1298/2507/2955 1297/2508/2955 1649/2511/2955
f 1178/2500/2956 1204/2512/2956 1179/2501/2956
f 1205/2509/2957 1179/2501/2957 1204/2512/2957
f 1204/2512/2958 1206/2513/2958 1205/2509/2958
f 1207/2510/2959 1205/2509/2959 1206/2513/2959
f 1206/2513/2960 1208/2514/2960 1207/2510/2960
f 1209/2515/2961 1207/2510/2961 1208/2514/2961
f 1208/2514/2962 1249/2516/2962 1209/2515/2962
f 1250/2517/2962 1209/2515/2962 1249/2516/2962
f 1250/2517/2963 1249/2516/2963 1259/2518/2963
f 1285/2519/2964 1250/2517/2964 1259/2518/2964
f 1267/2520/2965 1206/2513/2965 1304/2521/2965
f 1302/2522/2966 1304/2521/2966 1206/2513/2966
f 1304/2521/2967 1302/2522/2967 1656/2523/2967
f 1656/2523/2968 1655/2524/2968 1304/2521/2968
f 1303/2525/2969 1304/2521/2969 1655/2524/2969
f 1304/2521/2970 1303/2525/2970 1267/2520/2970
f 1262/2450/2971 1267/2520/2971 1303/2525/2971
f 1654/2526/2972 1656/2523/2972 1302/2522/2972
f 1654/2526/2973 1653/2527/2973 1656/2523/2973
f 1655/2524/2973 1656/2523/2973 1653/2527/2973
f 1653/2527/2974 1301/2528/2974 1655/2524/2974
f 1303/2525/2974 1655/2524/2974 1301/2528/2974
f 1301/2528/2975 1204/2512/2975 1303/2525/2975
f 1262/2450/2976 1303/2525/2976 1204/2512/2976
f 1204/2512/2977 1178/2500/2977 1262/2450/2977
f 1178/2500/2978 1176/2451/2978 1262/2450/2978
f 1218/2461/2979 1176/2451/2979 1178/2500/2979
f 1301/2528/2980 1206/2513/2980 1204/2512/2980
f 1302/2522/2981 1206/2513/2981 1301/2528/2981
f 1302/2522/2982 1301/2528/2982 1653/2527/2982
f 1654/2526/2983 1302/2522/2983 1653/2527/2983
f 1267/2520/2984 1262/2450/2984 1266/2449/2984
f 1266/2449/2985 1198/2529/2985 1267/2520/2985
f 1195/2530/2986 1267/2520/2986 1198/2529/2986
f 1206/2513/2987 1267/2520/2987 1195/2530/2987
f 1208/2514/2987 1206/2513/2987 1195/2530/2987
f 1195/2530/2988 1269/2531/2988 1208/2514/2988
f 1272/2532/2989 1208/2514/2989 1269/2531/2989
f 1269/2531/2990 1621/2533/2990 1272/2532/2990
f 1624/2534/2991 1272/2532/2991 1621/2533/2991
f 1271/2535/2992 1272/2532/2992 1624/2534/2992
f 1271/2535/2993 1249/2516/2993 1272/2532/2993
f 1272/2532/2993 1249/2516/2993 1208/2514/2993
f 1252/2536/2994 1198/2529/2994 1251/2537/2994
f 1196/2538/2994 1198/2529/2994 1252/2536/2994
f 1198/2529/2995 1196/2538/2995 1195/2530/2995
f 1197/2539/2996 1195/2530/2996 1196/2538/2996
f 1195/2530/2997 1197/2539/2997 1269/2531/2997
f 1270/2540/2997 1269/2531/2997 1197/2539/2997
f 1269/2531/2998 1270/2540/2998 1621/2533/2998
f 1622/2541/2999 1621/2533/2999 1270/2540/2999
f 1621/2533/3000 1622/2541/3000 1624/2534/3000
f 1623/2542/3000 1624/2534/3000 1622/2541/3000
f 1197/2539/3001 1196/2538/3001 1203/2543/3001
f 1623/2542/3002 1271/2535/3002 1624/2534/3002
f 1623/2542/3003 1622/2541/3003 1271/2535/3003
f 1270/2540/3003 1271/2535/3003 1622/2541/3003
f 1271/2535/3004 1270/2540/3004 1249/2516/3004
f 1197/2539/3005 1249/2516/3005 1270/2540/3005
f 1249/2516/3006 1197/2539/3006 1258/2544/3006
f 1203/2543/3006 1258/2544/3006 1197/2539/3006
f 1203/2543/3007 1282/2545/3007 1258/2544/3007
f 1282/2545/3008 1203/2543/3008 1281/2546/3008
f 1634/2547/3009 1282/2545/3009 1281/2546/3009
f 1281/2546/3010 1283/2548/3010 1634/2547/3010
f 1635/2549/3010 1634/2547/3010 1283/2548/3010
f 1283/2548/3011 1284/2550/3011 1635/2549/3011
f 1636/2551/3012 1635/2549/3012 1284/2550/3012
f 1636/2551/3013 1284/2550/3013 1633/2552/3013
f 1636/2551/3014 1633/2552/3014 1635/2549/3014
f 1634/2547/3014 1635/2549/3014 1633/2552/3014
f 1634/2547/3015 1633/2552/3015 1282/2545/3015
f 1282/2545/3013 1633/2552/3013 1284/2550/3013
f 1284/2550/3016 1258/2544/3016 1282/2545/3016
f 1284/2550/3017 1283/2548/3017 1258/2544/3017
f 1254/2553/3018 1258/2544/3018 1283/2548/3018
f 1283/2548/3019 1281/2546/3019 1254/2553/3019
f 1199/2554/3020 1254/2553/3020 1281/2546/3020
f 1281/2546/3021 1203/2543/3021 1199/2554/3021
f 1203/2543/3022 1202/2555/3022 1199/2554/3022
f 1203/2543/3023 1196/2538/3023 1202/2555/3023
f 1202/2555/3024 1196/2538/3024 1289/2556/3024
f 1290/2557/3025 1289/2556/3025 1196/2538/3025
f 1289/2556/3026 1290/2557/3026 1641/2558/3026
f 1642/2559/3027 1641/2558/3027 1290/2557/3027
f 1641/2558/3028 1642/2559/3028 1643/2560/3028
f 1643/2560/3029 1642/2559/3029 1291/2561/3029
f 1643/2560/3030 1291/2561/3030 1644/2562/3030
f 1644/2562/3031 1291/2561/3031 1292/2563/3031
f 1644/2562/3032 1292/2563/3032 1641/2558/3032
f 1641/2558/3033 1292/2563/3033 1289/2556/3033
f 1289/2556/3034 1292/2563/3034 1202/2555/3034
f 1260/2564/3035 1202/2555/3035 1292/2563/3035
f 1202/2555/3036 1260/2564/3036 1201/2565/3036
f 1290/2557/3037 1291/2561/3037 1642/2559/3037
f 1641/2558/3028 1643/2560/3028 1644/2562/3028
f 1094/2566/3038 1260/2564/3038 1252/2536/3038
f 1292/2563/3039 1252/2536/3039 1260/2564/3039
f 1291/2561/3040 1252/2536/3040 1292/2563/3040
f 1291/2561/3041 1196/2538/3041 1252/2536/3041
f 1290/2557/3042 1196/2538/3042 1291/2561/3042
f 1618/2567/3043 1619/2568/3043 1617/2569/3043
f 1618/2567/3044 1617/2569/3044 1161/2570/3044
f 1161/2570/3045 1163/2571/3045 1618/2567/3045
f 1161/2570/3046 1044/2572/3046 1163/2571/3046
f 1163/2571/3047 1044/2572/3047 1093/2573/3047
f 1093/2573/3048 1044/2572/3048 1096/2574/3048
f 1096/2574/3049 1094/2566/3049 1093/2573/3049
f 1094/2566/3050 1096/2574/3050 1107/2575/3050
f 1260/2564/3051 1094/2566/3051 1107/2575/3051
f 1256/2576/3052 1260/2564/3052 1107/2575/3052
f 1164/2577/3053 1093/2573/3053 1119/2578/3053
f 1163/2571/3054 1093/2573/3054 1164/2577/3054
f 1162/2579/3055 1164/2577/3055 1042/2580/3055
f 1119/2578/3056 1042/2580/3056 1164/2577/3056
f 1042/2580/3057 1119/2578/3057 1041/2581/3057
f 1115/2582/3057 1041/2581/3057 1119/2578/3057
f 1151/2583/3058 1041/2581/3058 1115/2582/3058
f 1042/2580/3059 1041/2581/3059 1040/2584/3059
f 1042/2580/3060 1040/2584/3060 1043/2585/3060
f 1045/2586/3061 1044/2572/3061 1043/2585/3061
f 1044/2572/3062 1042/2580/3062 1043/2585/3062
f 1161/2570/3063 1042/2580/3063 1044/2572/3063
f 1162/2579/3064 1042/2580/3064 1161/2570/3064
f 1162/2579/3065 1161/2570/3065 1617/2569/3065
f 1164/2577/3066 1162/2579/3066 1617/2569/3066
f 1620/2587/3067 1164/2577/3067 1617/2569/3067
f 1163/2571/3068 1164/2577/3068 1620/2587/3068
f 1619/2568/3069 1163/2571/3069 1620/2587/3069
f 1619/2568/3070 1618/2567/3070 1163/2571/3070
f 1620/2587/3043 1617/2569/3043 1619/2568/3043
f 1044/2572/3071 1045/2586/3071 1097/2588/3071
f 1097/2588/3048 1096/2574/3048 1044/2572/3048
f 1096/2574/3072 1097/2588/3072 1140/2589/3072
f 1140/2589/3073 1139/2590/3073 1096/2574/3073
f 1139/2590/3074 1140/2589/3074 1595/2591/3074
f 1595/2591/3075 1593/2592/3075 1139/2590/3075
f 1595/2591/3076 1596/2593/3076 1593/2592/3076
f 1594/2594/3076 1593/2592/3076 1596/2593/3076
f 1596/2593/3077 1140/2589/3077 1594/2594/3077
f 1140/2589/3078 1137/2595/3078 1594/2594/3078
f 1596/2593/3079 1595/2591/3079 1140/2589/3079
f 1137/2595/3080 1140/2589/3080 1097/2588/3080
f 1097/2588/3081 1108/2596/3081 1137/2595/3081
f 1138/2597/3082 1137/2595/3082 1108/2596/3082
f 1138/2597/3083 1108/2596/3083 1139/2590/3083
f 1138/2597/3084 1139/2590/3084 1593/2592/3084
f 1137/2595/3085 1138/2597/3085 1593/2592/3085
f 1594/2594/3086 1137/2595/3086 1593/2592/3086
f 1104/2598/3087 1103/2599/3087 1028/2600/3087
f 1104/2598/3088 1108/2596/3088 1103/2599/3088
f 1109/2601/3089 1103/2599/3089 1108/2596/3089
f 1108/2596/3090 1097/2588/3090 1109/2601/3090
f 1098/2602/3091 1109/2601/3091 1097/2588/3091
f 1097/2588/3071 1045/2586/3071 1098/2602/3071
f 1124/2603/3092 1098/2602/3092 1045/2586/3092
f 1045/2586/3093 1033/2604/3093 1124/2603/3093
f 1121/2605/3094 1124/2603/3094 1033/2604/3094
f 1033/2604/3095 1032/2606/3095 1121/2605/3095
f 1029/2607/3096 1028/2600/3096 1103/2599/3096
f 1109/2601/3097 1098/2602/3097 1038/2608/3097
f 1109/2601/3098 1038/2608/3098 1136/2609/3098
f 1136/2609/3099 1135/2610/3099 1109/2601/3099
f 1103/2599/3100 1109/2601/3100 1135/2610/3100
f 1134/2611/3101 1136/2609/3101 1038/2608/3101
f 1590/2612/3102 1136/2609/3102 1134/2611/3102
f 1134/2611/3103 1133/2613/3103 1589/2614/3103
f 1590/2612/3104 1134/2611/3104 1589/2614/3104
f 1590/2612/3105 1589/2614/3105 1592/2615/3105
f 1592/2615/3106 1136/2609/3106 1590/2612/3106
f 1592/2615/3107 1591/2616/3107 1136/2609/3107
f 1135/2610/3108 1136/2609/3108 1591/2616/3108
f 1591/2616/3109 1589/2614/3109 1135/2610/3109
f 1133/2613/3109 1135/2610/3109 1589/2614/3109
f 1133/2613/3110 1036/2617/3110 1135/2610/3110
f 1135/2610/3111 1036/2617/3111 1103/2599/3111
f 1591/2616/3105 1592/2615/3105 1589/2614/3105
f 1131/2618/3112 1132/2619/3112 1588/2620/3112
f 1132/2619/3113 1131/2618/3113 1091/2621/3113
f 1132/2619/3114 1091/2621/3114 1130/2622/3114
f 1130/2622/3115 1091/2621/3115 1035/2623/3115
f 1130/2622/3116 1035/2623/3116 1129/2624/3116
f 1129/2624/3117 1035/2623/3117 1037/2625/3117
f 1037/2625/3118 1035/2623/3118 1036/2617/3118
f 1036/2617/3119 1038/2608/3119 1037/2625/3119
f 1133/2613/3120 1038/2608/3120 1036/2617/3120
f 1134/2611/3121 1038/2608/3121 1133/2613/3121
f 1105/2626/3122 1091/2621/3122 1131/2618/3122
f 1038/2608/3097 1098/2602/3097 1032/2606/3097
f 1038/2608/3123 1032/2606/3123 1039/2627/3123
f 1039/2627/3124 1037/2625/3124 1038/2608/3124
f 1037/2625/3125 1039/2627/3125 1105/2626/3125
f 1037/2625/3126 1105/2626/3126 1129/2624/3126
f 1131/2618/3127 1129/2624/3127 1105/2626/3127
f 1129/2624/3128 1131/2618/3128 1586/2628/3128
f 1587/2629/3129 1586/2628/3129 1131/2618/3129
f 1587/2629/3130 1588/2620/3130 1586/2628/3130
f 1587/2629/3131 1131/2618/3131 1588/2620/3131
f 1034/2630/3132 1039/2627/3132 1032/2606/3132
f 1034/2630/3133 1032/2606/3133 1031/2631/3133
f 1033/2604/3134 1031/2631/3134 1032/2606/3134
f 1033/2604/3135 1118/2632/3135 1031/2631/3135
f 1031/2631/3136 1099/2633/3136 1034/2630/3136
f 1100/2634/3136 1034/2630/3136 1099/2633/3136
f 439/2635/3137 1099/2633/3137 463/2636/3137
f 1100/2634/3138 1099/2633/3138 439/2635/3138
f 1100/2634/3138 439/2635/3138 438/2637/3138
f 438/2637/3139 450/2638/3139 1100/2634/3139
f 1110/2639/3140 1100/2634/3140 450/2638/3140
f 1144/2640/3141 1100/2634/3141 1110/2639/3141
f 1144/2640/3142 1110/2639/3142 1141/2641/3142
f 1141/2641/3143 1597/2642/3143 1144/2640/3143
f 1141/2641/3144 1142/2643/3144 1597/2642/3144
f 1598/2644/3145 1597/2642/3145 1142/2643/3145
f 1110/2639/3146 450/2638/3146 445/2645/3146
f 1142/2643/3147 1143/2646/3147 1598/2644/3147
f 1599/2647/3148 1598/2644/3148 1143/2646/3148
f 1599/2647/3149 1143/2646/3149 1600/2648/3149
f 1599/2647/3150 1600/2648/3150 1598/2644/3150
f 1597/2642/3150 1598/2644/3150 1600/2648/3150
f 1600/2648/3151 1144/2640/3151 1597/2642/3151
f 1143/2646/3152 1144/2640/3152 1600/2648/3152
f 1143/2646/3153 1100/2634/3153 1144/2640/3153
f 1143/2646/3154 1142/2643/3154 1100/2634/3154
f 1034/2630/3155 1100/2634/3155 1142/2643/3155
f 1142/2643/3156 1141/2641/3156 1034/2630/3156
f 1039/2627/3157 1034/2630/3157 1141/2641/3157
f 1141/2641/3158 1110/2639/3158 1039/2627/3158
f 1039/2627/3125 1110/2639/3125 1105/2626/3125
f 1105/2626/3159 1110/2639/3159 445/2645/3159
f 445/2645/3160 1091/2621/3160 1105/2626/3160
f 1091/2621/3161 445/2645/3161 433/2649/3161
f 1091/2621/3162 433/2649/3162 1078/2650/3162
f 1079/2651/3163 1078/2650/3163 433/2649/3163
f 1079/2651/3164 1023/2652/3164 1078/2650/3164
f 1023/2652/3165 1021/2653/3165 1020/2654/3165
f 1027/2655/3166 1023/2652/3166 1020/2654/3166
f 1027/2655/3167 1078/2650/3167 1023/2652/3167
f 1027/2655/3168 1035/2623/3168 1078/2650/3168
f 1091/2621/3169 1078/2650/3169 1035/2623/3169
f 1020/2654/3170 1026/2656/3170 1027/2655/3170
f 1027/2655/3171 1026/2656/3171 1035/2623/3171
f 1026/2656/3172 1036/2617/3172 1035/2623/3172
f 1026/2656/3173 1103/2599/3173 1036/2617/3173
f 1029/2607/3174 1103/2599/3174 1026/2656/3174
f 1085/2657/3175 1029/2607/3175 1026/2656/3175
f 1026/2656/3176 1020/2654/3176 1085/2657/3176
f 1020/2654/3177 1022/2658/3177 1085/2657/3177
f 1022/2658/3165 1020/2654/3165 1021/2653/3165
f 1021/2653/3178 1024/2659/3178 1022/2658/3178
f 1025/2660/3179 1022/2658/3179 1024/2659/3179
f 1025/2660/3180 1087/2661/3180 1022/2658/3180
f 1025/2660/3181 1019/2662/3181 1087/2661/3181
f 1087/2661/3177 1085/2657/3177 1022/2658/3177
f 1088/2663/3182 1023/2652/3182 1079/2651/3182
f 1088/2663/3182 1021/2653/3182 1023/2652/3182
f 1070/2664/3183 1021/2653/3183 1088/2663/3183
f 1024/2659/3184 1021/2653/3184 1070/2664/3184
f 1024/2659/3185 1070/2664/3185 1073/2665/3185
f 1073/2665/3186 1072/2666/3186 1024/2659/3186
f 1072/2666/3187 1025/2660/3187 1024/2659/3187
f 1072/2666/3188 1017/2667/3188 1025/2660/3188
f 1019/2662/3189 1025/2660/3189 1017/2667/3189
f 1019/2662/3190 1017/2667/3190 1016/2668/3190
f 1071/2669/3191 1073/2665/3191 1070/2664/3191
f 433/2649/3192 424/2670/3192 1079/2651/3192
f 424/2670/3193 423/2671/3193 1079/2651/3193
f 1088/2663/3194 1079/2651/3194 423/2671/3194
f 423/2671/3195 418/2672/3195 1088/2663/3195
f 1070/2664/3196 1088/2663/3196 418/2672/3196
f 1071/2669/3197 1070/2664/3197 418/2672/3197
f 1071/2669/3198 418/2672/3198 420/2673/3198
f 1019/2662/3199 1016/2668/3199 1087/2661/3199
f 1016/2668/3200 1086/2674/3200 1087/2661/3200
f 1087/2661/3201 1086/2674/3201 1085/2657/3201
f 1086/2674/3201 1084/2675/3201 1085/2657/3201
f 1029/2607/3202 1085/2657/3202 1084/2675/3202
f 1029/2607/3203 1084/2675/3203 1030/2676/3203
f 1030/2676/3204 1028/2600/3204 1029/2607/3204
f 1030/2676/3205 1092/2677/3205 1028/2600/3205
f 1028/2600/3206 1092/2677/3206 1126/2678/3206
f 1127/2679/3207 1126/2678/3207 1092/2677/3207
f 1018/2680/3208 1016/2668/3208 1017/2667/3208
f 1016/2668/3209 1018/2680/3209 1077/2681/3209
f 1016/2668/3210 1077/2681/3210 1086/2674/3210
f 1086/2674/3211 1077/2681/3211 1080/2682/3211
f 1086/2674/3212 1080/2682/3212 1084/2675/3212
f 1082/2683/3212 1084/2675/3212 1080/2682/3212
f 1084/2675/3213 1082/2683/3213 1030/2676/3213
f 1089/2684/3214 1030/2676/3214 1082/2683/3214
f 1089/2684/3215 1092/2677/3215 1030/2676/3215
f 1089/2684/3216 1090/2685/3216 1092/2677/3216
f 1075/2686/3217 1077/2681/3217 1018/2680/3217
f 1082/2683/3218 1083/2687/3218 1089/2684/3218
f 1082/2683/3219 1081/2688/3219 1083/2687/3219
f 1082/2683/3219 1080/2682/3219 1081/2688/3219
f 1081/2688/3220 1080/2682/3220 1074/2689/3220
f 1077/2681/3221 1074/2689/3221 1080/2682/3221
f 1077/2681/3222 1075/2686/3222 1074/2689/3222
f 1076/2690/3223 1074/2689/3223 1075/2686/3223
f 1090/2685/3224 1089/2684/3224 1083/2687/3224
f 1083/2687/3225 1241/2691/3225 1090/2685/3225
f 1083/2687/3226 1081/2688/3226 1241/2691/3226
f 1242/2692/3226 1241/2691/3226 1081/2688/3226
f 1081/2688/3227 1074/2689/3227 1242/2692/3227
f 1230/2693/3228 1242/2692/3228 1074/2689/3228
f 1230/2693/3229 1074/2689/3229 1229/2694/3229
f 1076/2690/3230 1229/2694/3230 1074/2689/3230
f 1229/2694/3231 1232/2695/3231 1230/2693/3231
f 1256/2576/3232 1107/2575/3232 1101/2696/3232
f 1101/2696/3233 1245/2697/3233 1256/2576/3233
f 1245/2697/3234 1101/2696/3234 1090/2685/3234
f 1245/2697/3235 1090/2685/3235 1244/2698/3235
f 1244/2698/3236 1090/2685/3236 1241/2691/3236
f 1241/2691/3237 1186/2699/3237 1244/2698/3237
f 1241/2691/3238 1242/2692/3238 1186/2699/3238
f 1184/2700/3238 1186/2699/3238 1242/2692/3238
f 1242/2692/3239 1230/2693/3239 1184/2700/3239
f 1184/2700/3240 1230/2693/3240 1188/2701/3240
f 1182/2702/3241 1238/2703/3241 1189/2704/3241
f 1187/2705/3242 1189/2704/3242 1238/2703/3242
f 1189/2704/3243 1187/2705/3243 1188/2701/3243
f 1184/2700/3244 1188/2701/3244 1187/2705/3244
f 1187/2705/3245 1185/2706/3245 1184/2700/3245
f 1186/2699/3245 1184/2700/3245 1185/2706/3245
f 1185/2706/3246 1190/2707/3246 1186/2699/3246
f 1190/2707/3247 1244/2698/3247 1186/2699/3247
f 1244/2698/3248 1190/2707/3248 1245/2697/3248
f 1200/2708/3249 1245/2697/3249 1190/2707/3249
f 1201/2565/3250 1199/2554/3250 1202/2555/3250
f 1201/2565/3251 1200/2708/3251 1199/2554/3251
f 1191/2709/3252 1199/2554/3252 1200/2708/3252
f 1190/2707/3253 1191/2709/3253 1200/2708/3253
f 1190/2707/3254 1185/2706/3254 1191/2709/3254
f 1185/2706/3255 1237/2710/3255 1191/2709/3255
f 1185/2706/3256 1187/2705/3256 1237/2710/3256
f 1237/2710/3256 1187/2705/3256 1238/2703/3256
f 1278/2711/3257 1245/2697/3257 1200/2708/3257
f 1278/2711/3258 1200/2708/3258 1277/2712/3258
f 1201/2565/3259 1277/2712/3259 1200/2708/3259
f 1277/2712/3260 1201/2565/3260 1279/2713/3260
f 1256/2576/3036 1201/2565/3036 1260/2564/3036
f 1279/2713/3261 1201/2565/3261 1256/2576/3261
f 1256/2576/3262 1245/2697/3262 1279/2713/3262
f 1280/2714/3263 1279/2713/3263 1245/2697/3263
f 1280/2714/3264 1245/2697/3264 1278/2711/3264
f 1629/2715/3265 1280/2714/3265 1278/2711/3265
f 1278/2711/3266 1277/2712/3266 1629/2715/3266
f 1630/2716/3267 1629/2715/3267 1277/2712/3267
f 1277/2712/3268 1279/2713/3268 1630/2716/3268
f 1631/2717/3269 1630/2716/3269 1279/2713/3269
f 1629/2715/3270 1630/2716/3270 1631/2717/3270
f 1631/2717/3271 1279/2713/3271 1632/2718/3271
f 1629/2715/3270 1631/2717/3270 1632/2718/3270
f 1632/2718/3272 1280/2714/3272 1629/2715/3272
f 1632/2718/3273 1279/2713/3273 1280/2714/3273
f 1628/2719/3274 1627/2720/3274 1276/2721/3274
f 1628/2719/3275 1625/2722/3275 1627/2720/3275
f 1628/2719/3276 1276/2721/3276 1625/2722/3276
f 925/2723/3277 941/2724/3277 1246/2725/3277
f 1253/2726/3278 1246/2725/3278 941/2724/3278
f 1253/2726/3279 1276/2721/3279 1246/2725/3279
f 1276/2721/3280 1253/2726/3280 1273/2727/3280
f 1273/2727/3281 1625/2722/3281 1276/2721/3281
f 1626/2728/3282 1625/2722/3282 1273/2727/3282
f 1626/2728/3275 1627/2720/3275 1625/2722/3275
f 1627/2720/3283 1626/2728/3283 1275/2729/3283
f 1275/2729/3284 1276/2721/3284 1627/2720/3284
f 1275/2729/3285 1246/2725/3285 1276/2721/3285
f 1626/2728/3286 1273/2727/3286 1274/2730/3286
f 1274/2730/3287 1275/2729/3287 1626/2728/3287
f 946/2731/3288 941/2724/3288 945/2732/3288
f 941/2724/3289 946/2731/3289 1253/2726/3289
f 1257/2733/3290 1253/2726/3290 946/2731/3290
f 1275/2729/3291 1274/2730/3291 1246/2725/3291
f 1192/2734/3292 1246/2725/3292 1274/2730/3292
f 1274/2730/3293 1273/2727/3293 1192/2734/3293
f 1255/2735/3294 1192/2734/3294 1273/2727/3294
f 1255/2735/3295 1273/2727/3295 1253/2726/3295
f 1255/2735/3296 1253/2726/3296 1259/2518/3296
f 1257/2733/3296 1259/2518/3296 1253/2726/3296
f 1259/2518/3297 1257/2733/3297 1285/2519/3297
f 1287/2736/3298 1285/2519/3298 1257/2733/3298
f 1285/2519/3299 1287/2736/3299 1638/2737/3299
f 1639/2738/3300 1638/2737/3300 1287/2736/3300
f 1638/2737/3301 1639/2738/3301 1637/2739/3301
f 1640/2740/3302 1637/2739/3302 1639/2738/3302
f 1640/2740/3303 1288/2741/3303 1637/2739/3303
f 1640/2740/3304 1639/2738/3304 1288/2741/3304
f 1287/2736/3305 1288/2741/3305 1639/2738/3305
f 1288/2741/3306 1287/2736/3306 1248/2742/3306
f 1257/2733/3307 1248/2742/3307 1287/2736/3307
f 1248/2742/3308 1257/2733/3308 934/2743/3308
f 946/2731/3309 934/2743/3309 1257/2733/3309
f 1248/2742/3310 934/2743/3310 1247/2744/3310
f 1286/2745/3311 1250/2517/3311 1285/2519/3311
f 1638/2737/3312 1286/2745/3312 1285/2519/3312
f 1638/2737/3313 1637/2739/3313 1286/2745/3313
f 1286/2745/3314 1637/2739/3314 1288/2741/3314
f 1288/2741/3315 1248/2742/3315 1286/2745/3315
f 1286/2745/3316 1248/2742/3316 1250/2517/3316
f 1248/2742/3317 1247/2744/3317 1250/2517/3317
f 1250/2517/3317 1247/2744/3317 1209/2515/3317
f 1209/2515/3318 1247/2744/3318 1310/2746/3318
f 1310/2746/3319 1309/2747/3319 1209/2515/3319
f 1311/2748/3320 1310/2746/3320 1247/2744/3320
f 1311/2748/3321 1247/2744/3321 1312/2749/3321
f 1312/2749/3322 1247/2744/3322 1268/2750/3322
f 1312/2749/3323 1268/2750/3323 1309/2747/3323
f 1309/2747/3324 1268/2750/3324 1207/2510/3324
f 1207/2510/3325 1209/2515/3325 1309/2747/3325
f 1309/2747/3326 1310/2746/3326 1661/2751/3326
f 1309/2747/3327 1661/2751/3327 1312/2749/3327
f 1664/2752/3328 1312/2749/3328 1661/2751/3328
f 1311/2748/3329 1312/2749/3329 1664/2752/3329
f 1663/2753/3330 1311/2748/3330 1664/2752/3330
f 1663/2753/3331 1662/2754/3331 1311/2748/3331
f 1663/2753/3332 1664/2752/3332 1662/2754/3332
f 1661/2751/3332 1662/2754/3332 1664/2752/3332
f 1662/2754/3333 1661/2751/3333 1310/2746/3333
f 1310/2746/3334 1311/2748/3334 1662/2754/3334
f 1268/2750/2947 1264/2494/2947 1207/2510/2947
f 1268/2750/3335 952/2495/3335 1264/2494/3335
f 1268/2750/3336 933/2755/3336 952/2495/3336
f 1247/2744/3337 933/2755/3337 1268/2750/3337
f 1247/2744/3310 934/2743/3310 933/2755/3310
f 935/2756/3338 933/2755/3338 934/2743/3338
f 936/2757/3338 933/2755/3338 935/2756/3338
f 935/2756/3339 870/2758/3339 936/2757/3339
f 868/2759/3339 936/2757/3339 870/2758/3339
f 870/2758/3340 869/2760/3340 868/2759/3340
f 870/2758/3341 875/2761/3341 869/2760/3341
f 933/2755/3342 936/2757/3342 952/2495/3342
f 952/2495/3343 936/2757/3343 953/2762/3343
f 953/2762/3344 947/2496/3344 952/2495/3344
f 948/2763/3345 947/2496/3345 953/2762/3345
f 953/2762/3346 955/2764/3346 948/2763/3346
f 869/2760/3340 867/2765/3340 868/2759/3340
f 867/2765/3347 955/2764/3347 868/2759/3347
f 993/2766/3348 868/2759/3348 955/2764/3348
f 955/2764/3349 953/2762/3349 993/2766/3349
f 995/2767/3350 993/2766/3350 953/2762/3350
f 953/2762/3351 936/2757/3351 995/2767/3351
f 996/2768/3352 995/2767/3352 936/2757/3352
f 996/2768/3353 936/2757/3353 994/2769/3353
f 1570/2770/3354 996/2768/3354 994/2769/3354
f 1570/2770/3355 994/2769/3355 1569/2771/3355
f 993/2766/3356 995/2767/3356 1569/2771/3356
f 994/2769/3357 993/2766/3357 1569/2771/3357
f 994/2769/3358 868/2759/3358 993/2766/3358
f 994/2769/3359 936/2757/3359 868/2759/3359
f 1571/2772/3360 1570/2770/3360 1569/2771/3360
f 1571/2772/3361 1569/2771/3361 995/2767/3361
f 995/2767/3362 996/2768/3362 1571/2772/3362
f 1572/2773/3363 1571/2772/3363 996/2768/3363
f 1572/2773/3364 996/2768/3364 1570/2770/3364
f 1572/2773/3360 1570/2770/3360 1571/2772/3360
f 1578/2774/3365 1577/2775/3365 1122/2776/3365
f 1121/2605/3365 1122/2776/3365 1577/2775/3365
f 1577/2775/3366 1124/2603/3366 1121/2605/3366
f 1122/2776/3095 1121/2605/3095 1032/2606/3095
f 1122/2776/3367 1032/2606/3367 1123/2777/3367
f 1122/2776/3368 1123/2777/3368 1578/2774/3368
f 1579/2778/3368 1578/2774/3368 1123/2777/3368
f 1578/2774/3369 1579/2778/3369 1577/2775/3369
f 1580/2779/3369 1577/2775/3369 1579/2778/3369
f 1580/2779/3370 1124/2603/3370 1577/2775/3370
f 1124/2603/3371 1580/2779/3371 1123/2777/3371
f 1123/2777/3092 1098/2602/3092 1124/2603/3092
f 1123/2777/3372 1032/2606/3372 1098/2602/3372
f 1579/2778/3373 1123/2777/3373 1580/2779/3373
f 1543/2780/3374 1542/2781/3374 967/2782/3374
f 1543/2780/3375 1544/2783/3375 1542/2781/3375
f 1544/2783/3376 1543/2780/3376 967/2782/3376
f 940/2784/3377 875/2761/3377 945/2732/3377
f 940/2784/3378 945/2732/3378 941/2724/3378
f 941/2724/3379 927/2785/3379 940/2784/3379
f 940/2784/3380 927/2785/3380 967/2782/3380
f 968/2786/3381 967/2782/3381 927/2785/3381
f 1544/2783/3382 967/2782/3382 968/2786/3382
f 1544/2783/3383 968/2786/3383 1541/2787/3383
f 1541/2787/3375 1542/2781/3375 1544/2783/3375
f 1542/2781/3384 1541/2787/3384 965/2788/3384
f 965/2788/3385 967/2782/3385 1542/2781/3385
f 967/2782/3386 965/2788/3386 940/2784/3386
f 873/2789/3387 940/2784/3387 965/2788/3387
f 940/2784/3377 873/2789/3377 875/2761/3377
f 875/2761/3388 873/2789/3388 874/2790/3388
f 874/2790/3389 869/2760/3389 875/2761/3389
f 869/2760/3390 874/2790/3390 932/2791/3390
f 959/2792/3391 869/2760/3391 932/2791/3391
f 959/2792/3392 932/2791/3392 960/2793/3392
f 959/2792/3393 960/2793/3393 1536/2794/3393
f 1536/2794/3394 960/2793/3394 1533/2795/3394
f 944/2796/3390 932/2791/3390 874/2790/3390
f 1535/2797/3393 959/2792/3393 1536/2794/3393
f 1535/2797/3395 1536/2794/3395 1533/2795/3395
f 1534/2798/3395 1535/2797/3395 1533/2795/3395
f 1535/2797/3396 1534/2798/3396 959/2792/3396
f 958/2799/3396 959/2792/3396 1534/2798/3396
f 958/2799/3397 869/2760/3397 959/2792/3397
f 958/2799/3398 957/2800/3398 869/2760/3398
f 867/2765/3398 869/2760/3398 957/2800/3398
f 957/2800/3399 960/2793/3399 867/2765/3399
f 881/2801/3400 867/2765/3400 960/2793/3400
f 960/2793/3392 932/2791/3392 881/2801/3392
f 1533/2795/3401 960/2793/3401 957/2800/3401
f 957/2800/3402 958/2799/3402 1533/2795/3402
f 1534/2798/3403 1533/2795/3403 958/2799/3403
f 1558/2802/3404 984/2803/3404 981/2804/3404
f 984/2803/3405 948/2763/3405 981/2804/3405
f 981/2804/3406 948/2763/3406 950/2805/3406
f 950/2805/3346 948/2763/3346 955/2764/3346
f 955/2764/3407 954/2806/3407 950/2805/3407
f 954/2806/3408 955/2764/3408 867/2765/3408
f 867/2765/3409 881/2801/3409 954/2806/3409
f 878/2807/3409 954/2806/3409 881/2801/3409
f 881/2801/3410 880/2808/3410 878/2807/3410
f 878/2807/3411 880/2808/3411 879/2809/3411
f 931/2810/3412 880/2808/3412 881/2801/3412
f 931/2810/3413 930/2811/3413 880/2808/3413
f 929/2812/3413 880/2808/3413 930/2811/3413
f 976/2813/3414 975/2814/3414 930/2811/3414
f 930/2811/3415 931/2810/3415 976/2813/3415
f 973/2815/3416 976/2813/3416 931/2810/3416
f 931/2810/3417 943/2816/3417 973/2815/3417
f 1549/2817/3418 976/2813/3418 973/2815/3418
f 975/2814/3419 943/2816/3419 942/485/3419
f 974/2818/3420 943/2816/3420 975/2814/3420
f 974/2818/3421 973/2815/3421 943/2816/3421
f 1550/2819/3422 973/2815/3422 974/2818/3422
f 1550/2819/3423 1549/2817/3423 973/2815/3423
f 1549/2817/3424 1550/2819/3424 1552/2820/3424
f 1549/2817/3425 1552/2820/3425 976/2813/3425
f 1552/2820/3426 1551/2821/3426 976/2813/3426
f 975/2814/3427 976/2813/3427 1551/2821/3427
f 1551/2821/3428 1550/2819/3428 975/2814/3428
f 974/2818/3429 975/2814/3429 1550/2819/3429
f 1551/2821/3424 1552/2820/3424 1550/2819/3424
f 943/2816/3430 939/2822/3430 942/485/3430
f 932/2791/3431 931/2810/3431 881/2801/3431
f 932/2791/3432 944/2796/3432 931/2810/3432
f 943/2816/3433 931/2810/3433 944/2796/3433
f 944/2796/3434 938/2823/3434 943/2816/3434
f 939/2822/3435 943/2816/3435 938/2823/3435
f 939/2822/3436 938/2823/3436 864/2824/3436
f 939/2822/3437 864/2824/3437 961/2825/3437
f 962/2826/3438 961/2825/3438 864/2824/3438
f 1538/2827/3439 961/2825/3439 962/2826/3439
f 962/2826/3440 963/2828/3440 1538/2827/3440
f 1539/2829/3441 1540/2830/3441 1538/2827/3441
f 1539/2829/3442 1538/2827/3442 963/2828/3442
f 963/2828/3443 964/2831/3443 1539/2829/3443
f 1540/2830/3444 1539/2829/3444 964/2831/3444
f 1537/2832/3445 1540/2830/3445 964/2831/3445
f 1537/2832/3441 1538/2827/3441 1540/2830/3441
f 1538/2827/3446 1537/2832/3446 961/2825/3446
f 1537/2832/3447 964/2831/3447 961/2825/3447
f 961/2825/3448 964/2831/3448 939/2822/3448
f 937/483/3449 939/2822/3449 964/2831/3449
f 937/483/3430 942/485/3430 939/2822/3430
f 866/2833/3450 928/2834/3450 864/2824/3450
f 864/2824/3451 928/2834/3451 962/2826/3451
f 963/2828/3452 962/2826/3452 928/2834/3452
f 963/2828/3453 928/2834/3453 964/2831/3453
f 937/483/3454 964/2831/3454 928/2834/3454
f 937/483/3455 928/2834/3455 777/484/3455
f 761/2835/3456 777/484/3456 928/2834/3456
f 761/2835/3457 763/497/3457 777/484/3457
f 763/497/3458 761/2835/3458 762/503/3458
f 762/503/3459 698/498/3459 763/497/3459
f 756/2836/3460 695/504/3460 762/503/3460
f 762/503/3461 761/2835/3461 756/2836/3461
f 759/2837/3462 756/2836/3462 761/2835/3462
f 761/2835/3463 924/2838/3463 759/2837/3463
f 924/2838/3464 761/2835/3464 928/2834/3464
f 694/513/3465 692/505/3465 693/2839/3465
f 695/504/3465 693/2839/3465 692/505/3465
f 695/504/3466 758/2840/3466 693/2839/3466
f 758/2840/3466 695/504/3466 756/2836/3466
f 758/2840/3467 756/2836/3467 757/2841/3467
f 759/2837/3468 757/2841/3468 756/2836/3468
f 759/2837/3469 914/2842/3469 757/2841/3469
f 914/2842/3470 759/2837/3470 924/2838/3470
f 914/2842/3471 924/2838/3471 866/2833/3471
f 924/2838/3472 928/2834/3472 866/2833/3472
f 697/514/3473 694/513/3473 696/520/3473
f 693/2839/3474 696/520/3474 694/513/3474
f 742/522/3475 696/520/3475 693/2839/3475
f 742/522/3476 693/2839/3476 758/2840/3476
f 742/522/3477 758/2840/3477 743/2843/3477
f 757/2841/3478 743/2843/3478 758/2840/3478
f 757/2841/3479 915/2844/3479 743/2843/3479
f 915/2844/3469 757/2841/3469 914/2842/3469
f 914/2842/3480 918/2845/3480 915/2844/3480
f 866/2833/3481 918/2845/3481 914/2842/3481
f 855/2846/3482 852/2847/3482 919/2848/3482
f 917/2849/3483 919/2848/3483 852/2847/3483
f 919/2848/3484 917/2849/3484 916/2850/3484
f 918/2845/3484 916/2850/3484 917/2849/3484
f 917/2849/3480 915/2844/3480 918/2845/3480
f 915/2844/3485 917/2849/3485 913/2851/3485
f 913/2851/3486 743/2843/3486 915/2844/3486
f 852/2847/3487 913/2851/3487 917/2849/3487
f 744/523/3488 742/522/3488 743/2843/3488
f 745/2852/3489 744/523/3489 743/2843/3489
f 745/2852/3490 743/2843/3490 912/2853/3490
f 913/2851/3491 912/2853/3491 743/2843/3491
f 912/2853/3492 913/2851/3492 854/2854/3492
f 854/2854/3493 913/2851/3493 852/2847/3493
f 854/2854/3494 852/2847/3494 853/2855/3494
f 855/2846/3495 853/2855/3495 852/2847/3495
f 855/2846/3496 861/2856/3496 853/2855/3496
f 855/2846/3497 919/2848/3497 861/2856/3497
f 920/2857/3498 908/2858/3498 923/2859/3498
f 909/2860/3499 923/2859/3499 908/2858/3499
f 907/2861/3500 909/2860/3500 908/2858/3500
f 907/2861/3501 910/2862/3501 909/2860/3501
f 860/2863/3502 909/2860/3502 910/2862/3502
f 860/2863/3503 910/2862/3503 911/2864/3503
f 911/2864/3504 861/2856/3504 860/2863/3504
f 911/2864/3505 853/2855/3505 861/2856/3505
f 860/2863/3506 857/2865/3506 909/2860/3506
f 923/2859/3507 909/2860/3507 857/2865/3507
f 857/2865/3508 859/2866/3508 923/2859/3508
f 921/2867/3508 923/2859/3508 859/2866/3508
f 926/2868/3509 925/2723/3509 921/2867/3509
f 921/2867/3510 859/2866/3510 926/2868/3510
f 863/2869/3511 926/2868/3511 859/2866/3511
f 863/2869/3512 859/2866/3512 856/2870/3512
f 859/2866/3513 857/2865/3513 856/2870/3513
f 858/2871/3513 856/2870/3513 857/2865/3513
f 857/2865/3514 860/2863/3514 858/2871/3514
f 861/2856/3515 858/2871/3515 860/2863/3515
f 919/2848/3516 858/2871/3516 861/2856/3516
f 919/2848/3517 916/2850/3517 858/2871/3517
f 858/2871/3518 916/2850/3518 856/2870/3518
f 862/2872/3519 856/2870/3519 916/2850/3519
f 856/2870/3520 862/2872/3520 863/2869/3520
f 863/2869/3521 862/2872/3521 872/2873/3521
f 863/2869/3522 872/2873/3522 926/2868/3522
f 926/2868/3523 872/2873/3523 927/2785/3523
f 927/2785/3524 925/2723/3524 926/2868/3524
f 927/2785/3525 941/2724/3525 925/2723/3525
f 865/2874/3526 916/2850/3526 918/2845/3526
f 916/2850/3527 865/2874/3527 862/2872/3527
f 918/2845/3528 866/2833/3528 865/2874/3528
f 866/2833/3529 864/2824/3529 865/2874/3529
f 865/2874/3530 864/2824/3530 938/2823/3530
f 865/2874/3531 938/2823/3531 862/2872/3531
f 871/2875/3532 862/2872/3532 938/2823/3532
f 862/2872/3533 871/2875/3533 872/2873/3533
f 873/2789/3534 872/2873/3534 871/2875/3534
f 873/2789/3535 965/2788/3535 872/2873/3535
f 966/2876/3536 872/2873/3536 965/2788/3536
f 966/2876/3537 965/2788/3537 1541/2787/3537
f 1541/2787/3538 968/2786/3538 966/2876/3538
f 968/2786/3539 927/2785/3539 966/2876/3539
f 966/2876/3540 927/2785/3540 872/2873/3540
f 969/2877/3541 971/2878/3541 1546/2879/3541
f 969/2877/3542 871/2875/3542 971/2878/3542
f 971/2878/3543 871/2875/3543 938/2823/3543
f 938/2823/3544 944/2796/3544 971/2878/3544
f 972/2880/3545 971/2878/3545 944/2796/3545
f 944/2796/3546 874/2790/3546 972/2880/3546
f 970/2881/3547 972/2880/3547 874/2790/3547
f 1545/2882/3548 972/2880/3548 970/2881/3548
f 871/2875/3549 874/2790/3549 873/2789/3549
f 969/2877/3550 874/2790/3550 871/2875/3550
f 970/2881/3551 874/2790/3551 969/2877/3551
f 1546/2879/3552 970/2881/3552 969/2877/3552
f 1546/2879/3553 1545/2882/3553 970/2881/3553
f 1545/2882/3554 1546/2879/3554 1548/2883/3554
f 1548/2883/3555 972/2880/3555 1545/2882/3555
f 1548/2883/3556 1547/2884/3556 972/2880/3556
f 971/2878/3557 972/2880/3557 1547/2884/3557
f 1547/2884/3558 1546/2879/3558 971/2878/3558
f 1547/2884/3554 1548/2883/3554 1546/2879/3554
f 2045/2885/3559 2044/2886/3559 2026/2887/3559
f 2025/2401/2819 2027/2400/2819 2026/2887/2819
f 2026/2887/3560 2024/2888/3560 2025/2401/3560
f 2024/2888/3559 2026/2887/3559 2044/2886/3559
f 2044/2886/3561 2043/2889/3561 2024/2888/3561
f 2044/2886/2806 2045/2885/2806 2043/2889/2806
f 2046/2890/2806 2043/2889/2806 2045/2885/2806
f 2026/2887/3562 2046/2890/3562 2045/2885/3562
f 2027/2400/3562 2046/2890/3562 2026/2887/3562
f 2027/2400/3563 2047/2384/3563 2046/2890/3563
f 2047/2384/3563 2027/2400/3563 2029/2382/3563
f 2022/2891/3561 2024/2888/3561 2043/2889/3561
f 2043/2889/3564 2019/2892/3564 2022/2891/3564
f 2022/2891/3565 2019/2892/3565 2020/2893/3565
f 2020/2893/3565 2021/2894/3565 2022/2891/3565
f 2021/2894/3566 2023/2895/3566 2022/2891/3566
f 2024/2888/3566 2022/2891/3566 2023/2895/3566
f 2023/2895/3560 2025/2401/3560 2024/2888/3560
f 2019/2892/3567 2017/2896/3567 2020/2893/3567
f 2019/2892/3567 2018/2897/3567 2017/2896/3567
f 2042/2898/3568 2018/2897/3568 2019/2892/3568
f 2042/2898/3568 2041/2899/3568 2018/2897/3568
f 2015/2390/3569 2017/2896/3569 2016/2388/3569
f 2018/2897/3569 2016/2388/3569 2017/2896/3569
f 2016/2388/3570 2018/2897/3570 2040/2380/3570
f 2041/2899/3570 2040/2380/3570 2018/2897/3570
f 2041/2899/2806 2048/2381/2806 2040/2380/2806
f 2042/2898/2806 2048/2381/2806 2041/2899/2806
f 2047/2384/2806 2048/2381/2806 2042/2898/2806
f 2047/2384/2806 2042/2898/2806 2046/2890/2806
f 2043/2889/2806 2046/2890/2806 2042/2898/2806
f 2043/2889/3564 2042/2898/3564 2019/2892/3564
f 1323/2900/3571 1322/2901/3571 147/2902/3571
f 1323/2900/3572 1324/2903/3572 1322/2901/3572
f 1323/2900/3573 147/2902/3573 1324/2903/3573
f 1322/2901/3574 1321/2904/3574 145/2905/3574
f 145/2905/3571 147/2902/3571 1322/2901/3571
f 147/2902/3575 145/2905/3575 118/2906/3575
f 37/2907/3576 118/2906/3576 145/2905/3576
f 37/2907/3577 39/2908/3577 118/2906/3577
f 39/2908/3578 34/2909/3578 157/2910/3578
f 157/2910/3579 123/694/3579 39/2908/3579
f 123/694/3577 118/2906/3577 39/2908/3577
f 118/2906/3580 123/694/3580 117/693/3580
f 118/2906/3581 117/693/3581 101/750/3581
f 118/2906/3582 101/750/3582 147/2902/3582
f 148/2911/3583 147/2902/3583 101/750/3583
f 148/2911/3584 1324/2903/3584 147/2902/3584
f 1324/2903/3585 148/2911/3585 1321/2904/3585
f 1321/2904/3572 1322/2901/3572 1324/2903/3572
f 146/2912/3586 145/2905/3586 1321/2904/3586
f 146/2912/3587 1321/2904/3587 148/2911/3587
f 148/2911/3588 101/750/3588 146/2912/3588
f 35/749/3589 146/2912/3589 101/750/3589
f 146/2912/3590 35/749/3590 145/2905/3590
f 145/2905/3591 35/749/3591 37/2907/3591
f 37/2907/3592 35/749/3592 36/242/3592
f 36/242/3593 38/247/3593 37/2907/3593
f 39/2908/3594 37/2907/3594 38/247/3594
f 38/247/3595 31/252/3595 39/2908/3595
f 34/2909/3596 39/2908/3596 31/252/3596
f 34/2909/396 31/252/396 33/264/396
f 33/264/3597 112/269/3597 34/2909/3597
f 111/2913/3597 34/2909/3597 112/269/3597
f 112/269/3598 109/2914/3598 111/2913/3598
f 111/2913/3598 109/2914/3598 110/2915/3598
f 274/2916/3599 286/695/3599 110/2915/3599
f 124/692/3600 110/2915/3600 286/695/3600
f 110/2915/3601 124/692/3601 111/2913/3601
f 123/694/3602 111/2913/3602 124/692/3602
f 160/2917/3603 111/2913/3603 123/694/3603
f 123/694/3604 157/2910/3604 160/2917/3604
f 157/2910/3605 1333/2918/3605 160/2917/3605
f 157/2910/3606 158/2919/3606 1333/2918/3606
f 1334/2920/3607 1333/2918/3607 158/2919/3607
f 158/2919/3608 159/2921/3608 1334/2920/3608
f 1335/2922/3609 1334/2920/3609 159/2921/3609
f 1335/2922/3610 159/2921/3610 1336/2923/3610
f 1335/2922/3611 1336/2923/3611 1334/2920/3611
f 1333/2918/3611 1334/2920/3611 1336/2923/3611
f 1336/2923/3612 160/2917/3612 1333/2918/3612
f 160/2917/3613 1336/2923/3613 159/2921/3613
f 159/2921/3614 111/2913/3614 160/2917/3614
f 159/2921/3615 158/2919/3615 111/2913/3615
f 34/2909/3616 111/2913/3616 158/2919/3616
f 158/2919/3617 157/2910/3617 34/2909/3617
f 1822/2300/3618 1823/2304/3618 1854/2369/3618
f 1854/2369/3619 1853/2367/3619 1822/2300/3619
f 1821/2298/3619 1822/2300/3619 1853/2367/3619
f 1853/2367/3620 1852/2365/3620 1821/2298/3620
f 1820/2289/3620 1821/2298/3620 1852/2365/3620
f 1852/2365/3621 1851/2364/3621 1820/2289/3621
f 1819/2287/3621 1820/2289/3621 1851/2364/3621
f 1851/2364/3622 1818/2285/3622 1819/2287/3622
f 1851/2364/3622 1850/2363/3622 1818/2285/3622
f 1850/2363/2781 1817/2284/2781 1818/2285/2781
f 142/2924/3623 143/2925/3623 1317/2926/3623
f 1319/2927/3624 1317/2926/3624 143/2925/3624
f 142/2924/3625 1317/2926/3625 141/221/3625
f 142/2924/3626 141/221/3626 28/220/3626
f 28/220/3627 102/228/3627 142/2924/3627
f 143/2925/3628 142/2924/3628 102/228/3628
f 143/2925/3629 102/228/3629 144/226/3629
f 143/2925/3630 144/226/3630 1319/2927/3630
f 1320/229/3631 1319/2927/3631 144/226/3631
f 1319/2927/3632 1320/229/3632 1317/2926/3632
f 1318/225/3632 1317/2926/3632 1320/229/3632
f 1318/225/3633 141/221/3633 1317/2926/3633
f 1921/2174/2607 1890/2167/2607 1923/2166/2607
f 1890/2167/2614 1921/2174/2614 1889/2176/2614
f 1890/2167/3634 1889/2176/3634 1858/2168/3634
f 1857/2169/3634 1858/2168/3634 1889/2176/3634
f 1857/2169/3635 1889/2176/3635 1888/2312/3635
f 1920/2178/3636 1888/2312/3636 1889/2176/3636
f 1888/2312/2790 1920/2178/2790 1887/2371/2790
f 1887/2371/2731 1855/2314/2731 1888/2312/2731
f 1855/2314/2788 1887/2371/2788 1854/2369/2788
f 1855/2314/3618 1854/2369/3618 1823/2304/3618
f 1305/2928/3637 1266/2449/3637 1307/2448/3637
f 1305/2928/3638 1198/2529/3638 1266/2449/3638
f 1306/2929/3639 1198/2529/3639 1305/2928/3639
f 1306/2929/3640 1305/2928/3640 1657/2930/3640
f 1305/2928/3641 1307/2448/3641 1657/2930/3641
f 1659/2931/3641 1657/2930/3641 1307/2448/3641
f 1658/2932/3642 1306/2929/3642 1657/2930/3642
f 1658/2932/3643 1308/2933/3643 1306/2929/3643
f 1306/2929/3644 1308/2933/3644 1198/2529/3644
f 1251/2537/3645 1198/2529/3645 1308/2933/3645
f 1660/2934/3646 1308/2933/3646 1658/2932/3646
f 1114/2935/3647 1120/2936/3647 1261/2444/3647
f 1265/2447/3648 1261/2444/3648 1120/2936/3648
f 1120/2936/3649 1095/2937/3649 1265/2447/3649
f 1251/2537/3650 1265/2447/3650 1095/2937/3650
f 1265/2447/3651 1251/2537/3651 1307/2448/3651
f 1308/2933/3652 1307/2448/3652 1251/2537/3652
f 1307/2448/3653 1308/2933/3653 1659/2931/3653
f 1660/2934/3654 1659/2931/3654 1308/2933/3654
f 1659/2931/3655 1660/2934/3655 1657/2930/3655
f 1658/2932/3655 1657/2930/3655 1660/2934/3655
f 1152/2938/3656 1151/2583/3656 1069/2939/3656
f 1115/2582/3657 1069/2939/3657 1151/2583/3657
f 1115/2582/3658 1114/2935/3658 1069/2939/3658
f 1115/2582/3659 1119/2578/3659 1114/2935/3659
f 1120/2936/3660 1114/2935/3660 1119/2578/3660
f 1119/2578/3661 1093/2573/3661 1120/2936/3661
f 1095/2937/3662 1120/2936/3662 1093/2573/3662
f 1095/2937/3049 1093/2573/3049 1094/2566/3049
f 1095/2937/3663 1094/2566/3663 1251/2537/3663
f 1252/2536/3663 1251/2537/3663 1094/2566/3663
f 1152/2938/3664 1069/2939/3664 1150/2940/3664
f 1152/2938/3665 1150/2940/3665 1605/2941/3665
f 1606/2942/3666 1605/2941/3666 1149/2943/3666
f 1150/2940/3667 1149/2943/3667 1605/2941/3667
f 1150/2940/3668 1015/2944/3668 1149/2943/3668
f 1150/2940/3669 1069/2939/3669 1015/2944/3669
f 1015/2944/3670 1069/2939/3670 1013/2945/3670
f 1064/2946/3671 1013/2945/3671 1069/2939/3671
f 1014/2947/3672 1040/2584/3672 1015/2944/3672
f 1041/2581/3673 1015/2944/3673 1040/2584/3673
f 1149/2943/3674 1015/2944/3674 1041/2581/3674
f 1149/2943/3675 1041/2581/3675 1151/2583/3675
f 1149/2943/3676 1151/2583/3676 1606/2942/3676
f 1607/2948/3677 1606/2942/3677 1151/2583/3677
f 1606/2942/3678 1607/2948/3678 1605/2941/3678
f 1608/2949/3678 1605/2941/3678 1607/2948/3678
f 1608/2949/3679 1152/2938/3679 1605/2941/3679
f 1151/2583/3680 1152/2938/3680 1608/2949/3680
f 1607/2948/3681 1151/2583/3681 1608/2949/3681
f 1015/2944/3682 1013/2945/3682 1014/2947/3682
f 1060/2950/3683 1014/2947/3683 1013/2945/3683
f 1060/2950/3684 1013/2945/3684 1055/2951/3684
f 1064/2946/3685 1055/2951/3685 1013/2945/3685
f 1056/2952/3686 1055/2951/3686 1064/2946/3686
f 1065/2454/3687 1056/2952/3687 1064/2946/3687
f 1069/2939/3688 1065/2454/3688 1064/2946/3688
f 1065/2454/3689 1069/2939/3689 1114/2935/3689
f 1065/2454/3690 1114/2935/3690 1226/2443/3690
f 1261/2444/3691 1226/2443/3691 1114/2935/3691
f 1223/2455/3692 1056/2952/3692 1065/2454/3692
f 1223/2455/3693 1054/2460/3693 1056/2952/3693
f 1056/2952/3694 1054/2460/3694 1055/2951/3694
f 1057/2467/3695 1055/2951/3695 1054/2460/3695
f 1055/2951/3696 1057/2467/3696 1060/2950/3696
f 1060/2950/3697 1057/2467/3697 1058/2953/3697
f 1060/2950/3698 1058/2953/3698 1059/2954/3698
f 1014/2947/3699 1060/2950/3699 1059/2954/3699
f 1059/2954/3700 1012/2955/3700 1014/2947/3700
f 1014/2947/3701 1012/2955/3701 1040/2584/3701
f 1061/2956/3702 1059/2954/3702 1058/2953/3702
f 1051/2466/3703 1003/2469/3703 1057/2467/3703
f 1058/2953/3703 1057/2467/3703 1003/2469/3703
f 1003/2469/3704 1002/2957/3704 1058/2953/3704
f 1061/2956/3704 1058/2953/3704 1002/2957/3704
f 1002/2957/3705 1010/2958/3705 1061/2956/3705
f 1005/2959/3705 1061/2956/3705 1010/2958/3705
f 1061/2956/3706 1005/2959/3706 1059/2954/3706
f 1007/2960/3707 1059/2954/3707 1005/2959/3707
f 1012/2955/3708 1059/2954/3708 1007/2960/3708
f 1007/2960/3709 1011/2961/3709 1012/2955/3709
f 1008/2962/3710 1007/2960/3710 1006/2963/3710
f 1007/2960/3711 1005/2959/3711 1006/2963/3711
f 1006/2963/3712 1005/2959/3712 1009/2964/3712
f 1010/2958/3712 1009/2964/3712 1005/2959/3712
f 1010/2958/3713 1048/2965/3713 1009/2964/3713
f 1010/2958/3714 1004/2966/3714 1048/2965/3714
f 1004/2966/3714 1010/2958/3714 1002/2957/3714
f 1004/2966/3715 1002/2957/3715 1001/2967/3715
f 1003/2469/3715 1001/2967/3715 1002/2957/3715
f 1001/2967/2900 1003/2469/2900 1053/2468/2900
f 1049/2968/3713 1009/2964/3713 1048/2965/3713
f 1049/2968/3716 1047/2969/3716 1009/2964/3716
f 1047/2969/3717 1006/2963/3717 1009/2964/3717
f 1063/2970/3717 1006/2963/3717 1047/2969/3717
f 1006/2963/3718 1063/2970/3718 1008/2962/3718
f 1047/2969/3716 1049/2968/3716 1046/2971/3716
f 394/2972/3719 396/2973/3719 1046/2971/3719
f 1047/2969/3719 1046/2971/3719 396/2973/3719
f 398/2974/3720 1047/2969/3720 396/2973/3720
f 398/2974/3720 1063/2970/3720 1047/2969/3720
f 1063/2970/3721 398/2974/3721 1062/2975/3721
f 1062/2975/3722 1008/2962/3722 1063/2970/3722
f 1066/2976/3723 1008/2962/3723 1062/2975/3723
f 1062/2975/3724 409/2977/3724 1066/2976/3724
f 1066/2976/3725 409/2977/3725 1067/2978/3725
f 409/2977/3726 458/2979/3726 1067/2978/3726
f 400/2980/3727 1062/2975/3727 398/2974/3727
f 409/2977/3728 1062/2975/3728 400/2980/3728
f 1602/2981/3729 1145/2982/3729 1601/2983/3729
f 1602/2981/3730 1601/2983/3730 1603/2984/3730
f 1603/2984/3731 1601/2983/3731 1147/2985/3731
f 1147/2985/3732 1148/2986/3732 1603/2984/3732
f 1147/2985/3733 1067/2978/3733 1148/2986/3733
f 1111/2987/3734 1148/2986/3734 1067/2978/3734
f 1111/2987/3735 1067/2978/3735 458/2979/3735
f 458/2979/3736 1116/2988/3736 1111/2987/3736
f 1116/2988/3737 458/2979/3737 463/2636/3737
f 463/2636/3738 1099/2633/3738 1116/2988/3738
f 1604/2989/3739 1603/2984/3739 1148/2986/3739
f 1602/2981/3730 1603/2984/3730 1604/2989/3730
f 1604/2989/3740 1148/2986/3740 1602/2981/3740
f 1145/2982/3741 1602/2981/3741 1148/2986/3741
f 1148/2986/3742 1111/2987/3742 1145/2982/3742
f 1145/2982/3743 1111/2987/3743 1113/2990/3743
f 1113/2990/3744 1111/2987/3744 1118/2632/3744
f 1118/2632/3745 1117/2991/3745 1113/2990/3745
f 1033/2604/3746 1117/2991/3746 1118/2632/3746
f 1033/2604/3747 1045/2586/3747 1117/2991/3747
f 1043/2585/3747 1117/2991/3747 1045/2586/3747
f 1116/2988/3748 1118/2632/3748 1111/2987/3748
f 1118/2632/3749 1116/2988/3749 1157/2992/3749
f 1157/2992/3750 1031/2631/3750 1118/2632/3750
f 1158/2993/3751 1031/2631/3751 1157/2992/3751
f 1158/2993/3752 1099/2633/3752 1031/2631/3752
f 1160/2994/3753 1099/2633/3753 1158/2993/3753
f 1160/2994/3754 1159/2995/3754 1099/2633/3754
f 1159/2995/3755 1160/2994/3755 1615/2996/3755
f 1615/2996/3756 1613/2997/3756 1159/2995/3756
f 1614/2998/3757 1613/2997/3757 1615/2996/3757
f 1157/2992/3758 1613/2997/3758 1158/2993/3758
f 1157/2992/3759 1159/2995/3759 1613/2997/3759
f 1159/2995/3760 1157/2992/3760 1116/2988/3760
f 1116/2988/3761 1099/2633/3761 1159/2995/3761
f 1614/2998/3762 1158/2993/3762 1613/2997/3762
f 1158/2993/3763 1614/2998/3763 1160/2994/3763
f 1616/2999/3764 1160/2994/3764 1614/2998/3764
f 1616/2999/3765 1615/2996/3765 1160/2994/3765
f 1614/2998/3757 1615/2996/3757 1616/2999/3757
f 1846/2264/3766 1814/2260/3766 1847/2259/3766
f 1847/2259/3767 1879/2351/3767 1846/2264/3767
f 1878/2265/3767 1846/2264/3767 1879/2351/3767
f 1878/2265/2771 1879/2351/2771 1910/2350/2771
f 1878/2265/3768 1910/2350/3768 1877/2216/3768
f 1909/2217/3768 1877/2216/3768 1910/2350/3768
f 1909/2217/3769 1910/2350/3769 1941/2213/3769
f 1942/2214/3769 1941/2213/3769 1910/2350/3769
f 1910/2350/3770 1911/2349/3770 1942/2214/3770
f 1943/2215/3770 1942/2214/3770 1911/2349/3770
f 1125/3000/3771 1128/3001/3771 1104/2598/3771
f 1102/3002/3772 1104/2598/3772 1128/3001/3772
f 1128/3001/3773 1092/2677/3773 1102/3002/3773
f 1127/2679/3774 1092/2677/3774 1128/3001/3774
f 1127/2679/3775 1128/3001/3775 1583/3003/3775
f 1126/2678/3776 1127/2679/3776 1581/3004/3776
f 1583/3003/3777 1581/3004/3777 1127/2679/3777
f 1583/3003/3778 1584/3005/3778 1581/3004/3778
f 1584/3005/3779 1583/3003/3779 1128/3001/3779
f 1584/3005/3780 1128/3001/3780 1582/3006/3780
f 1128/3001/3781 1125/3000/3781 1582/3006/3781
f 1582/3006/3782 1125/3000/3782 1581/3004/3782
f 1125/3000/3783 1126/2678/3783 1581/3004/3783
f 1126/2678/3784 1125/3000/3784 1028/2600/3784
f 1104/2598/3785 1028/2600/3785 1125/3000/3785
f 1582/3006/3786 1581/3004/3786 1584/3005/3786
f 1090/2685/3787 1101/2696/3787 1092/2677/3787
f 1102/3002/3788 1092/2677/3788 1101/2696/3788
f 1102/3002/3789 1101/2696/3789 1106/3007/3789
f 1102/3002/3790 1106/3007/3790 1104/2598/3790
f 1104/2598/3790 1106/3007/3790 1108/2596/3790
f 1139/2590/3791 1108/2596/3791 1106/3007/3791
f 1106/3007/3792 1096/2574/3792 1139/2590/3792
f 1106/3007/3793 1107/2575/3793 1096/2574/3793
f 1107/2575/3794 1106/3007/3794 1101/2696/3794
f 950/2805/3795 904/3008/3795 981/2804/3795
f 949/3009/3796 904/3008/3796 950/2805/3796
f 950/2805/3797 954/2806/3797 949/3009/3797
f 901/2493/3798 902/2492/3798 903/3010/3798
f 903/3010/3799 904/3008/3799 901/2493/3799
f 904/3008/3800 903/3010/3800 982/3011/3800
f 982/3011/3801 981/2804/3801 904/3008/3801
f 981/2804/3802 982/3011/3802 1557/3012/3802
f 1558/2802/3803 981/2804/3803 1557/3012/3803
f 1559/3013/3804 1558/2802/3804 1557/3012/3804
f 1560/3014/3804 1558/2802/3804 1559/3013/3804
f 1560/3014/3805 1559/3013/3805 984/2803/3805
f 1560/3014/3806 984/2803/3806 1558/2802/3806
f 902/2492/3807 947/2496/3807 903/3010/3807
f 948/2763/3808 903/3010/3808 947/2496/3808
f 984/2803/3809 903/3010/3809 948/2763/3809
f 903/3010/3810 984/2803/3810 983/3015/3810
f 983/3015/3811 984/2803/3811 1559/3013/3811
f 1559/3013/3812 1557/3012/3812 983/3015/3812
f 982/3011/3813 983/3015/3813 1557/3012/3813
f 983/3015/3814 982/3011/3814 903/3010/3814
f 767/3016/3815 705/461/3815 780/3017/3815
f 705/461/3816 767/3016/3816 794/3018/3816
f 795/3019/3817 794/3018/3817 767/3016/3817
f 794/3018/3818 795/3019/3818 1490/3020/3818
f 1490/3020/3819 1489/3021/3819 794/3018/3819
f 793/3022/3819 794/3018/3819 1489/3021/3819
f 794/3018/3820 793/3022/3820 705/461/3820
f 703/463/3820 705/461/3820 793/3022/3820
f 1492/3023/3821 796/3024/3821 1489/3021/3821
f 1489/3021/3822 1490/3020/3822 1492/3023/3822
f 1491/3025/3823 1492/3023/3823 1490/3020/3823
f 1491/3025/3818 1490/3020/3818 795/3019/3818
f 1492/3023/3824 1491/3025/3824 795/3019/3824
f 1492/3023/3825 795/3019/3825 796/3024/3825
f 795/3019/3826 767/3016/3826 796/3024/3826
f 796/3024/3826 767/3016/3826 716/447/3826
f 1521/458/634 1522/452/634 1524/453/634
f 1521/458/3827 1524/453/3827 826/451/3827
f 828/454/3827 826/451/3827 1524/453/3827
f 826/451/3828 828/454/3828 714/445/3828
f 791/455/3829 714/445/3829 828/454/3829
f 703/463/3830 714/445/3830 791/455/3830
f 703/463/3830 716/447/3830 714/445/3830
f 793/3022/3831 716/447/3831 703/463/3831
f 716/447/3832 793/3022/3832 796/3024/3832
f 796/3024/3821 793/3022/3821 1489/3021/3821
f 717/3026/3833 715/446/3833 716/447/3833
f 716/447/3834 767/3016/3834 717/3026/3834
f 768/3027/3834 717/3026/3834 767/3016/3834
f 779/3028/3835 768/3027/3835 767/3016/3835
f 780/3017/3836 779/3028/3836 767/3016/3836
f 780/3017/3837 774/3029/3837 779/3028/3837
f 775/3030/3838 774/3029/3838 780/3017/3838
f 775/3030/3839 700/3031/3839 774/3029/3839
f 701/508/3840 700/3031/3840 775/3030/3840
f 702/3032/3841 700/3031/3841 701/508/3841
f 775/3030/3842 780/3017/3842 807/3033/3842
f 700/3031/3843 764/3034/3843 798/3035/3843
f 798/3035/3844 797/3036/3844 700/3031/3844
f 774/3029/3845 700/3031/3845 797/3036/3845
f 797/3036/3846 773/3037/3846 774/3029/3846
f 774/3029/3847 773/3037/3847 779/3028/3847
f 1493/3038/3848 797/3036/3848 798/3035/3848
f 798/3035/3849 799/3039/3849 1493/3038/3849
f 773/3037/3850 764/3034/3850 613/3040/3850
f 800/3041/3851 764/3034/3851 773/3037/3851
f 773/3037/3852 797/3036/3852 800/3041/3852
f 797/3036/3853 1494/3042/3853 800/3041/3853
f 1494/3042/3854 797/3036/3854 1493/3038/3854
f 1493/3038/3855 1495/3043/3855 1494/3042/3855
f 1495/3043/3856 1493/3038/3856 799/3039/3856
f 799/3039/3857 800/3041/3857 1495/3043/3857
f 764/3034/3858 800/3041/3858 799/3039/3858
f 799/3039/3859 798/3035/3859 764/3034/3859
f 1496/3044/3860 1495/3043/3860 800/3041/3860
f 1496/3044/3861 800/3041/3861 1494/3042/3861
f 1495/3043/3855 1496/3044/3855 1494/3042/3855
f 751/3045/3862 594/3046/3862 760/3047/3862
f 760/3047/3863 702/3032/3863 751/3045/3863
f 702/3032/3864 760/3047/3864 700/3031/3864
f 764/3034/3865 700/3031/3865 760/3047/3865
f 760/3047/3866 597/3048/3866 764/3034/3866
f 597/3048/3867 613/3040/3867 764/3034/3867
f 597/3048/3868 599/3049/3868 613/3040/3868
f 613/3040/3869 599/3049/3869 612/3050/3869
f 612/3050/3870 599/3049/3870 639/3051/3870
f 640/3052/3871 639/3051/3871 599/3049/3871
f 597/3048/3872 760/3047/3872 594/3046/3872
f 1456/3053/3873 639/3051/3873 640/3052/3873
f 1453/3054/3874 1456/3053/3874 640/3052/3874
f 1453/3054/3875 640/3052/3875 638/3055/3875
f 640/3052/3876 599/3049/3876 638/3055/3876
f 638/3055/3877 599/3049/3877 543/3056/3877
f 543/3056/3878 637/3057/3878 638/3055/3878
f 638/3055/3879 637/3057/3879 1453/3054/3879
f 1454/3058/3880 1453/3054/3880 637/3057/3880
f 1453/3054/3881 1454/3058/3881 1456/3053/3881
f 1455/3059/3881 1456/3053/3881 1454/3058/3881
f 1455/3059/3882 639/3051/3882 1456/3053/3882
f 1455/3059/3883 1454/3058/3883 639/3051/3883
f 637/3057/3883 639/3051/3883 1454/3058/3883
f 639/3051/3884 637/3057/3884 612/3050/3884
f 545/3060/3885 612/3050/3885 637/3057/3885
f 637/3057/3886 543/3056/3886 545/3060/3886
f 545/3060/3887 543/3056/3887 544/3061/3887
f 547/404/3888 545/3060/3888 546/402/3888
f 544/3061/3889 546/402/3889 545/3060/3889
f 641/3062/3890 546/402/3890 544/3061/3890
f 641/3062/3891 544/3061/3891 643/3063/3891
f 641/3062/3892 643/3063/3892 1457/3064/3892
f 1459/3065/3892 1457/3064/3892 643/3063/3892
f 1459/3065/3893 1460/3066/3893 1457/3064/3893
f 1460/3066/3894 1459/3065/3894 644/3067/3894
f 1460/3066/3895 644/3067/3895 1458/3068/3895
f 642/3069/3895 1458/3068/3895 644/3067/3895
f 643/3063/3896 644/3067/3896 1459/3065/3896
f 1458/3068/3893 1457/3064/3893 1460/3066/3893
f 1458/3068/3897 642/3069/3897 1457/3064/3897
f 1457/3064/3898 642/3069/3898 641/3062/3898
f 642/3069/3899 546/402/3899 641/3062/3899
f 642/3069/3900 644/3067/3900 546/402/3900
f 616/403/3901 546/402/3901 644/3067/3901
f 644/3067/3902 643/3063/3902 616/403/3902
f 610/561/3903 616/403/3903 643/3063/3903
f 610/561/3904 643/3063/3904 544/3061/3904
f 544/3061/3905 534/540/3905 610/561/3905
f 534/540/3906 544/3061/3906 543/3056/3906
f 535/541/3907 534/540/3907 543/3056/3907
f 535/541/3908 543/3056/3908 598/3070/3908
f 535/541/3909 598/3070/3909 530/542/3909
f 593/3071/3910 530/542/3910 598/3070/3910
f 593/3071/743 595/543/743 530/542/743
f 595/543/3911 593/3071/3911 592/3072/3911
f 592/3072/3912 579/526/3912 595/543/3912
f 592/3072/3913 750/511/3913 579/526/3913
f 749/516/3914 579/526/3914 750/511/3914
f 753/510/3915 749/516/3915 750/511/3915
f 701/508/3916 755/509/3916 702/3032/3916
f 755/509/3917 751/3045/3917 702/3032/3917
f 751/3045/710 755/509/710 750/511/710
f 751/3045/3918 750/511/3918 592/3072/3918
f 751/3045/3918 592/3072/3918 594/3046/3918
f 594/3046/3911 592/3072/3911 593/3071/3911
f 594/3046/3919 593/3071/3919 597/3048/3919
f 598/3070/3920 597/3048/3920 593/3071/3920
f 599/3049/3921 597/3048/3921 598/3070/3921
f 598/3070/3922 543/3056/3922 599/3049/3922
f 808/3073/3923 807/3033/3923 780/3017/3923
f 807/3033/3924 808/3073/3924 1503/3074/3924
f 1503/3074/3925 1501/3075/3925 807/3033/3925
f 805/490/3925 807/3033/3925 1501/3075/3925
f 807/3033/3926 805/490/3926 775/3030/3926
f 707/489/3927 775/3030/3927 805/490/3927
f 775/3030/3928 707/489/3928 701/508/3928
f 699/506/3928 701/508/3928 707/489/3928
f 699/506/3929 707/489/3929 708/496/3929
f 698/498/3930 699/506/3930 708/496/3930
f 1501/3075/3931 806/491/3931 805/490/3931
f 1502/3076/3932 806/491/3932 1501/3075/3932
f 1501/3075/3933 1503/3074/3933 1502/3076/3933
f 1503/3074/3933 1504/3077/3933 1502/3076/3933
f 1504/3077/3934 1503/3074/3934 808/3073/3934
f 1504/3077/3935 808/3073/3935 1502/3076/3935
f 808/3073/3935 806/491/3935 1502/3076/3935
f 780/3017/3936 806/491/3936 808/3073/3936
f 806/491/3937 780/3017/3937 710/460/3937
f 710/460/3815 780/3017/3815 705/461/3815
f 725/3078/3938 724/420/3938 556/3079/3938
f 725/3078/3939 674/3080/3939 724/420/3939
f 556/3079/3940 554/3081/3940 555/354/3940
f 554/3081/3938 556/3079/3938 724/420/3938
f 554/3081/589 724/420/589 570/419/589
f 557/361/506 517/352/506 555/354/506
f 557/361/3940 555/354/3940 554/3081/3940
f 557/361/3941 554/3081/3941 571/370/3941
f 570/419/3941 571/370/3941 554/3081/3941
f 571/370/3942 570/419/3942 569/371/3942
f 570/419/3943 568/423/3943 569/371/3943
f 569/371/3944 568/423/3944 574/418/3944
f 574/418/3945 573/372/3945 569/371/3945
f 573/372/3946 574/418/3946 575/416/3946
f 575/416/3947 576/373/3947 573/372/3947
f 655/3082/3948 575/416/3948 656/417/3948
f 655/3082/3949 656/417/3949 1471/3083/3949
f 1471/3083/3950 1470/3084/3950 655/3082/3950
f 654/3085/3951 655/3082/3951 1470/3084/3951
f 655/3082/3952 654/3085/3952 575/416/3952
f 576/373/3953 575/416/3953 654/3085/3953
f 654/3085/3954 653/377/3954 576/373/3954
f 1470/3084/3955 653/377/3955 654/3085/3955
f 1470/3084/3956 1469/3086/3956 653/377/3956
f 1470/3084/3957 1471/3083/3957 1469/3086/3957
f 1472/3087/3957 1469/3086/3957 1471/3083/3957
f 1472/3087/3958 1471/3083/3958 656/417/3958
f 1469/3086/3959 1472/3087/3959 656/417/3959
f 1469/3086/3959 656/417/3959 653/377/3959
f 656/417/3960 620/388/3960 653/377/3960
f 680/3088/3961 683/3089/3961 678/3090/3961
f 683/3089/3962 680/3088/3962 738/3091/3962
f 738/3091/3963 739/3092/3963 683/3089/3963
f 820/3093/3964 739/3092/3964 784/3094/3964
f 819/3095/3965 739/3092/3965 820/3093/3965
f 819/3095/3966 818/468/3966 739/3092/3966
f 740/459/3967 739/3092/3967 818/468/3967
f 683/3089/3968 739/3092/3968 740/459/3968
f 740/459/3969 684/457/3969 683/3089/3969
f 684/457/3970 678/3090/3970 683/3089/3970
f 684/457/3971 729/440/3971 678/3090/3971
f 678/3090/3972 729/440/3972 679/3096/3972
f 731/439/3973 679/3096/3973 729/440/3973
f 1514/3097/3974 817/467/3974 818/468/3974
f 818/468/3975 819/3095/3975 1514/3097/3975
f 1515/3098/3975 1514/3097/3975 819/3095/3975
f 819/3095/3976 820/3093/3976 1515/3098/3976
f 1516/3099/3977 1515/3098/3977 820/3093/3977
f 1516/3099/3978 820/3093/3978 1513/3100/3978
f 1513/3100/3979 1514/3097/3979 1516/3099/3979
f 1514/3097/3980 1513/3100/3980 817/467/3980
f 817/467/3981 1513/3100/3981 820/3093/3981
f 817/467/3982 820/3093/3982 786/466/3982
f 1515/3098/3979 1516/3099/3979 1514/3097/3979
f 784/3094/3983 786/466/3983 820/3093/3983
f 789/469/654 786/466/654 784/3094/654
f 789/469/3984 784/3094/3984 788/3101/3984
f 788/3101/3985 771/477/3985 789/469/3985
f 771/477/3986 788/3101/3986 929/2812/3986
f 771/477/3987 929/2812/3987 769/478/3987
f 930/2811/3987 769/478/3987 929/2812/3987
f 930/2811/3988 781/481/3988 769/478/3988
f 942/485/3989 781/481/3989 930/2811/3989
f 942/485/3990 930/2811/3990 975/2814/3990
f 956/3102/3991 929/2812/3991 788/3101/3991
f 997/3103/3992 879/2809/3992 880/2808/3992
f 997/3103/3993 880/2808/3993 999/3104/3993
f 999/3104/3994 880/2808/3994 929/2812/3994
f 999/3104/3995 929/2812/3995 1000/3105/3995
f 1000/3105/3996 929/2812/3996 956/3102/3996
f 956/3102/3997 879/2809/3997 1000/3105/3997
f 879/2809/3998 956/3102/3998 877/3106/3998
f 877/3106/3999 876/3107/3999 879/2809/3999
f 877/3106/4000 851/3108/4000 876/3107/4000
f 850/3109/4001 876/3107/4001 851/3108/4001
f 1576/3110/4002 999/3104/4002 1000/3105/4002
f 998/3111/4003 997/3103/4003 1573/3112/4003
f 1574/3113/4004 1573/3112/4004 997/3103/4004
f 997/3103/4005 999/3104/4005 1574/3113/4005
f 1575/3114/4006 1574/3113/4006 999/3104/4006
f 1576/3110/4007 1575/3114/4007 999/3104/4007
f 1575/3114/4008 1576/3110/4008 1573/3112/4008
f 1573/3112/4009 1576/3110/4009 1000/3105/4009
f 1573/3112/4010 1000/3105/4010 998/3111/4010
f 998/3111/4011 1000/3105/4011 879/2809/4011
f 998/3111/4012 879/2809/4012 997/3103/4012
f 1574/3113/4008 1575/3114/4008 1573/3112/4008
f 851/3108/4013 849/3115/4013 850/3109/4013
f 894/3116/4014 850/3109/4014 849/3115/4014
f 849/3115/4015 890/3117/4015 894/3116/4015
f 890/3117/4016 891/3118/4016 894/3116/4016
f 891/3118/4017 890/3117/4017 734/3119/4017
f 891/3118/4018 734/3119/4018 888/3120/4018
f 888/3120/4018 734/3119/4018 719/3121/4018
f 719/3121/4019 721/3122/4019 888/3120/4019
f 721/3122/4020 719/3121/4020 718/3123/4020
f 720/3124/4020 718/3123/4020 719/3121/4020
f 889/3125/4019 888/3120/4019 721/3122/4019
f 735/3126/4021 734/3119/4021 890/3117/4021
f 735/3126/4022 890/3117/4022 900/3127/4022
f 890/3117/4023 849/3115/4023 900/3127/4023
f 720/3124/4024 677/3128/4024 681/3129/4024
f 733/3130/4024 677/3128/4024 720/3124/4024
f 720/3124/4025 719/3121/4025 733/3130/4025
f 734/3119/4025 733/3130/4025 719/3121/4025
f 734/3119/4026 732/3131/4026 733/3130/4026
f 735/3126/4027 732/3131/4027 734/3119/4027
f 737/3132/4028 732/3131/4028 735/3126/4028
f 900/3127/4029 737/3132/4029 735/3126/4029
f 905/3133/4030 737/3132/4030 900/3127/4030
f 900/3127/4031 849/3115/4031 905/3133/4031
f 951/3134/4032 783/3135/4032 905/3133/4032
f 905/3133/4033 783/3135/4033 737/3132/4033
f 737/3132/4034 783/3135/4034 739/3092/4034
f 738/3091/4035 737/3132/4035 739/3092/4035
f 732/3131/4036 737/3132/4036 738/3091/4036
f 680/3088/4037 732/3131/4037 738/3091/4037
f 732/3131/4038 680/3088/4038 733/3130/4038
f 677/3128/4039 733/3130/4039 680/3088/4039
f 680/3088/4040 678/3090/4040 677/3128/4040
f 679/3096/4041 677/3128/4041 678/3090/4041
f 1561/3136/4042 988/3137/4042 986/3138/4042
f 988/3137/4043 905/3133/4043 986/3138/4043
f 988/3137/4044 987/3139/4044 905/3133/4044
f 951/3134/4045 905/3133/4045 987/3139/4045
f 987/3139/4046 877/3106/4046 951/3134/4046
f 951/3134/3998 877/3106/3998 956/3102/3998
f 951/3134/4047 956/3102/4047 783/3135/4047
f 788/3101/4048 783/3135/4048 956/3102/4048
f 783/3135/4049 788/3101/4049 784/3094/4049
f 784/3094/4050 739/3092/4050 783/3135/4050
f 985/3140/4051 851/3108/4051 877/3106/4051
f 985/3140/4052 877/3106/4052 987/3139/4052
f 985/3140/4053 987/3139/4053 1562/3141/4053
f 851/3108/4054 905/3133/4054 849/3115/4054
f 986/3138/4055 905/3133/4055 851/3108/4055
f 986/3138/4056 851/3108/4056 985/3140/4056
f 986/3138/4057 985/3140/4057 1561/3136/4057
f 1562/3141/4058 1561/3136/4058 985/3140/4058
f 1562/3141/4059 1563/3142/4059 1561/3136/4059
f 1563/3142/4060 1562/3141/4060 987/3139/4060
f 1564/3143/4061 1563/3142/4061 987/3139/4061
f 1564/3143/4062 987/3139/4062 988/3137/4062
f 1561/3136/4063 1564/3143/4063 988/3137/4063
f 1563/3142/4059 1564/3143/4059 1561/3136/4059
f 359/3144/4064 357/3145/4064 358/3146/4064
f 357/3145/4065 359/3144/4065 408/3147/4065
f 408/3147/4066 359/3144/4066 413/3148/4066
f 494/3149/4067 413/3148/4067 359/3144/4067
f 494/3149/4068 359/3144/4068 493/3150/4068
f 358/3146/4069 357/3145/4069 405/3151/4069
f 357/3145/4070 399/3152/4070 405/3151/4070
f 399/3152/4071 357/3145/4071 408/3147/4071
f 400/3153/4072 399/3152/4072 408/3147/4072
f 408/3147/4073 409/3154/4073 400/3153/4073
f 413/3148/4074 409/3154/4074 408/3147/4074
f 409/3154/4075 413/3148/4075 458/3155/4075
f 458/3155/4076 413/3148/4076 459/3156/4076
f 458/3155/4077 459/3156/4077 463/3157/4077
f 1431/3158/4078 495/3159/4078 1432/3160/4078
f 1431/3158/4079 1430/3161/4079 495/3159/4079
f 493/3150/4080 495/3159/4080 1430/3161/4080
f 1430/3161/4081 1429/3162/4081 493/3150/4081
f 494/3149/4082 493/3150/4082 1429/3162/4082
f 1429/3162/4083 496/3163/4083 494/3149/4083
f 496/3163/4084 413/3148/4084 494/3149/4084
f 496/3163/4085 495/3159/4085 413/3148/4085
f 459/3156/4086 413/3148/4086 495/3159/4086
f 495/3159/4087 493/3150/4087 459/3156/4087
f 496/3163/4088 1432/3160/4088 495/3159/4088
f 1432/3160/4089 496/3163/4089 1429/3162/4089
f 1429/3162/4090 1430/3161/4090 1432/3160/4090
f 1431/3158/4090 1432/3160/4090 1430/3161/4090
f 387/3164/4091 385/184/4091 386/181/4091
f 459/3156/4092 385/184/4092 387/3164/4092
f 459/3156/4092 387/3164/4092 464/3165/4092
f 464/3165/4093 463/3157/4093 459/3156/4093
f 463/3157/4094 464/3165/4094 439/3166/4094
f 439/3166/4095 464/3165/4095 437/150/4095
f 439/3166/197 437/150/197 438/148/197
f 389/152/4096 387/3164/4096 388/154/4096
f 387/3164/4097 389/152/4097 505/3167/4097
f 505/3167/4098 464/3165/4098 387/3164/4098
f 508/3168/4099 464/3165/4099 505/3167/4099
f 508/3168/4100 437/150/4100 464/3165/4100
f 507/3169/4101 437/150/4101 508/3168/4101
f 507/3169/4102 506/3170/4102 437/150/4102
f 506/3170/4103 507/3169/4103 1442/3171/4103
f 1442/3171/4104 1441/3172/4104 506/3170/4104
f 1441/3172/4105 1442/3171/4105 1444/3173/4105
f 389/152/4106 437/150/4106 506/3170/4106
f 506/3170/4107 505/3167/4107 389/152/4107
f 505/3167/4108 506/3170/4108 1441/3172/4108
f 1441/3172/4109 508/3168/4109 505/3167/4109
f 1444/3173/4110 508/3168/4110 1441/3172/4110
f 508/3168/4111 1444/3173/4111 507/3169/4111
f 1443/3174/4112 507/3169/4112 1444/3173/4112
f 1443/3174/4113 1442/3171/4113 507/3169/4113
f 1443/3174/4105 1444/3173/4105 1442/3171/4105
f 350/3175/4114 402/3176/4114 352/3177/4114
f 404/3178/4115 352/3177/4115 402/3176/4115
f 404/3178/4116 402/3176/4116 403/3179/4116
f 405/3151/4117 403/3179/4117 402/3176/4117
f 403/3179/4118 405/3151/4118 401/3180/4118
f 399/3152/4119 401/3180/4119 405/3151/4119
f 351/3181/4120 349/3182/4120 350/3175/4120
f 351/3181/4121 350/3175/4121 352/3177/4121
f 352/3177/4122 353/3183/4122 351/3181/4122
f 353/3183/4123 352/3177/4123 347/3184/4123
f 347/3184/4123 352/3177/4123 404/3178/4123
f 347/3184/4124 404/3178/4124 345/3185/4124
f 403/3179/4124 345/3185/4124 404/3178/4124
f 345/3185/4125 403/3179/4125 397/3186/4125
f 401/3180/4125 397/3186/4125 403/3179/4125
f 401/3180/4126 398/3187/4126 397/3186/4126
f 401/3180/4127 399/3152/4127 398/3187/4127
f 400/3153/4128 398/3187/4128 399/3152/4128
f 396/3188/4126 397/3186/4126 398/3187/4126
f 396/3188/4129 394/3189/4129 395/3190/4129
f 395/3190/4129 397/3186/4129 396/3188/4129
f 395/3190/4130 348/3191/4130 397/3186/4130
f 345/3185/4130 397/3186/4130 348/3191/4130
f 348/3191/4131 346/3192/4131 345/3185/4131
f 347/3184/4131 345/3185/4131 346/3192/4131
f 346/3192/4132 392/793/4132 347/3184/4132
f 353/3183/4132 347/3184/4132 392/793/4132
f 353/3183/1168 392/793/1168 354/792/1168
f 354/792/4122 351/3181/4122 353/3183/4122
f 351/3181/1167 354/792/1167 407/791/1167
f 351/3181/4133 407/791/4133 349/3182/4133
f 406/794/4134 349/3182/4134 407/791/4134
f 410/795/4135 349/3182/4135 406/794/4135
f 349/3182/4136 410/795/4136 355/3193/4136
f 349/3182/4137 355/3193/4137 350/3175/4137
f 356/3194/4138 350/3175/4138 355/3193/4138
f 350/3175/4139 356/3194/4139 402/3176/4139
f 356/3194/4140 358/3146/4140 402/3176/4140
f 402/3176/4141 358/3146/4141 405/3151/4141
f 385/184/4142 459/3156/4142 493/3150/4142
f 385/184/4143 493/3150/4143 359/3144/4143
f 385/184/4144 359/3144/4144 384/183/4144
f 358/3146/4145 384/183/4145 359/3144/4145
f 384/183/4146 358/3146/4146 456/189/4146
f 356/3194/4147 456/189/4147 358/3146/4147
f 356/3194/4148 412/60/4148 456/189/4148
f 412/60/4149 356/3194/4149 355/3193/4149
f 355/3193/4150 411/59/4150 412/60/4150
f 410/795/4151 411/59/4151 355/3193/4151
f 225/711/4152 276/712/4152 273/3195/4152
f 225/711/4153 273/3195/4153 342/3196/4153
f 343/3197/4154 342/3196/4154 273/3195/4154
f 342/3196/4155 343/3197/4155 1398/288/4155
f 1398/288/4156 1397/286/4156 342/3196/4156
f 341/284/4157 342/3196/4157 1397/286/4157
f 342/3196/4158 341/284/4158 225/711/4158
f 223/283/4159 225/711/4159 341/284/4159
f 1399/3198/4160 1400/287/4160 1398/288/4160
f 1399/3198/4161 1398/288/4161 343/3197/4161
f 1399/3198/4162 343/3197/4162 1400/287/4162
f 1400/287/4163 343/3197/4163 344/285/4163
f 343/3197/4164 273/3195/4164 344/285/4164
f 344/285/4165 273/3195/4165 300/278/4165
f 109/2914/4166 300/278/4166 273/3195/4166
f 131/276/4167 300/278/4167 109/2914/4167
f 112/269/4168 131/276/4168 109/2914/4168
f 132/272/4169 131/276/4169 112/269/4169
f 273/3195/4170 110/2915/4170 109/2914/4170
f 274/2916/4170 110/2915/4170 273/3195/4170
f 276/712/4152 274/2916/4152 273/3195/4152
f 318/3199/4171 274/2916/4171 276/712/4171
f 318/3199/4172 276/712/4172 317/3200/4172
f 317/3200/4173 1373/3201/4173 318/3199/4173
f 317/3200/4174 319/3202/4174 1373/3201/4174
f 317/3200/4175 276/712/4175 288/696/4175
f 288/696/4176 286/695/4176 317/3200/4176
f 319/3202/4177 317/3200/4177 286/695/4177
f 286/695/4178 274/2916/4178 319/3202/4178
f 320/3203/4179 319/3202/4179 274/2916/4179
f 320/3203/4180 274/2916/4180 318/3199/4180
f 1374/3204/4181 320/3203/4181 318/3199/4181
f 1374/3204/4182 318/3199/4182 1373/3201/4182
f 1374/3204/4183 1373/3201/4183 1375/3205/4183
f 1375/3205/4184 1373/3201/4184 319/3202/4184
f 319/3202/4185 320/3203/4185 1375/3205/4185
f 1376/3206/4186 1375/3205/4186 320/3203/4186
f 1374/3204/4187 1376/3206/4187 320/3203/4187
f 1374/3204/4183 1375/3205/4183 1376/3206/4183
f 1130/2622/4188 1129/2624/4188 1585/3207/4188
f 1130/2622/4189 1585/3207/4189 1132/2619/4189
f 1588/2620/4190 1132/2619/4190 1585/3207/4190
f 1585/3207/3130 1586/2628/3130 1588/2620/3130
f 1586/2628/4191 1585/3207/4191 1129/2624/4191
f 1567/3208/4192 989/3209/4192 991/3210/4192
f 991/3210/4193 992/3211/4193 1567/3208/4193
f 1568/3212/4194 1567/3208/4194 992/3211/4194
f 879/2809/4195 876/3107/4195 878/2807/4195
f 989/3209/4196 878/2807/4196 876/3107/4196
f 876/3107/4197 949/3009/4197 989/3209/4197
f 991/3210/4198 989/3209/4198 949/3009/4198
f 949/3009/4199 954/2806/4199 991/3210/4199
f 992/3211/4200 991/3210/4200 954/2806/4200
f 992/3211/4201 954/2806/4201 990/3213/4201
f 992/3211/4202 990/3213/4202 1568/3212/4202
f 1566/3214/4202 1568/3212/4202 990/3213/4202
f 1568/3212/4203 1566/3214/4203 1567/3208/4203
f 1566/3214/4204 990/3213/4204 1565/3215/4204
f 1567/3208/4205 1566/3214/4205 1565/3215/4205
f 1565/3215/4206 989/3209/4206 1567/3208/4206
f 1565/3215/4207 990/3213/4207 989/3209/4207
f 990/3213/4208 878/2807/4208 989/3209/4208
f 990/3213/4209 954/2806/4209 878/2807/4209
f 899/3216/4210 897/2483/4210 896/2491/4210
f 896/2491/4211 841/3217/4211 899/3216/4211
f 901/2493/4212 841/3217/4212 896/2491/4212
f 841/3217/4213 901/2493/4213 847/3218/4213
f 847/3218/4214 901/2493/4214 904/3008/4214
f 904/3008/4215 848/3219/4215 847/3218/4215
f 904/3008/4216 949/3009/4216 848/3219/4216
f 949/3009/4217 876/3107/4217 848/3219/4217
f 850/3109/4218 848/3219/4218 876/3107/4218
f 893/3220/4219 848/3219/4219 850/3109/4219
f 842/3221/4220 893/3220/4220 844/3222/4220
f 895/3223/4221 844/3222/4221 893/3220/4221
f 895/3223/4222 893/3220/4222 892/3224/4222
f 892/3224/4223 840/3225/4223 895/3223/4223
f 843/3226/4224 842/3221/4224 844/3222/4224
f 844/3222/4225 895/3223/4225 846/3227/4225
f 845/3228/4226 844/3222/4226 846/3227/4226
f 845/3228/4226 843/3226/4226 844/3222/4226
f 845/3228/4227 885/3229/4227 843/3226/4227
f 899/3216/4227 843/3226/4227 885/3229/4227
f 843/3226/4228 899/3216/4228 841/3217/4228
f 843/3226/4229 841/3217/4229 842/3221/4229
f 847/3218/4230 842/3221/4230 841/3217/4230
f 842/3221/4231 847/3218/4231 848/3219/4231
f 848/3219/4232 893/3220/4232 842/3221/4232
f 839/3230/4233 837/3231/4233 838/3232/4233
f 839/3230/4234 846/3227/4234 837/3231/4234
f 887/3233/4234 846/3227/4234 839/3230/4234
f 887/3233/4235 886/3234/4235 846/3227/4235
f 845/3228/4235 846/3227/4235 886/3234/4235
f 886/3234/4236 883/2486/4236 845/3228/4236
f 885/3229/4236 845/3228/4236 883/2486/4236
f 885/3229/2913 883/2486/2913 882/2484/2913
f 885/3229/4237 882/2484/4237 899/3216/4237
f 897/2483/4237 899/3216/4237 882/2484/4237
f 850/3109/4238 894/3116/4238 893/3220/4238
f 894/3116/4239 892/3224/4239 893/3220/4239
f 892/3224/4240 894/3116/4240 891/3118/4240
f 891/3118/4241 888/3120/4241 892/3224/4241
f 840/3225/4241 892/3224/4241 888/3120/4241
f 888/3120/4242 889/3125/4242 840/3225/4242
f 838/3232/4242 840/3225/4242 889/3125/4242
f 840/3225/4233 838/3232/4233 837/3231/4233
f 837/3231/4223 895/3223/4223 840/3225/4223
f 837/3231/4225 846/3227/4225 895/3223/4225
f 2526/3235/4243 2533/3236/4243 2527/3237/4243
f 2534/3238/4244 2527/3237/4244 2533/3236/4244
f 2533/3236/4245 2646/3239/4245 2534/3238/4245
f 2647/3240/4246 2534/3238/4246 2646/3239/4246
f 3002/3241/4247 3001/3242/4247 2505/3243/4247
f 2503/3244/4248 2505/3243/4248 3001/3242/4248
f 2505/3243/4249 2503/3244/4249 2502/3245/4249
f 2504/3246/4250 2502/3245/4250 2503/3244/4250
f 2504/3246/4251 2512/3247/4251 2502/3245/4251
f 2513/3248/4251 2502/3245/4251 2512/3247/4251
f 2512/3247/4252 2519/3249/4252 2513/3248/4252
f 2520/3250/4252 2513/3248/4252 2519/3249/4252
f 2519/3249/4253 2526/3235/4253 2520/3250/4253
f 2527/3237/4253 2520/3250/4253 2526/3235/4253
f 1512/3251/4254 1511/3252/4254 815/3253/4254
f 1511/3252/4255 1509/3254/4255 1510/3255/4255
f 1512/3251/4255 1509/3254/4255 1511/3252/4255
f 1512/3251/4256 816/3256/4256 1509/3254/4256
f 1512/3251/4257 815/3253/4257 816/3256/4257
f 815/3253/4258 772/3257/4258 816/3256/4258
f 815/3253/4259 704/462/4259 772/3257/4259
f 706/464/4260 772/3257/4260 704/462/4260
f 772/3257/4260 706/464/4260 770/476/4260
f 770/476/4261 706/464/4261 832/479/4261
f 832/479/4262 831/475/4262 770/476/4262
f 813/3258/4263 1509/3254/4263 816/3256/4263
f 813/3258/4264 814/3259/4264 1509/3254/4264
f 1510/3255/4265 1509/3254/4265 814/3259/4265
f 772/3257/664 770/476/664 769/478/664
f 769/478/4266 782/482/4266 772/3257/4266
f 816/3256/4267 772/3257/4267 782/482/4267
f 782/482/4268 711/488/4268 816/3256/4268
f 813/3258/4269 816/3256/4269 711/488/4269
f 711/488/4270 704/462/4270 813/3258/4270
f 814/3259/4271 813/3258/4271 704/462/4271
f 814/3259/4272 704/462/4272 815/3253/4272
f 814/3259/4273 815/3253/4273 1510/3255/4273
f 1511/3252/4273 1510/3255/4273 815/3253/4273
f 2315/3260/4274 2313/3261/4274 2314/3262/4274
f 2315/3260/4275 2314/3262/4275 2316/3263/4275
f 2314/3262/4276 2998/3264/4276 2316/3263/4276
f 2998/3264/4277 2997/3265/4277 2316/3263/4277
f 2478/3266/4278 2477/3267/4278 2345/3268/4278
f 2344/3269/4279 2345/3268/4279 2477/3267/4279
f 2345/3268/4280 2344/3269/4280 2337/3270/4280
f 2338/3271/4281 2337/3270/4281 2344/3269/4281
f 2337/3270/4282 2338/3271/4282 2330/3272/4282
f 2330/3272/4282 2331/3273/4282 2337/3270/4282
f 2331/3273/4283 2330/3272/4283 2323/3274/4283
f 2331/3273/4283 2323/3274/4283 2324/3275/4283
f 2324/3275/4284 2323/3274/4284 2313/3261/4284
f 2324/3275/4284 2313/3261/4284 2315/3260/4284
f 1487/3276/4285 1486/3277/4285 671/3278/4285
f 602/604/841 601/585/841 277/583/841
f 602/604/811 552/590/811 601/585/811
f 671/3278/4286 552/590/4286 602/604/4286
f 669/596/4287 552/590/4287 671/3278/4287
f 669/596/4288 671/3278/4288 1486/3277/4288
f 1486/3277/4289 1485/3279/4289 669/596/4289
f 1485/3279/4290 1486/3277/4290 1487/3276/4290
f 1485/3279/4291 1487/3276/4291 1488/3280/4291
f 1487/3276/4292 671/3278/4292 1488/3280/4292
f 1488/3280/4293 671/3278/4293 672/3281/4293
f 671/3278/4294 602/604/4294 672/3281/4294
f 672/3281/4295 602/604/4295 628/599/4295
f 628/599/4296 550/597/4296 672/3281/4296
f 670/3282/4297 672/3281/4297 550/597/4297
f 670/3282/4298 550/597/4298 669/596/4298
f 670/3282/4299 669/596/4299 1485/3279/4299
f 1485/3279/4300 672/3281/4300 670/3282/4300
f 1488/3280/4301 672/3281/4301 1485/3279/4301
f 1340/3283/4302 1339/3284/4302 164/3285/4302
f 1340/3283/4303 164/3285/4303 1338/3286/4303
f 1339/3284/4304 1340/3283/4304 1338/3286/4304
f 126/260/4305 72/31/4305 125/273/4305
f 164/3285/4306 72/31/4306 126/260/4306
f 163/30/4307 72/31/4307 164/3285/4307
f 163/30/4308 164/3285/4308 1339/3284/4308
f 1339/3284/4309 1337/27/4309 163/30/4309
f 1337/27/4304 1339/3284/4304 1338/3286/4304
f 1338/3286/4310 161/28/4310 1337/27/4310
f 161/28/4303 1338/3286/4303 164/3285/4303
f 126/260/4311 161/28/4311 164/3285/4311
f 161/28/4312 126/260/4312 127/33/4312
f 40/38/4313 128/26/4313 169/25/4313
f 128/26/4314 40/38/4314 12/47/4314
f 12/47/4315 73/32/4315 128/26/4315
f 73/32/4316 12/47/4316 11/800/4316
f 11/800/4317 71/798/4317 73/32/4317
f 72/31/4318 73/32/4318 71/798/4318
f 71/798/4319 70/296/4319 72/31/4319
f 70/296/4320 125/273/4320 72/31/4320
f 249/291/4321 125/273/4321 70/296/4321
f 125/273/4322 249/291/4322 295/277/4322
f 906/3287/4323 908/2858/4323 1233/3288/4323
f 908/2858/4324 906/3287/4324 907/2861/4324
f 1236/3289/4325 920/2857/4325 1235/3290/4325
f 920/2857/4326 1236/3289/4326 908/2858/4326
f 1234/3291/4327 908/2858/4327 1236/3289/4327
f 1234/3291/4328 1233/3288/4328 908/2858/4328
f 1234/3291/4329 1183/3292/4329 1233/3288/4329
f 1183/3292/4330 1181/3293/4330 1180/3294/4330
f 1183/3292/4331 1234/3291/4331 1181/3293/4331
f 1234/3291/4332 1239/3295/4332 1181/3293/4332
f 1236/3289/4333 1239/3295/4333 1234/3291/4333
f 1239/3295/4334 1236/3289/4334 1240/3296/4334
f 1235/3290/4334 1240/3296/4334 1236/3289/4334
f 1240/3296/4335 1235/3290/4335 1194/3297/4335
f 1243/3298/4336 1194/3297/4336 1235/3290/4336
f 1235/3290/4337 922/3299/4337 1243/3298/4337
f 922/3299/4325 1235/3290/4325 920/2857/4325
f 1240/3296/4338 1193/3300/4338 1237/2710/4338
f 1240/3296/4339 1194/3297/4339 1193/3300/4339
f 1194/3297/4340 1192/2734/4340 1193/3300/4340
f 1194/3297/4341 1243/3298/4341 1192/2734/4341
f 1246/2725/4342 1192/2734/4342 1243/3298/4342
f 1243/3298/4343 925/2723/4343 1246/2725/4343
f 925/2723/4344 1243/3298/4344 922/3299/4344
f 922/3299/4345 921/2867/4345 925/2723/4345
f 922/3299/4346 920/2857/4346 921/2867/4346
f 923/2859/4346 921/2867/4346 920/2857/4346
f 1193/3300/4347 1191/2709/4347 1237/2710/4347
f 1191/2709/4348 1193/3300/4348 1199/2554/4348
f 1254/2553/4349 1199/2554/4349 1193/3300/4349
f 1193/3300/4350 1192/2734/4350 1254/2553/4350
f 1255/2735/4351 1254/2553/4351 1192/2734/4351
f 1255/2735/4352 1258/2544/4352 1254/2553/4352
f 1259/2518/4353 1258/2544/4353 1255/2735/4353
f 1258/2544/4354 1259/2518/4354 1249/2516/4354
f 607/3301/4355 605/3302/4355 606/3303/4355
f 607/3301/4356 618/3304/4356 605/3302/4356
f 618/3304/4357 607/3301/4357 778/3305/4357
f 617/3306/4358 605/3302/4358 618/3304/4358
f 625/414/4359 792/427/4359 606/3303/4359
f 606/3303/4360 792/427/4360 765/3307/4360
f 765/3307/4361 607/3301/4361 606/3303/4361
f 607/3301/4361 765/3307/4361 766/3308/4361
f 766/3308/4362 778/3305/4362 607/3301/4362
f 778/3305/4363 766/3308/4363 811/3309/4363
f 811/3309/4364 809/3310/4364 778/3305/4364
f 809/3310/4365 811/3309/4365 1505/3311/4365
f 1505/3311/4366 810/3312/4366 809/3310/4366
f 1506/3313/4367 810/3312/4367 1505/3311/4367
f 810/3312/4368 1506/3313/4368 812/3314/4368
f 1508/3315/4369 812/3314/4369 1506/3313/4369
f 1508/3315/4370 1507/3316/4370 812/3314/4370
f 1507/3316/4371 1508/3315/4371 1506/3313/4371
f 1505/3311/4371 1507/3316/4371 1506/3313/4371
f 1507/3316/4372 1505/3311/4372 811/3309/4372
f 811/3309/4373 812/3314/4373 1507/3316/4373
f 812/3314/4374 811/3309/4374 766/3308/4374
f 766/3308/4375 810/3312/4375 812/3314/4375
f 810/3312/4376 766/3308/4376 768/3027/4376
f 810/3312/4377 768/3027/4377 809/3310/4377
f 809/3310/4378 768/3027/4378 779/3028/4378
f 779/3028/4379 778/3305/4379 809/3310/4379
f 778/3305/3847 779/3028/3847 773/3037/3847
f 778/3305/4380 773/3037/4380 618/3304/4380
f 613/3040/4381 618/3304/4381 773/3037/4381
f 618/3304/4382 613/3040/4382 617/3306/4382
f 612/3050/4383 617/3306/4383 613/3040/4383
f 617/3306/4384 612/3050/4384 547/404/4384
f 547/404/4384 612/3050/4384 545/3060/4384
f 547/404/4385 539/405/4385 649/3317/4385
f 547/404/4386 649/3317/4386 617/3306/4386
f 652/3318/4387 617/3306/4387 649/3317/4387
f 652/3318/4388 605/3302/4388 617/3306/4388
f 651/3319/4389 605/3302/4389 652/3318/4389
f 651/3319/4390 650/3320/4390 605/3302/4390
f 650/3320/4391 651/3319/4391 1466/3321/4391
f 1466/3321/4392 1465/3322/4392 650/3320/4392
f 1465/3322/4393 1466/3321/4393 1468/3323/4393
f 1467/3324/4393 1468/3323/4393 1466/3321/4393
f 1467/3324/4394 1466/3321/4394 651/3319/4394
f 1467/3324/4395 651/3319/4395 1468/3323/4395
f 1468/3323/4396 651/3319/4396 652/3318/4396
f 1465/3322/4397 1468/3323/4397 652/3318/4397
f 1465/3322/4398 652/3318/4398 649/3317/4398
f 649/3317/4399 650/3320/4399 1465/3322/4399
f 650/3320/4400 649/3317/4400 539/405/4400
f 539/405/4401 605/3302/4401 650/3320/4401
f 605/3302/573 539/405/573 608/407/573
f 608/407/4355 606/3303/4355 605/3302/4355
f 606/3303/4402 608/407/4402 625/414/4402
f 629/397/4403 632/391/4403 542/390/4403
f 542/390/4404 540/394/4404 629/397/4404
f 541/406/572 540/394/572 542/390/572
f 541/406/4405 542/390/4405 627/389/4405
f 665/3325/4406 541/406/4406 627/389/4406
f 627/389/4407 624/396/4407 665/3325/4407
f 667/413/4408 665/3325/4408 624/396/4408
f 665/3325/4409 667/413/4409 1482/3326/4409
f 1483/412/4409 1482/3326/4409 667/413/4409
f 1482/3326/578 1483/412/578 1481/410/578
f 1482/3326/4410 1481/410/4410 666/408/4410
f 1482/3326/4411 666/408/4411 665/3325/4411
f 666/408/4412 541/406/4412 665/3325/4412
f 2645/3327/4413 2542/3328/4413 2644/3329/4413
f 2545/3330/4414 2542/3328/4414 2645/3327/4414
f 2545/3330/4415 2543/3331/4415 2542/3328/4415
f 2544/3332/4416 2542/3328/4416 2543/3331/4416
f 2543/3331/4417 2551/3333/4417 2544/3332/4417
f 2552/3334/4418 2544/3332/4418 2551/3333/4418
f 2551/3333/4419 2558/3335/4419 2552/3334/4419
f 2559/3336/4420 2552/3334/4420 2558/3335/4420
f 2558/3335/4421 2561/3337/4421 2559/3336/4421
f 2562/3338/4422 2559/3336/4422 2561/3337/4422
f 2561/3337/4423 2658/3339/4423 2562/3338/4423
f 2659/3340/4424 2562/3338/4424 2658/3339/4424
f 313/3341/4425 219/626/4425 216/630/4425
f 314/3342/4426 219/626/4426 313/3341/4426
f 313/3341/4427 1369/3343/4427 314/3342/4427
f 1370/3344/4428 314/3342/4428 1369/3343/4428
f 1370/3344/4429 1369/3343/4429 1371/684/4429
f 1371/684/4430 1369/3343/4430 315/686/4430
f 313/3341/4431 315/686/4431 1369/3343/4431
f 315/686/4432 313/3341/4432 282/679/4432
f 216/630/4433 282/679/4433 313/3341/4433
f 282/679/4434 216/630/4434 209/646/4434
f 212/701/4435 299/713/4435 213/619/4435
f 213/619/4436 211/620/4436 212/701/4436
f 214/698/4436 212/701/4436 211/620/4436
f 214/698/4437 211/620/4437 219/626/4437
f 219/626/991 287/687/991 214/698/991
f 314/3342/4438 287/687/4438 219/626/4438
f 316/685/4439 287/687/4439 314/3342/4439
f 1370/3344/4440 316/685/4440 314/3342/4440
f 1370/3344/4441 1372/683/4441 316/685/4441
f 1370/3344/4429 1371/684/4429 1372/683/4429
f 1155/3345/4442 1153/3346/4442 1112/3347/4442
f 1611/3348/4443 1153/3346/4443 1155/3345/4443
f 1609/3349/4444 1153/3346/4444 1611/3348/4444
f 1610/3350/4445 1609/3349/4445 1611/3348/4445
f 1153/3346/4446 1609/3349/4446 1154/3351/4446
f 1610/3350/4447 1154/3351/4447 1609/3349/4447
f 1610/3350/4448 1612/3352/4448 1154/3351/4448
f 1610/3350/4445 1611/3348/4445 1612/3352/4445
f 1612/3352/4449 1611/3348/4449 1156/3353/4449
f 1155/3345/4450 1156/3353/4450 1611/3348/4450
f 1156/3353/4451 1155/3345/4451 1117/2991/4451
f 1112/3347/4452 1117/2991/4452 1155/3345/4452
f 1113/2990/4453 1117/2991/4453 1112/3347/4453
f 1112/3347/4454 1068/3354/4454 1113/2990/4454
f 1068/3354/4455 1012/2955/4455 1011/2961/4455
f 1112/3347/4456 1012/2955/4456 1068/3354/4456
f 1112/3347/4457 1040/2584/4457 1012/2955/4457
f 1040/2584/4458 1112/3347/4458 1153/3346/4458
f 1153/3346/4459 1043/2585/4459 1040/2584/4459
f 1154/3351/4460 1043/2585/4460 1153/3346/4460
f 1154/3351/4461 1117/2991/4461 1043/2585/4461
f 1156/3353/4462 1117/2991/4462 1154/3351/4462
f 1156/3353/4463 1154/3351/4463 1612/3352/4463
f 1113/2990/4464 1068/3354/4464 1145/2982/4464
f 1146/3355/4465 1145/2982/4465 1068/3354/4465
f 1146/3355/4466 1601/2983/4466 1145/2982/4466
f 1146/3355/4467 1147/2985/4467 1601/2983/4467
f 1147/2985/4468 1146/3355/4468 1067/2978/4468
f 1068/3354/4469 1067/2978/4469 1146/3355/4469
f 1067/2978/4470 1068/3354/4470 1066/2976/4470
f 1011/2961/4471 1066/2976/4471 1068/3354/4471
f 1066/2976/4472 1011/2961/4472 1008/2962/4472
f 1011/2961/4473 1007/2960/4473 1008/2962/4473
f 2982/3356/4474 2884/3357/4474 2981/3358/4474
f 2886/3359/4475 2981/3358/4475 2884/3357/4475
f 2886/3359/4476 2884/3357/4476 2883/3360/4476
f 2885/3361/4477 2883/3360/4477 2884/3357/4477
f 2883/3360/4478 2885/3361/4478 2892/3362/4478
f 2893/3363/4479 2892/3362/4479 2885/3361/4479
f 2892/3362/4480 2893/3363/4480 2899/3364/4480
f 2900/3365/4481 2899/3364/4481 2893/3363/4481
f 2899/3364/4482 2900/3365/4482 2902/3366/4482
f 2903/3367/4483 2902/3366/4483 2900/3365/4483
f 2902/3366/4484 2903/3367/4484 2995/3368/4484
f 2996/3369/4485 2995/3368/4485 2903/3367/4485
f 2483/3370/4486 2485/3371/4486 2486/3372/4486
f 2484/3373/4487 2483/3370/4487 2486/3372/4487
f 2484/3373/4488 2482/3374/4488 2483/3370/4488
f 2479/3375/4488 2483/3370/4488 2482/3374/4488
f 2482/3374/4489 2480/3376/4489 2479/3375/4489
f 2481/3377/4490 2479/3375/4490 2480/3376/4490
f 2946/3378/4491 2933/3379/4491 2873/3380/4491
f 2877/3381/4491 2873/3380/4491 2933/3379/4491
f 2873/3380/4492 2872/3382/4492 2866/3383/4492
f 2877/3381/4493 2872/3382/4493 2873/3380/4493
f 2877/3381/4494 2882/3384/4494 2872/3382/4494
f 2881/3385/4495 2872/3382/4495 2882/3384/4495
f 2882/3384/4496 2891/3386/4496 2881/3385/4496
f 2890/3387/4497 2881/3385/4497 2891/3386/4497
f 2891/3386/4498 2898/3388/4498 2890/3387/4498
f 2866/3383/4499 2865/3389/4499 2859/3390/4499
f 2865/3389/4500 2866/3383/4500 2872/3382/4500
f 2864/3391/4501 2865/3389/4501 2872/3382/4501
f 2872/3382/4502 2870/3392/4502 2864/3391/4502
f 2881/3385/4503 2870/3392/4503 2872/3382/4503
f 2881/3385/4504 2880/3393/4504 2870/3392/4504
f 2881/3385/4505 2890/3387/4505 2880/3393/4505
f 2890/3387/4506 2889/3394/4506 2880/3393/4506
f 2889/3394/4507 2890/3387/4507 2896/3395/4507
f 2897/3396/4508 2896/3395/4508 2890/3387/4508
f 2897/3396/4509 2890/3387/4509 2898/3388/4509
f 2898/3388/4510 2836/3397/4510 2897/3396/4510
f 2838/3398/4511 2740/3399/4511 2728/1326/4511
f 2836/3397/4511 2838/3398/4511 2728/1326/4511
f 2727/1325/4512 2836/3397/4512 2728/1326/4512
f 2727/1325/4513 2897/3396/4513 2836/3397/4513
f 2727/1325/4514 2725/1308/4514 2897/3396/4514
f 2896/3395/4515 2897/3396/4515 2725/1308/4515
f 2896/3395/4516 2725/1308/4516 2895/1298/4516
f 2896/3395/4517 2895/1298/4517 2888/3400/4517
f 2889/3394/4518 2896/3395/4518 2888/3400/4518
f 2889/3394/4519 2888/3400/4519 2879/3401/4519
f 2863/1476/2012 2869/1488/2012 2857/1475/2012
f 2869/1488/4520 2863/1476/4520 2876/1287/4520
f 2871/3402/4521 2876/1287/4521 2863/1476/4521
f 2878/1288/4522 2876/1287/4522 2871/3402/4522
f 2871/3402/4523 2879/3401/4523 2878/1288/4523
f 2887/3403/4524 2878/1288/4524 2879/3401/4524
f 2879/3401/4525 2888/3400/4525 2887/3403/4525
f 2894/3404/4526 2887/3403/4526 2888/3400/4526
f 2888/3400/4527 2895/1298/4527 2894/3404/4527
f 2901/1297/4528 2894/3404/4528 2895/1298/4528
f 2880/3393/4529 2889/3394/4529 2879/3401/4529
f 2880/3393/4530 2879/3401/4530 2871/3402/4530
f 2880/3393/4531 2871/3402/4531 2870/3392/4531
f 2870/3392/4532 2871/3402/4532 2863/1476/4532
f 2863/1476/4533 2864/3391/4533 2870/3392/4533
f 2864/3391/1999 2863/1476/1999 2856/1471/1999
f 2865/3389/4534 2864/3391/4534 2856/1471/4534
f 2856/1471/4534 2858/1463/4534 2865/3389/4534
f 2858/1463/4499 2859/3390/4499 2865/3389/4499
f 2859/3390/1987 2858/1463/1987 2852/1462/1987
f 2469/3405/4535 2471/3406/4535 2472/3407/4535
f 2472/3407/4535 2470/3408/4535 2469/3405/4535
f 2465/3409/4536 2469/3405/4536 2470/3408/4536
f 2470/3408/4537 2468/3410/4537 2465/3409/4537
f 2468/3410/4538 2466/3411/4538 2465/3409/4538
f 2467/3412/4538 2465/3409/4538 2466/3411/4538
f 2847/3413/4539 2845/3414/4539 2844/3415/4539
f 2846/3416/4540 2844/3415/4540 2845/3414/4540
f 2845/3414/4541 3003/3417/4541 2846/3416/4541
f 3004/3418/4542 2846/3416/4542 3003/3417/4542
f 2984/3419/4543 2983/3420/4543 2875/3421/4543
f 2874/3422/4544 2875/3421/4544 2983/3420/4544
f 2875/3421/4545 2874/3422/4545 2867/3423/4545
f 2868/3424/4546 2867/3423/4546 2874/3422/4546
f 2868/3424/4547 2860/3425/4547 2867/3423/4547
f 2861/3426/4547 2867/3423/4547 2860/3425/4547
f 2861/3426/4548 2860/3425/4548 2854/3427/4548
f 2853/3428/4548 2854/3427/4548 2860/3425/4548
f 2854/3427/4549 2853/3428/4549 2844/3415/4549
f 2847/3413/4549 2844/3415/4549 2853/3428/4549
f 2835/3429/4550 2730/3430/4550 2834/3431/4550
f 2729/3432/4551 2834/3431/4551 2730/3430/4551
f 2730/3430/4552 2723/3433/4552 2729/3432/4552
f 2722/3434/4553 2729/3432/4553 2723/3433/4553
f 2723/3433/4554 2716/3435/4554 2722/3434/4554
f 2715/3436/4555 2722/3434/4555 2716/3435/4555
f 2716/3435/4556 2708/3437/4556 2715/3436/4556
f 2707/3438/4557 2715/3436/4557 2708/3437/4557
f 2708/3437/4558 2706/3439/4558 2707/3438/4558
f 2709/3440/4559 2707/3438/4559 2706/3439/4559
f 2706/3439/4560 2820/3441/4560 2709/3440/4560
f 2820/3441/4561 2706/3439/4561 2821/3442/4561
f 715/446/4562 717/3026/4562 833/3443/4562
f 834/3444/4563 833/3443/4563 717/3026/4563
f 833/3443/4564 834/3444/4564 1529/3445/4564
f 1530/3446/4565 1529/3445/4565 834/3444/4565
f 834/3444/4566 835/3447/4566 1530/3446/4566
f 835/3447/4567 834/3444/4567 765/3307/4567
f 717/3026/4568 765/3307/4568 834/3444/4568
f 717/3026/4569 768/3027/4569 765/3307/4569
f 766/3308/4569 765/3307/4569 768/3027/4569
f 1532/3448/4570 1531/3449/4570 835/3447/4570
f 1532/3448/4571 835/3447/4571 836/3450/4571
f 835/3447/4572 765/3307/4572 836/3450/4572
f 836/3450/4573 765/3307/4573 792/427/4573
f 713/436/4574 787/426/4574 821/430/4574
f 713/436/4575 715/446/4575 787/426/4575
f 792/427/4575 787/426/4575 715/446/4575
f 833/3443/4576 792/427/4576 715/446/4576
f 792/427/4577 833/3443/4577 836/3450/4577
f 833/3443/4578 1529/3445/4578 836/3450/4578
f 1532/3448/4579 836/3450/4579 1529/3445/4579
f 1529/3445/4580 1530/3446/4580 1532/3448/4580
f 1531/3449/4580 1532/3448/4580 1530/3446/4580
f 1531/3449/4581 1530/3446/4581 835/3447/4581
f 2906/1573/4582 2907/1572/4582 2913/1550/4582
f 2914/3451/4583 2913/1550/4583 2907/1572/4583
f 2913/1550/4584 2914/3451/4584 2923/1545/4584
f 2924/3452/4585 2923/1545/4585 2914/3451/4585
f 2923/1545/4586 2924/3452/4586 2930/1543/4586
f 2931/3453/4587 2930/1543/4587 2924/3452/4587
f 2930/1543/4588 2931/3453/4588 2937/1547/4588
f 2938/3454/4588 2937/1547/4588 2931/3453/4588
f 2938/3454/4589 2944/1528/4589 2937/1547/4589
f 2937/1547/4590 2944/1528/4590 2943/1530/4590
f 2773/1616/4591 2766/3455/4591 2772/1608/4591
f 2765/1607/4592 2772/1608/4592 2766/3455/4592
f 2766/3455/4593 2759/3456/4593 2765/1607/4593
f 2758/1596/4594 2765/1607/4594 2759/3456/4594
f 2759/3456/4595 2749/3457/4595 2758/1596/4595
f 2748/1590/4596 2758/1596/4596 2749/3457/4596
f 2749/3457/4597 2739/3458/4597 2748/1590/4597
f 2736/1583/4598 2748/1590/4598 2739/3458/4598
f 2739/3458/4599 2738/1575/4599 2736/1583/4599
f 2737/1576/4600 2736/1583/4600 2738/1575/4600
f 1555/3459/4601 1556/3460/4601 1554/3461/4601
f 1553/3462/4601 1554/3461/4601 1556/3460/4601
f 1556/3460/4602 980/3463/4602 1553/3462/4602
f 1556/3460/4603 979/3464/4603 980/3463/4603
f 979/3464/4604 935/2756/4604 980/3463/4604
f 979/3464/4605 978/3465/4605 935/2756/4605
f 870/2758/4606 935/2756/4606 978/3465/4606
f 978/3465/4607 977/3466/4607 870/2758/4607
f 875/2761/4608 870/2758/4608 977/3466/4608
f 977/3466/4609 945/2732/4609 875/2761/4609
f 934/2743/4610 946/2731/4610 935/2756/4610
f 945/2732/4611 935/2756/4611 946/2731/4611
f 980/3463/4612 935/2756/4612 945/2732/4612
f 980/3463/4613 945/2732/4613 977/3466/4613
f 1553/3462/4614 980/3463/4614 977/3466/4614
f 977/3466/4615 978/3465/4615 1553/3462/4615
f 1554/3461/4616 1553/3462/4616 978/3465/4616
f 978/3465/4617 979/3464/4617 1554/3461/4617
f 1555/3459/4618 1554/3461/4618 979/3464/4618
f 1556/3460/4619 1555/3459/4619 979/3464/4619
f 720/3124/4620 723/3467/4620 718/3123/4620
f 723/3467/4620 720/3124/4620 681/3129/4620
f 723/3467/4621 681/3129/4621 722/3468/4621
f 682/3469/4621 722/3468/4621 681/3129/4621
f 682/3469/4622 675/3470/4622 722/3468/4622
f 673/3471/4622 675/3470/4622 682/3469/4622
f 675/3470/4623 673/3471/4623 674/3080/4623
f 676/3472/4623 674/3080/4623 673/3471/4623
f 676/3472/3939 724/420/3939 674/3080/3939
f 724/420/4624 676/3472/4624 727/421/4624
f 730/442/4625 685/435/4625 726/422/4625
f 727/421/4626 730/442/4626 726/422/4626
f 730/442/4627 727/421/4627 728/441/4627
f 728/441/4624 727/421/4624 676/3472/4624
f 676/3472/4628 673/3471/4628 728/441/4628
f 731/439/4628 728/441/4628 673/3471/4628
f 673/3471/4629 682/3469/4629 731/439/4629
f 679/3096/4629 731/439/4629 682/3469/4629
f 682/3469/4630 681/3129/4630 679/3096/4630
f 677/3128/4630 679/3096/4630 681/3129/4630
f 2827/3473/4631 2825/3474/4631 2824/3475/4631
f 2826/3476/4632 2824/3475/4632 2825/3474/4632
f 2824/3475/4633 2826/3476/4633 2828/3477/4633
f 2829/3478/4633 2828/3477/4633 2826/3476/4633
f 2829/3478/4634 2830/3479/4634 2828/3477/4634
f 2831/3480/4635 2828/3477/4635 2830/3479/4635
f 1363/3481/4636 1361/690/4636 307/680/4636
f 307/680/4637 308/681/4637 1363/3481/4637
f 1364/3482/4638 1363/3481/4638 308/681/4638
f 1362/3483/4639 1364/3482/4639 308/681/4639
f 1362/3483/4640 1363/3481/4640 1364/3482/4640
f 1362/3483/4640 1361/690/4640 1363/3481/4640
f 1362/3483/4641 305/689/4641 1361/690/4641
f 1362/3483/4642 308/681/4642 305/689/4642
f 308/681/4643 281/691/4643 305/689/4643
f 308/681/4644 272/677/4644 281/691/4644
f 468/3484/4645 441/153/4645 388/154/4645
f 468/3484/4646 388/154/4646 465/3485/4646
f 1401/3486/4647 468/3484/4647 465/3485/4647
f 465/3485/4648 466/3487/4648 1401/3486/4648
f 1402/3488/4649 1401/3486/4649 466/3487/4649
f 466/3487/4650 467/3489/4650 1402/3488/4650
f 1403/3490/4650 1402/3488/4650 467/3489/4650
f 1403/3490/4651 467/3489/4651 1404/3491/4651
f 1403/3490/4652 1404/3491/4652 1402/3488/4652
f 1401/3486/4652 1402/3488/4652 1404/3491/4652
f 1404/3491/4653 468/3484/4653 1401/3486/4653
f 468/3484/4651 1404/3491/4651 467/3489/4651
f 467/3489/4645 441/153/4645 468/3484/4645
f 467/3489/4654 466/3487/4654 441/153/4654
f 377/163/4655 441/153/4655 466/3487/4655
f 466/3487/4656 465/3485/4656 377/163/4656
f 375/177/4656 377/163/4656 465/3485/4656
f 465/3485/4657 388/154/4657 375/177/4657
f 388/154/249 386/181/249 375/177/249
f 386/181/4658 388/154/4658 387/3164/4658
f 2490/3492/4659 2489/3493/4659 2377/3494/4659
f 2376/3495/4660 2377/3494/4660 2489/3493/4660
f 2377/3494/4661 2376/3495/4661 2370/3496/4661
f 2369/3497/4662 2370/3496/4662 2376/3495/4662
f 2370/3496/4663 2369/3497/4663 2363/3498/4663
f 2362/3499/4664 2363/3498/4664 2369/3497/4664
f 2363/3498/4665 2362/3499/4665 2356/3500/4665
f 2354/3501/4666 2356/3500/4666 2362/3499/4666
f 2356/3500/4667 2354/3501/4667 2353/3502/4667
f 2355/3503/4668 2353/3502/4668 2354/3501/4668
f 2353/3502/4669 2355/3503/4669 2475/3504/4669
f 2475/3504/4670 2476/3505/4670 2353/3502/4670
f 1188/2701/4671 1230/2693/4671 1232/2695/4671
f 1232/2695/4672 1231/3506/4672 1188/2701/4672
f 1189/2704/4673 1188/2701/4673 1231/3506/4673
f 1231/3506/4674 1180/3294/4674 1189/2704/4674
f 1182/2702/4675 1189/2704/4675 1180/3294/4675
f 1182/2702/4676 1180/3294/4676 1181/3293/4676
f 1181/3293/4677 1238/2703/4677 1182/2702/4677
f 1239/3295/4678 1238/2703/4678 1181/3293/4678
f 1239/3295/4679 1237/2710/4679 1238/2703/4679
f 1240/3296/4679 1237/2710/4679 1239/3295/4679
