# Blender v2.78 (sub 0) OBJ File: ''
# www.blender.org
mtllib wheel.mtl
o WHEEL_Marauder_SM
v -0.956263 2.299419 6.827630
v -0.003807 2.504990 6.827630
v -1.240431 2.985461 6.384680
v -0.003807 3.251092 6.384680
v -0.003807 1.585779 7.057993
v -0.604391 1.449926 7.057993
v -0.003807 4.712116 6.464004
v -0.615783 4.692267 6.464004
v -0.999245 4.605440 6.464004
v -1.802361 4.342081 6.464003
v -0.879459 11.388720 6.500148
v -0.003807 11.200549 7.151046
v -0.003807 11.419279 6.500226
v -0.989557 11.170299 7.150974
v -1.929814 11.256143 6.499789
v -1.886370 11.040314 7.150743
v -1.171792 4.937981 5.807518
v -1.941569 4.678158 5.807518
v 0.434019 11.405678 5.882072
v -1.420887 11.323878 5.881846
v -1.190135 4.933386 5.185339
v -1.941569 4.678158 4.563160
v -1.941569 4.678158 5.807518
v -1.171792 4.937981 5.807518
v -0.855102 4.992120 4.563160
v -0.003807 5.049473 4.563160
v -0.003807 3.366728 3.755470
v -1.284025 3.090708 3.755471
v -0.894577 9.195518 6.133898
v -0.880880 9.231009 6.752029
v -1.190135 4.933386 5.185339
v -0.707893 9.116035 7.402994
v -0.503664 9.118355 7.403261
v -0.003807 9.118934 7.403327
v -1.369611 10.094175 7.268921
v -1.398843 9.799355 6.617956
v -1.015790 10.096495 7.269187
v -0.003807 10.097111 7.269258
v -1.787975 9.201273 6.776676
v -1.801671 9.165782 6.158545
v -0.880880 9.231009 6.752029
v -0.894577 9.195518 6.133898
v -1.398843 9.799355 6.617956
v -2.124078 9.700896 6.639825
v -2.124078 9.700896 6.639825
v -2.191786 9.970016 7.293545
v -2.751513 10.828456 7.174700
v -2.794957 11.046848 6.523735
v -3.271511 10.914376 5.918528
v -2.641451 9.640381 6.035777
v -0.712260 9.958142 6.000074
v -1.801671 9.165782 6.158545
v -0.894577 9.195518 6.133898
v -2.823827 8.924130 6.183871
v -2.810131 8.959620 6.802002
v -3.115083 9.438153 6.667991
v -3.115083 9.438153 6.667991
v -3.085851 9.732974 7.318955
v -3.639616 10.560161 7.200548
v -3.683060 10.778553 6.549583
v -2.823827 8.924130 6.183871
v -3.593481 8.666226 6.826153
v -3.582594 8.639944 6.207264
v -3.807302 9.182437 6.690406
v -3.807302 9.182437 6.690406
v -3.909335 9.428765 7.345622
v -4.278016 10.318839 7.220652
v -4.362112 10.521865 6.570967
v -4.684547 10.390656 5.941711
v -4.173945 9.095122 6.061172
v -3.582594 8.639944 6.207264
v -0.003807 5.077043 5.185339
v -0.003807 9.199816 6.134392
v -1.161356 2.794560 1.721451
v -0.003807 3.366728 3.755470
v -0.003807 3.044081 1.721452
v -1.284025 3.090708 3.755471
v 1.232816 2.985462 6.384680
v 0.948648 2.299419 6.827630
v 0.608169 4.692267 6.464004
v 0.991631 4.605440 6.464004
v 1.794746 4.342082 6.464003
v 0.871845 11.388720 6.500148
v 0.981943 11.170299 7.150974
v 1.922199 11.256143 6.499789
v 1.878756 11.040314 7.150743
v 1.164178 4.937981 5.807518
v 1.933954 4.678159 5.807518
v 2.387274 11.152941 5.893631
v 1.933954 4.678159 5.807518
v 1.933954 4.678159 4.563160
v 1.182520 4.933386 5.185339
v 1.164178 4.937981 5.807518
v 0.847488 4.992120 4.563160
v 1.276410 3.090708 3.755471
v 0.886963 9.195518 6.133898
v 0.873266 9.231009 6.752029
v 1.182520 4.933386 5.185339
v 0.700279 9.116035 7.402994
v 0.496050 9.118355 7.403261
v 1.361996 10.094175 7.268921
v 1.391229 9.799355 6.617956
v 1.008176 10.096495 7.269187
v 0.873266 9.231009 6.752029
v 1.794057 9.165782 6.158545
v 1.780361 9.201273 6.776676
v 0.886963 9.195518 6.133898
v 2.116464 9.700896 6.639825
v 1.391229 9.799355 6.617956
v 2.116464 9.700896 6.639825
v 2.184172 9.970016 7.293545
v 2.743899 10.828456 7.174700
v 2.787343 11.046848 6.523735
v 1.775717 9.820981 6.010759
v 1.794057 9.165782 6.158545
v 0.886963 9.195518 6.133898
v 2.816213 8.924130 6.183871
v 2.802516 8.959620 6.802002
v 3.107469 9.438153 6.667991
v 3.107469 9.438153 6.667991
v 3.078237 9.732974 7.318955
v 3.632002 10.560161 7.200548
v 3.675446 10.778553 6.549583
v 4.033722 10.657083 5.941711
v 2.816213 8.924130 6.183871
v 3.478691 9.379953 6.061172
v 3.585865 8.666228 6.826153
v 3.574979 8.639945 6.207264
v 3.799686 9.182438 6.690406
v 3.799686 9.182438 6.690406
v 3.901719 9.428767 7.345622
v 4.270399 10.318840 7.220652
v 4.354495 10.521867 6.570967
v 3.574979 8.639945 6.207264
v 1.153742 2.794560 1.721451
v 1.276410 3.090708 3.755471
v -2.302685 2.298865 6.384680
v -1.775111 1.771291 6.827630
v -1.125131 1.121311 7.057993
v -2.889017 3.750663 6.464003
v -3.335785 3.331965 6.464003
v -2.556473 3.960415 6.464003
v -8.078466 8.074646 6.500226
v -7.923800 7.919981 7.151045
v -7.437678 8.672216 6.500147
v -7.205379 8.595619 7.150974
v -6.601219 9.321183 6.499789
v -6.479324 9.137850 7.150742
v -2.669605 4.317565 5.807518
v -7.759259 8.374618 5.882071
v -6.199387 9.577065 5.893631
v -2.653387 4.327287 5.185339
v -2.669605 4.317565 5.807518
v -2.931821 4.131915 4.563160
v -2.384452 2.380633 3.755470
v -3.574332 3.570513 4.563160
v -5.876161 7.132079 6.133898
v -2.653387 4.327287 5.185339
v -5.910941 7.147491 6.752029
v -5.951962 6.943870 7.402994
v -6.098015 6.801099 7.403260
v -6.451876 6.448056 7.403327
v -6.175707 8.103424 7.268920
v -5.946567 7.915626 6.617956
v -6.427536 7.854877 7.269187
v -7.143552 7.139732 7.269258
v -5.248502 7.767876 6.776676
v -5.876161 7.132079 6.133898
v -5.213721 7.752464 6.158545
v -5.910941 7.147491 6.752029
v -5.946567 7.915626 6.617956
v -5.364128 8.358824 6.639824
v -5.506547 8.596996 7.293545
v -5.364128 8.358824 6.639824
v -5.717770 9.599792 7.174700
v -5.841476 9.784938 6.523735
v -5.689985 8.202790 6.010759
v -5.213721 7.752464 6.158545
v -5.876161 7.132079 6.133898
v -4.354854 8.319775 6.802002
v -4.320074 8.304364 6.183871
v -4.477593 8.873782 6.667991
v -4.706734 9.061582 7.318955
v -4.477593 8.873782 6.667991
v -4.900072 10.038062 7.200548
v -5.023780 10.223208 6.549583
v -4.320074 8.304364 6.183871
v -3.593827 3.590007 5.185338
v -6.509068 6.505248 6.134391
v -7.546238 6.540514 6.000073
v -2.156305 2.152487 1.721452
v -2.384452 2.380633 3.755470
v -2.989280 1.236611 6.384680
v -2.303238 0.952443 6.827630
v -1.455823 0.601433 7.057993
v -3.754482 2.885198 6.464003
v -3.964234 2.552653 6.464003
v -4.345900 1.798542 6.464003
v -8.676036 7.433857 6.500147
v -8.599441 7.201560 7.150973
v -9.325003 6.597398 6.499789
v -9.141670 6.475504 7.150742
v -4.681977 1.937750 5.807517
v -4.321385 2.665786 5.807518
v -9.013034 7.005160 5.881845
v -4.331107 2.649567 5.185338
v -4.681977 1.937750 5.807517
v -4.321385 2.665786 5.807518
v -4.681977 1.937750 4.563160
v -4.135734 2.928002 4.563160
v -3.094526 1.280206 3.755470
v -7.135899 5.872340 6.133898
v -7.151310 5.907121 6.752029
v -4.331107 2.649567 5.185338
v -6.947690 5.948143 7.402994
v -6.804918 6.094194 7.403260
v -8.107244 6.171887 7.268920
v -7.919446 5.942747 6.617955
v -7.858696 6.423716 7.269187
v -7.135899 5.872340 6.133898
v -7.771696 5.244682 6.776675
v -7.756284 5.209900 6.158545
v -7.151310 5.907121 6.752029
v -7.919446 5.942747 6.617955
v -8.362644 5.360307 6.639824
v -8.600817 5.502727 7.293544
v -8.362644 5.360307 6.639824
v -9.603612 5.713948 7.174699
v -9.788758 5.837656 6.523734
v -10.032061 5.407010 5.918527
v -7.756284 5.209900 6.158545
v -8.685690 4.951679 6.035776
v -7.135899 5.872340 6.133898
v -8.323595 4.351034 6.802001
v -8.308184 4.316254 6.183870
v -8.877603 4.473773 6.667990
v -9.065402 4.702914 7.318955
v -8.877603 4.473773 6.667990
v -10.041882 4.896252 7.200547
v -10.227028 5.019959 6.549582
v -8.308184 4.316254 6.183870
v -8.670046 3.589661 6.826153
v -8.643764 3.578775 6.207264
v -9.186256 3.803483 6.690405
v -9.432585 3.905515 7.345621
v -9.186256 3.803483 6.690405
v -10.322659 4.274196 7.220651
v -10.525682 4.358292 6.570966
v -10.660902 4.037518 5.941710
v -9.383771 3.482487 6.061172
v -8.643764 3.578775 6.207264
v -3.094526 1.280206 3.755470
v -2.798378 1.157538 1.721451
v -2.989280 -1.236636 6.384680
v -2.302685 -2.298890 6.384679
v -1.775111 -1.771316 6.827629
v -2.303238 -0.952468 6.827629
v -1.125131 -1.121336 7.057993
v -1.453745 -0.600596 7.057993
v -3.754482 -2.885221 6.464002
v -3.335784 -3.331989 6.464002
v -3.964234 -2.552678 6.464002
v -4.345900 -1.798566 6.464002
v -8.599440 -7.201584 7.150971
v -8.676036 -7.433882 6.500145
v -7.923800 -7.920005 7.151043
v -8.078465 -8.074671 6.500223
v -9.325002 -6.597423 6.499786
v -9.141669 -6.475528 7.150740
v -4.681977 -1.937773 5.807517
v -4.321384 -2.665810 5.807517
v -8.378437 -7.755463 5.882069
v -9.580885 -6.195591 5.893629
v -4.681977 -1.937773 4.563159
v -4.331107 -2.649591 5.185338
v -4.681977 -1.937773 5.807517
v -4.321384 -2.665810 5.807517
v -4.135734 -2.928026 4.563159
v -2.384451 -2.380656 3.755469
v -3.574332 -3.570537 4.563159
v -3.094526 -1.280229 3.755470
v -7.135899 -5.872365 6.133896
v -7.151310 -5.907145 6.752027
v -4.331107 -2.649591 5.185338
v -6.947690 -5.948167 7.402992
v -6.804918 -6.094219 7.403258
v -6.451876 -6.448080 7.403324
v -7.919445 -5.942771 6.617953
v -8.107244 -6.171911 7.268919
v -7.858696 -6.423740 7.269185
v -7.143551 -7.139757 7.269255
v -7.771695 -5.244706 6.776674
v -7.135899 -5.872365 6.133896
v -7.756284 -5.209924 6.158543
v -7.151310 -5.907145 6.752027
v -7.919445 -5.942771 6.617953
v -8.362643 -5.360332 6.639822
v -8.600816 -5.502751 7.293542
v -8.362643 -5.360332 6.639822
v -9.603612 -5.713974 7.174697
v -9.788757 -5.837681 6.523732
v -8.206611 -5.686189 6.010757
v -7.756284 -5.209924 6.158543
v -7.135899 -5.872365 6.133896
v -8.323595 -4.351058 6.802000
v -8.308184 -4.316278 6.183869
v -8.877602 -4.473798 6.667988
v -9.065401 -4.702938 7.318953
v -8.877602 -4.473798 6.667988
v -10.041882 -4.896276 7.200545
v -10.227028 -5.019983 6.549581
v -10.394476 -4.680750 5.941709
v -9.098942 -4.170149 6.061170
v -8.308184 -4.316278 6.183869
v -8.670046 -3.589685 6.826151
v -8.643764 -3.578799 6.207263
v -9.186256 -3.803506 6.690404
v -9.432585 -3.905540 7.345619
v -9.186256 -3.803506 6.690404
v -10.322659 -4.274220 7.220649
v -10.525684 -4.358315 6.570964
v -8.643764 -3.578799 6.207263
v -3.593827 -3.590031 5.185338
v -6.509068 -6.505272 6.134389
v -6.544333 -7.542442 6.000071
v -3.094526 -1.280229 3.755470
v -2.156305 -2.152509 1.721451
v -2.384451 -2.380656 3.755469
v -2.798378 -1.157560 1.721451
v -1.240430 -2.985486 6.384679
v -0.956262 -2.299444 6.827629
v -0.605252 -1.452029 7.057993
v -2.889017 -3.750687 6.464002
v -2.556473 -3.960439 6.464002
v -1.802360 -4.342105 6.464002
v -7.205379 -8.595644 7.150971
v -7.437677 -8.672241 6.500144
v -6.601218 -9.321208 6.499786
v -6.479323 -9.137875 7.150739
v -1.941568 -4.678183 5.807516
v -2.669605 -4.317589 5.807516
v -7.008979 -9.009238 5.881843
v -2.669605 -4.317589 5.807516
v -2.653386 -4.327311 5.185338
v -1.941568 -4.678183 5.807516
v -1.941568 -4.678183 4.563159
v -2.931821 -4.131939 4.563159
v -1.284024 -3.090731 3.755470
v -5.876160 -7.132103 6.133895
v -2.653386 -4.327311 5.185338
v -5.910940 -7.147514 6.752027
v -5.951962 -6.943894 7.402991
v -6.098014 -6.801123 7.403258
v -6.175706 -8.103450 7.268918
v -5.946567 -7.915649 6.617953
v -6.427535 -7.854900 7.269185
v -5.876160 -7.132103 6.133895
v -5.248501 -7.767900 6.776673
v -5.213720 -7.752489 6.158542
v -5.910940 -7.147514 6.752027
v -5.946567 -7.915649 6.617953
v -5.364128 -8.358849 6.639822
v -5.364128 -8.358849 6.639822
v -5.506546 -8.597021 7.293542
v -5.717768 -9.599817 7.174696
v -5.841475 -9.784963 6.523732
v -5.410830 -10.028266 5.918525
v -4.955498 -8.681894 6.035774
v -5.213720 -7.752489 6.158542
v -5.876160 -7.132103 6.133895
v -4.354854 -8.319799 6.801999
v -4.320074 -8.304389 6.183868
v -4.477593 -8.873808 6.667988
v -4.706733 -9.061606 7.318953
v -4.477593 -8.873808 6.667988
v -4.900072 -10.038087 7.200545
v -5.023779 -10.223233 6.549580
v -4.320074 -8.304389 6.183868
v -3.593479 -8.666251 6.826150
v -3.582593 -8.639970 6.207262
v -3.807301 -9.182462 6.690403
v -3.909333 -9.428792 7.345618
v -3.807301 -9.182462 6.690403
v -4.278013 -10.318865 7.220648
v -4.362109 -10.521890 6.570963
v -4.041334 -10.657109 5.941708
v -3.486303 -9.379977 6.061170
v -3.582593 -8.639970 6.207262
v -1.284024 -3.090731 3.755470
v -1.161356 -2.794583 1.721450
v -3.254911 -0.000012 6.384680
v -2.508809 -0.000012 6.827630
v -1.589598 -0.000012 7.057993
v -4.715934 -0.000012 6.464003
v -4.696086 -0.611988 6.464003
v -4.609259 -0.995450 6.464003
v -11.392538 -0.875664 6.500146
v -11.204368 -0.000011 7.151044
v -11.423100 -0.000011 6.500224
v -11.174116 -0.985761 7.150972
v -11.259962 -1.926018 6.499787
v -11.044134 -1.882574 7.150741
v -4.941799 -1.167996 5.807517
v -11.409496 0.437815 5.882070
v -11.327697 -1.417092 5.881844
v -4.937205 -1.186338 5.185338
v -4.941799 -1.167996 5.807517
v -4.995939 -0.851306 4.563159
v -5.053291 -0.000011 4.563159
v -3.370547 -0.000012 3.755470
v -9.199337 -0.890780 6.133897
v -4.937205 -1.186338 5.185338
v -9.234829 -0.877085 6.752028
v -9.119854 -0.704097 7.402992
v -9.122174 -0.499868 7.403259
v -9.122752 -0.000012 7.403325
v -10.097994 -1.365815 7.268919
v -9.803173 -1.395047 6.617954
v -10.100313 -1.011995 7.269186
v -10.100930 -0.000012 7.269256
v -9.199337 -0.890780 6.133897
v -9.234829 -0.877085 6.752028
v -9.169600 -1.797875 6.158543
v -9.205092 -1.784179 6.776674
v -9.803173 -1.395047 6.617954
v -9.704716 -2.120282 6.639822
v -9.704716 -2.120282 6.639822
v -9.973835 -2.187991 7.293543
v -10.832274 -2.747718 7.174697
v -11.050667 -2.791162 6.523733
v -10.918196 -3.267715 5.918526
v -9.169600 -1.797875 6.158543
v -9.961961 -0.708465 6.000072
v -9.199337 -0.890780 6.133897
v -9.644198 -2.637655 6.035775
v -8.927949 -2.820031 6.183869
v -8.963439 -2.806335 6.802000
v -9.441972 -3.111287 6.667988
v -9.441972 -3.111287 6.667988
v -9.736793 -3.082055 7.318954
v -10.563980 -3.635820 7.200546
v -10.782372 -3.679264 6.549581
v -8.927949 -2.820031 6.183869
v -5.080861 -0.000012 5.185338
v -9.203634 -0.000012 6.134390
v -3.370547 -0.000012 3.755470
v -3.047899 -0.000011 1.721451
v -4.696086 0.611965 6.464003
v -4.609259 0.995426 6.464003
v -11.174118 0.985738 7.150972
v -11.392538 0.875640 6.500146
v -11.259960 1.925995 6.499788
v -11.044134 1.882551 7.150741
v -4.941799 1.167973 5.807517
v -11.156759 2.391069 5.893630
v -4.937205 1.186316 5.185338
v -4.941799 1.167973 5.807517
v -4.995938 0.851283 4.563159
v -9.199337 0.890758 6.133897
v -4.937205 1.186316 5.185338
v -9.234827 0.877062 6.752028
v -9.119855 0.704074 7.402993
v -9.122173 0.499845 7.403259
v -9.803173 1.395025 6.617955
v -10.097994 1.365792 7.268919
v -10.100313 1.011972 7.269186
v -9.234827 0.877062 6.752028
v -9.169600 1.797853 6.158544
v -9.205091 1.784156 6.776675
v -9.199337 0.890758 6.133897
v -9.704716 2.120260 6.639823
v -9.803173 1.395025 6.617955
v -9.704716 2.120260 6.639823
v -9.973835 2.187968 7.293543
v -10.832274 2.747695 7.174698
v -11.050668 2.791139 6.523734
v -9.824799 1.779512 6.010758
v -9.169600 1.797853 6.158544
v -9.199337 0.890758 6.133897
v -8.927949 2.820008 6.183870
v -8.963439 2.806312 6.802001
v -9.441972 3.111265 6.667990
v -9.441972 3.111265 6.667990
v -9.736792 3.082032 7.318954
v -10.563979 3.635797 7.200547
v -10.782371 3.679241 6.549582
v -8.927949 2.820008 6.183870
v 0.597638 1.452004 7.057993
v 2.981666 1.236613 6.384680
v 1.767496 1.771292 6.827630
v 2.295624 0.952444 6.827630
v 2.295070 2.298866 6.384680
v 1.117516 1.121312 7.057993
v 1.446131 0.600572 7.057993
v 3.746867 2.885200 6.464003
v 3.328169 3.331967 6.464003
v 3.956619 2.552655 6.464003
v 4.338285 1.798543 6.464003
v 7.916184 7.919985 7.151045
v 8.668419 7.433861 6.500147
v 8.070848 8.074650 6.500226
v 8.591824 7.201564 7.150973
v 9.317387 6.597403 6.499789
v 9.134053 6.475508 7.150742
v 4.674363 1.937751 5.807517
v 4.313770 2.665788 5.807518
v 8.370821 7.755443 5.882071
v 9.573269 6.195571 5.893631
v 4.323492 2.649569 5.185338
v 4.313770 2.665788 5.807518
v 4.674363 1.937751 5.807517
v 4.674363 1.937752 4.563160
v 4.128119 2.928004 4.563160
v 2.376837 2.380634 3.755470
v 3.566717 3.570515 4.563160
v 3.086912 1.280207 3.755470
v 7.128283 5.872344 6.133898
v 7.143694 5.907125 6.752029
v 4.323492 2.649569 5.185338
v 6.940074 5.948146 7.402994
v 6.797302 6.094198 7.403260
v 6.444260 6.448059 7.403327
v 8.099628 6.171892 7.268920
v 7.911829 5.942750 6.617955
v 7.851080 6.423719 7.269187
v 7.135935 7.139736 7.269258
v 7.128283 5.872344 6.133898
v 7.764080 5.244685 6.776675
v 7.143694 5.907125 6.752029
v 7.748669 5.209904 6.158545
v 7.911829 5.942750 6.617955
v 8.355027 5.360312 6.639824
v 8.593201 5.502731 7.293544
v 8.355027 5.360312 6.639824
v 9.595997 5.713953 7.174699
v 9.781142 5.837661 6.523734
v 8.198996 5.686169 6.010759
v 7.748669 5.209904 6.158545
v 7.128283 5.872344 6.133898
v 8.315979 4.351038 6.802001
v 8.300570 4.316258 6.183870
v 8.869987 4.473777 6.667990
v 9.057787 4.702918 7.318955
v 8.869987 4.473777 6.667990
v 10.034266 4.896256 7.200547
v 10.219413 5.019964 6.549582
v 10.386860 4.680731 5.941710
v 9.091327 4.170129 6.061172
v 8.300570 4.316258 6.183870
v 8.662432 3.589664 6.826153
v 8.636148 3.578778 6.207264
v 9.178641 3.803486 6.690405
v 9.424971 3.905519 7.345621
v 9.178641 3.803486 6.690405
v 10.315043 4.274200 7.220651
v 10.518069 4.358296 6.570966
v 8.636148 3.578778 6.207264
v 3.586211 3.590009 5.185338
v 6.501451 6.505251 6.134391
v 6.536717 7.542421 6.000073
v 2.148690 2.152488 1.721452
v 3.086912 1.280207 3.755470
v 2.790764 1.157539 1.721451
v 2.376837 2.380634 3.755470
v 2.881402 3.750664 6.464003
v 2.548857 3.960416 6.464003
v 7.430060 8.672219 6.500147
v 7.197762 8.595624 7.150974
v 6.593601 9.321185 6.499789
v 6.471706 9.137853 7.150742
v 2.661990 4.317567 5.807518
v 7.001363 9.009217 5.881845
v 2.645771 4.327289 5.185339
v 2.661990 4.317567 5.807518
v 2.924206 4.131917 4.563160
v 5.868544 7.132082 6.133898
v 2.645771 4.327289 5.185339
v 5.903324 7.147493 6.752029
v 5.944346 6.943873 7.402994
v 6.090398 6.801102 7.403260
v 6.168090 8.103428 7.268920
v 5.938950 7.915628 6.617956
v 6.419919 7.854879 7.269187
v 5.240884 7.767878 6.776676
v 5.868544 7.132082 6.133898
v 5.903324 7.147493 6.752029
v 5.206104 7.752468 6.158545
v 5.938950 7.915628 6.617956
v 5.356511 8.358827 6.639824
v 5.498930 8.596999 7.293545
v 5.356511 8.358827 6.639824
v 5.710152 9.599795 7.174700
v 5.833859 9.784942 6.523735
v 5.403213 10.028243 5.918528
v 5.206104 7.752468 6.158545
v 5.868544 7.132082 6.133898
v 4.947881 8.681873 6.035777
v 4.347237 8.319777 6.802002
v 4.312457 8.304367 6.183871
v 4.469976 8.873785 6.667991
v 4.699117 9.061584 7.318955
v 4.469976 8.873785 6.667991
v 4.892454 10.038065 7.200548
v 5.016162 10.223211 6.549583
v 4.312457 8.304367 6.183871
v 2.501195 -0.000012 6.827630
v 3.247297 -0.000011 6.384680
v 1.581984 -0.000012 7.057993
v 4.708321 -0.000011 6.464003
v 4.688472 0.611966 6.464003
v 4.601645 0.995427 6.464003
v 11.384925 0.875643 6.500146
v 11.166504 0.985740 7.150972
v 11.196754 -0.000009 7.151044
v 11.415485 -0.000009 6.500224
v 11.252348 1.925998 6.499788
v 11.036520 1.882554 7.150741
v 4.934185 1.167974 5.807517
v 11.401882 -0.437835 5.882070
v 11.320084 1.417072 5.881845
v 4.929591 1.186317 5.185338
v 4.934185 1.167974 5.807517
v 4.988325 0.851285 4.563159
v 5.045678 -0.000011 4.563159
v 3.362933 -0.000011 3.755470
v 9.191724 0.890760 6.133897
v 4.929591 1.186317 5.185338
v 9.227215 0.877064 6.752028
v 9.112240 0.704076 7.402993
v 9.114560 0.499847 7.403259
v 9.115139 -0.000009 7.403325
v 10.090381 1.365794 7.268919
v 9.795560 1.395026 6.617955
v 10.092699 1.011974 7.269186
v 10.093317 -0.000009 7.269256
v 9.161986 1.797855 6.158544
v 9.227215 0.877064 6.752028
v 9.197478 1.784158 6.776675
v 9.191724 0.890760 6.133897
v 9.795560 1.395026 6.617955
v 9.697102 2.120262 6.639823
v 9.697102 2.120262 6.639823
v 9.966221 2.187970 7.293543
v 10.824661 2.747697 7.174698
v 11.043053 2.791142 6.523734
v 10.910582 3.267695 5.918527
v 9.954348 0.708444 6.000072
v 9.161986 1.797855 6.158544
v 9.636584 2.637634 6.035776
v 9.191724 0.890760 6.133897
v 8.920335 2.820011 6.183870
v 8.955825 2.806314 6.802001
v 9.434357 3.111267 6.667990
v 9.434357 3.111267 6.667990
v 9.729178 3.082035 7.318954
v 10.556365 3.635800 7.200547
v 10.774757 3.679244 6.549582
v 8.920335 2.820011 6.183870
v 5.073247 -0.000010 5.185338
v 9.196022 -0.000010 6.134390
v 3.362933 -0.000011 3.755470
v 3.040285 -0.000010 1.721451
v 2.981667 -1.236635 6.384680
v 2.295625 -0.952467 6.827629
v 1.448210 -0.601457 7.057993
v 4.688472 -0.611987 6.464003
v 4.601645 -0.995449 6.464003
v 4.338287 -1.798565 6.464002
v 11.384925 -0.875660 6.500146
v 11.166506 -0.985758 7.150972
v 11.252348 -1.926015 6.499787
v 11.036520 -1.882572 7.150741
v 4.934186 -1.167995 5.807517
v 4.674365 -1.937772 5.807517
v 11.149147 -2.391089 5.893630
v 4.929592 -1.186338 5.185338
v 4.934186 -1.167995 5.807517
v 4.674365 -1.937772 5.807517
v 4.674365 -1.937772 4.563159
v 4.988326 -0.851305 4.563159
v 3.086912 -1.280228 3.755470
v 9.191724 -0.890779 6.133897
v 9.227215 -0.877083 6.752028
v 4.929592 -1.186338 5.185338
v 9.112241 -0.704095 7.402992
v 9.114560 -0.499866 7.403259
v 10.090383 -1.365812 7.268919
v 9.795561 -1.395046 6.617954
v 10.092701 -1.011992 7.269186
v 9.227215 -0.877083 6.752028
v 9.191724 -0.890779 6.133897
v 9.161987 -1.797874 6.158543
v 9.197479 -1.784177 6.776674
v 9.795561 -1.395046 6.617954
v 9.697103 -2.120281 6.639822
v 9.697103 -2.120281 6.639822
v 9.966223 -2.187989 7.293543
v 10.824661 -2.747716 7.174697
v 11.043055 -2.791159 6.523733
v 9.817186 -1.779533 6.010757
v 9.161987 -1.797874 6.158543
v 9.191724 -0.890779 6.133897
v 8.920336 -2.820029 6.183869
v 8.955827 -2.806334 6.802000
v 9.434360 -3.111286 6.667988
v 9.434360 -3.111286 6.667988
v 9.729181 -3.082054 7.318954
v 10.556367 -3.635818 7.200546
v 10.774759 -3.679262 6.549581
v 10.653290 -4.037538 5.941709
v 9.376159 -3.482508 6.061171
v 8.920336 -2.820029 6.183869
v 8.636152 -3.578797 6.207263
v 8.662434 -3.589683 6.826151
v 9.178644 -3.803504 6.690404
v 9.178644 -3.803504 6.690404
v 9.424973 -3.905537 7.345619
v 10.315046 -4.274217 7.220649
v 10.518070 -4.358311 6.570964
v 8.636152 -3.578797 6.207263
v 2.790765 -1.157560 1.721451
v 3.086912 -1.280228 3.755470
v 1.232818 -2.985485 6.384679
v -0.003806 -2.505014 6.827629
v -0.003806 -3.251116 6.384679
v 0.948650 -2.299443 6.827629
v -0.003806 -1.585803 7.057993
v 0.596778 -1.449950 7.057993
v -0.003805 -4.712140 6.464002
v 0.608171 -4.692291 6.464002
v 0.991632 -4.605464 6.464002
v 1.794748 -4.342104 6.464002
v 0.981946 -11.170323 7.150970
v -0.003803 -11.200575 7.151042
v 0.871849 -11.388745 6.500144
v -0.003802 -11.419304 6.500222
v 1.922203 -11.256166 6.499786
v 1.878760 -11.040338 7.150739
v 1.164179 -4.938004 5.807516
v 1.933957 -4.678181 5.807516
v -0.441629 -11.405703 5.882068
v 1.413277 -11.323901 5.881842
v 1.164179 -4.938004 5.807516
v 1.182522 -4.933410 5.185338
v 1.933957 -4.678181 5.807516
v 1.933957 -4.678181 4.563159
v 0.847490 -4.992144 4.563159
v -0.003805 -5.049497 4.563159
v -0.003806 -3.366751 3.755469
v 1.276412 -3.090730 3.755470
v 0.886966 -9.195543 6.133895
v 1.182522 -4.933410 5.185338
v 0.873270 -9.231034 6.752026
v 0.700281 -9.116059 7.402991
v 0.496053 -9.118379 7.403258
v -0.003803 -9.118958 7.403324
v 1.362000 -10.094201 7.268918
v 1.391233 -9.799378 6.617953
v 1.008180 -10.096519 7.269184
v -0.003804 -10.097136 7.269255
v 1.794061 -9.165806 6.158542
v 0.886966 -9.195543 6.133895
v 0.873270 -9.231034 6.752026
v 1.780364 -9.201297 6.776673
v 1.391233 -9.799378 6.617953
v 2.116468 -9.700921 6.639822
v 2.116468 -9.700921 6.639822
v 2.184175 -9.970039 7.293541
v 2.743903 -10.828481 7.174696
v 2.787346 -11.046872 6.523731
v 3.263901 -10.914400 5.918525
v 1.794061 -9.165806 6.158542
v 0.704650 -9.958167 6.000071
v 0.886966 -9.195543 6.133895
v 2.633840 -9.640404 6.035774
v 2.816216 -8.924154 6.183868
v 2.802521 -8.959644 6.801999
v 3.107471 -9.438176 6.667987
v 3.107471 -9.438176 6.667987
v 3.078241 -9.732997 7.318953
v 3.632005 -10.560184 7.200545
v 3.675451 -10.778576 6.549580
v 2.816216 -8.924154 6.183868
v 3.574983 -8.639968 6.207262
v 3.585871 -8.666249 6.826150
v 3.799692 -9.182461 6.690403
v 3.799692 -9.182461 6.690403
v 3.901725 -9.428789 7.345618
v 4.270405 -10.318863 7.220648
v 4.354502 -10.521889 6.570963
v 4.676936 -10.390679 5.941708
v 4.166334 -9.095145 6.061170
v 3.574983 -8.639968 6.207262
v -0.003805 -5.077066 5.185338
v -0.003804 -9.199841 6.134389
v 1.276412 -3.090730 3.755470
v -0.003806 -3.366751 3.755469
v 1.153744 -2.794582 1.721450
v -0.003806 -3.044104 1.721451
v -0.615782 -4.692292 6.464002
v -0.999243 -4.605464 6.464002
v -0.989552 -11.170323 7.150970
v -0.879455 -11.388744 6.500144
v -1.929810 -11.256168 6.499786
v -1.886366 -11.040339 7.150739
v -1.171790 -4.938004 5.807516
v -2.394884 -11.152966 5.893628
v -1.171790 -4.938004 5.807516
v -1.190132 -4.933411 5.185338
v -0.855100 -4.992145 4.563159
v -0.894573 -9.195544 6.133895
v -0.880877 -9.231034 6.752026
v -1.190132 -4.933411 5.185338
v -0.707889 -9.116059 7.402991
v -0.503660 -9.118380 7.403258
v -1.369607 -10.094202 7.268918
v -1.398839 -9.799380 6.617953
v -1.015787 -10.096520 7.269184
v -0.894573 -9.195544 6.133895
v -1.801668 -9.165807 6.158542
v -0.880877 -9.231034 6.752026
v -1.787972 -9.201298 6.776673
v -1.398839 -9.799380 6.617953
v -2.124074 -9.700923 6.639822
v -2.124074 -9.700923 6.639822
v -2.191783 -9.970041 7.293541
v -2.751510 -10.828483 7.174696
v -2.794953 -11.046874 6.523731
v -1.783327 -9.821006 6.010756
v -1.801668 -9.165807 6.158542
v -0.894573 -9.195544 6.133895
v -2.823823 -8.924156 6.183868
v -2.810127 -8.959646 6.801999
v -3.115080 -9.438179 6.667987
v -3.115080 -9.438179 6.667987
v -3.085847 -9.733000 7.318953
v -3.639612 -10.560188 7.200545
v -3.683056 -10.778580 6.549580
v -2.823823 -8.924156 6.183868
v 1.767497 -1.771315 6.827629
v 2.295072 -2.298889 6.384679
v 1.117517 -1.121335 7.057993
v 2.881404 -3.750686 6.464002
v 3.328172 -3.331988 6.464002
v 2.548860 -3.960438 6.464002
v 7.916189 -7.920001 7.151043
v 7.197767 -8.595641 7.150971
v 7.430065 -8.672238 6.500144
v 8.070856 -8.074668 6.500223
v 6.593608 -9.321206 6.499786
v 6.471715 -9.137874 7.150739
v 2.661993 -4.317588 5.807516
v 7.751647 -8.374640 5.882069
v 6.191776 -9.577088 5.893628
v 2.661993 -4.317588 5.807516
v 2.645775 -4.327310 5.185338
v 2.924209 -4.131937 4.563159
v 2.376838 -2.380655 3.755469
v 3.566720 -3.570535 4.563159
v 5.868548 -7.132100 6.133895
v 5.903329 -7.147513 6.752027
v 2.645775 -4.327310 5.185338
v 5.944350 -6.943892 7.402991
v 6.090404 -6.801121 7.403258
v 6.444263 -6.448078 7.403324
v 6.168096 -8.103446 7.268918
v 5.938955 -7.915648 6.617953
v 6.419924 -7.854897 7.269185
v 7.135941 -7.139754 7.269255
v 5.868548 -7.132100 6.133895
v 5.240891 -7.767898 6.776673
v 5.903329 -7.147513 6.752027
v 5.206110 -7.752487 6.158542
v 5.356517 -8.358846 6.639822
v 5.938955 -7.915648 6.617953
v 5.356517 -8.358846 6.639822
v 5.498936 -8.597019 7.293542
v 5.710157 -9.599814 7.174696
v 5.833866 -9.784961 6.523732
v 5.682374 -8.202814 6.010756
v 5.206110 -7.752487 6.158542
v 5.868548 -7.132100 6.133895
v 4.347243 -8.319798 6.801999
v 4.312463 -8.304387 6.183868
v 4.469983 -8.873806 6.667988
v 4.469983 -8.873806 6.667988
v 4.699123 -9.061604 7.318953
v 4.892462 -10.038085 7.200545
v 5.016169 -10.223231 6.549580
v 4.312463 -8.304387 6.183868
v 3.586213 -3.590030 5.185338
v 6.501456 -6.505270 6.134389
v 7.538626 -6.540534 6.000072
v 2.148692 -2.152509 1.721451
v 2.376838 -2.380655 3.755469
v 3.746869 -2.885220 6.464002
v 3.956621 -2.552676 6.464002
v 8.668425 -7.433878 6.500145
v 8.591830 -7.201581 7.150971
v 9.317390 -6.597418 6.499786
v 9.134059 -6.475525 7.150740
v 4.313772 -2.665808 5.807517
v 9.005423 -7.005180 5.881843
v 4.323493 -2.649589 5.185338
v 4.313772 -2.665808 5.807517
v 4.128121 -2.928024 4.563159
v 7.128287 -5.872362 6.133896
v 4.323493 -2.649589 5.185338
v 7.143697 -5.907141 6.752027
v 6.940078 -5.948164 7.402992
v 6.797307 -6.094216 7.403258
v 8.099633 -6.171908 7.268919
v 7.911834 -5.942767 6.617953
v 7.851084 -6.423737 7.269185
v 7.764083 -5.244703 6.776674
v 7.128287 -5.872362 6.133896
v 7.143697 -5.907141 6.752027
v 7.748672 -5.209922 6.158543
v 8.355033 -5.360329 6.639822
v 7.911834 -5.942767 6.617953
v 8.593204 -5.502748 7.293542
v 8.355033 -5.360329 6.639822
v 9.596001 -5.713969 7.174697
v 9.781147 -5.837677 6.523732
v 10.024449 -5.407031 5.918526
v 7.748672 -5.209922 6.158543
v 7.128287 -5.872362 6.133896
v 8.678078 -4.951699 6.035775
v 8.300570 -4.316275 6.183869
v 8.315983 -4.351055 6.802000
v 8.869991 -4.473795 6.667988
v 8.869991 -4.473795 6.667988
v 9.057789 -4.702934 7.318953
v 10.034269 -4.896272 7.200545
v 10.219416 -5.019979 6.549581
v 8.300570 -4.316275 6.183869
v -2.641451 9.640381 6.035777
v -2.543177 9.281199 -4.990269
v -0.712260 9.958142 6.000074
v -0.685864 9.587123 -4.991765
v -4.173945 9.095122 6.061172
v -4.018574 8.756257 -4.989206
v 1.775717 9.820981 6.010759
v 3.348940 9.030475 -4.989205
v 3.478691 9.379953 6.061172
v 1.709415 9.455071 -4.991318
v -5.689985 8.202790 6.010759
v -5.478128 7.897172 -4.991319
v -7.265222 6.296828 -4.991766
v -7.546238 6.540514 6.000073
v -8.685690 4.951679 6.035776
v -8.362219 4.767190 -4.990270
v -9.383771 3.482487 6.061172
v -9.034291 3.352737 -4.989206
v -8.206611 -5.686189 6.010757
v -8.760075 -4.014776 -4.989208
v -9.098942 -4.170149 6.061170
v -7.900990 -5.474331 -4.991320
v -6.544333 -7.542442 6.000071
v -6.300646 -7.261425 -4.991767
v -4.955498 -8.681894 6.035774
v -4.771008 -8.358422 -4.990272
v -3.486303 -9.379977 6.061170
v -3.356552 -9.030496 -4.989208
v -9.644198 -2.637655 6.035775
v -9.285015 -2.539380 -4.990271
v -9.961961 -0.708465 6.000072
v -9.590940 -0.682067 -4.991766
v -9.824799 1.779512 6.010758
v -9.458887 1.713212 -4.991319
v 8.198996 5.686169 6.010759
v 8.752460 4.014759 -4.989206
v 9.091327 4.170129 6.061172
v 7.893374 5.474314 -4.991319
v 6.293030 7.261405 -4.991766
v 6.536717 7.542421 6.000073
v 4.947881 8.681873 6.035777
v 4.763391 8.358405 -4.990270
v 9.277401 2.539362 -4.990271
v 9.954348 0.708444 6.000072
v 9.636584 2.637634 6.035776
v 9.583326 0.682050 -4.991766
v 9.817186 -1.779533 6.010757
v 9.026679 -3.352756 -4.989208
v 9.376159 -3.482508 6.061171
v 9.451275 -1.713230 -4.991319
v 0.678254 -9.587142 -4.991768
v 0.704650 -9.958167 6.000071
v 2.535566 -9.281219 -4.990273
v 2.633840 -9.640404 6.035774
v 4.010962 -8.756276 -4.989207
v 4.166334 -9.095145 6.061170
v -1.783327 -9.821006 6.010756
v -1.717025 -9.455092 -4.991320
v 5.682374 -8.202814 6.010756
v 5.470517 -7.897191 -4.991320
v 7.257609 -6.296846 -4.991767
v 7.538626 -6.540534 6.000072
v 8.678078 -4.951699 6.035775
v 8.354607 -4.767208 -4.990272
v -0.717630 10.033625 -6.959206
v -2.661442 9.713453 -6.957640
v -4.205553 9.164062 -6.956527
v 1.789204 9.895423 -6.958737
v 3.505086 9.451051 -6.956527
v -5.733083 8.264967 -6.958738
v -7.603405 6.590088 -6.959207
v -8.751493 4.989211 -6.957641
v -9.454865 3.508883 -6.956528
v -9.167877 -4.201755 -6.956530
v -8.268783 -5.729285 -6.958740
v -6.593907 -7.599608 -6.959208
v -4.993029 -8.747693 -6.957643
v -3.512698 -9.451066 -6.956529
v -10.037438 -0.713832 -6.959208
v -9.717265 -2.657645 -6.957642
v -9.899236 1.793002 -6.958739
v 9.160262 4.201737 -6.956528
v 8.261167 5.729268 -6.958738
v 6.586290 7.599589 -6.959207
v 4.985411 8.747682 -6.957641
v 10.029825 0.713815 -6.959208
v 9.709651 2.657628 -6.957642
v 9.891623 -1.793019 -6.958739
v 9.447252 -3.508902 -6.956530
v 0.710019 -10.033638 -6.959208
v 2.653832 -9.713466 -6.957644
v 4.197940 -9.164076 -6.956529
v -1.796815 -9.895438 -6.958740
v 5.725471 -8.264981 -6.958739
v 7.595793 -6.590106 -6.959208
v 8.743880 -4.989229 -6.957643
v -0.757526 10.594409 -7.316216
v -2.809968 10.256302 -7.314533
v -4.440359 9.676180 -7.313337
v 1.889414 10.448471 -7.315713
v 3.701174 9.979206 -7.313337
v -6.053288 8.726890 -7.315714
v -8.028151 6.958412 -7.316217
v -9.240368 5.268039 -7.314534
v -9.983019 3.704971 -7.313338
v -8.730705 -6.049489 -7.315716
v -9.679995 -4.436561 -7.313341
v -6.962231 -8.024353 -7.316219
v -5.271858 -9.236567 -7.314537
v -3.708786 -9.979220 -7.313339
v -10.598222 -0.753728 -7.316217
v -10.260114 -2.806170 -7.314535
v -10.452284 1.893212 -7.315715
v 8.723089 6.049473 -7.315714
v 9.672379 4.436544 -7.313338
v 6.954613 8.024334 -7.316216
v 5.264239 9.236557 -7.314533
v 10.590609 0.753711 -7.316217
v 10.252500 2.806153 -7.314535
v 10.444672 -1.893229 -7.315715
v 9.975408 -3.704989 -7.313340
v 0.749916 -10.594422 -7.316219
v 2.802357 -10.256314 -7.314537
v 4.432747 -9.676192 -7.313339
v -1.897024 -10.448485 -7.315715
v 6.045676 -8.726904 -7.315715
v 8.020538 -6.958430 -7.316219
v 9.232756 -5.268057 -7.314536
v -0.801279 11.209417 -7.222769
v -2.972865 10.851683 -7.220989
v -4.697901 10.237885 -7.219723
v 1.999316 11.055008 -7.222237
v 3.916249 10.558502 -7.219723
v -6.404460 9.233488 -7.222237
v -8.493964 7.362347 -7.222771
v -9.776550 5.573849 -7.220989
v -10.562312 3.920045 -7.219724
v -9.237302 -6.400663 -7.222239
v -10.241697 -4.694104 -7.219727
v -7.366168 -8.490165 -7.222773
v -5.577668 -9.772748 -7.220992
v -3.923860 -10.558512 -7.219725
v -11.213228 -0.797482 -7.222771
v -10.855493 -2.969068 -7.220991
v -11.058818 2.003114 -7.222239
v 9.229686 6.400645 -7.222238
v 10.234082 4.694086 -7.219724
v 7.358550 8.490149 -7.222770
v 5.570050 9.772742 -7.220988
v 11.205615 0.797465 -7.222771
v 10.847878 2.969051 -7.220989
v 11.051207 -2.003130 -7.222239
v 10.554702 -3.920064 -7.219726
v 0.793669 -11.209427 -7.222773
v 2.965255 -10.851691 -7.220991
v 4.690289 -10.237893 -7.219725
v -2.006926 -11.055017 -7.222239
v 6.396849 -9.233499 -7.222239
v 8.486352 -7.362367 -7.222773
v 9.768938 -5.573868 -7.220991
v -0.808995 11.317869 -6.805296
v -3.001591 10.956673 -6.803499
v -4.743317 10.336936 -6.802220
v 2.018696 11.161965 -6.804759
v 3.954175 10.660656 -6.802220
v -6.466386 9.322823 -6.804759
v -8.576107 7.433578 -6.805298
v -9.871101 5.627776 -6.803499
v -10.664466 3.957972 -6.802221
v -10.340749 -4.739520 -6.802224
v -9.326636 -6.462590 -6.804762
v -7.437398 -8.572308 -6.805300
v -5.631596 -9.867299 -6.803502
v -3.961787 -10.660666 -6.802222
v -11.321680 -0.805197 -6.805298
v -10.960483 -2.997793 -6.803501
v -11.165775 2.022494 -6.804761
v 10.333134 4.739501 -6.802221
v 9.319020 6.462571 -6.804760
v 7.429780 8.572291 -6.805297
v 5.623977 9.867294 -6.803498
v 11.314067 0.805180 -6.805298
v 10.952868 2.997777 -6.803499
v 11.158164 -2.022511 -6.804761
v 10.656856 -3.957991 -6.802223
v 0.801385 -11.317879 -6.805300
v 2.993981 -10.956681 -6.803501
v 4.735704 -10.336945 -6.802222
v -2.026306 -11.161975 -6.804761
v 6.458775 -9.322833 -6.804762
v 8.568495 -7.433599 -6.805300
v 9.863489 -5.627796 -6.803501
v 6.081014 14.680813 0.061982
v 3.100082 15.585066 0.061980
v 6.016616 14.525273 4.490828
v 3.067225 15.419942 4.490829
v 5.950051 14.364607 5.308327
v 3.033301 15.249374 5.308327
v 8.575016 12.833413 5.842068
v 8.638105 12.927835 5.308327
v 5.906591 14.259707 5.842065
v 7.451035 11.151246 6.737430
v 5.132351 12.390571 6.737408
v 3.011152 15.138014 5.842065
v 2.616457 13.153753 6.737412
v 0.000006 12.647844 6.923770
v 0.000007 13.411503 6.737389
v 2.467491 12.404840 6.923785
v 0.000012 15.434645 5.842063
v 0.000012 15.548180 5.308327
v 0.000024 15.890444 0.061979
v 0.000013 15.722074 4.490831
v 7.971465 7.971460 6.858637
v 6.263175 9.373481 6.858635
v 6.301687 9.431146 5.979491
v 8.020497 8.020498 5.979501
v 4.314082 10.415168 6.858635
v 4.340656 10.479254 5.979491
v 2.199322 11.056708 6.858630
v 2.212858 11.124704 5.979477
v 0.000006 11.273323 6.858630
v 0.000008 11.342725 5.979499
v 8.943376 8.943388 6.923780
v 7.026813 10.516356 6.923800
v 15.137997 3.011136 5.842070
v 15.548123 -0.000002 5.308329
v 15.249361 3.033285 5.308331
v 15.434569 -0.000002 5.842072
v 14.364601 5.950035 5.308328
v 15.419930 3.067210 4.490830
v 14.525272 6.016599 4.490829
v 13.153749 2.616443 6.737420
v 14.259701 5.906577 5.842068
v 12.390551 5.132374 6.737422
v 12.833382 8.575001 5.842072
v 11.151241 7.451018 6.737430
v 10.516352 7.026799 6.923800
v 9.483339 9.483377 6.737405
v 9.373466 6.263162 6.858635
v 9.431058 6.301672 5.979477
v 10.415182 4.314171 6.858635
v 11.685119 4.840170 6.923794
v 10.479268 4.340646 5.979486
v 11.124718 2.212844 5.979486
v 11.056718 2.199305 6.858635
v 12.404852 2.467480 6.923790
v 11.342749 -0.000002 5.979513
v 11.273341 -0.000002 6.858637
v 12.647839 -0.000002 6.923795
v 13.411479 -0.000002 6.737420
v 15.137997 -3.011142 5.842068
v 15.249358 -3.033292 5.308328
v 14.259704 -5.906580 5.842065
v 14.364601 -5.950040 5.308327
v 13.153749 -2.616449 6.737420
v 12.390553 -5.132376 6.737416
v 11.151266 -7.451025 6.737434
v 12.833371 -8.575006 5.842072
v 9.483327 -9.483386 6.737400
v 10.913945 -10.913928 5.842062
v 8.943365 -8.943400 6.923776
v 10.516374 -7.026803 6.923802
v 9.373495 -6.263166 6.858635
v 7.971482 -7.971466 6.858635
v 10.415182 -4.314174 6.858630
v 11.685119 -4.840171 6.923789
v 11.056725 -2.199310 6.858635
v 12.404852 -2.467486 6.923790
v 6.263167 -9.373490 6.858630
v 6.301670 -9.431157 5.979488
v 8.020512 -8.020509 5.979504
v 9.431066 -6.301677 5.979477
v 10.479272 -4.340651 5.979484
v 11.124724 -2.212848 5.979486
v 4.314065 -10.415179 6.858625
v 4.340647 -10.479263 5.979486
v 8.734740 -13.072464 4.490818
v 8.828272 -13.212463 0.061982
v 11.117210 -11.117191 4.490826
v 11.236240 -11.236217 0.061983
v 8.638110 -12.927842 5.308323
v 8.575022 -12.833421 5.842065
v 10.994235 -10.994217 5.308324
v 7.451028 -11.151254 6.737425
v 7.026801 -10.516363 6.923795
v 6.016618 -14.525285 4.490823
v 6.081024 -14.680820 0.061982
v 5.950054 -14.364616 5.308322
v 5.906594 -14.259717 5.842060
v 5.132349 -12.390574 6.737403
v 4.840093 -11.685107 6.923779
v 2.199312 -11.056717 6.858625
v 2.467484 -12.404848 6.923780
v 2.212842 -11.124712 5.979472
v -0.000003 -11.273335 6.858625
v -0.000002 -11.342730 5.979493
v 0.000000 -12.647856 6.923765
v 2.616455 -13.153762 6.737407
v 3.011154 -15.138021 5.842060
v 3.067227 -15.419950 4.490823
v 3.033303 -15.249383 5.308322
v 3.100091 -15.585075 0.061980
v -0.000001 -13.411510 6.737386
v 0.000013 -15.434651 5.842057
v 0.000015 -15.722075 4.490829
v 0.000014 -15.548183 5.308322
v 0.000019 -15.890444 0.061979
v 13.212354 -8.828246 0.061983
v 13.072376 -8.734724 4.490829
v 14.525269 -6.016605 4.490828
v 14.680816 -6.081003 0.061983
v 15.419926 -3.067217 4.490829
v 15.585059 -3.100067 0.061984
v 15.890431 -0.000003 0.061984
v 15.722047 -0.000002 4.490826
v 15.585061 3.100062 0.061984
v 12.927778 -8.638095 5.308331
v 4.840099 11.685103 6.923784
v 10.913944 10.913918 5.842067
v 12.927785 8.638088 5.308331
v 13.072378 8.734716 4.490830
v 14.680813 6.080999 0.061983
v 13.212368 8.828238 0.061983
v 10.994232 10.994206 5.308328
v 11.117205 11.117180 4.490830
v 11.236248 11.236207 0.061983
v 8.828260 13.212456 0.061982
v 8.734736 13.072456 4.490826
v -5.132351 -12.390578 6.737398
v -3.011131 -15.138022 5.842057
v -2.616453 -13.153761 6.737408
v -5.906587 -14.259717 5.842055
v -3.033279 -15.249383 5.308318
v -5.950046 -14.364616 5.308317
v -3.067204 -15.419950 4.490819
v -3.100039 -15.585079 0.061979
v -4.840105 -11.685111 6.923775
v -2.467494 -12.404849 6.923780
v -6.263171 -9.373492 6.858625
v -4.314085 -10.415179 6.858625
v -7.026809 -10.516363 6.923795
v -8.943362 -8.943398 6.923775
v -7.971462 -7.971466 6.858630
v -2.199310 -11.056720 6.858625
v -4.340656 -10.479263 5.979482
v -6.301678 -9.431157 5.979484
v -2.212852 -11.124712 5.979474
v -8.020495 -8.020509 5.979491
v -9.373461 -6.263166 6.858625
v -9.431028 -6.301677 5.979465
v -10.415157 -4.314175 6.858621
v -10.479245 -4.340651 5.979474
v -11.056707 -2.199310 6.858625
v -11.124696 -2.212849 5.979477
v -11.273343 -0.000003 6.858630
v -11.342736 -0.000003 5.979499
v -11.685103 -4.840170 6.923779
v -12.404833 -2.467485 6.923779
v -10.516343 -7.026804 6.923790
v -12.390558 -5.132379 6.737407
v -13.153762 -2.616452 6.737403
v -11.151229 -7.451024 6.737420
v -9.483324 -9.483386 6.737397
v -7.451025 -11.151253 6.737427
v -8.574994 -12.833425 5.842058
v -12.647848 -0.000003 6.923784
v -13.411495 -0.000003 6.737410
v -12.833372 -8.575008 5.842060
v -14.259697 -5.906580 5.842055
v -15.138008 -3.011143 5.842057
v -15.434587 -0.000003 5.842062
v -13.153753 2.616444 6.737406
v -15.138014 3.011135 5.842057
v -11.056705 2.199305 6.858625
v -12.404837 2.467479 6.923779
v -11.685111 4.840166 6.923780
v -10.415179 4.314171 6.858625
v -10.479247 4.340646 5.979477
v -9.431045 6.301672 5.979469
v -9.373479 6.263160 6.858630
v -11.124701 2.212844 5.979479
v -10.516354 7.026798 6.923795
v -7.971476 7.971460 6.858635
v -8.943355 8.943393 6.923776
v -9.483313 9.483378 6.737398
v -11.151241 7.451016 6.737427
v -7.451016 11.151245 6.737425
v -5.906580 14.259701 5.842060
v -8.574988 12.833411 5.842062
v -5.132342 12.390571 6.737402
v -3.011125 15.138014 5.842065
v -2.616441 13.153753 6.737411
v -10.913909 10.913918 5.842062
v -4.840094 11.685101 6.923779
v -7.026800 10.516356 6.923795
v -6.263155 9.373481 6.858630
v -4.314069 10.415166 6.858630
v -2.467474 12.404840 6.923784
v -2.199294 11.056708 6.858625
v -6.301671 9.431146 5.979486
v -4.340649 10.479251 5.979486
v -8.020513 8.020501 5.979499
v -2.212835 11.124704 5.979477
v -3.100041 15.585066 0.061979
v -6.080986 14.680813 0.061977
v -6.016593 14.525273 4.490827
v -3.067198 15.419942 4.490826
v -3.033274 15.249374 5.308326
v -11.117166 11.117180 4.490824
v -11.236190 11.236203 0.061975
v -13.212333 8.828237 0.061974
v -13.072354 8.734715 4.490821
v -8.828221 13.212456 0.061977
v -8.734703 13.072455 4.490816
v -5.950035 14.364603 5.308323
v -8.638075 12.927834 5.308319
v -10.994196 10.994206 5.308323
v -12.927761 8.638087 5.308324
v -14.680809 6.080998 0.061974
v -14.525276 6.016598 4.490819
v -12.833356 8.574999 5.842067
v -14.364605 5.950034 5.308318
v -15.585069 3.100061 0.061974
v -15.419942 3.067210 4.490819
v -15.585057 -3.100068 0.061974
v -14.525261 -6.016605 4.490819
v -15.419933 -3.067217 4.490819
v -14.680793 -6.081004 0.061974
v -15.249369 -3.033292 5.308318
v -14.364595 -5.950040 5.308317
v -13.072372 -8.734725 4.490818
v -13.212349 -8.828248 0.061974
v -12.927777 -8.638097 5.308319
v -11.117175 -11.117191 4.490816
v -11.236208 -11.236217 0.061975
v -10.913912 -10.913928 5.842057
v -10.994201 -10.994217 5.308317
v -8.828238 -13.212463 0.061977
v -8.734707 -13.072468 4.490809
v -6.080992 -14.680820 0.061977
v -6.016609 -14.525285 4.490819
v -8.638081 -12.927846 5.308314
v -12.390566 5.132374 6.737408
v -14.259704 5.906575 5.842057
v -15.249376 3.033285 5.308318
v -15.890433 -0.000003 0.061974
v -15.722055 -0.000003 4.490814
v -15.548137 -0.000003 5.308319
v 6.017916 14.528411 -3.983559
v 3.067888 15.423270 -3.983562
v 5.957660 14.382982 -5.339166
v 3.037185 15.268883 -5.339169
v 8.446872 12.641619 -6.116564
v 5.818315 14.046630 -6.116564
v 8.649155 12.944368 -5.339165
v 4.897349 11.823115 -6.883130
v 7.109814 10.640569 -6.883146
v 2.496635 12.551362 -6.883133
v 2.966168 14.911811 -6.116565
v 0.000011 12.797314 -6.883124
v 0.000010 11.059326 -7.020096
v 2.157576 10.846824 -7.020092
v 0.000014 15.204034 -6.116564
v 0.000015 15.568073 -5.339172
v 0.000015 15.725465 -3.983568
v 6.182065 9.252119 -6.157643
v 7.820149 7.820140 -7.020098
v 7.868249 7.868248 -6.157649
v 6.144287 9.195547 -7.020096
v 4.258262 10.280331 -6.157643
v 4.232193 10.217461 -7.020096
v 2.170855 10.913529 -6.157631
v 0.000011 11.127409 -6.157652
v 9.049030 9.049100 -6.883132
v 14.911802 2.966146 -6.116563
v 15.568011 -0.000002 -5.339163
v 15.203921 -0.000002 -6.116566
v 15.268868 3.037166 -5.339165
v 14.382977 5.957644 -5.339163
v 15.423257 3.067872 -3.983557
v 14.528408 6.017900 -3.983554
v 14.046627 5.818298 -6.116561
v 12.551362 2.496617 -6.883131
v 11.823111 4.897335 -6.883131
v 12.641627 8.446854 -6.116566
v 10.640565 7.109794 -6.883142
v 9.195536 6.144271 -7.020092
v 10.217481 4.232275 -7.020092
v 9.252033 6.182051 -6.157627
v 10.280348 4.258248 -6.157633
v 10.913544 2.170838 -6.157635
v 10.846836 2.157556 -7.020092
v 11.127437 -0.000002 -6.157661
v 11.059349 -0.000002 -7.020098
v 12.797302 -0.000003 -6.883146
v 14.911802 -2.966152 -6.116561
v 15.268866 -3.037172 -5.339164
v 14.046636 -5.818303 -6.116559
v 14.382979 -5.957648 -5.339161
v 12.551362 -2.496624 -6.883131
v 11.823111 -4.897340 -6.883126
v 12.641615 -8.446856 -6.116567
v 10.640599 -7.109800 -6.883151
v 10.750862 -10.750842 -6.116559
v 9.049018 -9.049107 -6.883126
v 7.820165 -7.820146 -7.020096
v 9.195568 -6.144273 -7.020091
v 10.846844 -2.157561 -7.020092
v 10.217480 -4.232280 -7.020089
v 6.144280 -9.195556 -7.020091
v 6.182050 -9.252128 -6.157640
v 7.868266 -7.868257 -6.157650
v 9.252042 -6.182054 -6.157625
v 10.280348 -4.258254 -6.157631
v 10.913549 -2.170843 -6.157635
v 4.232177 -10.217470 -7.020089
v 4.258254 -10.280337 -6.157638
v 11.119610 -11.119591 -3.983555
v 8.736627 -13.075285 -3.983547
v 8.649158 -12.944372 -5.339160
v 11.008299 -11.008278 -5.339163
v 8.446876 -12.641623 -6.116561
v 7.109812 -10.640576 -6.883142
v 6.017920 -14.528420 -3.983554
v 5.957664 -14.382990 -5.339161
v 5.818316 -14.046641 -6.116558
v 4.897353 -11.823123 -6.883126
v 2.496638 -12.551370 -6.883128
v 2.157567 -10.846832 -7.020089
v 2.170839 -10.913537 -6.157625
v 0.000001 -11.059338 -7.020092
v 0.000001 -11.127416 -6.157649
v 0.000000 -12.797322 -6.883122
v 2.966170 -14.911819 -6.116559
v 3.067891 -15.423277 -3.983556
v 3.037187 -15.268890 -5.339163
v 0.000016 -15.204041 -6.116559
v 0.000017 -15.725464 -3.983562
v 0.000016 -15.568074 -5.339166
v 13.075198 -8.736608 -3.983556
v 14.528404 -6.017904 -3.983553
v 15.423254 -3.067878 -3.983555
v 15.725441 -0.000002 -3.983550
v 12.944318 -8.649138 -5.339167
v 10.750866 10.750831 -6.116563
v 12.944325 8.649137 -5.339168
v 13.075200 8.736604 -3.983558
v 11.008299 11.008272 -5.339166
v 11.119606 11.119582 -3.983559
v 8.736622 13.075280 -3.983554
v -2.496617 -12.551370 -6.883131
v -5.818306 -14.046641 -6.116561
v -4.897340 -11.823126 -6.883129
v -2.966138 -14.911819 -6.116563
v -3.037158 -15.268890 -5.339166
v -5.957652 -14.382990 -5.339165
v -3.067863 -15.423281 -3.983557
v -2.157558 -10.846833 -7.020089
v -4.232188 -10.217470 -7.020092
v -6.144275 -9.195556 -7.020096
v -7.109799 -10.640576 -6.883150
v -9.049007 -9.049109 -6.883136
v -7.820138 -7.820146 -7.020101
v -6.182052 -9.252128 -6.157642
v -4.258256 -10.280337 -6.157638
v -2.170843 -10.913537 -6.157629
v -7.868242 -7.868257 -6.157650
v -9.195522 -6.144273 -7.020094
v -9.251997 -6.182054 -6.157625
v -10.217447 -4.232281 -7.020094
v -10.280317 -4.258254 -6.157633
v -10.846815 -2.157562 -7.020097
v -10.913516 -2.170844 -6.157638
v -11.059340 -0.000003 -7.020102
v -11.127419 -0.000003 -6.157657
v -11.823118 -4.897339 -6.883136
v -12.551371 -2.496624 -6.883136
v -10.640547 -7.109802 -6.883144
v -8.446841 -12.641626 -6.116566
v -12.797313 -0.000003 -6.883151
v -12.641612 -8.446858 -6.116570
v -14.046622 -5.818303 -6.116566
v -14.911807 -2.966153 -6.116568
v -15.203940 -0.000003 -6.116573
v -14.911807 2.966146 -6.116569
v -12.551362 2.496616 -6.883136
v -10.846813 2.157555 -7.020097
v -11.823123 4.897332 -6.883138
v -10.217467 4.232275 -7.020097
v -9.252015 6.182051 -6.157629
v -10.280321 4.258248 -6.157637
v -9.195539 6.144269 -7.020098
v -10.913522 2.170837 -6.157640
v -10.640560 7.109794 -6.883154
v -7.820153 7.820140 -7.020104
v -9.048994 9.049100 -6.883137
v -6.144260 9.195547 -7.020098
v -7.109788 10.640569 -6.883151
v -4.897330 11.823115 -6.883132
v -4.232173 10.217459 -7.020097
v -8.446837 12.641615 -6.116569
v -5.818310 14.046630 -6.116566
v -2.496613 12.551362 -6.883134
v -2.966133 14.911811 -6.116568
v -10.750824 10.750831 -6.116569
v -2.157542 10.846824 -7.020092
v -4.258247 10.280329 -6.157643
v -6.182046 9.252119 -6.157645
v -7.868259 7.868251 -6.157655
v -2.170826 10.913529 -6.157632
v -3.067858 15.423267 -3.983563
v -6.017890 14.528411 -3.983563
v -3.037153 15.268882 -5.339170
v -11.119564 11.119579 -3.983565
v -13.075174 8.736602 -3.983564
v -8.736588 13.075277 -3.983557
v -5.957644 14.382982 -5.339170
v -8.649118 12.944366 -5.339168
v -11.008258 11.008269 -5.339172
v -12.944298 8.649135 -5.339176
v -14.528409 6.017900 -3.983563
v -12.641598 8.446852 -6.116576
v -14.382978 5.957644 -5.339172
v -15.423267 3.067872 -3.983563
v -15.423259 -3.067879 -3.983563
v -14.528394 -6.017905 -3.983564
v -15.268874 -3.037173 -5.339171
v -14.382968 -5.957649 -5.339170
v -13.075190 -8.736609 -3.983560
v -12.944313 -8.649140 -5.339170
v -11.119572 -11.119592 -3.983559
v -10.750826 -10.750842 -6.116566
v -11.008262 -11.008278 -5.339168
v -8.736591 -13.075289 -3.983551
v -6.017906 -14.528420 -3.983557
v -8.649122 -12.944374 -5.339164
v -14.046626 5.818297 -6.116569
v -15.268878 3.037166 -5.339172
v -15.725451 -0.000003 -3.983559
v -15.568023 -0.000003 -5.339172
vt 0.8369 0.6411
vt 0.8281 0.6301
vt 0.8521 0.6299
vt 0.8154 0.6211
vt 0.8022 0.6399
vt 0.7988 0.6270
vt 0.8354 0.6091
vt 0.8579 0.6067
vt 0.8662 0.6182
vt 0.8457 0.7231
vt 0.9536 0.6294
vt 0.9438 0.6465
vt 0.8735 0.5840
vt 0.8525 0.5923
vt 0.8105 0.5767
vt 0.7881 0.5881
vt 0.7812 0.6306
vt 0.7627 0.5898
vt 0.8271 0.5576
vt 0.8623 0.5774
vt 0.8701 0.5615
vt 0.8350 0.5334
vt 0.9004 0.6919
vt 0.9160 0.6982
vt 0.8853 0.7031
vt 0.8857 0.7200
vt 0.8647 0.7156
vt 0.8467 0.7405
vt 0.8267 0.7285
vt 0.8076 0.7336
vt 0.7749 0.6445
vt 0.6665 0.7087
vt 0.6724 0.7310
vt 0.6494 0.6987
vt 0.6841 0.7183
vt 0.7031 0.7266
vt 0.7148 0.7444
vt 0.7261 0.7322
vt 0.7515 0.7502
vt 0.7446 0.7349
vt 0.7632 0.7371
vt 0.7915 0.7515
vt 0.7871 0.7373
vt 0.3413 0.4116
vt 0.3416 0.5068
vt 0.3303 0.4126
vt 0.3279 0.5088
vt 0.3853 0.5129
vt 0.3792 0.5388
vt 0.3667 0.5203
vt 0.3806 0.5029
vt 0.3652 0.5090
vt 0.3464 0.5269
vt 0.3430 0.5166
vt 0.3279 0.5315
vt 0.3318 0.5188
vt 0.3125 0.5088
vt 0.3196 0.5305
vt 0.3079 0.5083
vt 0.3101 0.4062
vt 0.2966 0.4067
vt 0.2966 0.3735
vt 0.2832 0.4062
vt 0.3181 0.4038
vt 0.3242 0.3662
vt 0.2964 0.3550
vt 0.3188 0.5544
vt 0.2966 0.5305
vt 0.2966 0.5083
vt 0.2854 0.5083
vt 0.2808 0.5088
vt 0.2754 0.4038
vt 0.3628 0.5608
vt 0.3423 0.5662
vt 0.3591 0.5457
vt 0.3394 0.5513
vt 0.3176 0.5696
vt 0.2966 0.5552
vt 0.2744 0.5547
vt 0.2739 0.5305
vt 0.2656 0.5317
vt 0.2542 0.5515
vt 0.2471 0.5271
vt 0.2345 0.5459
vt 0.2512 0.5664
vt 0.2759 0.5698
vt 0.2966 0.5706
vt 0.3079 0.5842
vt 0.3562 0.5771
vt 0.2308 0.5610
vt 0.2144 0.5393
vt 0.2615 0.5825
vt 0.2156 0.5710
vt 0.2100 0.5540
vt 0.1996 0.5334
vt 0.1937 0.5474
vt 0.1802 0.5569
vt 0.1418 0.5374
vt 0.1581 0.5305
vt 0.1777 0.5405
vt 0.1851 0.5271
vt 0.2081 0.5134
vt 0.2269 0.5205
vt 0.1792 0.4854
vt 0.1902 0.5049
vt 0.1719 0.4951
vt 0.1989 0.4961
vt 0.2136 0.5032
vt 0.2291 0.5090
vt 0.2512 0.5166
vt 0.2617 0.5188
vt 0.1484 0.5071
vt 0.1564 0.4854
vt 0.1661 0.5173
vt 0.1597 0.4580
vt 0.1493 0.4785
vt 0.1569 0.4546
vt 0.1320 0.4951
vt 0.1400 0.5198
vt 0.1202 0.5046
vt 0.0717 0.4741
vt 0.0474 0.4341
vt 0.0758 0.4556
vt 0.0908 0.4756
vt 0.1006 0.4634
vt 0.1157 0.4800
vt 0.1049 0.4907
vt 0.1029 0.5081
vt 0.0553 0.4180
vt 0.0322 0.3989
vt 0.0652 0.4375
vt 0.0884 0.4473
vt 0.1111 0.4409
vt 0.1172 0.4463
vt 0.1375 0.4355
vt 0.1411 0.4385
vt 0.2125 0.3652
vt 0.1011 0.4243
vt 0.0784 0.4297
vt 0.0688 0.4106
vt 0.0911 0.4058
vt 0.0828 0.3877
vt 0.1111 0.4194
vt 0.1174 0.4287
vt 0.1266 0.4248
vt 0.2085 0.3579
vt 0.2451 0.3516
vt 0.2305 0.3271
vt 0.2024 0.3389
vt 0.1864 0.3477
vt 0.1936 0.3555
vt 0.1186 0.4136
vt 0.1886 0.3447
vt 0.1844 0.3330
vt 0.1934 0.3208
vt 0.0881 0.3149
vt 0.0881 0.3306
vt 0.0900 0.3438
vt 0.1849 0.3442
vt 0.2021 0.2598
vt 0.2302 0.2710
vt 0.1932 0.2773
vt 0.2238 0.2993
vt 0.1910 0.2856
vt 0.1906 0.2993
vt 0.1910 0.3130
vt 0.0887 0.3105
vt 0.0663 0.3218
vt 0.0654 0.3315
vt 0.0880 0.2837
vt 0.0886 0.2881
vt 0.0887 0.2993
vt 0.0665 0.2993
vt 0.0423 0.3213
vt 0.0453 0.3418
vt 0.0663 0.2764
vt 0.0663 0.2671
vt 0.0422 0.2773
vt 0.0415 0.2993
vt 0.0271 0.3198
vt 0.0304 0.3447
vt 0.0124 0.3105
vt 0.0191 0.3584
vt 0.0452 0.2568
vt 0.0703 0.2490
vt 0.0821 0.2515
vt 0.0884 0.2300
vt 0.0792 0.2627
vt 0.0880 0.2681
vt 0.1843 0.2651
vt 0.0899 0.2549
vt 0.1854 0.2544
vt 0.2688 0.2310
vt 0.2964 0.2427
vt 0.2759 0.2476
vt 0.2583 0.2593
vt 0.2448 0.2466
vt 0.2081 0.2407
vt 0.1882 0.2539
vt 0.1932 0.2432
vt 0.1864 0.2515
vt 0.1181 0.1846
vt 0.1261 0.1738
vt 0.1370 0.1626
vt 0.2122 0.2329
vt 0.2212 0.2231
vt 0.1406 0.1597
vt 0.1484 0.1519
vt 0.2310 0.2139
vt 0.2380 0.2100
vt 0.1561 0.1440
vt 0.1327 0.1362
vt 0.1168 0.1519
vt 0.1102 0.1567
vt 0.1486 0.1196
vt 0.1312 0.1030
vt 0.1589 0.1401
vt 0.1697 0.1289
vt 0.2401 0.1948
vt 0.1805 0.1206
vt 0.2489 0.1880
vt 0.2507 0.1895
vt 0.2566 0.2031
vt 0.2620 0.1851
vt 0.2646 0.0884
vt 0.2512 0.0903
vt 0.2517 0.1870
vt 0.2461 0.0708
vt 0.2637 0.0659
vt 0.2512 0.0859
vt 0.2600 0.0791
vt 0.2800 0.0884
vt 0.2744 0.1938
vt 0.2847 0.0889
vt 0.2825 0.1914
vt 0.2961 0.2236
vt 0.3237 0.2305
vt 0.3167 0.2476
vt 0.3342 0.2593
vt 0.3193 0.2734
vt 0.3455 0.2773
vt 0.2959 0.1909
vt 0.3274 0.0884
vt 0.3296 0.1846
vt 0.3120 0.0884
vt 0.3174 0.1938
vt 0.3352 0.2026
vt 0.3540 0.2090
vt 0.3479 0.2456
vt 0.3625 0.2705
vt 0.3499 0.2983
vt 0.3096 0.1914
vt 0.3274 0.0654
vt 0.3188 0.0669
vt 0.3071 0.0889
vt 0.3457 0.0703
vt 0.3386 0.0459
vt 0.3582 0.0513
vt 0.3181 0.0425
vt 0.2959 0.0669
vt 0.2959 0.0889
vt 0.3413 0.0308
vt 0.3618 0.0361
vt 0.3784 0.0576
vt 0.2732 0.0669
vt 0.2737 0.0430
vt 0.2959 0.0420
vt 0.3167 0.0273
vt 0.3313 0.0146
vt 0.3772 0.0264
vt 0.3828 0.0430
vt 0.3931 0.0640
vt 0.3989 0.0498
vt 0.4126 0.0400
vt 0.4509 0.0596
vt 0.4348 0.0669
vt 0.4150 0.0566
vt 0.4077 0.0703
vt 0.3848 0.0840
vt 0.3660 0.0767
vt 0.4026 0.0923
vt 0.3950 0.1016
vt 0.3804 0.0942
vt 0.3650 0.0884
vt 0.3428 0.0806
vt 0.3313 0.0781
vt 0.3408 0.0903
vt 0.3411 0.1860
vt 0.3408 0.1890
vt 0.3518 0.1938
vt 0.4224 0.1284
vt 0.4116 0.1201
vt 0.3428 0.1875
vt 0.3711 0.2222
vt 0.3613 0.2129
vt 0.4331 0.1392
vt 0.4365 0.1113
vt 0.4246 0.1182
vt 0.4209 0.1021
vt 0.4146 0.1118
vt 0.4443 0.0903
vt 0.4268 0.0801
vt 0.4436 0.1191
vt 0.4360 0.1431
vt 0.4609 0.1025
vt 0.4529 0.0776
vt 0.4727 0.0928
vt 0.4595 0.1353
vt 0.4438 0.1509
vt 0.4773 0.1177
vt 0.4924 0.1338
vt 0.4756 0.1514
vt 0.4517 0.1587
vt 0.5273 0.1602
vt 0.5171 0.1416
vt 0.5454 0.1636
vt 0.5044 0.1504
vt 0.4824 0.1582
vt 0.4553 0.1616
vt 0.3804 0.2324
vt 0.3904 0.2588
vt 0.3843 0.2397
vt 0.4663 0.1729
vt 0.4761 0.1699
vt 0.4919 0.1733
vt 0.4822 0.1797
vt 0.5015 0.1914
vt 0.5142 0.1680
vt 0.5376 0.1797
vt 0.5239 0.1870
vt 0.5098 0.2100
vt 0.5171 0.2285
vt 0.5425 0.2363
vt 0.5234 0.2485
vt 0.5356 0.2158
vt 0.5303 0.2012
vt 0.5439 0.1958
vt 0.5605 0.1982
vt 0.5508 0.2119
vt 0.5571 0.2324
vt 0.5737 0.2393
vt 0.5625 0.2529
vt 0.5806 0.2871
vt 0.5664 0.2983
vt 0.5659 0.3188
vt 0.5659 0.2778
vt 0.5503 0.2764
vt 0.5474 0.2559
vt 0.5513 0.2983
vt 0.5264 0.2983
vt 0.5039 0.3096
vt 0.5039 0.2983
vt 0.4084 0.3325
vt 0.3906 0.3379
vt 0.3997 0.3203
vt 0.5049 0.3140
vt 0.4019 0.3120
vt 0.5264 0.3208
vt 0.5508 0.3203
vt 0.5625 0.3438
vt 0.5049 0.3296
vt 0.5029 0.3428
vt 0.4080 0.3428
vt 0.5479 0.3408
vt 0.5273 0.3306
vt 0.5146 0.3345
vt 0.5132 0.3457
vt 0.5229 0.3481
vt 0.5059 0.3667
vt 0.5171 0.3682
vt 0.5000 0.3823
vt 0.5425 0.3604
vt 0.5356 0.3804
vt 0.5098 0.3867
vt 0.5303 0.3950
vt 0.5239 0.4097
vt 0.5015 0.4048
vt 0.5146 0.4287
vt 0.4917 0.4238
vt 0.5376 0.4170
vt 0.5439 0.4009
vt 0.5508 0.3848
vt 0.5571 0.3638
vt 0.5786 0.3335
vt 0.5674 0.3789
vt 0.5537 0.4146
vt 0.5278 0.4365
vt 0.5352 0.4526
vt 0.5171 0.4546
vt 0.5059 0.4917
vt 0.5024 0.4746
vt 0.4885 0.4902
vt 0.4722 0.5234
vt 0.4734 0.5042
vt 0.4778 0.4795
vt 0.4927 0.4629
vt 0.5049 0.4463
vt 0.4443 0.4458
vt 0.4600 0.4619
vt 0.4365 0.4541
vt 0.4441 0.4780
vt 0.4614 0.4946
vt 0.4536 0.5193
vt 0.4319 0.5479
vt 0.4761 0.4458
vt 0.4521 0.4380
vt 0.4819 0.4399
vt 0.4558 0.4351
vt 0.3806 0.3647
vt 0.3716 0.3745
vt 0.3848 0.3569
vt 0.3481 0.3511
vt 0.3618 0.3838
vt 0.4336 0.4575
vt 0.4370 0.4849
vt 0.4451 0.5068
vt 0.3357 0.3945
vt 0.3545 0.3882
vt 0.4229 0.4688
vt 0.4250 0.4785
vt 0.3416 0.4082
vt 0.3523 0.4028
vt 0.4121 0.4771
vt 0.3435 0.4102
vt 0.4216 0.4946
vt 0.4150 0.4854
vt 0.4033 0.5046
vt 0.3955 0.4961
vt 0.4272 0.5168
vt 0.4084 0.5266
vt 0.3938 0.5330
vt 0.3997 0.5471
vt 0.4158 0.5400
vt 0.4355 0.5300
vt 0.3970 0.5635
vt 0.3835 0.5537
vt 0.7388 0.5820
vt 0.7036 0.6074
vt 0.7197 0.5654
vt 0.7080 0.5427
vt 0.6748 0.5703
vt 0.6694 0.5535
vt 0.6870 0.5906
vt 0.6895 0.6128
vt 0.6655 0.5361
vt 0.7065 0.5176
vt 0.6562 0.5571
vt 0.6660 0.5828
vt 0.6665 0.6069
vt 0.6782 0.6213
vt 0.5732 0.6006
vt 0.6553 0.5918
vt 0.5557 0.6013
vt 0.5679 0.5815
vt 0.5625 0.5625
vt 0.6519 0.5300
vt 0.6655 0.5125
vt 0.6714 0.4897
vt 0.7144 0.4937
vt 0.6792 0.4736
vt 0.6392 0.5093
vt 0.6377 0.5278
vt 0.6562 0.4922
vt 0.6675 0.4673
vt 0.6421 0.4907
vt 0.5874 0.4219
vt 0.5781 0.4390
vt 0.6890 0.4590
vt 0.6836 0.4448
vt 0.5977 0.4048
vt 0.5649 0.4272
vt 0.5698 0.4580
vt 0.5518 0.4697
vt 0.5640 0.4810
vt 0.6895 0.4214
vt 0.6748 0.4331
vt 0.7056 0.4424
vt 0.7310 0.4746
vt 0.7534 0.4634
vt 0.7261 0.4302
vt 0.7134 0.4214
vt 0.7041 0.4102
vt 0.7427 0.4243
vt 0.7393 0.4116
vt 0.6958 0.3281
vt 0.7148 0.3228
vt 0.6948 0.3110
vt 0.7339 0.3179
vt 0.7500 0.2998
vt 0.7539 0.3140
vt 0.7778 0.3145
vt 0.7661 0.4067
vt 0.7686 0.3926
vt 0.7871 0.3945
vt 0.8052 0.3970
vt 0.8042 0.4111
vt 0.7837 0.4204
vt 0.7603 0.4204
vt 0.8745 0.3423
vt 0.8691 0.3203
vt 0.8916 0.3525
vt 0.8574 0.3330
vt 0.8291 0.4229
vt 0.8066 0.4263
vt 0.7788 0.4614
vt 0.8027 0.4692
vt 0.8228 0.4341
vt 0.8374 0.4438
vt 0.8218 0.4858
vt 0.8516 0.4385
vt 0.8540 0.4604
vt 0.8662 0.4810
vt 0.8330 0.5083
vt 0.8750 0.4683
vt 0.8750 0.4443
vt 0.8862 0.4595
vt 0.8633 0.4302
vt 0.9736 0.4697
vt 0.8848 0.4941
vt 0.9683 0.4507
vt 0.8721 0.4976
vt 0.8760 0.5149
vt 0.8755 0.5386
vt 0.8848 0.5588
vt 0.8994 0.5603
vt 0.9019 0.5420
vt 0.8896 0.5212
vt 0.9785 0.4888
vt 0.9038 0.5234
vt 0.9897 0.5815
vt 0.9717 0.5933
vt 0.9775 0.5701
vt 0.9956 0.5449
vt 0.9800 0.5515
vt 0.9819 0.5330
vt 0.9966 0.5049
vt 0.9824 0.5090
vt 0.9854 0.4497
vt 0.9761 0.6238
vt 0.9634 0.6123
vt 0.9453 0.6707
vt 0.9321 0.6636
vt 0.9150 0.6802
vt 0.2517 0.4116
vt 0.2632 0.4126
vt 0.2520 0.5068
vt 0.2654 0.5090
vt 0.2576 0.3945
vt 0.2690 0.3667
vt 0.2388 0.3887
vt 0.2585 0.3384
vt 0.2761 0.3501
vt 0.2734 0.3237
vt 0.2476 0.3203
vt 0.2668 0.3125
vt 0.2642 0.2988
vt 0.2668 0.2856
vt 0.2430 0.2988
vt 0.2476 0.2778
vt 0.2734 0.2739
vt 0.2842 0.3311
vt 0.2964 0.3340
vt 0.2842 0.2666
vt 0.2964 0.2632
vt 0.3086 0.2661
vt 0.3086 0.3311
vt 0.3169 0.3496
vt 0.3193 0.3237
vt 0.3345 0.3379
vt 0.3455 0.3198
vt 0.3625 0.3267
vt 0.3289 0.2983
vt 0.3259 0.3120
vt 0.3262 0.2852
vt 0.3691 0.2983
vt 0.3994 0.2764
vt 0.4084 0.2642
vt 0.4043 0.2529
vt 0.3992 0.2422
vt 0.4744 0.1836
vt 0.4065 0.2510
vt 0.4019 0.2847
vt 0.5049 0.2827
vt 0.5049 0.2671
vt 0.5029 0.2539
vt 0.4070 0.2534
vt 0.5278 0.2671
vt 0.5264 0.2754
vt 0.5039 0.2871
vt 0.4023 0.2983
vt 0.4924 0.1992
vt 0.4995 0.2139
vt 0.5054 0.2295
vt 0.5127 0.2515
vt 0.5151 0.2632
vt -1.2588 0.8878
vt -1.2588 0.7915
vt -1.1934 0.8878
vt -1.1943 0.7915
vt -1.1289 0.7915
vt -1.1289 0.8878
vt -1.1943 0.9955
vt -1.2588 0.9955
vt -1.3232 0.8878
vt -1.3242 0.7915
vt -1.3887 0.8878
vt -1.3242 0.9955
vt -1.3887 0.9955
vt -1.4541 0.9955
vt -1.1289 0.9955
vt -1.3242 0.7587
vt -1.3887 0.7587
vt -1.3887 0.7915
vt -1.4531 0.8878
vt -1.5176 0.8878
vt -1.5186 0.9955
vt -1.5820 0.9955
vt -1.4541 0.7915
vt -1.5186 0.7915
vt -1.4541 0.7587
vt -1.3887 0.6855
vt -1.3242 0.6855
vt -1.4531 0.6855
vt -1.5186 0.7587
vt -1.5820 0.7915
vt -1.5820 0.8878
vt -1.6465 0.9955
vt -1.7695 0.9955
vt -1.7695 0.8878
vt -1.7090 0.9955
vt -1.7080 0.8878
vt -1.6455 0.8878
vt -1.6465 0.7915
vt -1.5820 0.7587
vt -1.5186 0.6855
vt -1.5186 0.5110
vt -1.5186 0.3286
vt -1.4541 0.5110
vt -1.5820 0.6855
vt -1.6465 0.7587
vt -1.7090 0.7915
vt -1.7695 0.7915
vt -1.7695 0.7587
vt -1.8281 0.7587
vt -1.7090 0.7587
vt -1.6465 0.6855
vt -1.5820 0.5110
vt -1.5820 0.3286
vt -1.5820 0.2754
vt -1.5186 0.2754
vt -1.5820 0.2407
vt -1.7090 0.6855
vt -1.6465 0.5110
vt -1.6465 0.3286
vt -1.6455 0.2754
vt -1.6455 0.2407
vt -1.6465 0.1138
vt -1.5830 0.1138
vt -1.6465 0.0850
vt -1.7090 0.1138
vt -1.7090 0.2407
vt -1.7090 0.2754
vt -1.7090 0.3286
vt -1.7090 0.5110
vt -1.8281 0.3286
vt -1.8828 0.3286
vt -1.8281 0.2754
vt -1.7695 0.2754
vt -1.7695 0.3286
vt -1.7695 0.2407
vt -1.8828 0.5110
vt -1.9395 0.5110
vt -1.8281 0.5110
vt -1.7695 0.5110
vt -1.7695 0.1138
vt -1.8281 0.2407
vt -1.8828 0.2754
vt -1.9395 0.3286
vt -1.8828 0.2407
vt -1.9385 0.2754
vt -2.0000 0.2754
vt -2.0000 0.3286
vt -2.0000 0.5110
vt -2.0000 0.6855
vt -1.9395 0.6855
vt -2.0000 0.7587
vt -1.9385 0.2407
vt -1.9395 0.1138
vt -2.0000 0.2407
vt -1.9990 0.1138
vt -2.0000 0.0850
vt -2.0000 0.0054
vt -1.9395 0.0850
vt -1.9395 0.0054
vt -1.8828 0.0054
vt -1.8828 0.0850
vt -1.6465 0.0054
vt -1.7090 0.0850
vt -1.7090 0.0054
vt -1.7695 0.0054
vt -1.7695 0.0850
vt -1.8281 0.0850
vt -1.8281 0.0054
vt -1.8828 0.1138
vt -1.8281 0.1138
vt -1.5820 0.0054
vt -1.5186 0.0054
vt -1.5820 0.0850
vt -1.3242 0.2754
vt -1.3887 0.2754
vt -1.3242 0.2407
vt -1.3887 0.2407
vt -1.4531 0.2754
vt -1.4531 0.2407
vt -1.5176 0.2407
vt -1.4541 0.1138
vt -1.5186 0.1138
vt -1.2588 0.2407
vt -1.2598 0.1138
vt -1.3242 0.1138
vt -1.3887 0.1138
vt -1.4541 0.0850
vt -1.5186 0.0850
vt -1.4541 0.0054
vt -1.3887 0.0054
vt -1.2588 0.0054
vt -1.1943 0.0850
vt -1.2588 0.0850
vt -1.3242 0.0850
vt -1.3242 0.0054
vt -1.3887 0.0850
vt -1.1943 0.1138
vt -1.1299 0.1138
vt -1.1289 0.0850
vt -1.0645 0.1138
vt -1.0645 0.0850
vt -0.9995 0.0850
vt -0.9995 0.0054
vt -0.9346 0.0850
vt -1.1289 0.2407
vt -1.0645 0.2407
vt -1.0645 0.2754
vt -0.9995 0.1138
vt -1.1943 0.0054
vt -1.1289 0.0054
vt -1.0645 0.0054
vt -0.8696 0.5110
vt -0.8047 0.3286
vt -0.8047 0.5110
vt -0.8696 0.3286
vt -0.9346 0.5110
vt -0.9346 0.3286
vt -0.9995 0.3286
vt -0.9995 0.2754
vt -0.9995 0.2407
vt -0.8047 0.6855
vt -0.7397 0.6855
vt -0.8696 0.6855
vt -0.9346 0.6855
vt -0.7397 0.7587
vt -0.6748 0.7587
vt -0.8047 0.7587
vt -0.8696 0.7587
vt -0.9346 0.7587
vt -0.4805 0.5110
vt -0.5449 0.6855
vt -0.5449 0.5110
vt -0.6099 0.6855
vt -0.6099 0.7587
vt -0.6748 0.7915
vt -0.7397 0.7915
vt -0.8047 0.7915
vt -0.8696 0.7915
vt -0.9346 0.7915
vt -0.8042 0.8878
vt -0.8691 0.8878
vt -0.9341 0.8878
vt -0.9995 0.7915
vt -0.9995 0.7587
vt -0.9995 0.6855
vt -1.0645 0.6855
vt -0.9995 0.5110
vt -0.9346 0.9955
vt -0.9990 0.8878
vt -1.0645 0.7915
vt -1.0645 0.7587
vt -1.1289 0.7587
vt -0.9995 0.9955
vt -1.0635 0.8878
vt -1.0645 0.9955
vt -1.0645 0.5110
vt -1.0645 0.3286
vt -1.1289 0.6855
vt -1.1943 0.7587
vt -1.2588 0.7587
vt -1.1289 0.2754
vt -1.1289 0.3286
vt -1.1289 0.5110
vt -1.1943 0.6855
vt -1.2588 0.6855
vt -1.3887 0.5110
vt -1.3242 0.5110
vt -1.2588 0.5110
vt -1.1943 0.5110
vt -1.2588 0.3286
vt -1.3242 0.3286
vt -1.3887 0.3286
vt -1.4541 0.3286
vt -1.2588 0.2754
vt -1.1943 0.2754
vt -1.1943 0.3286
vt -1.1943 0.2407
vt 0.7119 0.6287
vt 0.7373 0.6399
vt 0.7358 0.6541
vt 0.7544 0.6567
vt 0.7188 0.6169
vt 0.7349 0.6248
vt 0.7578 0.6306
vt 0.7729 0.6587
vt 0.6255 0.7000
vt 0.6328 0.6870
vt 0.6162 0.6699
vt 0.5981 0.6709
vt 0.6045 0.6553
vt 0.5928 0.6404
vt 0.5762 0.6409
vt 0.5806 0.6196
vt 0.5459 0.5063
vt 0.5615 0.4995
vt 0.5591 0.5183
vt 0.5449 0.5464
vt 0.5591 0.5422
vt -1.8828 0.7915
vt -1.8828 0.7587
vt -1.8281 0.7915
vt -1.9395 0.7587
vt -2.0000 0.7915
vt -1.9395 0.7915
vt -1.9385 0.8878
vt -1.8828 0.8878
vt -1.8271 0.8878
vt -1.9971 0.8878
vt -1.8281 0.9955
vt -1.8828 0.9955
vt -1.9395 0.9955
vt -2.0000 0.9955
vt -1.8828 0.6855
vt -1.8281 0.6855
vt -1.7695 0.6855
vt -0.2251 0.8878
vt -0.2876 0.8878
vt -0.2256 0.7915
vt -0.2256 0.9955
vt -0.2881 0.9955
vt -0.1643 0.8878
vt -0.1647 0.7915
vt -0.2256 0.7587
vt -0.1647 0.7587
vt -0.2255 0.6855
vt -0.1647 0.6855
vt -0.2256 0.5110
vt -0.1060 0.8878
vt -0.1647 0.9955
vt -0.1064 0.9955
vt -0.1064 0.7587
vt -0.1064 0.7915
vt -0.0513 0.8878
vt -0.0517 0.9955
vt 0.0001 0.9955
vt -0.0013 0.8877
vt -0.0517 0.7915
vt 0.0001 0.7915
vt -0.0517 0.7587
vt -0.0516 0.6855
vt -0.1064 0.6855
vt 0.0001 0.7587
vt 0.0000 0.6855
vt 0.0001 0.5110
vt -0.0516 0.5110
vt -0.1064 0.5110
vt -0.1647 0.5110
vt -0.1647 0.3286
vt -0.1064 0.3286
vt -0.0517 0.3286
vt -0.0000 0.3286
vt -0.2881 0.5110
vt -0.2256 0.3286
vt -0.1646 0.2754
vt -0.1063 0.2754
vt -0.0515 0.2754
vt 0.0000 0.2754
vt -0.1062 0.2407
vt -0.1644 0.2407
vt -0.2255 0.2754
vt -0.2881 0.3286
vt -0.3518 0.5110
vt -0.2881 0.6855
vt -0.3518 0.6855
vt -0.3518 0.7587
vt -0.3518 0.7915
vt -0.4160 0.7587
vt -0.4160 0.6855
vt -0.4160 0.5110
vt -0.3518 0.3286
vt -0.2878 0.2754
vt -0.2253 0.2407
vt -0.2258 0.1138
vt -0.1649 0.1138
vt -0.2878 0.2407
vt -0.3516 0.2754
vt -0.2883 0.1138
vt -0.2256 0.0850
vt -0.3516 0.2407
vt -0.4158 0.2754
vt -0.4160 0.3286
vt -0.4158 0.2407
vt -0.5449 0.7587
vt -0.4805 0.6855
vt -0.4805 0.3286
vt -0.4802 0.2754
vt -0.4802 0.2407
vt -0.4805 0.7915
vt -0.5449 0.7915
vt -0.4805 0.7587
vt -0.4160 0.7915
vt -0.6099 0.7915
vt -0.5444 0.8878
vt -0.4800 0.8878
vt -0.4155 0.8878
vt -0.2881 0.7587
vt -0.2881 0.7915
vt -0.3513 0.8878
vt -0.4160 0.9955
vt -0.4805 0.9955
vt -0.5449 0.9955
vt -0.3518 0.9955
vt -0.0515 0.2407
vt -0.0518 0.1138
vt -0.1064 0.0850
vt -0.1647 0.0850
vt -0.1064 0.0054
vt -0.0517 0.0054
vt -0.0517 0.0850
vt -0.0011 0.1138
vt 0.0001 0.2412
vt 0.0001 0.0850
vt 0.0001 0.0054
vt -0.1066 0.1138
vt -0.4163 0.1138
vt -0.3521 0.1138
vt -0.2881 0.0850
vt -0.2256 0.0054
vt -0.1647 0.0054
vt -0.3518 0.0850
vt -0.4160 0.0850
vt -0.3518 0.0054
vt -0.2881 0.0054
vt -0.4160 0.0054
vt -0.4805 0.0054
vt -0.5449 0.0850
vt -0.6099 0.0054
vt -0.5449 0.0054
vt -0.4805 0.0850
vt -0.4807 0.1138
vt -0.6748 0.0850
vt -0.7397 0.0054
vt -0.6748 0.0054
vt -0.6099 0.0850
vt -0.5454 0.1138
vt -0.6099 0.1138
vt -0.6748 0.1138
vt -0.5449 0.2407
vt -0.5449 0.2754
vt -0.5449 0.3286
vt -0.6099 0.5110
vt -0.6099 0.3286
vt -0.6099 0.2754
vt -0.6094 0.2407
vt -0.6743 0.2407
vt -0.6748 0.2754
vt -0.6748 0.3286
vt -0.6748 0.5110
vt -0.7393 0.2407
vt -0.7397 0.2754
vt -0.7397 0.3286
vt -0.7397 0.5110
vt -0.6748 0.6855
vt -0.8047 0.2754
vt -0.8042 0.2407
vt -0.9346 0.2754
vt -0.8696 0.2754
vt 0.0090 0.9896
vt 0.0090 0.9800
vt 0.0386 0.9896
vt 0.0090 0.9547
vt 0.0386 0.9547
vt 0.0090 0.9684
vt 0.0386 0.9684
vt 0.0386 0.9800
vt 0.0649 0.9896
vt 0.0649 0.9800
vt 0.0983 0.9896
vt 0.0649 0.9547
vt 0.0649 0.9684
vt 0.0983 0.9800
vt 0.0983 0.9684
vt 0.0983 0.9547
vt 0.0649 0.9409
vt 0.0386 0.9409
vt 0.0090 0.9409
vt 0.1324 0.9684
vt 0.1324 0.9547
vt 0.0983 0.9409
vt 0.0983 0.7639
vt 0.0649 0.7639
vt 0.0386 0.7639
vt 0.0090 0.7639
vt 0.1324 0.9409
vt 0.1324 0.7639
vt 0.1602 0.9409
vt 0.1602 0.9547
vt 0.1602 0.9684
vt 0.1864 0.9547
vt 0.1864 0.9684
vt 0.2200 0.9684
vt 0.1864 0.9409
vt 0.1864 0.9800
vt 0.2200 0.9800
vt 0.1602 0.9800
vt 0.1324 0.9800
vt 0.2544 0.9800
vt 0.2200 0.9896
vt 0.1864 0.9896
vt 0.1602 0.9896
vt 0.1324 0.9896
vt 0.3767 0.9800
vt 0.3423 0.9800
vt 0.3767 0.9684
vt 0.3767 0.9896
vt 0.3423 0.9896
vt 0.3086 0.9800
vt 0.3086 0.9896
vt 0.2822 0.9800
vt 0.2822 0.9896
vt 0.2544 0.9896
vt 0.2544 0.9684
vt 0.2822 0.9684
vt 0.3086 0.9684
vt 0.3423 0.9684
vt 0.3767 0.9409
vt 0.3767 0.7639
vt 0.4043 0.9409
vt 0.3423 0.9409
vt 0.3767 0.9547
vt 0.3423 0.9547
vt 0.3086 0.9547
vt 0.2822 0.9547
vt 0.2544 0.9409
vt 0.2822 0.9409
vt 0.3086 0.9409
vt 0.3423 0.7639
vt 0.3086 0.7639
vt 0.2822 0.7639
vt 0.2544 0.7639
vt 0.2200 0.7639
vt 0.2200 0.9409
vt 0.2200 0.9547
vt 0.2544 0.9547
vt 0.1864 0.7639
vt 0.1602 0.7639
vt 0.9854 0.9896
vt 0.9482 0.9896
vt 0.9854 0.9800
vt 0.9482 0.9800
vt 0.9854 0.9684
vt 0.9146 0.9896
vt 0.9146 0.9800
vt 0.8882 0.9896
vt 0.9482 0.9684
vt 0.9854 0.9547
vt 0.9146 0.9684
vt 0.8882 0.9800
vt 0.8613 0.9896
vt 0.8613 0.9800
vt 0.8882 0.9684
vt 0.9146 0.9547
vt 0.9482 0.9547
vt 0.9854 0.9409
vt 0.9482 0.9409
vt 0.9482 0.7639
vt 0.9146 0.9409
vt 0.9854 0.7639
vt 0.8276 0.9800
vt 0.8613 0.9684
vt 0.8882 0.9547
vt 0.8882 0.9409
vt 0.8613 0.9547
vt 0.8276 0.9684
vt 0.7949 0.9684
vt 0.7949 0.9800
vt 0.7695 0.9800
vt 0.8613 0.9409
vt 0.9146 0.7639
vt 0.8882 0.7639
vt 0.8613 0.7639
vt 0.8276 0.9409
vt 0.8276 0.9547
vt 0.7949 0.9547
vt 0.7949 0.9409
vt 0.8276 0.7639
vt 0.7949 0.7639
vt 0.7695 0.9409
vt 0.7695 0.9547
vt 0.7695 0.9684
vt 0.7427 0.9684
vt 0.7427 0.9547
vt 0.7085 0.9684
vt 0.7695 0.7639
vt 0.7427 0.7639
vt 0.7427 0.9409
vt 0.7085 0.9547
vt 0.6753 0.9547
vt 0.7085 0.9409
vt 0.7085 0.7639
vt 0.7427 0.9800
vt 0.7085 0.9800
vt 0.6753 0.9684
vt 0.6489 0.9684
vt 0.6753 0.9800
vt 0.6489 0.9800
vt 0.6489 0.9896
vt 0.6753 0.9896
vt 0.7085 0.9896
vt 0.6211 0.9896
vt 0.6211 0.9800
vt 0.6211 0.9684
vt 0.5864 0.9800
vt 0.5864 0.9684
vt 0.5527 0.9684
vt 0.5527 0.9547
vt 0.5264 0.9684
vt 0.5264 0.9547
vt 0.6489 0.9547
vt 0.6211 0.9547
vt 0.5864 0.9547
vt 0.5527 0.9409
vt 0.5264 0.9409
vt 0.5527 0.7639
vt 0.5264 0.7639
vt 0.5864 0.9409
vt 0.6489 0.7639
vt 0.6753 0.7639
vt 0.6753 0.9409
vt 0.6489 0.9409
vt 0.6211 0.9409
vt 0.6211 0.7639
vt 0.5864 0.7639
vt 0.4043 0.9547
vt 0.4307 0.9409
vt 0.4043 0.7639
vt 0.4307 0.7639
vt 0.4644 0.7639
vt 0.4988 0.9409
vt 0.4988 0.7639
vt 0.4644 0.9409
vt 0.4307 0.9547
vt 0.4043 0.9684
vt 0.4307 0.9684
vt 0.4644 0.9684
vt 0.4043 0.9800
vt 0.4043 0.9896
vt 0.4307 0.9800
vt 0.4307 0.9896
vt 0.4644 0.9800
vt 0.4644 0.9896
vt 0.5527 0.9800
vt 0.5264 0.9800
vt 0.4988 0.9800
vt 0.4988 0.9684
vt 0.4988 0.9896
vt 0.5264 0.9896
vt 0.5527 0.9896
vt 0.5864 0.9896
vt 0.2749 0.0278
vt 0.2502 0.0312
vt 0.1956 0.0342
vt 0.2091 0.0439
vt 0.1929 0.0508
vt 0.2299 0.0366
vt 0.2363 0.0205
vt 0.2847 0.0132
vt 0.2959 0.0269
vt 0.2135 0.0586
vt 0.1989 0.0649
vt 0.1843 0.0713
vt 0.1769 0.0576
vt 0.1608 0.0498
vt 0.2532 0.0459
vt 0.2336 0.0518
vt 0.2263 0.0771
vt 0.2076 0.0845
vt 0.1573 0.0679
vt 0.1654 0.0811
vt 0.1895 0.0933
vt 0.1996 0.1069
vt 0.2146 0.0996
vt 0.2300 0.0933
vt 0.1790 0.1182
vt 0.1707 0.1035
vt 0.1477 0.0908
vt 0.1390 0.0786
vt 0.1543 0.1138
vt 0.1665 0.1201
vt 0.1000 0.1348
vt 0.1151 0.1187
vt 0.1194 0.0938
vt 0.1207 0.0742
vt 0.0867 0.1060
vt 0.0903 0.1230
vt 0.0754 0.1431
vt 0.1042 0.1079
vt 0.0880 0.1514
vt 0.0649 0.1611
vt 0.0577 0.1450
vt 0.0388 0.1831
vt 0.0569 0.2173
vt 0.0626 0.2026
vt 0.0828 0.2104
vt 0.0688 0.1880
vt 0.0909 0.1924
vt 0.0781 0.1689
vt 0.1006 0.1733
vt 0.1165 0.1689
vt 0.1107 0.1782
vt 0.1005 0.1992
vt 0.0938 0.2144
vt 0.0761 0.2295
vt 0.0504 0.2373
vt 0.0302 0.2539
vt 0.0270 0.2788
vt 0.0262 0.2993
vt 0.0354 0.2339
vt 0.0143 0.2642
vt 0.0252 0.2188
vt 0.0421 0.2129
vt 0.0552 0.1807
vt 0.0485 0.1968
vt 0.3672 0.6978
vt 0.3677 0.7134
vt 0.3491 0.6982
vt 0.3503 0.7136
vt 0.3264 0.7000
vt 0.3271 0.7141
vt 0.3066 0.7036
vt 0.3066 0.7144
vt 0.3127 0.6912
vt 0.3284 0.6873
vt 0.3503 0.6843
vt 0.3665 0.6838
vt 0.3826 0.6848
vt 0.3850 0.6985
vt 0.4045 0.6880
vt 0.4062 0.7007
vt 0.4199 0.6921
vt 0.4231 0.7048
vt 0.4197 0.7156
vt 0.4045 0.7148
vt 0.3843 0.7141
vt 0.5210 0.1235
vt 0.5020 0.1221
vt 0.4900 0.0894
vt 0.4880 0.1069
vt 0.4717 0.7063
vt 0.4734 0.6924
vt 0.4929 0.7087
vt 0.4937 0.6931
vt 0.5107 0.7095
vt 0.5103 0.6938
vt 0.5288 0.7090
vt 0.5273 0.6934
vt 0.5513 0.7070
vt 0.5503 0.6931
vt 0.5713 0.6926
vt 0.5708 0.7036
vt 0.5649 0.7161
vt 0.5493 0.7200
vt 0.5273 0.7227
vt 0.5112 0.7231
vt 0.4954 0.7224
vt 0.4731 0.7192
vt 0.4580 0.7151
vt 0.4548 0.7024
vt 0.4583 0.6917
vt 0.2520 0.4087
vt 0.2411 0.4033
vt 0.1704 0.4692
vt 0.1813 0.4775
vt 0.2485 0.4102
vt 0.2217 0.3750
vt 0.2316 0.3848
vt 0.1683 0.4790
vt 0.1333 0.4624
vt 0.1490 0.4463
vt 0.7241 0.2505
vt 0.7378 0.2046
vt 0.7603 0.2583
vt 0.7178 0.1924
vt 0.6914 0.2295
vt 0.6685 0.1943
vt 0.7051 0.1733
vt 0.6597 0.1509
vt 0.7002 0.1514
vt 0.7842 0.2051
vt 0.8047 0.1938
vt 0.8179 0.1753
vt 0.8232 0.1538
vt 0.7056 0.1299
vt 0.6694 0.1074
vt 0.7188 0.1113
vt 0.8638 0.1543
vt 0.8540 0.1978
vt 0.8301 0.2319
vt 0.7969 0.2520
vt 0.7612 0.2090
vt 0.6934 0.0732
vt 0.7266 0.0532
vt 0.7393 0.1001
vt 0.7632 0.0469
vt 0.7627 0.0962
vt 0.7856 0.1006
vt 0.8057 0.1128
vt 0.8184 0.1318
vt 0.8550 0.1108
vt 0.8320 0.0757
vt 0.7993 0.0547
vt 0.0731 0.6560
vt 0.0701 0.6699
vt 0.0509 0.6582
vt 0.0486 0.6711
vt 0.0353 0.6616
vt 0.0318 0.6743
vt 0.0348 0.6853
vt 0.0497 0.6853
vt 0.0699 0.6853
vt 0.0877 0.6699
vt 0.0865 0.6851
vt 0.1055 0.6709
vt 0.1037 0.6863
vt 0.1282 0.6736
vt 0.1267 0.6875
vt 0.1473 0.6777
vt 0.1471 0.6885
vt 0.1417 0.6646
vt 0.1266 0.6604
vt 0.1049 0.6570
vt 0.0891 0.6560
vt 0.6763 0.3359
vt 0.6553 0.3315
vt 0.6558 0.3481
vt 0.6255 0.3530
vt 0.6411 0.3594
vt 0.6265 0.3711
vt 0.5962 0.3809
vt 0.6094 0.3877
vt 0.4109 0.6426
vt 0.4116 0.6565
vt 0.3896 0.6528
vt 0.3882 0.6399
vt 0.3743 0.6482
vt 0.3687 0.6355
vt 0.3896 0.6260
vt 0.3691 0.6248
vt 0.4128 0.6272
vt 0.4299 0.6282
vt 0.4290 0.6438
vt 0.4468 0.6282
vt 0.4468 0.6438
vt 0.4670 0.6282
vt 0.4683 0.6423
vt 0.4819 0.6279
vt 0.4851 0.6389
vt 0.4814 0.6514
vt 0.4661 0.6550
vt 0.4438 0.6572
vt 0.4277 0.6575
vt 0.2712 0.6438
vt 0.2520 0.6274
vt 0.2732 0.6299
vt 0.2512 0.6428
vt 0.2345 0.6262
vt 0.2346 0.6416
vt 0.2166 0.6262
vt 0.2174 0.6418
vt 0.1937 0.6277
vt 0.1943 0.6416
vt 0.1738 0.6416
vt 0.1741 0.6306
vt 0.1804 0.6179
vt 0.1959 0.6145
vt 0.2181 0.6125
vt 0.2341 0.6123
vt 0.2500 0.6133
vt 0.2717 0.6167
vt 0.2869 0.6211
vt 0.2896 0.6340
vt 0.2861 0.6448
vt -0.6094 0.8878
vt -0.6099 0.9955
vt -0.6743 0.8878
vt -0.6748 0.9955
vt -0.7393 0.8878
vt -0.7397 0.9955
vt -0.8047 0.9955
vt -0.8696 0.9955
vt 0.1144 0.7207
vt 0.1357 0.7229
vt 0.1340 0.7368
vt 0.1139 0.7361
vt 0.0967 0.7200
vt 0.0973 0.7354
vt 0.0789 0.7202
vt 0.0801 0.7356
vt 0.0562 0.7219
vt 0.0571 0.7358
vt 0.1490 0.7375
vt 0.1525 0.7266
vt 0.1494 0.7136
vt 0.1340 0.7097
vt 0.1119 0.7065
vt 0.0959 0.7061
vt 0.0800 0.7063
vt 0.0582 0.7087
vt 0.0430 0.7124
vt 0.0368 0.7253
vt 0.0366 0.7363
vt 0.7900 0.3008
vt 0.7964 0.3164
vt 0.8149 0.3188
vt 0.8267 0.3066
vt 0.8384 0.3247
vt 0.9604 0.4316
vt 0.9648 0.4106
vt 0.9482 0.4111
vt 0.9434 0.3804
vt 0.9370 0.3960
vt 0.9253 0.3813
vt 0.9155 0.3511
vt 0.9087 0.3643
vt 0.4016 0.0776
vt 0.2386 0.0728
vt 0.4016 0.0728
vt 0.2386 0.0776
vt 0.0756 0.0728
vt 0.0756 0.0776
vt 1.2168 0.0728
vt 1.2168 0.0776
vt 1.0537 0.0776
vt 1.0537 0.0728
vt 0.8906 0.0776
vt 0.8906 0.0728
vt 0.7275 0.0776
vt 0.7275 0.0728
vt 0.5645 0.0728
vt 0.5645 0.0776
vt 2.0312 0.0776
vt 1.8682 0.0728
vt 2.0312 0.0728
vt 1.8682 0.0776
vt 1.7051 0.0728
vt 1.7051 0.0776
vt 1.5420 0.0728
vt 1.5420 0.0776
vt 1.3799 0.0728
vt 1.3799 0.0776
vt 2.8457 0.0728
vt 2.8457 0.0776
vt 2.6836 0.0728
vt 2.6836 0.0776
vt 2.5195 0.0776
vt 2.5195 0.0728
vt 2.3574 0.0776
vt 2.3574 0.0728
vt 2.1934 0.0776
vt 2.1934 0.0728
vt 3.6621 0.0776
vt 3.4980 0.0776
vt 3.6621 0.0728
vt 3.4980 0.0728
vt 3.3359 0.0776
vt 3.3359 0.0728
vt 3.1719 0.0728
vt 3.1719 0.0776
vt 3.0098 0.0728
vt 3.0098 0.0776
vt 4.4766 0.0728
vt 4.4766 0.0776
vt 4.3125 0.0728
vt 4.3125 0.0776
vt 4.1484 0.0728
vt 4.1484 0.0776
vt 3.9883 0.0728
vt 3.9883 0.0776
vt 3.8242 0.0776
vt 3.8242 0.0728
vt 5.2891 0.0728
vt 5.2891 0.0776
vt 5.1289 0.0776
vt 5.1289 0.0728
vt 4.9648 0.0776
vt 4.9648 0.0728
vt 4.8008 0.0776
vt 4.8008 0.0728
vt 4.6367 0.0776
vt 4.6367 0.0728
vt 1.2168 0.0171
vt 1.0537 0.0127
vt 1.2168 0.0127
vt 1.0537 0.0171
vt 0.8906 0.0127
vt 0.8906 0.0171
vt 0.7275 0.0127
vt 0.7275 0.0171
vt 0.5645 0.0171
vt 0.5645 0.0127
vt 0.4016 0.0171
vt 0.4016 0.0127
vt 0.2386 0.0171
vt 0.2386 0.0127
vt 0.0756 0.0171
vt 0.0756 0.0127
vt 0.3997 0.3545
vt 0.4045 0.3438
vt 0.4668 0.4243
vt 0.4749 0.4131
vt 0.4067 0.3467
vt 0.4932 0.3975
vt 0.4822 0.4180
vt 0.4758 0.4277
vt 0.4988 0.9547
vt 0.4644 0.9547
vt 2.0312 0.0127
vt 2.0312 0.0171
vt 1.8682 0.0171
vt 1.8682 0.0127
vt 1.7051 0.0171
vt 1.7051 0.0127
vt 1.5420 0.0171
vt 1.5420 0.0127
vt 1.3799 0.0171
vt 1.3799 0.0127
vt 2.8457 0.0171
vt 2.6836 0.0171
vt 2.8457 0.0127
vt 2.6836 0.0127
vt 2.5195 0.0127
vt 2.5195 0.0171
vt 2.3574 0.0127
vt 2.3574 0.0171
vt 2.1934 0.0127
vt 2.1934 0.0171
vt 3.6621 0.0171
vt 3.4980 0.0127
vt 3.6621 0.0127
vt 3.4980 0.0171
vt 3.3359 0.0127
vt 3.3359 0.0171
vt 3.1719 0.0171
vt 3.1719 0.0127
vt 3.0098 0.0171
vt 3.0098 0.0127
vt 4.4766 0.0171
vt 4.3125 0.0171
vt 4.4766 0.0127
vt 4.3125 0.0127
vt 4.1484 0.0171
vt 4.1484 0.0127
vt 3.9883 0.0171
vt 3.9883 0.0127
vt 3.8242 0.0127
vt 3.8242 0.0171
vt 5.2891 0.0171
vt 5.1289 0.0127
vt 5.2891 0.0127
vt 5.1289 0.0171
vt 4.9648 0.0127
vt 4.9648 0.0171
vt 4.8008 0.0127
vt 4.8008 0.0171
vt 4.6367 0.0127
vt 4.6367 0.0171
vt -0.7397 0.1138
vt -0.8047 0.1138
vt -0.8696 0.1138
vt -0.8691 0.2407
vt -0.9346 0.1138
vt -0.9341 0.2407
vt -0.8696 0.0850
vt -0.8047 0.0850
vt -0.7397 0.0850
vt -0.9346 0.0054
vt -0.8696 0.0054
vt -0.8047 0.0054
vt 0.7427 0.9896
vt 0.7695 0.9896
vt 0.7949 0.9896
vt 0.8276 0.9896
vt 0.1003 0.5979
vt 0.1224 0.6016
vt 0.1010 0.6116
vt 0.1238 0.6143
vt 0.1376 0.6060
vt 0.1432 0.6187
vt 0.1428 0.6294
vt 0.1223 0.6284
vt 0.0991 0.6272
vt 0.0820 0.6260
vt 0.0830 0.6104
vt 0.0652 0.6260
vt 0.0652 0.6106
vt 0.0450 0.6260
vt 0.0438 0.6121
vt 0.0299 0.6262
vt 0.0270 0.6152
vt 0.0305 0.6028
vt 0.0460 0.5991
vt 0.0682 0.5969
vt 0.0843 0.5967
vt 0.0355 0.3647
vt 0.0422 0.3857
vt 0.0486 0.4019
vt 0.0627 0.3960
vt 0.0570 0.3813
vt 0.0505 0.3613
vt 0.0697 0.3496
vt 0.0758 0.3691
vt 0.0784 0.3354
vt 0.0802 0.3472
vt 0.0872 0.3682
vt 0.0930 0.3838
vt 0.1002 0.3989
vt 0.2460 0.6753
vt 0.2449 0.6614
vt 0.2668 0.6646
vt 0.2686 0.6777
vt 0.2825 0.6685
vt 0.2881 0.6814
vt 0.2878 0.6924
vt 0.2676 0.6917
vt 0.2445 0.6907
vt 0.2274 0.6899
vt 0.2280 0.6746
vt 0.2107 0.6904
vt 0.2104 0.6750
vt 0.1906 0.6907
vt 0.1892 0.6768
vt 0.1755 0.6912
vt 0.1726 0.6802
vt 0.1760 0.6672
vt 0.1912 0.6636
vt 0.2130 0.6611
vt 0.2289 0.6609
vn -0.8961 0.4438 0.0024
vn -0.7523 0.6573 -0.0442
vn -0.7867 0.6167 0.0290
vn -0.8741 0.4822 -0.0587
vn -0.8970 0.4421 0.0000
vn -0.9469 0.3216 0.0000
vn -0.9475 0.3198 0.0024
vn -0.1735 0.1361 -0.9754
vn -0.2243 0.0005 -0.9745
vn -0.2189 0.0265 -0.9754
vn -0.9923 0.1202 0.0290
vn -0.9590 0.2771 -0.0587
vn -0.4108 0.1187 -0.9040
vn -0.3744 0.2065 -0.9040
vn -0.3491 0.2253 -0.9096
vn -0.3265 0.2852 -0.9011
vn -0.2852 0.3265 -0.9011
vn -0.6573 0.7523 -0.0442
vn -0.2253 0.3491 -0.9096
vn -0.4061 0.0876 -0.9096
vn -0.4325 0.0291 -0.9011
vn -0.9968 0.0672 -0.0442
vn -0.9968 -0.0672 -0.0442
vn -0.4325 -0.0291 -0.9011
vn -0.4061 -0.0876 -0.9096
vn 0.2078 -0.1253 -0.9701
vn 0.1966 -0.1103 -0.9743
vn 0.1652 -0.1297 -0.9777
vn 0.1685 -0.1428 -0.9753
vn 0.1037 -0.1337 -0.9856
vn 0.1234 -0.1215 -0.9849
vn -0.1590 0.1582 -0.9745
vn -0.1582 0.1590 -0.9745
vn -0.1361 0.1735 -0.9754
vn -0.6167 0.7867 0.0290
vn -0.0014 -0.1757 -0.9844
vn 0.0014 -0.1732 -0.9849
vn -0.0213 -0.1679 -0.9856
vn 0.0182 -0.2201 -0.9753
vn 0.0251 -0.2085 -0.9777
vn 0.0611 -0.2170 -0.9743
vn 0.0583 -0.2356 -0.9701
vn 0.1094 -0.1721 -0.9790
vn 0.1363 -0.1764 -0.9748
vn 0.1362 -0.1759 -0.9749
vn 0.1688 -0.1415 -0.9754
vn 0.1266 -0.1350 -0.9827
vn 0.1232 -0.1252 -0.9844
vn 0.9976 0.0627 0.0289
vn 0.9978 0.0636 0.0185
vn 0.0163 0.1310 0.9913
vn -0.3317 -0.8649 0.3768
vn -0.2463 -0.8870 0.3907
vn -0.1489 -0.9089 0.3896
vn -0.1350 -0.9049 0.4037
vn 0.7386 -0.6011 0.3054
vn 0.8297 -0.5442 0.1244
vn 0.9660 0.0086 0.2582
vn 0.0016 0.1347 0.9909
vn 0.0028 0.1343 0.9909
vn -0.0011 -0.2076 0.9782
vn -0.0067 -0.2077 0.9782
vn -0.0018 -0.0542 0.9985
vn 0.0018 -0.0542 0.9985
vn -0.0468 -0.2065 0.9773
vn -0.0114 -0.0501 0.9987
vn -0.0109 -0.0505 0.9987
vn 0.1090 0.5075 0.8548
vn 0.0015 0.1095 0.9940
vn 0.0001 0.1094 0.9940
vn 0.0002 0.1357 0.9907
vn 0.0003 0.1358 0.9907
vn -0.0001 -0.2085 0.9780
vn 0.0001 -0.2085 0.9780
vn 0.0067 -0.2077 0.9782
vn 0.0011 -0.2076 0.9782
vn 0.0468 -0.2065 0.9773
vn 0.0114 -0.0501 0.9987
vn 0.2140 0.9217 0.3235
vn 0.2170 0.9222 0.3202
vn 0.1360 0.9376 0.3200
vn 0.1197 0.9472 0.2976
vn 0.0291 0.9491 0.3136
vn 0.0033 0.1065 0.9943
vn -0.0033 0.1065 0.9943
vn -0.0001 0.1094 0.9940
vn -0.0015 0.1095 0.9940
vn -0.0016 0.1347 0.9909
vn -0.0028 0.1343 0.9909
vn -0.0002 0.1357 0.9907
vn -0.0003 0.1358 0.9907
vn 0.0102 0.1294 0.9915
vn -0.0169 0.1148 0.9932
vn -0.0053 0.1337 0.9910
vn -0.2170 0.9222 0.3202
vn -0.1360 0.9376 0.3200
vn -0.1197 0.9472 0.2976
vn -0.0291 0.9491 0.3136
vn -0.0331 0.9474 0.3184
vn 0.0331 0.9474 0.3184
vn 0.0349 0.9994 0.0027
vn 0.1250 0.9903 -0.0614
vn 0.1284 0.9893 -0.0699
vn -0.2140 0.9217 0.3235
vn -0.2651 0.9087 0.3225
vn -0.0348 0.9983 -0.0466
vn -0.0440 0.9968 -0.0661
vn -0.1252 0.9921 0.0056
vn -0.2169 0.9736 -0.0719
vn -0.2358 0.9714 -0.0270
vn -0.2887 0.9573 0.0178
vn -0.3261 0.8895 0.3202
vn -0.3539 0.9352 -0.0136
vn -0.3478 0.9372 -0.0251
vn -0.4725 0.8811 -0.0223
vn -0.4718 0.8815 -0.0205
vn -0.4119 0.9110 0.0211
vn -0.3983 0.8596 0.3202
vn -0.0799 0.1061 0.9911
vn -0.0185 0.1315 0.9911
vn -0.0163 0.1310 0.9913
vn -0.0117 0.1340 0.9909
vn -0.0070 0.1327 0.9911
vn 0.4531 -0.8013 0.3907
vn 0.3770 -0.8461 0.3768
vn 0.3317 -0.8649 0.3768
vn 0.2463 -0.8870 0.3907
vn 0.1489 -0.9089 0.3896
vn 0.1350 -0.9049 0.4037
vn -0.0987 0.0843 0.9915
vn -0.0908 0.0983 0.9910
vn -0.0888 0.0987 0.9911
vn -0.0930 0.0970 0.9909
vn -0.0941 0.0964 0.9909
vn -0.0764 0.0784 0.9940
vn -0.0692 0.0931 0.9932
vn -0.5668 0.7592 0.3200
vn -0.5009 0.8041 0.3203
vn -0.4982 0.8045 0.3235
vn -0.4551 0.8300 0.3225
vn -0.0865 0.1030 0.9909
vn -0.0811 0.1041 0.9913
vn -0.5851 0.7543 0.2976
vn -0.8417 0.5351 -0.0719
vn -0.7901 0.6130 0.0056
vn -0.7543 0.5851 0.2976
vn -0.6917 0.6505 0.3136
vn -0.6933 0.6465 0.3184
vn -0.6465 0.6933 0.3184
vn -0.6820 0.7313 0.0027
vn -0.6119 0.7886 -0.0614
vn -0.6087 0.7903 -0.0699
vn -0.5213 0.8533 0.0146
vn -0.7360 0.6738 -0.0661
vn -0.7305 0.6813 -0.0466
vn -0.9086 0.4168 -0.0251
vn -0.8810 0.4728 0.0178
vn -0.8536 0.5202 -0.0270
vn -0.8041 0.5009 0.3203
vn -0.7592 0.5668 0.3199
vn -0.0931 0.0692 0.9932
vn -0.0784 0.0764 0.9940
vn -0.0964 0.0941 0.9909
vn -0.0970 0.0930 0.9909
vn 0.1476 -0.1460 0.9782
vn -0.0843 0.0987 0.9915
vn -0.0983 0.0908 0.9910
vn -0.8045 0.4982 0.3235
vn -0.8300 0.4551 0.3225
vn -0.1030 0.0865 0.9909
vn -0.1041 0.0811 0.9913
vn -0.0987 0.0888 0.9911
vn 0.8013 -0.4531 0.3907
vn 0.7401 -0.5485 0.3891
vn 0.7437 -0.5338 0.4024
vn -0.0972 -0.9473 0.3054
vn -0.2018 -0.9715 0.1244
vn -0.6892 -0.6770 0.2582
vn 0.1791 -0.1129 0.9773
vn 0.0435 -0.0274 0.9987
vn 0.0434 -0.0280 0.9987
vn 0.0483 -0.0244 0.9985
vn -0.7498 -0.6611 0.0289
vn -0.7505 -0.6606 0.0185
vn -0.6892 -0.6770 0.2583
vn -0.7805 0.3866 0.4913
vn -0.7810 0.3953 0.4836
vn -0.8292 0.2799 0.4838
vn 0.0514 -0.0169 0.9985
vn -0.8279 0.2715 0.4907
vn -0.0086 0.9660 0.2583
vn -0.0086 0.9660 0.2582
vn -0.0636 0.9978 0.0185
vn -0.0627 0.9976 0.0289
vn 0.0514 0.0169 0.9985
vn 0.0505 0.0109 0.9987
vn 0.0501 0.0114 0.9987
vn 0.0542 0.0018 0.9985
vn 0.0542 -0.0018 0.9985
vn 0.2077 -0.0067 0.9782
vn 0.2076 -0.0011 0.9782
vn -0.1343 0.0028 0.9909
vn -0.1347 0.0016 0.9909
vn 0.5442 0.8297 0.1244
vn 0.2065 0.0468 0.9773
vn 0.2076 0.0011 0.9782
vn 0.2077 0.0067 0.9782
vn 0.2085 0.0001 0.9780
vn 0.2085 -0.0001 0.9780
vn -0.1358 0.0003 0.9907
vn -0.1357 0.0002 0.9907
vn -0.1094 0.0001 0.9940
vn -0.1095 0.0015 0.9940
vn -0.1148 0.0169 0.9932
vn -0.1357 -0.0002 0.9907
vn -0.1358 -0.0003 0.9907
vn -0.1344 -0.0028 0.9909
vn -0.1347 -0.0016 0.9909
vn -0.1095 -0.0015 0.9940
vn -0.1094 -0.0001 0.9940
vn -0.1065 -0.0033 0.9943
vn -0.1065 0.0033 0.9943
vn -0.9491 0.0291 0.3136
vn -0.9472 0.1197 0.2976
vn -0.9903 0.1250 -0.0614
vn -0.9893 0.1284 -0.0699
vn -0.1148 -0.0169 0.9932
vn -0.1294 0.0102 0.9915
vn 0.8870 0.2463 0.3907
vn 0.9089 0.1489 0.3896
vn 0.9049 0.1350 0.4037
vn 0.6011 -0.7386 0.3054
vn 0.5442 -0.8297 0.1244
vn -0.0086 -0.9660 0.2582
vn -0.0636 -0.9978 0.0185
vn -0.0627 -0.9976 0.0289
vn -0.1094 -0.5068 0.8551
vn -0.2810 -0.4357 0.8551
vn -0.2817 -0.4359 0.8548
vn -0.4359 -0.2817 0.8548
vn 0.0434 0.0280 0.9987
vn 0.0483 0.0244 0.9985
vn -0.7810 -0.3953 0.4836
vn -0.8292 -0.2799 0.4838
vn -0.8279 -0.2715 0.4907
vn -0.0086 -0.9660 0.2583
vn -0.7805 -0.3866 0.4913
vn -0.7498 0.6611 0.0289
vn -0.7505 0.6606 0.0185
vn -0.6892 0.6770 0.2583
vn -0.6892 0.6770 0.2582
vn 0.1791 0.1129 0.9773
vn 0.0435 0.0274 0.9987
vn 0.0396 0.0371 0.9985
vn 0.1517 0.1421 0.9782
vn 0.1475 0.1473 0.9780
vn 0.1476 0.1460 0.9782
vn 0.0274 0.0435 0.9987
vn 0.0371 0.0396 0.9985
vn 0.1421 0.1517 0.9782
vn 0.1473 0.1475 0.9780
vn -0.0958 -0.0962 0.9907
vn -0.0962 -0.0958 0.9907
vn -0.0961 -0.0959 0.9907
vn -0.0970 -0.0930 0.9909
vn -0.0964 -0.0941 0.9909
vn -0.2018 0.9715 0.1244
vn -0.0959 -0.0961 0.9907
vn -0.0773 -0.0775 0.9940
vn -0.0930 -0.0970 0.9909
vn 0.1460 0.1476 0.9782
vn 0.1129 0.1791 0.9773
vn 0.6770 -0.6892 0.2582
vn 0.6770 -0.6892 0.2583
vn 0.6606 -0.7505 0.0185
vn 0.6611 -0.7498 0.0289
vn -0.3866 -0.7805 0.4913
vn -0.3953 -0.7810 0.4836
vn -0.2799 -0.8292 0.4838
vn -0.9978 -0.0636 0.0185
vn -0.9976 -0.0627 0.0289
vn 0.1489 0.9089 0.3896
vn 0.1350 0.9049 0.4037
vn -0.7386 0.6011 0.3054
vn -0.8297 0.5442 0.1244
vn -0.9660 -0.0086 0.2582
vn -0.9660 -0.0086 0.2583
vn -0.2715 -0.8279 0.4907
vn 0.0169 0.0514 0.9985
vn 0.0244 0.0483 0.9985
vn 0.0280 0.0434 0.9987
vn 0.0011 0.2076 0.9782
vn 0.0468 0.2065 0.9773
vn 0.0114 0.0501 0.9987
vn 0.0109 0.0505 0.9987
vn -0.1090 -0.5075 0.8548
vn 0.1090 -0.5075 0.8548
vn 0.1094 -0.5068 0.8551
vn 0.2810 -0.4357 0.8551
vn 0.1346 -0.2087 0.9687
vn 0.2087 -0.1346 0.9687
vn 0.0018 0.0542 0.9985
vn 0.9660 -0.0086 0.2582
vn 0.9660 -0.0086 0.2583
vn 0.2715 -0.8279 0.4907
vn -0.0169 0.0514 0.9985
vn -0.0244 0.0483 0.9985
vn -0.0280 0.0434 0.9987
vn 0.2817 -0.4359 0.8548
vn 0.4359 -0.2817 0.8548
vn 0.4357 -0.2810 0.8551
vn 0.5068 -0.1094 0.8551
vn -0.0468 0.2065 0.9773
vn 0.0016 -0.1347 0.9909
vn 0.0028 -0.1343 0.9909
vn -0.0011 0.2076 0.9782
vn -0.0067 0.2077 0.9782
vn -0.0018 0.0542 0.9985
vn -0.0114 0.0501 0.9987
vn -0.0108 0.0505 0.9987
vn 0.0053 -0.1337 0.9910
vn -0.0102 -0.1294 0.9915
vn 0.0169 -0.1148 0.9932
vn 0.0015 -0.1095 0.9940
vn 0.0001 -0.1094 0.9940
vn 0.0002 -0.1357 0.9907
vn 0.0003 -0.1358 0.9907
vn -0.0001 0.2085 0.9780
vn 0.0001 0.2085 0.9780
vn 0.0067 0.2077 0.9782
vn 0.1360 -0.9376 0.3200
vn 0.2170 -0.9222 0.3202
vn 0.2140 -0.9217 0.3235
vn 0.2651 -0.9087 0.3225
vn -0.0001 -0.1094 0.9940
vn -0.0033 -0.1065 0.9943
vn 0.0033 -0.1065 0.9943
vn 0.0291 -0.9491 0.3136
vn 0.1197 -0.9472 0.2976
vn 0.1252 -0.9921 0.0056
vn 0.2169 -0.9736 -0.0719
vn 0.2358 -0.9714 -0.0270
vn 0.2887 -0.9573 0.0178
vn 0.3261 -0.8895 0.3202
vn 0.3539 -0.9352 -0.0136
vn 0.3478 -0.9372 -0.0251
vn 0.4725 -0.8811 -0.0223
vn 0.4718 -0.8815 -0.0205
vn 0.4119 -0.9110 0.0211
vn 0.3983 -0.8596 0.3202
vn 0.0799 -0.1061 0.9911
vn 0.0185 -0.1315 0.9911
vn 0.0163 -0.1310 0.9913
vn 0.0117 -0.1340 0.9909
vn 0.0070 -0.1327 0.9911
vn -0.3770 0.8461 0.3768
vn -0.3317 0.8649 0.3768
vn -0.2463 0.8870 0.3907
vn -0.1489 0.9089 0.3896
vn -0.1350 0.9049 0.4037
vn 0.7386 0.6011 0.3054
vn 0.8297 0.5442 0.1244
vn 0.9978 -0.0636 0.0185
vn 0.9976 -0.0627 0.0289
vn 0.2799 -0.8292 0.4838
vn 0.3953 -0.7810 0.4836
vn 0.3866 -0.7805 0.4913
vn -0.6770 -0.6892 0.2583
vn -0.6606 -0.7505 0.0185
vn -0.6611 -0.7498 0.0289
vn -0.0371 0.0396 0.9985
vn -0.0274 0.0435 0.9987
vn -0.1129 0.1791 0.9773
vn -0.6770 -0.6892 0.2582
vn -0.9715 -0.2018 0.1244
vn -0.9473 -0.0972 0.3054
vn -0.5338 0.7437 0.4024
vn -0.5485 0.7401 0.3891
vn -0.4531 0.8013 0.3907
vn 0.0987 -0.0843 0.9915
vn 0.0908 -0.0983 0.9910
vn 0.0888 -0.0987 0.9911
vn 0.0930 -0.0970 0.9909
vn 0.0941 -0.0964 0.9909
vn 0.0764 -0.0784 0.9940
vn 0.0692 -0.0931 0.9932
vn 0.5669 -0.7592 0.3199
vn 0.5009 -0.8041 0.3203
vn 0.4982 -0.8045 0.3235
vn 0.4551 -0.8300 0.3225
vn 0.0865 -0.1030 0.9909
vn 0.0811 -0.1041 0.9913
vn 0.5851 -0.7543 0.2976
vn 0.0773 -0.0775 0.9940
vn 0.0959 -0.0961 0.9907
vn 0.0958 -0.0962 0.9907
vn 0.6505 -0.6917 0.3136
vn 0.0730 -0.0777 0.9943
vn 0.0777 -0.0730 0.9943
vn 0.0775 -0.0773 0.9940
vn 0.0961 -0.0959 0.9907
vn 0.0962 -0.0958 0.9907
vn -0.1475 0.1473 0.9780
vn -0.1473 0.1475 0.9780
vn -0.1421 0.1517 0.9782
vn -0.1460 0.1476 0.9782
vn 0.8536 -0.5202 -0.0270
vn 0.8041 -0.5009 0.3203
vn 0.7592 -0.5668 0.3199
vn 0.0931 -0.0692 0.9932
vn 0.0784 -0.0764 0.9940
vn 0.0964 -0.0941 0.9909
vn 0.0970 -0.0930 0.9909
vn -0.1476 0.1460 0.9782
vn -0.1517 0.1421 0.9782
vn -0.0396 0.0371 0.9985
vn -0.0483 0.0244 0.9985
vn -0.0434 0.0280 0.9987
vn -0.0435 0.0274 0.9987
vn -0.1791 0.1129 0.9773
vn 0.6892 0.6770 0.2582
vn 0.2018 0.9715 0.1244
vn 0.0972 0.9473 0.3054
vn -0.7437 0.5338 0.4024
vn -0.7401 0.5485 0.3891
vn -0.8013 0.4531 0.3907
vn 0.0987 -0.0888 0.9911
vn 0.0843 -0.0987 0.9915
vn 0.0983 -0.0908 0.9910
vn 0.8045 -0.4982 0.3235
vn 0.8300 -0.4551 0.3225
vn 0.1030 -0.0865 0.9909
vn 0.1041 -0.0811 0.9913
vn 0.1327 -0.0070 0.9911
vn 0.1340 -0.0117 0.9909
vn 0.1310 -0.0163 0.9913
vn 0.1315 -0.0185 0.9911
vn 0.1061 -0.0799 0.9911
vn 0.8596 -0.3983 0.3202
vn 0.9115 -0.4110 -0.0136
vn 0.9086 -0.4168 -0.0251
vn 0.8810 -0.4728 0.0178
vn 0.8895 -0.3261 0.3202
vn 0.9354 -0.3529 0.0211
vn 0.9569 -0.2897 -0.0205
vn 0.9571 -0.2889 -0.0223
vn 0.9720 -0.2347 0.0146
vn 0.9893 -0.1284 -0.0699
vn 0.9983 0.0348 -0.0466
vn 0.9994 -0.0349 0.0027
vn 0.9903 -0.1250 -0.0614
vn 0.9472 -0.1197 0.2976
vn 0.9376 -0.1360 0.3200
vn 0.9222 -0.2170 0.3202
vn 0.9217 -0.2140 0.3235
vn 0.9087 -0.2651 0.3225
vn 0.1065 -0.0033 0.9943
vn 0.9491 -0.0291 0.3136
vn 0.9474 -0.0331 0.3184
vn 0.1358 0.0003 0.9907
vn 0.8279 0.2715 0.4907
vn 0.0086 0.9660 0.2583
vn -0.2065 -0.0468 0.9773
vn -0.2076 -0.0011 0.9782
vn 0.1343 0.0028 0.9909
vn 0.1357 0.0002 0.9907
vn 0.1094 0.0001 0.9940
vn 0.1065 0.0033 0.9943
vn 0.9491 0.0291 0.3136
vn 0.9474 0.0331 0.3184
vn 0.9472 0.1197 0.2976
vn 0.0086 0.9660 0.2582
vn 0.0636 0.9978 0.0185
vn 0.0627 0.9976 0.0289
vn 0.1148 0.0169 0.9932
vn 0.1095 0.0015 0.9940
vn 0.1347 0.0016 0.9909
vn -0.5442 0.8297 0.1244
vn -0.6011 0.7386 0.3054
vn -0.9049 -0.1350 0.4037
vn -0.9089 -0.1489 0.3896
vn -0.8870 -0.2463 0.3907
vn -0.8649 -0.3317 0.3768
vn 0.1294 -0.0102 0.9915
vn 0.1337 0.0053 0.9910
vn 0.1327 0.0070 0.9911
vn 0.1340 0.0117 0.9909
vn 0.1310 0.0163 0.9913
vn 0.1315 0.0185 0.9911
vn 0.1061 0.0799 0.9911
vn 0.1041 0.0811 0.9913
vn 0.1030 0.0865 0.9909
vn 0.0987 0.0888 0.9911
vn 0.8300 0.4551 0.3225
vn 0.8596 0.3983 0.3202
vn 0.8895 0.3261 0.3202
vn 0.9087 0.2651 0.3225
vn 0.9217 0.2140 0.3235
vn 0.9222 0.2170 0.3202
vn 0.9376 0.1360 0.3200
vn 0.9968 0.0440 -0.0661
vn 0.9921 0.1252 0.0056
vn 0.9736 0.2169 -0.0719
vn 0.9714 0.2358 -0.0270
vn 0.9573 0.2887 0.0178
vn 0.9372 0.3478 -0.0251
vn 0.9352 0.3539 -0.0136
vn 0.9110 0.4119 0.0211
vn 0.8815 0.4718 -0.0205
vn 0.8811 0.4725 -0.0223
vn 0.8533 0.5213 0.0146
vn 0.7903 0.6087 -0.0699
vn 0.7886 0.6119 -0.0614
vn 0.7313 0.6820 0.0027
vn 0.6738 0.7360 -0.0661
vn 0.6813 0.7305 -0.0466
vn 0.6465 0.6933 0.3184
vn 0.6933 0.6465 0.3184
vn 0.6917 0.6505 0.3136
vn 0.7543 0.5851 0.2976
vn 0.7592 0.5668 0.3200
vn 0.8041 0.5009 0.3203
vn 0.8045 0.4982 0.3235
vn 0.0958 0.0962 0.9907
vn 0.0959 0.0961 0.9907
vn 0.0773 0.0775 0.9940
vn 0.0730 0.0777 0.9943
vn 0.6505 0.6917 0.3136
vn 0.5851 0.7543 0.2976
vn 0.6130 0.7901 0.0056
vn 0.5351 0.8417 -0.0719
vn 0.0777 0.0730 0.9943
vn 0.0775 0.0773 0.9940
vn 0.0961 0.0959 0.9907
vn 0.0962 0.0958 0.9907
vn 0.0983 0.0908 0.9910
vn 0.0843 0.0987 0.9915
vn 0.0931 0.0692 0.9932
vn 0.0784 0.0764 0.9940
vn 0.0964 0.0941 0.9909
vn 0.0970 0.0930 0.9909
vn -0.1476 -0.1460 0.9782
vn -0.1517 -0.1421 0.9782
vn -0.1475 -0.1473 0.9780
vn -0.1473 -0.1475 0.9780
vn -0.1791 -0.1129 0.9773
vn -0.0435 -0.0274 0.9987
vn -0.0396 -0.0371 0.9985
vn -0.0371 -0.0396 0.9985
vn -0.1421 -0.1517 0.9782
vn -0.1460 -0.1476 0.9782
vn 0.0930 0.0970 0.9909
vn 0.0941 0.0964 0.9909
vn 0.0764 0.0784 0.9940
vn 0.0692 0.0931 0.9932
vn 0.9660 0.0086 0.2583
vn 0.2715 0.8279 0.4907
vn -0.0169 -0.0514 0.9985
vn -0.0244 -0.0483 0.9985
vn -0.0280 -0.0434 0.9987
vn -0.0274 -0.0435 0.9987
vn -0.1129 -0.1791 0.9773
vn -0.6770 0.6892 0.2582
vn -0.9715 0.2018 0.1244
vn -0.9473 0.0972 0.3054
vn 0.2799 0.8292 0.4838
vn 0.3953 0.7810 0.4836
vn 0.3866 0.7805 0.4913
vn -0.6770 0.6892 0.2583
vn -0.6606 0.7505 0.0185
vn -0.6611 0.7498 0.0289
vn -0.5338 -0.7437 0.4024
vn -0.5485 -0.7401 0.3891
vn -0.4531 -0.8013 0.3907
vn -0.3770 -0.8461 0.3768
vn 0.0987 0.0843 0.9915
vn 0.0908 0.0983 0.9910
vn 0.0888 0.0987 0.9911
vn 0.0865 0.1030 0.9909
vn 0.0811 0.1041 0.9913
vn 0.0799 0.1061 0.9911
vn 0.3983 0.8596 0.3202
vn 0.4551 0.8300 0.3225
vn 0.4982 0.8045 0.3235
vn 0.5668 0.7592 0.3200
vn 0.5009 0.8041 0.3203
vn 0.5202 0.8536 -0.0270
vn 0.4728 0.8810 0.0178
vn 0.4168 0.9086 -0.0251
vn 0.4110 0.9115 -0.0136
vn 0.3529 0.9354 0.0211
vn 0.3261 0.8895 0.3202
vn 0.0185 0.1315 0.9911
vn 0.2347 0.9720 0.0146
vn 0.2889 0.9571 -0.0223
vn 0.2897 0.9569 -0.0205
vn 0.2651 0.9087 0.3225
vn 0.0117 0.1340 0.9909
vn 0.0070 0.1327 0.9911
vn 0.0053 0.1337 0.9910
vn -0.0102 0.1294 0.9915
vn 0.0169 0.1148 0.9932
vn 0.0876 0.4061 -0.9096
vn 0.2852 0.3265 -0.9011
vn 0.2253 0.3491 -0.9096
vn 0.2065 0.3744 -0.9040
vn 0.1187 0.4108 -0.9040
vn 0.2771 0.9590 -0.0587
vn 0.3491 0.2253 -0.9096
vn 0.3265 0.2852 -0.9011
vn 0.7523 0.6573 -0.0442
vn 0.6573 0.7523 -0.0442
vn 0.6167 0.7867 0.0290
vn 0.4822 0.8741 -0.0587
vn 0.4421 0.8970 0.0000
vn 0.3216 0.9469 0.0000
vn 0.3198 0.9475 0.0024
vn 0.1361 0.1735 -0.9754
vn 0.4438 0.8961 0.0024
vn -0.1215 -0.1234 -0.9849
vn 0.1582 0.1590 -0.9745
vn 0.1590 0.1582 -0.9745
vn 0.1735 0.1361 -0.9754
vn 0.7867 0.6167 0.0290
vn 0.8741 0.4822 -0.0587
vn 0.3744 0.2065 -0.9040
vn 0.4108 0.1187 -0.9040
vn 0.4061 0.0876 -0.9096
vn 0.4325 0.0291 -0.9011
vn 0.8961 0.4438 0.0024
vn 0.8970 0.4421 0.0000
vn 0.9469 0.3216 0.0000
vn 0.9590 0.2771 -0.0587
vn 0.9923 0.1202 0.0290
vn 0.9968 0.0672 -0.0442
vn 0.9475 0.3198 0.0024
vn 0.2243 0.0005 -0.9745
vn 0.2189 0.0265 -0.9754
vn 0.4325 -0.0291 -0.9011
vn 0.9968 -0.0672 -0.0442
vn 0.9923 -0.1202 0.0290
vn 0.2189 -0.0265 -0.9754
vn 0.2243 -0.0005 -0.9745
vn -0.1757 0.0014 -0.9844
vn -0.1732 -0.0014 -0.9849
vn -0.1679 0.0213 -0.9856
vn -0.2201 -0.0182 -0.9753
vn -0.2085 -0.0251 -0.9777
vn 0.9475 -0.3198 0.0024
vn 0.9469 -0.3216 -0.0000
vn 0.9590 -0.2771 -0.0587
vn 0.4108 -0.1187 -0.9040
vn 0.4061 -0.0876 -0.9096
vn 0.3491 -0.2253 -0.9096
vn 0.3744 -0.2065 -0.9040
vn 0.8741 -0.4822 -0.0587
vn 0.8970 -0.4421 -0.0000
vn 0.8961 -0.4438 0.0024
vn 0.3265 -0.2852 -0.9011
vn 0.7523 -0.6573 -0.0442
vn 0.7867 -0.6167 0.0290
vn 0.1735 -0.1361 -0.9754
vn 0.1590 -0.1582 -0.9745
vn -0.1234 0.1215 -0.9849
vn -0.1232 0.1252 -0.9844
vn -0.1266 0.1350 -0.9827
vn -0.1688 0.1415 -0.9754
vn -0.1362 0.1759 -0.9749
vn 0.1361 -0.1735 -0.9754
vn 0.1582 -0.1590 -0.9745
vn 0.4438 -0.8961 0.0024
vn 0.3198 -0.9475 0.0024
vn 0.3216 -0.9469 0.0000
vn 0.4421 -0.8970 0.0000
vn 0.4822 -0.8741 -0.0587
vn 0.6167 -0.7867 0.0290
vn 0.6573 -0.7523 -0.0442
vn 0.0014 0.1757 -0.9844
vn -0.0014 0.1732 -0.9849
vn 0.0005 -0.2243 -0.9745
vn 0.0265 -0.2189 -0.9754
vn 0.1202 -0.9923 0.0290
vn 0.2771 -0.9590 -0.0587
vn 0.1187 -0.4108 -0.9040
vn 0.2065 -0.3744 -0.9040
vn 0.2253 -0.3491 -0.9096
vn 0.2852 -0.3265 -0.9011
vn 0.0291 -0.4325 -0.9011
vn 0.0876 -0.4061 -0.9096
vn 0.0672 -0.9968 -0.0442
vn -0.0672 -0.9968 -0.0442
vn -0.0291 -0.4325 -0.9011
vn -0.0876 -0.4061 -0.9096
vn -0.0005 -0.2243 -0.9745
vn -0.0265 -0.2189 -0.9754
vn -0.1202 -0.9923 0.0290
vn -0.2771 -0.9590 -0.0587
vn -0.1187 -0.4108 -0.9040
vn -0.2065 -0.3744 -0.9040
vn -0.2253 -0.3491 -0.9096
vn -0.4822 -0.8741 -0.0587
vn -0.4438 -0.8961 0.0024
vn -0.4421 -0.8970 0.0000
vn -0.3216 -0.9469 0.0000
vn -0.3198 -0.9475 0.0024
vn -0.1582 -0.1590 -0.9745
vn -0.1361 -0.1735 -0.9754
vn -0.6167 -0.7867 0.0290
vn -0.6573 -0.7523 -0.0442
vn -0.2852 -0.3265 -0.9011
vn -0.3265 -0.2852 -0.9011
vn -0.3491 -0.2253 -0.9096
vn -0.3744 -0.2065 -0.9040
vn -0.4108 -0.1187 -0.9040
vn -0.9590 -0.2771 -0.0587
vn -0.7523 -0.6573 -0.0442
vn -0.9475 -0.3198 0.0024
vn -0.9469 -0.3216 -0.0000
vn -0.8970 -0.4421 0.0000
vn -0.8741 -0.4822 -0.0587
vn -0.7867 -0.6167 0.0290
vn -0.1735 -0.1361 -0.9754
vn -0.1590 -0.1582 -0.9745
vn -0.8961 -0.4438 0.0024
vn 0.2085 0.0251 -0.9777
vn 0.2170 0.0611 -0.9743
vn 0.2356 0.0583 -0.9701
vn 0.1721 0.1094 -0.9790
vn 0.1764 0.1363 -0.9748
vn 0.1759 0.1362 -0.9749
vn 0.1415 0.1688 -0.9754
vn 0.1350 0.1266 -0.9827
vn 0.1252 0.1232 -0.9844
vn 0.1215 0.1234 -0.9849
vn 0.2201 0.0182 -0.9753
vn 0.1679 -0.0213 -0.9856
vn -0.9923 -0.1202 0.0290
vn -0.2189 -0.0265 -0.9754
vn -0.2243 -0.0005 -0.9745
vn 0.1732 0.0014 -0.9849
vn 0.1757 -0.0014 -0.9844
vn 0.1850 -0.0060 -0.9827
vn 0.2195 0.0193 -0.9754
vn 0.2207 -0.0280 -0.9749
vn 0.2211 -0.0284 -0.9748
vn 0.1990 -0.0444 -0.9790
vn -0.9976 0.0627 0.0289
vn -0.9978 0.0636 0.0185
vn -0.7386 -0.6011 0.3054
vn -0.8297 -0.5442 0.1244
vn -0.9660 0.0086 0.2582
vn -0.9660 0.0086 0.2583
vn -0.2715 0.8279 0.4907
vn 0.0169 -0.0514 0.9985
vn 0.0244 -0.0483 0.9985
vn 0.0280 -0.0434 0.9987
vn -0.2817 0.4359 0.8548
vn -0.4359 0.2817 0.8548
vn 0.0109 -0.0505 0.9987
vn -0.1090 0.5075 0.8548
vn -0.1094 0.5068 0.8551
vn -0.2810 0.4357 0.8551
vn -0.1346 0.2087 0.9687
vn -0.2087 0.1346 0.9687
vn -0.2085 0.1326 0.9690
vn -0.2412 0.0536 0.9690
vn 0.0000 0.0000 1.0000
vn -0.4357 0.2810 0.8551
vn -0.5068 0.1094 0.8551
vn -0.2428 0.0524 0.9687
vn -0.2428 -0.0524 0.9687
vn -0.2403 -0.0544 0.9692
vn -0.2084 -0.1315 0.9692
vn -0.1315 0.2084 0.9692
vn -0.0544 0.2403 0.9692
vn 0.2065 -0.0468 0.9773
vn 0.0501 -0.0114 0.9987
vn 0.0505 -0.0109 0.9987
vn -0.5075 0.1090 0.8548
vn -0.5075 -0.1090 0.8548
vn -0.5068 -0.1094 0.8551
vn -0.4357 -0.2810 0.8551
vn -0.2087 -0.1346 0.9687
vn -0.1346 -0.2087 0.9687
vn -0.1326 -0.2085 0.9690
vn -0.0536 -0.2412 0.9690
vn 0.0536 0.2412 0.9690
vn 0.1326 0.2085 0.9690
vn 0.1346 0.2087 0.9687
vn 0.2087 0.1346 0.9687
vn 0.4357 0.2810 0.8551
vn 0.2428 -0.0524 0.9687
vn 0.2428 0.0524 0.9687
vn 0.2403 0.0544 0.9692
vn 0.2084 0.1315 0.9692
vn 0.1315 -0.2084 0.9692
vn 0.0544 -0.2403 0.9692
vn 0.0524 -0.2428 0.9687
vn -0.0524 -0.2428 0.9687
vn 0.2085 -0.1326 0.9690
vn 0.2412 -0.0536 0.9690
vn 0.5068 0.1094 0.8551
vn 0.5075 0.1090 0.8548
vn 0.5075 -0.1090 0.8548
vn -0.0505 0.0109 0.9987
vn -0.0514 0.0169 0.9985
vn 0.8279 -0.2715 0.4907
vn 0.8292 -0.2799 0.4838
vn 0.7810 -0.3953 0.4836
vn 0.7805 -0.3866 0.4913
vn 0.6892 0.6770 0.2583
vn 0.7505 0.6606 0.0185
vn 0.7498 0.6611 0.0289
vn -0.0501 0.0114 0.9987
vn -0.2065 0.0468 0.9773
vn 0.0086 -0.9660 0.2583
vn 0.0086 -0.9660 0.2582
vn 0.0636 -0.9978 0.0185
vn 0.0627 -0.9976 0.0289
vn -0.5442 -0.8297 0.1244
vn 0.1347 -0.0016 0.9909
vn 0.1343 -0.0028 0.9909
vn -0.2076 0.0011 0.9782
vn -0.2077 0.0067 0.9782
vn -0.0542 0.0018 0.9985
vn -0.0542 -0.0018 0.9985
vn -0.0501 -0.0114 0.9987
vn -0.0505 -0.0109 0.9987
vn -0.0514 -0.0169 0.9985
vn -0.2077 -0.0067 0.9782
vn -0.2085 -0.0001 0.9780
vn -0.2085 0.0001 0.9780
vn 0.1358 -0.0003 0.9907
vn 0.1357 -0.0002 0.9907
vn 0.1094 -0.0001 0.9940
vn 0.1095 -0.0015 0.9940
vn 0.1148 -0.0169 0.9932
vn 0.1294 0.0102 0.9915
vn 0.1337 -0.0053 0.9910
vn -0.8461 0.3770 0.3768
vn -0.8649 0.3317 0.3768
vn -0.8870 0.2463 0.3907
vn -0.9089 0.1489 0.3896
vn -0.9049 0.1350 0.4037
vn -0.6011 -0.7386 0.3054
vn -0.1934 -0.2356 -0.9524
vn -0.2356 -0.1934 -0.9524
vn -0.0610 -0.0501 -0.9969
vn -0.0501 -0.0610 -0.9969
vn -0.0372 -0.0696 -0.9969
vn -0.1437 -0.2688 -0.9524
vn -0.0885 -0.2917 -0.9524
vn -0.0229 -0.0755 -0.9969
vn -0.0077 -0.0786 -0.9969
vn -0.2631 -0.8674 -0.4224
vn -0.0299 -0.3034 -0.9524
vn 0.0077 -0.0786 -0.9969
vn 0.0229 -0.0755 -0.9969
vn 0.0299 -0.3034 -0.9524
vn 0.0889 -0.9020 -0.4224
vn -0.0889 -0.9020 -0.4224
vn -0.2884 -0.9506 -0.1148
vn -0.0974 -0.9886 -0.1148
vn 0.0974 -0.9886 -0.1148
vn 0.2631 -0.8674 -0.4224
vn 0.0885 -0.2917 -0.9524
vn 0.0372 -0.0696 -0.9969
vn 0.0610 -0.0501 -0.9969
vn 0.0501 -0.0610 -0.9969
vn 0.1437 -0.2688 -0.9524
vn 0.4273 -0.7994 -0.4224
vn 0.2884 -0.9506 -0.1148
vn 0.1934 -0.2356 -0.9524
vn 0.0980 -0.9945 0.0378
vn 0.0979 -0.9944 -0.0405
vn 0.2900 -0.9562 -0.0405
vn 0.4683 -0.8761 -0.1148
vn 0.4273 -0.7994 -0.4225
vn 0.5750 -0.7006 -0.4225
vn 0.2356 -0.1934 -0.9524
vn 0.7994 -0.4273 -0.4224
vn 0.7007 -0.5750 -0.4224
vn 0.5750 -0.7007 -0.4224
vn 0.6302 -0.7679 -0.1148
vn 0.4710 -0.8812 -0.0405
vn 0.2901 -0.9563 0.0378
vn 0.2840 -0.9362 0.2071
vn 0.6339 -0.7724 -0.0405
vn 0.4710 -0.8813 0.0378
vn 0.4612 -0.8628 0.2071
vn 0.1915 -0.3584 0.9137
vn 0.1123 -0.2101 0.9712
vn 0.1511 -0.1841 0.9712
vn 0.2578 -0.3141 0.9137
vn 0.6206 -0.7562 0.2071
vn 0.6339 -0.7725 0.0378
vn 0.6340 -0.7724 0.0378
vn 0.9362 -0.2840 0.2071
vn 0.8628 -0.4612 0.2071
vn 0.7563 -0.6206 0.2071
vn 0.9945 -0.0980 0.0378
vn 0.9563 -0.2901 0.0378
vn 0.8813 -0.4711 0.0378
vn 0.7725 -0.6339 0.0378
vn 0.3141 -0.2578 0.9137
vn 0.3584 -0.1916 0.9137
vn 0.9736 -0.0959 0.2071
vn 0.9736 0.0959 0.2071
vn 0.9945 0.0980 0.0378
vn 0.9944 0.0979 -0.0405
vn 0.9944 0.0979 -0.0406
vn 0.9886 0.0974 -0.1148
vn 0.4044 -0.0398 0.9137
vn 0.4044 0.0398 0.9137
vn -0.0473 -0.0047 0.9989
vn -0.0474 -0.0047 0.9989
vn -0.0474 0.0047 0.9989
vn -0.0473 0.0047 0.9989
vn 0.2370 -0.0233 0.9712
vn 0.2370 0.0233 0.9712
vn 0.2371 0.0234 0.9712
vn -0.0302 0.0368 0.9989
vn -0.0368 0.0302 0.9989
vn -0.0420 0.0224 0.9989
vn -0.0455 0.0138 0.9989
vn 0.2279 -0.0691 0.9712
vn 0.2371 -0.0234 0.9712
vn 0.3888 -0.1180 0.9137
vn 0.2101 -0.1123 0.9712
vn -0.0138 0.0455 0.9989
vn -0.0224 0.0420 0.9989
vn 0.1841 -0.1511 0.9712
vn 0.3584 -0.1915 0.9137
vn 0.3888 -0.1179 0.9137
vn -0.2840 -0.9362 0.2071
vn -0.0959 -0.9736 0.2071
vn 0.0959 -0.9736 0.2071
vn 0.0398 -0.4044 0.9137
vn 0.1180 -0.3888 0.9137
vn 0.0691 -0.2279 0.9712
vn -0.0398 -0.4044 0.9137
vn -0.1915 -0.3584 0.9137
vn -0.1179 -0.3888 0.9137
vn -0.1180 -0.3888 0.9137
vn -0.0233 -0.2370 0.9712
vn 0.0233 -0.2370 0.9712
vn 0.0233 -0.2371 0.9712
vn 0.0047 0.0473 0.9989
vn -0.0047 0.0473 0.9989
vn 0.0302 0.0368 0.9989
vn 0.0224 0.0420 0.9989
vn 0.0138 0.0455 0.9989
vn -0.0233 -0.2371 0.9712
vn -0.0691 -0.2279 0.9712
vn -0.1123 -0.2101 0.9712
vn -0.1511 -0.1841 0.9712
vn -0.1841 -0.1511 0.9712
vn -0.2101 -0.1123 0.9712
vn -0.2279 -0.0691 0.9712
vn 0.0455 0.0138 0.9989
vn 0.0473 0.0047 0.9989
vn -0.3584 -0.1915 0.9137
vn -0.3141 -0.2578 0.9137
vn -0.8628 -0.4612 0.2071
vn -0.3888 -0.1180 0.9137
vn -0.2371 -0.0233 0.9712
vn 0.0368 0.0302 0.9989
vn 0.0420 0.0224 0.9989
vn -0.9563 0.2901 0.0378
vn -0.9945 0.0980 0.0378
vn -0.9945 -0.0980 0.0378
vn -0.9736 -0.0959 0.2071
vn -0.9362 -0.2840 0.2071
vn -0.8812 0.4710 -0.0405
vn -0.9562 0.2900 -0.0405
vn -0.9944 0.0979 -0.0405
vn -0.9944 0.0979 -0.0406
vn -0.7679 0.6302 -0.1148
vn -0.8761 0.4683 -0.1148
vn -0.9506 0.2884 -0.1148
vn -0.9886 0.0974 -0.1148
vn -0.2900 0.9562 -0.0405
vn -0.4710 0.8812 -0.0405
vn -0.4683 0.8761 -0.1148
vn -0.6302 0.7679 -0.1148
vn -0.5750 0.7007 -0.4224
vn -0.7007 0.5750 -0.4224
vn -0.7994 0.4273 -0.4224
vn -0.8674 0.2631 -0.4224
vn -0.9020 0.0888 -0.4224
vn -0.2917 0.0885 -0.9524
vn -0.3034 0.0299 -0.9524
vn -0.3034 -0.0299 -0.9524
vn -0.9020 -0.0888 -0.4224
vn -0.9886 -0.0974 -0.1148
vn -0.9944 -0.0979 -0.0406
vn -0.9562 -0.2900 -0.0405
vn -0.0786 -0.0077 -0.9969
vn -0.2917 -0.0885 -0.9524
vn -0.8674 -0.2631 -0.4224
vn -0.9506 -0.2884 -0.1148
vn -0.8761 -0.4683 -0.1148
vn -0.7994 -0.4273 -0.4224
vn -0.7007 -0.5750 -0.4224
vn -0.2688 -0.1437 -0.9524
vn -0.0755 -0.0229 -0.9969
vn -0.0696 -0.0372 -0.9969
vn -0.9563 -0.2901 0.0378
vn -0.8812 -0.4710 -0.0405
vn -0.7679 -0.6302 -0.1148
vn -0.5750 -0.7007 -0.4224
vn -0.5750 -0.7006 -0.4225
vn -0.4273 -0.7994 -0.4225
vn -0.4273 -0.7994 -0.4224
vn -0.8813 -0.4711 0.0378
vn -0.7724 -0.6339 -0.0405
vn -0.6302 -0.7679 -0.1148
vn -0.4683 -0.8761 -0.1148
vn 0.0979 -0.9944 -0.0406
vn -0.0979 -0.9944 -0.0406
vn -0.0979 -0.9944 -0.0405
vn -0.2900 -0.9562 -0.0405
vn -0.4710 -0.8812 -0.0405
vn -0.6339 -0.7724 -0.0405
vn -0.4710 -0.8813 0.0378
vn -0.4711 -0.8813 0.0378
vn -0.2901 -0.9563 0.0378
vn -0.0980 -0.9945 0.0378
vn -0.6206 -0.7562 0.2071
vn -0.6339 -0.7725 0.0378
vn -0.6340 -0.7724 0.0378
vn -0.7725 -0.6339 0.0378
vn -0.7563 -0.6206 0.2071
vn -0.4612 -0.8628 0.2071
vn -0.9944 -0.0980 -0.0405
vn -0.2578 -0.3141 0.9137
vn -0.0005 0.2243 -0.9745
vn -0.0265 0.2189 -0.9754
vn -0.3198 0.9475 0.0024
vn -0.0672 0.9968 -0.0442
vn -0.1202 0.9923 0.0290
vn -0.2771 0.9590 -0.0587
vn -0.3216 0.9469 0.0000
vn -0.4421 0.8970 0.0000
vn -0.4438 0.8961 0.0024
vn -0.4822 0.8741 -0.0587
vn -0.2065 0.3744 -0.9040
vn -0.1187 0.4108 -0.9040
vn -0.0876 0.4061 -0.9096
vn -0.0291 0.4325 -0.9011
vn 0.0291 0.4325 -0.9011
vn 0.0672 0.9968 -0.0442
vn 0.1202 0.9923 0.0290
vn 0.0265 0.2189 -0.9754
vn 0.0005 0.2243 -0.9745
vn -0.0060 -0.1850 -0.9827
vn 0.0193 -0.2195 -0.9754
vn -0.0280 -0.2207 -0.9749
vn -0.0284 -0.2211 -0.9748
vn -0.0444 -0.1990 -0.9790
vn -0.1253 -0.2078 -0.9701
vn -0.1103 -0.1966 -0.9743
vn -0.1297 -0.1652 -0.9777
vn -0.1428 -0.1685 -0.9753
vn -0.1337 -0.1037 -0.9856
vn -0.2170 -0.0611 -0.9743
vn -0.2356 -0.0583 -0.9701
vn -0.1721 -0.1094 -0.9790
vn -0.1764 -0.1363 -0.9748
vn -0.1759 -0.1362 -0.9749
vn -0.1415 -0.1688 -0.9754
vn -0.1350 -0.1266 -0.9827
vn -0.1252 -0.1232 -0.9844
vn 0.8674 -0.2631 -0.4224
vn 0.9020 0.0888 -0.4224
vn 0.9020 0.0888 -0.4225
vn 0.3034 0.0299 -0.9524
vn 0.3034 -0.0299 -0.9524
vn 0.2917 -0.0885 -0.9524
vn 0.2688 -0.1437 -0.9524
vn 0.0696 -0.0372 -0.9969
vn 0.0755 -0.0229 -0.9969
vn 0.0786 -0.0077 -0.9969
vn 0.0786 0.0077 -0.9969
vn 0.9506 -0.2884 -0.1148
vn 0.8761 -0.4683 -0.1148
vn 0.7679 -0.6302 -0.1148
vn 0.7724 -0.6339 -0.0405
vn 0.8812 -0.4710 -0.0405
vn 0.9562 -0.2900 -0.0405
vn 0.9562 -0.2900 -0.0406
vn 0.9944 -0.0980 -0.0405
vn 0.9944 -0.0979 -0.0406
vn 0.9886 -0.0974 -0.1148
vn 0.9020 -0.0888 -0.4224
vn 0.9020 -0.0888 -0.4225
vn 0.1437 0.2688 -0.9524
vn 0.0372 0.0696 -0.9969
vn 0.0501 0.0610 -0.9969
vn 0.1934 0.2356 -0.9524
vn 0.5750 0.7006 -0.4225
vn 0.5750 0.7007 -0.4224
vn 0.6302 0.7679 -0.1148
vn 0.6339 0.7724 -0.0405
vn 0.2356 0.1934 -0.9524
vn 0.0610 0.0501 -0.9969
vn 0.7007 0.5750 -0.4224
vn 0.2688 0.1437 -0.9524
vn 0.0696 0.0372 -0.9969
vn 0.0755 0.0229 -0.9969
vn 0.2917 0.0885 -0.9524
vn 0.7994 0.4273 -0.4224
vn 0.8761 0.4683 -0.1148
vn 0.7679 0.6302 -0.1148
vn 0.8674 0.2631 -0.4224
vn 0.9506 0.2884 -0.1148
vn 0.9562 0.2900 -0.0405
vn 0.8812 0.4710 -0.0405
vn 0.7724 0.6339 -0.0405
vn 0.6340 0.7724 0.0378
vn 0.7725 0.6339 0.0378
vn 0.8813 0.4711 0.0378
vn 0.9563 0.2901 0.0378
vn 0.4710 0.8812 -0.0405
vn 0.4710 0.8813 0.0378
vn 0.6339 0.7725 0.0378
vn 0.6206 0.7562 0.2071
vn 0.7563 0.6206 0.2071
vn 0.8628 0.4612 0.2071
vn 0.9362 0.2840 0.2071
vn 0.4612 0.8628 0.2071
vn 0.2901 0.9563 0.0378
vn 0.2900 0.9562 -0.0405
vn 0.0889 0.9020 -0.4224
vn 0.0974 0.9886 -0.1148
vn 0.0979 0.9944 -0.0406
vn 0.0980 0.9944 -0.0405
vn 0.0980 0.9945 0.0378
vn 0.2840 0.9362 0.2071
vn 0.2578 0.3141 0.9137
vn 0.1915 0.3584 0.9137
vn 0.1123 0.2101 0.9712
vn 0.1179 0.3888 0.9137
vn 0.0959 0.9736 0.2071
vn -0.2884 0.9506 -0.1148
vn -0.0980 0.9944 -0.0405
vn -0.0980 0.9945 0.0378
vn -0.0959 0.9736 0.2071
vn -0.2631 0.8674 -0.4224
vn -0.0979 0.9944 -0.0406
vn -0.0974 0.9886 -0.1148
vn -0.0889 0.9020 -0.4224
vn -0.5750 0.7006 -0.4225
vn -0.4273 0.7994 -0.4225
vn -0.4273 0.7994 -0.4224
vn -0.1437 0.2688 -0.9524
vn -0.0885 0.2917 -0.9524
vn -0.0299 0.3034 -0.9524
vn 0.0299 0.3034 -0.9524
vn 0.2884 0.9506 -0.1148
vn 0.2631 0.8674 -0.4224
vn 0.0885 0.2917 -0.9524
vn 0.0077 0.0786 -0.9969
vn -0.0077 0.0786 -0.9969
vn -0.0229 0.0755 -0.9969
vn 0.0229 0.0755 -0.9969
vn 0.4273 0.7994 -0.4224
vn 0.4273 0.7994 -0.4225
vn 0.4683 0.8761 -0.1148
vn 0.3584 0.1915 0.9137
vn -0.0368 -0.0302 0.9989
vn -0.0420 -0.0224 0.9989
vn 0.2101 0.1123 0.9712
vn 0.2279 0.0691 0.9712
vn 0.3888 0.1180 0.9137
vn 0.3888 0.1179 0.9137
vn -0.0455 -0.0138 0.9989
vn 0.3141 0.2578 0.9137
vn 0.1841 0.1511 0.9712
vn 0.1511 0.1841 0.9712
vn -0.0398 0.4044 0.9137
vn 0.0398 0.4044 0.9137
vn 0.1180 0.3888 0.9137
vn 0.0691 0.2279 0.9712
vn -0.0224 -0.0420 0.9989
vn -0.0302 -0.0368 0.9989
vn 0.0233 0.2371 0.9712
vn -0.0138 -0.0455 0.9989
vn 0.0047 -0.0473 0.9989
vn -0.0047 -0.0473 0.9989
vn 0.0224 -0.0420 0.9989
vn 0.0138 -0.0455 0.9989
vn -0.0233 0.2371 0.9712
vn -0.0691 0.2279 0.9712
vn 0.0368 -0.0302 0.9989
vn 0.0302 -0.0368 0.9989
vn -0.1123 0.2101 0.9712
vn -0.1180 0.3888 0.9137
vn -0.0233 0.2370 0.9712
vn 0.0233 0.2370 0.9712
vn -0.1511 0.1841 0.9712
vn -0.1915 0.3584 0.9137
vn -0.2840 0.9362 0.2071
vn -0.2901 0.9563 0.0378
vn -0.4710 0.8813 0.0378
vn -0.4612 0.8628 0.2071
vn -0.2578 0.3141 0.9137
vn -0.6206 0.7562 0.2071
vn -0.6339 0.7725 0.0378
vn -0.6340 0.7724 0.0378
vn -0.3141 0.2578 0.9137
vn -0.7563 0.6206 0.2071
vn -0.7725 0.6339 0.0378
vn -0.7724 0.6339 -0.0405
vn -0.6339 0.7724 -0.0405
vn -0.8628 0.4612 0.2071
vn -0.9736 0.0959 0.2071
vn -0.9362 0.2840 0.2071
vn -0.8813 0.4711 0.0378
vn 0.7867 -0.5639 -0.2510
vn -0.4365 0.3139 -0.8432
vn 0.1228 -0.0871 -0.9886
vn 0.8742 -0.4152 -0.2516
vn 0.9369 -0.2430 -0.2513
vn -0.4844 0.2308 -0.8439
vn 0.1360 -0.0639 -0.9886
vn 0.1453 -0.0389 -0.9886
vn -0.5202 0.1336 -0.8435
vn -0.9441 0.2442 -0.2212
vn -0.8807 0.4186 -0.2215
vn -0.7924 0.5685 -0.2210
vn -0.5383 0.0295 -0.8422
vn -0.9740 0.0537 -0.2202
vn -0.9675 0.2506 0.0337
vn -0.9673 0.2515 0.0335
vn -0.9027 0.4289 0.0336
vn -0.9029 0.4284 0.0337
vn -0.8122 0.5824 0.0336
vn -0.8125 0.5820 0.0337
vn -0.9979 0.0552 0.0335
vn -0.9979 0.0550 0.0336
vn -0.9861 -0.1625 0.0337
vn -0.9623 -0.1583 -0.2210
vn -0.5306 -0.0867 -0.8432
vn -0.5057 -0.1793 -0.8439
vn -0.4624 -0.2734 -0.8435
vn -0.9188 -0.3267 -0.2215
vn 0.1303 0.0752 -0.9886
vn 0.1414 0.0510 -0.9886
vn 0.1484 0.0253 -0.9886
vn 0.7213 0.6459 -0.2502
vn 0.8343 0.4907 -0.2513
vn 0.9118 0.3246 -0.2516
vn 0.9551 0.1575 -0.2510
vn 0.9667 -0.0533 -0.2502
vn 0.1508 -0.0085 -0.9885
vn 0.0085 0.1508 -0.9885
vn 0.0533 0.9667 -0.2502
vn 0.2430 0.9369 -0.2513
vn 0.4152 0.8742 -0.2516
vn 0.5639 0.7867 -0.2510
vn 0.1126 0.1006 -0.9885
vn 0.0871 0.1228 -0.9886
vn 0.0639 0.1360 -0.9886
vn 0.0389 0.1453 -0.9886
vn 0.1625 -0.9861 0.0337
vn -0.0550 -0.9979 0.0336
vn -0.0537 -0.9740 -0.2202
vn -0.0295 -0.5383 -0.8422
vn -0.1336 -0.5202 -0.8435
vn -0.2308 -0.4844 -0.8439
vn -0.3139 -0.4365 -0.8432
vn 0.1583 -0.9623 -0.2210
vn -0.5685 -0.7924 -0.2210
vn -0.4186 -0.8807 -0.2215
vn -0.2442 -0.9441 -0.2212
vn -0.2506 -0.9675 0.0337
vn -0.0552 -0.9979 0.0335
vn -0.2515 -0.9673 0.0335
vn -0.4289 -0.9027 0.0336
vn -0.4284 -0.9029 0.0337
vn -0.5824 -0.8122 0.0336
vn -0.5820 -0.8125 0.0337
vn -0.7446 -0.6666 0.0336
vn -0.7445 -0.6667 0.0335
vn -0.7266 -0.6508 -0.2202
vn -0.4015 -0.3598 -0.8422
vn -0.8403 -0.4949 -0.2212
vn -0.8613 -0.5069 0.0337
vn -0.8618 -0.5061 0.0335
vn -0.9414 -0.3355 0.0336
vn -0.9416 -0.3350 0.0337
vn -0.9860 -0.1630 0.0336
vn 0.6459 -0.7213 -0.2502
vn 0.1006 -0.1126 -0.9885
vn 0.4907 -0.8343 -0.2513
vn 0.3246 -0.9118 -0.2516
vn -0.3598 0.4015 -0.8422
vn 0.0752 -0.1303 -0.9886
vn 0.0510 -0.1414 -0.9886
vn 0.1575 -0.9551 -0.2510
vn 0.0253 -0.1484 -0.9886
vn -0.1793 0.5057 -0.8439
vn -0.2734 0.4624 -0.8435
vn -0.6508 0.7267 -0.2202
vn -0.6508 0.7266 -0.2202
vn -0.6667 0.7445 0.0335
vn -0.5069 0.8613 0.0337
vn -0.6666 0.7446 0.0336
vn -0.0085 -0.1508 -0.9885
vn -0.0867 0.5306 -0.8432
vn -0.4949 0.8403 -0.2212
vn -0.3267 0.9188 -0.2215
vn -0.1583 0.9623 -0.2210
vn 0.0295 0.5383 -0.8422
vn -0.0389 -0.1453 -0.9886
vn -0.0639 -0.1360 -0.9886
vn -0.5061 0.8618 0.0335
vn -0.3355 0.9414 0.0336
vn -0.3350 0.9416 0.0337
vn -0.1630 0.9860 0.0336
vn -0.1625 0.9861 0.0337
vn 0.0550 0.9979 0.0336
vn 0.0537 0.9740 -0.2202
vn 0.1336 0.5202 -0.8435
vn 0.2442 0.9441 -0.2212
vn 0.0552 0.9979 0.0335
vn 0.2506 0.9675 0.0337
vn 0.2515 0.9673 0.0335
vn 0.4289 0.9027 0.0336
vn 0.4186 0.8807 -0.2215
vn 0.2308 0.4844 -0.8439
vn 0.3139 0.4365 -0.8432
vn 0.4015 0.3598 -0.8422
vn 0.4284 0.9029 0.0337
vn 0.5820 0.8125 0.0337
vn 0.5824 0.8122 0.0336
vn 0.5685 0.7924 -0.2210
vn 0.7267 0.6508 -0.2202
vn 0.4624 0.2734 -0.8435
vn 0.8403 0.4949 -0.2212
vn 0.7445 0.6667 0.0335
vn 0.7446 0.6666 0.0336
vn -0.0871 -0.1228 -0.9886
vn -0.1126 -0.1006 -0.9885
vn -0.1303 -0.0752 -0.9886
vn 0.5057 0.1793 -0.8439
vn -0.1414 -0.0510 -0.9886
vn -0.9118 -0.3246 -0.2516
vn -0.8343 -0.4907 -0.2513
vn -0.7213 -0.6459 -0.2502
vn -0.9551 -0.1575 -0.2510
vn -0.1484 -0.0253 -0.9886
vn -0.1508 0.0085 -0.9885
vn -0.1453 0.0389 -0.9886
vn 0.5202 -0.1336 -0.8435
vn 0.4844 -0.2308 -0.8439
vn 0.5306 0.0867 -0.8432
vn 0.5383 -0.0295 -0.8422
vn 0.9441 -0.2442 -0.2212
vn 0.8807 -0.4186 -0.2215
vn 0.9027 -0.4289 0.0336
vn 0.9029 -0.4284 0.0337
vn 0.9740 -0.0537 -0.2202
vn 0.9414 0.3355 0.0336
vn 0.8618 0.5061 0.0335
vn 0.8613 0.5069 0.0337
vn 0.9188 0.3267 -0.2215
vn 0.9623 0.1583 -0.2210
vn 0.9979 -0.0550 0.0336
vn 0.9979 -0.0552 0.0335
vn 0.9675 -0.2506 0.0337
vn 0.9673 -0.2515 0.0335
vn 0.9416 0.3350 0.0337
vn 0.9860 0.1630 0.0336
vn 0.9861 0.1625 0.0337
vn 0.0867 -0.5306 -0.8432
vn 0.3267 -0.9188 -0.2215
vn 0.3350 -0.9416 0.0337
vn 0.1630 -0.9860 0.0336
vn 0.5061 -0.8618 0.0335
vn 0.3355 -0.9414 0.0336
vn 0.8122 -0.5824 0.0336
vn 0.8125 -0.5820 0.0337
vn 0.6666 -0.7446 0.0336
vn 0.6667 -0.7445 0.0335
vn 0.5069 -0.8613 0.0337
vn 0.4949 -0.8403 -0.2212
vn 0.1793 -0.5057 -0.8439
vn -0.0253 0.1484 -0.9886
vn 0.2734 -0.4624 -0.8435
vn -0.0510 0.1414 -0.9886
vn -0.1575 0.9551 -0.2510
vn -0.3246 0.9118 -0.2516
vn -0.4907 0.8343 -0.2513
vn -0.1360 0.0639 -0.9886
vn -0.1228 0.0871 -0.9886
vn -0.1006 0.1126 -0.9885
vn -0.0752 0.1303 -0.9886
vn -0.6459 0.7213 -0.2502
vn -0.7867 0.5639 -0.2510
vn -0.8742 0.4152 -0.2516
vn -0.9369 0.2430 -0.2513
vn -0.9667 0.0533 -0.2502
vn -0.0292 -0.9491 0.3136
vn -0.1197 -0.9472 0.2976
vn -0.3529 -0.9354 0.0211
vn -0.2897 -0.9569 -0.0205
vn -0.2889 -0.9571 -0.0223
vn -0.2347 -0.9720 0.0146
vn -0.1284 -0.9893 -0.0699
vn -0.1250 -0.9903 -0.0614
vn -0.0349 -0.9994 0.0027
vn -0.0331 -0.9474 0.3184
vn 0.0331 -0.9474 0.3184
vn 0.0348 -0.9983 -0.0466
vn 0.0440 -0.9968 -0.0661
vn -0.2651 -0.9087 0.3225
vn -0.3261 -0.8895 0.3202
vn -0.3983 -0.8596 0.3202
vn -0.4110 -0.9115 -0.0136
vn -0.4168 -0.9086 -0.0251
vn 0.0102 -0.1294 0.9915
vn -0.0053 -0.1337 0.9910
vn -0.0070 -0.1327 0.9911
vn -0.0117 -0.1340 0.9909
vn -0.0163 -0.1310 0.9913
vn -0.0185 -0.1315 0.9911
vn -0.0799 -0.1061 0.9911
vn -0.4551 -0.8300 0.3225
vn -0.0865 -0.1030 0.9909
vn -0.0811 -0.1041 0.9913
vn 0.3770 0.8461 0.3768
vn 0.3317 0.8649 0.3768
vn 0.2463 0.8870 0.3907
vn 0.4531 0.8013 0.3907
vn -0.0888 -0.0987 0.9911
vn -0.0908 -0.0983 0.9910
vn -0.4982 -0.8045 0.3235
vn -0.5009 -0.8041 0.3203
vn -0.5668 -0.7592 0.3200
vn -0.0692 -0.0931 0.9932
vn -0.0764 -0.0784 0.9940
vn -0.0941 -0.0964 0.9909
vn -0.0987 -0.0843 0.9915
vn 0.5485 0.7401 0.3891
vn 0.5338 0.7437 0.4024
vn 0.9473 -0.0972 0.3054
vn 0.9715 -0.2018 0.1244
vn -0.0784 -0.0764 0.9940
vn -0.0775 -0.0773 0.9940
vn -0.0777 -0.0730 0.9943
vn -0.0730 -0.0777 0.9943
vn -0.6505 -0.6917 0.3136
vn -0.5851 -0.7543 0.2976
vn -0.6130 -0.7901 0.0056
vn -0.5351 -0.8417 -0.0719
vn -0.5202 -0.8536 -0.0270
vn -0.4728 -0.8810 0.0178
vn -0.6738 -0.7360 -0.0661
vn -0.7886 -0.6119 -0.0614
vn -0.7313 -0.6820 0.0027
vn -0.6813 -0.7305 -0.0466
vn -0.6465 -0.6933 0.3184
vn -0.6933 -0.6465 0.3184
vn -0.6917 -0.6505 0.3136
vn -0.8041 -0.5009 0.3203
vn -0.8533 -0.5213 0.0146
vn -0.7903 -0.6087 -0.0699
vn -0.8811 -0.4725 -0.0223
vn -0.1315 -0.0185 0.9911
vn -0.1061 -0.0799 0.9911
vn -0.1041 -0.0811 0.9913
vn -0.1030 -0.0865 0.9909
vn -0.0987 -0.0888 0.9911
vn -0.0983 -0.0908 0.9910
vn -0.0843 -0.0987 0.9915
vn -0.0931 -0.0692 0.9932
vn -0.7592 -0.5668 0.3200
vn -0.7543 -0.5851 0.2976
vn -0.0972 0.9473 0.3054
vn 0.7437 0.5338 0.4024
vn 0.7401 0.5485 0.3891
vn 0.8013 0.4531 0.3907
vn 0.8461 0.3770 0.3768
vn 0.8649 0.3317 0.3768
vn -0.1310 -0.0163 0.9913
vn -0.1340 -0.0117 0.9909
vn -0.1327 -0.0070 0.9911
vn -0.1337 -0.0053 0.9910
vn -0.9222 -0.2170 0.3202
vn -0.9376 -0.1360 0.3200
vn -0.9472 -0.1197 0.2976
vn -0.9491 -0.0291 0.3136
vn -0.9474 -0.0331 0.3184
vn -0.9217 -0.2140 0.3235
vn -0.9087 -0.2651 0.3225
vn -0.9474 0.0331 0.3184
vn -0.9994 0.0349 0.0027
vn -0.9983 -0.0348 -0.0466
vn -0.9968 -0.0440 -0.0661
vn -0.9921 -0.1252 0.0056
vn -0.9736 -0.2168 -0.0719
vn -0.9714 -0.2358 -0.0270
vn -0.9573 -0.2887 0.0178
vn -0.8895 -0.3261 0.3202
vn -0.9372 -0.3478 -0.0251
vn -0.8045 -0.4982 0.3235
vn -0.8300 -0.4551 0.3225
vn -0.8815 -0.4718 -0.0205
vn -0.9110 -0.4119 0.0211
vn -0.9352 -0.3539 -0.0136
vn -0.8596 -0.3983 0.3202
vn -0.3516 0.9350 0.0459
vn -0.2310 0.9716 0.0507
vn -0.0342 0.9978 0.0565
vn -0.0183 -0.2453 0.9693
vn 0.0062 -0.2603 0.9655
vn 0.0334 -0.2430 0.9694
vn 0.0380 -0.2470 0.9683
vn 0.0580 -0.2348 0.9703
vn 0.0545 -0.2328 0.9710
vn 0.1260 -0.2031 0.9710
vn 0.1250 -0.2070 0.9703
vn 0.1478 -0.2015 0.9683
vn 0.1482 -0.1955 0.9694
vn 0.1796 -0.1884 0.9655
vn 0.1864 -0.1605 0.9693
vn -0.6813 0.7298 0.0565
vn -0.5237 0.8504 0.0507
vn -0.4125 0.9098 0.0459
vn 0.7360 -0.6738 -0.0661
vn 0.7305 -0.6813 -0.0466
vn 0.8417 -0.5351 -0.0719
vn 0.7901 -0.6130 0.0056
vn 0.7543 -0.5851 0.2976
vn 0.6917 -0.6505 0.3136
vn 0.6933 -0.6465 0.3184
vn 0.6465 -0.6933 0.3184
vn 0.6820 -0.7313 0.0027
vn 0.6119 -0.7886 -0.0614
vn 0.6087 -0.7903 -0.0699
vn 0.5213 -0.8533 0.0146
vn 0.8504 0.5237 0.0507
vn 0.9098 0.4125 0.0459
vn 0.9350 0.3516 0.0459
vn 0.9716 0.2310 0.0507
vn 0.9978 0.0342 0.0565
vn -0.2453 0.0183 0.9693
vn -0.2603 -0.0062 0.9655
vn -0.2430 -0.0334 0.9694
vn -0.2470 -0.0380 0.9683
vn -0.2348 -0.0580 0.9703
vn -0.2328 -0.0545 0.9710
vn -0.2031 -0.1260 0.9710
vn -0.2070 -0.1250 0.9703
vn -0.2015 -0.1478 0.9683
vn -0.1955 -0.1482 0.9694
vn -0.1884 -0.1796 0.9655
vn -0.1605 -0.1864 0.9693
vn 0.7298 0.6813 0.0565
vn -0.2799 0.8292 0.4838
vn -0.3953 0.7810 0.4836
vn -0.3866 0.7805 0.4913
vn 0.6770 0.6892 0.2583
vn 0.6606 0.7505 0.0185
vn 0.6611 0.7498 0.0289
vn 0.1517 -0.1421 0.9782
vn 0.0396 -0.0371 0.9985
vn 0.0371 -0.0396 0.9985
vn 0.0274 -0.0435 0.9987
vn 0.1129 -0.1791 0.9773
vn 0.6770 0.6892 0.2582
vn 0.9715 0.2018 0.1244
vn 0.9473 0.0972 0.3054
vn 0.5338 -0.7437 0.4024
vn 0.5485 -0.7401 0.3891
vn -0.6505 0.6917 0.3136
vn -0.0730 0.0777 0.9943
vn -0.0777 0.0730 0.9943
vn -0.0775 0.0773 0.9940
vn -0.0961 0.0959 0.9907
vn -0.0962 0.0958 0.9907
vn 0.1475 -0.1473 0.9780
vn 0.1473 -0.1475 0.9780
vn 0.1421 -0.1517 0.9782
vn 0.1460 -0.1476 0.9782
vn -0.0958 0.0962 0.9907
vn -0.0959 0.0961 0.9907
vn -0.0773 0.0775 0.9940
vn 0.9660 -0.2083 -0.1532
vn 0.8303 -0.5358 -0.1532
vn 0.5358 -0.8303 -0.1532
vn 0.2083 -0.9660 -0.1532
vn 0.2082 -0.9660 -0.1532
vn 0.0000 0.0000 -1.0000
vn -0.2082 -0.9660 -0.1532
vn -0.2083 -0.9660 -0.1532
vn -0.5358 -0.8303 -0.1532
vn 0.2082 0.9660 -0.1532
vn 0.2083 0.9660 -0.1532
vn 0.5358 0.8303 -0.1532
vn 0.8303 0.5358 -0.1532
vn 0.9660 0.2083 -0.1532
vn 0.9660 0.2082 -0.1532
vn 0.9660 -0.2082 -0.1532
vn -0.8303 -0.5358 -0.1532
vn -0.9660 -0.2083 -0.1532
vn -0.9660 -0.2082 -0.1532
vn -0.9660 0.2082 -0.1532
vn -0.2082 0.9660 -0.1532
vn -0.2083 0.9660 -0.1532
vn -0.5358 0.8303 -0.1532
vn -0.8303 0.5358 -0.1532
vn -0.9660 0.2083 -0.1532
vn -0.1478 -0.2015 0.9683
vn -0.1482 -0.1955 0.9694
vn -0.1796 -0.1884 0.9655
vn -0.1864 -0.1605 0.9693
vn 0.6813 0.7298 0.0565
vn 0.5237 0.8504 0.0507
vn 0.4125 0.9098 0.0459
vn 0.3516 0.9350 0.0459
vn 0.2310 0.9716 0.0507
vn 0.0342 0.9978 0.0565
vn 0.0183 -0.2453 0.9693
vn -0.0062 -0.2603 0.9655
vn -0.0334 -0.2430 0.9694
vn -0.0380 -0.2470 0.9683
vn -0.0580 -0.2348 0.9703
vn -0.0545 -0.2328 0.9710
vn -0.1260 -0.2031 0.9710
vn -0.1250 -0.2070 0.9703
vn -0.1037 0.1337 -0.9856
vn -0.1685 0.1428 -0.9753
vn -0.1652 0.1297 -0.9777
vn -0.1966 0.1103 -0.9743
vn -0.2078 0.1253 -0.9701
vn -0.1990 0.0444 -0.9790
vn -0.2211 0.0284 -0.9748
vn -0.2207 0.0280 -0.9749
vn -0.2195 -0.0193 -0.9754
vn -0.1850 0.0060 -0.9827
vn 0.2470 -0.0380 0.9683
vn 0.2430 -0.0334 0.9694
vn 0.2603 -0.0062 0.9655
vn 0.2453 0.0183 0.9693
vn -0.9978 0.0342 0.0565
vn -0.9716 0.2310 0.0507
vn -0.9350 0.3516 0.0459
vn -0.9098 0.4125 0.0459
vn -0.8504 0.5237 0.0507
vn -0.7298 0.6813 0.0565
vn 0.1605 -0.1864 0.9693
vn 0.1884 -0.1796 0.9655
vn 0.1955 -0.1482 0.9694
vn 0.2015 -0.1478 0.9683
vn 0.2070 -0.1250 0.9703
vn 0.2031 -0.1260 0.9710
vn 0.2328 -0.0545 0.9710
vn 0.2348 -0.0580 0.9703
vn 0.5237 -0.8504 0.0507
vn 0.4125 -0.9098 0.0459
vn 0.3516 -0.9350 0.0459
vn 0.2310 -0.9716 0.0507
vn 0.0342 -0.9978 0.0565
vn 0.0183 0.2453 0.9693
vn -0.0062 0.2603 0.9655
vn -0.0334 0.2430 0.9694
vn -0.0380 0.2470 0.9683
vn -0.0580 0.2348 0.9703
vn -0.0545 0.2328 0.9710
vn -0.1260 0.2031 0.9710
vn -0.1250 0.2070 0.9703
vn -0.1478 0.2015 0.9683
vn -0.1482 0.1955 0.9694
vn -0.1796 0.1884 0.9655
vn -0.1864 0.1605 0.9693
vn 0.6813 -0.7298 0.0565
vn -0.0501 0.0610 -0.9969
vn -0.0610 0.0501 -0.9969
vn -0.0696 0.0372 -0.9969
vn -0.0755 0.0229 -0.9969
vn -0.0786 0.0077 -0.9969
vn -0.0372 0.0696 -0.9969
vn -0.1934 0.2356 -0.9524
vn -0.2356 0.1934 -0.9524
vn -0.2688 0.1437 -0.9524
vn -0.8504 -0.5237 0.0507
vn -0.9098 -0.4125 0.0459
vn -0.9350 -0.3516 0.0459
vn -0.9716 -0.2310 0.0507
vn -0.7298 -0.6813 0.0565
vn 0.1605 0.1864 0.9693
vn 0.1884 0.1796 0.9655
vn 0.1955 0.1482 0.9694
vn 0.2015 0.1478 0.9683
vn 0.2070 0.1250 0.9703
vn 0.2031 0.1260 0.9710
vn 0.2328 0.0545 0.9710
vn 0.2348 0.0580 0.9703
vn 0.2470 0.0380 0.9683
vn 0.2430 0.0334 0.9694
vn 0.2603 0.0062 0.9655
vn 0.2453 -0.0183 0.9693
vn -0.9978 -0.0342 0.0565
vn -0.1363 0.1764 -0.9748
vn -0.1094 0.1721 -0.9790
vn -0.0583 0.2356 -0.9701
vn -0.0611 0.2170 -0.9743
vn -0.0251 0.2085 -0.9777
vn -0.0182 0.2201 -0.9753
vn 0.0213 0.1679 -0.9856
vn 0.1337 0.1037 -0.9856
vn 0.1428 0.1685 -0.9753
vn 0.1297 0.1652 -0.9777
vn 0.1103 0.1966 -0.9743
vn 0.1253 0.2078 -0.9701
vn 0.0444 0.1990 -0.9790
vn 0.0284 0.2211 -0.9748
vn 0.0280 0.2207 -0.9749
vn -0.0193 0.2195 -0.9754
vn 0.0060 0.1850 -0.9827
vn -0.0003 -0.1358 0.9907
vn -0.0002 -0.1357 0.9907
vn -0.0028 -0.1343 0.9909
vn -0.0016 -0.1347 0.9909
vn -0.0015 -0.1095 0.9940
vn -0.0169 -0.1148 0.9932
vn -0.1360 -0.9376 0.3199
vn -0.2170 -0.9222 0.3202
vn -0.2140 -0.9217 0.3235
vn 0.2894 0.9540 -0.0783
vn 0.2894 0.9540 -0.0782
vn 0.0977 0.9921 -0.0782
vn 0.0977 0.9921 -0.0783
vn 0.9540 0.2894 -0.0782
vn 0.9540 0.2894 -0.0783
vn 0.8792 0.4699 -0.0782
vn 0.8792 0.4700 -0.0782
vn 0.7706 0.6325 -0.0782
vn 0.7707 0.6324 -0.0783
vn 0.6325 0.7706 -0.0783
vn 0.6325 0.7706 -0.0782
vn 0.4699 0.8792 -0.0783
vn 0.7707 -0.6324 -0.0783
vn 0.7706 -0.6325 -0.0782
vn 0.8792 -0.4700 -0.0782
vn 0.8792 -0.4699 -0.0782
vn 0.9540 -0.2894 -0.0782
vn 0.9921 -0.0978 -0.0782
vn 0.9921 -0.0977 -0.0783
vn 0.9921 0.0977 -0.0783
vn 0.9921 0.0978 -0.0782
vn -0.0978 -0.9921 -0.0782
vn -0.0977 -0.9921 -0.0783
vn 0.0977 -0.9921 -0.0783
vn 0.0978 -0.9921 -0.0782
vn 0.2894 -0.9540 -0.0782
vn 0.2894 -0.9540 -0.0783
vn 0.4699 -0.8792 -0.0783
vn 0.6325 -0.7706 -0.0783
vn -0.8792 -0.4699 -0.0782
vn -0.8792 -0.4700 -0.0782
vn -0.7706 -0.6325 -0.0782
vn -0.7707 -0.6324 -0.0783
vn -0.6325 -0.7706 -0.0783
vn -0.4699 -0.8792 -0.0783
vn -0.2894 -0.9540 -0.0783
vn -0.2894 -0.9540 -0.0782
vn -0.8792 0.4700 -0.0782
vn -0.8792 0.4699 -0.0782
vn -0.9540 0.2894 -0.0783
vn -0.9540 0.2894 -0.0782
vn -0.9921 0.0978 -0.0782
vn -0.9921 0.0977 -0.0783
vn -0.9921 -0.0977 -0.0783
vn -0.9921 -0.0978 -0.0782
vn -0.9540 -0.2894 -0.0782
vn -0.9540 -0.2894 -0.0783
vn -0.0977 0.9921 -0.0783
vn -0.0977 0.9921 -0.0782
vn -0.2894 0.9540 -0.0782
vn -0.2894 0.9540 -0.0783
vn -0.4699 0.8792 -0.0783
vn -0.6325 0.7706 -0.0782
vn -0.6325 0.7706 -0.0783
vn -0.7707 0.6324 -0.0783
vn -0.7706 0.6325 -0.0782
vn 0.9540 0.2894 0.0782
vn 0.9540 0.2894 0.0783
vn 0.8792 0.4699 0.0782
vn 0.8792 0.4700 0.0782
vn 0.7706 0.6325 0.0782
vn 0.7707 0.6324 0.0783
vn 0.6325 0.7706 0.0783
vn 0.4699 0.8792 0.0783
vn 0.2894 0.9540 0.0783
vn 0.2894 0.9540 0.0782
vn 0.0977 0.9921 0.0782
vn 0.0977 0.9921 0.0783
vn 0.7805 0.3866 0.4913
vn 0.6892 -0.6770 0.2583
vn 0.7505 -0.6606 0.0185
vn 0.7498 -0.6611 0.0289
vn -0.0524 0.2428 0.9687
vn 0.0524 0.2428 0.9687
vn 0.1094 0.5068 0.8551
vn 0.2810 0.4357 0.8551
vn 0.2817 0.4359 0.8548
vn 0.4359 0.2817 0.8548
vn -0.0434 -0.0280 0.9987
vn -0.0483 -0.0244 0.9985
vn 0.7810 0.3953 0.4836
vn 0.8292 0.2799 0.4838
vn -0.8461 -0.3770 0.3768
vn -0.8013 -0.4531 0.3907
vn -0.7401 -0.5485 0.3891
vn -0.7437 -0.5338 0.4024
vn 0.0972 -0.9473 0.3054
vn 0.2018 -0.9715 0.1244
vn 0.6892 -0.6770 0.2582
vn 0.4365 -0.3139 -0.8432
vn 0.3598 -0.4015 -0.8422
vn 0.6508 -0.7266 -0.2202
vn 0.7924 -0.5685 -0.2210
vn 0.7707 -0.6324 0.0783
vn 0.7706 -0.6325 0.0782
vn 0.8792 -0.4700 0.0782
vn 0.8792 -0.4699 0.0782
vn 0.9540 -0.2894 0.0782
vn 0.9921 -0.0978 0.0782
vn 0.9921 -0.0977 0.0783
vn 0.9921 0.0977 0.0783
vn 0.9921 0.0978 0.0782
vn -0.0977 -0.9921 0.0782
vn -0.0977 -0.9921 0.0783
vn 0.0977 -0.9921 0.0783
vn 0.0977 -0.9921 0.0782
vn 0.2894 -0.9540 0.0782
vn 0.2894 -0.9540 0.0783
vn 0.4699 -0.8792 0.0783
vn 0.6325 -0.7706 0.0783
vn -0.8792 -0.4699 0.0782
vn -0.8792 -0.4700 0.0782
vn -0.7706 -0.6325 0.0782
vn -0.7706 -0.6324 0.0783
vn -0.6325 -0.7706 0.0783
vn -0.4699 -0.8792 0.0783
vn -0.2894 -0.9540 0.0783
vn -0.2894 -0.9540 0.0782
vn -0.8792 0.4700 0.0782
vn -0.8792 0.4699 0.0782
vn -0.9540 0.2894 0.0783
vn -0.9540 0.2894 0.0782
vn -0.9921 0.0978 0.0782
vn -0.9921 0.0977 0.0783
vn -0.9921 -0.0977 0.0783
vn -0.9921 -0.0978 0.0782
vn -0.9540 -0.2894 0.0782
vn -0.9540 -0.2894 0.0783
vn -0.0977 0.9921 0.0783
vn -0.0977 0.9921 0.0782
vn -0.2894 0.9540 0.0782
vn -0.2894 0.9540 0.0783
vn -0.4699 0.8792 0.0783
vn -0.6325 0.7706 0.0782
vn -0.6325 0.7706 0.0783
vn -0.7707 0.6324 0.0783
vn -0.7706 0.6325 0.0782
vn -0.3584 0.1915 0.9137
vn -0.3888 0.1179 0.9137
vn -0.3888 0.1180 0.9137
vn -0.4044 0.0398 0.9137
vn -0.4044 -0.0398 0.9137
vn -0.2370 -0.0234 0.9712
vn -0.2370 0.0234 0.9712
vn -0.2371 0.0233 0.9712
vn -0.2279 0.0691 0.9712
vn -0.2101 0.1123 0.9712
vn -0.1841 0.1511 0.9712
vn 0.0473 -0.0047 0.9989
vn 0.0455 -0.0138 0.9989
vn 0.0420 -0.0224 0.9989
vn -0.5639 -0.7867 -0.2510
vn -0.4152 -0.8742 -0.2516
vn -0.2430 -0.9369 -0.2513
vn -0.0533 -0.9667 -0.2502
vn -0.0533 -0.9667 -0.2501
vn -0.2470 0.0380 0.9683
vn -0.2430 0.0334 0.9694
vn -0.2603 0.0062 0.9655
vn -0.2453 -0.0183 0.9693
vn 0.9978 -0.0342 0.0565
vn 0.9716 -0.2310 0.0507
vn 0.9350 -0.3516 0.0459
vn 0.9098 -0.4125 0.0459
vn 0.8504 -0.5237 0.0507
vn 0.7298 -0.6813 0.0565
vn -0.1605 0.1864 0.9693
vn -0.1884 0.1796 0.9655
vn -0.1955 0.1482 0.9694
vn -0.2015 0.1478 0.9683
vn -0.2070 0.1250 0.9703
vn -0.2031 0.1260 0.9710
vn -0.2328 0.0545 0.9710
vn -0.2348 0.0580 0.9703
vn -0.9720 0.2347 0.0146
vn -0.9571 0.2889 -0.0223
vn -0.9569 0.2897 -0.0205
vn -0.9354 0.3529 0.0211
vn -0.8895 0.3261 0.3202
vn -0.9087 0.2651 0.3225
vn -0.9217 0.2140 0.3235
vn -0.9222 0.2170 0.3202
vn -0.9376 0.1360 0.3199
vn -0.1294 -0.0102 0.9915
vn -0.1337 0.0053 0.9910
vn -0.1327 0.0070 0.9911
vn -0.1340 0.0117 0.9909
vn -0.1310 0.0163 0.9913
vn -0.1315 0.0185 0.9911
vn -0.1061 0.0799 0.9911
vn -0.8596 0.3983 0.3202
vn -0.9115 0.4110 -0.0136
vn 0.6011 0.7386 0.3054
vn 0.9049 -0.1350 0.4037
vn 0.9089 -0.1489 0.3896
vn 0.8870 -0.2463 0.3907
vn 0.8649 -0.3317 0.3768
vn 0.8461 -0.3770 0.3768
vn 0.0380 0.2470 0.9683
vn 0.0334 0.2430 0.9694
vn 0.0062 0.2603 0.9655
vn -0.0183 0.2453 0.9693
vn -0.0342 -0.9978 0.0565
vn -0.2310 -0.9716 0.0507
vn -0.3516 -0.9350 0.0459
vn -0.4125 -0.9098 0.0459
vn -0.5237 -0.8504 0.0507
vn -0.6813 -0.7298 0.0565
vn 0.1864 0.1605 0.9693
vn 0.1796 0.1884 0.9655
vn 0.1482 0.1955 0.9694
vn 0.1478 0.2015 0.9683
vn 0.1250 0.2070 0.9703
vn 0.1260 0.2031 0.9710
vn 0.0545 0.2328 0.9710
vn 0.0580 0.2348 0.9703
vn 0.1179 -0.3888 0.9137
usemtl pskmat0.033
s off
f 208/1/1 206/2/1 207/3/1
f 210/4/2 188/5/2 156/6/2
f 206/2/3 188/5/3 210/4/3
f 209/7/4 206/2/4 210/4/4
f 209/7/5 207/3/5 206/2/5
f 207/3/6 209/7/6 456/8/6
f 457/9/7 207/3/7 456/8/7
f 206/2/8 233/10/8 188/5/8
f 445/11/9 479/12/9 444/13/9
f 456/8/10 444/13/10 479/12/10
f 456/8/11 458/14/11 444/13/11
f 458/14/12 456/8/12 209/7/12
f 209/7/13 211/15/13 458/14/13
f 209/7/14 210/4/14 211/15/14
f 155/16/15 211/15/15 210/4/15
f 155/16/16 210/4/16 156/6/16
f 156/6/17 154/17/17 155/16/17
f 188/5/18 154/17/18 156/6/18
f 155/16/19 154/17/19 28/18/19
f 410/19/20 458/14/20 211/15/20
f 409/20/21 458/14/21 410/19/21
f 409/20/22 444/13/22 458/14/22
f 408/21/23 444/13/23 409/20/23
f 410/19/24 408/21/24 409/20/24
f 410/19/25 281/22/25 408/21/25
f 251/23/26 250/24/26 241/25/26
f 232/26/27 241/25/27 250/24/27
f 232/26/28 231/27/28 241/25/28
f 232/26/29 190/28/29 231/27/29
f 233/10/30 231/27/30 190/28/30
f 190/28/31 189/29/31 233/10/31
f 189/29/32 188/5/32 233/10/32
f 189/29/33 179/30/33 188/5/33
f 152/31/34 188/5/34 179/30/34
f 154/17/35 188/5/35 152/31/35
f 73/32/36 51/33/36 116/34/36
f 51/33/37 73/32/37 53/35/37
f 52/36/38 51/33/38 53/35/38
f 52/36/39 50/37/39 51/33/39
f 50/37/40 52/36/40 61/38/40
f 50/37/41 61/38/41 70/39/41
f 71/40/42 70/39/42 61/38/42
f 71/40/43 187/41/43 70/39/43
f 187/41/44 177/42/44 70/39/44
f 177/42/45 187/41/45 178/43/45
f 179/30/46 177/42/46 178/43/46
f 177/42/47 179/30/47 190/28/47
f 189/29/48 190/28/48 179/30/48
f 98/44/49 96/45/49 87/46/49
f 97/47/50 87/46/50 96/45/50
f 131/48/51 122/49/51 121/50/51
f 131/48/52 121/50/52 130/51/52
f 120/52/52 130/51/52 121/50/52
f 121/50/53 111/53/53 120/52/53
f 110/54/53 120/52/53 111/53/53
f 111/53/54 101/55/54 110/54/54
f 102/56/55 110/54/55 101/55/55
f 102/56/56 101/55/56 97/47/56
f 99/57/57 97/47/57 101/55/57
f 97/47/58 99/57/58 87/46/58
f 103/58/59 99/57/59 101/55/59
f 100/59/60 99/57/60 103/58/60
f 100/59/61 80/60/61 99/57/61
f 80/60/62 100/59/62 7/61/62
f 7/61/63 4/62/63 80/60/63
f 8/63/64 4/62/64 7/61/64
f 81/64/65 99/57/65 80/60/65
f 80/60/66 4/62/66 81/64/66
f 78/65/67 81/64/67 4/62/67
f 2/66/68 78/65/68 4/62/68
f 103/58/69 101/55/69 84/67/69
f 103/58/70 84/67/70 38/68/70
f 100/59/71 103/58/71 38/68/71
f 34/69/72 100/59/72 38/68/72
f 100/59/73 34/69/73 7/61/73
f 34/69/74 33/70/74 7/61/74
f 8/63/75 7/61/75 33/70/75
f 33/70/76 32/71/76 8/63/76
f 9/72/77 8/63/77 32/71/77
f 8/63/78 9/72/78 4/62/78
f 113/73/79 85/74/79 112/75/79
f 86/76/80 112/75/80 85/74/80
f 86/76/81 85/74/81 84/67/81
f 83/77/82 84/67/82 85/74/82
f 84/67/83 83/77/83 12/78/83
f 12/78/84 38/68/84 84/67/84
f 12/78/85 14/79/85 38/68/85
f 37/80/86 38/68/86 14/79/86
f 37/80/87 14/79/87 35/81/87
f 37/80/88 35/81/88 32/71/88
f 32/71/89 33/70/89 37/80/89
f 38/68/90 37/80/90 33/70/90
f 34/69/91 38/68/91 33/70/91
f 35/81/92 16/82/92 46/83/92
f 14/79/93 16/82/93 35/81/93
f 47/84/94 46/83/94 16/82/94
f 16/82/95 15/85/95 47/84/95
f 16/82/96 14/79/96 15/85/96
f 11/86/97 15/85/97 14/79/97
f 14/79/98 12/78/98 11/86/98
f 13/87/99 11/86/99 12/78/99
f 83/77/100 13/87/100 12/78/100
f 13/87/101 83/77/101 19/88/101
f 83/77/102 85/74/102 19/88/102
f 85/74/103 89/89/103 19/88/103
f 48/90/104 47/84/104 15/85/104
f 47/84/105 48/90/105 59/91/105
f 13/87/106 19/88/106 11/86/106
f 20/92/107 11/86/107 19/88/107
f 20/92/108 15/85/108 11/86/108
f 20/92/109 49/93/109 15/85/109
f 48/90/110 15/85/110 49/93/110
f 48/90/111 49/93/111 60/94/111
f 60/94/105 59/91/105 48/90/105
f 59/91/112 60/94/112 67/95/112
f 68/96/112 67/95/112 60/94/112
f 68/96/113 60/94/113 69/97/113
f 60/94/114 49/93/114 69/97/114
f 151/98/115 176/99/115 69/97/115
f 186/100/116 69/97/116 176/99/116
f 69/97/117 186/100/117 68/96/117
f 185/101/118 68/96/118 186/100/118
f 67/95/118 68/96/118 185/101/118
f 67/95/119 185/101/119 66/102/119
f 67/95/120 66/102/120 59/91/120
f 58/103/121 59/91/121 66/102/121
f 59/91/122 58/103/122 47/84/122
f 46/83/123 47/84/123 58/103/123
f 174/104/124 183/105/124 173/106/124
f 183/105/124 174/104/124 184/107/124
f 184/107/125 66/102/125 183/105/125
f 65/108/125 66/102/125 184/107/125
f 66/102/126 65/108/126 58/103/126
f 57/109/126 58/103/126 65/108/126
f 58/103/127 57/109/127 46/83/127
f 45/110/127 46/83/127 57/109/127
f 46/83/128 45/110/128 35/81/128
f 36/111/129 35/81/129 45/110/129
f 173/106/130 148/112/130 163/113/130
f 175/114/131 148/112/131 173/106/131
f 175/114/132 173/106/132 183/105/132
f 160/115/133 165/116/133 161/117/133
f 165/116/134 160/115/134 163/113/134
f 163/113/135 146/118/135 165/116/135
f 148/112/136 146/118/136 163/113/136
f 148/112/137 147/119/137 146/118/137
f 148/112/138 176/99/138 147/119/138
f 176/99/139 148/112/139 175/114/139
f 175/114/140 186/100/140 176/99/140
f 186/100/140 175/114/140 185/101/140
f 185/101/141 175/114/141 183/105/141
f 66/102/142 185/101/142 183/105/142
f 145/120/143 146/118/143 147/119/143
f 205/121/144 230/122/144 201/123/144
f 205/121/145 201/123/145 199/124/145
f 199/124/146 201/123/146 200/125/146
f 200/125/147 144/126/147 199/124/147
f 144/126/148 143/127/148 199/124/148
f 145/120/149 143/127/149 144/126/149
f 143/127/150 145/120/150 150/128/150
f 145/120/151 147/119/151 150/128/151
f 147/119/152 151/98/152 150/128/152
f 151/98/153 147/119/153 176/99/153
f 205/121/154 199/124/154 150/128/154
f 143/127/155 150/128/155 199/124/155
f 240/129/156 230/122/156 249/130/156
f 229/131/157 230/122/157 240/129/157
f 229/131/158 201/123/158 230/122/158
f 202/132/159 201/123/159 229/131/159
f 202/132/160 200/125/160 201/123/160
f 202/132/161 217/133/161 200/125/161
f 217/133/162 219/134/162 200/125/162
f 217/133/163 215/135/163 219/134/163
f 215/135/164 216/136/164 219/134/164
f 216/136/165 215/135/165 196/137/165
f 202/132/166 226/138/166 217/133/166
f 226/138/167 202/132/167 228/139/167
f 228/139/168 202/132/168 229/131/168
f 240/129/169 228/139/169 229/131/169
f 239/140/169 228/139/169 240/129/169
f 237/141/170 228/139/170 239/140/170
f 245/142/171 237/141/171 239/140/171
f 228/139/172 237/141/172 226/138/172
f 237/141/173 227/143/173 226/138/173
f 227/143/174 218/144/174 226/138/174
f 218/144/175 217/133/175 226/138/175
f 218/144/176 213/145/176 217/133/176
f 215/135/177 217/133/177 213/145/177
f 215/135/178 213/145/178 197/146/178
f 197/146/179 196/137/179 215/135/179
f 196/137/180 197/146/180 137/147/180
f 193/148/181 137/147/181 197/146/181
f 198/149/182 193/148/182 197/146/182
f 214/150/183 204/151/183 212/152/183
f 213/145/184 212/152/184 204/151/184
f 204/151/185 197/146/185 213/145/185
f 204/151/186 203/153/186 197/146/186
f 198/149/187 197/146/187 203/153/187
f 198/149/188 203/153/188 454/154/188
f 449/155/189 193/148/189 198/149/189
f 449/155/190 198/149/190 454/154/190
f 449/155/191 454/154/191 462/156/191
f 461/157/192 462/156/192 454/154/192
f 461/157/193 454/154/193 459/158/193
f 460/159/194 459/158/194 454/154/194
f 263/160/195 254/161/195 396/162/195
f 254/161/196 391/163/196 396/162/196
f 395/164/197 396/162/197 391/163/197
f 395/164/198 391/163/198 394/165/198
f 394/165/199 391/163/199 448/166/199
f 394/165/200 448/166/200 463/167/200
f 463/167/201 448/166/201 462/156/201
f 462/156/202 466/168/202 463/167/202
f 466/168/203 462/156/203 465/169/203
f 462/156/204 461/157/204 465/169/204
f 396/162/205 395/164/205 414/170/205
f 415/171/206 414/170/206 395/164/206
f 395/164/207 394/165/207 415/171/207
f 415/171/208 394/165/208 416/172/208
f 463/167/209 416/172/209 394/165/209
f 416/172/210 463/167/210 420/173/210
f 463/167/211 466/168/211 420/173/211
f 466/168/212 450/174/212 420/173/212
f 466/168/213 465/169/213 450/174/213
f 450/174/214 465/169/214 453/175/214
f 415/171/215 420/173/215 419/176/215
f 416/172/216 420/173/216 415/171/216
f 415/171/217 419/176/217 414/170/217
f 419/176/218 417/177/218 414/170/218
f 419/176/219 400/178/219 417/177/219
f 419/176/220 420/173/220 400/178/220
f 398/179/221 400/178/221 420/173/221
f 398/179/222 420/173/222 450/174/222
f 398/179/223 450/174/223 451/180/223
f 451/180/224 450/174/224 452/181/224
f 451/180/225 452/181/225 404/182/225
f 452/181/226 455/183/226 404/182/226
f 417/177/227 400/178/227 402/184/227
f 417/177/228 402/184/228 428/185/228
f 427/186/229 428/185/229 439/187/229
f 428/185/230 427/186/230 417/177/230
f 418/188/231 417/177/231 427/186/231
f 418/188/232 413/189/232 417/177/232
f 414/170/233 417/177/233 413/189/233
f 413/189/234 403/190/234 414/170/234
f 413/189/235 411/191/235 403/190/235
f 412/192/236 403/190/236 411/191/236
f 330/193/237 724/194/237 331/195/237
f 331/195/238 256/196/238 330/193/238
f 255/197/239 330/193/239 256/196/239
f 256/196/240 254/161/240 255/197/240
f 254/161/241 262/198/241 255/197/241
f 262/198/242 254/161/242 263/160/242
f 263/160/243 270/199/243 262/198/243
f 270/199/244 263/160/244 403/190/244
f 396/162/245 403/190/245 263/160/245
f 403/190/246 396/162/246 414/170/246
f 271/200/247 262/198/247 270/199/247
f 284/201/248 282/202/248 271/200/248
f 283/203/249 271/200/249 282/202/249
f 271/200/250 283/203/250 262/198/250
f 285/204/251 262/198/251 283/203/251
f 262/198/252 285/204/252 260/205/252
f 260/205/253 255/197/253 262/198/253
f 261/206/254 255/197/254 260/205/254
f 260/205/255 286/207/255 261/206/255
f 287/208/256 261/206/256 286/207/256
f 286/207/257 260/205/257 285/204/257
f 333/209/258 334/210/258 255/197/258
f 333/209/259 255/197/259 261/206/259
f 333/209/260 261/206/260 353/211/260
f 287/208/261 353/211/261 261/206/261
f 291/212/262 353/211/262 287/208/262
f 287/208/263 286/207/263 291/212/263
f 290/213/264 291/212/264 286/207/264
f 286/207/265 285/204/265 290/213/265
f 289/214/266 290/213/266 285/204/266
f 285/204/267 283/203/267 289/214/267
f 291/212/268 356/215/268 353/211/268
f 356/215/269 291/212/269 336/216/269
f 352/217/270 353/211/270 356/215/270
f 353/211/271 352/217/271 333/209/271
f 334/210/272 333/209/272 352/217/272
f 352/217/273 351/218/273 334/210/273
f 341/219/274 334/210/274 351/218/274
f 351/218/275 349/220/275 341/219/275
f 350/221/276 341/219/276 349/220/276
f 341/219/277 340/222/277 334/210/277
f 335/223/278 334/210/278 340/222/278
f 806/224/279 335/223/279 340/222/279
f 812/225/280 806/224/280 811/226/280
f 813/227/281 811/226/281 806/224/281
f 826/228/282 816/229/282 825/230/282
f 817/231/283 825/230/283 816/229/283
f 817/231/284 816/229/284 812/225/284
f 812/225/285 816/229/285 814/232/285
f 814/232/286 806/224/286 812/225/286
f 806/224/287 814/232/287 801/233/287
f 806/224/288 801/233/288 335/223/288
f 801/233/289 330/193/289 335/223/289
f 335/223/290 330/193/290 334/210/290
f 330/193/291 255/197/291 334/210/291
f 815/234/292 800/235/292 814/232/292
f 801/233/293 814/232/293 800/235/293
f 800/235/294 725/236/294 801/233/294
f 330/193/295 801/233/295 725/236/295
f 725/236/296 724/194/296 330/193/296
f 725/236/297 723/237/297 724/194/297
f 726/238/298 724/194/298 723/237/298
f 726/238/299 723/237/299 840/239/299
f 842/240/300 726/238/300 840/239/300
f 842/240/301 840/239/301 664/241/301
f 729/242/302 725/236/302 800/235/302
f 753/243/303 739/244/303 754/245/303
f 739/244/304 731/246/304 754/245/304
f 732/247/305 731/246/305 739/244/305
f 732/247/306 723/237/306 731/246/306
f 845/248/307 723/237/307 732/247/307
f 723/237/308 845/248/308 841/249/308
f 841/249/309 840/239/309 723/237/309
f 840/239/310 841/249/310 663/250/310
f 840/239/311 663/250/311 664/241/311
f 664/241/312 663/250/312 606/251/312
f 731/246/313 730/252/313 754/245/313
f 757/253/314 754/245/314 759/254/314
f 754/245/315 755/255/315 759/254/315
f 755/255/316 754/245/316 730/252/316
f 729/242/317 755/255/317 730/252/317
f 730/252/318 725/236/318 729/242/318
f 730/252/319 731/246/319 725/236/319
f 723/237/320 725/236/320 731/246/320
f 768/256/321 738/257/321 769/258/321
f 768/256/322 757/253/322 738/257/322
f 738/257/323 757/253/323 733/259/323
f 757/253/324 759/254/324 733/259/324
f 759/254/325 760/260/325 733/259/325
f 759/254/326 755/255/326 760/260/326
f 755/255/327 756/261/327 760/260/327
f 755/255/328 729/242/328 756/261/328
f 756/261/329 729/242/329 815/234/329
f 729/242/330 800/235/330 815/234/330
f 738/257/331 733/259/331 737/262/331
f 738/257/332 737/262/332 769/258/332
f 770/263/333 769/258/333 737/262/333
f 769/258/334 770/263/334 781/264/334
f 818/265/335 802/266/335 760/260/335
f 734/267/336 760/260/336 802/266/336
f 734/267/337 733/259/337 760/260/337
f 735/268/338 733/259/338 734/267/338
f 735/268/339 737/262/339 733/259/339
f 742/269/340 737/262/340 735/268/340
f 742/269/341 771/270/341 737/262/341
f 770/263/342 737/262/342 771/270/342
f 770/263/343 771/270/343 782/271/343
f 782/271/334 781/264/334 770/263/334
f 781/264/344 782/271/344 789/272/344
f 790/273/344 789/272/344 782/271/344
f 790/273/345 782/271/345 791/274/345
f 771/270/346 791/274/346 782/271/346
f 854/275/347 879/276/347 791/274/347
f 889/277/348 791/274/348 879/276/348
f 791/274/349 889/277/349 790/273/349
f 889/277/350 888/278/350 790/273/350
f 888/278/350 789/272/350 790/273/350
f 888/278/351 788/279/351 789/272/351
f 788/279/352 781/264/352 789/272/352
f 788/279/353 780/280/353 781/264/353
f 780/280/354 769/258/354 781/264/354
f 780/280/355 768/256/355 769/258/355
f 887/281/356 886/282/356 788/279/356
f 886/282/356 787/283/356 788/279/356
f 788/279/357 787/283/357 780/280/357
f 779/284/357 780/280/357 787/283/357
f 780/280/358 779/284/358 768/256/358
f 767/285/358 768/256/358 779/284/358
f 768/256/359 767/285/359 757/253/359
f 758/286/360 757/253/360 767/285/360
f 758/286/361 753/243/361 757/253/361
f 753/243/362 754/245/362 757/253/362
f 753/243/363 751/287/363 739/244/363
f 752/288/364 739/244/364 751/287/364
f 740/289/365 732/247/365 739/244/365
f 732/247/366 740/289/366 845/248/366
f 852/290/367 845/248/367 740/289/367
f 852/290/368 861/291/368 845/248/368
f 861/291/369 852/290/369 860/292/369
f 862/293/370 860/292/370 852/290/370
f 844/294/371 841/249/371 843/295/371
f 843/295/372 841/249/372 845/248/372
f 845/248/373 863/296/373 843/295/373
f 863/296/374 845/248/374 861/291/374
f 861/291/375 866/297/375 863/296/375
f 866/297/376 861/291/376 867/298/376
f 866/297/377 867/298/377 877/299/377
f 867/298/378 876/300/378 877/299/378
f 877/299/379 876/300/379 887/281/379
f 876/300/379 886/282/379 887/281/379
f 866/297/380 877/299/380 851/301/380
f 877/299/381 878/302/381 851/301/381
f 877/299/382 887/281/382 878/302/382
f 863/296/383 868/303/383 864/304/383
f 868/303/384 863/296/384 866/297/384
f 868/303/385 866/297/385 847/305/385
f 866/297/386 851/301/386 847/305/386
f 851/301/387 850/306/387 847/305/387
f 850/306/388 851/301/388 879/276/388
f 851/301/389 878/302/389 879/276/389
f 879/276/390 878/302/390 889/277/390
f 878/302/390 888/278/390 889/277/390
f 878/302/391 887/281/391 888/278/391
f 887/281/392 788/279/392 888/278/392
f 848/307/393 847/305/393 850/306/393
f 868/303/394 847/305/394 869/308/394
f 864/304/395 868/303/395 869/308/395
f 865/309/396 864/304/396 869/308/396
f 848/307/397 846/310/397 847/305/397
f 846/310/398 869/308/398 847/305/398
f 846/310/399 899/311/399 869/308/399
f 914/312/400 869/308/400 899/311/400
f 911/313/401 869/308/401 914/312/401
f 865/309/402 869/308/402 911/313/402
f 865/309/403 911/313/403 844/294/403
f 864/304/404 865/309/404 844/294/404
f 843/295/405 864/304/405 844/294/405
f 864/304/406 843/295/406 863/296/406
f 924/314/407 900/315/407 925/316/407
f 900/315/408 924/314/408 901/317/408
f 901/317/409 899/311/409 900/315/409
f 912/318/410 899/311/410 901/317/410
f 914/312/411 899/311/411 912/318/411
f 914/312/412 912/318/412 910/319/412
f 910/319/413 911/313/413 914/312/413
f 911/313/414 910/319/414 896/320/414
f 896/320/415 844/294/415 911/313/415
f 896/320/416 841/249/416 844/294/416
f 668/321/417 663/250/417 897/322/417
f 663/250/418 841/249/418 897/322/418
f 896/320/419 897/322/419 841/249/419
f 897/322/420 896/320/420 910/319/420
f 910/319/421 909/323/421 897/322/421
f 909/323/422 910/319/422 912/318/422
f 913/324/423 909/323/423 912/318/423
f 912/318/424 921/325/424 913/324/424
f 913/324/425 921/325/425 922/326/425
f 921/325/426 933/327/426 922/326/426
f 921/325/427 923/328/427 933/327/427
f 912/318/428 901/317/428 921/325/428
f 901/317/429 923/328/429 921/325/429
f 901/317/430 924/314/430 923/328/430
f 924/314/431 935/329/431 923/328/431
f 935/329/431 934/330/431 923/328/431
f 923/328/432 934/330/432 933/327/432
f 933/327/433 934/330/433 717/331/433
f 707/332/434 698/333/434 697/334/434
f 707/332/435 708/335/435 698/333/435
f 717/331/436 708/335/436 707/332/436
f 718/336/437 708/335/437 717/331/437
f 718/336/438 717/331/438 934/330/438
f 719/337/439 718/336/439 934/330/439
f 935/329/439 719/337/439 934/330/439
f 719/337/440 935/329/440 710/338/440
f 935/329/441 925/316/441 710/338/441
f 924/314/442 925/316/442 935/329/442
f 719/337/443 709/339/443 718/336/443
f 710/338/444 709/339/444 719/337/444
f 709/339/445 710/338/445 699/340/445
f 675/341/446 699/340/446 710/338/446
f 675/341/447 671/342/447 699/340/447
f 675/341/448 619/343/448 671/342/448
f 615/344/449 619/343/449 612/345/449
f 615/344/450 669/346/450 619/343/450
f 619/343/451 669/346/451 671/342/451
f 669/346/452 670/347/452 671/342/452
f 672/348/453 671/342/453 670/347/453
f 672/348/454 698/333/454 671/342/454
f 699/340/455 671/342/455 698/333/455
f 698/333/456 708/335/456 699/340/456
f 709/339/456 699/340/456 708/335/456
f 708/335/443 718/336/443 709/339/443
f 614/349/457 635/350/457 670/347/457
f 670/347/458 669/346/458 614/349/458
f 615/344/459 614/349/459 669/346/459
f 635/350/460 630/351/460 631/352/460
f 618/353/461 498/354/461 611/355/461
f 618/353/462 611/355/462 629/356/462
f 611/355/463 610/357/463 629/356/463
f 630/351/464 629/356/464 610/357/464
f 629/356/465 630/351/465 634/358/465
f 635/350/466 634/358/466 630/351/466
f 634/358/467 635/350/467 613/359/467
f 614/349/468 613/359/468 635/350/468
f 614/349/469 612/345/469 613/359/469
f 615/344/470 612/345/470 614/349/470
f 612/345/471 616/360/471 613/359/471
f 629/356/472 628/361/472 618/353/472
f 628/361/473 626/362/473 618/353/473
f 627/363/474 618/353/474 626/362/474
f 613/359/475 617/364/475 632/365/475
f 632/365/476 634/358/476 613/359/476
f 634/358/477 632/365/477 629/356/477
f 632/365/478 628/361/478 629/356/478
f 633/366/479 628/361/479 632/365/479
f 633/366/480 632/365/480 642/367/480
f 643/368/481 642/367/481 632/365/481
f 642/367/482 643/368/482 654/369/482
f 655/370/482 654/369/482 643/368/482
f 654/369/483 655/370/483 554/371/483
f 617/364/484 643/368/484 632/365/484
f 644/372/485 643/368/485 617/364/485
f 644/372/486 655/370/486 643/368/486
f 656/373/487 655/370/487 644/372/487
f 656/373/488 553/374/488 655/370/488
f 555/375/489 553/374/489 656/373/489
f 555/375/490 545/376/490 553/374/490
f 543/377/491 553/374/491 545/376/491
f 545/376/492 535/378/492 543/377/492
f 533/379/493 543/377/493 535/378/493
f 546/380/494 535/378/494 545/376/494
f 556/381/495 546/380/495 545/376/495
f 556/381/495 545/376/495 555/375/495
f 556/381/496 555/375/496 657/382/496
f 656/373/496 657/382/496 555/375/496
f 657/382/497 656/373/497 645/383/497
f 644/372/497 645/383/497 656/373/497
f 645/383/498 644/372/498 616/360/498
f 617/364/499 616/360/499 644/372/499
f 617/364/500 613/359/500 616/360/500
f 620/384/501 612/345/501 619/343/501
f 620/384/502 616/360/502 612/345/502
f 620/384/503 646/385/503 616/360/503
f 645/383/504 616/360/504 646/385/504
f 645/383/505 646/385/505 657/382/505
f 657/382/506 646/385/506 547/386/506
f 556/381/507 657/382/507 547/386/507
f 547/386/508 546/380/508 556/381/508
f 546/380/509 547/386/509 536/387/509
f 508/388/510 536/387/510 547/386/510
f 508/388/511 503/389/511 536/387/511
f 508/388/512 507/390/512 503/389/512
f 503/389/513 507/390/513 500/391/513
f 501/392/514 500/391/514 507/390/514
f 572/393/515 567/394/515 507/390/515
f 501/392/516 507/390/516 567/394/516
f 501/392/517 567/394/517 499/395/517
f 501/392/518 499/395/518 500/391/518
f 502/396/519 500/391/519 499/395/519
f 500/391/520 502/396/520 503/389/520
f 504/397/521 503/389/521 502/396/521
f 536/387/522 503/389/522 504/397/522
f 536/387/523 504/397/523 535/378/523
f 546/380/494 536/387/494 535/378/494
f 522/398/524 526/399/524 580/400/524
f 583/401/525 580/400/525 526/399/525
f 583/401/526 526/399/526 568/402/526
f 499/395/527 568/402/527 526/399/527
f 568/402/528 499/395/528 567/394/528
f 567/394/529 569/403/529 568/402/529
f 572/393/530 569/403/530 567/394/530
f 572/393/531 594/404/531 569/403/531
f 499/395/532 526/399/532 502/396/532
f 525/405/533 502/396/533 526/399/533
f 526/399/534 521/406/534 525/405/534
f 522/398/535 521/406/535 526/399/535
f 504/397/536 533/379/536 535/378/536
f 504/397/537 523/407/537 533/379/537
f 502/396/538 523/407/538 504/397/538
f 525/405/539 523/407/539 502/396/539
f 525/405/540 520/408/540 523/407/540
f 520/408/541 525/405/541 521/406/541
f 521/406/542 495/409/542 520/408/542
f 496/410/543 495/409/543 521/406/543
f 521/406/544 522/398/544 496/410/544
f 580/400/545 496/410/545 522/398/545
f 497/411/546 520/408/546 495/409/546
f 495/409/547 492/412/547 497/411/547
f 496/410/548 492/412/548 495/409/548
f 565/413/549 492/412/549 496/410/549
f 496/410/550 580/400/550 565/413/550
f 580/400/551 579/414/551 565/413/551
f 580/400/552 583/401/552 579/414/552
f 583/401/553 581/415/553 579/414/553
f 583/401/554 568/402/554 581/415/554
f 570/416/555 581/415/555 568/402/555
f 87/46/556 99/57/556 81/64/556
f 81/64/557 82/417/557 87/46/557
f 81/64/558 78/65/558 82/417/558
f 82/417/559 78/65/559 566/418/559
f 78/65/560 492/412/560 566/418/560
f 565/413/561 566/418/561 492/412/561
f 566/418/562 565/413/562 579/414/562
f 579/414/563 578/419/563 566/418/563
f 579/414/564 581/415/564 578/419/564
f 578/419/565 581/415/565 582/420/565
f 88/421/566 87/46/566 82/417/566
f 82/417/567 566/418/567 88/421/567
f 571/422/568 88/421/568 566/418/568
f 571/422/569 566/418/569 578/419/569
f 578/419/570 576/423/570 571/422/570
f 577/424/571 571/422/571 576/423/571
f 581/415/572 590/425/572 582/420/572
f 591/426/573 582/420/573 590/425/573
f 591/426/574 590/425/574 601/427/574
f 591/426/574 601/427/574 602/428/574
f 602/428/575 601/427/575 131/48/575
f 602/428/575 131/48/575 130/51/575
f 590/425/576 581/415/576 570/416/576
f 590/425/577 570/416/577 592/429/577
f 601/427/578 590/425/578 592/429/578
f 601/427/579 592/429/579 603/430/579
f 131/48/580 601/427/580 603/430/580
f 603/430/581 132/431/581 131/48/581
f 603/430/582 133/432/582 132/431/582
f 603/430/582 604/433/582 133/432/582
f 592/429/583 604/433/583 603/430/583
f 592/429/583 593/434/583 604/433/583
f 592/429/584 570/416/584 593/434/584
f 570/416/585 568/402/585 569/403/585
f 569/403/586 593/434/586 570/416/586
f 593/434/587 569/403/587 594/404/587
f 593/434/588 594/404/588 604/433/588
f 604/433/589 594/404/589 124/435/589
f 133/432/590 604/433/590 124/435/590
f 124/435/591 123/436/591 133/432/591
f 133/432/592 123/436/592 132/431/592
f 122/49/592 132/431/592 123/436/592
f 122/49/593 131/48/593 132/431/593
f 89/89/594 85/74/594 113/73/594
f 89/89/595 113/73/595 124/435/595
f 123/436/596 124/435/596 113/73/596
f 123/436/597 113/73/597 122/49/597
f 112/75/597 122/49/597 113/73/597
f 112/75/598 121/50/598 122/49/598
f 121/50/599 112/75/599 111/53/599
f 111/53/600 112/75/600 86/76/600
f 101/55/601 111/53/601 86/76/601
f 86/76/602 84/67/602 101/55/602
f 27/437/603 94/438/603 95/439/603
f 514/440/604 575/441/604 515/442/604
f 514/440/605 95/439/605 575/441/605
f 91/443/606 575/441/606 95/439/606
f 91/443/607 95/439/607 94/438/607
f 94/438/608 92/444/608 91/443/608
f 514/440/609 513/445/609 516/446/609
f 515/442/610 513/445/610 514/440/610
f 513/445/611 515/442/611 558/447/611
f 558/447/612 515/442/612 575/441/612
f 558/447/613 575/441/613 573/448/613
f 91/443/614 573/448/614 575/441/614
f 90/449/615 573/448/615 91/443/615
f 92/444/616 90/449/616 91/443/616
f 93/450/617 90/449/617 92/444/617
f 573/448/618 596/451/618 558/447/618
f 574/452/619 573/448/619 90/449/619
f 560/453/620 559/454/620 596/451/620
f 559/454/621 558/447/621 596/451/621
f 559/454/622 539/455/622 558/447/622
f 509/456/623 558/447/623 539/455/623
f 513/445/624 558/447/624 509/456/624
f 513/445/625 509/456/625 512/457/625
f 512/457/626 516/446/626 513/445/626
f 512/457/627 623/458/627 516/446/627
f 625/459/628 516/446/628 623/458/628
f 625/459/629 623/458/629 624/460/629
f 511/461/630 509/456/630 510/462/630
f 509/456/631 511/461/631 512/457/631
f 621/463/632 512/457/632 511/461/632
f 512/457/633 621/463/633 623/458/633
f 623/458/634 621/463/634 659/464/634
f 624/460/635 623/458/635 659/464/635
f 621/463/636 511/461/636 622/465/636
f 660/466/637 659/464/637 650/467/637
f 621/463/638 650/467/638 659/464/638
f 624/460/639 680/468/639 625/459/639
f 680/468/640 624/460/640 659/464/640
f 680/468/641 659/464/641 676/469/641
f 676/469/642 659/464/642 702/470/642
f 660/466/643 702/470/643 659/464/643
f 660/466/644 647/471/644 702/470/644
f 647/471/645 660/466/645 650/467/645
f 650/467/646 648/472/646 647/471/646
f 649/473/647 647/471/647 648/472/647
f 649/473/648 648/472/648 658/474/648
f 678/475/649 676/469/649 677/476/649
f 676/469/650 678/475/650 679/477/650
f 680/468/651 676/469/651 679/477/651
f 679/477/652 681/478/652 680/468/652
f 625/459/653 680/468/653 681/478/653
f 858/479/654 681/478/654 906/480/654
f 679/477/655 906/480/655 681/478/655
f 679/477/656 904/481/656 906/480/656
f 904/481/657 679/477/657 678/475/657
f 904/481/658 678/475/658 905/482/658
f 858/479/659 906/480/659 859/483/659
f 859/483/660 906/480/660 891/484/660
f 906/480/661 904/481/661 891/484/661
f 904/481/662 927/485/662 891/484/662
f 892/486/663 891/484/663 927/485/663
f 893/487/664 892/486/664 927/485/664
f 892/486/665 893/487/665 882/488/665
f 880/489/666 882/488/666 893/487/666
f 882/488/667 880/489/667 881/490/667
f 881/490/668 880/489/668 890/491/668
f 856/492/669 891/484/669 882/488/669
f 892/486/670 882/488/670 891/484/670
f 856/492/671 855/493/671 745/494/671
f 745/494/672 743/495/672 744/496/672
f 744/496/673 746/497/673 745/494/673
f 856/492/674 745/494/674 746/497/674
f 857/498/675 856/492/675 746/497/675
f 891/484/676 856/492/676 857/498/676
f 859/483/677 891/484/677 857/498/677
f 795/499/678 773/500/678 831/501/678
f 773/500/679 795/499/679 774/502/679
f 795/499/680 794/503/680 774/502/680
f 744/496/681 774/502/681 794/503/681
f 747/504/682 744/496/682 794/503/682
f 746/497/683 744/496/683 747/504/683
f 746/497/684 747/504/684 750/505/684
f 746/497/685 750/505/685 857/498/685
f 858/479/686 857/498/686 750/505/686
f 859/483/687 857/498/687 858/479/687
f 749/506/688 747/504/688 748/507/688
f 749/506/689 750/505/689 747/504/689
f 748/507/690 747/504/690 794/503/690
f 748/507/691 794/503/691 810/508/691
f 748/507/692 810/508/692 749/506/692
f 749/506/693 810/508/693 348/509/693
f 795/499/694 831/501/694 794/503/694
f 809/510/695 794/503/695 831/501/695
f 794/503/696 809/510/696 810/508/696
f 810/508/697 809/510/697 346/511/697
f 346/511/698 348/509/698 810/508/698
f 346/511/699 347/512/699 348/509/699
f 279/513/700 348/509/700 347/512/700
f 346/511/701 344/514/701 347/512/701
f 345/515/702 343/516/702 344/514/702
f 344/514/703 346/511/703 345/515/703
f 809/510/704 345/515/704 346/511/704
f 809/510/705 808/517/705 345/515/705
f 324/518/706 323/519/706 370/520/706
f 344/514/707 370/520/707 323/519/707
f 344/514/708 323/519/708 347/512/708
f 280/521/709 347/512/709 323/519/709
f 279/513/710 347/512/710 280/521/710
f 280/521/711 278/522/711 279/513/711
f 279/513/712 278/522/712 281/22/712
f 274/523/713 281/22/713 278/522/713
f 274/523/714 408/21/714 281/22/714
f 274/523/715 406/524/715 408/21/715
f 280/521/716 323/519/716 278/522/716
f 407/525/717 406/524/717 276/526/717
f 274/523/718 276/526/718 406/524/718
f 276/526/719 274/523/719 275/527/719
f 278/522/720 275/527/720 274/523/720
f 275/527/721 278/522/721 323/519/721
f 275/527/722 323/519/722 304/528/722
f 324/518/723 304/528/723 323/519/723
f 277/529/724 276/526/724 275/527/724
f 435/530/725 432/531/725 443/532/725
f 435/530/726 443/532/726 313/533/726
f 322/534/727 313/533/727 443/532/727
f 322/534/728 314/535/728 313/533/728
f 314/535/729 302/536/729 313/533/729
f 303/537/730 302/536/730 314/535/730
f 304/528/731 302/536/731 303/537/731
f 302/536/732 304/528/732 325/538/732
f 324/518/733 325/538/733 304/528/733
f 325/538/734 324/518/734 370/520/734
f 432/531/735 435/530/735 433/539/735
f 434/540/736 432/531/736 433/539/736
f 406/524/737 444/13/737 408/21/737
f 406/524/738 434/540/738 444/13/738
f 445/11/739 444/13/739 434/540/739
f 433/539/740 445/11/740 434/540/740
f 445/11/741 433/539/741 479/12/741
f 477/541/742 479/12/742 433/539/742
f 479/12/743 477/541/743 478/542/743
f 478/542/744 477/541/744 487/543/744
f 487/543/745 477/541/745 250/24/745
f 251/23/746 487/543/746 250/24/746
f 31/544/747 17/545/747 29/546/747
f 30/547/748 29/546/748 17/545/748
f 30/547/749 35/81/749 36/111/749
f 35/81/750 30/547/750 32/71/750
f 32/71/751 30/547/751 17/545/751
f 9/72/752 32/71/752 17/545/752
f 17/545/753 10/548/753 9/72/753
f 10/548/754 3/549/754 9/72/754
f 142/550/755 3/549/755 10/548/755
f 3/549/756 142/550/756 137/147/756
f 3/549/757 137/147/757 138/551/757
f 137/147/758 193/148/758 138/551/758
f 3/549/759 4/62/759 9/72/759
f 2/66/760 4/62/760 3/549/760
f 3/549/761 1/552/761 2/66/761
f 3/549/762 138/551/762 1/552/762
f 138/551/763 139/553/763 1/552/763
f 138/551/764 194/554/764 139/553/764
f 195/555/765 139/553/765 194/554/765
f 393/556/766 195/555/766 194/554/766
f 259/557/767 195/555/767 393/556/767
f 195/555/767 259/557/767 139/553/767
f 194/554/768 138/551/768 193/148/768
f 194/554/769 193/148/769 392/558/769
f 393/556/770 194/554/770 392/558/770
f 257/559/771 393/556/771 392/558/771
f 393/556/772 257/559/772 259/557/772
f 259/557/773 257/559/773 258/560/773
f 258/560/767 139/553/767 259/557/767
f 139/553/767 258/560/767 6/561/767
f 6/561/774 1/552/774 139/553/774
f 5/562/775 1/552/775 6/561/775
f 449/155/776 462/156/776 448/166/776
f 448/166/777 391/163/777 449/155/777
f 193/148/778 449/155/778 391/163/778
f 391/163/779 392/558/779 193/148/779
f 392/558/780 391/163/780 254/161/780
f 392/558/781 254/161/781 257/559/781
f 257/559/782 254/161/782 256/196/782
f 256/196/783 258/560/783 257/559/783
f 256/196/784 331/195/784 258/560/784
f 332/563/785 258/560/785 331/195/785
f 332/563/786 331/195/786 727/564/786
f 332/563/767 6/561/767 258/560/767
f 727/564/767 6/561/767 332/563/767
f 6/561/767 727/564/767 5/562/767
f 727/564/767 728/565/767 5/562/767
f 488/566/767 5/562/767 728/565/767
f 488/566/787 79/567/787 5/562/787
f 488/566/788 493/568/788 79/567/788
f 79/567/789 493/568/789 490/569/789
f 493/568/790 491/570/790 490/569/790
f 491/570/791 489/571/791 490/569/791
f 488/566/767 728/565/767 493/568/767
f 606/251/792 608/572/792 664/241/792
f 606/251/793 491/570/793 608/572/793
f 494/573/794 608/572/794 491/570/794
f 491/570/795 493/568/795 494/573/795
f 493/568/767 842/240/767 494/573/767
f 842/240/767 493/568/767 728/565/767
f 842/240/796 728/565/796 726/238/796
f 728/565/797 727/564/797 726/238/797
f 724/194/798 726/238/798 727/564/798
f 724/194/799 727/564/799 331/195/799
f 842/240/800 664/241/800 665/574/800
f 665/574/801 664/241/801 608/572/801
f 494/573/767 665/574/767 608/572/767
f 665/574/767 494/573/767 842/240/767
f 491/570/802 606/251/802 489/571/802
f 607/575/803 489/571/803 606/251/803
f 606/251/804 663/250/804 607/575/804
f 663/250/805 667/576/805 607/575/805
f 667/576/806 663/250/806 668/321/806
f 668/321/807 673/577/807 667/576/807
f 674/578/808 673/577/808 668/321/808
f 668/321/809 897/322/809 674/578/809
f 902/579/810 674/578/810 897/322/810
f 902/579/811 897/322/811 909/323/811
f 909/323/812 907/580/812 902/579/812
f 908/581/813 902/579/813 907/580/813
f 666/582/814 607/575/814 667/576/814
f 667/576/815 685/583/815 666/582/815
f 673/577/816 685/583/816 667/576/816
f 683/584/817 685/583/817 673/577/817
f 683/584/818 673/577/818 682/585/818
f 684/586/819 682/585/819 673/577/819
f 683/584/820 687/587/820 685/583/820
f 687/587/821 689/588/821 685/583/821
f 685/583/822 689/588/822 686/589/822
f 686/589/823 666/582/823 685/583/823
f 666/582/824 686/589/824 609/590/824
f 609/590/825 607/575/825 666/582/825
f 610/357/826 607/575/826 609/590/826
f 610/357/827 611/355/827 607/575/827
f 489/571/828 607/575/828 611/355/828
f 498/354/829 489/571/829 611/355/829
f 609/590/830 630/351/830 610/357/830
f 631/352/831 630/351/831 609/590/831
f 631/352/832 609/590/832 686/589/832
f 686/589/833 635/350/833 631/352/833
f 689/588/834 635/350/834 686/589/834
f 689/588/835 670/347/835 635/350/835
f 687/587/836 670/347/836 689/588/836
f 672/348/837 670/347/837 687/587/837
f 687/587/838 697/334/838 672/348/838
f 698/333/839 672/348/839 697/334/839
f 933/327/426 932/591/426 922/326/426
f 933/327/840 717/331/840 932/591/840
f 717/331/840 716/592/840 932/591/840
f 717/331/841 707/332/841 716/592/841
f 706/593/841 716/592/841 707/332/841
f 707/332/842 697/334/842 706/593/842
f 696/594/842 706/593/842 697/334/842
f 697/334/843 687/587/843 696/594/843
f 688/595/844 696/594/844 687/587/844
f 688/595/845 687/587/845 683/584/845
f 1497/596/846 1515/597/846 1498/598/846
f 1568/599/846 1498/598/846 1515/597/846
f 1517/600/847 1514/601/847 1568/599/847
f 1498/598/847 1568/599/847 1514/601/847
f 1499/602/848 1498/598/848 1514/601/848
f 1499/602/849 1496/603/849 1498/598/849
f 1497/596/849 1498/598/849 1496/603/849
f 1497/596/850 1496/603/850 1489/604/850
f 1497/596/851 1489/604/851 1515/597/851
f 1488/605/851 1515/597/851 1489/604/851
f 1489/604/852 1487/606/852 1488/605/852
f 1495/607/853 1487/606/853 1489/604/853
f 1487/606/853 1495/607/853 1494/608/853
f 1494/608/854 1467/609/854 1487/606/854
f 1495/607/850 1489/604/850 1496/603/850
f 1499/602/848 1514/601/848 1504/610/848
f 1492/611/855 1488/605/855 1491/612/855
f 1490/613/855 1491/612/855 1488/605/855
f 1490/613/852 1488/605/852 1487/606/852
f 1487/606/856 1469/614/856 1490/613/856
f 1469/614/854 1487/606/854 1467/609/854
f 1469/614/857 1467/609/857 1464/615/857
f 1467/609/857 1465/616/857 1464/615/857
f 1465/616/858 1452/617/858 1464/615/858
f 1473/618/856 1490/613/856 1469/614/856
f 1464/615/859 1470/619/859 1469/614/859
f 1473/618/859 1469/614/859 1470/619/859
f 1473/618/860 1470/619/860 1475/620/860
f 1473/618/861 1475/620/861 1490/613/861
f 1490/613/861 1475/620/861 1491/612/861
f 1492/611/862 1493/621/862 1571/622/862
f 1491/612/862 1493/621/862 1492/611/862
f 1493/621/863 1491/612/863 1474/623/863
f 1475/620/863 1474/623/863 1491/612/863
f 1475/620/864 1472/624/864 1474/623/864
f 1472/624/860 1475/620/860 1470/619/860
f 1470/619/865 1462/625/865 1472/624/865
f 1470/619/866 1464/615/866 1462/625/866
f 1463/626/866 1462/625/866 1464/615/866
f 1463/626/858 1464/615/858 1452/617/858
f 1452/617/867 1446/627/867 1463/626/867
f 1443/628/868 1439/629/868 1442/630/868
f 1441/631/868 1442/630/868 1439/629/868
f 1442/630/869 1441/631/869 1446/627/869
f 1459/632/869 1446/627/869 1441/631/869
f 1459/632/867 1463/626/867 1446/627/867
f 1459/632/870 1458/633/870 1463/626/870
f 1462/625/870 1463/626/870 1458/633/870
f 1462/625/871 1458/633/871 1461/634/871
f 1461/634/865 1472/624/865 1462/625/865
f 1472/624/872 1461/634/872 1471/635/872
f 1459/632/873 1441/631/873 1458/633/873
f 1238/636/874 1236/637/874 1243/638/874
f 1471/635/875 1238/636/875 1243/638/875
f 1460/639/876 1238/636/876 1471/635/876
f 1460/639/872 1471/635/872 1461/634/872
f 1461/634/877 1456/640/877 1460/639/877
f 1456/640/878 1461/634/878 1458/633/878
f 1458/633/879 1440/641/879 1456/640/879
f 1440/641/873 1458/633/873 1441/631/873
f 1441/631/880 1439/629/880 1440/641/880
f 1438/642/880 1440/641/880 1439/629/880
f 1480/643/881 1438/642/881 1435/644/881
f 1438/642/882 1480/643/882 1440/641/882
f 1457/645/882 1440/641/882 1480/643/882
f 1457/645/883 1456/640/883 1440/641/883
f 1456/640/884 1457/645/884 1455/646/884
f 1455/646/877 1460/639/877 1456/640/877
f 1460/639/885 1455/646/885 1223/647/885
f 1460/639/876 1223/647/876 1238/636/876
f 1223/647/886 1222/648/886 1238/636/886
f 1238/636/886 1222/648/886 1236/637/886
f 1222/648/887 1224/649/887 1236/637/887
f 1237/650/887 1236/637/887 1224/649/887
f 1224/649/887 1225/651/887 1237/650/887
f 1454/652/888 1214/653/888 1455/646/888
f 1214/653/885 1223/647/885 1455/646/885
f 1214/653/889 1213/654/889 1223/647/889
f 1213/654/889 1222/648/889 1223/647/889
f 1213/654/890 1217/655/890 1222/648/890
f 1222/648/890 1217/655/890 1224/649/890
f 1217/655/890 1218/656/890 1224/649/890
f 1225/651/890 1224/649/890 1218/656/890
f 1218/656/891 1220/657/891 1225/651/891
f 1226/658/891 1225/651/891 1220/657/891
f 1221/659/892 1226/658/892 1220/657/892
f 1220/657/893 1195/660/893 1221/659/893
f 1220/657/894 1218/656/894 1195/660/894
f 1196/661/894 1195/660/894 1218/656/894
f 1218/656/895 1217/655/895 1196/661/895
f 1219/662/895 1196/661/895 1217/655/895
f 1213/654/895 1219/662/895 1217/655/895
f 1215/663/895 1219/662/895 1213/654/895
f 1215/663/896 1213/654/896 1214/653/896
f 1216/664/897 1215/663/897 1214/653/897
f 1246/665/898 1248/666/898 1190/667/898
f 1190/667/899 1253/668/899 1246/665/899
f 1245/669/899 1246/665/899 1253/668/899
f 1253/668/900 1219/662/900 1245/669/900
f 1215/663/900 1245/669/900 1219/662/900
f 1253/668/899 1190/667/899 1194/670/899
f 1249/671/901 1250/672/901 1248/666/901
f 1249/671/902 1248/666/902 1246/665/902
f 1247/673/902 1249/671/902 1246/665/902
f 1247/673/903 1246/665/903 1245/669/903
f 1244/674/903 1247/673/903 1245/669/903
f 1215/663/904 1244/674/904 1245/669/904
f 1216/664/904 1244/674/904 1215/663/904
f 1219/662/900 1253/668/900 1196/661/900
f 1194/670/900 1196/661/900 1253/668/900
f 1196/661/905 1194/670/905 1195/660/905
f 1193/675/905 1195/660/905 1194/670/905
f 1194/670/906 1189/676/906 1193/675/906
f 1189/676/899 1194/670/899 1190/667/899
f 1190/667/898 1188/677/898 1189/676/898
f 1188/677/898 1190/667/898 1248/666/898
f 1248/666/907 1251/678/907 1188/677/907
f 1251/678/901 1248/666/901 1250/672/901
f 1187/679/898 1189/676/898 1188/677/898
f 1188/677/907 1162/680/907 1187/679/907
f 1162/680/907 1188/677/907 1251/678/907
f 1162/680/908 1251/678/908 1163/681/908
f 1166/682/908 1163/681/908 1251/678/908
f 1251/678/909 1250/672/909 1166/682/909
f 1252/683/909 1166/682/909 1250/672/909
f 1250/672/910 1416/684/910 1252/683/910
f 1479/685/911 1416/684/911 1250/672/911
f 1416/684/912 1479/685/912 1414/686/912
f 1164/687/913 1186/688/913 1187/679/913
f 1164/687/907 1187/679/907 1162/680/907
f 1164/687/908 1162/680/908 1161/689/908
f 1163/681/908 1161/689/908 1162/680/908
f 1164/687/914 1161/689/914 1186/688/914
f 1168/690/914 1186/688/914 1161/689/914
f 1182/691/915 1181/692/915 1185/693/915
f 1184/694/916 1185/693/916 1181/692/916
f 1184/694/917 1203/695/917 1185/693/917
f 1204/696/918 1185/693/918 1203/695/918
f 1185/693/919 1204/696/919 1186/688/919
f 1185/693/920 1186/688/920 1182/691/920
f 1168/690/921 1182/691/921 1186/688/921
f 1205/697/922 1197/698/922 1200/699/922
f 1200/699/923 1197/698/923 1199/700/923
f 1199/700/923 1197/698/923 1198/701/923
f 1199/700/924 1198/701/924 1202/702/924
f 1202/702/924 1201/703/924 1199/700/924
f 1201/703/925 1202/702/925 1203/695/925
f 1204/696/925 1203/695/925 1202/702/925
f 1204/696/926 1202/702/926 1191/704/926
f 1191/704/927 1186/688/927 1204/696/927
f 1191/704/913 1187/679/913 1186/688/913
f 1191/704/928 1192/705/928 1187/679/928
f 1192/705/926 1191/704/926 1202/702/926
f 1202/702/929 1198/701/929 1192/705/929
f 1211/706/930 1228/707/930 1227/708/930
f 1211/706/931 1227/708/931 1205/697/931
f 1221/659/931 1205/697/931 1227/708/931
f 1205/697/922 1221/659/922 1197/698/922
f 1197/698/893 1221/659/893 1195/660/893
f 1197/698/932 1195/660/932 1198/701/932
f 1198/701/932 1195/660/932 1193/675/932
f 1193/675/929 1192/705/929 1198/701/929
f 1192/705/933 1193/675/933 1189/676/933
f 1189/676/934 1187/679/934 1192/705/934
f 1270/709/935 1269/710/935 1268/711/935
f 1266/712/935 1268/711/935 1269/710/935
f 1269/710/936 1242/713/936 1266/712/936
f 1240/714/936 1266/712/936 1242/713/936
f 1242/713/937 1235/715/937 1240/714/937
f 1240/714/938 1235/715/938 1239/716/938
f 1234/717/938 1239/716/938 1235/715/938
f 1235/715/939 1226/658/939 1234/717/939
f 1226/658/940 1227/708/940 1234/717/940
f 1226/658/892 1221/659/892 1227/708/892
f 1240/714/941 1239/716/941 1266/712/941
f 1301/718/942 1268/711/942 1300/719/942
f 1265/720/942 1300/719/942 1268/711/942
f 1268/711/943 1266/712/943 1265/720/943
f 1267/721/944 1265/720/944 1266/712/944
f 1267/721/941 1266/712/941 1239/716/941
f 1239/716/945 1233/722/945 1267/721/945
f 1239/716/946 1234/717/946 1233/722/946
f 1229/723/947 1233/722/947 1234/717/947
f 1229/723/940 1234/717/940 1227/708/940
f 1229/723/930 1227/708/930 1228/707/930
f 1233/722/948 1231/724/948 1280/725/948
f 1233/722/949 1228/707/949 1231/724/949
f 1228/707/949 1233/722/949 1229/723/949
f 1275/726/950 1278/727/950 1277/728/950
f 1277/728/951 1273/729/951 1275/726/951
f 1276/730/951 1275/726/951 1273/729/951
f 1276/730/952 1273/729/952 1280/725/952
f 1274/731/952 1280/725/952 1273/729/952
f 1233/722/948 1280/725/948 1274/731/948
f 1267/721/953 1233/722/953 1274/731/953
f 1274/731/954 1273/729/954 1267/721/954
f 1265/720/954 1267/721/954 1273/729/954
f 1273/729/955 1277/728/955 1265/720/955
f 1300/719/955 1265/720/955 1277/728/955
f 1300/719/956 1277/728/956 1299/732/956
f 1278/727/956 1299/732/956 1277/728/956
f 1299/732/957 1278/727/957 1298/733/957
f 1295/734/957 1298/733/957 1278/727/957
f 1298/733/958 1295/734/958 1296/735/958
f 1293/736/958 1296/735/958 1295/734/958
f 1296/735/959 1293/736/959 1294/737/959
f 1294/737/960 1293/736/960 1289/738/960
f 1289/738/961 1302/739/961 1294/737/961
f 1298/733/962 1296/735/962 1304/740/962
f 1298/733/963 1304/740/963 1299/732/963
f 1305/741/964 1366/742/964 1304/740/964
f 1305/741/962 1304/740/962 1296/735/962
f 1296/735/965 1297/743/965 1305/741/965
f 1294/737/959 1297/743/959 1296/735/959
f 1294/737/966 1302/739/966 1297/743/966
f 1278/727/950 1275/726/950 1279/744/950
f 1278/727/967 1279/744/967 1285/745/967
f 1285/745/967 1295/734/967 1278/727/967
f 1295/734/968 1285/745/968 1293/736/968
f 1287/746/968 1293/736/968 1285/745/968
f 1287/746/960 1289/738/960 1293/736/960
f 1359/747/969 1356/748/969 1355/749/969
f 1360/750/969 1356/748/969 1359/747/969
f 1382/751/970 1360/750/970 1359/747/970
f 1383/752/970 1360/750/970 1382/751/970
f 1383/752/971 1382/751/971 1363/753/971
f 1365/754/972 1383/752/972 1363/753/972
f 1363/753/973 1366/742/973 1365/754/973
f 1366/742/973 1305/741/973 1365/754/973
f 1306/755/973 1365/754/973 1305/741/973
f 1306/755/965 1305/741/965 1297/743/965
f 1557/756/974 1355/749/974 1551/757/974
f 1355/749/975 1557/756/975 1359/747/975
f 1560/758/975 1359/747/975 1557/756/975
f 1359/747/976 1560/758/976 1382/751/976
f 1575/759/977 1382/751/977 1560/758/977
f 1556/760/978 1551/757/978 1555/761/978
f 1551/757/979 1556/760/979 1557/756/979
f 1559/762/979 1557/756/979 1556/760/979
f 1557/756/980 1559/762/980 1560/758/980
f 1574/763/980 1560/758/980 1559/762/980
f 1560/758/981 1574/763/981 1575/759/981
f 1576/764/981 1575/759/981 1574/763/981
f 1340/765/982 1548/766/982 1341/767/982
f 1341/767/983 1548/766/983 1552/768/983
f 1552/768/984 1548/766/984 1554/769/984
f 1554/769/985 1555/761/985 1552/768/985
f 1555/761/986 1554/769/986 1541/770/986
f 1541/770/987 1556/760/987 1555/761/987
f 1556/760/987 1541/770/987 1558/771/987
f 1558/771/988 1559/762/988 1556/760/988
f 1559/762/988 1558/771/988 1573/772/988
f 1573/772/989 1574/763/989 1559/762/989
f 1574/763/989 1573/772/989 1521/773/989
f 1521/773/990 1576/764/990 1574/763/990
f 1576/764/990 1521/773/990 1520/774/990
f 1524/775/991 1522/776/991 1573/772/991
f 1521/773/991 1573/772/991 1522/776/991
f 1522/776/992 1516/777/992 1521/773/992
f 1520/774/992 1521/773/992 1516/777/992
f 1520/774/993 1516/777/993 1519/778/993
f 1520/774/994 1519/778/994 1576/764/994
f 1563/779/994 1576/764/994 1519/778/994
f 1576/764/995 1563/779/995 1575/759/995
f 1561/780/995 1575/759/995 1563/779/995
f 1561/780/996 1382/751/996 1575/759/996
f 1562/781/997 1361/782/997 1561/780/997
f 1516/777/998 1510/783/998 1513/784/998
f 1513/784/993 1519/778/993 1516/777/993
f 1519/778/999 1513/784/999 1518/785/999
f 1519/778/1000 1518/785/1000 1563/779/1000
f 1564/786/1000 1563/779/1000 1518/785/1000
f 1563/779/1001 1564/786/1001 1561/780/1001
f 1562/781/1001 1561/780/1001 1564/786/1001
f 1564/786/1002 1566/787/1002 1562/781/1002
f 1566/787/1003 1564/786/1003 1517/600/1003
f 1517/600/1004 1568/599/1004 1566/787/1004
f 1508/788/998 1513/784/998 1510/783/998
f 1518/785/1003 1517/600/1003 1564/786/1003
f 1518/785/1005 1512/789/1005 1517/600/1005
f 1512/789/999 1518/785/999 1513/784/999
f 1513/784/1006 1508/788/1006 1512/789/1006
f 1506/790/1006 1512/789/1006 1508/788/1006
f 1514/601/1005 1517/600/1005 1512/789/1005
f 1504/610/1007 1514/601/1007 1512/789/1007
f 1504/610/1007 1512/789/1007 1506/790/1007
f 1364/791/1008 1362/792/1008 1361/782/1008
f 1364/791/997 1361/782/997 1562/781/997
f 1565/793/1009 1364/791/1009 1562/781/1009
f 1565/793/1002 1562/781/1002 1566/787/1002
f 1566/787/1010 1569/794/1010 1565/793/1010
f 1569/794/1004 1566/787/1004 1568/599/1004
f 1569/794/1011 1568/599/1011 1572/795/1011
f 1515/597/1012 1572/795/1012 1568/599/1012
f 1572/795/1013 1515/597/1013 1492/611/1013
f 1488/605/1014 1492/611/1014 1515/597/1014
f 1369/796/964 1362/792/964 1367/797/964
f 1362/792/1015 1364/791/1015 1367/797/1015
f 1368/798/1015 1367/797/1015 1364/791/1015
f 1368/798/1009 1364/791/1009 1565/793/1009
f 1567/799/1016 1368/798/1016 1565/793/1016
f 1567/799/1010 1565/793/1010 1569/794/1010
f 1570/800/1017 1567/799/1017 1569/794/1017
f 1572/795/1017 1570/800/1017 1569/794/1017
f 1572/795/1018 1571/622/1018 1570/800/1018
f 1492/611/1018 1571/622/1018 1572/795/1018
f 1471/635/864 1474/623/864 1472/624/864
f 1471/635/1019 1243/638/1019 1474/623/1019
f 1474/623/1020 1243/638/1020 1493/621/1020
f 1493/621/1021 1243/638/1021 1272/801/1021
f 1493/621/1022 1272/801/1022 1571/622/1022
f 1272/801/1022 1376/802/1022 1571/622/1022
f 1571/622/1023 1376/802/1023 1570/800/1023
f 1376/802/1023 1374/803/1023 1570/800/1023
f 1570/800/1024 1374/803/1024 1567/799/1024
f 1374/803/1024 1371/804/1024 1567/799/1024
f 1374/803/1025 1376/802/1025 1375/805/1025
f 1377/806/1026 1375/805/1026 1376/802/1026
f 1376/802/1027 1272/801/1027 1377/806/1027
f 1271/807/1027 1377/806/1027 1272/801/1027
f 1243/638/1028 1271/807/1028 1272/801/1028
f 1243/638/1028 1241/808/1028 1271/807/1028
f 1243/638/874 1236/637/874 1241/808/874
f 1236/637/937 1237/650/937 1241/808/937
f 1378/809/1029 1373/810/1029 1375/805/1029
f 1370/811/1029 1375/805/1029 1373/810/1029
f 1375/805/1030 1370/811/1030 1374/803/1030
f 1371/804/1031 1374/803/1031 1370/811/1031
f 1371/804/1016 1368/798/1016 1567/799/1016
f 1371/804/1032 1370/811/1032 1368/798/1032
f 1367/797/1032 1368/798/1032 1370/811/1032
f 1373/810/1033 1367/797/1033 1370/811/1033
f 1367/797/1033 1373/810/1033 1369/796/1033
f 1373/810/1033 1372/812/1033 1369/796/1033
f 1373/810/1029 1378/809/1029 1372/812/1029
f 1301/718/1029 1372/812/1029 1378/809/1029
f 1378/809/1034 1270/709/1034 1301/718/1034
f 1268/711/1034 1301/718/1034 1270/709/1034
f 1361/782/1035 1382/751/1035 1561/780/1035
f 1361/782/971 1363/753/971 1382/751/971
f 1363/753/1008 1361/782/1008 1362/792/1008
f 1366/742/973 1363/753/973 1362/792/973
f 1362/792/964 1369/796/964 1366/742/964
f 1369/796/964 1304/740/964 1366/742/964
f 1304/740/1033 1369/796/1033 1372/812/1033
f 1299/732/963 1304/740/963 1372/812/963
f 1372/812/1036 1301/718/1036 1299/732/1036
f 1300/719/1036 1299/732/1036 1301/718/1036
f 73/32/1037 72/813/1037 53/35/1037
f 21/814/1038 53/35/1038 72/813/1038
f 24/815/1039 21/814/1039 23/816/1039
f 72/813/1040 26/817/1040 25/818/1040
f 72/813/1041 25/818/1041 21/814/1041
f 22/819/1042 21/814/1042 25/818/1042
f 23/816/1043 21/814/1043 22/819/1043
f 152/31/1044 23/816/1044 22/819/1044
f 153/820/1045 23/816/1045 152/31/1045
f 154/17/1046 152/31/1046 22/819/1046
f 22/819/1047 28/18/1047 154/17/1047
f 22/819/1048 25/818/1048 28/18/1048
f 27/437/1049 28/18/1049 25/818/1049
f 27/437/1050 25/818/1050 26/817/1050
f 26/817/1051 94/438/1051 27/437/1051
f 72/813/1052 94/438/1052 26/817/1052
f 94/438/1053 72/813/1053 92/444/1053
f 92/444/1054 72/813/1054 116/34/1054
f 73/32/1055 116/34/1055 72/813/1055
f 114/821/1056 116/34/1056 51/33/1056
f 116/34/1057 114/821/1057 115/822/1057
f 115/822/1058 114/821/1058 125/823/1058
f 126/824/1059 125/823/1059 114/821/1059
f 134/825/1060 125/823/1060 126/824/1060
f 134/825/1061 126/824/1061 605/826/1061
f 597/827/1062 605/826/1062 126/824/1062
f 597/827/1063 595/828/1063 605/826/1063
f 595/828/1064 597/827/1064 560/453/1064
f 596/451/1065 595/828/1065 560/453/1065
f 649/473/1066 658/474/1066 548/829/1066
f 557/830/1067 548/829/1067 658/474/1067
f 557/830/1068 549/831/1068 548/829/1068
f 549/831/1069 537/832/1069 548/829/1069
f 538/833/1070 537/832/1070 549/831/1070
f 539/455/1071 537/832/1071 538/833/1071
f 537/832/1072 539/455/1072 560/453/1072
f 559/454/1073 560/453/1073 539/455/1073
f 1432/834/1074 1433/835/1074 1434/836/1074
f 1412/837/912 1414/686/912 1479/685/912
f 1414/686/1075 1412/837/1075 1411/838/1075
f 1413/839/1076 1411/838/1076 1412/837/1076
f 1413/839/1077 1431/840/1077 1411/838/1077
f 1413/839/1078 1432/834/1078 1431/840/1078
f 1436/841/1078 1431/840/1078 1432/834/1078
f 1432/834/1079 1434/836/1079 1436/841/1079
f 1437/842/1079 1436/841/1079 1434/836/1079
f 1437/842/1080 1434/836/1080 1439/629/1080
f 1443/628/1081 1437/842/1081 1439/629/1081
f 1419/843/1077 1411/838/1077 1431/840/1077
f 1445/844/1081 1437/842/1081 1443/628/1081
f 1445/844/1082 1444/845/1082 1437/842/1082
f 1436/841/1082 1437/842/1082 1444/845/1082
f 1444/845/1083 1430/846/1083 1436/841/1083
f 1431/840/1083 1436/841/1083 1430/846/1083
f 1431/840/1084 1430/846/1084 1419/843/1084
f 1428/847/1084 1419/843/1084 1430/846/1084
f 1439/629/1080 1434/836/1080 1438/642/1080
f 1434/836/881 1435/644/881 1438/642/881
f 1435/644/1074 1434/836/1074 1433/835/1074
f 1478/848/1085 1435/644/1085 1433/835/1085
f 1435/644/1085 1478/848/1085 1477/849/1085
f 1477/849/1086 1480/643/1086 1435/644/1086
f 1480/643/1086 1477/849/1086 1476/850/1086
f 1457/645/1087 1480/643/1087 1476/850/1087
f 1457/645/1087 1476/850/1087 1454/652/1087
f 1454/652/884 1455/646/884 1457/645/884
f 1214/653/888 1454/652/888 1216/664/888
f 1244/674/1088 1216/664/1088 1454/652/1088
f 1454/652/1088 1476/850/1088 1244/674/1088
f 1476/850/1089 1247/673/1089 1244/674/1089
f 1476/850/1089 1477/849/1089 1247/673/1089
f 1477/849/1090 1249/671/1090 1247/673/1090
f 1477/849/1091 1478/848/1091 1249/671/1091
f 1478/848/1092 1250/672/1092 1249/671/1092
f 1478/848/1093 1479/685/1093 1250/672/1093
f 1433/835/1094 1479/685/1094 1478/848/1094
f 1479/685/1094 1433/835/1094 1412/837/1094
f 1433/835/1095 1432/834/1095 1412/837/1095
f 1413/839/1096 1412/837/1096 1432/834/1096
f 1393/851/1097 1392/852/1097 1389/853/1097
f 1392/852/1098 1405/854/1098 1407/855/1098
f 1392/852/1098 1393/851/1098 1405/854/1098
f 1410/856/1099 1405/854/1099 1393/851/1099
f 1389/853/1100 1410/856/1100 1393/851/1100
f 1481/857/1100 1410/856/1100 1389/853/1100
f 1389/853/1101 1391/858/1101 1481/857/1101
f 1484/859/1102 1481/857/1102 1391/858/1102
f 1486/860/1103 1484/859/1103 1391/858/1103
f 1485/861/1103 1484/859/1103 1486/860/1103
f 1485/861/1104 1486/860/1104 1263/862/1104
f 1410/856/1105 1481/857/1105 1422/863/1105
f 1410/856/1106 1422/863/1106 1403/864/1106
f 1410/856/1099 1403/864/1099 1405/854/1099
f 1423/865/1106 1403/864/1106 1422/863/1106
f 1484/859/1107 1482/866/1107 1481/857/1107
f 1421/867/1107 1481/857/1107 1482/866/1107
f 1421/867/1105 1422/863/1105 1481/857/1105
f 1422/863/1108 1421/867/1108 1420/868/1108
f 1422/863/1109 1420/868/1109 1423/865/1109
f 1424/869/1109 1423/865/1109 1420/868/1109
f 1424/869/1110 1420/868/1110 1428/870/1110
f 1419/871/1110 1428/870/1110 1420/868/1110
f 1420/868/1111 1418/872/1111 1419/871/1111
f 1411/873/1111 1419/871/1111 1418/872/1111
f 1418/872/1108 1420/868/1108 1421/867/1108
f 1418/872/1112 1421/867/1112 1415/874/1112
f 1482/866/1112 1415/874/1112 1421/867/1112
f 1415/874/1113 1482/866/1113 1417/875/1113
f 1483/876/1113 1417/875/1113 1482/866/1113
f 1482/866/1114 1484/859/1114 1483/876/1114
f 1485/861/1114 1483/876/1114 1484/859/1114
f 1411/873/1115 1418/872/1115 1414/877/1115
f 1415/874/1115 1414/877/1115 1418/872/1115
f 1414/877/1116 1415/874/1116 1416/878/1116
f 1417/875/1116 1416/878/1116 1415/874/1116
f 1416/878/1117 1417/875/1117 1252/879/1117
f 1252/879/1117 1417/875/1117 1258/880/1117
f 1417/875/1118 1483/876/1118 1258/880/1118
f 1258/880/1118 1483/876/1118 1259/881/1118
f 1483/876/1119 1485/861/1119 1259/881/1119
f 1259/881/1119 1485/861/1119 1262/882/1119
f 1262/882/1104 1485/861/1104 1263/862/1104
f 1263/862/1120 1261/883/1120 1262/882/1120
f 1262/882/1121 1261/883/1121 1259/881/1121
f 1257/884/1121 1259/881/1121 1261/883/1121
f 1259/881/1122 1257/884/1122 1258/880/1122
f 1167/885/1122 1258/880/1122 1257/884/1122
f 1258/880/1123 1167/885/1123 1252/879/1123
f 1166/886/1123 1252/879/1123 1167/885/1123
f 1263/862/1124 1486/860/1124 1129/887/1124
f 1264/888/1125 1263/862/1125 1129/887/1125
f 1261/883/1126 1263/862/1126 1264/888/1126
f 1261/883/1127 1264/888/1127 1260/889/1127
f 1261/883/1128 1260/889/1128 1257/884/1128
f 1256/890/1128 1257/884/1128 1260/889/1128
f 1257/884/1129 1256/890/1129 1167/885/1129
f 1165/891/1129 1167/885/1129 1256/890/1129
f 1167/885/1130 1165/891/1130 1166/886/1130
f 1163/892/1130 1166/886/1130 1165/891/1130
f 1171/893/1129 1165/891/1129 1256/890/1129
f 1256/890/1128 1255/894/1128 1171/893/1128
f 1255/894/1128 1256/890/1128 1260/889/1128
f 1260/889/1127 1136/895/1127 1255/894/1127
f 1136/895/1127 1260/889/1127 1264/888/1127
f 1264/888/1131 1131/896/1131 1136/895/1131
f 1264/888/1125 1129/887/1125 1131/896/1125
f 1131/896/1132 1129/887/1132 1130/897/1132
f 1129/887/1133 1385/898/1133 1130/897/1133
f 1130/897/1133 1385/898/1133 1386/899/1133
f 1388/900/1134 1395/901/1134 1400/902/1134
f 1401/903/1135 1388/900/1135 1400/902/1135
f 1386/899/1135 1388/900/1135 1401/903/1135
f 1386/899/1136 1401/903/1136 1147/904/1136
f 1130/897/1137 1386/899/1137 1147/904/1137
f 1130/897/1138 1147/904/1138 1132/905/1138
f 1131/896/1132 1130/897/1132 1132/905/1132
f 1131/896/1139 1132/905/1139 1133/906/1139
f 1133/906/1131 1136/895/1131 1131/896/1131
f 1136/895/1131 1133/906/1131 1135/907/1131
f 1138/908/1140 1174/909/1140 1135/907/1140
f 1135/907/1141 1137/910/1141 1138/908/1141
f 1137/910/1131 1135/907/1131 1133/906/1131
f 1133/906/1139 1134/911/1139 1137/910/1139
f 1134/911/1139 1133/906/1139 1132/905/1139
f 1138/908/1142 1139/912/1142 1160/913/1142
f 1139/912/1141 1138/908/1141 1137/910/1141
f 1137/910/1143 1140/914/1143 1139/912/1143
f 1140/914/1139 1137/910/1139 1134/911/1139
f 1134/911/1144 1146/915/1144 1140/914/1144
f 1146/915/1144 1134/911/1144 1148/916/1144
f 1132/905/1144 1148/916/1144 1134/911/1144
f 1148/916/1138 1132/905/1138 1147/904/1138
f 1145/917/1144 1140/914/1144 1146/915/1144
f 1553/918/984 1554/769/984 1548/766/984
f 1548/766/1145 1547/919/1145 1553/918/1145
f 1340/765/982 1547/919/982 1548/766/982
f 1147/904/1146 1547/919/1146 1340/765/1146
f 1343/920/1147 1147/904/1147 1340/765/1147
f 1148/916/1147 1147/904/1147 1343/920/1147
f 1344/921/1148 1148/916/1148 1343/920/1148
f 1146/915/1148 1148/916/1148 1344/921/1148
f 1344/921/1148 1327/922/1148 1146/915/1148
f 1145/917/1148 1146/915/1148 1327/922/1148
f 1540/923/1149 1538/924/1149 1549/925/1149
f 1553/918/1149 1549/925/1149 1538/924/1149
f 1549/925/1145 1553/918/1145 1547/919/1145
f 1147/904/1150 1401/903/1150 1547/919/1150
f 1547/919/1151 1401/903/1151 1549/925/1151
f 1400/902/1151 1549/925/1151 1401/903/1151
f 1549/925/1152 1400/902/1152 1540/923/1152
f 1399/926/1152 1540/923/1152 1400/902/1152
f 1537/927/1153 1541/770/1153 1554/769/1153
f 1554/769/1154 1553/918/1154 1537/927/1154
f 1538/924/1155 1537/927/1155 1553/918/1155
f 1538/924/1156 1535/928/1156 1537/927/1156
f 1535/928/1157 1538/924/1157 1539/929/1157
f 1540/923/1157 1539/929/1157 1538/924/1157
f 1539/929/1158 1540/923/1158 1396/930/1158
f 1399/926/1158 1396/930/1158 1540/923/1158
f 1399/926/1159 1395/901/1159 1396/930/1159
f 1399/926/1134 1400/902/1134 1395/901/1134
f 1385/898/1160 1387/931/1160 1386/899/1160
f 1388/900/1160 1386/899/1160 1387/931/1160
f 1387/931/1161 1390/932/1161 1388/900/1161
f 1388/900/1161 1390/932/1161 1395/901/1161
f 1395/901/1162 1390/932/1162 1394/933/1162
f 1394/933/1159 1396/930/1159 1395/901/1159
f 1397/934/1163 1396/930/1163 1394/933/1163
f 1539/929/1164 1396/930/1164 1397/934/1164
f 1542/935/1164 1539/929/1164 1397/934/1164
f 1536/936/1165 1539/929/1165 1542/935/1165
f 1397/934/1163 1394/933/1163 1398/937/1163
f 1398/937/1166 1394/933/1166 1407/855/1166
f 1392/852/1166 1407/855/1166 1394/933/1166
f 1392/852/1162 1394/933/1162 1390/932/1162
f 1390/932/1097 1389/853/1097 1392/852/1097
f 1390/932/1167 1387/931/1167 1389/853/1167
f 1391/858/1168 1389/853/1168 1387/931/1168
f 1385/898/1169 1391/858/1169 1387/931/1169
f 1486/860/1169 1391/858/1169 1385/898/1169
f 1129/887/1124 1486/860/1124 1385/898/1124
f 1169/938/1170 1171/893/1170 1170/939/1170
f 1173/940/1171 1159/941/1171 1175/942/1171
f 1175/942/1172 1177/943/1172 1173/940/1172
f 1178/944/1172 1173/940/1172 1177/943/1172
f 1170/939/1173 1173/940/1173 1178/944/1173
f 1170/939/1174 1178/944/1174 1168/945/1174
f 1170/939/1175 1168/945/1175 1169/938/1175
f 1161/946/1176 1169/938/1176 1168/945/1176
f 1163/892/1130 1169/938/1130 1161/946/1130
f 1169/938/1130 1163/892/1130 1165/891/1130
f 1165/891/1129 1171/893/1129 1169/938/1129
f 1182/947/1174 1168/945/1174 1178/944/1174
f 1182/947/1177 1178/944/1177 1181/948/1177
f 1177/943/1177 1181/948/1177 1178/944/1177
f 1135/907/1127 1255/894/1127 1136/895/1127
f 1174/909/1140 1255/894/1140 1135/907/1140
f 1255/894/1178 1174/909/1178 1171/893/1178
f 1172/949/1178 1171/893/1178 1174/909/1178
f 1172/949/1170 1170/939/1170 1171/893/1170
f 1172/949/1173 1173/940/1173 1170/939/1173
f 1173/940/1179 1172/949/1179 1159/941/1179
f 1174/909/1179 1159/941/1179 1172/949/1179
f 1159/941/1180 1174/909/1180 1160/913/1180
f 1138/908/1180 1160/913/1180 1174/909/1180
f 1145/917/1181 1327/922/1181 1143/950/1181
f 1143/950/1182 1140/914/1182 1145/917/1182
f 1141/951/1182 1140/914/1182 1143/950/1182
f 1141/951/1183 1139/912/1183 1140/914/1183
f 1139/912/1184 1141/951/1184 1254/952/1184
f 1254/952/1142 1160/913/1142 1139/912/1142
f 1150/953/1185 1160/913/1185 1254/952/1185
f 1150/953/1186 1159/941/1186 1160/913/1186
f 1159/941/1186 1150/953/1186 1149/954/1186
f 1149/954/1171 1175/942/1171 1159/941/1171
f 1144/955/1187 1141/951/1187 1142/956/1187
f 1144/955/1184 1254/952/1184 1141/951/1184
f 1144/955/1188 1155/957/1188 1254/952/1188
f 1153/958/1188 1254/952/1188 1155/957/1188
f 1153/958/1185 1150/953/1185 1254/952/1185
f 1157/959/1189 1142/956/1189 1335/960/1189
f 1157/959/1190 1155/957/1190 1142/956/1190
f 1144/955/1190 1142/956/1190 1155/957/1190
f 1330/961/1191 1332/962/1191 1333/963/1191
f 1330/961/1192 1333/963/1192 1335/960/1192
f 1334/964/1192 1330/961/1192 1335/960/1192
f 1335/960/1189 1142/956/1189 1334/964/1189
f 1334/964/1193 1142/956/1193 1328/965/1193
f 1334/964/1194 1328/965/1194 1330/961/1194
f 1320/966/1195 1316/967/1195 1319/968/1195
f 1319/968/1196 1332/962/1196 1320/966/1196
f 1331/969/1196 1320/966/1196 1332/962/1196
f 1332/962/1191 1330/961/1191 1331/969/1191
f 1330/961/1197 1326/970/1197 1331/969/1197
f 1326/970/1194 1330/961/1194 1328/965/1194
f 1328/965/1198 1327/922/1198 1326/970/1198
f 1328/965/1181 1143/950/1181 1327/922/1181
f 1143/950/1199 1328/965/1199 1142/956/1199
f 1143/950/1200 1142/956/1200 1141/951/1200
f 1323/971/1201 1321/972/1201 1331/969/1201
f 1323/971/1197 1331/969/1197 1326/970/1197
f 1326/970/1202 1324/973/1202 1323/971/1202
f 1324/973/1198 1326/970/1198 1327/922/1198
f 1327/922/1203 1344/921/1203 1324/973/1203
f 1324/973/1203 1344/921/1203 1351/974/1203
f 1344/921/1203 1343/920/1203 1351/974/1203
f 1342/975/1203 1351/974/1203 1343/920/1203
f 1343/920/1204 1340/765/1204 1342/975/1204
f 1342/975/1204 1340/765/1204 1341/767/1204
f 1341/767/983 1552/768/983 1349/976/983
f 1350/977/1205 1341/767/1205 1349/976/1205
f 1342/975/1205 1341/767/1205 1350/977/1205
f 1350/977/1206 1352/978/1206 1342/975/1206
f 1351/974/1206 1342/975/1206 1352/978/1206
f 1325/979/1206 1351/974/1206 1352/978/1206
f 1324/973/1206 1351/974/1206 1325/979/1206
f 1325/979/1202 1323/971/1202 1324/973/1202
f 1325/979/1207 1321/972/1207 1323/971/1207
f 1329/980/1207 1321/972/1207 1325/979/1207
f 1325/979/1208 1352/978/1208 1329/980/1208
f 1329/980/1208 1352/978/1208 1353/981/1208
f 1352/978/1208 1350/977/1208 1353/981/1208
f 1345/982/1208 1353/981/1208 1350/977/1208
f 1350/977/1209 1349/976/1209 1345/982/1209
f 1349/976/1210 1346/983/1210 1345/982/1210
f 1329/980/1211 1357/984/1211 1321/972/1211
f 1357/984/1212 1329/980/1212 1354/985/1212
f 1353/981/1212 1354/985/1212 1329/980/1212
f 1354/985/1212 1353/981/1212 1348/986/1212
f 1345/982/1212 1348/986/1212 1353/981/1212
f 1348/986/1213 1345/982/1213 1347/987/1213
f 1347/987/1213 1345/982/1213 1346/983/1213
f 1346/983/1214 1550/988/1214 1347/987/1214
f 1349/976/1215 1550/988/1215 1346/983/1215
f 1550/988/1215 1349/976/1215 1552/768/1215
f 1354/985/1216 1358/989/1216 1357/984/1216
f 1380/990/1216 1357/984/1216 1358/989/1216
f 1384/991/1217 1381/992/1217 1383/752/1217
f 1360/750/1217 1383/752/1217 1381/992/1217
f 1381/992/1218 1358/989/1218 1360/750/1218
f 1356/748/1218 1360/750/1218 1358/989/1218
f 1358/989/1216 1354/985/1216 1356/748/1216
f 1348/986/1216 1356/748/1216 1354/985/1216
f 1356/748/1219 1348/986/1219 1355/749/1219
f 1355/749/1219 1348/986/1219 1347/987/1219
f 1347/987/974 1551/757/974 1355/749/974
f 1551/757/1214 1347/987/1214 1550/988/1214
f 1550/988/978 1555/761/978 1551/757/978
f 1550/988/985 1552/768/985 1555/761/985
f 1127/993/1220 1095/994/1220 1128/995/1220
f 1031/996/1221 1032/997/1221 1063/998/1221
f 1064/999/1221 1063/998/1221 1032/997/1221
f 1063/998/1222 1064/999/1222 1095/994/1222
f 1096/1000/1222 1095/994/1222 1064/999/1222
f 1096/1000/1220 1128/995/1220 1095/994/1220
f 1128/995/1223 1096/1000/1223 1121/1001/1223
f 1089/1002/1223 1121/1001/1223 1096/1000/1223
f 1121/1001/1224 1089/1002/1224 1120/1003/1224
f 1032/997/1225 1025/1004/1225 1064/999/1225
f 1057/1005/1225 1064/999/1225 1025/1004/1225
f 1064/999/1226 1057/1005/1226 1096/1000/1226
f 1089/1002/1226 1096/1000/1226 1057/1005/1226
f 1088/1006/1224 1120/1003/1224 1089/1002/1224
f 1057/1005/1227 1088/1006/1227 1089/1002/1227
f 1056/1007/1227 1088/1006/1227 1057/1005/1227
f 1025/1004/1228 1056/1007/1228 1057/1005/1228
f 1024/1008/1228 1056/1007/1228 1025/1004/1228
f 1025/1004/1229 984/1009/1229 1024/1008/1229
f 984/1009/1230 1025/1004/1230 1000/1010/1230
f 1032/997/1230 1000/1010/1230 1025/1004/1230
f 1000/1010/1231 1032/997/1231 997/1011/1231
f 1031/996/1231 997/1011/1231 1032/997/1231
f 1054/1012/1232 1056/1007/1232 1022/1013/1232
f 1024/1008/1232 1022/1013/1232 1056/1007/1232
f 1024/1008/1233 986/1014/1233 1022/1013/1233
f 986/1014/1229 1024/1008/1229 984/1009/1229
f 986/1014/1234 984/1009/1234 983/1015/1234
f 985/1016/1235 983/1015/1235 984/1009/1235
f 984/1009/1236 1000/1010/1236 985/1016/1236
f 999/1017/1237 985/1016/1237 1000/1010/1237
f 1000/1010/1238 997/1011/1238 999/1017/1238
f 998/1018/1239 999/1017/1239 997/1011/1239
f 982/1019/1233 1022/1013/1233 986/1014/1233
f 983/1015/1240 980/1020/1240 986/1014/1240
f 982/1019/1241 986/1014/1241 980/1020/1241
f 982/1019/1242 980/1020/1242 979/1021/1242
f 982/1019/1243 979/1021/1243 1022/1013/1243
f 1023/1022/1243 1022/1013/1243 979/1021/1243
f 1022/1013/1244 1023/1022/1244 1054/1012/1244
f 1055/1023/1244 1054/1012/1244 1023/1022/1244
f 1023/1022/1245 1018/1024/1245 1055/1023/1245
f 1051/1025/1245 1055/1023/1245 1018/1024/1245
f 1051/1025/1246 1018/1024/1246 1050/1026/1246
f 1018/1024/1247 1023/1022/1247 972/1027/1247
f 979/1021/1247 972/1027/1247 1023/1022/1247
f 1083/1028/1248 1051/1025/1248 1082/1029/1248
f 1083/1028/1249 1087/1030/1249 1051/1025/1249
f 1055/1023/1249 1051/1025/1249 1087/1030/1249
f 1087/1030/1250 1086/1031/1250 1055/1023/1250
f 1054/1012/1250 1055/1023/1250 1086/1031/1250
f 1082/1029/1251 1084/1032/1251 1115/1033/1251
f 1115/1033/1252 1114/1034/1252 1082/1029/1252
f 1083/1028/1252 1082/1029/1252 1114/1034/1252
f 1114/1034/1253 1119/1035/1253 1083/1028/1253
f 1087/1030/1253 1083/1028/1253 1119/1035/1253
f 1119/1035/1254 1118/1036/1254 1087/1030/1254
f 1086/1031/1254 1087/1030/1254 1118/1036/1254
f 1086/1031/1255 1118/1036/1255 1088/1006/1255
f 1086/1031/1256 1088/1006/1256 1054/1012/1256
f 1056/1007/1256 1054/1012/1256 1088/1006/1256
f 1120/1003/1255 1088/1006/1255 1118/1036/1255
f 1065/1037/1257 1068/1038/1257 1033/1039/1257
f 1097/1040/1258 1068/1038/1258 1065/1037/1258
f 1100/1041/1258 1068/1038/1258 1097/1040/1258
f 1100/1041/1259 1069/1042/1259 1068/1038/1259
f 1101/1043/1259 1069/1042/1259 1100/1041/1259
f 1101/1043/1260 1085/1044/1260 1069/1042/1260
f 1117/1045/1260 1085/1044/1260 1101/1043/1260
f 1117/1045/1261 1084/1032/1261 1085/1044/1261
f 1116/1046/1261 1084/1032/1261 1117/1045/1261
f 1116/1046/1251 1115/1033/1251 1084/1032/1251
f 1082/1029/1248 1051/1025/1248 1050/1026/1248
f 1050/1026/1262 1052/1047/1262 1082/1029/1262
f 1084/1032/1262 1082/1029/1262 1052/1047/1262
f 1052/1047/1263 1053/1048/1263 1084/1032/1263
f 1085/1044/1263 1084/1032/1263 1053/1048/1263
f 1053/1048/1264 1037/1049/1264 1085/1044/1264
f 1069/1042/1264 1085/1044/1264 1037/1049/1264
f 1037/1049/1265 1068/1038/1265 1069/1042/1265
f 1036/1050/1265 1068/1038/1265 1037/1049/1265
f 1036/1050/1257 1033/1039/1257 1068/1038/1257
f 940/1051/1266 939/1052/1266 938/1053/1266
f 940/1051/1267 946/1054/1267 939/1052/1267
f 946/1054/1268 940/1051/1268 1001/1055/1268
f 1004/1056/1268 946/1054/1268 1001/1055/1268
f 1004/1056/1269 1001/1055/1269 1036/1050/1269
f 1004/1056/1270 1036/1050/1270 1005/1057/1270
f 1005/1057/1270 1036/1050/1270 1037/1049/1270
f 1037/1049/1271 1053/1048/1271 1005/1057/1271
f 1021/1058/1271 1005/1057/1271 1053/1048/1271
f 1053/1048/1272 1052/1047/1272 1021/1058/1272
f 940/1051/1273 938/1053/1273 1001/1055/1273
f 975/1059/1274 978/1060/1274 1021/1058/1274
f 1021/1058/1275 978/1060/1275 1005/1057/1275
f 978/1060/1275 944/1061/1275 1005/1057/1275
f 1005/1057/1276 944/1061/1276 1004/1056/1276
f 944/1061/1276 946/1054/1276 1004/1056/1276
f 946/1054/1277 944/1061/1277 943/1062/1277
f 943/1062/1278 939/1052/1278 946/1054/1278
f 945/1063/1279 943/1062/1279 944/1061/1279
f 944/1061/1280 978/1060/1280 945/1063/1280
f 977/1064/1281 945/1063/1281 978/1060/1281
f 978/1060/1282 975/1059/1282 977/1064/1282
f 976/1065/1283 977/1064/1283 975/1059/1283
f 976/1065/1284 975/1059/1284 971/1066/1284
f 974/1067/1285 971/1066/1285 975/1059/1285
f 974/1067/1286 975/1059/1286 1019/1068/1286
f 1020/1069/1286 1019/1068/1286 975/1059/1286
f 1020/1069/1274 975/1059/1274 1021/1058/1274
f 1020/1069/1272 1021/1058/1272 1052/1047/1272
f 1052/1047/1287 1050/1026/1287 1020/1069/1287
f 1019/1068/1287 1020/1069/1287 1050/1026/1287
f 1050/1026/1246 1018/1024/1246 1019/1068/1246
f 1019/1068/1288 1018/1024/1288 974/1067/1288
f 972/1027/1288 974/1067/1288 1018/1024/1288
f 974/1067/1289 972/1027/1289 971/1066/1289
f 973/1070/1290 971/1066/1290 972/1027/1290
f 973/1070/1291 972/1027/1291 981/1071/1291
f 979/1021/1292 981/1071/1292 972/1027/1292
f 981/1071/1293 979/1021/1293 980/1020/1293
f 1127/1072/1294 1126/1073/1294 1095/1074/1294
f 1095/1074/1295 1094/1075/1295 1063/1076/1295
f 1094/1075/1294 1095/1074/1294 1126/1073/1294
f 1126/1073/1296 1124/1077/1296 1094/1075/1296
f 1092/1078/1296 1094/1075/1296 1124/1077/1296
f 1124/1077/1297 1123/1079/1297 1092/1078/1297
f 1063/1076/1298 1062/1080/1298 1031/1081/1298
f 1062/1080/1295 1063/1076/1295 1094/1075/1295
f 1094/1075/1299 1060/1082/1299 1062/1080/1299
f 1060/1082/1299 1094/1075/1299 1092/1078/1299
f 1092/1078/1300 1091/1083/1300 1060/1082/1300
f 1091/1083/1297 1092/1078/1297 1123/1079/1297
f 1123/1079/1301 1122/1084/1301 1091/1083/1301
f 1091/1083/1302 1090/1085/1302 1059/1086/1302
f 1059/1086/1300 1060/1082/1300 1091/1083/1300
f 1060/1082/1303 1059/1086/1303 1028/1087/1303
f 1028/1087/1304 1062/1080/1304 1060/1082/1304
f 1062/1080/1304 1028/1087/1304 1030/1088/1304
f 1030/1088/1298 1031/1081/1298 1062/1080/1298
f 1031/1081/1305 1030/1088/1305 997/1089/1305
f 996/1090/1306 997/1089/1306 1030/1088/1306
f 997/1089/1307 996/1090/1307 995/1091/1307
f 996/1090/1308 991/1092/1308 995/1091/1308
f 998/1093/1309 997/1089/1309 995/1091/1309
f 1090/1085/1310 1093/1094/1310 1058/1095/1310
f 1058/1095/1302 1059/1086/1302 1090/1085/1302
f 1059/1086/1311 1058/1095/1311 1027/1096/1311
f 1027/1096/1303 1028/1087/1303 1059/1086/1303
f 1030/1088/1312 1028/1087/1312 996/1090/1312
f 991/1092/1312 996/1090/1312 1028/1087/1312
f 1028/1087/1313 1027/1096/1313 991/1092/1313
f 989/1097/1313 991/1092/1313 1027/1096/1313
f 1027/1096/1314 1026/1098/1314 989/1097/1314
f 1026/1098/1311 1027/1096/1311 1058/1095/1311
f 1058/1095/1315 1061/1099/1315 1026/1098/1315
f 1061/1099/1310 1058/1095/1310 1093/1094/1310
f 1061/1099/1316 1093/1094/1316 1046/1100/1316
f 1078/1101/1316 1046/1100/1316 1093/1094/1316
f 1078/1101/1317 1077/1102/1317 1046/1100/1317
f 987/1103/1314 989/1097/1314 1026/1098/1314
f 992/1104/1318 995/1091/1318 991/1092/1318
f 992/1104/1319 991/1092/1319 990/1105/1319
f 991/1092/1320 989/1097/1320 990/1105/1320
f 990/1105/1321 989/1097/1321 988/1106/1321
f 989/1097/1322 987/1103/1322 988/1106/1322
f 987/1103/1323 994/1107/1323 988/1106/1323
f 987/1103/1324 1026/1098/1324 994/1107/1324
f 994/1107/1324 1026/1098/1324 1029/1108/1324
f 1029/1108/1315 1026/1098/1315 1061/1099/1315
f 1029/1108/1325 1061/1099/1325 1014/1109/1325
f 964/1110/1326 1029/1108/1326 1014/1109/1326
f 994/1107/1326 1029/1108/1326 964/1110/1326
f 993/1111/1327 988/1106/1327 994/1107/1327
f 994/1107/1328 964/1110/1328 993/1111/1328
f 963/1112/1329 993/1111/1329 964/1110/1329
f 964/1110/1330 962/1113/1330 963/1112/1330
f 964/1110/1331 1014/1109/1331 962/1113/1331
f 962/1113/1331 1014/1109/1331 1013/1114/1331
f 1013/1114/1332 1014/1109/1332 1045/1115/1332
f 1045/1115/1333 1044/1116/1333 1013/1114/1333
f 1012/1117/1333 1013/1114/1333 1044/1116/1333
f 1044/1116/1334 1042/1118/1334 1012/1117/1334
f 961/1119/1335 963/1112/1335 962/1113/1335
f 959/1120/1336 961/1119/1336 960/1121/1336
f 962/1113/1337 960/1121/1337 961/1119/1337
f 962/1113/1338 1013/1114/1338 960/1121/1338
f 960/1121/1338 1013/1114/1338 1012/1117/1338
f 1012/1117/1339 1011/1122/1339 960/1121/1339
f 1011/1122/1334 1012/1117/1334 1042/1118/1334
f 1011/1122/1340 1042/1118/1340 1010/1123/1340
f 1011/1122/1341 1010/1123/1341 958/1124/1341
f 958/1124/1339 960/1121/1339 1011/1122/1339
f 960/1121/1342 958/1124/1342 955/1125/1342
f 955/1125/1343 959/1120/1343 960/1121/1343
f 1046/1100/1325 1014/1109/1325 1061/1099/1325
f 1046/1100/1332 1045/1115/1332 1014/1109/1332
f 1045/1115/1317 1046/1100/1317 1077/1102/1317
f 1077/1102/1344 1076/1126/1344 1045/1115/1344
f 1044/1116/1344 1045/1115/1344 1076/1126/1344
f 1076/1126/1345 1074/1127/1345 1044/1116/1345
f 1042/1118/1345 1044/1116/1345 1074/1127/1345
f 1042/1118/1346 1074/1127/1346 1043/1128/1346
f 1010/1123/1340 1042/1118/1340 1043/1128/1340
f 1043/1128/1347 1048/1129/1347 1010/1123/1347
f 1043/1128/1346 1074/1127/1346 1075/1130/1346
f 1048/1129/1348 1043/1128/1348 1080/1131/1348
f 1075/1130/1348 1080/1131/1348 1043/1128/1348
f 1080/1131/1349 1075/1130/1349 1112/1132/1349
f 1106/1133/1349 1112/1132/1349 1075/1130/1349
f 1075/1130/1350 1074/1127/1350 1106/1133/1350
f 1107/1134/1350 1106/1133/1350 1074/1127/1350
f 1074/1127/1351 1076/1126/1351 1107/1134/1351
f 1112/1132/1352 1111/1135/1352 1080/1131/1352
f 1079/1136/1352 1080/1131/1352 1111/1135/1352
f 1080/1131/1353 1079/1136/1353 1048/1129/1353
f 1047/1137/1353 1048/1129/1353 1079/1136/1353
f 1079/1136/1354 1081/1138/1354 1047/1137/1354
f 1049/1139/1354 1047/1137/1354 1081/1138/1354
f 1081/1138/1355 1041/1140/1355 1049/1139/1355
f 1041/1140/1356 1009/1141/1356 1049/1139/1356
f 1041/1140/1357 1040/1142/1357 1009/1141/1357
f 1008/1143/1357 1009/1141/1357 1040/1142/1357
f 1016/1144/1347 1010/1123/1347 1048/1129/1347
f 1048/1129/1358 1047/1137/1358 1016/1144/1358
f 1015/1145/1358 1016/1144/1358 1047/1137/1358
f 1047/1137/1359 1049/1139/1359 1015/1145/1359
f 1017/1146/1359 1015/1145/1359 1049/1139/1359
f 1049/1139/1356 1009/1141/1356 1017/1146/1356
f 1017/1146/1360 1009/1141/1360 954/1147/1360
f 1009/1141/1361 952/1148/1361 954/1147/1361
f 954/1147/1362 952/1148/1362 953/1149/1362
f 951/1150/1363 953/1149/1363 952/1148/1363
f 1017/1146/1360 954/1147/1360 970/1151/1360
f 1015/1145/1364 1017/1146/1364 970/1151/1364
f 965/1152/1365 957/1153/1365 956/1154/1365
f 957/1153/1366 955/1125/1366 956/1154/1366
f 958/1124/1367 956/1154/1367 955/1125/1367
f 956/1154/1341 958/1124/1341 1010/1123/1341
f 1010/1123/1368 1016/1144/1368 956/1154/1368
f 966/1155/1368 956/1154/1368 1016/1144/1368
f 1016/1144/1369 1015/1145/1369 966/1155/1369
f 968/1156/1369 966/1155/1369 1015/1145/1369
f 1015/1145/1364 970/1151/1364 968/1156/1364
f 968/1156/1370 970/1151/1370 967/1157/1370
f 969/1158/1371 967/1157/1371 970/1151/1371
f 970/1151/1372 954/1147/1372 969/1158/1372
f 953/1149/1373 969/1158/1373 954/1147/1373
f 956/1154/1374 966/1155/1374 965/1152/1374
f 967/1157/1375 965/1152/1375 966/1155/1375
f 966/1155/1376 968/1156/1376 967/1157/1376
f 1033/1039/1269 1036/1050/1269 1001/1055/1269
f 1001/1055/1377 1002/1159/1377 1033/1039/1377
f 1002/1159/1273 1001/1055/1273 938/1053/1273
f 938/1053/1378 942/1160/1378 1002/1159/1378
f 938/1053/1379 937/1161/1379 942/1160/1379
f 939/1052/1380 937/1161/1380 938/1053/1380
f 941/1162/1381 947/1163/1381 942/1160/1381
f 937/1161/1382 941/1162/1382 942/1160/1382
f 952/1148/1383 949/1164/1383 951/1150/1383
f 950/1165/1384 951/1150/1384 949/1164/1384
f 950/1165/1385 949/1164/1385 947/1163/1385
f 948/1166/1386 947/1163/1386 949/1164/1386
f 948/1166/1387 942/1160/1387 947/1163/1387
f 942/1160/1388 948/1166/1388 1003/1167/1388
f 1003/1167/1378 1002/1159/1378 942/1160/1378
f 1002/1159/1389 1003/1167/1389 1034/1168/1389
f 1034/1168/1377 1033/1039/1377 1002/1159/1377
f 1033/1039/1390 1034/1168/1390 1065/1037/1390
f 1035/1169/1391 1003/1167/1391 1038/1170/1391
f 1035/1169/1389 1034/1168/1389 1003/1167/1389
f 1034/1168/1392 1035/1169/1392 1066/1171/1392
f 1066/1171/1390 1065/1037/1390 1034/1168/1390
f 1065/1037/1393 1066/1171/1393 1097/1040/1393
f 1098/1172/1393 1097/1040/1393 1066/1171/1393
f 1066/1171/1394 1067/1173/1394 1098/1172/1394
f 1099/1174/1394 1098/1172/1394 1067/1173/1394
f 1067/1173/1395 1070/1175/1395 1099/1174/1395
f 1102/1176/1395 1099/1174/1395 1070/1175/1395
f 1073/1177/1355 1041/1140/1355 1081/1138/1355
f 1073/1177/1396 1072/1178/1396 1041/1140/1396
f 1040/1142/1396 1041/1140/1396 1072/1178/1396
f 1072/1178/1397 1071/1179/1397 1040/1142/1397
f 1039/1180/1397 1040/1142/1397 1071/1179/1397
f 1071/1179/1398 1070/1175/1398 1039/1180/1398
f 1038/1170/1398 1039/1180/1398 1070/1175/1398
f 1038/1170/1399 1070/1175/1399 1035/1169/1399
f 1067/1173/1399 1035/1169/1399 1070/1175/1399
f 1067/1173/1392 1066/1171/1392 1035/1169/1392
f 1070/1175/1400 1071/1179/1400 1102/1176/1400
f 1103/1181/1400 1102/1176/1400 1071/1179/1400
f 1071/1179/1401 1104/1182/1401 1103/1181/1401
f 1104/1182/1401 1071/1179/1401 1072/1178/1401
f 1072/1178/1402 1105/1183/1402 1104/1182/1402
f 1105/1183/1402 1072/1178/1402 1073/1177/1402
f 1073/1177/1403 1113/1184/1403 1105/1183/1403
f 1113/1184/1403 1073/1177/1403 1081/1138/1403
f 1081/1138/1404 1111/1135/1404 1113/1184/1404
f 1111/1135/1404 1081/1138/1404 1079/1136/1404
f 803/1185/1405 734/267/1405 802/266/1405
f 803/1185/1406 802/266/1406 804/1186/1406
f 386/1187/1407 838/1188/1407 385/1189/1407
f 838/1188/1408 386/1187/1408 828/1190/1408
f 807/1191/1409 828/1190/1409 386/1187/1409
f 807/1191/1410 804/1186/1410 828/1190/1410
f 804/1186/1411 807/1191/1411 741/1192/1411
f 803/1185/1412 804/1186/1412 741/1192/1412
f 736/1193/1413 803/1185/1413 741/1192/1413
f 736/1193/1414 734/267/1414 803/1185/1414
f 735/268/1415 734/267/1415 736/1193/1415
f 736/1193/1416 741/1192/1416 735/268/1416
f 742/269/1417 735/268/1417 741/1192/1417
f 838/1188/1418 828/1190/1418 837/1194/1418
f 837/1194/1419 384/1195/1419 838/1188/1419
f 385/1189/1419 838/1188/1419 384/1195/1419
f 384/1195/1420 376/1196/1420 385/1189/1420
f 377/1197/1420 385/1189/1420 376/1196/1420
f 385/1189/1421 377/1197/1421 386/1187/1421
f 367/1198/1422 386/1187/1422 377/1197/1422
f 826/228/1423 805/1199/1423 816/229/1423
f 805/1199/1424 826/228/1424 827/1200/1424
f 827/1200/1425 826/228/1425 836/1201/1425
f 837/1194/1426 827/1200/1426 836/1201/1426
f 837/1194/1427 836/1201/1427 382/1202/1427
f 384/1195/1428 837/1194/1428 382/1202/1428
f 384/1195/1429 382/1202/1429 376/1196/1429
f 366/1203/1430 377/1197/1430 365/1204/1430
f 376/1196/1430 365/1204/1430 377/1197/1430
f 376/1196/1431 374/1205/1431 365/1204/1431
f 374/1205/1432 376/1196/1432 382/1202/1432
f 374/1205/1433 382/1202/1433 375/1206/1433
f 383/1207/1433 375/1206/1433 382/1202/1433
f 382/1202/1434 836/1201/1434 383/1207/1434
f 835/1208/1434 383/1207/1434 836/1201/1434
f 836/1201/1435 826/228/1435 835/1208/1435
f 825/230/1435 835/1208/1435 826/228/1435
f 375/1206/1436 363/1209/1436 374/1205/1436
f 364/1210/1436 374/1205/1436 363/1209/1436
f 364/1210/1437 365/1204/1437 374/1205/1437
f 365/1204/1438 364/1210/1438 339/1211/1438
f 366/1203/1439 365/1204/1439 339/1211/1439
f 366/1203/1440 339/1211/1440 338/1212/1440
f 339/1211/1441 336/216/1441 338/1212/1441
f 336/216/1442 339/1211/1442 354/1213/1442
f 336/216/1443 354/1213/1443 356/215/1443
f 356/215/1444 354/1213/1444 352/217/1444
f 354/1213/1445 339/1211/1445 364/1210/1445
f 364/1210/1446 363/1209/1446 355/1214/1446
f 364/1210/1447 355/1214/1447 354/1213/1447
f 355/1214/1448 351/218/1448 354/1213/1448
f 351/218/1449 352/217/1449 354/1213/1449
f 290/213/1450 289/214/1450 264/1215/1450
f 290/213/1451 264/1215/1451 291/212/1451
f 266/1216/1452 291/212/1452 264/1215/1452
f 266/1216/1453 336/216/1453 291/212/1453
f 337/1217/1454 336/216/1454 266/1216/1454
f 337/1217/1455 338/1212/1455 336/216/1455
f 342/1218/1456 338/1212/1456 337/1217/1456
f 342/1218/1457 367/1198/1457 338/1212/1457
f 366/1203/1458 338/1212/1458 367/1198/1458
f 366/1203/1459 367/1198/1459 377/1197/1459
f 342/1218/1460 337/1217/1460 272/1219/1460
f 265/1220/1461 268/1221/1461 272/1219/1461
f 267/1222/1462 265/1220/1462 272/1219/1462
f 267/1222/1463 272/1219/1463 337/1217/1463
f 337/1217/1464 266/1216/1464 267/1222/1464
f 266/1216/1465 265/1220/1465 267/1222/1465
f 266/1216/1466 264/1215/1466 265/1220/1466
f 268/1221/1467 269/1223/1467 301/1224/1467
f 273/1225/1468 268/1221/1468 301/1224/1468
f 268/1221/1469 273/1225/1469 272/1219/1469
f 273/1225/1470 301/1224/1470 312/1226/1470
f 441/1227/1471 320/1228/1471 318/1229/1471
f 310/1230/1472 318/1229/1472 320/1228/1472
f 318/1229/1473 310/1230/1473 308/1231/1473
f 308/1231/1474 310/1230/1474 300/1232/1474
f 308/1231/1475 300/1232/1475 298/1233/1475
f 300/1232/1476 269/1223/1476 298/1233/1476
f 289/214/1477 298/1233/1477 269/1223/1477
f 269/1223/1478 264/1215/1478 289/214/1478
f 269/1223/1479 268/1221/1479 264/1215/1479
f 265/1220/1480 264/1215/1480 268/1221/1480
f 289/214/1481 283/203/1481 288/1234/1481
f 289/214/1482 288/1234/1482 298/1233/1482
f 299/1235/1483 298/1233/1483 288/1234/1483
f 298/1233/1484 299/1235/1484 308/1231/1484
f 309/1236/1484 308/1231/1484 299/1235/1484
f 308/1231/1485 309/1236/1485 318/1229/1485
f 319/1237/1485 318/1229/1485 309/1236/1485
f 318/1229/1486 319/1237/1486 440/1238/1486
f 439/187/1486 440/1238/1486 319/1237/1486
f 440/1238/229 439/187/229 428/185/229
f 440/1238/1487 441/1227/1487 318/1229/1487
f 429/1239/1488 441/1227/1488 440/1238/1488
f 428/185/1489 429/1239/1489 440/1238/1489
f 402/184/1490 429/1239/1490 428/185/1490
f 402/184/1491 401/1240/1491 429/1239/1491
f 402/184/1492 400/178/1492 401/1240/1492
f 397/1241/1493 401/1240/1493 400/178/1493
f 400/178/1494 398/179/1494 397/1241/1494
f 399/1242/1495 397/1241/1495 398/179/1495
f 430/1243/1496 429/1239/1496 401/1240/1496
f 429/1239/1497 430/1243/1497 441/1227/1497
f 398/179/1498 451/180/1498 399/1242/1498
f 399/1242/1499 451/180/1499 404/182/1499
f 399/1242/1500 404/182/1500 397/1241/1500
f 405/1244/1501 397/1241/1501 404/182/1501
f 405/1244/1502 401/1240/1502 397/1241/1502
f 405/1244/1503 431/1245/1503 401/1240/1503
f 430/1243/1504 401/1240/1504 431/1245/1504
f 430/1243/1505 431/1245/1505 442/1246/1505
f 442/1246/1497 441/1227/1497 430/1243/1497
f 441/1227/1506 442/1246/1506 320/1228/1506
f 442/1246/1507 431/1245/1507 312/1226/1507
f 300/1232/1508 301/1224/1508 269/1223/1508
f 301/1224/1509 300/1232/1509 311/1247/1509
f 311/1247/1510 312/1226/1510 301/1224/1510
f 312/1226/1511 311/1247/1511 321/1248/1511
f 321/1248/1512 442/1246/1512 312/1226/1512
f 321/1248/1506 320/1228/1506 442/1246/1506
f 320/1228/1513 321/1248/1513 310/1230/1513
f 311/1247/1513 310/1230/1513 321/1248/1513
f 310/1230/1509 311/1247/1509 300/1232/1509
f 785/1249/1514 784/1250/1514 777/1251/1514
f 777/1251/1514 784/1250/1514 776/1252/1514
f 777/1251/1515 776/1252/1515 764/1253/1515
f 761/1254/1515 764/1253/1515 776/1252/1515
f 763/1255/1516 761/1254/1516 762/1256/1516
f 764/1253/1516 761/1254/1516 763/1255/1516
f 765/1257/1517 764/1253/1517 763/1255/1517
f 764/1253/1518 765/1257/1518 766/1258/1518
f 766/1258/1519 777/1251/1519 764/1253/1519
f 777/1251/1520 766/1258/1520 778/1259/1520
f 778/1259/1521 785/1249/1521 777/1251/1521
f 785/1249/1522 778/1259/1522 786/1260/1522
f 885/1261/1523 785/1249/1523 786/1260/1523
f 883/1262/1524 785/1249/1524 885/1261/1524
f 874/1263/1525 883/1262/1525 885/1261/1525
f 871/1264/1526 883/1262/1526 874/1263/1526
f 871/1264/1527 874/1263/1527 875/1265/1527
f 875/1265/1528 872/1266/1528 871/1264/1528
f 872/1266/1529 870/1267/1529 871/1264/1529
f 873/1268/1529 871/1264/1529 870/1267/1529
f 871/1264/1530 873/1268/1530 883/1262/1530
f 884/1269/1530 883/1262/1530 873/1268/1530
f 883/1262/1531 884/1269/1531 785/1249/1531
f 784/1250/1531 785/1249/1531 884/1269/1531
f 903/1270/1532 898/1271/1532 853/1272/1532
f 849/1273/1533 853/1272/1533 898/1271/1533
f 903/1270/1534 925/316/1534 900/315/1534
f 903/1270/1535 900/315/1535 898/1271/1535
f 898/1271/1536 900/315/1536 899/311/1536
f 846/310/1537 898/1271/1537 899/311/1537
f 849/1273/1538 898/1271/1538 846/310/1538
f 846/310/1539 848/307/1539 849/1273/1539
f 849/1273/1540 848/307/1540 853/1272/1540
f 848/307/1541 850/306/1541 853/1272/1541
f 850/306/1542 854/275/1542 853/1272/1542
f 854/275/1543 850/306/1543 879/276/1543
f 292/1274/1544 294/1275/1544 305/1276/1544
f 306/1277/1544 305/1276/1544 294/1275/1544
f 305/1276/1545 306/1277/1545 315/1278/1545
f 316/1279/1545 315/1278/1545 306/1277/1545
f 316/1279/1546 437/1280/1546 315/1278/1546
f 316/1279/1546 436/1281/1546 437/1280/1546
f 437/1280/1547 436/1281/1547 424/1282/1547
f 423/1283/1547 424/1282/1547 436/1281/1547
f 423/1283/1548 421/1284/1548 422/1285/1548
f 423/1283/1548 422/1285/1548 424/1282/1548
f 424/1282/1549 422/1285/1549 425/1286/1549
f 424/1282/1550 425/1286/1550 426/1287/1550
f 424/1282/1551 426/1287/1551 437/1280/1551
f 437/1280/1552 426/1287/1552 438/1288/1552
f 437/1280/1553 438/1288/1553 315/1278/1553
f 315/1278/1554 438/1288/1554 317/1289/1554
f 315/1278/1555 317/1289/1555 307/1290/1555
f 315/1278/1556 307/1290/1556 305/1276/1556
f 305/1276/1557 307/1290/1557 297/1291/1557
f 305/1276/1558 297/1291/1558 292/1274/1558
f 297/1291/1559 296/1292/1559 292/1274/1559
f 295/1293/1560 292/1274/1560 296/1292/1560
f 295/1293/1561 293/1294/1561 292/1274/1561
f 294/1275/1561 292/1274/1561 293/1294/1561
f 10/548/1562 17/545/1562 18/1295/1562
f 10/548/1563 18/1295/1563 142/550/1563
f 149/1296/1564 142/550/1564 18/1295/1564
f 149/1296/1565 159/1297/1565 142/550/1565
f 159/1297/1566 149/1296/1566 157/1298/1566
f 158/1299/1567 157/1298/1567 149/1296/1567
f 141/1300/1568 216/136/1568 196/137/1568
f 196/137/1569 137/147/1569 141/1300/1569
f 141/1300/1570 137/147/1570 140/1301/1570
f 140/1301/1571 137/147/1571 142/550/1571
f 142/550/1572 160/115/1572 140/1301/1572
f 160/115/1573 142/550/1573 159/1297/1573
f 160/115/1574 159/1297/1574 163/113/1574
f 164/1302/1575 163/113/1575 159/1297/1575
f 164/1302/1576 173/106/1576 163/113/1576
f 173/106/1577 164/1302/1577 174/104/1577
f 146/118/1578 145/120/1578 144/126/1578
f 144/126/1579 166/1303/1579 146/118/1579
f 144/126/1580 200/125/1580 166/1303/1580
f 219/134/1581 166/1303/1581 200/125/1581
f 219/134/1582 216/136/1582 166/1303/1582
f 216/136/1583 162/1304/1583 166/1303/1583
f 216/136/1584 141/1300/1584 162/1304/1584
f 162/1304/1585 141/1300/1585 161/117/1585
f 141/1300/1586 140/1301/1586 161/117/1586
f 161/117/1587 140/1301/1587 160/115/1587
f 161/117/1588 166/1303/1588 162/1304/1588
f 166/1303/1589 161/117/1589 165/116/1589
f 165/116/1590 146/118/1590 166/1303/1590
f 722/1305/1591 721/1306/1591 661/1307/1591
f 721/1306/1592 722/1305/1592 894/1308/1592
f 895/1309/1592 894/1308/1592 722/1305/1592
f 895/1309/1593 796/1310/1593 894/1308/1593
f 798/1311/1593 894/1308/1593 796/1310/1593
f 798/1311/1594 796/1310/1594 797/1312/1594
f 798/1311/1595 797/1312/1595 799/1313/1595
f 721/1306/1596 894/1308/1596 563/1314/1596
f 563/1314/1596 894/1308/1596 561/1315/1596
f 561/1315/1596 894/1308/1596 135/1316/1596
f 798/1311/1596 135/1316/1596 894/1308/1596
f 135/1316/1596 798/1311/1596 76/1317/1596
f 799/1313/1596 76/1317/1596 798/1311/1596
f 799/1313/1596 390/1318/1596 76/1317/1596
f 799/1313/1597 797/1312/1597 390/1318/1597
f 390/1318/1598 797/1312/1598 389/1319/1598
f 390/1318/1599 389/1319/1599 327/1320/1599
f 135/1316/1600 76/1317/1600 75/1321/1600
f 136/1322/1601 135/1316/1601 75/1321/1601
f 135/1316/1602 136/1322/1602 561/1315/1602
f 564/1323/1602 561/1315/1602 136/1322/1602
f 564/1323/1603 562/1324/1603 561/1315/1603
f 563/1314/1603 561/1315/1603 562/1324/1603
f 661/1307/1604 563/1314/1604 562/1324/1604
f 662/1325/1605 563/1314/1605 661/1307/1605
f 662/1325/1606 661/1307/1606 721/1306/1606
f 721/1306/1596 563/1314/1596 662/1325/1596
f 328/1326/1599 327/1320/1599 389/1319/1599
f 328/1326/1607 326/1327/1607 327/1320/1607
f 329/1328/1607 327/1320/1607 326/1327/1607
f 326/1327/1608 446/1329/1608 329/1328/1608
f 329/1328/1609 446/1329/1609 447/1330/1609
f 446/1329/1610 253/1331/1610 447/1330/1610
f 253/1331/1596 329/1328/1596 447/1330/1596
f 253/1331/1596 191/1332/1596 329/1328/1596
f 329/1328/1596 191/1332/1596 327/1320/1596
f 191/1332/1596 74/1333/1596 327/1320/1596
f 327/1320/1596 74/1333/1596 390/1318/1596
f 74/1333/1596 76/1317/1596 390/1318/1596
f 76/1317/1611 74/1333/1611 75/1321/1611
f 77/1334/1612 75/1321/1612 74/1333/1612
f 74/1333/1613 191/1332/1613 77/1334/1613
f 192/1335/1613 77/1334/1613 191/1332/1613
f 192/1335/1614 191/1332/1614 252/1336/1614
f 253/1331/1614 252/1336/1614 191/1332/1614
f 446/1329/1615 252/1336/1615 253/1331/1615
f 373/1337/1616 371/1338/1616 362/1339/1616
f 358/1340/1617 362/1339/1617 371/1338/1617
f 362/1339/1618 358/1340/1618 361/1341/1618
f 361/1341/1619 358/1340/1619 360/1342/1619
f 360/1342/1620 358/1340/1620 357/1343/1620
f 359/1344/1620 357/1343/1620 358/1340/1620
f 358/1340/1621 371/1338/1621 359/1344/1621
f 372/1345/1621 359/1344/1621 371/1338/1621
f 371/1338/1622 379/1346/1622 372/1345/1622
f 380/1347/1622 372/1345/1622 379/1346/1622
f 379/1346/1623 833/1348/1623 380/1347/1623
f 832/1349/1623 380/1347/1623 833/1348/1623
f 833/1348/1624 822/1350/1624 832/1349/1624
f 820/1351/1624 832/1349/1624 822/1350/1624
f 821/1352/1625 819/1353/1625 820/1351/1625
f 821/1352/1625 820/1351/1625 822/1350/1625
f 823/1354/1626 821/1352/1626 822/1350/1626
f 823/1354/1627 822/1350/1627 824/1355/1627
f 824/1355/1628 822/1350/1628 833/1348/1628
f 834/1356/1629 824/1355/1629 833/1348/1629
f 834/1356/1630 833/1348/1630 379/1346/1630
f 381/1357/1631 834/1356/1631 379/1346/1631
f 381/1357/1632 379/1346/1632 373/1337/1632
f 371/1338/1633 373/1337/1633 379/1346/1633
f 927/485/1634 926/1358/1634 893/487/1634
f 926/1358/1635 928/1359/1635 893/487/1635
f 928/1359/1636 926/1358/1636 936/1360/1636
f 928/1359/1637 936/1360/1637 711/1361/1637
f 720/1362/1638 711/1361/1638 936/1360/1638
f 720/1362/1639 712/1363/1639 711/1361/1639
f 712/1363/1640 700/1364/1640 711/1361/1640
f 701/1365/1641 700/1364/1641 712/1363/1641
f 702/470/1642 700/1364/1642 701/1365/1642
f 700/1364/1643 702/470/1643 647/471/1643
f 704/1366/1644 705/1367/1644 695/1368/1644
f 695/1368/1645 693/1369/1645 704/1366/1645
f 695/1368/1646 694/1370/1646 693/1369/1646
f 693/1369/1647 694/1370/1647 690/1371/1647
f 692/1372/1648 690/1371/1648 691/1373/1648
f 693/1369/1648 690/1371/1648 692/1372/1648
f 692/1372/1649 703/1374/1649 693/1369/1649
f 704/1366/1649 693/1369/1649 703/1374/1649
f 703/1374/1650 713/1375/1650 704/1366/1650
f 714/1376/1650 704/1366/1650 713/1375/1650
f 713/1375/1651 929/1377/1651 714/1376/1651
f 930/1378/1651 714/1376/1651 929/1377/1651
f 930/1378/1652 929/1377/1652 918/1379/1652
f 915/1380/1652 930/1378/1652 918/1379/1652
f 918/1379/1653 916/1381/1653 915/1380/1653
f 917/1382/1653 915/1380/1653 916/1381/1653
f 917/1382/1654 920/1383/1654 915/1380/1654
f 920/1383/1655 919/1384/1655 915/1380/1655
f 915/1380/1656 919/1384/1656 930/1378/1656
f 919/1384/1657 931/1385/1657 930/1378/1657
f 930/1378/1658 931/1385/1658 714/1376/1658
f 715/1386/1659 714/1376/1659 931/1385/1659
f 714/1376/1660 715/1386/1660 705/1367/1660
f 705/1367/1661 704/1366/1661 714/1376/1661
f 169/1387/1662 180/1388/1662 167/1389/1662
f 181/1390/1662 180/1388/1662 169/1387/1662
f 180/1388/1663 181/1390/1663 62/1391/1663
f 63/1392/1663 62/1391/1663 181/1390/1663
f 55/1393/1664 62/1391/1664 63/1392/1664
f 54/1394/1664 55/1393/1664 63/1392/1664
f 55/1393/1665 54/1394/1665 39/1395/1665
f 40/1396/1665 39/1395/1665 54/1394/1665
f 42/1397/1666 41/1398/1666 40/1396/1666
f 41/1398/1666 39/1395/1666 40/1396/1666
f 41/1398/1667 43/1399/1667 39/1395/1667
f 44/1400/1668 39/1395/1668 43/1399/1668
f 39/1395/1669 44/1400/1669 55/1393/1669
f 56/1401/1670 55/1393/1670 44/1400/1670
f 55/1393/1671 56/1401/1671 62/1391/1671
f 64/1402/1672 62/1391/1672 56/1401/1672
f 64/1402/1673 182/1403/1673 62/1391/1673
f 182/1403/1674 180/1388/1674 62/1391/1674
f 182/1403/1675 172/1404/1675 180/1388/1675
f 172/1404/1676 167/1389/1676 180/1388/1676
f 171/1405/1677 167/1389/1677 172/1404/1677
f 167/1389/1678 171/1405/1678 170/1406/1678
f 170/1406/1679 168/1407/1679 167/1389/1679
f 169/1387/1679 167/1389/1679 168/1407/1679
f 1534/1408/1680 1533/1409/1680 1532/1410/1680
f 1531/1411/1680 1532/1410/1680 1533/1409/1680
f 1532/1410/1681 1531/1411/1681 1530/1412/1681
f 1528/1413/1681 1530/1412/1681 1531/1411/1681
f 1530/1412/1682 1528/1413/1682 1524/775/1682
f 1528/1413/1682 1525/1414/1682 1524/775/1682
f 1525/1414/1683 1523/1415/1683 1524/775/1683
f 1522/776/1683 1524/775/1683 1523/1415/1683
f 1523/1415/1684 1510/783/1684 1522/776/1684
f 1516/777/1684 1522/776/1684 1510/783/1684
f 1536/936/1165 1535/928/1165 1539/929/1165
f 1536/936/1685 1533/1409/1685 1535/928/1685
f 1535/928/1685 1533/1409/1685 1534/1408/1685
f 1534/1408/1156 1537/927/1156 1535/928/1156
f 1534/1408/1686 1532/1410/1686 1537/927/1686
f 1532/1410/1686 1541/770/1686 1537/927/1686
f 1532/1410/1687 1530/1412/1687 1541/770/1687
f 1558/771/1687 1541/770/1687 1530/1412/1687
f 1530/1412/1688 1524/775/1688 1558/771/1688
f 1573/772/1688 1558/771/1688 1524/775/1688
f 540/1416/1689 528/1417/1689 530/1418/1689
f 540/1416/1689 530/1418/1689 541/1419/1689
f 540/1416/1690 541/1419/1690 550/1420/1690
f 551/1421/1690 550/1420/1690 541/1419/1690
f 550/1420/1691 551/1421/1691 652/1422/1691
f 651/1423/1691 652/1422/1691 551/1421/1691
f 652/1422/1692 651/1423/1692 638/1424/1692
f 636/1425/1692 638/1424/1692 651/1423/1692
f 530/1418/1693 528/1417/1693 527/1426/1693
f 529/1427/1693 527/1426/1693 528/1417/1693
f 531/1428/1694 529/1427/1694 528/1417/1694
f 531/1428/1695 528/1417/1695 532/1429/1695
f 528/1417/1696 540/1416/1696 532/1429/1696
f 542/1430/1697 532/1429/1697 540/1416/1697
f 540/1416/1698 550/1420/1698 542/1430/1698
f 552/1431/1699 542/1430/1699 550/1420/1699
f 552/1431/1700 550/1420/1700 653/1432/1700
f 653/1432/1701 550/1420/1701 652/1422/1701
f 653/1432/1702 652/1422/1702 641/1433/1702
f 641/1433/1703 652/1422/1703 638/1424/1703
f 641/1433/1704 638/1424/1704 640/1434/1704
f 640/1434/1705 638/1424/1705 637/1435/1705
f 638/1424/1706 636/1425/1706 637/1435/1706
f 639/1436/1706 637/1435/1706 636/1425/1706
f 890/491/1707 880/489/1707 792/1437/1707
f 793/1438/1708 890/491/1708 792/1437/1708
f 793/1438/1709 792/1437/1709 783/1439/1709
f 775/1440/1710 783/1439/1710 792/1437/1710
f 775/1440/1711 772/1441/1711 783/1439/1711
f 772/1441/1712 775/1440/1712 773/500/1712
f 774/502/1713 772/1441/1713 773/500/1713
f 369/1442/1714 325/538/1714 370/520/1714
f 369/1442/1715 368/1443/1715 325/538/1715
f 368/1443/1716 369/1442/1716 378/1444/1716
f 368/1443/1717 378/1444/1717 387/1445/1717
f 388/1446/1718 387/1445/1718 378/1444/1718
f 388/1446/1719 839/1447/1719 387/1445/1719
f 839/1447/1720 829/1448/1720 387/1445/1720
f 829/1448/1721 839/1447/1721 830/1449/1721
f 831/501/1722 829/1448/1722 830/1449/1722
f 829/1448/1723 831/501/1723 773/500/1723
f 815/234/1724 760/260/1724 756/261/1724
f 760/260/1725 815/234/1725 818/265/1725
f 814/232/1726 818/265/1726 815/234/1726
f 818/265/1727 814/232/1727 816/229/1727
f 816/229/1728 802/266/1728 818/265/1728
f 802/266/1729 816/229/1729 805/1199/1729
f 805/1199/1730 804/1186/1730 802/266/1730
f 805/1199/1731 827/1200/1731 804/1186/1731
f 828/1190/1732 804/1186/1732 827/1200/1732
f 827/1200/1418 837/1194/1418 828/1190/1418
f 1276/1450/1733 1283/1451/1733 1281/1452/1733
f 1280/1453/1734 1283/1451/1734 1276/1450/1734
f 1280/1453/1735 1232/1454/1735 1283/1451/1735
f 1231/1455/1736 1232/1454/1736 1280/1453/1736
f 1290/1456/1737 1289/1457/1737 1287/1458/1737
f 1288/1459/1738 1290/1456/1738 1287/1458/1738
f 1288/1459/1739 1287/1458/1739 1285/1460/1739
f 1286/1461/1740 1288/1459/1740 1285/1460/1740
f 1286/1461/1741 1285/1460/1741 1279/1462/1741
f 1284/1463/1742 1286/1461/1742 1279/1462/1742
f 1279/1462/1743 1282/1464/1743 1284/1463/1743
f 1275/1465/1744 1282/1464/1744 1279/1462/1744
f 1275/1465/1745 1281/1452/1745 1282/1464/1745
f 1276/1450/1745 1281/1452/1745 1275/1465/1745
f 1319/1466/1746 1315/1467/1746 1338/1468/1746
f 1315/1467/1747 1319/1466/1747 1316/1469/1747
f 1316/1469/1748 1314/1470/1748 1315/1467/1748
f 1314/1470/1749 1316/1469/1749 1313/1471/1749
f 1313/1471/1750 1317/1472/1750 1314/1470/1750
f 1317/1472/1750 1313/1471/1750 1310/1473/1750
f 1310/1473/1751 1292/1474/1751 1317/1472/1751
f 1292/1474/1752 1310/1473/1752 1291/1475/1752
f 1292/1474/1753 1291/1475/1753 1289/1457/1753
f 1290/1456/1754 1292/1474/1754 1289/1457/1754
f 1156/1476/1755 1155/1477/1755 1158/1478/1755
f 1158/1478/1756 1155/1477/1756 1157/1479/1756
f 1157/1479/1757 1335/1480/1757 1158/1478/1757
f 1339/1481/1758 1158/1478/1758 1335/1480/1758
f 1335/1480/1759 1333/1482/1759 1339/1481/1759
f 1337/1483/1760 1339/1481/1760 1333/1482/1760
f 1337/1483/1761 1333/1482/1761 1332/1484/1761
f 1332/1484/1761 1336/1485/1761 1337/1483/1761
f 1336/1485/1762 1332/1484/1762 1319/1466/1762
f 1319/1466/1762 1338/1468/1762 1336/1485/1762
f 1177/1486/1763 1175/1487/1763 1179/1488/1763
f 1175/1487/1764 1176/1489/1764 1179/1488/1764
f 1175/1487/1765 1149/1490/1765 1176/1489/1765
f 1149/1490/1766 1152/1491/1766 1176/1489/1766
f 1152/1491/1767 1149/1490/1767 1151/1492/1767
f 1151/1492/1767 1149/1490/1767 1150/1493/1767
f 1151/1492/1768 1150/1493/1768 1154/1494/1768
f 1154/1494/1768 1150/1493/1768 1153/1495/1768
f 1154/1494/1769 1153/1495/1769 1156/1476/1769
f 1156/1476/1770 1153/1495/1770 1155/1477/1770
f 1208/1496/1771 1199/1497/1771 1209/1498/1771
f 1201/1499/1772 1209/1498/1772 1199/1497/1772
f 1209/1498/1773 1201/1499/1773 1210/1500/1773
f 1203/1501/1774 1210/1500/1774 1201/1499/1774
f 1210/1500/1775 1203/1501/1775 1183/1502/1775
f 1184/1503/1776 1183/1502/1776 1203/1501/1776
f 1184/1503/1777 1181/1504/1777 1183/1502/1777
f 1181/1504/1778 1180/1505/1778 1183/1502/1778
f 1181/1504/1779 1177/1486/1779 1180/1505/1779
f 1177/1486/1780 1179/1488/1780 1180/1505/1780
f 1232/1506/1781 1231/1507/1781 1228/1508/1781
f 1228/1508/1782 1230/1509/1782 1232/1506/1782
f 1230/1509/1783 1228/1508/1783 1211/1510/1783
f 1211/1510/1784 1212/1511/1784 1230/1509/1784
f 1212/1511/1785 1211/1510/1785 1205/1512/1785
f 1205/1512/1785 1206/1513/1785 1212/1511/1785
f 1206/1513/1786 1205/1512/1786 1200/1514/1786
f 1200/1514/1787 1207/1515/1787 1206/1513/1787
f 1207/1515/1788 1200/1514/1788 1208/1496/1788
f 1199/1497/1789 1208/1496/1789 1200/1514/1789
f 1509/1516/1790 1506/1517/1790 1508/1518/1790
f 1506/1517/1791 1509/1516/1791 1507/1519/1791
f 1507/1519/1792 1504/1520/1792 1506/1517/1792
f 1504/1520/1793 1507/1519/1793 1505/1521/1793
f 1505/1521/1794 1499/1522/1794 1504/1520/1794
f 1499/1522/1795 1505/1521/1795 1503/1523/1795
f 1499/1522/1796 1503/1523/1796 1500/1524/1796
f 1500/1524/1796 1496/1525/1796 1499/1522/1796
f 1496/1525/1797 1500/1524/1797 1501/1526/1797
f 1501/1526/1797 1495/1527/1797 1496/1525/1797
f 1495/1527/1798 1501/1526/1798 1502/1528/1798
f 1502/1528/1799 1494/1529/1799 1495/1527/1799
f 1494/1529/1800 1502/1528/1800 1468/1530/1800
f 1468/1530/1801 1467/1531/1801 1494/1529/1801
f 506/1532/1802 497/411/1802 505/1533/1802
f 506/1532/1803 518/1534/1803 497/411/1803
f 518/1534/1804 506/1532/1804 517/1535/1804
f 519/1536/1805 517/1535/1805 506/1532/1805
f 5/562/1806 2/66/1806 1/552/1806
f 79/567/1807 2/66/1807 5/562/1807
f 79/567/1808 78/65/1808 2/66/1808
f 79/567/1809 490/569/1809 78/65/1809
f 78/65/1810 490/569/1810 492/412/1810
f 492/412/1811 490/569/1811 489/571/1811
f 489/571/1812 497/411/1812 492/412/1812
f 497/411/1813 489/571/1813 498/354/1813
f 498/354/1814 505/1533/1814 497/411/1814
f 618/353/1815 505/1533/1815 498/354/1815
f 553/374/483 554/371/483 655/370/483
f 553/374/1816 544/1537/1816 554/371/1816
f 553/374/1816 543/377/1816 544/1537/1816
f 543/377/1817 534/1538/1817 544/1537/1817
f 543/377/1817 533/379/1817 534/1538/1817
f 533/379/1818 524/1539/1818 534/1538/1818
f 533/379/1819 523/407/1819 524/1539/1819
f 524/1539/1820 523/407/1820 518/1534/1820
f 518/1534/1821 523/407/1821 520/408/1821
f 520/408/1822 497/411/1822 518/1534/1822
f 1040/1142/1823 1039/1180/1823 1008/1143/1823
f 1007/1540/1823 1008/1143/1823 1039/1180/1823
f 1039/1180/1824 1038/1170/1824 1007/1540/1824
f 1006/1541/1824 1007/1540/1824 1038/1170/1824
f 1006/1541/1391 1038/1170/1391 1003/1167/1391
f 1006/1541/1388 1003/1167/1388 948/1166/1388
f 948/1166/1825 949/1164/1825 1006/1541/1825
f 1007/1540/1825 1006/1541/1825 949/1164/1825
f 1008/1143/1826 1007/1540/1826 949/1164/1826
f 1008/1143/1826 949/1164/1826 952/1148/1826
f 1009/1141/1361 1008/1143/1361 952/1148/1361
f 1531/1542/1827 1545/1543/1827 1526/1544/1827
f 1528/1545/1828 1531/1542/1828 1526/1544/1828
f 1528/1545/1829 1526/1544/1829 1527/1546/1829
f 1525/1547/1830 1528/1545/1830 1527/1546/1830
f 1525/1547/1831 1527/1546/1831 1529/1548/1831
f 1523/1549/1831 1525/1547/1831 1529/1548/1831
f 1523/1549/1832 1529/1548/1832 1511/1550/1832
f 1510/1551/1833 1523/1549/1833 1511/1550/1833
f 1511/1550/1834 1508/1518/1834 1510/1551/1834
f 1508/1518/1835 1511/1550/1835 1509/1516/1835
f 1408/1552/1836 1409/1553/1836 1398/1554/1836
f 1397/1555/1837 1398/1554/1837 1409/1553/1837
f 1397/1555/1838 1409/1553/1838 1542/1556/1838
f 1542/1556/1839 1409/1553/1839 1546/1557/1839
f 1542/1556/1840 1546/1557/1840 1536/1558/1840
f 1536/1558/1841 1546/1557/1841 1543/1559/1841
f 1536/1558/1842 1543/1559/1842 1533/1560/1842
f 1533/1560/1842 1543/1559/1842 1544/1561/1842
f 1533/1560/1843 1544/1561/1843 1531/1542/1843
f 1531/1542/1843 1544/1561/1843 1545/1543/1843
f 1426/1562/1844 1423/1563/1844 1424/1564/1844
f 1423/1563/1845 1426/1562/1845 1425/1565/1845
f 1425/1565/1846 1403/1566/1846 1423/1563/1846
f 1403/1566/1847 1425/1565/1847 1404/1567/1847
f 1404/1567/1848 1402/1568/1848 1403/1566/1848
f 1405/1569/1848 1403/1566/1848 1402/1568/1848
f 1402/1568/1849 1406/1570/1849 1405/1569/1849
f 1407/1571/1849 1405/1569/1849 1406/1570/1849
f 1406/1570/1850 1408/1552/1850 1407/1571/1850
f 1398/1554/1851 1407/1571/1851 1408/1552/1851
f 1449/1572/1852 1450/1573/1852 1443/1574/1852
f 1450/1573/1853 1445/1575/1853 1443/1574/1853
f 1450/1573/1854 1451/1576/1854 1445/1575/1854
f 1451/1576/1855 1444/1577/1855 1445/1575/1855
f 1451/1576/1856 1429/1578/1856 1444/1577/1856
f 1429/1578/1857 1430/1579/1857 1444/1577/1857
f 1430/1579/1858 1429/1578/1858 1428/1580/1858
f 1427/1581/1859 1428/1580/1859 1429/1578/1859
f 1428/1580/1860 1427/1581/1860 1424/1564/1860
f 1426/1562/1861 1424/1564/1861 1427/1581/1861
f 1468/1582/1862 1465/1583/1862 1467/1584/1862
f 1466/1585/1863 1465/1583/1863 1468/1582/1863
f 1466/1585/1864 1452/1586/1864 1465/1583/1864
f 1453/1587/1865 1452/1586/1865 1466/1585/1865
f 1453/1587/1866 1446/1588/1866 1452/1586/1866
f 1447/1589/1866 1446/1588/1866 1453/1587/1866
f 1447/1589/1867 1442/1590/1867 1446/1588/1867
f 1448/1591/1868 1442/1590/1868 1447/1589/1868
f 1448/1591/1869 1449/1572/1869 1442/1590/1869
f 1449/1572/1870 1443/1574/1870 1442/1590/1870
f 1322/1592/1871 1357/984/1871 1379/1593/1871
f 1380/990/1871 1379/1593/1871 1357/984/1871
f 1379/1593/1872 1380/990/1872 1308/1594/1872
f 1309/1595/1873 1308/1594/1873 1380/990/1873
f 1309/1595/1874 1303/1596/1874 1308/1594/1874
f 1303/1596/1874 1309/1595/1874 1307/1597/1874
f 1303/1596/1875 1307/1597/1875 1306/755/1875
f 1307/1597/972 1384/991/972 1306/755/972
f 1365/754/972 1306/755/972 1384/991/972
f 1383/752/972 1365/754/972 1384/991/972
f 1307/1597/1217 1309/1595/1217 1384/991/1217
f 1381/992/1217 1384/991/1217 1309/1595/1217
f 1309/1595/1218 1380/990/1218 1381/992/1218
f 1358/989/1218 1381/992/1218 1380/990/1218
f 1297/743/1875 1303/1596/1875 1306/755/1875
f 1303/1596/1876 1297/743/1876 1302/739/1876
f 1302/739/1877 1308/1594/1877 1303/1596/1877
f 1308/1594/1878 1302/739/1878 1311/1598/1878
f 1311/1598/1879 1312/1599/1879 1308/1594/1879
f 1379/1593/1879 1308/1594/1879 1312/1599/1879
f 1312/1599/1880 1318/1600/1880 1379/1593/1880
f 1322/1592/1880 1379/1593/1880 1318/1600/1880
f 1322/1592/1881 1318/1600/1881 1321/972/1881
f 1322/1592/1211 1321/972/1211 1357/984/1211
f 1289/738/961 1291/1601/961 1302/739/961
f 1291/1601/1882 1310/1602/1882 1302/739/1882
f 1302/739/1882 1310/1602/1882 1311/1598/1882
f 1310/1602/1883 1313/1603/1883 1311/1598/1883
f 1313/1603/1883 1312/1599/1883 1311/1598/1883
f 1312/1599/1884 1313/1603/1884 1316/967/1884
f 1316/967/1884 1318/1600/1884 1312/1599/1884
f 1318/1600/1195 1316/967/1195 1320/966/1195
f 1320/966/1881 1321/972/1881 1318/1600/1881
f 1320/966/1201 1331/969/1201 1321/972/1201
f 1108/1604/1351 1107/1134/1351 1076/1126/1351
f 1076/1126/1885 1109/1605/1885 1108/1604/1885
f 1077/1102/1885 1109/1605/1885 1076/1126/1885
f 1077/1102/1886 1110/1606/1886 1109/1605/1886
f 1078/1101/1886 1110/1606/1886 1077/1102/1886
f 1078/1101/1887 1125/1607/1887 1110/1606/1887
f 1093/1094/1887 1125/1607/1887 1078/1101/1887
f 1093/1094/1888 1122/1084/1888 1125/1607/1888
f 1090/1085/1889 1122/1084/1889 1093/1094/1889
f 1090/1085/1301 1091/1083/1301 1122/1084/1301
f 482/1608/1890 471/1609/1890 481/1610/1890
f 469/1611/1891 481/1610/1891 471/1609/1891
f 469/1611/1892 471/1609/1892 472/1612/1892
f 472/1612/1893 467/1613/1893 469/1611/1893
f 470/1614/1894 468/1615/1894 467/1613/1894
f 469/1611/1894 467/1613/1894 468/1615/1894
f 468/1615/1895 480/1616/1895 469/1611/1895
f 481/1610/1895 469/1611/1895 480/1616/1895
f 480/1616/1896 243/1617/1896 481/1610/1896
f 481/1610/1896 243/1617/1896 242/1618/1896
f 243/1617/1897 235/1619/1897 242/1618/1897
f 234/1620/1897 242/1618/1897 235/1619/1897
f 235/1619/1898 222/1621/1898 234/1620/1898
f 234/1620/1898 222/1621/1898 221/1622/1898
f 222/1621/1899 220/1623/1899 221/1622/1899
f 223/1624/1899 221/1622/1899 220/1623/1899
f 224/1625/1900 221/1622/1900 223/1624/1900
f 221/1622/1901 224/1625/1901 225/1626/1901
f 225/1626/1902 234/1620/1902 221/1622/1902
f 234/1620/1903 225/1626/1903 236/1627/1903
f 236/1627/1904 242/1618/1904 234/1620/1904
f 244/1628/1905 242/1618/1905 236/1627/1905
f 244/1628/1906 482/1608/1906 242/1618/1906
f 481/1610/1907 242/1618/1907 482/1608/1907
f 455/183/1908 452/181/1908 476/1629/1908
f 455/183/1909 476/1629/1909 249/130/1909
f 486/1630/1910 249/130/1910 476/1629/1910
f 249/130/1911 486/1630/1911 248/1631/1911
f 248/1631/1912 486/1630/1912 247/1632/1912
f 485/1633/1912 247/1632/1912 486/1630/1912
f 486/1630/1913 476/1629/1913 485/1633/1913
f 475/1634/1913 485/1633/1913 476/1629/1913
f 476/1629/1914 452/181/1914 475/1634/1914
f 453/175/1915 475/1634/1915 452/181/1915
f 453/175/1916 452/181/1916 450/174/1916
f 453/175/1917 465/169/1917 474/1635/1917
f 453/175/1918 474/1635/1918 475/1634/1918
f 474/1635/1919 484/1636/1919 475/1634/1919
f 485/1633/1920 475/1634/1920 484/1636/1920
f 484/1636/1921 245/142/1921 485/1633/1921
f 247/1632/1922 485/1633/1922 245/142/1922
f 245/142/1923 239/140/1923 247/1632/1923
f 247/1632/1924 239/140/1924 248/1631/1924
f 248/1631/1924 239/140/1924 240/129/1924
f 248/1631/1925 240/129/1925 249/130/1925
f 461/157/1926 464/1637/1926 465/169/1926
f 464/1637/1927 473/1638/1927 465/169/1927
f 474/1635/1928 465/169/1928 473/1638/1928
f 473/1638/1929 483/1639/1929 474/1635/1929
f 484/1636/1929 474/1635/1929 483/1639/1929
f 483/1639/1930 246/1640/1930 484/1636/1930
f 245/142/1930 484/1636/1930 246/1640/1930
f 246/1640/1931 238/1641/1931 245/142/1931
f 245/142/1931 238/1641/1931 237/141/1931
f 238/1641/173 227/143/173 237/141/173
f 118/1642/1932 119/1643/1932 108/1644/1932
f 118/1642/1933 108/1644/1933 106/1645/1933
f 106/1645/1934 108/1644/1934 109/1646/1934
f 104/1647/1935 106/1645/1935 109/1646/1935
f 107/1648/1936 105/1649/1936 104/1647/1936
f 106/1645/1936 104/1647/1936 105/1649/1936
f 105/1649/1937 117/1650/1937 106/1645/1937
f 118/1642/1937 106/1645/1937 117/1650/1937
f 128/1651/1938 118/1642/1938 117/1650/1938
f 128/1651/1938 127/1652/1938 118/1642/1938
f 128/1651/1939 599/1653/1939 127/1652/1939
f 598/1654/1939 127/1652/1939 599/1653/1939
f 587/1655/1940 598/1654/1940 599/1653/1940
f 587/1655/1940 584/1656/1940 598/1654/1940
f 587/1655/1941 585/1657/1941 584/1656/1941
f 586/1658/1941 584/1656/1941 585/1657/1941
f 584/1656/1942 586/1658/1942 588/1659/1942
f 584/1656/1943 588/1659/1943 589/1660/1943
f 598/1654/1944 584/1656/1944 589/1660/1944
f 598/1654/1945 589/1660/1945 600/1661/1945
f 127/1652/1946 598/1654/1946 600/1661/1946
f 127/1652/1947 600/1661/1947 129/1662/1947
f 127/1652/1948 129/1662/1948 119/1643/1948
f 127/1652/1949 119/1643/1949 118/1642/1949
f 1226/658/1950 1235/715/1950 1225/651/1950
f 1237/650/887 1225/651/887 1235/715/887
f 1237/650/937 1235/715/937 1242/713/937
f 1242/713/937 1241/808/937 1237/650/937
f 1242/713/936 1269/710/936 1241/808/936
f 1271/807/936 1241/808/936 1269/710/936
f 1269/710/935 1270/709/935 1271/807/935
f 1377/806/935 1271/807/935 1270/709/935
f 1270/709/1034 1378/809/1034 1377/806/1034
f 1375/805/1034 1377/806/1034 1378/809/1034
