# Blender v2.78 (sub 0) OBJ File: ''
# www.blender.org
mtllib wheel.mtl
o Wheel_Pedigree_SM
v 2.885242 14.504914 -6.664065
v 0.000024 14.789148 -6.664065
v 0.000022 15.884501 -5.133654
v 3.098929 15.579202 -5.133652
v 0.000032 13.471981 -7.264383
v 2.628304 13.213148 -7.264380
v 0.000022 11.521956 -6.933898
v 2.247851 11.300563 -6.933898
v 0.000021 11.592887 -5.865598
v 2.261691 11.370059 -5.865598
v 5.155497 12.446522 -7.264380
v 5.659609 13.663324 -6.664065
v 6.078733 14.675299 -5.133652
v 0.000026 16.267397 -2.833505
v 3.173617 15.954801 -2.833504
v 0.000022 16.313002 0.000001
v 3.182517 15.999499 0.000002
v 4.409276 10.644873 -6.933897
v 6.225328 15.029102 -2.833503
v 8.216441 12.296717 -6.664064
v 8.824933 13.207401 -5.133651
v 7.484719 11.201611 -7.264380
v 6.401340 9.580212 -6.933896
v 4.436425 10.710373 -5.865598
v 6.440697 9.639153 -5.865598
v 9.037721 13.525901 -2.833502
v 10.457498 10.457541 -6.664062
v 11.232043 11.231997 -5.133650
v 9.526175 9.526124 -7.264380
v 8.147299 8.147267 -6.933896
v 8.197424 8.197392 -5.865597
v 13.207422 8.824896 -5.133649
v 12.296748 8.216395 -6.664062
v 11.502837 11.502796 -2.833502
v 6.242712 15.071202 0.000003
v 9.063015 13.563803 0.000004
v 6.225313 15.029102 2.833508
v 3.173609 15.954801 2.833508
v 6.078710 14.675301 5.133660
v 3.098913 15.579200 5.133659
v 8.824910 13.207402 5.133658
v 9.037712 13.525902 2.833510
v 8.216413 12.296718 6.664072
v 5.659589 13.663324 6.664072
v 2.885214 14.504918 6.664070
v 0.000004 14.789148 6.664070
v 0.000001 13.471981 7.264387
v 2.628273 13.213151 7.264389
v 0.000006 15.884503 5.133659
v 0.000010 16.267403 2.833507
v 6.401303 9.580213 6.933903
v 6.440664 9.639150 5.865603
v 8.147271 8.147269 6.933903
v 8.197382 8.197392 5.865605
v 4.409224 10.644876 6.933905
v 4.436385 10.710373 5.865604
v 2.247823 11.300563 6.933903
v 2.261657 11.370060 5.865602
v 0.000002 11.521957 6.933902
v 0.000004 11.592887 5.865602
v 9.526135 9.526128 7.264391
v 7.484681 11.201613 7.264389
v 15.954783 3.173598 2.833510
v 15.579185 3.098898 5.133662
v 16.267387 -0.000003 2.833508
v 15.884374 -0.000003 5.133661
v 14.675285 6.078700 5.133662
v 15.029093 6.225300 2.833510
v 13.663307 5.659580 6.664075
v 14.504907 2.885203 6.664073
v 12.296705 8.216396 6.664073
v 13.207407 8.824897 5.133661
v 11.201605 7.484671 7.264389
v 12.446533 5.155558 7.264390
v 10.457457 10.457542 6.664073
v 9.580191 6.401294 6.933904
v 9.639053 6.440654 5.865604
v 10.644888 4.409317 6.933906
v 10.710382 4.436377 5.865606
v 11.370068 2.261647 5.865604
v 11.300569 2.247809 6.933905
v 13.213157 2.628265 7.264390
v 11.592906 -0.000003 5.865605
v 11.521969 -0.000003 6.933904
v 13.471970 -0.000003 7.264389
v 14.789125 -0.000003 6.664072
v 15.579182 -3.098905 5.133660
v 15.954779 -3.173605 2.833509
v 14.675296 -6.078706 5.133660
v 15.029089 -6.225306 2.833508
v 14.504905 -2.885210 6.664072
v 13.663305 -5.659585 6.664072
v 12.296743 -8.216404 6.664070
v 13.207392 -8.824904 5.133657
v 10.457442 -10.457554 6.664068
v 11.232018 -11.232005 5.133657
v 9.526126 -9.526145 7.264386
v 11.201627 -7.484680 7.264385
v 9.580225 -6.401301 6.933901
v 8.147287 -8.147275 6.933899
v 13.213161 -2.628272 7.264390
v 12.446534 -5.155559 7.264389
v 10.644883 -4.409323 6.933904
v 11.300575 -2.247816 6.933904
v 8.197400 -8.197399 5.865603
v 6.440648 -9.639160 5.865600
v 6.401296 -9.580219 6.933898
v 9.639063 -6.440660 5.865601
v 10.710384 -4.436384 5.865603
v 11.370071 -2.261653 5.865604
v 4.409207 -10.644881 6.933900
v 4.436376 -10.710379 5.865600
v 9.037716 -13.525910 2.833505
v 9.063026 -13.563809 -0.000001
v 11.502820 -11.502806 2.833506
v 11.535028 -11.535005 0.000000
v 8.824914 -13.207410 5.133656
v 8.216410 -12.296728 6.664068
v 7.484667 -11.201622 7.264385
v 6.225315 -15.029110 2.833502
v 6.242722 -15.071211 -0.000002
v 6.078713 -14.675312 5.133655
v 5.659593 -13.663331 6.664066
v 5.155440 -12.446530 7.264385
v 2.247813 -11.300572 6.933898
v 2.628262 -13.213157 7.264385
v 2.261641 -11.370066 5.865598
v -0.000008 -11.521967 6.933898
v -0.000006 -11.592892 5.865599
v -0.000002 -13.471992 7.264384
v -0.000009 -14.789160 6.664065
v 2.885217 -14.504925 6.664065
v 3.098916 -15.579210 5.133653
v 3.173611 -15.954811 2.833501
v 3.182527 -15.999513 -0.000004
v 6.225331 -15.029110 -2.833508
v 3.173627 -15.954810 -2.833510
v 9.037732 -13.525910 -2.833507
v 8.824929 -13.207412 -5.133656
v 6.078729 -14.675312 -5.133657
v 0.000008 -15.884509 5.133653
v 0.000012 -16.267403 2.833501
v 0.000016 -16.313002 -0.000004
v 0.000020 -16.267405 -2.833511
v 3.098931 -15.579210 -5.133657
v 0.000032 -15.884509 -5.133659
v 8.216436 -12.296729 -6.664068
v 5.659613 -13.663334 -6.664068
v 2.885238 -14.504928 -6.664068
v 0.000035 -14.789161 -6.664072
v 0.000029 -13.471993 -7.264388
v 2.628301 -13.213161 -7.264386
v 5.155479 -12.446531 -7.264386
v 7.484710 -11.201621 -7.264385
v 10.457477 -10.457556 -6.664065
v 9.526170 -9.526145 -7.264385
v 11.232034 -11.232005 -5.133655
v 11.502828 -11.502806 -2.833507
v 2.247849 -11.300573 -6.933903
v 4.409252 -10.644884 -6.933901
v 6.401332 -9.580223 -6.933901
v 2.261681 -11.370067 -5.865601
v 4.436408 -10.710381 -5.865601
v 0.000028 -11.521967 -6.933904
v 0.000027 -11.592896 -5.865603
v 6.440681 -9.639158 -5.865601
v 8.147330 -8.147277 -6.933900
v 8.197440 -8.197398 -5.865598
v 9.580259 -6.401300 -6.933898
v 11.201670 -7.484680 -7.264383
v 12.446575 -5.155563 -7.264383
v 10.644927 -4.409324 -6.933897
v 13.663346 -5.659585 -6.664065
v 12.296764 -8.216407 -6.664064
v 14.504946 -2.885210 -6.664062
v 13.213198 -2.628273 -7.264383
v 15.579219 -3.098905 -5.133652
v 14.675335 -6.078707 -5.133653
v 16.312984 -0.000003 0.000004
v 15.954812 -3.173604 -2.833503
v 16.267397 -0.000003 -2.833503
v 15.999492 -3.182504 0.000003
v 15.884413 -0.000003 -5.133651
v 15.029107 -6.225306 -2.833504
v 13.207422 -8.824904 -5.133652
v 15.071200 -6.242706 0.000002
v 13.525810 -9.037704 -2.833505
v 13.563690 -9.063004 0.000001
v 13.525801 -9.037704 2.833508
v 15.999496 3.182498 0.000004
v 5.155450 12.446524 7.264389
v 11.232019 11.231997 5.133661
v 13.525801 9.037697 2.833510
v 15.071198 6.242700 0.000005
v 13.563706 9.062997 0.000005
v 11.502814 11.502796 2.833511
v 11.535037 11.534996 0.000004
v 13.525810 9.037695 -2.833502
v 15.029088 6.225300 -2.833501
v 15.954793 3.173599 -2.833502
v 14.675285 6.078699 -5.133650
v -9.526111 -9.526139 -7.264390
v -11.201571 -7.484681 -7.264389
v -9.580174 -6.401301 -6.933906
v -8.147246 -8.147278 -6.933906
v -7.484667 -11.201624 -7.264390
v -6.401288 -9.580220 -6.933906
v -5.155420 -12.446533 -7.264389
v -4.409193 -10.644883 -6.933904
v -5.659551 -13.663335 -6.664074
v -8.216376 -12.296732 -6.664074
v -10.457426 -10.457553 -6.664077
v -11.231990 -11.232008 -5.133663
v -8.824872 -13.207412 -5.133661
v -6.078680 -14.675310 -5.133661
v -3.098867 -15.579209 -5.133659
v -2.885175 -14.504929 -6.664072
v -2.628234 -13.213161 -7.264389
v -13.563690 -9.063005 -0.000008
v -11.502784 -11.502808 -2.833514
v -11.534999 -11.535007 -0.000008
v -13.525793 -9.037705 -2.833514
v -13.207385 -8.824905 -5.133663
v -9.037674 -13.525910 -2.833514
v -6.225290 -15.029113 -2.833513
v -3.173578 -15.954812 -2.833511
v -3.182478 -15.999514 -0.000006
v -2.885212 -14.504927 6.664065
v -5.659594 -13.663334 6.664064
v -3.098898 -15.579211 5.133651
v -6.078719 -14.675311 5.133650
v -3.173594 -15.954813 2.833499
v -6.225314 -15.029111 2.833499
v -6.242697 -15.071212 -0.000007
v -9.063001 -13.563811 -0.000007
v -2.628289 -13.213158 7.264382
v -5.155467 -12.446532 7.264382
v -7.484689 -11.201622 7.264380
v -8.216411 -12.296729 6.664064
v -6.401309 -9.580222 6.933895
v -4.409237 -10.644881 6.933897
v -9.526133 -9.526140 7.264380
v -8.147275 -8.147278 6.933896
v -2.247821 -11.300572 6.933897
v -4.436393 -10.710380 5.865595
v -6.440665 -9.639160 5.865594
v -2.261661 -11.370067 5.865596
v -8.197392 -8.197398 5.865594
v -9.580194 -6.401300 6.933895
v -9.639031 -6.440660 5.865595
v -10.644867 -4.409324 6.933895
v -10.710367 -4.436384 5.865593
v -11.300565 -2.247817 6.933896
v -11.370053 -2.261654 5.865595
v -11.521981 -0.000004 6.933896
v -11.592902 -0.000004 5.865594
v -12.446521 -5.155561 7.264380
v -13.213144 -2.628273 7.264381
v -11.201604 -7.484677 7.264380
v -13.663336 -5.659584 6.664062
v -14.504937 -2.885209 6.664062
v -12.296702 -8.216407 6.664063
v -10.457447 -10.457555 6.664062
v -8.824896 -13.207412 5.133649
v -14.789158 -0.000004 6.664062
v -13.471991 -0.000004 7.264382
v -14.675302 -6.078707 5.133649
v -13.207407 -8.824905 5.133649
v -15.579209 -3.098906 5.133649
v -15.884413 -0.000004 5.133650
v -15.579205 3.098897 5.133651
v -14.504926 2.885202 6.664062
v -13.213151 2.628265 7.264382
v -11.300561 2.247808 6.933897
v -12.446529 5.155556 7.264383
v -10.644888 4.409317 6.933896
v -13.663342 5.659577 6.664066
v -9.580213 6.401294 6.933898
v -10.710372 4.436377 5.865596
v -9.639052 6.440653 5.865598
v -11.370059 2.261646 5.865596
v -11.201616 7.484673 7.264384
v -8.147291 8.147269 6.933900
v -9.526126 9.526135 7.264385
v -12.296719 8.216396 6.664066
v -10.457432 10.457545 6.664067
v -7.484680 11.201610 7.264384
v -8.216398 12.296718 6.664067
v -5.659583 13.663323 6.664068
v -5.155455 12.446520 7.264386
v -6.078721 14.675302 5.133656
v -8.824892 13.207402 5.133653
v -3.098893 15.579201 5.133657
v -2.885207 14.504919 6.664069
v -11.231996 11.231997 5.133654
v -6.401293 9.580213 6.933901
v -4.409220 10.644875 6.933902
v -2.628262 13.213151 7.264387
v -2.247803 11.300563 6.933902
v -6.440657 9.639150 5.865598
v -4.436384 10.710373 5.865599
v -8.197409 8.197391 5.865596
v -2.261644 11.370059 5.865600
v -3.182481 15.999500 0.000000
v -6.225294 15.029101 2.833504
v -3.173589 15.954799 2.833505
v -6.242692 15.071199 -0.000001
v -3.098870 15.579201 -5.133656
v -3.173580 15.954801 -2.833506
v -6.225285 15.029101 -2.833507
v -9.037670 13.525901 -2.833509
v -9.062981 13.563802 -0.000002
v -11.502767 11.502793 -2.833510
v -11.534983 11.534994 -0.000003
v -11.231965 11.231994 -5.133658
v -8.824861 13.207400 -5.133657
v -10.457413 10.457545 -6.664070
v -13.207377 8.824896 -5.133659
v -12.296700 8.216396 -6.664072
v -13.525777 9.037696 -2.833511
v -13.563677 9.062995 -0.000004
v -11.502782 11.502793 2.833502
v -13.525786 9.037695 2.833501
v -9.037686 13.525902 2.833502
v -13.207393 8.824897 5.133653
v -15.071200 6.242700 -0.000006
v -15.029108 6.225299 2.833500
v -15.029098 6.225299 -2.833512
v -14.675305 6.078699 5.133650
v -15.999507 3.182497 -0.000007
v -15.954804 3.173598 2.833498
v -15.954787 3.173597 -2.833513
v -14.675296 6.078700 -5.133660
v -15.579189 3.098897 -5.133661
v -16.267395 -0.000004 -2.833514
v -15.884375 -0.000004 -5.133662
v -13.663300 5.659576 -6.664072
v -14.504901 2.885201 -6.664074
v -14.789121 -0.000004 -6.664074
v -14.504889 -2.885210 -6.664073
v -15.579170 -3.098906 -5.133662
v -13.471945 -0.000004 -7.264389
v -13.213119 2.628264 -7.264389
v -11.370032 2.261646 -5.865605
v -11.592859 -0.000004 -5.865607
v -11.300527 2.247808 -6.933904
v -11.521922 -0.000004 -6.933904
v -12.446496 5.155554 -7.264389
v -11.201596 7.484674 -7.264389
v -9.526099 9.526137 -7.264386
v -11.300529 -2.247817 -6.933904
v -13.213108 -2.628274 -7.264389
v -10.644843 4.409317 -6.933904
v -9.580194 6.401294 -6.933904
v -8.147272 8.147268 -6.933901
v -7.484658 11.201610 -7.264386
v -8.216379 12.296717 -6.664068
v -6.401272 9.580212 -6.933901
v -5.155425 12.446519 -7.264386
v -4.409191 10.644875 -6.933898
v -2.628239 13.213146 -7.264383
v -2.247783 11.300562 -6.933898
v -2.261618 11.370059 -5.865601
v -4.436360 10.710373 -5.865601
v -6.440648 9.639150 -5.865601
v -8.197400 8.197391 -5.865603
v -9.639031 6.440653 -5.865603
v -10.710346 4.436376 -5.865604
v -6.440656 -9.639160 -5.865606
v -8.197367 -8.197399 -5.865606
v -9.639012 -6.440660 -5.865606
v -10.644840 -4.409324 -6.933908
v -10.710333 -4.436385 -5.865606
v -11.370020 -2.261655 -5.865606
v -12.446486 -5.155563 -7.264392
v -12.296677 -8.216408 -6.664074
v -13.663295 -5.659585 -6.664074
v -15.954783 -3.173606 -2.833514
v -14.675278 -6.078707 -5.133663
v -15.029078 -6.225307 -2.833514
v -15.071182 -6.242706 -0.000008
v -15.999496 -3.182506 -0.000008
v -15.954793 -3.173605 2.833497
v -15.029088 -6.225307 2.833498
v -13.525802 -9.037705 2.833497
v -11.502792 -11.502808 2.833497
v -11.231997 -11.232006 5.133650
v -9.037690 -13.525911 2.833497
v -6.078683 14.675302 -5.133655
v -2.885179 14.504915 -6.664067
v -5.659555 13.663323 -6.664068
v -6.841232 -10.238678 4.439887
v -8.707223 -8.707230 4.439889
v -10.238644 -6.841229 4.439888
v -10.350167 -6.915745 -0.000007
v -8.802143 -8.802143 -0.000007
v -8.707198 -8.707230 -4.439898
v -10.238630 -6.841229 -4.439899
v -6.915743 -10.350196 -0.000006
v -6.841227 -10.238678 -4.439899
v -4.763671 -11.500542 -0.000006
v -4.712304 -11.376628 -4.439897
v -2.428509 -12.208916 -0.000005
v -2.402251 -12.077308 -4.439897
v -4.436369 -10.710381 -5.865604
v -2.261619 -11.370068 -5.865605
v -11.500515 -4.763667 -0.000007
v -11.376584 -4.712313 -4.439899
v -11.376605 -4.712312 4.439888
v -12.077300 -2.402387 4.439887
v -12.313882 -0.000004 4.439888
v -12.448026 -0.000004 -0.000007
v -12.208889 -2.428525 -0.000007
v -12.077269 -2.402387 -4.439898
v -12.313832 -0.000004 -4.439898
v 6.841255 -10.238678 -4.439893
v 8.707270 -8.707229 -4.439892
v 8.802167 -8.802142 -0.000000
v 8.707246 -8.707229 4.439894
v 10.350222 -6.915747 0.000001
v 10.238678 -6.841229 4.439895
v 6.915758 -10.350197 -0.000001
v 6.841218 -10.238678 4.439894
v 9.639106 -6.440660 -5.865598
v 10.238717 -6.841228 -4.439890
v 10.710419 -4.436384 -5.865598
v 11.376664 -4.712313 -4.439889
v 12.077313 -2.402386 4.439897
v 11.376626 -4.712313 4.439898
v 4.763686 -11.500542 -0.000002
v 4.712310 -11.376628 4.439892
v 4.712337 -11.376628 -4.439893
v 0.000010 -12.448053 -0.000004
v 0.000024 -12.313882 -4.439896
v 2.402307 -12.077308 -4.439894
v 2.428545 -12.208918 -0.000003
v 2.402271 -12.077307 4.439891
v -6.841215 10.238668 4.439892
v -4.763646 11.500535 -0.000001
v -4.712306 11.376617 4.439892
v -6.915734 10.350192 -0.000002
v -8.707238 8.707219 4.439891
v -8.802128 8.802135 -0.000004
v -10.238678 6.841221 4.439891
v -10.350183 6.915738 -0.000004
v -8.707213 8.707219 -4.439895
v -10.238646 6.841220 -4.439896
v -6.841203 10.238669 -4.439894
v -4.712294 11.376619 -4.439893
v -2.428499 12.208910 -0.000000
v -2.402256 12.077299 -4.439890
v 0.000027 12.313872 -4.439891
v 2.402302 12.077298 -4.439889
v 0.000013 12.448045 0.000000
v 2.428539 12.208907 0.000001
v 4.712348 11.376618 -4.439890
v 4.763680 11.500534 0.000002
v 6.841264 10.238670 -4.439888
v 6.915751 10.350191 0.000003
v 8.707254 8.707219 -4.439888
v 8.802175 8.802135 0.000003
v 4.712319 11.376619 4.439897
v 6.841236 10.238669 4.439898
v 2.402289 12.077299 4.439896
v 0.000006 12.313872 4.439895
v -2.402269 12.077297 4.439893
v 10.350215 6.915737 0.000003
v 10.238700 6.841221 -4.439888
v 8.707207 8.707219 4.439897
v 10.238675 6.841221 4.439898
v 11.500555 4.763658 0.000004
v 11.376630 4.712305 4.439898
v 12.077309 2.402380 4.439898
v 12.313881 -0.000003 4.439896
v 12.208938 2.428516 0.000003
v 12.448066 -0.000003 0.000003
v 12.208941 -2.428524 0.000003
v 11.500575 -4.763666 0.000001
v 12.077345 -2.402388 -4.439890
v 12.313905 -0.000003 -4.439888
v 12.077341 2.402378 -4.439888
v 11.376645 4.712305 -4.439888
v 11.370113 -2.261654 -5.865597
v 11.592926 -0.000003 -5.865595
v 11.370093 2.261646 -5.865595
v 10.710399 4.436377 -5.865595
v 9.639071 6.440654 -5.865596
v -2.247777 -11.300573 -6.933901
v -11.376603 4.712305 -4.439898
v -11.500542 4.763656 -0.000005
v -12.208910 2.428515 -0.000006
v -12.077282 2.402379 -4.439896
v -12.077297 2.402379 4.439888
v -11.376617 4.712306 4.439888
v 11.300610 -2.247817 -6.933896
v 11.521997 -0.000004 -6.933897
v 9.580242 6.401294 -6.933896
v 10.644898 4.409317 -6.933894
v 11.300604 2.247808 -6.933896
v 13.472006 -0.000003 -7.264382
v 12.446557 5.155553 -7.264379
v 11.201639 7.484673 -7.264380
v 13.213190 2.628265 -7.264379
v 13.663326 5.659578 -6.664062
v 14.504942 2.885203 -6.664062
v 14.789160 -0.000003 -6.664062
v 15.579201 3.098898 -5.133651
v -16.312994 -0.000004 -0.000007
v -16.267405 -0.000004 2.833497
v -0.000004 -12.313882 4.439890
v -2.402295 -12.077309 4.439888
v -4.712324 -11.376629 4.439888
v 0.734787 1.892011 2.913627
v 1.116641 1.539084 3.891405
v 1.179019 1.640354 2.717093
v 0.696455 1.883233 3.892900
v 1.118509 1.539493 5.025281
v 0.604276 1.865230 5.077245
v 1.067868 1.469795 5.512900
v 0.568899 1.722099 5.512569
v 0.000000 1.989626 5.205385
v 0.000000 1.809739 5.512375
v 0.969063 7.179780 5.424163
v -0.000002 6.751129 5.663451
v 0.915840 6.658024 5.381327
v -0.000002 7.271881 5.717575
v -0.000001 6.230359 5.609323
v 0.864617 6.142497 5.337265
v 6.470378 8.905715 6.988309
v 5.165629 10.138121 7.065561
v 4.997555 9.808261 6.988309
v 6.687982 9.205222 7.065563
v 3.516080 10.821386 7.065562
v 3.401678 10.469296 6.988311
v 1.779953 11.238192 7.065562
v 1.722041 10.872539 6.988309
v -0.000002 11.378279 7.065561
v -0.000003 11.008067 6.988309
v 6.306336 8.679932 6.521968
v 4.870852 9.559596 6.521968
v 3.315436 10.203872 6.521968
v 1.678383 10.596892 6.521969
v -0.000003 10.728983 6.521968
v 5.750411 7.914765 6.284987
v 4.441469 8.716886 6.284987
v 3.023170 9.304367 6.284987
v 1.530430 9.662739 6.284987
v -0.000004 9.783188 6.284987
v 5.577617 7.676934 5.932055
v 4.308006 8.454953 5.932055
v 2.932758 9.024965 5.932376
v 1.485583 9.373571 5.933455
v -0.000004 9.491276 5.934184
v 4.945857 6.807393 5.555115
v 3.820048 7.497288 5.555114
v 2.599207 8.002645 5.554724
v 1.297625 8.254587 5.635478
v -0.000003 8.368314 5.820503
v 6.036859 8.309026 -6.849721
v 5.161925 10.130853 -7.055144
v 6.683187 9.198623 -7.055142
v 4.662715 9.151102 -6.849721
v 3.173764 9.767847 -6.849721
v 3.513559 10.813630 -7.055142
v 1.778677 11.230136 -7.055142
v 1.606663 10.144073 -6.849721
v -0.000003 10.270519 -6.849721
v -0.000002 11.370122 -7.055142
v 5.639925 7.762695 -5.509260
v 4.356133 8.549402 -5.509261
v 2.965083 9.125592 -5.509261
v 1.501022 9.477080 -5.509260
v -0.000002 9.595213 -5.509260
v 4.306454 8.451899 2.319107
v 4.356133 8.549402 -5.509261
v 5.575604 7.674164 2.319107
v 5.639925 7.762695 -5.509260
v 2.931267 9.021518 2.319107
v 2.965083 9.125592 -5.509261
v 1.483904 9.368994 2.319108
v 1.501022 9.477080 -5.509260
v -0.000002 9.485781 2.319106
v -0.000002 9.595213 -5.509260
v 1.563586 1.294803 2.913683
v 1.574277 1.247055 3.893010
v 1.462014 1.073213 5.512568
v 1.892247 0.614828 5.205385
v 1.587159 1.151128 5.077244
v 1.721164 0.559240 5.512374
v 6.420706 2.086216 5.663451
v 6.527377 3.141307 5.424227
v 6.046985 2.930044 5.381360
v 6.915968 2.247137 5.717576
v 5.925423 1.925288 5.609323
v 5.571902 2.722585 5.337246
v 10.469291 3.401683 6.988309
v 10.138120 5.165633 7.065562
v 9.808258 4.997561 6.988309
v 10.821384 3.516083 7.065562
v 9.205220 6.687988 7.065561
v 8.905711 6.470386 6.988310
v 8.045654 8.045663 7.065562
v 7.783877 7.783883 6.988311
v 9.559591 4.870861 6.521968
v 10.203866 3.315441 6.521967
v 8.679929 6.306344 6.521967
v 7.586535 7.586541 6.521968
v 9.304362 3.023175 6.284987
v 8.716882 4.441480 6.284987
v 7.914763 5.750421 6.284988
v 6.917757 6.917762 6.284987
v 8.455725 4.309472 5.933455
v 9.026738 2.932969 5.934185
v 7.676975 5.578092 5.932375
v 6.709887 6.709890 5.932055
v 7.958738 2.585955 5.820503
v 7.448881 3.785049 5.636509
v 6.807767 4.944948 5.554723
v 5.949881 5.949882 5.555116
v 10.130852 5.161930 -7.055142
v 9.767843 3.173768 -6.849720
v 9.151098 4.662722 -6.849721
v 10.813626 3.513563 -7.055144
v 9.198620 6.683193 -7.055142
v 8.309022 6.036864 -6.849721
v 8.039886 8.039894 -7.055142
v 7.262351 7.262358 -6.849721
v 8.549397 4.356139 -5.509260
v 9.125588 2.965087 -5.509260
v 7.762689 5.639929 -5.509261
v 6.784840 6.784845 -5.509261
v 9.125588 2.965087 -5.509260
v 8.451893 4.306458 2.319107
v 8.549397 4.356139 -5.509260
v 9.021513 2.931270 2.319107
v 7.674160 5.575609 2.319107
v 7.762689 5.639929 -5.509261
v 6.707461 6.707466 2.319108
v 6.784840 6.784845 -5.509261
v 3.820048 7.497288 5.555114
v 4.616424 6.354496 4.138028
v 4.945857 6.807393 5.555115
v 3.565592 6.998419 4.138289
v 2.599207 8.002645 5.554724
v 2.431151 7.469237 4.138835
v 2.197670 4.354442 3.673878
v 2.500874 3.464835 2.807551
v 2.858150 3.957210 3.674357
v 1.968883 3.896926 2.911520
v 1.496965 4.650411 3.674599
v 1.342919 4.060334 2.807405
v 5.553824 5.554410 4.138219
v 6.807767 4.944948 5.554723
v 5.949881 5.949882 5.555116
v 6.352114 4.620696 4.138852
v 3.433948 2.548156 2.807808
v 3.948629 2.876614 3.674600
v 3.084600 3.101404 2.912241
v 3.450056 3.462787 3.674699
v 1.270772 1.768337 2.636405
v 1.297625 8.254587 5.635478
v 1.522690 7.713992 4.318720
v 2.142075 6.575582 3.836256
v 1.279870 6.809702 4.141514
v 1.860035 6.121389 3.824504
v 1.196104 6.334741 4.129447
v 1.108446 5.846467 4.119122
v 1.812277 5.585970 3.834629
v 0.865846 4.772514 3.906020
v 0.844944 4.220623 2.919684
v 6.864936 3.832724 4.318869
v 7.448881 3.785049 5.636509
v 6.073899 3.327133 4.141392
v 5.241104 3.667695 3.824571
v 5.644624 3.103073 4.129195
v 5.588100 4.074189 3.836357
v 5.203921 2.871329 4.118800
v 4.745145 3.460079 3.834635
v 3.730263 2.126036 2.919305
v 4.249459 2.314135 3.905264
v 1.873704 1.169206 5.007080
v 4.249459 2.314135 3.905264
v 1.808227 1.260836 3.893687
v 4.570081 2.287101 5.243902
v 5.203921 2.871329 4.118800
v 5.571902 2.722585 5.337246
v 5.644624 3.103073 4.129195
v 6.046985 2.930044 5.381360
v 6.073899 3.327133 4.141392
v 6.527377 3.141307 5.424227
v 0.865846 4.772514 3.906020
v 0.635656 2.111309 3.893554
v 0.844944 4.220623 2.919684
v 0.718237 2.044378 2.816013
v 1.196104 6.334741 4.129447
v 0.864617 6.142497 5.337265
v 1.108446 5.846467 4.119122
v 0.915840 6.658024 5.381327
v 1.279870 6.809702 4.141514
v 0.969063 7.179780 5.424163
v 1.808817 -0.586385 3.891405
v 2.026471 -0.114161 2.913627
v 2.006277 -0.080418 3.892900
v 1.924406 -0.614417 2.717093
v 1.727847 -0.561412 5.512901
v 1.960671 0.001687 5.077245
v 1.813613 -0.008897 5.512569
v 1.809783 -0.588036 5.025281
v 7.127834 1.297040 5.424163
v 6.615167 1.186427 5.381326
v 6.109044 1.075837 5.337265
v 11.238193 -1.779955 7.065562
v 10.469296 -3.401678 6.988309
v 10.821387 -3.516079 7.065562
v 10.872540 -1.722038 6.988309
v 11.378280 0.000001 7.065561
v 11.008067 0.000001 6.988309
v 10.872540 1.722041 6.988309
v 11.238194 1.779956 7.065561
v 10.203870 -3.315436 6.521967
v 10.596892 -1.678379 6.521967
v 10.728985 0.000002 6.521967
v 10.596891 1.678382 6.521969
v 9.304364 -3.023169 6.284988
v 9.662742 -1.530423 6.284987
v 9.783190 0.000001 6.284989
v 9.662741 1.530426 6.284987
v 9.024776 -2.932326 5.932055
v 9.372386 -1.484434 5.932056
v 9.489524 -0.000351 5.932377
v 9.373868 1.483719 5.933457
v 8.310804 -1.316292 5.555116
v 8.002568 -2.600189 5.555116
v 8.414165 0.000960 5.554725
v 8.251567 1.316692 5.635478
v 11.230136 -1.778677 -7.055144
v 9.767847 -3.173764 -6.849721
v 10.144073 -1.606661 -6.849720
v 10.813628 -3.513557 -7.055144
v 11.370122 0.000002 -7.055144
v 10.270521 0.000001 -6.849721
v 10.144073 1.606663 -6.849720
v 11.230136 1.778681 -7.055142
v 9.477084 -1.501019 -5.509261
v 9.125594 -2.965083 -5.509261
v 9.595217 0.000001 -5.509260
v 9.477080 1.501021 -5.509260
v 9.125594 -2.965083 -5.509261
v 9.021522 -2.931267 2.319107
v 9.477084 -1.501019 -5.509261
v 9.369002 -1.483901 2.319109
v 9.595217 0.000001 -5.509260
v 9.485787 0.000001 2.319107
v 9.368998 1.483902 2.319107
v 9.477080 1.501021 -5.509260
v 1.714605 -1.086942 2.913683
v 1.672498 -1.111865 3.893010
v 1.472473 -1.058817 5.512569
v 1.063738 -1.464110 5.512375
v 1.585247 -1.153760 5.077244
v 1.169473 -1.609641 5.205385
v 4.274306 -5.883073 5.717575
v 5.004631 -5.237187 5.424227
v 3.968216 -5.461778 5.663450
v 4.655259 -4.845591 5.381360
v 3.662114 -5.040466 5.609324
v 4.311145 -4.457868 5.337246
v 6.470382 -8.905712 6.988309
v 8.045660 -8.045655 7.065562
v 7.783883 -7.783876 6.988309
v 6.687985 -9.205220 7.065561
v 9.205222 -6.687981 7.065563
v 8.905718 -6.470376 6.988309
v 10.138123 -5.165627 7.065561
v 9.808263 -4.997555 6.988309
v 7.586539 -7.586533 6.521967
v 6.306340 -8.679927 6.521967
v 8.679935 -6.306335 6.521967
v 9.559598 -4.870854 6.521969
v 5.750417 -7.914762 6.284988
v 6.917763 -6.917754 6.284988
v 7.914771 -5.750409 6.284987
v 8.716887 -4.441473 6.284989
v 5.578835 -7.678601 5.934185
v 6.711514 -6.710173 5.933455
v 7.677398 -5.577512 5.932376
v 8.454953 -4.308011 5.932056
v 4.918775 -6.770107 5.820502
v 5.901627 -5.914661 5.636508
v 6.806641 -4.946498 5.554723
v 7.497287 -3.820059 5.555117
v 6.036863 -8.309024 -6.849720
v 8.039890 -8.039886 -7.055146
v 6.683189 -9.198618 -7.055144
v 7.262357 -7.262353 -6.849720
v 9.198622 -6.683185 -7.055146
v 8.309029 -6.036858 -6.849720
v 10.130853 -5.161922 -7.055146
v 9.151104 -4.662717 -6.849721
v 6.784844 -6.784838 -5.509260
v 5.639926 -7.762689 -5.509260
v 7.762695 -5.639923 -5.509261
v 8.549403 -4.356134 -5.509260
v 5.639926 -7.762689 -5.509260
v 6.707463 -6.707458 2.319107
v 6.784844 -6.784838 -5.509260
v 5.575603 -7.674156 2.319107
v 7.762695 -5.639923 -5.509261
v 7.674165 -5.575600 2.319107
v 8.549403 -4.356134 -5.509260
v 8.451900 -4.306454 2.319107
v 8.310804 -1.316292 5.555116
v 7.470040 -2.426833 4.138028
v 8.002568 -2.600189 5.555116
v 7.757719 -1.228449 4.138289
v 8.414165 0.000960 5.554725
v 7.854933 -0.004041 4.138835
v 4.820438 -0.744511 3.673878
v 4.068067 -1.307779 2.807551
v 4.646747 -1.495418 3.674357
v 4.314615 -0.668303 2.911520
v 4.885392 0.013357 3.674599
v 4.276591 -0.022480 2.807405
v 7.497287 -3.820059 5.555117
v 6.998784 -3.565594 4.138218
v 6.357455 -4.613345 4.138852
v 6.806641 -4.946498 5.554723
v 4.359431 -2.211138 3.674700
v 3.484589 -2.478455 2.807808
v 3.956015 -2.866446 3.674601
v 3.902805 -1.975243 2.912241
v 2.074479 -0.662130 2.636405
v 7.806979 0.935590 4.318718
v 8.251567 1.316692 5.635478
v 6.396568 0.122614 3.824504
v 6.871913 0.887085 4.141514
v 6.394313 0.819980 4.129447
v 6.915689 -0.005269 3.836256
v 5.902850 0.752462 4.119122
v 5.872597 0.002582 3.834629
v 4.806492 0.651319 3.906020
v 4.275154 0.500654 2.919684
v 5.766518 -5.344566 4.318870
v 5.901627 -5.914661 5.636508
v 5.041230 -4.748481 4.141393
v 5.107776 -3.851207 3.824571
v 4.695482 -4.409455 4.129195
v 5.601602 -4.055605 3.836356
v 4.338895 -4.061934 4.118800
v 4.757062 -3.443678 3.834635
v 3.174695 -2.890710 2.919304
v 3.514028 -3.326369 3.905264
v 1.690987 -1.420693 5.007081
v 3.514028 -3.326369 3.905264
v 1.757899 -1.330106 3.893688
v 3.587395 -3.639652 5.243902
v 4.655259 -4.845591 5.381360
v 4.695482 -4.409455 4.129195
v 4.311145 -4.457868 5.337246
v 4.338895 -4.061934 4.118800
v 5.004631 -5.237187 5.424227
v 5.041230 -4.748481 4.141393
v 4.806492 0.651319 3.906020
v 2.204403 0.047885 3.893554
v 4.275154 0.500654 2.919684
v 2.166266 -0.051337 2.816014
v 6.109044 1.075837 5.337265
v 6.394313 0.819980 4.129447
v 6.615167 1.186427 5.381326
v 5.902850 0.752462 4.119122
v 6.871913 0.887085 4.141514
v 7.127834 1.297040 5.424163
v 0.001270 -1.901490 3.891405
v 0.517640 -1.962566 2.913627
v 0.543492 -1.932934 3.892900
v 0.010329 -2.020084 2.717093
v 0.551975 -1.727598 5.512569
v -0.000002 -1.902919 5.025281
v 0.607485 -1.864187 5.077244
v -0.000000 -1.816766 5.512900
v 3.436180 -6.378165 5.424163
v 3.172558 -5.924773 5.381326
v 2.910980 -5.477594 5.337264
v 0.000002 -11.008068 6.988309
v 1.779955 -11.238193 7.065561
v 1.722044 -10.872540 6.988309
v 0.000002 -11.378279 7.065561
v 3.516082 -10.821386 7.065561
v 3.401681 -10.469295 6.988308
v 5.165630 -10.138119 7.065562
v 4.997557 -9.808258 6.988309
v 1.678386 -10.596891 6.521969
v 0.000002 -10.728982 6.521969
v 3.315440 -10.203870 6.521967
v 4.870855 -9.559593 6.521967
v 1.530432 -9.662739 6.284988
v 0.000002 -9.783185 6.284987
v 3.023173 -9.304366 6.284989
v 4.441473 -8.716884 6.284988
v 1.484445 -9.372384 5.932055
v 0.000002 -9.489212 5.932055
v 2.932090 -9.025181 5.932376
v 4.307785 -8.456583 5.933455
v 0.000002 -8.414398 5.555116
v 1.316311 -8.310802 5.555115
v 2.601033 -8.002051 5.554724
v 3.802123 -7.440827 5.635479
v 0.000002 -10.270521 -6.849721
v 1.778678 -11.230134 -7.055144
v 0.000001 -11.370118 -7.055146
v 1.606666 -10.144074 -6.849721
v 3.513561 -10.813627 -7.055146
v 3.173767 -9.767846 -6.849721
v 5.161926 -10.130850 -7.055144
v 4.662718 -9.151102 -6.849720
v 1.501025 -9.477082 -5.509261
v 0.000002 -9.595217 -5.509260
v 2.965086 -9.125593 -5.509260
v 4.356135 -8.549398 -5.509260
v 0.000002 -9.595217 -5.509260
v 1.483906 -9.368999 2.319107
v 1.501025 -9.477082 -5.509261
v 0.000001 -9.485786 2.319108
v 2.931269 -9.021518 2.319107
v 2.965086 -9.125593 -5.509260
v 4.306453 -8.451896 2.319107
v 4.356135 -8.549398 -5.509260
v -0.540616 -1.934225 3.893010
v -0.503901 -1.966570 2.913683
v -1.063738 -1.464109 5.512375
v -0.607423 -1.864191 5.077244
v -0.551976 -1.727597 5.512569
v -1.169473 -1.609641 5.205385
v -3.169877 -5.924784 5.381360
v -3.968214 -5.461780 5.663450
v -3.434345 -6.378067 5.424227
v -4.274302 -5.883076 5.717575
v -2.907468 -5.477699 5.337246
v -3.662112 -5.040468 5.609324
v -5.165629 -10.138121 7.065561
v -6.470377 -8.905713 6.988309
v -6.687983 -9.205221 7.065562
v -4.997555 -9.808259 6.988309
v -3.516079 -10.821387 7.065564
v -3.401676 -10.469296 6.988309
v -1.779952 -11.238194 7.065562
v -1.722038 -10.872543 6.988309
v -6.306335 -8.679931 6.521968
v -4.870854 -9.559595 6.521967
v -3.315434 -10.203872 6.521967
v -1.678381 -10.596892 6.521969
v -5.750411 -7.914767 6.284988
v -4.441471 -8.716887 6.284988
v -3.023166 -9.304367 6.284988
v -1.530426 -9.662742 6.284988
v -5.578830 -7.678605 5.934186
v -4.307783 -8.456586 5.933455
v -2.932084 -9.025184 5.932376
v -1.484439 -9.372386 5.932055
v -4.918770 -6.770110 5.820502
v -3.801476 -7.440512 5.636509
v -2.601032 -8.002052 5.554723
v -1.316303 -8.310807 5.555117
v -5.161925 -10.130850 -7.055144
v -6.036858 -8.309026 -6.849721
v -4.662716 -9.151102 -6.849720
v -6.683187 -9.198618 -7.055146
v -3.513557 -10.813627 -7.055144
v -3.173762 -9.767849 -6.849721
v -1.778676 -11.230133 -7.055146
v -1.606661 -10.144076 -6.849720
v -5.639923 -7.762691 -5.509260
v -4.356133 -8.549399 -5.509261
v -2.965081 -9.125594 -5.509260
v -1.501020 -9.477085 -5.509260
v -5.639923 -7.762691 -5.509260
v -5.575601 -7.674159 2.319107
v -4.356133 -8.549399 -5.509261
v -4.306452 -8.451896 2.319107
v -2.965081 -9.125594 -5.509260
v -2.931265 -9.021522 2.319108
v -1.501020 -9.477085 -5.509260
v -1.483901 -9.369002 2.319108
v 1.228942 -7.757642 4.138289
v 0.000313 -7.854361 4.138027
v 0.000002 -8.414398 5.555116
v 1.316311 -8.310802 5.555115
v 2.423465 -7.471735 4.138835
v 2.601033 -8.002051 5.554724
v 0.013329 -4.273087 2.807552
v 0.013697 -4.881429 3.674357
v 0.697694 -4.309959 2.911520
v 0.781524 -4.814575 3.673878
v 1.300160 -4.074226 2.807404
v 1.522372 -4.642155 3.674599
v -2.422992 -7.471900 4.138852
v -1.316303 -8.310807 5.555117
v -1.228339 -7.758068 4.138218
v -2.601032 -8.002052 5.554723
v -1.280354 -4.079925 2.807808
v -0.755779 -4.829344 3.674700
v -0.672535 -4.322171 2.912241
v -1.503677 -4.648175 3.674601
v 0.011326 -2.177556 2.636405
v 3.302287 -7.135766 4.318718
v 3.802123 -7.440827 5.635479
v 2.967206 -6.261453 4.141514
v 2.093261 -6.045608 3.824504
v 2.132055 -6.578840 3.836256
v 2.755798 -5.827966 4.129447
v 2.539715 -5.381419 4.119122
v 1.817188 -5.584374 3.834628
v 1.797246 -3.911202 2.919683
v 2.104728 -4.369976 3.906020
v -3.301033 -7.135847 4.318870
v -3.801476 -7.440512 5.636509
v -2.084327 -6.047871 3.824571
v -2.958248 -6.261854 4.141393
v -2.126121 -6.580689 3.836357
v -2.742657 -5.828265 4.129195
v -1.805120 -5.588388 3.834635
v -2.522336 -5.381742 4.118800
v -1.768195 -3.912593 2.919304
v -2.077671 -4.369944 3.905264
v -0.828616 -2.047243 5.007080
v -2.077671 -4.369944 3.905264
v -0.721786 -2.082887 3.893687
v -2.352949 -4.536529 5.243902
v -3.169877 -5.924784 5.381360
v -2.742657 -5.828265 4.129195
v -2.907468 -5.477699 5.337246
v -2.522336 -5.381742 4.118800
v -3.434345 -6.378067 5.424227
v -2.958248 -6.261854 4.141393
v 0.726739 -2.081714 3.893554
v 1.797246 -3.911202 2.919683
v 2.104728 -4.369976 3.906020
v 0.620589 -2.076105 2.816013
v 2.755798 -5.827966 4.129447
v 2.910980 -5.477594 5.337264
v 2.539715 -5.381419 4.119122
v 3.172558 -5.924773 5.381326
v 2.967206 -6.261453 4.141514
v 3.436180 -6.378165 5.424163
v -1.808033 -0.588800 3.891405
v -1.706552 -1.098772 2.913627
v -1.670381 -1.114201 3.892900
v -1.918022 -0.634064 2.717093
v -1.809784 -0.588033 5.025281
v -1.472474 -1.058817 5.512569
v -1.727847 -0.561411 5.512901
v -1.585225 -1.153818 5.077245
v -5.004158 -5.238962 5.424163
v -4.654419 -4.848137 5.381327
v -4.309959 -4.461176 5.337264
v -10.138121 -5.165630 7.065562
v -10.469295 -3.401682 6.988309
v -10.821387 -3.516084 7.065561
v -9.808258 -4.997560 6.988309
v -9.205223 -6.687986 7.065562
v -8.905715 -6.470382 6.988309
v -8.045658 -8.045658 7.065561
v -7.783880 -7.783879 6.988309
v -9.559592 -4.870859 6.521967
v -10.203869 -3.315441 6.521968
v -8.679932 -6.306340 6.521968
v -7.586537 -7.586536 6.521967
v -9.304363 -3.023174 6.284988
v -8.716882 -4.441479 6.284988
v -7.914767 -5.750415 6.284988
v -6.917760 -6.917757 6.284988
v -8.454949 -4.308018 5.932056
v -9.024776 -2.932330 5.932055
v -7.677393 -5.577518 5.932376
v -6.711511 -6.710176 5.933455
v -8.002567 -2.600194 5.555116
v -7.497280 -3.820065 5.555116
v -6.806640 -4.946500 5.554724
v -5.901727 -5.915376 5.635479
v -9.767846 -3.173767 -6.849720
v -10.130853 -5.161926 -7.055144
v -10.813628 -3.513561 -7.055142
v -9.151100 -4.662721 -6.849720
v -9.198622 -6.683189 -7.055144
v -8.309028 -6.036862 -6.849721
v -8.039889 -8.039888 -7.055146
v -7.262355 -7.262356 -6.849720
v -8.549399 -4.356139 -5.509260
v -9.125593 -2.965087 -5.509260
v -7.762694 -5.639927 -5.509260
v -6.784842 -6.784841 -5.509260
v -9.125593 -2.965087 -5.509260
v -8.451896 -4.306458 2.319108
v -8.549399 -4.356139 -5.509260
v -9.021519 -2.931269 2.319108
v -7.674162 -5.575605 2.319107
v -7.762694 -5.639927 -5.509260
v -6.707462 -6.707460 2.319107
v -6.784842 -6.784841 -5.509260
v -2.026033 -0.128465 2.913683
v -2.006617 -0.083552 3.893010
v -1.813613 -0.008897 5.512569
v -1.721164 0.559240 5.512374
v -1.892247 0.614829 5.205385
v -1.960655 0.001626 5.077244
v -7.127172 1.295325 5.424227
v -6.420707 2.086212 5.663451
v -6.915970 2.247133 5.717576
v -6.614350 1.183873 5.381360
v -5.925424 1.925286 5.609323
v -6.108057 1.072464 5.337246
v -10.469295 3.401678 6.988308
v -11.238193 1.779954 7.065562
v -10.872540 1.722038 6.988309
v -10.821385 3.516080 7.065564
v -11.378280 -0.000003 7.065562
v -11.008068 -0.000005 6.988309
v -11.238194 -1.779959 7.065562
v -10.872542 -1.722045 6.988309
v -10.203869 3.315436 6.521968
v -10.596892 1.678379 6.521969
v -10.728985 -0.000005 6.521967
v -10.596892 -1.678386 6.521968
v -9.304366 3.023167 6.284987
v -9.662742 1.530422 6.284988
v -9.783190 -0.000006 6.284989
v -9.662742 -1.530430 6.284987
v -9.026740 2.932962 5.934186
v -9.373870 1.483716 5.933457
v -9.489524 -0.000358 5.932377
v -9.372386 -1.484442 5.932056
v -7.958741 2.585949 5.820503
v -8.251068 1.316174 5.636508
v -8.414167 0.000958 5.554723
v -8.310808 -1.316302 5.555117
v -9.767846 3.173763 -6.849720
v -11.230136 1.778679 -7.055144
v -10.813627 3.513561 -7.055146
v -10.144073 1.606661 -6.849720
v -11.370122 -0.000001 -7.055144
v -10.270521 -0.000004 -6.849721
v -11.230136 -1.778681 -7.055144
v -10.144075 -1.606667 -6.849720
v -9.125590 2.965082 -5.509260
v -9.477084 1.501019 -5.509260
v -9.595217 -0.000004 -5.509260
v -9.477084 -1.501025 -5.509261
v -9.021515 2.931266 2.319107
v -9.477084 1.501019 -5.509260
v -9.125590 2.965082 -5.509260
v -9.368998 1.483901 2.319107
v -9.595217 -0.000004 -5.509260
v -9.485785 -0.000004 2.319107
v -9.369000 -1.483907 2.319107
v -9.477084 -1.501025 -5.509261
v -7.469845 -2.427430 4.138027
v -8.002567 -2.600194 5.555116
v -6.998190 -3.566037 4.138289
v -7.497280 -3.820065 5.555116
v -6.806640 -4.946500 5.554724
v -6.357150 -4.613745 4.138835
v -4.638283 -1.521471 3.674357
v -3.883416 -1.995398 2.911521
v -4.059829 -1.333134 2.807551
v -4.337429 -2.231060 3.673878
v -3.473049 -2.495531 2.807405
v -3.944514 -2.882367 3.674598
v -8.414167 0.000958 5.554723
v -7.757938 -1.229155 4.138218
v -7.854946 -0.004542 4.138853
v -8.310808 -1.316302 5.555117
v -4.885339 -0.006284 3.674601
v -4.318455 -0.696005 2.912241
v -4.275891 -0.043078 2.807808
v -4.826529 -0.773561 3.674699
v -2.067480 -0.683674 2.636405
v -5.901727 -5.915376 5.635479
v -5.766053 -5.345736 4.318719
v -4.691138 -4.421861 4.129447
v -5.102861 -3.859005 3.824505
v -5.038079 -4.756876 4.141514
v -5.598007 -4.060678 3.836256
v -4.333220 -4.078362 4.119122
v -4.749513 -3.453915 3.834629
v -3.164395 -2.917910 2.919684
v -3.505698 -3.352114 3.906020
v -7.806668 0.934371 4.318869
v -8.251068 1.316174 5.636508
v -6.869527 0.878442 4.141393
v -6.395960 0.113417 3.824571
v -6.390538 0.807388 4.129195
v -6.915616 -0.011485 3.836357
v -5.897785 0.735835 4.118799
v -5.872686 -0.010137 3.834635
v -4.267499 0.472595 2.919305
v -4.798100 0.625595 3.905264
v -4.798100 0.625595 3.905264
v -2.203100 0.155427 5.007080
v -5.041597 0.835923 5.243902
v -2.203987 0.042812 3.893688
v -6.614350 1.183873 5.381360
v -6.390538 0.807388 4.129195
v -6.108057 1.072464 5.337246
v -5.897785 0.735835 4.118799
v -7.127172 1.295325 5.424227
v -6.869527 0.878442 4.141393
v -1.755253 -1.334455 3.893554
v -3.164395 -2.917910 2.919684
v -3.505698 -3.352114 3.906020
v -1.782721 -1.231767 2.816013
v -4.309959 -4.461176 5.337264
v -4.691138 -4.421861 4.129447
v -4.654419 -4.848137 5.381327
v -4.333220 -4.078362 4.119122
v -5.038079 -4.756876 4.141514
v -5.004158 -5.238962 5.424163
v -1.572347 1.283488 2.913627
v -1.118695 1.537592 3.891405
v -1.195732 1.628211 2.717093
v -1.575844 1.244320 3.892900
v -1.118506 1.539495 5.025281
v -1.462015 1.073213 5.512568
v -1.067868 1.469795 5.512900
v -1.587207 1.151088 5.077244
v -6.528918 3.140308 5.424162
v -6.049147 2.928459 5.381326
v -5.574681 2.720436 5.337265
v -6.470382 8.905716 6.988309
v -8.045658 8.045659 7.065562
v -7.783881 7.783879 6.988309
v -6.687986 9.205221 7.065562
v -9.205221 6.687985 7.065561
v -8.905715 6.470382 6.988309
v -9.808259 4.997559 6.988310
v -10.138121 5.165630 7.065562
v -7.586539 7.586535 6.521969
v -6.306339 8.679930 6.521968
v -8.679931 6.306338 6.521967
v -9.559593 4.870858 6.521967
v -5.750416 7.914764 6.284987
v -6.917762 6.917756 6.284987
v -7.914765 5.750415 6.284988
v -8.716883 4.441476 6.284987
v -5.577620 7.676934 5.932055
v -6.709892 6.709882 5.932055
v -7.676980 5.578087 5.932375
v -8.455726 4.309468 5.933455
v -4.945860 6.807390 5.555114
v -5.949883 5.949872 5.555115
v -6.807767 4.944947 5.554724
v -7.449591 3.784924 5.635478
v -8.039890 8.039890 -7.055142
v -6.036862 8.309025 -6.849720
v -7.262357 7.262352 -6.849721
v -6.683189 9.198623 -7.055142
v -9.198622 6.683190 -7.055142
v -8.309028 6.036860 -6.849721
v -10.130852 5.161928 -7.055144
v -9.151100 4.662719 -6.849720
v -6.784844 6.784841 -5.509260
v -5.639927 7.762693 -5.509261
v -7.762694 5.639927 -5.509260
v -8.549398 4.356137 -5.509261
v -6.707465 6.707462 2.319108
v -5.639927 7.762693 -5.509261
v -5.575605 7.674164 2.319107
v -6.784844 6.784841 -5.509260
v -7.762694 5.639927 -5.509260
v -7.674162 5.575605 2.319107
v -8.549398 4.356137 -5.509261
v -8.451894 4.306457 2.319107
v -0.748256 1.887174 2.913683
v -0.699541 1.882587 3.893010
v -0.604329 1.865196 5.077244
v -0.568899 1.722100 5.512568
v -0.918017 6.656458 5.381360
v -0.970490 7.178622 5.424228
v -0.867520 6.140519 5.337246
v -1.779956 11.238194 7.065561
v -1.722044 10.872540 6.988310
v -3.516085 10.821386 7.065561
v -3.401685 10.469295 6.988310
v -5.165634 10.138121 7.065561
v -4.997562 9.808262 6.988311
v -1.678386 10.596892 6.521969
v -3.315443 10.203870 6.521967
v -4.870859 9.559596 6.521968
v -1.530433 9.662741 6.284987
v -3.023177 9.304364 6.284987
v -4.441476 8.716885 6.284987
v -1.485587 9.373574 5.933455
v -2.932765 9.024962 5.932376
v -4.308015 8.454951 5.932055
v -1.297964 8.253953 5.636509
v -2.599209 8.002643 5.554723
v -3.820058 7.497287 5.555116
v -1.778680 11.230138 -7.055142
v -1.606665 10.144073 -6.849721
v -3.513563 10.813627 -7.055144
v -3.173769 9.767844 -6.849721
v -5.161930 10.130853 -7.055142
v -4.662723 9.151100 -6.849721
v -1.501025 9.477082 -5.509260
v -2.965089 9.125591 -5.509260
v -4.356139 8.549401 -5.509260
v -1.483906 9.368996 2.319108
v -1.501025 9.477082 -5.509260
v -2.931273 9.021517 2.319107
v -2.965089 9.125591 -5.509260
v -4.306459 8.451898 2.319107
v -4.356139 8.549401 -5.509260
v -0.762929 5.053158 5.243902
v 0.000002 2.206388 5.196764
v -0.000001 5.135165 5.495492
v -0.532975 2.143303 5.007080
v -5.949883 5.949872 5.555115
v -5.554062 5.553710 4.138289
v -4.945860 6.807390 5.555114
v -4.616932 6.354128 4.138028
v -6.807767 4.944947 5.554724
v -6.352398 4.620284 4.138835
v -3.462204 3.435704 3.673878
v -3.097778 3.076736 2.911521
v -2.880313 3.941109 3.674357
v -2.522441 3.449165 2.807551
v -3.960215 2.860754 3.674599
v -3.446622 2.531905 2.807405
v -2.599209 8.002643 5.554723
v -3.566331 6.998409 4.138218
v -2.431631 7.469093 4.138853
v -3.820058 7.497287 5.555116
v -1.515628 4.644292 3.674600
v -2.227179 4.351258 3.674699
v -1.996416 3.892017 2.912241
v -1.362292 4.053302 2.807808
v -1.289098 1.755023 2.636405
v -6.865905 3.831920 4.318718
v -7.449591 3.784924 5.635478
v -5.247004 3.660612 3.824504
v -6.080911 3.321542 4.141514
v -5.655079 3.095106 4.129447
v -5.591813 4.069202 3.836256
v -5.217792 2.860853 4.119123
v -4.752549 3.449738 3.834629
v -3.752949 2.107835 2.919684
v -4.271369 2.298257 3.906020
v -1.523754 7.713321 4.318870
v -1.297964 8.253953 5.636509
v -1.868594 6.117967 3.824571
v -1.287353 6.804762 4.141393
v -2.147965 6.573593 3.836357
v -1.206913 6.327260 4.129195
v -1.824401 5.582125 3.834635
v -1.122695 5.836514 4.118799
v -0.869265 4.204673 2.919305
v -0.887717 4.756584 3.905264
v -0.887717 4.756584 3.905264
v -0.532975 2.143303 5.007080
v -0.762929 5.053158 5.243902
v -0.640353 2.109346 3.893687
v -1.206913 6.327260 4.129195
v -0.867520 6.140519 5.337246
v -0.918017 6.656458 5.381360
v -1.122695 5.836514 4.118799
v -1.287353 6.804762 4.141393
v -0.970490 7.178622 5.424228
v -4.271369 2.298257 3.906020
v -1.811545 1.256976 3.893554
v -3.752949 2.107835 2.919684
v -1.722371 1.314831 2.816013
v -5.655079 3.095106 4.129447
v -5.574681 2.720436 5.337265
v -5.217792 2.860853 4.119123
v -6.049147 2.928459 5.381326
v -6.080911 3.321542 4.141514
v -6.528918 3.140308 5.424162
v 0.758880 5.055653 5.243868
v 4.883830 1.586854 5.495491
v 4.570081 2.287101 5.243902
v 2.599443 5.128609 3.819193
v 3.373285 4.659770 3.818927
v 4.121380 5.679387 3.823954
v 3.181796 6.253322 3.823890
v 4.065658 4.076851 3.818900
v 4.960472 4.966501 3.824001
v 3.018374 -4.154435 5.495492
v 3.587395 -3.639652 5.243902
v 5.680869 -0.887390 3.819193
v 5.474107 -1.768237 3.818927
v 6.674993 -2.164638 3.823954
v 6.930492 -1.093685 3.823889
v 5.133673 -2.606855 3.818899
v 6.256294 -3.182956 3.824002
v -3.018373 -4.154435 5.495492
v -2.352949 -4.536529 5.243902
v 0.911526 -5.677046 3.819193
v 0.009899 -5.752601 3.818926
v 0.003993 -7.017207 3.823954
v 1.101483 -6.929257 3.823889
v -0.892875 -5.687974 3.818899
v -1.093871 -6.933675 3.824001
v -4.883832 1.586853 5.495491
v -5.041597 0.835923 5.243902
v -5.117516 -2.621217 3.819193
v -5.467989 -1.787066 3.818927
v -6.672526 -2.172234 3.823954
v -6.249739 -3.188831 3.823890
v -5.685501 -0.908507 3.818899
v -6.932343 -1.102291 3.824001
v -4.573706 2.284021 5.243868
v -4.074325 4.057045 3.819194
v -3.389302 4.648133 3.818927
v -4.127841 5.674693 3.823954
v -4.964034 4.958452 3.823889
v -2.620957 5.126488 3.818900
v -3.190553 6.252423 3.824002
v 0.000000 1.989626 5.205385
v 0.532568 2.143455 5.007158
v 0.604276 1.865230 5.077245
v 1.587159 1.151128 5.077244
v 1.892247 0.614828 5.205385
v 1.873704 1.169206 5.007080
v 2.098400 0.681810 5.196764
v 0.718237 2.044378 2.816013
v 0.734787 1.892011 2.913627
v 1.179019 1.640354 2.717093
v 1.712643 1.327703 2.816086
v 1.563586 1.294803 2.913683
v 1.574277 1.247055 3.893010
v 1.587159 1.151128 5.077244
v 1.563586 1.294803 2.913683
v 1.712643 1.327703 2.816086
v 3.730263 2.126036 2.919305
v 0.696455 1.883233 3.892900
v 0.734787 1.892011 2.913627
v 0.604276 1.865230 5.077245
v 0.532568 2.143455 5.007158
v 0.758880 5.055653 5.243868
v 2.203120 0.155862 5.007158
v 1.960671 0.001687 5.077245
v 5.042719 0.840545 5.243868
v 1.296881 -1.785007 5.196764
v 1.690987 -1.420693 5.007081
v 1.169473 -1.609641 5.205385
v 1.585247 -1.153760 5.077244
v 2.166266 -0.051337 2.816014
v 2.026471 -0.114161 2.913627
v 1.924406 -0.614417 2.717093
v 1.791957 -1.218538 2.816086
v 1.714605 -1.086942 2.913683
v 1.672498 -1.111865 3.893010
v 1.585247 -1.153760 5.077244
v 1.714605 -1.086942 2.913683
v 1.791957 -1.218538 2.816086
v 3.174695 -2.890710 2.919304
v 2.026471 -0.114161 2.913627
v 2.006277 -0.080418 3.892900
v 1.960671 0.001687 5.077245
v 2.203120 0.155862 5.007158
v 5.042719 0.840545 5.243868
v 0.829035 -2.047127 5.007158
v 0.607485 -1.864187 5.077244
v 2.357691 -4.536168 5.243868
v -0.607423 -1.864191 5.077244
v -1.169473 -1.609641 5.205385
v -0.828616 -2.047243 5.007080
v -1.296884 -1.785005 5.196764
v 0.620589 -2.076105 2.816013
v 0.517640 -1.962566 2.913627
v 0.010329 -2.020084 2.717093
v -0.605153 -2.080801 2.816085
v -0.503901 -1.966570 2.913683
v -0.540616 -1.934225 3.893010
v -0.607423 -1.864191 5.077244
v -0.503901 -1.966570 2.913683
v -0.605153 -2.080801 2.816085
v -1.768195 -3.912593 2.919304
v 0.517640 -1.962566 2.913627
v 0.543492 -1.932934 3.892900
v 0.607485 -1.864187 5.077244
v 0.829035 -2.047127 5.007158
v 2.357691 -4.536168 5.243868
v -1.690748 -1.421056 5.007158
v -1.585225 -1.153818 5.077245
v -3.585585 -3.644051 5.243868
v -1.892247 0.614829 5.205385
v -2.203100 0.155427 5.007080
v -1.960655 0.001626 5.077244
v -2.098400 0.681813 5.196764
v -1.782721 -1.231767 2.816013
v -1.706552 -1.098772 2.913627
v -1.918022 -0.634064 2.717093
v -2.165962 -0.067468 2.816086
v -2.026033 -0.128465 2.913683
v -2.006617 -0.083552 3.893010
v -1.960655 0.001626 5.077244
v -2.026033 -0.128465 2.913683
v -2.165962 -0.067468 2.816086
v -4.267499 0.472595 2.919305
v -1.706552 -1.098772 2.913627
v -1.670381 -1.114201 3.892900
v -1.690748 -1.421056 5.007158
v -1.585225 -1.153818 5.077245
v -3.585585 -3.644051 5.243868
v -1.873974 1.168867 5.007158
v -1.587207 1.151088 5.077244
v -0.604329 1.865196 5.077244
v -1.722371 1.314831 2.816013
v -1.572347 1.283488 2.913627
v -1.195732 1.628211 2.717093
v -0.733485 2.039103 2.816086
v -0.748256 1.887174 2.913683
v -0.699541 1.882587 3.893010
v -0.604329 1.865196 5.077244
v -0.748256 1.887174 2.913683
v -0.733485 2.039103 2.816086
v -0.869265 4.204673 2.919305
v -1.572347 1.283488 2.913627
v -1.575844 1.244320 3.892900
v -1.873974 1.168867 5.007158
v -1.587207 1.151088 5.077244
v -4.573706 2.284021 5.243868
v 6.864936 3.832724 4.318869
v 7.448881 3.785049 5.636509
v 1.522690 7.713992 4.318720
v 1.297625 8.254587 5.635478
v 5.766518 -5.344566 4.318870
v 5.901627 -5.914661 5.636508
v 7.806979 0.935590 4.318718
v 8.251567 1.316692 5.635478
v -3.301033 -7.135847 4.318870
v -3.801476 -7.440512 5.636509
v 3.302287 -7.135766 4.318718
v 3.802123 -7.440827 5.635479
v -8.251068 1.316174 5.636508
v -7.806668 0.934371 4.318869
v -5.766053 -5.345736 4.318719
v -5.901727 -5.915376 5.635479
v -1.523754 7.713321 4.318870
v -1.297964 8.253953 5.636509
v -6.865905 3.831920 4.318718
v -7.449591 3.784924 5.635478
v 1.860035 6.121389 3.824504
v 2.124045 6.573761 2.424393
v 2.142075 6.575582 3.836256
v 1.939063 6.113880 2.433045
v 1.812277 5.585970 3.834629
v 1.818416 5.634825 2.419669
v 2.599443 5.128609 3.819193
v 2.659217 5.223091 2.437841
v 3.373285 4.659770 3.818927
v 3.444964 4.741310 2.437553
v 4.065658 4.076851 3.818900
v 4.145908 4.143197 2.437806
v 4.745145 3.460079 3.834635
v 4.797081 3.470850 2.419466
v 5.241104 3.667695 3.824571
v 5.215162 3.733585 2.433054
v 5.596232 4.051414 2.425605
v 5.588100 4.074189 3.836357
v 4.907228 4.905687 2.449568
v 4.960472 4.966501 3.824001
v 4.121380 5.679387 3.823954
v 4.078786 5.614089 2.448845
v 3.181796 6.253322 3.823890
v 3.149086 6.182918 2.449526
v 6.413850 0.045135 2.433045
v 6.915689 -0.005269 3.836256
v 6.396568 0.122614 3.824504
v 6.908386 0.011317 2.424393
v 5.872597 0.002582 3.834629
v 5.920959 0.011840 2.419670
v 5.680869 -0.887390 3.819193
v 5.789198 -0.915042 2.437841
v 5.474107 -1.768237 3.818927
v 5.573806 -1.811210 2.437553
v 5.133673 -2.606855 3.818899
v 5.221570 -2.662676 2.437806
v 4.757062 -3.443678 3.834635
v 4.783355 -3.489743 2.419467
v 5.107776 -3.851207 3.824571
v 5.162424 -3.806172 2.433054
v 5.601602 -4.055605 3.836356
v 5.582454 -4.070377 2.425606
v 6.182002 -3.151112 2.449569
v 6.256294 -3.182956 3.824002
v 6.674993 -2.164638 3.823954
v 6.599729 -2.144309 2.448845
v 6.930492 -1.093685 3.823889
v 6.853426 -1.084332 2.449526
v 2.024914 -6.085987 2.433045
v 2.132055 -6.578840 3.836256
v 2.093261 -6.045608 3.824504
v 2.145570 -6.566768 2.424393
v 1.840937 -5.627507 2.419670
v 1.817188 -5.584374 3.834628
v 0.918703 -5.788620 2.437841
v 0.911526 -5.677046 3.819193
v 0.009899 -5.752601 3.818926
v -0.000163 -5.860700 2.437553
v -0.892875 -5.687974 3.818899
v -0.918801 -5.788820 2.437806
v -1.805120 -5.588388 3.834635
v -1.843773 -5.622025 2.416886
v -2.084327 -6.047871 3.824571
v -2.024609 -6.085930 2.433054
v -2.126121 -6.580689 3.836357
v -2.146086 -6.567046 2.425606
v -1.086542 -6.853182 2.449569
v -1.093871 -6.933675 3.824001
v 0.003993 -7.017207 3.823954
v 0.000070 -6.939345 2.448845
v 1.086563 -6.853073 2.449526
v 1.101483 -6.929257 3.823889
v -5.582350 -4.069802 2.424393
v -5.598007 -4.060678 3.836256
v -5.162385 -3.806481 2.433046
v -5.102861 -3.859005 3.824505
v -4.783196 -3.489830 2.419670
v -4.749513 -3.453915 3.834629
v -5.221408 -2.662521 2.437841
v -5.117516 -2.621217 3.819193
v -5.573906 -1.810901 2.437553
v -5.467989 -1.787066 3.818927
v -5.789421 -0.915012 2.437806
v -5.685501 -0.908507 3.818899
v -5.872686 -0.010137 3.834635
v -5.921035 0.011676 2.419467
v -6.395960 0.113417 3.824571
v -6.413701 0.044861 2.433054
v -6.915616 -0.011485 3.836357
v -6.908808 0.011721 2.425606
v -6.853522 -1.084386 2.449569
v -6.932343 -1.102291 3.824001
v -6.599687 -2.144441 2.448845
v -6.672526 -2.172234 3.823954
v -6.181894 -3.151099 2.449526
v -6.249739 -3.188831 3.823890
v -5.247004 3.660612 3.824504
v -5.215443 3.733453 2.433046
v -5.591813 4.069202 3.836256
v -5.595653 4.051492 2.424393
v -4.752549 3.449738 3.834629
v -4.797116 3.470674 2.419669
v -4.145711 4.143090 2.437841
v -4.074325 4.057045 3.819194
v -3.444701 4.741501 2.437553
v -3.389302 4.648133 3.818927
v -2.659257 5.223312 2.437806
v -2.620957 5.126488 3.818900
v -1.818596 5.634847 2.419466
v -1.824401 5.582125 3.834635
v -1.868594 6.117967 3.824571
v -1.939277 6.113654 2.433054
v -2.123793 6.574288 2.425605
v -2.147965 6.573593 3.836357
v -3.149167 6.182994 2.449569
v -3.190553 6.252423 3.824002
v -4.127841 5.674693 3.823954
v -4.078901 5.614007 2.448844
v -4.964034 4.958452 3.823889
v -4.907184 4.905587 2.449526
v 4.078786 5.614089 2.448845
v 4.306454 8.451899 2.319107
v 5.575604 7.674164 2.319107
v 3.149086 6.182918 2.449526
v 2.931267 9.021518 2.319107
v 2.124045 6.573761 2.424393
v 1.097341 6.928336 2.390684
v 1.483904 9.368994 2.319108
v -0.000002 9.485781 2.319106
v -0.000002 7.014698 2.390684
v 6.250143 3.184610 2.390684
v 9.021513 2.931270 2.319107
v 6.671375 2.167663 2.390684
v 8.451893 4.306458 2.319107
v 5.596232 4.051414 2.425605
v 7.674160 5.575609 2.319107
v 4.907228 4.905687 2.449568
v 6.707461 6.707466 2.319108
v 9.021522 -2.931267 2.319107
v 6.599729 -2.144309 2.448845
v 9.369002 -1.483901 2.319109
v 6.853426 -1.084332 2.449526
v 9.485787 0.000001 2.319107
v 6.908386 0.011317 2.424393
v 6.928339 1.097340 2.390684
v 9.368998 1.483902 2.319107
v 5.575603 -7.674156 2.319107
v 4.960143 -4.960141 2.390684
v 6.707463 -6.707458 2.319107
v 4.123137 -5.675009 2.390684
v 7.674165 -5.575600 2.319107
v 5.582454 -4.070377 2.425606
v 6.182002 -3.151112 2.449569
v 8.451900 -4.306454 2.319107
v 1.483906 -9.368999 2.319107
v 0.000070 -6.939345 2.448845
v 1.086563 -6.853073 2.449526
v 0.000001 -9.485786 2.319108
v 2.931269 -9.021518 2.319107
v 2.145570 -6.566768 2.424393
v 3.184606 -6.250144 2.390684
v 4.306453 -8.451896 2.319107
v -5.575601 -7.674159 2.319107
v -3.184606 -6.250144 2.390684
v -4.306452 -8.451896 2.319107
v -4.123136 -5.675012 2.390684
v -2.146086 -6.567046 2.425606
v -2.931265 -9.021522 2.319108
v -1.086542 -6.853182 2.449569
v -1.483901 -9.369002 2.319108
v -6.599687 -2.144441 2.448845
v -8.451896 -4.306458 2.319108
v -9.021519 -2.931269 2.319108
v -6.181894 -3.151099 2.449526
v -7.674162 -5.575605 2.319107
v -5.582350 -4.069802 2.424393
v -4.960143 -4.960141 2.390684
v -6.707462 -6.707460 2.319107
v -6.928338 1.097339 2.390684
v -9.021515 2.931266 2.319107
v -6.671375 2.167660 2.390684
v -9.368998 1.483901 2.319107
v -9.485785 -0.000004 2.319107
v -6.908808 0.011721 2.425606
v -6.853522 -1.084386 2.449569
v -9.369000 -1.483907 2.319107
v -4.907184 4.905587 2.449526
v -6.707465 6.707462 2.319108
v -4.078901 5.614007 2.448844
v -5.575605 7.674164 2.319107
v -5.595653 4.051492 2.424393
v -7.674162 5.575605 2.319107
v -6.250143 3.184608 2.390684
v -8.451894 4.306457 2.319107
v -1.097343 6.928336 2.390684
v -1.483906 9.368996 2.319108
v -2.931273 9.021517 2.319107
v -2.123793 6.574288 2.425605
v -3.149167 6.182994 2.449569
v -4.306459 8.451898 2.319107
v 2.659217 5.223091 2.437841
v -0.000000 0.000000 2.390669
v 1.818416 5.634825 2.419669
v 0.922268 5.822968 2.390684
v -0.000002 5.895552 2.390684
v 5.607003 1.821828 2.390684
v 5.252975 2.676527 2.390684
v 4.797081 3.470850 2.419466
v 4.145908 4.143197 2.437806
v 3.444964 4.741310 2.437553
v 5.789198 -0.915042 2.437841
v 5.920959 0.011840 2.419670
v 5.822970 0.922267 2.390684
v 4.168787 -4.168783 2.390683
v 4.783355 -3.489743 2.419467
v 5.221570 -2.662676 2.437806
v 5.573806 -1.811210 2.437553
v 0.918703 -5.788620 2.437841
v 1.840937 -5.627507 2.419670
v 2.676524 -5.252977 2.390683
v 3.465319 -4.769600 2.390683
v -3.465318 -4.769603 2.390683
v -2.676524 -5.252977 2.390683
v -1.843773 -5.622025 2.416886
v -0.918801 -5.788820 2.437806
v -0.000163 -5.860700 2.437553
v -5.221408 -2.662521 2.437841
v -4.783196 -3.489830 2.419670
v -4.168786 -4.168785 2.390683
v -5.607004 1.821825 2.390684
v -5.822970 0.922266 2.390684
v -5.921035 0.011676 2.419467
v -5.789421 -0.915012 2.437806
v -5.573906 -1.810901 2.437553
v -4.145711 4.143090 2.437841
v -4.797116 3.470674 2.419669
v -5.252976 2.676526 2.390684
v -0.922270 5.822969 2.390684
v -1.818596 5.634847 2.419466
v -2.659257 5.223312 2.437806
v -3.444701 4.741501 2.437553
v 1.939063 6.113880 2.433045
v 1.000234 6.315222 2.390684
v -0.000002 6.393943 2.390684
v 5.697044 2.902792 2.390684
v 6.081000 1.975839 2.390684
v 5.215162 3.733585 2.433054
v 6.315225 1.000233 2.390684
v 6.413850 0.045135 2.433045
v 3.758266 -5.172807 2.390684
v 4.521202 -4.521199 2.390683
v 5.162424 -3.806172 2.433054
v 2.902789 -5.697046 2.390684
v 2.024914 -6.085987 2.433045
v -2.902788 -5.697047 2.390684
v -3.758265 -5.172810 2.390684
v -2.024609 -6.085930 2.433054
v -4.521202 -4.521200 2.390683
v -5.162385 -3.806481 2.433046
v -6.315225 1.000232 2.390684
v -6.081001 1.975836 2.390684
v -6.413701 0.044861 2.433054
v -5.697045 2.902791 2.390684
v -5.215443 3.733453 2.433046
v -1.000235 6.315223 2.390684
v -1.939277 6.113654 2.433054
v 0.464852 1.401133 5.878930
v 0.000000 1.472094 5.878956
v 0.000000 0.000000 5.890574
v 0.869552 1.196836 5.878955
v 1.400045 0.454902 5.878956
v 1.188909 0.875074 5.878930
v 1.476204 -0.009126 5.878930
v 1.406965 -0.457150 5.878956
v 0.865275 -1.190949 5.878957
v 1.199638 -0.860308 5.878930
v 0.447493 -1.406773 5.878930
v -0.000000 -1.479370 5.878956
v -0.865275 -1.190949 5.878957
v -0.447493 -1.406773 5.878930
v -1.199638 -0.860308 5.878930
v -1.406965 -0.457151 5.878955
v -1.400045 0.454902 5.878956
v -1.476204 -0.009126 5.878930
v -1.188909 0.875074 5.878930
v -0.869552 1.196836 5.878955
v -0.464851 1.401133 5.878930
v 4.880109 9.577755 5.505610
v 5.216729 10.238408 6.539526
v 6.318317 8.696422 5.505610
v 6.754141 9.296283 6.539527
v 3.321735 10.223256 5.505610
v 3.550862 10.928433 6.539527
v 1.681570 10.617023 5.505610
v 1.797561 11.349361 6.539527
v -0.000001 10.749366 5.505610
v -0.000002 11.490834 6.539527
v 6.687982 9.205222 7.065563
v 5.165629 10.138121 7.065561
v 3.516080 10.821386 7.065562
v 1.779953 11.238192 7.065562
v -0.000002 11.378279 7.065561
v 5.877157 8.089214 0.000001
v 4.539369 8.909013 0.000001
v 3.089805 9.509443 0.000001
v 1.564159 9.875716 0.000001
v -0.000001 9.998818 0.000001
v 9.577755 4.880113 5.505610
v 10.928432 3.550865 6.539528
v 10.223254 3.321739 5.505610
v 10.238407 5.216731 6.539527
v 8.696418 6.318320 5.505610
v 9.296275 6.754146 6.539526
v 7.600946 7.600952 5.505611
v 8.125242 8.125250 6.539528
v 10.138120 5.165633 7.065562
v 10.821384 3.516083 7.065562
v 9.205220 6.687988 7.065561
v 8.045654 8.045663 7.065562
v 8.909010 4.539370 0.000001
v 9.509442 3.089807 0.000000
v 8.089211 5.877160 0.000001
v 7.070230 7.070235 0.000001
v 11.349362 -1.797562 6.539526
v 10.223254 -3.321735 5.505611
v 10.617023 -1.681571 5.505610
v 10.928432 -3.550860 6.539528
v 11.490834 0.000001 6.539527
v 10.749368 0.000001 5.505610
v 10.617023 1.681572 5.505610
v 11.349361 1.797564 6.539528
v 10.821387 -3.516079 7.065562
v 11.238193 -1.779955 7.065562
v 11.378280 0.000001 7.065561
v 11.238194 1.779956 7.065561
v 9.509443 -3.089804 -0.000000
v 9.875716 -1.564160 -0.000000
v 9.998818 0.000000 0.000000
v 9.875717 1.564160 0.000000
v 6.754145 -9.296278 6.539526
v 7.600951 -7.600948 5.505610
v 8.125247 -8.125244 6.539526
v 6.318319 -8.696420 5.505610
v 9.296282 -6.754139 6.539528
v 8.696420 -6.318316 5.505610
v 10.238409 -5.216725 6.539526
v 9.577756 -4.880105 5.505610
v 8.045660 -8.045655 7.065562
v 6.687985 -9.205220 7.065561
v 9.205222 -6.687981 7.065563
v 10.138123 -5.165627 7.065561
v 7.070234 -7.070231 -0.000001
v 5.877159 -8.089213 -0.000001
v 8.089216 -5.877155 -0.000001
v 8.909014 -4.539366 -0.000001
v 0.000001 -11.490832 6.539527
v 1.681571 -10.617023 5.505610
v 1.797562 -11.349361 6.539527
v 0.000001 -10.749365 5.505610
v 3.321737 -10.223255 5.505612
v 3.550863 -10.928432 6.539527
v 4.880112 -9.577756 5.505610
v 5.216730 -10.238407 6.539527
v 1.779955 -11.238193 7.065561
v 0.000002 -11.378279 7.065561
v 3.516082 -10.821386 7.065561
v 5.165630 -10.138119 7.065562
v 1.564159 -9.875717 -0.000001
v 0.000001 -9.998818 -0.000001
v 3.089805 -9.509442 -0.000001
v 4.539369 -8.909010 -0.000001
v -5.216728 -10.238407 6.539527
v -6.754143 -9.296279 6.539527
v -6.318318 -8.696420 5.505610
v -4.880109 -9.577753 5.505610
v -3.550859 -10.928432 6.539527
v -3.321734 -10.223254 5.505611
v -1.797559 -11.349363 6.539527
v -1.681569 -10.617023 5.505610
v -6.687983 -9.205221 7.065562
v -5.165629 -10.138121 7.065561
v -3.516079 -10.821387 7.065564
v -1.779952 -11.238194 7.065562
v -5.877158 -8.089214 -0.000001
v -4.539367 -8.909013 -0.000001
v -3.089803 -9.509443 -0.000001
v -1.564158 -9.875717 -0.000001
v -10.928432 -3.550864 6.539526
v -9.577756 -4.880110 5.505610
v -10.238407 -5.216729 6.539527
v -10.223254 -3.321738 5.505611
v -8.696422 -6.318319 5.505611
v -9.296280 -6.754143 6.539528
v -7.600950 -7.600951 5.505610
v -8.125246 -8.125246 6.539527
v -10.138121 -5.165630 7.065562
v -10.821387 -3.516084 7.065561
v -9.205223 -6.687986 7.065562
v -8.045658 -8.045658 7.065561
v -9.509442 -3.089806 -0.000000
v -8.909014 -4.539368 -0.000001
v -8.089215 -5.877159 -0.000001
v -7.070233 -7.070234 -0.000001
v -10.928432 3.550861 6.539527
v -10.223254 3.321735 5.505610
v -11.349362 1.797562 6.539527
v -10.617024 1.681570 5.505610
v -11.490834 -0.000003 6.539526
v -10.749368 -0.000003 5.505610
v -10.617023 -1.681574 5.505610
v -11.349361 -1.797566 6.539526
v -10.821385 3.516080 7.065564
v -11.238193 1.779954 7.065562
v -11.378280 -0.000003 7.065562
v -11.238194 -1.779959 7.065562
v -9.509443 3.089805 0.000000
v -9.875717 1.564159 0.000000
v -9.998818 -0.000002 0.000000
v -9.875717 -1.564162 -0.000000
v -7.600950 7.600950 5.505611
v -6.754146 9.296281 6.539526
v -6.318320 8.696421 5.505611
v -8.125246 8.125246 6.539527
v -9.296281 6.754143 6.539526
v -8.696422 6.318320 5.505610
v -10.238407 5.216729 6.539527
v -9.577756 4.880110 5.505610
v -8.045658 8.045659 7.065562
v -6.687986 9.205221 7.065562
v -9.205221 6.687985 7.065561
v -10.138121 5.165630 7.065562
v -5.877159 8.089213 0.000001
v -7.070232 7.070233 0.000001
v -8.089215 5.877159 0.000001
v -8.909013 4.539369 0.000001
v -1.681573 10.617023 5.505611
v -1.797564 11.349364 6.539527
v -3.321739 10.223254 5.505610
v -3.550865 10.928432 6.539527
v -4.880112 9.577753 5.505610
v -5.216733 10.238408 6.539526
v -1.779956 11.238194 7.065561
v -3.516085 10.821386 7.065561
v -5.165634 10.138121 7.065561
v -1.564161 9.875717 0.000001
v -3.089807 9.509439 0.000001
v -4.539370 8.909010 0.000001
v 5.178742 10.163857 -6.556572
v 6.447938 8.874831 -5.419071
v 6.704960 9.228591 -6.556572
v 4.980225 9.774246 -5.419070
v 3.525006 10.848860 -6.556572
v 3.389881 10.432989 -5.419071
v 1.784472 11.266723 -6.556572
v 1.716068 10.834836 -5.419070
v -0.000002 11.407164 -6.556572
v -0.000001 10.969893 -5.419070
v 6.683187 9.198623 -7.055142
v 5.161925 10.130853 -7.055144
v 3.513559 10.813630 -7.055142
v 1.778677 11.230136 -7.055142
v -0.000002 11.370122 -7.055142
v 9.774244 4.980230 -5.419072
v 10.848857 3.525011 -6.556575
v 10.163856 5.178747 -6.556574
v 10.432987 3.389887 -5.419072
v 8.874825 6.447945 -5.419072
v 9.228586 6.704968 -6.556572
v 7.756882 7.756889 -5.419071
v 8.066080 8.066089 -6.556572
v 10.130852 5.161930 -7.055142
v 10.813626 3.513563 -7.055144
v 9.198620 6.683193 -7.055142
v 8.039886 8.039894 -7.055142
v 11.266725 -1.784471 -6.556575
v 10.834836 -1.716068 -5.419074
v 10.432991 -3.389880 -5.419074
v 10.848863 -3.525004 -6.556575
v 11.407166 0.000003 -6.556575
v 10.969893 0.000003 -5.419074
v 10.834834 1.716073 -5.419072
v 11.266724 1.784477 -6.556575
v 10.813628 -3.513557 -7.055144
v 11.230136 -1.778677 -7.055144
v 11.370122 0.000002 -7.055144
v 11.230136 1.778681 -7.055142
v 6.704967 -9.228589 -6.556577
v 7.756888 -7.756884 -5.419075
v 6.447943 -8.874830 -5.419075
v 8.066088 -8.066082 -6.556577
v 9.228593 -6.704959 -6.556577
v 8.874832 -6.447937 -5.419075
v 10.163862 -5.178740 -6.556577
v 9.774250 -4.980223 -5.419074
v 6.683189 -9.198618 -7.055144
v 8.039890 -8.039886 -7.055146
v 9.198622 -6.683185 -7.055146
v 10.130853 -5.161922 -7.055146
v 1.716069 -10.834837 -5.419075
v 0.000001 -11.407166 -6.556578
v 1.784474 -11.266724 -6.556578
v 0.000001 -10.969895 -5.419075
v 3.389884 -10.432990 -5.419076
v 3.525010 -10.848861 -6.556578
v 4.980230 -9.774246 -5.419075
v 5.178747 -10.163858 -6.556578
v 0.000001 -11.370118 -7.055146
v 1.778678 -11.230134 -7.055144
v 3.513561 -10.813627 -7.055146
v 5.161926 -10.130850 -7.055144
v -4.980227 -9.774246 -5.419075
v -6.447941 -8.874830 -5.419075
v -5.178744 -10.163857 -6.556578
v -6.704965 -9.228590 -6.556577
v -3.389882 -10.432990 -5.419075
v -3.525006 -10.848861 -6.556578
v -1.716067 -10.834838 -5.419075
v -1.784471 -11.266726 -6.556578
v -6.683187 -9.198618 -7.055146
v -5.161925 -10.130850 -7.055144
v -3.513557 -10.813627 -7.055144
v -1.778676 -11.230133 -7.055146
v -10.848862 -3.525008 -6.556575
v -9.774248 -4.980226 -5.419075
v -10.432990 -3.389884 -5.419074
v -10.163860 -5.178743 -6.556577
v -8.874833 -6.447941 -5.419075
v -9.228594 -6.704963 -6.556577
v -7.756887 -7.756886 -5.419075
v -8.066086 -8.066084 -6.556577
v -10.813628 -3.513561 -7.055142
v -10.130853 -5.161926 -7.055144
v -9.198622 -6.683189 -7.055144
v -8.039889 -8.039888 -7.055146
v -10.848859 3.525008 -6.556575
v -11.266725 1.784475 -6.556574
v -10.432989 3.389884 -5.419072
v -10.834837 1.716069 -5.419072
v -11.407166 -0.000001 -6.556575
v -10.969893 -0.000001 -5.419074
v -10.834837 -1.716071 -5.419074
v -11.266726 -1.784475 -6.556575
v -10.813627 3.513561 -7.055146
v -11.230136 1.778679 -7.055144
v -11.370122 -0.000001 -7.055144
v -11.230136 -1.778681 -7.055144
v -7.756885 7.756886 -5.419072
v -6.704962 9.228590 -6.556572
v -8.066083 8.066086 -6.556572
v -6.447942 8.874830 -5.419072
v -9.228590 6.704966 -6.556572
v -8.874828 6.447943 -5.419072
v -10.163857 5.178746 -6.556574
v -9.774246 4.980229 -5.419071
v -8.039890 8.039890 -7.055142
v -6.683189 9.198623 -7.055142
v -9.198622 6.683190 -7.055142
v -10.130852 5.161928 -7.055144
v -1.716070 10.834834 -5.419071
v -1.784474 11.266724 -6.556572
v -3.389885 10.432987 -5.419071
v -3.525009 10.848858 -6.556572
v -4.980228 9.774246 -5.419070
v -5.178747 10.163858 -6.556572
v -1.778680 11.230138 -7.055142
v -3.513563 10.813627 -7.055144
v -5.161930 10.130853 -7.055142
vt 0.1733 0.5117
vt 0.2031 0.5198
vt 0.1855 0.5496
vt 0.1587 0.5791
vt 0.1798 0.5715
vt 0.1758 0.5825
vt 0.1588 0.5674
vt 0.1646 0.5459
vt 0.1379 0.5408
vt 0.1427 0.5054
vt 0.1110 0.5386
vt 0.1115 0.5029
vt 0.0839 0.5398
vt 0.0572 0.5444
vt 0.0862 0.5601
vt 0.0626 0.5659
vt 0.1108 0.5591
vt 0.1353 0.5610
vt 0.0800 0.5044
vt 0.0492 0.5100
vt 0.0360 0.5476
vt 0.0417 0.5701
vt 0.0630 0.5774
vt 0.0460 0.5811
vt 0.0504 0.5916
vt 0.0686 0.5889
vt 0.0192 0.5176
vt 0.0585 0.6147
vt 0.0741 0.6118
vt 0.0702 0.6379
vt 0.0900 0.5884
vt 0.0923 0.6084
vt 0.1110 0.5874
vt 0.1108 0.6074
vt 0.1320 0.5891
vt 0.1292 0.6091
vt 0.1471 0.6130
vt 0.1257 0.6304
vt 0.1104 0.6318
vt 0.1531 0.5903
vt 0.1096 0.6797
vt 0.0951 0.6296
vt 0.1389 0.6365
vt 0.1504 0.6394
vt 0.1628 0.6165
vt 0.1714 0.5933
vt 0.0816 0.6355
vt 0.1095 0.6836
vt 0.1221 0.6858
vt 0.1240 0.6819
vt 0.0950 0.6814
vt 0.0967 0.6853
vt 0.2284 0.7856
vt 0.2310 0.8251
vt 0.1788 0.7861
vt 0.2273 0.7378
vt 0.1772 0.7378
vt 0.1260 0.7378
vt 0.1282 0.7875
vt 0.1825 0.8258
vt 0.2340 0.8568
vt 0.0737 0.7378
vt 0.2771 0.7856
vt 0.2788 0.8252
vt 0.2764 0.7375
vt 0.2285 0.6897
vt 0.1788 0.6895
vt 0.1281 0.6880
vt 0.1824 0.6497
vt 0.2308 0.6501
vt 0.2771 0.6895
vt 0.3247 0.7375
vt 0.3252 0.7858
vt 0.3262 0.8254
vt 0.0764 0.6848
vt 0.1333 0.6475
vt 0.1870 0.6179
vt 0.2339 0.6184
vt 0.2786 0.6501
vt 0.3250 0.6895
vt 0.4666 0.6177
vt 0.4670 0.6494
vt 0.4202 0.6494
vt 0.4202 0.6892
vt 0.3730 0.6497
vt 0.3728 0.6892
vt 0.3259 0.6499
vt 0.2805 0.6184
vt 0.4661 0.5850
vt 0.5117 0.5852
vt 0.5107 0.5559
vt 0.5557 0.5562
vt 0.4656 0.5557
vt 0.4202 0.5850
vt 0.4202 0.6177
vt 0.3735 0.6177
vt 0.3271 0.6179
vt 0.4202 0.5554
vt 0.3745 0.5557
vt 0.3740 0.5850
vt 0.3281 0.5854
vt 0.2827 0.5857
vt 0.2373 0.5859
vt 0.1925 0.5854
vt 0.2842 0.5562
vt 0.3291 0.5559
vt 0.2847 0.5383
vt 0.3293 0.5378
vt 0.3745 0.5376
vt 0.4202 0.5376
vt 0.0835 0.6418
vt 0.0239 0.6794
vt 0.0333 0.6309
vt 0.0931 0.6082
vt 0.1400 0.6152
vt 0.1483 0.5825
vt 0.1970 0.5559
vt 0.2401 0.5562
vt 0.1054 0.5752
vt 0.2408 0.5381
vt 0.1987 0.5381
vt 0.1588 0.5354
vt 0.1555 0.5530
vt 0.1163 0.5461
vt 0.0654 0.5605
vt 0.0474 0.5938
vt 0.0806 0.5334
vt 0.0867 0.5166
vt 0.1216 0.5288
vt 0.1973 0.9194
vt 0.1990 0.9371
vt 0.1592 0.9401
vt 0.1334 0.8281
vt 0.0765 0.7906
vt 0.1873 0.8575
vt 0.1927 0.8901
vt 0.2375 0.8894
vt 0.2404 0.9191
vt 0.2411 0.9372
vt 0.2844 0.9190
vt 0.3743 0.8901
vt 0.4202 0.8902
vt 0.3748 0.9196
vt 0.3284 0.8898
vt 0.3293 0.9193
vt 0.2827 0.8895
vt 0.2808 0.8568
vt 0.3271 0.8572
vt 0.3726 0.7375
vt 0.3728 0.7859
vt 0.3733 0.8256
vt 0.3738 0.8574
vt 0.4202 0.7375
vt 0.4202 0.7859
vt 0.4675 0.7859
vt 0.4678 0.7375
vt 0.4675 0.6892
vt 0.5151 0.6892
vt 0.5142 0.6497
vt 0.5615 0.6499
vt 0.5596 0.6182
vt 0.6064 0.6184
vt 0.5132 0.6179
vt 0.5576 0.5857
vt 0.6025 0.5857
vt 0.7002 0.6150
vt 0.6475 0.5852
vt 0.6919 0.5823
vt 0.6431 0.5559
vt 0.6001 0.5562
vt 0.6533 0.6177
vt 0.5630 0.6895
vt 0.6094 0.6499
vt 0.6577 0.6497
vt 0.7070 0.6472
vt 0.7568 0.6416
vt 0.7471 0.6079
vt 0.7349 0.5750
vt 0.6118 0.6895
vt 0.6611 0.6892
vt 0.7119 0.6877
vt 0.7637 0.6846
vt 0.8164 0.6790
vt 0.8066 0.6306
vt 0.8198 0.7375
vt 0.7144 0.7375
vt 0.6631 0.7375
vt 0.6128 0.7375
vt 0.5640 0.7375
vt 0.6118 0.7856
vt 0.5630 0.7856
vt 0.6094 0.8251
vt 0.5615 0.8251
vt 0.6064 0.8567
vt 0.5142 0.8253
vt 0.5151 0.7858
vt 0.5156 0.7375
vt 0.4202 0.8257
vt 0.4673 0.8256
vt 0.5596 0.8568
vt 0.5132 0.8572
vt 0.4668 0.8574
vt 0.4202 0.8575
vt 0.4661 0.8901
vt 0.4658 0.9195
vt 0.5117 0.8898
vt 0.5576 0.8894
vt 0.6030 0.8893
vt 0.6475 0.8898
vt 0.6533 0.8572
vt 0.6846 0.9221
vt 0.6919 0.8928
vt 0.7241 0.9290
vt 0.6431 0.9192
vt 0.6001 0.9189
vt 0.5562 0.9189
vt 0.5112 0.9193
vt 0.7188 0.9465
vt 0.6812 0.9399
vt 0.6416 0.9370
vt 0.5991 0.9370
vt 0.5557 0.9369
vt 0.5107 0.9371
vt 0.4658 0.9374
vt 0.4202 0.9375
vt 0.2849 0.9370
vt 0.3296 0.9372
vt 0.3748 0.9374
vt 0.4202 0.9196
vt 0.6255 0.0254
vt 0.6392 0.0142
vt 0.6392 0.0254
vt 0.6255 0.0142
vt 0.6123 0.0254
vt 0.6123 0.0142
vt 0.5986 0.0254
vt 0.5986 0.0142
vt 0.5850 0.0254
vt 0.5850 0.0142
vt 0.5713 0.0254
vt 0.5713 0.0142
vt 0.6392 0.0093
vt 0.6255 0.0093
vt 0.6123 0.0093
vt 0.5986 0.0093
vt 0.5850 0.0093
vt 0.5713 0.0093
vt 0.5581 0.0142
vt 0.5581 0.0254
vt 0.5713 0.0762
vt 0.5581 0.0762
vt 0.5581 0.1284
vt 0.5444 0.1284
vt 0.5444 0.1401
vt 0.5308 0.1401
vt 0.5444 0.1450
vt 0.5581 0.1450
vt 0.5581 0.1401
vt 0.5713 0.1450
vt 0.5850 0.1401
vt 0.5986 0.1401
vt 0.5850 0.1450
vt 0.5713 0.1401
vt 0.5713 0.1284
vt 0.5850 0.1284
vt 0.5850 0.0762
vt 0.5986 0.1284
vt 0.6123 0.1401
vt 0.6123 0.1284
vt 0.6255 0.1401
vt 0.6255 0.1284
vt 0.5986 0.0762
vt 0.6123 0.0762
vt 0.6255 0.0762
vt 0.6392 0.0762
vt 0.6392 0.1284
vt 0.6392 0.1401
vt 0.6255 0.1450
vt 0.6123 0.1450
vt 0.5986 0.1450
vt 0.6392 0.1450
vt 0.1183 0.0254
vt 0.1002 0.0254
vt 0.1183 0.0142
vt 0.1002 0.0142
vt 0.1002 0.0093
vt 0.0820 0.0142
vt 0.0820 0.0254
vt 0.1002 0.0762
vt 0.1183 0.0762
vt 0.1183 0.1284
vt 0.1362 0.1284
vt 0.1362 0.1401
vt 0.1542 0.1401
vt 0.0637 0.0142
vt 0.0820 0.0093
vt 0.0637 0.0093
vt 0.1183 0.1401
vt 0.1002 0.1284
vt 0.1002 0.1401
vt 0.1362 0.1450
vt 0.1183 0.1450
vt 0.1002 0.1450
vt 0.0820 0.1401
vt 0.0820 0.1284
vt 0.0820 0.0762
vt 0.0637 0.1284
vt 0.0637 0.1401
vt 0.0453 0.1401
vt 0.0637 0.1450
vt 0.0820 0.1450
vt 0.0453 0.1284
vt 0.0637 0.0762
vt 0.0637 0.0254
vt 0.0453 0.0254
vt 0.0453 0.0142
vt 0.0267 0.0142
vt 0.0267 0.0254
vt 0.0084 0.0142
vt 0.0084 0.0254
vt 0.0453 0.0093
vt 0.0267 0.0093
vt 0.0084 0.0093
vt 0.7930 0.8815
vt 0.7471 0.8671
vt 0.8071 0.8444
vt 0.7749 0.9147
vt 0.7349 0.9000
vt 0.7568 0.8334
vt 0.8164 0.7959
vt 0.7002 0.8601
vt 0.7598 0.9417
vt 0.7534 0.9585
vt 0.7070 0.8278
vt 0.7637 0.7903
vt 0.7666 0.7375
vt 0.6611 0.7859
vt 0.6577 0.8254
vt 0.7119 0.7871
vt 0.2246 0.0762
vt 0.2419 0.0762
vt 0.2246 0.1284
vt 0.2073 0.1284
vt 0.2073 0.0762
vt 0.1897 0.1284
vt 0.1897 0.0762
vt 0.2590 0.0762
vt 0.2419 0.1284
vt 0.2246 0.1401
vt 0.2073 0.1401
vt 0.1897 0.1401
vt 0.1720 0.1284
vt 0.1720 0.0762
vt 0.1897 0.0254
vt 0.2073 0.0254
vt 0.2246 0.0254
vt 0.2419 0.0254
vt 0.1542 0.0762
vt 0.1720 0.0254
vt 0.1897 0.0142
vt 0.2073 0.0142
vt 0.2246 0.0142
vt 0.2419 0.0142
vt 0.2419 0.0093
vt 0.2590 0.0093
vt 0.1542 0.0254
vt 0.1720 0.0142
vt 0.1720 0.0093
vt 0.1897 0.0093
vt 0.2073 0.0093
vt 0.2246 0.0093
vt 0.1542 0.0142
vt 0.1542 0.0093
vt 0.1362 0.0093
vt 0.1362 0.0142
vt 0.1183 0.0093
vt 0.1362 0.0254
vt 0.1362 0.0762
vt 0.1542 0.1284
vt 0.1720 0.1401
vt 0.2246 0.1450
vt 0.2419 0.1450
vt 0.2073 0.1450
vt 0.1897 0.1450
vt 0.1720 0.1450
vt 0.1542 0.1450
vt 0.3579 0.1284
vt 0.3733 0.1284
vt 0.3579 0.1401
vt 0.3733 0.1401
vt 0.3884 0.1284
vt 0.3884 0.1401
vt 0.3884 0.1450
vt 0.4033 0.1450
vt 0.3579 0.1450
vt 0.3420 0.1450
vt 0.3733 0.1450
vt 0.3733 0.0762
vt 0.3579 0.0762
vt 0.3884 0.0762
vt 0.4033 0.0762
vt 0.4033 0.1284
vt 0.4033 0.1401
vt 0.4182 0.1450
vt 0.4182 0.1401
vt 0.4329 0.1450
vt 0.4182 0.1284
vt 0.4182 0.0762
vt 0.4033 0.0254
vt 0.3884 0.0254
vt 0.3733 0.0254
vt 0.4614 0.1401
vt 0.4756 0.1401
vt 0.4614 0.1450
vt 0.4473 0.1450
vt 0.4473 0.1401
vt 0.4329 0.1401
vt 0.4329 0.1284
vt 0.4329 0.0762
vt 0.4473 0.1284
vt 0.4614 0.1284
vt 0.4756 0.1284
vt 0.4895 0.1401
vt 0.4895 0.1284
vt 0.5034 0.1401
vt 0.5034 0.1284
vt 0.4895 0.0762
vt 0.5034 0.0762
vt 0.4756 0.0762
vt 0.4614 0.0762
vt 0.4473 0.0762
vt 0.4473 0.0254
vt 0.4614 0.0254
vt 0.4756 0.0254
vt 0.4895 0.0254
vt 0.5034 0.0254
vt 0.5171 0.0762
vt 0.5171 0.0254
vt 0.5034 0.0142
vt 0.4895 0.0142
vt 0.4756 0.0142
vt 0.4614 0.0142
vt 0.4473 0.0142
vt 0.4329 0.0254
vt 0.4329 0.0142
vt 0.4614 0.0093
vt 0.4473 0.0093
vt 0.4329 0.0093
vt 0.4182 0.0142
vt 0.4182 0.0254
vt 0.4033 0.0142
vt 0.4182 0.0093
vt 0.4033 0.0093
vt 0.3884 0.0142
vt 0.3884 0.0093
vt 0.3733 0.0142
vt 0.3733 0.0093
vt 0.3579 0.0142
vt 0.3579 0.0093
vt 0.3579 0.0254
vt 0.3420 0.0254
vt 0.3420 0.0762
vt 0.3257 0.0762
vt 0.3420 0.1284
vt 0.3257 0.1284
vt 0.3420 0.1401
vt 0.3257 0.1450
vt 0.3257 0.1401
vt 0.3093 0.1450
vt 0.3093 0.1401
vt 0.2927 0.1450
vt 0.2927 0.1401
vt 0.2759 0.1450
vt 0.2759 0.1401
vt 0.2590 0.1401
vt 0.2759 0.1284
vt 0.2927 0.1284
vt 0.3093 0.1284
vt 0.2590 0.1450
vt 0.2419 0.1401
vt 0.2590 0.1284
vt 0.2759 0.0762
vt 0.2927 0.0762
vt 0.3093 0.0762
vt 0.3257 0.0254
vt 0.3420 0.0142
vt 0.3257 0.0142
vt 0.3093 0.0254
vt 0.2927 0.0254
vt 0.2759 0.0254
vt 0.2927 0.0142
vt 0.2759 0.0142
vt 0.3093 0.0142
vt 0.3420 0.0093
vt 0.3257 0.0093
vt 0.3093 0.0093
vt 0.2927 0.0093
vt 0.2759 0.0093
vt 0.2590 0.0142
vt 0.2590 0.0254
vt 0.0084 0.1450
vt 0.0084 0.1401
vt 0.0267 0.1450
vt 0.0267 0.0762
vt 0.0084 0.0762
vt 0.0084 0.1284
vt 0.0267 0.1284
vt 0.0267 0.1401
vt 0.0453 0.1450
vt 0.0453 0.0762
vt 0.9028 0.4336
vt 0.9028 0.4214
vt 0.9360 0.4321
vt 0.9355 0.4209
vt 0.9028 0.4092
vt 0.9360 0.4097
vt 0.9355 0.5286
vt 0.9028 0.5281
vt 0.9355 0.5171
vt 0.9023 0.5161
vt 0.9033 0.4956
vt 0.9355 0.4956
vt 0.9033 0.4751
vt 0.9360 0.4746
vt 0.9033 0.4541
vt 0.9360 0.4536
vt 0.9370 0.6396
vt 0.9038 0.6401
vt 0.9355 0.6147
vt 0.9033 0.6152
vt 0.9028 0.5901
vt 0.9351 0.5898
vt 0.9023 0.5649
vt 0.9351 0.5649
vt 0.9023 0.5400
vt 0.9355 0.5398
vt 0.8208 0.1387
vt 0.8208 0.1494
vt 0.8110 0.1372
vt 0.8511 0.1484
vt 0.8359 0.1577
vt 0.8467 0.1416
vt 0.8340 0.1479
vt 0.8208 0.1602
vt 0.8076 0.1479
vt 0.8018 0.1328
vt 0.8208 0.1064
vt 0.8306 0.1372
vt 0.8335 0.1860
vt 0.8208 0.1860
vt 0.8325 0.2095
vt 0.8208 0.2139
vt 0.8091 0.2095
vt 0.8081 0.1860
vt 0.8057 0.1582
vt 0.7949 0.1416
vt 0.7944 0.1255
vt 0.7798 0.1196
vt 0.7773 0.1064
vt 0.7900 0.1162
vt 0.7856 0.1318
vt 0.7793 0.0928
vt 0.7715 0.0903
vt 0.7856 0.0806
vt 0.7671 0.1074
vt 0.7700 0.1230
vt 0.7764 0.1372
vt 0.7905 0.1484
vt 0.7407 0.1191
vt 0.7451 0.1309
vt 0.7485 0.1431
vt 0.7266 0.1494
vt 0.7183 0.1396
vt 0.7192 0.1270
vt 0.8081 0.3584
vt 0.7832 0.3584
vt 0.8081 0.3262
vt 0.7832 0.3262
vt 0.7583 0.3262
vt 0.7583 0.3594
vt 0.9028 0.3584
vt 0.8813 0.3589
vt 0.9023 0.3257
vt 0.8818 0.3257
vt 0.8696 0.3257
vt 0.8696 0.3584
vt 0.8584 0.3589
vt 0.8579 0.3257
vt 0.8330 0.3584
vt 0.8330 0.3262
vt 0.9888 0.3252
vt 0.9888 0.3584
vt 0.9771 0.3257
vt 0.9771 0.3584
vt 0.9658 0.3589
vt 0.9648 0.3257
vt 0.9443 0.3584
vt 0.9438 0.3257
vt 0.9233 0.3584
vt 0.9233 0.3257
vt 0.4546 0.3101
vt 0.4565 0.3364
vt 0.4492 0.3105
vt 0.4502 0.3384
vt 0.4482 0.2871
vt 0.4517 0.2847
vt 0.5015 0.2842
vt 0.5151 0.3066
vt 0.5234 0.3379
vt 0.5405 0.3096
vt 0.5483 0.3389
vt 0.5518 0.3091
vt 0.5601 0.3389
vt 0.5630 0.3086
vt 0.5723 0.3394
vt 0.5845 0.3105
vt 0.5981 0.3413
vt 0.5469 0.4502
vt 0.5723 0.4395
vt 0.5596 0.4707
vt 0.5791 0.4614
vt 0.4858 0.5027
vt 0.4714 0.5259
vt 0.4663 0.4888
vt 0.4863 0.4648
vt 0.5034 0.4819
vt 0.5098 0.4448
vt 0.5239 0.4644
vt 0.5361 0.4282
vt 0.5649 0.4165
vt 0.5947 0.4092
vt 0.4583 0.4829
vt 0.4795 0.4580
vt 0.5615 0.4072
vt 0.5317 0.4199
vt 0.5039 0.4370
vt 0.4648 0.4438
vt 0.4419 0.4707
vt 0.4414 0.5105
vt 0.5171 0.3911
vt 0.5137 0.3843
vt 0.5518 0.3770
vt 0.4805 0.4048
vt 0.4854 0.4111
vt 0.4568 0.4355
vt 0.4324 0.4644
vt 0.4128 0.4961
vt 0.4231 0.5012
vt 0.3984 0.5308
vt 0.4512 0.4297
vt 0.4260 0.4595
vt 0.4058 0.4927
vt 0.3909 0.5283
vt 0.3896 0.5674
vt 0.3816 0.5659
vt 0.3867 0.6047
vt 0.4094 0.5344
vt 0.4009 0.5691
vt 0.3982 0.6047
vt 0.4009 0.6404
vt 0.4187 0.6047
vt 0.4211 0.6372
vt 0.4307 0.6357
vt 0.4380 0.6658
vt 0.4287 0.5405
vt 0.4211 0.5723
vt 0.4500 0.5149
vt 0.4380 0.5435
vt 0.4307 0.5737
vt 0.4285 0.6047
vt 0.4521 0.6047
vt 0.4551 0.6318
vt 0.4780 0.6260
vt 0.4609 0.6584
vt 0.4609 0.5510
vt 0.4551 0.5776
vt 0.4780 0.5835
vt 0.4753 0.6047
vt 0.4863 0.6047
vt 0.4890 0.6250
vt 0.4973 0.6047
vt 0.5000 0.6238
vt 0.5205 0.6047
vt 0.5229 0.6216
vt 0.5830 0.6047
vt 0.5845 0.6167
vt 0.5874 0.6047
vt 0.5908 0.6174
vt 0.5845 0.5928
vt 0.5908 0.5918
vt 0.5229 0.5876
vt 0.5000 0.5854
vt 0.4890 0.5845
vt 0.2998 0.8540
vt 0.2971 0.8337
vt 0.3264 0.8489
vt 0.3206 0.8275
vt 0.3474 0.8455
vt 0.3350 0.8832
vt 0.3042 0.8893
vt 0.2727 0.8914
vt 0.2727 0.8558
vt 0.2725 0.8354
vt 0.3647 0.8753
vt 0.2456 0.8539
vt 0.2482 0.8336
vt 0.2190 0.8489
vt 0.2246 0.8275
vt 0.1979 0.8455
vt 0.2036 0.8231
vt 0.2249 0.8158
vt 0.2078 0.8123
vt 0.2122 0.8018
vt 0.2412 0.8893
vt 0.2104 0.8832
vt 0.1807 0.8752
vt 0.2305 0.8044
vt 0.2360 0.7816
vt 0.2515 0.8052
vt 0.2539 0.7852
vt 0.2725 0.7867
vt 0.2568 0.7639
vt 0.2725 0.7623
vt 0.2725 0.7148
vt 0.2878 0.7642
vt 0.3013 0.7582
vt 0.2725 0.8069
vt 0.2935 0.8054
vt 0.2908 0.7855
vt 0.2202 0.7786
vt 0.2321 0.7554
vt 0.2437 0.7581
vt 0.2581 0.7124
vt 0.2598 0.7087
vt 0.2725 0.7109
vt 0.2852 0.7087
vt 0.2871 0.7126
vt 0.3127 0.7555
vt 0.3091 0.7817
vt 0.3247 0.7786
vt 0.3328 0.8019
vt 0.3147 0.8044
vt 0.3203 0.8159
vt 0.3372 0.8123
vt 0.3416 0.8231
vt 0.8105 0.0752
vt 0.8208 0.0737
vt 0.8311 0.0752
vt 0.8208 0.0625
vt 0.8071 0.0649
vt 0.8018 0.0801
vt 0.7944 0.0869
vt 0.7896 0.0962
vt 0.7881 0.1064
vt 0.7954 0.0718
vt 0.8027 0.0557
vt 0.8208 0.0547
vt 0.8345 0.0649
vt 0.8398 0.0801
vt 0.8472 0.0869
vt 0.8521 0.0962
vt 0.8384 0.0557
vt 0.8535 0.1064
vt 0.8643 0.1064
vt 0.8516 0.1162
vt 0.8472 0.1255
vt 0.8398 0.1328
vt 0.8560 0.1318
vt 0.8618 0.1196
vt 0.8623 0.0928
vt 0.8701 0.0903
vt 0.8745 0.1074
vt 0.8716 0.1230
vt 0.8652 0.1372
vt 0.8931 0.1431
vt 0.8965 0.1309
vt 0.9004 0.1191
vt 0.9224 0.1270
vt 0.9229 0.1396
vt 0.9150 0.1494
vt 0.6592 0.1943
vt 0.6582 0.1899
vt 0.6675 0.1885
vt 0.6680 0.1934
vt 0.6719 0.2476
vt 0.6763 0.1934
vt 0.6768 0.1885
vt 0.6670 0.1826
vt 0.6567 0.1846
vt 0.6514 0.1968
vt 0.6499 0.1924
vt 0.6479 0.1885
vt 0.6387 0.1665
vt 0.6519 0.1621
vt 0.6655 0.1602
vt 0.6772 0.1831
vt 0.6870 0.1855
vt 0.6929 0.1621
vt 0.6968 0.1885
vt 0.6792 0.1602
vt 0.6855 0.1899
vt 0.6851 0.1943
vt 0.6929 0.1973
vt 0.7007 0.2012
vt 0.7075 0.2065
vt 0.7139 0.2124
vt 0.6118 0.2227
vt 0.6172 0.2246
vt 0.6089 0.2324
vt 0.6177 0.2144
vt 0.6211 0.2168
vt 0.6216 0.2266
vt 0.6255 0.2188
vt 0.6309 0.2124
vt 0.6367 0.2061
vt 0.6436 0.2012
vt 0.6411 0.2979
vt 0.6382 0.3027
vt 0.6299 0.2969
vt 0.6333 0.2925
vt 0.6367 0.2891
vt 0.6270 0.2866
vt 0.6304 0.2832
vt 0.6255 0.2759
vt 0.6221 0.2681
vt 0.6191 0.2603
vt 0.6172 0.2515
vt 0.6436 0.2939
vt 0.6509 0.2979
vt 0.6494 0.3022
vt 0.6470 0.3076
vt 0.6592 0.3008
vt 0.6577 0.3052
vt 0.6567 0.3096
vt 0.6514 0.3330
vt 0.6382 0.3286
vt 0.6260 0.3223
vt 0.6147 0.3145
vt 0.6050 0.3047
vt 0.7061 0.3032
vt 0.7026 0.2983
vt 0.7144 0.2969
vt 0.6963 0.3066
vt 0.6948 0.3022
vt 0.7007 0.2944
vt 0.6929 0.2983
vt 0.6846 0.3003
vt 0.6763 0.3018
vt 0.6675 0.3018
vt 0.7266 0.2251
vt 0.7227 0.2168
vt 0.7319 0.2227
vt 0.7295 0.2339
vt 0.7251 0.2349
vt 0.7314 0.2427
vt 0.7266 0.2432
vt 0.7261 0.2520
vt 0.7246 0.2603
vt 0.7222 0.2686
vt 0.7188 0.2764
vt 0.7354 0.2324
vt 0.7358 0.2427
vt 0.7266 0.2812
vt 0.7314 0.2725
vt 0.7471 0.2935
vt 0.7529 0.2812
vt 0.7344 0.2627
vt 0.7573 0.2681
vt 0.7598 0.2549
vt 0.7358 0.2529
vt 0.7598 0.2407
vt 0.7573 0.2271
vt 0.7534 0.2144
vt 0.7275 0.2139
vt 0.7471 0.2017
vt 0.7388 0.1909
vt 0.7056 0.1665
vt 0.7056 0.1929
vt 0.7183 0.1729
vt 0.7290 0.1812
vt 0.7139 0.1987
vt 0.7207 0.2061
vt 0.7188 0.2192
vt 0.7178 0.2095
vt 0.7227 0.2271
vt 0.6191 0.2349
vt 0.6177 0.2432
vt 0.6143 0.2339
vt 0.6128 0.2427
vt 0.6074 0.2422
vt 0.6128 0.2520
vt 0.6084 0.2524
vt 0.5845 0.2544
vt 0.5845 0.2407
vt 0.5864 0.2271
vt 0.5908 0.2139
vt 0.5972 0.2017
vt 0.6230 0.2056
vt 0.6055 0.1904
vt 0.6304 0.1987
vt 0.6152 0.1807
vt 0.6265 0.1729
vt 0.6387 0.1929
vt 0.1677 0.9521
vt 0.1624 0.9522
vt 0.1602 0.9260
vt 0.1667 0.9241
vt 0.1687 0.9751
vt 0.1654 0.9776
vt 0.1156 0.9782
vt 0.1016 0.9558
vt 0.0934 0.9246
vt 0.0762 0.9529
vt 0.0684 0.9240
vt 0.0649 0.9534
vt 0.0566 0.9235
vt 0.0539 0.9539
vt 0.0446 0.9232
vt 0.0322 0.9521
vt 0.0186 0.9212
vt 0.3799 0.8588
vt 0.3862 0.8610
vt 0.3774 0.8866
vt 0.3828 0.8870
vt 0.3755 0.9096
vt 0.3787 0.9122
vt 0.4282 0.9150
vt 0.4431 0.8934
vt 0.5278 0.8627
vt 0.5127 0.8928
vt 0.5020 0.8634
vt 0.4912 0.8937
vt 0.4900 0.8632
vt 0.4800 0.8927
vt 0.4780 0.8630
vt 0.4688 0.8916
vt 0.4531 0.8625
vt 0.1298 0.7637
vt 0.1587 0.7483
vt 0.1532 0.7697
vt 0.1320 0.7434
vt 0.1051 0.7623
vt 0.1049 0.7419
vt 0.0805 0.7639
vt 0.0778 0.7439
vt 0.0512 0.7490
vt 0.0570 0.7703
vt 0.0405 0.7856
vt 0.0361 0.7748
vt 0.0575 0.7819
vt 0.0301 0.7524
vt 0.0425 0.7146
vt 0.0732 0.7085
vt 0.1047 0.7063
vt 0.1361 0.7080
vt 0.0128 0.7227
vt 0.1669 0.7139
vt 0.1798 0.7516
vt 0.1742 0.7739
vt 0.1530 0.7812
vt 0.1700 0.7848
vt 0.1658 0.7953
vt 0.1475 0.7927
vt 0.1968 0.7217
vt 0.1420 0.8156
vt 0.1263 0.7921
vt 0.1241 0.8121
vt 0.1057 0.8108
vt 0.1058 0.8352
vt 0.1210 0.8335
vt 0.1060 0.8829
vt 0.1344 0.8392
vt 0.1205 0.8850
vt 0.1459 0.8418
vt 0.1577 0.8186
vt 0.1187 0.8889
vt 0.1060 0.8868
vt 0.0933 0.8889
vt 0.0914 0.8851
vt 0.0770 0.8395
vt 0.0904 0.8334
vt 0.0872 0.8120
vt 0.0691 0.8159
vt 0.0657 0.8422
vt 0.0535 0.8193
vt 0.0450 0.7960
vt 0.1054 0.7908
vt 0.0845 0.7921
vt 0.0632 0.7932
vt 0.5986 0.7759
vt 0.5723 0.7703
vt 0.6001 0.7522
vt 0.5791 0.7483
vt 0.5317 0.7897
vt 0.5615 0.8021
vt 0.5225 0.8080
vt 0.5361 0.7811
vt 0.5649 0.7928
vt 0.5947 0.8003
vt 0.6255 0.7781
vt 0.6260 0.8021
vt 0.6528 0.7756
vt 0.6567 0.7996
vt 0.6870 0.7922
vt 0.6582 0.8091
vt 0.6260 0.8118
vt 0.5933 0.8098
vt 0.5557 0.8217
vt 0.5518 0.8326
vt 0.5903 0.8300
vt 0.6260 0.8323
vt 0.5884 0.8414
vt 0.6260 0.8439
vt 0.6616 0.8293
vt 0.6899 0.8015
vt 0.5874 0.8492
vt 0.6260 0.8518
vt 0.6636 0.8408
vt 0.6963 0.8210
vt 0.7202 0.7892
vt 0.7158 0.7805
vt 0.6646 0.8486
vt 0.7295 0.8075
vt 0.6997 0.8320
vt 0.7021 0.8396
vt 0.7344 0.8177
vt 0.7383 0.8250
vt 0.6797 0.7693
vt 0.7046 0.7590
vt 0.7422 0.7645
vt 0.7480 0.7723
vt 0.7598 0.7889
vt 0.7280 0.7451
vt 0.7656 0.7446
vt 0.7725 0.7513
vt 0.7871 0.7657
vt 0.7666 0.7983
vt 0.7954 0.7739
vt 0.8198 0.7454
vt 0.8105 0.7385
vt 0.7485 0.7273
vt 0.7715 0.8047
vt 0.8008 0.7795
vt 0.8262 0.7501
vt 0.8394 0.7134
vt 0.8467 0.7170
vt 0.8535 0.6787
vt 0.8291 0.7083
vt 0.8428 0.6750
vt 0.8232 0.6687
vt 0.8511 0.6404
vt 0.8623 0.6421
vt 0.8652 0.6047
vt 0.8613 0.6812
vt 0.8701 0.6433
vt 0.8735 0.6047
vt 0.8623 0.5674
vt 0.8701 0.5662
vt 0.8535 0.5308
vt 0.8613 0.5283
vt 0.8394 0.4961
vt 0.8540 0.6047
vt 0.8511 0.5691
vt 0.8428 0.5344
vt 0.8291 0.5012
vt 0.8105 0.4712
vt 0.8198 0.4644
vt 0.7871 0.4438
vt 0.7939 0.4829
vt 0.8110 0.5105
vt 0.8232 0.5408
vt 0.8306 0.5723
vt 0.8335 0.6047
vt 0.8306 0.6372
vt 0.8213 0.6357
vt 0.8140 0.6658
vt 0.7910 0.6584
vt 0.7974 0.6318
vt 0.7993 0.6047
vt 0.8237 0.6047
vt 0.8213 0.5737
vt 0.8140 0.5437
vt 0.8022 0.5149
vt 0.7974 0.5776
vt 0.7910 0.5510
vt 0.7803 0.5261
vt 0.7666 0.5027
vt 0.7583 0.5352
vt 0.7480 0.5164
vt 0.7388 0.5227
vt 0.7046 0.4507
vt 0.7422 0.4448
vt 0.7280 0.4644
vt 0.7656 0.4648
vt 0.7485 0.4824
vt 0.7334 0.5005
vt 0.7861 0.4888
vt 0.7725 0.4580
vt 0.7480 0.4370
vt 0.7202 0.4204
vt 0.7158 0.4292
vt 0.6797 0.4404
vt 0.6899 0.4082
vt 0.6870 0.4175
vt 0.6528 0.4341
vt 0.7598 0.4204
vt 0.7295 0.4019
vt 0.7954 0.4355
vt 0.7666 0.4111
vt 0.7344 0.3916
vt 0.6997 0.3774
vt 0.6963 0.3887
vt 0.6582 0.4004
vt 0.8467 0.4927
vt 0.8262 0.4595
vt 0.8008 0.4302
vt 0.7715 0.4048
vt 0.7383 0.3848
vt 0.7021 0.3701
vt 0.6636 0.3687
vt 0.6646 0.3608
vt 0.6260 0.3657
vt 0.6260 0.3579
vt 0.5884 0.3682
vt 0.5874 0.3604
vt 0.5493 0.3691
vt 0.5903 0.3794
vt 0.6260 0.3774
vt 0.5225 0.4014
vt 0.5557 0.3877
vt 0.5933 0.3999
vt 0.6260 0.3979
vt 0.6616 0.3804
vt 0.6567 0.4102
vt 0.6260 0.4072
vt 0.6255 0.4316
vt 0.5986 0.4336
vt 0.6006 0.4575
vt 0.5825 0.4717
vt 0.5640 0.4805
vt 0.5859 0.4824
vt 0.5684 0.4907
vt 0.5933 0.5044
vt 0.5776 0.5117
vt 0.6128 0.5635
vt 0.6016 0.5688
vt 0.6138 0.5679
vt 0.6030 0.5750
vt 0.6025 0.4683
vt 0.6050 0.4790
vt 0.6104 0.5012
vt 0.6245 0.5615
vt 0.6270 0.5671
vt 0.2822 0.3853
vt 0.2979 0.3818
vt 0.2947 0.4082
vt 0.2739 0.3618
vt 0.3345 0.3765
vt 0.3501 0.3989
vt 0.3347 0.4009
vt 0.3162 0.3779
vt 0.3193 0.3994
vt 0.3062 0.4053
vt 0.3208 0.4507
vt 0.3352 0.4487
vt 0.3225 0.4546
vt 0.3352 0.4526
vt 0.3479 0.4546
vt 0.3496 0.4507
vt 0.3635 0.4048
vt 0.3750 0.4072
vt 0.3711 0.3809
vt 0.3867 0.3843
vt 0.3948 0.3608
vt 0.3765 0.3584
vt 0.3821 0.3467
vt 0.3992 0.3506
vt 0.3552 0.3574
vt 0.2920 0.3589
vt 0.3132 0.3579
vt 0.3342 0.3564
vt 0.3530 0.3779
vt 0.3069 0.3096
vt 0.3022 0.2739
vt 0.3340 0.3076
vt 0.2717 0.2803
vt 0.2803 0.3149
vt 0.2593 0.3184
vt 0.2861 0.3359
vt 0.2651 0.3403
vt 0.2864 0.3477
vt 0.2693 0.3511
vt 0.2419 0.2886
vt 0.3096 0.3296
vt 0.3342 0.3281
vt 0.3611 0.3091
vt 0.3589 0.3291
vt 0.3877 0.3140
vt 0.3823 0.3350
vt 0.4033 0.3394
vt 0.4089 0.3169
vt 0.3960 0.2793
vt 0.3652 0.2734
vt 0.3337 0.2720
vt 0.4258 0.2871
vt 0.3743 0.9572
vt 0.3689 0.9571
vt 0.3765 0.9310
vt 0.3679 0.9801
vt 0.3713 0.9826
vt 0.4209 0.9832
vt 0.4348 0.9608
vt 0.3699 0.9291
vt 0.4922 0.9282
vt 0.5181 0.9263
vt 0.5044 0.9571
vt 0.4827 0.9590
vt 0.4800 0.9285
vt 0.4717 0.9585
vt 0.4683 0.9289
vt 0.4602 0.9579
vt 0.4434 0.9296
vt 0.2244 0.5359
vt 0.2505 0.4932
vt 0.2358 0.5386
vt 0.3044 0.5366
vt 0.2932 0.5391
vt 0.2795 0.4932
vt 0.2649 0.4951
vt 0.2776 0.4897
vt 0.2649 0.4912
vt 0.2522 0.4893
vt 0.2491 0.5444
vt 0.2457 0.5657
vt 0.2279 0.5620
vt 0.2122 0.5588
vt 0.2037 0.5818
vt 0.2432 0.5857
vt 0.2642 0.5674
vt 0.2644 0.5430
vt 0.2798 0.5449
vt 0.3008 0.5627
vt 0.3164 0.5596
vt 0.3064 0.5857
vt 0.2849 0.5864
vt 0.2827 0.5664
vt 0.2642 0.5874
vt 0.3245 0.5830
vt 0.3118 0.5969
vt 0.3289 0.5935
vt 0.3330 0.6045
vt 0.3123 0.6086
vt 0.3389 0.6267
vt 0.3176 0.6301
vt 0.3257 0.6646
vt 0.2908 0.6348
vt 0.3557 0.6570
vt 0.2394 0.6140
vt 0.2639 0.6157
vt 0.2368 0.6343
vt 0.2639 0.6362
vt 0.2886 0.6145
vt 0.2949 0.6702
vt 0.2634 0.6719
vt 0.2322 0.6697
vt 0.2102 0.6292
vt 0.2159 0.6077
vt 0.2014 0.6633
vt 0.1891 0.6255
vt 0.1949 0.6033
vt 0.2163 0.5962
vt 0.1993 0.5923
vt 0.2220 0.5847
vt 0.1716 0.6553
vt 0.4919 0.4204
vt 0.2379 0.9601
vt 0.2269 0.9607
vt 0.2296 0.9302
vt 0.2177 0.9299
vt 0.2052 0.9588
vt 0.1915 0.9279
vt 0.3408 0.9588
vt 0.3418 0.9818
vt 0.3354 0.9590
vt 0.3384 0.9843
vt 0.2886 0.9849
vt 0.2747 0.9625
vt 0.3333 0.9327
vt 0.2664 0.9313
vt 0.2493 0.9596
vt 0.2415 0.9306
vt 0.3396 0.9308
vt 0.6016 0.9632
vt 0.5874 0.9856
vt 0.5410 0.9596
vt 0.5381 0.9850
vt 0.5347 0.9825
vt 0.5356 0.9595
vt 0.5435 0.9334
vt 0.5366 0.9315
vt 0.6714 0.9595
vt 0.6587 0.9306
vt 0.6851 0.9286
vt 0.6494 0.9614
vt 0.6470 0.9309
vt 0.6382 0.9609
vt 0.6348 0.9313
vt 0.6270 0.9603
vt 0.6099 0.9320
vt 0.9399 0.8764
vt 0.9395 0.8655
vt 0.9697 0.8682
vt 0.9702 0.8561
vt 0.9414 0.8438
vt 0.9722 0.8301
vt 0.9414 0.9793
vt 0.9185 0.9802
vt 0.9414 0.9739
vt 0.9160 0.9769
vt 0.9150 0.9271
vt 0.9375 0.9131
vt 0.9673 0.9717
vt 0.9688 0.9048
vt 0.9404 0.8877
vt 0.9697 0.8799
vt 0.9692 0.9782
vt 0.8711 0.2256
vt 0.8848 0.2031
vt 0.9316 0.2285
vt 0.9341 0.2031
vt 0.9375 0.2056
vt 0.9370 0.2290
vt 0.9292 0.2549
vt 0.9360 0.2568
vt 0.7876 0.2612
vt 0.8013 0.2300
vt 0.8140 0.2588
vt 0.8232 0.2280
vt 0.8257 0.2583
vt 0.8340 0.2285
vt 0.8379 0.2578
vt 0.8452 0.2290
vt 0.8628 0.2568
vt 0.0904 0.4722
vt 0.0936 0.4624
vt 0.1068 0.4761
vt 0.0748 0.4658
vt 0.0795 0.4565
vt 0.0604 0.4570
vt 0.0664 0.4482
vt 0.0548 0.4385
vt 0.0475 0.4458
vt 0.1237 0.4775
vt 0.1389 0.4658
vt 0.1405 0.4761
vt 0.1237 0.4673
vt 0.1085 0.4658
vt 0.0980 0.4487
vt 0.0859 0.4438
vt 0.0748 0.4370
vt 0.1725 0.4370
vt 0.1825 0.4287
vt 0.1809 0.4487
vt 0.1678 0.4565
vt 0.1614 0.4438
vt 0.1538 0.4624
vt 0.1494 0.4487
vt 0.1367 0.4517
vt 0.1237 0.4526
vt 0.1107 0.4517
vt 0.2024 0.4268
vt 0.1925 0.4385
vt 0.1998 0.4458
vt 0.1870 0.4570
vt 0.1726 0.4658
vt 0.1570 0.4722
vt 0.2261 0.4028
vt 0.2163 0.3999
vt 0.2301 0.3867
vt 0.2196 0.4185
vt 0.2104 0.4141
vt 0.2108 0.4331
vt 0.2314 0.3696
vt 0.2211 0.3696
vt 0.2301 0.3530
vt 0.2198 0.3848
vt 0.2028 0.3955
vt 0.1978 0.4072
vt 0.1909 0.4185
vt 0.2163 0.3394
vt 0.2198 0.3545
vt 0.2028 0.3438
vt 0.2058 0.3564
vt 0.2068 0.3696
vt 0.2058 0.3828
vt 0.1998 0.2935
vt 0.1925 0.3008
vt 0.1870 0.2827
vt 0.2024 0.3125
vt 0.2108 0.3062
vt 0.2104 0.3257
vt 0.2196 0.3208
vt 0.2261 0.3364
vt 0.1614 0.2954
vt 0.1678 0.2827
vt 0.1725 0.3022
vt 0.1809 0.2910
vt 0.1825 0.3110
vt 0.1909 0.3208
vt 0.1978 0.3320
vt 0.1237 0.2622
vt 0.1237 0.2725
vt 0.1068 0.2632
vt 0.1389 0.2734
vt 0.1405 0.2632
vt 0.1538 0.2769
vt 0.1570 0.2671
vt 0.1726 0.2734
vt 0.0936 0.2769
vt 0.1085 0.2734
vt 0.0980 0.2905
vt 0.1107 0.2876
vt 0.1237 0.2866
vt 0.1367 0.2876
vt 0.1494 0.2905
vt 0.0475 0.2935
vt 0.0548 0.3008
vt 0.0365 0.3062
vt 0.0664 0.2910
vt 0.0604 0.2827
vt 0.0795 0.2827
vt 0.0748 0.2739
vt 0.0904 0.2671
vt 0.0496 0.3320
vt 0.0369 0.3257
vt 0.0564 0.3208
vt 0.0449 0.3125
vt 0.0649 0.3110
vt 0.0748 0.3022
vt 0.0859 0.2954
vt 0.0159 0.3696
vt 0.0263 0.3696
vt 0.0173 0.3867
vt 0.0275 0.3545
vt 0.0173 0.3530
vt 0.0311 0.3394
vt 0.0212 0.3364
vt 0.0277 0.3208
vt 0.0275 0.3848
vt 0.0212 0.4028
vt 0.0415 0.3828
vt 0.0405 0.3696
vt 0.0415 0.3564
vt 0.0446 0.3438
vt 0.0446 0.3955
vt 0.0311 0.3999
vt 0.0496 0.4072
vt 0.0369 0.4141
vt 0.0564 0.4185
vt 0.0449 0.4268
vt 0.0649 0.4287
vt 0.0365 0.4331
vt 0.0277 0.4185
vt 0.9531 0.7043
vt 0.9531 0.6934
vt 0.9834 0.6970
vt 0.9839 0.6851
vt 0.9556 0.6716
vt 0.9873 0.6592
vt 0.9502 0.8016
vt 0.9502 0.8070
vt 0.9272 0.8071
vt 0.9248 0.8036
vt 0.9263 0.7539
vt 0.9492 0.7407
vt 0.9766 0.8005
vt 0.9805 0.7339
vt 0.9531 0.7156
vt 0.9824 0.7090
vt 0.9780 0.8071
vt 0.7715 0.9598
vt 0.7578 0.9822
vt 0.7109 0.9563
vt 0.7080 0.9816
vt 0.7046 0.9791
vt 0.7056 0.9561
vt 0.7134 0.9301
vt 0.7070 0.9282
vt 0.8413 0.9561
vt 0.8291 0.9272
vt 0.8550 0.9253
vt 0.8193 0.9580
vt 0.8169 0.9276
vt 0.8086 0.9575
vt 0.8052 0.9279
vt 0.7969 0.9569
vt 0.7803 0.9286
vt 0.5640 0.7290
vt 0.5825 0.7378
vt 0.5596 0.7390
vt 0.5859 0.7273
vt 0.5684 0.7190
vt 0.5933 0.7051
vt 0.5776 0.6978
vt 0.6128 0.6460
vt 0.6016 0.6406
vt 0.6138 0.6416
vt 0.6030 0.6345
vt 0.6025 0.7415
vt 0.6050 0.7310
vt 0.6099 0.7083
vt 0.6245 0.6479
vt 0.6270 0.6423
vt 0.7739 0.0420
vt 0.7891 0.0630
vt 0.7637 0.0493
vt 0.7778 0.0737
vt 0.7510 0.0298
vt 0.7578 0.0190
vt 0.7700 0.0161
vt 0.7837 0.0342
vt 0.4058 0.7170
vt 0.3909 0.6812
vt 0.4128 0.7134
vt 0.3984 0.6787
vt 0.3816 0.6436
vt 0.4231 0.7083
vt 0.4324 0.7454
vt 0.4512 0.7797
vt 0.4260 0.7501
vt 0.4419 0.7388
vt 0.4583 0.7266
vt 0.4414 0.6990
vt 0.4287 0.6689
vt 0.4094 0.6750
vt 0.3896 0.6421
vt 0.3787 0.6047
vt 0.4500 0.6946
vt 0.4663 0.7209
vt 0.4714 0.6836
vt 0.4858 0.7068
vt 0.5034 0.7275
vt 0.4863 0.7446
vt 0.5098 0.7648
vt 0.4795 0.7513
vt 0.5039 0.7726
vt 0.5239 0.7454
vt 0.5171 0.8182
vt 0.4919 0.7892
vt 0.5469 0.7592
vt 0.4648 0.7659
vt 0.4854 0.7986
vt 0.4805 0.8049
vt 0.5137 0.8253
vt 0.5493 0.8402
vt 0.4568 0.7740
vt 0.8462 0.0718
vt 0.8521 0.0630
vt 0.8560 0.0806
vt 0.8638 0.0737
vt 0.8779 0.0488
vt 0.8677 0.0420
vt 0.8906 0.0298
vt 0.8843 0.0195
vt 0.8721 0.0161
vt 0.8574 0.0342
vt 0.9707 0.9909
vt 0.9917 0.9603
vt 0.9917 0.9909
vt 0.9707 0.9603
vt 0.9116 0.9909
vt 0.9116 0.9603
vt 0.9707 0.9296
vt 0.9917 0.9296
vt 0.9917 0.8987
vt 0.9707 0.8987
vt 0.9917 0.8679
vt 0.9116 0.9296
vt 0.8530 0.9296
vt 0.8530 0.9603
vt 0.8530 0.9909
vt 0.8320 0.9909
vt 0.8320 0.9603
vt 0.8320 0.9296
vt 0.8320 0.8987
vt 0.8530 0.8987
vt 0.9116 0.8987
vt 0.9707 0.8679
vt 0.8320 0.8679
vt 0.8530 0.8679
vt 0.9116 0.8679
vt 0.9116 0.8370
vt 0.9707 0.8370
vt 0.9116 0.8063
vt 0.9707 0.8063
vt 0.9116 0.7754
vt 0.8530 0.8370
vt 0.8530 0.8063
vt 0.8530 0.7754
vt 0.9116 0.7446
vt 0.8530 0.7446
vt 0.8530 0.7139
vt 0.9707 0.7754
vt 0.9707 0.7446
vt 0.9707 0.7139
vt 0.9116 0.7139
vt 0.8530 0.6831
vt 0.8320 0.6831
vt 0.8320 0.6523
vt 0.9917 0.7139
vt 0.9917 0.6831
vt 0.9707 0.6831
vt 0.9116 0.6831
vt 0.8530 0.6523
vt 0.8320 0.6213
vt 0.8530 0.6213
vt 0.9917 0.6523
vt 0.9707 0.6523
vt 0.9116 0.6523
vt 0.9116 0.6213
vt 0.9116 0.5906
vt 0.9707 0.6213
vt 0.9707 0.5906
vt 0.9917 0.6213
vt 0.9917 0.5906
vt 0.8530 0.5906
vt 0.9116 0.5596
vt 0.9707 0.5598
vt 0.9917 0.5601
vt 0.9707 0.5291
vt 0.9917 0.5291
vt 0.9707 0.4985
vt 0.9116 0.5291
vt 0.9116 0.4985
vt 0.9707 0.4678
vt 0.9116 0.4678
vt 0.9707 0.4375
vt 0.9116 0.4375
vt 0.9707 0.4067
vt 0.9116 0.4067
vt 0.9917 0.4985
vt 0.9917 0.4678
vt 0.9917 0.4375
vt 0.9917 0.4067
vt 0.9917 0.3760
vt 0.9707 0.3760
vt 0.9707 0.3457
vt 0.9116 0.3760
vt 0.8530 0.3760
vt 0.9116 0.3457
vt 0.8530 0.3457
vt 0.8315 0.3760
vt 0.8315 0.3457
vt 0.9116 0.3149
vt 0.8530 0.3149
vt 0.8315 0.3149
vt 0.8530 0.2842
vt 0.8315 0.2842
vt 0.8530 0.2539
vt 0.8315 0.2539
vt 0.9116 0.2842
vt 0.9116 0.2539
vt 0.8530 0.2231
vt 0.9116 0.2231
vt 0.8530 0.1924
vt 0.9116 0.1924
vt 0.8530 0.1621
vt 0.9116 0.1621
vt 0.9116 0.1313
vt 0.9707 0.1313
vt 0.9707 0.1621
vt 0.9707 0.1924
vt 0.9707 0.2231
vt 0.9707 0.2539
vt 0.9707 0.2842
vt 0.9707 0.3149
vt 0.9917 0.1924
vt 0.9917 0.2231
vt 0.9917 0.2539
vt 0.9917 0.2842
vt 0.9917 0.3149
vt 0.9917 0.3457
vt 0.8530 0.1313
vt 0.9116 0.1006
vt 0.9707 0.1006
vt 0.9917 0.1313
vt 0.9917 0.1621
vt 0.9917 0.1006
vt 0.8530 0.1006
vt 0.9116 0.0698
vt 0.9707 0.0698
vt 0.9917 0.0698
vt 0.9707 0.0396
vt 0.9917 0.0396
vt 0.9707 0.0088
vt 0.9917 0.0088
vt 0.8315 0.1006
vt 0.8315 0.1313
vt 0.8530 0.0698
vt 0.9116 0.0396
vt 0.9116 0.0088
vt 0.8315 0.0396
vt 0.8315 0.0088
vt 0.8530 0.0088
vt 0.8530 0.0396
vt 0.8315 0.0698
vt 0.7485 0.6689
vt 0.7583 0.6743
vt 0.7388 0.6868
vt 0.7300 0.6804
vt 0.7393 0.6633
vt 0.7114 0.6667
vt 0.7192 0.6516
vt 0.6606 0.6301
vt 0.6665 0.6194
vt 0.6572 0.6274
vt 0.6621 0.6150
vt 0.6523 0.6389
vt 0.6470 0.6357
vt 0.6992 0.6792
vt 0.7168 0.6943
vt 0.7251 0.7017
vt 0.7334 0.7090
vt 0.7480 0.6931
vt 0.7666 0.7068
vt 0.7803 0.6833
vt 0.8022 0.6946
vt 0.7861 0.7209
vt 0.8110 0.6990
vt 0.7939 0.7266
vt 0.8530 0.5598
vt 0.8530 0.5291
vt 0.8530 0.4985
vt 0.8530 0.4678
vt 0.8530 0.4375
vt 0.8530 0.4067
vt 0.8315 0.4067
vt 0.8315 0.4375
vt 0.8315 0.4678
vt 0.8320 0.4985
vt 0.8320 0.5291
vt 0.8320 0.5601
vt 0.8320 0.5908
vt 0.8320 0.8370
vt 0.8320 0.8063
vt 0.8320 0.7754
vt 0.8320 0.7446
vt 0.8320 0.7139
vt 0.5479 0.0840
vt 0.5024 0.0659
vt 0.5474 0.0659
vt 0.5493 0.1138
vt 0.5039 0.1133
vt 0.5029 0.0840
vt 0.4575 0.0654
vt 0.4575 0.0835
vt 0.4119 0.0654
vt 0.4121 0.0835
vt 0.3665 0.0835
vt 0.4121 0.1128
vt 0.3660 0.1133
vt 0.4121 0.1455
vt 0.3655 0.1460
vt 0.3179 0.1777
vt 0.2725 0.1465
vt 0.3191 0.1460
vt 0.3650 0.1777
vt 0.4121 0.1777
vt 0.4585 0.1460
vt 0.4580 0.1133
vt 0.3169 0.2173
vt 0.2705 0.1782
vt 0.3647 0.2173
vt 0.4121 0.2173
vt 0.4590 0.1777
vt 0.5049 0.1460
vt 0.3167 0.2656
vt 0.2683 0.2656
vt 0.2690 0.2178
vt 0.3645 0.2656
vt 0.4121 0.2656
vt 0.4595 0.2173
vt 0.5059 0.1777
vt 0.2205 0.3140
vt 0.2192 0.2656
vt 0.2690 0.3140
vt 0.3171 0.3140
vt 0.3647 0.3140
vt 0.2228 0.3535
vt 0.2705 0.3535
vt 0.3181 0.3535
vt 0.2260 0.3853
vt 0.2725 0.3853
vt 0.2294 0.4175
vt 0.1846 0.4185
vt 0.3652 0.3540
vt 0.3191 0.3853
vt 0.2747 0.4180
vt 0.2764 0.4473
vt 0.2322 0.4473
vt 0.1891 0.4478
vt 0.1403 0.4214
vt 0.1476 0.4507
vt 0.1083 0.4575
vt 0.0974 0.4287
vt 0.1137 0.4751
vt 0.0787 0.4873
vt 0.0726 0.4702
vt 0.0574 0.4434
vt 0.0851 0.3955
vt 0.1320 0.3887
vt 0.1790 0.3857
vt 0.1252 0.3560
vt 0.1743 0.3540
vt 0.1201 0.3154
vt 0.1708 0.3145
vt 0.0683 0.3188
vt 0.0754 0.3618
vt 0.1692 0.2656
vt 0.2203 0.2178
vt 0.0655 0.2656
vt 0.1179 0.2656
vt 0.1708 0.2173
vt 0.2227 0.1782
vt 0.1200 0.2163
vt 0.0683 0.2129
vt 0.1251 0.1753
vt 0.1743 0.1777
vt 0.2258 0.1465
vt 0.1790 0.1460
vt 0.3201 0.1133
vt 0.2744 0.1138
vt 0.2292 0.1138
vt 0.1844 0.1133
vt 0.1318 0.1431
vt 0.3210 0.0840
vt 0.2761 0.0840
vt 0.3665 0.0659
vt 0.3213 0.0659
vt 0.2766 0.0664
vt 0.2321 0.0840
vt 0.1890 0.0840
vt 0.1401 0.1104
vt 0.1475 0.0811
vt 0.1135 0.0566
vt 0.1508 0.0630
vt 0.1906 0.0659
vt 0.2328 0.0659
vt 0.1082 0.0742
vt 0.0786 0.0444
vt 0.0724 0.0615
vt 0.0573 0.0884
vt 0.0973 0.1030
vt 0.0850 0.1362
vt 0.0392 0.1216
vt 0.0252 0.1587
vt 0.0753 0.1699
vt 0.0157 0.2075
vt 0.0123 0.2656
vt 0.0157 0.3242
vt 0.0252 0.3730
vt 0.0393 0.4102
vt 0.4592 0.3540
vt 0.4587 0.3857
vt 0.4121 0.3540
vt 0.4124 0.3857
vt 0.4124 0.4185
vt 0.3657 0.3857
vt 0.3662 0.4185
vt 0.3203 0.4180
vt 0.4121 0.3140
vt 0.4597 0.3140
vt 0.3213 0.4478
vt 0.3667 0.4478
vt 0.4124 0.4478
vt 0.5063 0.3535
vt 0.5054 0.3853
vt 0.4583 0.4185
vt 0.4580 0.4478
vt 0.4124 0.4658
vt 0.3667 0.4658
vt 0.5034 0.4473
vt 0.5039 0.4180
vt 0.4580 0.4658
vt 0.5029 0.4653
vt 0.5483 0.4473
vt 0.5498 0.4175
vt 0.5518 0.3848
vt 0.5537 0.3535
vt 0.5952 0.4175
vt 0.5923 0.4473
vt 0.5986 0.3848
vt 0.5479 0.4653
vt 0.5918 0.4653
vt 0.6338 0.4653
vt 0.6353 0.4473
vt 0.6401 0.4180
vt 0.6455 0.3853
vt 0.6499 0.3535
vt 0.6772 0.4502
vt 0.6841 0.4209
vt 0.7163 0.4570
vt 0.6924 0.3882
vt 0.6992 0.3555
vt 0.6738 0.4678
vt 0.7109 0.4746
vt 0.7461 0.4863
vt 0.7520 0.4697
vt 0.7671 0.4429
vt 0.7271 0.4282
vt 0.7393 0.3950
vt 0.7993 0.3721
vt 0.7490 0.3613
vt 0.8086 0.3237
vt 0.7852 0.4097
vt 0.7563 0.3184
vt 0.8120 0.2651
vt 0.7046 0.3149
vt 0.7588 0.2651
vt 0.7559 0.2124
vt 0.8086 0.2065
vt 0.6016 0.3530
vt 0.6538 0.3135
vt 0.7061 0.2651
vt 0.7041 0.2153
vt 0.6987 0.1748
vt 0.7485 0.1694
vt 0.7988 0.1582
vt 0.7847 0.1211
vt 0.7388 0.1357
vt 0.7666 0.0879
vt 0.6919 0.1426
vt 0.6450 0.1455
vt 0.6499 0.1772
vt 0.6533 0.2168
vt 0.6396 0.1128
vt 0.6836 0.1099
vt 0.5981 0.1465
vt 0.6011 0.1782
vt 0.6040 0.2173
vt 0.6548 0.2651
vt 0.6050 0.2656
vt 0.6040 0.3140
vt 0.5532 0.1782
vt 0.5552 0.2178
vt 0.5068 0.2173
vt 0.5073 0.2656
vt 0.4597 0.2656
vt 0.5557 0.2656
vt 0.5552 0.3140
vt 0.5073 0.3140
vt 0.5513 0.1465
vt 0.5947 0.1138
vt 0.6348 0.0835
vt 0.6763 0.0806
vt 0.7158 0.0737
vt 0.7266 0.1025
vt 0.5918 0.0840
vt 0.6729 0.0630
vt 0.7104 0.0562
vt 0.7451 0.0439
vt 0.7515 0.0605
vt 0.5913 0.0659
vt 0.6333 0.0659
vt 0.5308 0.0142
vt 0.5308 0.0093
vt 0.5444 0.0093
vt 0.5444 0.0142
vt 0.5444 0.0254
vt 0.5581 0.0093
vt 0.5171 0.0142
vt 0.5171 0.0093
vt 0.5308 0.0254
vt 0.5444 0.0762
vt 0.5308 0.0762
vt 0.5308 0.1284
vt 0.5171 0.1284
vt 0.5171 0.1401
vt 0.5308 0.1450
vt 0.5171 0.1450
vt 0.5034 0.1450
vt 0.4895 0.1450
vt 0.4756 0.1450
vt 0.7593 0.5332
vt 0.7749 0.5603
vt 0.7236 0.5459
vt 0.7534 0.5164
vt 0.7183 0.5286
vt 0.6846 0.5527
vt 0.6812 0.5352
vt 0.7930 0.5933
vt 0.6416 0.5381
vt 0.5991 0.5381
vt 0.5557 0.5381
vt 0.5107 0.5378
vt 0.4656 0.5376
vt 0.6235 0.2891
vt 0.6172 0.2812
vt 0.5972 0.2935
vt 0.6128 0.2720
vt 0.5908 0.2812
vt 0.5864 0.2681
vt 0.6094 0.2627
vt 0.7134 0.2832
vt 0.7168 0.2861
vt 0.7075 0.2891
vt 0.7104 0.2925
vt 0.7212 0.2900
vt 0.7222 0.2793
vt 0.7388 0.3047
vt 0.7290 0.3145
vt 0.6670 0.3115
vt 0.6650 0.3350
vt 0.6768 0.3115
vt 0.6787 0.3354
vt 0.6924 0.3330
vt 0.6870 0.3101
vt 0.7056 0.3286
vt 0.7178 0.3228
vt 0.6665 0.5901
vt 0.6621 0.5942
vt 0.6572 0.5820
vt 0.6606 0.5793
vt 0.7192 0.5579
vt 0.7114 0.5427
vt 0.7393 0.5461
vt 0.7300 0.5291
vt 0.7485 0.5408
vt 0.7251 0.5078
vt 0.7168 0.5151
vt 0.6997 0.5305
vt 0.6523 0.5706
vt 0.6470 0.5735
vt 0.0240 0.7964
vt 0.0836 0.8337
vt 0.0335 0.8447
vt 0.0933 0.8673
vt 0.0476 0.8820
vt 0.0656 0.9150
vt 0.1166 0.9293
vt 0.0809 0.9421
vt 0.1057 0.9003
vt 0.1486 0.8931
vt 0.1401 0.8604
vt 0.0205 0.7378
vt 0.1558 0.9224
vt 0.1219 0.9468
vt 0.0870 0.9589
vt 0.5117 0.2344
vt 0.4978 0.2344
vt 0.4978 0.1597
vt 0.5117 0.1597
vt 0.5254 0.2344
vt 0.5254 0.1597
vt 0.5391 0.2344
vt 0.5391 0.1597
vt 0.5532 0.2344
vt 0.5532 0.1597
vt 0.5669 0.2344
vt 0.5669 0.1597
vt 0.3733 0.2344
vt 0.3594 0.2344
vt 0.3594 0.1597
vt 0.3733 0.1597
vt 0.3872 0.2344
vt 0.3872 0.1597
vt 0.4009 0.2344
vt 0.4009 0.1597
vt 0.4148 0.2344
vt 0.4148 0.1597
vt 0.4287 0.2344
vt 0.4287 0.1597
vt 0.4426 0.1597
vt 0.4426 0.2344
vt 0.4563 0.1597
vt 0.4563 0.2344
vt 0.4702 0.1597
vt 0.4702 0.2344
vt 0.4841 0.1597
vt 0.4841 0.2344
vt 0.2211 0.2344
vt 0.2211 0.1597
vt 0.2350 0.2344
vt 0.2350 0.1597
vt 0.2488 0.2344
vt 0.2488 0.1597
vt 0.2627 0.2344
vt 0.2627 0.1597
vt 0.2764 0.2344
vt 0.2764 0.1597
vt 0.2903 0.2344
vt 0.2903 0.1597
vt 0.3042 0.1597
vt 0.3042 0.2344
vt 0.3179 0.1597
vt 0.3179 0.2344
vt 0.3318 0.1597
vt 0.3318 0.2344
vt 0.3457 0.1597
vt 0.3457 0.2344
vt 0.0828 0.2344
vt 0.0828 0.1597
vt 0.0966 0.2344
vt 0.0966 0.1597
vt 0.1105 0.2344
vt 0.1105 0.1597
vt 0.1243 0.2344
vt 0.1243 0.1597
vt 0.1381 0.2344
vt 0.1381 0.1597
vt 0.1520 0.2344
vt 0.1520 0.1597
vt 0.1658 0.1597
vt 0.1658 0.2344
vt 0.1796 0.1597
vt 0.1796 0.2344
vt 0.1935 0.1597
vt 0.1935 0.2344
vt 0.2073 0.1597
vt 0.2073 0.2344
vt 0.6836 0.8743
vt 0.6831 0.9074
vt 0.6714 0.8744
vt 0.6719 0.9072
vt 0.6606 0.9075
vt 0.6592 0.8743
vt 0.7832 0.8743
vt 0.7949 0.8745
vt 0.7949 0.9072
vt 0.7832 0.9075
vt 0.7583 0.9069
vt 0.7583 0.8745
vt 0.7334 0.8745
vt 0.7334 0.9069
vt 0.7085 0.8745
vt 0.7080 0.9069
vt 0.0136 0.1597
vt 0.0275 0.1597
vt 0.0136 0.2344
vt 0.0275 0.2344
vt 0.0413 0.1597
vt 0.0413 0.2344
vt 0.0551 0.1597
vt 0.0551 0.2344
vt 0.0690 0.1597
vt 0.0690 0.2344
vt 0.9897 0.0928
vt 0.9902 0.1138
vt 0.9570 0.0933
vt 0.9565 0.1147
vt 0.9897 0.1260
vt 0.9570 0.1265
vt 0.9570 0.1377
vt 0.9902 0.1377
vt 0.9575 0.1626
vt 0.9902 0.1626
vt 0.9575 0.1875
vt 0.9897 0.1880
vt 0.9570 0.2124
vt 0.9897 0.2129
vt 0.9561 0.2373
vt 0.9893 0.2378
vt 0.8901 0.8743
vt 0.8911 0.9075
vt 0.8691 0.8746
vt 0.8696 0.9072
vt 0.8486 0.8745
vt 0.8486 0.9072
vt 0.8276 0.8745
vt 0.8276 0.9072
vt 0.8071 0.8743
vt 0.8062 0.9075
vt 0.9893 0.4946
vt 0.9897 0.5154
vt 0.9570 0.4946
vt 0.9565 0.5161
vt 0.9897 0.5273
vt 0.9565 0.5276
vt 0.9897 0.5396
vt 0.9565 0.5388
vt 0.9570 0.5640
vt 0.9893 0.5642
vt 0.9893 0.5891
vt 0.9570 0.5891
vt 0.9570 0.6143
vt 0.9893 0.6143
vt 0.9897 0.6389
vt 0.9565 0.6392
vt 0.9575 0.0186
vt 0.9570 0.0073
vt 0.9902 0.0068
vt 0.9902 0.0190
vt 0.9570 0.0298
vt 0.9902 0.0308
vt 0.9570 0.0513
vt 0.9897 0.0518
vt 0.9570 0.0723
vt 0.9893 0.0723
vt 0.9561 0.4092
vt 0.9893 0.4077
vt 0.9565 0.4204
vt 0.9893 0.4199
vt 0.9565 0.4316
vt 0.9897 0.4321
vt 0.9570 0.4531
vt 0.9893 0.4531
vt 0.9893 0.4736
vt 0.9570 0.4741
vt 0.5034 0.0093
vt 0.4895 0.0093
vt 0.4756 0.0093
vt 0.8315 0.2231
vt 0.8315 0.1924
vt 0.8315 0.1621
vt 0.3215 0.4653
vt 0.2766 0.4653
vt 0.2329 0.4653
vt 0.1908 0.4653
vt 0.1509 0.4683
vt 0.9917 0.8370
vt 0.9917 0.8063
vt 0.9917 0.7754
vt 0.9917 0.7446
vn -0.1568 -0.9228 0.3520
vn 0.3910 -0.0922 0.9158
vn 0.2790 -0.1976 0.9397
vn 0.2612 -0.2527 0.9316
vn 0.0917 -0.3458 0.9338
vn -0.1741 -0.9145 0.3652
vn -0.3566 -0.8595 0.3661
vn -0.3559 -0.8596 0.3666
vn -0.4860 -0.7933 0.3666
vn -0.4861 -0.7933 0.3665
vn -0.6040 -0.7076 0.3666
vn -0.2570 -0.1676 0.9518
vn -0.2686 -0.2290 0.9356
vn -0.2294 -0.2685 0.9356
vn -0.2280 -0.2683 0.9360
vn -0.1839 -0.3005 0.9359
vn -0.1836 -0.3004 0.9360
vn -0.1347 -0.3255 0.9359
vn -0.0805 -0.2962 0.9517
vn -0.6043 -0.7075 0.3664
vn -0.7076 -0.6042 0.3664
vn -0.7074 -0.6046 0.3661
vn -0.8162 -0.4477 0.3652
vn -0.3565 -0.0186 0.9341
vn -0.3194 0.1727 0.9317
vn -0.2732 0.2060 0.9396
vn -0.2066 0.3461 0.9152
vn -0.2044 0.3476 0.9151
vn -0.1272 0.3490 0.9285
vn -0.8295 -0.4337 0.3519
vn -0.8370 -0.2475 0.4880
vn -0.3258 0.2043 0.9231
vn -0.3267 0.1921 0.9254
vn -0.1200 -0.1070 0.9870
vn -0.1249 -0.1064 0.9864
vn -0.1057 -0.1256 0.9864
vn -0.1055 -0.1256 0.9865
vn -0.0849 -0.1407 0.9864
vn -0.0854 -0.1408 0.9863
vn -0.0633 -0.1523 0.9863
vn -0.3228 -0.7657 0.5564
vn -0.4567 -0.6957 0.5545
vn -0.0658 -0.1466 0.9870
vn -0.1645 0.0198 0.9862
vn 0.0704 -0.1506 0.9861
vn -0.1808 -0.0675 0.9812
vn -0.2949 -0.7648 0.5728
vn -0.1310 -0.8087 0.5735
vn 0.0101 -0.8727 0.4881
vn 0.2906 -0.2490 0.9239
vn 0.2806 -0.2530 0.9259
vn 0.3698 -0.0154 0.9290
vn 0.3918 -0.0897 0.9157
vn -0.0089 -0.1909 0.9816
vn 0.4853 0.1901 0.8534
vn 0.4852 0.5084 0.7114
vn 0.2717 -0.0801 0.9590
vn 0.2017 -0.0583 0.9777
vn -0.4227 -0.7021 0.5730
vn -0.5045 -0.6448 0.5742
vn -0.5325 -0.6371 0.5572
vn -0.6321 -0.5378 0.5579
vn -0.6394 -0.5120 0.5737
vn -0.7340 -0.3637 0.5736
vn -0.1191 0.1746 0.9774
vn -0.1595 0.2314 0.9597
vn 0.3292 0.6204 0.7119
vn 0.0287 0.5183 0.8547
vn 0.6259 -0.7626 0.1635
vn 0.6343 -0.7729 0.0160
vn 0.4713 -0.8818 0.0160
vn 0.4650 -0.8701 0.1635
vn 0.6258 -0.7626 0.1635
vn 0.5167 -0.6296 0.5801
vn 0.2902 -0.9568 0.0160
vn 0.7626 -0.6258 0.1635
vn 0.7729 -0.6343 0.0160
vn 0.7729 -0.6343 -0.0160
vn 0.6343 -0.7729 -0.0160
vn 0.4713 -0.8818 -0.0160
vn 0.2902 -0.9568 -0.0160
vn 0.4650 -0.8701 -0.1635
vn 0.6258 -0.7626 -0.1635
vn 0.6259 -0.7626 -0.1635
vn 0.7626 -0.6258 -0.1635
vn 0.8818 -0.4713 -0.0160
vn 0.8818 -0.4713 0.0160
vn 0.8701 -0.4651 0.1635
vn 0.2864 -0.9441 -0.1635
vn 0.4651 -0.8701 -0.1635
vn 0.3840 -0.7183 -0.5801
vn 0.5167 -0.6296 -0.5801
vn 0.6296 -0.5167 -0.5801
vn 0.8701 -0.4651 -0.1635
vn 0.8106 0.0798 -0.5801
vn 0.9818 0.0967 -0.1635
vn 0.9818 -0.0967 -0.1635
vn 0.9441 -0.2864 -0.1635
vn 0.7183 -0.3840 -0.5801
vn 0.3985 0.1209 -0.9092
vn -0.1481 -0.0791 -0.9858
vn -0.1606 -0.0487 -0.9858
vn -0.1671 -0.0165 -0.9858
vn 0.4144 0.0408 -0.9092
vn 0.8106 0.0799 -0.5801
vn 0.8106 -0.0799 -0.5801
vn 0.8106 -0.0798 -0.5801
vn 0.7794 -0.2364 -0.5801
vn 0.7794 -0.2364 -0.5802
vn 0.7183 -0.3839 -0.5802
vn 0.4144 -0.0408 -0.9092
vn -0.1671 0.0165 -0.9858
vn 0.3985 -0.1209 -0.9092
vn 0.3672 -0.1963 -0.9092
vn 0.3219 -0.2642 -0.9092
vn 0.2642 -0.3219 -0.9092
vn -0.1298 0.1065 -0.9858
vn -0.1481 0.0791 -0.9858
vn -0.1606 0.0487 -0.9858
vn -0.8800 0.4704 0.0658
vn -0.8800 0.4704 0.0659
vn -0.9549 0.2897 0.0659
vn -0.9930 0.0978 0.0659
vn 0.0967 -0.9818 -0.1634
vn 0.0799 -0.8106 -0.5801
vn 0.2364 -0.7794 -0.5801
vn 0.1209 -0.3985 -0.9092
vn 0.1963 -0.3672 -0.9092
vn -0.0791 0.1481 -0.9858
vn -0.1065 0.1298 -0.9858
vn -0.7713 0.6330 0.0658
vn -0.7713 0.6330 0.0659
vn -0.6330 0.7713 0.0659
vn -0.4703 0.8800 0.0659
vn -0.0487 0.1606 -0.9858
vn -0.0165 0.1671 -0.9858
vn 0.0408 -0.4144 -0.9092
vn 0.0799 -0.8106 -0.5802
vn -0.0978 0.9930 0.0659
vn -0.2897 0.9549 0.0659
vn -0.2896 0.9549 0.0659
vn -0.4703 0.8800 -0.0659
vn 0.2864 -0.9441 0.1635
vn 0.4651 -0.8701 0.1635
vn 0.3840 -0.7183 0.5801
vn 0.2642 -0.3219 0.9092
vn -0.1065 0.1298 0.9858
vn -0.6330 0.7713 -0.0659
vn -0.1298 0.1065 0.9858
vn -0.1671 0.0165 0.9858
vn -0.1606 0.0487 0.9858
vn -0.1481 0.0791 0.9858
vn 0.3219 -0.2642 0.9092
vn 0.6296 -0.5167 0.5801
vn 0.7184 -0.3840 0.5801
vn 0.7183 -0.3839 0.5802
vn 0.3672 -0.1963 0.9092
vn 0.9568 -0.2902 -0.0160
vn 0.9568 -0.2902 0.0160
vn 0.9441 -0.2864 0.1635
vn 0.7794 -0.2364 0.5802
vn 0.7794 -0.2364 0.5801
vn 0.3985 -0.1209 0.9092
vn 0.9951 -0.0980 0.0160
vn 0.9818 -0.0967 0.1635
vn 0.9951 0.0980 0.0160
vn 0.9951 0.0980 -0.0160
vn 0.9568 0.2902 -0.0160
vn 0.9441 0.2864 -0.1635
vn 0.8701 0.4651 -0.1635
vn 0.7184 0.3840 -0.5801
vn 0.6296 0.5167 -0.5801
vn 0.9951 -0.0980 -0.0160
vn 0.7794 0.2364 -0.5801
vn 0.7183 0.3839 -0.5801
vn 0.3672 0.1963 -0.9092
vn 0.3219 0.2642 -0.9092
vn 0.1963 0.3672 -0.9092
vn -0.0791 -0.1481 -0.9858
vn -0.1065 -0.1298 -0.9858
vn -0.1298 -0.1065 -0.9858
vn 0.2642 0.3219 -0.9092
vn 0.7626 0.6258 -0.1635
vn 0.5167 0.6296 -0.5801
vn 0.3840 0.7183 -0.5801
vn 0.3839 0.7183 -0.5801
vn 0.2364 0.7794 -0.5801
vn 0.1209 0.3985 -0.9092
vn 0.6259 0.7626 -0.1635
vn 0.6258 0.7626 -0.1635
vn 0.4650 0.8701 -0.1635
vn 0.4651 0.8701 -0.1635
vn 0.2864 0.9441 -0.1635
vn 0.0967 0.9818 -0.1635
vn 0.0967 0.9818 -0.1634
vn 0.0799 0.8106 -0.5801
vn 0.0980 0.9951 -0.0160
vn 0.4713 0.8818 -0.0160
vn 0.6343 0.7729 -0.0160
vn 0.7729 0.6343 -0.0160
vn 0.7729 0.6343 0.0160
vn 0.7626 0.6258 0.1635
vn 0.6296 0.5167 0.5801
vn 0.8701 0.4651 0.1635
vn 0.8818 0.4713 0.0160
vn 0.8818 0.4713 -0.0160
vn 0.8106 -0.0798 0.5801
vn 0.9818 0.0967 0.1635
vn 0.9441 0.2864 0.1635
vn 0.9568 0.2902 0.0160
vn 0.7183 0.3840 0.5801
vn 0.7183 0.3839 0.5801
vn 0.7794 0.2364 0.5802
vn 0.7794 0.2364 0.5801
vn 0.8106 0.0798 0.5801
vn 0.8106 0.0799 0.5801
vn 0.8106 -0.0799 0.5801
vn 0.4144 -0.0408 0.9092
vn 0.4144 0.0408 0.9092
vn -0.1671 -0.0165 0.9858
vn 0.3985 0.1209 0.9092
vn 0.3672 0.1963 0.9092
vn 0.3219 0.2642 0.9092
vn 0.2642 0.3219 0.9092
vn -0.0487 -0.1606 0.9858
vn -0.0791 -0.1481 0.9858
vn -0.1065 -0.1298 0.9858
vn -0.1298 -0.1065 0.9858
vn -0.1481 -0.0791 0.9858
vn -0.1606 -0.0487 0.9858
vn -0.2897 -0.9549 -0.0659
vn -0.2896 -0.9549 -0.0659
vn -0.4703 -0.8800 -0.0659
vn -0.6330 -0.7713 -0.0659
vn -0.7713 -0.6330 -0.0659
vn -0.7713 -0.6330 -0.0658
vn -0.8800 -0.4704 -0.0658
vn -0.8800 -0.4704 -0.0659
vn -0.9549 -0.2896 -0.0659
vn -0.9549 -0.2897 -0.0659
vn -0.9930 -0.0978 -0.0659
vn -0.7713 0.6330 -0.0659
vn -0.7713 0.6330 -0.0658
vn -0.8800 0.4704 -0.0658
vn -0.8800 0.4703 -0.0659
vn -0.9549 0.2896 -0.0659
vn -0.9549 0.2897 -0.0659
vn -0.9930 0.0978 -0.0659
vn 0.9309 -0.0733 0.3579
vn 0.9080 -0.2180 0.3579
vn 0.8627 -0.3573 0.3579
vn 0.7962 -0.4879 0.3579
vn 0.7101 -0.6064 0.3579
vn 0.9942 -0.0782 -0.0739
vn 0.9697 -0.2328 -0.0739
vn 0.9214 -0.3816 -0.0739
vn 0.8503 -0.5211 -0.0739
vn 0.7583 -0.6477 -0.0739
vn 0.6477 -0.7583 -0.0739
vn 0.6064 -0.7101 0.3579
vn 0.6064 -0.7100 0.3579
vn 0.6393 -0.7486 0.1759
vn 0.6435 -0.7535 -0.1347
vn 0.5177 -0.8449 -0.1347
vn 0.4250 -0.6936 -0.5816
vn 0.3113 -0.7516 -0.5816
vn 0.3743 -0.9036 0.2086
vn 0.5110 -0.8339 0.2086
vn 0.6352 -0.7437 0.2086
vn 0.8339 -0.5110 0.2086
vn 0.7437 -0.6352 0.2086
vn 0.5283 -0.6186 -0.5816
vn 0.7535 -0.6435 -0.1347
vn 0.8449 -0.5177 -0.1347
vn 0.6186 -0.5283 -0.5816
vn 0.6936 -0.4250 -0.5816
vn 0.7516 -0.3113 -0.5816
vn 0.7910 -0.1899 -0.5816
vn 0.9155 -0.3792 -0.1347
vn 0.9635 -0.2313 -0.1347
vn 0.9878 -0.0777 -0.1347
vn 0.8110 -0.0638 -0.5816
vn 0.9750 -0.0767 0.2086
vn 0.9510 -0.2283 0.2086
vn 0.9036 -0.3743 0.2086
vn 0.7486 -0.6393 0.1759
vn 0.8394 -0.5144 0.1759
vn 0.9095 -0.3767 0.1759
vn 0.9572 -0.2298 0.1759
vn 0.9814 -0.0772 0.1759
vn 0.6064 0.7101 0.3579
vn 0.6477 0.7583 -0.0739
vn 0.7583 0.6477 -0.0739
vn 0.7101 0.6064 0.3579
vn 0.7486 0.6393 0.1759
vn 0.6393 0.7486 0.1759
vn 0.6435 0.7535 -0.1347
vn 0.5177 0.8449 -0.1347
vn 0.4250 0.6936 -0.5816
vn 0.3113 0.7516 -0.5816
vn 0.7962 0.4879 0.3579
vn 0.8503 0.5211 -0.0739
vn 0.5283 0.6186 -0.5816
vn 0.3743 0.9036 0.2086
vn 0.5110 0.8339 0.2086
vn 0.6352 0.7437 0.2086
vn 0.7437 0.6352 0.2086
vn 0.6186 0.5283 -0.5816
vn 0.7535 0.6435 -0.1347
vn 0.8449 0.5177 -0.1347
vn 0.7516 0.3113 -0.5816
vn 0.6936 0.4250 -0.5816
vn 0.9036 0.3743 0.2086
vn 0.8339 0.5110 0.2086
vn 0.9155 0.3792 -0.1347
vn 0.8394 0.5144 0.1759
vn 0.9095 0.3767 0.1759
vn 0.8627 0.3573 0.3579
vn 0.9080 0.2180 0.3578
vn 0.9080 0.2180 0.3579
vn 0.9309 0.0733 0.3579
vn 0.9214 0.3816 -0.0739
vn 0.9697 0.2328 -0.0739
vn 0.9942 0.0782 -0.0739
vn 0.0799 0.8106 0.5802
vn 0.0408 0.4144 0.9092
vn 0.0967 0.9818 0.1634
vn 0.0799 0.8106 0.5801
vn 0.2364 0.7794 0.5801
vn 0.1209 0.3985 0.9092
vn -0.0165 -0.1671 0.9858
vn -0.0978 -0.9930 -0.0659
vn 0.1963 0.3672 0.9092
vn 0.3839 0.7183 0.5801
vn 0.2364 0.7794 0.5802
vn 0.2864 0.9441 0.1635
vn 0.0967 0.9818 0.1635
vn 0.0980 0.9951 0.0160
vn 0.2902 0.9568 -0.0160
vn 0.6343 0.7729 0.0160
vn 0.6259 0.7626 0.1635
vn 0.6258 0.7626 0.1635
vn 0.5167 0.6296 0.5801
vn 0.3840 0.7183 0.5801
vn 0.4651 0.8701 0.1635
vn 0.2902 0.9568 0.0160
vn 0.4713 0.8818 0.0160
vn 0.4650 0.8701 0.1635
vn -0.3792 0.9155 -0.1347
vn -0.2313 0.9635 -0.1347
vn -0.0777 0.9878 -0.1347
vn -0.5177 0.8449 -0.1347
vn -0.3113 0.7516 -0.5816
vn -0.1899 0.7910 -0.5816
vn -0.0638 0.8110 -0.5816
vn 0.0638 0.8110 -0.5816
vn 0.0777 0.9878 -0.1347
vn 0.0772 0.9814 0.1759
vn -0.0772 0.9814 0.1759
vn -0.2298 0.9572 0.1759
vn -0.3767 0.9095 0.1759
vn 0.2313 0.9635 -0.1347
vn 0.2298 0.9572 0.1759
vn 0.0733 0.9309 0.3578
vn -0.0733 0.9309 0.3579
vn -0.2180 0.9080 0.3579
vn -0.3573 0.8627 0.3579
vn -0.3816 0.9214 -0.0739
vn -0.5211 0.8503 -0.0739
vn 0.2180 0.9080 0.3578
vn 0.0782 0.9942 -0.0739
vn -0.0782 0.9942 -0.0739
vn -0.2328 0.9697 -0.0739
vn 0.2180 0.9080 0.3579
vn 0.2328 0.9697 -0.0739
vn 0.3816 0.9214 -0.0739
vn 0.5211 0.8503 -0.0739
vn 0.3573 0.8627 0.3579
vn 0.3767 0.9095 0.1759
vn 0.3792 0.9155 -0.1347
vn 0.1899 0.7910 -0.5816
vn 0.5144 0.8394 0.1759
vn 0.4879 0.7962 0.3579
vn -0.3743 0.9036 0.2086
vn -0.2283 0.9510 0.2086
vn -0.0767 0.9750 0.2086
vn 0.0767 0.9750 0.2086
vn 0.2283 0.9510 0.2086
vn -0.8110 -0.0638 -0.5816
vn -0.7910 -0.1899 -0.5816
vn -0.9510 -0.2283 0.2086
vn -0.9036 -0.3743 0.2086
vn -0.9750 0.0767 0.2086
vn -0.9750 -0.0767 0.2086
vn -0.9878 -0.0777 -0.1347
vn -0.9635 -0.2313 -0.1347
vn -0.9155 -0.3792 -0.1347
vn -0.7516 -0.3113 -0.5816
vn -0.8339 -0.5110 0.2086
vn -0.7437 -0.6352 0.2086
vn -0.6936 -0.4250 -0.5816
vn -0.8449 -0.5177 -0.1347
vn -0.8394 -0.5144 0.1759
vn -0.9095 -0.3767 0.1759
vn -0.9572 -0.2298 0.1759
vn -0.3743 -0.9036 0.2086
vn -0.5110 -0.8339 0.2086
vn -0.6352 -0.7437 0.2086
vn -0.6186 -0.5283 -0.5816
vn -0.7535 -0.6435 -0.1347
vn -0.5283 -0.6186 -0.5816
vn -0.4250 -0.6936 -0.5816
vn -0.3113 -0.7516 -0.5816
vn -0.1899 -0.7910 -0.5816
vn -0.0638 -0.8110 -0.5816
vn -0.0777 -0.9878 -0.1347
vn -0.2313 -0.9635 -0.1347
vn -0.3792 -0.9155 -0.1347
vn -0.5177 -0.8449 -0.1347
vn -0.6435 -0.7535 -0.1347
vn -0.6393 -0.7486 0.1759
vn -0.5144 -0.8394 0.1759
vn -0.3767 -0.9095 0.1759
vn -0.2298 -0.9572 0.1759
vn -0.0772 -0.9814 0.1759
vn 0.0772 -0.9814 0.1759
vn 0.0733 -0.9309 0.3578
vn -0.0733 -0.9309 0.3579
vn -0.2180 -0.9080 0.3578
vn -0.2180 -0.9080 0.3579
vn -0.3573 -0.8627 0.3579
vn -0.3573 -0.8627 0.3578
vn -0.4879 -0.7962 0.3579
vn -0.6064 -0.7101 0.3579
vn -0.3816 -0.9214 -0.0739
vn -0.5211 -0.8503 -0.0739
vn -0.6477 -0.7583 -0.0739
vn -0.7583 -0.6477 -0.0739
vn -0.7101 -0.6064 0.3579
vn -0.7486 -0.6393 0.1759
vn -0.7962 -0.4879 0.3579
vn -0.8503 -0.5211 -0.0739
vn -0.8627 -0.3573 0.3579
vn -0.9214 -0.3816 -0.0739
vn -0.9697 -0.2328 -0.0739
vn -0.9942 -0.0782 -0.0739
vn -0.9080 -0.2180 0.3579
vn -0.9309 -0.0733 0.3579
vn -0.9309 0.0733 0.3579
vn -0.9814 0.0772 0.1759
vn -0.9572 0.2298 0.1759
vn -0.9635 0.2313 -0.1347
vn -0.9814 -0.0772 0.1759
vn -0.9878 0.0777 -0.1347
vn -0.8110 0.0638 -0.5816
vn -0.9510 0.2283 0.2086
vn -0.7910 0.1899 -0.5816
vn -0.9036 0.3743 0.2086
vn -0.8339 0.5110 0.2086
vn -0.7437 0.6352 0.2086
vn -0.6352 0.7437 0.2086
vn -0.6186 0.5283 -0.5816
vn -0.6936 0.4250 -0.5816
vn -0.7516 0.3113 -0.5816
vn -0.5110 0.8339 0.2086
vn -0.4250 0.6936 -0.5816
vn -0.5283 0.6186 -0.5816
vn -0.6435 0.7535 -0.1347
vn -0.7535 0.6435 -0.1347
vn -0.8449 0.5177 -0.1347
vn -0.9155 0.3792 -0.1347
vn -0.9095 0.3767 0.1759
vn -0.9080 0.2180 0.3579
vn -0.8627 0.3573 0.3579
vn -0.8394 0.5144 0.1759
vn -0.7486 0.6393 0.1759
vn -0.7101 0.6064 0.3579
vn -0.7100 0.6064 0.3579
vn -0.7962 0.4879 0.3579
vn -0.9942 0.0782 -0.0739
vn -0.9697 0.2328 -0.0739
vn -0.9214 0.3816 -0.0739
vn -0.8503 0.5211 -0.0739
vn -0.7583 0.6477 -0.0739
vn -0.6477 0.7583 -0.0739
vn -0.6064 0.7101 0.3579
vn -0.6393 0.7486 0.1759
vn -0.5144 0.8394 0.1759
vn -0.4879 0.7962 0.3579
vn 0.9750 0.0767 0.2086
vn 0.9814 0.0772 0.1759
vn 0.9878 0.0777 -0.1347
vn 0.8110 0.0638 -0.5816
vn 0.9510 0.2283 0.2086
vn 0.7910 0.1899 -0.5816
vn 0.9635 0.2313 -0.1347
vn 0.9572 0.2298 0.1759
vn 0.7579 0.6524 -0.0072
vn 0.6390 0.7676 0.0499
vn 0.3811 0.9234 0.0449
vn 0.5322 0.8465 -0.0161
vn 0.0658 -0.9962 0.0563
vn 0.2233 -0.9747 0.0013
vn 0.9770 -0.2110 0.0320
vn 0.9871 -0.1387 0.0802
vn 0.9704 -0.2278 0.0807
vn 0.9694 -0.2330 0.0772
vn 0.9237 -0.3750 0.0783
vn 0.9215 -0.3812 0.0741
vn 0.9099 -0.4081 0.0744
vn 0.8829 -0.4685 0.0317
vn -0.8377 0.5462 0.0057
vn -0.7982 0.5997 0.0570
vn -0.9233 0.3796 0.0587
vn -0.9222 0.3827 0.0561
vn -0.9711 0.2317 0.0566
vn -0.9710 0.2324 0.0560
vn -0.9983 -0.0142 0.0559
vn -0.9987 0.0502 0.0058
vn -0.0684 -0.9976 -0.0114
vn -0.2400 -0.9694 0.0510
vn 0.1185 -0.7301 0.6730
vn -0.2661 -0.8323 0.4862
vn -0.4338 -0.8424 0.3196
vn -0.0348 -0.9523 0.3032
vn -0.1572 -0.9725 0.1718
vn 0.1572 -0.9725 0.1718
vn 0.1183 -0.7301 0.6731
vn 0.3396 -0.6575 0.6726
vn 0.0036 -0.0071 1.0000
vn 0.0013 -0.0079 1.0000
vn -0.0013 -0.0079 1.0000
vn -0.0588 -0.9967 0.0556
vn 0.0603 -0.9982 -0.0012
vn 0.0604 -0.9976 0.0352
vn -0.0652 -0.9929 0.0998
vn 0.0735 -0.9922 0.1008
vn -0.0580 -0.9978 0.0317
vn -0.0579 -0.9983 -0.0013
vn 0.0589 -0.9968 0.0547
vn 0.0348 -0.9523 0.3032
vn 0.4338 -0.8424 0.3196
vn 0.3387 -0.6573 0.6732
vn 0.5199 -0.5257 0.6732
vn 0.7310 -0.1131 0.6730
vn 0.6578 -0.3383 0.6730
vn 0.6578 -0.3381 0.6731
vn 0.5208 -0.5256 0.6727
vn 0.7728 0.3894 0.5012
vn 0.8541 0.1392 0.5012
vn 0.9464 0.0386 0.3206
vn 0.9384 -0.1455 0.3135
vn 0.9503 -0.2584 0.1738
vn 0.8763 -0.4500 0.1718
vn 0.8949 -0.3273 0.3032
vn 0.6671 -0.6729 0.3196
vn 0.7094 -0.5103 0.4862
vn 0.2661 -0.8323 0.4862
vn 0.9662 -0.2520 0.0547
vn 0.9316 -0.3636 -0.0013
vn 0.9298 -0.3639 0.0556
vn 0.9680 -0.2511 -0.0012
vn 0.9674 -0.2509 0.0352
vn 0.9241 -0.3688 0.0998
vn 0.9663 -0.2367 0.1008
vn 0.9311 -0.3635 0.0317
vn -0.6489 -0.7588 0.0561
vn -0.6464 -0.7608 0.0587
vn -0.8170 -0.5738 0.0570
vn -0.7783 -0.6279 0.0056
vn 0.4370 0.8959 0.0802
vn 0.5026 0.8639 0.0320
vn 0.9960 -0.0888 0.0013
vn 0.9678 -0.2453 0.0563
vn 0.9267 -0.3717 0.0546
vn 0.8496 -0.5273 -0.0102
vn -0.3564 -0.9343 0.0058
vn -0.2950 -0.9539 0.0559
vn -0.5211 -0.8517 0.0560
vn -0.5204 -0.8520 0.0566
vn -0.7603 0.6494 -0.0149
vn -0.6392 0.7675 0.0483
vn -0.5326 0.8449 0.0499
vn -0.3863 0.9224 -0.0072
vn 0.7184 0.6949 0.0317
vn 0.6693 0.7393 0.0744
vn 0.6473 0.7586 0.0741
vn 0.6421 0.7626 0.0783
vn 0.5212 0.8499 0.0772
vn 0.5165 0.8525 0.0807
vn -0.9299 0.3586 0.0818
vn -0.9341 0.3482 0.0788
vn -0.9323 0.3594 0.0401
vn -0.8861 0.4588 0.0663
vn -0.7686 0.6347 0.0801
vn -0.7550 0.6552 0.0272
vn -0.7517 0.6527 0.0943
vn -0.7523 0.6516 0.0973
vn -0.6353 0.7615 0.1282
vn -0.7170 0.6609 0.2214
vn -0.6696 0.7048 0.2343
vn -0.7100 0.6600 0.2456
vn -0.6665 0.6995 0.2577
vn -0.7036 0.6588 0.2662
vn -0.5526 0.7752 0.3060
vn -0.5317 0.7959 0.2895
vn 0.2516 0.0424 0.9669
vn 0.1721 0.2393 0.9556
vn 0.1734 -0.2830 0.9433
vn 0.2155 -0.2523 0.9433
vn 0.2524 -0.2154 0.9433
vn 0.2525 -0.2159 0.9432
vn 0.2836 -0.1733 0.9432
vn 0.2492 -0.0707 0.9659
vn 0.2946 0.0223 0.9554
vn 0.0935 -0.0382 0.9949
vn 0.0981 -0.0240 0.9949
vn 0.4996 -0.5850 0.6388
vn 0.5850 -0.4997 0.6388
vn 0.7110 -0.2946 0.6385
vn 0.7109 -0.2945 0.6387
vn 0.6561 -0.4022 0.6385
vn 0.6560 -0.4020 0.6388
vn 0.5851 -0.4997 0.6388
vn 0.1854 -0.1583 0.9698
vn 0.1583 -0.1854 0.9698
vn 0.1274 -0.2078 0.9698
vn 0.4020 -0.6560 0.6388
vn 0.1893 -0.0784 0.9788
vn 0.1747 -0.1070 0.9788
vn 0.1558 -0.1331 0.9788
vn 0.6530 -0.5577 0.5124
vn 0.5577 -0.6530 0.5124
vn 0.4487 -0.7322 0.5124
vn 0.3286 -0.7934 0.5124
vn 0.1331 -0.1558 0.9788
vn 0.1070 -0.1747 0.9788
vn 0.0784 -0.1893 0.9788
vn 0.0478 -0.1992 0.9788
vn 0.0161 -0.2042 0.9788
vn 0.2005 -0.8350 0.5124
vn 0.0674 -0.8561 0.5124
vn -0.0674 -0.8561 0.5124
vn -0.0191 -0.2430 0.9698
vn -0.0604 -0.7671 0.6387
vn -0.1798 -0.7483 0.6385
vn 0.0933 -0.2252 0.9698
vn 0.0569 -0.2370 0.9698
vn 0.0191 -0.2430 0.9698
vn 0.2944 -0.7108 0.6388
vn 0.2945 -0.7108 0.6388
vn 0.1796 -0.7481 0.6388
vn 0.1798 -0.7483 0.6385
vn 0.0604 -0.7671 0.6387
vn 0.0605 -0.7673 0.6385
vn -0.0605 -0.7673 0.6385
vn -0.0075 -0.1007 0.9949
vn 0.1123 -0.2733 0.9554
vn 0.1180 -0.2262 0.9669
vn 0.0075 -0.1007 0.9949
vn 0.0098 -0.2589 0.9659
vn 0.1734 -0.2829 0.9433
vn 0.1269 -0.3066 0.9433
vn 0.1273 -0.3069 0.9432
vn 0.0772 -0.3232 0.9432
vn -0.0109 -0.2580 0.9661
vn -0.1115 -0.2722 0.9558
vn -0.1171 -0.2265 0.9669
vn -0.2803 -0.0897 0.9557
vn 0.2808 -0.0897 0.9556
vn 0.2797 -0.0993 0.9549
vn 0.2827 -0.1071 0.9532
vn 0.2837 -0.0991 0.9538
vn 0.2881 -0.1099 0.9513
vn 0.2895 -0.0990 0.9520
vn 0.3023 -0.1108 0.9468
vn 0.3041 -0.0967 0.9477
vn 0.3230 -0.1016 0.9409
vn 0.3391 0.0374 0.9400
vn 0.2563 0.2977 0.9196
vn -0.2563 0.2978 0.9196
vn -0.3390 0.0374 0.9400
vn -0.3228 -0.1021 0.9409
vn -0.3023 -0.0967 0.9483
vn -0.3006 -0.1102 0.9474
vn -0.2884 -0.0990 0.9524
vn -0.2871 -0.1095 0.9516
vn -0.2829 -0.0992 0.9540
vn -0.2820 -0.1066 0.9535
vn -0.2792 -0.0993 0.9551
vn 0.0827 0.3431 0.9356
vn 0.1094 0.2866 0.9518
vn 0.2775 0.2246 0.9341
vn 0.3971 0.8420 0.3652
vn 0.2173 0.9048 0.3661
vn 0.2169 0.9048 0.3664
vn 0.0730 0.9276 0.3664
vn 0.0728 0.9275 0.3666
vn 0.0277 0.3521 0.9356
vn 0.0267 0.3510 0.9360
vn 0.4162 0.8384 0.3519
vn -0.0731 0.9275 0.3665
vn -0.0278 0.3512 0.9359
vn -0.0281 0.3509 0.9360
vn -0.0824 0.3425 0.9359
vn -0.1090 0.2869 0.9517
vn -0.2775 0.2259 0.9338
vn -0.3599 0.0509 0.9316
vn -0.3419 -0.0042 0.9397
vn -0.3705 -0.1552 0.9158
vn -0.3697 -0.1577 0.9157
vn -0.0730 0.9275 0.3666
vn -0.2167 0.9048 0.3666
vn -0.2173 0.9048 0.3662
vn -0.3967 0.8422 0.3652
vn -0.4156 0.8387 0.3520
vn -0.3082 -0.2049 0.9290
vn -0.3757 0.0397 0.9259
vn -0.0329 0.1573 0.9870
vn -0.0383 0.1604 0.9863
vn -0.0137 0.1641 0.9863
vn -0.0718 0.8281 0.5560
vn -0.0431 0.8178 0.5739
vn -0.1455 0.0804 0.9861
vn 0.1448 0.0807 0.9862
vn -0.1050 0.1597 0.9816
vn -0.0140 0.1638 0.9864
vn 0.0117 0.1638 0.9864
vn 0.0115 0.1636 0.9865
vn 0.0563 0.8285 0.5572
vn 0.0291 0.8182 0.5742
vn -0.3814 0.0306 0.9239
vn -0.5212 0.7001 0.4881
vn -0.3693 0.7312 0.5735
vn -0.1866 0.7993 0.5713
vn -0.2181 0.8026 0.5552
vn 0.1066 0.1609 0.9812
vn -0.2669 -0.0949 0.9590
vn -0.0937 -0.6966 0.7114
vn -0.2808 -0.4391 0.8534
vn 0.2814 -0.4362 0.8547
vn -0.1974 -0.0714 0.9777
vn 0.0983 -0.6954 0.7119
vn 0.2650 -0.0935 0.9597
vn 0.1990 -0.0712 0.9774
vn 0.3800 0.7256 0.5736
vn 0.5317 0.6923 0.4880
vn 0.3837 0.0262 0.9231
vn 0.2233 0.8002 0.5566
vn 0.1930 0.7970 0.5723
vn 0.0385 0.1595 0.9864
vn 0.0342 0.1570 0.9870
vn 0.3772 0.0366 0.9254
vn 0.3081 -0.2075 0.9285
vn 0.3697 -0.1611 0.9151
vn 0.3706 -0.1585 0.9152
vn 0.3421 -0.0061 0.9396
vn 0.3600 0.0480 0.9317
vn 0.0013 0.0079 1.0000
vn -0.0013 0.0079 1.0000
vn -0.1116 0.7309 0.6732
vn 0.1116 0.7309 0.6732
vn 0.1124 0.7314 0.6727
vn 0.3333 0.6602 0.6731
vn 0.0035 0.0071 1.0000
vn 0.0057 0.0056 1.0000
vn 0.0071 0.0036 1.0000
vn 0.0079 0.0012 1.0000
vn 0.3334 0.6603 0.6730
vn 0.4283 0.8475 0.3135
vn 0.2557 0.9120 0.3206
vn 0.1316 0.8553 0.5012
vn -0.1316 0.8553 0.5012
vn -0.1124 0.7314 0.6727
vn -0.3333 0.6602 0.6731
vn -0.0035 0.0071 1.0000
vn -0.0057 0.0056 1.0000
vn -0.0071 0.0036 1.0000
vn -0.2558 0.9120 0.3206
vn -0.7302 0.1198 0.6726
vn -0.0079 0.0012 1.0000
vn -0.0079 -0.0012 1.0000
vn -0.0071 -0.0037 1.0000
vn -0.0057 -0.0056 1.0000
vn -0.0036 -0.0071 1.0000
vn -0.1185 -0.7301 0.6730
vn -0.1183 -0.7301 0.6731
vn -0.3396 -0.6575 0.6726
vn -0.3387 -0.6573 0.6732
vn -0.5199 -0.5257 0.6732
vn -0.5208 -0.5256 0.6727
vn -0.6578 -0.3381 0.6731
vn -0.6578 -0.3383 0.6730
vn -0.7310 -0.1131 0.6730
vn -0.7309 -0.1129 0.6731
vn -0.6607 0.3320 0.6732
vn -0.7298 0.1190 0.6732
vn -0.8541 0.1392 0.5012
vn -0.9464 0.0386 0.3206
vn -0.9384 -0.1455 0.3134
vn -0.9503 -0.2585 0.1738
vn -0.8763 -0.4500 0.1718
vn -0.8949 -0.3273 0.3032
vn -0.6671 -0.6729 0.3196
vn -0.7093 -0.5103 0.4862
vn -0.9298 -0.3640 0.0547
vn -0.9673 -0.2534 -0.0013
vn -0.9661 -0.2521 0.0556
vn -0.9307 -0.3658 -0.0012
vn -0.9301 -0.3657 0.0352
vn -0.9644 -0.2448 0.0998
vn -0.9209 -0.3765 0.1008
vn -0.9669 -0.2532 0.0317
vn -0.0000 0.0000 -1.0000
vn -0.0311 -0.0049 -0.9995
vn -0.0361 0.0192 -0.9992
vn -0.0436 -0.0069 -0.9990
vn -0.0383 -0.0315 -0.9988
vn -0.0322 -0.0051 -0.9995
vn -0.0170 -0.0491 -0.9986
vn 0.0068 -0.0282 -0.9996
vn 0.0023 -0.0290 -0.9996
vn -0.0023 -0.0290 -0.9996
vn 0.0072 -0.0453 -0.9989
vn 0.0161 -0.0483 -0.9987
vn -0.0068 -0.0282 -0.9996
vn 0.0311 -0.0049 -0.9995
vn 0.0378 -0.0340 -0.9987
vn 0.0436 -0.0069 -0.9990
vn 0.0363 0.0188 -0.9992
vn 0.0313 -0.0050 -0.9995
vn 0.0208 -0.0016 -0.9998
vn 0.0039 0.0070 -1.0000
vn 0.0054 0.0059 -1.0000
vn -0.0081 0.0195 -0.9998
vn 0.0143 0.0281 -0.9995
vn 0.0440 0.0254 -0.9987
vn 0.0200 0.0393 -0.9990
vn -0.0066 0.0403 -0.9992
vn 0.0144 0.0282 -0.9995
vn 0.0079 0.0193 -0.9998
vn -0.0055 0.0059 -1.0000
vn -0.0040 0.0070 -1.0000
vn -0.0210 -0.0017 -0.9998
vn -0.0312 0.0312 -0.9990
vn -0.0404 0.0061 -0.9992
vn -0.0224 0.0224 -0.9995
vn -0.0159 0.0135 -0.9998
vn -0.0073 -0.0034 -1.0000
vn -0.0079 -0.0016 -1.0000
vn -0.0049 -0.0205 -0.9998
vn 0.0257 -0.0131 -0.9996
vn 0.0136 -0.0401 -0.9991
vn 0.0393 -0.0200 -0.9990
vn 0.0495 0.0030 -0.9988
vn 0.0291 -0.0148 -0.9995
vn 0.0426 0.0297 -0.9986
vn 0.0111 0.0268 -0.9996
vn 0.0152 0.0248 -0.9996
vn 0.0189 0.0221 -0.9996
vn 0.0221 0.0189 -0.9996
vn -0.0281 -0.0143 -0.9995
vn -0.0505 0.0053 -0.9987
vn -0.0393 -0.0200 -0.9990
vn -0.0183 -0.0365 -0.9992
vn -0.0282 -0.0144 -0.9995
vn -0.0178 -0.0110 -0.9998
vn 0.0009 -0.0080 -1.0000
vn -0.0009 -0.0080 -1.0000
vn 0.0206 -0.0114 -0.9997
vn 0.0069 -0.0436 -0.9990
vn 0.0291 -0.0287 -0.9992
vn 0.0050 -0.0313 -0.9995
vn 0.0049 -0.0203 -0.9998
vn 0.0079 -0.0016 -1.0000
vn 0.0073 -0.0033 -1.0000
vn 0.0160 0.0137 -0.9998
vn 0.0049 -0.0311 -0.9995
vn -0.0206 -0.0464 -0.9987
vn -0.0219 0.0403 -0.9989
vn -0.0438 0.0268 -0.9987
vn -0.0477 0.0191 -0.9987
vn -0.0472 0.0195 -0.9987
vn -0.0496 0.0119 -0.9987
vn -0.0498 0.0126 -0.9987
vn -0.0511 0.0040 -0.9987
vn -0.0409 -0.0209 -0.9989
vn -0.0409 -0.0302 -0.9987
vn -0.0290 -0.0023 -0.9996
vn -0.0282 -0.0068 -0.9996
vn -0.0268 -0.0111 -0.9996
vn -0.0248 -0.0152 -0.9996
vn -0.0196 -0.0474 -0.9987
vn -0.0273 -0.0435 -0.9987
vn -0.0267 -0.0435 -0.9987
vn -0.0331 -0.0388 -0.9987
vn -0.0329 -0.0395 -0.9987
vn -0.0390 -0.0333 -0.9987
vn -0.0451 -0.0083 -0.9989
vn -0.0519 0.0010 -0.9986
vn -0.0148 0.0291 -0.9995
vn -0.0143 0.0280 -0.9995
vn 0.0071 0.0403 -0.9992
vn -0.0200 0.0393 -0.9990
vn -0.0418 0.0267 -0.9988
vn -0.0049 -0.0311 -0.9995
vn -0.0295 -0.0284 -0.9992
vn -0.0069 -0.0436 -0.9990
vn 0.0181 -0.0462 -0.9988
vn -0.0051 -0.0322 -0.9995
vn 0.0414 -0.0314 -0.9986
vn 0.0290 -0.0023 -0.9996
vn 0.0282 -0.0068 -0.9996
vn 0.0268 -0.0111 -0.9996
vn 0.0248 -0.0152 -0.9996
vn 0.0509 0.0004 -0.9987
vn 0.0454 -0.0072 -0.9989
vn 0.0390 -0.0333 -0.9987
vn 0.0329 -0.0394 -0.9987
vn 0.0331 -0.0388 -0.9987
vn 0.0267 -0.0435 -0.9987
vn 0.0274 -0.0435 -0.9987
vn 0.0196 -0.0474 -0.9987
vn -0.0060 -0.0455 -0.9989
vn 0.0537 0.9952 0.0817
vn 0.0425 0.9960 0.0788
vn 0.0537 0.9978 0.0401
vn 0.1625 0.9845 0.0663
vn 0.3662 0.9271 0.0801
vn 0.3898 0.9205 0.0272
vn 0.3885 0.9166 0.0943
vn 0.3872 0.9168 0.0973
vn 0.5279 0.8395 0.1282
vn 0.4070 0.8862 0.2214
vn 0.4634 0.8546 0.2343
vn 0.4083 0.8792 0.2456
vn 0.4593 0.8501 0.2577
vn 0.4091 0.8728 0.2662
vn 0.5665 0.7651 0.3060
vn 0.5927 0.7516 0.2895
vn -0.9603 0.2669 0.0811
vn -0.9641 0.2514 0.0853
vn -0.9664 0.2521 0.0493
vn -0.9866 0.1446 0.0758
vn -0.9937 -0.0666 0.0902
vn -0.9951 -0.0931 0.0335
vn -0.8982 -0.3307 0.2896
vn -0.9038 -0.2956 0.3094
vn -0.9554 -0.1182 0.2704
vn -0.9502 -0.1668 0.2631
vn -0.9608 -0.1156 0.2521
vn -0.9554 -0.1691 0.2423
vn -0.9665 -0.1128 0.2305
vn -0.9610 -0.2372 0.1421
vn -0.9899 -0.0873 0.1116
vn -0.9908 -0.0930 0.0984
vn -0.3066 -0.0150 0.9517
vn -0.3512 0.0275 0.9359
vn -0.3424 0.0817 0.9360
vn -0.3426 0.0821 0.9359
vn -0.3256 0.1339 0.9360
vn -0.3263 0.1352 0.9356
vn -0.3008 0.1847 0.9356
vn -0.2388 0.1926 0.9518
vn 0.2653 0.3035 0.9152
vn 0.1115 0.3235 0.9396
vn 0.0656 0.3572 0.9317
vn -0.1279 0.3333 0.9341
vn -0.6780 0.6379 0.3652
vn -0.7934 0.4863 0.3661
vn -0.7935 0.4859 0.3664
vn -0.8596 0.3561 0.3664
vn -0.8597 0.3558 0.3666
vn -0.9047 0.2172 0.3665
vn -0.6688 0.6549 0.3519
vn -0.9047 0.2171 0.3666
vn -0.9275 0.0729 0.3666
vn -0.9277 0.0735 0.3661
vn -0.9235 -0.1170 0.3652
vn -0.3006 -0.1941 0.9338
vn -0.1596 -0.3265 0.9316
vn -0.1017 -0.3265 0.9397
vn 0.0331 -0.4003 0.9158
vn 0.0358 -0.4003 0.9157
vn 0.0996 -0.3565 0.9290
vn -0.9260 -0.1360 0.3520
vn -0.1539 -0.3451 0.9259
vn -0.1598 0.0173 0.9870
vn -0.1644 0.0132 0.9863
vn -0.1603 0.0377 0.9863
vn -0.7984 0.1850 0.5730
vn -0.8027 0.2193 0.5545
vn -0.1214 -0.1135 0.9861
vn -0.1201 0.1511 0.9812
vn 0.0078 -0.2832 0.9590
vn 0.0069 -0.2098 0.9777
vn -0.8096 -0.1253 0.5735
vn -0.8269 -0.2793 0.4881
vn -0.1470 -0.3533 0.9239
vn -0.8185 0.0442 0.5728
vn -0.8279 0.0704 0.5564
vn 0.6335 -0.3044 0.7114
vn 0.3308 -0.4028 0.8534
vn 0.5018 0.1328 0.8547
vn 0.6917 -0.1214 0.7119
vn 0.1708 0.2232 0.9597
vn -0.1844 -0.0505 0.9816
vn -0.6920 0.4596 0.5566
vn -0.6984 0.4299 0.5722
vn -0.5727 0.5856 0.5736
vn -0.4941 0.7196 0.4880
vn 0.0936 0.3730 0.9231
vn 0.1292 0.1672 0.9774
vn -0.0320 0.1626 0.9862
vn -0.7692 0.2805 0.5742
vn -0.7705 0.3096 0.5572
vn -0.1521 0.0615 0.9865
vn -0.1522 0.0617 0.9864
vn -0.1398 0.0859 0.9864
vn -0.1388 0.0810 0.9870
vn 0.0818 0.3700 0.9254
vn 0.2926 0.2289 0.9285
vn 0.2675 0.3018 0.9151
vn -0.1601 0.0373 0.9864
vn -0.1786 -0.1822 0.9669
vn 0.0015 -0.2948 0.9556
vn -0.2252 -0.0933 0.9698
vn -0.7109 -0.2945 0.6387
vn -0.7110 -0.2946 0.6385
vn -0.0935 -0.0382 0.9949
vn -0.0981 -0.0240 0.9949
vn -0.2252 -0.1912 0.9554
vn -0.2432 -0.0893 0.9659
vn -0.3313 -0.0265 0.9432
vn -0.3312 0.0263 0.9432
vn -0.3308 0.0259 0.9433
vn -0.7481 0.1796 0.6388
vn -0.7670 0.0604 0.6388
vn -0.7670 -0.0602 0.6388
vn -0.7672 -0.0604 0.6385
vn -0.7482 -0.1795 0.6387
vn -0.7484 -0.1797 0.6385
vn -0.2370 -0.0569 0.9698
vn -0.7934 -0.3286 0.5124
vn -0.2430 -0.0191 0.9698
vn -0.8350 -0.2005 0.5124
vn -0.8561 -0.0674 0.5124
vn -0.8561 0.0674 0.5124
vn -0.2430 0.0191 0.9698
vn -0.2370 0.0569 0.9698
vn -0.2042 -0.0161 0.9788
vn -0.2042 0.0161 0.9788
vn -0.8350 0.2005 0.5124
vn -0.2252 0.0933 0.9698
vn -0.7108 0.2944 0.6388
vn -0.7934 0.3286 0.5124
vn -0.1992 0.0478 0.9788
vn -0.1893 0.0784 0.9788
vn -0.3227 0.0775 0.9433
vn -0.3066 0.1270 0.9433
vn -0.2829 0.1735 0.9433
vn -0.6560 0.4019 0.6388
vn -0.6560 0.4020 0.6388
vn -0.2078 0.1274 0.9698
vn -0.7322 0.4487 0.5124
vn -0.2834 0.1734 0.9432
vn -0.2524 0.2162 0.9432
vn -0.5851 0.4996 0.6388
vn -0.5852 0.4998 0.6385
vn -0.1854 0.1583 0.9698
vn -0.6530 0.5577 0.5124
vn -0.5577 0.6530 0.5124
vn -0.1429 0.2152 0.9661
vn -0.1747 0.1070 0.9788
vn -0.1747 0.1071 0.9788
vn -0.1558 0.1331 0.9788
vn -0.1331 0.1558 0.9788
vn -0.1070 0.1747 0.9788
vn -0.0784 0.1893 0.9788
vn -0.4487 0.7322 0.5124
vn -0.3286 0.7934 0.5124
vn -0.0933 0.2252 0.9698
vn -0.0569 0.2370 0.9698
vn -0.0674 0.8561 0.5124
vn -0.2005 0.8350 0.5124
vn -0.0478 0.1992 0.9788
vn -0.0161 0.2042 0.9788
vn 0.0161 0.2042 0.9788
vn 0.0478 0.1992 0.9788
vn 0.0784 0.1893 0.9788
vn 0.0674 0.8561 0.5124
vn 0.2005 0.8350 0.5124
vn 0.3286 0.7934 0.5124
vn 0.4487 0.7322 0.5124
vn 0.5577 0.6530 0.5124
vn 0.1583 0.1854 0.9698
vn 0.1274 0.2078 0.9698
vn 0.0933 0.2252 0.9698
vn 0.0569 0.2370 0.9698
vn 0.0191 0.2430 0.9698
vn -0.0191 0.2430 0.9698
vn -0.0604 0.7670 0.6388
vn -0.1796 0.7481 0.6388
vn -0.0774 0.3231 0.9432
vn -0.0776 0.3227 0.9433
vn -0.0260 0.3308 0.9433
vn 0.0604 0.7670 0.6388
vn 0.1796 0.7481 0.6388
vn 0.1796 0.7482 0.6388
vn 0.2943 0.7108 0.6388
vn 0.0260 0.3308 0.9433
vn 0.0776 0.3227 0.9433
vn 0.0774 0.3231 0.9432
vn 0.1276 0.3069 0.9432
vn 0.1605 0.2024 0.9661
vn 0.2502 0.1547 0.9558
vn 0.2279 0.1144 0.9669
vn 0.2795 -0.0922 0.9557
vn 0.2842 -0.0838 0.9551
vn 0.2834 0.1734 0.9432
vn 0.2524 0.2162 0.9432
vn 0.1442 0.2152 0.9659
vn 0.0698 0.2871 0.9554
vn 0.0374 0.2524 0.9669
vn -0.1744 0.2376 0.9556
vn 0.0531 0.0859 0.9949
vn 0.0653 0.0771 0.9949
vn 0.4998 0.5850 0.6387
vn 0.5852 0.4998 0.6385
vn 0.5851 0.4996 0.6388
vn 0.6560 0.4020 0.6388
vn 0.6560 0.4019 0.6388
vn 0.2829 0.1735 0.9433
vn 0.3066 0.1270 0.9433
vn 0.7108 0.2944 0.6388
vn 0.3227 0.0775 0.9433
vn 0.2945 0.7110 0.6385
vn 0.4020 0.6561 0.6387
vn 0.4021 0.6562 0.6385
vn 0.4998 0.5852 0.6385
vn 0.1854 0.1583 0.9698
vn 0.2078 0.1274 0.9698
vn 0.2252 0.0933 0.9698
vn 0.6530 0.5577 0.5124
vn 0.7322 0.4487 0.5124
vn 0.7934 0.3286 0.5124
vn 0.2370 0.0569 0.9698
vn 0.7481 0.1796 0.6388
vn 0.1070 0.1747 0.9788
vn 0.1331 0.1558 0.9788
vn 0.1558 0.1331 0.9788
vn 0.1747 0.1070 0.9788
vn 0.1893 0.0784 0.9788
vn 0.1992 0.0478 0.9788
vn 0.2042 0.0161 0.9788
vn 0.2042 -0.0161 0.9788
vn 0.1992 -0.0478 0.9788
vn 0.8561 -0.0674 0.5124
vn 0.2252 -0.0933 0.9698
vn 0.2370 -0.0569 0.9698
vn 0.2430 -0.0191 0.9698
vn 0.2430 0.0191 0.9698
vn 0.8561 0.0674 0.5124
vn 0.8350 0.2005 0.5124
vn 0.7670 0.0604 0.6388
vn 0.7670 -0.0602 0.6388
vn 0.7672 -0.0604 0.6385
vn 0.7482 -0.1795 0.6387
vn 0.7484 -0.1797 0.6385
vn 0.3308 0.0259 0.9433
vn 0.3312 0.0263 0.9432
vn 0.3313 -0.0265 0.9432
vn 0.2421 -0.0901 0.9661
vn 0.2244 -0.1902 0.9558
vn 0.1793 -0.1814 0.9669
vn -0.0013 -0.2943 0.9557
vn 0.0081 -0.2962 0.9551
vn 0.1808 0.2353 0.9549
vn 0.1892 0.2358 0.9532
vn 0.1820 0.2392 0.9538
vn 0.1936 0.2401 0.9513
vn 0.1836 0.2448 0.9520
vn 0.1988 0.2533 0.9468
vn 0.1859 0.2594 0.9477
vn 0.1964 0.2758 0.9409
vn 0.0692 0.3340 0.9400
vn -0.2039 0.3357 0.9196
vn 0.0143 -0.3011 0.9535
vn 0.0069 -0.2997 0.9540
vn 0.0154 -0.3069 0.9516
vn 0.0050 -0.3049 0.9524
vn 0.0120 -0.3199 0.9474
vn -0.0014 -0.3174 0.9483
vn -0.0027 -0.3385 0.9409
vn -0.1403 -0.3108 0.9400
vn -0.3624 -0.1517 0.9196
vn -0.0232 -0.8725 0.4880
vn -0.2950 -0.2467 0.9231
vn 0.5156 -0.6362 0.5739
vn 0.4354 -0.6939 0.5736
vn 0.4680 -0.6872 0.5556
vn 0.3161 -0.7674 0.5579
vn 0.2894 -0.7663 0.5737
vn 0.1191 -0.8104 0.5736
vn -0.2028 -0.0593 0.9774
vn -0.2694 -0.0802 0.9597
vn -0.4883 0.5048 0.7119
vn -0.4840 0.1875 0.8547
vn 0.1788 -0.0675 0.9816
vn -0.0309 0.5203 0.8534
vn -0.3336 0.6186 0.7114
vn 0.1602 0.2337 0.9590
vn 0.1178 0.1738 0.9777
vn -0.0697 -0.1504 0.9862
vn 0.1649 0.0205 0.9861
vn 0.0083 -0.1928 0.9812
vn 0.6362 -0.5168 0.5728
vn 0.7286 -0.3745 0.5735
vn 0.8331 -0.2600 0.4881
vn 0.3266 0.1994 0.9239
vn 0.3273 0.1887 0.9259
vn 0.1289 0.3469 0.9290
vn 0.2064 0.3449 0.9157
vn 0.1191 -0.1079 0.9870
vn -0.2837 -0.2513 0.9254
vn 0.0647 -0.1471 0.9870
vn 0.0626 -0.1517 0.9864
vn 0.0868 -0.1394 0.9864
vn 0.0869 -0.1392 0.9865
vn 0.1076 -0.1242 0.9864
vn 0.1075 -0.1247 0.9863
vn 0.1253 -0.1073 0.9863
vn 0.6284 -0.5436 0.5564
vn 0.5448 -0.6278 0.5560
vn 0.4864 -0.7932 0.3664
vn 0.3560 -0.8597 0.3664
vn 0.3564 -0.8596 0.3661
vn 0.1736 -0.9146 0.3652
vn -0.0925 -0.3448 0.9341
vn -0.2630 -0.2504 0.9317
vn -0.2803 -0.1962 0.9396
vn -0.3930 -0.0896 0.9152
vn -0.3938 -0.0870 0.9151
vn -0.3712 -0.0132 0.9285
vn 0.1561 -0.9229 0.3519
vn 0.0800 -0.2962 0.9518
vn 0.1348 -0.3262 0.9356
vn 0.1845 -0.3011 0.9356
vn 0.1847 -0.2997 0.9360
vn 0.2290 -0.2678 0.9359
vn 0.2290 -0.2674 0.9360
vn 0.2680 -0.2287 0.9359
vn 0.2568 -0.1681 0.9517
vn 0.2085 0.3433 0.9158
vn 0.2742 0.2043 0.9397
vn 0.3211 0.1703 0.9316
vn 0.3573 -0.0196 0.9338
vn 0.8160 -0.4482 0.3652
vn 0.7073 -0.6047 0.3661
vn 0.7075 -0.6042 0.3666
vn 0.6042 -0.7075 0.3666
vn 0.6043 -0.7074 0.3665
vn 0.4861 -0.7933 0.3666
vn 0.8292 -0.4342 0.3520
vn -0.5370 -0.8392 0.0853
vn -0.5384 -0.8412 0.0493
vn -0.4424 -0.8936 0.0758
vn -0.2437 -0.9656 0.0902
vn -0.2189 -0.9752 0.0335
vn -0.5505 -0.8309 0.0811
vn 0.0370 -0.9564 0.2896
vn 0.0018 -0.9509 0.3094
vn -0.1828 -0.9452 0.2705
vn -0.1350 -0.9553 0.2631
vn -0.1870 -0.9495 0.2521
vn -0.1344 -0.9609 0.2423
vn -0.1914 -0.9540 0.2305
vn -0.0714 -0.9873 0.1421
vn -0.2229 -0.9684 0.1116
vn -0.2177 -0.9710 0.0984
vn -0.1289 0.1657 0.9777
vn -0.0063 -0.2112 0.9774
vn -0.0070 -0.2810 0.9597
vn -0.6310 -0.3084 0.7119
vn -0.3279 -0.4024 0.8547
vn -0.5044 0.1314 0.8534
vn -0.6914 -0.1261 0.7114
vn -0.1727 0.2245 0.9590
vn 0.1860 -0.0517 0.9812
vn 0.6959 0.4554 0.5552
vn 0.7025 0.4244 0.5713
vn 0.5813 0.5772 0.5735
vn 0.5048 0.7120 0.4881
vn -0.0888 0.3722 0.9239
vn 0.1407 0.0860 0.9863
vn 0.1519 0.0637 0.9863
vn 0.7654 0.3241 0.5560
vn 0.7644 0.2937 0.5739
vn 0.0315 0.1632 0.9861
vn 0.1215 -0.1127 0.9862
vn 0.1195 0.1492 0.9816
vn 0.8182 0.0384 0.5737
vn 0.8076 -0.1372 0.5736
vn 0.8227 -0.2917 0.4880
vn 0.1599 0.0160 0.9870
vn 0.1636 0.0127 0.9864
vn 0.8275 0.0635 0.5579
vn 0.7982 0.2327 0.5556
vn 0.7945 0.1997 0.5736
vn 0.1592 0.0396 0.9865
vn 0.1514 0.0639 0.9864
vn 0.1594 0.0395 0.9864
vn 0.1435 -0.3568 0.9231
vn 0.1514 -0.3474 0.9254
vn -0.1022 -0.3571 0.9285
vn -0.0390 -0.4014 0.9151
vn -0.0362 -0.4014 0.9152
vn 0.1000 -0.3273 0.9396
vn 0.1569 -0.3275 0.9317
vn 0.2994 -0.1945 0.9341
vn 0.9235 -0.1175 0.3652
vn 0.9277 0.0733 0.3661
vn 0.9260 -0.1367 0.3519
vn 0.3251 0.1351 0.9360
vn 0.3254 0.1350 0.9359
vn 0.3421 0.0830 0.9360
vn 0.3434 0.0824 0.9356
vn 0.3519 0.0274 0.9356
vn 0.3064 -0.0155 0.9518
vn 0.9276 0.0729 0.3664
vn 0.9047 0.2175 0.3664
vn 0.9047 0.2172 0.3666
vn 0.8595 0.3561 0.3665
vn 0.8596 0.3560 0.3666
vn 0.7935 0.4857 0.3666
vn 0.3003 0.1842 0.9359
vn 0.2392 0.1923 0.9517
vn 0.7934 0.4863 0.3662
vn 0.6784 0.6375 0.3652
vn 0.1291 0.3337 0.9338
vn -0.0628 0.3580 0.9316
vn -0.1096 0.3239 0.9397
vn -0.2621 0.3044 0.9158
vn -0.2642 0.3028 0.9157
vn -0.2901 0.2298 0.9290
vn -0.0783 0.3696 0.9259
vn 0.1395 0.0799 0.9870
vn 0.6692 0.6544 0.3520
vn 0.8350 -0.2005 0.5124
vn 0.7934 -0.3286 0.5124
vn 0.7322 -0.4487 0.5124
vn 0.2078 -0.1274 0.9698
vn -0.8712 -0.4177 0.2577
vn -0.8440 -0.4656 0.2662
vn -0.9081 -0.2860 0.3060
vn -0.9213 -0.2597 0.2895
vn -0.6299 -0.7756 0.0401
vn -0.7102 -0.7009 0.0663
vn -0.8412 -0.5348 0.0801
vn -0.8564 -0.5156 0.0272
vn -0.8531 -0.5132 0.0943
vn -0.8522 -0.5141 0.0973
vn -0.9206 -0.3689 0.1282
vn -0.8502 -0.4777 0.2214
vn -0.8772 -0.4191 0.2343
vn -0.8471 -0.4713 0.2456
vn -0.6198 -0.7808 0.0788
vn -0.6284 -0.7736 0.0818
vn 0.8598 -0.5096 0.0335
vn 0.8431 -0.5302 0.0902
vn 0.7131 -0.6969 0.0758
vn 0.6337 -0.7720 0.0493
vn 0.6322 -0.7701 0.0853
vn 0.6201 -0.7804 0.0811
vn 0.9210 -0.2604 0.2896
vn 0.9050 -0.2921 0.3094
vn 0.8425 -0.4660 0.2705
vn 0.8668 -0.4236 0.2631
vn 0.8452 -0.4712 0.2521
vn 0.8723 -0.4248 0.2423
vn 0.8482 -0.4769 0.2305
vn 0.9169 -0.3730 0.1421
vn 0.8522 -0.5112 0.1116
vn 0.8562 -0.5071 0.0984
vn 0.1280 -0.9577 0.2577
vn 0.1820 -0.9466 0.2662
vn -0.0086 -0.9520 0.3060
vn -0.0377 -0.9564 0.2895
vn 0.5430 -0.8388 0.0401
vn 0.4472 -0.8920 0.0663
vn 0.2487 -0.9653 0.0801
vn 0.2257 -0.9738 0.0272
vn 0.2245 -0.9699 0.0943
vn 0.2256 -0.9693 0.0973
vn 0.0664 -0.9895 0.1282
vn 0.1916 -0.9562 0.2214
vn 0.1275 -0.9638 0.2343
vn 0.1865 -0.9513 0.2456
vn 0.5511 -0.8307 0.0788
vn 0.5416 -0.8367 0.0818
vn 0.7503 0.6602 0.0335
vn 0.7648 0.6380 0.0902
vn 0.8832 0.4629 0.0758
vn 0.9301 0.3641 0.0493
vn 0.9278 0.3633 0.0853
vn 0.9338 0.3486 0.0811
vn 0.5323 0.7955 0.2896
vn 0.5575 0.7704 0.3094
vn 0.7035 0.6572 0.2705
vn 0.6707 0.6935 0.2631
vn 0.7094 0.6582 0.2521
vn 0.6735 0.6983 0.2423
vn 0.7156 0.6593 0.2305
vn 0.6380 0.7568 0.1421
vn 0.7495 0.6525 0.1116
vn 0.7469 0.6576 0.0984
vn -0.1791 0.0430 -0.9829
vn -0.1702 0.0705 -0.9829
vn -0.1570 0.0962 -0.9829
vn -0.1401 0.1196 -0.9829
vn -0.1836 -0.0145 -0.9829
vn -0.1836 0.0145 -0.9829
vn -0.8689 0.2086 -0.4488
vn -0.8256 0.3420 -0.4488
vn -0.7619 0.4669 -0.4488
vn -0.6795 -0.5804 -0.4488
vn -0.7619 -0.4669 -0.4488
vn -0.8256 -0.3420 -0.4488
vn -0.8689 -0.2086 -0.4488
vn -0.8909 -0.0701 -0.4488
vn -0.8909 0.0701 -0.4488
vn -0.5804 -0.6795 -0.4488
vn -0.1401 -0.1196 -0.9829
vn -0.1570 -0.0962 -0.9829
vn -0.1702 -0.0705 -0.9829
vn -0.1791 -0.0430 -0.9829
vn -0.0430 -0.1791 -0.9829
vn -0.0705 -0.1702 -0.9829
vn -0.0962 -0.1570 -0.9829
vn -0.1196 -0.1401 -0.9829
vn 0.0145 -0.1836 -0.9829
vn -0.0145 -0.1836 -0.9829
vn -0.2086 -0.8689 -0.4488
vn -0.3420 -0.8256 -0.4488
vn -0.4669 -0.7619 -0.4488
vn 0.2086 -0.8689 -0.4488
vn 0.0701 -0.8909 -0.4488
vn -0.0701 -0.8909 -0.4488
vn 0.1401 -0.1196 -0.9829
vn 0.1196 -0.1401 -0.9829
vn 0.0962 -0.1570 -0.9829
vn 0.0705 -0.1702 -0.9829
vn 0.0430 -0.1791 -0.9829
vn 0.7619 -0.4669 -0.4488
vn 0.6795 -0.5804 -0.4488
vn 0.5804 -0.6795 -0.4488
vn 0.4669 -0.7619 -0.4488
vn 0.3420 -0.8256 -0.4488
vn 0.1836 0.0145 -0.9829
vn 0.1836 -0.0145 -0.9829
vn 0.1791 -0.0430 -0.9829
vn 0.1702 -0.0705 -0.9829
vn 0.1570 -0.0962 -0.9829
vn 0.8689 0.2086 -0.4488
vn 0.8909 0.0701 -0.4488
vn 0.8909 -0.0701 -0.4488
vn 0.8689 -0.2086 -0.4488
vn 0.8256 -0.3420 -0.4488
vn 0.1196 0.1401 -0.9829
vn 0.1401 0.1196 -0.9829
vn 0.1570 0.0962 -0.9829
vn 0.1702 0.0705 -0.9829
vn 0.1791 0.0430 -0.9829
vn 0.4669 0.7619 -0.4488
vn 0.5804 0.6795 -0.4488
vn 0.6795 0.5804 -0.4488
vn 0.7619 0.4669 -0.4488
vn 0.8256 0.3420 -0.4488
vn -0.0145 0.1836 -0.9829
vn 0.0144 0.1836 -0.9829
vn 0.0145 0.1836 -0.9829
vn 0.0430 0.1791 -0.9829
vn 0.0705 0.1702 -0.9829
vn 0.0962 0.1570 -0.9829
vn -0.0430 0.1791 -0.9829
vn -0.0701 0.8909 -0.4488
vn 0.0701 0.8909 -0.4488
vn 0.2086 0.8689 -0.4488
vn 0.3420 0.8256 -0.4488
vn -0.2086 0.8689 -0.4488
vn -0.3420 0.8256 -0.4488
vn -0.4669 0.7619 -0.4488
vn -0.5804 0.6795 -0.4488
vn -0.6795 0.5804 -0.4488
vn -0.1196 0.1401 -0.9829
vn -0.0962 0.1570 -0.9829
vn -0.0705 0.1702 -0.9829
vn 0.9504 -0.1742 0.2577
vn 0.9565 -0.1194 0.2662
vn 0.9027 -0.3024 0.3060
vn 0.8980 -0.3314 0.2895
vn 0.9655 0.2573 0.0401
vn 0.9865 0.1496 0.0663
vn 0.9949 -0.0617 0.0801
vn 0.9959 -0.0863 0.0272
vn 0.9918 -0.0862 0.0943
vn 0.9916 -0.0850 0.0973
vn 0.9616 -0.2427 0.1282
vn 0.9686 -0.1133 0.2214
vn 0.9560 -0.1766 0.2343
vn 0.9623 -0.1166 0.2456
vn 0.9604 0.2674 0.0788
vn 0.9631 0.2565 0.0818
vn -0.3961 0.9176 0.0335
vn -0.3704 0.9245 0.0902
vn -0.1673 0.9830 0.0758
vn -0.0589 0.9970 0.0493
vn -0.0588 0.9946 0.0853
vn -0.0430 0.9958 0.0811
vn -0.5921 0.7520 0.2896
vn -0.5604 0.7682 0.3094
vn -0.4077 0.8722 0.2705
vn -0.4523 0.8522 0.2631
vn -0.4068 0.8780 0.2521
vn -0.4560 0.8564 0.2423
vn -0.4059 0.8844 0.2305
vn -0.5226 0.8407 0.1421
vn -0.3889 0.9145 0.1116
vn -0.3946 0.9136 0.0984
vn -0.1885 0.2352 0.9535
vn -0.1817 0.2384 0.9540
vn -0.1928 0.2392 0.9516
vn -0.1833 0.2437 0.9524
vn -0.1977 0.2518 0.9474
vn -0.1854 0.2576 0.9483
vn -0.1968 0.2755 0.9409
vn -0.0692 0.3339 0.9400
vn 0.2040 0.3358 0.9196
vn -0.1719 0.2388 0.9557
vn -0.1807 0.2348 0.9551
vn -0.0080 -0.2967 0.9549
vn -0.0145 -0.3020 0.9532
vn -0.0066 -0.3005 0.9538
vn -0.0155 -0.3080 0.9513
vn -0.0046 -0.3059 0.9520
vn -0.0119 -0.3217 0.9468
vn 0.0020 -0.3191 0.9477
vn 0.0032 -0.3386 0.9409
vn 0.1403 -0.3109 0.9400
vn 0.3623 -0.1518 0.9196
vn 0.5379 0.8430 -0.0012
vn 0.6334 0.7718 0.0556
vn 0.5375 0.8425 0.0352
vn 0.6363 0.7649 0.0998
vn 0.5238 0.8459 0.1008
vn 0.6334 0.7732 0.0317
vn 0.6336 0.7736 -0.0013
vn 0.5383 0.8410 0.0547
vn 0.5394 0.8239 0.1738
vn 0.6988 0.6944 0.1718
vn 0.5879 0.7500 0.3032
vn 0.7884 0.5251 0.3206
vn 0.0057 -0.0056 1.0000
vn 0.0071 -0.0037 1.0000
vn 0.0079 -0.0012 1.0000
vn 0.7309 -0.1129 0.6731
vn 0.7302 0.1198 0.6726
vn 0.7298 0.1190 0.6732
vn 0.6607 0.3320 0.6732
vn 0.6608 0.3329 0.6727
vn 0.5249 0.5210 0.6731
vn 0.5249 0.5211 0.6730
vn -0.0784 -0.1893 0.9788
vn -0.0478 -0.1992 0.9788
vn -0.3286 -0.7934 0.5124
vn -0.1331 -0.1558 0.9788
vn -0.1070 -0.1747 0.9788
vn -0.4487 -0.7322 0.5124
vn -0.1274 -0.2078 0.9698
vn -0.0933 -0.2252 0.9698
vn -0.2005 -0.8350 0.5124
vn -0.0161 -0.2042 0.9788
vn -0.0569 -0.2370 0.9698
vn -0.1796 -0.7481 0.6388
vn -0.2945 -0.7108 0.6387
vn -0.2944 -0.7108 0.6388
vn -0.4020 -0.6560 0.6388
vn -0.0772 -0.3232 0.9432
vn -0.1273 -0.3069 0.9432
vn -0.1269 -0.3066 0.9433
vn -0.1734 -0.2829 0.9433
vn -0.1734 -0.2830 0.9433
vn -0.2155 -0.2523 0.9433
vn -0.2524 -0.2154 0.9433
vn -0.5850 -0.4997 0.6388
vn -0.5851 -0.4997 0.6388
vn -0.2525 -0.2159 0.9432
vn -0.7322 -0.4487 0.5124
vn -0.2078 -0.1274 0.9698
vn -0.6560 -0.4020 0.6388
vn -0.6561 -0.4022 0.6385
vn -0.2836 -0.1733 0.9432
vn -0.2488 -0.0694 0.9661
vn -0.2933 0.0219 0.9558
vn -0.2516 0.0414 0.9669
vn -0.1854 -0.1583 0.9698
vn -0.6530 -0.5577 0.5124
vn -0.1747 -0.1070 0.9788
vn -0.1893 -0.0784 0.9788
vn -0.1992 -0.0478 0.9788
vn -0.4996 -0.5850 0.6388
vn -0.1583 -0.1854 0.9698
vn -0.5577 -0.6530 0.5124
vn -0.1558 -0.1331 0.9788
vn -0.6988 0.6944 0.1718
vn -0.6608 0.3329 0.6727
vn -0.7728 0.3894 0.5012
vn -0.7884 0.5251 0.3206
vn -0.5879 0.7500 0.3032
vn -0.6335 0.7718 0.0547
vn -0.5400 0.8417 -0.0013
vn -0.5396 0.8413 0.0317
vn -0.6426 0.7595 0.1008
vn -0.5309 0.8416 0.0998
vn -0.6352 0.7716 0.0352
vn -0.6355 0.7721 -0.0012
vn -0.5383 0.8409 0.0556
vn -0.5394 0.8239 0.1738
vn -0.4283 0.8475 0.3134
vn -0.3334 0.6603 0.6730
vn -0.5249 0.5211 0.6730
vn -0.5249 0.5210 0.6731
vn 0.8890 -0.0876 -0.4495
vn 0.8889 -0.0875 -0.4496
vn 0.9947 -0.0980 -0.0301
vn 0.9947 -0.0979 -0.0301
vn 0.9565 -0.2901 -0.0301
vn 0.8548 -0.2593 -0.4496
vn 0.7878 -0.4211 -0.4496
vn 0.6905 -0.5666 -0.4496
vn 0.8815 -0.4712 -0.0301
vn 0.9565 -0.2902 -0.0301
vn 0.9565 -0.2902 0.0301
vn 0.9565 -0.2901 0.0301
vn 0.9947 -0.0979 0.0301
vn 0.8890 -0.0876 0.4495
vn 0.8889 -0.0875 0.4496
vn 0.8548 -0.2593 0.4496
vn 0.7877 -0.4211 0.4496
vn 0.8815 -0.4712 0.0301
vn 0.8815 -0.4712 -0.0300
vn 0.7727 -0.6341 -0.0300
vn 0.6905 -0.5666 0.4496
vn 0.6905 -0.5667 0.4496
vn 0.7727 -0.6341 0.0301
vn 0.7727 -0.6341 -0.0301
vn 0.6341 -0.7727 -0.0301
vn 0.4712 -0.8815 -0.0301
vn 0.2902 -0.9565 -0.0301
vn 0.4712 -0.8815 0.0301
vn 0.2902 -0.9565 0.0301
vn 0.2901 -0.9565 0.0301
vn 0.0980 -0.9947 0.0301
vn -0.0980 -0.9947 0.0301
vn 0.2901 -0.9565 -0.0301
vn 0.0980 -0.9947 -0.0301
vn -0.0980 -0.9947 -0.0301
vn -0.2901 -0.9565 0.0301
vn -0.2593 -0.8548 0.4496
vn -0.4210 -0.7878 0.4496
vn -0.0875 -0.8889 -0.4496
vn -0.2593 -0.8548 -0.4496
vn -0.2901 -0.9565 -0.0301
vn -0.2902 -0.9565 -0.0301
vn -0.2902 -0.9565 0.0301
vn -0.4712 -0.8815 0.0301
vn -0.4211 -0.7878 0.4496
vn -0.5667 -0.6905 0.4496
vn -0.4210 -0.7878 -0.4496
vn -0.4211 -0.7878 -0.4496
vn -0.4712 -0.8815 -0.0301
vn -0.4712 -0.8815 -0.0300
vn -0.4712 -0.8815 0.0300
vn -0.6341 -0.7726 0.0300
vn -0.6341 -0.7727 0.0301
vn -0.7727 -0.6341 0.0301
vn -0.7727 -0.6341 -0.0301
vn -0.7726 -0.6341 -0.0301
vn -0.6905 -0.5667 -0.4496
vn -0.6905 -0.5666 -0.4496
vn -0.6341 -0.7727 -0.0301
vn -0.6341 -0.7726 -0.0301
vn -0.5667 -0.6905 -0.4496
vn -0.6905 -0.5667 0.4496
vn -0.7726 -0.6341 0.0300
vn -0.8815 -0.4712 0.0300
vn -0.8815 -0.4712 -0.0301
vn -0.7877 -0.4211 -0.4496
vn -0.8548 -0.2593 -0.4496
vn -0.8889 -0.0875 -0.4496
vn -0.9565 -0.2902 -0.0301
vn -0.9565 -0.2901 -0.0301
vn -0.9947 -0.0979 -0.0301
vn -0.9947 -0.0980 -0.0301
vn -0.9947 0.0980 -0.0301
vn -0.9947 0.0979 -0.0301
vn -0.9565 0.2901 -0.0301
vn -0.9565 0.2902 -0.0301
vn -0.8815 0.4712 -0.0301
vn -0.8890 -0.0876 -0.4495
vn -0.8890 0.0876 -0.4495
vn -0.8889 0.0875 -0.4496
vn -0.8548 0.2593 -0.4496
vn -0.7878 0.4211 -0.4496
vn -0.6905 0.5666 -0.4496
vn -0.6905 0.5667 -0.4496
vn -0.5667 0.6905 -0.4496
vn -0.7727 0.6341 0.0301
vn -0.7727 0.6341 -0.0301
vn -0.6341 0.7727 -0.0301
vn -0.6341 0.7727 0.0301
vn -0.6341 0.7727 0.0300
vn -0.5667 0.6905 0.4496
vn -0.4712 0.8815 -0.0301
vn -0.4712 0.8815 0.0300
vn -0.4712 0.8815 0.0301
vn -0.4211 0.7878 0.4496
vn -0.4210 0.7878 0.4496
vn -0.2593 0.8548 0.4496
vn -0.0875 0.8889 0.4496
vn -0.0876 0.8890 0.4495
vn -0.2902 0.9565 0.0301
vn -0.2901 0.9565 0.0301
vn -0.0980 0.9947 0.0301
vn 0.0980 0.9947 0.0301
vn 0.2901 0.9565 0.0301
vn 0.2902 0.9565 0.0301
vn 0.4712 0.8815 0.0301
vn 0.4712 0.8815 0.0300
vn 0.6341 0.7727 -0.0301
vn 0.6341 0.7726 -0.0300
vn 0.4712 0.8815 -0.0300
vn 0.4712 0.8815 -0.0301
vn 0.2902 0.9565 -0.0301
vn 0.2901 0.9565 -0.0301
vn 0.0980 0.9947 -0.0301
vn -0.0980 0.9947 -0.0301
vn -0.2901 0.9565 -0.0301
vn -0.2902 0.9565 -0.0301
vn 0.2593 0.8548 -0.4496
vn 0.0875 0.8889 -0.4496
vn 0.0876 0.8890 -0.4495
vn -0.0876 0.8890 -0.4495
vn -0.0875 0.8889 -0.4496
vn -0.2593 0.8548 -0.4496
vn -0.4210 0.7878 -0.4496
vn -0.4211 0.7878 -0.4496
vn 0.6341 0.7726 0.0300
vn 0.6341 0.7727 0.0301
vn 0.7727 0.6341 0.0301
vn 0.7727 0.6341 -0.0301
vn 0.6905 0.5667 -0.4496
vn 0.5667 0.6905 -0.4496
vn 0.4211 0.7878 -0.4496
vn 0.4210 0.7878 -0.4496
vn 0.6905 0.5666 -0.4496
vn 0.8815 0.4712 0.0301
vn 0.8815 0.4712 -0.0301
vn 0.7877 0.4211 -0.4496
vn 0.8548 0.2593 -0.4496
vn 0.8889 0.0875 -0.4496
vn 0.8890 0.0876 -0.4495
vn 0.6905 0.5666 0.4496
vn 0.7877 0.4211 0.4496
vn 0.9565 0.2902 0.0301
vn 0.9565 0.2902 -0.0301
vn 0.9565 0.2901 -0.0301
vn 0.9947 0.0980 -0.0301
vn 0.8890 0.0876 0.4495
vn 0.8889 0.0875 0.4496
vn 0.9947 0.0980 0.0301
vn 0.9565 0.2901 0.0301
vn 0.8548 0.2593 0.4496
vn -0.2917 -0.0795 0.9532
vn -0.2878 -0.0866 0.9538
vn -0.2977 -0.0804 0.9513
vn -0.2924 -0.0901 0.9520
vn -0.3097 -0.0881 0.9468
vn -0.3029 -0.1005 0.9477
vn -0.3210 -0.1077 0.9409
vn -0.2524 -0.2296 0.9400
vn -0.0324 -0.3915 0.9196
vn 0.3824 -0.0902 0.9196
vn 0.2962 0.1690 0.9400
vn 0.2011 0.2723 0.9409
vn 0.1877 0.2559 0.9483
vn 0.1784 0.2659 0.9474
vn 0.1752 0.2496 0.9524
vn 0.1679 0.2573 0.9516
vn 0.1706 0.2465 0.9540
vn 0.1655 0.2520 0.9535
vn 0.1675 0.2444 0.9551
vn -0.2846 -0.0841 0.9549
vn -0.2799 -0.0925 0.9556
vn -0.2284 0.1136 0.9669
vn -0.2515 0.1551 0.9554
vn -0.1601 0.2036 0.9659
vn -0.1276 0.3069 0.9432
vn -0.2943 0.7108 0.6388
vn -0.1796 0.7482 0.6388
vn -0.0531 0.0859 0.9949
vn -0.4020 0.6561 0.6387
vn -0.4021 0.6562 0.6385
vn -0.2945 0.7110 0.6385
vn -0.1274 0.2078 0.9698
vn -0.1583 0.1854 0.9698
vn -0.4998 0.5852 0.6385
vn -0.4998 0.5850 0.6387
vn -0.0653 0.0771 0.9949
vn -0.0698 0.2857 0.9558
vn -0.0384 0.2521 0.9669
vn 0.1740 0.2373 0.9557
vn -0.8815 -0.4712 0.0301
vn -0.9565 -0.2902 0.0301
vn -0.9565 -0.2901 0.0301
vn -0.9947 -0.0979 0.0301
vn -0.9947 -0.0980 0.0301
vn -0.9947 0.0980 0.0301
vn -0.9947 0.0979 0.0301
vn -0.9565 0.2901 0.0301
vn -0.9565 0.2902 0.0301
vn -0.8815 0.4712 0.0301
vn -0.8815 0.4712 0.0300
vn -0.7726 0.6341 0.0300
vn -0.6905 0.5667 0.4496
vn -0.6905 0.5666 0.4496
vn -0.7878 0.4211 0.4496
vn -0.8548 0.2593 0.4496
vn -0.8889 0.0875 0.4496
vn -0.8890 0.0876 0.4495
vn -0.8890 -0.0876 0.4495
vn -0.8889 -0.0875 0.4496
vn -0.8548 -0.2593 0.4496
vn -0.7877 -0.4211 0.4496
vn -0.6905 -0.5666 0.4496
vn 0.6341 -0.7727 0.0301
vn 0.5667 -0.6905 0.4496
vn 0.4211 -0.7878 0.4496
vn 0.4210 -0.7878 0.4496
vn 0.2593 -0.8548 0.4496
vn 0.0875 -0.8889 0.4496
vn 0.0876 -0.8890 0.4495
vn -0.0876 -0.8890 0.4495
vn -0.0875 -0.8889 0.4496
vn 0.8800 0.4704 0.0658
vn 0.1481 0.0791 -0.9858
vn 0.8800 0.4703 0.0659
vn 0.9549 0.2897 0.0659
vn 0.9930 0.0978 0.0659
vn 0.9930 -0.0978 0.0659
vn 0.1671 -0.0165 -0.9858
vn 0.1671 0.0165 -0.9858
vn -0.4144 0.0408 -0.9092
vn -0.7183 0.3839 -0.5802
vn -0.7794 0.2364 -0.5802
vn -0.7794 0.2364 -0.5801
vn -0.8106 0.0798 -0.5801
vn -0.8106 0.0799 -0.5801
vn -0.8106 -0.0799 -0.5801
vn -0.4144 -0.0408 -0.9092
vn 0.1606 0.0487 -0.9858
vn -0.3985 -0.1209 -0.9092
vn -0.8701 0.4651 -0.1635
vn -0.9441 0.2864 -0.1635
vn -0.9818 0.0967 -0.1635
vn -0.9818 -0.0967 -0.1635
vn -0.8106 -0.0798 -0.5801
vn -0.7794 -0.2364 -0.5801
vn -0.3672 -0.1963 -0.9092
vn -0.8818 0.4713 -0.0160
vn -0.8818 0.4714 -0.0160
vn -0.9568 0.2902 -0.0160
vn -0.9951 0.0980 -0.0160
vn -0.9951 -0.0980 -0.0160
vn -0.9441 -0.2864 -0.1635
vn -0.7794 -0.2364 -0.5802
vn -0.7729 0.6343 0.0160
vn -0.8818 0.4713 0.0160
vn -0.8818 0.4714 0.0160
vn -0.9568 0.2902 0.0160
vn -0.9951 0.0980 0.0160
vn -0.7626 0.6259 0.1635
vn -0.7626 0.6258 0.1635
vn -0.8701 0.4651 0.1635
vn -0.9441 0.2864 0.1635
vn -0.6296 0.5167 0.5801
vn -0.7183 0.3840 0.5801
vn -0.2642 0.3219 0.9092
vn -0.3219 0.2642 0.9092
vn -0.7794 0.2364 0.5801
vn -0.3672 0.1963 0.9092
vn 0.1298 -0.1065 0.9858
vn 0.1065 -0.1298 0.9858
vn 0.0791 -0.1481 0.9858
vn 0.0487 -0.1606 0.9858
vn 0.2897 -0.9549 -0.0659
vn 0.0978 -0.9930 -0.0659
vn 0.0165 -0.1671 0.9858
vn -0.0408 0.4144 0.9092
vn -0.1209 0.3985 0.9092
vn -0.1963 0.3672 0.9092
vn -0.3840 0.7183 0.5801
vn -0.3839 0.7183 0.5802
vn -0.4650 0.8701 0.1635
vn -0.4651 0.8701 0.1635
vn -0.2864 0.9441 0.1635
vn -0.2364 0.7794 0.5802
vn -0.2364 0.7794 0.5801
vn -0.5167 0.6296 0.5801
vn -0.6258 0.7626 0.1635
vn -0.6259 0.7626 0.1635
vn -0.6343 0.7729 0.0160
vn -0.6343 0.7729 -0.0160
vn -0.7729 0.6343 -0.0160
vn -0.2902 0.9568 0.0160
vn -0.4713 0.8818 0.0160
vn -0.4713 0.8818 -0.0160
vn -0.6259 0.7626 -0.1635
vn -0.7626 0.6259 -0.1635
vn -0.2864 0.9441 -0.1635
vn -0.2902 0.9568 -0.0160
vn -0.4650 0.8701 -0.1635
vn -0.6258 0.7626 -0.1635
vn -0.5167 0.6296 -0.5801
vn -0.6296 0.5167 -0.5801
vn -0.7183 0.3840 -0.5801
vn -0.4651 0.8701 -0.1635
vn -0.3840 0.7183 -0.5801
vn -0.3985 0.1209 -0.9092
vn -0.3672 0.1963 -0.9092
vn -0.3219 0.2642 -0.9092
vn -0.2642 0.3219 -0.9092
vn -0.1963 0.3672 -0.9092
vn 0.1606 -0.0487 -0.9858
vn 0.1481 -0.0791 -0.9858
vn 0.1298 -0.1065 -0.9858
vn 0.9549 -0.2897 0.0659
vn 0.9549 -0.2896 0.0659
vn 0.8800 -0.4703 0.0659
vn 0.8800 -0.4704 0.0658
vn 0.7713 -0.6330 0.0658
vn 0.1065 -0.1298 -0.9858
vn 0.0791 -0.1481 -0.9858
vn 0.2896 -0.9549 0.0659
vn 0.4703 -0.8800 0.0659
vn 0.6330 -0.7713 0.0659
vn 0.7713 -0.6330 0.0659
vn 0.0487 -0.1606 -0.9858
vn 0.2897 -0.9549 0.0659
vn 0.0978 -0.9930 0.0659
vn 0.0165 -0.1671 -0.9858
vn -0.0408 0.4144 -0.9092
vn -0.1209 0.3985 -0.9092
vn -0.0799 0.8106 -0.5802
vn -0.2364 0.7794 -0.5801
vn -0.0799 0.8106 -0.5801
vn -0.0967 0.9818 -0.1634
vn -0.3839 0.7183 -0.5801
vn -0.2364 0.7794 -0.5802
vn -0.0967 0.9818 -0.1635
vn -0.0980 0.9951 -0.0160
vn -0.0980 0.9951 0.0160
vn -0.0967 0.9818 0.1635
vn -0.0967 0.9818 0.1634
vn -0.0799 0.8106 0.5801
vn -0.0799 0.8106 0.5802
vn -0.8106 -0.0798 0.5801
vn -0.8106 -0.0799 0.5801
vn -0.4144 -0.0408 0.9092
vn -0.4144 0.0408 0.9092
vn -0.3985 0.1209 0.9092
vn -0.8106 0.0799 0.5801
vn -0.9818 -0.0967 0.1635
vn -0.9818 0.0967 0.1635
vn -0.8106 0.0798 0.5801
vn 0.1481 -0.0791 0.9858
vn 0.1606 -0.0487 0.9858
vn 0.1671 -0.0165 0.9858
vn -0.7794 -0.2364 0.5801
vn -0.3985 -0.1209 0.9092
vn 0.1671 0.0165 0.9858
vn 0.9930 0.0978 -0.0659
vn 0.9930 -0.0978 -0.0659
vn 0.9549 -0.2896 -0.0659
vn 0.1606 0.0487 0.9858
vn 0.1607 0.0487 0.9858
vn 0.9549 0.2897 -0.0659
vn 0.9549 0.2896 -0.0659
vn 0.8800 0.4704 -0.0659
vn 0.1481 0.0791 0.9858
vn -0.3672 -0.1963 0.9092
vn -0.7183 -0.3840 0.5801
vn 0.1298 0.1065 0.9858
vn -0.3219 -0.2642 0.9092
vn 0.8800 0.4704 -0.0658
vn 0.7713 0.6330 -0.0658
vn 0.7713 0.6330 -0.0659
vn 0.6330 0.7713 -0.0659
vn 0.1065 0.1298 0.9858
vn -0.2642 -0.3219 0.9092
vn -0.5167 -0.6296 0.5801
vn 0.0487 0.1606 0.9858
vn 0.0791 0.1481 0.9858
vn -0.1963 -0.3672 0.9092
vn -0.3839 -0.7183 0.5801
vn 0.4703 0.8800 -0.0659
vn 0.2896 0.9549 -0.0659
vn 0.2897 0.9549 -0.0659
vn 0.0978 0.9930 -0.0659
vn 0.0165 0.1671 0.9858
vn -0.1209 -0.3985 0.9092
vn -0.0967 -0.9818 0.1634
vn -0.0799 -0.8106 0.5801
vn -0.0799 -0.8106 0.5802
vn -0.0408 -0.4144 0.9092
vn -0.2364 -0.7794 0.5801
vn -0.2864 -0.9441 0.1635
vn -0.0967 -0.9818 0.1635
vn -0.0980 -0.9951 0.0160
vn -0.3840 -0.7183 0.5801
vn -0.4651 -0.8701 0.1635
vn -0.2902 -0.9568 0.0160
vn -0.0980 -0.9951 -0.0160
vn -0.6296 -0.5167 0.5801
vn -0.6258 -0.7626 0.1635
vn -0.4650 -0.8701 0.1635
vn -0.4713 -0.8818 0.0160
vn -0.2902 -0.9568 -0.0160
vn -0.2864 -0.9441 -0.1635
vn -0.0967 -0.9818 -0.1635
vn -0.0967 -0.9818 -0.1634
vn -0.0408 -0.4144 -0.9092
vn -0.0799 -0.8106 -0.5802
vn -0.0799 -0.8106 -0.5801
vn -0.2364 -0.7794 -0.5801
vn -0.2364 -0.7794 -0.5802
vn -0.3839 -0.7183 -0.5801
vn -0.3840 -0.7183 -0.5801
vn -0.4651 -0.8701 -0.1635
vn -0.4650 -0.8701 -0.1635
vn -0.4713 -0.8818 -0.0160
vn -0.1963 -0.3672 -0.9092
vn -0.2642 -0.3219 -0.9092
vn -0.5167 -0.6296 -0.5801
vn -0.6258 -0.7626 -0.1635
vn -0.6259 -0.7626 -0.1635
vn -0.6343 -0.7729 -0.0160
vn -0.6343 -0.7729 0.0160
vn -0.6296 -0.5167 -0.5801
vn -0.7626 -0.6259 -0.1635
vn -0.7626 -0.6258 -0.1635
vn -0.8701 -0.4651 -0.1635
vn -0.9568 -0.2903 -0.0160
vn -0.8818 -0.4713 -0.0160
vn -0.7729 -0.6343 -0.0160
vn -0.7729 -0.6343 0.0160
vn -0.8818 -0.4713 0.0160
vn -0.9568 -0.2903 0.0160
vn -0.9568 -0.2902 0.0160
vn -0.9951 -0.0980 0.0160
vn -0.6259 -0.7626 0.1635
vn -0.7626 -0.6259 0.1635
vn -0.8701 -0.4651 0.1635
vn -0.9441 -0.2864 0.1635
vn -0.9568 -0.2902 -0.0160
vn -0.7183 -0.3840 -0.5801
vn -0.3219 -0.2642 -0.9092
vn 0.1065 0.1298 -0.9858
vn 0.0791 0.1481 -0.9858
vn 0.0487 0.1606 -0.9858
vn 0.4703 0.8800 0.0659
vn 0.2896 0.9549 0.0659
vn 0.2897 0.9549 0.0659
vn 0.0978 0.9930 0.0659
vn 0.0165 0.1671 -0.9858
vn -0.1209 -0.3985 -0.9092
vn 0.1298 0.1065 -0.9858
vn 0.7713 0.6330 0.0658
vn 0.7713 0.6330 0.0659
vn 0.6330 0.7713 0.0659
vn 0.3816 -0.9214 -0.0739
vn 0.3573 -0.8627 0.3578
vn 0.5211 -0.8503 -0.0739
vn 0.5144 -0.8394 0.1759
vn 0.4879 -0.7962 0.3579
vn 0.2328 -0.9697 -0.0739
vn 0.2180 -0.9080 0.3579
vn 0.3573 -0.8627 0.3579
vn 0.3767 -0.9095 0.1759
vn 0.3792 -0.9155 -0.1347
vn 0.2313 -0.9635 -0.1347
vn 0.2298 -0.9572 0.1759
vn 0.0777 -0.9878 -0.1347
vn 0.0638 -0.8110 -0.5816
vn 0.1899 -0.7910 -0.5816
vn 0.2283 -0.9510 0.2086
vn 0.0767 -0.9750 0.2086
vn -0.0767 -0.9750 0.2086
vn -0.2283 -0.9510 0.2086
vn -0.0165 -0.1671 -0.9858
vn -0.0978 -0.9930 0.0659
vn -0.2897 -0.9549 0.0659
vn -0.2896 -0.9549 0.0659
vn 0.0799 0.8106 -0.5802
vn 0.0408 0.4144 -0.9092
vn -0.0487 -0.1606 -0.9858
vn -0.4703 -0.8800 0.0659
vn -0.6330 -0.7713 0.0659
vn -0.7713 -0.6330 0.0659
vn -0.7713 -0.6330 0.0658
vn -0.8800 -0.4704 0.0658
vn -0.8800 -0.4703 0.0659
vn -0.9549 -0.2897 0.0659
vn -0.9930 -0.0978 0.0659
vn -0.0106 0.0497 -0.9987
vn -0.0223 0.0223 -0.9995
vn 0.0153 0.0485 -0.9987
vn 0.0208 0.0409 -0.9989
vn 0.0437 0.0268 -0.9987
vn 0.0477 0.0191 -0.9987
vn 0.0472 0.0195 -0.9987
vn 0.0496 0.0119 -0.9987
vn 0.0498 0.0126 -0.9987
vn 0.0512 0.0040 -0.9987
vn 0.0414 -0.0198 -0.9989
vn 0.0222 0.0222 -0.9995
vn 0.0405 0.0057 -0.9992
vn 0.0312 0.0312 -0.9990
vn 0.0125 0.0480 -0.9988
vn 0.0231 0.0231 -0.9995
vn -0.0151 0.0497 -0.9986
vn -0.0221 0.0189 -0.9996
vn -0.0189 0.0221 -0.9996
vn -0.0152 0.0248 -0.9996
vn 0.0316 0.0332 -0.9989
vn 0.0120 0.0499 -0.9987
vn 0.0034 0.0513 -0.9987
vn 0.0040 0.0509 -0.9987
vn -0.0040 0.0509 -0.9987
vn -0.0034 0.0512 -0.9987
vn -0.0120 0.0499 -0.9987
vn -0.0325 0.0324 -0.9989
vn -0.0414 0.0296 -0.9987
vn -0.0111 0.0268 -0.9996
vn 0.0323 -0.3915 0.9196
vn 0.2523 -0.2295 0.9401
vn 0.3212 -0.1071 0.9409
vn 0.3014 -0.0994 0.9483
vn 0.3080 -0.0875 0.9474
vn 0.2915 -0.0895 0.9524
vn 0.2966 -0.0802 0.9516
vn 0.2872 -0.0861 0.9540
vn 0.2908 -0.0795 0.9535
vn -0.1679 0.2447 0.9549
vn -0.1658 0.2528 0.9532
vn -0.1713 0.2470 0.9538
vn -0.1685 0.2583 0.9513
vn -0.1761 0.2502 0.9520
vn -0.1795 0.2673 0.9468
vn -0.1892 0.2570 0.9477
vn -0.2016 0.2720 0.9409
vn -0.2963 0.1691 0.9400
vn -0.3823 -0.0902 0.9196
vn 0.0967 -0.9818 0.1634
vn 0.0799 -0.8106 0.5801
vn 0.0799 -0.8106 0.5802
vn 0.0408 -0.4144 0.9092
vn -0.0165 0.1671 0.9858
vn 0.1209 -0.3985 0.9092
vn 0.2364 -0.7794 0.5801
vn 0.2364 -0.7794 0.5802
vn 0.0967 -0.9818 0.1635
vn 0.0980 -0.9951 0.0160
vn -0.0487 0.1606 0.9858
vn 0.3839 -0.7183 0.5801
vn 0.1963 -0.3672 0.9092
vn -0.0791 0.1481 0.9858
vn -0.2896 0.9549 -0.0659
vn -0.2897 0.9549 -0.0659
vn -0.0978 0.9930 -0.0659
vn -0.7603 0.6494 -0.0139
vn -0.8526 0.5224 -0.0139
vn -0.9238 0.3826 -0.0139
vn -0.9723 0.2334 -0.0139
vn -0.9968 0.0785 -0.0139
vn 0.6494 0.7603 -0.0139
vn 0.5224 0.8526 -0.0139
vn 0.3826 0.9238 -0.0139
vn 0.2334 0.9723 -0.0139
vn 0.0785 0.9968 -0.0139
vn -0.0785 0.9968 -0.0139
vn -0.2334 0.9723 -0.0139
vn -0.3826 0.9238 -0.0139
vn -0.5224 0.8526 -0.0139
vn -0.6494 0.7603 -0.0139
vn 0.7603 -0.6494 -0.0139
vn 0.8526 -0.5224 -0.0139
vn 0.9238 -0.3826 -0.0139
vn 0.9723 -0.2334 -0.0139
vn 0.9968 -0.0785 -0.0139
vn 0.9968 0.0785 -0.0139
vn 0.9723 0.2334 -0.0139
vn 0.9238 0.3826 -0.0139
vn 0.8526 0.5224 -0.0139
vn 0.7603 0.6494 -0.0139
vn -0.6494 -0.7603 -0.0139
vn -0.5224 -0.8526 -0.0139
vn -0.3826 -0.9238 -0.0139
vn -0.2334 -0.9723 -0.0139
vn -0.0785 -0.9968 -0.0139
vn 0.0785 -0.9968 -0.0139
vn 0.0784 -0.9968 -0.0139
vn 0.2334 -0.9723 -0.0139
vn 0.3826 -0.9238 -0.0139
vn 0.5224 -0.8526 -0.0139
vn 0.6494 -0.7603 -0.0139
vn -0.8526 -0.5224 -0.0149
vn -0.9275 -0.3707 0.0483
vn -0.9681 -0.2454 0.0499
vn -0.9966 -0.0823 -0.0072
vn 0.7640 0.6432 0.0510
vn 0.6417 0.7669 -0.0114
vn 0.7785 -0.6277 0.0058
vn 0.8160 -0.5753 0.0559
vn 0.6495 -0.7583 0.0560
vn 0.6490 -0.7587 0.0566
vn 0.5239 -0.8499 0.0562
vn 0.5211 -0.8515 0.0587
vn 0.2933 -0.9543 0.0570
vn 0.3566 -0.9342 0.0057
vn -0.9968 -0.0785 -0.0139
vn -0.9723 -0.2334 -0.0139
vn -0.9238 -0.3826 -0.0139
vn -0.8526 -0.5224 -0.0139
vn -0.7603 -0.6494 -0.0139
vn -0.9760 -0.2047 0.0744
vn -0.9897 -0.1399 0.0317
vn -0.2297 -0.9732 -0.0072
vn -0.0658 -0.9966 0.0499
vn 0.0660 -0.9967 0.0483
vn 0.2334 -0.9723 -0.0149
vn 0.9987 0.0505 0.0056
vn 0.9982 -0.0160 0.0570
vn 0.9708 0.2324 0.0587
vn 0.9702 0.2356 0.0562
vn 0.9221 0.3827 0.0566
vn 0.9219 0.3834 0.0560
vn 0.8368 0.5446 0.0563
vn 0.8009 0.5988 0.0050
vn -0.4967 0.8674 0.0303
vn -0.4371 0.8963 0.0750
vn -0.5271 0.8466 0.0740
vn -0.5213 0.8498 0.0783
vn -0.6513 0.7549 0.0771
vn -0.6471 0.7581 0.0807
vn -0.6639 0.7435 0.0806
vn -0.7183 0.6950 0.0329
vn 0.5318 0.8468 -0.0042
vn 0.3907 0.9188 0.0570
vn -0.1070 -0.9915 0.0744
vn -0.1780 -0.9836 0.0282
vn 0.8546 -0.5191 -0.0110
vn 0.9311 -0.3612 0.0498
vn 0.9960 -0.0771 0.0449
vn 0.9695 -0.2445 -0.0161
vn 0.2606 0.9654 0.0056
vn 0.3236 0.9445 0.0570
vn 0.0757 0.9954 0.0587
vn 0.0790 0.9953 0.0561
vn -0.0791 0.9953 0.0566
vn -0.0798 0.9952 0.0560
vn -0.3220 0.9451 0.0559
vn -0.2609 0.9654 0.0058
vn -0.5310 0.8473 -0.0114
vn -0.3757 0.9253 0.0510
vn -0.6388 0.7673 0.0563
vn -0.7536 0.6573 0.0013
vn -0.8829 -0.4684 0.0329
vn -0.9122 -0.4017 0.0806
vn -0.9210 -0.3812 0.0807
vn -0.9192 -0.3862 0.0771
vn -0.9693 -0.2332 0.0783
vn -0.9680 -0.2397 0.0740
vn -0.9699 -0.2432 -0.0114
vn -0.9961 -0.0713 0.0510
vn -0.9272 -0.3704 0.0563
vn -0.8580 -0.5136 0.0013
vn 0.1726 -0.9844 0.0329
vn 0.1001 -0.9917 0.0806
vn 0.0832 -0.9933 0.0807
vn 0.0779 -0.9940 0.0772
vn -0.0712 -0.9944 0.0783
vn -0.0778 -0.9942 0.0741
vn 0.2180 -0.9080 0.3578
vn 0.0782 -0.9942 -0.0739
vn -0.0782 -0.9942 -0.0739
vn -0.2328 -0.9697 -0.0739
vn 0.0876 0.8890 0.4495
vn 0.0875 0.8889 0.4496
vn 0.2593 0.8548 0.4496
vn 0.4210 0.7878 0.4496
vn 0.4211 0.7878 0.4496
vn 0.5667 0.6905 0.4496
vn 0.6905 0.5667 0.4496
vn 0.8800 -0.4704 -0.0659
vn 0.8800 -0.4704 -0.0658
vn 0.7713 -0.6330 -0.0658
vn 0.7713 -0.6330 -0.0659
vn 0.6330 -0.7713 -0.0659
vn 0.4703 -0.8800 -0.0659
vn 0.2896 -0.9549 -0.0659
vn 0.6905 -0.5667 -0.4496
vn 0.5667 -0.6905 -0.4496
vn 0.4211 -0.7878 -0.4496
vn 0.4210 -0.7878 -0.4496
vn 0.2593 -0.8548 -0.4496
vn 0.0875 -0.8889 -0.4496
vn 0.0876 -0.8890 -0.4495
vn -0.0876 -0.8890 -0.4495
vn 0.3839 -0.7183 -0.5801
vn 0.0967 -0.9818 -0.1635
vn 0.0980 -0.9951 -0.0160
usemtl pskmat0.021
s off
f 644/1/1 661/2/1 662/3/1
f 665/4/2 664/5/2 666/6/2
f 665/4/3 663/7/3 664/5/3
f 664/5/4 663/7/4 662/3/4
f 645/8/5 662/3/5 663/7/5
f 645/8/6 644/1/6 662/3/6
f 645/8/7 643/9/7 644/1/7
f 640/10/8 644/1/8 643/9/8
f 643/9/9 641/11/9 640/10/9
f 642/12/10 640/10/10 641/11/10
f 641/11/11 652/13/11 642/12/11
f 655/14/12 1385/15/12 676/16/12
f 1385/15/13 655/14/13 652/13/13
f 1385/15/14 652/13/14 641/11/14
f 1382/17/15 1385/15/15 641/11/15
f 641/11/16 643/9/16 1382/17/16
f 1383/18/17 1382/17/17 643/9/17
f 643/9/18 645/8/18 1383/18/18
f 663/7/19 1383/18/19 645/8/19
f 654/19/20 642/12/20 652/13/20
f 654/19/21 652/13/21 653/20/21
f 655/14/22 653/20/22 652/13/22
f 655/14/23 671/21/23 653/20/23
f 655/14/24 676/16/24 671/21/24
f 671/21/25 676/16/25 673/22/25
f 676/16/26 674/23/26 673/22/26
f 675/24/27 673/22/27 674/23/27
f 675/24/28 674/23/28 677/25/28
f 678/26/29 677/25/29 674/23/29
f 672/27/30 653/20/30 671/21/30
f 680/28/31 657/29/31 679/30/31
f 657/29/32 680/28/32 677/25/32
f 678/26/33 657/29/33 677/25/33
f 678/26/34 1384/31/34 657/29/34
f 659/32/35 657/29/35 1384/31/35
f 1384/31/36 1381/33/36 659/32/36
f 648/34/37 659/32/37 1381/33/37
f 1381/33/38 1380/35/38 648/34/38
f 646/36/39 648/34/39 1380/35/39
f 646/36/40 1380/35/40 650/37/40
f 646/36/41 650/37/41 649/38/41
f 649/38/42 647/39/42 646/36/42
f 668/40/43 650/37/43 1380/35/43
f 660/41/44 658/42/44 647/39/44
f 660/41/45 647/39/45 649/38/45
f 660/41/46 649/38/46 651/43/46
f 651/43/47 649/38/47 650/37/47
f 651/43/48 650/37/48 670/44/48
f 670/44/49 650/37/49 669/45/49
f 669/45/50 650/37/50 667/46/50
f 668/40/51 667/46/51 650/37/51
f 668/40/52 665/4/52 667/46/52
f 666/6/53 667/46/53 665/4/53
f 660/41/54 656/47/54 658/42/54
f 1426/48/55 660/41/55 1425/49/55
f 1424/50/56 1425/49/56 660/41/56
f 1424/50/57 660/41/57 651/43/57
f 651/43/58 670/44/58 1424/50/58
f 648/34/59 646/36/59 647/39/59
f 647/39/60 658/42/60 648/34/60
f 659/32/61 648/34/61 658/42/61
f 657/29/62 659/32/62 658/42/62
f 658/42/63 656/47/63 657/29/63
f 656/47/64 679/30/64 657/29/64
f 679/30/65 656/47/65 1427/51/65
f 660/41/66 1427/51/66 656/47/66
f 1428/52/67 1427/51/67 660/41/67
f 1426/48/68 1428/52/68 660/41/68
f 115/53/69 96/54/69 113/55/69
f 116/56/70 115/53/70 114/57/70
f 115/53/70 113/55/70 114/57/70
f 114/57/71 113/55/71 121/58/71
f 113/55/71 120/59/71 121/58/71
f 113/55/72 117/60/72 120/59/72
f 96/54/73 117/60/73 113/55/73
f 96/54/74 95/61/74 117/60/74
f 121/58/75 120/59/75 135/62/75
f 189/63/76 94/64/76 96/54/76
f 115/53/76 189/63/76 96/54/76
f 188/65/77 189/63/77 115/53/77
f 116/56/77 188/65/77 115/53/77
f 116/56/78 158/66/78 188/65/78
f 116/56/79 114/57/79 158/66/79
f 138/67/79 158/66/79 114/57/79
f 114/57/80 121/58/80 138/67/80
f 136/68/80 138/67/80 121/58/80
f 136/68/81 121/58/81 135/62/81
f 139/69/82 138/67/82 136/68/82
f 139/69/83 157/70/83 138/67/83
f 158/66/84 138/67/84 157/70/84
f 157/70/85 187/71/85 158/66/85
f 187/71/78 188/65/78 158/66/78
f 188/65/86 187/71/86 186/72/86
f 188/65/87 186/72/87 189/63/87
f 186/72/87 90/73/87 189/63/87
f 189/63/88 90/73/88 94/64/88
f 90/73/88 89/74/88 94/64/88
f 136/68/81 135/62/81 137/75/81
f 140/76/89 136/68/89 137/75/89
f 139/69/90 136/68/90 140/76/90
f 147/77/91 139/69/91 140/76/91
f 147/77/92 155/78/92 139/69/92
f 155/78/92 157/70/92 139/69/92
f 155/78/93 185/79/93 157/70/93
f 157/70/85 185/79/85 187/71/85
f 185/79/94 184/80/94 187/71/94
f 184/80/86 186/72/86 187/71/86
f 505/81/95 507/82/95 183/83/95
f 183/83/96 507/82/96 181/84/96
f 183/83/97 181/84/97 177/85/97
f 180/86/97 177/85/97 181/84/97
f 178/87/98 177/85/98 180/86/98
f 178/87/98 180/86/98 184/80/98
f 185/79/94 178/87/94 184/80/94
f 174/88/99 178/87/99 185/79/99
f 155/78/93 174/88/93 185/79/93
f 503/89/100 501/90/100 505/81/100
f 498/91/101 497/92/101 501/90/101
f 501/90/102 499/93/102 498/91/102
f 499/93/102 501/90/102 503/89/102
f 499/93/103 503/89/103 500/94/103
f 503/89/104 505/81/104 500/94/104
f 506/95/104 500/94/104 505/81/104
f 506/95/105 505/81/105 183/83/105
f 183/83/106 175/96/106 506/95/106
f 175/96/107 183/83/107 177/85/107
f 173/97/108 175/96/108 177/85/108
f 173/97/109 177/85/109 178/87/109
f 174/88/110 173/97/110 178/87/110
f 506/95/111 175/96/111 500/94/111
f 496/98/103 499/93/103 500/94/103
f 495/99/112 496/98/112 500/94/112
f 495/99/112 500/94/112 176/100/112
f 176/100/111 500/94/111 175/96/111
f 176/100/113 175/96/113 171/101/113
f 171/101/113 175/96/113 173/97/113
f 171/101/114 173/97/114 170/102/114
f 170/102/114 173/97/114 174/88/114
f 170/102/115 174/88/115 156/103/115
f 155/78/115 156/103/115 174/88/115
f 156/103/116 155/78/116 154/104/116
f 170/102/117 156/103/117 169/105/117
f 171/101/118 170/102/118 169/105/118
f 172/106/118 171/101/118 169/105/118
f 172/106/119 176/100/119 171/101/119
f 495/99/119 176/100/119 172/106/119
f 424/107/120 426/108/120 169/105/120
f 426/108/121 172/106/121 169/105/121
f 426/108/122 483/109/122 172/106/122
f 483/109/122 495/99/122 172/106/122
f 483/109/123 484/110/123 495/99/123
f 145/111/124 144/112/124 146/113/124
f 149/114/125 145/111/125 146/113/125
f 148/115/126 145/111/126 149/114/126
f 148/115/127 149/114/127 153/116/127
f 148/115/128 153/116/128 154/104/128
f 154/104/129 153/116/129 161/117/129
f 161/117/130 156/103/130 154/104/130
f 156/103/130 161/117/130 167/118/130
f 167/118/117 169/105/117 156/103/117
f 424/107/131 169/105/131 167/118/131
f 152/119/127 153/116/127 149/114/127
f 168/120/132 424/107/132 167/118/132
f 168/120/133 167/118/133 166/121/133
f 166/121/133 167/118/133 161/117/133
f 166/121/134 161/117/134 163/122/134
f 163/122/134 161/117/134 160/123/134
f 160/123/129 161/117/129 153/116/129
f 153/116/135 159/124/135 160/123/135
f 152/119/135 159/124/135 153/116/135
f 152/119/136 151/125/136 159/124/136
f 149/114/137 151/125/137 152/119/137
f 150/126/137 151/125/137 149/114/137
f 146/113/138 150/126/138 149/114/138
f 164/127/136 159/124/136 151/125/136
f 165/128/139 159/124/139 164/127/139
f 162/129/139 159/124/139 165/128/139
f 162/129/140 160/123/140 159/124/140
f 163/122/141 160/123/141 162/129/141
f 107/130/142 106/131/142 112/132/142
f 120/59/143 122/133/143 134/134/143
f 117/60/144 122/133/144 120/59/144
f 117/60/145 118/135/145 122/133/145
f 95/61/74 118/135/74 117/60/74
f 119/136/146 118/135/146 95/61/146
f 119/136/146 95/61/146 97/137/146
f 107/130/147 119/136/147 97/137/147
f 107/130/147 97/137/147 100/138/147
f 100/138/148 106/131/148 107/130/148
f 100/138/148 105/139/148 106/131/148
f 100/138/149 97/137/149 99/140/149
f 101/141/150 85/142/150 104/143/150
f 101/141/151 104/143/151 102/144/151
f 103/145/151 102/144/151 104/143/151
f 99/140/152 102/144/152 103/145/152
f 99/140/152 98/146/152 102/144/152
f 99/140/149 97/137/149 98/146/149
f 98/146/153 97/137/153 93/147/153
f 95/61/153 93/147/153 97/137/153
f 95/61/154 94/64/154 93/147/154
f 96/54/154 94/64/154 95/61/154
f 94/64/155 89/74/155 93/147/155
f 93/147/156 89/74/156 92/148/156
f 93/147/157 92/148/157 98/146/157
f 102/144/157 98/146/157 92/148/157
f 186/72/158 184/80/158 182/149/158
f 186/72/159 182/149/159 90/73/159
f 182/149/159 88/150/159 90/73/159
f 90/73/160 88/150/160 89/74/160
f 88/150/160 87/151/160 89/74/160
f 89/74/161 87/151/161 92/148/161
f 92/148/162 87/151/162 91/152/162
f 92/148/163 91/152/163 102/144/163
f 101/141/163 102/144/163 91/152/163
f 182/149/164 179/153/164 88/150/164
f 88/150/165 65/154/165 87/151/165
f 179/153/164 65/154/164 88/150/164
f 65/154/166 179/153/166 63/155/166
f 190/156/166 63/155/166 179/153/166
f 179/153/167 200/157/167 190/156/167
f 200/157/168 199/158/168 190/156/168
f 201/159/169 199/158/169 200/157/169
f 201/159/170 32/160/170 199/158/170
f 33/161/171 32/160/171 201/159/171
f 32/160/172 33/161/172 27/162/172
f 180/86/158 182/149/158 184/80/158
f 182/149/173 180/86/173 179/153/173
f 181/84/173 179/153/173 180/86/173
f 181/84/167 200/157/167 179/153/167
f 507/82/96 200/157/96 181/84/96
f 507/82/169 201/159/169 200/157/169
f 504/163/174 201/159/174 507/82/174
f 504/163/175 33/161/175 201/159/175
f 502/164/176 33/161/176 504/163/176
f 33/161/177 502/164/177 29/165/177
f 12/166/178 22/167/178 11/168/178
f 11/168/179 22/167/179 23/169/179
f 22/167/180 29/165/180 23/169/180
f 30/170/180 23/169/180 29/165/180
f 29/165/181 497/92/181 30/170/181
f 502/164/181 497/92/181 29/165/181
f 502/164/101 501/90/101 497/92/101
f 504/163/176 501/90/176 502/164/176
f 501/90/100 504/163/100 505/81/100
f 505/81/174 504/163/174 507/82/174
f 33/161/177 29/165/177 27/162/177
f 29/165/182 22/167/182 27/162/182
f 20/171/182 27/162/182 22/167/182
f 22/167/178 12/166/178 20/171/178
f 32/160/170 198/172/170 199/158/170
f 32/160/183 28/173/183 198/172/183
f 27/162/172 28/173/172 32/160/172
f 28/173/184 27/162/184 21/174/184
f 20/171/184 21/174/184 27/162/184
f 21/174/185 20/171/185 13/175/185
f 12/166/186 13/175/186 20/171/186
f 13/175/187 12/166/187 4/176/187
f 1/177/187 4/176/187 12/166/187
f 12/166/188 11/168/188 1/177/188
f 6/178/188 1/177/188 11/168/188
f 28/173/183 34/179/183 198/172/183
f 34/179/189 28/173/189 26/180/189
f 26/180/190 28/173/190 21/174/190
f 26/180/191 21/174/191 19/181/191
f 19/181/192 21/174/192 13/175/192
f 19/181/193 13/175/193 15/182/193
f 15/182/193 13/175/193 4/176/193
f 15/182/194 4/176/194 14/183/194
f 14/183/195 4/176/195 3/184/195
f 4/176/196 1/177/196 3/184/196
f 16/185/197 15/182/197 14/183/197
f 35/186/198 26/180/198 19/181/198
f 36/187/198 26/180/198 35/186/198
f 34/179/199 26/180/199 36/187/199
f 197/188/199 34/179/199 36/187/199
f 34/179/200 197/188/200 195/189/200
f 197/188/201 196/190/201 195/189/201
f 193/191/201 195/189/201 196/190/201
f 196/190/202 192/192/202 193/191/202
f 72/193/202 193/191/202 192/192/202
f 192/192/203 75/194/203 72/193/203
f 67/195/204 68/196/204 72/193/204
f 193/191/204 72/193/204 68/196/204
f 68/196/205 194/197/205 193/191/205
f 195/189/205 193/191/205 194/197/205
f 194/197/206 198/172/206 195/189/206
f 198/172/200 34/179/200 195/189/200
f 87/151/207 66/198/207 91/152/207
f 65/154/165 66/198/165 87/151/165
f 65/154/208 64/199/208 66/198/208
f 65/154/208 63/155/208 64/199/208
f 64/199/209 63/155/209 67/195/209
f 68/196/209 67/195/209 63/155/209
f 63/155/210 190/156/210 68/196/210
f 194/197/210 68/196/210 190/156/210
f 199/158/168 194/197/168 190/156/168
f 199/158/206 198/172/206 194/197/206
f 72/193/203 75/194/203 71/200/203
f 72/193/211 71/200/211 67/195/211
f 69/201/212 67/195/212 71/200/212
f 64/199/213 67/195/213 69/201/213
f 64/199/214 69/201/214 70/202/214
f 64/199/215 70/202/215 66/198/215
f 86/203/216 66/198/216 70/202/216
f 66/198/217 86/203/217 91/152/217
f 86/203/218 85/142/218 91/152/218
f 101/141/218 91/152/218 85/142/218
f 86/203/219 70/202/219 85/142/219
f 82/204/220 81/205/220 85/142/220
f 82/204/219 85/142/219 70/202/219
f 70/202/221 74/206/221 82/204/221
f 69/201/221 74/206/221 70/202/221
f 69/201/222 73/207/222 74/206/222
f 71/200/222 73/207/222 69/201/222
f 73/207/223 71/200/223 61/208/223
f 75/194/223 61/208/223 71/200/223
f 61/208/224 75/194/224 62/209/224
f 43/210/224 62/209/224 75/194/224
f 55/211/225 191/212/225 57/213/225
f 55/211/226 51/214/226 191/212/226
f 51/214/226 62/209/226 191/212/226
f 62/209/227 51/214/227 61/208/227
f 53/215/227 61/208/227 51/214/227
f 53/215/228 76/216/228 61/208/228
f 73/207/228 61/208/228 76/216/228
f 76/216/229 78/217/229 73/207/229
f 74/206/229 73/207/229 78/217/229
f 74/206/230 78/217/230 82/204/230
f 82/204/230 78/217/230 81/205/230
f 58/218/231 55/211/231 57/213/231
f 56/219/232 55/211/232 58/218/232
f 56/219/233 51/214/233 55/211/233
f 52/220/233 51/214/233 56/219/233
f 53/215/234 51/214/234 52/220/234
f 54/221/234 53/215/234 52/220/234
f 53/215/235 54/221/235 77/222/235
f 76/216/236 53/215/236 77/222/236
f 76/216/237 77/222/237 79/223/237
f 78/217/238 76/216/238 79/223/238
f 79/223/239 80/224/239 78/217/239
f 81/205/240 78/217/240 80/224/240
f 80/224/241 83/225/241 81/205/241
f 105/139/242 100/138/242 108/226/242
f 99/140/243 108/226/243 100/138/243
f 108/226/244 99/140/244 109/227/244
f 103/145/245 109/227/245 99/140/245
f 109/227/246 103/145/246 110/228/246
f 104/143/247 110/228/247 103/145/247
f 110/228/248 104/143/248 83/225/248
f 84/229/248 83/225/248 104/143/248
f 84/229/241 81/205/241 83/225/241
f 84/229/220 85/142/220 81/205/220
f 84/229/150 104/143/150 85/142/150
f 2018/230/249 2021/231/249 2022/232/249
f 2017/233/249 2021/231/249 2018/230/249
f 2019/234/250 2017/233/250 2018/230/250
f 2020/235/250 2017/233/250 2019/234/250
f 2036/236/251 2020/235/251 2019/234/251
f 2035/237/251 2020/235/251 2036/236/251
f 2034/238/252 2035/237/252 2036/236/252
f 2033/239/252 2035/237/252 2034/238/252
f 2030/240/253 2033/239/253 2034/238/253
f 2032/241/253 2033/239/253 2030/240/253
f 2027/242/254 2021/231/254 2026/243/254
f 2017/233/254 2026/243/254 2021/231/254
f 2026/243/255 2017/233/255 2025/244/255
f 2020/235/255 2025/244/255 2017/233/255
f 2025/244/256 2020/235/256 2040/245/256
f 2035/237/256 2040/245/256 2020/235/256
f 2040/245/257 2035/237/257 2039/246/257
f 2033/239/257 2039/246/257 2035/237/257
f 2039/246/258 2033/239/258 2038/247/258
f 2032/241/258 2038/247/258 2033/239/258
f 2038/247/259 2032/241/259 2029/248/259
f 2032/241/260 2030/240/260 2029/248/260
f 2031/249/261 2029/248/261 2030/240/261
f 2030/240/262 1894/250/262 2031/249/262
f 1894/250/262 1895/251/262 2031/249/262
f 1895/251/263 1894/250/263 1885/252/263
f 1904/253/264 1895/251/264 1885/252/264
f 1904/253/265 1885/252/265 1905/254/265
f 1905/254/266 1903/255/266 1904/253/266
f 1905/254/267 1909/256/267 1903/255/267
f 1909/256/268 1905/254/268 1891/257/268
f 1882/258/269 1890/259/269 1891/257/269
f 1882/258/268 1891/257/268 1905/254/268
f 1882/258/265 1905/254/265 1885/252/265
f 1886/260/270 1888/261/270 1892/262/270
f 1892/262/271 1890/259/271 1886/260/271
f 1884/263/271 1886/260/271 1890/259/271
f 1884/263/269 1890/259/269 1882/258/269
f 1884/263/272 1882/258/272 1883/264/272
f 1885/252/272 1883/264/272 1882/258/272
f 1883/264/263 1885/252/263 1894/250/263
f 1883/264/273 1894/250/273 1887/265/273
f 1896/266/273 1887/265/273 1894/250/273
f 1887/265/274 1896/266/274 1889/267/274
f 1883/264/275 1886/260/275 1884/263/275
f 1887/265/275 1886/260/275 1883/264/275
f 1887/265/276 1888/261/276 1886/260/276
f 1889/267/276 1888/261/276 1887/265/276
f 1888/261/277 1889/267/277 1869/268/277
f 1867/269/277 1869/268/277 1889/267/277
f 1869/268/278 1867/269/278 1866/270/278
f 1868/271/278 1866/270/278 1867/269/278
f 1897/272/274 1889/267/274 1896/266/274
f 1889/267/279 1897/272/279 1867/269/279
f 1878/273/279 1867/269/279 1897/272/279
f 1867/269/280 1878/273/280 1868/271/280
f 1879/274/280 1868/271/280 1878/273/280
f 1880/275/281 1871/276/281 1879/274/281
f 1868/271/281 1879/274/281 1871/276/281
f 1871/276/282 1870/277/282 1868/271/282
f 1866/270/282 1868/271/282 1870/277/282
f 1866/270/283 1870/277/283 1875/278/283
f 1875/278/284 1874/279/284 1866/270/284
f 1869/268/284 1866/270/284 1874/279/284
f 1874/279/285 1893/280/285 1869/268/285
f 1888/261/285 1869/268/285 1893/280/285
f 1893/280/270 1892/262/270 1888/261/270
f 1876/281/283 1875/278/283 1870/277/283
f 2030/240/286 2034/238/286 1894/250/286
f 1896/266/286 1894/250/286 2034/238/286
f 2034/238/287 2036/236/287 1896/266/287
f 1897/272/287 1896/266/287 2036/236/287
f 2036/236/288 2019/234/288 1897/272/288
f 1878/273/288 1897/272/288 2019/234/288
f 2019/234/289 2018/230/289 1878/273/289
f 1879/274/289 1878/273/289 2018/230/289
f 2018/230/290 2022/232/290 1879/274/290
f 1880/275/290 1879/274/290 2022/232/290
f 1991/282/291 2011/283/291 1992/284/291
f 2012/285/291 1992/284/291 2011/283/291
f 2012/285/292 2016/286/292 1992/284/292
f 2016/286/293 2012/285/293 2010/287/293
f 2012/285/294 2011/283/294 2010/287/294
f 2009/288/294 2010/287/294 2011/283/294
f 2011/283/295 1865/289/295 2009/288/295
f 2011/283/296 1991/282/296 1865/289/296
f 1845/290/296 1865/289/296 1991/282/296
f 1845/290/297 1832/291/297 1865/289/297
f 1832/291/298 1845/290/298 1830/292/298
f 1832/291/299 1830/292/299 1831/293/299
f 1831/293/300 1830/292/300 1835/294/300
f 2010/287/301 2009/288/301 2007/295/301
f 2015/296/302 2010/287/302 2007/295/302
f 2015/296/293 2016/286/293 2010/287/293
f 2013/297/302 2015/296/302 2007/295/302
f 1833/298/299 1832/291/299 1831/293/299
f 1856/299/303 1832/291/303 1833/298/303
f 1856/299/297 1865/289/297 1832/291/297
f 1857/300/303 1856/299/303 1833/298/303
f 1831/293/304 1835/294/304 1841/301/304
f 1841/301/305 1840/302/305 1831/293/305
f 1833/298/305 1831/293/305 1840/302/305
f 1840/302/306 1861/303/306 1833/298/306
f 1857/300/306 1833/298/306 1861/303/306
f 1857/300/307 1861/303/307 1855/304/307
f 1857/300/308 1855/304/308 1856/299/308
f 1854/305/308 1856/299/308 1855/304/308
f 1854/305/309 1865/289/309 1856/299/309
f 1864/306/309 1865/289/309 1854/305/309
f 1850/307/310 1864/306/310 1854/305/310
f 1853/308/311 1851/309/311 1850/307/311
f 1850/307/312 1854/305/312 1853/308/312
f 1855/304/312 1853/308/312 1854/305/312
f 1853/308/313 1858/310/313 1851/309/313
f 1858/310/314 1853/308/314 1860/311/314
f 1855/304/314 1860/311/314 1853/308/314
f 1860/311/307 1855/304/307 1861/303/307
f 1852/312/311 1850/307/311 1851/309/311
f 1852/312/315 1862/313/315 1850/307/315
f 1862/313/310 1864/306/310 1850/307/310
f 1862/313/316 2005/314/316 1864/306/316
f 2005/314/317 1862/313/317 2008/315/317
f 2008/315/318 2006/316/318 2005/314/318
f 2006/316/319 2008/315/319 2024/317/319
f 2023/318/320 2024/317/320 2008/315/320
f 2024/317/321 2023/318/321 2021/319/321
f 2022/320/321 2021/319/321 2023/318/321
f 1864/306/295 2009/288/295 1865/289/295
f 2009/288/316 1864/306/316 2005/314/316
f 2005/314/301 2007/295/301 2009/288/301
f 2007/295/318 2005/314/318 2006/316/318
f 2013/297/322 2007/295/322 2006/316/322
f 2014/321/322 2013/297/322 2006/316/322
f 2014/321/323 2006/316/323 2024/317/323
f 2028/322/323 2014/321/323 2024/317/323
f 2028/322/324 2024/317/324 2021/319/324
f 2027/323/324 2028/322/324 2021/319/324
f 46/324/325 45/325/325 49/326/325
f 47/327/326 45/325/326 46/324/326
f 48/328/326 45/325/326 47/327/326
f 49/326/327 40/329/327 50/330/327
f 40/329/328 49/326/328 45/325/328
f 44/331/329 40/329/329 45/325/329
f 44/331/330 45/325/330 191/212/330
f 48/328/330 191/212/330 45/325/330
f 57/213/225 191/212/225 48/328/225
f 57/213/331 48/328/331 47/327/331
f 57/213/331 47/327/331 59/332/331
f 60/333/332 57/213/332 59/332/332
f 58/218/332 57/213/332 60/333/332
f 191/212/333 62/209/333 44/331/333
f 62/209/333 43/210/333 44/331/333
f 43/210/334 39/334/334 44/331/334
f 44/331/335 39/334/335 40/329/335
f 39/334/336 38/335/336 40/329/336
f 38/335/337 50/330/337 40/329/337
f 50/330/338 38/335/338 16/185/338
f 17/336/338 16/185/338 38/335/338
f 17/336/197 15/182/197 16/185/197
f 19/181/339 15/182/339 17/336/339
f 35/186/339 19/181/339 17/336/339
f 196/190/340 197/188/340 36/187/340
f 196/190/340 36/187/340 42/337/340
f 196/190/341 42/337/341 192/192/341
f 41/338/342 192/192/342 42/337/342
f 75/194/343 192/192/343 41/338/343
f 43/210/343 75/194/343 41/338/343
f 43/210/344 41/338/344 39/334/344
f 39/334/345 41/338/345 37/339/345
f 39/334/336 37/339/336 38/335/336
f 37/339/346 17/336/346 38/335/346
f 37/339/346 35/186/346 17/336/346
f 42/337/347 35/186/347 37/339/347
f 42/337/347 36/187/347 35/186/347
f 42/337/348 37/339/348 41/338/348
f 1988/340/349 1989/341/349 1980/342/349
f 1980/342/350 1978/343/350 1988/340/350
f 1987/344/350 1988/340/350 1978/343/350
f 1978/343/351 1838/345/351 1987/344/351
f 1849/346/351 1987/344/351 1838/345/351
f 1989/341/352 1974/347/352 1982/348/352
f 1982/348/349 1980/342/349 1989/341/349
f 1980/342/353 1982/348/353 1981/349/353
f 1981/349/354 1979/350/354 1980/342/354
f 1978/343/354 1980/342/354 1979/350/354
f 1979/350/355 1839/351/355 1978/343/355
f 1838/345/355 1978/343/355 1839/351/355
f 1836/352/356 1838/345/356 1839/351/356
f 1836/352/357 1848/353/357 1838/345/357
f 1849/346/357 1838/345/357 1848/353/357
f 1849/346/358 1848/353/358 1999/354/358
f 1849/346/359 1999/354/359 1987/344/359
f 1999/354/359 2101/355/359 1987/344/359
f 1987/344/360 2101/355/360 1988/340/360
f 2101/355/360 2103/356/360 1988/340/360
f 1988/340/361 2103/356/361 1989/341/361
f 2103/356/361 2105/357/361 1989/341/361
f 1848/353/362 1836/352/362 1847/358/362
f 1848/353/363 1847/358/363 1997/359/363
f 1997/359/358 1999/354/358 1848/353/358
f 1999/354/364 1997/359/364 1998/360/364
f 1999/354/365 1998/360/365 2101/355/365
f 2102/361/365 2101/355/365 1998/360/365
f 2101/355/366 2102/361/366 2103/356/366
f 2104/362/366 2103/356/366 2102/361/366
f 2103/356/367 2104/362/367 2105/357/367
f 2106/363/367 2105/357/367 2104/362/367
f 2106/363/368 2104/362/368 2109/364/368
f 2109/364/369 2098/365/369 2106/363/369
f 1995/366/363 1997/359/363 1847/358/363
f 1997/359/370 1995/366/370 1996/367/370
f 1996/367/364 1998/360/364 1997/359/364
f 1996/367/371 2003/368/371 1998/360/371
f 2004/369/371 1998/360/371 2003/368/371
f 2004/369/372 2107/370/372 1998/360/372
f 2102/361/372 1998/360/372 2107/370/372
f 2107/370/373 2108/371/373 2102/361/373
f 2104/362/373 2102/361/373 2108/371/373
f 2108/371/368 2109/364/368 2104/362/368
f 1994/372/374 1996/367/374 1995/366/374
f 1994/372/375 2002/373/375 1996/367/375
f 2003/368/375 1996/367/375 2002/373/375
f 2002/373/376 1994/372/376 2001/374/376
f 2001/374/377 1990/375/377 2000/376/377
f 1990/375/376 2001/374/376 1994/372/376
f 1990/375/378 1994/372/378 1993/377/378
f 1995/366/378 1993/377/378 1994/372/378
f 1993/377/379 1995/366/379 1846/378/379
f 1847/358/379 1846/378/379 1995/366/379
f 1847/358/380 1834/379/380 1846/378/380
f 1834/379/362 1847/358/362 1836/352/362
f 1834/379/381 1836/352/381 1837/380/381
f 1837/380/356 1836/352/356 1839/351/356
f 1835/294/381 1834/379/381 1837/380/381
f 1830/292/300 1834/379/300 1835/294/300
f 1830/292/380 1846/378/380 1834/379/380
f 1846/378/298 1830/292/298 1845/290/298
f 1846/378/382 1845/290/382 1993/377/382
f 1991/282/382 1993/377/382 1845/290/382
f 1993/377/383 1991/282/383 1990/375/383
f 1992/284/383 1990/375/383 1991/282/383
f 1992/284/377 2000/376/377 1990/375/377
f 2000/376/292 1992/284/292 2016/286/292
f 1985/381/384 1981/349/384 1986/382/384
f 1985/381/385 1979/350/385 1981/349/385
f 1984/383/385 1979/350/385 1985/381/385
f 1984/383/386 1839/351/386 1979/350/386
f 1844/384/386 1839/351/386 1984/383/386
f 1844/384/387 1843/385/387 1839/351/387
f 1837/380/387 1839/351/387 1843/385/387
f 1843/385/388 1842/386/388 1837/380/388
f 1835/294/388 1837/380/388 1842/386/388
f 1842/386/304 1841/301/304 1835/294/304
f 1951/387/389 1952/388/389 1950/389/389
f 1953/390/389 1950/389/389 1952/388/389
f 1952/388/390 1933/391/390 1953/390/390
f 1930/392/390 1953/390/390 1933/391/390
f 1939/393/391 1953/390/391 1930/392/391
f 1930/392/392 1938/394/392 1939/393/392
f 1956/395/393 1955/396/393 1950/389/393
f 1950/389/394 1957/397/394 1956/395/394
f 1957/397/394 1950/389/394 1953/390/394
f 1953/390/391 1939/393/391 1957/397/391
f 1961/398/395 1951/387/395 1960/399/395
f 1952/388/395 1951/387/395 1961/398/395
f 1942/400/396 1952/388/396 1961/398/396
f 1933/391/396 1952/388/396 1942/400/396
f 1943/401/397 1933/391/397 1942/400/397
f 1931/402/397 1933/391/397 1943/401/397
f 1933/391/398 1931/402/398 1930/392/398
f 1932/403/398 1930/392/398 1931/402/398
f 1938/394/392 1930/392/392 1932/403/392
f 1932/403/399 1940/404/399 1938/394/399
f 1935/405/400 1941/406/400 1940/404/400
f 1940/404/399 1932/403/399 1935/405/399
f 1935/405/401 1932/403/401 1934/407/401
f 1931/402/401 1934/407/401 1932/403/401
f 1934/407/402 1931/402/402 1944/408/402
f 1944/408/402 1931/402/402 1943/401/402
f 1944/408/403 1943/401/403 2066/409/403
f 2066/409/404 1943/401/404 2067/410/404
f 1942/400/404 2067/410/404 1943/401/404
f 2083/411/405 2067/410/405 1942/400/405
f 1914/412/406 1918/413/406 1923/414/406
f 1923/414/407 1922/415/407 1914/412/407
f 1915/416/407 1914/412/407 1922/415/407
f 1922/415/408 1941/406/408 1915/416/408
f 1937/417/408 1915/416/408 1941/406/408
f 1941/406/400 1935/405/400 1937/417/400
f 1937/417/409 1935/405/409 1936/418/409
f 1934/407/409 1936/418/409 1935/405/409
f 1936/418/410 1934/407/410 1945/419/410
f 1945/419/410 1934/407/410 1944/408/410
f 1936/418/411 1915/416/411 1937/417/411
f 1915/416/411 1936/418/411 1916/420/411
f 1916/420/412 1914/412/412 1915/416/412
f 1914/412/412 1916/420/412 1917/421/412
f 1917/421/413 1918/413/413 1914/412/413
f 1918/413/413 1917/421/413 1919/422/413
f 1919/422/414 1920/423/414 1918/413/414
f 1921/424/414 1920/423/414 1919/422/414
f 1921/424/415 1898/425/415 1920/423/415
f 1901/426/415 1898/425/415 1921/424/415
f 1921/424/416 1929/427/416 1901/426/416
f 1911/428/416 1901/426/416 1929/427/416
f 1929/427/417 1921/424/417 1928/429/417
f 1919/422/417 1928/429/417 1921/424/417
f 1928/429/418 1919/422/418 1927/430/418
f 1917/421/418 1927/430/418 1919/422/418
f 1927/430/419 1917/421/419 1926/431/419
f 1916/420/419 1926/431/419 1917/421/419
f 1926/431/420 1916/420/420 1945/419/420
f 1936/418/420 1945/419/420 1916/420/420
f 1926/431/421 1945/419/421 2054/432/421
f 2054/432/422 2053/433/422 1926/431/422
f 1927/430/422 1926/431/422 2053/433/422
f 2053/433/423 2057/434/423 1927/430/423
f 1928/429/423 1927/430/423 2057/434/423
f 2057/434/424 2059/435/424 1928/429/424
f 1929/427/424 1928/429/424 2059/435/424
f 2059/435/425 2044/436/425 1929/427/425
f 1911/428/425 1929/427/425 2044/436/425
f 1910/437/426 1911/428/426 2044/436/426
f 2041/438/426 1910/437/426 2044/436/426
f 2044/436/427 2042/439/427 2041/438/427
f 2042/439/428 2044/436/428 2059/435/428
f 2042/439/428 2059/435/428 2060/440/428
f 2060/440/429 2059/435/429 2057/434/429
f 2060/440/430 2057/434/430 2058/441/430
f 2058/441/431 2057/434/431 2053/433/431
f 2058/441/432 2053/433/432 2055/442/432
f 2055/442/433 2053/433/433 2054/432/433
f 2055/442/433 2054/432/433 2056/443/433
f 2056/443/434 2054/432/434 2071/444/434
f 2056/443/434 2071/444/434 2072/445/434
f 2055/442/435 2062/446/435 2058/441/435
f 2062/446/436 2055/442/436 2061/447/436
f 2056/443/436 2061/447/436 2055/442/436
f 2061/447/437 2056/443/437 2076/448/437
f 2072/445/437 2076/448/437 2056/443/437
f 2072/445/438 2070/449/438 2076/448/438
f 2072/445/439 2071/444/439 2070/449/439
f 2069/450/439 2070/449/439 2071/444/439
f 2069/450/440 2071/444/440 1945/419/440
f 2071/444/421 2054/432/421 1945/419/421
f 2070/449/441 2069/450/441 2068/451/441
f 2070/449/442 2068/451/442 2075/452/442
f 2070/449/438 2075/452/438 2076/448/438
f 2068/451/442 2074/453/442 2075/452/442
f 1945/419/440 1944/408/440 2069/450/440
f 2066/409/403 2069/450/403 1944/408/403
f 2066/409/441 2068/451/441 2069/450/441
f 2068/451/443 2066/409/443 2065/454/443
f 2068/451/444 2065/454/444 2074/453/444
f 2065/454/444 2073/455/444 2074/453/444
f 2065/454/445 2084/456/445 2073/455/445
f 2084/456/445 2088/457/445 2073/455/445
f 2084/456/446 2081/458/446 2088/457/446
f 2087/459/446 2088/457/446 2081/458/446
f 2067/410/443 2065/454/443 2066/409/443
f 2065/454/447 2067/410/447 2084/456/447
f 2083/411/447 2084/456/447 2067/410/447
f 2084/456/448 2083/411/448 2081/458/448
f 2082/460/448 2081/458/448 2083/411/448
f 2082/460/449 2080/461/449 2081/458/449
f 2080/461/450 2082/460/450 1959/462/450
f 1959/462/451 1958/463/451 2080/461/451
f 1959/462/452 1949/464/452 1958/463/452
f 1947/465/452 1958/463/452 1949/464/452
f 1942/400/405 1961/398/405 2083/411/405
f 2082/460/453 2083/411/453 1961/398/453
f 1961/398/453 1960/399/453 2082/460/453
f 1960/399/450 1959/462/450 2082/460/450
f 1960/399/454 1951/387/454 1959/462/454
f 1949/464/454 1959/462/454 1951/387/454
f 1950/389/455 1949/464/455 1951/387/455
f 1950/389/455 1948/466/455 1949/464/455
f 1948/466/393 1950/389/393 1955/396/393
f 1955/396/456 1954/467/456 1948/466/456
f 1948/466/457 1947/465/457 1949/464/457
f 1948/466/457 1946/468/457 1947/465/457
f 1946/468/456 1948/466/456 1954/467/456
f 1954/467/458 1973/469/458 1946/468/458
f 1968/470/458 1946/468/458 1973/469/458
f 1973/469/459 1972/471/459 1968/470/459
f 1966/472/459 1968/470/459 1972/471/459
f 1972/471/460 1970/473/460 1966/472/460
f 1965/474/460 1966/472/460 1970/473/460
f 1970/473/461 1963/475/461 1965/474/461
f 1966/472/462 1965/474/462 1962/476/462
f 1966/472/462 1962/476/462 1967/477/462
f 1968/470/463 1966/472/463 1967/477/463
f 1968/470/463 1967/477/463 1969/478/463
f 1946/468/464 1968/470/464 1969/478/464
f 1946/468/464 1969/478/464 1947/465/464
f 1971/479/461 1963/475/461 1970/473/461
f 1971/479/465 1983/480/465 1963/475/465
f 1963/475/466 1983/480/466 1964/481/466
f 1986/382/465 1983/480/465 1971/479/465
f 1965/474/467 1963/475/467 1962/476/467
f 1964/481/467 1962/476/467 1963/475/467
f 1964/481/468 1975/482/468 1962/476/468
f 1962/476/469 1975/482/469 1967/477/469
f 1976/483/469 1967/477/469 1975/482/469
f 1967/477/470 1976/483/470 1969/478/470
f 1977/484/470 1969/478/470 1976/483/470
f 1969/478/471 1977/484/471 1947/465/471
f 1958/463/471 1947/465/471 1977/484/471
f 1958/463/472 1977/484/472 2079/485/472
f 2079/485/451 2080/461/451 1958/463/451
f 2080/461/473 2079/485/473 2078/486/473
f 2080/461/449 2078/486/449 2081/458/449
f 2079/485/473 2077/487/473 2078/486/473
f 2079/485/474 2096/488/474 2077/487/474
f 2096/488/472 2079/485/472 1977/484/472
f 1977/484/475 1976/483/475 2096/488/475
f 2094/489/475 2096/488/475 1976/483/475
f 1976/483/476 1975/482/476 2094/489/476
f 2089/490/476 2094/489/476 1975/482/476
f 2094/489/477 2089/490/477 2093/491/477
f 2089/490/478 2091/492/478 2093/491/478
f 2096/488/474 2095/493/474 2077/487/474
f 2096/488/479 2094/489/479 2095/493/479
f 2094/489/479 2093/491/479 2095/493/479
f 2087/459/480 2081/458/480 2086/494/480
f 2078/486/480 2086/494/480 2081/458/480
f 2086/494/481 2078/486/481 2085/495/481
f 2077/487/481 2085/495/481 2078/486/481
f 2085/495/482 2077/487/482 2100/496/482
f 2095/493/482 2100/496/482 2077/487/482
f 2100/496/483 2095/493/483 2099/497/483
f 2093/491/483 2099/497/483 2095/493/483
f 2099/497/484 2093/491/484 2097/498/484
f 2091/492/484 2097/498/484 2093/491/484
f 2091/492/485 2090/499/485 2097/498/485
f 2091/492/486 2089/490/486 2090/499/486
f 2092/500/486 2090/499/486 2089/490/486
f 2092/500/487 2089/490/487 1975/482/487
f 2092/500/487 1975/482/487 1974/347/487
f 1975/482/468 1964/481/468 1974/347/468
f 1964/481/352 1982/348/352 1974/347/352
f 1982/348/466 1964/481/466 1983/480/466
f 1983/480/353 1981/349/353 1982/348/353
f 1986/382/384 1981/349/384 1983/480/384
f 1989/341/488 2105/357/488 1974/347/488
f 2105/357/488 2092/500/488 1974/347/488
f 2105/357/489 2106/363/489 2092/500/489
f 2090/499/489 2092/500/489 2106/363/489
f 2090/499/369 2106/363/369 2098/365/369
f 2098/365/485 2097/498/485 2090/499/485
f 1876/501/490 1870/502/490 1877/503/490
f 2023/318/491 1881/504/491 2022/320/491
f 1880/505/491 2022/320/491 1881/504/491
f 1880/505/492 1881/504/492 1871/506/492
f 1871/506/492 1881/504/492 1872/507/492
f 1871/506/493 1872/507/493 1870/502/493
f 1873/508/493 1870/502/493 1872/507/493
f 1873/508/490 1877/503/490 1870/502/490
f 1877/503/494 1873/508/494 1859/509/494
f 1851/309/494 1859/509/494 1873/508/494
f 1859/509/313 1851/309/313 1858/310/313
f 1852/312/495 1851/309/495 1873/508/495
f 1872/507/495 1852/312/495 1873/508/495
f 1872/507/496 1863/510/496 1852/312/496
f 1863/510/315 1862/313/315 1852/312/315
f 1863/510/317 2008/315/317 1862/313/317
f 2023/318/497 2008/315/497 1863/510/497
f 1863/510/497 1881/504/497 2023/318/497
f 1881/504/496 1863/510/496 1872/507/496
f 1579/511/498 1581/512/498 1580/513/498
f 1582/514/499 1580/513/499 1581/512/499
f 1581/512/500 1583/515/500 1582/514/500
f 1584/516/501 1582/514/501 1583/515/501
f 1567/517/502 1569/518/502 1572/519/502
f 1569/518/503 1571/520/503 1572/519/503
f 1571/520/504 1573/521/504 1572/519/504
f 1574/522/505 1572/519/505 1573/521/505
f 1573/521/506 1575/523/506 1574/522/506
f 1576/524/507 1574/522/507 1575/523/507
f 1575/523/508 1577/525/508 1576/524/508
f 1578/526/509 1576/524/509 1577/525/509
f 1577/525/510 1579/511/510 1578/526/510
f 1580/513/511 1578/526/511 1579/511/511
f 1584/527/512 1583/528/512 1585/529/512
f 1586/530/513 1585/529/513 1583/528/513
f 1586/530/514 1587/531/514 1585/529/514
f 1588/532/515 1585/529/515 1587/531/515
f 1587/531/516 1589/533/516 1588/532/516
f 1590/534/517 1588/532/517 1589/533/517
f 1589/533/518 1568/535/518 1590/534/518
f 1570/536/519 1590/534/519 1568/535/519
f 1570/536/520 1568/535/520 1567/517/520
f 1569/518/521 1567/517/521 1568/535/521
f 1820/537/522 880/538/522 1819/539/522
f 933/540/523 931/541/523 930/542/523
f 932/543/524 930/542/524 931/541/524
f 931/541/525 878/544/525 932/543/525
f 880/538/526 932/543/526 878/544/526
f 880/538/527 878/544/527 877/545/527
f 877/545/528 1819/539/528 880/538/528
f 1819/539/529 877/545/529 1817/546/529
f 1811/547/530 1819/539/530 1817/546/530
f 1811/547/531 1820/537/531 1819/539/531
f 1811/547/532 1822/548/532 1820/537/532
f 931/541/533 928/549/533 878/544/533
f 873/550/534 878/544/534 928/549/534
f 873/550/535 928/549/535 929/551/535
f 876/552/536 873/550/536 929/551/536
f 876/552/537 874/553/537 873/550/537
f 875/554/538 873/550/538 874/553/538
f 873/550/539 875/554/539 878/544/539
f 879/555/540 878/544/540 875/554/540
f 879/555/541 877/545/541 878/544/541
f 877/545/542 879/555/542 759/556/542
f 759/556/543 1817/546/543 877/545/543
f 1817/546/544 759/556/544 1818/557/544
f 705/558/545 707/559/545 1816/560/545
f 705/558/546 1816/560/546 1818/557/546
f 1818/557/547 758/561/547 705/558/547
f 758/561/548 1818/557/548 759/556/548
f 589/562/549 587/563/549 586/564/549
f 589/562/550 707/559/550 587/563/550
f 706/565/551 587/563/551 707/559/551
f 707/559/552 705/558/552 706/565/552
f 708/566/553 706/565/553 705/558/553
f 708/566/554 705/558/554 758/561/554
f 760/567/555 708/566/555 758/561/555
f 760/567/556 758/561/556 759/556/556
f 759/556/557 761/568/557 760/567/557
f 761/568/558 759/556/558 879/555/558
f 706/565/559 708/566/559 703/569/559
f 701/570/560 703/569/560 708/566/560
f 760/567/561 757/571/561 708/566/561
f 701/570/562 708/566/562 757/571/562
f 757/571/563 756/572/563 701/570/563
f 704/573/564 701/570/564 756/572/564
f 704/573/565 702/574/565 701/570/565
f 703/569/566 701/570/566 702/574/566
f 1564/575/567 1561/576/567 1563/577/567
f 1562/578/568 1563/577/568 1561/576/568
f 1562/578/569 1561/576/569 1560/579/569
f 1559/580/570 1560/579/570 1561/576/570
f 1550/581/571 1548/582/571 1549/583/571
f 1547/584/572 1549/583/572 1548/582/572
f 1543/585/573 1547/584/573 1548/582/573
f 1548/582/574 1546/586/574 1543/585/574
f 1546/586/575 1544/587/575 1543/585/575
f 1545/588/576 1543/585/576 1544/587/576
f 1544/587/577 1566/589/577 1545/588/577
f 1565/590/578 1545/588/578 1566/589/578
f 1566/589/579 1564/575/579 1565/590/579
f 1563/577/580 1565/590/580 1564/575/580
f 1560/591/581 1559/592/581 1557/593/581
f 1559/592/582 1558/594/582 1557/593/582
f 1558/594/583 1556/595/583 1557/593/583
f 1555/596/584 1557/593/584 1556/595/584
f 1556/595/585 1554/597/585 1555/596/585
f 1553/598/586 1555/596/586 1554/597/586
f 1554/597/587 1552/599/587 1553/598/587
f 1551/600/588 1553/598/588 1552/599/588
f 1552/599/589 1550/581/589 1551/600/589
f 1549/583/590 1551/600/590 1550/581/590
f 1207/601/591 1502/602/591 1501/603/591
f 1503/604/592 1501/603/592 1502/602/592
f 1501/603/593 1500/605/593 1207/601/593
f 1210/606/594 1207/601/594 1500/605/594
f 1208/607/595 1207/601/595 1210/606/595
f 1209/608/596 1207/601/596 1208/607/596
f 1209/608/597 1502/602/597 1207/601/597
f 1502/602/598 1209/608/598 1504/609/598
f 1209/608/599 1214/610/599 1504/609/599
f 1211/611/600 1504/609/600 1214/610/600
f 1214/610/601 1212/612/601 1211/611/601
f 1213/613/602 1211/611/602 1212/612/602
f 1212/612/603 1215/614/603 1213/613/603
f 1216/615/604 1213/613/604 1215/614/604
f 1215/614/605 1537/616/605 1216/615/605
f 1538/617/606 1216/615/606 1537/616/606
f 1251/618/607 1132/619/607 1225/620/607
f 1108/621/608 1225/620/608 1132/619/608
f 1248/622/609 1296/623/609 1244/624/609
f 1244/624/610 1245/625/610 1248/622/610
f 1249/626/610 1248/622/610 1245/625/610
f 1245/625/611 1246/627/611 1249/626/611
f 1250/628/612 1249/626/612 1246/627/612
f 1246/627/613 1247/629/613 1250/628/613
f 1251/618/614 1250/628/614 1247/629/614
f 1251/618/615 1247/629/615 1132/619/615
f 1128/630/616 1132/619/616 1247/629/616
f 1128/630/617 1129/631/617 1132/619/617
f 1240/632/618 1241/633/618 1244/624/618
f 1245/625/618 1244/624/618 1241/633/618
f 1245/625/619 1241/633/619 1246/627/619
f 1128/630/620 1247/629/620 1124/634/620
f 1243/635/621 1124/634/621 1247/629/621
f 1247/629/622 1246/627/622 1243/635/622
f 1242/636/623 1243/635/623 1246/627/623
f 1242/636/624 1246/627/624 1241/633/624
f 1241/633/625 1236/637/625 1242/636/625
f 1241/633/626 1240/632/626 1236/637/626
f 1237/638/626 1236/637/626 1240/632/626
f 1240/632/627 1290/639/627 1237/638/627
f 1240/632/628 1244/624/628 1290/639/628
f 1234/640/629 1235/641/629 1112/642/629
f 1235/641/630 1234/640/630 1232/643/630
f 1232/643/630 1234/640/630 1233/644/630
f 1233/644/631 1230/645/631 1232/643/631
f 1230/645/632 1233/644/632 1236/637/632
f 1236/637/633 1228/646/633 1230/645/633
f 1237/638/633 1228/646/633 1236/637/633
f 1228/646/634 1237/638/634 1284/647/634
f 1287/648/634 1284/647/634 1237/638/634
f 1287/648/635 1282/649/635 1284/647/635
f 1229/650/631 1232/643/631 1230/645/631
f 1230/645/636 1228/646/636 1229/650/636
f 1231/651/636 1229/650/636 1228/646/636
f 1231/651/637 1228/646/637 1283/652/637
f 1284/647/637 1283/652/637 1228/646/637
f 1284/647/638 1282/649/638 1283/652/638
f 1281/653/638 1283/652/638 1282/649/638
f 1282/649/639 1280/654/639 1281/653/639
f 1279/655/639 1281/653/639 1280/654/639
f 1280/654/640 538/656/640 1279/655/640
f 1286/657/635 1282/649/635 1287/648/635
f 1286/657/641 1280/654/641 1282/649/641
f 1285/658/641 1280/654/641 1286/657/641
f 1285/658/642 538/656/642 1280/654/642
f 543/659/642 538/656/642 1285/658/642
f 543/659/643 542/660/643 538/656/643
f 548/661/644 542/660/644 543/659/644
f 547/662/644 542/660/644 548/661/644
f 547/662/645 548/661/645 552/663/645
f 552/663/646 551/664/646 547/662/646
f 1286/657/647 1287/648/647 1289/665/647
f 1289/665/648 1288/666/648 1286/657/648
f 1285/658/648 1286/657/648 1288/666/648
f 1288/666/649 548/661/649 1285/658/649
f 543/659/649 1285/658/649 548/661/649
f 1287/648/627 1237/638/627 1290/639/627
f 1290/639/647 1289/665/647 1287/648/647
f 1293/667/650 1289/665/650 1290/639/650
f 1292/668/651 1289/665/651 1293/667/651
f 1292/668/652 1288/666/652 1289/665/652
f 1291/669/653 1288/666/653 1292/668/653
f 1291/669/654 548/661/654 1288/666/654
f 553/670/655 548/661/655 1291/669/655
f 553/670/656 552/663/656 548/661/656
f 553/670/657 558/671/657 552/663/657
f 557/672/658 552/663/658 558/671/658
f 557/672/659 558/671/659 523/673/659
f 558/671/660 553/670/660 1291/669/660
f 556/674/661 552/663/661 557/672/661
f 1293/667/628 1290/639/628 1244/624/628
f 1293/667/662 1244/624/662 1296/623/662
f 1293/667/663 1296/623/663 1292/668/663
f 1295/675/664 1292/668/664 1296/623/664
f 1292/668/665 1295/675/665 1291/669/665
f 1294/676/666 1291/669/666 1295/675/666
f 558/671/667 1291/669/667 1294/676/667
f 1294/676/668 1277/677/668 558/671/668
f 526/678/669 558/671/669 1277/677/669
f 526/678/670 523/673/670 558/671/670
f 526/678/671 524/679/671 523/673/671
f 525/680/672 523/673/672 524/679/672
f 524/679/673 527/681/673 525/680/673
f 528/682/674 525/680/674 527/681/674
f 1314/683/675 528/682/675 527/681/675
f 1377/684/676 528/682/676 1314/683/676
f 1377/684/677 1314/683/677 1313/685/677
f 1418/686/678 1377/684/678 1313/685/678
f 1313/685/679 1417/687/679 1418/686/679
f 1419/688/680 1418/686/680 1417/687/680
f 1315/689/681 1507/690/681 1417/687/681
f 1417/687/682 1313/685/682 1315/689/682
f 1315/689/683 1313/685/683 1312/691/683
f 1314/683/684 1312/691/684 1313/685/684
f 1312/691/685 1314/683/685 1278/692/685
f 527/681/686 1278/692/686 1314/683/686
f 1276/693/687 1278/692/687 527/681/687
f 527/681/688 524/679/688 1276/693/688
f 1277/677/689 1276/693/689 524/679/689
f 524/679/690 526/678/690 1277/677/690
f 998/694/691 1401/695/691 996/696/691
f 1019/697/692 996/696/692 1401/695/692
f 996/696/693 1019/697/693 1015/698/693
f 996/696/694 1015/698/694 999/699/694
f 999/699/695 997/700/695 996/696/695
f 998/694/696 996/696/696 997/700/696
f 997/700/697 986/701/697 998/694/697
f 985/702/698 998/694/698 986/701/698
f 985/702/699 1401/695/699 998/694/699
f 985/702/700 1398/703/700 1401/695/700
f 1016/704/701 999/699/701 1015/698/701
f 986/701/702 984/705/702 985/702/702
f 985/702/703 984/705/703 1398/703/703
f 1399/706/704 1398/703/704 984/705/704
f 1399/706/705 984/705/705 988/707/705
f 1009/708/706 1399/706/706 988/707/706
f 1009/708/707 988/707/707 1005/709/707
f 1007/710/708 1009/708/708 1005/709/708
f 1009/708/709 1007/710/709 1008/711/709
f 1010/712/710 1008/711/710 1007/710/710
f 1010/712/711 1011/713/711 1008/711/711
f 987/714/712 984/705/712 986/701/712
f 987/714/713 988/707/713 984/705/713
f 989/715/714 988/707/714 987/714/714
f 1005/709/715 988/707/715 989/715/715
f 1005/709/716 989/715/716 1006/716/716
f 1012/717/717 1008/711/717 1011/713/717
f 1012/717/718 1011/713/718 995/718/718
f 1012/717/719 995/718/719 1396/719/719
f 993/720/720 1396/719/720 995/718/720
f 993/720/721 991/721/721 1396/719/721
f 993/720/722 992/722/722 991/721/722
f 992/722/723 990/723/723 991/721/723
f 1004/724/724 990/723/724 992/722/724
f 1004/724/725 1002/725/725 990/723/725
f 1004/724/726 1000/726/726 1002/725/726
f 1397/727/727 1396/719/727 991/721/727
f 1400/728/728 1397/727/728 1001/729/728
f 991/721/729 1001/729/729 1397/727/729
f 1001/729/730 991/721/730 1002/725/730
f 990/723/731 1002/725/731 991/721/731
f 1014/730/732 995/718/732 1011/713/732
f 995/718/733 1014/730/733 1013/731/733
f 1013/731/734 994/732/734 995/718/734
f 995/718/735 994/732/735 993/720/735
f 992/722/736 993/720/736 994/732/736
f 1004/724/737 992/722/737 994/732/737
f 1468/733/738 1004/724/738 994/732/738
f 1468/733/739 1469/734/739 1004/724/739
f 1470/735/740 1004/724/740 1469/734/740
f 1470/735/741 1472/736/741 1004/724/741
f 994/732/742 1013/731/742 1468/733/742
f 1471/737/743 1004/724/743 1472/736/743
f 1004/724/744 1471/737/744 1000/726/744
f 1023/738/745 1000/726/745 1471/737/745
f 1000/726/746 1023/738/746 1003/739/746
f 1024/740/747 1003/739/747 1023/738/747
f 1003/739/748 1024/740/748 1022/741/748
f 1002/725/749 1000/726/749 1001/729/749
f 1003/739/750 1001/729/750 1000/726/750
f 1001/729/751 1003/739/751 1400/728/751
f 1021/742/752 1400/728/752 1003/739/752
f 1021/742/753 1003/739/753 1022/741/753
f 1017/743/754 1021/742/754 1022/741/754
f 1020/744/755 1017/743/755 1022/741/755
f 1020/744/756 1018/745/756 1017/743/756
f 1019/697/757 1017/743/757 1018/745/757
f 1018/745/758 1015/698/758 1019/697/758
f 1811/547/759 1809/746/759 1810/747/759
f 1811/547/760 1810/747/760 1829/748/760
f 1810/747/761 522/749/761 1829/748/761
f 1809/746/762 522/749/762 1810/747/762
f 1809/746/763 520/750/763 522/749/763
f 1812/751/764 520/750/764 1809/746/764
f 1811/547/765 1812/751/765 1809/746/765
f 1811/547/766 1814/752/766 1812/751/766
f 1811/547/767 1813/753/767 1814/752/767
f 1811/547/768 1815/754/768 1813/753/768
f 1812/751/769 519/755/769 520/750/769
f 519/755/770 518/756/770 520/750/770
f 520/750/771 518/756/771 521/757/771
f 520/750/772 521/757/772 522/749/772
f 522/749/773 521/757/773 1275/758/773
f 1275/758/774 1829/748/774 522/749/774
f 1829/748/775 1275/758/775 1828/759/775
f 1811/547/776 1829/748/776 1828/759/776
f 1811/547/777 1828/759/777 1827/760/777
f 1811/547/778 1827/760/778 1825/761/778
f 521/757/779 1274/762/779 1275/758/779
f 1826/763/780 1825/761/780 1102/764/780
f 1811/547/781 1825/761/781 1826/763/781
f 1811/547/782 1826/763/782 1824/765/782
f 1811/547/783 1824/765/783 1823/766/783
f 1811/547/784 1823/766/784 1821/767/784
f 1811/547/785 1821/767/785 1822/548/785
f 1820/537/786 1822/548/786 880/538/786
f 932/543/787 880/538/787 1822/548/787
f 1822/548/788 1821/767/788 932/543/788
f 930/542/789 932/543/789 1821/767/789
f 930/542/790 1821/767/790 1823/766/790
f 1823/766/791 1050/768/791 930/542/791
f 1050/768/792 1823/766/792 1051/769/792
f 1824/765/793 1051/769/793 1823/766/793
f 1051/769/794 1824/765/794 1102/764/794
f 1826/763/795 1102/764/795 1824/765/795
f 1825/761/796 1827/760/796 1103/770/796
f 1102/764/797 1825/761/797 1103/770/797
f 1104/771/798 1102/764/798 1103/770/798
f 1102/764/799 1104/771/799 1105/772/799
f 1102/764/800 1105/772/800 1051/769/800
f 1049/773/801 1051/769/801 1105/772/801
f 1051/769/802 1049/773/802 1050/768/802
f 1052/774/803 1050/768/803 1049/773/803
f 1050/768/804 1052/774/804 930/542/804
f 933/540/805 930/542/805 1052/774/805
f 1052/774/806 1049/773/806 1047/775/806
f 1045/776/807 1047/775/807 1049/773/807
f 1105/772/808 1101/777/808 1049/773/808
f 1045/776/809 1049/773/809 1101/777/809
f 1045/776/810 1101/777/810 1100/778/810
f 1100/778/811 1048/779/811 1045/776/811
f 1048/779/812 1046/780/812 1045/776/812
f 1047/775/813 1045/776/813 1046/780/813
f 1780/781/814 1807/782/814 1786/783/814
f 1780/781/814 1786/783/814 1747/784/814
f 1780/781/814 1747/784/814 1744/785/814
f 1747/784/814 1746/786/814 1744/785/814
f 1747/784/814 1786/783/814 1746/786/814
f 1785/787/814 1746/786/814 1786/783/814
f 1786/783/814 1672/788/814 1785/787/814
f 1807/782/814 1672/788/814 1786/783/814
f 1807/782/814 1737/789/814 1672/788/814
f 1781/790/815 1780/781/815 1744/785/815
f 1781/790/816 1808/791/816 1780/781/816
f 1807/782/817 1780/781/817 1808/791/817
f 1808/791/818 1740/792/818 1807/782/818
f 1737/789/819 1807/782/819 1740/792/819
f 1737/789/820 1740/792/820 1739/793/820
f 1739/793/821 1738/794/821 1737/789/821
f 1738/794/822 1671/795/822 1737/789/822
f 1672/788/822 1737/789/822 1671/795/822
f 1672/788/823 1671/795/823 1669/796/823
f 1668/797/824 1667/798/824 1666/799/824
f 1668/797/825 1669/796/825 1667/798/825
f 1670/800/826 1667/798/826 1669/796/826
f 1670/800/823 1669/796/823 1671/795/823
f 1669/796/814 1785/787/814 1672/788/814
f 1785/787/827 1669/796/827 1668/797/827
f 1668/797/828 1784/801/828 1785/787/828
f 1746/786/829 1785/787/829 1784/801/829
f 1784/801/830 1745/802/830 1746/786/830
f 1746/786/831 1745/802/831 1744/785/831
f 1745/802/832 1743/803/832 1744/785/832
f 1752/804/833 1744/785/833 1743/803/833
f 1752/804/834 1751/805/834 1744/785/834
f 1751/805/835 1750/806/835 1744/785/835
f 1735/807/814 1805/808/814 1723/809/814
f 1735/807/836 1733/810/836 1805/808/836
f 1806/811/837 1805/808/837 1733/810/837
f 1805/808/838 1806/811/838 1779/812/838
f 1778/813/839 1779/812/839 1806/811/839
f 1779/812/840 1778/813/840 1744/785/840
f 1778/813/841 1777/814/841 1744/785/841
f 1783/815/842 1744/785/842 1777/814/842
f 1783/815/843 1782/816/843 1744/785/843
f 1782/816/844 1781/790/844 1744/785/844
f 1798/817/814 1708/818/814 1719/819/814
f 1798/817/814 1719/819/814 1800/820/814
f 1800/820/814 1771/821/814 1798/817/814
f 1771/821/845 1800/820/845 1801/822/845
f 1771/821/846 1801/822/846 1770/823/846
f 1771/821/847 1770/823/847 1744/785/847
f 1770/823/848 1769/824/848 1744/785/848
f 1776/825/849 1744/785/849 1769/824/849
f 1776/825/850 1775/826/850 1744/785/850
f 1775/826/851 1774/827/851 1744/785/851
f 1764/828/814 1798/817/814 1771/821/814
f 1771/821/814 1744/785/814 1764/828/814
f 1765/829/814 1764/828/814 1744/785/814
f 1764/828/814 1765/829/814 1798/817/814
f 1765/829/814 1797/830/814 1798/817/814
f 1798/817/814 1797/830/814 1708/818/814
f 1797/830/814 1706/831/814 1708/818/814
f 1765/829/852 1744/785/852 1766/832/852
f 1766/832/853 1799/833/853 1765/829/853
f 1797/830/854 1765/829/854 1799/833/854
f 1799/833/855 1709/834/855 1797/830/855
f 1706/831/856 1797/830/856 1709/834/856
f 1706/831/857 1709/834/857 1710/835/857
f 1706/831/858 1710/835/858 1707/836/858
f 1707/836/859 1705/837/859 1706/831/859
f 1708/818/859 1706/831/859 1705/837/859
f 1708/818/860 1705/837/860 1719/819/860
f 1720/838/861 1717/839/861 1719/819/861
f 1705/837/860 1720/838/860 1719/819/860
f 1703/840/814 1795/841/814 1692/842/814
f 1703/840/862 1702/843/862 1795/841/862
f 1796/844/863 1795/841/863 1702/843/863
f 1795/841/864 1796/844/864 1762/845/864
f 1761/846/865 1762/845/865 1796/844/865
f 1762/845/866 1761/846/866 1744/785/866
f 1761/846/867 1760/847/867 1744/785/867
f 1768/848/868 1744/785/868 1760/847/868
f 1768/848/869 1767/849/869 1744/785/869
f 1767/849/870 1766/832/870 1744/785/870
f 1788/850/814 1787/851/814 1675/852/814
f 1788/850/814 1675/852/814 1790/853/814
f 1790/853/814 1755/854/814 1788/850/814
f 1791/855/871 1755/854/871 1790/853/871
f 1754/856/872 1755/854/872 1791/855/872
f 1755/854/873 1754/856/873 1744/785/873
f 1754/856/874 1753/857/874 1744/785/874
f 1759/858/875 1744/785/875 1753/857/875
f 1759/858/876 1758/859/876 1744/785/876
f 1758/859/877 1757/860/877 1744/785/877
f 1687/861/814 1790/853/814 1675/852/814
f 1686/862/878 1790/853/878 1687/861/878
f 1791/855/879 1790/853/879 1686/862/879
f 1694/863/880 1695/864/880 1693/865/880
f 1696/866/881 1693/865/881 1695/864/881
f 1695/864/882 1682/867/882 1696/866/882
f 1681/868/883 1696/866/883 1682/867/883
f 1683/869/884 1681/868/884 1682/867/884
f 1684/870/885 1683/869/885 1682/867/885
f 1685/871/886 1683/869/886 1684/870/886
f 1684/870/887 1686/862/887 1685/871/887
f 1686/862/888 1687/861/888 1685/871/888
f 1688/872/889 1685/871/889 1687/861/889
f 1687/861/890 1674/873/890 1688/872/890
f 1687/861/890 1675/852/890 1674/873/890
f 1675/852/891 1673/874/891 1674/873/891
f 1676/875/891 1674/873/891 1673/874/891
f 1676/875/892 1673/874/892 1678/876/892
f 1664/877/893 1666/799/893 1667/798/893
f 1666/799/894 1664/877/894 1663/878/894
f 1665/879/895 1663/878/895 1664/877/895
f 1665/879/896 1680/880/896 1663/878/896
f 1679/881/897 1663/878/897 1680/880/897
f 1680/880/898 1678/876/898 1679/881/898
f 1677/882/899 1679/881/899 1678/876/899
f 1673/874/900 1677/882/900 1678/876/900
f 1673/874/901 1787/851/901 1677/882/901
f 1673/874/814 1675/852/814 1787/851/814
f 1750/806/902 1749/883/902 1744/785/902
f 1750/806/903 1789/884/903 1749/883/903
f 1787/851/904 1749/883/904 1789/884/904
f 1789/884/905 1677/882/905 1787/851/905
f 1749/883/814 1748/885/814 1744/785/814
f 1755/854/814 1744/785/814 1748/885/814
f 1748/885/814 1788/850/814 1755/854/814
f 1748/885/814 1749/883/814 1788/850/814
f 1787/851/814 1788/850/814 1749/883/814
f 1779/812/814 1744/785/814 1772/886/814
f 1773/887/814 1772/886/814 1744/785/814
f 1772/886/814 1773/887/814 1803/888/814
f 1802/889/814 1803/888/814 1773/887/814
f 1803/888/814 1802/889/814 1723/809/814
f 1721/890/814 1723/809/814 1802/889/814
f 1803/888/814 1723/809/814 1805/808/814
f 1805/808/814 1779/812/814 1803/888/814
f 1772/886/814 1803/888/814 1779/812/814
f 1774/827/906 1773/887/906 1744/785/906
f 1774/827/907 1804/891/907 1773/887/907
f 1802/889/908 1773/887/908 1804/891/908
f 1804/891/909 1726/892/909 1802/889/909
f 1721/890/910 1802/889/910 1726/892/910
f 1726/892/911 1725/893/911 1721/890/911
f 1724/894/912 1721/890/912 1725/893/912
f 1724/894/913 1722/895/913 1721/890/913
f 1723/809/913 1721/890/913 1722/895/913
f 1723/809/914 1722/895/914 1735/807/914
f 1736/896/914 1735/807/914 1722/895/914
f 1736/896/915 1734/897/915 1735/807/915
f 1733/810/916 1735/807/916 1734/897/916
f 1729/898/917 1733/810/917 1734/897/917
f 1729/898/918 1734/897/918 1730/899/918
f 1731/900/919 1729/898/919 1730/899/919
f 1731/900/920 1730/899/920 1732/901/920
f 1732/901/921 1742/902/921 1731/900/921
f 1741/903/922 1731/900/922 1742/902/922
f 1742/902/923 1739/793/923 1741/903/923
f 1740/792/924 1741/903/924 1739/793/924
f 1519/904/925 1368/905/925 1520/906/925
f 1521/907/926 1519/904/926 1520/906/926
f 1519/904/927 1518/908/927 1368/905/927
f 1518/908/928 1370/909/928 1368/905/928
f 1368/905/929 1370/909/929 1369/910/929
f 1369/910/930 1367/911/930 1368/905/930
f 1520/906/931 1368/905/931 1367/911/931
f 1367/911/932 1522/912/932 1520/906/932
f 1367/911/933 1373/913/933 1522/912/933
f 1372/914/934 1522/912/934 1373/913/934
f 1373/913/935 1371/915/935 1372/914/935
f 1374/916/936 1372/914/936 1371/915/936
f 1371/915/937 1375/917/937 1374/916/937
f 1376/918/938 1374/916/938 1375/917/938
f 1375/917/939 1541/919/939 1376/918/939
f 1542/920/940 1376/918/940 1541/919/940
f 1514/921/941 1358/922/941 1513/923/941
f 1360/924/942 1513/923/942 1358/922/942
f 1513/923/943 1360/924/943 1515/925/943
f 1516/926/944 1515/925/944 1360/924/944
f 1516/926/945 1360/924/945 1517/927/945
f 1357/928/946 1517/927/946 1360/924/946
f 1540/929/947 1539/930/947 1366/931/947
f 1365/932/948 1366/931/948 1539/930/948
f 1366/931/949 1365/932/949 1363/933/949
f 1361/934/950 1363/933/950 1365/932/950
f 1363/933/951 1361/934/951 1362/935/951
f 1364/936/952 1362/935/952 1361/934/952
f 1359/937/953 1362/935/953 1364/936/953
f 1359/937/954 1364/936/954 1357/928/954
f 1359/937/955 1357/928/955 1358/922/955
f 1360/924/956 1358/922/956 1357/928/956
f 1391/938/957 817/939/957 838/940/957
f 815/941/958 817/939/958 1391/938/958
f 1391/938/959 1390/942/959 815/941/959
f 813/943/960 815/941/960 1390/942/960
f 1390/942/961 1393/944/961 813/943/961
f 825/945/962 813/943/962 1393/944/962
f 826/946/963 825/945/963 1393/944/963
f 848/947/964 826/946/964 1393/944/964
f 847/948/965 845/949/965 846/950/965
f 848/947/966 846/950/966 845/949/966
f 845/949/967 843/951/967 848/947/967
f 843/951/968 826/946/968 848/947/968
f 826/946/969 843/951/969 827/952/969
f 827/952/970 824/953/970 826/946/970
f 826/946/971 824/953/971 825/945/971
f 824/953/972 814/954/972 825/945/972
f 813/943/973 825/945/973 814/954/973
f 814/954/974 812/955/974 813/943/974
f 844/956/975 827/952/975 843/951/975
f 815/941/976 813/943/976 812/955/976
f 812/955/977 816/957/977 815/941/977
f 817/939/978 815/941/978 816/957/978
f 817/939/979 816/957/979 833/958/979
f 817/939/980 833/958/980 838/940/980
f 838/940/981 833/958/981 836/959/981
f 838/940/982 836/959/982 835/960/982
f 837/961/983 835/960/983 836/959/983
f 837/961/984 839/962/984 835/960/984
f 840/963/985 835/960/985 839/962/985
f 834/964/986 833/958/986 816/957/986
f 840/963/987 839/962/987 822/965/987
f 1388/966/988 840/963/988 822/965/988
f 1388/966/989 822/965/989 818/967/989
f 818/967/990 820/968/990 1388/966/990
f 820/968/991 818/967/991 819/969/991
f 821/970/992 819/969/992 818/967/992
f 832/971/993 819/969/993 821/970/993
f 832/971/994 821/970/994 823/972/994
f 1446/973/995 832/971/995 823/972/995
f 842/974/996 1446/973/996 823/972/996
f 822/965/997 842/974/997 823/972/997
f 822/965/998 841/975/998 842/974/998
f 841/975/999 822/965/999 839/962/999
f 823/972/1000 821/970/1000 822/965/1000
f 818/967/1001 822/965/1001 821/970/1001
f 1446/973/1002 1447/976/1002 832/971/1002
f 1448/977/1003 832/971/1003 1447/976/1003
f 832/971/1004 1448/977/1004 1450/978/1004
f 1450/978/1005 1449/979/1005 832/971/1005
f 832/971/1006 1449/979/1006 829/980/1006
f 832/971/1007 829/980/1007 831/981/1007
f 831/981/1008 829/980/1008 828/982/1008
f 830/983/1009 828/982/1009 829/980/1009
f 829/980/1010 851/984/1010 830/983/1010
f 852/985/1011 830/983/1011 851/984/1011
f 852/985/1012 849/986/1012 830/983/1012
f 851/984/1013 829/980/1013 1449/979/1013
f 832/971/1014 831/981/1014 819/969/1014
f 819/969/1015 831/981/1015 820/968/1015
f 828/982/1016 820/968/1016 831/981/1016
f 820/968/1017 828/982/1017 1389/987/1017
f 1392/988/1018 1389/987/1018 828/982/1018
f 828/982/1019 830/983/1019 1392/988/1019
f 850/989/1020 1392/988/1020 830/983/1020
f 830/983/1021 849/986/1021 850/989/1021
f 849/986/1022 846/950/1022 850/989/1022
f 849/986/1023 847/948/1023 846/950/1023
f 1389/987/1024 1388/966/1024 820/968/1024
f 735/990/1025 616/991/1025 709/992/1025
f 593/993/1026 709/992/1026 616/991/1026
f 609/994/1027 608/995/1027 604/996/1027
f 609/994/1028 612/997/1028 608/995/1028
f 613/998/1029 608/995/1029 612/997/1029
f 613/998/1030 612/997/1030 616/991/1030
f 613/998/1031 616/991/1031 731/999/1031
f 735/990/1032 731/999/1032 616/991/1032
f 735/990/1033 734/1000/1033 731/999/1033
f 730/1001/1034 731/999/1034 734/1000/1034
f 734/1000/1035 732/1002/1035 730/1001/1035
f 729/1003/1036 730/1001/1036 732/1002/1036
f 729/1003/1037 728/1004/1037 725/1005/1037
f 725/1005/1038 726/1006/1038 729/1003/1038
f 730/1001/1038 729/1003/1038 726/1006/1038
f 730/1001/1039 726/1006/1039 731/999/1039
f 727/1007/1040 731/999/1040 726/1006/1040
f 731/999/1041 727/1007/1041 613/998/1041
f 608/995/1042 613/998/1042 727/1007/1042
f 608/995/1043 727/1007/1043 605/1008/1043
f 605/1008/1027 604/996/1027 608/995/1027
f 605/1008/1044 596/1009/1044 604/996/1044
f 723/1010/1043 605/1008/1043 727/1007/1043
f 727/1007/1045 726/1006/1045 723/1010/1045
f 722/1011/1045 723/1010/1045 726/1006/1045
f 596/1009/1046 605/1008/1046 718/1012/1046
f 723/1010/1046 718/1012/1046 605/1008/1046
f 718/1012/1047 723/1010/1047 717/1013/1047
f 722/1011/1047 717/1013/1047 723/1010/1047
f 722/1011/1048 721/1014/1048 717/1013/1048
f 722/1011/1049 726/1006/1049 721/1014/1049
f 725/1005/1049 721/1014/1049 726/1006/1049
f 725/1005/1050 724/1015/1050 721/1014/1050
f 719/1016/1051 718/1012/1051 716/1017/1051
f 717/1013/1051 716/1017/1051 718/1012/1051
f 717/1013/1052 715/1018/1052 716/1017/1052
f 715/1018/1048 717/1013/1048 721/1014/1048
f 721/1014/1053 720/1019/1053 715/1018/1053
f 720/1019/1050 721/1014/1050 724/1015/1050
f 720/1019/1054 724/1015/1054 783/1020/1054
f 787/1021/1055 783/1020/1055 724/1015/1055
f 724/1015/1055 728/1004/1055 787/1021/1055
f 724/1015/1037 725/1005/1037 728/1004/1037
f 712/1022/1052 716/1017/1052 715/1018/1052
f 783/1020/1054 779/1023/1054 720/1019/1054
f 713/1024/1056 720/1019/1056 779/1023/1056
f 713/1024/1053 715/1018/1053 720/1019/1053
f 715/1018/1057 713/1024/1057 712/1022/1057
f 714/1025/1057 712/1022/1057 713/1024/1057
f 775/1026/1056 713/1024/1056 779/1023/1056
f 713/1024/1058 775/1026/1058 714/1025/1058
f 774/1027/1058 714/1025/1058 775/1026/1058
f 729/1003/1059 732/1002/1059 733/1028/1059
f 728/1004/1059 729/1003/1059 733/1028/1059
f 791/1029/1060 728/1004/1060 733/1028/1060
f 791/1029/1060 787/1021/1060 728/1004/1060
f 787/1021/1061 791/1029/1061 786/1030/1061
f 787/1021/1062 786/1030/1062 783/1020/1062
f 782/1031/1063 783/1020/1063 786/1030/1063
f 783/1020/1064 782/1031/1064 779/1023/1064
f 778/1032/1064 779/1023/1064 782/1031/1064
f 779/1023/1065 778/1032/1065 775/1026/1065
f 790/1033/1066 786/1030/1066 791/1029/1066
f 786/1030/1067 790/1033/1067 785/1034/1067
f 786/1030/1068 785/1034/1068 782/1031/1068
f 781/1035/1069 782/1031/1069 785/1034/1069
f 782/1031/1070 781/1035/1070 778/1032/1070
f 776/1036/1070 778/1032/1070 781/1035/1070
f 778/1032/1071 776/1036/1071 773/1037/1071
f 770/1038/1071 773/1037/1071 776/1036/1071
f 776/1036/1072 768/1039/1072 770/1038/1072
f 768/1039/1072 776/1036/1072 777/1040/1072
f 789/1041/1073 785/1034/1073 790/1033/1073
f 773/1037/1065 775/1026/1065 778/1032/1065
f 775/1026/1074 773/1037/1074 774/1027/1074
f 772/1042/1075 774/1027/1075 773/1037/1075
f 773/1037/1076 770/1038/1076 772/1042/1076
f 769/1043/1076 772/1042/1076 770/1038/1076
f 770/1038/1077 768/1039/1077 769/1043/1077
f 771/1044/1077 769/1043/1077 768/1039/1077
f 768/1039/1078 891/1045/1078 771/1044/1078
f 890/1046/1078 771/1044/1078 891/1045/1078
f 891/1045/1079 889/1047/1079 890/1046/1079
f 777/1040/1080 891/1045/1080 768/1039/1080
f 891/1045/1080 777/1040/1080 895/1048/1080
f 895/1048/1081 889/1047/1081 891/1045/1081
f 889/1047/1081 895/1048/1081 894/1049/1081
f 894/1049/1082 895/1048/1082 898/1050/1082
f 898/1050/1083 892/1051/1083 894/1049/1083
f 886/1052/1084 892/1051/1084 884/1053/1084
f 886/1052/1085 894/1049/1085 892/1051/1085
f 889/1047/1085 894/1049/1085 886/1052/1085
f 888/1054/1079 890/1046/1079 889/1047/1079
f 889/1047/1086 886/1052/1086 888/1054/1086
f 885/1055/1086 888/1054/1086 886/1052/1086
f 886/1052/1087 884/1053/1087 885/1055/1087
f 887/1056/1087 885/1055/1087 884/1053/1087
f 884/1053/1088 947/1057/1088 887/1056/1088
f 946/1058/1088 887/1056/1088 947/1057/1088
f 947/1057/1089 945/1059/1089 946/1058/1089
f 944/1060/1089 946/1058/1089 945/1059/1089
f 945/1059/1090 943/1061/1090 944/1060/1090
f 884/1053/1084 892/1051/1084 893/1062/1084
f 893/1062/1091 951/1063/1091 884/1053/1091
f 947/1057/1091 884/1053/1091 951/1063/1091
f 951/1063/1092 950/1064/1092 947/1057/1092
f 945/1059/1092 947/1057/1092 950/1064/1092
f 950/1064/1093 949/1065/1093 945/1059/1093
f 943/1061/1093 945/1059/1093 949/1065/1093
f 949/1065/1094 948/1066/1094 943/1061/1094
f 941/1067/1094 943/1061/1094 948/1066/1094
f 948/1066/1095 1067/1068/1095 941/1067/1095
f 948/1066/1096 952/1069/1096 1067/1068/1096
f 948/1066/1097 949/1065/1097 952/1069/1097
f 953/1070/1097 952/1069/1097 949/1065/1097
f 949/1065/1098 950/1064/1098 953/1070/1098
f 954/1071/1098 953/1070/1098 950/1064/1098
f 950/1064/1099 951/1063/1099 954/1071/1099
f 955/1072/1099 954/1071/1099 951/1063/1099
f 951/1063/1100 893/1062/1100 955/1072/1100
f 897/1073/1100 955/1072/1100 893/1062/1100
f 893/1062/1101 896/1074/1101 897/1073/1101
f 896/1074/1102 900/1075/1102 897/1073/1102
f 896/1074/1103 902/1076/1103 900/1075/1103
f 906/1077/1104 905/1078/1104 902/1076/1104
f 900/1075/1105 902/1076/1105 905/1078/1105
f 905/1078/1106 904/1079/1106 900/1075/1106
f 901/1080/1106 900/1075/1106 904/1079/1106
f 897/1073/1102 900/1075/1102 901/1080/1102
f 901/1080/1107 959/1081/1107 897/1073/1107
f 955/1072/1107 897/1073/1107 959/1081/1107
f 959/1081/1108 958/1082/1108 955/1072/1108
f 954/1071/1109 955/1072/1109 958/1082/1109
f 958/1082/1110 957/1083/1110 954/1071/1110
f 904/1079/1111 963/1084/1111 901/1080/1111
f 959/1081/1111 901/1080/1111 963/1084/1111
f 959/1081/1112 963/1084/1112 958/1082/1112
f 962/1085/1113 958/1082/1113 963/1084/1113
f 958/1082/1114 962/1085/1114 957/1083/1114
f 961/1086/1115 957/1083/1115 962/1085/1115
f 961/1086/1116 960/1087/1116 957/1083/1116
f 961/1086/1117 936/1088/1117 960/1087/1117
f 937/1089/1118 960/1087/1118 936/1088/1118
f 937/1089/1119 936/1088/1119 935/1090/1119
f 1077/1091/1120 1074/1092/1120 1078/1093/1120
f 1078/1093/1121 1074/1092/1121 1075/1094/1121
f 1075/1094/1122 1079/1095/1122 1078/1093/1122
f 1079/1095/1123 1075/1094/1123 960/1087/1123
f 1079/1095/1124 960/1087/1124 1053/1096/1124
f 937/1089/1125 1053/1096/1125 960/1087/1125
f 956/1097/1126 957/1083/1126 960/1087/1126
f 956/1097/1127 960/1087/1127 1075/1094/1127
f 1075/1094/1128 1071/1098/1128 956/1097/1128
f 1071/1098/1129 1075/1094/1129 1070/1099/1129
f 1074/1092/1130 1070/1099/1130 1075/1094/1130
f 1074/1092/1131 1069/1100/1131 1070/1099/1131
f 1069/1100/1132 1074/1092/1132 1072/1101/1132
f 1077/1091/1133 1072/1101/1133 1074/1092/1133
f 1076/1102/1134 1072/1101/1134 1077/1091/1134
f 1072/1101/1135 1068/1103/1135 1069/1100/1135
f 1068/1103/1135 1072/1101/1135 1073/1104/1135
f 1076/1102/1134 1073/1104/1134 1072/1101/1134
f 1135/1105/1136 1073/1104/1136 1076/1102/1136
f 953/1070/1137 954/1071/1137 957/1083/1137
f 957/1083/1138 956/1097/1138 953/1070/1138
f 952/1069/1139 953/1070/1139 956/1097/1139
f 952/1069/1140 956/1097/1140 1071/1098/1140
f 1071/1098/1096 1067/1068/1096 952/1069/1096
f 1071/1098/1141 1070/1099/1141 1067/1068/1141
f 1066/1106/1141 1067/1068/1141 1070/1099/1141
f 1066/1106/1142 1070/1099/1142 1064/1107/1142
f 1069/1100/1142 1064/1107/1142 1070/1099/1142
f 1069/1100/1143 1068/1103/1143 1064/1107/1143
f 1063/1108/1095 941/1067/1095 1067/1068/1095
f 1067/1068/1144 1061/1109/1144 1063/1108/1144
f 1061/1109/1144 1067/1068/1144 1066/1106/1144
f 1066/1106/1145 1059/1110/1145 1061/1109/1145
f 1059/1110/1145 1066/1106/1145 1064/1107/1145
f 1064/1107/1146 1057/1111/1146 1059/1110/1146
f 1057/1111/1146 1064/1107/1146 1065/1112/1146
f 1065/1112/1143 1064/1107/1143 1068/1103/1143
f 1127/1113/1147 1065/1112/1147 1068/1103/1147
f 1068/1103/1148 1073/1104/1148 1127/1113/1148
f 940/1114/1090 944/1060/1090 943/1061/1090
f 943/1061/1149 941/1067/1149 940/1114/1149
f 942/1115/1149 940/1114/1149 941/1067/1149
f 941/1067/1150 1063/1108/1150 942/1115/1150
f 1062/1116/1150 942/1115/1150 1063/1108/1150
f 1063/1108/1151 1061/1109/1151 1062/1116/1151
f 1060/1117/1151 1062/1116/1151 1061/1109/1151
f 1061/1109/1152 1059/1110/1152 1060/1117/1152
f 1056/1118/1152 1060/1117/1152 1059/1110/1152
f 1059/1110/1153 1057/1111/1153 1056/1118/1153
f 1058/1119/1153 1056/1118/1153 1057/1111/1153
f 1057/1111/1154 1119/1120/1154 1058/1119/1154
f 1118/1121/1154 1058/1119/1154 1119/1120/1154
f 1119/1120/1155 1117/1122/1155 1118/1121/1155
f 1116/1123/1155 1118/1121/1155 1117/1122/1155
f 1117/1122/1156 1114/1124/1156 1116/1123/1156
f 1113/1125/1156 1116/1123/1156 1114/1124/1156
f 1114/1124/1157 1112/642/1157 1113/1125/1157
f 1115/1126/1157 1113/1125/1157 1112/642/1157
f 1115/1126/629 1112/642/629 1235/641/629
f 1114/1124/1158 1117/1122/1158 1121/1127/1158
f 1122/1128/1158 1121/1127/1158 1117/1122/1158
f 1239/1129/1159 1120/1130/1159 1243/635/1159
f 1124/634/1159 1243/635/1159 1120/1130/1159
f 1120/1130/1160 1121/1127/1160 1124/634/1160
f 1125/1131/1160 1124/634/1160 1121/1127/1160
f 1121/1127/1161 1122/1128/1161 1125/1131/1161
f 1126/1132/1161 1125/1131/1161 1122/1128/1161
f 1122/1128/1162 1123/1133/1162 1126/1132/1162
f 1117/1122/1163 1123/1133/1163 1122/1128/1163
f 1123/1133/1163 1117/1122/1163 1119/1120/1163
f 1057/1111/1164 1065/1112/1164 1119/1120/1164
f 1123/1133/1164 1119/1120/1164 1065/1112/1164
f 1127/1113/1147 1123/1133/1147 1065/1112/1147
f 1127/1113/1162 1126/1132/1162 1123/1133/1162
f 1131/1134/1165 1126/1132/1165 1127/1113/1165
f 1126/1132/1165 1131/1134/1165 1130/1135/1165
f 1130/1135/1166 1129/631/1166 1126/1132/1166
f 1125/1131/1167 1126/1132/1167 1129/631/1167
f 1129/631/1168 1128/630/1168 1125/1131/1168
f 1124/634/1169 1125/1131/1169 1128/630/1169
f 1131/1134/1148 1127/1113/1148 1073/1104/1148
f 1135/1105/1136 1131/1134/1136 1073/1104/1136
f 1131/1134/1170 1135/1105/1170 1130/1135/1170
f 1134/1136/1171 1130/1135/1171 1135/1105/1171
f 1130/1135/1172 1134/1136/1172 1129/631/1172
f 1133/1137/1173 1129/631/1173 1134/1136/1173
f 1133/1137/1174 1132/619/1174 1129/631/1174
f 1106/1138/1175 1132/619/1175 1133/1137/1175
f 1106/1138/1176 1108/621/1176 1132/619/1176
f 1108/621/1177 1106/1138/1177 1107/1139/1177
f 1108/621/1178 1107/1139/1178 1225/620/1178
f 1226/1140/1179 1225/620/1179 1107/1139/1179
f 1107/1139/1180 1110/1141/1180 1226/1140/1180
f 1227/1142/1181 1226/1140/1181 1110/1141/1181
f 1110/1141/1182 1402/1143/1182 1227/1142/1182
f 1410/1144/1183 1227/1142/1183 1402/1143/1183
f 1489/1145/1184 1410/1144/1184 1402/1143/1184
f 1489/1145/1185 1505/1146/1185 1410/1144/1185
f 1489/1145/1186 1486/1147/1186 1505/1146/1186
f 1506/1148/1187 1505/1146/1187 1486/1147/1187
f 1109/1149/1188 1107/1139/1188 1106/1138/1188
f 1107/1139/1189 1109/1149/1189 1110/1141/1189
f 1111/1150/1190 1110/1141/1190 1109/1149/1190
f 1110/1141/1191 1111/1150/1191 1402/1143/1191
f 1403/1151/1192 1402/1143/1192 1111/1150/1192
f 1402/1143/1193 1403/1151/1193 1489/1145/1193
f 1487/1152/1194 1489/1145/1194 1403/1151/1194
f 1489/1145/1195 1487/1152/1195 1486/1147/1195
f 1488/1153/1196 1486/1147/1196 1487/1152/1196
f 1356/1154/1197 1332/1155/1197 1355/1156/1197
f 1354/1157/1198 1332/1155/1198 1356/1154/1198
f 1324/1158/1199 1323/1159/1199 1325/1160/1199
f 1333/1161/1200 1324/1158/1200 1325/1160/1200
f 1333/1161/1201 1325/1160/1201 1334/1162/1201
f 1334/1162/1202 1332/1155/1202 1333/1161/1202
f 1332/1155/1203 1334/1162/1203 1335/1163/1203
f 1335/1163/1204 1355/1156/1204 1332/1155/1204
f 1355/1156/1205 1335/1163/1205 1511/1164/1205
f 1336/1165/1206 1511/1164/1206 1335/1163/1206
f 1512/1166/1207 1511/1164/1207 1336/1165/1207
f 1510/1167/1208 1512/1166/1208 1336/1165/1208
f 1336/1165/1209 1335/1163/1209 1334/1162/1209
f 1510/1167/1210 1336/1165/1210 1509/1168/1210
f 1508/1169/1211 1509/1168/1211 1336/1165/1211
f 1508/1169/1212 1336/1165/1212 1327/1170/1212
f 1508/1169/1213 1327/1170/1213 1345/1171/1213
f 1336/1165/1214 1334/1162/1214 1325/1160/1214
f 1336/1165/1215 1325/1160/1215 1323/1159/1215
f 1336/1165/1216 1323/1159/1216 1327/1170/1216
f 1327/1170/1217 1323/1159/1217 1326/1172/1217
f 1327/1170/1218 1326/1172/1218 1345/1171/1218
f 1346/1173/1219 1345/1171/1219 1326/1172/1219
f 1346/1173/1220 1326/1172/1220 1343/1174/1220
f 1344/1175/1221 1343/1174/1221 1326/1172/1221
f 1344/1175/1222 1339/1176/1222 1343/1174/1222
f 1341/1177/1223 1343/1174/1223 1339/1176/1223
f 1344/1175/1224 1326/1172/1224 1411/1178/1224
f 1354/1157/1225 1353/1179/1225 1332/1155/1225
f 1353/1179/1226 1415/1180/1226 1332/1155/1226
f 1333/1161/1227 1332/1155/1227 1415/1180/1227
f 1415/1180/1228 1412/1181/1228 1333/1161/1228
f 1324/1158/1229 1333/1161/1229 1412/1181/1229
f 1412/1181/1230 1411/1178/1230 1324/1158/1230
f 1322/1182/1231 1324/1158/1231 1411/1178/1231
f 1326/1172/1232 1322/1182/1232 1411/1178/1232
f 1322/1182/1233 1326/1172/1233 1323/1159/1233
f 1324/1158/1234 1322/1182/1234 1323/1159/1234
f 1329/1183/1235 1331/1184/1235 1319/1185/1235
f 1331/1184/1236 1329/1183/1236 1328/1186/1236
f 1330/1187/1237 1328/1186/1237 1329/1183/1237
f 1330/1187/1238 1347/1188/1238 1328/1186/1238
f 1330/1187/1239 1351/1189/1239 1347/1188/1239
f 1350/1190/1240 1347/1188/1240 1351/1189/1240
f 1351/1189/1241 1349/1191/1241 1350/1190/1241
f 1352/1192/1242 1350/1190/1242 1349/1191/1242
f 1352/1192/1243 1349/1191/1243 1354/1157/1243
f 1349/1191/1244 1353/1179/1244 1354/1157/1244
f 1348/1193/1245 1328/1186/1245 1347/1188/1245
f 1351/1189/1246 1330/1187/1246 1416/1194/1246
f 1329/1183/1247 1416/1194/1247 1330/1187/1247
f 1329/1183/1248 1319/1185/1248 1416/1194/1248
f 1416/1194/1249 1319/1185/1249 1413/1195/1249
f 1319/1185/1250 1317/1196/1250 1413/1195/1250
f 1414/1197/1251 1413/1195/1251 1317/1196/1251
f 1321/1198/1252 1414/1197/1252 1317/1196/1252
f 1321/1198/1253 1342/1199/1253 1414/1197/1253
f 1341/1177/1254 1339/1176/1254 1340/1200/1254
f 1342/1199/1255 1340/1200/1255 1339/1176/1255
f 1337/1201/1256 1340/1200/1256 1342/1199/1256
f 1337/1201/1257 1342/1199/1257 1321/1198/1257
f 1337/1201/1258 1321/1198/1258 1320/1202/1258
f 1321/1198/1259 1317/1196/1259 1320/1202/1259
f 1316/1203/1260 1320/1202/1260 1317/1196/1260
f 1318/1204/1261 1316/1203/1261 1317/1196/1261
f 1319/1185/1262 1318/1204/1262 1317/1196/1262
f 1331/1184/1263 1318/1204/1263 1319/1185/1263
f 1337/1201/1264 1320/1202/1264 1338/1205/1264
f 1200/1206/1265 1495/1207/1265 1198/1208/1265
f 1495/1207/1266 1200/1206/1266 1497/1209/1266
f 1498/1210/1267 1497/1209/1267 1200/1206/1267
f 1498/1210/1268 1200/1206/1268 1499/1211/1268
f 1197/1212/1269 1499/1211/1269 1200/1206/1269
f 1496/1213/1270 1198/1208/1270 1495/1207/1270
f 1205/1214/1271 1535/1215/1271 1536/1216/1271
f 1206/1217/1272 1205/1214/1272 1536/1216/1272
f 1201/1218/1273 1205/1214/1273 1206/1217/1273
f 1202/1219/1274 1201/1218/1274 1206/1217/1274
f 1203/1220/1275 1201/1218/1275 1202/1219/1275
f 1204/1221/1276 1203/1220/1276 1202/1219/1276
f 1204/1221/1277 1199/1222/1277 1203/1220/1277
f 1199/1222/1278 1204/1221/1278 1197/1212/1278
f 1199/1222/1279 1197/1212/1279 1198/1208/1279
f 1200/1206/1280 1198/1208/1280 1197/1212/1280
f 1185/1223/1281 1490/1224/1281 1166/1225/1281
f 1195/1226/1282 1174/1227/1282 1493/1228/1282
f 1176/1229/1283 1493/1228/1283 1174/1227/1283
f 1494/1230/1284 1493/1228/1284 1176/1229/1284
f 1494/1230/1285 1176/1229/1285 1492/1231/1285
f 1492/1231/1286 1176/1229/1286 1491/1232/1286
f 1490/1224/1287 1491/1232/1287 1176/1229/1287
f 1176/1229/1288 1166/1225/1288 1490/1224/1288
f 1176/1229/1289 1163/1233/1289 1166/1225/1289
f 1163/1233/1290 1165/1234/1290 1166/1225/1290
f 1167/1235/1291 1166/1225/1291 1165/1234/1291
f 1185/1223/1292 1166/1225/1292 1167/1235/1292
f 1167/1235/1293 1186/1236/1293 1185/1223/1293
f 1186/1236/1294 1167/1235/1294 1183/1237/1294
f 1165/1234/1295 1404/1238/1295 1167/1235/1295
f 1165/1234/1296 1162/1239/1296 1404/1238/1296
f 1165/1234/1297 1163/1233/1297 1162/1239/1297
f 1164/1240/1298 1162/1239/1298 1163/1233/1298
f 1176/1229/1299 1164/1240/1299 1163/1233/1299
f 1176/1229/1300 1173/1241/1300 1164/1240/1300
f 1176/1229/1301 1174/1227/1301 1173/1241/1301
f 1174/1227/1302 1172/1242/1302 1173/1241/1302
f 1174/1227/1303 1195/1226/1303 1172/1242/1303
f 1196/1243/1304 1172/1242/1304 1195/1226/1304
f 1194/1244/1305 1408/1245/1305 1172/1242/1305
f 1175/1246/1306 1172/1242/1306 1408/1245/1306
f 1175/1246/1307 1173/1241/1307 1172/1242/1307
f 1173/1241/1308 1175/1246/1308 1164/1240/1308
f 1162/1239/1309 1164/1240/1309 1175/1246/1309
f 1162/1239/1310 1175/1246/1310 1405/1247/1310
f 1405/1247/1311 1404/1238/1311 1162/1239/1311
f 1408/1245/1312 1405/1247/1312 1175/1246/1312
f 1196/1243/1313 1193/1248/1313 1172/1242/1313
f 1194/1244/1314 1172/1242/1314 1193/1248/1314
f 1194/1244/1315 1193/1248/1315 1190/1249/1315
f 1190/1249/1316 1193/1248/1316 1191/1250/1316
f 1191/1250/1317 1189/1251/1317 1190/1249/1317
f 1192/1252/1318 1190/1249/1318 1189/1251/1318
f 1192/1252/1319 1189/1251/1319 1187/1253/1319
f 1192/1252/1320 1187/1253/1320 1170/1254/1320
f 1170/1254/1321 1187/1253/1321 1168/1255/1321
f 1170/1254/1322 1168/1255/1322 1169/1256/1322
f 1188/1257/1323 1168/1255/1323 1187/1253/1323
f 1407/1258/1324 1406/1259/1324 1158/1260/1324
f 1156/1261/1325 1158/1260/1325 1406/1259/1325
f 1406/1259/1326 1409/1262/1326 1156/1261/1326
f 1169/1256/1327 1156/1261/1327 1409/1262/1327
f 1409/1262/1328 1170/1254/1328 1169/1256/1328
f 1409/1262/1329 1192/1252/1329 1170/1254/1329
f 1171/1263/1330 1169/1256/1330 1168/1255/1330
f 1156/1261/1331 1169/1256/1331 1171/1263/1331
f 1156/1261/1332 1171/1263/1332 1157/1264/1332
f 1158/1260/1333 1156/1261/1333 1157/1264/1333
f 1158/1260/1334 1157/1264/1334 1159/1265/1334
f 1161/1266/1335 1158/1260/1335 1159/1265/1335
f 1158/1260/1336 1161/1266/1336 1407/1258/1336
f 1182/1267/1337 1407/1258/1337 1161/1266/1337
f 1159/1265/1338 1160/1268/1338 1161/1266/1338
f 1178/1269/1339 1161/1266/1339 1160/1268/1339
f 1161/1266/1340 1178/1269/1340 1182/1267/1340
f 1181/1270/1341 1182/1267/1341 1178/1269/1341
f 1180/1271/1342 1182/1267/1342 1181/1270/1342
f 1181/1270/1343 1179/1272/1343 1180/1271/1343
f 1179/1272/1344 1183/1237/1344 1180/1271/1344
f 1184/1273/1345 1180/1271/1345 1183/1237/1345
f 1184/1273/1346 1183/1237/1346 1167/1235/1346
f 1167/1235/1347 1404/1238/1347 1184/1273/1347
f 1160/1268/1348 1177/1274/1348 1178/1269/1348
f 1121/1127/1349 1120/1130/1349 1114/1124/1349
f 1112/642/1349 1114/1124/1349 1120/1130/1349
f 1120/1130/1350 1239/1129/1350 1112/642/1350
f 1239/1129/1350 1234/640/1350 1112/642/1350
f 1239/1129/1351 1238/1275/1351 1234/640/1351
f 1233/644/1351 1234/640/1351 1238/1275/1351
f 1238/1275/632 1236/637/632 1233/644/632
f 1238/1275/625 1242/636/625 1236/637/625
f 1238/1275/1352 1243/635/1352 1242/636/1352
f 1239/1129/1352 1243/635/1352 1238/1275/1352
f 1039/1276/1353 1043/1277/1353 1042/1278/1353
f 1044/1279/1354 1042/1278/1354 1043/1277/1354
f 1043/1277/1355 1533/1280/1355 1044/1279/1355
f 1534/1281/1356 1044/1279/1356 1533/1280/1356
f 1479/1282/1357 1478/1283/1357 1035/1284/1357
f 1478/1283/1358 1038/1285/1358 1035/1284/1358
f 1036/1286/1359 1035/1284/1359 1038/1285/1359
f 1037/1287/1360 1035/1284/1360 1036/1286/1360
f 1481/1288/1361 1035/1284/1361 1037/1287/1361
f 1482/1289/1362 1481/1288/1362 1037/1287/1362
f 1037/1287/1363 1041/1290/1363 1482/1289/1363
f 1040/1291/1364 1482/1289/1364 1041/1290/1364
f 1041/1290/1365 1039/1276/1365 1040/1291/1365
f 1042/1278/1366 1040/1291/1366 1039/1276/1366
f 1481/1288/1367 1480/1292/1367 1479/1282/1367
f 1035/1284/1368 1481/1288/1368 1479/1282/1368
f 1026/1293/1369 1477/1294/1369 1027/1295/1369
f 1476/1296/1370 1027/1295/1370 1477/1294/1370
f 1476/1296/1371 1475/1297/1371 1027/1295/1371
f 1473/1298/1372 1027/1295/1372 1475/1297/1372
f 1027/1295/1373 1473/1298/1373 1025/1299/1373
f 1474/1300/1374 1025/1299/1374 1473/1298/1374
f 1531/1301/1375 1033/1302/1375 1532/1303/1375
f 1531/1301/1376 1034/1304/1376 1033/1302/1376
f 1029/1305/1377 1033/1302/1377 1034/1304/1377
f 1034/1304/1378 1030/1306/1378 1029/1305/1378
f 1031/1307/1379 1029/1305/1379 1030/1306/1379
f 1030/1306/1380 1032/1308/1380 1031/1307/1380
f 1031/1307/1381 1032/1308/1381 1028/1309/1381
f 1026/1293/1382 1028/1309/1382 1032/1308/1382
f 1028/1309/1383 1026/1293/1383 1025/1299/1383
f 1027/1295/1384 1025/1299/1384 1026/1293/1384
f 868/1310/1385 871/1311/1385 869/1312/1385
f 872/1313/1386 869/1312/1386 871/1311/1386
f 871/1311/1387 1529/1314/1387 872/1313/1387
f 1530/1315/1388 872/1313/1388 1529/1314/1388
f 1457/1316/1389 1456/1317/1389 864/1318/1389
f 1456/1317/1390 866/1319/1390 864/1318/1390
f 866/1319/1391 865/1320/1391 864/1318/1391
f 865/1320/1392 863/1321/1392 864/1318/1392
f 864/1318/1393 863/1321/1393 1459/1322/1393
f 1460/1323/1394 1459/1322/1394 863/1321/1394
f 863/1321/1395 870/1324/1395 1460/1323/1395
f 867/1325/1396 1460/1323/1396 870/1324/1396
f 870/1324/1397 868/1310/1397 867/1325/1397
f 869/1312/1398 867/1325/1398 868/1310/1398
f 1459/1322/1399 1458/1326/1399 1457/1316/1399
f 864/1318/1400 1459/1322/1400 1457/1316/1400
f 854/1327/1401 1455/1328/1401 855/1329/1401
f 1454/1330/1402 855/1329/1402 1455/1328/1402
f 1454/1330/1403 1453/1331/1403 855/1329/1403
f 1451/1332/1404 855/1329/1404 1453/1331/1404
f 855/1329/1405 1451/1332/1405 853/1333/1405
f 1452/1334/1406 853/1333/1406 1451/1332/1406
f 1528/1335/1407 1527/1336/1407 861/1337/1407
f 861/1337/1408 1527/1336/1408 862/1338/1408
f 857/1339/1409 861/1337/1409 862/1338/1409
f 862/1338/1410 858/1340/1410 857/1339/1410
f 859/1341/1411 857/1339/1411 858/1340/1411
f 858/1340/1412 860/1342/1412 859/1341/1412
f 859/1341/1413 860/1342/1413 856/1343/1413
f 860/1342/1414 854/1327/1414 856/1343/1414
f 856/1343/1415 854/1327/1415 853/1333/1415
f 855/1329/1416 853/1333/1416 854/1327/1416
f 739/1344/1417 737/1345/1417 736/1346/1417
f 737/1345/1418 739/1344/1418 798/1347/1418
f 737/1345/1418 798/1347/1418 799/1348/1418
f 799/1348/1419 798/1347/1419 796/1349/1419
f 799/1348/1419 796/1349/1419 797/1350/1419
f 797/1350/1420 796/1349/1420 795/1351/1420
f 793/1352/1420 795/1351/1420 796/1349/1420
f 740/1353/1421 742/1354/1421 743/1355/1421
f 741/1356/1421 742/1354/1421 740/1353/1421
f 741/1356/1422 740/1353/1422 736/1346/1422
f 738/1357/1422 741/1356/1422 736/1346/1422
f 738/1357/1417 736/1346/1417 737/1345/1417
f 745/1358/1423 738/1357/1423 737/1345/1423
f 803/1359/1424 745/1358/1424 737/1345/1424
f 803/1359/1424 737/1345/1424 799/1348/1424
f 802/1360/1425 803/1359/1425 799/1348/1425
f 802/1360/1425 799/1348/1425 797/1350/1425
f 630/1361/1426 631/1362/1426 625/1363/1426
f 625/1363/1427 622/1364/1427 630/1361/1427
f 628/1365/1427 630/1361/1427 622/1364/1427
f 622/1364/1428 621/1366/1428 628/1365/1428
f 629/1367/1428 628/1365/1428 621/1366/1428
f 621/1366/1429 742/1354/1429 629/1367/1429
f 747/1368/1429 629/1367/1429 742/1354/1429
f 742/1354/1430 741/1356/1430 747/1368/1430
f 746/1369/1430 747/1368/1430 741/1356/1430
f 744/1370/1431 746/1369/1431 741/1356/1431
f 744/1370/1431 741/1356/1431 738/1357/1431
f 745/1358/1423 744/1370/1423 738/1357/1423
f 631/1362/1432 559/1371/1432 627/1372/1432
f 627/1372/1426 625/1363/1426 631/1362/1426
f 627/1372/1433 626/1373/1433 625/1363/1433
f 624/1374/1433 625/1363/1433 626/1373/1433
f 625/1363/1434 624/1374/1434 622/1364/1434
f 620/1375/1434 622/1364/1434 624/1374/1434
f 622/1364/1435 620/1375/1435 621/1366/1435
f 623/1376/1435 621/1366/1435 620/1375/1435
f 623/1376/1436 743/1355/1436 621/1366/1436
f 742/1354/1436 621/1366/1436 743/1355/1436
f 564/1377/1437 563/1378/1437 565/1379/1437
f 564/1377/1438 560/1380/1438 563/1378/1438
f 560/1380/1438 562/1381/1438 563/1378/1438
f 562/1381/1439 560/1380/1439 559/1371/1439
f 561/1382/1439 559/1371/1439 560/1380/1439
f 561/1382/1440 626/1373/1440 559/1371/1440
f 627/1372/1440 559/1371/1440 626/1373/1440
f 568/1383/1441 567/1384/1441 1297/1385/1441
f 567/1384/1442 568/1383/1442 565/1379/1442
f 565/1379/1442 566/1386/1442 567/1384/1442
f 566/1386/1437 565/1379/1437 563/1378/1437
f 563/1378/1443 571/1387/1443 566/1386/1443
f 563/1378/1444 570/1388/1444 571/1387/1444
f 570/1388/1444 563/1378/1444 562/1381/1444
f 562/1381/1445 569/1389/1445 570/1388/1445
f 569/1389/1445 562/1381/1445 559/1371/1445
f 631/1362/1432 569/1389/1432 559/1371/1432
f 1300/1390/1446 1298/1391/1446 1304/1392/1446
f 1303/1393/1446 1304/1392/1446 1298/1391/1446
f 1298/1391/1447 567/1384/1447 1303/1393/1447
f 573/1394/1447 1303/1393/1447 567/1384/1447
f 567/1384/1448 572/1395/1448 573/1394/1448
f 566/1386/1448 572/1395/1448 567/1384/1448
f 566/1386/1443 571/1387/1443 572/1395/1443
f 1252/1396/1449 1254/1397/1449 1256/1398/1449
f 1254/1397/1450 1252/1396/1450 1253/1399/1450
f 1255/1400/1450 1253/1399/1450 1252/1396/1450
f 1253/1399/1451 1255/1400/1451 1302/1401/1451
f 1301/1402/1451 1302/1401/1451 1255/1400/1451
f 1302/1401/1452 1301/1402/1452 1300/1390/1452
f 1299/1403/1452 1300/1390/1452 1301/1402/1452
f 1300/1390/1453 1299/1403/1453 1298/1391/1453
f 1297/1385/1453 1298/1391/1453 1299/1403/1453
f 1298/1391/1441 1297/1385/1441 567/1384/1441
f 1263/1404/1454 1259/1405/1454 1262/1406/1454
f 1257/1407/1454 1262/1406/1454 1259/1405/1454
f 1262/1406/1455 1257/1407/1455 1260/1408/1455
f 1254/1397/1455 1260/1408/1455 1257/1407/1455
f 1254/1397/1456 1253/1399/1456 1260/1408/1456
f 1261/1409/1456 1260/1408/1456 1253/1399/1456
f 1253/1399/1457 1302/1401/1457 1261/1409/1457
f 1305/1410/1457 1261/1409/1457 1302/1401/1457
f 1302/1401/1458 1300/1390/1458 1305/1410/1458
f 1304/1392/1458 1305/1410/1458 1300/1390/1458
f 1140/1411/1459 1141/1412/1459 1142/1413/1459
f 1141/1412/1460 1140/1411/1460 1139/1414/1460
f 1137/1415/1460 1139/1414/1460 1140/1411/1460
f 1139/1414/1461 1137/1415/1461 1136/1416/1461
f 1138/1417/1461 1136/1416/1461 1137/1415/1461
f 1138/1417/1462 1259/1405/1462 1136/1416/1462
f 1258/1418/1462 1259/1405/1462 1138/1417/1462
f 1259/1405/1463 1258/1418/1463 1257/1407/1463
f 1256/1398/1463 1257/1407/1463 1258/1418/1463
f 1257/1407/1449 1256/1398/1449 1254/1397/1449
f 1080/1419/1464 1143/1420/1464 1089/1421/1464
f 1147/1422/1464 1089/1421/1464 1143/1420/1464
f 1143/1420/1465 1141/1412/1465 1147/1422/1465
f 1146/1423/1465 1147/1422/1465 1141/1412/1465
f 1146/1423/1466 1141/1412/1466 1145/1424/1466
f 1139/1414/1466 1145/1424/1466 1141/1412/1466
f 1145/1424/1467 1139/1414/1467 1144/1425/1467
f 1136/1416/1467 1144/1425/1467 1139/1414/1467
f 1144/1425/1468 1136/1416/1468 1263/1404/1468
f 1259/1405/1468 1263/1404/1468 1136/1416/1468
f 1086/1426/1469 1087/1427/1469 967/1428/1469
f 1087/1427/1470 1086/1426/1470 1085/1429/1470
f 1084/1430/1470 1085/1429/1470 1086/1426/1470
f 1085/1429/1471 1084/1430/1471 1083/1431/1471
f 1081/1432/1471 1083/1431/1471 1084/1430/1471
f 1083/1431/1472 1081/1432/1472 1080/1419/1472
f 1082/1433/1472 1080/1419/1472 1081/1432/1472
f 1080/1419/1473 1082/1433/1473 1143/1420/1473
f 1142/1413/1473 1143/1420/1473 1082/1433/1473
f 1143/1420/1459 1142/1413/1459 1141/1412/1459
f 973/1434/1474 966/1435/1474 972/1436/1474
f 966/1435/1474 965/1437/1474 972/1436/1474
f 972/1436/1475 965/1437/1475 1091/1438/1475
f 965/1437/1475 1087/1427/1475 1091/1438/1475
f 1087/1427/1476 1085/1429/1476 1091/1438/1476
f 1090/1439/1476 1091/1438/1476 1085/1429/1476
f 1085/1429/1477 1083/1431/1477 1090/1439/1477
f 1088/1440/1477 1090/1439/1477 1083/1431/1477
f 1083/1431/1478 1080/1419/1478 1088/1440/1478
f 1089/1421/1478 1088/1440/1478 1080/1419/1478
f 910/1441/1479 908/1442/1479 909/1443/1479
f 908/1442/1480 910/1441/1480 971/1444/1480
f 970/1445/1481 971/1444/1481 910/1441/1481
f 971/1444/1482 970/1445/1482 969/1446/1482
f 968/1447/1482 969/1446/1482 970/1445/1482
f 969/1446/1483 968/1447/1483 966/1435/1483
f 964/1448/1483 966/1435/1483 968/1447/1483
f 966/1435/1484 964/1448/1484 965/1437/1484
f 967/1428/1484 965/1437/1484 964/1448/1484
f 965/1437/1469 967/1428/1469 1087/1427/1469
f 909/1443/1485 911/1449/1485 912/1450/1485
f 911/1449/1479 909/1443/1479 908/1442/1479
f 911/1449/1486 908/1442/1486 916/1451/1486
f 917/1452/1486 916/1451/1486 908/1442/1486
f 917/1452/1487 908/1442/1487 975/1453/1487
f 971/1444/1487 975/1453/1487 908/1442/1487
f 975/1453/1488 971/1444/1488 974/1454/1488
f 971/1444/1488 969/1446/1488 974/1454/1488
f 974/1454/1489 969/1446/1489 973/1434/1489
f 969/1446/1489 966/1435/1489 973/1434/1489
f 916/1451/1490 918/1455/1490 911/1449/1490
f 913/1456/1490 911/1449/1490 918/1455/1490
f 918/1455/1491 919/1457/1491 913/1456/1491
f 915/1458/1491 913/1456/1491 919/1457/1491
f 919/1457/1492 801/1459/1492 915/1458/1492
f 792/1460/1492 915/1458/1492 801/1459/1492
f 801/1459/1493 800/1461/1493 792/1460/1493
f 800/1461/1494 802/1360/1494 797/1350/1494
f 797/1350/1494 795/1351/1494 800/1461/1494
f 795/1351/1493 792/1460/1493 800/1461/1493
f 795/1351/1495 793/1352/1495 792/1460/1495
f 794/1462/1495 792/1460/1495 793/1352/1495
f 794/1462/1496 915/1458/1496 792/1460/1496
f 794/1462/1496 914/1463/1496 915/1458/1496
f 915/1458/1497 914/1463/1497 913/1456/1497
f 912/1450/1497 913/1456/1497 914/1463/1497
f 913/1456/1485 912/1450/1485 911/1449/1485
f 695/1464/1498 699/1465/1498 698/1466/1498
f 700/1467/1499 698/1466/1499 699/1465/1499
f 699/1465/1500 1525/1468/1500 700/1467/1500
f 1526/1469/1501 700/1467/1501 1525/1468/1501
f 692/1470/1502 1434/1471/1502 1435/1472/1502
f 1435/1472/1503 694/1473/1503 692/1470/1503
f 694/1473/1504 693/1474/1504 692/1470/1504
f 693/1474/1505 691/1475/1505 692/1470/1505
f 692/1470/1506 691/1475/1506 1437/1476/1506
f 691/1475/1507 1438/1477/1507 1437/1476/1507
f 691/1475/1508 697/1478/1508 1438/1477/1508
f 696/1479/1509 1438/1477/1509 697/1478/1509
f 697/1478/1510 695/1464/1510 696/1479/1510
f 698/1466/1511 696/1479/1511 695/1464/1511
f 1437/1476/1512 1436/1480/1512 1434/1471/1512
f 1434/1471/1513 692/1470/1513 1437/1476/1513
f 682/1481/1514 1433/1482/1514 683/1483/1514
f 1432/1484/1515 683/1483/1515 1433/1482/1515
f 1432/1484/1516 1431/1485/1516 683/1483/1516
f 1429/1486/1517 683/1483/1517 1431/1485/1517
f 683/1483/1518 1429/1486/1518 681/1487/1518
f 1430/1488/1519 681/1487/1519 1429/1486/1519
f 1523/1489/1520 690/1490/1520 1524/1491/1520
f 1523/1489/1521 689/1492/1521 690/1490/1521
f 689/1492/1522 688/1493/1522 690/1490/1522
f 689/1492/1523 687/1494/1523 688/1493/1523
f 687/1494/1524 686/1495/1524 688/1493/1524
f 687/1494/1525 685/1496/1525 686/1495/1525
f 686/1495/1526 685/1496/1526 684/1497/1526
f 685/1496/1527 682/1481/1527 684/1497/1527
f 684/1497/1528 682/1481/1528 681/1487/1528
f 683/1483/1529 681/1487/1529 682/1481/1529
f 592/1498/1530 590/1499/1530 591/1500/1530
f 590/1499/1531 592/1498/1531 594/1501/1531
f 595/1502/1532 594/1501/1532 592/1498/1532
f 594/1501/1533 595/1502/1533 1378/1503/1533
f 1379/1504/1534 1378/1503/1534 595/1502/1534
f 1378/1503/1535 1379/1504/1535 1423/1505/1535
f 1422/1506/1536 1423/1505/1536 1379/1504/1536
f 1423/1505/1537 1422/1506/1537 1421/1507/1537
f 1422/1506/1538 1420/1508/1538 1421/1507/1538
f 593/993/1539 616/991/1539 591/1500/1539
f 593/993/1540 591/1500/1540 590/1499/1540
f 593/993/1541 590/1499/1541 709/992/1541
f 710/1509/1542 709/992/1542 590/1499/1542
f 590/1499/1543 594/1501/1543 710/1509/1543
f 711/1510/1544 710/1509/1544 594/1501/1544
f 594/1501/1545 1378/1503/1545 711/1510/1545
f 1441/1511/1546 711/1510/1546 1378/1503/1546
f 1378/1503/1547 1423/1505/1547 1441/1511/1547
f 1423/1505/1548 1439/1512/1548 1441/1511/1548
f 1423/1505/1549 1421/1507/1549 1439/1512/1549
f 1440/1513/1550 1439/1512/1550 1421/1507/1550
f 514/1514/1551 517/1515/1551 585/1516/1551
f 588/1517/1552 585/1516/1552 517/1515/1552
f 585/1516/1553 584/1518/1553 514/1514/1553
f 584/1518/1554 515/1519/1554 514/1514/1554
f 515/1519/1555 513/1520/1555 514/1514/1555
f 516/1521/1556 514/1514/1556 513/1520/1556
f 514/1514/1557 516/1521/1557 517/1515/1557
f 518/756/1558 517/1515/1558 516/1521/1558
f 519/755/1559 517/1515/1559 518/756/1559
f 586/564/1560 517/1515/1560 519/755/1560
f 586/564/1561 588/1517/1561 517/1515/1561
f 588/1517/1562 586/564/1562 587/563/1562
f 1811/547/1563 1817/546/1563 1818/557/1563
f 1811/547/1564 1818/557/1564 1816/560/1564
f 1811/547/1565 1816/560/1565 1815/754/1565
f 1815/754/1566 1816/560/1566 707/559/1566
f 1815/754/1567 707/559/1567 1813/753/1567
f 589/562/1568 1813/753/1568 707/559/1568
f 1813/753/1569 589/562/1569 1814/752/1569
f 586/564/1570 1814/752/1570 589/562/1570
f 1814/752/1571 586/564/1571 1812/751/1571
f 519/755/1572 1812/751/1572 586/564/1572
f 530/1522/1573 533/1523/1573 531/1524/1573
f 534/1525/1573 531/1524/1573 533/1523/1573
f 533/1523/1574 535/1526/1574 534/1525/1574
f 531/1524/1575 534/1525/1575 540/1527/1575
f 529/1528/1576 602/1529/1576 532/1530/1576
f 532/1530/1577 530/1522/1577 529/1528/1577
f 531/1524/1577 529/1528/1577 530/1522/1577
f 529/1528/1578 531/1524/1578 539/1531/1578
f 540/1527/1578 539/1531/1578 531/1524/1578
f 539/1531/1579 540/1527/1579 544/1532/1579
f 545/1533/1579 544/1532/1579 540/1527/1579
f 545/1533/1580 540/1527/1580 546/1534/1580
f 546/1534/1580 540/1527/1580 541/1535/1580
f 541/1535/1575 540/1527/1575 534/1525/1575
f 534/1525/1581 536/1536/1581 541/1535/1581
f 536/1536/1574 534/1525/1574 535/1526/1574
f 535/1526/1582 537/1537/1582 536/1536/1582
f 537/1537/640 1279/655/640 538/656/640
f 538/656/1582 536/1536/1582 537/1537/1582
f 536/1536/643 538/656/643 542/660/643
f 542/660/1581 541/1535/1581 536/1536/1581
f 547/662/1583 541/1535/1583 542/660/1583
f 546/1534/1583 541/1535/1583 547/662/1583
f 546/1534/1584 547/662/1584 551/664/1584
f 551/664/1585 550/1538/1585 546/1534/1585
f 545/1533/1586 546/1534/1586 550/1538/1586
f 550/1538/1587 549/1539/1587 545/1533/1587
f 556/674/1588 551/664/1588 552/663/1588
f 555/1540/1589 551/664/1589 556/674/1589
f 555/1540/1590 550/1538/1590 551/664/1590
f 555/1540/1591 554/1541/1591 550/1538/1591
f 550/1538/1592 554/1541/1592 549/1539/1592
f 554/1541/1593 619/1542/1593 549/1539/1593
f 615/1543/1593 549/1539/1593 619/1542/1593
f 615/1543/1594 619/1542/1594 614/1544/1594
f 615/1543/1595 614/1544/1595 611/1545/1595
f 610/1546/1596 611/1545/1596 614/1544/1596
f 618/1547/1597 614/1544/1597 619/1542/1597
f 598/1548/1044 604/996/1044 596/1009/1044
f 604/996/1598 598/1548/1598 606/1549/1598
f 604/996/1599 606/1549/1599 609/994/1599
f 610/1546/1599 609/994/1599 606/1549/1599
f 610/1546/1600 614/1544/1600 609/994/1600
f 609/994/1601 614/1544/1601 612/997/1601
f 614/1544/1602 618/1547/1602 612/997/1602
f 617/1550/1603 612/997/1603 618/1547/1603
f 617/1550/1604 616/991/1604 612/997/1604
f 617/1550/1605 591/1500/1605 616/991/1605
f 611/1545/1606 610/1546/1606 607/1551/1606
f 606/1549/1606 607/1551/1606 610/1546/1606
f 601/1552/1607 607/1551/1607 606/1549/1607
f 601/1552/1598 606/1549/1598 598/1548/1598
f 601/1552/1608 598/1548/1608 600/1553/1608
f 597/1554/1608 600/1553/1608 598/1548/1608
f 598/1548/1609 596/1009/1609 597/1554/1609
f 599/1555/1609 597/1554/1609 596/1009/1609
f 596/1009/1610 718/1012/1610 599/1555/1610
f 719/1016/1610 599/1555/1610 718/1012/1610
f 603/1556/1607 607/1551/1607 601/1552/1607
f 544/1532/1587 545/1533/1587 549/1539/1587
f 549/1539/1611 615/1543/1611 544/1532/1611
f 615/1543/1611 611/1545/1611 544/1532/1611
f 544/1532/1612 611/1545/1612 539/1531/1612
f 607/1551/1612 539/1531/1612 611/1545/1612
f 529/1528/1613 539/1531/1613 607/1551/1613
f 607/1551/1613 603/1556/1613 529/1528/1613
f 602/1529/1576 529/1528/1576 603/1556/1576
f 603/1556/1614 601/1552/1614 602/1529/1614
f 600/1553/1614 602/1529/1614 601/1552/1614
f 1223/1557/1615 1221/1558/1615 1222/1559/1615
f 1103/770/1616 1827/760/1616 1222/1559/1616
f 1103/770/1617 1222/1559/1617 1104/771/1617
f 1104/771/1618 1222/1559/1618 1224/1560/1618
f 1224/1560/1619 1222/1559/1619 1221/1558/1619
f 1224/1560/1620 1221/1558/1620 1220/1561/1620
f 1218/1562/1621 1220/1561/1621 1221/1558/1621
f 1220/1561/1622 1218/1562/1622 1217/1563/1622
f 1219/1564/1623 1217/1563/1623 1218/1562/1623
f 1272/1565/1624 1219/1564/1624 1218/1562/1624
f 1273/1566/1625 1272/1565/1625 1218/1562/1625
f 1218/1562/1626 1221/1558/1626 1273/1566/1626
f 1274/762/1627 1273/1566/1627 1221/1558/1627
f 1221/1558/1628 1223/1557/1628 1274/762/1628
f 1275/758/1629 1274/762/1629 1223/1557/1629
f 1223/1557/1630 1828/759/1630 1275/758/1630
f 1223/1557/1631 1222/1559/1631 1828/759/1631
f 1827/760/1632 1828/759/1632 1222/1559/1632
f 411/1567/1633 281/1568/1633 256/1569/1633
f 411/1567/1634 493/1570/1634 281/1568/1634
f 493/1570/1635 411/1567/1635 412/1571/1635
f 412/1571/1636 491/1572/1636 493/1570/1636
f 494/1573/1637 493/1570/1637 491/1572/1637
f 493/1570/1638 494/1573/1638 279/1574/1638
f 494/1573/1639 280/1575/1639 279/1574/1639
f 493/1570/1638 279/1574/1638 281/1568/1638
f 444/1576/1640 302/1577/1640 280/1575/1640
f 494/1573/1639 444/1576/1639 280/1575/1639
f 494/1573/1641 490/1578/1641 444/1576/1641
f 491/1572/1642 490/1578/1642 494/1573/1642
f 491/1572/1643 489/1579/1643 490/1578/1643
f 492/1580/1644 489/1579/1644 491/1572/1644
f 412/1571/1645 492/1580/1645 491/1572/1645
f 415/1581/1645 492/1580/1645 412/1571/1645
f 345/1582/1646 344/1583/1646 415/1581/1646
f 492/1580/1647 415/1581/1647 344/1583/1647
f 344/1583/1648 368/1584/1648 492/1580/1648
f 489/1579/1648 492/1580/1648 368/1584/1648
f 368/1584/1649 367/1585/1649 489/1579/1649
f 367/1585/1649 447/1586/1649 489/1579/1649
f 489/1579/1650 447/1586/1650 490/1578/1650
f 490/1578/1650 447/1586/1650 445/1587/1650
f 445/1587/1651 444/1576/1651 490/1578/1651
f 444/1576/1652 445/1587/1652 442/1588/1652
f 367/1585/1653 366/1589/1653 447/1586/1653
f 447/1586/1654 366/1589/1654 446/1590/1654
f 447/1586/1655 446/1590/1655 445/1587/1655
f 445/1587/1655 446/1590/1655 443/1591/1655
f 443/1591/1656 442/1588/1656 445/1587/1656
f 443/1591/1657 441/1592/1657 442/1588/1657
f 438/1593/1657 442/1588/1657 441/1592/1657
f 441/1592/1658 439/1594/1658 438/1593/1658
f 440/1595/1658 438/1593/1658 439/1594/1658
f 439/1594/1659 450/1596/1659 440/1595/1659
f 441/1592/1660 448/1597/1660 439/1594/1660
f 449/1598/1660 439/1594/1660 448/1597/1660
f 439/1594/1661 449/1598/1661 450/1596/1661
f 451/1599/1662 450/1596/1662 449/1598/1662
f 450/1596/1663 451/1599/1663 454/1600/1663
f 452/1601/1663 454/1600/1663 451/1599/1663
f 452/1601/1664 453/1602/1664 454/1600/1664
f 466/1603/1665 440/1595/1665 450/1596/1665
f 450/1596/1666 454/1600/1666 466/1603/1666
f 465/1604/1666 466/1603/1666 454/1600/1666
f 464/1605/1667 465/1604/1667 454/1600/1667
f 455/1606/1667 464/1605/1667 454/1600/1667
f 455/1606/1664 454/1600/1664 453/1602/1664
f 453/1602/1668 456/1607/1668 455/1606/1668
f 456/1607/1669 453/1602/1669 24/1608/1669
f 24/1608/1670 25/1609/1670 456/1607/1670
f 464/1605/1671 58/1610/1671 465/1604/1671
f 56/1611/1672 58/1610/1672 464/1605/1672
f 462/1612/1672 56/1611/1672 464/1605/1672
f 462/1612/1673 464/1605/1673 455/1606/1673
f 457/1613/1674 462/1612/1674 455/1606/1674
f 457/1613/1675 455/1606/1675 456/1607/1675
f 456/1607/1676 458/1614/1676 457/1613/1676
f 458/1614/1677 456/1607/1677 25/1609/1677
f 25/1609/1678 31/1615/1678 458/1614/1678
f 460/1616/1678 458/1614/1678 31/1615/1678
f 52/1617/1679 56/1611/1679 462/1612/1679
f 463/1618/1680 52/1617/1680 462/1612/1680
f 463/1618/1681 462/1612/1681 457/1613/1681
f 459/1619/1682 463/1618/1682 457/1613/1682
f 459/1619/1683 457/1613/1683 458/1614/1683
f 458/1614/1684 460/1616/1684 459/1619/1684
f 461/1620/1685 459/1619/1685 460/1616/1685
f 461/1620/1686 460/1616/1686 467/1621/1686
f 467/1621/1687 469/1622/1687 461/1620/1687
f 470/1623/1688 469/1622/1688 467/1621/1688
f 470/1623/1689 54/1624/1689 469/1622/1689
f 77/1625/1690 54/1624/1690 470/1623/1690
f 461/1620/1691 469/1622/1691 459/1619/1691
f 469/1622/1692 463/1618/1692 459/1619/1692
f 469/1622/1693 54/1624/1693 463/1618/1693
f 54/1624/1693 52/1617/1693 463/1618/1693
f 460/1616/1694 31/1615/1694 468/1626/1694
f 468/1626/1695 467/1621/1695 460/1616/1695
f 467/1621/1696 468/1626/1696 471/1627/1696
f 471/1627/1697 470/1623/1697 467/1621/1697
f 472/1628/1697 470/1623/1697 471/1627/1697
f 77/1625/1698 470/1623/1698 472/1628/1698
f 79/1629/1698 77/1625/1698 472/1628/1698
f 79/1629/1699 472/1628/1699 473/1630/1699
f 80/1631/1699 79/1629/1699 473/1630/1699
f 80/1631/1700 473/1630/1700 474/1632/1700
f 475/1633/1701 472/1628/1701 471/1627/1701
f 473/1630/1702 472/1628/1702 475/1633/1702
f 476/1634/1703 473/1630/1703 475/1633/1703
f 474/1632/1704 473/1630/1704 476/1634/1704
f 428/1635/1705 474/1632/1705 476/1634/1705
f 476/1634/1706 477/1636/1706 428/1635/1706
f 429/1637/1707 428/1635/1707 477/1636/1707
f 477/1636/1708 478/1638/1708 429/1637/1708
f 421/1639/1709 429/1637/1709 478/1638/1709
f 478/1638/1709 420/1640/1709 421/1639/1709
f 83/1641/1710 80/1631/1710 474/1632/1710
f 110/1642/1711 83/1641/1711 474/1632/1711
f 110/1642/1712 474/1632/1712 428/1635/1712
f 109/1643/1713 110/1642/1713 428/1635/1713
f 109/1643/1713 428/1635/1713 429/1637/1713
f 108/1644/1714 109/1643/1714 429/1637/1714
f 108/1644/1714 429/1637/1714 421/1639/1714
f 105/1645/1715 108/1644/1715 421/1639/1715
f 105/1645/1716 421/1639/1716 419/1646/1716
f 105/1645/1717 419/1646/1717 423/1647/1717
f 418/1648/1718 420/1640/1718 417/1649/1718
f 419/1646/1719 421/1639/1719 420/1640/1719
f 420/1640/1719 418/1648/1719 419/1646/1719
f 422/1650/1720 419/1646/1720 418/1648/1720
f 418/1648/1721 417/1649/1721 422/1650/1721
f 417/1649/1722 416/1651/1722 422/1650/1722
f 168/1652/1723 416/1651/1723 417/1649/1723
f 416/1651/1723 168/1652/1723 166/1653/1723
f 419/1646/1720 422/1650/1720 423/1647/1720
f 430/1654/1724 423/1647/1724 422/1650/1724
f 422/1650/1725 416/1651/1725 430/1654/1725
f 416/1651/1726 432/1655/1726 430/1654/1726
f 416/1651/1727 166/1653/1727 432/1655/1727
f 166/1653/1728 163/1656/1728 432/1655/1728
f 432/1655/1729 163/1656/1729 435/1657/1729
f 163/1656/1729 162/1658/1729 435/1657/1729
f 435/1657/1730 162/1658/1730 434/1659/1730
f 162/1658/1731 165/1660/1731 434/1659/1731
f 430/1654/1732 432/1655/1732 436/1661/1732
f 435/1657/1733 436/1661/1733 432/1655/1733
f 436/1661/1734 435/1657/1734 433/1662/1734
f 434/1659/1734 433/1662/1734 435/1657/1734
f 434/1659/1735 404/1663/1735 433/1662/1735
f 403/1664/1735 433/1662/1735 404/1663/1735
f 404/1663/1736 402/1665/1736 403/1664/1736
f 401/1666/1737 403/1664/1737 402/1665/1737
f 402/1665/1738 400/1667/1738 401/1666/1738
f 399/1668/1739 401/1666/1739 400/1667/1739
f 399/1668/1740 396/1669/1740 393/1670/1740
f 392/1671/1741 399/1668/1741 393/1670/1741
f 401/1666/1742 399/1668/1742 392/1671/1742
f 512/1672/1743 401/1666/1743 392/1671/1743
f 403/1664/1744 401/1666/1744 512/1672/1744
f 511/1673/1745 403/1664/1745 512/1672/1745
f 433/1662/1746 403/1664/1746 511/1673/1746
f 510/1674/1746 433/1662/1746 511/1673/1746
f 510/1674/1747 437/1675/1747 433/1662/1747
f 436/1661/1747 433/1662/1747 437/1675/1747
f 431/1676/1748 436/1661/1748 437/1675/1748
f 436/1661/1749 431/1676/1749 430/1654/1749
f 423/1647/1724 430/1654/1724 431/1676/1724
f 511/1673/1750 512/1672/1750 245/1677/1750
f 247/1678/1750 511/1673/1750 245/1677/1750
f 510/1674/1751 511/1673/1751 247/1678/1751
f 129/1679/1752 510/1674/1752 247/1678/1752
f 127/1680/1753 510/1674/1753 129/1679/1753
f 127/1680/1754 437/1675/1754 510/1674/1754
f 127/1680/1755 112/1681/1755 437/1675/1755
f 431/1676/1755 437/1675/1755 112/1681/1755
f 106/1682/1756 431/1676/1756 112/1681/1756
f 106/1682/1757 423/1647/1757 431/1676/1757
f 105/1645/1717 423/1647/1717 106/1682/1717
f 400/1667/1758 397/1683/1758 399/1668/1758
f 396/1669/1759 399/1668/1759 397/1683/1759
f 396/1669/1760 397/1683/1760 395/1684/1760
f 396/1669/1761 395/1684/1761 393/1670/1761
f 393/1670/1761 395/1684/1761 394/1685/1761
f 393/1670/1762 394/1685/1762 248/1686/1762
f 248/1686/1763 392/1671/1763 393/1670/1763
f 392/1671/1763 248/1686/1763 246/1687/1763
f 512/1672/1764 392/1671/1764 246/1687/1764
f 245/1677/1765 512/1672/1765 246/1687/1765
f 394/1685/1766 250/1688/1766 248/1686/1766
f 395/1684/1767 398/1689/1767 407/1690/1767
f 395/1684/1768 407/1690/1768 394/1685/1768
f 394/1685/1768 407/1690/1768 409/1691/1768
f 394/1685/1769 409/1691/1769 250/1688/1769
f 409/1691/1769 252/1692/1769 250/1688/1769
f 409/1691/1770 410/1693/1770 252/1692/1770
f 410/1693/1770 254/1694/1770 252/1692/1770
f 410/1693/1771 411/1695/1771 254/1694/1771
f 411/1695/1772 256/1696/1772 254/1694/1772
f 371/1697/1773 398/1689/1773 370/1698/1773
f 371/1697/1774 408/1699/1774 398/1689/1774
f 408/1699/1767 407/1690/1767 398/1689/1767
f 407/1690/1775 408/1699/1775 413/1700/1775
f 407/1690/1776 413/1700/1776 409/1691/1776
f 409/1691/1777 413/1700/1777 410/1693/1777
f 413/1700/1778 412/1701/1778 410/1693/1778
f 410/1693/1778 412/1701/1778 411/1695/1778
f 374/1702/1779 345/1703/1779 415/1704/1779
f 374/1702/1780 415/1704/1780 414/1705/1780
f 415/1704/1781 412/1701/1781 414/1705/1781
f 413/1700/1781 414/1705/1781 412/1701/1781
f 414/1705/1782 413/1700/1782 408/1699/1782
f 373/1706/1783 414/1705/1783 408/1699/1783
f 371/1697/1774 373/1706/1774 408/1699/1774
f 373/1706/1783 374/1702/1783 414/1705/1783
f 882/1707/1784 881/1708/1784 764/1709/1784
f 764/1709/1785 766/1710/1785 882/1707/1785
f 883/1711/1786 882/1707/1786 766/1710/1786
f 766/1710/1787 1386/1712/1787 883/1711/1787
f 1463/1713/1788 883/1711/1788 1386/1712/1788
f 1463/1713/1789 1386/1712/1789 1442/1714/1789
f 1442/1714/1790 1461/1715/1790 1463/1713/1790
f 1442/1714/1791 1444/1716/1791 1461/1715/1791
f 1462/1717/1792 1461/1715/1792 1444/1716/1792
f 1444/1716/1793 1443/1718/1793 1445/1719/1793
f 1444/1716/1794 1442/1714/1794 1443/1718/1794
f 1443/1718/1795 1442/1714/1795 1387/1720/1795
f 1386/1712/1796 1387/1720/1796 1442/1714/1796
f 1387/1720/1797 1386/1712/1797 767/1721/1797
f 766/1710/1798 767/1721/1798 1386/1712/1798
f 766/1710/1799 765/1722/1799 767/1721/1799
f 766/1710/1800 764/1709/1800 765/1722/1800
f 764/1709/1801 763/1723/1801 765/1722/1801
f 764/1709/1802 762/1724/1802 763/1723/1802
f 762/1724/1803 764/1709/1803 881/1708/1803
f 762/1724/1804 881/1708/1804 788/1725/1804
f 907/1726/1805 788/1725/1805 881/1708/1805
f 907/1726/1806 903/1727/1806 788/1725/1806
f 907/1726/1807 906/1077/1807 903/1727/1807
f 902/1076/1808 903/1727/1808 906/1077/1808
f 898/1050/1809 903/1727/1809 902/1076/1809
f 902/1076/1810 896/1074/1810 898/1050/1810
f 892/1051/1083 898/1050/1083 896/1074/1083
f 892/1051/1101 896/1074/1101 893/1062/1101
f 784/1728/1811 788/1725/1811 903/1727/1811
f 899/1729/1812 784/1728/1812 903/1727/1812
f 784/1728/1813 899/1729/1813 780/1730/1813
f 903/1727/1814 898/1050/1814 899/1729/1814
f 899/1729/1082 898/1050/1082 895/1048/1082
f 895/1048/1815 777/1040/1815 899/1729/1815
f 780/1730/1815 899/1729/1815 777/1040/1815
f 777/1040/1816 776/1036/1816 780/1730/1816
f 781/1035/1816 780/1730/1816 776/1036/1816
f 780/1730/1817 781/1035/1817 784/1728/1817
f 785/1034/1818 784/1728/1818 781/1035/1818
f 788/1725/1819 784/1728/1819 785/1034/1819
f 788/1725/1820 785/1034/1820 789/1041/1820
f 763/1723/1821 788/1725/1821 789/1041/1821
f 762/1724/1822 788/1725/1822 763/1723/1822
f 482/1731/1823 471/1627/1823 468/1626/1823
f 471/1627/1824 482/1731/1824 475/1633/1824
f 481/1732/1825 475/1633/1825 482/1731/1825
f 475/1633/1826 481/1732/1826 476/1634/1826
f 480/1733/1827 476/1634/1827 481/1732/1827
f 480/1733/1828 479/1734/1828 476/1634/1828
f 477/1636/1829 476/1634/1829 479/1734/1829
f 427/1735/1830 477/1636/1830 479/1734/1830
f 478/1638/1831 477/1636/1831 427/1735/1831
f 425/1736/1832 478/1638/1832 427/1735/1832
f 420/1640/1833 478/1638/1833 425/1736/1833
f 417/1649/1834 420/1640/1834 425/1736/1834
f 417/1649/1835 425/1736/1835 168/1652/1835
f 425/1736/1836 424/1737/1836 168/1652/1836
f 425/1736/1837 427/1735/1837 424/1737/1837
f 427/1735/1837 426/1738/1837 424/1737/1837
f 427/1735/1838 479/1734/1838 426/1738/1838
f 479/1734/1838 483/1739/1838 426/1738/1838
f 479/1734/1839 480/1733/1839 483/1739/1839
f 484/1740/1840 483/1739/1840 480/1733/1840
f 484/1740/1841 480/1733/1841 485/1741/1841
f 481/1732/1842 485/1741/1842 480/1733/1842
f 485/1741/1843 481/1732/1843 486/1742/1843
f 482/1731/1843 486/1742/1843 481/1732/1843
f 486/1742/1844 482/1731/1844 487/1743/1844
f 468/1626/1844 487/1743/1844 482/1731/1844
f 487/1743/1845 468/1626/1845 31/1615/1845
f 443/1591/1846 446/1590/1846 441/1592/1846
f 448/1597/1846 441/1592/1846 446/1590/1846
f 366/1589/1847 448/1597/1847 446/1590/1847
f 448/1597/1847 366/1589/1847 365/1744/1847
f 365/1744/1848 449/1598/1848 448/1597/1848
f 364/1745/1849 449/1598/1849 365/1744/1849
f 364/1745/1850 451/1599/1850 449/1598/1850
f 363/1746/1850 451/1599/1850 364/1745/1850
f 363/1746/1851 452/1601/1851 451/1599/1851
f 9/1747/1852 452/1601/1852 363/1746/1852
f 9/1747/1853 10/1748/1853 452/1601/1853
f 453/1602/1854 452/1601/1854 10/1748/1854
f 10/1748/1669 24/1608/1669 453/1602/1669
f 204/1749/1855 373/1750/1855 371/1751/1855
f 204/1749/1856 203/1752/1856 375/1753/1856
f 204/1749/1856 375/1753/1856 372/1754/1856
f 373/1750/1857 204/1749/1857 372/1754/1857
f 372/1754/1858 374/1755/1858 373/1750/1858
f 374/1755/1858 372/1754/1858 351/1756/1858
f 351/1756/1859 345/1757/1859 374/1755/1859
f 345/1757/1859 351/1756/1859 347/1758/1859
f 347/1758/1860 346/1759/1860 345/1757/1860
f 347/1758/1861 342/1760/1861 346/1759/1861
f 343/1761/1861 346/1759/1861 342/1760/1861
f 351/1756/1862 342/1760/1862 347/1758/1862
f 339/1762/1863 338/1763/1863 342/1760/1863
f 333/1764/1864 319/1765/1864 337/1766/1864
f 334/1767/1865 333/1764/1865 337/1766/1865
f 334/1767/1866 337/1766/1866 338/1763/1866
f 338/1763/1867 336/1768/1867 334/1767/1867
f 336/1768/1868 338/1763/1868 339/1762/1868
f 336/1768/1869 339/1762/1869 340/1769/1869
f 342/1760/1870 340/1769/1870 339/1762/1870
f 340/1769/1870 342/1760/1870 352/1770/1870
f 352/1770/1862 342/1760/1862 351/1756/1862
f 351/1756/1871 372/1754/1871 352/1770/1871
f 375/1753/1871 352/1770/1871 372/1754/1871
f 352/1770/1872 375/1753/1872 340/1769/1872
f 333/1764/1873 328/1771/1873 318/1772/1873
f 328/1771/1874 333/1764/1874 332/1773/1874
f 334/1767/1874 332/1773/1874 333/1764/1874
f 332/1773/1875 334/1767/1875 335/1774/1875
f 336/1768/1875 335/1774/1875 334/1767/1875
f 336/1768/1876 341/1775/1876 335/1774/1876
f 341/1775/1877 336/1768/1877 340/1769/1877
f 377/1776/1878 341/1775/1878 340/1769/1878
f 377/1776/1872 340/1769/1872 375/1753/1872
f 377/1776/1879 375/1753/1879 203/1752/1879
f 326/1777/1880 321/1778/1880 320/1779/1880
f 326/1777/1881 320/1779/1881 328/1771/1881
f 330/1780/1882 326/1777/1882 328/1771/1882
f 330/1780/1882 328/1771/1882 332/1773/1882
f 508/1781/1883 330/1780/1883 332/1773/1883
f 508/1781/1883 332/1773/1883 335/1774/1883
f 378/1782/1884 508/1781/1884 335/1774/1884
f 378/1782/1876 335/1774/1876 341/1775/1876
f 341/1775/1885 379/1783/1885 378/1782/1885
f 379/1783/1886 341/1775/1886 377/1776/1886
f 321/1778/1887 322/1784/1887 314/1785/1887
f 323/1786/1887 322/1784/1887 321/1778/1887
f 326/1777/1888 323/1786/1888 321/1778/1888
f 327/1787/1889 323/1786/1889 326/1777/1889
f 330/1780/1890 327/1787/1890 326/1777/1890
f 331/1788/1890 327/1787/1890 330/1780/1890
f 508/1781/1891 331/1788/1891 330/1780/1891
f 322/1784/1892 323/1786/1892 295/1789/1892
f 325/1790/1893 295/1789/1893 323/1786/1893
f 323/1786/1894 327/1787/1894 325/1790/1894
f 329/1791/1894 325/1790/1894 327/1787/1894
f 327/1787/1895 331/1788/1895 329/1791/1895
f 325/1790/1896 286/1792/1896 295/1789/1896
f 285/1793/1896 286/1792/1896 325/1790/1896
f 329/1791/1897 285/1793/1897 325/1790/1897
f 284/1794/1898 287/1795/1898 286/1792/1898
f 286/1792/1899 285/1793/1899 284/1794/1899
f 271/1796/1895 329/1791/1895 331/1788/1895
f 271/1796/1900 277/1797/1900 329/1791/1900
f 277/1797/1897 285/1793/1897 329/1791/1897
f 285/1793/1901 277/1797/1901 282/1798/1901
f 282/1798/1899 284/1794/1899 285/1793/1899
f 282/1798/1902 278/1799/1902 284/1794/1902
f 284/1794/1902 278/1799/1902 283/1800/1902
f 284/1794/1903 283/1800/1903 296/1801/1903
f 284/1794/1903 296/1801/1903 287/1795/1903
f 290/1802/1904 287/1795/1904 296/1801/1904
f 290/1802/1904 296/1801/1904 297/1803/1904
f 290/1802/1905 297/1803/1905 299/1804/1905
f 298/1805/1905 290/1802/1905 299/1804/1905
f 299/1804/1906 297/1803/1906 303/1806/1906
f 303/1806/1907 60/1807/1907 299/1804/1907
f 59/1808/1907 299/1804/1907 60/1807/1907
f 59/1808/1908 47/1809/1908 299/1804/1908
f 298/1805/1908 299/1804/1908 47/1809/1908
f 294/1810/1909 298/1805/1909 47/1809/1909
f 298/1805/1910 294/1810/1910 290/1802/1910
f 290/1802/1910 294/1810/1910 289/1811/1910
f 289/1811/1911 287/1795/1911 290/1802/1911
f 287/1795/1911 289/1811/1911 288/1812/1911
f 288/1812/1912 291/1813/1912 292/1814/1912
f 291/1813/1913 288/1812/1913 289/1811/1913
f 305/1815/1914 324/1816/1914 292/1814/1914
f 291/1813/1915 305/1815/1915 292/1814/1915
f 306/1817/1916 305/1815/1916 291/1813/1916
f 293/1818/1916 306/1817/1916 291/1813/1916
f 293/1818/1917 291/1813/1917 289/1811/1917
f 294/1810/1918 293/1818/1918 289/1811/1918
f 288/1812/1898 286/1792/1898 287/1795/1898
f 288/1812/1919 292/1814/1919 286/1792/1919
f 292/1814/1919 295/1789/1919 286/1792/1919
f 292/1814/1920 324/1816/1920 295/1789/1920
f 324/1816/1921 322/1784/1921 295/1789/1921
f 324/1816/1922 312/1819/1922 322/1784/1922
f 314/1785/1922 322/1784/1922 312/1819/1922
f 312/1819/1923 313/1820/1923 314/1785/1923
f 314/1785/1924 313/1820/1924 321/1778/1924
f 320/1779/1924 321/1778/1924 313/1820/1924
f 306/1817/1925 304/1821/1925 305/1815/1925
f 307/1822/1925 305/1815/1925 304/1821/1925
f 305/1815/1926 307/1822/1926 324/1816/1926
f 312/1819/1926 324/1816/1926 307/1822/1926
f 307/1822/1927 311/1823/1927 312/1819/1927
f 312/1819/1923 311/1823/1923 313/1820/1923
f 313/1820/1928 311/1823/1928 315/1824/1928
f 320/1779/1929 313/1820/1929 315/1824/1929
f 320/1779/1929 315/1824/1929 318/1772/1929
f 320/1779/1873 318/1772/1873 328/1771/1873
f 310/1825/1930 309/1826/1930 389/1827/1930
f 304/1821/1931 309/1826/1931 310/1825/1931
f 304/1821/1931 310/1825/1931 307/1822/1931
f 307/1822/1927 310/1825/1927 311/1823/1927
f 311/1823/1932 310/1825/1932 316/1828/1932
f 316/1828/1933 315/1824/1933 311/1823/1933
f 316/1828/1934 317/1829/1934 315/1824/1934
f 318/1772/1935 315/1824/1935 317/1829/1935
f 318/1772/1935 317/1829/1935 319/1765/1935
f 333/1764/1936 318/1772/1936 319/1765/1936
f 389/1827/1937 316/1828/1937 310/1825/1937
f 316/1828/1938 389/1827/1938 357/1830/1938
f 316/1828/1934 357/1830/1934 317/1829/1934
f 343/1761/1863 342/1760/1863 338/1763/1863
f 338/1763/1939 348/1831/1939 343/1761/1939
f 337/1766/1939 348/1831/1939 338/1763/1939
f 348/1831/1940 337/1766/1940 349/1832/1940
f 319/1765/1940 349/1832/1940 337/1766/1940
f 349/1832/1941 319/1765/1941 350/1833/1941
f 317/1829/1941 350/1833/1941 319/1765/1941
f 317/1829/1942 356/1834/1942 350/1833/1942
f 356/1834/1942 317/1829/1942 357/1830/1942
f 356/1834/1943 357/1830/1943 391/1835/1943
f 343/1761/1944 353/1836/1944 346/1759/1944
f 348/1831/1944 353/1836/1944 343/1761/1944
f 353/1836/1945 348/1831/1945 354/1837/1945
f 349/1832/1945 354/1837/1945 348/1831/1945
f 349/1832/1946 350/1833/1946 354/1837/1946
f 346/1759/1860 344/1838/1860 345/1757/1860
f 346/1759/1947 353/1836/1947 344/1838/1947
f 368/1839/1948 344/1838/1948 353/1836/1948
f 353/1836/1949 354/1837/1949 368/1839/1949
f 367/1840/1950 368/1839/1950 354/1837/1950
f 354/1837/1951 355/1841/1951 367/1840/1951
f 355/1841/1946 354/1837/1946 350/1833/1946
f 355/1841/1952 350/1833/1952 358/1842/1952
f 356/1834/1952 358/1842/1952 350/1833/1952
f 359/1843/1953 358/1842/1953 356/1834/1953
f 360/1844/1954 363/1845/1954 364/1846/1954
f 360/1844/1955 364/1846/1955 358/1842/1955
f 358/1842/1955 364/1846/1955 365/1847/1955
f 358/1842/1956 365/1847/1956 355/1841/1956
f 365/1847/1956 366/1848/1956 355/1841/1956
f 366/1848/1957 367/1840/1957 355/1841/1957
f 360/1844/1953 358/1842/1953 359/1843/1953
f 360/1844/1958 359/1843/1958 362/1849/1958
f 362/1849/1959 363/1845/1959 360/1844/1959
f 363/1845/1960 362/1849/1960 9/1850/1960
f 7/1851/1960 9/1850/1960 362/1849/1960
f 7/1851/1961 362/1849/1961 5/1852/1961
f 361/1853/1961 5/1852/1961 362/1849/1961
f 361/1853/1962 390/1854/1962 5/1852/1962
f 359/1843/1963 390/1854/1963 361/1853/1963
f 362/1849/1958 359/1843/1958 361/1853/1958
f 2/1855/1964 390/1854/1964 3/1856/1964
f 5/1852/1962 390/1854/1962 2/1855/1962
f 359/1843/1943 356/1834/1943 391/1835/1943
f 359/1843/1963 391/1835/1963 390/1854/1963
f 308/1857/1965 390/1854/1965 391/1835/1965
f 308/1857/1966 3/1856/1966 390/1854/1966
f 14/1858/1967 3/1856/1967 308/1857/1967
f 391/1835/1968 357/1830/1968 389/1827/1968
f 308/1857/1969 391/1835/1969 389/1827/1969
f 308/1857/1930 389/1827/1930 309/1826/1930
f 14/1858/1970 308/1857/1970 309/1826/1970
f 16/1859/1971 14/1858/1971 309/1826/1971
f 16/1859/1971 309/1826/1971 304/1821/1971
f 306/1817/1972 16/1859/1972 304/1821/1972
f 50/1860/1972 16/1859/1972 306/1817/1972
f 293/1818/1973 50/1860/1973 306/1817/1973
f 49/1861/1974 50/1860/1974 293/1818/1974
f 294/1810/1975 49/1861/1975 293/1818/1975
f 46/1862/1976 49/1861/1976 294/1810/1976
f 47/1809/1909 46/1862/1909 294/1810/1909
f 269/1863/1977 261/1864/1977 270/1865/1977
f 265/1866/1978 270/1865/1978 261/1864/1978
f 266/1867/1979 265/1866/1979 261/1864/1979
f 265/1866/1980 266/1867/1980 272/1868/1980
f 273/1869/1980 272/1868/1980 266/1867/1980
f 273/1869/1981 275/1870/1981 272/1868/1981
f 265/1866/1982 272/1868/1982 270/1865/1982
f 269/1863/1983 509/1871/1983 383/1872/1983
f 269/1863/1983 270/1865/1983 509/1871/1983
f 270/1865/1984 271/1796/1984 509/1871/1984
f 272/1868/1985 271/1796/1985 270/1865/1985
f 272/1868/1900 277/1797/1900 271/1796/1900
f 275/1870/1981 277/1797/1981 272/1868/1981
f 275/1870/1901 282/1798/1901 277/1797/1901
f 282/1798/1986 275/1870/1986 278/1799/1986
f 276/1873/1986 278/1799/1986 275/1870/1986
f 276/1873/1987 275/1870/1987 273/1869/1987
f 274/1874/1987 276/1873/1987 273/1869/1987
f 266/1867/1988 274/1874/1988 273/1869/1988
f 255/1875/1988 274/1874/1988 266/1867/1988
f 267/1876/1989 260/1877/1989 269/1863/1989
f 261/1864/1989 269/1863/1989 260/1877/1989
f 261/1864/1990 260/1877/1990 258/1878/1990
f 258/1878/1979 266/1867/1979 261/1864/1979
f 253/1879/1991 266/1867/1991 258/1878/1991
f 253/1879/1991 255/1875/1991 266/1867/1991
f 256/1880/1992 255/1875/1992 253/1879/1992
f 255/1875/1993 256/1880/1993 274/1874/1993
f 281/1881/1993 274/1874/1993 256/1880/1993
f 274/1874/1994 281/1881/1994 276/1873/1994
f 251/1882/1995 253/1879/1995 257/1883/1995
f 258/1878/1996 257/1883/1996 253/1879/1996
f 257/1883/1990 258/1878/1990 260/1877/1990
f 254/1884/1992 256/1880/1992 253/1879/1992
f 254/1884/1997 253/1879/1997 251/1882/1997
f 252/1885/1998 254/1884/1998 251/1882/1998
f 252/1885/1999 251/1882/1999 249/1886/1999
f 251/1882/2000 257/1883/2000 249/1886/2000
f 259/1887/2000 249/1886/2000 257/1883/2000
f 257/1883/2001 260/1877/2001 259/1887/2001
f 259/1887/2001 260/1877/2001 262/1888/2001
f 262/1888/2002 260/1877/2002 267/1876/2002
f 262/1888/2002 267/1876/2002 268/1889/2002
f 242/1890/2003 243/1891/2003 249/1886/2003
f 249/1886/2003 259/1887/2003 242/1890/2003
f 259/1887/2004 262/1888/2004 242/1890/2004
f 263/1892/2004 242/1890/2004 262/1888/2004
f 250/1893/2005 252/1885/2005 249/1886/2005
f 250/1893/2006 249/1886/2006 243/1891/2006
f 248/1894/2007 250/1893/2007 243/1891/2007
f 243/1891/2008 246/1895/2008 248/1894/2008
f 240/1896/2008 246/1895/2008 243/1891/2008
f 242/1890/2009 240/1896/2009 243/1891/2009
f 240/1896/2009 242/1890/2009 238/1897/2009
f 242/1890/2010 263/1892/2010 238/1897/2010
f 239/1898/2010 238/1897/2010 263/1892/2010
f 239/1898/2011 263/1892/2011 264/1899/2011
f 241/1900/2012 237/1901/2012 244/1902/2012
f 241/1900/2013 240/1896/2013 237/1901/2013
f 238/1897/2013 237/1901/2013 240/1896/2013
f 229/1903/2014 237/1901/2014 238/1897/2014
f 239/1898/2014 229/1903/2014 238/1897/2014
f 229/1903/2015 239/1898/2015 231/1904/2015
f 240/1896/2016 245/1905/2016 246/1895/2016
f 241/1900/2016 245/1905/2016 240/1896/2016
f 241/1900/2017 247/1906/2017 245/1905/2017
f 244/1902/2018 247/1906/2018 241/1900/2018
f 244/1902/2019 129/1907/2019 247/1906/2019
f 128/1908/2019 129/1907/2019 244/1902/2019
f 130/1909/2020 128/1908/2020 244/1902/2020
f 130/1909/2020 244/1902/2020 236/1910/2020
f 236/1910/2012 244/1902/2012 237/1901/2012
f 236/1910/2021 237/1901/2021 228/1911/2021
f 141/1912/2022 230/1913/2022 142/1914/2022
f 230/1913/2023 141/1912/2023 228/1911/2023
f 131/1915/2024 228/1911/2024 141/1912/2024
f 131/1915/2025 130/1909/2025 228/1911/2025
f 228/1911/2025 130/1909/2025 236/1910/2025
f 229/1903/2021 228/1911/2021 237/1901/2021
f 230/1913/2026 228/1911/2026 229/1903/2026
f 230/1913/2026 229/1903/2026 231/1904/2026
f 232/1916/2027 230/1913/2027 231/1904/2027
f 232/1916/2028 142/1914/2028 230/1913/2028
f 143/1917/2029 142/1914/2029 232/1916/2029
f 264/1899/2030 231/1904/2030 239/1898/2030
f 233/1918/2031 231/1904/2031 264/1899/2031
f 232/1916/2027 231/1904/2027 233/1918/2027
f 232/1916/2032 233/1918/2032 227/1919/2032
f 143/1917/2029 232/1916/2029 227/1919/2029
f 227/1919/2033 226/1920/2033 143/1917/2033
f 144/1921/2033 143/1917/2033 226/1920/2033
f 262/1888/2034 268/1889/2034 263/1892/2034
f 263/1892/2034 268/1889/2034 387/1922/2034
f 387/1922/2011 264/1899/2011 263/1892/2011
f 388/1923/2035 264/1899/2035 387/1922/2035
f 233/1918/2036 264/1899/2036 388/1923/2036
f 233/1918/2037 388/1923/2037 234/1924/2037
f 234/1924/2032 227/1919/2032 233/1918/2032
f 227/1919/2038 234/1924/2038 225/1925/2038
f 226/1920/2038 227/1919/2038 225/1925/2038
f 215/1926/2039 226/1920/2039 225/1925/2039
f 216/1927/2039 226/1920/2039 215/1926/2039
f 216/1927/2040 144/1921/2040 226/1920/2040
f 146/1928/2041 144/1921/2041 216/1927/2041
f 150/1929/2042 217/1930/2042 151/1931/2042
f 150/1929/2043 146/1928/2043 217/1930/2043
f 217/1930/2044 146/1928/2044 216/1927/2044
f 217/1930/2045 216/1927/2045 210/1932/2045
f 216/1927/2046 215/1926/2046 210/1932/2046
f 210/1932/2047 215/1926/2047 211/1933/2047
f 215/1926/2048 214/1934/2048 211/1933/2048
f 215/1926/2049 225/1925/2049 214/1934/2049
f 214/1934/2050 225/1925/2050 224/1935/2050
f 225/1925/2051 234/1924/2051 224/1935/2051
f 210/1932/2052 206/1936/2052 208/1937/2052
f 206/1936/2052 210/1932/2052 211/1933/2052
f 211/1933/2053 212/1938/2053 206/1936/2053
f 211/1933/2054 214/1934/2054 212/1938/2054
f 214/1934/2054 213/1939/2054 212/1938/2054
f 214/1934/2055 224/1935/2055 213/1939/2055
f 213/1939/2056 224/1935/2056 220/1940/2056
f 224/1935/2057 235/1941/2057 220/1940/2057
f 235/1941/2057 221/1942/2057 220/1940/2057
f 221/1942/2058 235/1941/2058 386/1943/2058
f 213/1939/2059 223/1944/2059 212/1938/2059
f 220/1940/2060 222/1945/2060 213/1939/2060
f 222/1945/2061 223/1944/2061 213/1939/2061
f 222/1945/2062 380/1946/2062 223/1944/2062
f 381/1947/2063 382/1948/2063 380/1946/2063
f 222/1945/2064 381/1947/2064 380/1946/2064
f 219/1949/2064 381/1947/2064 222/1945/2064
f 222/1945/2065 220/1940/2065 219/1949/2065
f 221/1942/2065 219/1949/2065 220/1940/2065
f 386/1943/2066 219/1949/2066 221/1942/2066
f 386/1943/2066 385/1950/2066 219/1949/2066
f 385/1950/2067 381/1947/2067 219/1949/2067
f 385/1950/2067 384/1951/2067 381/1947/2067
f 384/1951/2068 382/1948/2068 381/1947/2068
f 384/1951/2069 383/1872/2069 382/1948/2069
f 383/1872/2070 508/1781/2070 382/1948/2070
f 383/1872/2070 509/1871/2070 508/1781/2070
f 509/1871/1891 331/1788/1891 508/1781/1891
f 331/1788/1984 509/1871/1984 271/1796/1984
f 234/1924/2051 235/1941/2051 224/1935/2051
f 235/1941/2037 234/1924/2037 388/1923/2037
f 388/1923/2058 386/1943/2058 235/1941/2058
f 388/1923/2071 387/1922/2071 386/1943/2071
f 387/1922/2072 385/1950/2072 386/1943/2072
f 387/1922/2072 268/1889/2072 385/1950/2072
f 268/1889/2073 384/1951/2073 385/1950/2073
f 268/1889/2073 267/1876/2073 384/1951/2073
f 267/1876/2074 383/1872/2074 384/1951/2074
f 267/1876/2074 269/1863/2074 383/1872/2074
f 382/1948/1884 508/1781/1884 378/1782/1884
f 382/1948/2075 378/1782/2075 380/1946/2075
f 380/1946/1885 378/1782/1885 379/1783/1885
f 379/1783/2062 223/1944/2062 380/1946/2062
f 223/1944/2076 379/1783/2076 376/1952/2076
f 212/1938/2059 223/1944/2059 376/1952/2059
f 202/1953/2077 212/1938/2077 376/1952/2077
f 202/1953/2053 206/1936/2053 212/1938/2053
f 207/1954/2078 206/1936/2078 202/1953/2078
f 206/1936/2079 207/1954/2079 208/1937/2079
f 209/1955/2079 208/1937/2079 207/1954/2079
f 209/1955/2080 488/1956/2080 208/1937/2080
f 218/1957/2080 208/1937/2080 488/1956/2080
f 207/1954/2078 202/1953/2078 205/1958/2078
f 405/1959/2081 209/1955/2081 207/1954/2081
f 405/1959/2082 406/1960/2082 209/1955/2082
f 488/1956/2083 209/1955/2083 406/1960/2083
f 406/1960/2084 165/1961/2084 488/1956/2084
f 164/1962/2084 488/1956/2084 165/1961/2084
f 164/1962/2085 151/1931/2085 488/1956/2085
f 218/1957/2085 488/1956/2085 151/1931/2085
f 218/1957/2042 151/1931/2042 217/1930/2042
f 218/1957/2086 217/1930/2086 208/1937/2086
f 210/1932/2086 208/1937/2086 217/1930/2086
f 376/1952/2076 379/1783/2076 377/1776/2076
f 203/1752/1879 376/1952/1879 377/1776/1879
f 202/1953/2077 376/1952/2077 203/1752/2077
f 204/1749/2087 202/1953/2087 203/1752/2087
f 205/1958/2087 202/1953/2087 204/1749/2087
f 205/1958/2088 204/1749/2088 371/1751/2088
f 205/1958/2089 371/1751/2089 370/1963/2089
f 369/1964/2090 205/1958/2090 370/1963/2090
f 369/1964/2090 207/1954/2090 205/1958/2090
f 207/1954/2081 369/1964/2081 405/1959/2081
f 2046/1965/2091 2051/1966/2091 2052/1967/2091
f 2048/1968/2092 2047/1969/2092 2046/1965/2092
f 2052/1967/2091 2048/1968/2091 2046/1965/2091
f 2048/1968/2093 2052/1967/2093 2037/1970/2093
f 1895/251/2094 2047/1969/2094 2031/249/2094
f 2047/1969/2095 2048/1968/2095 2031/249/2095
f 2029/248/2095 2031/249/2095 2048/1968/2095
f 2037/1970/2093 2029/248/2093 2048/1968/2093
f 2029/248/259 2037/1970/259 2038/247/259
f 2043/1971/2096 2050/1972/2096 2051/1966/2096
f 2051/1966/2096 2046/1965/2096 2043/1971/2096
f 2046/1965/2097 2045/1973/2097 2043/1971/2097
f 2045/1973/2098 2046/1965/2098 2047/1969/2098
f 1913/1974/2099 2045/1973/2099 2047/1969/2099
f 1913/1974/2099 1912/1975/2099 2045/1973/2099
f 1913/1974/2100 1902/1976/2100 1912/1975/2100
f 1899/1977/2101 1912/1975/2101 1902/1976/2101
f 1912/1975/2101 1899/1977/2101 1910/437/2101
f 1912/1975/2102 1910/437/2102 2041/438/2102
f 1911/428/2103 1910/437/2103 1901/426/2103
f 1899/1977/2103 1901/426/2103 1910/437/2103
f 1901/426/2104 1899/1977/2104 1898/425/2104
f 1900/1978/2104 1898/425/2104 1899/1977/2104
f 1899/1977/2105 1902/1976/2105 1900/1978/2105
f 1903/255/2105 1900/1978/2105 1902/1976/2105
f 1902/1976/266 1904/253/266 1903/255/266
f 1902/1976/2100 1913/1974/2100 1904/253/2100
f 1895/251/264 1904/253/264 1913/1974/264
f 1895/251/2094 1913/1974/2094 2047/1969/2094
f 1903/255/267 1909/256/267 1908/1979/267
f 1903/255/2106 1908/1979/2106 1900/1978/2106
f 1900/1978/2106 1908/1979/2106 1906/1980/2106
f 1900/1978/2107 1906/1980/2107 1898/425/2107
f 1898/425/2107 1906/1980/2107 1907/1981/2107
f 1907/1981/2108 1925/1982/2108 1898/425/2108
f 1920/423/2108 1898/425/2108 1925/1982/2108
f 1925/1982/2109 1924/1983/2109 1920/423/2109
f 1918/413/2109 1920/423/2109 1924/1983/2109
f 1924/1983/406 1923/414/406 1918/413/406
f 7/1984/2110 5/1985/2110 8/1986/2110
f 9/1987/2111 7/1984/2111 8/1986/2111
f 8/1986/2111 10/1988/2111 9/1987/2111
f 10/1988/2112 8/1986/2112 18/1989/2112
f 18/1989/2113 24/1990/2113 10/1988/2113
f 3/184/2114 1/177/2114 2/1991/2114
f 2/1991/2115 1/177/2115 5/1985/2115
f 6/178/2115 5/1985/2115 1/177/2115
f 6/178/2110 8/1986/2110 5/1985/2110
f 6/178/2116 11/168/2116 8/1986/2116
f 18/1989/2116 8/1986/2116 11/168/2116
f 11/168/179 23/169/179 18/1989/179
f 18/1989/2117 23/169/2117 24/1990/2117
f 25/1992/2117 24/1990/2117 23/169/2117
f 23/169/2118 30/170/2118 25/1992/2118
f 31/1993/2118 25/1992/2118 30/170/2118
f 487/1994/2119 31/1993/2119 30/170/2119
f 487/1994/2120 30/170/2120 497/92/2120
f 497/92/2121 486/1995/2121 487/1994/2121
f 486/1995/2122 497/92/2122 498/91/2122
f 498/91/2123 485/1996/2123 486/1995/2123
f 485/1996/2123 498/91/2123 499/93/2123
f 499/93/2124 484/110/2124 485/1996/2124
f 484/110/2124 499/93/2124 496/98/2124
f 496/98/123 495/99/123 484/110/123
f 1800/820/2125 1718/1997/2125 1801/822/2125
f 1800/820/2126 1719/819/2126 1718/1997/2126
f 1718/1997/2127 1719/819/2127 1717/839/2127
f 1718/1997/2128 1717/839/2128 1716/1998/2128
f 1717/839/2129 1714/1999/2129 1716/1998/2129
f 1716/1998/2130 1714/1999/2130 1713/2000/2130
f 1715/2001/2131 1713/2000/2131 1714/1999/2131
f 1715/2001/2132 1728/2002/2132 1713/2000/2132
f 1727/2003/2133 1713/2000/2133 1728/2002/2133
f 1728/2002/2134 1725/893/2134 1727/2003/2134
f 1726/892/2135 1727/2003/2135 1725/893/2135
f 1756/2004/814 1793/2005/814 1763/2006/814
f 1792/2007/814 1763/2006/814 1793/2005/814
f 1690/2008/814 1692/842/814 1793/2005/814
f 1692/842/814 1792/2007/814 1793/2005/814
f 1792/2007/814 1692/842/814 1795/841/814
f 1795/841/814 1762/845/814 1792/2007/814
f 1763/2006/814 1792/2007/814 1762/845/814
f 1763/2006/814 1762/845/814 1744/785/814
f 1763/2006/814 1744/785/814 1756/2004/814
f 1757/860/2136 1756/2004/2136 1744/785/2136
f 1757/860/2137 1794/2009/2137 1756/2004/2137
f 1793/2005/2138 1756/2004/2138 1794/2009/2138
f 1794/2009/2139 1694/863/2139 1793/2005/2139
f 1690/2008/2140 1793/2005/2140 1694/863/2140
f 1694/863/2141 1693/865/2141 1690/2008/2141
f 1691/2010/2142 1690/2008/2142 1693/865/2142
f 1691/2010/2143 1689/2011/2143 1690/2008/2143
f 1692/842/2143 1690/2008/2143 1689/2011/2143
f 1692/842/2144 1689/2011/2144 1703/840/2144
f 1709/834/2145 1711/2012/2145 1710/835/2145
f 1712/2013/2146 1710/835/2146 1711/2012/2146
f 1711/2012/2147 1698/2014/2147 1712/2013/2147
f 1700/2015/2148 1712/2013/2148 1698/2014/2148
f 1700/2015/2149 1698/2014/2149 1697/2016/2149
f 1699/2017/2150 1697/2016/2150 1698/2014/2150
f 1697/2016/2151 1699/2017/2151 1701/2018/2151
f 1702/843/2152 1701/2018/2152 1699/2017/2152
f 1702/843/2153 1703/840/2153 1701/2018/2153
f 1704/2019/2154 1701/2018/2154 1703/840/2154
f 1704/2019/2144 1703/840/2144 1689/2011/2144
f 1466/2020/2155 1464/2021/2155 1465/2022/2155
f 1467/2023/2156 1466/2020/2156 1465/2022/2156
f 1466/2020/2157 1467/2023/2157 1395/2024/2157
f 1394/2025/2158 1395/2024/2158 1467/2023/2158
f 1395/2024/2159 1394/2025/2159 938/2026/2159
f 939/2027/2160 938/2026/2160 1394/2025/2160
f 934/2028/2161 938/2026/2161 939/2027/2161
f 935/1090/2162 934/2028/2162 939/2027/2162
f 936/1088/2163 934/2028/2163 935/1090/2163
f 937/1089/2164 935/1090/2164 1053/1096/2164
f 1054/2029/2165 1053/1096/2165 935/1090/2165
f 935/1090/2166 939/2027/2166 1054/2029/2166
f 1055/2030/2167 1054/2029/2167 939/2027/2167
f 939/2027/2168 1394/2025/2168 1055/2030/2168
f 1485/2031/2169 1055/2030/2169 1394/2025/2169
f 1394/2025/2170 1467/2023/2170 1485/2031/2170
f 1483/2032/2171 1485/2031/2171 1467/2023/2171
f 1467/2023/2172 1465/2022/2172 1483/2032/2172
f 1484/2033/2173 1483/2032/2173 1465/2022/2173
f 142/2034/2174 133/2035/2174 141/2036/2174
f 133/2035/2175 132/2037/2175 141/2036/2175
f 141/2036/2176 132/2037/2176 131/2038/2176
f 130/2039/2177 131/2038/2177 132/2037/2177
f 130/2039/2178 125/2040/2178 128/2041/2178
f 125/2040/2178 130/2039/2178 126/2042/2178
f 132/2037/2177 126/2042/2177 130/2039/2177
f 132/2037/2179 124/2043/2179 126/2042/2179
f 124/2043/2179 132/2037/2179 123/2044/2179
f 132/2037/2180 133/2035/2180 123/2044/2180
f 122/133/2181 123/2044/2181 133/2035/2181
f 134/134/143 122/133/143 133/2035/143
f 134/134/2182 133/2035/2182 142/2034/2182
f 134/134/2183 142/2034/2183 143/2045/2183
f 126/2042/2184 124/2043/2184 125/2040/2184
f 111/2046/2184 125/2040/2184 124/2043/2184
f 118/135/2185 123/2044/2185 122/133/2185
f 118/135/2186 119/136/2186 123/2044/2186
f 124/2043/2186 123/2044/2186 119/136/2186
f 119/136/2187 107/130/2187 124/2043/2187
f 111/2046/2187 124/2043/2187 107/130/2187
f 112/132/142 111/2046/142 107/130/142
f 111/2046/2188 112/132/2188 127/2047/2188
f 127/2047/2189 125/2040/2189 111/2046/2189
f 125/2040/2190 127/2047/2190 129/2048/2190
f 129/2048/2190 128/2041/2190 125/2040/2190
f 808/2049/2191 806/2050/2191 805/2051/2191
f 805/2051/2191 809/2052/2191 808/2049/2191
f 810/2053/2192 808/2049/2192 809/2052/2192
f 809/2052/2192 811/2054/2192 810/2053/2192
f 748/2055/2193 810/2053/2193 811/2054/2193
f 811/2054/2193 749/2056/2193 748/2055/2193
f 750/2057/2194 748/2055/2194 749/2056/2194
f 749/2056/2194 751/2058/2194 750/2057/2194
f 752/2059/2195 750/2057/2195 751/2058/2195
f 751/2058/2195 753/2060/2195 752/2059/2195
f 976/2061/2196 1099/2062/2196 1098/2063/2196
f 977/2064/2196 976/2061/2196 1098/2063/2196
f 978/2065/2197 976/2061/2197 977/2064/2197
f 979/2066/2197 978/2065/2197 977/2064/2197
f 980/2067/2198 978/2065/2198 979/2066/2198
f 981/2068/2198 980/2067/2198 979/2066/2198
f 982/2069/2199 980/2067/2199 981/2068/2199
f 983/2070/2199 982/2069/2199 981/2068/2199
f 920/2071/2200 982/2069/2200 983/2070/2200
f 923/2072/2200 920/2071/2200 983/2070/2200
f 923/2072/2201 921/2073/2201 920/2071/2201
f 922/2074/2201 920/2071/2201 921/2073/2201
f 921/2073/2202 924/2075/2202 922/2074/2202
f 925/2076/2202 922/2074/2202 924/2075/2202
f 924/2075/2203 926/2077/2203 925/2076/2203
f 927/2078/2203 925/2076/2203 926/2077/2203
f 926/2077/2204 807/2079/2204 927/2078/2204
f 804/2080/2204 927/2078/2204 807/2079/2204
f 807/2079/2205 805/2051/2205 804/2080/2205
f 806/2050/2205 804/2080/2205 805/2051/2205
f 1267/2081/2206 1264/2082/2206 1268/2083/2206
f 1269/2084/2206 1268/2083/2206 1264/2082/2206
f 1268/2083/2207 1269/2084/2207 1270/2085/2207
f 1271/2086/2207 1270/2085/2207 1269/2084/2207
f 1270/2085/2208 1271/2086/2208 1150/2087/2208
f 1148/2088/2208 1150/2087/2208 1271/2086/2208
f 1150/2087/2209 1148/2088/2209 1149/2089/2209
f 1151/2090/2209 1149/2089/2209 1148/2088/2209
f 1149/2089/2210 1151/2090/2210 1152/2091/2210
f 1153/2092/2210 1152/2091/2210 1151/2090/2210
f 1153/2092/2211 1154/2093/2211 1152/2091/2211
f 1155/2094/2211 1152/2091/2211 1154/2093/2211
f 1154/2093/2212 1095/2095/2212 1155/2094/2212
f 1092/2096/2212 1155/2094/2212 1095/2095/2212
f 1095/2095/2213 1093/2097/2213 1092/2096/2213
f 1094/2098/2213 1092/2096/2213 1093/2097/2213
f 1093/2097/2214 1096/2099/2214 1094/2098/2214
f 1097/2100/2214 1094/2098/2214 1096/2099/2214
f 1096/2099/2215 1098/2063/2215 1097/2100/2215
f 1099/2062/2215 1097/2100/2215 1098/2063/2215
f 639/2101/2216 638/2102/2216 577/2103/2216
f 638/2102/2216 576/2104/2216 577/2103/2216
f 577/2103/2217 576/2104/2217 575/2105/2217
f 576/2104/2217 574/2106/2217 575/2105/2217
f 575/2105/2218 574/2106/2218 579/2107/2218
f 574/2106/2218 578/2108/2218 579/2107/2218
f 579/2107/2219 578/2108/2219 581/2109/2219
f 578/2108/2219 580/2110/2219 581/2109/2219
f 581/2109/2220 580/2110/2220 583/2111/2220
f 580/2110/2220 582/2112/2220 583/2111/2220
f 582/2112/2221 1306/2113/2221 583/2111/2221
f 1307/2114/2222 583/2111/2222 1306/2113/2222
f 1306/2113/2223 1308/2115/2223 1307/2114/2223
f 1309/2116/2223 1307/2114/2223 1308/2115/2223
f 1308/2115/2224 1310/2117/2224 1309/2116/2224
f 1311/2118/2224 1309/2116/2224 1310/2117/2224
f 1310/2117/2225 1266/2119/2225 1311/2118/2225
f 1265/2120/2225 1311/2118/2225 1266/2119/2225
f 1266/2119/2226 1264/2082/2226 1265/2120/2226
f 1267/2081/2226 1265/2120/2226 1264/2082/2226
f 1656/2121/2227 1655/2122/2227 1653/2123/2227
f 1654/2124/2228 1653/2123/2228 1655/2122/2228
f 1654/2124/2229 1651/2125/2229 1653/2123/2229
f 1652/2126/2230 1653/2123/2230 1651/2125/2230
f 1641/2127/2231 1639/2128/2231 1640/2129/2231
f 1640/2129/2232 1642/2130/2232 1641/2127/2232
f 1642/2130/2233 1662/2131/2233 1641/2127/2233
f 1661/2132/2234 1641/2127/2234 1662/2131/2234
f 1659/2133/2235 1661/2132/2235 1662/2131/2235
f 1660/2134/2236 1659/2133/2236 1662/2131/2236
f 1658/2135/2237 1659/2133/2237 1660/2134/2237
f 1657/2136/2238 1658/2135/2238 1660/2134/2238
f 1658/2135/2239 1657/2136/2239 1656/2121/2239
f 1655/2122/2240 1656/2121/2240 1657/2136/2240
f 753/2137/2241 754/2138/2241 752/2139/2241
f 755/2140/2241 752/2139/2241 754/2138/2241
f 754/2138/2242 635/2141/2242 755/2140/2242
f 632/2142/2242 755/2140/2242 635/2141/2242
f 635/2141/2243 633/2143/2243 632/2142/2243
f 634/2144/2243 632/2142/2243 633/2143/2243
f 633/2143/2244 636/2145/2244 634/2144/2244
f 637/2146/2244 634/2144/2244 636/2145/2244
f 636/2145/2245 638/2102/2245 637/2146/2245
f 639/2101/2245 637/2146/2245 638/2102/2245
f 1626/2147/2246 1627/2148/2246 1625/2149/2246
f 1628/2150/2247 1625/2149/2247 1627/2148/2247
f 1627/2148/2248 1629/2151/2248 1628/2150/2248
f 1630/2152/2249 1628/2150/2249 1629/2151/2249
f 1630/2152/2250 1629/2151/2250 1632/2153/2250
f 1629/2151/2251 1631/2154/2251 1632/2153/2251
f 1633/2155/2252 1632/2153/2252 1631/2154/2252
f 1633/2155/2253 1631/2154/2253 1634/2156/2253
f 1635/2157/2254 1633/2155/2254 1634/2156/2254
f 1635/2157/2255 1634/2156/2255 1636/2158/2255
f 1637/2159/2256 1635/2157/2256 1636/2158/2256
f 1637/2159/2257 1636/2158/2257 1638/2160/2257
f 1615/2161/2258 1637/2159/2258 1638/2160/2258
f 1615/2161/2259 1638/2160/2259 1616/2162/2259
f 1652/2163/2260 1651/2164/2260 1650/2165/2260
f 1651/2164/2261 1649/2166/2261 1650/2165/2261
f 1650/2165/2262 1649/2166/2262 1648/2167/2262
f 1649/2166/2263 1647/2168/2263 1648/2167/2263
f 1648/2167/2264 1647/2168/2264 1646/2169/2264
f 1647/2168/2265 1645/2170/2265 1646/2169/2265
f 1646/2169/2266 1645/2170/2266 1643/2171/2266
f 1645/2170/2267 1644/2172/2267 1643/2171/2267
f 1644/2172/2268 1640/2129/2268 1643/2171/2268
f 1639/2128/2269 1643/2171/2269 1640/2129/2269
f 1601/2173/2270 1603/2174/2270 1602/2175/2270
f 1604/2176/2271 1602/2175/2271 1603/2174/2271
f 1603/2174/2272 1605/2177/2272 1604/2176/2272
f 1606/2178/2273 1604/2176/2273 1605/2177/2273
f 1605/2177/2274 1607/2179/2274 1606/2178/2274
f 1608/2180/2275 1606/2178/2275 1607/2179/2275
f 1607/2179/2276 1609/2181/2276 1608/2180/2276
f 1610/2182/2277 1609/2181/2277 1607/2179/2277
f 1610/2182/2278 1611/2183/2278 1609/2181/2278
f 1612/2184/2279 1609/2181/2279 1611/2183/2279
f 1611/2183/2280 1613/2185/2280 1612/2184/2280
f 1614/2186/2281 1613/2185/2281 1611/2183/2281
f 1614/2186/2282 1592/2187/2282 1613/2185/2282
f 1594/2188/2283 1613/2185/2283 1592/2187/2283
f 1617/2189/2284 1615/2190/2284 1616/2191/2284
f 1618/2192/2285 1617/2189/2285 1616/2191/2285
f 1619/2193/2286 1617/2189/2286 1618/2192/2286
f 1620/2194/2287 1619/2193/2287 1618/2192/2287
f 1619/2193/2288 1620/2194/2288 1621/2195/2288
f 1622/2196/2289 1621/2195/2289 1620/2194/2289
f 1621/2195/2290 1622/2196/2290 1623/2197/2290
f 1624/2198/2291 1623/2197/2291 1622/2196/2291
f 1623/2197/2292 1624/2198/2292 1625/2149/2292
f 1626/2147/2293 1625/2149/2293 1624/2198/2293
f 1594/2199/2294 1592/2200/2294 1591/2201/2294
f 1593/2202/2295 1591/2201/2295 1592/2200/2295
f 1591/2201/2296 1593/2202/2296 1595/2203/2296
f 1596/2204/2297 1595/2203/2297 1593/2202/2297
f 1595/2203/2298 1596/2204/2298 1597/2205/2298
f 1598/2206/2299 1597/2205/2299 1596/2204/2299
f 1598/2206/2300 1599/2207/2300 1597/2205/2300
f 1600/2208/2301 1597/2205/2301 1599/2207/2301
f 1599/2207/2302 1601/2173/2302 1600/2208/2302
f 1602/2175/2303 1600/2208/2303 1601/2173/2303
f 2045/1973/2102 1912/1975/2102 2041/438/2102
f 2041/438/2304 2043/1971/2304 2045/1973/2304
f 2043/1971/427 2041/438/427 2042/439/427
f 2050/1972/2305 2043/1971/2305 2042/439/2305
f 2042/439/2305 2049/2209/2305 2050/1972/2305
f 2049/2209/2306 2042/439/2306 2064/2210/2306
f 2060/440/2306 2064/2210/2306 2042/439/2306
f 2064/2210/2307 2060/440/2307 2063/2211/2307
f 2058/441/2307 2063/2211/2307 2060/440/2307
f 2063/2211/435 2058/441/435 2062/446/435
f 434/1659/2308 165/1660/2308 406/2212/2308
f 434/1659/2309 406/2212/2309 404/1663/2309
f 406/2212/2310 405/2213/2310 404/1663/2310
f 402/1665/2310 404/1663/2310 405/2213/2310
f 402/1665/2311 405/2213/2311 369/2214/2311
f 402/1665/2312 369/2214/2312 400/1667/2312
f 400/1667/2313 369/2214/2313 370/1698/2313
f 400/1667/2313 370/1698/2313 397/1683/2313
f 397/1683/2314 370/1698/2314 398/1689/2314
f 398/1689/1760 395/1684/1760 397/1683/1760
f 279/2215/1994 276/1873/1994 281/1881/1994
f 276/1873/2315 279/2215/2315 278/1799/2315
f 280/2216/2316 278/1799/2316 279/2215/2316
f 278/1799/2317 280/2216/2317 283/1800/2317
f 302/2217/2318 283/1800/2318 280/2216/2318
f 300/2218/2319 283/1800/2319 302/2217/2319
f 300/2218/2319 296/1801/2319 283/1800/2319
f 296/1801/2320 300/2218/2320 301/2219/2320
f 301/2219/2320 297/1803/2320 296/1801/2320
f 301/2219/2321 303/1806/2321 297/1803/2321
f 444/1576/2322 442/1588/2322 302/1577/2322
f 438/1593/2323 302/1577/2323 442/1588/2323
f 438/1593/2323 300/2220/2323 302/1577/2323
f 440/1595/2324 300/2220/2324 438/1593/2324
f 440/1595/2325 301/2221/2325 300/2220/2325
f 466/1603/2326 301/2221/2326 440/1595/2326
f 466/1603/2326 303/2222/2326 301/2221/2326
f 465/1604/2327 303/2222/2327 466/1603/2327
f 465/1604/2328 60/2223/2328 303/2222/2328
f 58/1610/2329 60/2223/2329 465/1604/2329
f 147/77/116 154/104/116 155/78/116
f 147/77/128 148/115/128 154/104/128
f 147/77/2330 140/76/2330 148/115/2330
f 148/115/126 140/76/126 145/111/126
f 140/76/89 137/75/89 145/111/89
f 145/111/2331 137/75/2331 144/112/2331
f 137/75/2332 143/2045/2332 144/112/2332
f 137/75/2332 135/62/2332 143/2045/2332
f 135/62/2183 134/134/2183 143/2045/2183
f 120/59/75 134/134/75 135/62/75
