# Blender v2.78 (sub 0) OBJ File: ''
# www.blender.org
mtllib wheel.mtl
o Scallop_Wheel_SM
v 14.111829 6.282988 -6.737438
v 15.109757 3.211675 -6.737438
v 14.060568 2.988665 -7.469130
v 13.131931 5.846710 -7.469130
v 12.497143 9.079706 -6.737438
v 11.629366 8.449230 -7.469130
v 10.336278 11.479593 -6.737438
v 9.618544 10.682471 -7.469130
v 7.723660 13.377767 -6.737438
v 7.187346 12.448842 -7.469130
v 4.442024 13.671144 -7.469130
v 4.773485 14.691271 -6.737438
v 1.614687 15.362694 -6.737438
v 1.502566 14.295939 -7.469130
v -1.502562 14.295939 -7.469130
v -1.614682 15.362694 -6.737438
v -4.442022 13.671144 -7.469130
v -4.773482 14.691271 -6.737438
v -7.723655 13.377767 -6.737438
v -7.187343 12.448843 -7.469130
v -10.336267 11.479593 -6.737438
v -9.618538 10.682472 -7.469130
v -11.629361 8.449231 -7.469130
v -12.497137 9.079707 -6.737438
v -13.131927 5.846712 -7.469130
v -14.111822 6.282989 -6.737438
v -15.109750 3.211679 -6.737438
v -14.060560 2.988666 -7.469130
v -15.447310 0.000002 -6.737438
v -14.374681 0.000002 -7.469130
v -14.060559 -2.988662 -7.469130
v -15.109750 -3.211674 -6.737438
v -13.131927 -5.846707 -7.469130
v -14.111822 -6.282985 -6.737438
v -11.629361 -8.449222 -7.469130
v -12.497135 -9.079702 -6.737438
v -9.618538 -10.682467 -7.469130
v -10.336267 -11.479589 -6.737438
v -7.187343 -12.448836 -7.469130
v -7.723655 -13.377762 -6.737438
v -4.442022 -13.671131 -7.469130
v -4.773483 -14.691260 -6.737438
v -1.502564 -14.295936 -7.469130
v -1.614685 -15.362685 -6.737438
v 1.502561 -14.295936 -7.469130
v 1.614683 -15.362685 -6.737438
v 4.773480 -14.691260 -6.737438
v 4.442020 -13.671130 -7.469130
v 7.723652 -13.377762 -6.737438
v 7.187337 -12.448834 -7.469130
v 10.336263 -11.479589 -6.737438
v 9.618536 -10.682466 -7.469130
v 12.497131 -9.079701 -6.737438
v 11.629355 -8.449220 -7.469130
v 13.131923 -5.846706 -7.469130
v 14.111813 -6.282984 -6.737438
v 14.060553 -2.988662 -7.469130
v 15.109742 -3.211674 -6.737438
v 15.447303 0.000000 -6.737438
v 14.374673 0.000001 -7.469130
v -1.614682 15.362694 6.427453
v 1.502566 14.295939 7.159144
v 1.614687 15.362694 6.427453
v -1.502562 14.295939 7.159144
v 4.442024 13.671144 7.159144
v 4.773485 14.691270 6.427453
v 7.187346 12.448842 7.159144
v 7.723660 13.377767 6.427453
v 9.618544 10.682471 7.159144
v 10.336278 11.479593 6.427453
v 11.629366 8.449230 7.159144
v 12.497143 9.079706 6.427453
v 13.131931 5.846710 7.159144
v 14.111828 6.282988 6.427453
v 14.060568 2.988665 7.159144
v 15.109757 3.211676 6.427453
v 15.447303 0.000000 6.427453
v 14.374673 0.000001 7.159144
v 14.060553 -2.988662 7.159144
v 15.109742 -3.211674 6.427453
v 13.131923 -5.846706 7.159144
v 14.111814 -6.282984 6.427453
v 11.629355 -8.449220 7.159144
v 12.497131 -9.079701 6.427453
v 9.618536 -10.682466 7.159144
v 10.336263 -11.479588 6.427453
v 7.187337 -12.448834 7.159144
v 7.723652 -13.377762 6.427453
v 4.442020 -13.671130 7.159144
v 4.773480 -14.691260 6.427453
v 1.502561 -14.295936 7.159144
v 1.614683 -15.362684 6.427453
v -1.502564 -14.295936 7.159144
v -1.614684 -15.362684 6.427453
v -4.773483 -14.691260 6.427453
v -4.442022 -13.671131 7.159144
v -7.723655 -13.377762 6.427453
v -7.187343 -12.448836 7.159144
v -10.336267 -11.479589 6.427453
v -9.618538 -10.682467 7.159144
v -12.497136 -9.079702 6.427453
v -11.629361 -8.449222 7.159144
v -14.111822 -6.282985 6.427453
v -13.131927 -5.846707 7.159144
v -15.109750 -3.211674 6.427453
v -14.060559 -2.988662 7.159144
v -14.374681 0.000002 7.159144
v -15.447310 0.000002 6.427453
v -14.060560 2.988666 7.159144
v -15.109750 3.211679 6.427453
v -13.131927 5.846712 7.159144
v -14.111822 6.282989 6.427453
v -11.629361 8.449231 7.159144
v -12.497137 9.079707 6.427453
v -10.336267 11.479593 6.427453
v -9.618538 10.682472 7.159144
v -7.187343 12.448843 7.159144
v -7.723655 13.377768 6.427453
v -4.442022 13.671144 7.159144
v -4.773482 14.691271 6.427453
v -1.684551 16.027451 5.019357
v 1.684556 16.027451 5.019357
v 4.980041 15.326977 5.019357
v 8.057874 13.956637 5.019357
v 10.783535 11.976325 5.019357
v 13.037913 9.472590 5.019357
v 14.722462 6.554860 5.019357
v 15.763574 3.350650 5.019357
v 16.115721 0.000000 5.019357
v 15.763557 -3.350647 5.019357
v 14.722448 -6.554856 5.019357
v 13.037895 -9.472586 5.019357
v 10.783529 -11.976318 5.019357
v 8.057861 -13.956630 5.019357
v 4.980032 -15.326968 5.019357
v 1.684551 -16.027447 5.019357
v -1.684554 -16.027447 5.019357
v -4.980035 -15.326968 5.019357
v -8.057869 -13.956632 5.019357
v -10.783530 -11.976320 5.019357
v -13.037901 -9.472587 5.019357
v -14.722453 -6.554857 5.019357
v -15.763565 -3.350647 5.019357
v -16.115738 0.000002 5.019357
v -15.763565 3.350651 5.019357
v -14.722453 6.554861 5.019357
v -13.037902 9.472591 5.019357
v -10.783530 11.976326 5.019357
v -8.057869 13.956637 5.019357
v -4.980034 15.326978 5.019357
v -1.721024 16.374475 2.968816
v 1.721030 16.374475 2.968816
v 1.735274 16.509993 0.885021
v -1.735268 16.509993 0.885021
v 5.087866 15.658830 2.968816
v 5.129974 15.788432 0.885021
v 8.232339 14.258823 2.968816
v 8.300470 14.376834 0.885021
v 11.017019 12.235635 2.968816
v 11.108198 12.336902 0.885021
v 13.320204 9.677691 2.968816
v 13.430447 9.757789 0.885021
v 15.041224 6.696782 2.968816
v 15.165716 6.752210 0.885021
v 16.104881 3.423195 2.968816
v 16.238173 3.451528 0.885021
v 16.464651 0.000000 2.968816
v 16.600933 -0.000000 0.885021
v 16.104858 -3.423194 2.968816
v 16.238161 -3.451527 0.885021
v 15.041210 -6.696778 2.968816
v 15.165703 -6.752205 0.885021
v 13.320185 -9.677680 2.968816
v 13.430431 -9.757784 0.885021
v 11.017004 -12.235623 2.968816
v 11.108189 -12.336899 0.885021
v 8.232326 -14.258811 2.968816
v 8.300467 -14.376826 0.885021
v 5.087857 -15.658819 2.968816
v 5.129968 -15.788422 0.885021
v 1.721024 -16.374468 2.968816
v 1.735269 -16.509985 0.885021
v -1.721027 -16.374468 2.968816
v -1.735271 -16.509985 0.885021
v -5.087862 -15.658819 2.968816
v -5.129971 -15.788422 0.885021
v -8.232329 -14.258813 2.968816
v -8.300468 -14.376828 0.885021
v -11.017008 -12.235624 2.968816
v -11.108192 -12.336899 0.885021
v -13.320190 -9.677687 2.968816
v -13.430437 -9.757785 0.885021
v -15.041219 -6.696779 2.968816
v -15.165709 -6.752209 0.885021
v -16.104874 -3.423194 2.968816
v -16.238169 -3.451527 0.885021
v -16.464659 0.000001 2.968816
v -16.600937 0.000001 0.885021
v -16.104874 3.423197 2.968816
v -16.238169 3.451530 0.885021
v -15.041219 6.696783 2.968816
v -15.165709 6.752211 0.885021
v -13.320190 9.677691 2.968816
v -13.430437 9.757790 0.885021
v -11.017008 12.235635 2.968816
v -11.108192 12.336901 0.885021
v -8.232329 14.258823 2.968816
v -8.300468 14.376834 0.885021
v -5.087859 15.658830 2.968816
v -5.129970 15.788431 0.885021
v 1.732537 16.483965 -1.200724
v -1.732531 16.483965 -1.200724
v 5.121884 15.763532 -1.200724
v 8.287380 14.354161 -1.200724
v 11.090685 12.317445 -1.200724
v 13.409266 9.742400 -1.200724
v 15.141799 6.741562 -1.200724
v 16.212568 3.446084 -1.200724
v 16.574751 -0.000000 -1.200724
v 16.212545 -3.446084 -1.200724
v 15.141785 -6.741557 -1.200724
v 13.409251 -9.742395 -1.200724
v 11.090670 -12.317441 -1.200724
v 8.287376 -14.354154 -1.200724
v 5.121878 -15.763522 -1.200724
v 1.732532 -16.483948 -1.200724
v -1.732535 -16.483948 -1.200724
v -5.121881 -15.763522 -1.200724
v -8.287376 -14.354156 -1.200724
v -11.090673 -12.317441 -1.200724
v -13.409260 -9.742396 -1.200724
v -15.141791 -6.741558 -1.200724
v -16.212551 -3.446084 -1.200724
v -16.574753 0.000001 -1.200724
v -16.212551 3.446087 -1.200724
v -15.141791 6.741562 -1.200724
v -13.409262 9.742401 -1.200724
v -11.090673 12.317445 -1.200724
v -8.287376 14.354161 -1.200724
v -5.121880 15.763532 -1.200724
v -1.721024 16.374475 -3.278802
v 1.721030 16.374475 -3.278802
v 1.684556 16.027451 -5.329342
v -1.684551 16.027451 -5.329342
v 5.087866 15.658830 -3.278802
v 4.980041 15.326978 -5.329342
v 8.232339 14.258823 -3.278802
v 8.057874 13.956637 -5.329342
v 11.017019 12.235635 -3.278802
v 10.783535 11.976325 -5.329342
v 13.320198 9.677691 -3.278802
v 13.037908 9.472590 -5.329342
v 15.041225 6.696782 -3.278802
v 14.722463 6.554859 -5.329342
v 16.104881 3.423195 -3.278802
v 15.763574 3.350648 -5.329342
v 16.464651 0.000000 -3.278802
v 16.115721 0.000000 -5.329342
v 16.104858 -3.423194 -3.278802
v 15.763557 -3.350647 -5.329342
v 15.041210 -6.696778 -3.278802
v 14.722447 -6.554856 -5.329342
v 13.320185 -9.677680 -3.278802
v 13.037895 -9.472586 -5.329342
v 11.017004 -12.235624 -3.278802
v 10.783529 -11.976319 -5.329342
v 8.232326 -14.258811 -3.278802
v 8.057861 -13.956630 -5.329342
v 5.087857 -15.658819 -3.278802
v 4.980032 -15.326968 -5.329342
v 1.721024 -16.374468 -3.278802
v 1.684551 -16.027447 -5.329342
v -1.721027 -16.374468 -3.278802
v -1.684554 -16.027447 -5.329342
v -5.087862 -15.658819 -3.278802
v -4.980035 -15.326968 -5.329342
v -8.232329 -14.258813 -3.278802
v -8.057869 -13.956632 -5.329342
v -11.017008 -12.235624 -3.278802
v -10.783530 -11.976320 -5.329342
v -13.320189 -9.677687 -3.278802
v -13.037900 -9.472587 -5.329342
v -15.041219 -6.696779 -3.278802
v -14.722453 -6.554857 -5.329342
v -16.104874 -3.423194 -3.278802
v -15.763565 -3.350647 -5.329342
v -16.464659 0.000001 -3.278802
v -16.115738 0.000002 -5.329342
v -16.104874 3.423197 -3.278802
v -15.763565 3.350651 -5.329342
v -15.041219 6.696783 -3.278802
v -14.722453 6.554861 -5.329342
v -13.320190 9.677691 -3.278802
v -13.037902 9.472591 -5.329342
v -11.017008 12.235635 -3.278802
v -10.783530 11.976326 -5.329342
v -8.232329 14.258823 -3.278802
v -8.057869 13.956637 -5.329342
v -5.087859 15.658830 -3.278802
v -4.980034 15.326978 -5.329342
v 13.472095 2.863582 -7.398978
v 12.582325 5.602011 -7.398978
v 11.142646 8.095607 -7.398978
v 9.215982 10.235382 -7.398978
v 6.886536 11.927826 -7.398978
v 4.256114 13.098968 -7.398978
v 1.439679 13.697617 -7.398978
v -1.439676 13.697617 -7.398978
v -4.256112 13.098968 -7.398978
v -6.886533 11.927826 -7.398978
v -9.215977 10.235383 -7.398978
v -11.142641 8.095608 -7.398978
v -12.582320 5.602012 -7.398978
v -13.472090 2.863583 -7.398978
v -13.773063 0.000002 -7.398978
v -13.472088 -2.863578 -7.398978
v -12.582319 -5.602007 -7.398978
v -11.142641 -8.095600 -7.398978
v -9.215977 -10.235376 -7.398978
v -6.886533 -11.927819 -7.398978
v -4.256112 -13.098958 -7.398978
v -1.439678 -13.697611 -7.398978
v 1.439675 -13.697611 -7.398978
v 4.256109 -13.098958 -7.398978
v 6.886528 -11.927818 -7.398978
v 9.215974 -10.235375 -7.398978
v 11.142635 -8.095598 -7.398978
v 12.582315 -5.602006 -7.398978
v 13.472082 -2.863578 -7.398978
v 13.773054 0.000001 -7.398978
v 13.019358 2.767349 7.035022
v 12.159490 5.413752 7.035022
v 10.768191 7.823549 7.035022
v 8.906274 9.891417 7.035022
v 6.655109 11.526984 7.035022
v 4.113086 12.658770 7.035022
v 1.391298 13.237302 7.035022
v -1.391295 13.237302 7.035022
v -4.113083 12.658770 7.035022
v -6.655107 11.526985 7.035022
v -8.906269 9.891418 7.035022
v -10.768187 7.823550 7.035022
v -12.159485 5.413754 7.035022
v -13.019354 2.767351 7.035022
v -13.310212 0.000002 7.035022
v -13.019353 -2.767346 7.035022
v -12.159484 -5.413750 7.035022
v -10.768187 -7.823544 7.035022
v -8.906269 -9.891412 7.035022
v -6.655107 -11.526978 7.035022
v -4.113084 -12.658762 7.035022
v -1.391297 -13.237295 7.035022
v 1.391294 -13.237295 7.035022
v 4.113079 -12.658762 7.035022
v 6.655103 -11.526977 7.035022
v 8.906265 -9.891410 7.035022
v 10.768181 -7.823542 7.035022
v 12.159479 -5.413749 7.035022
v 13.019346 -2.767346 7.035022
v 13.310205 0.000001 7.035022
v 13.019358 2.767349 -7.345007
v 11.493112 5.117062 -6.790337
v 12.159490 5.413752 -7.345007
v 12.305858 2.615690 -6.790337
v 10.178062 7.394794 -6.790337
v 10.768191 7.823549 -7.345007
v 8.906274 9.891417 -7.345007
v 8.418181 9.349338 -6.790337
v 6.290388 10.895268 -6.790337
v 6.655109 11.526984 -7.345007
v 3.887675 11.965029 -6.790337
v 4.113086 12.658770 -7.345007
v 1.315050 12.511858 -6.790337
v 1.391298 13.237302 -7.345007
v -1.315048 12.511858 -6.790337
v -1.391295 13.237302 -7.345007
v -3.887673 11.965029 -6.790337
v -4.113083 12.658770 -7.345007
v -6.655107 11.526985 -7.345007
v -6.290386 10.895269 -6.790337
v -8.906269 9.891418 -7.345007
v -8.418178 9.349338 -6.790337
v -10.768187 7.823550 -7.345007
v -10.178059 7.394794 -6.790337
v -12.159485 5.413754 -7.345007
v -11.493109 5.117063 -6.790337
v -13.019354 2.767351 -7.345007
v -12.305855 2.615691 -6.790337
v -12.580771 0.000002 -6.790337
v -13.310212 0.000002 -7.345007
v -12.305854 -2.615687 -6.790337
v -13.019353 -2.767346 -7.345007
v -11.493108 -5.117057 -6.790337
v -12.159484 -5.413750 -7.345007
v -10.178059 -7.394789 -6.790337
v -10.768187 -7.823544 -7.345007
v -8.418178 -9.349333 -6.790337
v -8.906269 -9.891412 -7.345007
v -6.655107 -11.526978 -7.345007
v -6.290386 -10.895263 -6.790337
v -3.887673 -11.965019 -6.790337
v -4.113084 -12.658762 -7.345007
v -1.315050 -12.511848 -6.790337
v -1.391297 -13.237295 -7.345007
v 1.315047 -12.511848 -6.790337
v 1.391294 -13.237295 -7.345007
v 4.113079 -12.658762 -7.345007
v 3.887670 -11.965018 -6.790337
v 6.290383 -10.895261 -6.790337
v 6.655103 -11.526977 -7.345007
v 8.418173 -9.349331 -6.790337
v 8.906265 -9.891410 -7.345007
v 10.178050 -7.394788 -6.790337
v 10.768181 -7.823542 -7.345007
v 11.493100 -5.117057 -6.790337
v 12.159479 -5.413749 -7.345007
v 13.019346 -2.767346 -7.345007
v 12.305844 -2.615687 -6.790337
v 12.580766 0.000001 -6.790337
v 13.310205 0.000001 -7.345007
v 11.838676 5.270917 6.767988
v 12.675858 2.694336 6.767988
v 10.484086 7.617134 6.767988
v 8.671292 9.630445 6.767988
v 6.479522 11.222858 6.767988
v 4.004566 12.324782 6.767988
v 1.354590 12.888053 6.767988
v -1.354588 12.888053 6.767988
v -4.004564 12.324782 6.767988
v -6.479520 11.222860 6.767988
v -8.671288 9.630445 6.767988
v -10.484082 7.617135 6.767988
v -11.838673 5.270918 6.767988
v -12.675856 2.694338 6.767988
v -12.959039 0.000002 6.767988
v -12.675855 -2.694333 6.767988
v -11.838672 -5.270914 6.767988
v -10.484082 -7.617129 6.767988
v -8.671288 -9.630440 6.767988
v -6.479520 -11.222852 6.767988
v -4.004565 -12.324775 6.767988
v -1.354590 -12.888044 6.767988
v 1.354586 -12.888044 6.767988
v 4.004561 -12.324775 6.767988
v 6.479517 -11.222850 6.767988
v 8.671285 -9.630438 6.767988
v 10.484076 -7.617127 6.767988
v 11.838666 -5.270914 6.767988
v 12.675846 -2.694333 6.767988
v 12.959033 0.000001 6.767988
v 3.887675 11.965029 6.480351
v 6.290388 10.895268 6.480351
v 8.418181 9.349338 6.480351
v 10.178062 7.394794 6.480351
v 11.493112 5.117062 6.480351
v 12.305858 2.615690 6.480351
v 12.580766 0.000001 6.480351
v 12.305844 -2.615687 6.480351
v 11.493100 -5.117057 6.480351
v 10.178050 -7.394788 6.480351
v 8.418173 -9.349331 6.480351
v 6.290383 -10.895261 6.480351
v 3.887670 -11.965018 6.480351
v 1.315047 -12.511848 6.480351
v -1.315050 -12.511848 6.480351
v -3.887673 -11.965019 6.480351
v -6.290386 -10.895263 6.480351
v -8.418178 -9.349333 6.480351
v -10.178059 -7.394789 6.480351
v -11.493108 -5.117057 6.480351
v -12.305854 -2.615687 6.480351
v -12.580771 0.000002 6.480351
v -12.305855 2.615691 6.480351
v -11.493109 5.117063 6.480351
v -10.178059 7.394794 6.480351
v -8.418178 9.349338 6.480351
v -6.290386 10.895269 6.480351
v -3.887673 11.965029 6.480351
v -1.315048 12.511858 6.480351
v 1.315050 12.511858 6.480351
v 12.267230 2.607480 6.837526
v 11.048501 4.919109 6.828429
v 11.829805 2.514502 6.828429
v 11.457031 5.101000 6.837526
v 9.784323 7.108727 6.828429
v 10.146114 7.371583 6.837526
v 8.092527 8.987659 6.828430
v 8.391760 9.319990 6.837526
v 6.047045 10.473787 6.828429
v 6.270644 10.861072 6.837526
v 3.737280 11.502164 6.828429
v 3.875472 11.927473 6.837526
v 1.310923 12.472584 6.837526
v 1.264178 12.027835 6.828429
v -1.310920 12.472584 6.837526
v -1.264175 12.027835 6.828429
v -3.737278 11.502164 6.828429
v -3.875469 11.927473 6.837526
v -6.270642 10.861073 6.837526
v -6.047044 10.473788 6.828429
v -8.391755 9.319991 6.837526
v -8.092523 8.987659 6.828429
v -10.146110 7.371584 6.837526
v -9.784319 7.108727 6.828429
v -11.457031 5.101001 6.837526
v -11.048499 4.919110 6.828430
v -12.267226 2.607481 6.837526
v -11.829802 2.514504 6.828429
v -12.541282 0.000002 6.837526
v -12.094086 0.000002 6.828429
v -11.829802 -2.514499 6.828429
v -12.267225 -2.607477 6.837526
v -11.048497 -4.919105 6.828429
v -11.457031 -5.100997 6.837526
v -9.784319 -7.108719 6.828429
v -10.146110 -7.371578 6.837526
v -8.092523 -8.987654 6.828429
v -8.391755 -9.319985 6.837526
v -6.047044 -10.473782 6.828429
v -6.270642 -10.861066 6.837526
v -3.737279 -11.502153 6.828429
v -3.875469 -11.927464 6.837526
v -1.264177 -12.027830 6.828429
v -1.310922 -12.472577 6.837526
v 1.264174 -12.027830 6.828429
v 1.310919 -12.472577 6.837526
v 3.875467 -11.927463 6.837526
v 3.737276 -11.502153 6.828429
v 6.270638 -10.861064 6.837526
v 6.047040 -10.473780 6.828429
v 8.092518 -8.987652 6.828430
v 8.391751 -9.319979 6.837526
v 9.784311 -7.108719 6.828429
v 10.146104 -7.371576 6.837526
v 11.457027 -5.100996 6.837526
v 11.048491 -4.919105 6.828429
v 12.267215 -2.607477 6.837526
v 11.829794 -2.514499 6.828429
v 12.541274 0.000001 6.837526
v 12.094078 0.000001 6.828429
v 12.599121 2.678025 6.463471
v 11.767007 5.239008 6.463471
v 10.420618 7.571022 6.463471
v 8.618800 9.572144 6.463471
v 6.440296 11.154919 6.463471
v 3.980324 12.250173 6.463471
v 1.346390 12.810030 6.463471
v -1.346387 12.810030 6.463471
v -3.980321 12.250173 6.463471
v -6.440294 11.154919 6.463471
v -8.618794 9.572145 6.463471
v -10.420613 7.571023 6.463471
v -11.767003 5.239009 6.463471
v -12.599117 2.678027 6.463471
v -12.880580 0.000002 6.463471
v -12.599116 -2.678022 6.463471
v -11.767002 -5.239005 6.463471
v -10.420613 -7.571016 6.463471
v -8.618794 -9.572139 6.463471
v -6.440294 -11.154913 6.463471
v -3.980321 -12.250162 6.463471
v -1.346389 -12.810022 6.463471
v 1.346386 -12.810022 6.463471
v 3.980319 -12.250161 6.463471
v 6.440290 -11.154911 6.463471
v 8.618791 -9.572137 6.463471
v 10.420608 -7.571014 6.463471
v 11.766997 -5.239004 6.463471
v 12.599109 -2.678022 6.463471
v 12.880580 0.000001 6.463471
v 1.143820 10.882714 6.296509
v -1.143819 10.882714 6.296509
v 3.381467 10.407088 6.296509
v 5.471330 9.476620 6.296509
v 7.322069 8.131980 6.296509
v 8.852797 6.431934 6.296509
v 9.996616 4.450781 6.296509
v 10.703537 2.275107 6.296509
v 10.942650 0.000001 6.296509
v 10.703527 -2.275104 6.296509
v 9.996609 -4.450776 6.296509
v 8.852789 -6.431927 6.296509
v 7.322061 -8.131973 6.296509
v 5.471325 -9.476612 6.296509
v 3.381464 -10.407077 6.296509
v 1.143817 -10.882703 6.296509
v -1.143820 -10.882703 6.296509
v -3.381467 -10.407077 6.296509
v -5.471329 -9.476614 6.296509
v -7.322066 -8.131974 6.296509
v -8.852795 -6.431929 6.296509
v -9.996614 -4.450776 6.296509
v -10.703534 -2.275104 6.296509
v -10.942657 0.000002 6.296509
v -10.703535 2.275108 6.296509
v -9.996614 4.450782 6.296509
v -8.852795 6.431934 6.296509
v -7.322066 8.131981 6.296509
v -5.471329 9.476621 6.296509
v -3.381467 10.407088 6.296509
v 9.537538 4.306965 6.169423
v 10.247927 2.118669 6.169929
v -1.147008 10.389962 6.167768
v 1.149866 10.391181 6.166818
v -9.528003 4.292932 6.165415
v -10.233701 2.121370 6.165308
v -5.140974 -9.024662 6.148051
v -6.999012 -7.673314 6.148997
v 7.007929 -7.694840 6.153860
v 5.150306 -9.043776 6.154329
v 2.811747 2.199978 4.315774
v 2.943330 0.000000 4.316122
v 3.544493 -0.183016 4.315774
v 2.381204 1.730047 4.316122
v -1.193087 3.269965 4.315774
v 0.909539 2.799272 4.316122
v 1.236540 3.344437 4.315774
v -0.909539 2.799272 4.316122
v -2.943330 -0.000000 4.316122
v -2.381205 1.730046 4.316122
v -2.886796 2.055875 4.315774
v -3.580964 -0.055524 4.315774
v -1.045397 -3.421587 4.315774
v -2.381204 -1.730046 4.316122
v -2.966175 -1.947627 4.315774
v -0.909539 -2.799272 4.316122
v 0.909539 -2.799272 4.316122
v 2.942099 -2.036964 4.315774
v 2.381204 -1.730046 4.316122
v 0.980544 -3.421584 4.315774
v -1.689465 2.337728 4.320707
v -2.094694 2.746748 4.320351
v 1.690184 2.337728 4.320707
v 2.079189 2.858987 4.320351
v 2.734553 -0.876508 4.320707
v 3.331279 -1.128094 4.320351
v 0.000360 -2.863015 4.320707
v -0.032943 -3.502141 4.320351
v -3.361651 -1.016751 4.320351
v -2.733833 -0.876509 4.320707
v -0.000000 0.000000 4.316122
v 9.726147 4.575665 5.853174
v 8.705532 6.324940 5.873074
v 7.200268 7.996706 5.873074
v 5.380315 9.318978 5.873074
v 3.325218 10.233969 5.873074
v 1.346482 10.664259 5.852652
v -1.345495 10.663476 5.854744
v -3.325217 10.233969 5.873074
v -5.380315 9.318979 5.873074
v -7.200265 7.996707 5.873074
v -8.705530 6.324941 5.873074
v -9.727785 4.571162 5.854972
v -10.557535 2.016895 5.854043
v -10.760629 0.000002 5.873074
v -10.525483 -2.237258 5.873074
v -9.830322 -4.376739 5.873074
v -8.705530 -6.324935 5.873074
v -7.357821 -7.834862 5.854139
v -5.180785 -9.417839 5.853347
v -3.325217 -10.233956 5.873074
v -1.124793 -10.701674 5.873074
v 1.124790 -10.701674 5.873074
v 3.325215 -10.233956 5.873074
v 5.178857 -9.418328 5.854067
v 7.356304 -7.836938 5.853565
v 8.705524 -6.324934 5.873074
v 9.830317 -4.376739 5.873074
v 10.525476 -2.237258 5.873074
v 10.760621 0.000001 5.873074
v 10.558050 2.013389 5.853730
v 10.101244 1.856550 5.728161
v 9.265875 4.431474 5.727083
v 1.352545 10.171419 5.724001
v -1.348685 10.169486 5.727000
v -9.258063 4.412940 5.724808
v -10.086544 1.862778 5.723806
v -7.033926 -7.375025 5.707784
v -4.849593 -8.964749 5.706010
v 4.857028 -8.984388 5.712978
v 7.041382 -7.398701 5.711995
v -1.392571 3.373049 3.969466
v -2.214236 2.913783 3.979695
v 2.199813 3.025242 3.979515
v 2.847921 2.420910 3.968894
v 3.526822 -1.190977 3.979895
v 3.163594 -2.002487 3.968764
v -0.943943 -3.621585 3.968487
v -0.032611 -3.707544 3.979625
v -3.739764 -0.214000 3.968828
v -3.556787 -1.080886 3.979980
v -1.188608 3.962034 4.488351
v -1.388291 4.035816 4.140855
v 1.228111 4.029735 4.488352
v 1.427196 4.103356 4.139983
v 1.435267 3.447266 3.968715
v -4.228471 0.156351 4.488352
v -4.359562 -0.011191 4.140213
v -3.533144 2.273593 4.488352
v -3.538986 2.486535 4.139993
v -2.920108 2.278072 3.968495
v 3.464918 2.404596 4.488352
v 3.473215 2.616797 4.140192
v 4.195316 0.040449 4.488352
v 3.703796 -0.339950 3.969586
v 4.326910 -0.126010 4.140872
v 3.340276 -2.591056 4.488352
v 3.544749 -2.532892 4.140110
v 1.388797 -3.972041 4.488351
v 0.879735 -3.621586 3.969338
v 1.270565 -4.148562 4.140677
v -1.447755 -3.972044 4.488352
v -1.329110 -4.148518 4.139840
v -3.362167 -2.509841 4.488352
v -3.566513 -2.452306 4.141002
v -3.187382 -1.914050 3.969688
v -2.529839 3.361165 4.155771
v -4.069746 -1.253141 4.155959
v -0.029703 -4.248735 4.155602
v 4.042523 -1.353484 4.155839
v 2.516762 3.462740 4.155425
v 8.643243 6.280375 5.676029
v 9.634430 4.592023 5.628319
v 7.147860 7.938500 5.676793
v 5.341153 9.251148 5.676793
v 3.302111 10.160995 5.676009
v 1.386709 10.584810 5.627808
v -1.385897 10.583264 5.629988
v -3.301997 10.160843 5.676088
v -5.341153 9.251149 5.676793
v -7.147854 7.938501 5.676792
v -8.643147 6.280241 5.676097
v -9.634741 4.587529 5.630410
v -10.490374 1.956241 5.629261
v -10.683967 -0.000531 5.676062
v -10.448871 -2.220973 5.676792
v -9.758770 -4.344882 5.676793
v -8.643814 -6.279440 5.676064
v -7.341470 -7.739950 5.629188
v -5.098889 -9.370131 5.628599
v -3.301019 -10.161274 5.676036
v -1.116606 -10.623779 5.676793
v 1.116603 -10.623779 5.676793
v 3.301017 -10.161210 5.676063
v 5.097083 -9.370743 5.629187
v 7.339879 -7.741766 5.628764
v 8.643858 -6.279454 5.676044
v 9.758765 -4.344882 5.676792
v 10.448864 -2.220973 5.676792
v 10.683987 -0.000542 5.676050
v 10.491362 1.953149 5.628772
v 10.034374 1.784613 5.506560
v 1.403737 10.088029 5.502584
v -9.157948 4.437876 5.503547
v -7.024998 -7.269331 5.486660
v 4.762931 -8.940544 5.491745
v -1.399814 10.085340 5.505638
v -10.019022 1.790265 5.502392
v 9.167279 4.456573 5.505540
v 7.031935 -7.293199 5.490800
v -4.754950 -8.920830 5.484994
v -1.564182 4.204425 4.036953
v -2.673580 3.560910 4.049088
v -4.574291 -0.126975 4.036879
v -4.304028 -1.329612 4.049925
v -1.285488 -4.388544 4.036385
v -0.029578 -4.495205 4.049461
v 3.786474 -2.565686 4.036773
v 4.277026 -1.429374 4.049798
v 3.579384 2.836364 4.036898
v 2.661598 3.662243 4.049304
v -1.587510 4.268660 3.747381
v -1.644855 4.433941 2.433403
v -2.712829 3.614212 3.759436
v -2.842373 3.790140 2.430276
v -4.809880 -0.111520 2.442324
v -4.367363 -1.348545 3.760270
v -4.642976 -0.128012 3.747320
v -4.576392 -1.411034 2.431166
v -1.304615 -4.453803 3.746800
v -0.030422 -4.777710 2.430674
v -0.029774 -4.560899 3.759791
v -1.366114 -4.663619 2.450006
v 3.843776 -2.603472 3.747212
v 4.549744 -1.517133 2.431032
v 4.340440 -1.449780 3.760162
v 4.028026 -2.724970 2.450418
v 3.633561 2.879977 3.747372
v 2.831703 3.897909 2.430507
v 2.701147 3.717035 3.759704
v 3.784837 2.997370 2.449641
v -3.697665 2.748566 3.746584
v -3.821683 2.852874 2.430086
v -3.643016 2.706902 4.036142
v 1.703158 4.481047 2.426193
v 1.627480 4.337549 3.747099
v 1.603081 4.272301 4.036620
v 4.799954 -0.252622 2.440588
v 4.610540 -0.243760 3.748151
v 4.541854 -0.241004 4.037707
v 1.245925 -4.453770 3.747849
v 1.306169 -4.663579 2.451125
v 1.227186 -4.388508 4.037438
v -3.865169 -2.522020 3.748255
v -4.020277 -2.611480 2.443990
v -3.808023 -2.485439 4.037846
v 0.023064 4.471095 3.789020
v 0.024941 4.697258 2.408518
v 0.000405 10.646474 5.628897
v 0.002194 10.149644 5.503476
v -4.363165 1.335448 3.773183
v -4.578589 1.406411 2.392657
v -2.709699 -3.690204 3.748173
v -2.842899 -3.868058 2.367735
v 2.676027 -3.733781 3.755230
v 2.808835 -3.913748 2.374776
v 4.336826 1.348733 3.759520
v 4.551425 1.420100 2.379052
v 9.665281 3.135513 5.505086
v 10.125869 3.289267 5.628542
v -9.653236 3.128949 5.502002
v -10.125533 3.288562 5.629840
v -5.929037 -8.154372 5.484233
v -6.259107 -8.612377 5.628893
v 6.257394 -8.613600 5.628974
v 5.936234 -8.176391 5.489691
v 8.643243 6.280375 4.325252
v 9.634430 4.592023 4.277542
v 7.147859 7.938500 4.326016
v 5.341153 9.251148 4.326016
v 3.302111 10.160995 4.325233
v 1.386709 10.584810 4.277031
v -3.301997 10.160843 4.325311
v -1.385897 10.583264 4.279211
v -5.341153 9.251149 4.326016
v -7.147854 7.938501 4.326015
v -8.643147 6.280241 4.325321
v -9.634741 4.587529 4.279633
v -10.683967 -0.000531 4.325285
v -10.490374 1.956241 4.278484
v -10.448871 -2.220973 4.326015
v -9.758770 -4.344882 4.326016
v -8.643814 -6.279440 4.325288
v -7.341470 -7.739950 4.278411
v -3.301019 -10.161274 4.325259
v -5.098889 -9.370131 4.277822
v -1.116606 -10.623779 4.326016
v 1.116603 -10.623779 4.326016
v 3.301017 -10.161210 4.325285
v 5.097083 -9.370743 4.278410
v 8.643858 -6.279454 4.325267
v 7.339879 -7.741766 4.277987
v 9.758765 -4.344882 4.326015
v 10.448864 -2.220973 4.326015
v 10.683987 -0.000542 4.325273
v 10.491362 1.953149 4.277995
v 0.000405 10.646474 4.278120
v 10.125869 3.289267 4.277765
v -10.125533 3.288562 4.279063
v -6.259107 -8.612377 4.278116
v 6.257394 -8.613600 4.278197
v 10.725118 5.110589 3.250023
v 8.643243 6.280375 3.926312
v 9.621719 6.990074 3.303134
v 9.634430 4.592023 3.878602
v 7.957047 8.835912 3.303985
v 7.147860 7.938500 3.927075
v 5.945809 10.297159 3.303985
v 5.341153 9.251148 3.927075
v 3.302111 10.160995 3.926292
v 3.675932 11.310009 3.303112
v 1.543693 11.781796 3.249454
v 1.386709 10.584810 3.878091
v -3.301997 10.160843 3.926371
v -1.542792 11.780081 3.251881
v -1.385897 10.583264 3.880270
v -3.675808 11.309838 3.303200
v -5.341153 9.251149 3.927075
v -5.945811 10.297161 3.303985
v -7.147854 7.938501 3.927075
v -7.957045 8.835913 3.303984
v -8.643147 6.280241 3.926380
v -9.621614 6.989925 3.303211
v -10.725463 5.105587 3.252351
v -9.634741 4.587529 3.880692
v -10.683967 -0.000531 3.926344
v -11.677959 2.176416 3.251072
v -10.490374 1.956241 3.879543
v -11.893470 -0.001876 3.303171
v -10.448871 -2.220973 3.927075
v -11.631760 -2.473688 3.303984
v -9.758770 -4.344882 3.927075
v -10.863533 -4.838038 3.303985
v -8.643814 -6.279440 3.926348
v -9.622353 -6.991603 3.303174
v -7.341470 -7.739950 3.879470
v -8.172578 -8.617453 3.250990
v -5.676121 -10.432182 3.250335
v -3.301019 -10.161274 3.926318
v -3.674718 -11.312888 3.303142
v -5.098889 -9.370131 3.878882
v -1.243014 -11.827753 3.303985
v -1.116606 -10.623779 3.927075
v 1.243009 -11.827753 3.303985
v 1.116603 -10.623779 3.927075
v 3.301017 -10.161210 3.926345
v 3.674715 -11.312818 3.303172
v 5.674105 -10.432862 3.250989
v 5.097083 -9.370743 3.879469
v 8.643858 -6.279454 3.926326
v 8.170804 -8.619475 3.250519
v 7.339879 -7.741766 3.879047
v 9.622403 -6.991618 3.303150
v 9.758765 -4.344882 3.927075
v 10.863526 -4.838038 3.303984
v 10.448864 -2.220973 3.927075
v 11.631750 -2.473688 3.303984
v 10.683987 -0.000542 3.926332
v 11.893490 -0.001888 3.303157
v 11.679058 2.172974 3.250528
v 10.491362 1.953149 3.879055
v 0.000450 11.850448 3.250667
v 0.000405 10.646474 3.879179
v 11.272189 3.660352 3.250272
v 10.125869 3.289267 3.878825
v -11.271818 3.659567 3.251716
v -10.125533 3.288562 3.880122
v -6.967683 -9.588645 3.250662
v -6.259107 -8.612377 3.879175
v 6.965775 -9.590006 3.250753
v 6.257394 -8.613600 3.879257
v 12.456090 5.933578 -7.047628
v 10.729110 7.793272 -7.486155
v 11.174610 8.116400 -6.985945
v 11.959501 5.697475 -7.545380
v 9.241269 10.260146 -6.984958
v 8.872847 9.851555 -7.485207
v 6.905427 11.957232 -6.984958
v 6.630128 11.480983 -7.485207
v 4.099005 12.610405 -7.486178
v 4.269206 13.133551 -6.985971
v 1.792835 13.681486 -7.048289
v 1.721360 13.136496 -7.546014
v -1.791791 13.679487 -7.045471
v -4.098868 12.610213 -7.486082
v -4.269063 13.133350 -6.985870
v -1.720357 13.134578 -7.543309
v -6.905433 11.957233 -6.984958
v -6.630132 11.480985 -7.485207
v -8.872846 9.851557 -7.485208
v -9.241269 10.260148 -6.984958
v -10.728992 7.793108 -7.486070
v -11.174489 8.116225 -6.985857
v -12.456494 5.927769 -7.044924
v -11.959888 5.691897 -7.542784
v -13.562718 2.525847 -7.046411
v -13.262324 -0.003398 -7.486115
v -13.813010 -0.004010 -6.985903
v -13.022011 2.425601 -7.544210
v -12.970494 -2.759696 -7.485208
v -13.509064 -2.874759 -6.984958
v -12.113850 -5.396167 -7.485207
v -12.616849 -5.620701 -6.984958
v -10.729818 -7.797592 -7.486111
v -11.175350 -8.121840 -6.985898
v -9.113184 -9.610566 -7.544302
v -9.491588 -10.010094 -7.046505
v -6.592217 -12.117711 -7.047264
v -4.097654 -12.616226 -7.486147
v -4.267800 -13.140555 -6.985937
v -6.329403 -11.634159 -7.545029
v -1.443632 -13.738518 -6.984958
v -1.386078 -13.190349 -7.485207
v 1.443622 -13.738518 -6.984958
v 1.386069 -13.190349 -7.485207
v 4.097647 -12.616148 -7.486115
v 4.267790 -13.140474 -6.985902
v 6.589876 -12.118500 -7.046506
v 6.327156 -11.634917 -7.544302
v 10.729873 -7.797609 -7.486137
v 9.489525 -10.012443 -7.047053
v 9.111205 -9.612823 -7.544827
v 11.175405 -8.121857 -6.985927
v 12.113839 -5.396167 -7.485208
v 12.616838 -5.620701 -6.984958
v 13.509048 -2.874759 -6.984958
v 12.970480 -2.759696 -7.485208
v 13.813030 -0.004024 -6.985920
v 13.262343 -0.003411 -7.486130
v 13.563991 2.521849 -7.047042
v 13.023233 2.421761 -7.544816
v 0.000521 13.761212 -7.046880
v 0.000501 13.213044 -7.544661
v 13.091455 4.249280 -7.047339
v 12.569536 4.080326 -7.545102
v -13.091027 4.248369 -7.045662
v -12.569124 4.079451 -7.543492
v -8.092230 -11.138029 -7.046887
v -7.769615 -10.693535 -7.544668
v 8.090010 -11.139609 -7.046781
v 7.767485 -10.695052 -7.544566
v -1.686286 12.874680 -7.534263
v 0.000491 12.951491 -7.535493
v 1.687277 12.876613 -7.536966
v 4.017544 12.360020 -7.477393
v 6.498355 11.253025 -7.476421
v 8.696505 9.655987 -7.476427
v 10.515898 7.638632 -7.477386
v 11.722706 5.584890 -7.536352
v 12.320548 3.999725 -7.535967
v 12.765373 2.374036 -7.535798
v 12.998826 -0.003118 -7.477392
v 12.712747 -2.704635 -7.476475
v 11.873139 -5.288721 -7.476485
v 10.516698 -7.642466 -7.477427
v 8.930824 -9.422286 -7.535838
v 7.613649 -10.483011 -7.535487
v 6.201890 -11.404345 -7.535319
v 4.016244 -12.365291 -7.477423
v 1.358532 -12.928064 -7.476513
v -1.358540 -12.928064 -7.476513
v -4.016251 -12.365368 -7.477456
v -6.204100 -11.403613 -7.536046
v -7.615738 -10.481525 -7.535589
v -8.932757 -9.420068 -7.535313
v -10.516645 -7.642449 -7.477401
v -11.873149 -5.288721 -7.476484
v -12.712762 -2.704635 -7.476475
v -12.998801 -0.003105 -7.477376
v -12.764163 2.377795 -7.535192
v -12.320118 3.998858 -7.534360
v -11.723038 5.579401 -7.533759
v -10.515784 7.638469 -7.477301
v -8.696503 9.655989 -7.476428
v -6.498356 11.253028 -7.476421
v -4.017409 12.359830 -7.477294
v 3.846037 11.832860 -6.742995
v 1.615518 12.329456 -6.802020
v 6.220919 10.773086 -6.742024
v 8.325235 9.244240 -6.742042
v 10.067015 7.313050 -6.743027
v 11.224156 5.347856 -6.801446
v 11.796338 3.830028 -6.800836
v 12.222477 2.273553 -6.800911
v 12.444016 -0.002500 -6.743094
v 12.170123 -2.588707 -6.742191
v 11.366372 -5.062502 -6.742222
v 10.067883 -7.315828 -6.743191
v 8.551052 -9.021130 -6.801013
v 7.289765 -10.036582 -6.800476
v 5.938159 -10.918897 -6.800507
v 3.844857 -11.837137 -6.743226
v 1.300554 -12.375850 -6.742310
v -1.300561 -12.375850 -6.742310
v -3.844863 -11.837214 -6.743257
v -5.940287 -10.918222 -6.801231
v -7.291767 -10.035162 -6.800577
v -8.552888 -9.018993 -6.800490
v -10.067831 -7.315812 -6.743165
v -11.366380 -5.062502 -6.742222
v -12.170135 -2.588707 -6.742191
v -12.443992 -0.002488 -6.743077
v -12.221292 2.277149 -6.800305
v -11.795863 3.829178 -6.799237
v -11.224376 5.342551 -6.798858
v -10.066898 7.312891 -6.742941
v -8.325233 9.244242 -6.742043
v -6.220925 10.773088 -6.742024
v -3.845906 11.832674 -6.742898
v -1.614554 12.327493 -6.799323
v 0.000471 12.400821 -6.800292
v 10.849195 5.171303 -6.556376
v 11.403209 3.702756 -6.556144
v 10.725118 5.110589 -6.314892
v 11.272189 3.660352 -6.314644
v 9.621719 6.990074 -6.261781
v 9.733247 7.072171 -6.502656
v 7.957047 8.835912 -6.260931
v 8.049859 8.938909 -6.501854
v 6.015210 10.417189 -6.501865
v 5.945809 10.297159 -6.260931
v 3.719701 11.441384 -6.502698
v 3.675932 11.310009 -6.261803
v 1.563128 11.918555 -6.556973
v 1.543693 11.781796 -6.315461
v 0.000317 11.988133 -6.555780
v 0.000450 11.850448 -6.314250
v -1.562195 11.916842 -6.554525
v -1.542792 11.780081 -6.313035
v -3.675808 11.309838 -6.261715
v -3.719533 11.441234 -6.502614
v -5.945811 10.297161 -6.260931
v -6.015211 10.417192 -6.501865
v -7.957045 8.835913 -6.260932
v -8.049858 8.938910 -6.501855
v -9.733179 7.071991 -6.502584
v -9.621614 6.989925 -6.261705
v -10.849596 5.166195 -6.554028
v -10.725463 5.105587 -6.312566
v -11.402819 3.702062 -6.554683
v -11.271818 3.659567 -6.313200
v -11.814031 2.200160 -6.555302
v -11.677959 2.176416 -6.313844
v -12.031999 -0.002940 -6.502604
v -11.893470 -0.001876 -6.261746
v -11.631760 -2.473688 -6.260932
v -11.767377 -2.502662 -6.501807
v -10.863533 -4.838038 -6.260931
v -10.990188 -4.894521 -6.501793
v -9.622353 -6.991603 -6.261741
v -9.734916 -7.072377 -6.502565
v -8.172578 -8.617453 -6.313926
v -8.268717 -8.716641 -6.555346
v -7.048644 -9.700113 -6.555698
v -6.967683 -9.588645 -6.314255
v -5.740698 -10.554282 -6.555995
v -5.676121 -10.432182 -6.314580
v -3.716620 -11.444972 -6.502587
v -3.674718 -11.312888 -6.261774
v -1.257473 -11.965704 -6.501767
v -1.243014 -11.827753 -6.260931
v 1.243009 -11.827753 -6.260931
v 1.257468 -11.965704 -6.501767
v 3.674715 -11.312818 -6.261745
v 3.716628 -11.444900 -6.502558
v 5.674105 -10.432862 -6.313926
v 5.738671 -10.554972 -6.555335
v 6.965775 -9.590006 -6.314163
v 7.046667 -9.701524 -6.555605
v 8.266923 -8.718684 -6.555821
v 8.170804 -8.619475 -6.314396
v 9.734971 -7.072384 -6.502591
v 9.622403 -6.991618 -6.261765
v 10.990181 -4.894521 -6.501793
v 10.863526 -4.838038 -6.260932
v 11.767366 -2.502664 -6.501807
v 11.631750 -2.473688 -6.260932
v 12.032013 -0.002965 -6.502617
v 11.893490 -0.001888 -6.261759
v 11.679058 2.172974 -6.314388
v 11.815141 2.196632 -6.555848
v 9.621719 6.990074 2.780922
v 10.725118 5.110589 2.727811
v 7.957047 8.835912 2.781773
v 5.945809 10.297159 2.781773
v 3.675932 11.310009 2.780900
v 1.543693 11.781796 2.727242
v -3.675808 11.309838 2.780988
v -1.542792 11.780081 2.729669
v -5.945811 10.297161 2.781773
v -7.957045 8.835913 2.781772
v -9.621614 6.989925 2.780999
v -10.725463 5.105587 2.730139
v -11.893470 -0.001876 2.780959
v -11.677959 2.176416 2.728860
v -11.631760 -2.473688 2.781772
v -10.863533 -4.838038 2.781773
v -9.622353 -6.991603 2.780963
v -8.172578 -8.617453 2.728778
v -3.674718 -11.312888 2.780930
v -5.676121 -10.432182 2.728124
v -1.243014 -11.827753 2.781773
v 1.243009 -11.827753 2.781773
v 3.674715 -11.312818 2.780960
v 5.674105 -10.432862 2.728777
v 9.622403 -6.991618 2.780939
v 8.170804 -8.619475 2.728307
v 10.863526 -4.838038 2.781772
v 11.631750 -2.473688 2.781772
v 11.893490 -0.001888 2.780946
v 11.679058 2.172974 2.728316
v 0.000450 11.850448 2.728455
v 11.272189 3.660352 2.728060
v -11.271818 3.659567 2.729504
v -6.967683 -9.588645 2.728450
v 6.965775 -9.590006 2.728541
v -1.644855 4.433941 1.904577
v -2.842373 3.790140 1.901450
v -4.809880 -0.111520 1.913497
v -4.576392 -1.411034 1.902340
v -1.366114 -4.663619 1.921179
v -0.030422 -4.777710 1.901847
v 4.028026 -2.724970 1.921591
v 4.549744 -1.517133 1.902206
v 3.784837 2.997370 1.920814
v 2.831703 3.897909 1.901681
v -3.821683 2.852874 1.901260
v 1.703158 4.481047 1.897367
v 4.799954 -0.252622 1.911761
v 1.306169 -4.663579 1.922299
v -4.020277 -2.611480 1.915163
v 0.024941 4.697258 1.879691
v -4.578589 1.406411 1.863830
v -2.842899 -3.868058 1.838908
v 2.808835 -3.913748 1.845950
v 4.551425 1.420100 1.850226
v -1.471080 3.955973 1.640338
v -2.513747 3.350582 1.622369
v -4.300144 -0.114916 1.640269
v -4.046134 -1.245799 1.623156
v -1.209147 -4.120173 1.639804
v -0.028770 -4.220998 1.622721
v 3.557761 -2.406951 1.640169
v 4.018814 -1.339562 1.623038
v 3.363127 2.670193 1.640286
v 2.500546 3.445819 1.622573
v -3.424882 2.548517 1.639576
v 1.505689 4.019765 1.640025
v 4.267710 -0.222087 1.641047
v 1.152402 -4.120139 1.640794
v -3.579965 -2.331530 1.641177
v 0.020156 4.240936 1.603141
v -4.130467 1.276453 1.602863
v -2.560048 -3.476289 1.603471
v 2.521106 -3.516613 1.603462
v 4.083371 1.284211 1.603660
v 0.022518 4.505680 4.078686
v 4.345754 1.359742 4.079239
v 2.683513 -3.748305 4.079027
v -2.722803 -3.705400 4.079037
v -4.393718 1.351488 4.078390
v -1.385979 4.393897 4.233454
v -1.186297 4.319218 4.581673
v 1.223728 4.386036 4.582362
v 1.422801 4.460602 4.233239
v 1.590738 4.632406 4.127391
v 0.021221 4.865820 4.169601
v -1.554095 4.565359 4.127092
v -3.945341 2.801793 4.116584
v -3.836829 2.586860 4.222529
v -4.693193 1.452696 4.159450
v -4.873166 -0.021733 4.117324
v -4.658209 0.086532 4.222793
v -4.526384 0.253834 4.571545
v -3.830282 2.373683 4.571477
v -3.772387 -2.744587 4.234028
v -3.567506 -2.801375 4.582114
v -4.009179 -2.784573 4.128439
v -2.932602 -3.996516 4.170986
v -1.504102 -4.674128 4.127663
v -1.539621 -4.436511 4.233491
v -1.657735 -4.259313 4.582716
v 1.553622 -4.194280 4.561354
v 1.435807 -4.371367 4.213120
v 1.398756 -4.609393 4.108007
v 2.848411 -3.972789 4.150541
v 3.944586 -2.796001 4.107610
v 3.706445 -2.757902 4.212798
v 3.501565 -2.815500 4.561595
v 4.499013 0.144727 4.572728
v 4.631404 -0.021465 4.224574
v 4.846472 -0.128662 4.119171
v 4.652771 1.462231 4.161531
v 3.890776 2.926651 4.118741
v 3.780021 2.712910 4.224241
v 3.770929 2.500461 4.573065
vt 0.4814 0.5110
vt 0.4827 0.5059
vt 0.4814 0.5110
vt 0.1489 0.6316
vt 0.1521 0.6294
vt 0.1525 0.6345
vt 0.0917 0.5884
vt 0.0908 0.5823
vt 0.1550 0.6213
vt 0.0858 0.5845
vt 0.1711 0.6001
vt 0.1758 0.6038
vt 0.0873 0.5696
vt 0.0837 0.5796
vt 0.0711 0.6016
vt 0.0759 0.6038
vt 0.0643 0.6301
vt 0.0695 0.6309
vt 0.0632 0.6592
vt 0.0788 0.5671
vt 0.1046 0.5464
vt 0.1176 0.5454
vt 0.1783 0.5959
vt 0.1820 0.5984
vt 0.1884 0.6030
vt 0.1852 0.6099
vt 0.1595 0.6252
vt 0.1949 0.5950
vt 0.1969 0.6008
vt 0.1991 0.6084
vt 0.1897 0.6172
vt 0.1763 0.6348
vt 0.2118 0.6482
vt 0.1764 0.6472
vt 0.1760 0.6594
vt 0.1704 0.6479
vt 0.1676 0.6616
vt 0.2014 0.6140
vt 0.2128 0.6099
vt 0.2115 0.6013
vt 0.2051 0.5974
vt 0.2479 0.6379
vt 0.2406 0.6279
vt 0.2334 0.6174
vt 0.2390 0.6108
vt 0.2158 0.5906
vt 0.2076 0.5896
vt 0.2087 0.5862
vt 0.2347 0.5115
vt 0.2174 0.5862
vt 0.2413 0.5996
vt 0.2463 0.6118
vt 0.2484 0.6042
vt 0.2491 0.6003
vt 0.2426 0.5952
vt 0.2463 0.5049
vt 0.2367 0.5044
vt 0.1841 0.5034
vt 0.1821 0.4922
vt 0.2130 0.5012
vt 0.2142 0.4902
vt 0.2471 0.4966
vt 0.2737 0.5142
vt 0.2776 0.5266
vt 0.2803 0.5320
vt 0.2820 0.5203
vt 0.2830 0.5256
vt 0.2793 0.5076
vt 0.3105 0.5232
vt 0.2881 0.4893
vt 0.2527 0.4766
vt 0.2542 0.4712
vt 0.2157 0.4702
vt 0.2159 0.4648
vt 0.1787 0.4727
vt 0.1777 0.4673
vt 0.2908 0.4844
vt 0.3215 0.5076
vt 0.3340 0.5457
vt 0.2571 0.4604
vt 0.2957 0.4741
vt 0.2164 0.4541
vt 0.1758 0.4565
vt 0.1368 0.4678
vt 0.3635 0.6028
vt 0.3521 0.5725
vt 0.3828 0.5984
vt 0.3696 0.5635
vt 0.3491 0.5330
vt 0.3250 0.5032
vt 0.3318 0.4946
vt 0.3533 0.5293
vt 0.3618 0.5225
vt 0.3745 0.5610
vt 0.3882 0.5969
vt 0.3877 0.6360
vt 0.3843 0.5559
vt 0.3987 0.5940
vt 0.3933 0.6357
vt 0.3867 0.6733
vt 0.3669 0.6370
vt 0.4045 0.6350
vt 0.3923 0.6741
vt 0.4033 0.6758
vt 0.3955 0.7163
vt 0.3533 0.7849
vt 0.3215 0.8103
vt 0.3455 0.7771
vt 0.3689 0.7473
vt 0.3782 0.7533
vt 0.3850 0.7124
vt 0.3799 0.7107
vt 0.3665 0.6707
vt 0.3643 0.7446
vt 0.3613 0.7051
vt 0.3552 0.6775
vt 0.3594 0.6680
vt 0.3486 0.6753
vt 0.2717 0.6628
vt 0.2688 0.6709
vt 0.2664 0.6631
vt 0.2642 0.6711
vt 0.3508 0.7026
vt 0.3379 0.7285
vt 0.3474 0.7344
vt 0.3416 0.7733
vt 0.3276 0.7593
vt 0.3457 0.7014
vt 0.3335 0.7258
vt 0.3503 0.6802
vt 0.3445 0.6794
vt 0.2695 0.6746
vt 0.2659 0.6746
vt 0.2556 0.6824
vt 0.2563 0.6714
vt 0.2578 0.6841
vt 0.2517 0.6948
vt 0.2480 0.6941
vt 0.2551 0.6641
vt 0.2507 0.6785
vt 0.2460 0.6860
vt 0.2385 0.6863
vt 0.2407 0.6982
vt 0.2146 0.7048
vt 0.2166 0.7107
vt 0.2103 0.6941
vt 0.2474 0.6602
vt 0.2400 0.6702
vt 0.2449 0.6738
vt 0.2328 0.6802
vt 0.2118 0.6865
vt 0.2006 0.6819
vt 0.1976 0.6863
vt 0.1887 0.6775
vt 0.1830 0.6838
vt 0.1589 0.6692
vt 0.1727 0.6895
vt 0.1548 0.6724
vt 0.1790 0.6948
vt 0.1949 0.6936
vt 0.2037 0.6975
vt 0.1858 0.6907
vt 0.1929 0.6995
vt 0.2062 0.7056
vt 0.1794 0.6985
vt 0.1919 0.7024
vt 0.2035 0.7083
vt 0.2080 0.7104
vt 0.2047 0.7126
vt 0.2290 0.7870
vt 0.2239 0.7839
vt 0.2251 0.7902
vt 0.2291 0.7941
vt 0.2039 0.7972
vt 0.2047 0.8083
vt 0.1752 0.7933
vt 0.1727 0.8042
vt 0.1338 0.8112
vt 0.1028 0.7910
vt 0.1427 0.7935
vt 0.1683 0.8235
vt 0.2051 0.8276
vt 0.2426 0.8229
vt 0.1478 0.7836
vt 0.1156 0.7761
vt 0.0931 0.7504
vt 0.0770 0.7634
vt 0.0740 0.7227
vt 0.0561 0.7327
vt 0.0399 0.6987
vt 0.0580 0.6921
vt 0.0791 0.7107
vt 0.0347 0.7004
vt 0.0325 0.6624
vt 0.0512 0.7354
vt 0.0726 0.7670
vt 0.0994 0.7953
vt 0.1313 0.8160
vt 0.0414 0.7407
vt 0.0242 0.7039
vt 0.0271 0.6631
vt 0.0161 0.6641
vt 0.0521 0.6604
vt 0.0337 0.6257
vt 0.0283 0.6250
vt 0.0173 0.6238
vt 0.0275 0.5845
vt 0.0380 0.5881
vt 0.0562 0.5535
vt 0.0432 0.5898
vt 0.0611 0.5562
vt 0.0991 0.5396
vt 0.0614 0.5969
vt 0.0533 0.6284
vt 0.1302 0.5247
vt 0.1118 0.5405
vt 0.1231 0.5161
vt 0.0681 0.6875
vt 0.0816 0.7056
vt 0.0684 0.6587
vt 0.0729 0.6855
vt 0.1622 0.6565
vt 0.1561 0.6614
vt 0.1527 0.6643
vt 0.0859 0.7083
vt 0.1499 0.6619
vt 0.0870 0.7024
vt 0.1566 0.6472
vt 0.1528 0.6597
vt 0.1537 0.6472
vt 0.1560 0.6328
vt 0.1681 0.6335
vt 0.1624 0.6382
vt 0.1627 0.6475
vt 0.6499 0.5864
vt 0.6499 0.5110
vt 0.6714 0.5864
vt 0.6714 0.5110
vt 0.6499 0.5059
vt 0.6714 0.5059
vt 0.6714 0.5942
vt 0.6499 0.5942
vt 0.6294 0.5942
vt 0.6294 0.5864
vt 0.6294 0.5110
vt 0.6294 0.5059
vt 0.6499 0.4985
vt 0.6133 0.4985
vt 0.6294 0.4985
vt 0.6133 0.5059
vt 0.6499 0.4731
vt 0.6714 0.4985
vt 0.6714 0.4731
vt 0.6714 0.4590
vt 0.6499 0.4590
vt 0.6294 0.4590
vt 0.6294 0.4731
vt 0.6133 0.4731
vt 0.5972 0.4985
vt 0.5972 0.5059
vt 0.5972 0.4731
vt 0.6133 0.4590
vt 0.5972 0.4590
vt 0.5752 0.4731
vt 0.5752 0.4985
vt 0.5752 0.5059
vt 0.5972 0.5110
vt 0.5547 0.4731
vt 0.5547 0.4590
vt 0.5752 0.4590
vt 0.5547 0.5059
vt 0.5547 0.5110
vt 0.5547 0.4985
vt 0.5386 0.4985
vt 0.5386 0.4731
vt 0.5225 0.4985
vt 0.5225 0.4731
vt 0.5034 0.4731
vt 0.5225 0.4590
vt 0.5386 0.4590
vt 0.5034 0.5059
vt 0.5034 0.4985
vt 0.4827 0.4731
vt 0.4827 0.4985
vt 0.4854 0.5110
vt 0.5034 0.5110
vt 0.4854 0.5864
vt 0.4814 0.5864
vt 0.4646 0.5110
vt 0.5034 0.4590
vt 0.4827 0.4590
vt 0.4646 0.4731
vt 0.4646 0.4985
vt 0.4646 0.5059
vt 0.4468 0.5059
vt 0.4646 0.4590
vt 0.4468 0.4590
vt 0.4229 0.4590
vt 0.4229 0.4731
vt 0.4468 0.4731
vt 0.4468 0.4985
vt 0.4229 0.5864
vt 0.4229 0.5110
vt 0.4424 0.5864
vt 0.4424 0.5110
vt 0.4229 0.5059
vt 0.4229 0.4985
vt 0.4060 0.5864
vt 0.4060 0.5110
vt 0.4060 0.5059
vt 0.4060 0.4985
vt 0.4060 0.4731
vt 0.4060 0.4590
vt 0.4495 0.5110
vt 0.4460 0.5110
vt 0.4463 0.5864
vt 0.4424 0.5942
vt 0.4229 0.5942
vt 0.4060 0.5942
vt 0.4463 0.5942
vt 0.1445 0.0767
vt 0.1445 0.0850
vt 0.1116 0.0767
vt 0.1116 0.0850
vt 0.1445 0.0918
vt 0.1731 0.0918
vt 0.1116 0.0918
vt 0.0782 0.0918
vt 0.0782 0.0850
vt 0.0782 0.0767
vt 0.1116 0.0562
vt 0.0782 0.0562
vt 0.1116 0.0527
vt 0.0782 0.0527
vt 0.1445 0.0527
vt 0.1445 0.0562
vt 0.0443 0.0767
vt 0.0443 0.0562
vt 0.0443 0.0527
vt 0.1445 0.0381
vt 0.1116 0.0381
vt 0.0782 0.0381
vt 0.0443 0.0381
vt 0.0141 0.0381
vt 0.0141 0.0527
vt 0.0141 0.0562
vt 0.0141 0.0767
vt 0.0443 0.0850
vt 0.0141 0.0850
vt 0.0141 0.0918
vt 0.0443 0.0918
vt 0.0141 0.3359
vt 0.0443 0.3359
vt 0.0141 0.3501
vt 0.0443 0.3501
vt 0.1445 0.3359
vt 0.1116 0.3359
vt 0.0782 0.3359
vt 0.0782 0.3501
vt 0.1116 0.3501
vt 0.1445 0.3501
vt 0.1731 0.3501
vt 0.1731 0.3359
vt 0.1932 0.3359
vt 0.1932 0.0918
vt 0.1731 0.0767
vt 0.1731 0.0850
vt 0.1932 0.0850
vt 0.2133 0.0918
vt 0.1932 0.0767
vt 0.1731 0.0562
vt 0.1731 0.0527
vt 0.1731 0.0381
vt 0.1932 0.0562
vt 0.1932 0.0527
vt 0.1932 0.0381
vt 0.2133 0.0850
vt 0.2133 0.0767
vt 0.2133 0.0562
vt 0.2133 0.0527
vt 0.2133 0.0381
vt 0.2418 0.0527
vt 0.2418 0.0381
vt 0.2418 0.0850
vt 0.2739 0.0767
vt 0.3062 0.0767
vt 0.2739 0.0850
vt 0.2418 0.0767
vt 0.3384 0.0767
vt 0.3384 0.0562
vt 0.3062 0.0562
vt 0.2739 0.0562
vt 0.2418 0.0562
vt 0.2739 0.0527
vt 0.3062 0.0527
vt 0.2739 0.0381
vt 0.3062 0.0381
vt 0.3384 0.0527
vt 0.3665 0.0527
vt 0.3665 0.0562
vt 0.3865 0.0527
vt 0.3865 0.0562
vt 0.3865 0.0381
vt 0.4062 0.0527
vt 0.3665 0.0381
vt 0.3384 0.0381
vt 0.4338 0.0381
vt 0.4670 0.0381
vt 0.4338 0.0527
vt 0.4062 0.0381
vt 0.5312 0.0381
vt 0.5596 0.0381
vt 0.5312 0.0527
vt 0.4993 0.0381
vt 0.4993 0.0527
vt 0.4670 0.0527
vt 0.4338 0.0562
vt 0.4062 0.0562
vt 0.4338 0.0767
vt 0.4062 0.0767
vt 0.4338 0.0850
vt 0.4670 0.0767
vt 0.4670 0.0562
vt 0.4993 0.0562
vt 0.5596 0.0527
vt 0.5796 0.0527
vt 0.5596 0.0562
vt 0.5312 0.0562
vt 0.5312 0.0767
vt 0.4993 0.0767
vt 0.4670 0.0850
vt 0.4670 0.0918
vt 0.4993 0.0850
vt 0.5312 0.0850
vt 0.5596 0.0767
vt 0.5796 0.0562
vt 0.5596 0.0850
vt 0.4993 0.0918
vt 0.5312 0.0918
vt 0.5596 0.0918
vt 0.5796 0.0850
vt 0.5796 0.0767
vt 0.5991 0.0562
vt 0.5991 0.0850
vt 0.5991 0.0767
vt 0.6274 0.0562
vt 0.4670 0.3359
vt 0.4338 0.3359
vt 0.4993 0.3359
vt 0.5312 0.3359
vt 0.5596 0.3359
vt 0.5796 0.0918
vt 0.5991 0.0918
vt 0.5796 0.3359
vt 0.5596 0.3501
vt 0.5312 0.3501
vt 0.4993 0.3501
vt 0.4670 0.3501
vt 0.4338 0.3501
vt 0.4062 0.3501
vt 0.3384 0.3359
vt 0.3665 0.3501
vt 0.3384 0.3501
vt 0.3665 0.3359
vt 0.3865 0.3501
vt 0.3865 0.3359
vt 0.4062 0.3359
vt 0.4338 0.0918
vt 0.3062 0.0918
vt 0.2739 0.0918
vt 0.3062 0.0850
vt 0.3384 0.0850
vt 0.3384 0.0918
vt 0.3665 0.0918
vt 0.3865 0.0918
vt 0.4062 0.0918
vt 0.3865 0.0850
vt 0.3665 0.0850
vt 0.3665 0.0767
vt 0.3865 0.0767
vt 0.4062 0.0850
vt 0.2418 0.0918
vt 0.2133 0.3359
vt 0.2418 0.3359
vt 0.2739 0.3359
vt 0.3062 0.3359
vt 0.3062 0.3501
vt 0.2739 0.3501
vt 0.2418 0.3501
vt 0.2133 0.3501
vt 0.1932 0.3501
vt 0.7939 0.9469
vt 0.7939 0.9022
vt 0.8618 0.9469
vt 0.7266 0.9706
vt 0.6592 0.9706
vt 0.7266 0.9603
vt 0.7939 0.9706
vt 0.7939 0.9603
vt 0.8618 0.9603
vt 0.9302 0.9603
vt 0.8618 0.9706
vt 0.9302 0.9706
vt 0.9995 0.9706
vt 0.9302 1.0010
vt 0.8618 1.0010
vt 0.7939 1.0010
vt 0.7266 1.0010
vt 0.6592 1.0010
vt 0.5923 1.0010
vt 0.9995 1.0010
vt 0.5254 1.0010
vt 0.4592 1.0010
vt 0.5254 0.9706
vt 0.5923 0.9706
vt 0.6592 0.9603
vt 0.7266 0.9469
vt 0.7266 0.9022
vt 0.3271 0.9469
vt 0.3271 0.9022
vt 0.3931 0.9469
vt 0.3931 0.9603
vt 0.4592 0.9469
vt 0.4592 0.9603
vt 0.5254 0.9603
vt 0.5923 0.9603
vt 0.6592 0.9469
vt 0.4592 0.9706
vt 0.3931 0.9706
vt 0.2615 0.9469
vt 0.2615 0.9022
vt 0.3271 0.9603
vt 0.3271 0.9706
vt 0.3271 1.0010
vt 0.3931 1.0010
vt 0.2615 1.0010
vt 0.1276 0.9706
vt 0.1918 1.0010
vt 0.1276 1.0010
vt 0.1918 0.9706
vt 0.2615 0.9706
vt 0.2615 0.9603
vt 0.1918 0.9469
vt 0.1918 0.9022
vt 0.1276 0.9603
vt 0.1918 0.9603
vt 0.1276 0.9469
vt 0.1276 0.9022
vt 0.1276 0.7893
vt 0.0633 0.7893
vt 0.0633 0.7051
vt -0.0009 0.7051
vt -0.0009 0.7893
vt 0.1276 0.7051
vt 0.1918 0.7893
vt 0.1918 0.7051
vt 0.1276 0.5823
vt 0.1918 0.5823
vt 0.0633 0.5823
vt -0.0009 0.5823
vt -0.0657 0.7051
vt -0.0657 0.7893
vt -0.0009 0.9022
vt 0.1276 0.4175
vt 0.1918 0.4175
vt 0.0633 0.4175
vt -0.0009 0.4175
vt -0.0657 0.4175
vt -0.0657 0.2944
vt -0.0657 0.5823
vt -0.1310 0.5823
vt -0.0009 0.2100
vt -0.0657 0.2100
vt -0.0009 0.0972
vt -0.0009 0.2944
vt 0.0633 0.2944
vt 0.1276 0.2944
vt 0.1918 0.2944
vt 0.2615 0.2944
vt 0.1918 0.2100
vt 0.2615 0.2100
vt 0.2615 0.4175
vt 0.2615 0.0522
vt 0.3271 0.0522
vt 0.2615 0.0972
vt 0.1918 0.0972
vt 0.1276 0.2100
vt 0.4592 0.0288
vt 0.4592 0.0522
vt 0.3931 0.0288
vt 0.3931 0.0522
vt 0.3271 0.0972
vt 0.3271 0.2100
vt 0.3271 0.2944
vt 0.3271 0.4175
vt 0.4592 0.0142
vt 0.5254 0.0142
vt 0.3931 0.0142
vt 0.1918 0.0522
vt 0.2615 0.0288
vt 0.3271 0.0288
vt 0.3271 0.0142
vt 0.3271 -0.0020
vt 0.3931 -0.0020
vt 0.4592 -0.0020
vt 0.5254 -0.0020
vt 0.5923 -0.0020
vt 0.2615 -0.0020
vt 0.2615 0.0142
vt 0.1918 -0.0020
vt 0.1918 0.0142
vt 0.1276 0.0142
vt 0.1918 0.0288
vt 0.1276 0.0522
vt 0.1276 0.0972
vt 0.1276 0.0288
vt 0.0633 0.0972
vt 0.0633 0.2100
vt 0.0633 0.0522
vt 0.0633 0.0288
vt 0.0633 0.0142
vt 0.0633 -0.0020
vt 0.1276 -0.0020
vt -0.1964 -0.0020
vt -0.1310 -0.0020
vt -0.1964 0.0142
vt -0.1310 0.0142
vt -0.0657 0.0142
vt -0.0657 0.0288
vt -0.0009 0.0288
vt -0.0657 0.0522
vt -0.0009 0.0522
vt -0.0657 0.0972
vt -0.0009 0.0142
vt -0.0657 -0.0020
vt -0.0009 -0.0020
vt 0.1750 0.6970
vt 0.1764 0.7004
vt 0.1168 0.7454
vt 0.1682 0.6924
vt 0.1109 0.7446
vt 0.1119 0.7495
vt 0.0977 0.7441
vt 0.0814 0.7207
vt 0.1066 0.7498
vt 0.1270 0.7648
vt 0.1232 0.7686
vt 0.1501 0.7789
vt 0.2036 0.7920
vt 0.1764 0.7882
vt 0.6919 0.0562
vt 0.6919 0.0767
vt 0.6597 0.0562
vt 0.7241 0.0767
vt 0.7241 0.0562
vt 0.7241 0.0850
vt 0.5991 0.0527
vt 0.6274 0.0527
vt 0.6597 0.0527
vt 0.6919 0.0527
vt 0.7241 0.0527
vt 0.6274 0.0381
vt 0.6597 0.0381
vt 0.6919 0.0381
vt 0.7241 0.0381
vt 0.7520 0.0381
vt 0.7520 0.0527
vt 0.7720 0.0381
vt 0.7720 0.0527
vt 0.7920 0.0527
vt 0.7920 0.0562
vt 0.8203 0.0562
vt 0.7920 0.0767
vt 0.8203 0.0767
vt 0.8203 0.0850
vt 0.8203 0.0527
vt 0.7920 0.0381
vt 0.8203 0.0381
vt 0.8530 0.0381
vt 0.8530 0.0527
vt 0.8530 0.0562
vt 0.8530 0.0767
vt 0.8853 0.0527
vt 0.8853 0.0381
vt 0.8853 0.0562
vt 0.8853 0.0767
vt 0.8853 0.0850
vt 0.9185 0.0767
vt 0.9185 0.0562
vt 0.9185 0.0527
vt 0.9185 0.0381
vt 0.9473 0.0381
vt 0.9473 0.0527
vt 0.9688 0.0381
vt 0.9688 0.0527
vt 0.9473 0.0767
vt 0.9185 0.0850
vt 0.9473 0.0562
vt 0.9688 0.0562
vt 0.9688 0.0767
vt 0.9473 0.0850
vt 0.9473 0.0918
vt 0.9185 0.0918
vt 0.9688 0.0850
vt 0.9688 0.0918
vt 0.9473 0.3359
vt 0.9185 0.3359
vt 0.8853 0.0918
vt 0.8530 0.0850
vt 0.8530 0.0918
vt 0.8853 0.3359
vt 0.9185 0.3501
vt 0.9473 0.3501
vt 0.8530 0.3359
vt 0.8853 0.3501
vt 0.8530 0.3501
vt 0.8203 0.3501
vt 0.8203 0.3359
vt 0.8203 0.0918
vt 0.7920 0.0918
vt 0.7920 0.3501
vt 0.7920 0.3359
vt 0.7720 0.3359
vt 0.7720 0.0918
vt 0.7520 0.3359
vt 0.7520 0.0918
vt 0.7241 0.0918
vt 0.7920 0.0850
vt 0.7720 0.0850
vt 0.7520 0.0850
vt 0.7520 0.0767
vt 0.7520 0.0562
vt 0.7720 0.0562
vt 0.7720 0.0767
vt 0.7383 0.3857
vt 0.7114 0.3857
vt 0.7383 0.3633
vt 0.7114 0.3633
vt 0.6870 0.3633
vt 0.7114 0.3965
vt 0.7383 0.3965
vt 0.7114 0.4331
vt 0.7383 0.4331
vt 0.7651 0.4331
vt 0.7651 0.3965
vt 0.7651 0.3857
vt 0.7651 0.3633
vt 0.7910 0.3857
vt 0.7910 0.3965
vt 0.7910 0.4331
vt 0.7651 0.4414
vt 0.7383 0.4414
vt 0.7114 0.4414
vt 0.6870 0.4414
vt 0.6870 0.4331
vt 0.8335 0.3965
vt 0.8149 0.3965
vt 0.8335 0.3857
vt 0.8149 0.3857
vt 0.8149 0.4331
vt 0.7910 0.4414
vt 0.8335 0.4331
vt 0.8149 0.4414
vt 0.8491 0.4331
vt 0.8491 0.3965
vt 0.8491 0.3857
vt 0.8335 0.3633
vt 0.8149 0.3633
vt 0.7910 0.3633
vt 0.8491 0.3633
vt 0.7051 0.5059
vt 0.7051 0.4985
vt 0.7251 0.4985
vt 0.7446 0.4985
vt 0.7446 0.4731
vt 0.7607 0.4985
vt 0.7251 0.4731
vt 0.7051 0.4731
vt 0.6880 0.4731
vt 0.6880 0.4985
vt 0.6880 0.5059
vt 0.7251 0.4590
vt 0.7051 0.4590
vt 0.7446 0.4590
vt 0.7607 0.4731
vt 0.7778 0.4985
vt 0.7778 0.5059
vt 0.7607 0.5059
vt 0.7446 0.5059
vt 0.7778 0.4731
vt 0.7778 0.4590
vt 0.7607 0.4590
vt 0.7251 0.5059
vt 0.7051 0.5110
vt 0.7251 0.5110
vt 0.7051 0.5864
vt 0.7251 0.5864
vt 0.7051 0.5942
vt 0.7251 0.5942
vt 0.7446 0.5942
vt 0.7446 0.5864
vt 0.7446 0.5110
vt 0.4968 0.7388
vt 0.4819 0.7375
vt 0.5137 0.7341
vt 0.5352 0.7310
vt 0.5186 0.7432
vt 0.4978 0.7490
vt 0.4802 0.7476
vt 0.4675 0.7334
vt 0.5278 0.7236
vt 0.4524 0.7227
vt 0.5356 0.7117
vt 0.4631 0.7427
vt 0.4451 0.7297
vt 0.4414 0.7075
vt 0.4321 0.7117
vt 0.4382 0.6938
vt 0.4280 0.6953
vt 0.4375 0.6794
vt 0.4275 0.6782
vt 0.4351 0.6565
vt 0.4438 0.6614
vt 0.4556 0.6467
vt 0.4487 0.6389
vt 0.4631 0.6301
vt 0.5278 0.6506
vt 0.5371 0.6619
vt 0.5425 0.6794
vt 0.5415 0.6985
vt 0.5444 0.7166
vt 0.5513 0.7007
vt 0.5522 0.6780
vt 0.5459 0.6572
vt 0.5352 0.6436
vt 0.5166 0.6409
vt 0.4675 0.6394
vt 0.4810 0.6343
vt 0.5220 0.6321
vt 0.4998 0.6340
vt 0.5015 0.6238
vt 0.4792 0.6240
vt 0.9897 0.3359
vt 0.9688 0.3359
vt 0.9897 0.0918
vt 0.9688 0.3501
vt 0.9897 0.3501
vt 0.9897 0.0850
vt 0.9897 0.0767
vt 0.9897 0.0562
vt 0.9897 0.0527
vt 0.9897 0.0381
vt 0.5034 0.5864
vt 0.5034 0.5942
vt 0.4854 0.5942
vt 0.5225 0.5942
vt 0.5225 0.5864
vt 0.5386 0.5059
vt 0.5225 0.5059
vt 0.5225 0.5107
vt 0.4814 0.5942
vt 0.3047 0.5325
vt 0.3020 0.5369
vt 0.3257 0.5530
vt 0.3215 0.5564
vt 0.3418 0.5774
vt 0.3372 0.5796
vt 0.3530 0.6042
vt 0.3477 0.6052
vt 0.3511 0.6265
vt 0.3557 0.6294
vt 0.3494 0.6309
vt 0.3599 0.6392
vt 0.2722 0.6357
vt 0.2450 0.6238
vt 0.2551 0.6338
vt 0.2568 0.6265
vt 0.2668 0.6353
vt 0.2651 0.6272
vt 0.2698 0.6277
vt 0.2710 0.6238
vt 0.3450 0.6267
vt 0.2512 0.6194
vt 0.2563 0.6162
vt 0.2520 0.6038
vt 0.2588 0.6145
vt 0.2671 0.6238
vt 0.2529 0.6008
vt 0.6274 0.0918
vt 0.6597 0.0918
vt 0.6274 0.3359
vt 0.5991 0.3359
vt 0.6597 0.0850
vt 0.6919 0.0918
vt 0.6274 0.0850
vt 0.5796 0.3501
vt 0.7241 0.3359
vt 0.7520 0.3501
vt 0.7241 0.3501
vt 0.6919 0.3359
vt 0.6597 0.3359
vt 0.6274 0.3501
vt 0.5991 0.3501
vt 0.6919 0.3501
vt 0.6597 0.3501
vt 0.7939 0.0142
vt 0.8618 0.0142
vt 0.7939 0.0288
vt 0.8618 -0.0020
vt 0.7939 -0.0020
vt 0.7266 -0.0020
vt 0.9302 -0.0020
vt 0.9995 0.0142
vt 0.9995 -0.0020
vt 0.9302 0.0142
vt 0.8618 0.0288
vt 0.8618 0.0522
vt 0.7939 0.0522
vt 0.7939 0.0972
vt 0.8618 0.0972
vt 0.8618 0.2100
vt 0.9302 0.4175
vt 0.8618 0.2944
vt 0.9302 0.2944
vt 0.7939 0.2100
vt 0.7266 0.0972
vt 0.7266 0.0522
vt 0.7266 0.0288
vt 0.9302 0.2100
vt 0.9995 0.2944
vt 0.9995 0.4175
vt 0.9995 0.0288
vt 0.9302 0.0288
vt 0.9302 0.0522
vt 0.9302 0.0972
vt 0.9995 0.0972
vt 0.9995 0.2100
vt 0.9995 0.0522
vt -0.4597 0.0142
vt -0.3936 0.0142
vt -0.4597 0.0288
vt -0.3936 -0.0020
vt -0.4597 -0.0020
vt -0.3276 -0.0020
vt -0.4597 0.0522
vt -0.3936 0.0522
vt -0.4597 0.0972
vt -0.3936 0.0288
vt -0.3276 0.0142
vt -0.2620 -0.0020
vt -0.2620 0.0142
vt -0.2620 0.0288
vt -0.3276 0.0288
vt -0.3276 0.0522
vt -0.2620 0.0522
vt -0.1964 0.0288
vt -0.3936 0.0972
vt -0.3276 0.0972
vt -0.2620 0.0972
vt -0.1964 0.0522
vt -0.1310 0.0288
vt -0.1310 0.0522
vt -0.1964 0.0972
vt -0.1964 0.2100
vt -0.1310 0.0972
vt -0.1310 0.2100
vt -0.1310 0.2944
vt -0.1310 0.4175
vt -0.2620 0.2100
vt -0.3276 0.2100
vt -0.1964 0.2944
vt -0.1964 0.4175
vt -0.1964 0.5823
vt -0.2620 0.5823
vt -0.2620 0.7051
vt -0.3276 0.5823
vt -0.4597 0.4175
vt -0.5259 0.4175
vt -0.4597 0.2944
vt -0.4597 0.5823
vt -0.3936 0.5823
vt -0.3936 0.4175
vt -0.3276 0.4175
vt -0.2620 0.4175
vt -0.2620 0.2944
vt -0.3276 0.2944
vt -0.3936 0.2944
vt -0.3936 0.2100
vt -0.5923 0.4175
vt -0.6597 0.2944
vt -0.5923 0.2944
vt -0.5259 0.2944
vt -0.4597 0.2100
vt -0.7271 0.2944
vt -0.7944 0.2100
vt -0.7271 0.2100
vt -0.6597 0.2100
vt -0.5923 0.2100
vt -0.5259 0.2100
vt -0.7944 0.0972
vt -0.7271 0.0972
vt -0.6597 0.0972
vt -0.5923 0.0972
vt -0.5259 0.0972
vt -0.7271 0.0522
vt -0.7944 0.0522
vt -0.8623 0.0522
vt -0.8623 0.0972
vt -0.8623 0.2100
vt -0.9307 0.2100
vt -0.9307 0.2944
vt -0.7271 0.0288
vt -0.9995 0.2944
vt -0.9995 0.4175
vt -0.9995 0.2100
vt -0.9307 0.0972
vt -0.9307 0.0522
vt -0.8623 0.0288
vt -0.7944 0.0288
vt -0.7944 0.0142
vt -0.8623 0.0142
vt -0.9307 0.0142
vt -0.9307 0.0288
vt -0.9995 0.0972
vt -0.9995 0.0522
vt -0.9995 0.0288
vt -0.9995 0.0142
vt -0.9995 -0.0020
vt -0.9307 -0.0020
vt -0.8623 -0.0020
vt -0.7944 -0.0020
vt -0.7271 0.0142
vt -0.6597 0.0288
vt -0.6597 0.0522
vt -0.5259 0.0288
vt -0.5923 0.0142
vt -0.5259 0.0142
vt -0.5923 0.0288
vt -0.5259 0.0522
vt -0.5923 0.0522
vt -0.6597 0.0142
vt -0.5259 -0.0020
vt -0.5923 -0.0020
vt -0.6597 -0.0020
vt -0.7271 -0.0020
vt 0.6733 0.4331
vt 0.6562 0.4331
vt 0.6733 0.3965
vt 0.6870 0.3965
vt 0.6870 0.3857
vt 0.6733 0.3857
vt 0.6562 0.3965
vt 0.6318 0.3965
vt 0.6318 0.4331
vt 0.6035 0.3965
vt 0.6035 0.4331
vt 0.5752 0.3965
vt 0.5752 0.4331
vt 0.5469 0.4331
vt 0.6562 0.3857
vt 0.6318 0.3857
vt 0.6035 0.3857
vt 0.5752 0.3857
vt 0.5469 0.3965
vt 0.5215 0.4331
vt 0.5215 0.3965
vt 0.5469 0.3857
vt 0.5469 0.3633
vt 0.5752 0.3633
vt 0.6035 0.3633
vt 0.6318 0.3633
vt 0.6562 0.3633
vt 0.6733 0.3633
vt 0.2952 0.7651
vt 0.3162 0.7476
vt 0.2976 0.7699
vt 0.2761 0.7749
vt 0.2747 0.7800
vt 0.3198 0.7512
vt 0.3025 0.7795
vt 0.2710 0.7932
vt 0.2666 0.7869
vt 0.2710 0.7744
vt 0.2739 0.7690
vt 0.2529 0.6992
vt 0.2394 0.7950
vt 0.2389 0.8027
vt 0.2421 0.7041
vt 0.2491 0.6992
vt 0.2783 0.8125
vt 0.3125 0.7964
vt 0.2435 0.8285
vt 0.2803 0.8177
vt 0.3157 0.8010
vt 0.1670 0.8289
vt 0.2051 0.8331
vt 0.2455 0.8395
vt 0.2844 0.8281
vt 0.2047 0.8441
vt 0.1644 0.8396
vt 0.1266 0.8259
vt 0.0925 0.8040
vt 0.0641 0.7742
vt -0.8623 0.9469
vt -0.7944 0.9469
vt -0.8623 0.9603
vt -0.9307 0.9469
vt -0.8623 0.9706
vt -0.9307 0.9603
vt -0.9995 0.9603
vt -0.9995 0.9469
vt -0.9995 0.9706
vt -0.9307 0.9706
vt -0.9995 1.0010
vt -0.9307 1.0010
vt -0.8623 1.0010
vt -0.7944 1.0010
vt -0.5259 1.0010
vt -0.5923 1.0010
vt -0.5259 0.9706
vt -0.5923 0.9706
vt -0.6597 1.0010
vt -0.6597 0.9706
vt -0.7271 1.0010
vt -0.7271 0.9706
vt -0.7944 0.9706
vt -0.7944 0.9603
vt -0.7271 0.9603
vt -0.6597 0.9603
vt -0.5923 0.9603
vt -0.5259 0.9603
vt -0.4597 0.9706
vt -0.4597 0.9603
vt -0.3936 0.9603
vt -0.5259 0.9469
vt -0.5923 0.9469
vt -0.6597 0.9469
vt -0.7271 0.9469
vt -0.4597 0.9469
vt -0.3936 0.9469
vt -0.5259 0.9022
vt -0.5923 0.9022
vt -0.6597 0.9022
vt -0.7271 0.9022
vt -0.4597 0.9022
vt -0.5259 0.7893
vt -0.5923 0.7893
vt -0.6597 0.7893
vt -0.7271 0.7893
vt -0.7944 0.9022
vt -0.4597 0.7893
vt -0.3936 0.9022
vt -0.5259 0.7051
vt -0.5923 0.7051
vt -0.6597 0.7051
vt -0.7271 0.7051
vt -0.7944 0.7893
vt -0.4597 0.7051
vt -0.3936 0.7893
vt -0.5259 0.5823
vt -0.5923 0.5823
vt -0.6597 0.5823
vt -0.7271 0.5823
vt -0.7944 0.7051
vt -0.6597 0.4175
vt -0.7271 0.4175
vt -0.7944 0.5823
vt -0.7944 0.4175
vt -0.8623 0.5823
vt -0.8623 0.4175
vt -0.7944 0.2944
vt -0.8623 0.7051
vt -0.9307 0.5823
vt -0.9307 0.4175
vt -0.8623 0.2944
vt -0.9307 0.7893
vt -0.9995 0.7051
vt -0.9307 0.7051
vt -0.9995 0.5823
vt -0.8623 0.7893
vt -0.8623 0.9022
vt -0.9307 0.9022
vt -0.9995 0.9022
vt -0.9995 0.7893
vt -0.3276 0.9022
vt -0.3276 0.7893
vt -0.2620 0.9022
vt -0.2620 0.7893
vt -0.1310 0.9469
vt -0.1310 0.9603
vt -0.1964 0.9469
vt -0.1964 0.9022
vt -0.1964 0.7893
vt -0.1964 0.7051
vt -0.1310 0.9706
vt -0.0657 0.9706
vt -0.1964 0.9603
vt -0.2620 0.9469
vt -0.3276 0.9469
vt -0.1310 1.0010
vt -0.1964 0.9706
vt -0.2620 0.9603
vt -0.3276 0.9603
vt -0.2620 0.9706
vt -0.3276 0.9706
vt -0.3936 0.9706
vt -0.3936 1.0010
vt -0.4597 1.0010
vt -0.1964 1.0010
vt -0.2620 1.0010
vt -0.3276 1.0010
vt -0.0657 0.9022
vt -0.0009 0.9469
vt -0.0657 0.9469
vt -0.0009 0.9603
vt -0.0657 0.9603
vt -0.0009 0.9706
vt -0.0009 1.0010
vt -0.0657 1.0010
vt 0.0633 0.9022
vt 0.0633 0.9469
vt 0.0633 0.9603
vt 0.0633 0.9706
vt 0.0633 1.0010
vt 0.9995 0.9469
vt 0.9302 0.9469
vt 0.9995 0.9022
vt 0.9995 0.9603
vt 0.9302 0.7893
vt 0.9995 0.7893
vt 0.9302 0.9022
vt 0.8618 0.9022
vt 0.8618 0.7893
vt 0.9302 0.7051
vt 0.9995 0.7051
vt 0.7939 0.7893
vt 0.8618 0.7051
vt 0.9302 0.5823
vt 0.9995 0.5823
vt 0.7939 0.7051
vt 0.8618 0.5823
vt 0.7266 0.7893
vt 0.7266 0.5823
vt 0.6592 0.4175
vt 0.7266 0.4175
vt 0.7266 0.2944
vt 0.7939 0.4175
vt 0.7939 0.2944
vt 0.8618 0.4175
vt 0.7266 0.7051
vt 0.7939 0.5823
vt 0.6592 0.9022
vt 0.6592 0.7893
vt 0.6592 0.7051
vt 0.6592 0.5823
vt 0.5923 0.9469
vt 0.5254 0.9469
vt 0.5923 0.9022
vt 0.5923 0.7893
vt 0.5923 0.7051
vt 0.5923 0.5823
vt 0.5254 0.7893
vt 0.5254 0.7051
vt 0.5254 0.5823
vt 0.5254 0.4175
vt 0.5923 0.4175
vt 0.5923 0.2944
vt 0.6592 0.2944
vt 0.6592 0.2100
vt 0.7266 0.2100
vt 0.6592 0.0972
vt 0.5923 0.2100
vt 0.5254 0.2944
vt 0.4592 0.4175
vt 0.4592 0.5823
vt 0.4592 0.2944
vt 0.5254 0.2100
vt 0.5923 0.0972
vt 0.6592 0.0522
vt 0.6592 0.0288
vt 0.7266 0.0142
vt 0.5923 0.0522
vt 0.5254 0.0972
vt 0.4592 0.2100
vt 0.4592 0.0972
vt 0.5254 0.0522
vt 0.5923 0.0288
vt 0.6592 0.0142
vt 0.5923 0.0142
vt 0.5254 0.0288
vt 0.3931 0.0972
vt 0.6592 -0.0020
vt 0.1434 0.4829
vt 0.1514 0.5010
vt 0.1110 0.5007
vt 0.0837 0.5264
vt 0.1559 0.5115
vt 0.0795 0.5227
vt 0.1078 0.4966
vt 0.1412 0.4775
vt 0.1013 0.4873
vt 0.0712 0.5154
vt 0.0466 0.5479
vt 0.4600 0.3857
vt 0.4309 0.3633
vt 0.4600 0.3633
vt 0.4856 0.3633
vt 0.4856 0.3857
vt 0.4856 0.3965
vt 0.5034 0.3857
vt 0.5034 0.3965
vt 0.5215 0.3857
vt 0.5034 0.3633
vt 0.5215 0.3633
vt 0.5034 0.4331
vt 0.4856 0.4331
vt 0.4600 0.3965
vt 0.4309 0.3857
vt 0.4019 0.3633
vt 0.4019 0.3857
vt 0.4600 0.4331
vt 0.4309 0.3965
vt 0.4019 0.3965
vt 0.3723 0.3965
vt 0.3723 0.4331
vt 0.3462 0.4331
vt 0.4309 0.4331
vt 0.4019 0.4331
vt 0.3723 0.3857
vt 0.3462 0.3965
vt 0.3279 0.3965
vt 0.3279 0.4331
vt 0.3096 0.3965
vt 0.3096 0.4331
vt 0.2839 0.3965
vt 0.2839 0.4331
vt 0.3462 0.3857
vt 0.3279 0.3857
vt 0.3462 0.3633
vt 0.3723 0.3633
vt 0.2262 0.3965
vt 0.1978 0.3965
vt 0.2262 0.3857
vt 0.2549 0.3857
vt 0.2549 0.3965
vt 0.2839 0.3857
vt 0.3096 0.3857
vt 0.2549 0.3633
vt 0.2839 0.3633
vt 0.3096 0.3633
vt 0.3279 0.3633
vt 0.1383 0.3633
vt 0.1554 0.3633
vt 0.1383 0.3857
vt 0.1554 0.3857
vt 0.1726 0.3857
vt 0.1726 0.3633
vt 0.1978 0.3857
vt 0.1978 0.3633
vt 0.2262 0.3633
vt 0.1147 0.3633
vt 0.1147 0.3857
vt 0.1383 0.3965
vt 0.1554 0.3965
vt 0.1726 0.3965
vt 0.2549 0.4331
vt 0.2262 0.4331
vt 0.1978 0.4331
vt 0.1726 0.4331
vt 0.1554 0.4331
vt 0.1383 0.4331
vt 0.1147 0.3965
vt 0.0880 0.3857
vt 0.0880 0.3633
vt 0.0618 0.3857
vt 0.0618 0.3633
vt 0.0363 0.3857
vt 0.0363 0.3965
vt 0.0618 0.3965
vt 0.0880 0.3965
vt 0.0363 0.3633
vt 0.0145 0.3633
vt 0.0145 0.3857
vt 0.0145 0.3965
vt 0.0145 0.4331
vt 0.0363 0.4331
vt 0.0618 0.4331
vt 0.0880 0.4331
vt 0.1147 0.4331
vt -0.1310 0.7051
vt -0.1310 0.7893
vt -0.1310 0.9022
vt 0.4592 0.7051
vt 0.4592 0.7893
vt 0.5254 0.9022
vt 0.3931 0.7051
vt 0.3931 0.7893
vt 0.3931 0.9022
vt 0.4592 0.9022
vt 0.3271 0.7051
vt 0.3271 0.7893
vt 0.2615 0.5823
vt 0.3271 0.5823
vt 0.2615 0.7051
vt 0.2615 0.7893
vt 0.3931 0.2100
vt 0.3931 0.2944
vt 0.3931 0.4175
vt 0.3931 0.5823
vt 0.7720 0.3501
vt 0.6919 0.0850
vt 0.6597 0.0767
vt 0.6274 0.0767
vt 0.5796 0.0381
vt 0.5991 0.0381
vt 0.5752 0.5110
vt 0.5972 0.5864
vt 0.5752 0.5864
vt 0.5972 0.5942
vt 0.5752 0.5942
vt 0.5547 0.5942
vt 0.5547 0.5864
vt 0.6880 0.4590
vt -0.3276 0.7051
vt -0.3936 0.7051
vn -0.6190 -0.2133 0.7559
vn -0.4207 0.5101 0.7502
vn -0.6408 0.6027 0.4755
vn -0.7480 0.6101 0.2614
vn -0.7661 0.5914 0.2517
vn 0.1554 0.2039 0.9666
vn 0.1542 0.2024 0.9671
vn -0.6491 0.6054 0.4606
vn -0.6503 0.6045 0.4601
vn -0.7700 0.6059 0.1997
vn 0.7095 0.6293 0.3171
vn 0.7016 0.6140 0.3616
vn 0.8077 0.4663 0.3607
vn 0.8054 0.4640 0.3689
vn 0.8840 0.2872 0.3689
vn -0.6500 0.6055 0.4592
vn 0.1499 0.2054 0.9671
vn 0.1511 0.2071 0.9666
vn 0.7824 -0.4213 0.4587
vn 0.7774 -0.4144 0.4732
vn 0.7778 -0.4129 0.4739
vn 0.7771 -0.4139 0.4741
vn 0.7766 -0.4206 0.4691
vn 0.1490 0.1950 0.9694
vn 0.0117 0.3015 0.9534
vn 0.0175 0.3093 0.9508
vn -0.0868 -0.8532 0.5143
vn -0.0717 -0.8733 0.4820
vn -0.0045 0.0004 1.0000
vn -0.0003 -0.0005 1.0000
vn 0.0000 0.0000 1.0000
vn 0.0030 -0.0041 1.0000
vn 0.0000 0.0052 1.0000
vn -0.0016 0.0048 1.0000
vn -0.0009 0.0045 1.0000
vn -0.0051 -0.0003 1.0000
vn -0.0049 0.0016 1.0000
vn 0.0049 0.0016 1.0000
vn 0.0050 0.0000 1.0000
vn 0.0046 -0.0008 1.0000
vn 0.0715 -0.8727 0.4830
vn 0.0862 -0.8532 0.5144
vn -0.0030 -0.0041 1.0000
vn 0.0004 -0.0005 1.0000
vn -0.1409 0.1996 0.9697
vn -0.7729 -0.4257 0.4706
vn -0.7734 -0.4189 0.4757
vn -0.0122 0.3010 0.9536
vn -0.0184 0.3091 0.9509
vn -0.7737 -0.4193 0.4750
vn -0.7741 -0.4180 0.4755
vn -0.1474 0.2083 0.9669
vn -0.1416 0.2002 0.9695
vn 0.6388 0.6104 0.4684
vn 0.6375 0.6062 0.4755
vn 0.6349 0.6096 0.4746
vn 0.6347 0.6106 0.4736
vn -0.1481 0.2090 0.9666
vn -0.1475 0.2082 0.9669
vn -0.7788 -0.4264 0.4601
vn -0.7783 -0.4278 0.4596
vn -0.1912 0.8994 0.3931
vn -0.3669 0.8430 0.3934
vn -0.3790 0.8513 0.3627
vn -0.7791 -0.4272 0.4588
vn -0.1497 0.2066 0.9669
vn -0.1504 0.2074 0.9666
vn 0.6436 0.6123 0.4591
vn 0.6354 0.6097 0.4739
vn 0.7412 0.6176 0.2629
vn 0.6448 0.6115 0.4586
vn 0.7625 0.6139 0.2042
vn 0.7594 0.5993 0.2534
vn -0.6928 0.6238 0.3619
vn 0.6444 0.6125 0.4578
vn -0.1506 0.2072 0.9666
vn -0.2476 0.3408 0.9069
vn -0.0120 0.0165 0.9998
vn -0.0083 0.0187 0.9998
vn -0.0043 0.0200 0.9998
vn -0.0152 0.0137 0.9998
vn -0.3131 0.2819 0.9069
vn -0.3648 0.2106 0.9069
vn 0.4364 -0.6007 0.6698
vn 0.3020 -0.6783 0.6698
vn 0.1544 -0.7263 0.6698
vn 0.0000 -0.7425 0.6698
vn -0.4190 0.0440 0.9069
vn -0.4007 0.1302 0.9069
vn -0.0177 0.0102 0.9998
vn 0.5518 -0.4968 0.6698
vn 0.6430 -0.3713 0.6698
vn -0.0194 0.0063 0.9998
vn -0.0203 0.0021 0.9998
vn -0.0203 -0.0021 0.9998
vn 0.7062 -0.2294 0.6698
vn 0.7384 -0.0776 0.6698
vn 0.7384 0.0776 0.6698
vn -0.0194 -0.0063 0.9998
vn -0.4007 -0.1302 0.9069
vn -0.4190 -0.0440 0.9069
vn 0.7062 0.2294 0.6698
vn 0.6430 0.3713 0.6698
vn 0.3020 0.6783 0.6698
vn 0.4364 0.6007 0.6698
vn 0.5518 0.4968 0.6698
vn -0.0177 -0.0102 0.9998
vn -0.3648 -0.2106 0.9069
vn -0.0152 -0.0137 0.9998
vn -0.3131 -0.2819 0.9069
vn -0.8075 -0.4662 0.3613
vn -0.3787 0.8045 0.4576
vn -0.3776 0.8045 0.4584
vn -0.3788 0.8037 0.4589
vn -0.3789 0.7947 0.4742
vn -0.3800 0.7944 0.4739
vn -0.3789 0.7942 0.4750
vn -0.7921 -0.4666 0.3934
vn -0.6833 -0.6153 0.3931
vn -0.2476 -0.3408 0.9069
vn -0.5405 -0.7439 0.3931
vn -0.6927 -0.6248 0.3603
vn -0.8037 -0.4730 0.3610
vn -0.8193 -0.4894 0.2986
vn -0.3436 0.9161 0.2068
vn -0.3297 0.9104 0.2499
vn -0.3526 0.8993 0.2588
vn -0.3583 0.5559 0.7501
vn -0.3752 0.5369 0.7556
vn 0.2766 0.2963 0.9142
vn -0.1891 -0.2310 0.9544
vn 0.2731 0.2897 0.9173
vn 0.1905 0.3496 0.9173
vn 0.1959 0.3552 0.9140
vn -0.3750 0.7955 0.4759
vn -0.3785 0.7981 0.4688
vn 0.6055 0.6411 0.4715
vn -0.2034 -0.2348 0.9505
vn -0.1603 -0.2661 0.9505
vn -0.1612 -0.2511 0.9544
vn 0.8763 -0.1116 0.4687
vn 0.8728 -0.1091 0.4757
vn 0.0068 -0.2441 0.9697
vn 0.0071 -0.2528 0.9675
vn 0.0074 -0.2420 0.9702
vn 0.0006 0.0002 1.0000
vn 0.0040 -0.0030 1.0000
vn 0.0041 -0.0024 1.0000
vn -0.0035 0.0033 1.0000
vn 0.4370 0.7630 0.4763
vn 0.4093 0.7546 0.5129
vn 0.5755 0.6361 0.5140
vn -0.0000 0.0006 1.0000
vn 0.0000 0.0007 1.0000
vn 0.0040 0.0032 1.0000
vn -0.0041 0.0031 1.0000
vn -0.0040 -0.0030 1.0000
vn -0.0006 0.0002 1.0000
vn 0.2333 -0.0767 0.9694
vn 0.2331 -0.0765 0.9694
vn 0.2437 -0.0800 0.9665
vn -0.0028 -0.0034 1.0000
vn 0.3922 0.7878 0.4750
vn -0.4137 0.7516 0.5137
vn -0.5653 0.6447 0.5145
vn -0.5936 0.6508 0.4733
vn 0.3958 0.7903 0.4677
vn 0.1863 -0.2322 0.9547
vn 0.1970 -0.2356 0.9517
vn 0.1587 -0.2627 0.9518
vn 0.1591 -0.2481 0.9556
vn -0.2748 0.3006 0.9133
vn -0.2714 0.2942 0.9164
vn -0.1932 0.3504 0.9164
vn -0.1984 0.3558 0.9133
vn -0.6285 -0.1909 0.7540
vn -0.8716 -0.1174 0.4759
vn -0.8751 -0.1117 0.4708
vn -0.4388 0.7603 0.4790
vn 0.0029 0.0037 1.0000
vn -0.6439 -0.1684 0.7463
vn -0.8721 -0.1184 0.4747
vn -0.8722 -0.1172 0.4750
vn -0.6535 -0.1855 0.7338
vn -0.9711 -0.0319 0.2364
vn -0.9805 -0.0432 0.1917
vn 0.2051 -0.9329 0.2961
vn 0.1984 -0.8977 0.3934
vn 0.3740 -0.8400 0.3931
vn 0.3131 -0.2819 0.9069
vn 0.2476 -0.3408 0.9069
vn 0.1713 -0.3849 0.9069
vn 0.0876 -0.4121 0.9069
vn 0.5405 -0.7439 0.3931
vn 0.6833 -0.6153 0.3931
vn 0.3648 -0.2106 0.9069
vn 0.4007 -0.1302 0.9069
vn 0.4190 -0.0440 0.9069
vn 0.9268 -0.0974 0.3627
vn 0.0203 0.0021 0.9998
vn 0.0203 -0.0021 0.9998
vn 0.0195 -0.0063 0.9998
vn 0.0194 -0.0063 0.9998
vn 0.0177 -0.0102 0.9998
vn 0.0152 -0.0137 0.9998
vn 0.0120 -0.0165 0.9998
vn -0.7062 0.2294 0.6698
vn -0.7384 0.0776 0.6698
vn -0.7384 -0.0776 0.6698
vn 0.4190 0.0440 0.9069
vn 0.4007 0.1302 0.9069
vn 0.0194 0.0063 0.9998
vn 0.0195 0.0063 0.9998
vn -0.7062 -0.2294 0.6698
vn -0.6430 -0.3713 0.6698
vn -0.5518 -0.4968 0.6698
vn 0.0177 0.0102 0.9998
vn 0.0152 0.0137 0.9998
vn 0.1507 0.2074 0.9666
vn 0.2476 0.3408 0.9069
vn 0.3131 0.2819 0.9069
vn 0.3648 0.2106 0.9069
vn 0.3666 0.8431 0.3934
vn 0.3792 0.8517 0.3616
vn 0.7828 -0.4220 0.4573
vn 0.7820 -0.4226 0.4582
vn 0.9469 -0.0924 0.3079
vn 0.9151 -0.0884 0.3934
vn 0.9145 0.0961 0.3931
vn 0.8745 0.2841 0.3931
vn 0.7963 0.4597 0.3931
vn 0.6883 0.6095 0.3934
vn 0.6925 0.6235 0.3628
vn 0.9244 0.0972 0.3689
vn 0.9275 0.0983 0.3606
vn 0.9286 -0.0832 0.3616
vn -0.8558 -0.1930 0.4799
vn -0.1591 -0.8685 0.4695
vn -0.1524 -0.8669 0.4746
vn -0.1513 -0.8672 0.4743
vn -0.1528 -0.8673 0.4738
vn -0.0188 -0.6783 0.7346
vn -0.2693 -0.9365 0.2246
vn -0.2612 -0.9487 0.1780
vn 0.2898 0.0797 0.9538
vn -0.0325 -0.6636 0.7474
vn -0.0073 -0.6583 0.7527
vn -0.3964 -0.0809 0.9145
vn -0.3899 -0.0777 0.9176
vn -0.3616 -0.1647 0.9177
vn -0.3680 -0.1659 0.9149
vn -0.3949 0.5194 0.7578
vn -0.6402 0.6026 0.4765
vn -0.6401 0.6037 0.4752
vn 0.1545 0.2022 0.9671
vn 0.1483 0.1933 0.9699
vn -0.6427 0.5992 0.4774
vn -0.6441 0.6033 0.4702
vn 0.2807 0.1059 0.9539
vn 0.2874 0.1157 0.9508
vn 0.3007 0.0757 0.9507
vn -0.8406 -0.1708 0.5141
vn -0.7879 -0.3373 0.5153
vn 0.0005 -0.0047 1.0000
vn 0.0012 -0.0049 1.0000
vn -0.0004 -0.0005 1.0000
vn -0.8012 -0.3611 0.4771
vn -0.0127 0.2447 -0.9695
vn -0.0201 0.2428 -0.9699
vn -0.0205 0.2446 -0.9694
vn -0.0206 0.2428 -0.9699
vn -0.0126 0.2426 -0.9700
vn -0.0119 0.2447 -0.9695
vn 0.0101 0.2448 -0.9695
vn 0.0101 0.2447 -0.9695
vn 0.0103 0.2447 -0.9695
vn 0.0103 0.2448 -0.9695
vn 0.1420 0.9829 -0.1171
vn -0.1823 0.9763 -0.1169
vn 0.4854 0.8445 0.2261
vn 0.4838 0.8442 0.2310
vn 0.0867 0.9703 0.2260
vn 0.0860 0.9832 0.1612
vn -0.1272 0.9789 0.1602
vn -0.1526 0.9797 0.1299
vn -0.1558 0.9878 0.0000
vn 0.1278 0.9918 0.0000
vn 0.1258 0.9855 0.1143
vn 0.4956 0.8600 0.1218
vn 0.4524 0.8767 0.1637
vn 0.6601 0.7329 0.1646
vn 0.6517 0.7225 0.2308
vn 0.6533 0.7226 0.2259
vn 0.6781 0.7207 0.1442
vn 0.4591 0.8884 0.0000
vn 0.6868 0.7269 0.0000
vn 0.8994 0.4371 0.0000
vn 0.8927 0.4275 0.1427
vn 0.8964 0.4130 0.1607
vn 0.8843 0.4080 0.2269
vn 0.8873 0.4594 -0.0406
vn 0.2284 0.0908 -0.9693
vn 0.9756 0.1508 0.1595
vn 0.9891 0.1470 0.0000
vn 0.2392 0.0545 -0.9694
vn 0.9920 0.1224 -0.0319
vn 0.9603 0.1634 0.2262
vn 0.9760 0.1667 0.1402
vn 0.9663 -0.2150 0.1414
vn 0.9678 -0.1927 0.1622
vn 0.9056 -0.3917 0.1625
vn 0.9064 -0.3888 0.1652
vn 0.6835 -0.7114 0.1638
vn 0.6981 -0.7160 0.0000
vn 0.9810 -0.1941 0.0000
vn 0.9180 -0.3965 0.0000
vn 0.6945 -0.7179 -0.0483
vn 0.6873 -0.7089 0.1585
vn 0.4473 -0.8803 0.1578
vn 0.4430 -0.8816 0.1632
vn 0.4493 -0.8920 -0.0504
vn 0.3865 -0.8940 0.2265
vn 0.1221 -0.2148 -0.9690
vn 0.1239 -0.2174 -0.9682
vn 0.1226 -0.2144 -0.9690
vn -0.8027 -0.5492 0.2326
vn -0.6325 -0.2284 0.7402
vn -0.6144 -0.2367 0.7527
vn 0.0414 -0.4012 0.9151
vn 0.4465 -0.8948 0.0000
vn 0.0851 -0.9964 0.0000
vn 0.0815 -0.9833 0.1629
vn 0.0841 -0.9835 0.1604
vn 0.0836 -0.9709 0.2242
vn 0.0846 -0.9717 0.2203
vn 0.0423 -0.3952 0.9176
vn -0.0431 -0.3952 0.9176
vn -0.0851 -0.9964 0.0000
vn -0.4743 -0.8804 0.0000
vn -0.0816 -0.9833 0.1630
vn -0.0843 -0.9834 0.1605
vn -0.0838 -0.9709 0.2243
vn -0.0848 -0.9717 0.2204
vn -0.1354 -0.2084 -0.9686
vn -0.1293 -0.2107 -0.9690
vn -0.1300 -0.2122 -0.9685
vn -0.1290 -0.2109 -0.9689
vn -0.4300 -0.9010 -0.0584
vn -0.4652 -0.8565 0.2237
vn -0.4710 -0.8670 0.1626
vn -0.4751 -0.8657 0.1574
vn -0.1575 -0.1924 -0.9686
vn -0.1663 -0.1817 -0.9692
vn -0.1690 -0.1841 -0.9683
vn -0.1670 -0.1812 -0.9692
vn -0.7317 -0.6432 0.2256
vn -0.7097 -0.7019 -0.0603
vn -0.7048 -0.6971 0.1316
vn -0.7159 -0.6803 0.1567
vn -0.7297 -0.6837 0.0000
vn -0.0421 -0.4019 0.9147
vn 0.6236 -0.2111 0.7527
vn 0.6229 -0.2387 0.7450
vn 0.6409 -0.2303 0.7323
vn 0.8065 -0.5414 0.2378
vn -0.1344 -0.2069 -0.9691
vn -0.1360 -0.2079 -0.9686
vn -0.1562 -0.1934 -0.9686
vn -0.1551 -0.1894 -0.9696
vn 0.8211 -0.5402 0.1845
vn 0.5034 0.0530 -0.8624
vn 0.8629 -0.0972 -0.4959
vn 0.8631 0.0912 -0.4968
vn 0.8630 0.0912 -0.4969
vn 0.8253 0.2682 -0.4969
vn 0.4813 0.1564 -0.8625
vn 0.4814 0.1564 -0.8625
vn 0.7603 0.2470 -0.6008
vn 0.0317 0.0103 -0.9994
vn 0.0316 0.0103 -0.9994
vn 0.0332 0.0032 -0.9994
vn 0.0331 0.0032 -0.9994
vn 0.6924 0.3993 -0.6009
vn 0.0287 0.0169 -0.9994
vn 0.0286 0.0168 -0.9994
vn -0.6706 -0.0712 -0.7384
vn -0.6413 -0.2084 -0.7384
vn -0.5843 -0.3365 -0.7385
vn -0.5140 -0.4346 -0.7395
vn 0.0106 0.0415 -0.9991
vn 0.0079 0.0396 -0.9992
vn 0.5872 0.5428 -0.6004
vn 0.5876 0.5428 -0.6000
vn 0.3645 0.3532 -0.8616
vn 0.3659 0.3539 -0.8607
vn 0.6401 0.5867 -0.4960
vn 0.7464 0.6655 0.0000
vn 0.9944 0.1053 0.0000
vn 0.9511 0.3090 0.0000
vn 0.8664 0.4993 0.0000
vn 0.7518 0.4335 -0.4970
vn 0.7518 0.4335 -0.4968
vn 0.4383 0.2529 -0.8625
vn 0.4383 0.2530 -0.8625
vn 0.9951 -0.0985 0.0000
vn 0.9645 -0.2641 0.0000
vn 0.7950 0.0840 -0.6008
vn 0.7945 -0.0927 -0.6002
vn 0.5028 -0.0707 -0.8615
vn 0.5044 -0.0705 -0.8606
vn 0.8382 -0.2293 -0.4949
vn 0.8129 -0.3069 -0.4950
vn 0.8381 -0.2293 -0.4950
vn 0.4918 -0.1343 -0.8603
vn 0.4921 -0.1343 -0.8601
vn 0.7721 -0.2112 -0.5993
vn 0.7947 -0.0929 -0.5998
vn 0.0299 -0.0272 -0.9992
vn 0.0332 -0.0272 -0.9991
vn -0.6716 0.0488 -0.7393
vn 0.7721 -0.2112 -0.5994
vn 0.0338 -0.0088 -0.9994
vn 0.0333 -0.0087 -0.9994
vn -0.6485 0.1779 -0.7402
vn 0.4771 -0.1799 -0.8603
vn 0.4772 -0.1800 -0.8602
vn 0.7489 -0.2827 -0.5993
vn 0.0328 -0.0120 -0.9994
vn 0.0325 -0.0118 -0.9994
vn -0.6290 0.2380 -0.7401
vn -0.5723 0.3552 -0.7391
vn 0.4493 -0.2400 -0.8606
vn 0.2977 -0.4098 -0.8622
vn 0.3763 -0.3389 -0.8623
vn 0.3763 -0.3390 -0.8622
vn 0.4481 -0.2388 -0.8615
vn 0.6973 -0.3926 -0.5997
vn 0.3256 -0.7304 -0.6004
vn 0.4701 -0.6470 -0.6004
vn 0.5940 -0.5354 -0.6005
vn 0.5940 -0.5354 -0.6004
vn 0.6972 -0.3923 -0.6001
vn 0.0400 0.0040 -0.9992
vn 0.0426 0.0020 -0.9991
vn 0.0250 -0.0222 -0.9994
vn 0.0251 -0.0222 -0.9994
vn 0.0197 -0.0271 -0.9994
vn 0.0134 -0.0308 -0.9994
vn -0.5009 0.4520 -0.7381
vn -0.3966 0.5459 -0.7380
vn -0.2751 0.6162 -0.7380
vn 0.0134 -0.0307 -0.9994
vn -0.0152 -0.0400 -0.9991
vn -0.0163 -0.0369 -0.9992
vn 0.0008 -0.0347 -0.9994
vn 0.0009 -0.0350 -0.9994
vn 0.0293 0.6720 -0.7400
vn -0.0312 0.6719 -0.7400
vn -0.1619 0.6539 -0.7390
vn 0.2752 0.6161 -0.7380
vn 0.1632 0.6536 -0.7391
vn 0.5715 0.3564 -0.7392
vn 0.5009 0.4520 -0.7381
vn 0.3966 0.5459 -0.7380
vn -0.0133 -0.0307 -0.9994
vn 0.0162 -0.0403 -0.9991
vn 0.0173 -0.0371 -0.9992
vn -0.0023 -0.0345 -0.9994
vn -0.1585 -0.7842 -0.5999
vn -0.0024 -0.0350 -0.9994
vn -0.0360 -0.7999 -0.5990
vn -0.1588 -0.7845 -0.5995
vn -0.0886 -0.5002 -0.8614
vn -0.2061 -0.4627 -0.8622
vn -0.3257 -0.7304 -0.6004
vn -0.0134 -0.0308 -0.9994
vn -0.0197 -0.0271 -0.9994
vn -0.0322 -0.0123 -0.9994
vn -0.0404 0.0049 -0.9992
vn -0.6971 -0.3924 -0.6001
vn -0.5940 -0.5354 -0.6004
vn -0.5940 -0.5354 -0.6005
vn -0.4701 -0.6470 -0.6004
vn -0.3535 -0.7927 -0.4967
vn -0.2977 -0.4098 -0.8622
vn -0.3763 -0.3389 -0.8623
vn -0.3763 -0.3390 -0.8622
vn -0.4484 -0.2384 -0.8615
vn -0.6973 -0.3927 -0.5997
vn -0.7490 -0.2826 -0.5993
vn -0.0326 -0.0125 -0.9994
vn -0.4496 -0.2396 -0.8605
vn -0.5101 -0.7021 -0.4967
vn -0.5102 -0.7022 -0.4967
vn -0.6446 -0.5811 -0.4968
vn -0.6447 -0.5812 -0.4966
vn -0.7549 -0.4292 -0.4958
vn -0.7550 -0.4292 -0.4958
vn -0.8130 -0.3068 -0.4949
vn -0.4771 -0.1801 -0.8602
vn -0.4773 -0.1803 -0.8601
vn -0.7721 -0.2113 -0.5993
vn -0.4918 -0.1347 -0.8602
vn -0.4920 -0.1347 -0.8601
vn -0.7721 -0.2114 -0.5993
vn -0.7947 -0.0928 -0.5998
vn -0.4075 -0.9132 0.0000
vn -0.5878 -0.8090 0.0000
vn -0.7426 -0.6697 0.0000
vn -0.8624 -0.5063 0.0000
vn -0.9356 -0.3530 0.0000
vn -0.8381 -0.2293 -0.4950
vn -0.8382 -0.2294 -0.4948
vn -0.9646 -0.2639 0.0000
vn -0.2160 -0.9764 0.0000
vn 0.2153 -0.9766 0.0000
vn 0.0455 -0.9990 0.0000
vn -0.0444 -0.9990 0.0000
vn -0.3535 -0.7927 -0.4966
vn 0.5101 -0.7021 -0.4967
vn 0.3534 -0.7927 -0.4967
vn 0.3535 -0.7928 -0.4966
vn 0.4074 -0.9132 0.0000
vn -0.0390 -0.8681 -0.4948
vn 0.0392 -0.8681 -0.4949
vn 0.0392 -0.8681 -0.4948
vn 0.1756 -0.8505 -0.4958
vn 0.0899 -0.5015 -0.8605
vn 0.0226 -0.5098 -0.8600
vn 0.0226 -0.5096 -0.8601
vn -0.0233 -0.5096 -0.8601
vn -0.0390 -0.8682 -0.4947
vn -0.1757 -0.8505 -0.4958
vn -0.0894 -0.5017 -0.8604
vn -0.0234 -0.5099 -0.8599
vn -0.0360 -0.7999 -0.5991
vn 0.0360 -0.7999 -0.5991
vn 0.1588 -0.7844 -0.5995
vn 0.1585 -0.7842 -0.5999
vn 0.0891 -0.5000 -0.8614
vn 0.2061 -0.4627 -0.8622
vn 0.5102 -0.7022 -0.4967
vn 0.6447 -0.5811 -0.4968
vn 0.6447 -0.5811 -0.4966
vn 0.7551 -0.4289 -0.4959
vn 0.7551 -0.4289 -0.4958
vn 0.8129 -0.3069 -0.4949
vn 0.9355 -0.3534 0.0000
vn 0.8629 -0.5055 0.0000
vn 0.7427 -0.6697 0.0000
vn 0.5878 -0.8090 0.0000
vn 0.2301 -0.5167 -0.8247
vn -0.0865 0.0779 -0.9932
vn -0.0684 0.0942 -0.9932
vn -0.0474 0.1064 -0.9932
vn -0.0242 0.1139 -0.9932
vn 0.0000 0.1164 -0.9932
vn 0.0000 0.6074 -0.7944
vn -0.1263 0.5941 -0.7944
vn -0.2470 0.5549 -0.7944
vn -0.3570 0.4914 -0.7944
vn -0.4514 0.4064 -0.7944
vn -0.5260 0.3037 -0.7944
vn -0.6041 0.0635 -0.7944
vn -0.5777 0.1877 -0.7944
vn -0.1008 0.0582 -0.9932
vn 0.3325 -0.4576 -0.8247
vn 0.5380 0.1748 -0.8247
vn -0.1107 -0.0360 -0.9932
vn -0.1158 -0.0122 -0.9932
vn -0.1158 0.0122 -0.9932
vn -0.1108 0.0360 -0.9932
vn -0.1107 0.0360 -0.9932
vn 0.4899 0.2828 -0.8247
vn -0.1008 -0.0582 -0.9932
vn -0.1108 -0.0360 -0.9932
vn -0.5777 -0.1877 -0.7944
vn -0.6041 -0.0635 -0.7944
vn -0.5260 -0.3037 -0.7944
vn -0.3570 -0.4914 -0.7944
vn -0.4514 -0.4064 -0.7944
vn -0.1009 -0.0582 -0.9932
vn -0.0865 -0.0779 -0.9932
vn 0.4203 0.3785 -0.8247
vn -0.0684 -0.0942 -0.9932
vn 0.3325 0.4576 -0.8247
vn 0.5315 0.7316 -0.4269
vn 0.3678 0.8261 -0.4269
vn 0.4010 0.9007 -0.1669
vn 0.2050 0.9644 -0.1669
vn 0.5795 0.7977 -0.1669
vn 0.5870 0.8079 -0.0526
vn 0.4062 0.9123 -0.0526
vn 0.2076 0.9768 -0.0526
vn 0.0000 0.9986 -0.0526
vn 0.0000 0.9860 -0.1669
vn 0.0000 0.9043 -0.4269
vn 0.5877 0.8090 -0.0125
vn 0.4067 0.9135 -0.0125
vn 0.2079 0.9781 -0.0125
vn 0.0000 0.9999 -0.0125
vn 0.0000 0.9979 0.0649
vn -0.2079 0.9781 -0.0125
vn 0.0000 0.9043 0.4269
vn 0.0000 0.9860 0.1669
vn 0.2075 0.9761 0.0649
vn 0.4059 0.9116 0.0649
vn 0.5865 0.8073 0.0649
vn 0.7327 0.6598 0.1669
vn 0.7327 0.6597 0.1669
vn 0.5795 0.7977 0.1669
vn 0.7416 0.6677 0.0649
vn 0.4899 0.2828 0.8247
vn 0.4203 0.3785 0.8247
vn 0.6720 0.6051 0.4269
vn 0.5315 0.7316 0.4269
vn 0.4010 0.9007 0.1669
vn -0.1158 -0.0122 0.9932
vn -0.1108 -0.0360 0.9932
vn 0.5380 0.1748 0.8247
vn 0.7831 0.4521 0.4269
vn 0.8539 0.4930 0.1669
vn 0.8642 0.4989 0.0649
vn -0.6041 0.0635 0.7944
vn -0.6041 -0.0635 0.7944
vn -0.0865 -0.0779 0.9932
vn -0.1008 -0.0582 0.9932
vn -0.1107 -0.0360 0.9932
vn -0.5777 -0.1877 0.7944
vn -0.5777 0.1877 0.7944
vn -0.5260 -0.3037 0.7944
vn -0.4514 -0.4064 0.7944
vn -0.3570 -0.4914 0.7944
vn -0.0684 -0.0942 0.9932
vn 0.3325 0.4576 0.8247
vn 0.3678 0.8261 0.4269
vn 0.2301 0.5167 0.8247
vn -0.0474 -0.1064 0.9932
vn -0.2471 -0.5549 0.7944
vn -0.2470 -0.5549 0.7944
vn 0.1176 0.5533 0.8247
vn 0.1880 0.8845 0.4269
vn 0.2050 0.9644 0.1669
vn 0.2470 -0.5549 0.7944
vn 0.2471 -0.5549 0.7944
vn 0.1263 -0.5941 0.7944
vn 0.0000 -0.6074 0.7944
vn 0.0000 -0.1164 0.9932
vn 0.0000 -0.1165 0.9932
vn 0.0000 0.5656 0.8247
vn -0.1263 -0.5941 0.7944
vn -0.0242 -0.1139 0.9932
vn 0.3721 0.5547 0.7442
vn 0.3962 0.7868 0.4732
vn 0.3736 0.8877 0.2691
vn 0.3515 0.8992 0.2604
vn 0.2437 -0.0792 0.9666
vn 0.3963 0.7950 0.4593
vn 0.3952 0.7958 0.4589
vn 0.3651 0.9052 0.2173
vn 0.8185 -0.4877 0.3036
vn 0.8038 -0.4723 0.3617
vn 0.6925 -0.6246 0.3610
vn 0.2439 -0.0793 0.9665
vn -0.1582 -0.8746 0.4582
vn -0.1591 -0.8741 0.4589
vn -0.1577 -0.8741 0.4594
vn 0.2435 -0.0799 0.9666
vn 0.3972 0.7864 0.4730
vn 0.3962 0.7863 0.4740
vn 0.3883 0.5364 0.7493
vn 0.2090 -0.9085 0.3619
vn 0.3800 -0.8516 0.3609
vn 0.3781 -0.8491 0.3689
vn 0.5463 -0.7520 0.3689
vn 0.6907 -0.6219 0.3689
vn 0.7925 -0.4660 0.3934
vn 0.8066 -0.4657 0.3641
vn 0.3962 0.7957 0.4582
vn -0.7603 0.2470 -0.6008
vn -0.6924 0.3993 -0.6009
vn -0.4383 0.2530 -0.8625
vn -0.0336 -0.0093 -0.9994
vn -0.0332 -0.0093 -0.9994
vn -0.0299 -0.0275 -0.9992
vn -0.0332 -0.0274 -0.9991
vn -0.0331 0.0032 -0.9994
vn -0.0332 0.0032 -0.9994
vn -0.0317 0.0103 -0.9994
vn -0.0316 0.0103 -0.9994
vn -0.0287 0.0169 -0.9994
vn -0.0286 0.0169 -0.9994
vn 0.6706 -0.0713 -0.7384
vn 0.6414 -0.2084 -0.7384
vn 0.5843 -0.3364 -0.7385
vn 0.5141 -0.4345 -0.7395
vn -0.0105 0.0417 -0.9991
vn 0.4214 -0.5234 -0.7405
vn 0.3671 -0.5629 -0.7405
vn -0.0189 0.0287 -0.9994
vn -0.0352 0.0198 -0.9992
vn -0.3352 0.7263 -0.6001
vn -0.3349 0.7261 -0.6005
vn -0.2235 0.4556 -0.8617
vn -0.0361 0.0229 -0.9991
vn 0.3671 -0.5628 -0.7405
vn 0.2548 -0.6229 -0.7396
vn 0.1394 -0.6595 -0.7387
vn -0.0072 0.0323 -0.9995
vn -0.0072 0.0324 -0.9994
vn -0.1658 0.7818 -0.6011
vn -0.1657 0.7818 -0.6011
vn 0.0000 -0.6741 -0.7387
vn 0.0000 0.0331 -0.9995
vn 0.0000 0.7992 -0.6011
vn 0.0000 0.5059 -0.8626
vn 0.1657 0.7818 -0.6011
vn 0.0072 0.0324 -0.9994
vn 0.0072 0.0323 -0.9995
vn -0.1394 -0.6595 -0.7387
vn -0.2546 -0.6230 -0.7396
vn -0.3676 -0.5625 -0.7406
vn 0.2236 0.4556 -0.8617
vn 0.3350 0.7260 -0.6005
vn 0.3353 0.7262 -0.6001
vn 0.0354 0.0197 -0.9992
vn 0.0364 0.0228 -0.9991
vn 0.0186 0.0288 -0.9994
vn 0.0187 0.0292 -0.9994
vn 0.4375 0.6700 -0.5997
vn 0.2785 0.4269 -0.8603
vn 0.2239 0.4572 -0.8607
vn 0.3607 0.7899 -0.4960
vn 0.2785 0.4268 -0.8604
vn 0.4750 0.7275 -0.4951
vn 0.4750 0.7275 -0.4950
vn 0.5468 0.8373 0.0000
vn 0.4028 0.9153 0.0000
vn 0.2071 0.9783 0.0000
vn 0.1799 0.8489 -0.4970
vn 0.1799 0.8489 -0.4969
vn 0.1051 0.4949 -0.8626
vn -0.1051 0.4949 -0.8626
vn -0.0000 0.8677 -0.4970
vn 0.0000 1.0000 0.0000
vn -0.2072 0.9783 0.0000
vn -0.1799 0.8489 -0.4970
vn -0.1799 0.8489 -0.4969
vn -0.3606 0.7899 -0.4960
vn -0.4028 0.9153 0.0000
vn -0.5465 0.8375 0.0000
vn -0.6273 0.7788 0.0000
vn -0.7464 0.6655 0.0000
vn -0.6401 0.5868 -0.4960
vn -0.4749 0.7276 -0.4950
vn -0.4748 0.7276 -0.4951
vn -0.5450 0.6766 -0.4951
vn -0.5451 0.6766 -0.4951
vn -0.3659 0.3541 -0.8607
vn -0.3644 0.3533 -0.8616
vn -0.5875 0.5429 -0.6000
vn -0.5872 0.5429 -0.6004
vn -0.5020 0.6232 -0.5997
vn -0.3199 0.3969 -0.8603
vn -0.3198 0.3968 -0.8604
vn -0.2786 0.4267 -0.8604
vn -0.0078 0.0397 -0.9992
vn -0.0217 0.0266 -0.9994
vn -0.0219 0.0269 -0.9994
vn -0.0190 0.0290 -0.9994
vn -0.4374 0.6701 -0.5997
vn -0.2786 0.4269 -0.8603
vn -0.2237 0.4572 -0.8607
vn -0.0955 0.4496 -0.8881
vn -0.2051 0.4135 -0.8871
vn 0.0000 0.4596 -0.8881
vn 0.0955 0.4496 -0.8881
vn 0.1924 0.9093 0.3689
vn 0.0000 0.9295 0.3689
vn -0.1924 0.9093 0.3689
vn -0.1939 0.9123 0.3607
vn -0.3786 0.8680 0.3213
vn 0.3676 0.8570 0.3613
vn 0.1939 0.9124 0.3604
vn 0.3783 0.8679 0.3221
vn 0.6276 0.7786 0.0000
vn 0.2901 0.3602 -0.8866
vn 0.2528 0.3873 -0.8866
vn 0.2053 0.4134 -0.8871
vn -0.8796 0.4185 0.2262
vn -0.9685 -0.2174 0.1211
vn -0.9747 0.1841 0.1270
vn -0.9751 0.1538 0.1601
vn -0.8917 0.4230 0.1609
vn -0.8810 0.4579 0.1193
vn -0.6863 0.7171 0.1215
vn -0.6527 0.7402 0.1616
vn -0.6447 0.7301 0.2267
vn -0.6462 0.7302 0.2219
vn -0.8860 0.4636 0.0000
vn -0.9886 0.1506 0.0000
vn -0.9842 -0.1768 0.0000
vn -0.9712 -0.1759 0.1610
vn -0.9068 -0.3897 0.1609
vn -0.8949 -0.3853 0.2253
vn -0.8954 -0.3866 0.2210
vn -0.9516 -0.2125 0.2220
vn -0.9509 -0.2112 0.2263
vn -0.8996 -0.4153 0.1355
vn -0.9074 -0.4203 0.0000
vn -0.9574 0.1791 0.2265
vn -0.9867 0.1235 -0.1053
vn -0.8707 0.4788 -0.1123
vn -0.2277 0.0959 -0.9690
vn -0.2295 0.0965 -0.9685
vn -0.2279 0.0955 -0.9690
vn -0.2321 0.0890 -0.9686
vn -0.2302 0.0882 -0.9691
vn -0.2324 0.0882 -0.9686
vn -0.2398 0.0661 -0.9686
vn -0.2380 0.0648 -0.9691
vn -0.2401 0.0653 -0.9686
vn -0.2407 0.0571 -0.9689
vn -0.2428 0.0573 -0.9684
vn -0.2409 0.0566 -0.9689
vn -0.0860 0.0764 -0.9934
vn -0.4926 0.0466 -0.8690
vn -0.4325 0.2488 -0.8666
vn -0.3957 0.2450 -0.8851
vn -0.3235 0.3381 -0.8838
vn -0.3102 0.3333 -0.8903
vn -0.2179 0.4018 -0.8894
vn 0.0215 -0.0074 -0.9997
vn 0.0469 -0.0326 -0.9984
vn -0.0287 0.0200 -0.9994
vn -0.0194 0.0108 -0.9998
vn -0.2182 0.4102 -0.8855
vn -0.1082 0.4506 -0.8862
vn -0.0942 0.5167 -0.8510
vn 0.0978 0.5151 -0.8516
vn 0.0690 0.4633 -0.8835
vn 0.0219 -0.0198 -0.9996
vn -0.0098 0.0135 -0.9999
vn 0.2170 0.4031 -0.8891
vn 0.2092 0.3982 -0.8931
vn 0.3101 0.3245 -0.8936
vn 0.3308 0.3313 -0.8836
vn 0.4045 0.2361 -0.8835
vn 0.4000 0.2313 -0.8868
vn 0.4581 0.0340 -0.8883
vn 0.4547 0.0348 -0.8900
vn 0.4481 -0.0819 -0.8902
vn -0.0139 0.0069 -0.9999
vn -0.0221 0.0149 -0.9996
vn 0.0204 -0.0137 -0.9997
vn 0.0139 -0.0074 -0.9999
vn -0.0186 0.0164 -0.9997
vn 0.0090 -0.0127 -0.9999
vn -0.4101 -0.1909 -0.8918
vn -0.4430 -0.0860 -0.8924
vn -0.4714 -0.0772 -0.8785
vn -0.4720 0.0339 -0.8810
vn -0.4203 -0.2042 -0.8841
vn -0.3630 -0.2943 -0.8841
vn -0.3557 -0.2792 -0.8919
vn -0.1727 -0.4128 -0.8943
vn -0.1727 -0.4131 -0.8942
vn -0.0511 -0.4475 -0.8928
vn 0.0519 -0.4477 -0.8927
vn 0.0174 -0.0243 -0.9996
vn 0.0161 -0.0230 -0.9996
vn 0.1599 -0.4180 -0.8943
vn -0.0707 0.0988 -0.9926
vn 0.3458 -0.2936 -0.8912
vn 0.3389 -0.2907 -0.8948
vn 0.4064 -0.1899 -0.8937
vn 0.4416 -0.0840 -0.8933
vn -0.0135 0.0191 -0.9997
vn 0.0246 -0.0218 -0.9995
vn 0.1661 -0.4235 -0.8906
vn 0.5468 0.8372 0.0000
vn 0.5452 0.6765 -0.4951
vn 0.3197 0.3969 -0.8604
vn 0.3198 0.3970 -0.8603
vn 0.5021 0.6231 -0.5997
vn 0.0216 0.0271 -0.9994
vn 0.0214 0.0269 -0.9994
vn -0.4219 -0.5231 -0.7405
vn 0.1360 -0.2087 -0.9685
vn 0.1560 -0.1939 -0.9685
vn 0.1553 -0.1915 -0.9691
vn 0.9509 -0.2096 0.2276
vn 0.9517 -0.2109 0.2232
vn 0.8940 -0.3885 0.2231
vn 0.8935 -0.3872 0.2274
vn 0.7161 -0.6597 0.2278
vn 0.1627 -0.1863 -0.9689
vn 0.1640 -0.1881 -0.9684
vn 0.1623 -0.1866 -0.9689
vn 0.1568 -0.1933 -0.9685
vn 0.1348 -0.2095 -0.9685
vn 0.1328 -0.2065 -0.9694
vn -0.8172 -0.5471 0.1814
vn -0.7094 0.6289 0.3181
vn -0.7017 0.6140 0.3614
vn -0.8078 0.4664 0.3605
vn -0.8054 0.4640 0.3689
vn -0.8840 0.2872 0.3689
vn -0.9244 0.0972 0.3689
vn -0.9276 0.0983 0.3605
vn -0.9287 -0.0828 0.3615
vn 0.2776 -0.9454 0.1709
vn -0.9476 -0.0924 0.3057
vn -0.9151 -0.0883 0.3934
vn -0.9145 0.0961 0.3931
vn -0.8745 0.2841 0.3931
vn -0.7963 0.4597 0.3931
vn -0.6885 0.6093 0.3934
vn -0.9270 -0.0974 0.3622
vn 0.1719 -0.8718 0.4588
vn 0.1728 -0.8712 0.4595
vn 0.1713 -0.8712 0.4600
vn 0.0024 0.0043 1.0000
vn 0.8560 -0.1908 0.4804
vn 0.1720 -0.8650 0.4713
vn 0.1655 -0.8635 0.4764
vn 0.1644 -0.8639 0.4761
vn 0.1659 -0.8639 0.4755
vn 0.0275 -0.6723 0.7398
vn 0.2863 -0.9333 0.2166
vn 0.8410 -0.1687 0.5142
vn -0.3010 0.0741 0.9507
vn -0.2892 0.0786 0.9540
vn 0.3611 -0.1664 0.9176
vn 0.3898 -0.0775 0.9176
vn 0.3959 -0.0806 0.9147
vn 0.0153 -0.6517 0.7583
vn 0.0412 -0.6573 0.7525
vn 0.4139 0.5150 0.7506
vn 0.3936 0.5263 0.7537
vn 0.3682 -0.1676 0.9145
vn -0.2813 0.1060 0.9538
vn -0.2878 0.1158 0.9506
vn 0.8008 -0.3650 0.4749
vn 0.7871 -0.3396 0.5148
vn -0.0017 -0.0043 1.0000
vn -0.0014 -0.0048 1.0000
vn -0.2429 -0.0789 0.9668
vn -0.2418 -0.0783 0.9672
vn -0.2430 -0.0787 0.9668
vn -0.2429 -0.0752 0.9671
vn -0.2440 -0.0755 0.9668
vn -0.2429 -0.0751 0.9671
vn -0.2336 -0.0722 0.9697
vn -0.2326 -0.0715 0.9699
vn 0.0020 0.0047 1.0000
vn -0.9944 0.1053 0.0000
vn -0.9952 -0.0981 0.0000
vn -0.8253 0.2682 -0.4969
vn -0.8630 0.0912 -0.4969
vn -0.8631 0.0912 -0.4968
vn -0.8630 -0.0971 -0.4959
vn -0.8664 0.4993 0.0000
vn -0.9511 0.3090 0.0000
vn -0.2470 0.5549 0.7944
vn -0.3570 0.4914 0.7944
vn -0.1263 0.5941 0.7944
vn 0.0000 0.6074 0.7944
vn -0.2471 0.5549 0.7944
vn -0.0474 0.1064 0.9932
vn 0.2301 -0.5167 0.8247
vn 0.3678 -0.8261 0.4269
vn 0.2075 -0.9761 0.0649
vn 0.2050 -0.9644 0.1669
vn 0.4010 -0.9007 0.1669
vn 0.5315 -0.7316 0.4269
vn 0.3325 -0.4576 0.8247
vn -0.0684 0.0942 0.9932
vn 0.1880 -0.8845 0.4269
vn 0.0000 -0.9860 0.1669
vn 0.0000 -0.9979 0.0649
vn -0.0242 0.1139 0.9932
vn 0.1176 -0.5533 0.8247
vn 0.0000 -0.9043 0.4269
vn 0.0000 -0.5656 0.8247
vn 0.0000 0.1164 0.9932
vn 0.5777 -0.1877 0.7944
vn 0.5260 -0.3037 0.7944
vn -0.5380 0.1748 0.8247
vn 0.1108 -0.0360 0.9932
vn 0.1107 -0.0360 0.9932
vn 0.4514 -0.4064 0.7944
vn 0.3570 -0.4914 0.7944
vn 0.1008 -0.0582 0.9932
vn 0.0865 -0.0779 0.9932
vn 0.0684 -0.0942 0.9932
vn -0.4899 0.2828 0.8247
vn -0.4203 0.3785 0.8247
vn -0.3325 0.4576 0.8247
vn 0.0474 -0.1064 0.9932
vn -0.2301 0.5167 0.8247
vn -0.5315 0.7316 0.4269
vn -0.3678 0.8261 0.4269
vn -0.4010 0.9007 0.1669
vn 0.0242 -0.1139 0.9932
vn -0.1176 0.5533 0.8247
vn -0.1880 0.8845 0.4269
vn -0.2050 0.9644 0.1669
vn -0.2075 0.9761 0.0649
vn -0.6720 0.6051 0.4269
vn -0.5795 0.7977 0.1669
vn -0.4059 0.9116 0.0649
vn -0.4067 0.9135 -0.0125
vn -0.5877 0.8090 -0.0125
vn -0.5870 0.8079 -0.0526
vn -0.7421 0.6682 -0.0526
vn -0.9924 0.1043 0.0649
vn -0.9944 0.1045 -0.0125
vn -0.9510 0.3090 -0.0125
vn -0.8660 0.5000 -0.0125
vn -0.7431 0.6691 -0.0125
vn -0.5865 0.8073 0.0649
vn -0.7327 0.6598 0.1669
vn -0.7327 0.6597 0.1669
vn -0.8539 0.4930 0.1669
vn -0.9377 0.3047 0.1669
vn -0.9491 0.3084 0.0649
vn -0.8642 0.4989 0.0649
vn -0.7416 0.6677 0.0649
vn -0.9491 -0.3084 0.0649
vn -0.9924 -0.1043 0.0649
vn -0.9806 0.1031 0.1669
vn -0.8600 0.2794 0.4269
vn -0.7831 0.4521 0.4269
vn -0.7327 -0.6597 0.1669
vn -0.8539 -0.4930 0.1669
vn -0.9377 -0.3047 0.1669
vn -0.9806 -0.1031 0.1669
vn -0.8993 0.0945 0.4269
vn -0.6720 -0.6051 0.4269
vn -0.7831 -0.4521 0.4269
vn -0.8600 -0.2794 0.4269
vn -0.8993 -0.0945 0.4269
vn -0.5625 0.0591 0.8247
vn -0.4899 -0.2828 0.8247
vn -0.4203 -0.3785 0.8247
vn -0.3325 -0.4576 0.8247
vn -0.5315 -0.7316 0.4269
vn -0.3678 -0.8261 0.4269
vn -0.4010 -0.9007 0.1669
vn 0.0865 0.0779 0.9932
vn -0.2075 -0.9761 0.0649
vn -0.2050 -0.9644 0.1669
vn -0.1880 -0.8845 0.4269
vn -0.2301 -0.5167 0.8247
vn 0.0474 0.1064 0.9932
vn 0.0684 0.0942 0.9932
vn 0.4514 0.4064 0.7944
vn 0.3570 0.4914 0.7944
vn 0.2470 0.5549 0.7944
vn -0.1176 -0.5533 0.8247
vn 0.0242 0.1139 0.9932
vn 0.1263 0.5941 0.7944
vn 0.5260 0.3037 0.7944
vn 0.1008 0.0582 0.9932
vn -0.5380 -0.1748 0.8247
vn 0.6041 0.0635 0.7944
vn 0.1158 0.0122 0.9932
vn 0.1108 0.0360 0.9932
vn 0.5777 0.1877 0.7944
vn -0.5625 -0.0591 0.8247
vn 0.1158 -0.0122 0.9932
vn 0.6041 -0.0635 0.7944
vn -0.4574 0.0481 -0.8879
vn -0.4374 0.1421 -0.8880
vn -0.3982 0.2299 -0.8880
vn -0.3299 0.3229 -0.8871
vn -0.2902 0.3601 -0.8866
vn -0.3677 0.8568 0.3615
vn -0.2529 0.3873 -0.8866
vn -0.3803 -0.8519 0.3601
vn -0.2101 -0.9086 0.3611
vn -0.2061 -0.9336 0.2930
vn -0.5463 -0.7520 0.3689
vn -0.3781 -0.8491 0.3689
vn -0.3740 -0.8400 0.3931
vn -0.1992 -0.8975 0.3934
vn -0.1939 -0.9124 0.3605
vn 0.8827 -0.1097 0.4570
vn 0.8824 -0.1086 0.4578
vn 0.9813 -0.0372 0.1887
vn 0.9718 -0.0258 0.2344
vn 0.0000 -0.2528 0.9675
vn 0.0005 -0.2551 0.9669
vn 0.8820 -0.1101 0.4583
vn 0.8733 -0.1130 0.4739
vn 0.6519 -0.1840 0.7356
vn 0.6421 -0.1666 0.7483
vn 0.6265 -0.1896 0.7560
vn 0.8728 -0.1132 0.4748
vn 0.8733 -0.1142 0.4736
vn 0.0068 -0.2550 0.9669
vn 0.0067 -0.2528 0.9675
vn -0.8804 -0.1145 0.4601
vn -0.8809 -0.1132 0.4597
vn -0.8811 -0.1142 0.4589
vn 0.1937 -0.9111 0.3638
vn 0.0000 -0.4213 0.9069
vn -0.0876 -0.4121 0.9069
vn -0.1713 -0.3849 0.9069
vn -0.6907 -0.6219 0.3689
vn 0.0043 -0.0200 0.9998
vn 0.0000 -0.0205 0.9998
vn -0.0043 -0.0200 0.9998
vn -0.0083 -0.0187 0.9998
vn -0.0120 -0.0165 0.9998
vn 0.0083 -0.0187 0.9998
vn -0.1544 0.7263 0.6698
vn 0.0000 0.7425 0.6698
vn 0.1544 0.7263 0.6698
vn -0.3020 0.6783 0.6698
vn -0.4364 0.6007 0.6698
vn -0.5518 0.4968 0.6698
vn -0.6430 0.3713 0.6698
vn 0.0684 0.0942 -0.9932
vn 0.0474 0.1064 -0.9932
vn 0.0242 0.1139 -0.9932
vn 0.1263 0.5941 -0.7944
vn 0.2470 0.5549 -0.7944
vn 0.3570 0.4914 -0.7944
vn 0.6041 0.0635 -0.7944
vn 0.5777 0.1877 -0.7944
vn 0.5260 0.3037 -0.7944
vn 0.4514 0.4064 -0.7944
vn 0.0865 0.0779 -0.9932
vn 0.1008 0.0582 -0.9932
vn 0.1107 0.0360 -0.9932
vn 0.1108 0.0360 -0.9932
vn 0.1158 0.0122 -0.9932
vn 0.1158 -0.0122 -0.9932
vn 0.1108 -0.0360 -0.9932
vn -0.5625 0.0591 -0.8247
vn -0.5625 -0.0591 -0.8247
vn -0.5380 -0.1748 -0.8247
vn -0.4899 -0.2828 -0.8247
vn -0.4203 -0.3785 -0.8247
vn -0.5380 0.1748 -0.8247
vn -0.8993 0.0945 -0.4269
vn -0.8993 -0.0945 -0.4269
vn -0.8600 -0.2794 -0.4269
vn -0.7831 -0.4521 -0.4269
vn -0.6720 -0.6051 -0.4269
vn -0.8600 0.2794 -0.4269
vn -0.9806 0.1031 -0.1669
vn -0.9806 -0.1031 -0.1669
vn -0.9377 -0.3047 -0.1669
vn -0.8539 -0.4930 -0.1669
vn -0.7327 -0.6597 -0.1669
vn -0.9377 0.3047 -0.1669
vn -0.9931 0.1044 -0.0526
vn -0.9931 -0.1044 -0.0526
vn -0.9497 -0.3086 -0.0526
vn -0.8648 -0.4993 -0.0526
vn -0.7421 -0.6682 -0.0526
vn -0.9510 -0.3090 -0.0125
vn -0.8660 -0.5000 -0.0125
vn -0.7431 -0.6691 -0.0125
vn -0.5870 -0.8079 -0.0526
vn -0.5877 -0.8090 -0.0125
vn -0.5865 -0.8073 0.0649
vn -0.7416 -0.6677 0.0649
vn -0.8642 -0.4989 0.0649
vn -0.7327 -0.6598 -0.1669
vn -0.5795 -0.7977 -0.1669
vn -0.4062 -0.9123 -0.0526
vn -0.4067 -0.9135 -0.0125
vn -0.4059 -0.9116 0.0649
vn -0.5795 -0.7977 0.1669
vn -0.7327 -0.6598 0.1669
vn -0.2050 -0.9644 -0.1669
vn -0.2076 -0.9768 -0.0526
vn -0.2079 -0.9781 -0.0125
vn -0.4010 -0.9007 -0.1669
vn -0.3678 -0.8261 -0.4269
vn -0.5315 -0.7316 -0.4269
vn -0.3325 -0.4576 -0.8247
vn -0.2301 -0.5167 -0.8247
vn -0.1176 -0.5533 -0.8247
vn -0.1880 -0.8845 -0.4269
vn -0.7831 0.4521 -0.4269
vn -0.6720 0.6051 -0.4269
vn 0.0474 -0.1064 -0.9932
vn -0.2301 0.5167 -0.8247
vn -0.3325 0.4576 -0.8247
vn -0.5315 0.7316 -0.4269
vn -0.5795 0.7977 -0.1669
vn 0.0242 -0.1139 -0.9932
vn 0.0684 -0.0942 -0.9932
vn -0.4203 0.3785 -0.8247
vn -0.4899 0.2828 -0.8247
vn 0.1263 -0.5941 -0.7944
vn 0.2470 -0.5549 -0.7944
vn 0.0865 -0.0779 -0.9932
vn 0.1009 -0.0582 -0.9932
vn 0.1008 -0.0582 -0.9932
vn 0.1107 -0.0360 -0.9932
vn 0.5777 -0.1877 -0.7944
vn 0.6041 -0.0635 -0.7944
vn 0.3570 -0.4914 -0.7944
vn 0.4514 -0.4064 -0.7944
vn 0.5260 -0.3037 -0.7944
vn 0.0000 0.5656 -0.8247
vn 0.0000 -0.1165 -0.9932
vn 0.0000 -0.1164 -0.9932
vn 0.0000 -0.6074 -0.7944
vn 0.1880 0.8845 -0.4269
vn 0.1176 0.5533 -0.8247
vn -0.0242 -0.1139 -0.9932
vn -0.1263 -0.5941 -0.7944
vn 0.2301 0.5167 -0.8247
vn -0.0474 -0.1064 -0.9932
vn -0.2470 -0.5549 -0.7944
vn 0.0000 -0.5656 -0.8247
vn 0.0000 0.1165 -0.9932
vn 0.0000 -0.9043 -0.4269
vn 0.1176 -0.5533 -0.8247
vn 0.1880 -0.8845 -0.4269
vn 0.3678 -0.8261 -0.4269
vn 0.2050 -0.9644 -0.1669
vn 0.0000 -0.9860 -0.1669
vn 0.5315 -0.7316 -0.4269
vn 0.4010 -0.9007 -0.1669
vn 0.2076 -0.9768 -0.0526
vn 0.0000 -0.9986 -0.0526
vn 0.0000 -0.9999 -0.0125
vn 0.4062 -0.9123 -0.0526
vn 0.5795 -0.7977 -0.1669
vn 0.7431 -0.6691 -0.0125
vn 0.7416 -0.6677 0.0649
vn 0.5865 -0.8073 0.0649
vn 0.4059 -0.9116 0.0649
vn 0.2079 -0.9781 -0.0125
vn 0.5870 -0.8079 -0.0526
vn 0.4067 -0.9135 -0.0125
vn 0.5877 -0.8090 -0.0125
vn 0.4203 -0.3785 -0.8247
vn 0.6720 -0.6051 -0.4269
vn 0.7327 -0.6597 -0.1669
vn 0.7421 -0.6682 -0.0526
vn -0.1009 0.0582 -0.9932
vn 0.4899 -0.2828 -0.8247
vn 0.7831 -0.4521 -0.4269
vn 0.8539 -0.4930 -0.1669
vn 0.8648 -0.4993 -0.0526
vn 0.9377 -0.3047 -0.1669
vn 0.9497 -0.3086 -0.0526
vn 0.9510 -0.3090 -0.0125
vn 0.9491 -0.3084 0.0649
vn 0.8642 -0.4989 0.0649
vn 0.8539 -0.4930 0.1669
vn 0.7327 -0.6597 0.1669
vn 0.6720 -0.6051 0.4269
vn 0.4203 -0.3785 0.8247
vn 0.7831 -0.4521 0.4269
vn 0.9377 -0.3047 0.1669
vn 0.9924 -0.1043 0.0649
vn 0.9944 -0.1045 -0.0125
vn 0.9931 -0.1044 -0.0526
vn 0.9806 -0.1031 0.1669
vn 0.8600 -0.2794 0.4269
vn 0.4899 -0.2828 0.8247
vn -0.0865 0.0779 0.9932
vn -0.4514 0.4064 0.7944
vn 0.5380 -0.1748 0.8247
vn 0.8993 -0.0945 0.4269
vn 0.5625 -0.0591 0.8247
vn -0.1108 0.0360 0.9932
vn -0.1008 0.0582 0.9932
vn -0.5260 0.3037 0.7944
vn -0.1158 0.0122 0.9932
vn 0.5625 0.0591 0.8247
vn 0.0000 0.4213 0.9069
vn 0.0876 0.4121 0.9069
vn 0.0120 0.0165 0.9998
vn 0.1713 0.3849 0.9069
vn 0.1912 0.8994 0.3931
vn 0.0000 0.9195 0.3931
vn 0.0083 0.0187 0.9998
vn 0.0043 0.0200 0.9998
vn 0.0000 0.0205 0.9998
vn -0.0876 0.4121 0.9069
vn -0.1713 0.3849 0.9069
vn -0.1544 -0.7263 0.6698
vn -0.3020 -0.6783 0.6698
vn -0.4364 -0.6007 0.6698
vn -0.3420 -0.3080 -0.8878
vn -0.4089 -0.2150 -0.8869
vn -0.4331 -0.1635 -0.8864
vn -0.4465 -0.1223 -0.8864
vn -0.4571 -0.0665 -0.8869
vn -0.2706 -0.3724 -0.8878
vn -0.1873 -0.4205 -0.8877
vn -0.0785 -0.4554 -0.8868
vn 0.1873 -0.4205 -0.8877
vn 0.0790 -0.4553 -0.8868
vn 0.0204 -0.4627 -0.8863
vn -0.0213 -0.4627 -0.8863
vn 0.4465 -0.1219 -0.8864
vn 0.4331 -0.1633 -0.8864
vn 0.4086 -0.2154 -0.8869
vn 0.3420 -0.3080 -0.8878
vn 0.2706 -0.3724 -0.8878
vn 0.4571 -0.0664 -0.8870
vn 0.4574 0.0481 -0.8879
vn 0.4374 0.1421 -0.8880
vn 0.3982 0.2299 -0.8880
vn 0.3300 0.3228 -0.8871
vn -0.2076 0.9768 -0.0526
vn -0.4062 0.9123 -0.0526
vn -0.4010 0.9007 -0.1669
vn -0.3678 0.8261 -0.4269
vn -0.2050 0.9644 -0.1669
vn -0.1880 0.8845 -0.4269
vn -0.1176 0.5533 -0.8247
vn 0.9806 -0.1031 -0.1669
vn 0.8993 -0.0945 -0.4269
vn 0.9806 0.1031 -0.1669
vn 0.8993 0.0945 -0.4269
vn 0.5625 -0.0591 -0.8247
vn 0.5380 -0.1748 -0.8247
vn 0.8600 -0.2794 -0.4269
vn 0.9377 0.3047 -0.1669
vn 0.8600 0.2794 -0.4269
vn 0.5625 0.0591 -0.8247
vn 0.8660 0.5000 -0.0125
vn 0.8648 0.4993 -0.0526
vn 0.8539 0.4930 -0.1669
vn 0.7831 0.4521 -0.4269
vn 0.7431 0.6691 -0.0125
vn 0.7421 0.6682 -0.0526
vn 0.7327 0.6597 -0.1669
vn 0.6720 0.6051 -0.4269
vn 0.8993 0.0945 0.4269
vn 0.9806 0.1031 0.1669
vn 0.9924 0.1043 0.0649
vn 0.9944 0.1045 -0.0125
vn 0.9931 0.1044 -0.0526
vn 0.8600 0.2794 0.4269
vn 0.9377 0.3047 0.1669
vn 0.9491 0.3084 0.0649
vn 0.9510 0.3090 -0.0125
vn 0.9497 0.3086 -0.0526
vn 0.8660 -0.5000 -0.0125
vn 0.5795 -0.7977 0.1669
vn -0.7518 0.4334 -0.4970
vn -0.4813 0.1564 -0.8625
vn -0.5034 0.0530 -0.8624
vn -0.7518 0.4335 -0.4968
vn -0.4383 0.2529 -0.8625
vn -0.4814 0.1564 -0.8625
vn -0.7950 0.0840 -0.6008
vn -0.7945 -0.0926 -0.6002
vn -0.5028 -0.0708 -0.8615
vn -0.5044 -0.0706 -0.8606
vn -0.0251 -0.0222 -0.9994
vn -0.0251 -0.0221 -0.9994
vn -0.0432 0.0029 -0.9991
vn 0.6292 0.2372 -0.7402
vn 0.6486 0.1773 -0.7402
vn 0.6716 0.0483 -0.7393
vn 0.2294 0.0910 -0.9691
vn 0.2285 0.0906 -0.9693
vn 0.2306 0.0873 -0.9691
vn 0.2296 0.0869 -0.9694
vn 0.2308 0.0869 -0.9691
vn 0.2381 0.0650 -0.9691
vn 0.2359 0.0634 -0.9697
vn 0.2384 0.0641 -0.9691
vn 0.2390 0.0549 -0.9695
vn 0.2413 0.0552 -0.9689
vn -0.1272 0.9661 0.2246
vn -0.4869 0.8436 0.2264
vn -0.4885 0.8440 0.2215
vn -0.4975 0.8578 0.1296
vn -0.4677 0.8692 0.1606
vn -0.4735 0.8808 0.0000
vn -0.6914 0.7224 0.0000
vn -0.8648 0.4993 -0.0526
vn -0.9497 0.3086 -0.0526
vn -0.9944 -0.1045 -0.0125
vn -0.7327 0.6597 -0.1669
vn -0.8539 0.4930 -0.1669
usemtl pskmat0.055
s off
f 711/1/1 803/2/1 1244/3/1
f 1238/4/2 1236/5/2 806/6/2
f 1236/5/2 1238/4/2 755/7/2
f 1236/5/3 678/8/3 1237/9/3
f 755/7/4 678/8/4 1236/5/4
f 755/7/5 739/10/5 678/8/5
f 1242/11/6 712/12/6 1237/9/6
f 1237/9/7 608/13/7 1242/11/7
f 608/13/8 1237/9/8 678/8/8
f 678/8/9 659/14/9 608/13/9
f 659/14/10 678/8/10 739/10/10
f 659/14/11 739/10/11 658/15/11
f 738/16/12 658/15/12 739/10/12
f 738/16/13 657/17/13 658/15/13
f 737/18/14 657/17/14 738/16/14
f 737/18/15 656/19/15 657/17/15
f 590/20/16 608/13/16 659/14/16
f 608/13/17 590/20/17 607/21/17
f 607/21/18 1242/11/18 608/13/18
f 607/21/19 679/22/19 1242/11/19
f 1241/23/20 1242/11/20 679/22/20
f 713/24/20 1242/11/20 1241/23/20
f 1242/11/21 713/24/21 712/12/21
f 713/24/22 688/25/22 712/12/22
f 623/26/23 712/12/23 688/25/23
f 712/12/24 623/26/24 714/27/24
f 719/28/25 688/25/25 713/24/25
f 719/28/26 689/29/26 688/25/26
f 689/29/27 638/30/27 688/25/27
f 623/26/28 688/25/28 638/30/28
f 638/30/29 626/31/29 623/26/29
f 626/31/30 624/32/30 623/26/30
f 641/33/31 624/32/31 626/31/31
f 624/32/32 641/33/32 640/34/32
f 641/33/33 619/35/33 640/34/33
f 619/35/34 639/36/34 640/34/34
f 619/35/35 622/37/35 639/36/35
f 638/30/36 637/38/36 626/31/36
f 641/33/37 626/31/37 637/38/37
f 627/39/38 641/33/38 637/38/38
f 630/40/39 627/39/39 637/38/39
f 637/38/40 638/30/40 630/40/40
f 630/40/41 638/30/41 710/41/41
f 689/29/42 710/41/42 638/30/42
f 612/42/33 641/33/33 635/43/33
f 641/33/43 629/44/43 635/43/43
f 641/33/31 627/39/31 629/44/31
f 629/44/44 627/39/44 628/45/44
f 630/40/44 628/45/44 627/39/44
f 709/46/45 628/45/45 630/40/45
f 630/40/46 710/41/46 709/46/46
f 711/47/47 709/46/47 710/41/47
f 711/47/48 710/41/48 719/28/48
f 689/29/49 719/28/49 710/41/49
f 1244/48/50 680/49/50 1243/50/50
f 1243/50/50 711/47/50 1244/48/50
f 1243/50/51 709/46/51 711/47/51
f 1243/50/52 707/51/52 709/46/52
f 628/45/53 709/46/53 707/51/53
f 687/52/54 628/45/54 708/53/54
f 708/53/55 628/45/55 707/51/55
f 708/53/56 707/51/56 1248/54/56
f 1249/55/57 1248/54/57 707/51/57
f 707/51/58 1243/50/58 1249/55/58
f 1249/55/59 1243/50/59 610/56/59
f 610/56/60 1243/50/60 680/49/60
f 680/49/61 665/57/61 610/56/61
f 663/58/62 586/59/62 664/60/62
f 664/60/62 586/59/62 585/61/62
f 664/60/63 585/61/63 665/57/63
f 665/57/64 585/61/64 584/62/64
f 584/62/65 610/56/65 665/57/65
f 584/62/66 609/63/66 610/56/66
f 610/56/67 609/63/67 1249/55/67
f 609/63/68 681/64/68 1249/55/68
f 1248/54/69 1249/55/69 681/64/69
f 760/65/70 1248/54/70 681/64/70
f 681/64/71 609/63/71 666/66/71
f 666/66/72 746/67/72 681/64/72
f 760/65/73 681/64/73 746/67/73
f 583/68/74 582/69/74 666/66/74
f 583/68/75 666/66/75 609/63/75
f 609/63/76 584/62/76 583/68/76
f 583/68/77 584/62/77 531/70/77
f 530/71/77 531/70/77 584/62/77
f 529/72/78 531/70/78 530/71/78
f 530/71/79 528/73/79 529/72/79
f 527/74/79 529/72/79 528/73/79
f 528/73/80 525/75/80 527/74/80
f 526/76/80 527/74/80 525/75/80
f 531/70/78 529/72/78 532/77/78
f 532/77/81 533/78/81 531/70/81
f 531/70/82 533/78/82 583/68/82
f 582/69/82 583/68/82 533/78/82
f 582/69/83 533/78/83 581/79/83
f 565/80/84 566/81/84 529/72/84
f 565/80/85 529/72/85 564/82/85
f 564/82/85 529/72/85 527/74/85
f 564/82/86 527/74/86 563/83/86
f 563/83/86 527/74/86 526/76/86
f 563/83/87 526/76/87 562/84/87
f 579/85/88 580/86/88 540/87/88
f 538/88/88 540/87/88 580/86/88
f 580/86/89 581/79/89 538/88/89
f 536/89/89 538/88/89 581/79/89
f 581/79/83 533/78/83 536/89/83
f 533/78/90 534/90/90 536/89/90
f 533/78/81 532/77/81 534/90/81
f 534/90/91 532/77/91 567/91/91
f 566/81/91 567/91/91 532/77/91
f 532/77/84 529/72/84 566/81/84
f 535/92/92 567/91/92 568/93/92
f 534/90/92 567/91/92 535/92/92
f 536/89/90 534/90/90 535/92/90
f 535/92/93 537/94/93 536/89/93
f 538/88/93 536/89/93 537/94/93
f 537/94/94 539/95/94 538/88/94
f 540/87/94 538/88/94 539/95/94
f 540/87/95 539/95/95 483/96/95
f 568/93/96 569/97/96 535/92/96
f 537/94/96 535/92/96 569/97/96
f 569/97/97 570/98/97 537/94/97
f 539/95/97 537/94/97 570/98/97
f 570/98/98 481/99/98 539/95/98
f 481/99/95 483/96/95 539/95/95
f 483/96/99 481/99/99 482/100/99
f 483/96/100 482/100/100 578/101/100
f 483/96/101 578/101/101 540/87/101
f 579/85/101 540/87/101 578/101/101
f 541/102/98 481/99/98 570/98/98
f 484/103/99 482/100/99 481/99/99
f 541/102/102 484/103/102 481/99/102
f 542/104/102 484/103/102 541/102/102
f 542/104/103 543/105/103 484/103/103
f 545/106/104 546/107/104 490/108/104
f 490/108/105 488/109/105 545/106/105
f 544/110/105 545/106/105 488/109/105
f 488/109/106 486/111/106 544/110/106
f 543/105/106 544/110/106 486/111/106
f 486/111/103 484/103/103 543/105/103
f 486/111/107 485/112/107 484/103/107
f 484/103/107 485/112/107 482/100/107
f 482/100/108 485/112/108 577/113/108
f 577/113/100 578/101/100 482/100/100
f 486/111/109 487/114/109 485/112/109
f 485/112/110 487/114/110 576/115/110
f 576/115/108 577/113/108 485/112/108
f 577/113/111 576/115/111 642/116/111
f 577/113/112 642/116/112 601/117/112
f 673/118/113 601/117/113 642/116/113
f 601/117/114 673/118/114 1256/119/114
f 1255/120/115 1256/119/115 673/118/115
f 1256/119/116 1255/120/116 702/121/116
f 703/122/117 702/121/117 1255/120/117
f 643/123/118 642/116/118 576/115/118
f 643/123/119 576/115/119 644/124/119
f 644/124/119 576/115/119 575/125/119
f 575/125/110 576/115/110 487/114/110
f 487/114/120 489/126/120 575/125/120
f 574/127/120 575/125/120 489/126/120
f 575/125/121 574/127/121 644/124/121
f 722/128/122 643/123/122 724/129/122
f 722/128/123 642/116/123 643/123/123
f 723/130/124 642/116/124 722/128/124
f 723/130/125 673/118/125 642/116/125
f 759/131/126 673/118/126 723/130/126
f 759/131/127 1255/120/127 673/118/127
f 1255/120/128 759/131/128 1254/132/128
f 1254/132/128 770/133/128 1255/120/128
f 703/122/129 1255/120/129 770/133/129
f 703/122/130 770/133/130 721/134/130
f 685/135/131 703/122/131 721/134/131
f 771/136/132 721/134/132 770/133/132
f 771/136/133 797/137/133 721/134/133
f 695/138/134 721/134/134 797/137/134
f 703/122/135 611/139/135 702/121/135
f 685/135/136 611/139/136 703/122/136
f 685/135/137 684/140/137 611/139/137
f 684/140/138 685/135/138 721/134/138
f 684/140/139 721/134/139 696/141/139
f 695/138/140 696/141/140 721/134/140
f 696/141/141 695/138/141 617/142/141
f 694/143/142 617/142/142 695/138/142
f 694/143/143 692/144/143 617/142/143
f 692/144/144 694/143/144 1223/145/144
f 615/146/145 617/142/145 692/144/145
f 641/33/31 612/42/31 614/147/31
f 614/147/146 612/42/146 611/139/146
f 614/147/147 611/139/147 633/148/147
f 634/149/148 633/148/148 611/139/148
f 617/142/149 633/148/149 634/149/149
f 617/142/150 634/149/150 696/141/150
f 684/140/151 696/141/151 634/149/151
f 634/149/152 611/139/152 684/140/152
f 641/33/32 614/147/32 633/148/32
f 617/142/153 615/146/153 616/150/153
f 618/151/154 616/150/154 615/146/154
f 618/151/155 615/146/155 631/152/155
f 641/33/38 618/151/38 631/152/38
f 641/33/31 616/150/31 618/151/31
f 616/150/37 641/33/37 633/148/37
f 616/150/156 633/148/156 617/142/156
f 631/152/157 632/153/157 620/154/157
f 620/154/43 641/33/43 631/152/43
f 641/33/31 620/154/31 619/35/31
f 621/155/158 619/35/158 620/154/158
f 619/35/158 621/155/158 622/37/158
f 622/37/159 621/155/159 697/156/159
f 699/157/160 697/156/160 621/155/160
f 697/156/161 699/157/161 1234/158/161
f 621/155/162 620/154/162 632/153/162
f 699/157/163 621/155/163 700/159/163
f 683/160/164 632/153/164 682/161/164
f 683/160/165 621/155/165 632/153/165
f 701/162/166 621/155/166 683/160/166
f 701/162/167 700/159/167 621/155/167
f 700/159/168 701/162/168 717/163/168
f 683/160/169 717/163/169 701/162/169
f 717/163/170 683/160/170 682/161/170
f 693/164/171 717/163/171 682/161/171
f 700/159/172 717/163/172 794/165/172
f 763/166/173 794/165/173 717/163/173
f 717/163/174 762/167/174 763/166/174
f 762/167/175 717/163/175 693/164/175
f 693/164/176 1222/168/176 762/167/176
f 693/164/177 692/144/177 1222/168/177
f 693/164/177 682/161/177 692/144/177
f 615/146/178 692/144/178 682/161/178
f 682/161/179 632/153/179 615/146/179
f 632/153/180 631/152/180 615/146/180
f 1228/169/181 762/167/181 1222/168/181
f 1223/145/182 1222/168/182 692/144/182
f 1222/168/183 1223/145/183 675/170/183
f 1228/169/184 1222/168/184 675/170/184
f 757/171/185 1228/169/185 675/170/185
f 757/171/185 675/170/185 728/172/185
f 648/173/186 728/172/186 675/170/186
f 648/173/187 649/174/187 728/172/187
f 649/174/188 648/173/188 600/175/188
f 649/174/189 600/175/189 650/176/189
f 650/176/189 600/175/189 599/177/189
f 502/178/190 504/179/190 598/180/190
f 598/180/191 599/177/191 502/178/191
f 500/181/191 502/178/191 599/177/191
f 599/177/192 600/175/192 500/181/192
f 497/182/192 500/181/192 600/175/192
f 497/182/193 600/175/193 496/183/193
f 650/176/194 599/177/194 651/184/194
f 651/184/194 599/177/194 598/180/194
f 598/180/195 597/185/195 651/184/195
f 597/185/190 598/180/190 504/179/190
f 504/179/196 596/186/196 597/185/196
f 506/187/196 596/186/196 504/179/196
f 506/187/197 595/188/197 596/186/197
f 595/188/197 506/187/197 508/189/197
f 508/189/198 510/190/198 595/188/198
f 594/191/198 595/188/198 510/190/198
f 595/188/199 594/191/199 654/192/199
f 509/193/200 511/194/200 510/190/200
f 510/190/201 508/189/201 509/193/201
f 507/195/201 509/193/201 508/189/201
f 508/189/202 506/187/202 507/195/202
f 505/196/203 507/195/203 506/187/203
f 506/187/204 504/179/204 505/196/204
f 503/197/204 505/196/204 504/179/204
f 504/179/205 502/178/205 503/197/205
f 501/198/205 503/197/205 502/178/205
f 502/178/206 500/181/206 501/198/206
f 507/195/207 505/196/207 554/199/207
f 554/199/208 555/200/208 507/195/208
f 509/193/208 507/195/208 555/200/208
f 555/200/209 512/201/209 509/193/209
f 511/194/200 509/193/200 512/201/200
f 556/202/209 512/201/209 555/200/209
f 594/191/210 510/190/210 593/203/210
f 593/203/210 510/190/210 511/194/210
f 511/194/211 513/204/211 593/203/211
f 512/201/212 513/204/212 511/194/212
f 513/204/213 512/201/213 514/205/213
f 556/202/214 514/205/214 512/201/214
f 557/206/214 514/205/214 556/202/214
f 557/206/215 558/207/215 514/205/215
f 516/208/215 514/205/215 558/207/215
f 516/208/216 558/207/216 518/209/216
f 513/204/217 514/205/217 515/210/217
f 516/208/217 515/210/217 514/205/217
f 515/210/218 516/208/218 517/211/218
f 589/212/219 607/21/219 590/20/219
f 590/20/220 517/211/220 589/212/220
f 590/20/221 591/213/221 517/211/221
f 515/210/221 517/211/221 591/213/221
f 591/213/222 592/214/222 515/210/222
f 513/204/222 515/210/222 592/214/222
f 592/214/211 593/203/211 513/204/211
f 661/215/223 660/216/223 588/217/223
f 589/212/224 588/217/224 660/216/224
f 589/212/225 660/216/225 607/21/225
f 679/22/226 607/21/226 660/216/226
f 654/192/227 655/218/227 734/219/227
f 655/218/228 654/192/228 594/191/228
f 655/218/229 594/191/229 656/19/229
f 656/19/229 594/191/229 593/203/229
f 656/19/230 593/203/230 657/17/230
f 657/17/230 593/203/230 592/214/230
f 657/17/231 592/214/231 658/15/231
f 658/15/231 592/214/231 591/213/231
f 658/15/232 591/213/232 659/14/232
f 659/14/233 591/213/233 590/20/233
f 736/220/15 656/19/15 737/18/15
f 736/220/234 655/218/234 656/19/234
f 735/221/235 655/218/235 736/220/235
f 735/221/236 734/219/236 655/218/236
f 690/222/237 639/36/237 622/37/237
f 622/37/238 697/156/238 690/222/238
f 698/223/239 690/222/239 697/156/239
f 1234/158/240 698/223/240 697/156/240
f 698/223/241 1234/158/241 1233/224/241
f 1233/224/241 1234/158/241 677/225/241
f 1233/224/242 677/225/242 1232/226/242
f 758/227/243 1232/226/243 677/225/243
f 758/227/243 677/225/243 734/219/243
f 734/219/244 677/225/244 654/192/244
f 690/222/245 698/223/245 718/228/245
f 1232/226/246 764/229/246 1233/224/246
f 698/223/247 1233/224/247 764/229/247
f 698/223/248 764/229/248 718/228/248
f 718/228/249 764/229/249 765/230/249
f 765/230/250 806/6/250 718/228/250
f 715/231/251 718/228/251 806/6/251
f 715/231/252 806/6/252 1236/5/252
f 715/231/253 1236/5/253 714/27/253
f 1237/9/254 714/27/254 1236/5/254
f 714/27/255 1237/9/255 712/12/255
f 625/232/256 714/27/256 623/26/256
f 714/27/257 625/232/257 715/231/257
f 716/233/258 715/231/258 625/232/258
f 715/231/259 716/233/259 718/228/259
f 691/234/260 718/228/260 716/233/260
f 691/234/261 690/222/261 718/228/261
f 691/234/262 639/36/262 690/222/262
f 691/234/263 625/232/263 639/36/263
f 640/34/264 639/36/264 625/232/264
f 640/34/265 625/232/265 624/32/265
f 625/232/266 623/26/266 624/32/266
f 716/233/267 625/232/267 691/234/267
f 810/235/268 1227/236/268 757/237/268
f 1228/238/269 757/237/269 1227/236/269
f 1227/236/270 1217/239/270 1228/238/270
f 762/240/271 1228/238/271 1217/239/271
f 757/237/272 728/241/272 810/235/272
f 809/242/273 810/235/273 728/241/273
f 810/235/274 809/242/274 727/243/274
f 727/243/275 753/244/275 810/235/275
f 753/244/274 1227/236/274 810/235/274
f 1227/236/276 753/244/276 1226/245/276
f 1217/239/277 1227/236/277 1226/245/277
f 1226/245/276 797/246/276 1217/239/276
f 807/247/278 1217/239/278 797/246/278
f 1217/239/279 807/247/279 762/240/279
f 790/248/280 796/249/280 771/250/280
f 797/246/281 771/250/281 796/249/281
f 797/246/282 796/249/282 807/247/282
f 808/251/283 807/247/283 796/249/283
f 772/252/284 807/247/284 808/251/284
f 773/253/285 772/252/285 808/251/285
f 773/253/286 808/251/286 1177/254/286
f 1192/255/286 1177/254/286 808/251/286
f 1192/255/287 808/251/287 1188/256/287
f 1188/256/287 808/251/287 795/257/287
f 808/251/288 796/249/288 795/257/288
f 796/249/289 790/248/289 795/257/289
f 789/258/290 795/257/290 790/248/290
f 790/248/291 788/259/291 789/258/291
f 788/259/292 790/248/292 770/260/292
f 771/250/293 770/260/293 790/248/293
f 791/261/294 789/258/294 788/259/294
f 1188/256/295 795/257/295 1186/262/295
f 1186/262/295 795/257/295 789/258/295
f 1186/262/296 789/258/296 1185/263/296
f 1185/263/296 789/258/296 791/261/296
f 791/261/297 818/264/297 1185/263/297
f 791/261/298 788/259/298 818/264/298
f 817/265/299 818/264/299 788/259/299
f 788/259/300 770/260/300 817/265/300
f 1218/266/301 817/265/301 770/260/301
f 770/260/302 1254/267/302 1218/266/302
f 818/264/303 817/265/303 798/268/303
f 1189/269/304 818/264/304 798/268/304
f 1196/270/304 818/264/304 1189/269/304
f 1196/270/297 1185/263/297 818/264/297
f 800/271/305 1218/266/305 1252/272/305
f 817/265/306 1218/266/306 800/271/306
f 800/271/307 799/273/307 817/265/307
f 799/273/308 798/268/308 817/265/308
f 799/273/309 786/274/309 798/268/309
f 785/275/310 798/268/310 786/274/310
f 786/274/311 784/276/311 785/275/311
f 787/277/312 785/275/312 784/276/312
f 787/277/313 784/276/313 816/278/313
f 787/277/314 816/278/314 1183/279/314
f 798/268/315 785/275/315 1189/269/315
f 1184/280/315 1189/269/315 785/275/315
f 1184/280/316 785/275/316 1183/279/316
f 1183/279/316 785/275/316 787/277/316
f 1219/281/317 815/282/317 784/276/317
f 815/282/318 816/278/318 784/276/318
f 816/278/319 815/282/319 802/283/319
f 801/284/320 802/283/320 815/282/320
f 815/282/321 1219/281/321 801/284/321
f 803/2/322 801/284/322 1219/281/322
f 803/2/323 1219/281/323 1245/285/323
f 1246/286/324 1245/285/324 1219/281/324
f 1245/285/325 1246/286/325 756/287/325
f 756/287/326 680/288/326 1245/285/326
f 1244/3/327 1245/285/327 680/288/327
f 1245/285/328 1244/3/328 803/2/328
f 711/1/329 719/289/329 803/2/329
f 1195/290/314 1183/279/314 816/278/314
f 1195/290/330 816/278/330 1190/291/330
f 1190/291/330 816/278/330 802/283/330
f 802/283/331 781/292/331 1190/291/331
f 802/283/332 801/284/332 781/292/332
f 801/284/333 782/293/333 781/292/333
f 801/284/334 803/2/334 782/293/334
f 782/293/335 803/2/335 767/294/335
f 767/294/336 803/2/336 719/289/336
f 767/294/337 719/289/337 766/295/337
f 1182/296/338 781/292/338 1181/297/338
f 1182/296/331 1190/291/331 781/292/331
f 1194/298/339 1181/297/339 814/299/339
f 783/300/339 814/299/339 1181/297/339
f 1181/297/338 781/292/338 783/300/338
f 783/300/340 781/292/340 780/301/340
f 782/293/341 780/301/341 781/292/341
f 780/301/342 782/293/342 766/295/342
f 767/294/343 766/295/343 782/293/343
f 823/302/344 1239/303/344 761/304/344
f 1240/305/345 761/304/345 1239/303/345
f 1239/303/346 1220/306/346 1240/305/346
f 766/295/347 1240/305/347 1220/306/347
f 1220/306/348 813/307/348 766/295/348
f 780/301/349 766/295/349 813/307/349
f 783/300/350 780/301/350 813/307/350
f 783/300/351 813/307/351 814/299/351
f 823/302/352 755/308/352 1239/303/352
f 1238/309/353 1239/303/353 755/308/353
f 1239/303/354 1238/309/354 1220/306/354
f 806/310/355 1220/306/355 1238/309/355
f 806/310/356 804/311/356 1220/306/356
f 813/307/357 1220/306/357 804/311/357
f 804/311/358 805/312/358 813/307/358
f 814/299/359 813/307/359 805/312/359
f 1191/313/360 814/299/360 805/312/360
f 1194/298/360 814/299/360 1191/313/360
f 766/295/361 719/289/361 713/314/361
f 713/314/362 1241/315/362 766/295/362
f 1240/305/363 766/295/363 1241/315/363
f 1241/315/364 679/316/364 1240/305/364
f 761/304/365 1240/305/365 679/316/365
f 761/304/365 679/316/365 740/317/365
f 761/304/366 740/317/366 823/302/366
f 824/318/367 823/302/367 740/317/367
f 824/318/368 739/319/368 823/302/368
f 755/308/369 823/302/369 739/319/369
f 740/317/370 679/316/370 660/320/370
f 1062/321/371 1104/322/371 1061/323/371
f 1107/324/371 1061/323/371 1104/322/371
f 1105/325/372 1104/322/372 1103/326/372
f 1105/325/373 1106/327/373 1104/322/373
f 1107/324/374 1104/322/374 1106/327/374
f 1106/327/375 1108/328/375 1107/324/375
f 1109/329/375 1107/324/375 1108/328/375
f 1107/324/376 1109/329/376 1061/323/376
f 1060/330/377 1061/323/377 1109/329/377
f 1061/323/378 1060/330/378 1028/331/378
f 1027/332/378 1028/331/378 1060/330/378
f 1028/331/379 1027/332/379 960/333/379
f 962/334/380 960/333/380 1027/332/380
f 960/333/381 957/335/381 1028/331/381
f 1029/336/382 1028/331/382 957/335/382
f 1060/330/383 1059/337/383 1027/332/383
f 1026/338/383 1027/332/383 1059/337/383
f 1027/332/384 1026/338/384 962/334/384
f 964/339/385 962/334/385 1026/338/385
f 957/335/386 960/333/386 958/340/386
f 961/341/386 958/340/386 960/333/386
f 960/333/387 962/334/387 961/341/387
f 963/342/387 961/341/387 962/334/387
f 962/334/388 964/339/388 963/342/388
f 965/343/388 963/342/388 964/339/388
f 965/343/389 964/339/389 967/344/389
f 967/344/389 964/339/389 966/345/389
f 1026/338/390 966/345/390 964/339/390
f 966/345/391 1026/338/391 1025/346/391
f 1026/338/392 1059/337/392 1025/346/392
f 1025/346/393 1059/337/393 1058/347/393
f 1111/348/394 1058/347/394 1059/337/394
f 1058/347/395 1111/348/395 1113/349/395
f 1113/349/396 1111/348/396 1112/350/396
f 1110/351/396 1112/350/396 1111/348/396
f 1112/350/397 1110/351/397 1159/352/397
f 1158/353/397 1159/352/397 1110/351/397
f 1159/352/397 1158/353/397 897/354/397
f 895/355/397 897/354/397 1158/353/397
f 1105/325/398 1154/356/398 1106/327/398
f 1154/356/398 1156/357/398 1106/327/398
f 1106/327/399 1156/357/399 1108/328/399
f 1156/357/399 1157/358/399 1108/328/399
f 1157/358/400 1158/353/400 1108/328/400
f 1110/351/400 1108/328/400 1158/353/400
f 1108/328/401 1110/351/401 1109/329/401
f 1111/348/402 1109/329/402 1110/351/402
f 1109/329/403 1111/348/403 1060/330/403
f 1059/337/404 1060/330/404 1111/348/404
f 1158/353/400 1157/358/400 895/355/400
f 893/359/400 895/355/400 1157/358/400
f 1157/358/399 891/360/399 893/359/399
f 1156/357/399 891/360/399 1157/358/399
f 1156/357/398 889/361/398 891/360/398
f 1154/356/398 889/361/398 1156/357/398
f 1154/356/405 887/362/405 889/361/405
f 1155/363/405 887/362/405 1154/356/405
f 1155/363/406 1174/364/406 887/362/406
f 1174/364/406 1155/363/406 1101/365/406
f 1028/331/407 1029/336/407 1061/323/407
f 1062/321/407 1061/323/407 1029/336/407
f 1029/336/408 1063/366/408 1062/321/408
f 1062/321/409 1063/366/409 1104/322/409
f 1102/367/410 1104/322/410 1063/366/410
f 1102/367/372 1103/326/372 1104/322/372
f 1103/326/411 1102/367/411 1101/365/411
f 1103/326/406 1101/365/406 1155/363/406
f 1103/326/405 1155/363/405 1105/325/405
f 1155/363/405 1154/356/405 1105/325/405
f 1101/365/412 1100/368/412 1099/369/412
f 1100/368/413 1101/365/413 1102/367/413
f 1100/368/414 1102/367/414 1064/370/414
f 1063/366/415 1064/370/415 1102/367/415
f 1030/371/416 1064/370/416 1063/366/416
f 1030/371/417 1063/366/417 1029/336/417
f 1030/371/418 1029/336/418 959/372/418
f 957/335/419 959/372/419 1029/336/419
f 959/372/420 957/335/420 956/373/420
f 958/340/420 956/373/420 957/335/420
f 1031/374/421 1064/370/421 1030/371/421
f 1031/374/422 1030/371/422 997/375/422
f 959/372/423 997/375/423 1030/371/423
f 997/375/424 959/372/424 996/376/424
f 956/373/424 996/376/424 959/372/424
f 1100/368/425 1064/370/425 1098/377/425
f 1098/377/426 1064/370/426 1065/378/426
f 1031/374/427 1065/378/427 1064/370/427
f 1032/379/427 1065/378/427 1031/374/427
f 1031/374/428 997/375/428 1032/379/428
f 1032/379/429 997/375/429 955/380/429
f 997/375/430 996/376/430 955/380/430
f 955/380/430 996/376/430 954/381/430
f 955/380/431 954/381/431 952/382/431
f 952/382/431 954/381/431 953/383/431
f 1098/377/432 1065/378/432 1096/384/432
f 1067/385/433 1068/386/433 1095/387/433
f 1095/387/434 1096/384/434 1067/385/434
f 1066/388/435 1067/385/435 1096/384/435
f 1096/384/436 1065/378/436 1066/388/436
f 1032/379/437 1066/388/437 1065/378/437
f 1069/389/438 1068/386/438 1036/390/438
f 1035/391/438 1036/390/438 1068/386/438
f 1068/386/439 1067/385/439 1035/391/439
f 1034/392/439 1035/391/439 1067/385/439
f 1067/385/440 1066/388/440 1034/392/440
f 1033/393/441 1034/392/441 1066/388/441
f 1033/393/442 1066/388/442 1032/379/442
f 1032/379/443 955/380/443 1033/393/443
f 1033/393/444 955/380/444 952/382/444
f 952/382/445 950/394/445 1033/393/445
f 1034/392/446 1033/393/446 950/394/446
f 950/394/447 949/395/447 1034/392/447
f 1035/391/447 1034/392/447 949/395/447
f 949/395/448 1036/390/448 1035/391/448
f 953/383/449 951/396/449 952/382/449
f 950/394/449 952/382/449 951/396/449
f 951/396/450 948/397/450 950/394/450
f 949/395/450 950/394/450 948/397/450
f 948/397/451 945/398/451 949/395/451
f 1036/390/452 949/395/452 945/398/452
f 945/398/453 947/399/453 1036/390/453
f 1002/400/454 1036/390/454 947/399/454
f 947/399/455 993/401/455 1002/400/455
f 1003/402/456 1002/400/456 993/401/456
f 993/401/457 992/403/457 943/404/457
f 993/401/458 947/399/458 992/403/458
f 944/405/458 992/403/458 947/399/458
f 947/399/459 945/398/459 944/405/459
f 946/406/459 944/405/459 945/398/459
f 945/398/451 948/397/451 946/406/451
f 941/407/460 938/408/460 940/409/460
f 941/407/461 940/409/461 942/410/461
f 943/404/461 942/410/461 940/409/461
f 942/410/457 943/404/457 992/403/457
f 934/411/462 932/412/462 933/413/462
f 933/413/463 936/414/463 934/411/463
f 937/415/463 936/414/463 933/413/463
f 936/414/464 937/415/464 938/408/464
f 939/416/464 938/408/464 937/415/464
f 939/416/460 940/409/460 938/408/460
f 940/409/465 939/416/465 1005/417/465
f 940/409/466 1005/417/466 943/404/466
f 1004/418/467 943/404/467 1005/417/467
f 943/404/468 1004/418/468 993/401/468
f 1005/417/469 1037/419/469 1004/418/469
f 1003/402/470 993/401/470 1004/418/470
f 1004/418/471 1038/420/471 1003/402/471
f 1038/420/472 1004/418/472 1037/419/472
f 1037/419/473 1082/421/473 1038/420/473
f 1037/419/474 1039/422/474 1082/421/474
f 1005/417/475 1039/422/475 1037/419/475
f 1006/423/475 1039/422/475 1005/417/475
f 1006/423/476 1005/417/476 939/416/476
f 1006/423/477 939/416/477 1007/424/477
f 937/415/477 1007/424/477 939/416/477
f 935/425/478 995/426/478 1009/427/478
f 1009/427/479 1008/428/479 935/425/479
f 1008/428/480 1009/427/480 1041/429/480
f 1041/429/481 1007/424/481 1008/428/481
f 1040/430/482 1007/424/482 1041/429/482
f 1007/424/483 1040/430/483 1006/423/483
f 1006/423/483 1040/430/483 1039/422/483
f 1080/431/484 1081/432/484 1082/421/484
f 1080/431/474 1082/421/474 1039/422/474
f 1080/431/485 1039/422/485 1079/433/485
f 1040/430/485 1079/433/485 1039/422/485
f 1079/433/486 1040/430/486 1077/434/486
f 1077/434/487 1040/430/487 1041/429/487
f 1041/429/488 1042/435/488 1077/434/488
f 1042/435/489 1041/429/489 1009/427/489
f 1009/427/490 1010/436/490 1042/435/490
f 1010/436/491 1009/427/491 995/426/491
f 1072/437/492 1077/434/492 1042/435/492
f 1081/432/493 1080/431/493 1078/438/493
f 1079/433/494 1078/438/494 1080/431/494
f 1079/433/495 1077/434/495 1078/438/495
f 1076/439/496 1078/438/496 1077/434/496
f 1077/434/497 1072/437/497 1076/439/497
f 1074/440/498 1076/439/498 1072/437/498
f 1074/440/499 1072/437/499 1073/441/499
f 1073/441/500 1072/437/500 1043/442/500
f 1042/435/501 1043/442/501 1072/437/501
f 1043/442/490 1042/435/490 1010/436/490
f 1010/436/502 1011/443/502 1043/442/502
f 1073/441/503 1043/442/503 1141/444/503
f 1141/444/504 1043/442/504 1044/445/504
f 1044/445/505 1043/442/505 1011/443/505
f 1011/443/506 1012/446/506 1044/445/506
f 1145/447/507 1146/448/507 1081/432/507
f 1145/447/508 1081/432/508 1144/449/508
f 1078/438/508 1144/449/508 1081/432/508
f 1142/450/509 1144/449/509 1078/438/509
f 1076/439/509 1142/450/509 1078/438/509
f 1143/451/510 1142/450/510 1076/439/510
f 1074/440/510 1143/451/510 1076/439/510
f 1074/440/511 1075/452/511 1143/451/511
f 1073/441/499 1075/452/499 1074/440/499
f 1073/441/512 1141/444/512 1075/452/512
f 1140/453/513 1075/452/513 1141/444/513
f 1075/452/514 1140/453/514 1173/454/514
f 1173/454/511 1143/451/511 1075/452/511
f 1143/451/511 1173/454/511 862/455/511
f 1143/451/510 862/455/510 1142/450/510
f 1142/450/510 862/455/510 864/456/510
f 1142/450/509 864/456/509 1144/449/509
f 1144/449/509 864/456/509 866/457/509
f 1144/449/508 866/457/508 1145/447/508
f 1145/447/508 866/457/508 868/458/508
f 868/458/507 871/459/507 1145/447/507
f 1146/448/507 1145/447/507 871/459/507
f 871/459/515 872/460/515 1146/448/515
f 1148/461/516 875/462/516 877/463/516
f 1149/464/516 875/462/516 1148/461/516
f 1149/464/517 922/465/517 875/462/517
f 1172/466/517 922/465/517 1149/464/517
f 1172/466/518 872/460/518 922/465/518
f 1147/467/518 872/460/518 1172/466/518
f 1147/467/515 1146/448/515 872/460/515
f 1146/448/515 1147/467/515 1083/468/515
f 1083/468/507 1081/432/507 1146/448/507
f 1083/468/519 1082/421/519 1081/432/519
f 1092/469/520 1094/470/520 1093/471/520
f 1093/471/521 1091/472/521 1092/469/521
f 1090/473/522 1092/469/522 1091/472/522
f 1090/473/523 1148/461/523 1092/469/523
f 1149/464/516 1148/461/516 1090/473/516
f 1089/474/516 1149/464/516 1090/473/516
f 1172/466/517 1149/464/517 1089/474/517
f 1087/475/517 1172/466/517 1089/474/517
f 1147/467/518 1172/466/518 1087/475/518
f 1085/476/518 1147/467/518 1087/475/518
f 1087/475/524 1086/477/524 1085/476/524
f 1086/477/525 1087/475/525 1089/474/525
f 1089/474/526 1088/478/526 1086/477/526
f 1089/474/527 1090/473/527 1088/478/527
f 1091/472/527 1088/478/527 1090/473/527
f 1088/478/528 1091/472/528 1070/479/528
f 1070/479/529 1071/480/529 1088/478/529
f 1086/477/530 1088/478/530 1071/480/530
f 1086/477/531 1071/480/531 1084/481/531
f 1084/481/532 1085/476/532 1086/477/532
f 1085/476/515 1083/468/515 1147/467/515
f 1085/476/533 1084/481/533 1083/468/533
f 1082/421/533 1083/468/533 1084/481/533
f 1084/481/534 1038/420/534 1082/421/534
f 1038/420/535 1084/481/535 1071/480/535
f 1003/402/536 1038/420/536 1071/480/536
f 1071/480/537 1070/479/537 1003/402/537
f 1002/400/537 1003/402/537 1070/479/537
f 1070/479/538 1069/389/538 1002/400/538
f 1036/390/539 1002/400/539 1069/389/539
f 1069/389/540 1070/479/540 1091/472/540
f 1091/472/541 1068/386/541 1069/389/541
f 1068/386/541 1091/472/541 1093/471/541
f 1093/471/433 1095/387/433 1068/386/433
f 1095/387/542 1093/471/542 1094/470/542
f 1095/387/543 1094/470/543 1096/384/543
f 1097/482/544 1096/384/544 1094/470/544
f 1096/384/545 1097/482/545 1098/377/545
f 1099/369/546 1098/377/546 1097/482/546
f 1098/377/547 1099/369/547 1100/368/547
f 1101/365/548 1099/369/548 1174/364/548
f 1153/483/548 1174/364/548 1099/369/548
f 1099/369/549 1097/482/549 1153/483/549
f 1152/484/549 1153/483/549 1097/482/549
f 1097/482/550 1094/470/550 1152/484/550
f 1151/485/550 1152/484/550 1094/470/550
f 1094/470/551 1092/469/551 1151/485/551
f 1150/486/551 1151/485/551 1092/469/551
f 1148/461/523 1150/486/523 1092/469/523
f 1148/461/523 877/463/523 1150/486/523
f 1150/486/523 877/463/523 879/487/523
f 879/487/551 881/488/551 1150/486/551
f 1151/485/551 1150/486/551 881/488/551
f 881/488/550 883/489/550 1151/485/550
f 1152/484/550 1151/485/550 883/489/550
f 883/489/549 884/490/549 1152/484/549
f 1153/483/549 1152/484/549 884/490/549
f 884/490/548 926/491/548 1153/483/548
f 1174/364/548 1153/483/548 926/491/548
f 926/491/406 887/362/406 1174/364/406
f 50/492/552 49/493/552 48/494/552
f 412/495/553 414/496/553 326/497/553
f 326/497/554 410/498/554 412/495/554
f 410/498/554 326/497/554 325/499/554
f 325/499/554 326/497/554 50/492/554
f 50/492/555 48/494/555 325/499/555
f 324/500/555 325/499/555 48/494/555
f 48/494/556 323/501/556 324/500/556
f 324/500/556 323/501/556 407/502/556
f 406/503/556 407/502/556 323/501/556
f 325/499/555 407/502/555 410/498/555
f 407/502/555 325/499/555 324/500/555
f 406/503/557 323/501/557 404/504/557
f 406/503/558 404/504/558 405/505/558
f 405/505/559 407/502/559 406/503/559
f 408/506/559 407/502/559 405/505/559
f 408/506/560 410/498/560 407/502/560
f 410/498/560 408/506/560 409/507/560
f 409/507/561 411/508/561 410/498/561
f 412/495/561 410/498/561 411/508/561
f 411/508/562 413/509/562 412/495/562
f 414/496/562 412/495/562 413/509/562
f 413/509/563 415/510/563 414/496/563
f 403/511/558 405/505/558 404/504/558
f 418/512/564 419/513/564 417/514/564
f 418/512/565 417/514/565 415/510/565
f 416/515/565 415/510/565 417/514/565
f 416/515/563 414/496/563 415/510/563
f 414/496/566 416/515/566 327/516/566
f 327/516/553 326/497/553 414/496/553
f 326/497/553 327/516/553 52/517/553
f 52/517/554 50/492/554 326/497/554
f 52/517/567 51/518/567 50/492/567
f 49/493/567 50/492/567 51/518/567
f 4/519/568 1/520/568 3/521/568
f 3/521/569 301/522/569 4/519/569
f 3/521/570 60/523/570 301/522/570
f 330/524/570 301/522/570 60/523/570
f 330/524/571 60/523/571 329/525/571
f 329/525/571 417/514/571 330/524/571
f 329/525/572 328/526/572 417/514/572
f 416/515/573 417/514/573 328/526/573
f 328/526/566 327/516/566 416/515/566
f 327/516/566 328/526/566 54/527/566
f 420/528/571 330/524/571 417/514/571
f 420/528/570 361/529/570 330/524/570
f 301/522/570 330/524/570 361/529/570
f 6/530/574 5/531/574 4/519/574
f 302/532/575 6/530/575 4/519/575
f 302/532/576 4/519/576 301/522/576
f 302/532/569 301/522/569 363/533/569
f 361/529/576 363/533/576 301/522/576
f 363/533/577 361/529/577 362/534/577
f 364/535/577 362/534/577 361/529/577
f 361/529/578 420/528/578 364/535/578
f 419/513/578 364/535/578 420/528/578
f 420/528/564 417/514/564 419/513/564
f 362/534/579 365/536/579 363/533/579
f 370/537/580 368/538/580 369/539/580
f 368/538/580 370/537/580 367/540/580
f 368/538/581 367/540/581 365/536/581
f 365/536/581 367/540/581 366/541/581
f 366/541/579 363/533/579 365/536/579
f 363/533/575 366/541/575 302/532/575
f 303/542/575 302/532/575 366/541/575
f 303/542/582 6/530/582 302/532/582
f 303/542/583 8/543/583 6/530/583
f 8/543/584 7/544/584 6/530/584
f 305/545/585 367/540/585 370/537/585
f 367/540/585 305/545/585 304/546/585
f 304/546/583 366/541/583 367/540/583
f 366/541/583 304/546/583 303/542/583
f 8/543/583 303/542/583 304/546/583
f 304/546/585 10/547/585 8/543/585
f 10/547/586 9/548/586 8/543/586
f 10/547/585 304/546/585 305/545/585
f 7/544/586 8/543/586 9/548/586
f 248/549/587 7/544/587 9/548/587
f 9/548/588 246/550/588 248/549/588
f 246/550/589 245/551/589 248/549/589
f 246/550/590 242/552/590 245/551/590
f 243/553/590 242/552/590 246/550/590
f 248/549/589 245/551/589 247/554/589
f 250/555/591 247/554/591 249/556/591
f 248/549/591 247/554/591 250/555/591
f 7/544/587 248/549/587 250/555/587
f 249/556/592 214/557/592 215/558/592
f 247/554/592 214/557/592 249/556/592
f 247/554/593 213/559/593 214/557/593
f 245/551/593 213/559/593 247/554/593
f 245/551/594 211/560/594 213/559/594
f 242/552/594 211/560/594 245/551/594
f 242/552/595 241/561/595 211/560/595
f 243/553/596 241/561/596 242/552/596
f 244/562/596 241/561/596 243/553/596
f 13/563/597 244/562/597 243/553/597
f 215/558/598 158/564/598 160/565/598
f 214/557/598 158/564/598 215/558/598
f 214/557/599 156/566/599 158/564/599
f 213/559/599 156/566/599 214/557/599
f 213/559/600 153/567/600 156/566/600
f 211/560/600 153/567/600 213/559/600
f 211/560/601 154/568/601 153/567/601
f 154/568/602 151/569/602 153/567/602
f 212/570/603 240/571/603 154/568/603
f 212/570/601 154/568/601 211/560/601
f 212/570/595 211/560/595 241/561/595
f 122/572/604 121/573/604 63/574/604
f 121/573/605 122/572/605 151/569/605
f 152/575/605 151/569/605 122/572/605
f 153/567/602 151/569/602 152/575/602
f 152/575/606 155/576/606 153/567/606
f 156/566/606 153/567/606 155/576/606
f 155/576/607 157/577/607 156/566/607
f 158/564/607 156/566/607 157/577/607
f 157/577/608 159/578/608 158/564/608
f 160/565/608 158/564/608 159/578/608
f 161/579/609 125/580/609 126/581/609
f 159/578/610 125/580/610 161/579/610
f 159/578/611 157/577/611 125/580/611
f 162/582/612 159/578/612 161/579/612
f 71/583/613 73/584/613 72/585/613
f 72/585/614 70/586/614 71/583/614
f 126/581/615 70/586/615 72/585/615
f 70/586/615 126/581/615 125/580/615
f 125/580/616 124/587/616 70/586/616
f 124/587/611 125/580/611 157/577/611
f 157/577/617 155/576/617 124/587/617
f 360/588/618 78/589/618 331/590/618
f 75/591/618 331/590/618 78/589/618
f 75/591/619 73/584/619 331/590/619
f 73/584/620 75/591/620 74/592/620
f 74/592/613 72/585/613 73/584/613
f 127/593/621 72/585/621 74/592/621
f 72/585/621 127/593/621 126/581/621
f 163/594/622 126/581/622 127/593/622
f 161/579/622 126/581/622 163/594/622
f 164/595/623 161/579/623 163/594/623
f 450/596/624 449/597/624 360/588/624
f 450/596/625 360/588/625 422/598/625
f 331/590/625 422/598/625 360/588/625
f 71/583/626 69/599/626 333/600/626
f 71/583/627 333/600/627 73/584/627
f 73/584/627 333/600/627 332/601/627
f 332/601/628 331/590/628 73/584/628
f 332/601/629 421/602/629 331/590/629
f 422/598/629 331/590/629 421/602/629
f 421/602/629 455/603/629 422/598/629
f 456/604/629 422/598/629 455/603/629
f 422/598/625 456/604/625 450/596/625
f 457/605/625 450/596/625 456/604/625
f 450/596/624 457/605/624 449/597/624
f 458/606/624 449/597/624 457/605/624
f 458/606/630 459/607/630 449/597/630
f 421/602/631 454/608/631 455/603/631
f 332/601/631 333/600/631 421/602/631
f 423/609/631 421/602/631 333/600/631
f 423/609/631 454/608/631 421/602/631
f 423/609/632 453/610/632 454/608/632
f 424/611/633 425/612/633 453/610/633
f 453/610/632 423/609/632 424/611/632
f 424/611/632 423/609/632 334/613/632
f 333/600/632 334/613/632 423/609/632
f 334/613/626 333/600/626 69/599/626
f 69/599/634 67/614/634 334/613/634
f 67/614/635 69/599/635 68/615/635
f 335/616/634 334/613/634 67/614/634
f 334/613/633 335/616/633 424/611/633
f 425/612/633 424/611/633 335/616/633
f 66/617/636 68/615/636 123/618/636
f 65/619/637 68/615/637 66/617/637
f 68/615/637 65/619/637 67/614/637
f 336/620/638 67/614/638 65/619/638
f 67/614/638 336/620/638 335/616/638
f 426/621/639 335/616/639 336/620/639
f 335/616/640 426/621/640 425/612/640
f 451/622/640 425/612/640 426/621/640
f 425/612/640 451/622/640 452/623/640
f 452/623/633 453/610/633 425/612/633
f 66/617/641 63/574/641 65/619/641
f 63/574/642 66/617/642 122/572/642
f 123/618/642 122/572/642 66/617/642
f 122/572/643 123/618/643 152/575/643
f 155/576/643 152/575/643 123/618/643
f 123/618/617 124/587/617 155/576/617
f 124/587/636 123/618/636 68/615/636
f 68/615/616 70/586/616 124/587/616
f 70/586/635 68/615/635 69/599/635
f 69/599/614 71/583/614 70/586/614
f 477/624/644 478/625/644 430/626/644
f 429/627/645 430/626/645 478/625/645
f 429/627/646 478/625/646 428/628/646
f 428/628/646 338/629/646 429/627/646
f 428/628/647 337/630/647 338/629/647
f 338/629/648 337/630/648 64/631/648
f 62/632/649 64/631/649 337/630/649
f 64/631/650 62/632/650 61/633/650
f 63/574/650 61/633/650 62/632/650
f 61/633/604 63/574/604 121/573/604
f 427/634/647 337/630/647 428/628/647
f 479/635/646 428/628/646 478/625/646
f 479/635/647 480/636/647 428/628/647
f 427/634/647 428/628/647 480/636/647
f 480/636/651 451/622/651 427/634/651
f 426/621/651 427/634/651 451/622/651
f 427/634/651 426/621/651 337/630/651
f 336/620/651 337/630/651 426/621/651
f 337/630/652 336/620/652 62/632/652
f 65/619/652 62/632/652 336/620/652
f 62/632/641 65/619/641 63/574/641
f 1230/637/653 794/165/653 1229/638/653
f 1230/637/653 1229/638/653 754/639/653
f 1235/640/654 1230/637/654 676/641/654
f 754/639/655 676/641/655 1230/637/655
f 754/639/656 733/642/656 676/641/656
f 605/643/657 606/644/657 1235/640/657
f 676/641/658 605/643/658 1235/640/658
f 653/645/659 605/643/659 676/641/659
f 653/645/660 676/641/660 733/642/660
f 733/642/661 732/646/661 653/645/661
f 652/647/662 653/645/662 732/646/662
f 732/646/663 731/648/663 652/647/663
f 596/186/657 595/188/657 605/643/657
f 606/644/664 605/643/664 595/188/664
f 595/188/665 654/192/665 606/644/665
f 677/225/666 606/644/666 654/192/666
f 606/644/667 677/225/667 1234/158/667
f 1234/158/161 1235/640/161 606/644/161
f 1235/640/668 1234/158/668 699/157/668
f 1235/640/669 699/157/669 1230/637/669
f 700/159/670 1230/637/670 699/157/670
f 794/165/671 1230/637/671 700/159/671
f 729/649/672 728/172/672 649/174/672
f 729/649/673 649/174/673 730/650/673
f 730/650/674 649/174/674 650/176/674
f 730/650/675 650/176/675 731/648/675
f 731/648/675 650/176/675 651/184/675
f 651/184/676 652/647/676 731/648/676
f 652/647/195 651/184/195 597/185/195
f 652/647/677 597/185/677 653/645/677
f 653/645/678 597/185/678 596/186/678
f 653/645/679 596/186/679 605/643/679
f 1014/651/680 1047/652/680 1013/653/680
f 1014/651/681 1048/654/681 1047/652/681
f 1015/655/681 1048/654/681 1014/651/681
f 1048/654/682 1132/656/682 1047/652/682
f 1010/436/683 995/426/683 1011/443/683
f 1011/443/684 995/426/684 991/657/684
f 991/657/685 1012/446/685 1011/443/685
f 1012/446/686 991/657/686 989/658/686
f 989/658/687 1013/653/687 1012/446/687
f 1013/653/688 989/658/688 987/659/688
f 987/659/689 1014/651/689 1013/653/689
f 1014/651/690 987/659/690 984/660/690
f 984/660/691 1015/655/691 1014/651/691
f 980/661/692 1015/655/692 984/660/692
f 988/662/693 987/659/693 989/658/693
f 987/659/693 988/662/693 986/663/693
f 986/663/694 984/660/694 987/659/694
f 984/660/694 986/663/694 985/664/694
f 985/664/695 980/661/695 984/660/695
f 983/665/695 980/661/695 985/664/695
f 983/665/696 981/666/696 980/661/696
f 980/661/697 982/667/697 1015/655/697
f 982/667/696 980/661/696 981/666/696
f 981/666/698 1000/668/698 982/667/698
f 1001/669/698 982/667/698 1000/668/698
f 1001/669/699 1000/668/699 979/670/699
f 979/670/700 1018/671/700 1001/669/700
f 1018/671/701 979/670/701 1019/672/701
f 1018/671/702 1019/672/702 1051/673/702
f 1052/674/703 1051/673/703 1019/672/703
f 1052/674/704 1125/675/704 1051/673/704
f 976/676/705 1019/672/705 979/670/705
f 978/677/706 979/670/706 1000/668/706
f 979/670/707 978/677/707 976/676/707
f 977/678/707 976/676/707 978/677/707
f 977/678/708 974/679/708 976/676/708
f 975/680/708 976/676/708 974/679/708
f 976/676/709 975/680/709 1019/672/709
f 1020/681/710 1019/672/710 975/680/710
f 1019/672/711 1020/681/711 1052/674/711
f 1053/682/712 1052/674/712 1020/681/712
f 973/683/713 974/679/713 972/684/713
f 975/680/713 974/679/713 973/683/713
f 1021/685/714 975/680/714 973/683/714
f 1020/681/714 975/680/714 1021/685/714
f 1021/685/715 1054/686/715 1020/681/715
f 1020/681/715 1054/686/715 1053/682/715
f 1120/687/716 1053/682/716 1054/686/716
f 1021/685/717 1055/688/717 1054/686/717
f 1022/689/717 1055/688/717 1021/685/717
f 1021/685/718 973/683/718 1022/689/718
f 1022/689/719 973/683/719 969/690/719
f 973/683/720 972/684/720 969/690/720
f 969/690/720 972/684/720 970/691/720
f 970/691/721 968/692/721 969/690/721
f 971/693/721 969/690/721 968/692/721
f 968/692/722 998/694/722 971/693/722
f 999/695/722 971/693/722 998/694/722
f 1055/688/723 1056/696/723 1118/697/723
f 1022/689/724 1056/696/724 1055/688/724
f 1023/698/725 1056/696/725 1022/689/725
f 1023/698/726 1022/689/726 971/693/726
f 969/690/727 971/693/727 1022/689/727
f 971/693/728 999/695/728 1023/698/728
f 1024/699/729 1023/698/729 999/695/729
f 1024/699/730 1057/700/730 1023/698/730
f 1057/700/730 1056/696/730 1023/698/730
f 1056/696/731 1057/700/731 1116/701/731
f 1116/701/732 1118/697/732 1056/696/732
f 1116/701/733 1117/702/733 1118/697/733
f 1119/703/733 1118/697/733 1117/702/733
f 1114/704/734 1116/701/734 1057/700/734
f 1114/704/735 1115/705/735 1116/701/735
f 1117/702/736 1116/701/736 1115/705/736
f 1117/702/737 1115/705/737 1161/706/737
f 1117/702/738 1161/706/738 1119/703/738
f 1161/706/738 1160/707/738 1119/703/738
f 1119/703/739 1160/707/739 1121/708/739
f 1121/708/740 1120/687/740 1119/703/740
f 1118/697/741 1119/703/741 1120/687/741
f 1120/687/742 1054/686/742 1118/697/742
f 1118/697/742 1054/686/742 1055/688/742
f 1052/674/743 1053/682/743 1125/675/743
f 1123/709/743 1125/675/743 1053/682/743
f 1123/709/716 1053/682/716 1120/687/716
f 1123/709/744 1120/687/744 1122/710/744
f 1121/708/744 1122/710/744 1120/687/744
f 1121/708/745 1162/711/745 1122/710/745
f 1160/707/739 1162/711/739 1121/708/739
f 1160/707/739 900/712/739 1162/711/739
f 1160/707/738 898/713/738 900/712/738
f 1161/706/738 898/713/738 1160/707/738
f 1162/711/745 1163/714/745 1122/710/745
f 1162/711/739 900/712/739 902/715/739
f 1162/711/745 902/715/745 1163/714/745
f 1163/714/745 902/715/745 904/716/745
f 904/716/746 907/717/746 1163/714/746
f 1164/718/746 1163/714/746 907/717/746
f 1163/714/746 1164/718/746 1122/710/746
f 1124/719/746 1122/710/746 1164/718/746
f 1122/710/747 1124/719/747 1123/709/747
f 1125/675/748 1123/709/748 1124/719/748
f 1124/719/749 1126/720/749 1125/675/749
f 907/717/750 908/721/750 1164/718/750
f 1165/722/750 1164/718/750 908/721/750
f 1164/718/750 1165/722/750 1124/719/750
f 1126/720/750 1124/719/750 1165/722/750
f 1165/722/751 1176/723/751 1126/720/751
f 1128/724/751 1126/720/751 1176/723/751
f 1176/723/752 1167/725/752 1128/724/752
f 1131/726/752 1128/724/752 1167/725/752
f 1131/726/753 1167/725/753 1133/727/753
f 1133/727/754 1132/656/754 1131/726/754
f 1127/728/749 1125/675/749 1126/720/749
f 1126/720/755 1128/724/755 1127/728/755
f 1129/729/756 1127/728/756 1128/724/756
f 1129/729/757 1128/724/757 1131/726/757
f 1131/726/758 1130/730/758 1129/729/758
f 1130/730/754 1131/726/754 1132/656/754
f 1130/730/759 1132/656/759 1049/731/759
f 1048/654/760 1049/731/760 1132/656/760
f 1049/731/761 1048/654/761 1016/732/761
f 1015/655/762 1016/732/762 1048/654/762
f 1016/732/763 1017/733/763 1049/731/763
f 1050/734/763 1049/731/763 1017/733/763
f 1049/731/764 1050/734/764 1130/730/764
f 1129/729/765 1130/730/765 1050/734/765
f 1129/729/766 1050/734/766 1127/728/766
f 1016/732/767 1015/655/767 982/667/767
f 982/667/768 1001/669/768 1016/732/768
f 1017/733/769 1016/732/769 1001/669/769
f 1017/733/770 1001/669/770 1018/671/770
f 1017/733/771 1018/671/771 1050/734/771
f 1051/673/771 1050/734/771 1018/671/771
f 1051/673/772 1127/728/772 1050/734/772
f 1127/728/773 1051/673/773 1125/675/773
f 905/735/774 906/736/774 904/737/774
f 907/738/774 904/737/774 906/736/774
f 907/738/775 906/736/775 908/739/775
f 906/736/746 905/735/746 849/740/746
f 848/741/746 849/740/746 905/735/746
f 849/740/746 848/741/746 744/742/746
f 743/743/746 744/742/746 848/741/746
f 742/744/745 743/743/745 848/741/745
f 847/745/745 742/744/745 848/741/745
f 848/741/745 905/735/745 847/745/745
f 903/746/745 847/745/745 905/735/745
f 905/735/776 904/737/776 903/746/776
f 903/746/776 904/737/776 902/747/776
f 903/746/777 902/747/777 899/748/777
f 899/748/739 845/749/739 903/746/739
f 903/746/739 845/749/739 847/745/739
f 845/749/739 741/750/739 847/745/739
f 741/750/739 742/744/739 847/745/739
f 742/744/778 741/750/778 662/751/778
f 742/744/779 662/751/779 743/743/779
f 743/743/779 662/751/779 663/752/779
f 743/743/780 663/752/780 744/742/780
f 744/742/781 663/752/781 664/753/781
f 665/754/782 745/755/782 664/753/782
f 860/756/737 846/757/737 929/758/737
f 901/759/737 929/758/737 846/757/737
f 901/759/738 846/757/738 899/748/738
f 899/748/738 846/757/738 845/749/738
f 846/757/738 740/760/738 845/749/738
f 740/760/738 741/750/738 845/749/738
f 741/750/783 740/760/783 661/761/783
f 661/761/784 662/751/784 741/750/784
f 824/762/737 740/760/737 860/756/737
f 846/757/737 860/756/737 740/760/737
f 660/763/785 661/761/785 740/760/785
f 739/764/786 824/762/786 844/765/786
f 860/756/786 844/765/786 824/762/786
f 844/765/786 860/756/786 896/766/786
f 929/758/786 896/766/786 860/756/786
f 928/767/787 896/766/787 929/758/787
f 929/758/788 901/759/788 928/767/788
f 898/768/788 928/767/788 901/759/788
f 901/759/789 899/748/789 898/768/789
f 900/769/789 898/768/789 899/748/789
f 899/748/777 902/747/777 900/769/777
f 897/770/787 896/766/787 928/767/787
f 794/771/790 792/772/790 811/773/790
f 778/774/791 776/775/791 777/776/791
f 776/775/792 778/774/792 811/773/792
f 776/775/793 811/773/793 812/777/793
f 812/777/794 811/773/794 792/772/794
f 812/777/795 792/772/795 793/778/795
f 793/778/796 792/772/796 775/779/796
f 792/772/797 774/780/797 775/779/797
f 792/772/798 794/771/798 774/780/798
f 774/780/799 794/771/799 763/781/799
f 1193/782/800 812/777/800 1187/783/800
f 1193/782/801 1179/784/801 812/777/801
f 776/775/801 812/777/801 1179/784/801
f 1179/784/802 779/785/802 776/775/802
f 779/785/803 777/776/803 776/775/803
f 804/786/804 777/776/804 779/785/804
f 804/786/805 806/787/805 777/776/805
f 777/776/806 806/787/806 765/788/806
f 777/776/807 765/788/807 778/774/807
f 764/789/808 778/774/808 765/788/808
f 805/790/809 804/786/809 779/785/809
f 805/790/810 779/785/810 1191/791/810
f 1180/792/810 1191/791/810 779/785/810
f 1180/792/802 779/785/802 1179/784/802
f 778/774/811 764/789/811 811/773/811
f 1221/793/812 811/773/812 764/789/812
f 811/773/813 1221/793/813 794/771/813
f 794/771/814 1221/793/814 1229/794/814
f 1231/795/815 1229/794/815 1221/793/815
f 1229/794/816 1231/795/816 754/796/816
f 821/797/817 754/796/817 1231/795/817
f 733/798/818 754/796/818 821/797/818
f 821/797/819 822/799/819 733/798/819
f 822/799/820 821/797/820 734/800/820
f 758/801/821 734/800/821 821/797/821
f 758/801/822 821/797/822 1231/795/822
f 1231/795/823 1232/802/823 758/801/823
f 1221/793/824 1232/802/824 1231/795/824
f 1232/802/825 1221/793/825 764/789/825
f 1207/803/826 1198/804/826 1213/805/826
f 1213/805/827 1179/806/827 1193/807/827
f 1193/807/828 1187/808/828 1213/805/828
f 1207/803/829 1213/805/829 1187/808/829
f 1187/808/830 1178/809/830 1207/803/830
f 1198/804/831 1207/803/831 1178/809/831
f 1198/804/832 1178/809/832 1197/810/832
f 1198/804/833 1197/810/833 1213/805/833
f 1213/805/834 1197/810/834 1199/811/834
f 1197/810/835 1212/812/835 1199/811/835
f 1199/811/836 1212/812/836 1200/813/836
f 1177/814/837 1197/810/837 1178/809/837
f 1197/810/838 1177/814/838 1212/812/838
f 1192/815/839 1212/812/839 1177/814/839
f 1192/815/840 1208/816/840 1212/812/840
f 1208/816/841 1192/815/841 1188/817/841
f 1212/812/842 1208/816/842 1200/813/842
f 1208/816/843 1206/818/843 1200/813/843
f 1188/817/844 1206/818/844 1208/816/844
f 1206/818/845 1188/817/845 1186/819/845
f 1206/818/846 1186/819/846 1205/820/846
f 1205/820/847 1186/819/847 1185/821/847
f 1185/821/848 1196/822/848 1205/820/848
f 1216/823/849 1205/820/849 1196/822/849
f 1216/823/850 1196/822/850 1209/824/850
f 1189/825/851 1209/824/851 1196/822/851
f 1189/825/852 1184/826/852 1209/824/852
f 1202/827/853 1201/828/853 1216/823/853
f 1216/823/854 1201/828/854 1205/820/854
f 1201/828/855 1214/829/855 1205/820/855
f 1206/818/856 1205/820/856 1214/829/856
f 1211/830/857 1206/818/857 1214/829/857
f 1211/830/858 1200/813/858 1206/818/858
f 1200/813/859 1211/830/859 1180/831/859
f 1180/831/860 1199/811/860 1200/813/860
f 1199/811/861 1180/831/861 1179/806/861
f 1179/806/862 1213/805/862 1199/811/862
f 1191/832/863 1180/831/863 1211/830/863
f 1211/830/864 1214/829/864 1191/832/864
f 1194/833/865 1191/832/865 1214/829/865
f 1214/829/866 1201/828/866 1194/833/866
f 1181/834/867 1194/833/867 1201/828/867
f 1181/834/868 1201/828/868 1182/835/868
f 1202/827/868 1182/835/868 1201/828/868
f 1202/827/869 1210/836/869 1182/835/869
f 1210/836/870 1202/827/870 1204/837/870
f 1203/838/871 1210/836/871 1204/837/871
f 1190/839/869 1182/835/869 1210/836/869
f 1210/836/872 1215/840/872 1190/839/872
f 1215/840/873 1210/836/873 1203/838/873
f 1215/840/874 1203/838/874 1195/841/874
f 1183/842/875 1195/841/875 1203/838/875
f 1183/842/876 1203/838/876 1184/826/876
f 1204/837/876 1184/826/876 1203/838/876
f 1204/837/877 1209/824/877 1184/826/877
f 1209/824/878 1204/837/878 1202/827/878
f 1216/823/879 1209/824/879 1202/827/879
f 1195/841/880 1190/839/880 1215/840/880
f 1159/843/786 1175/844/786 1112/845/786
f 928/846/881 898/713/881 1175/844/881
f 1175/844/786 1159/843/786 928/846/786
f 897/847/786 928/846/786 1159/843/786
f 1161/706/737 1175/844/737 898/713/737
f 1175/844/737 1161/706/737 1115/705/737
f 1115/705/786 1112/845/786 1175/844/786
f 1115/705/882 1114/704/882 1112/845/882
f 1113/848/882 1112/845/882 1114/704/882
f 1057/700/883 1113/848/883 1114/704/883
f 1113/848/884 1057/700/884 1058/849/884
f 1058/849/885 1057/700/885 1024/699/885
f 1025/850/885 1058/849/885 1024/699/885
f 999/695/886 1025/850/886 1024/699/886
f 1025/850/887 999/695/887 966/851/887
f 998/694/888 966/851/888 999/695/888
f 966/851/888 998/694/888 967/852/888
f 826/853/889 825/854/889 745/855/889
f 825/854/890 826/853/890 746/856/890
f 760/857/891 746/856/891 826/853/891
f 800/271/892 769/858/892 799/273/892
f 786/274/893 799/273/893 769/858/893
f 769/858/894 768/859/894 786/274/894
f 784/276/895 786/274/895 768/859/895
f 784/276/896 768/859/896 1219/281/896
f 1247/860/897 1219/281/897 768/859/897
f 1219/281/898 1247/860/898 1246/286/898
f 1246/286/899 1247/860/899 760/857/899
f 760/857/900 826/853/900 1246/286/900
f 826/853/901 756/287/901 1246/286/901
f 756/287/902 826/853/902 745/855/902
f 756/287/326 745/855/326 680/288/326
f 665/861/903 680/288/903 745/855/903
f 666/66/904 667/862/904 746/67/904
f 747/863/905 746/67/905 667/862/905
f 667/862/906 668/864/906 747/863/906
f 748/865/907 747/863/907 668/864/907
f 668/864/908 669/866/908 748/865/908
f 749/867/908 748/865/908 669/866/908
f 669/866/909 670/868/909 749/867/909
f 750/869/910 749/867/910 670/868/910
f 750/869/911 670/868/911 751/870/911
f 671/871/912 672/872/912 751/870/912
f 671/871/913 751/870/913 670/868/913
f 670/868/914 579/85/914 671/871/914
f 670/868/915 669/866/915 579/85/915
f 580/86/915 579/85/915 669/866/915
f 669/866/916 668/864/916 580/86/916
f 581/79/916 580/86/916 668/864/916
f 668/864/917 667/862/917 581/79/917
f 582/69/917 581/79/917 667/862/917
f 667/862/918 666/66/918 582/69/918
f 671/871/919 579/85/919 578/101/919
f 578/101/920 602/873/920 671/871/920
f 672/872/921 671/871/921 602/873/921
f 602/873/922 1250/874/922 672/872/922
f 635/43/923 636/875/923 613/876/923
f 613/876/924 636/875/924 705/877/924
f 613/876/925 705/877/925 704/878/925
f 706/879/926 704/878/926 705/877/926
f 1250/874/927 704/878/927 706/879/927
f 1250/874/928 706/879/928 1251/880/928
f 1251/880/928 672/872/928 1250/874/928
f 1251/880/929 1252/881/929 672/872/929
f 752/882/930 672/872/930 1252/881/930
f 752/882/930 751/870/930 672/872/930
f 686/883/931 705/877/931 636/875/931
f 686/883/932 720/884/932 705/877/932
f 706/879/933 705/877/933 720/884/933
f 720/884/934 768/885/934 769/886/934
f 769/886/935 800/887/935 720/884/935
f 706/879/936 720/884/936 800/887/936
f 706/879/937 800/887/937 1251/880/937
f 1252/881/938 1251/880/938 800/887/938
f 1248/54/939 760/65/939 1247/888/939
f 1247/888/939 768/885/939 1248/54/939
f 708/53/940 1248/54/940 768/885/940
f 768/885/941 720/884/941 708/53/941
f 708/53/942 720/884/942 687/52/942
f 686/883/943 687/52/943 720/884/943
f 687/52/944 686/883/944 628/45/944
f 636/875/945 628/45/945 686/883/945
f 629/44/946 628/45/946 636/875/946
f 636/875/947 635/43/947 629/44/947
f 577/113/948 601/117/948 578/101/948
f 578/101/949 601/117/949 602/873/949
f 601/117/950 1256/119/950 602/873/950
f 1250/874/951 602/873/951 1256/119/951
f 1256/119/952 702/121/952 1250/874/952
f 1250/874/953 702/121/953 704/878/953
f 702/121/954 611/139/954 704/878/954
f 704/878/955 611/139/955 613/876/955
f 613/876/146 611/139/146 612/42/146
f 613/876/956 612/42/956 635/43/956
f 1139/889/957 1137/890/957 1170/891/957
f 1170/891/958 1171/892/958 1139/889/958
f 1137/890/959 1136/893/959 1135/894/959
f 1136/893/960 1137/890/960 1138/895/960
f 1139/889/961 1138/895/961 1137/890/961
f 1139/889/962 1140/453/962 1138/895/962
f 1140/453/958 1139/889/958 1171/892/958
f 1171/892/514 1173/454/514 1140/453/514
f 1173/454/514 1171/892/514 924/896/514
f 924/896/511 862/455/511 1173/454/511
f 1166/897/753 911/898/753 913/899/753
f 1166/897/963 913/899/963 1168/900/963
f 1166/897/963 1168/900/963 1135/894/963
f 1135/894/964 1168/900/964 1137/890/964
f 1169/901/964 1137/890/964 1168/900/964
f 1169/901/957 1170/891/957 1137/890/957
f 1170/891/957 1169/901/957 919/902/957
f 919/902/958 920/903/958 1170/891/958
f 1171/892/958 1170/891/958 920/903/958
f 920/903/514 924/896/514 1171/892/514
f 1168/900/963 913/899/963 915/904/963
f 1168/900/964 915/904/964 1169/901/964
f 917/905/964 1169/901/964 915/904/964
f 917/905/957 919/902/957 1169/901/957
f 445/906/965 444/907/965 355/908/965
f 444/907/965 445/906/965 463/909/965
f 462/910/965 463/909/965 445/906/965
f 445/906/966 461/911/966 462/910/966
f 463/909/967 464/912/967 444/907/967
f 442/913/968 464/912/968 465/914/968
f 443/915/968 464/912/968 442/913/968
f 443/915/967 444/907/967 464/912/967
f 444/907/967 443/915/967 354/916/967
f 354/916/969 355/908/969 444/907/969
f 89/917/970 355/908/970 354/916/970
f 355/908/970 89/917/970 87/918/970
f 87/918/971 89/917/971 88/919/971
f 90/920/971 88/919/971 89/917/971
f 135/921/972 88/919/972 90/920/972
f 182/922/973 179/923/973 181/924/973
f 179/923/974 135/921/974 181/924/974
f 179/923/975 134/925/975 135/921/975
f 88/919/972 135/921/972 134/925/972
f 134/925/976 86/926/976 88/919/976
f 88/919/977 86/926/977 87/918/977
f 85/927/977 87/918/977 86/926/977
f 87/918/978 85/927/978 355/908/978
f 356/928/978 355/908/978 85/927/978
f 355/908/966 356/928/966 445/906/966
f 135/921/979 90/920/979 136/929/979
f 181/924/974 135/921/974 136/929/974
f 181/924/980 136/929/980 183/930/980
f 184/931/981 181/924/981 183/930/981
f 352/932/968 443/915/968 442/913/968
f 353/933/968 443/915/968 352/932/968
f 353/933/967 354/916/967 443/915/967
f 91/934/982 354/916/982 353/933/982
f 354/916/982 91/934/982 89/917/982
f 89/917/983 91/934/983 90/920/983
f 92/935/983 90/920/983 91/934/983
f 136/929/979 90/920/979 92/935/979
f 92/935/984 94/936/984 136/929/984
f 137/937/984 136/929/984 94/936/984
f 183/930/980 136/929/980 137/937/980
f 92/935/985 91/934/985 94/936/985
f 94/936/985 91/934/985 93/938/985
f 93/938/986 91/934/986 352/932/986
f 353/933/986 352/932/986 91/934/986
f 434/939/987 433/940/987 344/941/987
f 433/940/987 434/939/987 474/942/987
f 473/943/987 474/942/987 434/939/987
f 474/942/988 475/944/988 433/940/988
f 109/945/989 111/946/989 110/947/989
f 344/941/990 111/946/990 109/945/990
f 111/946/991 344/941/991 343/948/991
f 343/948/987 344/941/987 433/940/987
f 433/940/988 432/949/988 343/948/988
f 432/949/988 433/940/988 475/944/988
f 475/944/992 476/950/992 432/949/992
f 431/951/992 432/949/992 476/950/992
f 476/950/993 477/624/993 431/951/993
f 430/626/993 431/951/993 477/624/993
f 431/951/993 430/626/993 341/952/993
f 341/952/992 342/953/992 431/951/992
f 432/949/992 431/951/992 342/953/992
f 342/953/988 343/948/988 432/949/988
f 111/946/994 343/948/994 113/954/994
f 113/954/994 343/948/994 342/953/994
f 113/954/995 342/953/995 116/955/995
f 341/952/995 116/955/995 342/953/995
f 341/952/996 340/956/996 116/955/996
f 340/956/993 341/952/993 430/626/993
f 430/626/644 429/627/644 340/956/644
f 112/957/989 110/947/989 111/946/989
f 112/957/997 111/946/997 114/958/997
f 114/958/997 111/946/997 113/954/997
f 114/958/998 113/954/998 115/959/998
f 116/955/998 115/959/998 113/954/998
f 116/955/999 117/960/999 115/959/999
f 117/960/996 116/955/996 340/956/996
f 340/956/1000 339/961/1000 117/960/1000
f 339/961/644 340/956/644 429/627/644
f 339/961/646 429/627/646 338/629/646
f 119/962/1000 117/960/1000 339/961/1000
f 117/960/1001 119/962/1001 118/963/1001
f 118/963/999 115/959/999 117/960/999
f 149/964/1002 115/959/1002 118/963/1002
f 120/965/1001 118/963/1001 119/962/1001
f 150/966/1003 118/963/1003 120/965/1003
f 118/963/1003 150/966/1003 149/964/1003
f 209/967/1004 149/964/1004 150/966/1004
f 338/629/1005 64/631/1005 339/961/1005
f 119/962/1005 339/961/1005 64/631/1005
f 64/631/1006 61/633/1006 119/962/1006
f 120/965/1006 119/962/1006 61/633/1006
f 121/573/1007 120/965/1007 61/633/1007
f 150/966/1007 120/965/1007 121/573/1007
f 151/569/1008 150/966/1008 121/573/1008
f 209/967/1008 150/966/1008 151/569/1008
f 154/568/1009 209/967/1009 151/569/1009
f 210/968/1009 209/967/1009 154/568/1009
f 148/969/1010 147/970/1010 115/959/1010
f 115/959/1002 149/964/1002 148/969/1002
f 207/971/1011 148/969/1011 149/964/1011
f 207/971/1004 149/964/1004 209/967/1004
f 210/968/1012 207/971/1012 209/967/1012
f 208/972/1012 207/971/1012 210/968/1012
f 208/972/1013 210/968/1013 239/973/1013
f 239/973/1014 238/974/1014 208/972/1014
f 238/974/1015 239/973/1015 295/975/1015
f 295/975/1016 237/976/1016 238/974/1016
f 200/977/1017 198/978/1017 199/979/1017
f 235/980/1018 198/978/1018 200/977/1018
f 235/980/1019 200/977/1019 236/981/1019
f 236/981/1019 200/977/1019 202/982/1019
f 236/981/1020 202/982/1020 237/976/1020
f 237/976/1020 202/982/1020 204/983/1020
f 237/976/1021 204/983/1021 238/974/1021
f 238/974/1021 204/983/1021 206/984/1021
f 206/984/1014 208/972/1014 238/974/1014
f 206/984/1022 205/985/1022 208/972/1022
f 208/972/1022 205/985/1022 207/971/1022
f 205/985/1011 148/969/1011 207/971/1011
f 205/985/1023 203/986/1023 148/969/1023
f 147/970/1024 148/969/1024 203/986/1024
f 203/986/1025 201/987/1025 147/970/1025
f 146/988/1025 147/970/1025 201/987/1025
f 201/987/1026 199/979/1026 146/988/1026
f 199/979/1027 201/987/1027 200/977/1027
f 202/982/1027 200/977/1027 201/987/1027
f 201/987/1028 203/986/1028 202/982/1028
f 204/983/1028 202/982/1028 203/986/1028
f 203/986/1029 205/985/1029 204/983/1029
f 206/984/1029 204/983/1029 205/985/1029
f 196/989/1030 193/990/1030 195/991/1030
f 196/989/1031 195/991/1031 198/978/1031
f 198/978/1031 195/991/1031 197/992/1031
f 197/992/1017 199/979/1017 198/978/1017
f 199/979/1032 197/992/1032 145/993/1032
f 145/993/1026 146/988/1026 199/979/1026
f 146/988/1033 145/993/1033 112/957/1033
f 112/957/1034 114/958/1034 146/988/1034
f 147/970/1034 146/988/1034 114/958/1034
f 114/958/1010 115/959/1010 147/970/1010
f 191/994/1035 140/995/1035 141/996/1035
f 191/994/1036 141/996/1036 193/990/1036
f 193/990/1036 141/996/1036 142/997/1036
f 193/990/1037 142/997/1037 195/991/1037
f 195/991/1037 142/997/1037 143/998/1037
f 195/991/1038 143/998/1038 197/992/1038
f 197/992/1038 143/998/1038 144/999/1038
f 144/999/1032 145/993/1032 197/992/1032
f 145/993/1039 144/999/1039 110/947/1039
f 110/947/1033 112/957/1033 145/993/1033
f 99/1000/1040 141/996/1040 140/995/1040
f 141/996/1040 99/1000/1040 101/1001/1040
f 101/1001/1041 142/997/1041 141/996/1041
f 142/997/1041 101/1001/1041 103/1002/1041
f 142/997/1042 103/1002/1042 143/998/1042
f 143/998/1042 103/1002/1042 105/1003/1042
f 143/998/1043 105/1003/1043 144/999/1043
f 144/999/1043 105/1003/1043 108/1004/1043
f 108/1004/1039 110/947/1039 144/999/1039
f 110/947/1044 108/1004/1044 109/945/1044
f 101/1001/1045 102/1005/1045 103/1002/1045
f 102/1005/1046 101/1001/1046 100/1006/1046
f 99/1000/1046 100/1006/1046 101/1001/1046
f 100/1006/1047 99/1000/1047 98/1007/1047
f 97/1008/1047 98/1007/1047 99/1000/1047
f 97/1008/1048 99/1000/1048 139/1009/1048
f 139/1009/1049 138/1010/1049 97/1008/1049
f 138/1010/1050 139/1009/1050 185/1011/1050
f 102/1005/1051 100/1006/1051 348/1012/1051
f 183/1013/1052 185/1011/1052 184/1014/1052
f 185/1011/1053 183/1013/1053 138/1010/1053
f 137/1015/1053 138/1010/1053 183/1013/1053
f 138/1010/1054 137/1015/1054 95/1016/1054
f 95/1016/1049 97/1008/1049 138/1010/1049
f 95/1016/1055 96/1017/1055 97/1008/1055
f 98/1007/1055 97/1008/1055 96/1017/1055
f 98/1007/1056 96/1017/1056 350/1018/1056
f 98/1007/1057 350/1018/1057 100/1006/1057
f 349/1019/1057 100/1006/1057 350/1018/1057
f 349/1019/1051 348/1012/1051 100/1006/1051
f 349/1019/1058 439/1020/1058 348/1012/1058
f 439/1020/1059 349/1019/1059 440/1021/1059
f 350/1018/1059 440/1021/1059 349/1019/1059
f 440/1021/1060 350/1018/1060 441/1022/1060
f 351/1023/1060 441/1022/1060 350/1018/1060
f 351/1023/1056 350/1018/1056 96/1017/1056
f 94/1024/1054 95/1016/1054 137/1015/1054
f 94/1024/1061 93/1025/1061 95/1016/1061
f 96/1017/1061 95/1016/1061 93/1025/1061
f 93/1025/1062 352/1026/1062 96/1017/1062
f 351/1023/1062 96/1017/1062 352/1026/1062
f 352/1026/1063 442/1027/1063 351/1023/1063
f 441/1022/1063 351/1023/1063 442/1027/1063
f 442/1027/1063 465/1028/1063 441/1022/1063
f 466/1029/1063 441/1022/1063 465/1028/1063
f 441/1022/1060 466/1029/1060 440/1021/1060
f 467/1030/1060 440/1021/1060 466/1029/1060
f 467/1030/1059 468/1031/1059 440/1021/1059
f 439/1020/1059 440/1021/1059 468/1031/1059
f 439/1020/1058 468/1031/1058 438/1032/1058
f 438/1032/1058 348/1012/1058 439/1020/1058
f 348/1012/1064 438/1032/1064 347/1033/1064
f 348/1012/1065 347/1033/1065 102/1005/1065
f 104/1034/1065 102/1005/1065 347/1033/1065
f 104/1034/1045 103/1002/1045 102/1005/1045
f 104/1034/1066 105/1003/1066 103/1002/1066
f 345/1035/1067 436/1036/1067 435/1037/1067
f 436/1036/1067 345/1035/1067 346/1038/1067
f 107/1039/1068 346/1038/1068 345/1035/1068
f 346/1038/1068 107/1039/1068 106/1040/1068
f 106/1040/1069 104/1034/1069 346/1038/1069
f 347/1033/1069 346/1038/1069 104/1034/1069
f 437/1041/1070 346/1038/1070 347/1033/1070
f 437/1041/1064 347/1033/1064 438/1032/1064
f 346/1038/1070 437/1041/1070 436/1036/1070
f 106/1040/1066 105/1003/1066 104/1034/1066
f 106/1040/1071 108/1004/1071 105/1003/1071
f 108/1004/1071 106/1040/1071 107/1039/1071
f 107/1039/1044 109/945/1044 108/1004/1044
f 109/945/1072 107/1039/1072 344/941/1072
f 345/1035/1072 344/941/1072 107/1039/1072
f 344/941/1073 345/1035/1073 434/939/1073
f 435/1037/1073 434/939/1073 345/1035/1073
f 434/939/1073 435/1037/1073 473/943/1073
f 472/1042/1073 473/943/1073 435/1037/1073
f 435/1037/1067 471/1043/1067 472/1042/1067
f 471/1043/1067 435/1037/1067 436/1036/1067
f 436/1036/1070 470/1044/1070 471/1043/1070
f 470/1044/1070 436/1036/1070 437/1041/1070
f 470/1044/1064 437/1041/1064 469/1045/1064
f 438/1032/1064 469/1045/1064 437/1041/1064
f 469/1045/1058 438/1032/1058 468/1031/1058
f 825/1046/752 746/1047/752 861/1048/752
f 745/755/751 825/1046/751 850/1049/751
f 861/1048/751 850/1049/751 825/1046/751
f 850/1049/751 861/1048/751 909/1050/751
f 931/1051/751 909/1050/751 861/1048/751
f 861/1048/752 852/1052/752 931/1051/752
f 852/1052/752 861/1048/752 746/1047/752
f 852/1052/753 746/1047/753 851/1053/753
f 746/1047/753 747/1054/753 851/1053/753
f 851/1053/963 747/1054/963 853/1055/963
f 747/1054/963 748/1056/963 853/1055/963
f 853/1055/964 748/1056/964 854/1057/964
f 748/1056/964 749/1058/964 854/1057/964
f 749/1058/957 750/1059/957 854/1057/957
f 912/1060/753 852/1052/753 910/1061/753
f 910/1061/753 852/1052/753 851/1053/753
f 910/1061/963 851/1053/963 914/1062/963
f 914/1062/963 851/1053/963 853/1055/963
f 914/1062/964 853/1055/964 916/1063/964
f 916/1063/964 853/1055/964 854/1057/964
f 854/1057/957 855/1064/957 916/1063/957
f 855/1064/957 854/1057/957 750/1059/957
f 750/1059/958 751/1065/958 855/1064/958
f 856/1066/958 855/1064/958 751/1065/958
f 918/1067/957 916/1063/957 855/1064/957
f 919/1068/1074 916/1063/1074 918/1067/1074
f 917/1069/1074 916/1063/1074 919/1068/1074
f 917/1069/1075 914/1062/1075 916/1063/1075
f 915/1070/1075 914/1062/1075 917/1069/1075
f 915/1070/1076 910/1061/1076 914/1062/1076
f 913/1071/1076 910/1061/1076 915/1070/1076
f 913/1071/1077 911/1072/1077 910/1061/1077
f 912/1060/1077 910/1061/1077 911/1072/1077
f 911/1072/1078 930/1073/1078 912/1060/1078
f 744/742/1079 664/753/1079 745/755/1079
f 744/742/750 745/755/750 849/740/750
f 850/1049/750 849/740/750 745/755/750
f 849/740/750 850/1049/750 906/736/750
f 909/1050/750 906/736/750 850/1049/750
f 909/1050/775 908/739/775 906/736/775
f 908/739/1080 909/1050/1080 930/1073/1080
f 931/1051/1080 930/1073/1080 909/1050/1080
f 931/1051/1078 912/1060/1078 930/1073/1078
f 912/1060/752 931/1051/752 852/1052/752
f 726/1074/1081 725/1075/1081 646/1076/1081
f 726/1074/1082 646/1076/1082 727/1077/1082
f 647/1078/1083 727/1077/1083 646/1076/1083
f 725/1075/1084 724/129/1084 645/1079/1084
f 645/1079/1085 646/1076/1085 725/1075/1085
f 646/1076/1086 645/1079/1086 573/1080/1086
f 646/1076/1087 573/1080/1087 647/1078/1087
f 571/1081/1088 647/1078/1088 573/1080/1088
f 571/1081/1089 604/1082/1089 647/1078/1089
f 674/1083/1090 647/1078/1090 604/1082/1090
f 647/1078/1091 674/1083/1091 727/1077/1091
f 753/1084/1092 727/1077/1092 674/1083/1092
f 753/1084/1092 674/1083/1092 1226/1085/1092
f 603/1086/1093 571/1081/1093 572/1087/1093
f 604/1082/1094 571/1081/1094 603/1086/1094
f 604/1082/1094 603/1086/1094 1224/1088/1094
f 604/1082/1095 1224/1088/1095 674/1083/1095
f 1225/1089/1096 674/1083/1096 1224/1088/1096
f 1225/1089/1097 1226/1085/1097 674/1083/1097
f 1226/1085/1098 1225/1089/1098 797/137/1098
f 695/138/1099 797/137/1099 1225/1089/1099
f 695/138/1100 1225/1089/1100 694/143/1100
f 1224/1088/1101 694/143/1101 1225/1089/1101
f 1224/1088/1102 1223/145/1102 694/143/1102
f 1223/145/1103 1224/1088/1103 603/1086/1103
f 603/1086/1104 675/170/1104 1223/145/1104
f 675/170/1105 603/1086/1105 648/173/1105
f 572/1087/1106 648/173/1106 603/1086/1106
f 572/1087/1107 600/175/1107 648/173/1107
f 572/1087/193 496/183/193 600/175/193
f 572/1087/1108 571/1081/1108 496/183/1108
f 494/1090/1108 496/183/1108 571/1081/1108
f 571/1081/1109 573/1080/1109 494/1090/1109
f 491/1091/1109 494/1090/1109 573/1080/1109
f 573/1080/1110 489/126/1110 491/1091/1110
f 574/127/1110 489/126/1110 573/1080/1110
f 574/127/1086 573/1080/1086 645/1079/1086
f 645/1079/121 644/124/121 574/127/121
f 644/124/1084 645/1079/1084 724/129/1084
f 724/129/1111 643/123/1111 644/124/1111
f 496/183/1112 495/1092/1112 497/182/1112
f 496/183/1113 494/1090/1113 495/1092/1113
f 493/1093/1113 495/1092/1113 494/1090/1113
f 494/1090/1114 491/1091/1114 493/1093/1114
f 492/1094/1114 493/1093/1114 491/1091/1114
f 491/1091/1115 490/108/1115 492/1094/1115
f 490/108/1115 491/1091/1115 489/126/1115
f 489/126/1116 488/109/1116 490/108/1116
f 488/109/1116 489/126/1116 487/114/1116
f 487/114/109 486/111/109 488/109/109
f 499/1095/206 501/198/206 500/181/206
f 500/181/1117 497/182/1117 499/1095/1117
f 498/1096/1117 499/1095/1117 497/182/1117
f 498/1096/1112 497/182/1112 495/1092/1112
f 548/1097/1118 498/1096/1118 495/1092/1118
f 495/1092/1119 493/1093/1119 548/1097/1119
f 547/1098/1119 548/1097/1119 493/1093/1119
f 493/1093/1120 492/1094/1120 547/1098/1120
f 546/107/1120 547/1098/1120 492/1094/1120
f 492/1094/104 490/108/104 546/107/104
f 549/1099/1118 498/1096/1118 548/1097/1118
f 549/1099/1121 499/1095/1121 498/1096/1121
f 550/1100/1121 499/1095/1121 549/1099/1121
f 550/1100/1122 551/1101/1122 499/1095/1122
f 501/198/1122 499/1095/1122 551/1101/1122
f 551/1101/1123 552/1102/1123 501/198/1123
f 503/197/1123 501/198/1123 552/1102/1123
f 503/197/1124 552/1102/1124 505/196/1124
f 553/1103/1124 505/196/1124 552/1102/1124
f 553/1103/207 554/199/207 505/196/207
f 39/1104/1125 37/1105/1125 320/1106/1125
f 39/1104/1126 320/1106/1126 41/1107/1126
f 320/1106/1126 399/1108/1126 321/1109/1126
f 321/1109/1126 41/1107/1126 320/1106/1126
f 321/1109/1127 322/1110/1127 41/1107/1127
f 43/1111/1127 41/1107/1127 322/1110/1127
f 322/1110/1127 321/1109/1127 404/1112/1127
f 402/1113/1126 321/1109/1126 399/1108/1126
f 402/1113/1127 404/1112/1127 321/1109/1127
f 404/1112/1128 402/1113/1128 403/1114/1128
f 401/1115/1128 403/1114/1128 402/1113/1128
f 402/1113/1129 399/1108/1129 401/1115/1129
f 400/1116/1129 401/1115/1129 399/1108/1129
f 400/1116/1130 399/1108/1130 397/1117/1130
f 389/1118/1131 391/1119/1131 390/1120/1131
f 392/1121/1131 390/1120/1131 391/1119/1131
f 391/1119/1132 393/1122/1132 392/1121/1132
f 394/1123/1132 392/1121/1132 393/1122/1132
f 393/1122/1133 395/1124/1133 394/1123/1133
f 396/1125/1133 394/1123/1133 395/1124/1133
f 395/1124/1134 397/1117/1134 396/1125/1134
f 398/1126/1134 396/1125/1134 397/1117/1134
f 398/1126/1130 397/1117/1130 399/1108/1130
f 399/1108/1125 320/1106/1125 398/1126/1125
f 319/1127/1135 37/1105/1135 318/1128/1135
f 319/1127/1125 320/1106/1125 37/1105/1125
f 319/1127/1125 398/1126/1125 320/1106/1125
f 398/1126/1135 319/1127/1135 396/1125/1135
f 318/1128/1135 396/1125/1135 319/1127/1135
f 318/1128/1136 394/1123/1136 396/1125/1136
f 317/1129/1136 394/1123/1136 318/1128/1136
f 317/1129/1137 392/1121/1137 394/1123/1137
f 392/1121/1138 317/1129/1138 316/1130/1138
f 316/1130/1139 315/1131/1139 392/1121/1139
f 390/1120/1139 392/1121/1139 315/1131/1139
f 315/1131/1140 387/1132/1140 390/1120/1140
f 314/1133/1141 313/1134/1141 387/1132/1141
f 387/1132/1140 315/1131/1140 314/1133/1140
f 30/1135/1140 314/1133/1140 315/1131/1140
f 315/1131/1139 316/1130/1139 30/1135/1139
f 31/1136/1139 30/1135/1139 316/1130/1139
f 316/1130/1138 33/1137/1138 31/1136/1138
f 33/1137/1138 316/1130/1138 317/1129/1138
f 33/1137/1136 317/1129/1136 35/1138/1136
f 35/1138/1136 317/1129/1136 318/1128/1136
f 35/1138/1135 318/1128/1135 37/1105/1135
f 28/1139/1141 25/1140/1141 314/1133/1141
f 314/1133/1140 30/1135/1140 28/1139/1140
f 30/1135/1142 29/1141/1142 28/1139/1142
f 30/1135/1143 31/1136/1143 29/1141/1143
f 32/1142/1143 29/1141/1143 31/1136/1143
f 31/1136/1144 33/1137/1144 32/1142/1144
f 34/1143/1144 32/1142/1144 33/1137/1144
f 33/1137/1145 35/1138/1145 34/1143/1145
f 36/1144/1145 34/1143/1145 35/1138/1145
f 35/1138/1146 37/1105/1146 36/1144/1146
f 28/1139/1147 27/1145/1147 25/1140/1147
f 27/1145/1142 28/1139/1142 29/1141/1142
f 29/1141/1148 288/1146/1148 27/1145/1148
f 29/1141/1149 32/1142/1149 288/1146/1149
f 286/1147/1149 288/1146/1149 32/1142/1149
f 32/1142/1150 34/1143/1150 286/1147/1150
f 284/1148/1150 286/1147/1150 34/1143/1150
f 34/1143/1151 36/1144/1151 284/1148/1151
f 282/1149/1151 284/1148/1151 36/1144/1151
f 36/1144/1152 38/1150/1152 282/1149/1152
f 27/1145/1153 290/1151/1153 26/1152/1153
f 27/1145/1148 288/1146/1148 290/1151/1148
f 288/1146/1154 287/1153/1154 290/1151/1154
f 288/1146/1155 286/1147/1155 287/1153/1155
f 285/1154/1155 287/1153/1155 286/1147/1155
f 286/1147/1156 284/1148/1156 285/1154/1156
f 283/1155/1156 285/1154/1156 284/1148/1156
f 284/1148/1157 282/1149/1157 283/1155/1157
f 281/1156/1157 283/1155/1157 282/1149/1157
f 282/1149/1158 280/1157/1158 281/1156/1158
f 290/1151/1159 289/1158/1159 292/1159/1159
f 290/1151/1154 287/1153/1154 289/1158/1154
f 287/1153/1160 234/1160/1160 289/1158/1160
f 287/1153/1161 285/1154/1161 234/1160/1161
f 233/1161/1161 234/1160/1161 285/1154/1161
f 285/1154/1162 283/1155/1162 233/1161/1162
f 232/1162/1162 233/1161/1162 283/1155/1162
f 283/1155/1163 281/1156/1163 232/1162/1163
f 231/1163/1163 232/1162/1163 281/1156/1163
f 281/1156/1164 279/1164/1164 231/1163/1164
f 194/1165/1165 196/989/1165 232/1162/1165
f 232/1162/1166 231/1163/1166 194/1165/1166
f 192/1166/1166 194/1165/1166 231/1163/1166
f 231/1163/1167 230/1167/1167 192/1166/1167
f 190/1168/1167 192/1166/1167 230/1167/1167
f 230/1167/1164 231/1163/1164 279/1164/1164
f 279/1164/1168 229/1169/1168 230/1167/1168
f 229/1169/1169 188/1170/1169 230/1167/1169
f 230/1167/1169 188/1170/1169 190/1168/1169
f 190/1168/1170 188/1170/1170 189/1171/1170
f 190/1168/1171 189/1171/1171 192/1166/1171
f 192/1166/1171 189/1171/1171 191/994/1171
f 192/1166/1172 191/994/1172 194/1165/1172
f 194/1165/1172 191/994/1172 193/990/1172
f 194/1165/1030 193/990/1030 196/989/1030
f 279/1164/1173 281/1156/1173 280/1157/1173
f 280/1157/1174 277/1172/1174 279/1164/1174
f 277/1172/1168 229/1169/1168 279/1164/1168
f 277/1172/1175 228/1173/1175 229/1169/1175
f 228/1173/1176 186/1174/1176 229/1169/1176
f 229/1169/1176 186/1174/1176 188/1170/1176
f 188/1170/1177 186/1174/1177 187/1175/1177
f 187/1175/1170 189/1171/1170 188/1170/1170
f 189/1171/1178 187/1175/1178 140/995/1178
f 189/1171/1179 140/995/1179 191/994/1179
f 276/1176/1180 273/1177/1180 275/1178/1180
f 273/1177/1181 227/1179/1181 275/1178/1181
f 275/1178/1181 227/1179/1181 228/1173/1181
f 227/1179/1182 184/1014/1182 228/1173/1182
f 228/1173/1182 184/1014/1182 186/1174/1182
f 186/1174/1052 184/1014/1052 185/1011/1052
f 185/1011/1177 187/1175/1177 186/1174/1177
f 187/1175/1050 185/1011/1050 139/1009/1050
f 139/1009/1178 140/995/1178 187/1175/1178
f 140/995/1048 139/1009/1048 99/1000/1048
f 276/1176/1183 275/1178/1183 278/1180/1183
f 40/1181/1184 276/1176/1184 278/1180/1184
f 42/1182/1184 276/1176/1184 40/1181/1184
f 278/1180/1185 38/1150/1185 40/1181/1185
f 38/1150/1146 36/1144/1146 37/1105/1146
f 37/1105/1186 39/1104/1186 38/1150/1186
f 40/1181/1186 38/1150/1186 39/1104/1186
f 39/1104/1187 41/1107/1187 40/1181/1187
f 42/1182/1187 40/1181/1187 41/1107/1187
f 41/1107/1188 43/1111/1188 42/1182/1188
f 44/1183/1188 42/1182/1188 43/1111/1188
f 44/1183/1189 274/1184/1189 42/1182/1189
f 42/1182/1189 274/1184/1189 276/1176/1189
f 274/1184/1180 273/1177/1180 276/1176/1180
f 280/1157/1152 282/1149/1152 38/1150/1152
f 38/1150/1185 278/1180/1185 280/1157/1185
f 278/1180/1174 277/1172/1174 280/1157/1174
f 278/1180/1183 275/1178/1183 277/1172/1183
f 275/1178/1175 228/1173/1175 277/1172/1175
f 26/1152/1153 290/1151/1153 292/1159/1153
f 26/1152/1190 292/1159/1190 24/1185/1190
f 24/1185/1190 292/1159/1190 294/1186/1190
f 294/1186/1191 21/1187/1191 24/1185/1191
f 21/1187/1191 294/1186/1191 296/1188/1191
f 17/1189/1192 309/1190/1192 20/1191/1192
f 19/1192/1193 17/1189/1193 20/1191/1193
f 20/1191/1194 21/1187/1194 19/1192/1194
f 19/1192/1195 21/1187/1195 298/1193/1195
f 296/1188/1195 298/1193/1195 21/1187/1195
f 298/1193/1196 296/1188/1196 297/1194/1196
f 378/1195/1197 309/1190/1197 376/1196/1197
f 309/1190/1192 378/1195/1192 310/1197/1192
f 310/1197/1192 20/1191/1192 309/1190/1192
f 20/1191/1198 310/1197/1198 22/1198/1198
f 21/1187/1194 20/1191/1194 22/1198/1194
f 22/1198/1199 23/1199/1199 21/1187/1199
f 24/1185/1199 21/1187/1199 23/1199/1199
f 23/1199/1200 25/1140/1200 24/1185/1200
f 26/1152/1200 24/1185/1200 25/1140/1200
f 25/1140/1147 27/1145/1147 26/1152/1147
f 378/1195/1201 376/1196/1201 377/1200/1201
f 378/1195/1202 377/1200/1202 379/1201/1202
f 379/1201/1192 310/1197/1192 378/1195/1192
f 310/1197/1198 379/1201/1198 311/1202/1198
f 311/1202/1198 22/1198/1198 310/1197/1198
f 311/1202/1203 312/1203/1203 22/1198/1203
f 23/1199/1203 22/1198/1203 312/1203/1203
f 312/1203/1204 313/1134/1204 23/1199/1204
f 25/1140/1205 23/1199/1205 313/1134/1205
f 313/1134/1141 314/1133/1141 25/1140/1141
f 381/1204/1198 311/1202/1198 379/1201/1198
f 311/1202/1203 381/1204/1203 312/1203/1203
f 383/1205/1203 312/1203/1203 381/1204/1203
f 312/1203/1205 383/1205/1205 313/1134/1205
f 385/1206/1205 313/1134/1205 383/1205/1205
f 385/1206/1206 387/1132/1206 313/1134/1206
f 386/1207/1207 387/1132/1207 385/1206/1207
f 388/1208/1207 387/1132/1207 386/1207/1207
f 388/1208/1208 390/1120/1208 387/1132/1208
f 390/1120/1208 388/1208/1208 389/1118/1208
f 380/1209/1202 379/1201/1202 377/1200/1202
f 379/1201/1209 380/1209/1209 381/1204/1209
f 382/1210/1209 381/1204/1209 380/1209/1209
f 381/1204/1210 382/1210/1210 383/1205/1210
f 384/1211/1210 383/1205/1210 382/1210/1210
f 383/1205/1211 384/1211/1211 385/1206/1211
f 386/1207/1211 385/1206/1211 384/1211/1211
f 16/1212/597 244/562/597 13/563/597
f 13/563/1212 14/1213/1212 16/1212/1212
f 16/1212/1212 14/1213/1212 15/1214/1212
f 14/1213/1213 307/1215/1213 15/1214/1213
f 15/1214/1213 307/1215/1213 308/1216/1213
f 307/1215/1214 374/1217/1214 308/1216/1214
f 308/1216/1213 374/1217/1213 376/1196/1213
f 374/1217/1215 373/1218/1215 376/1196/1215
f 376/1196/1215 373/1218/1215 375/1219/1215
f 375/1219/1201 377/1200/1201 376/1196/1201
f 13/563/1216 243/553/1216 12/1220/1216
f 12/1220/1217 11/1221/1217 13/563/1217
f 14/1213/1217 13/563/1217 11/1221/1217
f 306/1222/1218 14/1213/1218 11/1221/1218
f 14/1213/1218 306/1222/1218 307/1215/1218
f 372/1223/1218 307/1215/1218 306/1222/1218
f 307/1215/1218 372/1223/1218 374/1217/1218
f 371/1224/1219 374/1217/1219 372/1223/1219
f 374/1217/1219 371/1224/1219 373/1218/1219
f 12/1220/1216 243/553/1216 246/550/1216
f 12/1220/588 246/550/588 9/548/588
f 12/1220/1220 9/548/1220 11/1221/1220
f 10/547/1220 11/1221/1220 9/548/1220
f 11/1221/1221 10/547/1221 306/1222/1221
f 305/545/1221 306/1222/1221 10/547/1221
f 306/1222/1221 305/545/1221 372/1223/1221
f 370/537/1221 372/1223/1221 305/545/1221
f 372/1223/1222 370/537/1222 371/1224/1222
f 369/539/1222 371/1224/1222 370/537/1222
f 43/1225/1223 45/1226/1223 44/1227/1223
f 43/1225/1224 322/1228/1224 45/1226/1224
f 44/1227/1225 272/1229/1225 274/1230/1225
f 46/1231/1225 272/1229/1225 44/1227/1225
f 46/1231/1223 44/1227/1223 45/1226/1223
f 45/1226/1226 47/1232/1226 46/1231/1226
f 46/1231/1227 47/1232/1227 272/1229/1227
f 404/504/557 323/501/557 322/1228/557
f 323/501/1224 45/1226/1224 322/1228/1224
f 323/501/556 48/494/556 45/1226/556
f 48/494/1226 47/1232/1226 45/1226/1226
f 47/1232/552 48/494/552 49/493/552
f 47/1232/1228 49/493/1228 270/1233/1228
f 270/1233/1227 272/1229/1227 47/1232/1227
f 272/1229/1229 270/1233/1229 271/1234/1229
f 271/1234/1230 273/1235/1230 272/1229/1230
f 274/1230/1230 272/1229/1230 273/1235/1230
f 49/493/1231 51/518/1231 268/1236/1231
f 268/1236/1228 270/1233/1228 49/493/1228
f 270/1233/1232 268/1236/1232 269/1237/1232
f 269/1237/1229 271/1234/1229 270/1233/1229
f 271/1234/1233 269/1237/1233 226/1238/1233
f 271/1234/1234 226/1238/1234 273/1235/1234
f 273/1235/1234 226/1238/1234 227/1239/1234
f 227/1239/1235 226/1238/1235 184/931/1235
f 182/922/1235 184/931/1235 226/1238/1235
f 182/922/981 181/924/981 184/931/981
f 269/1237/1236 267/1240/1236 225/1241/1236
f 267/1240/1232 269/1237/1232 268/1236/1232
f 268/1236/1237 266/1242/1237 267/1240/1237
f 266/1242/1231 268/1236/1231 51/518/1231
f 223/1243/1238 174/1244/1238 176/1245/1238
f 176/1245/1239 174/1244/1239 175/1246/1239
f 176/1245/1240 175/1246/1240 178/1247/1240
f 178/1247/1240 175/1246/1240 177/1248/1240
f 178/1247/1241 177/1248/1241 180/1249/1241
f 180/1249/1241 177/1248/1241 179/923/1241
f 180/1249/973 179/923/973 182/922/973
f 180/1249/1242 182/922/1242 225/1241/1242
f 226/1238/1242 225/1241/1242 182/922/1242
f 225/1241/1233 226/1238/1233 269/1237/1233
f 265/1250/1237 267/1240/1237 266/1242/1237
f 267/1240/1243 265/1250/1243 224/1251/1243
f 224/1251/1236 225/1241/1236 267/1240/1236
f 225/1241/1244 224/1251/1244 180/1249/1244
f 178/1247/1244 180/1249/1244 224/1251/1244
f 224/1251/1245 223/1243/1245 178/1247/1245
f 176/1245/1245 178/1247/1245 223/1243/1245
f 223/1243/1243 224/1251/1243 265/1250/1243
f 54/527/553 52/517/553 327/516/553
f 54/527/1246 53/1252/1246 52/517/1246
f 51/518/1246 52/517/1246 53/1252/1246
f 264/1253/1247 51/518/1247 53/1252/1247
f 51/518/1247 264/1253/1247 266/1242/1247
f 264/1253/1248 263/1254/1248 266/1242/1248
f 266/1242/1248 263/1254/1248 265/1250/1248
f 263/1254/1249 222/1255/1249 265/1250/1249
f 265/1250/1249 222/1255/1249 223/1243/1249
f 222/1255/1238 174/1244/1238 223/1243/1238
f 55/1256/573 328/526/573 57/1257/573
f 55/1256/1250 54/527/1250 328/526/1250
f 56/1258/1251 54/527/1251 55/1256/1251
f 53/1252/1251 54/527/1251 56/1258/1251
f 56/1258/1252 262/1259/1252 53/1252/1252
f 53/1252/1252 262/1259/1252 264/1253/1252
f 262/1259/1253 261/1260/1253 264/1253/1253
f 264/1253/1253 261/1260/1253 263/1254/1253
f 261/1260/1254 221/1261/1254 263/1254/1254
f 263/1254/1254 221/1261/1254 222/1255/1254
f 260/1262/1255 259/1263/1255 262/1259/1255
f 262/1259/1255 259/1263/1255 261/1260/1255
f 259/1263/1256 220/1264/1256 261/1260/1256
f 261/1260/1256 220/1264/1256 221/1261/1256
f 220/1264/1257 170/1265/1257 221/1261/1257
f 221/1261/1257 170/1265/1257 172/1266/1257
f 172/1266/1258 170/1265/1258 171/1267/1258
f 171/1267/1259 173/1268/1259 172/1266/1259
f 173/1268/1260 171/1267/1260 132/1269/1260
f 132/1269/1261 133/1270/1261 173/1268/1261
f 133/1270/1262 132/1269/1262 86/926/1262
f 86/926/976 134/925/976 133/1270/976
f 86/926/1263 84/1271/1263 85/927/1263
f 84/1271/1262 86/926/1262 132/1269/1262
f 132/1269/1264 131/1272/1264 84/1271/1264
f 131/1272/1260 132/1269/1260 171/1267/1260
f 171/1267/1265 169/1273/1265 131/1272/1265
f 169/1273/1258 171/1267/1258 170/1265/1258
f 170/1265/1266 168/1274/1266 169/1273/1266
f 220/1264/1267 168/1274/1267 170/1265/1267
f 219/1275/1267 168/1274/1267 220/1264/1267
f 259/1263/1268 219/1275/1268 220/1264/1268
f 167/1276/1266 169/1273/1266 168/1274/1266
f 169/1273/1269 167/1276/1269 130/1277/1269
f 130/1277/1265 131/1272/1265 169/1273/1265
f 131/1272/1270 130/1277/1270 82/1278/1270
f 82/1278/1264 84/1271/1264 131/1272/1264
f 84/1271/1271 82/1278/1271 83/1279/1271
f 83/1279/1263 85/927/1263 84/1271/1263
f 357/1280/1272 85/927/1272 83/1279/1272
f 356/928/1272 85/927/1272 357/1280/1272
f 356/928/1273 357/1280/1273 446/1281/1273
f 81/1282/1271 83/1279/1271 82/1278/1271
f 82/1278/1274 80/1283/1274 81/1282/1274
f 80/1283/1270 82/1278/1270 130/1277/1270
f 130/1277/1275 129/1284/1275 80/1283/1275
f 129/1284/1269 130/1277/1269 167/1276/1269
f 77/1285/1275 80/1283/1275 129/1284/1275
f 80/1283/1276 77/1285/1276 79/1286/1276
f 79/1286/1274 81/1282/1274 80/1283/1274
f 81/1282/1277 79/1286/1277 358/1287/1277
f 358/1287/1278 83/1279/1278 81/1282/1278
f 357/1280/1278 83/1279/1278 358/1287/1278
f 447/1288/1273 446/1281/1273 357/1280/1273
f 357/1280/1279 358/1287/1279 447/1288/1279
f 448/1289/1279 447/1288/1279 358/1287/1279
f 358/1287/630 359/1290/630 448/1289/630
f 359/1290/1277 358/1287/1277 79/1286/1277
f 79/1286/1280 78/589/1280 359/1290/1280
f 78/589/1276 79/1286/1276 77/1285/1276
f 78/589/1281 77/1285/1281 75/591/1281
f 76/1291/1281 75/591/1281 77/1285/1281
f 76/1291/620 74/592/620 75/591/620
f 446/1281/966 445/906/966 356/928/966
f 461/911/966 445/906/966 446/1281/966
f 446/1281/1273 460/1292/1273 461/911/1273
f 460/1292/1273 446/1281/1273 447/1288/1273
f 460/1292/1279 447/1288/1279 459/607/1279
f 459/607/1279 447/1288/1279 448/1289/1279
f 448/1289/630 449/597/630 459/607/630
f 449/597/630 448/1289/630 359/1290/630
f 359/1290/624 360/588/624 449/597/624
f 360/588/1280 359/1290/1280 78/589/1280
f 523/1293/1282 586/59/1282 587/1294/1282
f 523/1293/1283 587/1294/1283 521/1295/1283
f 518/209/218 517/211/218 516/208/218
f 517/211/1284 518/209/1284 519/1296/1284
f 519/1296/220 589/212/220 517/211/220
f 519/1296/1285 521/1295/1285 589/212/1285
f 588/217/1285 589/212/1285 521/1295/1285
f 588/217/1283 521/1295/1283 587/1294/1283
f 588/217/1286 587/1294/1286 661/215/1286
f 662/1297/1286 661/215/1286 587/1294/1286
f 662/1297/1287 587/1294/1287 663/58/1287
f 663/58/1287 587/1294/1287 586/59/1287
f 520/1298/1284 519/1296/1284 518/209/1284
f 519/1296/1288 520/1298/1288 521/1295/1288
f 522/1299/1288 521/1295/1288 520/1298/1288
f 521/1295/1289 522/1299/1289 523/1293/1289
f 524/1300/1289 523/1293/1289 522/1299/1289
f 524/1300/1290 525/75/1290 523/1293/1290
f 525/75/1282 586/59/1282 523/1293/1282
f 525/75/1291 528/73/1291 586/59/1291
f 585/61/1291 586/59/1291 528/73/1291
f 528/73/1292 530/71/1292 585/61/1292
f 584/62/1292 585/61/1292 530/71/1292
f 526/76/1290 525/75/1290 524/1300/1290
f 562/84/87 526/76/87 524/1300/87
f 524/1300/1293 522/1299/1293 562/84/1293
f 561/1301/1293 562/84/1293 522/1299/1293
f 522/1299/1294 520/1298/1294 561/1301/1294
f 560/1302/1294 561/1301/1294 520/1298/1294
f 520/1298/1295 559/1303/1295 560/1302/1295
f 559/1303/1295 520/1298/1295 518/209/1295
f 518/209/216 558/207/216 559/1303/216
f 863/1304/1296 866/1305/1296 864/1306/1296
f 864/1306/1297 862/1307/1297 863/1304/1297
f 865/1308/1297 863/1304/1297 862/1307/1297
f 865/1308/510 828/1309/510 863/1304/510
f 865/1308/511 925/1310/511 828/1309/511
f 858/1311/511 828/1309/511 925/1310/511
f 925/1310/514 921/1312/514 858/1311/514
f 856/1066/514 858/1311/514 921/1312/514
f 921/1312/958 918/1067/958 856/1066/958
f 855/1064/958 856/1066/958 918/1067/958
f 862/1307/1298 924/1313/1298 865/1308/1298
f 925/1310/1298 865/1308/1298 924/1313/1298
f 924/1313/1299 921/1312/1299 925/1310/1299
f 921/1312/1299 924/1313/1299 920/1314/1299
f 920/1314/1300 918/1067/1300 921/1312/1300
f 918/1067/1300 920/1314/1300 919/1068/1300
f 751/1065/514 820/1315/514 856/1066/514
f 858/1311/514 856/1066/514 820/1315/514
f 820/1315/511 723/1316/511 858/1311/511
f 828/1309/511 858/1311/511 723/1316/511
f 828/1309/510 723/1316/510 827/1317/510
f 863/1304/510 828/1309/510 827/1317/510
f 863/1304/509 827/1317/509 867/1318/509
f 867/1318/1296 866/1305/1296 863/1304/1296
f 866/1305/1301 867/1318/1301 868/1319/1301
f 869/1320/1301 868/1319/1301 867/1318/1301
f 723/1316/510 722/1321/510 827/1317/510
f 827/1317/509 722/1321/509 829/1322/509
f 867/1318/509 827/1317/509 829/1322/509
f 867/1318/508 829/1322/508 869/1320/508
f 869/1320/508 829/1322/508 830/1323/508
f 830/1323/507 831/1324/507 869/1320/507
f 831/1324/507 830/1323/507 726/1325/507
f 726/1325/515 727/1326/515 831/1324/515
f 722/1321/509 724/1327/509 829/1322/509
f 724/1327/508 725/1328/508 829/1322/508
f 830/1323/508 829/1322/508 725/1328/508
f 725/1328/507 726/1325/507 830/1323/507
f 869/1320/1302 870/1329/1302 868/1319/1302
f 870/1329/507 869/1320/507 831/1324/507
f 831/1324/515 832/1330/515 870/1329/515
f 832/1330/515 831/1324/515 727/1326/515
f 832/1330/518 727/1326/518 857/1331/518
f 727/1326/518 809/1332/518 857/1331/518
f 857/1331/517 809/1332/517 834/1333/517
f 809/1332/517 728/1334/517 834/1333/517
f 834/1333/516 728/1334/516 833/1335/516
f 728/1334/516 729/1336/516 833/1335/516
f 873/1337/518 832/1330/518 923/1338/518
f 873/1337/515 870/1329/515 832/1330/515
f 873/1337/1303 872/1339/1303 870/1329/1303
f 871/1340/1303 870/1329/1303 872/1339/1303
f 871/1340/1302 868/1319/1302 870/1329/1302
f 836/1341/550 837/1342/550 880/1343/550
f 880/1343/551 878/1344/551 836/1341/551
f 835/1345/551 836/1341/551 878/1344/551
f 878/1344/523 833/1335/523 835/1345/523
f 874/1346/523 833/1335/523 878/1344/523
f 874/1346/516 834/1333/516 833/1335/516
f 876/1347/516 834/1333/516 874/1346/516
f 876/1347/517 857/1331/517 834/1333/517
f 923/1338/517 857/1331/517 876/1347/517
f 923/1338/518 832/1330/518 857/1331/518
f 879/1348/1304 874/1346/1304 878/1344/1304
f 877/1349/1304 874/1346/1304 879/1348/1304
f 877/1349/1305 875/1350/1305 874/1346/1305
f 876/1347/1305 874/1346/1305 875/1350/1305
f 875/1350/1306 922/1351/1306 876/1347/1306
f 923/1338/1306 876/1347/1306 922/1351/1306
f 923/1338/1307 922/1351/1307 873/1337/1307
f 872/1339/1307 873/1337/1307 922/1351/1307
f 887/1352/1308 926/1353/1308 888/1354/1308
f 927/1355/1308 888/1354/1308 926/1353/1308
f 927/1355/1309 926/1353/1309 885/1356/1309
f 885/1356/1309 926/1353/1309 884/1357/1309
f 885/1356/1310 884/1357/1310 882/1358/1310
f 882/1358/1310 884/1357/1310 883/1359/1310
f 883/1359/1311 881/1360/1311 882/1358/1311
f 880/1343/1311 882/1358/1311 881/1360/1311
f 881/1360/1312 879/1348/1312 880/1343/1312
f 878/1344/1312 880/1343/1312 879/1348/1312
f 889/1361/1313 887/1352/1313 886/1362/1313
f 888/1354/1313 886/1362/1313 887/1352/1313
f 888/1354/405 840/1363/405 886/1362/405
f 888/1354/406 927/1355/406 840/1363/406
f 859/1364/406 840/1363/406 927/1355/406
f 927/1355/548 885/1356/548 859/1364/548
f 838/1365/548 859/1364/548 885/1356/548
f 885/1356/549 882/1358/549 838/1365/549
f 837/1342/549 838/1365/549 882/1358/549
f 882/1358/550 880/1343/550 837/1342/550
f 833/1335/523 729/1336/523 835/1345/523
f 729/1336/523 730/1366/523 835/1345/523
f 730/1366/551 731/1367/551 835/1345/551
f 836/1341/551 835/1345/551 731/1367/551
f 731/1367/550 732/1368/550 836/1341/550
f 837/1342/550 836/1341/550 732/1368/550
f 732/1368/549 733/1369/549 837/1342/549
f 838/1365/549 837/1342/549 733/1369/549
f 733/1369/548 822/1370/548 838/1365/548
f 859/1364/548 838/1365/548 822/1370/548
f 822/1370/406 734/1371/406 859/1364/406
f 840/1363/406 859/1364/406 734/1371/406
f 840/1363/405 734/1371/405 839/1372/405
f 886/1362/405 840/1363/405 839/1372/405
f 886/1362/398 839/1372/398 890/1373/398
f 886/1362/1314 890/1373/1314 889/1361/1314
f 891/1374/1314 889/1361/1314 890/1373/1314
f 890/1373/1315 892/1375/1315 891/1374/1315
f 893/1376/1315 891/1374/1315 892/1375/1315
f 892/1375/1316 894/1377/1316 893/1376/1316
f 894/1377/400 892/1375/400 843/1378/400
f 842/1379/400 843/1378/400 892/1375/400
f 892/1375/399 841/1380/399 842/1379/399
f 890/1373/399 841/1380/399 892/1375/399
f 890/1373/398 839/1372/398 841/1380/398
f 895/1381/1316 893/1376/1316 894/1377/1316
f 895/1381/1317 894/1377/1317 897/1382/1317
f 897/1382/1317 894/1377/1317 896/1383/1317
f 896/1383/397 894/1377/397 844/1384/397
f 843/1378/397 844/1384/397 894/1377/397
f 844/1384/397 843/1378/397 739/1385/397
f 738/1386/397 739/1385/397 843/1378/397
f 843/1378/400 842/1379/400 738/1386/400
f 737/1387/400 738/1386/400 842/1379/400
f 736/1388/399 737/1387/399 842/1379/399
f 841/1380/399 736/1388/399 842/1379/399
f 735/1389/398 736/1388/398 841/1380/398
f 839/1372/398 735/1389/398 841/1380/398
f 734/1371/405 735/1389/405 839/1372/405
f 240/571/1318 212/570/1318 299/1390/1318
f 299/1390/1319 297/1194/1319 240/571/1319
f 297/1194/1320 299/1390/1320 298/1193/1320
f 300/1391/1320 298/1193/1320 299/1390/1320
f 298/1193/1321 300/1391/1321 19/1192/1321
f 18/1392/1321 19/1192/1321 300/1391/1321
f 17/1189/1193 19/1192/1193 18/1392/1193
f 241/561/1318 299/1390/1318 212/570/1318
f 299/1390/1322 241/561/1322 300/1391/1322
f 244/562/1322 300/1391/1322 241/561/1322
f 300/1391/1323 244/562/1323 18/1392/1323
f 16/1212/1323 18/1392/1323 244/562/1323
f 18/1392/1324 16/1212/1324 17/1189/1324
f 15/1214/1324 17/1189/1324 16/1212/1324
f 17/1189/1197 15/1214/1197 309/1190/1197
f 308/1216/1197 309/1190/1197 15/1214/1197
f 308/1216/1197 376/1196/1197 309/1190/1197
f 257/1393/1268 219/1275/1268 259/1263/1268
f 260/1262/1325 257/1393/1325 259/1263/1325
f 258/1394/1325 257/1393/1325 260/1262/1325
f 58/1395/1326 258/1394/1326 260/1262/1326
f 255/1396/1327 257/1393/1327 256/1397/1327
f 258/1394/1327 256/1397/1327 257/1393/1327
f 256/1397/1328 258/1394/1328 2/1398/1328
f 59/1399/1328 2/1398/1328 258/1394/1328
f 59/1399/1326 258/1394/1326 58/1395/1326
f 57/1257/1329 59/1399/1329 58/1395/1329
f 58/1395/1330 55/1256/1330 57/1257/1330
f 56/1258/1330 55/1256/1330 58/1395/1330
f 58/1395/1331 260/1262/1331 56/1258/1331
f 56/1258/1331 260/1262/1331 262/1259/1331
f 253/1400/1332 255/1396/1332 254/1401/1332
f 256/1397/1332 254/1401/1332 255/1396/1332
f 254/1401/1333 256/1397/1333 1/520/1333
f 2/1398/1333 1/520/1333 256/1397/1333
f 3/521/568 1/520/568 2/1398/568
f 2/1398/1334 59/1399/1334 3/521/1334
f 60/523/1334 3/521/1334 59/1399/1334
f 59/1399/1329 57/1257/1329 60/523/1329
f 57/1257/571 329/525/571 60/523/571
f 329/525/572 57/1257/572 328/526/572
f 162/582/623 161/579/623 164/595/623
f 162/582/1335 164/595/1335 216/1402/1335
f 217/1403/1335 216/1402/1335 164/595/1335
f 216/1402/1336 217/1403/1336 251/1404/1336
f 253/1400/1336 251/1404/1336 217/1403/1336
f 251/1404/1337 253/1400/1337 252/1405/1337
f 254/1401/1337 252/1405/1337 253/1400/1337
f 252/1405/1338 254/1401/1338 5/531/1338
f 1/520/1338 5/531/1338 254/1401/1338
f 4/519/574 5/531/574 1/520/574
f 160/565/612 159/578/612 162/582/612
f 160/565/1339 162/582/1339 215/558/1339
f 216/1402/1339 215/558/1339 162/582/1339
f 215/558/1340 216/1402/1340 249/556/1340
f 251/1404/1340 249/556/1340 216/1402/1340
f 249/556/1341 251/1404/1341 250/555/1341
f 252/1405/1341 250/555/1341 251/1404/1341
f 250/555/1342 252/1405/1342 7/544/1342
f 5/531/1342 7/544/1342 252/1405/1342
f 6/530/584 7/544/584 5/531/584
f 129/1284/1343 76/1291/1343 77/1285/1343
f 128/1406/1343 76/1291/1343 129/1284/1343
f 167/1276/1344 128/1406/1344 129/1284/1344
f 165/1407/1344 128/1406/1344 167/1276/1344
f 168/1274/1345 165/1407/1345 167/1276/1345
f 166/1408/1345 165/1407/1345 168/1274/1345
f 166/1408/1346 168/1274/1346 218/1409/1346
f 219/1275/1346 218/1409/1346 168/1274/1346
f 218/1409/1347 219/1275/1347 255/1396/1347
f 257/1393/1347 255/1396/1347 219/1275/1347
f 128/1406/1348 74/592/1348 76/1291/1348
f 127/593/1348 74/592/1348 128/1406/1348
f 165/1407/1349 127/593/1349 128/1406/1349
f 163/594/1349 127/593/1349 165/1407/1349
f 166/1408/1350 163/594/1350 165/1407/1350
f 164/595/1350 163/594/1350 166/1408/1350
f 164/595/1351 166/1408/1351 217/1403/1351
f 218/1409/1351 217/1403/1351 166/1408/1351
f 217/1403/1352 218/1409/1352 253/1400/1352
f 255/1396/1352 253/1400/1352 218/1409/1352
f 221/1261/1353 172/1266/1353 222/1255/1353
f 222/1255/1353 172/1266/1353 174/1244/1353
f 174/1244/1259 172/1266/1259 173/1268/1259
f 173/1268/1239 175/1246/1239 174/1244/1239
f 175/1246/1261 173/1268/1261 133/1270/1261
f 175/1246/1354 133/1270/1354 177/1248/1354
f 177/1248/1354 133/1270/1354 134/925/1354
f 177/1248/975 134/925/975 179/923/975
f 908/721/751 930/1410/751 1165/722/751
f 1176/723/751 1165/722/751 930/1410/751
f 930/1410/752 911/898/752 1176/723/752
f 1167/725/752 1176/723/752 911/898/752
f 1167/725/753 911/898/753 1166/897/753
f 1167/725/753 1166/897/753 1133/727/753
f 1133/727/963 1166/897/963 1135/894/963
f 1135/894/1355 1134/1411/1355 1133/727/1355
f 1134/1411/959 1135/894/959 1136/893/959
f 1046/1412/1356 1134/1411/1356 1136/893/1356
f 1136/893/1357 1138/895/1357 1046/1412/1357
f 1045/1413/1357 1046/1412/1357 1138/895/1357
f 1132/656/1358 1133/727/1358 1134/1411/1358
f 1047/652/1359 1132/656/1359 1134/1411/1359
f 1134/1411/1360 1046/1412/1360 1047/652/1360
f 1013/653/680 1047/652/680 1046/1412/680
f 1013/653/1361 1046/1412/1361 1012/446/1361
f 1012/446/1361 1046/1412/1361 1045/1413/1361
f 1045/1413/1362 1044/445/1362 1012/446/1362
f 1138/895/1363 1044/445/1363 1045/1413/1363
f 1044/445/1364 1138/895/1364 1141/444/1364
f 1141/444/962 1138/895/962 1140/453/962
f 1007/424/1365 937/415/1365 1008/428/1365
f 1008/428/1366 937/415/1366 933/413/1366
f 933/413/1367 935/425/1367 1008/428/1367
f 935/425/462 933/413/462 932/412/462
f 932/412/1368 994/1414/1368 935/425/1368
f 995/426/1368 935/425/1368 994/1414/1368
f 994/1414/1369 991/657/1369 995/426/1369
f 991/657/1369 994/1414/1369 990/1415/1369
f 990/1415/1370 989/658/1370 991/657/1370
f 989/658/1370 990/1415/1370 988/662/1370
f 1253/1416/1371 1218/266/1371 1254/267/1371
f 1254/267/1372 759/1417/1372 1253/1416/1372
f 819/1418/1373 1253/1416/1373 759/1417/1373
f 759/1417/1374 723/1419/1374 819/1418/1374
f 820/1420/1375 819/1418/1375 723/1419/1375
f 819/1418/1376 820/1420/1376 751/1421/1376
f 751/1421/1377 752/1422/1377 819/1418/1377
f 819/1418/1378 752/1422/1378 1253/1416/1378
f 1252/272/1379 1253/1416/1379 752/1422/1379
f 1253/1416/1380 1252/272/1380 1218/266/1380
f 772/252/1381 762/240/1381 807/247/1381
f 762/240/1382 772/252/1382 763/781/1382
f 774/780/1383 763/781/1383 772/252/1383
f 774/780/1384 772/252/1384 773/253/1384
f 775/779/1385 774/780/1385 773/253/1385
f 1177/254/1386 775/779/1386 773/253/1386
f 1178/1423/1386 775/779/1386 1177/254/1386
f 1178/1423/1387 793/778/1387 775/779/1387
f 1187/783/1387 793/778/1387 1178/1423/1387
f 1187/783/800 812/777/800 793/778/800
f 293/1424/1016 237/976/1016 295/975/1016
f 293/1424/1388 236/981/1388 237/976/1388
f 291/1425/1388 236/981/1388 293/1424/1388
f 291/1425/1389 235/980/1389 236/981/1389
f 289/1158/1389 235/980/1389 291/1425/1389
f 289/1158/1160 234/1160/1160 235/980/1160
f 234/1160/1018 198/978/1018 235/980/1018
f 234/1160/1390 233/1161/1390 198/978/1390
f 196/989/1390 198/978/1390 233/1161/1390
f 233/1161/1165 232/1162/1165 196/989/1165
f 210/968/603 154/568/603 240/571/603
f 240/571/1013 239/973/1013 210/968/1013
f 239/973/1319 240/571/1319 297/1194/1319
f 297/1194/1015 295/975/1015 239/973/1015
f 295/975/1196 297/1194/1196 296/1188/1196
f 296/1188/1391 293/1424/1391 295/975/1391
f 294/1186/1391 293/1424/1391 296/1188/1391
f 294/1186/1392 291/1425/1392 293/1424/1392
f 292/1159/1392 291/1425/1392 294/1186/1392
f 292/1159/1159 289/1158/1159 291/1425/1159
