# Blender v2.78 (sub 0) OBJ File: ''
# www.blender.org
mtllib wheel.mtl
o Wheel_Aftershock_SK
v 4.167220 2.405965 8.586746
v 3.968755 3.045356 8.573017
v 3.817527 2.929314 8.586748
v 4.332301 2.501275 8.573015
v 3.603302 3.462071 8.573017
v 3.468444 3.327363 8.586748
v 3.326998 3.468764 8.586748
v 3.045324 3.968780 8.573017
v 2.929283 3.817550 8.586750
v 3.461867 3.603484 8.573017
v 2.584472 4.276707 8.573017
v 2.489075 4.111683 8.586750
v 2.315852 4.211658 8.586750
v 1.914360 4.621734 8.573017
v 1.841412 4.445624 8.586750
v 2.411257 4.376695 8.573017
v 1.389515 4.799891 8.573017
v 1.340080 4.615801 8.586750
v 0.652936 4.959723 8.573017
v 1.146883 4.667536 8.586750
v 1.196323 4.851641 8.573017
v 0.628059 4.770735 8.586748
v -0.000019 5.002517 8.573017
v -0.000019 4.811898 8.586748
v 4.812347 3.692673 8.447979
v 5.253169 3.032943 8.447977
v 5.418250 3.128254 8.423468
v 4.963574 3.808717 8.423471
v 4.489985 4.348737 8.423471
v 4.355103 4.214056 8.447979
v 4.213657 4.355456 8.447979
v 3.808674 4.963606 8.423471
v 3.692633 4.812378 8.447979
v 4.348553 4.490150 8.423471
v 3.211457 5.362650 8.423471
v 3.116028 5.197649 8.447979
v 2.942805 5.297623 8.447979
v 2.394217 5.780234 8.423471
v 2.321272 5.604124 8.447979
v 3.038242 5.462641 8.423471
v 1.714072 6.011107 8.423471
v 1.664602 5.827029 8.447979
v 0.816602 6.202945 8.423471
v 1.471405 5.878762 8.447979
v 1.520881 6.062860 8.423471
v 0.791726 6.013956 8.447979
v -0.000025 6.256466 8.423471
v -0.000024 6.065846 8.447979
v 5.721426 4.390242 8.268787
v 6.245521 3.605885 8.268787
v 6.410602 3.701195 8.241871
v 5.872654 4.506284 8.241871
v 5.300251 5.158978 8.241871
v 5.165339 5.024331 8.268787
v 5.023891 5.165729 8.268787
v 4.506232 5.872692 8.241871
v 4.390192 5.721462 8.268787
v 5.158820 5.300394 8.241871
v 3.784408 6.354996 8.241871
v 3.688942 6.190018 8.268787
v 3.515717 6.289990 8.268787
v 2.832717 6.838884 8.241871
v 2.759773 6.662774 8.268787
v 3.611194 6.454989 8.241871
v 2.010663 7.117931 8.241871
v 1.961150 6.933867 8.268787
v 0.966164 7.339015 8.241871
v 1.767952 6.985598 8.268787
v 1.817472 7.169686 8.241871
v 0.941286 7.150027 8.268787
v -0.000029 7.402339 8.241873
v -0.000029 7.211718 8.268789
v 6.528216 5.009319 8.071516
v 7.126214 4.114358 8.071516
v 7.291295 4.209670 8.031893
v 6.679445 5.125361 8.031893
v 6.019357 5.878040 8.031893
v 5.884406 5.743439 8.071516
v 5.742955 5.884836 8.071516
v 5.125303 6.679488 8.031893
v 5.009262 6.528260 8.071516
v 5.877927 6.019459 8.031893
v 4.292902 7.235675 8.031893
v 4.197388 7.070731 8.071516
v 4.024160 7.170699 8.071516
v 3.221879 7.778417 8.031893
v 3.148933 7.602306 8.071516
v 4.119691 7.335670 8.031893
v 2.273895 8.100207 8.031893
v 2.224325 7.916164 8.071516
v 2.031127 7.967893 8.071516
v 1.098897 8.347257 8.031895
v 1.074017 8.158267 8.071518
v 2.080704 8.151966 8.031893
v -0.000034 8.419279 8.031895
v -0.000033 8.228660 8.071518
v 2.487556 8.898442 7.861541
v 2.294358 8.950170 7.861541
v 4.705883 7.951411 7.861541
v 4.532656 8.051379 7.861541
v 6.603510 6.462501 7.861541
v 6.462059 6.603897 7.861541
v 0.871801 3.640413 8.698055
v 1.064993 3.588663 8.698055
v 1.784304 3.290730 8.698055
v 1.957520 3.190742 8.698055
v 2.575207 2.716791 8.698053
v 2.716642 2.575378 8.698053
v 3.498767 8.446836 7.774602
v 4.571391 7.917877 7.774602
v 3.528748 8.519216 7.937676
v 4.610563 7.985725 7.937676
v 4.705132 8.149522 8.005224
v 3.601125 8.693956 8.005224
v 4.799701 8.313321 7.937676
v 3.673502 8.868700 7.937676
v 3.703482 8.941081 7.774602
v 4.838873 8.381170 7.774602
v 5.565796 7.253436 7.774602
v 5.613489 7.315590 7.937676
v 5.728631 7.465641 8.005224
v 5.843772 7.615694 7.937676
v 5.891466 7.677847 7.774602
v 6.478455 6.443029 7.774594
v 6.534732 6.497552 7.937667
v 6.670598 6.629182 8.005215
v 6.806465 6.760814 7.937667
v 6.862742 6.815338 7.774594
v 7.477062 5.290020 7.978018
v 7.400507 5.262675 7.813788
v 7.713875 5.280522 8.052137
v 7.972226 5.239746 7.992729
v 8.100776 5.191578 7.834593
v 7.140742 5.087206 8.081842
v 7.080650 5.070204 7.913722
v 7.252394 4.972563 8.191856
v 7.350202 4.793430 8.179317
v 7.376869 4.654741 8.051573
v 6.335072 4.623929 8.299965
v 6.286143 4.613345 8.128800
v 6.439434 4.505092 8.411966
v 6.538092 4.326449 8.399195
v 6.573256 4.192645 8.269133
v 5.396461 4.083668 8.496447
v 5.356810 4.078425 8.323330
v 5.494807 3.961370 8.609715
v 5.594238 3.783172 8.596781
v 5.636508 3.653458 8.465223
v 4.355004 3.483753 8.662624
v 4.323107 3.482977 8.488265
v 4.448306 3.358550 8.776699
v 4.548357 3.180708 8.763666
v 4.596550 3.054407 8.631161
v 3.315862 2.884080 8.788256
v 3.289664 2.886595 8.613207
v 3.405886 2.756984 8.902729
v 3.507003 2.579758 8.889571
v 3.559978 2.456218 8.756485
v 2.899003 2.666306 8.825367
v 2.887410 2.674518 8.649172
v 2.900950 2.505355 8.946618
v 2.892111 2.285946 8.941898
v 2.877662 2.136606 8.813972
v 2.768668 2.791451 8.649378
v 2.767218 2.790441 8.825880
v 2.664537 2.686677 8.949632
v 2.520773 2.540942 8.948139
v 2.420141 2.438606 8.822277
v 2.392836 3.118380 8.649235
v 2.391788 3.117014 8.825737
v 2.302927 3.001207 8.949495
v 2.178304 2.838796 8.948011
v 2.090924 2.724919 8.822155
v 1.965323 3.404035 8.649235
v 1.964463 3.402545 8.825737
v 1.891477 3.276129 8.949495
v 1.789121 3.098841 8.948011
v 1.717352 2.974533 8.822155
v 1.504182 3.631444 8.649235
v 1.503524 3.629854 8.825737
v 1.447663 3.494993 8.949495
v 1.369323 3.305862 8.948011
v 1.314394 3.173249 8.822155
v 1.033138 3.793459 8.649378
v 1.032988 3.791699 8.825880
v 0.994466 3.650892 8.949632
v 0.940139 3.453521 8.948139
v 0.901830 3.315204 8.822277
v 0.872500 3.837826 8.649172
v 0.859593 3.843761 8.825367
v 0.719231 3.764971 8.946618
v 0.533637 3.647610 8.941898
v 0.411530 3.560427 8.813972
v 0.839761 4.313658 8.788256
v 0.855037 4.292228 8.613207
v 0.684681 4.328074 8.902729
v 0.480640 4.327029 8.889571
v 0.347163 4.311136 8.756485
v 0.854797 5.485407 8.488265
v 0.839522 5.513420 8.662624
v 0.684441 5.531619 8.776699
v 0.480401 5.529345 8.763666
v 0.346924 5.507929 8.631161
v 0.853619 6.678342 8.323330
v 0.838335 6.715304 8.496447
v 0.683249 6.739325 8.609715
v 0.479209 6.736335 8.596783
v 0.345739 6.708084 8.465224
v 0.852207 7.750630 8.128801
v 0.836908 7.798297 8.299967
v 0.681813 7.829257 8.411966
v 0.477774 7.825376 8.399197
v 0.344315 7.788926 8.269135
v 0.850604 8.667121 7.913723
v 0.835283 8.727665 8.081844
v 0.680174 8.767036 8.191858
v 0.476136 8.762172 8.179319
v 0.342694 8.715923 8.051575
v 0.857363 9.040363 7.813791
v 0.842767 9.120334 7.978020
v 0.716134 9.320670 8.052139
v 0.551644 9.524020 7.992731
v 0.445652 9.611262 7.834595
v 2.359685 8.908016 7.937667
v 2.340604 8.832019 7.774594
v 2.405748 9.091496 8.005215
v 2.451809 9.274976 7.937667
v 2.470888 9.350976 7.774594
v -0.628097 4.770732 8.586748
v -0.000017 5.002520 8.573015
v -0.652978 4.959721 8.573017
v -0.000016 4.811901 8.586746
v -1.196590 4.851587 8.573017
v -1.147358 4.667442 8.586748
v -1.914402 4.621717 8.573017
v -1.340538 4.615646 8.586748
v -1.389775 4.799807 8.573017
v -1.841453 4.445609 8.586750
v -2.411501 4.376573 8.573017
v -2.316285 4.211444 8.586750
v -2.489477 4.111416 8.586750
v -3.045359 3.968751 8.573017
v -2.929317 3.817522 8.586750
v -2.584700 4.276557 8.573017
v -3.462070 3.603301 8.573017
v -3.327361 3.468444 8.586750
v -3.468763 3.326998 8.586750
v -3.968778 3.045321 8.573017
v -3.817548 2.929283 8.586748
v -3.603483 3.461867 8.573017
v -4.167235 2.405932 8.586748
v -4.332316 2.501243 8.573017
v -0.791775 6.013951 8.447979
v -0.000022 6.256469 8.423468
v -0.816659 6.202940 8.423471
v -0.000021 6.065849 8.447977
v -1.521124 6.062809 8.423471
v -1.471927 5.878658 8.447979
v -2.394272 5.780212 8.423471
v -1.665107 5.826862 8.447979
v -1.714308 6.011033 8.423471
v -2.321326 5.604103 8.447979
v -3.038463 5.462528 8.423471
v -2.943282 5.297384 8.447979
v -3.116473 5.197354 8.447979
v -3.808721 4.963570 8.423471
v -3.692677 4.812342 8.447979
v -3.211665 5.362515 8.423471
v -4.348736 4.489984 8.423471
v -4.214054 4.355102 8.447979
v -4.355455 4.213655 8.447979
v -4.963606 3.808671 8.423471
v -4.812375 3.692633 8.447979
v -4.490150 4.348551 8.423471
v -5.253189 3.032903 8.447979
v -5.418270 3.128211 8.423471
v -0.941348 7.150022 8.268787
v -0.000028 7.402342 8.241871
v -0.966229 7.339009 8.241871
v -0.000027 7.211721 8.268787
v -1.817681 7.169641 8.241871
v -1.768529 6.985480 8.268787
v -2.832784 6.838857 8.241871
v -1.961707 6.933681 8.268787
v -2.010867 7.117866 8.241871
v -2.759836 6.662749 8.268787
v -3.611384 6.454891 8.241871
v -3.516242 6.289727 8.268787
v -3.689433 6.189695 8.268787
v -4.506289 5.872647 8.241871
v -4.390245 5.721421 8.268787
v -3.784587 6.354880 8.241871
v -5.158977 5.300251 8.241871
v -5.024330 5.165339 8.268787
v -5.165730 5.023891 8.268787
v -5.872692 4.506230 8.241871
v -5.721462 4.390191 8.268787
v -5.300394 5.158820 8.241871
v -6.245546 3.605834 8.268789
v -6.410629 3.701144 8.241873
v -1.074090 8.158261 8.071516
v -0.000033 8.419281 8.031893
v -1.098971 8.347250 8.031893
v -0.000031 8.228662 8.071516
v -2.080853 8.151936 8.031893
v -2.031762 7.967764 8.071516
v -3.221955 7.778386 8.031893
v -2.224940 7.915962 8.071516
v -2.274040 8.100163 8.031893
v -3.149008 7.602278 8.071516
v -4.119827 7.335600 8.031893
v -4.024739 7.170410 8.071516
v -4.197927 7.070374 8.071516
v -5.125366 6.679437 8.031893
v -5.009324 6.528210 8.071516
v -4.293031 7.235591 8.031893
v -5.878039 6.019355 8.031893
v -5.743437 5.884404 8.071516
v -5.884834 5.742954 8.071516
v -6.679487 5.125301 8.031895
v -6.528258 5.009260 8.071518
v -6.019457 5.877926 8.031893
v -7.126245 4.114302 8.071518
v -7.291325 4.209610 8.031895
v -6.462499 6.603508 7.861541
v -6.603895 6.462058 7.861541
v -4.533182 8.051118 7.861541
v -4.706370 7.951085 7.861541
v -2.294935 8.950058 7.861541
v -2.488113 8.898255 7.861541
v -2.716789 2.575208 8.698055
v -2.575377 2.716643 8.698055
v -1.957703 3.190618 8.698055
v -1.784504 3.290633 8.698055
v -1.065206 3.588590 8.698053
v -0.872021 3.640370 8.698053
v -5.565790 7.253439 7.774602
v -4.610559 7.985727 7.937676
v -5.613483 7.315593 7.937676
v -4.571386 7.917879 7.774602
v -4.705127 8.149526 8.005224
v -5.728625 7.465645 8.005224
v -4.799697 8.313324 7.937676
v -5.843768 7.615697 7.937676
v -4.838869 8.381170 7.774602
v -5.891462 7.677850 7.774602
v -3.528742 8.519219 7.937676
v -3.498761 8.446838 7.774602
v -3.601119 8.693960 8.005224
v -3.673498 8.868703 7.937676
v -3.703478 8.941084 7.774602
v -2.359679 8.908019 7.937667
v -2.340599 8.832021 7.774594
v -2.405741 9.091499 8.005215
v -2.451804 9.274980 7.937667
v -2.470884 9.350978 7.774594
v -0.857357 9.040365 7.813788
v -0.842761 9.120336 7.978018
v -0.716129 9.320673 8.052137
v -0.551640 9.524022 7.992729
v -0.445650 9.611266 7.834593
v -0.850600 8.667125 7.913722
v -0.835279 8.727667 8.081842
v -0.680169 8.767038 8.191856
v -0.476132 8.762176 8.179317
v -0.342690 8.715926 8.051573
v -0.836903 7.798298 8.299965
v -0.852202 7.750633 8.128800
v -0.681808 7.829260 8.411966
v -0.477769 7.825380 8.399195
v -0.344309 7.788929 8.269133
v -0.838331 6.715305 8.496447
v -0.853615 6.678346 8.323330
v -0.683244 6.739327 8.609715
v -0.479204 6.736338 8.596781
v -0.345733 6.708089 8.465223
v -0.839517 5.513421 8.662624
v -0.854793 5.485409 8.488265
v -0.684437 5.531621 8.776699
v -0.480396 5.529346 8.763666
v -0.346919 5.507933 8.631161
v -0.839756 4.313661 8.788256
v -0.855032 4.292230 8.613207
v -0.684675 4.328076 8.902729
v -0.480635 4.327033 8.889571
v -0.347158 4.311141 8.756485
v -0.872496 3.837829 8.649172
v -0.859588 3.843764 8.825367
v -0.719226 3.764974 8.946618
v -0.533632 3.647614 8.941898
v -0.411524 3.560431 8.813972
v -1.033133 3.793462 8.649378
v -1.032983 3.791702 8.825880
v -0.994462 3.650895 8.949632
v -0.940134 3.453524 8.948139
v -0.901824 3.315207 8.822277
v -1.504178 3.631446 8.649235
v -1.503520 3.629856 8.825737
v -1.447659 3.494996 8.949495
v -1.369317 3.305865 8.948011
v -1.314387 3.173253 8.822155
v -1.965319 3.404037 8.649235
v -1.964459 3.402547 8.825737
v -1.891473 3.276132 8.949495
v -1.789115 3.098844 8.948011
v -1.717345 2.974537 8.822155
v -2.392832 3.118382 8.649235
v -2.391784 3.117017 8.825737
v -2.302922 3.001210 8.949495
v -2.178299 2.838799 8.948011
v -2.090918 2.724923 8.822155
v -2.768663 2.791453 8.649378
v -2.767214 2.790443 8.825880
v -2.664532 2.686679 8.949632
v -2.520767 2.540945 8.948139
v -2.420135 2.438610 8.822277
v -2.887405 2.674520 8.649172
v -2.898999 2.666310 8.825367
v -2.900945 2.505358 8.946618
v -2.892105 2.285949 8.941898
v -2.877656 2.136609 8.813972
v -3.289660 2.886598 8.613207
v -3.315857 2.884083 8.788256
v -3.405881 2.756988 8.902729
v -3.506997 2.579761 8.889571
v -3.559972 2.456220 8.756485
v -4.323103 3.482980 8.488265
v -4.355000 3.483757 8.662624
v -4.448302 3.358553 8.776699
v -4.548352 3.180712 8.763666
v -4.596544 3.054409 8.631161
v -5.356805 4.078427 8.323330
v -5.396457 4.083672 8.496447
v -5.494802 3.961374 8.609715
v -5.594233 3.783175 8.596783
v -5.636502 3.653460 8.465224
v -6.286139 4.613348 8.128801
v -6.335069 4.623932 8.299967
v -6.439430 4.505095 8.411966
v -6.538088 4.326453 8.399197
v -6.573251 4.192648 8.269135
v -7.080646 5.070206 7.913723
v -7.140738 5.087209 8.081844
v -7.252389 4.972565 8.191858
v -7.350195 4.793432 8.179319
v -7.376863 4.654743 8.051575
v -7.400504 5.262680 7.813791
v -7.477057 5.290025 7.978020
v -7.713871 5.280526 8.052139
v -7.972222 5.239748 7.992731
v -8.100771 5.191578 7.834595
v -6.478449 6.443031 7.774594
v -6.534727 6.497556 7.937667
v -6.670593 6.629187 8.005215
v -6.806460 6.760818 7.937667
v -6.862739 6.815340 7.774594
v -4.445624 1.841418 8.586748
v -4.167236 2.405936 8.586746
v -4.332317 2.501245 8.573015
v -4.621733 1.914364 8.573017
v -4.799892 1.389516 8.573017
v -4.615802 1.340079 8.586748
v -4.667536 1.146883 8.586748
v -4.959725 0.652938 8.573017
v -4.770736 0.628058 8.586750
v -4.851642 1.196323 8.573017
v -4.995973 0.099865 8.573017
v -4.805360 0.099761 8.586750
v -4.805329 -0.100242 8.586750
v -4.959718 -0.652983 8.573017
v -4.770730 -0.628103 8.586750
v -4.995957 -0.100138 8.573017
v -4.851585 -1.196591 8.573017
v -4.667441 -1.147357 8.586750
v -4.621715 -1.914402 8.573017
v -4.615646 -1.340538 8.586750
v -4.799806 -1.389775 8.573017
v -4.445607 -1.841452 8.586748
v -4.332298 -2.501275 8.573017
v -4.167216 -2.405966 8.586748
v -5.604122 2.321278 8.447979
v -5.253191 3.032906 8.447977
v -5.418273 3.128215 8.423468
v -5.780233 2.394223 8.423471
v -6.011109 1.714073 8.423471
v -5.827031 1.664602 8.447979
v -5.878764 1.471406 8.447979
v -6.202946 0.816606 8.423471
v -6.013958 0.791724 8.447979
v -6.062860 1.520882 8.423471
v -6.249920 0.099878 8.423471
v -6.059310 0.099735 8.447979
v -6.059278 -0.100268 8.447979
v -6.202938 -0.816664 8.423471
v -6.013949 -0.791782 8.447979
v -6.249907 -0.100126 8.423471
v -6.062808 -1.521124 8.423471
v -5.878656 -1.471927 8.447979
v -5.780209 -2.394274 8.423471
v -5.826860 -1.665107 8.447979
v -6.011031 -1.714308 8.423471
v -5.604101 -2.321323 8.447979
v -5.418245 -3.128254 8.423471
v -5.253165 -3.032944 8.447979
v -6.662774 2.759779 8.268787
v -6.245548 3.605837 8.268787
v -6.410630 3.701146 8.241871
v -6.838883 2.832725 8.241871
v -7.117931 2.010663 8.241871
v -6.933867 1.961149 8.268787
v -6.985598 1.767952 8.268787
v -7.339016 0.966165 8.241871
v -7.150027 0.941286 8.268787
v -7.169686 1.817471 8.241871
v -7.395792 0.099895 8.241871
v -7.205184 0.099708 8.268787
v -7.205149 -0.100295 8.268787
v -7.339006 -0.966237 8.241871
v -7.150019 -0.941354 8.268787
v -7.395781 -0.100109 8.241871
v -7.169640 -1.817680 8.241871
v -6.985480 -1.768528 8.268787
v -6.838856 -2.832786 8.241871
v -6.933681 -1.961708 8.268787
v -7.117866 -2.010866 8.241871
v -6.662747 -2.759836 8.268787
v -6.410599 -3.701195 8.241873
v -6.245517 -3.605885 8.268789
v -7.602306 3.148941 8.071516
v -7.126245 4.114304 8.071516
v -7.291328 4.209612 8.031893
v -7.778416 3.221888 8.031893
v -8.100210 2.273896 8.031893
v -7.916167 2.224325 8.071516
v -7.967894 2.031126 8.071516
v -8.347258 1.098898 8.031893
v -8.158270 1.074018 8.071516
v -8.151967 2.080705 8.031893
v -8.412729 0.099925 8.031893
v -8.222126 0.099678 8.071516
v -8.222087 -0.100325 8.071516
v -8.347246 -1.098979 8.031893
v -8.158257 -1.074097 8.071516
v -8.412722 -0.100078 8.031893
v -8.151934 -2.080854 8.031893
v -7.967761 -2.031761 8.071516
v -7.915961 -2.224939 8.071516
v -7.778384 -3.221956 8.031895
v -7.602275 -3.149007 8.071518
v -8.100162 -2.274040 8.031893
v -7.291291 -4.209669 8.031895
v -7.126212 -4.114358 8.071518
v -8.950055 -2.294935 7.861541
v -8.898252 -2.488112 7.861541
v -9.239064 0.099709 7.861541
v -9.239025 -0.100295 7.861541
v -8.898445 2.487557 7.861541
v -8.950171 2.294358 7.861541
v -3.588590 -1.065205 8.698055
v -3.640370 -0.872021 8.698055
v -3.742007 -0.100112 8.698055
v -3.742023 0.099891 8.698055
v -3.640413 0.871800 8.698053
v -3.588663 1.064992 8.698053
v -9.221122 0.000002 7.937676
v -9.064557 -1.193397 7.774602
v -9.142777 0.000002 7.774602
v -9.142231 -1.203623 7.937676
v -9.410259 0.000002 8.005224
v -9.329750 -1.228313 8.005224
v -9.599398 0.000002 7.937676
v -9.517270 -1.253003 7.937676
v -9.677742 0.000002 7.774602
v -9.594944 -1.263231 7.774602
v -9.064557 1.193402 7.774602
v -9.142231 1.203629 7.937676
v -9.329750 1.228319 8.005224
v -9.517270 1.253008 7.937676
v -9.594944 1.263235 7.774602
v -8.819054 2.388992 7.774594
v -8.894411 2.410468 7.937667
v -9.076339 2.462316 8.005215
v -9.258268 2.514164 7.937667
v -9.333627 2.535640 7.774594
v -8.257864 3.777689 7.813788
v -8.319822 3.830315 7.978018
v -8.430004 4.040150 8.052137
v -8.523866 4.284277 7.992729
v -8.546426 4.419688 7.834593
v -7.976021 3.640460 8.081842
v -7.931251 3.596921 7.913722
v -7.932562 3.794475 8.191856
v -7.826334 3.968745 8.179317
v -7.719559 4.061185 8.051573
v -7.138345 3.137287 8.128800
v -7.171976 3.174370 8.299965
v -7.121242 3.324167 8.411966
v -7.015862 3.498929 8.399195
v -6.917566 3.596284 8.269133
v -6.210424 2.599920 8.323330
v -6.234790 2.631637 8.496447
v -6.178051 2.777957 8.609715
v -6.073442 2.953166 8.596781
v -5.982242 3.054630 8.465223
v -5.177900 2.002432 8.488265
v -5.194521 2.029667 8.662624
v -5.132742 2.173070 8.776699
v -5.028753 2.348638 8.763666
v -4.943469 2.453525 8.631161
v -4.144696 1.405635 8.613207
v -4.155617 1.429580 8.788256
v -4.090561 1.571092 8.902729
v -3.987638 1.747274 8.889571
v -3.907136 1.854922 8.756485
v -3.759905 1.163311 8.649172
v -3.758590 1.177457 8.825367
v -3.620176 1.259619 8.946618
v -3.425742 1.361668 8.941898
v -3.289186 1.423826 8.813972
v -3.800201 1.001261 8.825880
v -3.801801 1.002011 8.649378
v -3.658998 0.964218 8.949632
v -3.460907 0.912583 8.948139
v -3.321965 0.876601 8.822277
v -3.897014 0.513066 8.649235
v -3.895308 0.512842 8.825737
v -3.750585 0.493789 8.949495
v -3.547622 0.467069 8.948011
v -3.405311 0.448334 8.822155
v -3.930642 0.000002 8.649235
v -3.928921 0.000002 8.825737
v -3.782950 0.000003 8.949495
v -3.578235 0.000003 8.948011
v -3.434697 0.000004 8.822155
v -3.895307 -0.512837 8.825737
v -3.897014 -0.513062 8.649235
v -3.750585 -0.493784 8.949495
v -3.547622 -0.467062 8.948011
v -3.405311 -0.448326 8.822155
v -3.800201 -1.001256 8.825880
v -3.801801 -1.002006 8.649378
v -3.658998 -0.964213 8.949632
v -3.460907 -0.912576 8.948139
v -3.321965 -0.876594 8.822277
v -3.759905 -1.163306 8.649172
v -3.758592 -1.177452 8.825367
v -3.620176 -1.259614 8.946618
v -3.425742 -1.361662 8.941898
v -3.289186 -1.423818 8.813972
v -4.144697 -1.405630 8.613207
v -4.155618 -1.429575 8.788256
v -4.090562 -1.571086 8.902729
v -3.987637 -1.747268 8.889571
v -3.907135 -1.854916 8.756485
v -5.177901 -2.002427 8.488265
v -5.194522 -2.029663 8.662624
v -5.132743 -2.173066 8.776699
v -5.028753 -2.348633 8.763666
v -4.943468 -2.453519 8.631161
v -6.210424 -2.599916 8.323330
v -6.234792 -2.631633 8.496447
v -6.178051 -2.777952 8.609715
v -6.073441 -2.953160 8.596783
v -5.982241 -3.054624 8.465224
v -7.171977 -3.174365 8.299967
v -7.138345 -3.137282 8.128801
v -7.121242 -3.324162 8.411966
v -7.015862 -3.498924 8.399197
v -6.917564 -3.596278 8.269135
v -7.976021 -3.640456 8.081844
v -7.931250 -3.596916 7.913723
v -7.932562 -3.794471 8.191858
v -7.826331 -3.968740 8.179319
v -7.719556 -4.061180 8.051575
v -8.257866 -3.777684 7.813791
v -8.319825 -3.830310 7.978020
v -8.430005 -4.040146 8.052139
v -8.523866 -4.284273 7.992731
v -8.546424 -4.419685 7.834595
v -8.894411 -2.410461 7.937667
v -8.819054 -2.388986 7.774594
v -9.076341 -2.462310 8.005215
v -9.258268 -2.514159 7.937667
v -9.333627 -2.535636 7.774594
v -3.968755 -3.045357 8.573017
v -4.167220 -2.405965 8.586746
v -4.332300 -2.501275 8.573015
v -3.817527 -2.929315 8.586748
v -3.603302 -3.462071 8.573017
v -3.468444 -3.327363 8.586748
v -3.045323 -3.968780 8.573017
v -3.326998 -3.468764 8.586748
v -3.461867 -3.603484 8.573017
v -2.929282 -3.817550 8.586750
v -2.584472 -4.276707 8.573017
v -2.489075 -4.111683 8.586750
v -2.315852 -4.211658 8.586750
v -1.914359 -4.621734 8.573017
v -1.841412 -4.445624 8.586750
v -2.411257 -4.376695 8.573017
v -1.389515 -4.799891 8.573017
v -1.340080 -4.615801 8.586750
v -1.146883 -4.667536 8.586750
v -0.652936 -4.959723 8.573017
v -0.628059 -4.770735 8.586748
v -1.196323 -4.851641 8.573017
v 0.000019 -4.811898 8.586748
v 0.000019 -5.002517 8.573017
v -4.812347 -3.692673 8.447979
v -5.418250 -3.128254 8.423468
v -4.963574 -3.808718 8.423471
v -5.253169 -3.032943 8.447977
v -4.489985 -4.348737 8.423471
v -4.355103 -4.214056 8.447979
v -3.808674 -4.963606 8.423471
v -4.213656 -4.355456 8.447979
v -4.348552 -4.490150 8.423471
v -3.692632 -4.812378 8.447979
v -3.211457 -5.362650 8.423471
v -3.116028 -5.197649 8.447979
v -2.942804 -5.297623 8.447979
v -2.394217 -5.780233 8.423471
v -2.321271 -5.604124 8.447979
v -3.038242 -5.462641 8.423471
v -1.714072 -6.011107 8.423471
v -1.664601 -5.827029 8.447979
v -1.471404 -5.878762 8.447979
v -0.816602 -6.202945 8.423471
v -0.791726 -6.013955 8.447979
v -1.520881 -6.062860 8.423471
v 0.000024 -6.065846 8.447979
v 0.000025 -6.256465 8.423471
v -5.872653 -4.506284 8.241871
v -6.245520 -3.605885 8.268787
v -6.410602 -3.701195 8.241871
v -5.721426 -4.390243 8.268787
v -5.300251 -5.158978 8.241871
v -5.165339 -5.024331 8.268787
v -4.506231 -5.872692 8.241871
v -5.023890 -5.165729 8.268787
v -5.158819 -5.300394 8.241871
v -4.390191 -5.721462 8.268787
v -3.784407 -6.354996 8.241871
v -3.688942 -6.190018 8.268787
v -3.515716 -6.289990 8.268787
v -2.832717 -6.838884 8.241871
v -2.759772 -6.662774 8.268787
v -3.611194 -6.454989 8.241871
v -2.010663 -7.117931 8.241871
v -1.961149 -6.933867 8.268787
v -1.767952 -6.985598 8.268787
v -0.966163 -7.339015 8.241871
v -0.941286 -7.150027 8.268787
v -1.817472 -7.169686 8.241871
v 0.000029 -7.211718 8.268789
v 0.000029 -7.402339 8.241873
v -6.528216 -5.009320 8.071516
v -7.291295 -4.209670 8.031893
v -6.679445 -5.125362 8.031893
v -7.126214 -4.114358 8.071516
v -6.019357 -5.878040 8.031893
v -5.884405 -5.743439 8.071516
v -5.125303 -6.679488 8.031893
v -5.742954 -5.884836 8.071516
v -5.877927 -6.019459 8.031893
v -5.009262 -6.528260 8.071516
v -4.292902 -7.235675 8.031893
v -4.197387 -7.070731 8.071516
v -4.024160 -7.170699 8.071516
v -3.221879 -7.778417 8.031893
v -3.148933 -7.602306 8.071516
v -4.119690 -7.335670 8.031893
v -2.273894 -8.100207 8.031893
v -2.224324 -7.916163 8.071516
v -2.031126 -7.967892 8.071516
v -1.098897 -8.347256 8.031895
v -1.074017 -8.158267 8.071518
v -2.080704 -8.151965 8.031893
v 0.000033 -8.228660 8.071518
v 0.000035 -8.419277 8.031895
v -2.487556 -8.898442 7.861541
v -2.294358 -8.950170 7.861541
v -4.705883 -7.951411 7.861541
v -4.532655 -8.051379 7.861541
v -6.603510 -6.462501 7.861541
v -6.462058 -6.603897 7.861541
v -0.871801 -3.640413 8.698055
v -1.064993 -3.588663 8.698055
v -1.784304 -3.290730 8.698055
v -1.957520 -3.190742 8.698055
v -2.575207 -2.716791 8.698053
v -2.716642 -2.575378 8.698053
v -4.571391 -7.917877 7.774602
v -3.528747 -8.519216 7.937676
v -3.498766 -8.446836 7.774602
v -4.610563 -7.985725 7.937676
v -4.705132 -8.149522 8.005224
v -3.601125 -8.693956 8.005224
v -4.799700 -8.313321 7.937676
v -3.673502 -8.868700 7.937676
v -3.703481 -8.941080 7.774602
v -4.838872 -8.381170 7.774602
v -5.565795 -7.253437 7.774602
v -5.613489 -7.315590 7.937676
v -5.728630 -7.465641 8.005224
v -5.843772 -7.615694 7.937676
v -5.891466 -7.677847 7.774602
v -6.478454 -6.443029 7.774594
v -6.534732 -6.497552 7.937667
v -6.670598 -6.629182 8.005215
v -6.806464 -6.760815 7.937667
v -6.862742 -6.815338 7.774594
v -7.477061 -5.290020 7.978018
v -7.400506 -5.262675 7.813788
v -7.713875 -5.280523 8.052137
v -7.972226 -5.239746 7.992729
v -8.100775 -5.191578 7.834593
v -7.140741 -5.087207 8.081842
v -7.080649 -5.070204 7.913722
v -7.252393 -4.972563 8.191856
v -7.350201 -4.793430 8.179317
v -7.376869 -4.654741 8.051573
v -6.335072 -4.623929 8.299965
v -6.286143 -4.613345 8.128800
v -6.439433 -4.505093 8.411966
v -6.538092 -4.326450 8.399195
v -6.573256 -4.192646 8.269133
v -5.396460 -4.083668 8.496447
v -5.356809 -4.078425 8.323330
v -5.494806 -3.961370 8.609715
v -5.594237 -3.783172 8.596781
v -5.636508 -3.653458 8.465223
v -4.355004 -3.483753 8.662624
v -4.323107 -3.482977 8.488265
v -4.448306 -3.358550 8.776699
v -4.548357 -3.180708 8.763666
v -4.596550 -3.054407 8.631161
v -3.315861 -2.884080 8.788256
v -3.289664 -2.886595 8.613207
v -3.405886 -2.756984 8.902729
v -3.507002 -2.579758 8.889571
v -3.559978 -2.456218 8.756485
v -2.899003 -2.666307 8.825367
v -2.887409 -2.674518 8.649172
v -2.900950 -2.505355 8.946618
v -2.892111 -2.285946 8.941898
v -2.877662 -2.136606 8.813972
v -2.767218 -2.790441 8.825880
v -2.768668 -2.791451 8.649378
v -2.664537 -2.686677 8.949632
v -2.520773 -2.540942 8.948139
v -2.420141 -2.438606 8.822277
v -2.392835 -3.118380 8.649235
v -2.391788 -3.117014 8.825737
v -2.302926 -3.001207 8.949495
v -2.178304 -2.838796 8.948011
v -2.090924 -2.724919 8.822155
v -1.965323 -3.404035 8.649235
v -1.964463 -3.402545 8.825737
v -1.891477 -3.276129 8.949495
v -1.789120 -3.098841 8.948011
v -1.717352 -2.974533 8.822155
v -1.504182 -3.631444 8.649235
v -1.503523 -3.629854 8.825737
v -1.447663 -3.494993 8.949495
v -1.369323 -3.305862 8.948011
v -1.314394 -3.173249 8.822155
v -1.033138 -3.793459 8.649378
v -1.032987 -3.791699 8.825880
v -0.994466 -3.650892 8.949632
v -0.940139 -3.453521 8.948139
v -0.901830 -3.315204 8.822277
v -0.872500 -3.837826 8.649172
v -0.859592 -3.843761 8.825367
v -0.719231 -3.764971 8.946618
v -0.533637 -3.647610 8.941898
v -0.411530 -3.560427 8.813972
v -0.839760 -4.313658 8.788256
v -0.855037 -4.292228 8.613207
v -0.684680 -4.328074 8.902729
v -0.480640 -4.327028 8.889571
v -0.347163 -4.311136 8.756485
v -0.854797 -5.485407 8.488265
v -0.839521 -5.513420 8.662624
v -0.684441 -5.531619 8.776699
v -0.480401 -5.529345 8.763666
v -0.346924 -5.507928 8.631161
v -0.853619 -6.678342 8.323330
v -0.838335 -6.715304 8.496447
v -0.683249 -6.739325 8.609715
v -0.479209 -6.736335 8.596783
v -0.345738 -6.708084 8.465224
v -0.852206 -7.750630 8.128801
v -0.836908 -7.798297 8.299967
v -0.681812 -7.829257 8.411966
v -0.477774 -7.825376 8.399197
v -0.344314 -7.788926 8.269135
v -0.850604 -8.667121 7.913723
v -0.835283 -8.727665 8.081844
v -0.680173 -8.767035 8.191858
v -0.476136 -8.762172 8.179319
v -0.342693 -8.715922 8.051575
v -0.857362 -9.040363 7.813791
v -0.842766 -9.120334 7.978020
v -0.716133 -9.320670 8.052139
v -0.551643 -9.524020 7.992731
v -0.445652 -9.611262 7.834595
v -2.340604 -8.832019 7.774594
v -2.359684 -8.908016 7.937667
v -2.405747 -9.091496 8.005215
v -2.451809 -9.274976 7.937667
v -2.470888 -9.350976 7.774594
v 0.000016 -4.811901 8.586746
v 0.652978 -4.959721 8.573017
v 0.628096 -4.770732 8.586748
v 0.000016 -5.002520 8.573015
v 1.196589 -4.851587 8.573017
v 1.147358 -4.667442 8.586748
v 1.340538 -4.615647 8.586748
v 1.914401 -4.621717 8.573017
v 1.841453 -4.445609 8.586750
v 1.389774 -4.799807 8.573017
v 2.411500 -4.376573 8.573017
v 2.316284 -4.211444 8.586750
v 2.489476 -4.111417 8.586750
v 3.045358 -3.968752 8.573017
v 2.929317 -3.817522 8.586750
v 2.584700 -4.276558 8.573017
v 3.462070 -3.603302 8.573017
v 3.327360 -3.468444 8.586750
v 3.968778 -3.045322 8.573017
v 3.468762 -3.326999 8.586750
v 3.603482 -3.461867 8.573017
v 3.817547 -2.929283 8.586748
v 4.332315 -2.501243 8.573017
v 4.167234 -2.405933 8.586748
v 0.791774 -6.013951 8.447979
v 0.000021 -6.065848 8.447977
v 0.000021 -6.256469 8.423468
v 0.816658 -6.202940 8.423471
v 1.521123 -6.062810 8.423471
v 1.471927 -5.878658 8.447979
v 1.665107 -5.826862 8.447979
v 2.394271 -5.780211 8.423471
v 2.321325 -5.604103 8.447979
v 1.714307 -6.011032 8.423471
v 3.038462 -5.462529 8.423471
v 2.943281 -5.297384 8.447979
v 3.116472 -5.197355 8.447979
v 3.808720 -4.963571 8.423471
v 3.692677 -4.812342 8.447979
v 3.211664 -5.362516 8.423471
v 4.348734 -4.489985 8.423471
v 4.214054 -4.355102 8.447979
v 4.963606 -3.808672 8.423471
v 4.355454 -4.213655 8.447979
v 4.490149 -4.348552 8.423471
v 4.812374 -3.692633 8.447979
v 5.418270 -3.128212 8.423471
v 5.253188 -3.032903 8.447979
v 0.941347 -7.150022 8.268787
v 0.000026 -7.211721 8.268787
v 0.000027 -7.402341 8.241871
v 0.966228 -7.339009 8.241871
v 1.817679 -7.169641 8.241871
v 1.768527 -6.985480 8.268787
v 1.961706 -6.933681 8.268787
v 2.832783 -6.838857 8.241871
v 2.759835 -6.662749 8.268787
v 2.010865 -7.117866 8.241871
v 3.611383 -6.454891 8.241871
v 3.516241 -6.289728 8.268787
v 3.689432 -6.189695 8.268787
v 4.506288 -5.872648 8.241871
v 4.390244 -5.721421 8.268787
v 3.784585 -6.354880 8.241871
v 5.158976 -5.300251 8.241871
v 5.024328 -5.165339 8.268787
v 5.872691 -4.506231 8.241871
v 5.165729 -5.023892 8.268787
v 5.300393 -5.158821 8.241871
v 5.721461 -4.390192 8.268787
v 6.410627 -3.701145 8.241873
v 6.245545 -3.605835 8.268789
v 1.074089 -8.158261 8.071516
v 0.000030 -8.228662 8.071516
v 0.000031 -8.419281 8.031893
v 1.098970 -8.347250 8.031893
v 2.080852 -8.151936 8.031893
v 2.031760 -7.967764 8.071516
v 2.224938 -7.915962 8.071516
v 3.221953 -7.778387 8.031893
v 3.149006 -7.602279 8.071516
v 2.274039 -8.100163 8.031893
v 4.119825 -7.335601 8.031893
v 4.024738 -7.170411 8.071516
v 4.197926 -7.070375 8.071516
v 5.125365 -6.679439 8.031893
v 5.009323 -6.528210 8.071516
v 4.293029 -7.235592 8.031893
v 5.878037 -6.019356 8.031893
v 5.743436 -5.884405 8.071516
v 5.884833 -5.742955 8.071516
v 6.679486 -5.125302 8.031895
v 6.528257 -5.009261 8.071518
v 6.019456 -5.877927 8.031893
v 7.291325 -4.209610 8.031895
v 7.126244 -4.114303 8.071518
v 6.462498 -6.603509 7.861541
v 6.603894 -6.462058 7.861541
v 4.533181 -8.051120 7.861541
v 4.706369 -7.951085 7.861541
v 2.294934 -8.950058 7.861541
v 2.488111 -8.898255 7.861541
v 2.716789 -2.575208 8.698055
v 2.575376 -2.716643 8.698055
v 1.957703 -3.190618 8.698055
v 1.784503 -3.290633 8.698055
v 1.065205 -3.588590 8.698053
v 0.872020 -3.640370 8.698053
v 4.610557 -7.985728 7.937676
v 5.565789 -7.253439 7.774602
v 4.571385 -7.917880 7.774602
v 5.613482 -7.315594 7.937676
v 4.705126 -8.149526 8.005224
v 5.728623 -7.465645 8.005224
v 4.799695 -8.313325 7.937676
v 5.843766 -7.615697 7.937676
v 4.838868 -8.381172 7.774602
v 5.891461 -7.677850 7.774602
v 3.498760 -8.446838 7.774602
v 3.528741 -8.519219 7.937676
v 3.601118 -8.693960 8.005224
v 3.673496 -8.868703 7.937676
v 3.703476 -8.941083 7.774602
v 2.340598 -8.832021 7.774594
v 2.359678 -8.908019 7.937667
v 2.405740 -9.091499 8.005215
v 2.451803 -9.274979 7.937667
v 2.470883 -9.350979 7.774594
v 0.857355 -9.040365 7.813788
v 0.842759 -9.120336 7.978018
v 0.716127 -9.320673 8.052137
v 0.551638 -9.524022 7.992729
v 0.445649 -9.611266 7.834593
v 0.835278 -8.727667 8.081842
v 0.850599 -8.667125 7.913722
v 0.680167 -8.767038 8.191856
v 0.476130 -8.762176 8.179317
v 0.342688 -8.715926 8.051573
v 0.836902 -7.798298 8.299965
v 0.852201 -7.750633 8.128800
v 0.681806 -7.829259 8.411966
v 0.477767 -7.825379 8.399195
v 0.344308 -7.788929 8.269133
v 0.838329 -6.715306 8.496447
v 0.853614 -6.678346 8.323330
v 0.683243 -6.739327 8.609715
v 0.479203 -6.736338 8.596781
v 0.345733 -6.708088 8.465223
v 0.839516 -5.513420 8.662624
v 0.854792 -5.485409 8.488265
v 0.684436 -5.531621 8.776699
v 0.480395 -5.529346 8.763666
v 0.346918 -5.507933 8.631161
v 0.839755 -4.313661 8.788256
v 0.855031 -4.292230 8.613207
v 0.684675 -4.328076 8.902729
v 0.480634 -4.327033 8.889571
v 0.347158 -4.311141 8.756485
v 0.872495 -3.837829 8.649172
v 0.859587 -3.843764 8.825367
v 0.719225 -3.764974 8.946618
v 0.533631 -3.647614 8.941898
v 0.411523 -3.560431 8.813972
v 1.032983 -3.791702 8.825880
v 1.033133 -3.793462 8.649378
v 0.994461 -3.650895 8.949632
v 0.940133 -3.453524 8.948139
v 0.901824 -3.315207 8.822277
v 1.503519 -3.629856 8.825737
v 1.504178 -3.631446 8.649235
v 1.447658 -3.494996 8.949495
v 1.369317 -3.305866 8.948011
v 1.314387 -3.173253 8.822155
v 1.964458 -3.402547 8.825737
v 1.965319 -3.404038 8.649235
v 1.891472 -3.276132 8.949495
v 1.789114 -3.098845 8.948011
v 1.717344 -2.974537 8.822155
v 2.391783 -3.117017 8.825737
v 2.392831 -3.118382 8.649235
v 2.302921 -3.001210 8.949495
v 2.178298 -2.838800 8.948011
v 2.090917 -2.724923 8.822155
v 2.767213 -2.790443 8.825880
v 2.768663 -2.791454 8.649378
v 2.664531 -2.686679 8.949632
v 2.520766 -2.540945 8.948139
v 2.420135 -2.438610 8.822277
v 2.887404 -2.674521 8.649172
v 2.898998 -2.666310 8.825367
v 2.900945 -2.505358 8.946618
v 2.892104 -2.285949 8.941898
v 2.877655 -2.136610 8.813972
v 3.289660 -2.886598 8.613207
v 3.315857 -2.884084 8.788256
v 3.405880 -2.756988 8.902729
v 3.506996 -2.579761 8.889571
v 3.559972 -2.456221 8.756485
v 4.323102 -3.482981 8.488265
v 4.355000 -3.483757 8.662624
v 4.448301 -3.358554 8.776699
v 4.548352 -3.180712 8.763666
v 4.596543 -3.054410 8.631161
v 5.356804 -4.078428 8.323330
v 5.396456 -4.083673 8.496447
v 5.494802 -3.961375 8.609715
v 5.594232 -3.783176 8.596783
v 5.636501 -3.653462 8.465224
v 6.286138 -4.613348 8.128801
v 6.335069 -4.623933 8.299967
v 6.439428 -4.505096 8.411966
v 6.538086 -4.326453 8.399197
v 6.573249 -4.192649 8.269135
v 7.080644 -5.070207 7.913723
v 7.140738 -5.087210 8.081844
v 7.252388 -4.972567 8.191858
v 7.350195 -4.793433 8.179319
v 7.376863 -4.654744 8.051575
v 7.400501 -5.262681 7.813791
v 7.477056 -5.290026 7.978020
v 7.713871 -5.280527 8.052139
v 7.972220 -5.239749 7.992731
v 8.100769 -5.191579 7.834595
v 6.478448 -6.443033 7.774594
v 6.534725 -6.497557 7.937667
v 6.670591 -6.629188 8.005215
v 6.806458 -6.760818 7.937667
v 6.862737 -6.815341 7.774594
v 4.621733 -1.914365 8.573017
v 4.167236 -2.405936 8.586746
v 4.332317 -2.501245 8.573015
v 4.445624 -1.841418 8.586748
v 4.799892 -1.389516 8.573017
v 4.615802 -1.340080 8.586748
v 4.959725 -0.652938 8.573017
v 4.667536 -1.146883 8.586748
v 4.851642 -1.196323 8.573017
v 4.770736 -0.628059 8.586750
v 4.995973 -0.099866 8.573017
v 4.805360 -0.099761 8.586750
v 4.959718 0.652983 8.573017
v 4.805329 0.100242 8.586750
v 4.995957 0.100137 8.573017
v 4.770730 0.628102 8.586750
v 4.851585 1.196590 8.573017
v 4.667441 1.147357 8.586750
v 4.615646 1.340537 8.586750
v 4.621715 1.914402 8.573017
v 4.445607 1.841452 8.586748
v 4.799806 1.389774 8.573017
v 4.167216 2.405965 8.586748
v 4.332298 2.501275 8.573017
v 5.604122 -2.321279 8.447979
v 5.418272 -3.128215 8.423468
v 5.780233 -2.394223 8.423471
v 5.253190 -3.032906 8.447977
v 6.011109 -1.714073 8.423471
v 5.827031 -1.664603 8.447979
v 6.202946 -0.816606 8.423471
v 5.878764 -1.471406 8.447979
v 6.062860 -1.520882 8.423471
v 6.013958 -0.791725 8.447979
v 6.249920 -0.099878 8.423471
v 6.059310 -0.099735 8.447979
v 6.059278 0.100267 8.447979
v 6.202938 0.816663 8.423471
v 6.013949 0.791781 8.447979
v 6.249907 0.100125 8.423471
v 6.062808 1.521123 8.423471
v 5.878656 1.471927 8.447979
v 5.826860 1.665107 8.447979
v 5.780209 2.394274 8.423471
v 5.604101 2.321322 8.447979
v 6.011031 1.714308 8.423471
v 5.253165 3.032943 8.447979
v 5.418246 3.128254 8.423471
v 6.838882 -2.832726 8.241871
v 6.245547 -3.605837 8.268787
v 6.410630 -3.701147 8.241871
v 6.662774 -2.759780 8.268787
v 7.117931 -2.010664 8.241871
v 6.933867 -1.961150 8.268787
v 7.339016 -0.966166 8.241871
v 6.985598 -1.767953 8.268787
v 7.169686 -1.817472 8.241871
v 7.150027 -0.941287 8.268787
v 7.395792 -0.099896 8.241871
v 7.205184 -0.099709 8.268787
v 7.205149 0.100295 8.268787
v 7.339006 0.966237 8.241871
v 7.150019 0.941353 8.268787
v 7.395781 0.100108 8.241871
v 7.169640 1.817680 8.241871
v 6.985480 1.768527 8.268787
v 6.933681 1.961707 8.268787
v 6.838856 2.832785 8.241871
v 6.662748 2.759835 8.268787
v 7.117866 2.010865 8.241871
v 6.245517 3.605884 8.268789
v 6.410600 3.701194 8.241873
v 7.602306 -3.148942 8.071516
v 7.291327 -4.209612 8.031893
v 7.778416 -3.221889 8.031893
v 7.126245 -4.114304 8.071516
v 8.100210 -2.273896 8.031893
v 7.916167 -2.224325 8.071516
v 8.347258 -1.098899 8.031893
v 7.967894 -2.031127 8.071516
v 8.151967 -2.080706 8.031893
v 8.158270 -1.074019 8.071516
v 8.412729 -0.099926 8.031893
v 8.222126 -0.099679 8.071516
v 8.222087 0.100324 8.071516
v 8.347246 1.098979 8.031893
v 8.158257 1.074096 8.071516
v 8.412722 0.100077 8.031893
v 8.151934 2.080853 8.031893
v 7.967761 2.031760 8.071516
v 7.915961 2.224938 8.071516
v 7.778385 3.221955 8.031895
v 7.602276 3.149007 8.071518
v 8.100162 2.274040 8.031893
v 7.126212 4.114358 8.071518
v 7.291291 4.209668 8.031895
v 8.950055 2.294934 7.861541
v 8.898252 2.488111 7.861541
v 9.239064 -0.099709 7.861541
v 9.239025 0.100294 7.861541
v 8.898445 -2.487557 7.861541
v 8.950171 -2.294359 7.861541
v 3.588590 1.065204 8.698055
v 3.640370 0.872020 8.698055
v 3.742007 0.100112 8.698055
v 3.742023 -0.099891 8.698055
v 3.640413 -0.871800 8.698053
v 3.588663 -1.064993 8.698053
v 9.064557 1.193396 7.774602
v 9.221122 -0.000003 7.937676
v 9.142231 1.203622 7.937676
v 9.142777 -0.000003 7.774602
v 9.410259 -0.000003 8.005224
v 9.329750 1.228312 8.005224
v 9.599398 -0.000003 7.937676
v 9.517270 1.253002 7.937676
v 9.677742 -0.000003 7.774602
v 9.594944 1.263231 7.774602
v 9.064557 -1.193403 7.774602
v 9.142231 -1.203630 7.937676
v 9.329750 -1.228320 8.005224
v 9.517270 -1.253009 7.937676
v 9.594944 -1.263236 7.774602
v 8.819054 -2.388993 7.774594
v 8.894411 -2.410469 7.937667
v 9.076339 -2.462317 8.005215
v 9.258268 -2.514165 7.937667
v 9.333627 -2.535641 7.774594
v 8.257864 -3.777690 7.813788
v 8.319822 -3.830316 7.978018
v 8.430004 -4.040151 8.052137
v 8.523866 -4.284278 7.992729
v 8.546426 -4.419689 7.834593
v 7.976021 -3.640461 8.081842
v 7.931250 -3.596922 7.913722
v 7.932562 -3.794476 8.191856
v 7.826333 -3.968746 8.179317
v 7.719558 -4.061186 8.051573
v 7.138345 -3.137288 8.128800
v 7.171976 -3.174370 8.299965
v 7.121241 -3.324167 8.411966
v 7.015862 -3.498930 8.399195
v 6.917565 -3.596284 8.269133
v 6.210424 -2.599921 8.323330
v 6.234790 -2.631638 8.496447
v 6.178050 -2.777957 8.609715
v 6.073442 -2.953166 8.596781
v 5.982242 -3.054631 8.465223
v 5.177900 -2.002432 8.488265
v 5.194521 -2.029668 8.662624
v 5.132742 -2.173071 8.776699
v 5.028753 -2.348639 8.763666
v 4.943469 -2.453526 8.631161
v 4.144696 -1.405636 8.613207
v 4.155617 -1.429581 8.788256
v 4.090561 -1.571092 8.902729
v 3.987638 -1.747274 8.889571
v 3.907136 -1.854922 8.756485
v 3.759905 -1.163311 8.649172
v 3.758590 -1.177457 8.825367
v 3.620176 -1.259620 8.946618
v 3.425742 -1.361669 8.941898
v 3.289186 -1.423826 8.813972
v 3.800201 -1.001261 8.825880
v 3.801801 -1.002012 8.649378
v 3.658998 -0.964219 8.949632
v 3.460907 -0.912583 8.948139
v 3.321965 -0.876601 8.822277
v 3.897014 -0.513067 8.649235
v 3.895308 -0.512842 8.825737
v 3.750585 -0.493789 8.949495
v 3.547622 -0.467069 8.948011
v 3.405311 -0.448334 8.822155
v 3.930642 -0.000002 8.649235
v 3.928921 -0.000002 8.825737
v 3.782950 -0.000003 8.949495
v 3.578235 -0.000004 8.948011
v 3.434697 -0.000004 8.822155
v 3.895307 0.512837 8.825737
v 3.897014 0.513062 8.649235
v 3.750585 0.493783 8.949495
v 3.547622 0.467062 8.948011
v 3.405311 0.448326 8.822155
v 3.800201 1.001256 8.825880
v 3.801801 1.002006 8.649378
v 3.658998 0.964213 8.949632
v 3.460907 0.912576 8.948139
v 3.321965 0.876594 8.822277
v 3.759905 1.163306 8.649172
v 3.758592 1.177452 8.825367
v 3.620176 1.259613 8.946618
v 3.425742 1.361662 8.941898
v 3.289186 1.423818 8.813972
v 4.155618 1.429575 8.788256
v 4.144697 1.405630 8.613207
v 4.090562 1.571085 8.902729
v 3.987637 1.747267 8.889571
v 3.907135 1.854915 8.756485
v 5.194522 2.029662 8.662624
v 5.177901 2.002427 8.488265
v 5.132743 2.173065 8.776699
v 5.028753 2.348633 8.763666
v 4.943468 2.453519 8.631161
v 6.234792 2.631633 8.496447
v 6.210424 2.599915 8.323330
v 6.178051 2.777951 8.609715
v 6.073442 2.953160 8.596783
v 5.982241 3.054623 8.465224
v 7.171978 3.174364 8.299967
v 7.138345 3.137282 8.128801
v 7.121243 3.324161 8.411966
v 7.015862 3.498923 8.399197
v 6.917564 3.596277 8.269135
v 7.976021 3.640456 8.081844
v 7.931250 3.596915 7.913723
v 7.932562 3.794470 8.191858
v 7.826331 3.968740 8.179319
v 7.719557 4.061180 8.051575
v 8.257866 3.777683 7.813791
v 8.319825 3.830309 7.978020
v 8.430005 4.040145 8.052139
v 8.523866 4.284272 7.992731
v 8.546424 4.419684 7.834595
v 8.894411 2.410461 7.937667
v 8.819054 2.388985 7.774594
v 9.076341 2.462309 8.005215
v 9.258268 2.514158 7.937667
v 9.333627 2.535635 7.774594
v 10.563304 -0.000002 5.668264
v 9.774310 1.286812 0.000000
v 10.472935 1.378787 5.668264
v 9.858652 -0.000001 0.000000
v 9.522727 2.551607 0.000000
v 10.203368 2.733983 5.668264
v 9.108208 3.772743 0.000000
v 9.759222 4.042401 5.668265
v 8.537843 4.929326 0.000001
v 9.148089 5.281651 5.668267
v 7.821395 6.001566 0.000001
v 8.380434 6.430532 5.668267
v 6.971120 6.971119 0.000001
v 7.469385 7.469383 5.668267
v 6.001568 7.821394 0.000001
v 6.430533 8.380431 5.668263
v 4.929326 8.537842 0.000001
v 5.281654 9.148088 5.668268
v 3.772744 9.108207 0.000001
v 4.042403 9.759219 5.668264
v 2.551609 9.522726 0.000001
v 2.733987 10.203368 5.668264
v 1.286814 9.774309 0.000001
v 1.378790 10.472930 5.668264
v 0.000002 9.858651 0.000001
v 0.000002 10.563302 5.668264
v -1.286810 9.774309 0.000001
v -1.378785 10.472932 5.668264
v -2.551604 9.522726 0.000001
v -2.733982 10.203368 5.668264
v -3.772740 9.108207 0.000001
v -4.042398 9.759222 5.668268
v -4.929324 8.537843 0.000001
v -5.281649 9.148088 5.668268
v -6.001565 7.821395 0.000001
v -6.430530 8.380433 5.668263
v -6.971117 6.971120 0.000001
v -7.469383 7.469385 5.668267
v -8.380433 6.430533 5.668267
v -7.821393 6.001569 0.000001
v -9.148090 5.281653 5.668267
v -8.537841 4.929327 0.000001
v -9.759219 4.042404 5.668265
v -9.108204 3.772745 0.000000
v -10.203369 2.733986 5.668267
v -9.522725 2.551610 0.000000
v -10.472935 1.378790 5.668264
v -9.774309 1.286816 0.000000
v -10.563307 -0.000002 5.668264
v -9.858651 -0.000001 0.000000
v 11.358153 -0.000002 6.575243
v 11.260983 1.482535 6.575243
v 10.971134 2.939705 6.575244
v 10.493566 4.346576 6.575244
v 9.836450 5.679075 6.575244
v 9.011030 6.914404 6.575244
v 8.031428 8.031426 6.575244
v 6.914407 9.011028 6.575246
v 5.679078 9.836448 6.575246
v 4.346579 10.493564 6.575246
v 2.939708 10.971132 6.575246
v 1.482539 11.260981 6.575246
v 0.000002 11.358151 6.575246
v -1.482534 11.260982 6.575246
v -2.939704 10.971132 6.575246
v -4.346575 10.493566 6.575246
v -5.679075 9.836450 6.575246
v -6.914404 9.011028 6.575246
v -8.031425 8.031428 6.575244
v -9.011028 6.914407 6.575244
v -9.836450 5.679078 6.575244
v -10.493565 4.346580 6.575244
v -10.971134 2.939709 6.575244
v -11.260983 1.482539 6.575243
v -11.358156 -0.000002 6.575243
v 10.563304 0.000000 -5.668265
v 10.472935 1.378789 -5.668264
v 10.203368 2.733985 -5.668264
v 9.759222 4.042403 -5.668264
v 9.148089 5.281653 -5.668265
v 8.380434 6.430533 -5.668265
v 7.469385 7.469385 -5.668265
v 6.430533 8.380433 -5.668261
v 5.281654 9.148090 -5.668264
v 4.042403 9.759222 -5.668261
v 2.733987 10.203370 -5.668261
v 1.378790 10.472932 -5.668261
v 0.000002 10.563304 -5.668261
v -1.378785 10.472935 -5.668261
v -2.733982 10.203370 -5.668261
v -4.042398 9.759224 -5.668264
v -5.281649 9.148090 -5.668264
v -6.430530 8.380435 -5.668261
v -7.469383 7.469388 -5.668265
v -8.380433 6.430536 -5.668265
v -9.148090 5.281655 -5.668265
v -9.759219 4.042406 -5.668264
v -10.203369 2.733988 -5.668266
v -10.472935 1.378792 -5.668264
v -10.563307 0.000000 -5.668265
v 11.358153 0.000000 -6.575244
v 11.260983 1.482537 -6.575244
v 10.971134 2.939707 -6.575243
v 10.493566 4.346578 -6.575243
v 9.836450 5.679078 -6.575243
v 9.011030 6.914407 -6.575243
v 8.031428 8.031428 -6.575243
v 6.914407 9.011030 -6.575243
v 5.679078 9.836451 -6.575243
v 4.346579 10.493567 -6.575243
v 2.939708 10.971135 -6.575243
v 1.482539 11.260983 -6.575243
v 0.000002 11.358153 -6.575243
v -1.482534 11.260984 -6.575243
v -2.939704 10.971135 -6.575243
v -4.346575 10.493567 -6.575243
v -5.679075 9.836452 -6.575243
v -6.914404 9.011032 -6.575243
v -8.031425 8.031430 -6.575243
v -9.011028 6.914409 -6.575243
v -9.836450 5.679080 -6.575243
v -10.493565 4.346581 -6.575243
v -10.971134 2.939711 -6.575243
v -11.260983 1.482541 -6.575244
v -11.358156 0.000000 -6.575244
v 11.045608 1.454201 7.206651
v 11.358153 -0.000002 6.575243
v 11.260983 1.482535 6.575243
v 11.140921 -0.000002 7.206651
v 10.761298 2.883502 7.206651
v 10.971134 2.939705 6.575244
v 10.292861 4.263465 7.206653
v 10.493566 4.346576 6.575244
v 9.648310 5.570479 7.206653
v 9.836450 5.679075 6.575244
v 8.838673 6.782181 7.206650
v 9.011030 6.914404 6.575244
v 7.877803 7.877839 7.206650
v 8.031428 8.031426 6.575244
v 6.914407 9.011028 6.575246
v 6.782141 8.838703 7.206651
v 5.679078 9.836448 6.575246
v 5.570436 9.648335 7.206651
v 4.346579 10.493564 6.575246
v 4.263419 10.292879 7.206653
v 2.939708 10.971132 6.575246
v 2.883453 10.761312 7.206653
v 1.482539 11.260981 6.575246
v 1.454151 11.045612 7.206653
v 0.000002 11.358151 6.575246
v 0.000001 11.140920 7.206653
v -1.482534 11.260982 6.575246
v -1.454181 11.045608 7.206653
v -2.939704 10.971132 6.575246
v -2.883482 10.761303 7.206653
v -4.346575 10.493566 6.575246
v -4.263445 10.292869 7.206653
v -5.679075 9.836450 6.575246
v -5.570460 9.648320 7.206651
v -6.914404 9.011028 6.575246
v -6.782164 8.838686 7.206651
v -8.031425 8.031428 6.575244
v -7.877820 7.877821 7.206650
v -9.011028 6.914407 6.575244
v -8.838688 6.782163 7.206650
v -9.836450 5.679078 6.575244
v -9.648321 5.570460 7.206653
v -10.493565 4.346580 6.575244
v -10.292870 4.263447 7.206653
v -10.971134 2.939709 6.575244
v -10.761305 2.883483 7.206651
v -11.260983 1.482539 6.575243
v -11.045609 1.454183 7.206651
v -11.358156 -0.000002 6.575243
v -11.140923 -0.000002 7.206651
v 11.090809 1.460133 -7.206552
v 11.358153 0.000000 -6.575244
v 11.186510 0.000000 -7.206552
v 11.260983 1.482537 -6.575244
v 10.805340 2.895283 -7.206552
v 10.971134 2.939707 -6.575243
v 10.334988 4.280894 -7.206551
v 10.493566 4.346578 -6.575243
v 9.687803 5.593257 -7.206550
v 9.836450 5.679078 -6.575243
v 8.874857 6.809918 -7.206552
v 9.011030 6.914407 -6.575243
v 7.910058 7.910059 -7.206551
v 8.031428 8.031428 -6.575243
v 6.809917 8.874859 -7.206551
v 6.914407 9.011030 -6.575243
v 5.593256 9.687805 -7.206551
v 5.679078 9.836451 -6.575243
v 4.280894 10.334991 -7.206550
v 4.346579 10.493567 -6.575243
v 2.895284 10.805345 -7.206550
v 2.939708 10.971135 -6.575243
v 1.460135 11.090812 -7.206550
v 1.482539 11.260983 -6.575243
v 0.000002 11.186514 -7.206550
v 0.000002 11.358153 -6.575243
v -1.460130 11.090813 -7.206550
v -1.482534 11.260984 -6.575243
v -2.895280 10.805345 -7.206550
v -2.939704 10.971135 -6.575243
v -4.280890 10.334993 -7.206550
v -4.346575 10.493567 -6.575243
v -5.593255 9.687807 -7.206551
v -5.679075 9.836452 -6.575243
v -6.809916 8.874861 -7.206551
v -6.914404 9.011032 -6.575243
v -7.910056 7.910062 -7.206551
v -8.031425 8.031430 -6.575243
v -9.011028 6.914409 -6.575243
v -8.874856 6.809920 -7.206552
v -9.836450 5.679080 -6.575243
v -9.687802 5.593259 -7.206550
v -10.493565 4.346581 -6.575243
v -10.334988 4.280897 -7.206551
v -10.971134 2.939711 -6.575243
v -10.805340 2.895286 -7.206552
v -11.260983 1.482541 -6.575244
v -11.090807 1.460137 -7.206552
v -11.358156 0.000000 -6.575244
v -11.186513 0.000000 -7.206552
v 9.953616 1.310419 -7.206552
v 10.039504 0.000000 -7.206552
v 9.697417 2.598416 -7.206552
v 9.275292 3.841953 -7.206551
v 8.694467 5.019754 -7.206550
v 7.964875 6.111665 -7.206552
v 7.099001 7.099004 -7.206551
v 6.111664 7.964878 -7.206551
v 5.019753 8.694468 -7.206551
v 3.841954 9.275295 -7.206551
v 2.598417 9.697421 -7.206550
v 1.310420 9.953617 -7.206550
v 0.000002 10.039509 -7.206550
v -1.310416 9.953619 -7.206550
v -2.598412 9.697421 -7.206550
v -3.841950 9.275297 -7.206551
v -5.019752 8.694470 -7.206551
v -6.111663 7.964879 -7.206551
v -7.099000 7.099005 -7.206551
v -7.964875 6.111667 -7.206552
v -8.694466 5.019756 -7.206550
v -9.275292 3.841956 -7.206551
v -9.697417 2.598419 -7.206552
v -9.953614 1.310423 -7.206552
v -10.039506 0.000000 -7.206552
v 9.353414 1.231401 -5.544312
v 9.434122 0.000000 -5.544313
v 9.112663 2.441732 -5.544312
v 8.715993 3.610283 -5.544312
v 8.170191 4.717064 -5.544312
v 7.484592 5.743133 -5.544313
v 6.670932 6.670935 -5.544312
v 5.743130 7.484598 -5.544312
v 4.717062 8.170192 -5.544312
v 3.610284 8.715996 -5.544312
v 2.441732 9.112666 -5.544312
v 1.231402 9.353415 -5.544312
v 0.000002 9.434126 -5.544312
v -1.231398 9.353415 -5.544312
v -2.441728 9.112666 -5.544312
v -3.610280 8.715998 -5.544312
v -4.717062 8.170194 -5.544312
v -5.743130 7.484598 -5.544312
v -6.670930 6.670936 -5.544312
v -7.484594 5.743134 -5.544313
v -8.170190 4.717066 -5.544312
v -8.715993 3.610286 -5.544312
v -9.112663 2.441735 -5.544312
v -9.353412 1.231404 -5.544312
v -9.434124 0.000000 -5.544313
v 9.353414 1.231401 -5.544312
v 9.434122 -0.000002 6.705622
v 9.353414 1.231400 6.705622
v 9.434122 0.000000 -5.544313
v 9.112663 2.441730 6.705622
v 9.112663 2.441732 -5.544312
v 8.715993 3.610283 -5.544312
v 8.715993 3.610281 6.705623
v 8.170191 4.717064 -5.544312
v 8.170191 4.717062 6.705623
v 7.484592 5.743131 6.705621
v 7.484592 5.743133 -5.544313
v 6.670932 6.670935 -5.544312
v 6.670931 6.670933 6.705623
v 5.743130 7.484596 6.705623
v 5.743130 7.484598 -5.544312
v 4.717062 8.170190 6.705621
v 4.717062 8.170192 -5.544312
v 3.610284 8.715994 6.705621
v 3.610284 8.715996 -5.544312
v 2.441732 9.112664 6.705622
v 2.441732 9.112666 -5.544312
v 1.231402 9.353413 6.705622
v 1.231402 9.353415 -5.544312
v 0.000002 9.434126 -5.544312
v 0.000002 9.434125 6.705622
v -1.231398 9.353413 6.705622
v -1.231398 9.353415 -5.544312
v -2.441728 9.112666 -5.544312
v -2.441728 9.112664 6.705622
v -3.610280 8.715996 6.705621
v -3.610280 8.715998 -5.544312
v -4.717062 8.170191 6.705621
v -4.717062 8.170194 -5.544312
v -5.743130 7.484596 6.705623
v -5.743130 7.484598 -5.544312
v -6.670930 6.670935 6.705623
v -6.670930 6.670936 -5.544312
v -7.484592 5.743133 6.705621
v -7.484594 5.743134 -5.544313
v -8.170190 4.717064 6.705623
v -8.170190 4.717066 -5.544312
v -8.715992 3.610284 6.705623
v -8.715993 3.610286 -5.544312
v -9.112662 2.441733 6.705622
v -9.112663 2.441735 -5.544312
v -9.353411 1.231403 6.705622
v -9.353412 1.231404 -5.544312
v -9.434123 -0.000002 6.705622
v -9.434124 0.000000 -5.544313
v -2.675983 9.986903 7.789835
v -1.265049 9.608834 8.061113
v -1.349537 10.250750 7.789835
v -2.508411 9.361513 8.061113
v -3.956642 9.552178 7.789835
v -3.708874 8.954012 8.061113
v -5.169603 8.954013 7.789835
v -4.845878 8.393303 8.061113
v -5.899967 7.688983 8.061113
v -6.294110 8.202641 7.789834
v -6.853105 6.853104 8.061113
v -7.310922 7.310920 7.789834
v -7.688998 5.899950 8.061113
v -8.202642 6.294108 7.789834
v -9.552179 3.956641 7.789834
v -9.986905 2.675982 7.789833
v -8.954021 3.708852 8.061113
v -9.361516 2.508410 8.061111
v -10.250751 1.349536 7.789833
v -9.608839 1.265027 8.061111
v -9.691754 -0.000002 8.061111
v -10.339206 -0.000002 7.789833
v 9.608836 1.265062 8.061111
v 10.339206 -0.000002 7.789833
v 10.250746 1.349573 7.789833
v 9.691754 -0.000002 8.061111
v 9.361506 2.508446 8.061111
v 9.986895 2.676021 7.789833
v 8.953999 3.708909 8.061113
v 9.552164 3.956681 7.789834
v 8.202615 6.294146 7.789834
v 6.853073 6.853136 8.061113
v 7.688960 5.899999 8.061113
v 7.310887 7.310955 7.789834
v 5.899928 7.689013 8.061113
v 6.294068 8.202673 7.789834
v 4.845834 8.393329 8.061113
v 5.169556 8.954040 7.789835
v 3.708826 8.954031 8.061113
v 3.956591 9.552199 7.789835
v 2.508358 9.361526 8.061113
v 2.675927 9.986918 7.789835
v 1.264980 9.608843 8.061113
v 1.349477 10.250757 7.789835
v -1.410956 10.717267 7.503413
v -0.000000 10.339204 7.789835
v -0.000000 10.809747 7.503413
v -2.797769 10.441414 7.503413
v -4.136712 9.986904 7.503413
v -5.404875 9.361514 7.503413
v -6.580558 8.575948 7.503413
v -7.643647 7.643645 7.503413
v -8.575950 6.580555 7.503413
v -8.954015 5.169601 7.789834
v -9.361516 5.404873 7.503413
v -9.986905 4.136711 7.503413
v -10.441415 2.797768 7.503412
v -10.717269 1.410955 7.503412
v -10.809749 -0.000002 7.503412
v 10.717264 1.410993 7.503412
v 10.809749 -0.000002 7.503412
v 10.441404 2.797808 7.503412
v 9.986888 4.136752 7.503413
v 9.361493 5.404913 7.503413
v 8.953992 5.169640 7.789834
v 8.575919 6.580595 7.503413
v 7.643610 7.643681 7.503413
v 6.580515 8.575982 7.503413
v 5.404825 9.361543 7.503413
v 4.136658 9.986926 7.503413
v 2.797710 10.441429 7.503413
v 1.410892 10.717275 7.503413
v -0.467940 3.558878 9.089895
v -0.000000 2.178594 9.168011
v -0.000007 3.589549 9.089895
v -0.284364 2.159956 9.168011
v -0.929044 3.467238 9.089895
v -0.563862 2.104360 9.168011
v -0.833713 2.012758 9.168011
v -1.373662 3.316311 9.089895
v -1.794776 3.108640 9.089895
v -1.089298 1.886717 9.168011
v -1.326245 1.728395 9.168011
v -2.185180 2.847781 9.089893
v -2.538196 2.538194 9.089893
v -1.540500 1.540498 9.168011
v -1.728397 1.326243 9.168011
v -2.847787 2.185173 9.089893
v -1.886720 1.089296 9.168011
v -3.108646 1.794767 9.089893
v -3.316050 1.374190 9.089893
v -2.012760 0.833711 9.168011
v -3.467240 0.929043 9.089893
v -2.104362 0.563860 9.168011
v -3.558842 0.468529 9.089893
v -2.159958 0.284362 9.168011
v -3.589552 -0.000002 9.089893
v -2.178596 -0.000002 9.168011
v 3.558840 0.468542 9.089893
v 2.178596 -0.000002 9.168011
v 3.589552 -0.000002 9.089893
v 2.159957 0.284370 9.168011
v 2.104360 0.563869 9.168011
v 3.467237 0.929056 9.089893
v 3.316308 1.373673 9.089893
v 2.012757 0.833719 9.168011
v 3.108635 1.794787 9.089893
v 1.886715 1.089304 9.168011
v 2.848439 2.184194 9.089893
v 1.728390 1.326251 9.168011
v 2.538184 2.538206 9.089893
v 1.540493 1.540505 9.168011
v 2.185166 2.847791 9.089893
v 1.326236 1.728401 9.168011
v 1.794760 3.108650 9.089895
v 1.089288 1.886723 9.168011
v 1.373644 3.316318 9.089895
v 0.833702 2.012763 9.168011
v 0.929025 3.467244 9.089895
v 0.563850 2.104363 9.168011
v 0.468513 3.558842 9.089895
v 0.284351 2.159957 9.168011
v 4.586336 3.186197 8.907500
v 3.449335 2.529743 9.041279
v 3.708865 2.141333 9.041279
v 4.845866 2.797786 8.907497
v 5.640422 3.794780 8.739454
v 5.899952 3.406370 8.739454
v 6.593558 4.345080 8.540020
v 6.853089 3.956669 8.540020
v 7.429437 4.827680 8.312609
v 7.688967 4.439268 8.312609
v 8.133754 5.234322 8.061113
v 8.393284 4.845912 8.061113
v 3.917578 1.718110 9.041279
v 5.054578 2.374564 8.907497
v 6.108665 2.983147 8.739454
v 7.061800 3.533446 8.540020
v 7.897679 4.016047 8.312609
v 8.601996 4.422689 8.061111
v -0.466162 5.564981 8.907500
v -0.000018 4.282637 9.041279
v -0.000024 5.595535 8.907500
v -0.466156 4.252083 9.041279
v -0.466167 6.782138 8.739454
v -0.000029 6.812692 8.739454
v -0.466172 7.882728 8.540020
v -0.000034 7.913282 8.540020
v -0.466177 8.847918 8.312609
v -0.000038 8.878472 8.312609
v -0.466181 9.661197 8.061113
v -0.000042 9.691751 8.061113
v 0.470854 5.564674 8.907500
v 0.470860 4.251776 9.041279
v 0.470849 6.781831 8.739454
v 0.470844 7.882421 8.540020
v 0.470840 8.847611 8.312609
v 0.470835 9.660891 8.061113
v -5.052497 2.378781 8.907497
v -3.915491 1.722337 9.041279
v -3.708883 2.141302 9.041279
v -4.845889 2.797746 8.907497
v -6.106589 2.987356 8.739454
v -5.899981 3.406320 8.739454
v -7.059731 3.537646 8.540021
v -6.853122 3.956611 8.540020
v -7.895614 4.020238 8.312609
v -7.689004 4.439203 8.312609
v -8.599935 4.426874 8.061113
v -8.393326 4.845839 8.061113
v -3.446718 2.533664 9.041279
v -4.583724 3.190107 8.907500
v -5.637816 3.798682 8.739454
v -6.590957 4.348973 8.540020
v -7.426839 4.831564 8.312609
v -8.131162 5.238200 8.061111
v -1.265049 9.608834 8.061113
v -2.508411 9.361513 8.061113
v -2.373139 8.856674 7.488100
v -0.715719 9.120973 7.487960
v -3.708874 8.954012 8.061113
v -3.508865 8.471148 7.488098
v -4.584554 7.940677 7.488098
v -4.845878 8.393303 8.061113
v -5.581798 7.274339 7.488098
v -5.899967 7.688983 8.061113
v -6.483538 6.483535 7.488098
v -6.853105 6.853104 8.061113
v -7.688998 5.899950 8.061113
v -7.538543 5.184198 7.487959
v -8.131162 5.238200 8.061111
v -7.426839 4.831564 8.312609
v -7.089921 4.927345 7.648893
v -6.590957 4.348973 8.540020
v -6.298896 4.474702 7.864306
v -5.637816 3.798682 8.739454
v -5.381474 3.948263 8.056604
v -4.583724 3.190107 8.907500
v -4.357189 3.359592 8.220276
v -3.446718 2.533664 9.041279
v -3.245736 2.720251 8.351435
v -2.847787 2.185173 9.089893
v -2.853673 2.484145 8.383618
v -2.538196 2.538194 9.089893
v -2.681048 2.681046 8.381496
v -2.308164 3.008057 8.381498
v -2.185180 2.847781 9.089893
v -1.895788 3.283598 8.381498
v -1.794776 3.108640 9.089895
v -1.450973 3.502957 8.381498
v -1.373662 3.316311 9.089895
v -0.981316 3.662384 8.381500
v -0.929044 3.467238 9.089895
v -0.722654 3.713758 8.383606
v -0.467940 3.558878 9.089895
v -0.466156 4.252083 9.041279
v -0.728235 4.172080 8.351381
v -0.726208 5.453535 8.220276
v -0.466162 5.564981 8.907500
v -0.723879 6.634927 8.056604
v -0.466167 6.782138 8.739454
v -0.721087 7.692657 7.864306
v -0.466172 7.882728 8.540020
v -0.717584 8.604027 7.648893
v -0.466177 8.847918 8.312609
v -0.466181 9.661197 8.061113
v -8.856676 2.373139 7.488098
v -8.256854 3.940656 7.487962
v -8.954021 3.708852 8.061113
v -9.361516 2.508410 8.061111
v -9.608839 1.265027 8.061111
v -9.090662 1.196808 7.488098
v -9.691754 -0.000002 8.061111
v -9.169106 -0.000002 7.488098
v -3.558842 0.468529 9.089893
v -3.791575 -0.000002 8.381496
v -3.589552 -0.000002 9.089893
v -3.759137 0.494899 8.381496
v -3.467240 0.929043 9.089893
v -3.662377 0.981347 8.381498
v -3.577537 1.231041 8.383604
v -3.316050 1.374190 9.089893
v -3.915491 1.722337 9.041279
v -3.977247 1.455369 8.351381
v -5.052497 2.378781 8.907497
v -5.086005 2.097852 8.220276
v -6.106589 2.987356 8.739454
v -6.107957 2.690566 8.056602
v -7.059731 3.537646 8.540021
v -7.022581 3.221849 7.864307
v -7.895614 4.020238 8.312609
v -7.810100 3.680567 7.648894
v -8.599935 4.426874 8.061113
v 9.090659 1.196841 7.488098
v 9.691754 -0.000002 8.061111
v 9.608836 1.265062 8.061111
v 9.169106 -0.000002 7.488098
v 8.856666 2.373172 7.488098
v 9.361506 2.508446 8.061111
v 8.953999 3.708909 8.061113
v 8.258921 3.936466 7.487959
v 8.601996 4.422689 8.061111
v 7.897679 4.016047 8.312609
v 7.812170 3.676375 7.648893
v 7.061800 3.533446 8.540020
v 7.024655 3.217648 7.864306
v 6.108665 2.983147 8.739454
v 6.110035 2.686357 8.056602
v 5.054578 2.374564 8.907497
v 5.088088 2.093636 8.220276
v 3.917578 1.718110 9.041279
v 3.978675 1.450760 8.351435
v 3.316308 1.373673 9.089893
v 3.578170 1.229283 8.383618
v 3.467237 0.929056 9.089893
v 3.662376 0.981344 8.381496
v 3.759135 0.494912 8.381496
v 3.558840 0.468542 9.089893
v 3.791575 -0.000002 8.381496
v 3.589552 -0.000002 9.089893
v 6.483506 6.483566 7.488098
v 7.541137 5.180314 7.487962
v 7.688960 5.899999 8.061113
v 6.853073 6.853136 8.061113
v 5.899928 7.689013 8.061113
v 5.581761 7.274365 7.488098
v 4.845834 8.393329 8.061113
v 4.584511 7.940701 7.488098
v 3.708826 8.954031 8.061113
v 3.508819 8.471166 7.488098
v 2.508358 9.361526 8.061113
v 2.373089 8.856688 7.488100
v 1.264980 9.608843 8.061113
v 0.720378 9.120667 7.487960
v 0.470835 9.660891 8.061113
v 0.470840 8.847611 8.312609
v 0.722248 8.603724 7.648893
v 0.470844 7.882421 8.540020
v 0.725761 7.692352 7.864306
v 0.470849 6.781831 8.739454
v 0.728562 6.634623 8.056604
v 0.470854 5.564674 8.907500
v 0.730900 5.453231 8.220276
v 0.470860 4.251776 9.041279
v 0.732941 4.171012 8.351438
v 0.724491 3.713426 8.383618
v 0.468513 3.558842 9.089895
v 0.929025 3.467244 9.089895
v 0.981311 3.662384 8.381498
v 1.373644 3.316318 9.089895
v 1.450954 3.502964 8.381498
v 1.794760 3.108650 9.089895
v 1.895771 3.283608 8.381498
v 2.185166 2.847791 9.089893
v 2.308149 3.008068 8.381498
v 2.538184 2.538206 9.089893
v 2.681061 2.681038 8.381498
v 2.848439 2.184194 9.089893
v 2.855117 2.482396 8.383604
v 3.248917 2.716654 8.351389
v 3.449335 2.529743 9.041279
v 4.359798 3.355680 8.220276
v 4.586336 3.186197 8.907500
v 5.384079 3.944360 8.056604
v 5.640422 3.794780 8.739454
v 6.301496 4.470808 7.864306
v 6.593558 4.345080 8.540020
v 7.092517 4.923458 7.648894
v 7.429437 4.827680 8.312609
v 8.133754 5.234322 8.061113
v 10.472935 -1.378790 5.668264
v 9.774310 -1.286814 0.000000
v 10.203368 -2.733986 5.668264
v 9.522727 -2.551608 -0.000000
v 9.759222 -4.042404 5.668263
v 9.108208 -3.772744 -0.000000
v 9.148089 -5.281654 5.668265
v 8.537843 -4.929326 -0.000001
v 8.380434 -6.430534 5.668265
v 7.821395 -6.001567 -0.000001
v 7.469385 -7.469386 5.668265
v 6.971120 -6.971120 -0.000001
v 6.430533 -8.380435 5.668261
v 6.001568 -7.821395 -0.000001
v 5.281654 -9.148092 5.668264
v 4.929326 -8.537844 -0.000001
v 4.042403 -9.759224 5.668260
v 3.772744 -9.108209 -0.000001
v 2.733987 -10.203372 5.668260
v 2.551609 -9.522728 -0.000001
v 1.378790 -10.472935 5.668260
v 1.286814 -9.774310 -0.000001
v 0.000002 -10.563305 5.668260
v 0.000002 -9.858652 -0.000001
v -1.378785 -10.472936 5.668260
v -1.286810 -9.774311 -0.000001
v -2.733982 -10.203372 5.668260
v -2.551604 -9.522728 -0.000001
v -4.042398 -9.759226 5.668264
v -3.772740 -9.108209 -0.000001
v -5.281649 -9.148092 5.668264
v -4.929324 -8.537846 -0.000001
v -6.430530 -8.380436 5.668261
v -6.001565 -7.821395 -0.000001
v -7.469383 -7.469388 5.668265
v -6.971117 -6.971122 -0.000001
v -8.380433 -6.430536 5.668265
v -7.821393 -6.001569 -0.000001
v -9.148090 -5.281656 5.668265
v -8.537841 -4.929328 -0.000001
v -9.759219 -4.042407 5.668263
v -9.108204 -3.772747 -0.000000
v -10.203369 -2.733990 5.668267
v -9.522725 -2.551611 -0.000000
v -10.472935 -1.378794 5.668264
v -9.774309 -1.286817 0.000000
v 11.260983 -1.482539 6.575243
v 10.971134 -2.939709 6.575243
v 10.493566 -4.346580 6.575243
v 9.836450 -5.679078 6.575243
v 9.011030 -6.914408 6.575243
v 8.031428 -8.031430 6.575243
v 6.914407 -9.011032 6.575241
v 5.679078 -9.836452 6.575241
v 4.346579 -10.493567 6.575241
v 2.939708 -10.971136 6.575241
v 1.482539 -11.260983 6.575241
v 0.000002 -11.358156 6.575241
v -1.482534 -11.260984 6.575241
v -2.939704 -10.971136 6.575241
v -4.346575 -10.493570 6.575241
v -5.679075 -9.836452 6.575241
v -6.914404 -9.011032 6.575241
v -8.031425 -8.031432 6.575243
v -9.011028 -6.914409 6.575243
v -9.836450 -5.679081 6.575243
v -10.493565 -4.346582 6.575243
v -10.971134 -2.939713 6.575243
v -11.260983 -1.482543 6.575243
v 10.472935 -1.378788 -5.668265
v 10.203368 -2.733985 -5.668265
v 9.759222 -4.042402 -5.668265
v 9.148089 -5.281652 -5.668267
v 8.380434 -6.430533 -5.668267
v 7.469385 -7.469385 -5.668267
v 6.430533 -8.380433 -5.668264
v 5.281654 -9.148090 -5.668267
v 4.042403 -9.759222 -5.668264
v 2.733987 -10.203370 -5.668264
v 1.378790 -10.472932 -5.668264
v 0.000002 -10.563304 -5.668264
v -1.378785 -10.472935 -5.668264
v -2.733982 -10.203370 -5.668264
v -4.042398 -9.759224 -5.668267
v -5.281649 -9.148090 -5.668267
v -6.430530 -8.380435 -5.668264
v -7.469383 -7.469386 -5.668267
v -8.380433 -6.430534 -5.668267
v -9.148090 -5.281654 -5.668267
v -9.759219 -4.042405 -5.668265
v -10.203369 -2.733988 -5.668267
v -10.472935 -1.378792 -5.668265
v 11.260983 -1.482536 -6.575245
v 10.971134 -2.939707 -6.575245
v 10.493566 -4.346577 -6.575246
v 9.836450 -5.679077 -6.575246
v 9.011030 -6.914406 -6.575246
v 8.031428 -8.031428 -6.575246
v 6.914407 -9.011030 -6.575246
v 5.679078 -9.836451 -6.575246
v 4.346579 -10.493567 -6.575246
v 2.939708 -10.971135 -6.575246
v 1.482539 -11.260983 -6.575246
v 0.000002 -11.358153 -6.575246
v -1.482534 -11.260984 -6.575246
v -2.939704 -10.971135 -6.575246
v -4.346575 -10.493567 -6.575246
v -5.679075 -9.836452 -6.575246
v -6.914404 -9.011032 -6.575246
v -8.031425 -8.031430 -6.575246
v -9.011028 -6.914408 -6.575246
v -9.836450 -5.679080 -6.575246
v -10.493565 -4.346580 -6.575246
v -10.971134 -2.939710 -6.575245
v -11.260983 -1.482540 -6.575245
v 11.045608 -1.454205 7.206651
v 11.260983 -1.482539 6.575243
v 10.761298 -2.883506 7.206651
v 10.971134 -2.939709 6.575243
v 10.292861 -4.263470 7.206650
v 10.493566 -4.346580 6.575243
v 9.648310 -5.570483 7.206650
v 9.836450 -5.679078 6.575243
v 8.838673 -6.782185 7.206648
v 9.011030 -6.914408 6.575243
v 7.877803 -7.877842 7.206648
v 8.031428 -8.031430 6.575243
v 6.914407 -9.011032 6.575241
v 6.782141 -8.838707 7.206647
v 5.679078 -9.836452 6.575241
v 5.570436 -9.648338 7.206647
v 4.346579 -10.493567 6.575241
v 4.263419 -10.292883 7.206648
v 2.939708 -10.971136 6.575241
v 2.883453 -10.761315 7.206649
v 1.482539 -11.260983 6.575241
v 1.454151 -11.045615 7.206649
v 0.000002 -11.358156 6.575241
v 0.000001 -11.140924 7.206649
v -1.454181 -11.045612 7.206649
v -1.482534 -11.260984 6.575241
v -2.883482 -10.761307 7.206649
v -2.939704 -10.971136 6.575241
v -4.263445 -10.292872 7.206648
v -4.346575 -10.493570 6.575241
v -5.570460 -9.648325 7.206647
v -5.679075 -9.836452 6.575241
v -6.782164 -8.838690 7.206647
v -6.914404 -9.011032 6.575241
v -7.877820 -7.877824 7.206648
v -8.031425 -8.031432 6.575243
v -9.011028 -6.914409 6.575243
v -8.838688 -6.782167 7.206648
v -9.836450 -5.679081 6.575243
v -9.648321 -5.570464 7.206650
v -10.493565 -4.346582 6.575243
v -10.292870 -4.263451 7.206650
v -10.971134 -2.939713 6.575243
v -10.761305 -2.883487 7.206651
v -11.260983 -1.482543 6.575243
v -11.045609 -1.454187 7.206651
v 11.090809 -1.460133 -7.206552
v 11.260983 -1.482536 -6.575245
v 10.805340 -2.895282 -7.206553
v 10.971134 -2.939707 -6.575245
v 10.334988 -4.280893 -7.206553
v 10.493566 -4.346577 -6.575246
v 9.687803 -5.593256 -7.206553
v 9.836450 -5.679077 -6.575246
v 8.874857 -6.809916 -7.206555
v 9.011030 -6.914406 -6.575246
v 7.910058 -7.910058 -7.206554
v 8.031428 -8.031428 -6.575246
v 6.914407 -9.011030 -6.575246
v 6.809917 -8.874859 -7.206554
v 5.593256 -9.687805 -7.206554
v 5.679078 -9.836451 -6.575246
v 4.280894 -10.334991 -7.206555
v 4.346579 -10.493567 -6.575246
v 2.895284 -10.805345 -7.206555
v 2.939708 -10.971135 -6.575246
v 1.460135 -11.090812 -7.206555
v 1.482539 -11.260983 -6.575246
v 0.000002 -11.186514 -7.206555
v 0.000002 -11.358153 -6.575246
v -1.460130 -11.090813 -7.206555
v -1.482534 -11.260984 -6.575246
v -2.895280 -10.805345 -7.206555
v -2.939704 -10.971135 -6.575246
v -4.280890 -10.334993 -7.206555
v -4.346575 -10.493567 -6.575246
v -5.593255 -9.687807 -7.206554
v -5.679075 -9.836452 -6.575246
v -6.809916 -8.874861 -7.206554
v -6.914404 -9.011032 -6.575246
v -7.910056 -7.910060 -7.206554
v -8.031425 -8.031430 -6.575246
v -8.874856 -6.809919 -7.206555
v -9.011028 -6.914408 -6.575246
v -9.687802 -5.593258 -7.206553
v -9.836450 -5.679080 -6.575246
v -10.334988 -4.280896 -7.206553
v -10.493565 -4.346580 -6.575246
v -10.805340 -2.895285 -7.206553
v -10.971134 -2.939710 -6.575245
v -11.090807 -1.460136 -7.206552
v -11.260983 -1.482540 -6.575245
v 9.953616 -1.310419 -7.206552
v 9.697417 -2.598415 -7.206553
v 9.275292 -3.841953 -7.206553
v 8.694467 -5.019753 -7.206553
v 7.964875 -6.111664 -7.206554
v 7.099001 -7.099003 -7.206553
v 6.111664 -7.964878 -7.206554
v 5.019753 -8.694468 -7.206554
v 3.841954 -9.275295 -7.206554
v 2.598417 -9.697421 -7.206554
v 1.310420 -9.953617 -7.206554
v 0.000002 -10.039509 -7.206554
v -1.310416 -9.953619 -7.206554
v -2.598412 -9.697421 -7.206554
v -3.841950 -9.275297 -7.206554
v -5.019752 -8.694470 -7.206554
v -6.111663 -7.964878 -7.206554
v -7.099000 -7.099004 -7.206553
v -7.964875 -6.111666 -7.206554
v -8.694466 -5.019756 -7.206553
v -9.275292 -3.841955 -7.206553
v -9.697417 -2.598418 -7.206553
v -9.953614 -1.310422 -7.206552
v 9.353414 -1.231401 -5.544313
v 9.112663 -2.441732 -5.544313
v 8.715993 -3.610283 -5.544314
v 8.170191 -4.717063 -5.544313
v 7.484592 -5.743132 -5.544314
v 6.670932 -6.670934 -5.544315
v 5.743130 -7.484597 -5.544315
v 4.717062 -8.170192 -5.544315
v 3.610284 -8.715996 -5.544315
v 2.441732 -9.112666 -5.544315
v 1.231402 -9.353415 -5.544315
v 0.000002 -9.434126 -5.544315
v -1.231398 -9.353415 -5.544315
v -2.441728 -9.112666 -5.544315
v -3.610280 -8.715998 -5.544315
v -4.717062 -8.170194 -5.544315
v -5.743130 -7.484597 -5.544315
v -6.670930 -6.670935 -5.544315
v -7.484594 -5.743134 -5.544314
v -8.170190 -4.717065 -5.544313
v -8.715993 -3.610286 -5.544314
v -9.112663 -2.441735 -5.544313
v -9.353412 -1.231404 -5.544313
v 9.353414 -1.231401 -5.544313
v 9.353414 -1.231403 6.705622
v 9.112663 -2.441732 -5.544313
v 9.112663 -2.441734 6.705622
v 8.715993 -3.610285 6.705621
v 8.715993 -3.610283 -5.544314
v 8.170191 -4.717063 -5.544313
v 8.170191 -4.717065 6.705623
v 7.484592 -5.743134 6.705618
v 7.484592 -5.743132 -5.544314
v 6.670932 -6.670934 -5.544315
v 6.670931 -6.670937 6.705621
v 5.743130 -7.484597 -5.544315
v 5.743130 -7.484598 6.705621
v 4.717062 -8.170192 -5.544315
v 4.717062 -8.170193 6.705621
v 3.610284 -8.715996 -5.544315
v 3.610284 -8.715997 6.705621
v 2.441732 -9.112666 -5.544315
v 2.441732 -9.112667 6.705621
v 1.231402 -9.353415 -5.544315
v 1.231402 -9.353417 6.705621
v 0.000002 -9.434126 -5.544315
v 0.000002 -9.434128 6.705621
v -1.231398 -9.353415 -5.544315
v -1.231398 -9.353417 6.705621
v -2.441728 -9.112666 -5.544315
v -2.441728 -9.112667 6.705621
v -3.610280 -8.715998 -5.544315
v -3.610280 -8.715999 6.705621
v -4.717062 -8.170194 -5.544315
v -4.717062 -8.170195 6.705621
v -5.743130 -7.484597 -5.544315
v -5.743130 -7.484598 6.705621
v -6.670930 -6.670935 -5.544315
v -6.670930 -6.670938 6.705621
v -7.484592 -5.743135 6.705618
v -7.484594 -5.743134 -5.544314
v -8.170190 -4.717065 -5.544313
v -8.170190 -4.717067 6.705623
v -8.715992 -3.610287 6.705621
v -8.715993 -3.610286 -5.544314
v -9.112663 -2.441735 -5.544313
v -9.112662 -2.441737 6.705622
v -9.353411 -1.231406 6.705622
v -9.353412 -1.231404 -5.544313
v -1.265049 -9.608839 8.061110
v -2.508411 -9.361520 8.061110
v -2.675983 -9.986907 7.789830
v -1.349537 -10.250753 7.789830
v -3.708874 -8.954019 8.061110
v -3.956642 -9.552182 7.789830
v -5.169603 -8.954017 7.789830
v -4.845878 -8.393309 8.061111
v -6.294110 -8.202644 7.789832
v -5.899967 -7.688988 8.061111
v -6.853105 -6.853107 8.061111
v -7.310922 -7.310925 7.789832
v -8.202642 -6.294112 7.789832
v -7.688998 -5.899953 8.061111
v -9.986905 -2.675987 7.789833
v -9.552179 -3.956645 7.789832
v -8.954021 -3.708857 8.061111
v -9.361516 -2.508414 8.061111
v -10.250751 -1.349541 7.789833
v -9.608839 -1.265032 8.061111
v 9.608836 -1.265066 8.061111
v 10.250746 -1.349578 7.789833
v 9.361506 -2.508450 8.061111
v 9.986895 -2.676025 7.789833
v 8.953999 -3.708913 8.061111
v 9.552164 -3.956685 7.789832
v 8.202615 -6.294149 7.789832
v 6.853073 -6.853140 8.061111
v 7.310887 -7.310959 7.789832
v 7.688960 -5.900003 8.061111
v 5.899928 -7.689016 8.061111
v 6.294068 -8.202677 7.789832
v 4.845834 -8.393334 8.061111
v 5.169556 -8.954043 7.789830
v 3.956591 -9.552203 7.789830
v 3.708826 -8.954037 8.061110
v 2.675927 -9.986922 7.789830
v 2.508358 -9.361533 8.061110
v 1.264980 -9.608849 8.061110
v 1.349477 -10.250761 7.789830
v -0.000000 -10.339208 7.789830
v -1.410956 -10.717270 7.503410
v -0.000000 -10.809752 7.503410
v -2.797769 -10.441417 7.503410
v -4.136712 -9.986907 7.503410
v -5.404875 -9.361518 7.503410
v -6.580558 -8.575952 7.503411
v -7.643647 -7.643649 7.503411
v -8.575950 -6.580560 7.503411
v -8.954015 -5.169605 7.789832
v -9.361516 -5.404877 7.503411
v -9.986905 -4.136714 7.503411
v -10.441415 -2.797772 7.503412
v -10.717269 -1.410959 7.503412
v 10.717264 -1.410998 7.503412
v 10.441404 -2.797813 7.503412
v 9.986888 -4.136755 7.503411
v 9.361493 -5.404917 7.503411
v 8.953992 -5.169644 7.789832
v 8.575919 -6.580599 7.503411
v 7.643610 -7.643685 7.503411
v 6.580515 -8.575985 7.503411
v 5.404825 -9.361547 7.503410
v 4.136658 -9.986930 7.503410
v 2.797710 -10.441433 7.503410
v 1.410892 -10.717278 7.503410
v -0.000000 -2.178599 9.168011
v -0.467940 -3.558883 9.089893
v -0.000007 -3.589554 9.089893
v -0.284364 -2.159960 9.168011
v -0.929044 -3.467243 9.089893
v -0.563862 -2.104365 9.168011
v -0.833713 -2.012763 9.168011
v -1.373662 -3.316316 9.089893
v -1.794776 -3.108645 9.089893
v -1.089298 -1.886722 9.168011
v -1.326245 -1.728399 9.168011
v -2.185180 -2.847785 9.089893
v -2.538196 -2.538199 9.089893
v -1.540500 -1.540503 9.168011
v -1.728397 -1.326248 9.168011
v -2.847787 -2.185178 9.089893
v -1.886720 -1.089301 9.168011
v -3.108646 -1.794772 9.089893
v -3.316050 -1.374195 9.089893
v -2.012760 -0.833715 9.168011
v -3.467240 -0.929047 9.089893
v -2.104362 -0.563865 9.168011
v -3.558842 -0.468533 9.089893
v -2.159958 -0.284367 9.168011
v 3.558840 -0.468546 9.089893
v 2.159957 -0.284374 9.168011
v 2.104360 -0.563873 9.168011
v 3.467237 -0.929061 9.089893
v 3.316308 -1.373678 9.089893
v 2.012757 -0.833723 9.168011
v 3.108635 -1.794791 9.089893
v 1.886715 -1.089309 9.168011
v 2.848439 -2.184199 9.089893
v 1.728390 -1.326256 9.168011
v 2.538184 -2.538211 9.089893
v 1.540493 -1.540510 9.168011
v 2.185166 -2.847796 9.089893
v 1.326236 -1.728406 9.168011
v 1.089288 -1.886728 9.168011
v 1.794760 -3.108655 9.089893
v 1.373644 -3.316323 9.089893
v 0.833702 -2.012767 9.168011
v 0.563850 -2.104368 9.168011
v 0.929025 -3.467248 9.089893
v 0.468513 -3.558847 9.089893
v 0.284351 -2.159962 9.168011
v 4.845866 -2.797791 8.907497
v 3.708865 -2.141337 9.041279
v 4.586336 -3.186202 8.907497
v 3.449335 -2.529748 9.041279
v 5.899952 -3.406374 8.739452
v 5.640422 -3.794785 8.739452
v 6.853089 -3.956673 8.540018
v 6.593558 -4.345084 8.540018
v 7.688967 -4.439272 8.312607
v 7.429437 -4.827683 8.312607
v 8.133754 -5.234325 8.061111
v 8.393284 -4.845915 8.061111
v 5.054578 -2.374569 8.907497
v 3.917578 -1.718115 9.041279
v 6.108665 -2.983151 8.739452
v 7.061800 -3.533450 8.540018
v 7.897679 -4.016050 8.312607
v 8.601996 -4.422693 8.061110
v -0.466156 -4.252087 9.041277
v -0.466162 -5.564984 8.907497
v -0.000018 -4.282641 9.041277
v -0.000024 -5.595538 8.907497
v -0.466167 -6.782141 8.739452
v -0.000029 -6.812696 8.739452
v -0.466172 -7.882731 8.540018
v -0.000034 -7.913286 8.540018
v -0.466177 -8.847923 8.312605
v -0.000038 -8.878478 8.312605
v -0.466181 -9.661203 8.061110
v -0.000042 -9.691756 8.061110
v 0.470854 -5.564678 8.907497
v 0.470860 -4.251780 9.041277
v 0.470849 -6.781835 8.739452
v 0.470844 -7.882425 8.540018
v 0.470840 -8.847616 8.312605
v 0.470835 -9.660896 8.061110
v -4.845889 -2.797751 8.907497
v -3.708883 -2.141307 9.041279
v -5.052497 -2.378786 8.907497
v -3.915491 -1.722342 9.041279
v -5.899981 -3.406325 8.739452
v -6.106589 -2.987360 8.739452
v -6.853122 -3.956616 8.540018
v -7.059731 -3.537650 8.540020
v -7.689004 -4.439207 8.312607
v -7.895614 -4.020242 8.312607
v -8.599935 -4.426878 8.061111
v -8.393326 -4.845843 8.061111
v -4.583724 -3.190112 8.907497
v -3.446718 -2.533668 9.041279
v -5.637816 -3.798687 8.739452
v -6.590957 -4.348977 8.540018
v -7.426839 -4.831568 8.312607
v -8.131162 -5.238204 8.061110
v -0.715719 -9.120976 7.487957
v -2.373139 -8.856678 7.488096
v -1.265049 -9.608839 8.061110
v -2.508411 -9.361520 8.061110
v -3.508865 -8.471151 7.488097
v -3.708874 -8.954019 8.061110
v -4.845878 -8.393309 8.061111
v -4.584554 -7.940681 7.488097
v -5.899967 -7.688988 8.061111
v -5.581798 -7.274343 7.488097
v -6.853105 -6.853107 8.061111
v -6.483538 -6.483539 7.488097
v -7.688998 -5.899953 8.061111
v -7.538543 -5.184202 7.487957
v -8.131162 -5.238204 8.061110
v -7.426839 -4.831568 8.312607
v -7.089921 -4.927349 7.648891
v -6.590957 -4.348977 8.540018
v -6.298896 -4.474706 7.864304
v -5.637816 -3.798687 8.739452
v -5.381474 -3.948268 8.056602
v -4.583724 -3.190112 8.907497
v -4.357189 -3.359596 8.220274
v -3.446718 -2.533668 9.041279
v -3.245736 -2.720255 8.351435
v -2.847787 -2.185178 9.089893
v -2.853673 -2.484149 8.383618
v -2.538196 -2.538199 9.089893
v -2.681048 -2.681051 8.381496
v -2.308164 -3.008061 8.381496
v -2.185180 -2.847785 9.089893
v -1.895788 -3.283602 8.381496
v -1.794776 -3.108645 9.089893
v -1.450973 -3.502961 8.381496
v -1.373662 -3.316316 9.089893
v -0.981316 -3.662388 8.381498
v -0.929044 -3.467243 9.089893
v -0.722654 -3.713762 8.383604
v -0.467940 -3.558883 9.089893
v -0.466156 -4.252087 9.041277
v -0.728235 -4.172084 8.351379
v -0.726208 -5.453539 8.220274
v -0.466162 -5.564984 8.907497
v -0.723879 -6.634931 8.056602
v -0.466167 -6.782141 8.739452
v -0.721087 -7.692660 7.864304
v -0.466172 -7.882731 8.540018
v -0.717584 -8.604031 7.648891
v -0.466177 -8.847923 8.312605
v -0.466181 -9.661203 8.061110
v -9.361516 -2.508414 8.061111
v -8.954021 -3.708857 8.061111
v -8.856676 -2.373143 7.488098
v -8.256854 -3.940660 7.487959
v -9.608839 -1.265032 8.061111
v -9.090662 -1.196812 7.488098
v -3.558842 -0.468533 9.089893
v -3.759137 -0.494903 8.381496
v -3.467240 -0.929047 9.089893
v -3.662377 -0.981351 8.381498
v -3.577537 -1.231045 8.383604
v -3.316050 -1.374195 9.089893
v -3.915491 -1.722342 9.041279
v -3.977247 -1.455373 8.351381
v -5.052497 -2.378786 8.907497
v -5.086005 -2.097857 8.220276
v -6.106589 -2.987360 8.739452
v -6.107957 -2.690570 8.056602
v -7.059731 -3.537650 8.540020
v -7.022581 -3.221853 7.864305
v -7.895614 -4.020242 8.312607
v -7.810100 -3.680571 7.648893
v -8.599935 -4.426878 8.061111
v 9.090659 -1.196845 7.488098
v 9.608836 -1.265066 8.061111
v 8.856666 -2.373176 7.488098
v 9.361506 -2.508450 8.061111
v 8.953999 -3.708913 8.061111
v 8.258921 -3.936471 7.487957
v 8.601996 -4.422693 8.061110
v 7.812170 -3.676380 7.648891
v 7.897679 -4.016050 8.312607
v 7.024655 -3.217652 7.864304
v 7.061800 -3.533450 8.540018
v 6.110035 -2.686362 8.056602
v 6.108665 -2.983151 8.739452
v 5.088088 -2.093641 8.220276
v 5.054578 -2.374569 8.907497
v 3.978675 -1.450764 8.351435
v 3.917578 -1.718115 9.041279
v 3.578170 -1.229287 8.383618
v 3.316308 -1.373678 9.089893
v 3.467237 -0.929061 9.089893
v 3.662376 -0.981349 8.381496
v 3.759135 -0.494916 8.381496
v 3.558840 -0.468546 9.089893
v 6.853073 -6.853140 8.061111
v 7.688960 -5.900003 8.061111
v 6.483506 -6.483570 7.488097
v 7.541137 -5.180318 7.487959
v 5.899928 -7.689016 8.061111
v 5.581761 -7.274369 7.488097
v 4.845834 -8.393334 8.061111
v 4.584511 -7.940704 7.488097
v 3.708826 -8.954037 8.061110
v 3.508819 -8.471169 7.488097
v 2.508358 -9.361533 8.061110
v 2.373089 -8.856691 7.488096
v 1.264980 -9.608849 8.061110
v 0.720378 -9.120671 7.487957
v 0.470835 -9.660896 8.061110
v 0.470840 -8.847616 8.312605
v 0.722248 -8.603726 7.648891
v 0.470844 -7.882425 8.540018
v 0.725761 -7.692357 7.864304
v 0.470849 -6.781835 8.739452
v 0.728562 -6.634626 8.056602
v 0.470854 -5.564678 8.907497
v 0.730900 -5.453235 8.220274
v 0.470860 -4.251780 9.041277
v 0.732941 -4.171016 8.351435
v 0.724491 -3.713431 8.383617
v 0.468513 -3.558847 9.089893
v 0.929025 -3.467248 9.089893
v 0.981311 -3.662388 8.381496
v 1.373644 -3.316323 9.089893
v 1.450954 -3.502969 8.381496
v 1.794760 -3.108655 9.089893
v 1.895771 -3.283612 8.381496
v 2.185166 -2.847796 9.089893
v 2.308149 -3.008073 8.381496
v 2.538184 -2.538211 9.089893
v 2.681061 -2.681043 8.381498
v 2.855117 -2.482401 8.383604
v 2.848439 -2.184199 9.089893
v 3.449335 -2.529748 9.041279
v 3.248917 -2.716659 8.351389
v 4.586336 -3.186202 8.907497
v 4.359798 -3.355685 8.220274
v 5.640422 -3.794785 8.739452
v 5.384079 -3.944364 8.056602
v 6.593558 -4.345084 8.540018
v 6.301496 -4.470811 7.864304
v 7.092517 -4.923462 7.648893
v 7.429437 -4.827683 8.312607
v 8.133754 -5.234325 8.061111
v -0.284364 2.159956 9.168011
v -0.236703 1.797934 8.419632
v -0.000000 2.178594 9.168011
v -0.000001 1.813449 8.419632
v -0.563862 2.104360 9.168011
v -0.469356 1.751657 8.419632
v -0.833713 2.012758 9.168011
v -0.693978 1.675408 8.419632
v -1.089298 1.886717 9.168011
v -0.906726 1.570493 8.419632
v -1.326245 1.728395 9.168011
v -1.103959 1.438705 8.419632
v -1.540500 1.540498 9.168011
v -1.282303 1.282301 8.419632
v -1.728397 1.326243 9.168011
v -1.438707 1.103957 8.419632
v -1.886720 1.089296 9.168011
v -1.570495 0.906723 8.419632
v -2.012760 0.833711 9.168011
v -1.675410 0.693976 8.419632
v -2.104362 0.563860 9.168011
v -1.751659 0.469354 8.419634
v -2.159958 0.284362 9.168011
v -1.797936 0.236701 8.419634
v -2.178596 -0.000002 9.168011
v -1.813451 -0.000002 8.419634
v 1.797935 0.236708 8.419634
v 2.178596 -0.000002 9.168011
v 2.159957 0.284370 9.168011
v 1.813450 -0.000002 8.419634
v 1.751656 0.469361 8.419634
v 2.104360 0.563869 9.168011
v 1.675407 0.693982 8.419632
v 2.012757 0.833719 9.168011
v 1.570490 0.906730 8.419632
v 1.886715 1.089304 9.168011
v 1.438702 1.103963 8.419632
v 1.728390 1.326251 9.168011
v 1.282297 1.282307 8.419632
v 1.540493 1.540505 9.168011
v 1.326236 1.728401 9.168011
v 1.103951 1.438711 8.419632
v 1.089288 1.886723 9.168011
v 0.906717 1.570497 8.419632
v 0.833702 2.012763 9.168011
v 0.693968 1.675412 8.419632
v 0.563850 2.104363 9.168011
v 0.469345 1.751660 8.419632
v 0.284351 2.159957 9.168011
v 0.236692 1.797935 8.419632
v -0.236703 -1.797938 8.419634
v -0.000000 -2.178599 9.168011
v -0.000001 -1.813453 8.419634
v -0.284364 -2.159960 9.168011
v -0.469356 -1.751661 8.419634
v -0.563862 -2.104365 9.168011
v -0.693978 -1.675412 8.419634
v -0.833713 -2.012763 9.168011
v -0.906726 -1.570496 8.419634
v -1.089298 -1.886722 9.168011
v -1.103959 -1.438709 8.419634
v -1.326245 -1.728399 9.168011
v -1.282303 -1.282305 8.419634
v -1.540500 -1.540503 9.168011
v -1.728397 -1.326248 9.168011
v -1.438707 -1.103961 8.419634
v -1.886720 -1.089301 9.168011
v -1.570495 -0.906728 8.419634
v -2.012760 -0.833715 9.168011
v -1.675410 -0.693980 8.419634
v -2.104362 -0.563865 9.168011
v -1.751659 -0.469358 8.419634
v -2.159958 -0.284367 9.168011
v -1.797936 -0.236705 8.419634
v 1.797935 -0.236712 8.419634
v 2.159957 -0.284374 9.168011
v 1.751656 -0.469365 8.419634
v 2.104360 -0.563873 9.168011
v 1.675407 -0.693987 8.419634
v 2.012757 -0.833723 9.168011
v 1.570490 -0.906735 8.419634
v 1.886715 -1.089309 9.168011
v 1.438702 -1.103968 8.419634
v 1.728390 -1.326256 9.168011
v 1.282297 -1.282311 8.419634
v 1.540493 -1.540510 9.168011
v 1.326236 -1.728406 9.168011
v 1.103951 -1.438715 8.419634
v 0.906717 -1.570501 8.419634
v 1.089288 -1.886728 9.168011
v 0.693968 -1.675416 8.419634
v 0.833702 -2.012767 9.168011
v 0.469345 -1.751664 8.419634
v 0.563850 -2.104368 9.168011
v 0.236692 -1.797940 8.419634
v 0.284351 -2.159962 9.168011
v -0.000002 0.935029 8.125652
v -0.122048 0.927030 8.125652
v -0.242006 0.903169 8.125652
v -0.357823 0.863854 8.125652
v -0.467517 0.809759 8.125652
v -0.569213 0.741808 8.125652
v -0.661169 0.661165 8.125652
v -0.741812 0.569209 8.125652
v -0.809763 0.467514 8.125652
v -0.863858 0.357819 8.125652
v -0.903172 0.242002 8.125657
v -0.927033 0.122044 8.125657
v -0.935033 -0.000002 8.125657
v 0.927030 0.122048 8.125657
v 0.935030 -0.000002 8.125657
v 0.903168 0.242005 8.125657
v 0.863853 0.357823 8.125652
v 0.809757 0.467517 8.125652
v 0.741806 0.569212 8.125652
v 0.661162 0.661168 8.125652
v 0.569205 0.741811 8.125652
v 0.467510 0.809761 8.125652
v 0.357815 0.863856 8.125652
v 0.241997 0.903170 8.125652
v 0.122039 0.927031 8.125652
v -0.122048 -0.927034 8.125657
v -0.000002 -0.935033 8.125657
v -0.242006 -0.903173 8.125657
v -0.357823 -0.863858 8.125657
v -0.467517 -0.809763 8.125657
v -0.569213 -0.741812 8.125657
v -0.661169 -0.661169 8.125657
v -0.741812 -0.569213 8.125657
v -0.809763 -0.467518 8.125657
v -0.863858 -0.357823 8.125657
v -0.903172 -0.242006 8.125657
v -0.927033 -0.122048 8.125657
v 0.927030 -0.122052 8.125657
v 0.903168 -0.242010 8.125657
v 0.863853 -0.357827 8.125657
v 0.809757 -0.467521 8.125657
v 0.741806 -0.569216 8.125657
v 0.661162 -0.661172 8.125657
v 0.569205 -0.741815 8.125657
v 0.467510 -0.809765 8.125657
v 0.357815 -0.863860 8.125657
v 0.241997 -0.903174 8.125657
v 0.122039 -0.927035 8.125657
v -0.000003 -0.000002 8.125654
v 8.487394 1.117386 6.705619
v 9.434122 -0.000002 6.705622
v 8.560631 -0.000002 6.705619
v 9.353414 1.231400 6.705622
v 8.268935 2.215654 6.705619
v 9.112663 2.441730 6.705622
v 7.908992 3.276011 6.705621
v 8.715993 3.610281 6.705623
v 7.413724 4.280317 6.705623
v 8.170191 4.717062 6.705623
v 6.791606 5.211383 6.705618
v 7.484592 5.743131 6.705621
v 6.670931 6.670933 6.705623
v 6.053280 6.053282 6.705621
v 5.211383 6.791609 6.705621
v 5.743130 7.484596 6.705623
v 4.717062 8.170190 6.705621
v 4.280315 7.413724 6.705621
v 3.276013 7.908993 6.705621
v 3.610284 8.715994 6.705621
v 2.215656 8.268936 6.705621
v 2.441732 9.112664 6.705622
v 1.231402 9.353413 6.705622
v 1.117388 8.487394 6.705621
v 0.000002 8.560631 6.705621
v 0.000002 9.434125 6.705622
v -1.231398 9.353413 6.705622
v -1.117384 8.487394 6.705621
v -2.215652 8.268936 6.705621
v -2.441728 9.112664 6.705622
v -3.276010 7.908995 6.705621
v -3.610280 8.715996 6.705621
v -4.280317 7.413727 6.705621
v -4.717062 8.170191 6.705621
v -5.211382 6.791609 6.705621
v -5.743130 7.484596 6.705623
v -6.053279 6.053284 6.705621
v -6.670930 6.670935 6.705623
v -6.791606 5.211386 6.705618
v -7.484592 5.743133 6.705621
v -7.413724 4.280319 6.705623
v -8.170190 4.717064 6.705623
v -7.908992 3.276013 6.705621
v -8.715992 3.610284 6.705623
v -8.268935 2.215657 6.705619
v -9.112662 2.441733 6.705622
v -9.353411 1.231403 6.705622
v -8.487393 1.117389 6.705619
v -8.560633 -0.000002 6.705619
v -9.434123 -0.000002 6.705622
v 8.487394 -1.117390 6.705619
v 9.353414 -1.231403 6.705622
v 9.112663 -2.441734 6.705622
v 8.268935 -2.215657 6.705619
v 8.715993 -3.610285 6.705621
v 7.908992 -3.276013 6.705621
v 8.170191 -4.717065 6.705623
v 7.413724 -4.280319 6.705622
v 6.791606 -5.211384 6.705618
v 7.484592 -5.743134 6.705618
v 6.053280 -6.053284 6.705621
v 6.670931 -6.670937 6.705621
v 5.211383 -6.791610 6.705621
v 5.743130 -7.484598 6.705621
v 4.717062 -8.170193 6.705621
v 4.280315 -7.413727 6.705618
v 3.276013 -7.908996 6.705619
v 3.610284 -8.715997 6.705621
v 2.215656 -8.268940 6.705619
v 2.441732 -9.112667 6.705621
v 1.117388 -8.487399 6.705619
v 1.231402 -9.353417 6.705621
v 0.000002 -8.560637 6.705619
v 0.000002 -9.434128 6.705621
v -1.231398 -9.353417 6.705621
v -1.117384 -8.487399 6.705619
v -2.441728 -9.112667 6.705621
v -2.215652 -8.268940 6.705619
v -3.276010 -7.908998 6.705619
v -3.610280 -8.715999 6.705621
v -4.717062 -8.170195 6.705621
v -4.280317 -7.413728 6.705618
v -5.743130 -7.484598 6.705621
v -5.211382 -6.791610 6.705621
v -6.670930 -6.670938 6.705621
v -6.053279 -6.053285 6.705621
v -7.484592 -5.743135 6.705618
v -6.791606 -5.211386 6.705618
v -8.170190 -4.717067 6.705623
v -7.413724 -4.280321 6.705622
v -8.715992 -3.610287 6.705621
v -7.908992 -3.276016 6.705621
v -9.112662 -2.441737 6.705622
v -8.268935 -2.215660 6.705619
v -9.353411 -1.231406 6.705622
v -8.487393 -1.117393 6.705619
v 8.487394 1.117386 7.380352
v 8.560631 -0.000002 7.380352
v 8.268934 2.215654 7.380352
v 7.908992 3.276011 7.380353
v 7.413724 4.280318 7.380356
v 6.791606 5.211383 7.380352
v 6.053280 6.053283 7.380353
v 5.211382 6.791609 7.380353
v 4.280315 7.413724 7.380353
v 3.276013 7.908993 7.380353
v 2.215656 8.268935 7.380353
v 1.117388 8.487394 7.380353
v 0.000002 8.560631 7.380353
v -1.117384 8.487394 7.380353
v -2.215652 8.268935 7.380353
v -3.276010 7.908995 7.380353
v -4.280317 7.413727 7.380353
v -5.211382 6.791609 7.380353
v -6.053279 6.053284 7.380353
v -6.791606 5.211386 7.380352
v -7.413724 4.280320 7.380356
v -7.908992 3.276013 7.380353
v -8.268935 2.215657 7.380352
v -8.487393 1.117388 7.380352
v -8.560633 -0.000002 7.380352
v 8.487394 -1.117390 7.380353
v 8.268934 -2.215658 7.380353
v 7.908992 -3.276013 7.380354
v 7.413724 -4.280318 7.380356
v 6.791606 -5.211384 7.380352
v 6.053280 -6.053283 7.380354
v 5.211382 -6.791610 7.380354
v 4.280315 -7.413726 7.380352
v 3.276013 -7.908995 7.380353
v 2.215656 -8.268940 7.380353
v 1.117388 -8.487399 7.380353
v 0.000002 -8.560637 7.380353
v -1.117384 -8.487399 7.380353
v -2.215652 -8.268940 7.380353
v -3.276010 -7.908997 7.380353
v -4.280317 -7.413727 7.380352
v -5.211382 -6.791610 7.380354
v -6.053279 -6.053284 7.380354
v -6.791606 -5.211386 7.380352
v -7.413724 -4.280320 7.380356
v -7.908992 -3.276016 7.380354
v -8.268935 -2.215660 7.380353
v -8.487393 -1.117393 7.380353
v -11.135386 -0.000002 6.830726
v -10.921412 2.172391 6.830724
v -12.421321 2.470752 6.689584
v -12.664699 -0.000002 6.689599
v -11.700619 -4.846597 6.689576
v -10.921420 -2.172396 6.830724
v -12.421321 -2.470757 6.689582
v -10.287728 -4.261379 6.830719
v -13.190244 2.623703 6.584185
v -13.448661 -0.000002 6.584197
v -14.871525 -0.000002 5.436810
v -14.585765 -2.901295 5.436805
v -13.190244 -2.623708 6.584182
v -12.424947 -5.146603 6.584175
v -11.182165 -7.471685 6.584198
v -10.530340 -7.036136 6.689606
v -8.955265 -8.955344 6.689576
v -9.509663 -9.509686 6.584175
v -12.365210 -8.262195 5.436811
v -10.515808 -10.515790 5.436799
v -7.471697 -11.182178 6.584190
v -8.262210 -12.365267 5.436801
v -10.672833 -10.672815 4.941317
v -8.385602 -12.549941 4.941307
v -13.739510 -5.691114 5.436801
v -7.036145 -10.530327 6.689593
v -5.146613 -12.424959 6.584174
v -5.691127 -13.739524 5.436796
v -4.846606 -11.700628 6.689572
v -6.186522 -9.258782 6.830719
v -4.261272 -10.287724 6.830713
v -7.873930 -7.873917 6.830724
v -9.258788 -6.186521 6.830724
v -2.470768 -12.421331 6.689572
v -2.623720 -13.190261 6.584175
v -2.172398 -10.921412 6.830713
v 0.000003 -11.135379 6.830713
v 0.000002 -12.664730 6.689564
v 7.036135 -10.530329 6.689593
v 8.955258 -8.955346 6.689572
v 6.186527 -9.258784 6.830713
v 7.873914 -7.873917 6.830719
v 4.261292 -10.287724 6.830713
v 4.846599 -11.700632 6.689569
v 2.470754 -12.421331 6.689572
v 2.172397 -10.921413 6.830713
v -0.000007 -13.448734 6.584166
v 2.623701 -13.190261 6.584172
v 5.146609 -12.424960 6.584167
v 2.901284 -14.585790 5.436794
v 5.691119 -13.739524 5.436790
v 8.262180 -12.365267 5.436794
v 7.471679 -11.182178 6.584185
v -0.000013 -14.871590 5.436794
v -2.901306 -14.585790 5.436796
v -2.944622 -14.803584 4.941312
v -0.000015 -15.093621 4.941318
v 2.944599 -14.803584 4.941310
v 5.776120 -13.944680 4.941307
v -0.000017 -15.263933 2.995399
v 2.977821 -14.970620 2.995395
v -2.977858 -14.970617 2.995395
v -5.776129 -13.944680 4.941312
v -5.841288 -14.102016 2.995396
v -2.990404 -15.033639 -0.000002
v -5.865859 -14.161376 -0.000002
v -5.841288 -14.102016 -2.995401
v -2.977858 -14.970617 -2.995400
v -8.515903 -12.744976 -0.000002
v -8.480211 -12.691549 -2.995399
v -10.793249 -10.793226 -2.995403
v -10.672833 -10.672815 -4.941321
v -8.385602 -12.549941 -4.941312
v -10.838670 -10.838648 -0.000002
v -8.480211 -12.691549 2.995395
v -12.549845 -8.385585 4.941321
v -10.793249 -10.793226 2.995399
v -12.691446 -8.480192 -2.995408
v -12.744869 -8.515879 -0.000002
v -12.691446 -8.480192 2.995403
v -14.102006 -5.841270 2.995400
v -13.944665 -5.776115 4.941318
v -14.970597 -2.977841 2.995403
v -14.803559 -2.944613 4.941321
v -15.263928 -0.000002 2.995400
v -15.093615 -0.000002 4.941315
v -14.970602 2.977835 2.995403
v -14.803568 2.944606 4.941321
v -14.585769 2.901289 5.436805
v -15.033621 2.990374 -0.000002
v -15.328191 -0.000003 -0.000002
v -15.033621 -2.990379 -0.000002
v -14.161369 -5.865839 -0.000002
v -14.970602 2.977835 -2.995408
v -15.263928 -0.000002 -2.995405
v -14.102006 -5.841270 -2.995405
v -14.970597 -2.977841 -2.995408
v -14.803568 2.944606 -4.941326
v -15.093615 -0.000002 -4.941320
v -14.585769 2.901289 -5.436810
v -14.871525 -0.000002 -5.436814
v -14.803559 -2.944613 -4.941325
v -13.944665 -5.776115 -4.941322
v -12.549845 -8.385585 -4.941325
v -5.776129 -13.944680 -4.941318
v -10.515808 -10.515790 -5.436803
v -8.262210 -12.365267 -5.436805
v -12.365210 -8.262195 -5.436815
v -13.739510 -5.691114 -5.436806
v -14.585765 -2.901295 -5.436810
v -0.000019 -15.328196 -0.000002
v -0.000017 -15.263933 -2.995402
v -2.944622 -14.803584 -4.941318
v -5.691127 -13.739524 -5.436800
v -9.509663 -9.509686 -6.584181
v -7.471697 -11.182178 -6.584195
v -11.182165 -7.471685 -6.584204
v -12.424947 -5.146603 -6.584181
v -10.530340 -7.036136 -6.689609
v -8.955265 -8.955344 -6.689581
v -7.036144 -10.530327 -6.689598
v -10.921420 -2.172396 -6.830729
v -11.700619 -4.846597 -6.689581
v -12.421321 -2.470757 -6.689587
v -10.287728 -4.261379 -6.830723
v -9.258788 -6.186521 -6.830729
v -7.873930 -7.873917 -6.830729
v -6.186522 -9.258782 -6.830723
v -4.846606 -11.700628 -6.689576
v -4.261272 -10.287724 -6.830719
v -5.146613 -12.424959 -6.584178
v -2.172398 -10.921412 -6.830719
v -2.470768 -12.421331 -6.689576
v -2.623720 -13.190261 -6.584179
v -2.901306 -14.585790 -5.436800
v -0.000013 -14.871590 -5.436798
v -0.000007 -13.448734 -6.584170
v 2.623701 -13.190261 -6.584177
v 2.901284 -14.585790 -5.436798
v -0.000015 -15.093621 -4.941322
v 2.944599 -14.803584 -4.941315
v 0.000002 -12.664730 -6.689569
v 0.000003 -11.135379 -6.830719
v 2.470754 -12.421331 -6.689578
v 5.146609 -12.424960 -6.584174
v 5.691119 -13.739524 -5.436795
v 8.262180 -12.365267 -5.436799
v 7.471679 -11.182178 -6.584190
v 4.846599 -11.700632 -6.689575
v 9.509646 -9.509686 -6.584178
v 10.515777 -10.515791 -5.436798
v 7.036136 -10.530329 -6.689597
v 4.261292 -10.287724 -6.830719
v 2.172397 -10.921413 -6.830719
v 6.186527 -9.258784 -6.830719
v 8.955259 -8.955346 -6.689576
v 7.873914 -7.873917 -6.830723
v 10.530308 -7.036139 -6.689587
v 9.258755 -6.186521 -6.830719
v 11.182154 -7.471689 -6.584186
v 12.365209 -8.262197 -5.436800
v 13.739505 -5.691114 -5.436795
v 12.424948 -5.146603 -6.584176
v 13.944653 -5.776115 -4.941315
v 12.549837 -8.385585 -4.941312
v 14.585774 -2.901295 -5.436798
v 13.190256 -2.623709 -6.584177
v 11.700628 -4.846595 -6.689576
v 10.287704 -4.261380 -6.830713
v 14.803563 -2.944613 -4.941312
v 12.421335 -2.470757 -6.689575
v 13.448681 -0.000003 -6.584191
v 12.664719 -0.000003 -6.689593
v 10.921402 -2.172396 -6.830719
v 11.135388 -0.000003 -6.830723
v 12.421328 2.470751 -6.689576
v 10.921399 2.172391 -6.830719
v 13.190256 2.623702 -6.584177
v 14.871539 -0.000003 -5.436803
v 10.287724 4.261377 -6.830719
v 9.258774 6.186517 -6.830723
v 11.700636 4.846589 -6.689576
v 10.530315 7.036129 -6.689597
v 12.424953 5.146596 -6.584178
v 13.739512 5.691110 -5.436798
v 14.585777 2.901289 -5.436798
v 15.093618 -0.000003 -4.941310
v 14.803576 2.944605 -4.941312
v 15.263928 -0.000003 -2.995394
v 14.970597 -2.977841 -2.995395
v 14.970608 2.977834 -2.995395
v 13.944671 5.776112 -4.941315
v 14.101988 -5.841270 -2.995396
v 15.328188 -0.000003 -0.000002
v 15.033617 -2.990380 -0.000002
v 15.033632 2.990373 -0.000002
v 14.102008 5.841265 -2.995396
v 12.549823 8.385577 -4.941316
v 12.365194 8.262189 -5.436809
v 11.182148 7.471680 -6.584196
v 14.970597 -2.977841 2.995391
v 15.263928 -0.000003 2.995388
v 14.161345 -5.865839 -0.000002
v 12.691438 -8.480192 -2.995395
v 10.672799 -10.672815 -4.941310
v 5.776120 -13.944680 -4.941312
v 8.385569 -12.549944 -4.941305
v 10.793215 -10.793228 -2.995395
v 12.744862 -8.515881 -0.000002
v 8.480180 -12.691549 -2.995392
v 5.841265 -14.102016 -2.995396
v 10.838638 -10.838648 -0.000002
v 14.101988 -5.841270 2.995392
v 12.691438 -8.480192 2.995391
v 13.944653 -5.776115 4.941310
v 12.549837 -8.385585 4.941307
v 10.793215 -10.793228 2.995391
v 10.672799 -10.672815 4.941306
v 12.365209 -8.262197 5.436796
v 10.515777 -10.515791 5.436794
v 9.509646 -9.509686 6.584174
v 11.182154 -7.471689 6.584181
v 10.530308 -7.036139 6.689582
v 8.480180 -12.691549 2.995388
v 8.515872 -12.744977 -0.000002
v 8.385569 -12.549944 4.941300
v 9.258755 -6.186521 6.830713
v 5.841265 -14.102016 2.995392
v 5.865827 -14.161376 -0.000002
v 2.990352 -15.033639 -0.000002
v 2.977821 -14.970620 -2.995399
v -0.000013 15.093620 4.941326
v -2.944619 14.803578 4.941321
v -2.901304 14.585779 5.436801
v -0.000012 14.871584 5.436800
v -7.036146 10.530323 6.689595
v -6.186530 9.258774 6.830724
v -4.846604 11.700624 6.689577
v -4.261289 10.287713 6.830724
v -2.470765 12.421324 6.689577
v -2.172407 10.921404 6.830719
v -5.146611 12.424952 6.584179
v -2.623719 13.190254 6.584179
v -5.691124 13.739513 5.436801
v -0.000009 13.448730 6.584170
v 2.901279 14.585779 5.436801
v 2.623697 13.190253 6.584175
v 2.944594 14.803573 4.941317
v -0.000006 11.135367 6.830719
v -0.000007 12.664721 6.689567
v 2.470750 12.421324 6.689577
v 5.146605 12.424952 6.584172
v 5.691112 13.739513 5.436796
v 8.262177 12.365255 5.436799
v 7.471675 11.182172 6.584187
v 5.776101 13.944671 4.941315
v 8.385565 12.549933 4.941306
v 10.515770 10.515779 5.436799
v 10.672792 10.672805 4.941312
v 12.549823 8.385577 4.941311
v 12.365194 8.262189 5.436803
v 12.691422 8.480184 2.995392
v 10.793201 10.793215 2.995392
v 14.102008 5.841265 2.995392
v 13.944671 5.776112 4.941310
v 14.161363 5.865834 -0.000002
v 12.744843 8.515870 -0.000002
v 9.509640 9.509677 6.584175
v 11.182148 7.471680 6.584190
v 13.739512 5.691110 5.436794
v 10.530315 7.036129 6.689593
v 8.955249 8.955337 6.689572
v 12.424953 5.146596 6.584174
v 13.190256 2.623702 6.584172
v 12.421328 2.470751 6.689572
v 11.700636 4.846589 6.689572
v 7.036127 10.530323 6.689593
v 7.873927 7.873909 6.830724
v 9.258774 6.186517 6.830719
v 10.287724 4.261377 6.830713
v 10.921399 2.172391 6.830713
v 11.135388 -0.000003 6.830719
v 12.664719 -0.000003 6.689588
v 13.739505 -5.691114 5.436790
v 12.424948 -5.146603 6.584171
v 11.700628 -4.846596 6.689572
v 12.421335 -2.470757 6.689571
v 13.190256 -2.623709 6.584172
v 10.921402 -2.172396 6.830713
v 10.287704 -4.261380 6.830708
v 14.803563 -2.944613 4.941307
v 14.585774 -2.901295 5.436794
v 13.448681 -0.000003 6.584187
v 14.871539 -0.000003 5.436799
v 14.585777 2.901289 5.436794
v 15.093618 -0.000003 4.941306
v 14.803576 2.944605 4.941307
v 14.970608 2.977834 2.995391
v 12.691422 8.480184 -2.995397
v 10.793201 10.793215 -2.995397
v 10.672792 10.672805 -4.941318
v 10.515770 10.515779 -5.436803
v 8.262177 12.365255 -5.436803
v 8.385565 12.549933 -4.941310
v 5.691112 13.739513 -5.436800
v 5.776101 13.944671 -4.941320
v 2.901279 14.585779 -5.436806
v 2.944594 14.803573 -4.941321
v 8.480169 12.691540 -2.995395
v 5.841254 14.102008 -2.995400
v 2.977818 14.970605 -2.995401
v -0.000013 15.093620 -4.941330
v -0.000019 15.263937 -2.995406
v -2.944619 14.803578 -4.941325
v -2.977852 14.970608 -2.995405
v -2.901304 14.585779 -5.436806
v -0.000012 14.871584 -5.436804
v 5.865822 14.161366 -0.000002
v 8.515854 12.744967 -0.000002
v 2.990353 15.033625 -0.000002
v -0.000024 15.328200 -0.000002
v -8.262206 12.365259 -5.436810
v -5.691124 13.739513 -5.436806
v -7.471696 11.182174 -6.584196
v -5.146611 12.424952 -6.584183
v -8.385598 12.549936 -4.941320
v -5.776127 13.944671 -4.941322
v -5.841280 14.102008 -2.995404
v -2.990395 15.033625 -0.000002
v -2.977852 14.970608 2.995400
v -0.000019 15.263937 2.995402
v -5.865848 14.161366 -0.000002
v -5.841280 14.102008 2.995399
v -5.776127 13.944671 4.941318
v -8.480205 12.691543 -2.995402
v -12.549845 8.385579 4.941321
v -13.944670 5.776112 4.941321
v -12.365219 8.262191 5.436810
v -13.739510 5.691110 5.436805
v -10.672829 10.672807 4.941321
v -10.515808 10.515782 5.436803
v -8.385598 12.549936 4.941315
v -8.262206 12.365259 5.436805
v -10.793249 10.793216 2.995402
v -8.480205 12.691543 2.995399
v -8.515891 12.744968 -0.000002
v -10.838680 10.838636 -0.000002
v -12.691454 8.480186 2.995403
v -14.102009 5.841265 2.995403
v -10.515808 10.515782 -5.436809
v -10.672829 10.672807 -4.941326
v -10.793249 10.793216 -2.995406
v -12.744881 8.515872 -0.000002
v -14.161369 5.865834 -0.000002
v -14.102009 5.841265 -2.995408
v -12.691454 8.480186 -2.995408
v -13.944670 5.776112 -4.941325
v -12.549845 8.385579 -4.941326
v -12.365219 8.262191 -5.436814
v -13.739510 5.691110 -5.436810
v -9.509667 9.509677 -6.584186
v -11.182161 7.471681 -6.584198
v -6.186530 9.258774 -6.830729
v -7.873914 7.873909 -6.830730
v -8.955276 8.955337 -6.689585
v -7.036145 10.530323 -6.689600
v -10.530315 7.036129 -6.689598
v -9.258758 6.186519 -6.830729
v -12.424944 5.146597 -6.584188
v -10.287728 4.261377 -6.830729
v -11.700619 4.846594 -6.689587
v -13.190244 2.623703 -6.584190
v -12.421321 2.470752 -6.689588
v -10.921412 2.172391 -6.830729
v 9.509640 9.509677 -6.584179
v 8.955250 8.955337 -6.689578
v 7.873927 7.873909 -6.830729
v 6.186512 9.258774 -6.830723
v 7.036127 10.530323 -6.689597
v 4.846591 11.700624 -6.689575
v 4.261276 10.287712 -6.830723
v 7.471675 11.182172 -6.584191
v 5.146605 12.424952 -6.584177
v 2.623697 13.190253 -6.584181
v -0.000009 13.448730 -6.584174
v 2.470750 12.421324 -6.689582
v -0.000007 12.664721 -6.689572
v 2.172380 10.921404 -6.830719
v -0.000006 11.135367 -6.830723
v -2.623719 13.190254 -6.584183
v -2.470765 12.421324 -6.689582
v -2.172407 10.921404 -6.830723
v -4.846604 11.700624 -6.689582
v -4.261289 10.287713 -6.830729
v -9.509667 9.509677 6.584181
v -7.471696 11.182174 6.584190
v 2.977818 14.970605 2.995396
v 5.841254 14.102008 2.995396
v -10.530315 7.036129 6.689593
v -8.955276 8.955337 6.689580
v -11.182161 7.471681 6.584193
v -12.424944 5.146597 6.584182
v -11.700619 4.846594 6.689582
v -10.287728 4.261377 6.830724
v -9.258758 6.186519 6.830724
v -7.873914 7.873909 6.830726
v 8.480169 12.691540 2.995391
v 10.838623 10.838636 -0.000002
v -13.448661 -0.000002 -6.584201
v -12.664699 -0.000002 -6.689603
v -11.135386 -0.000002 -6.830730
v -13.190244 -2.623708 -6.584188
v 4.261276 10.287712 6.830719
v 4.846591 11.700624 6.689571
v 2.172380 10.921404 6.830713
v 6.186512 9.258774 6.830719
v 0.000002 9.249233 7.530369
v -2.393874 8.934072 7.530369
v 0.000002 5.455166 7.927237
v -1.411899 5.269286 7.927237
v -4.624614 8.010069 7.530367
v -2.727582 4.724313 7.927237
v -6.540189 6.540194 7.530367
v -3.857383 3.857384 7.927238
v -4.724311 2.727584 7.927237
v -8.010065 4.624616 7.530369
v -8.934065 2.393878 7.530366
v -5.269285 1.411901 7.927237
v -5.455166 -0.000002 7.927237
v -9.249228 -0.000002 7.530366
v -8.934065 -2.393883 7.530367
v -5.269285 -1.411905 7.927237
v -4.724311 -2.727587 7.927238
v -8.010065 -4.624619 7.530369
v -6.540189 -6.540198 7.530369
v -3.857383 -3.857389 7.927236
v -2.727582 -4.724316 7.927236
v -4.624614 -8.010069 7.530369
v -2.393874 -8.934068 7.530369
v -1.411899 -5.269288 7.927236
v 0.000002 -5.455170 7.927236
v 0.000002 -9.249229 7.530369
v 2.393877 -8.934068 7.530369
v 1.411902 -5.269288 7.927236
v 2.727584 -4.724315 7.927236
v 4.624614 -8.010067 7.530369
v 6.540192 -6.540198 7.530369
v 3.857385 -3.857388 7.927236
v 8.010067 -4.624618 7.530369
v 4.724313 -2.727586 7.927238
v 8.934069 -2.393880 7.530367
v 5.269285 -1.411904 7.927237
v 9.249228 -0.000002 7.530366
v 5.455166 -0.000002 7.927237
v 5.269285 1.411900 7.927237
v 8.934069 2.393875 7.530366
v 4.724313 2.727583 7.927237
v 8.010067 4.624614 7.530369
v 6.540192 6.540192 7.530367
v 3.857385 3.857384 7.927238
v 2.727584 4.724312 7.927237
v 4.624614 8.010067 7.530367
v 2.393877 8.934072 7.530369
v 1.411902 5.269286 7.927237
v -3.296938 4.537842 8.458220
v -2.734088 3.763146 8.532938
v -1.437395 4.423846 8.532938
v -1.733303 5.334555 8.458220
v -3.763152 2.734081 8.532938
v -4.537850 3.296928 8.458220
v -5.334556 -1.733308 8.458217
v -4.651508 -0.000003 8.532938
v -5.609084 -0.000002 8.458220
v -4.423846 -1.437400 8.532935
v -3.763145 -2.734096 8.532938
v -4.537839 -3.296947 8.458217
v 0.000004 -4.651510 8.532934
v -1.437394 -4.423849 8.532935
v 0.000005 -5.609086 8.458216
v -1.733302 -5.334558 8.458217
v 1.437402 -4.423846 8.532935
v 1.733312 -5.334555 8.458217
v 5.334558 -1.733297 8.458217
v 3.763150 -2.734088 8.532938
v 4.537846 -3.296938 8.458217
v 4.423849 -1.437391 8.532935
v 4.651508 0.000007 8.532938
v 5.609084 0.000009 8.458220
v 4.537843 3.296937 8.458220
v 3.296928 4.537849 8.458220
v 3.763147 2.734088 8.532938
v 2.734080 3.763153 8.532938
v 1.437386 4.423849 8.532938
v 1.733291 5.334558 8.458220
v -0.000000 5.609083 8.458220
v -0.000000 4.651507 8.532940
v -4.423847 1.437394 8.532938
v -5.334557 1.733301 8.458220
v 5.334557 1.733300 8.458220
v 8.680959 3.595770 7.725749
v 8.963952 2.912563 7.725749
v 9.136583 2.193508 7.725749
v -0.737218 9.367236 7.725750
v -0.000000 9.425256 7.725750
v 0.737207 9.367238 7.725750
v -9.136585 2.193499 7.725749
v -8.963952 2.912564 7.725749
v -8.680964 3.595762 7.725749
v -4.909503 -8.011581 7.725747
v -3.296938 -4.537846 8.458217
v -5.540028 -7.625195 7.725747
v -6.102339 -7.144937 7.725747
v 6.102345 -7.144931 7.725747
v 3.296937 -4.537846 8.458217
v 5.540028 -7.625196 7.725747
v 4.909512 -8.011576 7.725747
v -0.000000 -0.000001 5.570499
v -2.507759 3.451631 5.570499
v -1.320852 4.056513 5.570499
v -3.449812 2.509731 5.570499
v -4.057637 -1.318411 5.570499
v -4.266140 -0.002675 5.570499
v -3.452948 -2.505419 5.570499
v 0.000004 -4.266454 5.570498
v -1.315766 -4.058167 5.570498
v 1.315774 -4.058166 5.570498
v 4.057640 -1.318402 5.570499
v 3.452952 -2.505411 5.570499
v 4.266140 -0.002666 5.570499
v 2.507751 3.451637 5.570499
v 3.449806 2.509738 5.570499
v 1.320843 4.056516 5.570499
v -1.713294 5.250968 7.512856
v -3.251212 4.474907 7.512856
v -4.464455 3.252062 7.512856
v -5.523407 -0.006802 7.512856
v -5.260571 -1.709268 7.512856
v -4.472489 -3.241009 7.512855
v 0.000005 -5.531292 7.512855
v -1.700359 -5.255174 7.512855
v 1.700306 -5.255116 7.512855
v 5.260573 -1.709257 7.512856
v 4.472528 -3.241076 7.512855
v 5.523335 -0.006834 7.512856
v 4.464531 3.252078 7.512856
v 3.251203 4.474914 7.512856
v 1.713301 5.250892 7.512856
v -0.000000 4.265826 5.570499
v -0.000000 9.115021 6.775091
v -0.709715 9.059491 6.774679
v 0.709708 9.059491 6.774679
v 4.057042 1.318212 5.570499
v 8.396774 3.474514 6.774678
v 8.835399 2.124562 6.774678
v 8.668901 2.816695 6.775088
v 2.507390 -3.451128 5.570498
v 5.899206 -6.912124 6.774675
v 4.750868 -7.746439 6.774675
v 5.357677 -7.374210 6.775085
v -2.507390 -3.451127 5.570498
v -4.750865 -7.746444 6.774675
v -4.057042 1.318212 5.570499
v -8.835402 2.124557 6.774677
v -8.396776 3.474509 6.774679
v -8.668901 2.816696 6.775088
v -5.357677 -7.374208 6.775085
v -5.899202 -6.912127 6.774675
v -1.733303 5.334555 8.458220
v -3.296938 4.537842 8.458220
v -4.537850 3.296928 8.458220
v -5.609084 -0.000002 8.458220
v -5.334556 -1.733308 8.458217
v -4.537839 -3.296947 8.458217
v 0.000005 -5.609086 8.458216
v -1.733302 -5.334558 8.458217
v 1.733312 -5.334555 8.458217
v 5.334558 -1.733297 8.458217
v 4.537846 -3.296938 8.458217
v 5.609084 0.000009 8.458220
v 4.537843 3.296937 8.458220
v 3.296928 4.537849 8.458220
v 1.733291 5.334558 8.458220
v 8.680959 3.595770 7.725749
v 9.136583 2.193508 7.725749
v -0.737218 9.367236 7.725750
v 0.737207 9.367238 7.725750
v -9.136585 2.193499 7.725749
v -8.680964 3.595762 7.725749
v -4.909503 -8.011581 7.725747
v -6.102339 -7.144937 7.725747
v 6.102345 -7.144931 7.725747
v 4.909512 -8.011576 7.725747
v 4.423847 1.437393 8.532938
v 2.734088 -3.763152 8.532935
v -2.734088 -3.763151 8.532935
v 4.231621 1.374935 8.345098
v 3.595993 2.622399 8.344912
v 2.616366 3.601133 8.344765
v 1.382817 4.230361 8.344913
v -0.000000 4.449388 8.345098
v -1.382826 4.230359 8.344913
v -2.616374 3.601127 8.344765
v -3.595998 2.622392 8.344912
v -4.231620 1.374936 8.345098
v -4.450628 -0.007895 8.344912
v -4.233381 -1.375514 8.344763
v -3.605269 -2.609636 8.344912
v -2.615286 -3.599633 8.345097
v -1.367813 -4.235240 8.344910
v 0.000004 -4.451242 8.344762
v 1.367821 -4.235237 8.344910
v 2.615286 -3.599634 8.345097
v 3.605274 -2.609628 8.344912
v 4.233383 -1.375505 8.344763
v 4.450628 -0.007886 8.344912
v -2.054309 2.827511 8.400742
v -1.072698 3.326961 8.400594
v -2.832650 2.048279 8.400594
v -3.323941 -1.080018 8.400742
v -3.495611 0.007890 8.400594
v -2.823367 -2.061060 8.400594
v 0.000003 -3.495001 8.400740
v -1.087708 -3.322088 8.400593
v 1.087715 -3.322086 8.400593
v 3.323943 -1.080011 8.400742
v 2.823371 -2.061054 8.400594
v 3.495611 0.007897 8.400594
v 2.054303 2.827516 8.400742
v 2.832646 2.048285 8.400594
v 1.072690 3.326963 8.400594
v -0.000000 3.496848 8.400410
v 3.325702 1.080585 8.400408
v 2.055397 -2.829014 8.400408
v -2.055397 -2.829013 8.400408
v -3.325702 1.080585 8.400408
vt 0.9795 0.1938
vt 0.9795 0.1782
vt 0.9927 0.1938
vt 0.9927 0.1782
vt 0.9795 0.1631
vt 0.9795 0.1323
vt 0.9795 0.1475
vt 0.9160 0.1323
vt 0.9165 0.1475
vt 0.9165 0.1631
vt 0.9165 0.1782
vt 0.9165 0.1938
vt 0.9795 0.2090
vt 0.9927 0.2090
vt 0.9795 0.2241
vt 0.9165 0.2090
vt 0.8530 0.1938
vt 0.8530 0.1782
vt 0.8530 0.1631
vt 0.8398 0.1782
vt 0.8398 0.1938
vt 0.8530 0.2090
vt 0.8398 0.2090
vt 0.8530 0.2241
vt 0.8398 0.2241
vt 0.8530 0.2397
vt 0.8398 0.2397
vt 0.8530 0.2549
vt 0.9165 0.2241
vt 0.9165 0.2397
vt 0.9165 0.2549
vt 0.9165 0.2705
vt 0.8530 0.2705
vt 0.9165 0.2856
vt 0.9795 0.2705
vt 0.9795 0.2856
vt 0.9795 0.2549
vt 0.9795 0.2397
vt 0.9927 0.2856
vt 0.9795 0.3008
vt 0.9927 0.2705
vt 0.9927 0.2549
vt 0.9927 0.2397
vt 0.9927 0.2241
vt 0.9165 0.3623
vt 0.9165 0.3472
vt 0.9795 0.3623
vt 0.9795 0.3472
vt 0.9165 0.3315
vt 0.9795 0.3315
vt 0.9165 0.3164
vt 0.9795 0.3164
vt 0.9165 0.3008
vt 0.9927 0.3623
vt 0.9927 0.3779
vt 0.9927 0.3472
vt 0.9927 0.3315
vt 0.9927 0.3164
vt 0.9927 0.3008
vt 0.7603 0.6211
vt 0.7612 0.6331
vt 0.7554 0.6213
vt 0.7500 0.6211
vt 0.7485 0.6130
vt 0.7529 0.6096
vt 0.7573 0.6067
vt 0.7520 0.6782
vt 0.7563 0.6721
vt 0.7573 0.6804
vt 0.7617 0.6707
vt 0.7539 0.6597
vt 0.7593 0.6587
vt 0.7573 0.6460
vt 0.7627 0.6455
vt 0.7563 0.6335
vt 0.7510 0.6338
vt 0.7461 0.6343
vt 0.7451 0.6213
vt 0.7446 0.6614
vt 0.7427 0.6479
vt 0.7490 0.6604
vt 0.7471 0.6475
vt 0.7412 0.6348
vt 0.7407 0.6221
vt 0.7402 0.6191
vt 0.7441 0.6165
vt 0.7520 0.6467
vt 0.7520 0.6733
vt 0.6938 0.7278
vt 0.6914 0.7239
vt 0.7192 0.7083
vt 0.7163 0.7046
vt 0.7437 0.6877
vt 0.7402 0.6846
vt 0.7476 0.6765
vt 0.7476 0.6736
vt 0.6763 0.7533
vt 0.6792 0.7573
vt 0.6577 0.7715
vt 0.7002 0.7363
vt 0.6968 0.7319
vt 0.7222 0.7122
vt 0.7466 0.6914
vt 0.6367 0.7771
vt 0.6348 0.7821
vt 0.6128 0.7324
vt 0.6548 0.7673
vt 0.6729 0.7490
vt 0.6704 0.7446
vt 0.6680 0.7405
vt 0.6226 0.7280
vt 0.6406 0.7649
vt 0.6177 0.7302
vt 0.6387 0.7706
vt 0.6519 0.7629
vt 0.6494 0.7585
vt 0.6470 0.7545
vt 0.6411 0.7617
vt 0.6270 0.7261
vt 0.6089 0.6033
vt 0.6040 0.6023
vt 0.6152 0.5654
vt 0.6060 0.6348
vt 0.6011 0.6348
vt 0.6089 0.6658
vt 0.6040 0.6665
vt 0.6157 0.6963
vt 0.6113 0.6975
vt 0.5962 0.6348
vt 0.5986 0.6672
vt 0.6060 0.6990
vt 0.6011 0.7004
vt 0.5938 0.6680
vt 0.5991 0.6016
vt 0.5908 0.6348
vt 0.5859 0.6348
vt 0.5889 0.6687
vt 0.5962 0.7019
vt 0.6084 0.7344
vt 0.5889 0.6001
vt 0.5938 0.6008
vt 0.6104 0.5574
vt 0.6138 0.5625
vt 0.6250 0.5613
vt 0.6240 0.5662
vt 0.6494 0.5691
vt 0.6479 0.5740
vt 0.6768 0.5793
vt 0.6064 0.5518
vt 0.6040 0.5474
vt 0.6284 0.5515
vt 0.6270 0.5562
vt 0.6509 0.5642
vt 0.6787 0.5742
vt 0.7402 0.5957
vt 0.7378 0.6001
vt 0.7109 0.5820
vt 0.7085 0.5864
vt 0.6807 0.5696
vt 0.6528 0.5596
vt 0.7065 0.5916
vt 0.7354 0.6050
vt 0.6748 0.5840
vt 0.7046 0.5962
vt 0.7334 0.6094
vt 0.7314 0.6133
vt 0.7026 0.6006
vt 0.6733 0.5886
vt 0.6465 0.5786
vt 0.6230 0.5706
vt 0.7490 0.8157
vt 0.7358 0.8057
vt 0.7627 0.8021
vt 0.7500 0.7847
vt 0.7319 0.8029
vt 0.7402 0.7710
vt 0.7246 0.8274
vt 0.7407 0.8326
vt 0.7378 0.8513
vt 0.7207 0.8516
vt 0.7407 0.8702
vt 0.7246 0.8754
vt 0.7354 0.8970
vt 0.7158 0.8514
vt 0.7202 0.8259
vt 0.7183 0.7931
vt 0.7202 0.8769
vt 0.7041 0.8821
vt 0.6992 0.8513
vt 0.7041 0.8207
vt 0.6440 0.7875
vt 0.6392 0.7996
vt 0.6357 0.8123
vt 0.7319 0.8999
vt 0.7183 0.9099
vt 0.7500 0.9181
vt 0.7402 0.9318
vt 0.7676 0.9459
vt 0.7109 0.9939
vt 0.7002 0.9871
vt 0.6899 0.9786
vt 0.7529 0.9142
vt 0.7729 0.9299
vt 0.7983 0.9508
vt 0.7983 0.9339
vt 0.7749 0.9254
vt 0.7983 0.9291
vt 0.7495 0.8873
vt 0.7627 0.9007
vt 0.7798 0.9093
vt 0.7983 0.9123
vt 0.8223 0.9254
vt 0.8242 0.9299
vt 0.8442 0.9142
vt 0.8174 0.9093
vt 0.8345 0.9007
vt 0.8477 0.8873
vt 0.8291 0.9459
vt 0.8472 0.9181
vt 0.8652 0.8999
vt 0.8613 0.8970
vt 0.8564 0.8702
vt 0.8970 0.9871
vt 0.8569 0.9318
vt 0.9072 0.9786
vt 0.8862 0.9939
vt 0.8789 0.9099
vt 0.8931 0.8821
vt 0.8770 0.8769
vt 0.8726 0.8754
vt 0.8809 0.8514
vt 0.8979 0.8513
vt 0.8770 0.8259
vt 0.8931 0.8207
vt 0.8789 0.7931
vt 0.9531 0.7875
vt 0.9580 0.7996
vt 0.9609 0.8123
vt 0.8652 0.8029
vt 0.8569 0.7710
vt 0.8726 0.8274
vt 0.8765 0.8516
vt 0.8594 0.8513
vt 0.8564 0.8326
vt 0.8481 0.8157
vt 0.8613 0.8057
vt 0.8472 0.7847
vt 0.8345 0.8021
vt 0.7983 0.7689
vt 0.8242 0.7729
vt 0.7983 0.7737
vt 0.8228 0.7775
vt 0.8174 0.7935
vt 0.8442 0.7885
vt 0.7983 0.7905
vt 0.7798 0.7935
vt 0.7983 0.7521
vt 0.7729 0.7729
vt 0.7744 0.7775
vt 0.7529 0.7885
vt 0.8291 0.7568
vt 0.8115 0.6848
vt 0.7983 0.6838
vt 0.7856 0.6848
vt 0.7681 0.7568
vt 0.7256 0.7166
vt 0.7290 0.7202
vt 0.7031 0.7402
vt 0.7500 0.6956
vt 0.7534 0.6992
vt 0.7627 0.6824
vt 0.7671 0.6843
vt 0.7666 0.6694
vt 0.7642 0.6577
vt 0.3521 0.6846
vt 0.2822 0.7063
vt 0.3420 0.6697
vt 0.3433 0.6641
vt 0.2566 0.6362
vt 0.3455 0.6592
vt 0.2463 0.6584
vt 0.2747 0.6909
vt 0.2510 0.7080
vt 0.2607 0.7212
vt 0.2401 0.7371
vt 0.2277 0.7253
vt 0.2271 0.6748
vt 0.2054 0.6882
vt 0.1812 0.6118
vt 0.2612 0.6123
vt 0.3035 0.6023
vt 0.3623 0.6528
vt 0.3184 0.5942
vt 0.2942 0.5747
vt 0.2554 0.5876
vt 0.2457 0.5645
vt 0.2854 0.5469
vt 0.3098 0.5696
vt 0.3022 0.5442
vt 0.3013 0.4712
vt 0.2842 0.4761
vt 0.2277 0.5479
vt 0.2063 0.5361
vt 0.1812 0.5342
vt 0.2764 0.4702
vt 0.2800 0.4736
vt 0.1165 0.5645
vt 0.1069 0.5876
vt 0.0770 0.5469
vt 0.0681 0.5747
vt 0.0600 0.5442
vt 0.0524 0.5696
vt 0.0609 0.4712
vt 0.0781 0.4761
vt 0.1345 0.5479
vt 0.1559 0.5361
vt 0.1812 0.4932
vt 0.2101 0.4932
vt 0.2759 0.4521
vt 0.2069 0.4766
vt 0.1812 0.4766
vt 0.1522 0.4932
vt 0.0858 0.4702
vt 0.0822 0.4736
vt 0.1553 0.4766
vt 0.0864 0.4521
vt 0.6558 0.4116
vt 0.6201 0.4277
vt 0.6528 0.4053
vt 0.6172 0.4214
vt 0.6353 0.3652
vt 0.6494 0.3843
vt 0.6299 0.3696
vt 0.6436 0.3882
vt 0.6592 0.4023
vt 0.6621 0.4087
vt 0.6689 0.4277
vt 0.6626 0.4297
vt 0.6738 0.4473
vt 0.6670 0.4487
vt 0.6973 0.3926
vt 0.6943 0.3862
vt 0.6680 0.4556
vt 0.6299 0.4624
vt 0.6284 0.4551
vt 0.7134 0.4482
vt 0.6748 0.4546
vt 0.7124 0.4409
vt 0.6772 0.4746
vt 0.6699 0.4751
vt 0.6768 0.4946
vt 0.6694 0.4941
vt 0.6758 0.5020
vt 0.6689 0.5015
vt 0.6729 0.5220
vt 0.6660 0.5203
vt 0.6597 0.5425
vt 0.6660 0.5447
vt 0.7148 0.5056
vt 0.7153 0.4985
vt 0.6304 0.4980
vt 0.6309 0.4907
vt 0.7192 0.4399
vt 0.7202 0.4468
vt 0.7231 0.4727
vt 0.7158 0.4731
vt 0.7222 0.4990
vt 0.7217 0.5061
vt 0.7178 0.5320
vt 0.7109 0.5305
vt 0.7026 0.5581
vt 0.7095 0.5605
vt 0.7568 0.5093
vt 0.7573 0.5022
vt 0.7607 0.4326
vt 0.7617 0.4399
vt 0.7539 0.4336
vt 0.7549 0.4409
vt 0.7651 0.4712
vt 0.7583 0.4717
vt 0.7646 0.5027
vt 0.7637 0.5100
vt 0.7588 0.5413
vt 0.7520 0.5398
vt 0.7427 0.5728
vt 0.7490 0.5750
vt 0.7944 0.5127
vt 0.7949 0.5054
vt 0.7979 0.4263
vt 0.7993 0.4336
vt 0.7910 0.4277
vt 0.7920 0.4346
vt 0.8027 0.4697
vt 0.7959 0.4702
vt 0.8022 0.5061
vt 0.8013 0.5134
vt 0.7959 0.5493
vt 0.7891 0.5479
vt 0.7778 0.5854
vt 0.7847 0.5879
vt 0.8320 0.5161
vt 0.8325 0.5088
vt 0.8047 0.3442
vt 0.7769 0.3569
vt 0.8018 0.3374
vt 0.7739 0.3501
vt 0.7334 0.2852
vt 0.7505 0.3218
vt 0.7280 0.2896
vt 0.7568 0.3179
vt 0.7671 0.3530
vt 0.7700 0.3599
vt 0.7896 0.3906
vt 0.7827 0.3931
vt 0.7422 0.3726
vt 0.7393 0.3657
vt 0.7041 0.3091
vt 0.7183 0.3413
vt 0.6982 0.3135
vt 0.7241 0.3379
vt 0.7329 0.3687
vt 0.7358 0.3750
vt 0.7534 0.4019
vt 0.7466 0.4038
vt 0.7036 0.3896
vt 0.7007 0.3833
vt 0.6709 0.3359
vt 0.6826 0.3638
vt 0.6655 0.3403
vt 0.6885 0.3604
vt 0.7129 0.4141
vt 0.7065 0.4165
vt 0.8296 0.4282
vt 0.8281 0.4214
vt 0.0589 0.6023
vt 0.0000 0.6528
vt 0.0438 0.5942
vt 0.0168 0.6592
vt 0.1010 0.6123
vt 0.1057 0.6362
vt 0.0191 0.6643
vt 0.0202 0.6697
vt 0.1160 0.6584
vt 0.0876 0.6909
vt 0.0801 0.7063
vt 0.0103 0.6846
vt 0.1812 0.6912
vt 0.1569 0.6882
vt 0.1755 0.7827
vt 0.1346 0.7253
vt 0.1223 0.7371
vt 0.1112 0.7080
vt 0.1016 0.7212
vt 0.1646 0.7968
vt 0.1353 0.6748
vt 0.1812 0.7821
vt 0.1868 0.7827
vt 0.1978 0.7968
vt 2.2793 0.8517
vt 2.2793 1.0000
vt 2.3750 1.0000
vt 2.1816 1.0000
vt 2.1816 0.8517
vt 2.0840 1.0000
vt 2.1816 0.7996
vt 2.4707 0.8517
vt 2.3750 0.8517
vt 2.2793 0.7996
vt 2.2793 0.7354
vt 2.1816 0.7354
vt 2.2793 0.6975
vt 2.1816 0.6975
vt 2.2793 0.6196
vt 2.1816 0.6196
vt 2.3750 0.7996
vt 2.4707 0.7996
vt 2.3750 0.7354
vt 2.4707 0.7354
vt 2.5664 0.7996
vt 2.5664 0.8517
vt 2.6602 0.7996
vt 2.6602 0.8517
vt 2.7520 0.7996
vt 2.7520 0.7354
vt 2.6602 0.7354
vt 2.7520 0.8517
vt 2.6602 1.0000
vt 2.5664 1.0000
vt 2.4707 1.0000
vt 2.8398 0.7996
vt 2.8398 0.7354
vt 2.8398 0.6975
vt 2.7520 0.6975
vt 2.8398 0.6196
vt 2.7520 0.6196
vt 2.8398 0.5005
vt 2.7520 0.5005
vt 2.9219 0.5005
vt 2.8398 0.3813
vt 2.7520 0.3813
vt 2.6602 0.5005
vt 2.6602 0.6196
vt 2.6602 0.6975
vt 2.9219 0.3032
vt 2.8398 0.3032
vt 2.9219 0.3813
vt 2.7520 0.3032
vt 2.6602 0.3813
vt 2.5664 0.5005
vt 2.5664 0.6196
vt 2.5664 0.6975
vt 2.5664 0.7354
vt 2.4707 0.6975
vt 2.4707 0.6196
vt 2.4707 0.5005
vt 2.5664 0.3813
vt 2.3750 0.6975
vt 2.3750 0.6196
vt 2.3750 0.5005
vt 2.4707 0.3813
vt 2.5664 0.3032
vt 2.6602 0.3032
vt 2.1816 0.3032
vt 2.0840 0.3032
vt 2.1816 0.3813
vt 2.2793 0.3813
vt 2.2793 0.5005
vt 2.1816 0.5005
vt 2.0840 0.3813
vt 1.9873 0.3032
vt 1.9873 0.2651
vt 1.8896 0.3032
vt 1.8896 0.2651
vt 1.7930 0.3032
vt 1.5977 0.3813
vt 1.6953 0.3813
vt 1.6953 0.3032
vt 1.7930 0.3813
vt 1.8896 0.3813
vt 1.9873 0.3813
vt 2.0840 0.5005
vt 1.5010 0.3813
vt 1.5010 0.3032
vt 1.4033 0.3032
vt 1.5977 0.5005
vt 1.6953 0.5005
vt 1.7930 0.5005
vt 1.8896 0.5005
vt 1.4033 0.3813
vt 1.3047 0.3032
vt 1.5010 0.5005
vt 1.5010 0.6196
vt 1.5977 0.6196
vt 1.5010 0.6975
vt 1.5977 0.6975
vt 1.5010 0.7354
vt 1.5977 0.7354
vt 1.6953 0.7354
vt 1.7930 0.6196
vt 1.6953 0.6196
vt 1.6953 0.6975
vt 1.7930 0.7354
vt 1.7930 0.7996
vt 1.8896 0.7354
vt 1.7930 0.6975
vt 1.8896 0.6975
vt 1.8896 0.6196
vt 1.8896 0.7996
vt 1.9873 0.7996
vt 1.9873 0.7354
vt 1.9873 0.6975
vt 1.9873 0.6196
vt 1.9873 0.5005
vt 2.0840 0.6196
vt 2.0840 0.6975
vt 2.0840 0.7354
vt 2.0840 0.7996
vt 2.0840 0.8517
vt 1.5977 0.7996
vt 1.6953 0.7996
vt 1.6953 0.8517
vt 1.7930 0.8517
vt 1.8896 0.8517
vt 1.9873 0.8517
vt 1.9873 1.0000
vt 1.8896 1.0000
vt 1.7930 1.0000
vt 1.6953 1.0000
vt 1.5977 1.0000
vt 1.5977 0.8517
vt 1.5010 0.8517
vt 1.5010 0.7996
vt 1.4033 0.7996
vt 1.4033 0.7354
vt 1.4033 0.6975
vt 1.4033 0.6196
vt 1.3047 0.6975
vt 1.3057 0.7354
vt 1.3057 0.7996
vt 1.4033 0.8517
vt 1.5010 1.0000
vt 1.2080 0.6196
vt 1.3047 0.5005
vt 1.2080 0.5005
vt 1.3047 0.6196
vt 1.2080 0.6975
vt 1.2090 0.7354
vt 1.2090 0.7996
vt 1.3047 0.8517
vt 1.3047 1.0000
vt 1.4033 1.0000
vt 1.2080 1.0000
vt 1.2080 0.8517
vt 1.1104 1.0000
vt 1.0127 1.0000
vt 1.0127 0.8517
vt 1.1104 0.8517
vt 1.1113 0.7996
vt 1.1113 0.7354
vt 1.1104 0.6975
vt 1.1104 0.6196
vt 1.0137 0.7996
vt 1.1104 0.5005
vt 1.0127 0.5005
vt 1.0127 0.6196
vt 1.0127 0.6975
vt 1.0137 0.7354
vt 0.9170 0.7354
vt 0.9170 0.7996
vt 0.8193 0.7996
vt 0.9155 0.6975
vt 0.9155 0.6196
vt 0.9155 0.5005
vt 1.0127 0.3813
vt 1.1104 0.3813
vt 1.1104 0.3032
vt 1.2080 0.3032
vt 0.8193 0.5005
vt 0.9155 0.3813
vt 1.0127 0.3032
vt 1.1113 0.2651
vt 1.2090 0.2651
vt 1.2090 0.2007
vt 1.3057 0.2651
vt 1.3057 0.2007
vt 1.1113 0.2007
vt 1.1104 0.0000
vt 1.0127 0.1489
vt 1.1104 0.1489
vt 1.0137 0.2007
vt 1.0137 0.2651
vt 0.9155 0.3032
vt 0.8193 0.3813
vt 0.8193 0.3032
vt 0.7222 0.3032
vt 0.9170 0.2651
vt 0.9170 0.2007
vt 0.9155 0.1489
vt 0.8193 0.1489
vt 0.8193 0.0000
vt 0.7222 0.1489
vt 0.9155 0.0000
vt 1.0127 0.0000
vt 0.7222 0.2007
vt 0.6260 0.2007
vt 0.6260 0.1489
vt 0.5322 0.2007
vt 0.5298 0.1489
vt 0.7222 0.0000
vt 0.6260 0.0000
vt 0.5298 0.0000
vt 0.4363 0.1489
vt 0.4363 0.2007
vt 0.5322 0.2651
vt 0.4385 0.2651
vt 0.3447 0.1489
vt 0.6260 0.2651
vt 0.6260 0.3032
vt 0.5298 0.3032
vt 0.4363 0.3032
vt 0.3447 0.3032
vt 0.3447 0.3813
vt 0.2578 0.3813
vt 0.2578 0.5005
vt 0.1759 0.5005
vt 0.2578 0.6196
vt 0.1759 0.6196
vt 0.2578 0.6975
vt 0.0914 0.6975
vt 0.0914 0.7354
vt 0.1759 0.7354
vt 0.1759 0.6975
vt 0.2578 0.7354
vt 0.3469 0.7354
vt 0.3447 0.6975
vt 0.3447 0.6196
vt 0.3447 0.5005
vt 0.0914 0.6196
vt -0.0000 0.6975
vt -0.0000 0.7354
vt 0.0914 0.5005
vt -0.0000 0.6196
vt -0.0000 0.5005
vt -0.0000 0.3813
vt 0.1759 0.3813
vt 0.0914 0.3813
vt -0.0000 0.3032
vt 0.2578 0.3032
vt 0.1759 0.3032
vt 0.0914 0.3032
vt -0.0000 0.2651
vt -0.0000 0.1489
vt 0.0914 0.0000
vt -0.0000 0.0000
vt 0.0914 0.1489
vt -0.0000 0.2007
vt 0.0914 0.2007
vt 0.0914 0.2651
vt 0.1759 0.2651
vt 0.2578 0.2651
vt 0.1759 0.1489
vt 0.2578 0.1489
vt 0.1759 0.0000
vt 0.1759 0.2007
vt 0.3447 0.2007
vt 0.3469 0.2651
vt 0.2578 0.2007
vt 0.2578 0.0000
vt 0.3447 0.0000
vt 0.4363 0.0000
vt 0.0914 0.7996
vt 0.3447 0.7996
vt 0.2578 0.7996
vt 0.1759 0.7996
vt 0.0914 0.8517
vt 0.1759 0.8517
vt 0.2578 0.8517
vt 0.1759 1.0000
vt 0.0914 1.0000
vt -0.0000 0.8517
vt -0.0000 0.7998
vt -0.0000 1.0000
vt 0.4363 0.8517
vt 0.3447 0.8517
vt 0.4363 1.0000
vt 0.3447 1.0000
vt 0.2578 1.0000
vt 0.4363 0.7996
vt 0.5322 0.7996
vt 0.8193 0.8517
vt 0.7222 0.7996
vt 0.7222 0.8517
vt 0.6260 0.7996
vt 0.6260 0.8517
vt 0.5298 0.8517
vt 0.5298 1.0000
vt 0.6260 1.0000
vt 0.7222 1.0000
vt 0.8193 1.0000
vt 0.9155 0.8517
vt 0.9155 1.0000
vt 2.8398 0.8517
vt 2.9219 0.8517
vt 2.9219 0.7996
vt 2.9219 0.7354
vt 2.9219 0.6975
vt 2.9219 0.6196
vt 2.9980 0.7354
vt 2.9980 0.6975
vt 2.9980 0.6196
vt 2.9980 0.5005
vt 2.9980 0.1489
vt 2.9219 0.2007
vt 2.9980 0.2012
vt 2.9980 0.2656
vt 2.9219 0.2651
vt 2.9980 0.3032
vt 2.9980 0.3813
vt 2.7520 0.2651
vt 2.8398 0.2651
vt 2.6602 0.2651
vt 2.7520 0.2007
vt 2.8398 0.2007
vt 2.9219 0.1489
vt 2.8398 0.1489
vt 2.7520 0.1489
vt 2.6602 0.2007
vt 2.6602 0.1489
vt 2.5664 0.1489
vt 2.6602 0.0000
vt 2.7520 0.0000
vt 2.8398 0.0000
vt 2.9219 0.0000
vt 2.9980 0.0000
vt 2.4707 0.1489
vt 2.5664 0.2007
vt 2.4707 0.2007
vt 2.4707 0.2651
vt 2.5664 0.0000
vt 2.4707 0.0000
vt 2.3750 0.0000
vt 2.3750 0.1489
vt 2.3750 0.2007
vt 2.3750 0.2651
vt 2.3750 0.3032
vt 2.2793 0.2651
vt 2.2793 0.2007
vt 2.2793 0.1489
vt 2.2793 0.0000
vt 2.1816 0.0000
vt 2.1816 0.1489
vt 2.0840 0.0000
vt 2.0840 0.1489
vt 1.9873 0.1489
vt 2.0840 0.2007
vt 1.9873 0.2007
vt 2.0840 0.2651
vt 2.1816 0.2007
vt 2.1816 0.2651
vt 2.2793 0.3032
vt 1.8896 0.2007
vt 1.9873 0.0000
vt 1.8896 0.1489
vt 1.7930 0.1489
vt 1.8896 0.0000
vt 1.7930 0.0000
vt 1.6953 0.0000
vt 1.7930 0.2007
vt 1.6953 0.1489
vt 1.5977 0.0000
vt 1.5977 0.1489
vt 1.6953 0.2007
vt 1.5977 0.2007
vt 1.6953 0.2651
vt 1.5977 0.2651
vt 1.7930 0.2651
vt 1.5977 0.3032
vt 1.5010 0.2651
vt 1.5010 0.2007
vt 1.5010 0.1489
vt 1.4033 0.2651
vt 1.4033 0.5005
vt 1.3047 0.3813
vt 1.2080 0.3813
vt 2.7520 1.0000
vt 2.8398 1.0000
vt 2.9219 1.0000
vt 2.9980 1.0000
vt 2.9980 0.8517
vt 2.9980 0.7996
vt 2.5664 0.2651
vt 2.4707 0.3032
vt 2.3750 0.3813
vt 0.6260 0.5005
vt 0.5298 0.5005
vt 0.5298 0.6196
vt 0.6260 0.6196
vt 0.5298 0.6975
vt 0.6260 0.6975
vt 0.5322 0.7354
vt 0.6260 0.7354
vt 0.4363 0.5005
vt 0.4363 0.6196
vt 0.4363 0.6975
vt 0.4385 0.7354
vt 0.4363 0.3813
vt 0.5298 0.3813
vt 0.6260 0.3813
vt 0.7222 0.3813
vt 0.7222 0.5005
vt 0.7222 0.6196
vt 0.8193 0.6196
vt 0.7222 0.6975
vt 0.8193 0.6975
vt 0.7222 0.7354
vt 0.8193 0.7354
vt 0.0485 0.4160
vt 0.0601 0.4248
vt 0.0588 0.4263
vt 0.0589 0.4058
vt 0.0602 0.4072
vt 0.0574 0.4043
vt 0.0558 0.4033
vt 0.0541 0.4023
vt 0.0523 0.4019
vt 0.0504 0.4014
vt 0.0485 0.4014
vt 0.0466 0.4014
vt 0.0485 0.3862
vt 0.0523 0.3867
vt 0.0561 0.3877
vt 0.0598 0.3887
vt 0.0632 0.3901
vt 0.0664 0.3926
vt 0.0754 0.3804
vt 0.0800 0.3838
vt 0.0693 0.3950
vt 0.0706 0.3770
vt 0.0653 0.3745
vt 0.0599 0.3730
vt 0.0542 0.3716
vt 0.0485 0.3716
vt 0.0446 0.3867
vt 0.0447 0.4019
vt 0.0428 0.4023
vt 0.0411 0.4033
vt 0.0372 0.3887
vt 0.0338 0.3901
vt 0.0427 0.3716
vt 0.0409 0.3872
vt 0.0370 0.3730
vt 0.0316 0.3745
vt 0.0395 0.4043
vt 0.0381 0.4053
vt 0.0305 0.3926
vt 0.0368 0.4067
vt 0.0357 0.4087
vt 0.0348 0.4102
vt 0.0342 0.4121
vt 0.0338 0.4141
vt 0.0337 0.4160
vt 0.0197 0.4082
vt 0.0210 0.4043
vt 0.0228 0.4009
vt 0.0250 0.3979
vt 0.0276 0.3950
vt 0.0263 0.3770
vt 0.0214 0.3804
vt 0.0169 0.3838
vt 0.0130 0.3882
vt 0.0095 0.3931
vt 0.0067 0.3984
vt 0.0046 0.4038
vt 0.0032 0.4097
vt 0.0189 0.4121
vt 0.0026 0.4160
vt 0.0186 0.4160
vt 0.0189 0.4199
vt 0.0338 0.4180
vt 0.0197 0.4233
vt 0.0342 0.4194
vt 0.0348 0.4214
vt 0.0210 0.4272
vt 0.0227 0.4307
vt 0.0356 0.4233
vt 0.0249 0.4341
vt 0.0032 0.4219
vt 0.0046 0.4277
vt 0.0067 0.4336
vt 0.0095 0.4385
vt 0.0130 0.4434
vt 0.0367 0.4248
vt 0.0275 0.4365
vt 0.0169 0.4478
vt 0.0214 0.4517
vt 0.0305 0.4395
vt 0.0263 0.4546
vt 0.0337 0.4414
vt 0.0395 0.4272
vt 0.0380 0.4263
vt 0.0410 0.4287
vt 0.0428 0.4292
vt 0.0446 0.4302
vt 0.0465 0.4302
vt 0.0484 0.4307
vt 0.0484 0.4453
vt 0.0446 0.4448
vt 0.0408 0.4443
vt 0.0372 0.4429
vt 0.0316 0.4570
vt 0.0370 0.4590
vt 0.0427 0.4600
vt 0.0485 0.4604
vt 0.0522 0.4448
vt 0.0653 0.4570
vt 0.0599 0.4590
vt 0.0597 0.4429
vt 0.0560 0.4443
vt 0.0522 0.4302
vt 0.0504 0.4302
vt 0.0542 0.4600
vt 0.0540 0.4292
vt 0.0631 0.4414
vt 0.0706 0.4546
vt 0.0663 0.4395
vt 0.0754 0.4517
vt 0.0574 0.4272
vt 0.0558 0.4287
vt 0.0693 0.4370
vt 0.0719 0.4341
vt 0.0612 0.4233
vt 0.0741 0.4307
vt 0.0759 0.4272
vt 0.0621 0.4214
vt 0.0772 0.4238
vt 0.0800 0.4478
vt 0.0839 0.4434
vt 0.0873 0.4385
vt 0.0901 0.4336
vt 0.0923 0.4277
vt 0.0937 0.4219
vt 0.0780 0.4199
vt 0.0942 0.4160
vt 0.0783 0.4160
vt 0.0781 0.4121
vt 0.0632 0.4160
vt 0.0631 0.4141
vt 0.0627 0.4121
vt 0.0621 0.4102
vt 0.0937 0.4097
vt 0.0772 0.4082
vt 0.0923 0.4038
vt 0.0627 0.4199
vt 0.0630 0.4180
vt 0.0759 0.4043
vt 0.0901 0.3984
vt 0.0742 0.4009
vt 0.0873 0.3931
vt 0.0720 0.3979
vt 0.0839 0.3882
vt 0.0612 0.4087
vt 0.7222 0.2651
vt 0.8193 0.2007
vt 0.8193 0.2651
vt 0.1953 0.3975
vt 0.1945 0.4067
vt 0.1716 0.3936
vt 0.2460 0.4141
vt 0.2451 0.4067
vt 0.2717 0.4092
vt 0.2198 0.4077
vt 0.2198 0.4150
vt 0.2197 0.3979
vt 0.2107 0.3853
vt 0.1959 0.3862
vt 0.1740 0.3823
vt 0.1533 0.3750
vt 0.2473 0.4253
vt 0.2198 0.4268
vt 0.1936 0.4141
vt 0.1696 0.4023
vt 0.1489 0.3857
vt 0.1337 0.3647
vt 0.1277 0.3755
vt 0.1231 0.3833
vt 0.1923 0.4253
vt 0.1677 0.4097
vt 0.1456 0.3945
vt 0.1428 0.4014
vt 0.1194 0.3896
vt 0.1385 0.4121
vt 0.1136 0.3999
vt 0.1650 0.4204
vt 0.1078 0.3623
vt 0.1021 0.3696
vt 0.0975 0.3755
vt 0.0906 0.3843
vt 0.0779 0.3579
vt 0.0697 0.3662
vt 0.0518 0.3447
vt 0.0832 0.3530
vt 0.0669 0.3335
vt 0.0610 0.3379
vt 0.0742 0.3281
vt 0.0897 0.3467
vt 0.1152 0.3530
vt 0.0983 0.3389
vt 0.0837 0.3223
vt 0.0770 0.3086
vt 0.0618 0.3071
vt 0.0535 0.3120
vt 0.0885 0.2993
vt 0.0847 0.2944
vt 0.0720 0.3013
vt 0.0682 0.2930
vt 0.0499 0.2861
vt 0.0600 0.2808
vt 0.0415 0.2632
vt 0.0525 0.2598
vt 0.0369 0.2397
vt 0.0486 0.2383
vt 0.0355 0.2163
vt 0.0475 0.2163
vt 0.0485 0.1943
vt 0.0278 0.2412
vt 0.0262 0.2163
vt 0.0328 0.2661
vt 0.0416 0.2896
vt 0.0469 0.3159
vt 0.0348 0.2925
vt 0.0257 0.2681
vt 0.0204 0.2422
vt 0.0188 0.2163
vt 0.0369 0.3218
vt 0.0242 0.2974
vt 0.0147 0.2710
vt 0.0090 0.2441
vt 0.0073 0.2163
vt 0.0203 0.1899
vt 0.0276 0.1909
vt 0.0367 0.1924
vt 0.0522 0.1724
vt 0.0412 0.1689
vt 0.0596 0.1514
vt 0.0326 0.1665
vt 0.0495 0.1465
vt 0.0412 0.1426
vt 0.0532 0.1201
vt 0.0466 0.1167
vt 0.0344 0.1396
vt 0.0255 0.1646
vt 0.0615 0.1250
vt 0.0239 0.1353
vt 0.0145 0.1611
vt 0.0089 0.1885
vt 0.0894 0.0854
vt 0.0980 0.0933
vt 0.0740 0.1040
vt 0.0836 0.1104
vt 0.0769 0.1235
vt 0.0667 0.0986
vt 0.0607 0.0942
vt 0.0366 0.1108
vt 0.0775 0.0742
vt 0.0828 0.0796
vt 0.0970 0.0566
vt 0.1016 0.0625
vt 0.1187 0.0420
vt 0.0515 0.0874
vt 0.0693 0.0664
vt 0.0900 0.0479
vt 0.1129 0.0322
vt 0.1378 0.0200
vt 0.1421 0.0308
vt 0.1641 0.0112
vt 0.1074 0.0698
vt 0.1224 0.0488
vt 0.1449 0.0376
vt 0.1670 0.0225
vt 0.1687 0.0293
vt 0.1927 0.0176
vt 0.1937 0.0249
vt 0.2190 0.0166
vt 0.2190 0.0239
vt 0.2190 0.0337
vt 0.1946 0.0342
vt 0.1708 0.0381
vt 0.1483 0.0459
vt 0.1271 0.0566
vt 0.1952 0.0454
vt 0.1732 0.0493
vt 0.1527 0.0571
vt 0.1331 0.0669
vt 0.1148 0.0791
vt 0.2256 0.0962
vt 0.2178 0.0957
vt 0.2257 0.0776
vt 0.2184 0.0771
vt 0.2253 0.0610
vt 0.2189 0.0601
vt 0.2280 0.0464
vt 0.2190 0.0454
vt 0.2100 0.0459
vt 0.2074 0.1509
vt 0.2090 0.1392
vt 0.2168 0.1504
vt 0.2167 0.1387
vt 0.2092 0.1167
vt 0.2170 0.1162
vt 0.2098 0.0957
vt 0.2111 0.0776
vt 0.2124 0.0605
vt 0.2119 0.1753
vt 0.2069 0.1772
vt 0.2172 0.1748
vt 0.2261 0.1504
vt 0.2242 0.1387
vt 0.2247 0.1167
vt 0.2224 0.1748
vt 0.2344 0.1533
vt 0.2277 0.1763
vt 0.2328 0.1777
vt 0.2422 0.1558
vt 0.2495 0.1587
vt 0.2378 0.1797
vt 0.2424 0.1826
vt 0.2561 0.1631
vt 0.2627 0.1680
vt 0.2468 0.1855
vt 0.2507 0.1890
vt 0.2698 0.1733
vt 0.2539 0.1934
vt 0.2812 0.1978
vt 0.2827 0.2056
vt 0.2581 0.2031
vt 0.2563 0.1982
vt 0.2795 0.1890
vt 0.2749 0.1812
vt 0.2810 0.1685
vt 0.2849 0.1748
vt 0.3005 0.1572
vt 0.3047 0.1641
vt 0.2886 0.1816
vt 0.3081 0.1709
vt 0.3262 0.1611
vt 0.3228 0.1543
vt 0.3423 0.1519
vt 0.3394 0.1455
vt 0.3564 0.1436
vt 0.3542 0.1372
vt 0.3706 0.1382
vt 0.3669 0.1304
vt 0.3186 0.1475
vt 0.3352 0.1392
vt 0.3503 0.1323
vt 0.3616 0.1226
vt 0.3770 0.1240
vt 0.3645 0.1030
vt 0.3550 0.1094
vt 0.3406 0.0928
vt 0.3718 0.0981
vt 0.3235 0.0786
vt 0.3311 0.0693
vt 0.3491 0.0850
vt 0.3557 0.0786
vt 0.3779 0.0938
vt 0.3918 0.1157
vt 0.4019 0.1099
vt 0.4146 0.1343
vt 0.4041 0.1387
vt 0.3870 0.0864
vt 0.3608 0.0732
vt 0.3367 0.0620
vt 0.3157 0.0483
vt 0.3110 0.0562
vt 0.2932 0.0371
vt 0.2898 0.0459
vt 0.2693 0.0293
vt 0.2671 0.0381
vt 0.2443 0.0249
vt 0.2434 0.0342
vt 0.2428 0.0454
vt 0.2646 0.0493
vt 0.2854 0.0566
vt 0.3052 0.0664
vt 0.1914 0.0063
vt 0.2190 0.0049
vt 0.2452 0.0176
vt 0.2465 0.0063
vt 0.2710 0.0220
vt 0.2959 0.0303
vt 0.3193 0.0415
vt 0.3413 0.0562
vt 0.2737 0.0112
vt 0.3000 0.0195
vt 0.3252 0.0317
vt 0.3481 0.0469
vt 0.3691 0.0654
vt 0.3115 0.3750
vt 0.2861 0.3745
vt 0.3057 0.3647
vt 0.3240 0.3525
vt 0.3408 0.3384
vt 0.3313 0.3618
vt 0.3164 0.3828
vt 0.2939 0.3940
vt 0.3201 0.3892
vt 0.2966 0.4009
vt 0.2700 0.4023
vt 0.3372 0.3687
vt 0.3418 0.3745
vt 0.3259 0.3994
vt 0.3010 0.4116
vt 0.2747 0.4204
vt 0.2905 0.3857
vt 0.2678 0.3936
vt 0.2443 0.3975
vt 0.2654 0.3823
vt 0.2435 0.3862
vt 0.2288 0.3853
vt 0.2198 0.3862
vt 0.2198 0.3716
vt 0.2134 0.3706
vt 0.2203 0.3545
vt 0.2129 0.3540
vt 0.2209 0.3359
vt 0.2130 0.3354
vt 0.2216 0.3154
vt 0.2137 0.3149
vt 0.2219 0.2930
vt 0.2142 0.2930
vt 0.2262 0.3711
vt 0.2277 0.3540
vt 0.2288 0.3354
vt 0.2292 0.3149
vt 0.2296 0.2925
vt 0.2218 0.2812
vt 0.2311 0.2808
vt 0.2125 0.2812
vt 0.2213 0.2568
vt 0.2266 0.2563
vt 0.2391 0.2773
vt 0.2316 0.2549
vt 0.2365 0.2524
vt 0.2467 0.2739
vt 0.2534 0.2705
vt 0.2411 0.2495
vt 0.2455 0.2466
vt 0.2598 0.2656
vt 0.2659 0.2603
vt 0.2495 0.2432
vt 0.2529 0.2393
vt 0.2722 0.2544
vt 0.2559 0.2344
vt 0.2769 0.2466
vt 0.2812 0.2383
vt 0.2908 0.2456
vt 0.2874 0.2520
vt 0.3103 0.2568
vt 0.3066 0.2637
vt 0.3279 0.2676
vt 0.3242 0.2744
vt 0.3433 0.2778
vt 0.3401 0.2842
vt 0.3572 0.2871
vt 0.3545 0.2930
vt 0.3672 0.3003
vt 0.3618 0.3081
vt 0.3506 0.2983
vt 0.3357 0.2900
vt 0.3198 0.2808
vt 0.3025 0.2700
vt 0.2832 0.2588
vt 0.3877 0.4575
vt 0.3679 0.4551
vt 0.3901 0.4453
vt 0.3550 0.4531
vt 0.3584 0.4370
vt 0.3708 0.4404
vt 0.3940 0.4336
vt 0.3757 0.4263
vt 0.3997 0.4229
vt 0.3823 0.4126
vt 0.4065 0.4121
vt 0.3909 0.4004
vt 0.4148 0.4028
vt 0.3638 0.4209
vt 0.3713 0.4062
vt 0.3806 0.3921
vt 0.4241 0.3950
vt 0.4246 0.3706
vt 0.4343 0.3882
vt 0.4121 0.3789
vt 0.4006 0.3887
vt 0.3916 0.3799
vt 0.3748 0.3877
vt 0.3650 0.4023
vt 0.4043 0.3687
vt 0.4182 0.3594
vt 0.4380 0.3643
vt 0.4331 0.3521
vt 0.4524 0.3594
vt 0.4490 0.3472
vt 0.4656 0.3438
vt 0.4670 0.3564
vt 0.4822 0.3354
vt 0.4822 0.3428
vt 0.4822 0.3560
vt 0.4695 0.3765
vt 0.4573 0.3789
vt 0.4456 0.3828
vt 0.4944 0.3765
vt 0.4971 0.3569
vt 0.5063 0.3789
vt 0.4819 0.3755
vt 0.4988 0.3442
vt 0.5117 0.3599
vt 0.5181 0.3833
vt 0.5259 0.3647
vt 0.5293 0.3887
vt 0.5391 0.3716
vt 0.5396 0.3955
vt 0.5518 0.3799
vt 0.5488 0.4038
vt 0.5151 0.3472
vt 0.5308 0.3530
vt 0.5459 0.3604
vt 0.5596 0.3696
vt 0.5640 0.3638
vt 0.5493 0.3540
vt 0.5337 0.3462
vt 0.5171 0.3403
vt 0.4998 0.3369
vt 0.5640 0.4233
vt 0.5879 0.4272
vt 0.5693 0.4346
vt 0.5811 0.4136
vt 0.5571 0.4131
vt 0.5728 0.4009
vt 0.5630 0.3896
vt 0.5723 0.3809
vt 0.6084 0.4541
vt 0.5957 0.4561
vt 0.5928 0.4414
vt 0.6050 0.4380
vt 0.5996 0.4219
vt 0.5923 0.4072
vt 0.5830 0.3931
vt 0.5771 0.3755
vt 0.5889 0.3887
vt 0.5986 0.4033
vt 0.6064 0.4194
vt 0.6123 0.4360
vt 0.6157 0.4531
vt 0.6167 0.4712
vt 0.6157 0.4888
vt 0.6084 0.4878
vt 0.6094 0.4712
vt 0.5967 0.4707
vt 0.5757 0.4585
vt 0.5732 0.4463
vt 0.6050 0.5039
vt 0.5996 0.5198
vt 0.5928 0.5005
vt 0.5957 0.4858
vt 0.5767 0.4707
vt 0.5757 0.4834
vt 0.5732 0.4956
vt 0.5693 0.5071
vt 0.5879 0.5146
vt 0.5811 0.5281
vt 0.5923 0.5347
vt 0.5728 0.5405
vt 0.5830 0.5486
vt 0.5571 0.5283
vt 0.5488 0.5378
vt 0.5640 0.5181
vt 0.5718 0.5610
vt 0.5889 0.5530
vt 0.5986 0.5383
vt 0.6064 0.5225
vt 0.6123 0.5059
vt 0.5513 0.5618
vt 0.5630 0.5518
vt 0.5063 0.5620
vt 0.5181 0.5581
vt 0.5112 0.5813
vt 0.5254 0.5767
vt 0.5288 0.5527
vt 0.5391 0.5701
vt 0.5396 0.5459
vt 0.5771 0.5662
vt 0.5635 0.5779
vt 0.5591 0.5720
vt 0.5454 0.5813
vt 0.5303 0.5886
vt 0.5146 0.5938
vt 0.4980 0.5969
vt 0.4990 0.6042
vt 0.4814 0.6052
vt 0.4966 0.5842
vt 0.5161 0.6008
vt 0.5332 0.5952
vt 0.5488 0.5876
vt 0.4465 0.6003
vt 0.4485 0.5933
vt 0.4639 0.6040
vt 0.4648 0.5967
vt 0.4814 0.5979
vt 0.4814 0.5850
vt 0.4941 0.5645
vt 0.4326 0.5879
vt 0.4177 0.5806
vt 0.4377 0.5759
vt 0.4519 0.5808
vt 0.4666 0.5840
vt 0.4343 0.5520
vt 0.4241 0.5693
vt 0.4453 0.5576
vt 0.4570 0.5618
vt 0.4692 0.5642
vt 0.4817 0.5652
vt 0.4238 0.5452
vt 0.4116 0.5610
vt 0.4146 0.5369
vt 0.3994 0.5173
vt 0.4065 0.5276
vt 0.3823 0.5273
vt 0.3906 0.5398
vt 0.4004 0.5510
vt 0.3914 0.5601
vt 0.4038 0.5713
vt 0.3804 0.5476
vt 0.3745 0.5520
vt 0.3862 0.5654
vt 0.3994 0.5769
vt 0.4141 0.5869
vt 0.4299 0.5947
vt 0.3540 0.4697
vt 0.3550 0.4868
vt 0.3467 0.4697
vt 0.3477 0.4878
vt 0.3584 0.5029
vt 0.3513 0.5049
vt 0.3638 0.5188
vt 0.3569 0.5215
vt 0.3711 0.5337
vt 0.3647 0.5374
vt 0.3755 0.5137
vt 0.3708 0.4995
vt 0.3679 0.4849
vt 0.3669 0.4697
vt 0.3867 0.4702
vt 0.3877 0.4824
vt 0.3901 0.4946
vt 0.3940 0.5061
vt 0.3569 0.4185
vt 0.3513 0.4351
vt 0.3479 0.4521
vt 0.3865 0.3745
vt 0.3999 0.3628
vt 0.4146 0.3530
vt 0.4304 0.3452
vt 0.4473 0.3398
vt 0.4646 0.3364
vt 0.3494 0.3457
vt 0.3647 0.3271
vt 0.3560 0.3521
vt 0.3613 0.3574
vt 0.3489 0.3838
vt 0.3711 0.2925
vt 0.3772 0.3066
vt 0.3552 0.3213
vt 0.4299 0.2432
vt 0.4185 0.2412
vt 0.4314 0.2153
vt 0.4133 0.2671
vt 0.4243 0.2700
vt 0.4043 0.2920
vt 0.3975 0.2891
vt 0.3855 0.3110
vt 0.3721 0.3325
vt 0.4062 0.2651
vt 0.3782 0.3369
vt 0.3921 0.3149
vt 0.4148 0.2964
vt 0.4021 0.3208
vt 0.3872 0.3438
vt 0.3694 0.3652
vt 0.9165 0.4849
vt 0.9165 0.4697
vt 0.9795 0.4849
vt 0.9795 0.4697
vt 0.9795 0.4546
vt 0.9165 0.4546
vt 0.9795 0.4390
vt 0.9165 0.4390
vt 0.9795 0.4238
vt 0.9165 0.4238
vt 0.9795 0.4082
vt 0.8530 0.4546
vt 0.8530 0.4390
vt 0.8530 0.4238
vt 0.8530 0.4082
vt 0.9165 0.4082
vt 0.9795 0.3931
vt 0.8398 0.4238
vt 0.8398 0.4082
vt 0.8398 0.3931
vt 0.8530 0.3931
vt 0.9165 0.3931
vt 0.9795 0.3779
vt 0.8398 0.3779
vt 0.8530 0.3472
vt 0.8398 0.3623
vt 0.8398 0.3472
vt 0.8530 0.3623
vt 0.8530 0.3779
vt 0.9165 0.3779
vt 0.8530 0.3315
vt 0.8530 0.3164
vt 0.8530 0.3008
vt 0.8530 0.2856
vt 0.8398 0.2856
vt 0.8398 0.3013
vt 0.8398 0.3164
vt 0.8398 0.3315
vt 0.8398 0.2549
vt 0.8398 0.2705
vt 0.0980 0.7449
vt 0.1141 0.7529
vt 0.0942 0.7548
vt 0.0790 0.7510
vt 0.0803 0.7405
vt 0.0633 0.7509
vt 0.0622 0.7402
vt 0.0479 0.7543
vt 0.0444 0.7444
vt 0.0338 0.7611
vt 0.0281 0.7522
vt 0.0140 0.7634
vt 0.0169 0.7758
vt 0.0063 0.7722
vt 0.0082 0.7843
vt 0.0183 0.7825
vt 0.0130 0.7977
vt 0.0226 0.7941
vt 0.0208 0.8116
vt 0.0296 0.8064
vt 0.0314 0.8254
vt 0.0393 0.8190
vt 0.0445 0.8386
vt 0.0515 0.8312
vt 0.0524 0.8447
vt 0.0561 0.8348
vt 0.0593 0.8450
vt 0.0593 0.8348
vt 0.0657 0.8346
vt 0.0662 0.8447
vt 0.0720 0.8341
vt 0.0731 0.8442
vt 0.0784 0.8333
vt 0.0800 0.8433
vt 0.0847 0.8322
vt 0.0867 0.8420
vt 0.0878 0.8315
vt 0.0934 0.8405
vt 0.0999 0.8328
vt 0.0915 0.8269
vt 0.1009 0.8125
vt 0.1100 0.8171
vt 0.1077 0.7982
vt 0.1174 0.8014
vt 0.1120 0.7845
vt 0.1221 0.7863
vt 0.1138 0.7725
vt 0.1241 0.7721
vt 0.1138 0.7656
vt 0.1234 0.7599
vt 0.4456 0.4902
vt 0.4365 0.4946
vt 0.4387 0.4756
vt 0.4290 0.4790
vt 0.4346 0.4624
vt 0.4243 0.4639
vt 0.4326 0.4502
vt 0.4224 0.4497
vt 0.4326 0.4434
vt 0.4231 0.4375
vt 0.4324 0.4307
vt 0.4524 0.4326
vt 0.4485 0.4224
vt 0.4675 0.4287
vt 0.4663 0.4180
vt 0.4832 0.4282
vt 0.4844 0.4180
vt 0.4985 0.4321
vt 0.5020 0.4219
vt 0.5127 0.4390
vt 0.5186 0.4297
vt 0.5322 0.4409
vt 0.5293 0.4536
vt 0.5400 0.4497
vt 0.5381 0.4619
vt 0.5283 0.4600
vt 0.5332 0.4751
vt 0.5239 0.4717
vt 0.5254 0.4893
vt 0.5166 0.4839
vt 0.5151 0.5029
vt 0.5073 0.4966
vt 0.5020 0.5161
vt 0.4951 0.5088
vt 0.4941 0.5222
vt 0.4905 0.5125
vt 0.4873 0.5225
vt 0.4873 0.5125
vt 0.4810 0.5122
vt 0.4802 0.5222
vt 0.4746 0.5117
vt 0.4734 0.5217
vt 0.4683 0.5107
vt 0.4666 0.5208
vt 0.4619 0.5095
vt 0.4597 0.5195
vt 0.4587 0.5090
vt 0.4531 0.5178
vt 0.4468 0.5103
vt 0.4551 0.5044
vt 0.9160 0.5615
vt 0.9160 0.5461
vt 0.9795 0.5615
vt 0.9795 0.5464
vt 0.9160 0.5310
vt 0.9795 0.5310
vt 0.9160 0.5156
vt 0.9795 0.5156
vt 0.9160 0.5002
vt 0.9795 0.5002
vt 0.8530 0.5461
vt 0.8530 0.5310
vt 0.8530 0.5156
vt 0.8530 0.5002
vt 0.8530 0.4849
vt 0.8530 0.4697
vt 0.8398 0.5002
vt 0.8398 0.4849
vt 0.8398 0.4697
vt 0.8398 0.4546
vt 0.8398 0.4390
vt 0.8530 0.5769
vt 0.8530 0.5615
vt 0.9160 0.5769
vt 0.8394 0.5615
vt 0.8394 0.5461
vt 0.8398 0.5308
vt 0.8398 0.5156
vt 0.9160 0.5923
vt 0.9160 0.6077
vt 0.8530 0.5923
vt 0.8394 0.5769
vt 0.9160 0.6689
vt 0.9160 0.6536
vt 0.9795 0.6689
vt 0.9795 0.6536
vt 0.9795 0.6382
vt 0.9160 0.6382
vt 0.9795 0.6230
vt 0.9160 0.6230
vt 0.9795 0.6077
vt 0.9795 0.5923
vt 0.9927 0.6230
vt 0.9927 0.6077
vt 0.9927 0.5923
vt 0.9927 0.5769
vt 0.9795 0.5769
vt 0.9927 0.5618
vt 0.9927 0.5464
vt 0.9927 0.4697
vt 0.9927 0.4546
vt 0.9927 0.4849
vt 0.9927 0.5002
vt 0.9927 0.5156
vt 0.9927 0.5310
vt 0.0717 0.1309
vt 0.0842 0.1387
vt 0.0677 0.1392
vt 0.0816 0.1445
vt 0.0986 0.1475
vt 0.0953 0.1538
vt 0.1144 0.1572
vt 0.1108 0.1641
vt 0.1320 0.1680
vt 0.1283 0.1748
vt 0.1514 0.1797
vt 0.1477 0.1865
vt 0.1616 0.1855
vt 0.1573 0.1938
vt 0.1029 0.1416
vt 0.1189 0.1509
vt 0.1361 0.1616
vt 0.1553 0.1733
vt 0.1663 0.1772
vt 0.1827 0.1973
vt 0.1855 0.1929
vt 0.1727 0.1719
vt 0.1808 0.2285
vt 0.1559 0.2261
vt 0.1797 0.2231
vt 0.1791 0.2178
vt 0.1552 0.2183
vt 0.1553 0.2104
vt 0.1791 0.2124
vt 0.1796 0.2075
vt 0.1562 0.2026
vt 0.1808 0.2021
vt 0.9160 0.6843
vt 0.8530 0.6843
vt 0.8530 0.6997
vt 0.9160 0.6997
vt 0.8525 0.7148
vt 0.9160 0.7148
vt 0.8525 0.7302
vt 0.9160 0.7300
vt 0.9795 0.7302
vt 0.9795 0.7148
vt 0.9795 0.6997
vt 0.9795 0.6843
vt 0.8530 0.7454
vt 0.8398 0.7468
vt 0.9160 0.7446
vt 0.9790 0.7454
vt 0.9922 0.7468
vt 0.9927 0.7307
vt 0.9927 0.7151
vt 0.9927 0.6997
vt 0.9927 0.6843
vt 0.9927 0.6689
vt 0.9927 0.6536
vt 0.9927 0.6382
vt 0.4126 0.2153
vt 0.4033 0.2153
vt 0.4111 0.1904
vt 0.3853 0.1196
vt 0.3972 0.1416
vt 0.4131 0.1636
vt 0.4060 0.1655
vt 0.4185 0.1890
vt 0.4199 0.2153
vt 0.4111 0.2402
vt 0.4021 0.2393
vt 0.3975 0.2627
vt 0.4241 0.1606
vt 0.4297 0.1875
vt 0.3894 0.2852
vt 0.3792 0.2798
vt 0.3865 0.2588
vt 0.3904 0.2373
vt 0.3914 0.2153
vt 0.4019 0.1914
vt 0.3972 0.1680
vt 0.3889 0.1455
vt 0.3789 0.1509
vt 0.3862 0.1719
vt 0.3901 0.1934
vt 0.8530 0.6077
vt 0.8530 0.6228
vt 0.8530 0.6382
vt 0.8530 0.6536
vt 0.8530 0.6689
vt 0.8394 0.5923
vt 0.8394 0.6077
vt 0.8394 0.6228
vt 0.8394 0.6382
vt 0.8394 0.6536
vt 0.8394 0.6689
vt 0.8394 0.6843
vt 0.8394 0.6997
vt 0.8394 0.7151
vt 0.8394 0.7307
vt 0.7520 0.6733
vt 0.7563 0.6721
vt 0.7520 0.6782
vt 0.7573 0.6804
vt 0.7466 0.6914
vt 0.7617 0.6707
vt 0.7642 0.6577
vt 0.7593 0.6587
vt 0.7627 0.6455
vt 0.7539 0.6597
vt 0.7490 0.6604
vt 0.7446 0.6614
vt 0.7476 0.6736
vt 0.7476 0.6765
vt 0.7461 0.6343
vt 0.7510 0.6338
vt 0.7471 0.6475
vt 0.7520 0.6467
vt 0.7573 0.6460
vt 0.7612 0.6331
vt 0.7563 0.6335
vt 0.7554 0.6213
vt 0.7500 0.6211
vt 0.7485 0.6130
vt 0.7441 0.6165
vt 0.7354 0.6050
vt 0.7334 0.6094
vt 0.7046 0.5962
vt 0.7065 0.5916
vt 0.6748 0.5840
vt 0.6768 0.5793
vt 0.6733 0.5886
vt 0.7026 0.6006
vt 0.7314 0.6133
vt 0.7402 0.6191
vt 0.7451 0.6213
vt 0.7427 0.6479
vt 0.7412 0.6348
vt 0.7407 0.6221
vt 0.6367 0.7771
vt 0.6348 0.7821
vt 0.6084 0.7344
vt 0.6548 0.7673
vt 0.6577 0.7715
vt 0.6763 0.7533
vt 0.6792 0.7573
vt 0.7002 0.7363
vt 0.7031 0.7402
vt 0.7256 0.7166
vt 0.7290 0.7202
vt 0.7500 0.6956
vt 0.6729 0.7490
vt 0.6968 0.7319
vt 0.6519 0.7629
vt 0.6387 0.7706
vt 0.6128 0.7324
vt 0.5962 0.7019
vt 0.6406 0.7649
vt 0.6494 0.7585
vt 0.6177 0.7302
vt 0.6011 0.7004
vt 0.5889 0.6687
vt 0.5938 0.6680
vt 0.5908 0.6348
vt 0.5962 0.6348
vt 0.6040 0.6023
vt 0.6152 0.5654
vt 0.6089 0.6033
vt 0.6011 0.6348
vt 0.5986 0.6672
vt 0.6060 0.6990
vt 0.6226 0.7280
vt 0.6060 0.6348
vt 0.6040 0.6665
vt 0.6113 0.6975
vt 0.6270 0.7261
vt 0.6411 0.7617
vt 0.6089 0.6658
vt 0.6157 0.6963
vt 0.6470 0.7545
vt 0.6680 0.7405
vt 0.6704 0.7446
vt 0.6914 0.7239
vt 0.6938 0.7278
vt 0.7163 0.7046
vt 0.7192 0.7083
vt 0.7402 0.6846
vt 0.7437 0.6877
vt 0.7222 0.7122
vt 0.7666 0.6694
vt 0.7627 0.6824
vt 0.7534 0.6992
vt 0.7671 0.6843
vt 0.7280 0.2896
vt 0.7334 0.2852
vt 0.7505 0.3218
vt 0.7568 0.3179
vt 0.7739 0.3501
vt 0.7671 0.3530
vt 0.7769 0.3569
vt 0.7700 0.3599
vt 0.7896 0.3906
vt 0.7827 0.3931
vt 0.7979 0.4263
vt 0.7910 0.4277
vt 0.8047 0.3442
vt 0.8018 0.3374
vt 0.7422 0.3726
vt 0.7393 0.3657
vt 0.7607 0.4326
vt 0.7617 0.4399
vt 0.7920 0.4346
vt 0.7549 0.4409
vt 0.7539 0.4336
vt 0.7466 0.4038
vt 0.7534 0.4019
vt 0.7358 0.3750
vt 0.7329 0.3687
vt 0.7183 0.3413
vt 0.7241 0.3379
vt 0.6982 0.3135
vt 0.7041 0.3091
vt 0.7036 0.3896
vt 0.7007 0.3833
vt 0.6655 0.3403
vt 0.6709 0.3359
vt 0.6826 0.3638
vt 0.6885 0.3604
vt 0.6943 0.3862
vt 0.6973 0.3926
vt 0.7129 0.4141
vt 0.7065 0.4165
vt 0.7192 0.4399
vt 0.7124 0.4409
vt 0.6621 0.4087
vt 0.6592 0.4023
vt 0.6738 0.4473
vt 0.6748 0.4546
vt 0.7134 0.4482
vt 0.6680 0.4556
vt 0.6670 0.4487
vt 0.6626 0.4297
vt 0.6689 0.4277
vt 0.6558 0.4116
vt 0.6528 0.4053
vt 0.6436 0.3882
vt 0.6494 0.3843
vt 0.6299 0.3696
vt 0.6353 0.3652
vt 0.6201 0.4277
vt 0.6172 0.4214
vt 0.7490 0.5750
vt 0.7427 0.5728
vt 0.7588 0.5413
vt 0.7520 0.5398
vt 0.7568 0.5093
vt 0.7637 0.5100
vt 0.7573 0.5022
vt 0.7646 0.5027
vt 0.7583 0.4717
vt 0.7651 0.4712
vt 0.7222 0.4990
vt 0.7217 0.5061
vt 0.7949 0.5054
vt 0.7944 0.5127
vt 0.7202 0.4468
vt 0.7231 0.4727
vt 0.7158 0.4731
vt 0.7153 0.4985
vt 0.7148 0.5056
vt 0.7178 0.5320
vt 0.7109 0.5305
vt 0.7026 0.5581
vt 0.7095 0.5605
vt 0.6768 0.4946
vt 0.6758 0.5020
vt 0.6660 0.5447
vt 0.6597 0.5425
vt 0.6729 0.5220
vt 0.6660 0.5203
vt 0.6689 0.5015
vt 0.6694 0.4941
vt 0.6699 0.4751
vt 0.6772 0.4746
vt 0.6309 0.4907
vt 0.6304 0.4980
vt 0.6284 0.4551
vt 0.6299 0.4624
vt 0.8281 0.4214
vt 0.7993 0.4336
vt 0.8296 0.4282
vt 0.8027 0.4697
vt 0.7959 0.4702
vt 0.8022 0.5061
vt 0.8013 0.5134
vt 0.7959 0.5493
vt 0.7891 0.5479
vt 0.7778 0.5854
vt 0.7847 0.5879
vt 0.8325 0.5088
vt 0.8320 0.5161
vt 0.7065 0.5916
vt 0.7354 0.6050
vt 0.7046 0.5962
vt 0.6748 0.5840
vt 0.6768 0.5793
vt 0.6479 0.5740
vt 0.6494 0.5691
vt 0.6240 0.5662
vt 0.6250 0.5613
vt 0.6138 0.5625
vt 0.6733 0.5886
vt 0.6465 0.5786
vt 0.6230 0.5706
vt 0.6152 0.5654
vt 0.6089 0.6033
vt 0.6040 0.6023
vt 0.6011 0.6348
vt 0.5991 0.6016
vt 0.6104 0.5574
vt 0.6270 0.5562
vt 0.6509 0.5642
vt 0.6787 0.5742
vt 0.5962 0.6348
vt 0.5938 0.6008
vt 0.6064 0.5518
vt 0.5908 0.6348
vt 0.5938 0.6680
vt 0.5986 0.6672
vt 0.6040 0.6665
vt 0.6060 0.6348
vt 0.5889 0.6687
vt 0.5962 0.7019
vt 0.5859 0.6348
vt 0.5889 0.6001
vt 0.6040 0.5474
vt 0.6284 0.5515
vt 0.7402 0.5957
vt 0.7378 0.6001
vt 0.7109 0.5820
vt 0.7085 0.5864
vt 0.6807 0.5696
vt 0.6528 0.5596
vt 0.7485 0.6130
vt 0.7529 0.6096
vt 0.7554 0.6213
vt 0.7500 0.6211
vt 0.7510 0.6338
vt 0.7461 0.6343
vt 0.7412 0.6348
vt 0.7427 0.6479
vt 0.7451 0.6213
vt 0.7441 0.6165
vt 0.7334 0.6094
vt 0.7026 0.6006
vt 0.7407 0.6221
vt 0.7402 0.6191
vt 0.7314 0.6133
vt 0.7002 0.7363
vt 0.7031 0.7402
vt 0.6792 0.7573
vt 0.7256 0.7166
vt 0.7290 0.7202
vt 0.7500 0.6956
vt 0.7534 0.6992
vt 0.7627 0.6824
vt 0.7671 0.6843
vt 0.7666 0.6694
vt 0.6763 0.7533
vt 0.6577 0.7715
vt 0.6968 0.7319
vt 0.7222 0.7122
vt 0.7466 0.6914
vt 0.7573 0.6804
vt 0.7617 0.6707
vt 0.7642 0.6577
vt 0.7593 0.6587
vt 0.7627 0.6455
vt 0.7192 0.7083
vt 0.7437 0.6877
vt 0.7520 0.6782
vt 0.7563 0.6721
vt 0.7539 0.6597
vt 0.7573 0.6460
vt 0.7612 0.6331
vt 0.6938 0.7278
vt 0.6914 0.7239
vt 0.7163 0.7046
vt 0.7402 0.6846
vt 0.7476 0.6765
vt 0.7520 0.6733
vt 0.7490 0.6604
vt 0.7471 0.6475
vt 0.7446 0.6614
vt 0.7476 0.6736
vt 0.7520 0.6467
vt 0.7563 0.6335
vt 0.7603 0.6211
vt 0.7573 0.6067
vt 0.6470 0.7545
vt 0.6494 0.7585
vt 0.6411 0.7617
vt 0.6367 0.7771
vt 0.6128 0.7324
vt 0.6387 0.7706
vt 0.6548 0.7673
vt 0.6519 0.7629
vt 0.6729 0.7490
vt 0.6704 0.7446
vt 0.6680 0.7405
vt 0.6348 0.7821
vt 0.6084 0.7344
vt 0.6089 0.6658
vt 0.6113 0.6975
vt 0.6060 0.6990
vt 0.6011 0.7004
vt 0.6177 0.7302
vt 0.6226 0.7280
vt 0.6406 0.7649
vt 0.6157 0.6963
vt 0.6270 0.7261
vt 0.6011 0.7004
vt 0.5962 0.7019
vt 0.5889 0.6687
vt 0.5908 0.6348
vt 0.5859 0.6348
vt 0.5938 0.6680
vt 0.6060 0.6990
vt 0.6177 0.7302
vt 0.6226 0.7280
vt 0.6406 0.7649
vt 0.6411 0.7617
vt 0.6494 0.7585
vt 0.6470 0.7545
vt 0.6519 0.7629
vt 0.6387 0.7706
vt 0.6128 0.7324
vt 0.6367 0.7771
vt 0.6548 0.7673
vt 0.6729 0.7490
vt 0.6704 0.7446
vt 0.6968 0.7319
vt 0.6938 0.7278
vt 0.6084 0.7344
vt 0.6348 0.7821
vt 0.6577 0.7715
vt 0.6763 0.7533
vt 0.6792 0.7573
vt 0.7002 0.7363
vt 0.7222 0.7122
vt 0.7256 0.7166
vt 0.7466 0.6914
vt 0.7500 0.6956
vt 0.7573 0.6804
vt 0.7627 0.6824
vt 0.7617 0.6707
vt 0.7031 0.7402
vt 0.7290 0.7202
vt 0.7534 0.6992
vt 0.7671 0.6843
vt 0.7666 0.6694
vt 0.7642 0.6577
vt 0.7593 0.6587
vt 0.7627 0.6455
vt 0.7573 0.6460
vt 0.7612 0.6331
vt 0.7563 0.6335
vt 0.7554 0.6213
vt 0.7510 0.6338
vt 0.7500 0.6211
vt 0.7461 0.6343
vt 0.7451 0.6213
vt 0.7485 0.6130
vt 0.7441 0.6165
vt 0.7354 0.6050
vt 0.7412 0.6348
vt 0.7407 0.6221
vt 0.7402 0.6191
vt 0.7334 0.6094
vt 0.7046 0.5962
vt 0.7065 0.5916
vt 0.6748 0.5840
vt 0.6768 0.5793
vt 0.7314 0.6133
vt 0.7026 0.6006
vt 0.6733 0.5886
vt 0.6479 0.5740
vt 0.6465 0.5786
vt 0.6240 0.5662
vt 0.6230 0.5706
vt 0.6152 0.5654
vt 0.6494 0.5691
vt 0.6250 0.5613
vt 0.6138 0.5625
vt 0.6104 0.5574
vt 0.5991 0.6016
vt 0.5938 0.6008
vt 0.5889 0.6001
vt 0.6064 0.5518
vt 0.6270 0.5562
vt 0.6509 0.5642
vt 0.6787 0.5742
vt 0.6284 0.5515
vt 0.6040 0.5474
vt 0.7529 0.6096
vt 0.7573 0.6067
vt 0.7603 0.6211
vt 0.7402 0.5957
vt 0.7378 0.6001
vt 0.7109 0.5820
vt 0.7085 0.5864
vt 0.6807 0.5696
vt 0.6528 0.5596
vt 0.6011 0.6348
vt 0.6089 0.6033
vt 0.6060 0.6348
vt 0.6230 0.5706
vt 0.6152 0.5654
vt 0.6240 0.5662
vt 0.6138 0.5625
vt 0.6040 0.6023
vt 0.5962 0.6348
vt 0.5986 0.6672
vt 0.5938 0.6680
vt 0.6060 0.6990
vt 0.6011 0.7004
vt 0.5991 0.6016
vt 0.6104 0.5574
vt 0.6250 0.5613
vt 0.5908 0.6348
vt 0.5938 0.6008
vt 0.6064 0.5518
vt 0.6270 0.5562
vt 0.6494 0.5691
vt 0.6479 0.5740
vt 0.5962 0.7019
vt 0.6084 0.7344
vt 0.5889 0.6687
vt 0.5859 0.6348
vt 0.5889 0.6001
vt 0.6040 0.5474
vt 0.6284 0.5515
vt 0.6509 0.5642
vt 0.6768 0.5793
vt 0.6748 0.5840
vt 0.7065 0.5916
vt 0.7046 0.5962
vt 0.7354 0.6050
vt 0.7334 0.6094
vt 0.7402 0.6191
vt 0.7314 0.6133
vt 0.7441 0.6165
vt 0.7026 0.6006
vt 0.6733 0.5886
vt 0.6465 0.5786
vt 0.7451 0.6213
vt 0.7500 0.6211
vt 0.7563 0.6335
vt 0.7612 0.6331
vt 0.7573 0.6460
vt 0.7554 0.6213
vt 0.7510 0.6338
vt 0.7461 0.6343
vt 0.7412 0.6348
vt 0.7407 0.6221
vt 0.7603 0.6211
vt 0.7485 0.6130
vt 0.7529 0.6096
vt 0.7573 0.6067
vt 0.7402 0.5957
vt 0.7378 0.6001
vt 0.7109 0.5820
vt 0.7085 0.5864
vt 0.6787 0.5742
vt 0.6807 0.5696
vt 0.6528 0.5596
vt 0.6558 0.4116
vt 0.6201 0.4277
vt 0.6528 0.4053
vt 0.6172 0.4214
vt 0.6353 0.3652
vt 0.6436 0.3882
vt 0.6299 0.3696
vt 0.6494 0.3843
vt 0.6592 0.4023
vt 0.6621 0.4087
vt 0.6689 0.4277
vt 0.6626 0.4297
vt 0.6738 0.4473
vt 0.6670 0.4487
vt 0.6973 0.3926
vt 0.6943 0.3862
vt 0.6680 0.4556
vt 0.6299 0.4624
vt 0.6284 0.4551
vt 0.7134 0.4482
vt 0.6748 0.4546
vt 0.7124 0.4409
vt 0.6772 0.4746
vt 0.6699 0.4751
vt 0.6768 0.4946
vt 0.6694 0.4941
vt 0.6758 0.5020
vt 0.6689 0.5015
vt 0.6729 0.5220
vt 0.6660 0.5203
vt 0.6597 0.5425
vt 0.6660 0.5447
vt 0.7148 0.5056
vt 0.7153 0.4985
vt 0.6304 0.4980
vt 0.6309 0.4907
vt 0.7192 0.4399
vt 0.7202 0.4468
vt 0.7231 0.4727
vt 0.7158 0.4731
vt 0.7222 0.4990
vt 0.7217 0.5061
vt 0.7178 0.5320
vt 0.7109 0.5305
vt 0.7026 0.5581
vt 0.7095 0.5605
vt 0.7568 0.5093
vt 0.7573 0.5022
vt 0.7607 0.4326
vt 0.7617 0.4399
vt 0.7539 0.4336
vt 0.7549 0.4409
vt 0.7651 0.4712
vt 0.7583 0.4717
vt 0.7646 0.5027
vt 0.7637 0.5100
vt 0.7588 0.5413
vt 0.7520 0.5398
vt 0.7427 0.5728
vt 0.7490 0.5750
vt 0.7944 0.5127
vt 0.7949 0.5054
vt 0.7979 0.4263
vt 0.7993 0.4336
vt 0.7910 0.4277
vt 0.7920 0.4346
vt 0.8027 0.4697
vt 0.7959 0.4702
vt 0.8022 0.5061
vt 0.8013 0.5134
vt 0.7959 0.5493
vt 0.7891 0.5479
vt 0.7778 0.5854
vt 0.7847 0.5879
vt 0.8320 0.5161
vt 0.8325 0.5088
vt 0.8047 0.3442
vt 0.7769 0.3569
vt 0.8018 0.3374
vt 0.7739 0.3501
vt 0.7334 0.2852
vt 0.7505 0.3218
vt 0.7280 0.2896
vt 0.7568 0.3179
vt 0.7671 0.3530
vt 0.7700 0.3599
vt 0.7896 0.3906
vt 0.7827 0.3931
vt 0.7422 0.3726
vt 0.7393 0.3657
vt 0.7041 0.3091
vt 0.7183 0.3413
vt 0.6982 0.3135
vt 0.7241 0.3379
vt 0.7329 0.3687
vt 0.7358 0.3750
vt 0.7534 0.4019
vt 0.7466 0.4038
vt 0.7036 0.3896
vt 0.7007 0.3833
vt 0.6709 0.3359
vt 0.6826 0.3638
vt 0.6655 0.3403
vt 0.6885 0.3604
vt 0.7129 0.4141
vt 0.7065 0.4165
vt 0.8296 0.4282
vt 0.8281 0.4214
vt 0.9160 0.1016
vt 0.9160 0.0864
vt 0.9795 0.0864
vt 0.8530 0.0864
vt 0.8530 0.0708
vt 0.9160 0.0708
vt 0.8530 0.0557
vt 0.9160 0.0557
vt 0.8530 0.0405
vt 0.9160 0.0405
vt 0.8530 0.0249
vt 0.9160 0.0254
vt 0.8398 0.0864
vt 0.8398 0.0708
vt 0.8394 0.0557
vt 0.8394 0.0400
vt 0.8394 0.0244
vt 0.8403 0.0083
vt 0.8530 0.0098
vt 0.9160 0.0107
vt 0.9790 0.0098
vt 0.9795 0.0249
vt 0.9922 0.0083
vt 0.9927 0.0244
vt 0.9795 0.0405
vt 0.9932 0.0400
vt 0.9795 0.0557
vt 0.9927 0.0557
vt 0.9795 0.0708
vt 0.9927 0.0708
vt 0.9927 0.0864
vt 0.9795 0.1016
vt 0.9795 0.1172
vt 0.9160 0.1172
vt 0.9927 0.1631
vt 0.9927 0.1475
vt 0.9927 0.1323
vt 0.9927 0.1172
vt 0.9927 0.1016
vt 0.6040 0.6023
vt 0.6152 0.5654
vt 0.6089 0.6033
vt 0.6060 0.6348
vt 0.6465 0.5786
vt 0.6230 0.5706
vt 0.6479 0.5740
vt 0.6240 0.5662
vt 0.6138 0.5625
vt 0.5991 0.6016
vt 0.6104 0.5574
vt 0.5938 0.6008
vt 0.6064 0.5518
vt 0.6270 0.5562
vt 0.6250 0.5613
vt 0.6494 0.5691
vt 0.6089 0.6658
vt 0.6011 0.6348
vt 0.5962 0.6348
vt 0.5908 0.6348
vt 0.5889 0.6001
vt 0.6040 0.5474
vt 0.6284 0.5515
vt 0.5859 0.6348
vt 0.6348 0.7821
vt 0.6367 0.7771
vt 0.6577 0.7715
vt 0.6128 0.7324
vt 0.6084 0.7344
vt 0.5962 0.7019
vt 0.6011 0.7004
vt 0.5889 0.6687
vt 0.5938 0.6680
vt 0.6177 0.7302
vt 0.6060 0.6990
vt 0.5986 0.6672
vt 0.6040 0.6665
vt 0.6157 0.6963
vt 0.6113 0.6975
vt 0.6226 0.7280
vt 0.6270 0.7261
vt 0.6406 0.7649
vt 0.6387 0.7706
vt 0.6519 0.7629
vt 0.6548 0.7673
vt 0.6729 0.7490
vt 0.6763 0.7533
vt 0.6968 0.7319
vt 0.6411 0.7617
vt 0.6494 0.7585
vt 0.6704 0.7446
vt 0.6938 0.7278
vt 0.7222 0.7122
vt 0.7192 0.7083
vt 0.7466 0.6914
vt 0.6470 0.7545
vt 0.6680 0.7405
vt 0.6914 0.7239
vt 0.7163 0.7046
vt 0.7437 0.6877
vt 0.7402 0.6846
vt 0.7520 0.6782
vt 0.7476 0.6765
vt 0.7520 0.6733
vt 0.7476 0.6736
vt 0.7446 0.6614
vt 0.7002 0.7363
vt 0.7256 0.7166
vt 0.7500 0.6956
vt 0.7573 0.6804
vt 0.7563 0.6721
vt 0.7490 0.6604
vt 0.7471 0.6475
vt 0.7520 0.6467
vt 0.7539 0.6597
vt 0.7617 0.6707
vt 0.7627 0.6824
vt 0.7534 0.6992
vt 0.7290 0.7202
vt 0.7593 0.6587
vt 0.7573 0.6460
vt 0.7563 0.6335
vt 0.7510 0.6338
vt 0.7671 0.6843
vt 0.7666 0.6694
vt 0.7642 0.6577
vt 0.7627 0.6455
vt 0.7612 0.6331
vt 0.7554 0.6213
vt 0.7500 0.6211
vt 0.7485 0.6130
vt 0.7441 0.6165
vt 0.7354 0.6050
vt 0.7334 0.6094
vt 0.7046 0.5962
vt 0.7065 0.5916
vt 0.6748 0.5840
vt 0.6768 0.5793
vt 0.7026 0.6006
vt 0.7314 0.6133
vt 0.7402 0.6191
vt 0.7451 0.6213
vt 0.7461 0.6343
vt 0.7427 0.6479
vt 0.7412 0.6348
vt 0.7407 0.6221
vt 0.6787 0.5742
vt 0.6509 0.5642
vt 0.6528 0.5596
vt 0.6733 0.5886
vt 0.6270 0.5562
vt 0.6284 0.5515
vt 0.6509 0.5642
vt 0.6040 0.5474
vt 0.6064 0.5518
vt 0.5889 0.6001
vt 0.6494 0.5691
vt 0.6250 0.5613
vt 0.6104 0.5574
vt 0.5938 0.6008
vt 0.5859 0.6348
vt 0.6479 0.5740
vt 0.6240 0.5662
vt 0.6138 0.5625
vt 0.5991 0.6016
vt 0.6230 0.5706
vt 0.6465 0.5786
vt 0.7280 0.2896
vt 0.7334 0.2852
vt 0.7505 0.3218
vt 0.7568 0.3179
vt 0.7739 0.3501
vt 0.7671 0.3530
vt 0.7769 0.3569
vt 0.7700 0.3599
vt 0.7896 0.3906
vt 0.7827 0.3931
vt 0.7979 0.4263
vt 0.7910 0.4277
vt 0.8047 0.3442
vt 0.8018 0.3374
vt 0.7422 0.3726
vt 0.7393 0.3657
vt 0.7607 0.4326
vt 0.7617 0.4399
vt 0.7920 0.4346
vt 0.7549 0.4409
vt 0.7539 0.4336
vt 0.7466 0.4038
vt 0.7534 0.4019
vt 0.7358 0.3750
vt 0.7329 0.3687
vt 0.7183 0.3413
vt 0.7241 0.3379
vt 0.6982 0.3135
vt 0.7041 0.3091
vt 0.7036 0.3896
vt 0.7007 0.3833
vt 0.6655 0.3403
vt 0.6709 0.3359
vt 0.6826 0.3638
vt 0.6885 0.3604
vt 0.6943 0.3862
vt 0.6973 0.3926
vt 0.7129 0.4141
vt 0.7065 0.4165
vt 0.7192 0.4399
vt 0.7124 0.4409
vt 0.6621 0.4087
vt 0.6592 0.4023
vt 0.6738 0.4473
vt 0.6748 0.4546
vt 0.7134 0.4482
vt 0.6680 0.4556
vt 0.6670 0.4487
vt 0.6626 0.4297
vt 0.6689 0.4277
vt 0.6558 0.4116
vt 0.6528 0.4053
vt 0.6436 0.3882
vt 0.6494 0.3843
vt 0.6299 0.3696
vt 0.6353 0.3652
vt 0.6201 0.4277
vt 0.6172 0.4214
vt 0.7490 0.5750
vt 0.7427 0.5728
vt 0.7588 0.5413
vt 0.7520 0.5398
vt 0.7568 0.5093
vt 0.7637 0.5100
vt 0.7573 0.5022
vt 0.7646 0.5027
vt 0.7583 0.4717
vt 0.7651 0.4712
vt 0.7222 0.4990
vt 0.7217 0.5061
vt 0.7949 0.5054
vt 0.7944 0.5127
vt 0.7202 0.4468
vt 0.7231 0.4727
vt 0.7158 0.4731
vt 0.7153 0.4985
vt 0.7148 0.5056
vt 0.7178 0.5320
vt 0.7109 0.5305
vt 0.7026 0.5581
vt 0.7095 0.5605
vt 0.6768 0.4946
vt 0.6758 0.5020
vt 0.6660 0.5447
vt 0.6597 0.5425
vt 0.6729 0.5220
vt 0.6660 0.5203
vt 0.6689 0.5015
vt 0.6694 0.4941
vt 0.6699 0.4751
vt 0.6772 0.4746
vt 0.6309 0.4907
vt 0.6304 0.4980
vt 0.6284 0.4551
vt 0.6299 0.4624
vt 0.7529 0.6096
vt 0.7573 0.6067
vt 0.7603 0.6211
vt 0.7402 0.5957
vt 0.7378 0.6001
vt 0.7109 0.5820
vt 0.7085 0.5864
vt 0.6807 0.5696
vt 0.6787 0.5742
vt 0.6528 0.5596
vt 0.6680 0.4556
vt 0.6299 0.4624
vt 0.6670 0.4487
vt 0.6284 0.4551
vt 0.6748 0.4546
vt 0.6738 0.4473
vt 0.6626 0.4297
vt 0.6689 0.4277
vt 0.6558 0.4116
vt 0.6621 0.4087
vt 0.6528 0.4053
vt 0.6201 0.4277
vt 0.6172 0.4214
vt 0.7134 0.4482
vt 0.7124 0.4409
vt 0.6353 0.3652
vt 0.6494 0.3843
vt 0.6299 0.3696
vt 0.6436 0.3882
vt 0.6592 0.4023
vt 0.6943 0.3862
vt 0.6973 0.3926
vt 0.7202 0.4468
vt 0.7192 0.4399
vt 0.7065 0.4165
vt 0.7129 0.4141
vt 0.7036 0.3896
vt 0.7007 0.3833
vt 0.6826 0.3638
vt 0.6885 0.3604
vt 0.6709 0.3359
vt 0.6655 0.3403
vt 0.7358 0.3750
vt 0.7329 0.3687
vt 0.7041 0.3091
vt 0.7183 0.3413
vt 0.6982 0.3135
vt 0.7241 0.3379
vt 0.7393 0.3657
vt 0.7422 0.3726
vt 0.7534 0.4019
vt 0.7466 0.4038
vt 0.7607 0.4326
vt 0.7539 0.4336
vt 0.7700 0.3599
vt 0.7671 0.3530
vt 0.7549 0.4409
vt 0.7334 0.2852
vt 0.7505 0.3218
vt 0.7280 0.2896
vt 0.7568 0.3179
vt 0.7739 0.3501
vt 0.7769 0.3569
vt 0.7896 0.3906
vt 0.7827 0.3931
vt 0.7979 0.4263
vt 0.7910 0.4277
vt 0.8047 0.3442
vt 0.8018 0.3374
vt 0.7920 0.4346
vt 0.7617 0.4399
vt 0.8296 0.4282
vt 0.7993 0.4336
vt 0.8281 0.4214
vt 0.8027 0.4697
vt 0.7959 0.4702
vt 0.8022 0.5061
vt 0.7949 0.5054
vt 0.8013 0.5134
vt 0.7944 0.5127
vt 0.7959 0.5493
vt 0.7891 0.5479
vt 0.7778 0.5854
vt 0.7847 0.5879
vt 0.8320 0.5161
vt 0.8325 0.5088
vt 0.7637 0.5100
vt 0.7646 0.5027
vt 0.7651 0.4712
vt 0.7583 0.4717
vt 0.7573 0.5022
vt 0.7568 0.5093
vt 0.7588 0.5413
vt 0.7520 0.5398
vt 0.7427 0.5728
vt 0.7490 0.5750
vt 0.7217 0.5061
vt 0.7222 0.4990
vt 0.7026 0.5581
vt 0.7178 0.5320
vt 0.7095 0.5605
vt 0.7109 0.5305
vt 0.7148 0.5056
vt 0.7153 0.4985
vt 0.7158 0.4731
vt 0.7231 0.4727
vt 0.6758 0.5020
vt 0.6768 0.4946
vt 0.6597 0.5425
vt 0.6729 0.5220
vt 0.6660 0.5447
vt 0.6660 0.5203
vt 0.6689 0.5015
vt 0.6694 0.4941
vt 0.6699 0.4751
vt 0.6772 0.4746
vt 0.6304 0.4980
vt 0.6309 0.4907
vt 0.6089 0.6033
vt 0.6040 0.6023
vt 0.6011 0.6348
vt 0.5962 0.6348
vt 0.5986 0.6672
vt 0.6040 0.6665
vt 0.6113 0.6975
vt 0.6157 0.6963
vt 0.6270 0.7261
vt 0.6060 0.6348
vt 0.6089 0.6658
vt 0.7520 0.6733
vt 0.7476 0.6765
vt 0.7476 0.6736
vt 0.7446 0.6614
vt 0.7490 0.6604
vt 0.7427 0.6479
vt 0.7471 0.6475
vt 0.7520 0.6467
vt 0.7520 0.6782
vt 0.7563 0.6721
vt 0.7539 0.6597
vt 0.7192 0.7083
vt 0.7437 0.6877
vt 0.6680 0.7405
vt 0.6914 0.7239
vt 0.7163 0.7046
vt 0.7402 0.6846
vt 0.7529 0.6096
vt 0.7573 0.6067
vt 0.7603 0.6211
vt 0.7402 0.5957
vt 0.7378 0.6001
vt 0.7109 0.5820
vt 0.7085 0.5864
vt 0.6807 0.5696
vt 0.7593 0.6587
vt 0.7617 0.6707
vt 0.7539 0.6597
vt 0.7520 0.6467
vt 0.7466 0.6914
vt 0.7573 0.6804
vt 0.7500 0.6956
vt 0.7627 0.6824
vt 0.7563 0.6721
vt 0.7490 0.6604
vt 0.7471 0.6475
vt 0.7427 0.6479
vt 0.7476 0.6765
vt 0.7476 0.6736
vt 0.7520 0.6733
vt 0.7446 0.6614
vt 0.7520 0.6782
vt 0.6704 0.7446
vt 0.6470 0.7545
vt 0.6680 0.7405
vt 0.6938 0.7278
vt 0.6968 0.7319
vt 0.7222 0.7122
vt 0.7192 0.7083
vt 0.7437 0.6877
vt 0.6914 0.7239
vt 0.7163 0.7046
vt 0.7402 0.6846
vt 0.6494 0.7585
vt 0.6411 0.7617
vt 0.6729 0.7490
vt 0.6763 0.7533
vt 0.7002 0.7363
vt 0.7256 0.7166
vt 0.6519 0.7629
vt 0.6548 0.7673
vt 0.6577 0.7715
vt 0.6792 0.7573
vt 0.7031 0.7402
vt 0.7290 0.7202
vt 0.6177 0.7302
vt 0.6128 0.7324
vt 0.6387 0.7706
vt 0.6367 0.7771
vt 0.6348 0.7821
vt 0.6040 0.6665
vt 0.6113 0.6975
vt 0.6226 0.7280
vt 0.6406 0.7649
vt 0.6089 0.6658
vt 0.6157 0.6963
vt 0.6270 0.7261
vt 0.7031 0.7402
vt 0.6792 0.7573
vt 0.8281 0.4214
vt 0.7993 0.4336
vt 0.8296 0.4282
vt 0.8027 0.4697
vt 0.7959 0.4702
vt 0.8022 0.5061
vt 0.8013 0.5134
vt 0.7959 0.5493
vt 0.7891 0.5479
vt 0.7778 0.5854
vt 0.7847 0.5879
vt 0.8325 0.5088
vt 0.8320 0.5161
vt 0.7534 0.6992
vt 0.7671 0.6843
vt 0.7666 0.6694
vt 0.7642 0.6577
vt 0.7627 0.6455
vt 0.6558 0.4116
vt 0.6201 0.4277
vt 0.6528 0.4053
vt 0.6172 0.4214
vt 0.6299 0.3696
vt 0.6353 0.3652
vt 0.6436 0.3882
vt 0.6494 0.3843
vt 0.6592 0.4023
vt 0.6621 0.4087
vt 0.6689 0.4277
vt 0.6626 0.4297
vt 0.6738 0.4473
vt 0.6670 0.4487
vt 0.6973 0.3926
vt 0.6943 0.3862
vt 0.6284 0.4551
vt 0.6299 0.4624
vt 0.6680 0.4556
vt 0.6655 0.3403
vt 0.6709 0.3359
vt 0.6826 0.3638
vt 0.6885 0.3604
vt 0.7007 0.3833
vt 0.7036 0.3896
vt 0.7129 0.4141
vt 0.7065 0.4165
vt 0.7192 0.4399
vt 0.7124 0.4409
vt 0.7358 0.3750
vt 0.7329 0.3687
vt 0.6748 0.4546
vt 0.7134 0.4482
vt 0.6982 0.3135
vt 0.7041 0.3091
vt 0.7183 0.3413
vt 0.7241 0.3379
vt 0.7393 0.3657
vt 0.7422 0.3726
vt 0.7534 0.4019
vt 0.7466 0.4038
vt 0.7607 0.4326
vt 0.7539 0.4336
vt 0.7700 0.3599
vt 0.7671 0.3530
vt 0.7202 0.4468
vt 0.7549 0.4409
vt 0.7280 0.2896
vt 0.7334 0.2852
vt 0.7505 0.3218
vt 0.7568 0.3179
vt 0.7739 0.3501
vt 0.7769 0.3569
vt 0.7896 0.3906
vt 0.7827 0.3931
vt 0.7979 0.4263
vt 0.7910 0.4277
vt 0.8047 0.3442
vt 0.8018 0.3374
vt 0.7617 0.4399
vt 0.7920 0.4346
vt 0.8281 0.4214
vt 0.7993 0.4336
vt 0.8296 0.4282
vt 0.8027 0.4697
vt 0.7959 0.4702
vt 0.8022 0.5061
vt 0.7949 0.5054
vt 0.8013 0.5134
vt 0.7944 0.5127
vt 0.7959 0.5493
vt 0.7891 0.5479
vt 0.7778 0.5854
vt 0.7847 0.5879
vt 0.7646 0.5027
vt 0.7637 0.5100
vt 0.8325 0.5088
vt 0.8320 0.5161
vt 0.7651 0.4712
vt 0.7583 0.4717
vt 0.7573 0.5022
vt 0.7568 0.5093
vt 0.7588 0.5413
vt 0.7520 0.5398
vt 0.7427 0.5728
vt 0.7490 0.5750
vt 0.7222 0.4990
vt 0.7217 0.5061
vt 0.7231 0.4727
vt 0.7158 0.4731
vt 0.7153 0.4985
vt 0.7148 0.5056
vt 0.7178 0.5320
vt 0.7109 0.5305
vt 0.7026 0.5581
vt 0.7095 0.5605
vt 0.6768 0.4946
vt 0.6758 0.5020
vt 0.6772 0.4746
vt 0.6699 0.4751
vt 0.6694 0.4941
vt 0.6689 0.5015
vt 0.6729 0.5220
vt 0.6660 0.5203
vt 0.6597 0.5425
vt 0.6660 0.5447
vt 0.6309 0.4907
vt 0.6304 0.4980
vt 0.5381 0.6602
vt 0.5435 0.6548
vt 0.5459 0.6689
vt 0.5337 0.6465
vt 0.5293 0.6523
vt 0.5195 0.6460
vt 0.5229 0.6394
vt 0.5117 0.6338
vt 0.5088 0.6406
vt 0.4998 0.6296
vt 0.4978 0.6370
vt 0.5522 0.6643
vt 0.5591 0.6750
vt 0.5596 0.6584
vt 0.5503 0.6477
vt 0.5396 0.6387
vt 0.5278 0.6309
vt 0.5151 0.6248
vt 0.5737 0.6826
vt 0.5786 0.6960
vt 0.5649 0.6863
vt 0.5674 0.6699
vt 0.5649 0.7239
vt 0.5723 0.7239
vt 0.5640 0.7356
vt 0.5718 0.7109
vt 0.5640 0.7119
vt 0.5688 0.6985
vt 0.5620 0.7004
vt 0.5581 0.6892
vt 0.5527 0.6787
vt 0.5786 0.7516
vt 0.5737 0.7649
vt 0.5688 0.7490
vt 0.5811 0.7378
vt 0.5718 0.7366
vt 0.5820 0.7239
vt 0.5811 0.7097
vt 0.5518 0.7832
vt 0.5459 0.7786
vt 0.5591 0.7726
vt 0.5596 0.7892
vt 0.5674 0.7775
vt 0.5649 0.7611
vt 0.5620 0.7471
vt 0.5527 0.7688
vt 0.5581 0.7582
vt 0.4995 0.8179
vt 0.4978 0.8105
vt 0.5117 0.8138
vt 0.5088 0.8068
vt 0.5229 0.8082
vt 0.5195 0.8016
vt 0.5337 0.8011
vt 0.5293 0.7952
vt 0.5435 0.7927
vt 0.5381 0.7874
vt 0.5020 0.8273
vt 0.4883 0.8300
vt 0.5151 0.8229
vt 0.5278 0.8167
vt 0.5396 0.8090
vt 0.5503 0.7997
vt 0.3867 0.7004
vt 0.3845 0.7119
vt 0.3794 0.6985
vt 0.3835 0.6863
vt 0.3906 0.6892
vt 0.3894 0.6748
vt 0.3958 0.6787
vt 0.4023 0.6689
vt 0.3965 0.6643
vt 0.4050 0.6548
vt 0.4104 0.6602
vt 0.4148 0.6465
vt 0.4192 0.6523
vt 0.4292 0.6458
vt 0.4490 0.6296
vt 0.4617 0.6272
vt 0.4509 0.6370
vt 0.4397 0.6406
vt 0.4368 0.6338
vt 0.4253 0.6394
vt 0.4204 0.6309
vt 0.4087 0.6387
vt 0.3982 0.6477
vt 0.4331 0.6248
vt 0.4465 0.6201
vt 0.4602 0.6174
vt 0.4744 0.6265
vt 0.4744 0.6167
vt 0.4883 0.6174
vt 0.4871 0.6272
vt 0.5020 0.6201
vt 0.4861 0.6348
vt 0.4744 0.6338
vt 0.4624 0.6348
vt 0.4253 0.8082
vt 0.4192 0.7952
vt 0.4290 0.8016
vt 0.4146 0.8011
vt 0.4104 0.7874
vt 0.4050 0.7927
vt 0.4023 0.7786
vt 0.3965 0.7832
vt 0.3894 0.7726
vt 0.3982 0.7997
vt 0.4087 0.8090
vt 0.4204 0.8167
vt 0.4368 0.8137
vt 0.4397 0.8068
vt 0.3809 0.7775
vt 0.3745 0.7649
vt 0.3887 0.7892
vt 0.3760 0.7239
vt 0.3770 0.7366
vt 0.3662 0.7239
vt 0.3672 0.7378
vt 0.3701 0.7516
vt 0.3794 0.7490
vt 0.3835 0.7611
vt 0.3906 0.7582
vt 0.3958 0.7688
vt 0.3835 0.7239
vt 0.3770 0.7109
vt 0.3845 0.7356
vt 0.3867 0.7471
vt 0.3672 0.7097
vt 0.3701 0.6958
vt 0.3887 0.6584
vt 0.3809 0.6699
vt 0.3745 0.6826
vt 0.4331 0.8229
vt 0.4490 0.8179
vt 0.4465 0.8273
vt 0.4602 0.8300
vt 0.4614 0.8203
vt 0.4744 0.8212
vt 0.4744 0.8309
vt 0.4871 0.8203
vt 0.4509 0.8105
vt 0.4624 0.8129
vt 0.4744 0.8136
vt 0.4861 0.8129
vt 0.3406 0.8118
vt 0.3411 0.8245
vt 0.3210 0.8225
vt 0.3250 0.8325
vt 0.3059 0.8263
vt 0.3071 0.8369
vt 0.2891 0.8370
vt 0.2903 0.8265
vt 0.2712 0.8331
vt 0.2749 0.8230
vt 0.2607 0.8162
vt 0.2549 0.8251
vt 0.3369 0.7603
vt 0.3279 0.7649
vt 0.3269 0.7446
vt 0.3347 0.7792
vt 0.3442 0.7760
vt 0.3389 0.7927
vt 0.3491 0.7911
vt 0.3408 0.8049
vt 0.3511 0.8052
vt 0.3503 0.8175
vt 0.3000 0.7332
vt 0.2991 0.7432
vt 0.2932 0.7327
vt 0.3054 0.7441
vt 0.3069 0.7341
vt 0.3115 0.7451
vt 0.3137 0.7354
vt 0.3147 0.7458
vt 0.3203 0.7371
vt 0.3184 0.7504
vt 0.6113 0.1182
vt 0.6138 0.1079
vt 0.6226 0.1230
vt 0.6021 0.1055
vt 0.6045 0.1162
vt 0.5928 0.1123
vt 0.5889 0.1323
vt 0.5806 0.1260
vt 0.5718 0.1416
vt 0.5815 0.1460
vt 0.5664 0.1592
vt 0.5771 0.1606
vt 0.5762 0.1768
vt 0.5654 0.1772
vt 0.5791 0.1919
vt 0.5688 0.1953
vt 0.5762 0.2119
vt 0.5889 0.2124
vt 0.5825 0.2217
vt 0.5957 0.2129
vt 0.5947 0.2231
vt 0.6079 0.2114
vt 0.6089 0.2217
vt 0.6216 0.2080
vt 0.6240 0.2183
vt 0.6362 0.2021
vt 0.6406 0.2114
vt 0.6514 0.1938
vt 0.6567 0.2026
vt 0.6562 0.1904
vt 0.6646 0.1963
vt 0.6665 0.1899
vt 0.6567 0.1870
vt 0.6587 0.1812
vt 0.6685 0.1831
vt 0.6597 0.1748
vt 0.6694 0.1763
vt 0.6704 0.1694
vt 0.6606 0.1685
vt 0.6714 0.1626
vt 0.6611 0.1621
vt 0.6611 0.1587
vt 0.6714 0.1558
vt 0.6655 0.1475
vt 0.6577 0.1543
vt 0.6533 0.1338
vt 0.6465 0.1411
vt 0.6401 0.1221
vt 0.6343 0.1309
vt 0.6270 0.1138
vt 0.8950 0.9155
vt 0.9048 0.9138
vt 0.8965 0.9222
vt 0.8940 0.9086
vt 0.9043 0.9075
vt 0.8936 0.9017
vt 0.9033 0.9011
vt 0.9033 0.8979
vt 0.8931 0.8948
vt 0.8989 0.8866
vt 0.9067 0.8931
vt 0.9111 0.8727
vt 0.9180 0.8802
vt 0.9243 0.8613
vt 0.9302 0.8698
vt 0.9380 0.8527
vt 0.9419 0.8621
vt 0.9507 0.8470
vt 0.9531 0.8571
vt 0.9629 0.8444
vt 0.9600 0.8552
vt 0.9722 0.8516
vt 0.9756 0.8712
vt 0.9844 0.8650
vt 0.9932 0.8807
vt 0.9834 0.8849
vt 0.9980 0.8982
vt 0.9878 0.9000
vt 0.9883 0.9156
vt 0.9990 0.9164
vt 0.9854 0.9311
vt 0.9956 0.9342
vt 0.9888 0.9509
vt 0.9761 0.9513
vt 0.9824 0.9606
vt 0.9692 0.9518
vt 0.9702 0.9620
vt 0.9570 0.9507
vt 0.9561 0.9609
vt 0.9429 0.9473
vt 0.9404 0.9571
vt 0.9282 0.9413
vt 0.9243 0.9507
vt 0.9131 0.9328
vt 0.9082 0.9415
vt 0.9087 0.9294
vt 0.8999 0.9355
vt 0.8979 0.9290
vt 0.9077 0.9263
vt 0.9062 0.9201
vt 0.5034 0.7014
vt 0.5117 0.6951
vt 0.5132 0.7139
vt 0.4985 0.6819
vt 0.4915 0.6892
vt 0.4907 0.6755
vt 0.4871 0.6855
vt 0.4836 0.6755
vt 0.4839 0.6855
vt 0.4773 0.6858
vt 0.4768 0.6755
vt 0.4709 0.6863
vt 0.4700 0.6763
vt 0.4646 0.6870
vt 0.4631 0.6770
vt 0.4585 0.6882
vt 0.4563 0.6782
vt 0.4553 0.6890
vt 0.4497 0.6799
vt 0.4431 0.6877
vt 0.4514 0.6934
vt 0.4421 0.7078
vt 0.4331 0.7034
vt 0.4353 0.7222
vt 0.4255 0.7190
vt 0.4309 0.7358
vt 0.4209 0.7341
vt 0.4292 0.7480
vt 0.4189 0.7483
vt 0.4292 0.7548
vt 0.4194 0.7604
vt 0.4290 0.7675
vt 0.4487 0.7655
vt 0.4451 0.7755
vt 0.4641 0.7693
vt 0.4626 0.7799
vt 0.4810 0.7800
vt 0.4797 0.7695
vt 0.4985 0.7761
vt 0.4951 0.7661
vt 0.5146 0.7682
vt 0.5093 0.7592
vt 0.5288 0.7568
vt 0.5259 0.7446
vt 0.5366 0.7483
vt 0.5347 0.7361
vt 0.5244 0.7378
vt 0.5298 0.7227
vt 0.5205 0.7263
vt 0.5220 0.7087
vt 0.8530 0.1016
vt 0.8398 0.1016
vt 0.8398 0.1172
vt 0.8530 0.1172
vt 0.8398 0.1323
vt 0.8530 0.1323
vt 0.8398 0.1475
vt 0.8530 0.1475
vt 0.8398 0.1631
vt 1.4033 0.2007
vt 1.4033 0.1489
vt 1.3047 0.1489
vt 1.2080 0.1489
vt 1.5010 0.0000
vt 1.4033 0.0000
vt 1.3047 0.0000
vt 1.2080 0.0000
vt 0.2566 0.7709
vt 0.2583 0.7518
vt 0.2661 0.7583
vt 0.2715 0.7388
vt 0.2783 0.7461
vt 0.2793 0.7327
vt 0.2830 0.7424
vt 0.2864 0.7324
vt 0.2861 0.7424
vt 0.2927 0.7427
vt 0.2410 0.8138
vt 0.2439 0.8015
vt 0.2333 0.8051
vt 0.2351 0.7930
vt 0.2452 0.7948
vt 0.2400 0.7795
vt 0.2495 0.7832
vt 0.2478 0.7656
vt 0.1691 0.2583
vt 0.1578 0.2632
vt 0.1641 0.2505
vt 0.1539 0.2568
vt 0.1383 0.2744
vt 0.1342 0.2676
vt 0.1202 0.2842
vt 0.1160 0.2773
vt 0.1036 0.2925
vt 0.0995 0.2861
vt 0.0822 0.2881
vt 0.0966 0.2793
vt 0.1126 0.2700
vt 0.1306 0.2607
vt 0.1501 0.2500
vt 0.1594 0.2427
vt 0.1760 0.2637
vt 0.1919 0.2461
vt 0.1825 0.2686
vt 0.1880 0.2422
vt 0.1848 0.2383
vt 0.1824 0.2334
vt 0.1576 0.2339
vt 0.2161 0.2568
vt 0.2109 0.2554
vt 0.2042 0.2783
vt 0.1965 0.2759
vt 0.2058 0.2539
vt 0.2009 0.2520
vt 0.1893 0.2725
vt 0.1963 0.2490
vt 0.6680 0.0874
vt 0.6460 0.0752
vt 0.7085 0.0342
vt 0.6855 0.1055
vt 0.7388 0.0645
vt 0.6982 0.1270
vt 0.7603 0.1011
vt 0.7710 0.1421
vt 0.7046 0.1509
vt 0.7046 0.1763
vt 0.7715 0.1846
vt 0.6982 0.2002
vt 0.7603 0.2256
vt 0.6860 0.2222
vt 0.7393 0.2627
vt 0.7095 0.2930
vt 0.6685 0.2397
vt 0.6724 0.3140
vt 0.6465 0.2524
vt 0.6313 0.3252
vt 0.6226 0.2588
vt 0.5977 0.2588
vt 0.5889 0.3252
vt 0.5479 0.3145
vt 0.5732 0.2524
vt 0.5518 0.2397
vt 0.5107 0.2935
vt 0.4807 0.2632
vt 0.5337 0.2222
vt 0.5215 0.2007
vt 0.4595 0.2266
vt 0.4482 0.1855
vt 0.5146 0.1768
vt 0.5146 0.1514
vt 0.4482 0.1431
vt 0.4590 0.1021
vt 0.5210 0.1274
vt 0.5337 0.1055
vt 0.4802 0.0649
vt 0.5103 0.0347
vt 0.5513 0.0879
vt 0.5728 0.0752
vt 0.5469 0.0132
vt 0.5972 0.0688
vt 0.5879 0.0024
vt 0.6304 0.0020
vt 0.6221 0.0688
vt 0.6719 0.0132
vt 0.0511 0.8566
vt 0.0511 0.9937
vt 0.0373 0.8566
vt 0.0373 0.9937
vt 0.0235 0.9937
vt 0.0235 0.8566
vt 0.0096 0.8566
vt 0.0097 0.9937
vt 0.1202 0.8566
vt 0.1202 0.9937
vt 0.1064 0.8566
vt 0.1064 0.9937
vt 0.0925 0.9937
vt 0.0925 0.8566
vt 0.0787 0.9937
vt 0.0787 0.8566
vt 0.0649 0.9937
vt 0.0649 0.8566
vt 0.1892 0.8566
vt 0.1892 0.9937
vt 0.1754 0.8566
vt 0.1754 0.9937
vt 0.1616 0.9937
vt 0.1616 0.8566
vt 0.1478 0.9937
vt 0.1478 0.8566
vt 0.1340 0.8566
vt 0.1340 0.9937
vt 0.2583 0.8566
vt 0.2583 0.9937
vt 0.2445 0.8566
vt 0.2445 0.9937
vt 0.2307 0.9937
vt 0.2307 0.8566
vt 0.2169 0.8566
vt 0.2169 0.9937
vt 0.2031 0.8566
vt 0.2031 0.9937
vt 0.3135 0.8566
vt 0.3274 0.8566
vt 0.3274 0.9937
vt 0.3135 0.9937
vt 0.2998 0.8566
vt 0.2998 0.9937
vt 0.2859 0.8566
vt 0.2859 0.9937
vt 0.2722 0.9937
vt 0.2722 0.8566
vt 0.5210 0.8566
vt 0.5347 0.8566
vt 0.5347 0.9937
vt 0.5210 0.9937
vt 0.5068 0.8566
vt 0.5068 0.9937
vt 0.4932 0.9937
vt 0.4932 0.8566
vt 0.4795 0.8566
vt 0.4795 0.9937
vt 0.4656 0.9937
vt 0.4656 0.8566
vt 0.4519 0.9937
vt 0.4519 0.8566
vt 0.4380 0.8566
vt 0.4380 0.9937
vt 0.4241 0.9937
vt 0.4241 0.8566
vt 0.4104 0.9937
vt 0.4104 0.8566
vt 0.3965 0.8566
vt 0.3965 0.9937
vt 0.3828 0.9937
vt 0.3828 0.8566
vt 0.3689 0.9937
vt 0.3689 0.8566
vt 0.3550 0.8566
vt 0.3550 0.9937
vt 0.3413 0.8566
vt 0.3413 0.9937
vt 0.2578 0.2295
vt 0.2822 0.2295
vt 0.2590 0.2246
vt 0.2834 0.2212
vt 0.2595 0.2192
vt 0.2595 0.2139
vt 0.2834 0.2134
vt 0.2590 0.2085
vt 0.6035 0.8566
vt 0.6035 0.9937
vt 0.5898 0.8566
vt 0.5898 0.9937
vt 0.5762 0.8566
vt 0.5762 0.9937
vt 0.5620 0.9937
vt 0.5620 0.8566
vt 0.5483 0.8566
vt 0.5483 0.9937
vt 0.6729 0.8566
vt 0.6729 0.9937
vt 0.6592 0.8566
vt 0.6592 0.9937
vt 0.6450 0.8566
vt 0.6450 0.9937
vt 0.6313 0.9937
vt 0.6313 0.8566
vt 0.6177 0.9937
vt 0.6177 0.8566
vt 0.9927 0.3931
vt 0.9927 0.4082
vt 0.9927 0.4238
vt 0.9927 0.4390
vt 0.0883 0.1333
vt 0.1891 0.1890
vt 0.1788 0.1660
vt 0.1931 0.1851
vt 0.1974 0.1821
vt 0.1851 0.1616
vt 0.1919 0.1577
vt 0.2020 0.1792
vt 0.1995 0.1543
vn 0.7512 0.0492 -0.6583
vn 0.7383 0.1469 -0.6583
vn 0.8900 0.4389 -0.1231
vn 0.8901 0.4389 -0.1231
vn 0.9397 0.3190 -0.1231
vn 0.9733 0.1936 -0.1231
vn 0.9903 0.0649 -0.1231
vn 0.7383 -0.1469 -0.6583
vn 0.7512 -0.0492 -0.6583
vn 0.9903 -0.0649 -0.1231
vn 0.9903 -0.0649 0.1231
vn 0.9903 0.0649 0.1231
vn 0.9733 0.1936 0.1231
vn 0.7383 0.1469 0.6583
vn 0.7512 0.0492 0.6583
vn 0.7512 -0.0492 0.6583
vn 0.7383 -0.1469 0.6583
vn 0.7128 -0.2420 0.6583
vn 0.6751 -0.3329 0.6583
vn 0.9733 -0.1936 0.1231
vn 0.9397 -0.3190 0.1231
vn 0.8901 -0.4389 0.1231
vn 0.8900 -0.4389 0.1231
vn 0.8251 -0.5513 0.1231
vn 0.7461 -0.6543 0.1231
vn 0.7461 -0.6543 -0.1231
vn 0.8251 -0.5513 -0.1231
vn 0.8900 -0.4389 -0.1231
vn 0.8901 -0.4389 -0.1231
vn 0.9397 -0.3190 -0.1231
vn 0.9733 -0.1936 -0.1231
vn 0.4963 -0.5660 -0.6583
vn 0.5660 -0.4963 -0.6583
vn 0.6259 -0.4182 -0.6583
vn 0.6751 -0.3329 -0.6583
vn 0.7128 -0.2420 -0.6583
vn 0.1936 -0.9733 -0.1231
vn 0.3190 -0.9397 -0.1231
vn 0.4389 -0.8901 -0.1231
vn 0.5513 -0.8251 -0.1231
vn 0.6543 -0.7461 -0.1231
vn 0.0492 -0.7512 -0.6583
vn 0.1469 -0.7383 -0.6583
vn 0.2420 -0.7128 -0.6583
vn 0.3329 -0.6751 -0.6583
vn 0.4182 -0.6259 -0.6583
vn -0.2145 -0.6242 0.7512
vn -0.0126 -0.0041 0.9999
vn -0.0197 -0.0091 0.9998
vn -0.2963 -0.5966 0.7458
vn -0.3190 -0.6134 0.7225
vn 0.4286 0.5469 0.7191
vn 0.0028 -0.0130 0.9999
vn -0.0050 -0.0053 1.0000
vn -0.0040 -0.0060 1.0000
vn -0.3667 -0.5488 0.7512
vn -0.2919 -0.5920 0.7512
vn -0.2145 -0.6241 0.7513
vn -0.0021 -0.0070 1.0000
vn 0.2108 0.6121 0.7622
vn 0.2108 0.6121 0.7621
vn 0.5555 0.8314 0.0097
vn 0.4423 0.8968 0.0097
vn 0.3252 0.9456 0.0097
vn 0.2662 0.9639 0.0098
vn 0.2876 0.9577 -0.0112
vn 0.1839 0.6200 0.7627
vn 0.2593 0.6447 0.7191
vn 0.3597 0.5384 0.7621
vn 0.4450 0.4693 0.7627
vn 0.4247 0.4886 0.7621
vn 0.4247 0.4886 0.7622
vn -0.0032 -0.0065 1.0000
vn 0.2864 0.5807 0.7621
vn -0.4871 0.8692 0.0852
vn -0.4902 0.8674 0.0858
vn -0.4558 0.8864 0.0810
vn -0.4602 0.8849 0.0715
vn 0.6856 0.7279 -0.0112
vn 0.7016 0.7125 0.0098
vn 0.6563 0.7545 0.0097
vn 0.4936 -0.5360 0.6849
vn 0.4630 -0.5522 0.6933
vn 0.1866 0.0329 0.9819
vn 0.1506 0.0123 0.9885
vn -0.2030 0.5725 0.7944
vn -0.2259 0.5587 0.7980
vn -0.2221 0.5610 0.7975
vn -0.2236 0.5847 0.7798
vn 0.7165 0.5640 0.4106
vn 0.5762 -0.5233 0.6278
vn 0.5581 -0.5015 0.6610
vn 0.4936 -0.5359 0.6849
vn 0.2299 0.0575 0.9715
vn -0.1745 0.5899 0.7884
vn -0.4837 0.8711 0.0844
vn -0.4838 0.8711 0.0844
vn -0.2835 -0.1898 0.9400
vn -0.3000 -0.1996 0.9328
vn 0.2495 0.2257 0.9417
vn 0.2522 0.2273 0.9406
vn 0.2350 0.0775 0.9689
vn 0.2476 0.0675 0.9665
vn -0.1404 0.6110 0.7791
vn -0.4797 0.8735 0.0831
vn -0.4931 0.8655 0.0887
vn -0.7195 -0.5479 0.4266
vn -0.4947 0.8647 0.0866
vn -0.1320 0.6164 0.7763
vn -0.2053 0.6426 0.7382
vn -0.1144 -0.8953 0.4306
vn -0.2846 -0.8557 0.4321
vn -0.3988 -0.8087 0.4323
vn -0.5010 -0.7498 0.4323
vn -0.5988 -0.6743 0.4321
vn -0.7185 -0.5463 0.4306
vn -0.1064 -0.3199 0.9415
vn -0.1490 -0.3022 0.9415
vn -0.1872 -0.2802 0.9415
vn -0.2238 -0.2521 0.9415
vn 0.2238 0.2521 0.9415
vn 0.1490 0.3022 0.9415
vn 0.1872 0.2802 0.9415
vn 0.1064 0.3199 0.9415
vn 0.3988 0.8087 0.4323
vn 0.5010 0.7498 0.4323
vn 0.5988 0.6743 0.4321
vn 0.7097 0.5571 0.4312
vn 0.2846 0.8557 0.4321
vn 0.0708 0.3289 0.9417
vn -0.0229 -0.3596 0.9328
vn 0.6591 0.1435 0.7382
vn 0.5998 0.1938 0.7763
vn 0.5993 0.1839 0.7791
vn 0.5981 0.1438 0.7884
vn -0.7413 0.2374 0.6278
vn 0.1282 0.9022 0.4118
vn 0.1295 0.8929 0.4313
vn 0.0708 0.3320 0.9406
vn -0.0504 0.2423 0.9689
vn -0.0653 0.2482 0.9665
vn -0.0651 0.2279 0.9715
vn -0.0648 0.1781 0.9819
vn -0.7085 0.0734 0.7019
vn -0.7090 0.0959 0.6987
vn -0.7098 0.1248 0.6933
vn -0.7097 0.1249 0.6933
vn -0.7110 0.1595 0.6849
vn -0.7134 0.2326 0.6610
vn -0.0647 0.1366 0.9885
vn -0.0646 0.1039 0.9925
vn -0.0645 0.1039 0.9925
vn 0.5973 0.1104 0.7944
vn 0.5968 0.0837 0.7980
vn -0.7204 -0.0087 0.6935
vn -0.7060 -0.0005 0.7082
vn -0.0703 0.0711 0.9950
vn -0.0646 0.0736 0.9952
vn 0.6182 0.0987 0.7798
vn 0.5969 0.0882 0.7975
vn 0.9963 0.0477 0.0714
vn 0.9957 0.0447 0.0814
vn 0.9963 0.0092 0.0858
vn 0.9963 0.0128 0.0852
vn 0.9963 0.0166 0.0844
vn 0.9963 0.0213 0.0831
vn 0.9960 0.0057 0.0887
vn 0.9962 0.0039 0.0866
vn -0.1142 -0.8971 0.4267
vn -0.0226 -0.3404 0.9400
vn 0.0417 0.0414 0.9983
vn 0.0557 0.0557 0.9969
vn -0.4880 -0.4880 0.7237
vn -0.6109 -0.3112 0.7280
vn 0.0526 0.0269 0.9983
vn 0.0523 0.0265 0.9983
vn 0.0579 0.0093 0.9983
vn 0.0584 0.0091 0.9983
vn 0.0581 -0.0090 0.9983
vn 0.0584 -0.0094 0.9982
vn 0.0528 -0.0267 0.9982
vn -0.6772 -0.1073 0.7280
vn -0.6768 -0.1072 0.7283
vn -0.6106 -0.3111 0.7283
vn 0.0702 0.0358 0.9969
vn -0.6807 0.1081 0.7245
vn -0.6816 0.1080 0.7237
vn 0.0778 -0.0123 0.9969
vn 0.0778 0.0123 0.9969
vn 0.1675 0.0853 0.9822
vn 0.1747 0.0723 0.9820
vn 0.1838 0.0441 0.9820
vn 0.1857 0.0294 0.9822
vn -0.6142 0.3127 0.7245
vn -0.6149 0.3133 0.7237
vn 0.0702 -0.0358 0.9969
vn 0.0557 -0.0557 0.9969
vn 0.0358 -0.0702 0.9969
vn 0.0853 -0.1675 0.9822
vn 0.0988 -0.1612 0.9820
vn 0.1228 -0.1438 0.9820
vn 0.1329 -0.1329 0.9822
vn -0.4847 0.4849 0.7280
vn -0.4846 0.4846 0.7283
vn -0.3111 0.6106 0.7283
vn 0.0123 -0.0778 0.9969
vn -0.1080 0.6816 0.7237
vn -0.1076 0.6808 0.7245
vn -0.3113 0.6108 0.7280
vn 0.0523 -0.0268 0.9983
vn 0.0419 -0.0417 0.9983
vn 0.0414 -0.0416 0.9983
vn 0.0268 -0.0522 0.9983
vn 0.0267 -0.0527 0.9983
vn 0.0094 -0.0580 0.9983
vn 0.0091 -0.0584 0.9982
vn -0.0091 -0.0584 0.9982
vn 0.1076 0.6808 0.7245
vn 0.1080 0.6816 0.7237
vn 0.3113 0.6108 0.7280
vn -0.0267 -0.0527 0.9983
vn -0.0094 -0.0580 0.9983
vn -0.0414 -0.0416 0.9983
vn -0.0268 -0.0522 0.9983
vn -0.0123 -0.0778 0.9969
vn -0.0358 -0.0702 0.9969
vn 0.3111 0.6106 0.7283
vn 0.4846 0.4846 0.7283
vn 0.4847 0.4849 0.7280
vn -0.0419 -0.0417 0.9983
vn -0.0523 -0.0268 0.9983
vn -0.1228 -0.1438 0.9820
vn -0.0988 -0.1612 0.9820
vn -0.0853 -0.1675 0.9822
vn -0.0557 -0.0557 0.9969
vn -0.0702 -0.0358 0.9969
vn 0.6149 0.3133 0.7237
vn 0.6142 0.3127 0.7245
vn -0.1329 -0.1329 0.9822
vn -0.0778 -0.0123 0.9969
vn -0.0778 0.0123 0.9969
vn -0.0702 0.0358 0.9969
vn -0.1675 0.0853 0.9822
vn -0.1747 0.0723 0.9820
vn -0.1838 0.0441 0.9820
vn -0.1857 0.0294 0.9822
vn -0.0557 0.0557 0.9969
vn 0.6106 -0.3111 0.7283
vn 0.6768 -0.1072 0.7283
vn 0.6772 -0.1073 0.7280
vn 0.6816 0.1080 0.7237
vn 0.6807 0.1081 0.7245
vn -0.0528 -0.0267 0.9982
vn -0.0584 -0.0094 0.9982
vn -0.0581 -0.0090 0.9983
vn -0.0584 0.0091 0.9983
vn -0.0579 0.0093 0.9983
vn -0.0523 0.0265 0.9983
vn -0.0526 0.0269 0.9983
vn 0.6109 -0.3112 0.7280
vn 0.4880 -0.4880 0.7237
vn -0.0417 0.0414 0.9983
vn 0.1072 -0.6768 0.7283
vn 0.1072 -0.6772 0.7280
vn -0.0094 0.0583 0.9983
vn -0.0265 0.0524 0.9983
vn -0.0270 0.0526 0.9982
vn -0.0417 0.0419 0.9982
vn 0.4872 -0.4875 0.7245
vn 0.3131 -0.6140 0.7245
vn 0.3133 -0.6149 0.7237
vn -0.0090 0.0580 0.9983
vn 0.0090 0.0580 0.9983
vn -0.0123 0.0778 0.9969
vn 0.0123 0.0778 0.9969
vn -0.1072 -0.6768 0.7283
vn -0.1072 -0.6772 0.7280
vn 0.0094 0.0583 0.9983
vn 0.0265 0.0524 0.9983
vn 0.0270 0.0526 0.9982
vn 0.0417 0.0419 0.9982
vn -0.4872 -0.4875 0.7245
vn -0.3131 -0.6140 0.7245
vn -0.3133 -0.6149 0.7237
vn -0.0358 0.0702 0.9969
vn -0.0294 0.1857 0.9822
vn -0.0148 0.1885 0.9820
vn 0.0148 0.1885 0.9820
vn 0.0294 0.1857 0.9822
vn 0.0358 0.0702 0.9969
vn 0.4375 -0.5660 0.6987
vn 0.4178 -0.5769 0.7019
vn 0.3526 -0.6117 0.7082
vn 0.3527 -0.6282 0.6935
vn -0.3717 -0.5830 0.7225
vn 0.4630 -0.5523 0.6933
vn 0.1223 -0.0039 0.9925
vn 0.0960 -0.0191 0.9952
vn 0.0968 -0.0253 0.9950
vn 0.0020 -0.0216 0.9998
vn -0.3685 -0.5549 0.7458
vn -0.4333 -0.4979 0.7512
vn -0.4333 -0.4978 0.7513
vn 0.0891 0.9910 -0.0997
vn -0.2349 0.0571 -0.9703
vn -0.2236 0.0919 -0.9703
vn -0.2149 0.1095 -0.9705
vn 0.1106 0.9463 -0.3039
vn 0.0643 0.9970 -0.0423
vn -0.7071 0.7016 -0.0882
vn -0.7048 0.7048 -0.0810
vn -0.4525 0.8881 -0.0810
vn -0.4488 0.8893 -0.0881
vn -0.3790 0.7510 -0.5407
vn -0.3825 0.7506 -0.5388
vn 0.0000 0.0000 -1.0000
vn -0.5972 0.5925 -0.5407
vn -0.5956 0.5957 -0.5388
vn -0.2382 0.0377 -0.9705
vn -0.4667 -0.8305 -0.3039
vn -0.5218 -0.8467 -0.1038
vn -0.5214 -0.8523 -0.0411
vn -0.9844 -0.1520 -0.0881
vn -0.8320 -0.1319 -0.5388
vn -0.8314 -0.1284 -0.5407
vn -0.7494 -0.3818 -0.5409
vn -0.7490 -0.3853 -0.5391
vn -0.9844 -0.1559 -0.0810
vn -0.8863 -0.4560 -0.0810
vn -0.8875 -0.4522 -0.0881
vn -0.9228 0.3830 -0.0411
vn -0.9198 0.3784 -0.1038
vn -0.8658 0.3976 -0.3039
vn -0.1705 -0.1705 -0.9705
vn -0.1095 -0.2149 -0.9705
vn -0.1269 -0.2058 -0.9703
vn -0.1565 -0.1843 -0.9703
vn 0.7490 -0.3853 -0.5391
vn 0.7494 -0.3818 -0.5409
vn 0.8875 -0.4522 -0.0880
vn 0.9228 0.3830 -0.0411
vn 0.9198 0.3784 -0.1038
vn 0.8658 0.3976 -0.3039
vn 0.1705 -0.1705 -0.9705
vn 0.1315 -0.8307 -0.5409
vn -0.1315 -0.8307 -0.5409
vn -0.1350 -0.8314 -0.5391
vn 0.6457 -0.7006 -0.3039
vn 0.6441 -0.7579 -0.1038
vn 0.6494 -0.7593 -0.0411
vn -0.1558 -0.9839 -0.0880
vn -0.1598 -0.9838 -0.0810
vn 0.1598 -0.9838 -0.0810
vn 0.1350 -0.8314 -0.5391
vn -0.6457 -0.7006 -0.3039
vn 0.1095 -0.2149 -0.9705
vn 0.1269 -0.2058 -0.9703
vn 0.1565 -0.1843 -0.9703
vn 0.1558 -0.9838 -0.0881
vn -0.6494 -0.7593 -0.0411
vn -0.6441 -0.7579 -0.1038
vn 0.0736 0.0736 0.9946
vn 0.0599 0.0400 0.9974
vn 0.0541 0.0475 0.9974
vn 0.0508 0.0508 0.9974
vn 0.0475 0.0541 0.9974
vn 0.0400 0.0599 0.9974
vn 0.0826 0.0826 0.9932
vn 0.0520 0.0902 0.9946
vn 0.0584 0.1012 0.9932
vn 0.0584 0.1011 0.9932
vn 0.0359 0.0622 0.9974
vn 0.0318 0.0646 0.9974
vn 0.0319 0.0646 0.9974
vn 0.0231 0.0682 0.9974
vn 0.0186 0.0694 0.9974
vn 0.0140 0.0706 0.9974
vn 0.0047 0.0718 0.9974
vn 0.0302 0.1128 0.9932
vn 0.0269 0.1006 0.9946
vn 0.0638 0.1104 0.9918
vn 0.0637 0.1104 0.9918
vn 0.0565 0.1146 0.9918
vn 0.0411 0.1210 0.9918
vn 0.0330 0.1232 0.9918
vn 0.0249 0.1253 0.9918
vn 0.0084 0.1275 0.9918
vn 0.0413 0.1544 0.9871
vn 0.0414 0.1544 0.9871
vn 0.0699 0.1211 0.9902
vn 0.0620 0.1257 0.9901
vn 0.0450 0.1327 0.9901
vn 0.0362 0.1351 0.9902
vn 0.0273 0.1374 0.9901
vn 0.0092 0.1398 0.9901
vn 0.0522 0.1950 0.9794
vn 0.1018 0.1763 0.9791
vn 0.1017 0.1763 0.9791
vn 0.0902 0.1829 0.9790
vn 0.0656 0.1931 0.9790
vn 0.0527 0.1966 0.9791
vn 0.0526 0.1966 0.9791
vn 0.0398 0.2000 0.9790
vn 0.0133 0.2035 0.9790
vn 0.0523 0.1950 0.9794
vn 0.1427 0.1428 0.9794
vn 0.1428 0.1428 0.9794
vn 0.1696 0.1133 0.9790
vn 0.1533 0.1345 0.9790
vn 0.1439 0.1439 0.9791
vn 0.1345 0.1533 0.9790
vn 0.1133 0.1696 0.9790
vn 0.1009 0.1749 0.9794
vn 0.1165 0.0778 0.9901
vn 0.1053 0.0924 0.9901
vn 0.0989 0.0989 0.9902
vn 0.0988 0.0989 0.9902
vn 0.0924 0.1053 0.9901
vn 0.0778 0.1165 0.9901
vn 0.1130 0.1130 0.9871
vn 0.0799 0.1384 0.9871
vn 0.1063 0.0710 0.9918
vn 0.0961 0.0843 0.9918
vn 0.0902 0.0902 0.9918
vn 0.0901 0.0902 0.9918
vn 0.0843 0.0961 0.9918
vn 0.0710 0.1063 0.9918
vn 0.5214 -0.8523 -0.0411
vn 0.5218 -0.8467 -0.1038
vn 0.4667 -0.8305 -0.3039
vn 0.2382 0.0377 -0.9705
vn 0.2349 0.0571 -0.9703
vn 0.2236 0.0919 -0.9703
vn -0.1106 0.9463 -0.3039
vn 0.2149 0.1095 -0.9705
vn 0.8320 -0.1319 -0.5388
vn 0.8314 -0.1283 -0.5407
vn 0.9844 -0.1519 -0.0882
vn 0.9844 -0.1559 -0.0810
vn 0.8863 -0.4560 -0.0810
vn -0.0891 0.9910 -0.0997
vn 0.0377 0.2382 -0.9705
vn 0.9341 0.1873 -0.3039
vn 0.9681 0.2469 -0.0423
vn 0.4487 0.8893 -0.0882
vn 0.4525 0.8881 -0.0810
vn 0.7048 0.7048 -0.0810
vn 0.7071 0.7016 -0.0881
vn -0.0643 0.9970 -0.0423
vn 0.9701 0.2215 -0.0997
vn 0.5956 0.5957 -0.5388
vn 0.5971 0.5925 -0.5407
vn 0.3789 0.7510 -0.5407
vn 0.3825 0.7506 -0.5388
vn 0.0183 0.2410 -0.9703
vn -0.0183 0.2410 -0.9703
vn -0.0377 0.2382 -0.9705
vn -0.9341 0.1873 -0.3039
vn -0.9681 0.2469 -0.0423
vn -0.9700 0.2215 -0.0997
vn 0.0091 0.0919 -0.9957
vn 0.0268 0.0884 -0.9957
vn 0.0435 0.0814 -0.9957
vn 0.0389 0.1281 -0.9910
vn -0.0090 0.0919 -0.9957
vn 0.0090 0.0919 -0.9957
vn 0.0131 0.1332 -0.9910
vn 0.1827 0.6024 -0.7770
vn 0.2651 0.8740 -0.4073
vn 0.2892 0.9533 -0.0868
vn 0.0617 0.6265 -0.7770
vn -0.0131 0.1332 -0.9910
vn -0.0617 0.6265 -0.7770
vn -0.1827 0.6024 -0.7770
vn -0.0389 0.1281 -0.9910
vn -0.0631 0.1181 -0.9910
vn -0.3994 0.4867 -0.7770
vn -0.0849 0.1035 -0.9910
vn -0.0586 0.0714 -0.9957
vn -0.0435 0.0814 -0.9957
vn -0.0268 0.0884 -0.9957
vn -0.0091 0.0919 -0.9957
vn -0.4867 0.3994 -0.7770
vn -0.7060 0.5794 -0.4073
vn -0.7701 0.6320 -0.0868
vn -0.7728 0.6342 -0.0213
vn -0.8817 0.4713 0.0213
vn -0.7728 0.6342 0.0213
vn -0.6343 0.7728 0.0213
vn -0.6343 0.7728 -0.0213
vn -0.6320 0.7701 -0.0868
vn -0.5794 0.7060 -0.4073
vn -0.5794 0.7060 -0.4074
vn -0.8786 0.4696 0.0868
vn -0.7701 0.6320 0.0868
vn -0.6320 0.7701 0.0868
vn -0.4713 0.8817 0.0213
vn -0.4713 0.8817 -0.0213
vn -0.4696 0.8786 -0.0868
vn -0.4305 0.8054 -0.4074
vn -0.4305 0.8054 -0.4073
vn -0.2968 0.5552 -0.7770
vn -0.2651 0.8740 -0.4073
vn -0.2892 0.9533 -0.0868
vn -0.2902 0.9567 -0.0213
vn -0.2902 0.9567 0.0213
vn -0.0895 0.9089 -0.4073
vn -0.0977 0.9914 -0.0868
vn -0.0980 0.9950 -0.0213
vn -0.0980 0.9950 0.0213
vn -0.2892 0.9533 0.0868
vn -0.4696 0.8786 0.0868
vn 0.4696 0.8786 0.0868
vn 0.2892 0.9533 0.0868
vn 0.2902 0.9567 0.0213
vn 0.0980 0.9950 0.0213
vn 0.0980 0.9950 -0.0213
vn 0.0977 0.9914 -0.0868
vn 0.0895 0.9089 -0.4073
vn 0.2902 0.9567 -0.0213
vn 0.4713 0.8817 0.0213
vn 0.6320 0.7701 0.0868
vn 0.5794 0.7060 0.4073
vn 0.7060 0.5794 0.4073
vn 0.8054 0.4305 0.4073
vn 0.9914 0.0977 0.0868
vn 0.9533 0.2892 0.0868
vn 0.8786 0.4696 0.0868
vn 0.7701 0.6320 0.0868
vn 0.6343 0.7728 0.0213
vn 0.9533 -0.2892 0.0868
vn 0.9914 -0.0977 0.0868
vn 0.9950 -0.0980 0.0213
vn 0.9950 0.0980 0.0213
vn 0.9567 0.2902 0.0213
vn 0.8817 0.4713 0.0213
vn 0.7728 0.6342 0.0213
vn 0.8786 -0.4696 0.0868
vn 0.9567 -0.2902 0.0213
vn 0.9950 -0.0980 -0.0213
vn 0.9914 -0.0977 -0.0868
vn 0.9089 -0.0895 -0.4073
vn 0.9089 -0.0895 -0.4074
vn 0.9089 0.0895 -0.4074
vn 0.9567 0.2902 -0.0213
vn 0.9950 0.0980 -0.0213
vn 0.9914 0.0977 -0.0868
vn 0.9089 0.0895 -0.4073
vn 0.8740 0.2651 -0.4073
vn 0.6024 0.1827 -0.7770
vn 0.5552 0.2968 -0.7770
vn 0.9533 0.2892 -0.0868
vn 0.8054 0.4305 -0.4074
vn 0.8054 0.4305 -0.4073
vn 0.8786 0.4696 -0.0868
vn 0.8817 0.4713 -0.0213
vn 0.5552 0.2968 -0.7769
vn 0.4867 0.3994 -0.7769
vn 0.4867 0.3994 -0.7770
vn 0.7060 0.5794 -0.4073
vn 0.7701 0.6320 -0.0868
vn 0.7728 0.6342 -0.0213
vn 0.6343 0.7728 -0.0213
vn 0.6320 0.7701 -0.0868
vn 0.5794 0.7060 -0.4073
vn 0.5794 0.7060 -0.4074
vn 0.3994 0.4867 -0.7770
vn 0.4713 0.8817 -0.0213
vn 0.4696 0.8786 -0.0868
vn 0.4305 0.8054 -0.4074
vn 0.4305 0.8054 -0.4073
vn 0.2968 0.5552 -0.7770
vn 0.0631 0.1181 -0.9910
vn 0.6265 -0.0617 -0.7770
vn 0.6265 0.0617 -0.7770
vn 0.1281 0.0389 -0.9910
vn 0.1181 0.0631 -0.9910
vn 0.1035 0.0849 -0.9910
vn 0.0849 0.1035 -0.9910
vn 0.0586 0.0714 -0.9957
vn 0.0714 0.0586 -0.9957
vn 0.0814 0.0435 -0.9957
vn 0.0884 0.0268 -0.9957
vn 0.0919 0.0091 -0.9957
vn 0.0919 -0.0091 -0.9957
vn 0.1332 -0.0131 -0.9910
vn 0.1281 -0.0389 -0.9910
vn 0.6025 -0.1828 -0.7770
vn 0.6024 -0.1827 -0.7770
vn 0.8740 -0.2651 -0.4073
vn 0.9533 -0.2892 -0.0868
vn 0.1332 0.0131 -0.9910
vn 0.8786 -0.4696 -0.0868
vn 0.8054 -0.4305 -0.4073
vn 0.5552 -0.2968 -0.7770
vn 0.1181 -0.0631 -0.9910
vn 0.0884 -0.0268 -0.9957
vn 0.7728 -0.6342 -0.0213
vn 0.7701 -0.6320 -0.0868
vn 0.7060 -0.5794 -0.4073
vn 0.4867 -0.3994 -0.7770
vn 0.1035 -0.0849 -0.9910
vn 0.0814 -0.0435 -0.9957
vn 0.0714 -0.0586 -0.9957
vn 0.0586 -0.0714 -0.9957
vn 0.0435 -0.0814 -0.9957
vn 0.0849 -0.1035 -0.9910
vn 0.3994 -0.4867 -0.7770
vn 0.5794 -0.7060 -0.4074
vn 0.5794 -0.7060 -0.4073
vn 0.6320 -0.7701 -0.0868
vn 0.2968 -0.5552 -0.7770
vn 0.4713 -0.8817 -0.0213
vn 0.4696 -0.8786 -0.0868
vn 0.4305 -0.8054 -0.4074
vn 0.1827 -0.6024 -0.7770
vn 0.0617 -0.6265 -0.7770
vn 0.2651 -0.8740 -0.4073
vn 0.2892 -0.9533 -0.0868
vn 0.2902 -0.9567 -0.0213
vn 0.2902 -0.9567 0.0213
vn 0.4713 -0.8817 0.0213
vn 0.4696 -0.8786 0.0868
vn 0.6320 -0.7701 0.0868
vn 0.0980 -0.9950 -0.0213
vn 0.0980 -0.9950 0.0213
vn 0.2892 -0.9533 0.0868
vn 0.4305 -0.8054 0.4074
vn 0.5794 -0.7060 0.4074
vn 0.3994 -0.4867 0.7770
vn 0.4867 -0.3994 0.7770
vn 0.0435 -0.0814 0.9957
vn 0.0631 -0.1181 0.9910
vn 0.2968 -0.5552 0.7770
vn 0.2651 -0.8740 0.4073
vn 0.0977 -0.9914 0.0868
vn -0.0977 -0.9914 0.0868
vn 0.0895 -0.9089 0.4073
vn 0.1827 -0.6024 0.7770
vn 0.0389 -0.1281 0.9910
vn 0.0131 -0.1332 0.9910
vn 0.0091 -0.0919 0.9957
vn -0.0090 -0.0919 0.9957
vn 0.0268 -0.0884 0.9957
vn -0.0131 -0.1332 0.9910
vn -0.0389 -0.1281 0.9910
vn -0.0631 -0.1181 0.9910
vn -0.0091 -0.0919 0.9957
vn -0.0268 -0.0884 0.9957
vn -0.0435 -0.0814 0.9957
vn -0.0586 -0.0714 0.9957
vn -0.0849 -0.1035 0.9910
vn -0.3994 -0.4867 0.7770
vn -0.1035 -0.0849 0.9910
vn -0.2968 -0.5552 0.7770
vn -0.4305 -0.8054 0.4074
vn -0.2651 -0.8740 0.4073
vn -0.5794 -0.7060 0.4074
vn -0.5794 -0.7060 0.4073
vn -0.7060 -0.5794 0.4073
vn -0.7701 -0.6320 0.0868
vn -0.8786 -0.4696 0.0868
vn -0.8817 -0.4713 0.0213
vn -0.9567 -0.2902 0.0213
vn -0.9567 -0.2902 -0.0213
vn -0.9533 -0.2892 -0.0868
vn -0.9089 -0.0895 -0.4074
vn -0.9089 -0.0895 -0.4073
vn -0.8740 -0.2651 -0.4073
vn -0.8054 -0.4305 -0.4073
vn -0.8786 -0.4696 -0.0868
vn -0.8817 -0.4713 -0.0213
vn -0.9914 -0.0977 -0.0868
vn -0.9914 0.0977 -0.0868
vn -0.9089 0.0895 -0.4073
vn -0.9950 -0.0980 -0.0213
vn -0.9950 0.0980 -0.0213
vn -0.9950 0.0980 0.0213
vn -0.9950 -0.0980 0.0213
vn -0.9914 0.0977 0.0868
vn -0.9533 -0.2892 0.0868
vn -0.9914 -0.0977 0.0868
vn -0.9089 0.0895 0.4073
vn -0.0919 0.0091 0.9957
vn -0.1332 0.0131 0.9910
vn -0.6265 0.0617 0.7770
vn -0.9089 0.0895 0.4074
vn -0.9089 -0.0895 0.4074
vn -0.9089 -0.0895 0.4073
vn -0.8740 -0.2651 0.4073
vn -0.0884 -0.0268 0.9957
vn -0.0919 -0.0091 0.9957
vn -0.1332 -0.0131 0.9910
vn -0.6265 -0.0617 0.7770
vn -0.5552 -0.2968 0.7769
vn -0.5552 -0.2968 0.7770
vn -0.6024 -0.1827 0.7770
vn -0.1281 -0.0389 0.9910
vn -0.8054 -0.4305 0.4073
vn -0.4867 -0.3994 0.7770
vn -0.4867 -0.3994 0.7769
vn -0.1181 -0.0631 0.9910
vn -0.0814 -0.0435 0.9957
vn -0.0714 -0.0586 0.9957
vn -0.6265 -0.0617 -0.7770
vn -0.5552 -0.2968 -0.7769
vn -0.5552 -0.2968 -0.7770
vn -0.6024 -0.1827 -0.7770
vn -0.6024 -0.1828 -0.7770
vn -0.1332 -0.0131 -0.9910
vn -0.1281 -0.0389 -0.9910
vn -0.0884 -0.0268 -0.9957
vn -0.0919 -0.0091 -0.9957
vn -0.0919 0.0091 -0.9957
vn -0.1332 0.0131 -0.9910
vn -0.6265 0.0617 -0.7770
vn -0.9089 0.0895 -0.4074
vn -0.0714 -0.0586 -0.9957
vn -0.0814 -0.0435 -0.9957
vn -0.1035 -0.0849 -0.9910
vn -0.0849 -0.1035 -0.9910
vn 0.0131 -0.1332 -0.9910
vn -0.0131 -0.1332 -0.9910
vn -0.0389 -0.1281 -0.9910
vn -0.0631 -0.1181 -0.9910
vn -0.0586 -0.0714 -0.9957
vn -0.0435 -0.0814 -0.9957
vn -0.0268 -0.0884 -0.9957
vn -0.0091 -0.0919 -0.9957
vn 0.0091 -0.0919 -0.9957
vn 0.0268 -0.0884 -0.9957
vn 0.0389 -0.1281 -0.9910
vn 0.0631 -0.1181 -0.9910
vn -0.1035 0.0849 -0.9910
vn -0.1181 0.0631 -0.9910
vn -0.5552 0.2968 -0.7770
vn -0.8054 0.4305 -0.4074
vn -0.8054 0.4305 -0.4073
vn -0.8786 0.4696 -0.0868
vn -0.8817 0.4713 -0.0213
vn -0.6024 0.1827 -0.7770
vn -0.8740 0.2651 -0.4073
vn -0.9533 0.2892 -0.0868
vn -0.9567 0.2902 -0.0213
vn -0.1281 0.0389 0.9910
vn -0.6024 0.1827 0.7770
vn -0.8740 0.2651 0.4073
vn -0.9533 0.2892 0.0868
vn -0.9567 0.2902 0.0213
vn -0.5794 0.7060 0.4073
vn -0.7060 0.5794 0.4073
vn -0.8054 0.4305 0.4073
vn -0.8054 0.4305 0.4074
vn -0.4305 0.8054 0.4074
vn -0.5794 0.7060 0.4074
vn -0.3994 0.4867 0.7770
vn -0.4867 0.3994 0.7770
vn -0.5552 0.2968 0.7770
vn -0.1181 0.0631 0.9910
vn -0.1035 0.0849 0.9910
vn -0.0849 0.1035 0.9910
vn -0.0435 0.0814 0.9957
vn -0.0586 0.0714 0.9957
vn -0.0714 0.0586 0.9957
vn -0.0814 0.0435 0.9957
vn -0.0884 0.0268 0.9957
vn -0.0389 0.1281 0.9910
vn -0.1827 0.6024 0.7770
vn -0.0268 0.0884 0.9957
vn -0.0091 0.0919 0.9957
vn -0.0090 0.0919 0.9957
vn -0.0131 0.1332 0.9910
vn -0.0617 0.6265 0.7770
vn -0.0895 0.9089 0.4073
vn 0.0617 0.6265 0.7770
vn 0.0131 0.1332 0.9910
vn 0.0090 0.0919 0.9957
vn 0.0091 0.0919 0.9957
vn 0.0268 0.0884 0.9957
vn 0.0435 0.0814 0.9957
vn 0.0586 0.0714 0.9957
vn 0.0849 0.1035 0.9910
vn 0.3994 0.4867 0.7770
vn 0.2968 0.5552 0.7770
vn 0.1827 0.6024 0.7770
vn 0.0389 0.1281 0.9910
vn 0.0631 0.1181 0.9910
vn 0.0895 0.9089 0.4073
vn 0.2651 0.8740 0.4073
vn 0.4305 0.8054 0.4073
vn 0.4305 0.8054 0.4074
vn 0.5794 0.7060 0.4074
vn 0.4867 0.3994 0.7770
vn 0.4867 0.3994 0.7769
vn 0.0714 0.0586 0.9957
vn 0.1035 0.0849 0.9910
vn 0.1181 0.0631 0.9910
vn 0.0814 0.0435 0.9957
vn 0.0884 0.0268 0.9957
vn 0.5552 0.2968 0.7769
vn 0.1281 0.0389 0.9910
vn 0.0919 0.0091 0.9957
vn 0.1332 0.0131 0.9910
vn 0.6265 0.0617 0.7770
vn 0.5552 0.2968 0.7770
vn 0.6024 0.1827 0.7770
vn 0.8054 0.4305 0.4074
vn 0.8740 0.2651 0.4073
vn 0.9089 0.0895 0.4073
vn 0.9089 0.0895 0.4074
vn 0.9089 -0.0895 0.4074
vn 0.6265 -0.0617 0.7769
vn 0.6265 -0.0617 0.7770
vn 0.1332 -0.0131 0.9910
vn 0.5794 -0.7060 0.4073
vn 0.7060 -0.5794 0.4073
vn 0.8054 -0.4305 0.4073
vn 0.8740 -0.2651 0.4073
vn 0.9089 -0.0895 0.4073
vn 0.9567 -0.2902 -0.0213
vn 0.8817 -0.4713 0.0213
vn 0.7701 -0.6320 0.0868
vn 0.6343 -0.7728 0.0213
vn 0.6343 -0.7728 -0.0213
vn 0.7728 -0.6342 0.0213
vn 0.8817 -0.4713 -0.0213
vn -0.0714 0.0586 -0.9957
vn -0.0814 0.0435 -0.9957
vn -0.0884 0.0268 -0.9957
vn -0.1281 0.0389 -0.9910
vn -0.2968 0.5552 0.7770
vn -0.4305 0.8054 0.4073
vn -0.2651 0.8740 0.4073
vn -0.0977 0.9914 0.0868
vn 0.0977 0.9914 0.0868
vn -0.0631 0.1181 0.9910
vn -0.4713 -0.8817 -0.0213
vn -0.4696 -0.8786 -0.0868
vn -0.4305 -0.8054 -0.4074
vn -0.6343 -0.7728 -0.0213
vn -0.6320 -0.7701 -0.0868
vn -0.5794 -0.7060 -0.4073
vn -0.5794 -0.7060 -0.4074
vn -0.3994 -0.4867 -0.7770
vn -0.2968 -0.5552 -0.7770
vn -0.7728 -0.6342 -0.0213
vn -0.7701 -0.6320 -0.0868
vn -0.7060 -0.5794 -0.4073
vn -0.4867 -0.3994 -0.7770
vn -0.4867 -0.3994 -0.7769
vn -0.1181 -0.0631 -0.9910
vn -0.7728 -0.6342 0.0213
vn -0.6320 -0.7701 0.0868
vn -0.4696 -0.8786 0.0868
vn -0.2892 -0.9533 0.0868
vn -0.0980 -0.9950 0.0213
vn -0.2902 -0.9567 0.0213
vn -0.4713 -0.8817 0.0213
vn -0.6343 -0.7728 0.0213
vn -0.0980 -0.9950 -0.0213
vn -0.0977 -0.9914 -0.0868
vn -0.2902 -0.9567 -0.0213
vn -0.2892 -0.9533 -0.0868
vn -0.2651 -0.8740 -0.4073
vn -0.0895 -0.9089 -0.4073
vn -0.1827 -0.6024 -0.7770
vn -0.0617 -0.6265 -0.7770
vn 0.0895 -0.9089 -0.4073
vn 0.0977 -0.9914 -0.0868
vn -0.0000 0.0000 1.0000
vn -0.0208 -0.3173 0.9481
vn 0.0208 -0.3173 0.9481
vn 0.0620 -0.3119 0.9481
vn 0.1022 -0.3011 0.9481
vn 0.1406 -0.2852 0.9481
vn 0.1767 -0.2644 0.9481
vn 0.5928 -0.6760 0.4377
vn 0.4995 -0.7476 0.4377
vn 0.3977 -0.8064 0.4377
vn 0.2890 -0.8514 0.4377
vn 0.1754 -0.8818 0.4377
vn 0.0588 -0.8972 0.4377
vn -0.0588 -0.8972 0.4377
vn -0.0620 -0.3119 0.9481
vn -0.1406 -0.2852 0.9481
vn -0.1754 -0.8818 0.4377
vn -0.1022 -0.3011 0.9481
vn -0.2890 -0.8514 0.4377
vn -0.2097 -0.2391 0.9481
vn -0.1767 -0.2644 0.9481
vn -0.3119 -0.0620 0.9481
vn -0.3011 -0.1022 0.9481
vn -0.2852 -0.1406 0.9481
vn -0.2644 -0.1767 0.9481
vn -0.2391 -0.2097 0.9481
vn -0.3977 -0.8064 0.4377
vn -0.4995 -0.7476 0.4377
vn -0.5928 -0.6760 0.4377
vn -0.6760 -0.5928 0.4377
vn -0.7476 -0.4995 0.4377
vn -0.8064 -0.3977 0.4377
vn -0.8514 -0.2890 0.4377
vn -0.8818 -0.1754 0.4377
vn -0.8972 -0.0588 0.4377
vn -0.8972 0.0588 0.4377
vn -0.3173 0.0208 0.9481
vn -0.3119 0.0620 0.9481
vn -0.3011 0.1022 0.9481
vn -0.3173 -0.0208 0.9481
vn -0.2852 0.1406 0.9481
vn -0.2644 0.1767 0.9481
vn -0.8818 0.1754 0.4377
vn -0.8514 0.2890 0.4377
vn -0.8064 0.3977 0.4377
vn -0.7476 0.4995 0.4377
vn -0.2391 0.2097 0.9481
vn -0.6760 0.5928 0.4377
vn -0.5928 0.6760 0.4377
vn -0.4995 0.7476 0.4377
vn -0.1767 0.2644 0.9481
vn -0.2097 0.2391 0.9481
vn -0.0208 0.3173 0.9481
vn -0.0620 0.3119 0.9481
vn -0.1022 0.3011 0.9481
vn -0.1406 0.2852 0.9481
vn -0.3977 0.8064 0.4377
vn -0.2890 0.8514 0.4377
vn -0.1754 0.8818 0.4377
vn -0.0588 0.8972 0.4377
vn 0.0588 0.8972 0.4377
vn 0.0208 0.3173 0.9481
vn 0.2890 0.8514 0.4377
vn 0.1022 0.3011 0.9481
vn 0.0620 0.3119 0.9481
vn 0.1754 0.8818 0.4377
vn 0.1406 0.2852 0.9481
vn 0.3977 0.8064 0.4377
vn 0.4995 0.7476 0.4377
vn 0.1767 0.2644 0.9481
vn 0.2097 0.2391 0.9481
vn 0.2391 0.2097 0.9481
vn 0.2644 0.1767 0.9481
vn 0.2852 0.1406 0.9481
vn 0.3011 0.1022 0.9481
vn 0.5928 0.6760 0.4377
vn 0.6760 0.5928 0.4377
vn 0.7476 0.4995 0.4377
vn 0.8064 0.3977 0.4377
vn 0.8514 0.2890 0.4377
vn 0.8818 0.1754 0.4377
vn 0.8972 0.0588 0.4377
vn 0.8972 -0.0588 0.4377
vn 0.3173 -0.0208 0.9481
vn 0.3119 -0.0620 0.9481
vn 0.8818 -0.1754 0.4377
vn 0.3119 0.0620 0.9481
vn 0.3173 0.0208 0.9481
vn 0.3011 -0.1022 0.9481
vn 0.8514 -0.2890 0.4377
vn 0.8064 -0.3977 0.4377
vn 0.7476 -0.4995 0.4377
vn 0.6760 -0.5928 0.4377
vn 0.2097 -0.2391 0.9481
vn 0.2391 -0.2097 0.9481
vn 0.2644 -0.1767 0.9481
vn 0.2852 -0.1406 0.9481
vn -0.1827 -0.6024 0.7770
vn -0.0617 -0.6265 0.7770
vn -0.0895 -0.9089 0.4073
vn 0.0617 -0.6265 0.7770
vn 0.1016 -0.5108 0.8537
vn -0.1303 -0.6553 0.7440
vn -0.0437 -0.6667 0.7440
vn 0.0437 -0.6667 0.7440
vn 0.0341 -0.5196 0.8537
vn 0.0341 -0.5197 0.8537
vn 0.0253 -0.3863 0.9220
vn 0.0755 -0.3797 0.9220
vn 0.1244 -0.3666 0.9220
vn -0.0619 -0.9438 0.3247
vn 0.0619 -0.9438 0.3247
vn 0.1303 -0.6553 0.7440
vn 0.1674 -0.4931 0.8537
vn 0.1712 -0.3472 0.9220
vn 0.2303 -0.4671 0.8537
vn 0.1845 -0.9276 0.3247
vn 0.2148 -0.6327 0.7440
vn 0.2955 -0.5992 0.7440
vn 0.4183 -0.8483 0.3247
vn 0.3040 -0.8956 0.3247
vn 0.2151 -0.3219 0.9220
vn 0.2893 -0.4330 0.8537
vn 0.3712 -0.5555 0.7440
vn 0.5255 -0.7864 0.3247
vn 0.6236 -0.7111 0.3247
vn 0.7111 -0.6236 0.3247
vn 0.4405 -0.5023 0.7440
vn 0.5023 -0.4405 0.7440
vn 0.3915 -0.3434 0.8537
vn 0.3434 -0.3915 0.8537
vn 0.2553 -0.2911 0.9220
vn 0.2911 -0.2553 0.9220
vn 0.3219 -0.2151 0.9220
vn 0.4330 -0.2893 0.8537
vn 0.5555 -0.3712 0.7440
vn 0.2461 -0.1645 0.9552
vn 0.3472 -0.1712 0.9220
vn 0.3666 -0.1244 0.9220
vn 0.3797 -0.0755 0.9220
vn 0.3863 -0.0253 0.9220
vn 0.3863 0.0253 0.9220
vn 0.5196 -0.0341 0.8537
vn 0.5108 -0.1016 0.8537
vn 0.4931 -0.1674 0.8537
vn 0.4671 -0.2303 0.8537
vn 0.5992 -0.2955 0.7440
vn 0.6327 -0.2148 0.7440
vn 0.6553 -0.1304 0.7440
vn 0.6667 -0.0437 0.7440
vn 0.7864 -0.5255 0.3247
vn 0.8483 -0.4183 0.3247
vn 0.8956 -0.3040 0.3247
vn 0.9276 -0.1845 0.3247
vn 0.9438 -0.0619 0.3247
vn 0.9438 0.0619 0.3247
vn 0.6667 0.0437 0.7440
vn 0.5196 0.0341 0.8537
vn 0.3797 0.0755 0.9220
vn 0.3666 0.1244 0.9220
vn 0.5108 0.1016 0.8537
vn 0.4931 0.1674 0.8537
vn 0.4671 0.2303 0.8537
vn 0.5992 0.2955 0.7440
vn 0.6327 0.2148 0.7440
vn 0.6553 0.1304 0.7440
vn 0.8483 0.4183 0.3247
vn 0.8956 0.3040 0.3247
vn 0.9276 0.1845 0.3247
vn 0.2911 0.2553 0.9220
vn 0.3219 0.2151 0.9220
vn 0.4330 0.2893 0.8537
vn 0.5555 0.3712 0.7440
vn 0.7864 0.5255 0.3247
vn 0.5023 0.4405 0.7440
vn 0.4405 0.5023 0.7440
vn 0.3712 0.5555 0.7440
vn 0.7111 0.6236 0.3247
vn 0.6236 0.7111 0.3247
vn 0.5255 0.7864 0.3247
vn 0.4183 0.8483 0.3247
vn 0.3040 0.8956 0.3247
vn 0.3915 0.3434 0.8537
vn 0.3434 0.3915 0.8537
vn 0.2893 0.4330 0.8537
vn 0.2955 0.5992 0.7440
vn 0.2148 0.6327 0.7440
vn 0.1303 0.6553 0.7440
vn 0.0437 0.6667 0.7440
vn 0.0341 0.5197 0.8537
vn 0.1016 0.5108 0.8537
vn 0.1674 0.4931 0.8537
vn 0.2303 0.4671 0.8537
vn 0.0755 0.3797 0.9220
vn 0.1244 0.3666 0.9220
vn 0.1712 0.3472 0.9220
vn 0.2151 0.3219 0.9220
vn 0.2553 0.2911 0.9220
vn -0.0117 0.1783 0.9839
vn -0.0150 0.2293 0.9732
vn -0.0194 0.2954 0.9552
vn -0.0253 0.3863 0.9220
vn 0.0253 0.3863 0.9220
vn 0.0046 0.0700 0.9975
vn 0.0066 0.1014 0.9948
vn 0.0090 0.1368 0.9906
vn 0.0117 0.1783 0.9839
vn 0.0150 0.2293 0.9732
vn 0.0194 0.2954 0.9552
vn 0.0108 0.0543 0.9985
vn 0.0036 0.0553 0.9985
vn -0.0036 0.0553 0.9985
vn -0.0046 0.0700 0.9975
vn -0.0066 0.1014 0.9948
vn -0.0090 0.1368 0.9906
vn -0.0108 0.0543 0.9985
vn -0.0178 0.0525 0.9985
vn -0.0245 0.0497 0.9985
vn -0.0308 0.0461 0.9985
vn -0.0365 0.0417 0.9985
vn -0.0417 0.0365 0.9985
vn -0.0416 0.0365 0.9985
vn -0.0461 0.0308 0.9985
vn -0.0543 0.0108 0.9985
vn -0.0525 0.0178 0.9985
vn -0.0497 0.0245 0.9985
vn -0.0583 0.0390 0.9975
vn -0.0845 0.0564 0.9948
vn -0.0629 0.0310 0.9975
vn -0.0911 0.0449 0.9948
vn -0.1229 0.0606 0.9906
vn -0.1602 0.0790 0.9839
vn -0.2061 0.1016 0.9732
vn -0.2655 0.1309 0.9552
vn -0.1140 0.0761 0.9906
vn -0.1486 0.0993 0.9839
vn -0.1911 0.1277 0.9732
vn -0.2461 0.1645 0.9552
vn -0.3219 0.2151 0.9220
vn -0.3472 0.1712 0.9220
vn -0.2911 0.2553 0.9220
vn -0.4330 0.2893 0.8537
vn -0.2553 0.2911 0.9220
vn -0.3915 0.3434 0.8537
vn -0.5023 0.4405 0.7440
vn -0.5555 0.3712 0.7440
vn -0.7864 0.5255 0.3247
vn -0.8483 0.4183 0.3247
vn -0.3434 0.3915 0.8537
vn -0.7111 0.6236 0.3247
vn -0.4405 0.5023 0.7440
vn -0.2893 0.4330 0.8537
vn -0.2303 0.4671 0.8537
vn -0.1674 0.4931 0.8537
vn -0.1016 0.5108 0.8537
vn -0.0755 0.3797 0.9220
vn -0.1244 0.3666 0.9220
vn -0.1712 0.3472 0.9220
vn -0.2151 0.3219 0.9220
vn 0.1845 0.9276 0.3247
vn 0.0619 0.9438 0.3247
vn -0.0619 0.9438 0.3247
vn -0.0437 0.6667 0.7440
vn -0.0341 0.5197 0.8537
vn -0.1845 0.9276 0.3247
vn -0.1303 0.6553 0.7440
vn -0.2148 0.6327 0.7440
vn -0.2955 0.5992 0.7440
vn -0.3712 0.5555 0.7440
vn -0.3040 0.8956 0.3247
vn -0.4183 0.8483 0.3247
vn -0.5255 0.7864 0.3247
vn -0.6236 0.7111 0.3247
vn -0.1712 -0.3472 0.9220
vn -0.2553 -0.2911 0.9220
vn -0.2151 -0.3219 0.9220
vn -0.2893 -0.4330 0.8537
vn -0.2303 -0.4671 0.8537
vn -0.2955 -0.5992 0.7440
vn -0.2148 -0.6327 0.7440
vn -0.3712 -0.5555 0.7440
vn -0.5255 -0.7864 0.3247
vn -0.4183 -0.8483 0.3247
vn -0.3040 -0.8956 0.3247
vn -0.1845 -0.9276 0.3247
vn -0.1674 -0.4931 0.8537
vn -0.1016 -0.5108 0.8537
vn -0.0341 -0.5197 0.8537
vn -0.0341 -0.5196 0.8537
vn -0.1244 -0.3666 0.9220
vn -0.0755 -0.3797 0.9220
vn -0.0253 -0.3863 0.9220
vn 0.0194 -0.2954 0.9552
vn 0.0150 -0.2293 0.9732
vn 0.0117 -0.1783 0.9839
vn 0.0090 -0.1368 0.9906
vn 0.0066 -0.1014 0.9948
vn -0.0194 -0.2954 0.9552
vn -0.0150 -0.2293 0.9732
vn -0.0117 -0.1783 0.9839
vn -0.0090 -0.1368 0.9906
vn -0.0066 -0.1014 0.9948
vn -0.0046 -0.0700 0.9975
vn 0.0046 -0.0700 0.9975
vn 0.0036 -0.0553 0.9985
vn -0.0036 -0.0553 0.9985
vn -0.0108 -0.0543 0.9985
vn -0.0178 -0.0525 0.9985
vn -0.0245 -0.0497 0.9985
vn -0.0308 -0.0461 0.9985
vn -0.0365 -0.0417 0.9985
vn -0.0417 -0.0365 0.9985
vn -0.0461 -0.0308 0.9985
vn -0.0497 -0.0245 0.9985
vn -0.0629 -0.0310 0.9975
vn -0.0911 -0.0449 0.9948
vn -0.1229 -0.0606 0.9906
vn -0.1602 -0.0790 0.9839
vn -0.2061 -0.1016 0.9732
vn -0.2461 -0.1645 0.9552
vn -0.1911 -0.1277 0.9732
vn -0.1486 -0.0993 0.9839
vn -0.1140 -0.0761 0.9906
vn -0.0845 -0.0564 0.9948
vn -0.0583 -0.0390 0.9975
vn -0.9218 0.1834 -0.3416
vn -0.8900 0.3021 -0.3416
vn -0.8429 0.4157 -0.3416
vn -0.7815 0.5222 -0.3416
vn -0.7066 0.6197 -0.3416
vn -0.5222 0.7815 -0.3416
vn -0.6197 0.7066 -0.3416
vn 0.7256 -0.6363 -0.2618
vn 0.8025 -0.5362 -0.2618
vn 0.0631 -0.9630 -0.2618
vn -0.0615 0.9378 -0.3416
vn -0.1834 0.9218 -0.3416
vn -0.3021 0.8900 -0.3416
vn -0.4157 0.8429 -0.3416
vn 0.1834 0.9218 -0.3416
vn 0.0615 0.9378 -0.3416
vn 0.3021 0.8900 -0.3416
vn 0.4157 0.8429 -0.3416
vn 0.5222 0.7815 -0.3416
vn 0.6197 0.7066 -0.3416
vn -0.5362 -0.8025 -0.2618
vn -0.4269 -0.8656 -0.2618
vn -0.3102 -0.9139 -0.2618
vn -0.1883 -0.9466 -0.2618
vn -0.0631 -0.9630 -0.2618
vn 0.8429 0.4157 -0.3416
vn 0.7815 0.5222 -0.3416
vn 0.7066 0.6197 -0.3416
vn -0.6363 -0.7256 -0.2618
vn -0.7256 -0.6363 -0.2618
vn -0.8025 -0.5362 -0.2618
vn -0.8656 -0.4269 -0.2618
vn -0.9139 -0.3102 -0.2618
vn -0.9466 -0.1883 -0.2618
vn -0.9630 -0.0631 -0.2618
vn -0.9630 0.0631 -0.2618
vn 0.9378 0.0615 -0.3416
vn 0.9218 0.1834 -0.3416
vn 0.8900 0.3021 -0.3416
vn 0.9378 -0.0615 -0.3416
vn 0.9218 -0.1834 -0.3416
vn 0.8900 -0.3021 -0.3416
vn 0.7066 -0.6197 -0.3416
vn 0.7815 -0.5222 -0.3416
vn 0.8429 -0.4157 -0.3416
vn -0.7256 0.6363 -0.2618
vn -0.8025 0.5362 -0.2618
vn -0.8656 0.4269 -0.2618
vn -0.9139 0.3102 -0.2618
vn -0.9466 0.1883 -0.2618
vn 0.3021 -0.8900 -0.3416
vn 0.4157 -0.8429 -0.3416
vn 0.5222 -0.7815 -0.3416
vn 0.6197 -0.7066 -0.3416
vn -0.6363 0.7256 -0.2618
vn -0.1883 0.9466 -0.2618
vn -0.0631 0.9630 -0.2618
vn -0.3102 0.9139 -0.2618
vn -0.4269 0.8656 -0.2618
vn -0.5362 0.8025 -0.2618
vn 0.1883 0.9466 -0.2618
vn 0.0631 0.9630 -0.2618
vn 0.0615 -0.9378 -0.3416
vn 0.1834 -0.9218 -0.3416
vn -0.4157 -0.8429 -0.3416
vn -0.3021 -0.8900 -0.3416
vn -0.1834 -0.9218 -0.3416
vn -0.0615 -0.9378 -0.3416
vn -0.5222 -0.7815 -0.3416
vn -0.6197 -0.7066 -0.3416
vn -0.7815 -0.5222 -0.3416
vn -0.7066 -0.6197 -0.3416
vn 0.7256 0.6363 -0.2618
vn 0.6363 0.7256 -0.2618
vn 0.5362 0.8025 -0.2618
vn 0.4269 0.8656 -0.2618
vn 0.3102 0.9139 -0.2618
vn 0.9630 0.0631 -0.2618
vn 0.9466 0.1883 -0.2618
vn 0.9139 0.3102 -0.2618
vn 0.8656 0.4269 -0.2618
vn 0.8025 0.5362 -0.2618
vn -0.9378 0.0615 -0.3416
vn -0.9378 -0.0615 -0.3416
vn -0.9218 -0.1834 -0.3416
vn -0.8900 -0.3021 -0.3416
vn -0.8429 -0.4157 -0.3416
vn 0.8656 -0.4269 -0.2618
vn 0.9139 -0.3102 -0.2618
vn 0.9466 -0.1883 -0.2618
vn 0.9630 -0.0631 -0.2618
vn 0.6363 -0.7256 -0.2618
vn 0.5362 -0.8025 -0.2618
vn 0.4269 -0.8656 -0.2618
vn 0.3102 -0.9139 -0.2618
vn 0.1883 -0.9466 -0.2618
vn -0.3915 -0.3434 0.8537
vn -0.3434 -0.3915 0.8537
vn -0.4405 -0.5023 0.7440
vn -0.6236 -0.7111 0.3247
vn -0.2655 -0.1309 0.9552
vn -0.3472 -0.1712 0.9220
vn -0.3219 -0.2151 0.9220
vn -0.2911 -0.2553 0.9220
vn -0.9438 -0.0619 0.3247
vn -0.9276 -0.1845 0.3247
vn -0.8956 -0.3040 0.3247
vn -0.6327 -0.2148 0.7440
vn -0.5992 -0.2955 0.7440
vn -0.4671 -0.2303 0.8537
vn -0.4330 -0.2893 0.8537
vn -0.6553 -0.1303 0.7440
vn -0.5023 -0.4405 0.7440
vn -0.5555 -0.3712 0.7440
vn -0.8483 -0.4183 0.3247
vn -0.7864 -0.5255 0.3247
vn -0.7111 -0.6236 0.3247
vn -0.7461 -0.6543 -0.1231
vn -0.6543 -0.7461 -0.1231
vn -0.5513 -0.8251 -0.1231
vn -0.4389 -0.8900 -0.1231
vn -0.4389 -0.8901 -0.1231
vn -0.3190 -0.9397 -0.1231
vn -0.6543 -0.7461 0.1231
vn -0.5513 -0.8251 0.1231
vn -0.4389 -0.8901 0.1231
vn -0.3190 -0.9397 0.1231
vn -0.1936 -0.9733 -0.1231
vn -0.2420 -0.7128 0.6583
vn -0.1469 -0.7383 0.6583
vn -0.1936 -0.9733 0.1231
vn -0.0649 -0.9903 -0.1231
vn -0.0492 -0.7512 -0.6583
vn -0.0492 -0.7512 0.6583
vn 0.1469 -0.7383 0.6583
vn 0.0492 -0.7512 0.6583
vn -0.0649 -0.9903 0.1231
vn 0.0649 -0.9903 -0.1231
vn 0.0649 -0.9903 0.1231
vn 0.1936 -0.9733 0.1231
vn 0.3190 -0.9397 0.1231
vn 0.4389 -0.8901 0.1231
vn 0.5513 -0.8251 0.1231
vn 0.6543 -0.7461 0.1231
vn 0.4963 -0.5660 0.6583
vn 0.4182 -0.6259 0.6583
vn 0.3329 -0.6751 0.6583
vn 0.2420 -0.7128 0.6583
vn 0.6259 -0.4182 0.6583
vn 0.5660 -0.4963 0.6583
vn -0.1443 -0.7253 0.6731
vn -0.2377 -0.7003 0.6731
vn -0.3271 -0.6633 0.6731
vn -0.4109 -0.6149 0.6731
vn -0.4876 -0.5560 0.6731
vn -0.5560 -0.4876 0.6731
vn -0.5513 -0.4475 0.7041
vn -0.6143 -0.4105 0.6739
vn -0.3864 0.8658 0.3179
vn -0.3821 0.8673 0.3191
vn -0.4038 0.8540 0.3282
vn -0.3990 0.8549 0.3315
vn -0.4168 0.8441 0.3372
vn -0.4134 0.8446 0.3402
vn -0.4278 0.8359 0.3437
vn -0.4252 0.8362 0.3464
vn -0.4375 0.8289 0.3486
vn -0.4354 0.8290 0.3511
vn -0.4450 0.8233 0.3523
vn -0.4597 0.8197 0.3417
vn 0.7232 0.6338 0.2744
vn 0.7220 0.6355 0.2737
vn 0.6342 0.7231 0.2737
vn 0.5344 0.7997 0.2737
vn 0.4254 0.8626 0.2737
vn 0.3092 0.9108 0.2737
vn 0.1897 0.9429 0.2737
vn 0.1876 0.9431 0.2744
vn 0.9385 0.0210 0.3447
vn 0.9351 0.0077 0.3544
vn 0.9356 0.0374 0.3511
vn 0.9366 0.0355 0.3486
vn 0.9368 0.0498 0.3464
vn 0.9379 0.0475 0.3437
vn 0.9382 0.0643 0.3402
vn 0.9394 0.0611 0.3372
vn 0.9399 0.0820 0.3315
vn 0.9414 0.0773 0.3282
vn 0.9421 0.1028 0.3191
vn 0.9430 0.0983 0.3179
vn -0.0483 -0.7373 0.6739
vn -0.1121 -0.7014 0.7039
vn -0.9368 0.0498 0.3464
vn -0.9379 0.0475 0.3437
vn -0.9382 0.0643 0.3402
vn -0.9394 0.0611 0.3372
vn -0.9399 0.0820 0.3315
vn -0.9414 0.0773 0.3282
vn -0.9421 0.1027 0.3191
vn -0.9430 0.0983 0.3179
vn 0.0483 -0.7373 0.6739
vn 0.1119 -0.7012 0.7041
vn 0.1443 -0.7253 0.6731
vn 0.2377 -0.7003 0.6731
vn 0.3271 -0.6633 0.6731
vn 0.4109 -0.6149 0.6731
vn 0.4876 -0.5560 0.6731
vn 0.5560 -0.4876 0.6731
vn 0.5514 -0.4478 0.7039
vn 0.6143 -0.4105 0.6739
vn 0.3864 0.8658 0.3179
vn 0.3821 0.8673 0.3191
vn 0.4037 0.8540 0.3282
vn 0.3989 0.8550 0.3315
vn 0.4168 0.8441 0.3372
vn 0.4134 0.8446 0.3402
vn 0.4278 0.8359 0.3437
vn 0.4252 0.8362 0.3464
vn 0.4375 0.8289 0.3486
vn 0.4354 0.8290 0.3511
vn 0.4490 0.8209 0.3529
vn 0.4640 0.8171 0.3420
vn -0.7230 0.6340 0.2744
vn -0.7218 0.6357 0.2737
vn -0.6342 0.7231 0.2737
vn -0.5344 0.7997 0.2737
vn -0.4254 0.8626 0.2737
vn -0.3092 0.9108 0.2737
vn -0.1895 0.9429 0.2737
vn -0.1874 0.9432 0.2744
vn -0.9385 0.0266 0.3443
vn -0.9353 0.0135 0.3537
vn -0.9356 0.0374 0.3511
vn -0.9366 0.0355 0.3486
vn -0.9903 -0.0649 -0.1231
vn -0.9733 -0.1936 -0.1231
vn -0.9397 -0.3190 -0.1231
vn -0.8901 -0.4389 -0.1231
vn -0.8251 -0.5513 -0.1231
vn -0.9733 -0.1936 0.1231
vn -0.9397 -0.3190 0.1231
vn -0.8901 -0.4389 0.1231
vn -0.8251 -0.5513 0.1231
vn -0.7461 -0.6543 0.1231
vn -0.6259 -0.4182 0.6583
vn -0.5660 -0.4963 0.6583
vn -0.4963 -0.5660 0.6583
vn -0.4182 -0.6259 0.6583
vn -0.3329 -0.6751 0.6583
vn -0.9903 0.0649 0.1231
vn -0.7512 0.0492 0.6583
vn -0.7512 -0.0492 0.6583
vn -0.7383 -0.1469 0.6583
vn -0.7128 -0.2420 0.6583
vn -0.6751 -0.3329 0.6583
vn -0.9397 0.3190 0.1231
vn -0.9733 0.1936 0.1231
vn -0.7383 0.1469 0.6583
vn -0.6543 0.7461 -0.1231
vn -0.7461 0.6543 -0.1231
vn -0.8251 0.5513 -0.1231
vn -0.8901 0.4389 -0.1231
vn -0.9397 0.3190 -0.1231
vn -0.6259 0.4182 -0.6583
vn -0.6751 0.3329 -0.6583
vn -0.7128 0.2420 -0.6583
vn -0.7383 0.1469 -0.6583
vn -0.9733 0.1936 -0.1231
vn -0.7512 0.0492 -0.6583
vn -0.7383 -0.1469 -0.6583
vn -0.7512 -0.0492 -0.6583
vn -0.9903 0.0649 -0.1231
vn -0.9903 -0.0649 0.1231
vn -0.4963 -0.5660 -0.6583
vn -0.5660 -0.4963 -0.6583
vn -0.6259 -0.4182 -0.6583
vn -0.6751 -0.3329 -0.6583
vn -0.7128 -0.2420 -0.6583
vn 0.2655 0.1309 0.9552
vn 0.2061 0.1016 0.9732
vn 0.1602 0.0790 0.9839
vn 0.1229 0.0606 0.9906
vn 0.0911 0.0449 0.9948
vn 0.0629 0.0310 0.9975
vn 0.1486 0.0993 0.9839
vn 0.1140 0.0761 0.9906
vn 0.0845 0.0564 0.9948
vn 0.0583 0.0390 0.9975
vn 0.0461 0.0308 0.9985
vn 0.0417 0.0365 0.9985
vn 0.0543 -0.0108 0.9985
vn 0.0553 -0.0036 0.9985
vn 0.0553 0.0036 0.9985
vn 0.0543 0.0108 0.9985
vn 0.0525 0.0178 0.9985
vn 0.0497 0.0245 0.9985
vn -0.5513 0.8251 0.1231
vn -0.4389 0.8900 0.1231
vn -0.4389 0.8901 0.1231
vn -0.3190 0.9397 0.1231
vn -0.1936 0.9733 0.1231
vn -0.1936 0.9733 -0.1231
vn -0.3190 0.9397 -0.1231
vn -0.4389 0.8901 -0.1231
vn -0.5513 0.8251 -0.1231
vn -0.0492 0.7512 0.6583
vn -0.0649 0.9903 0.1231
vn -0.0649 0.9903 -0.1231
vn -0.0492 0.7512 -0.6583
vn -0.1469 0.7383 -0.6583
vn -0.2420 0.7128 -0.6583
vn -0.3329 0.6751 -0.6583
vn -0.4182 0.6259 -0.6583
vn -0.4963 0.5660 -0.6583
vn -0.5660 0.4963 -0.6583
vn -0.5196 0.0341 0.8537
vn -0.5992 0.2955 0.7440
vn -0.6327 0.2148 0.7440
vn -0.6553 0.1303 0.7440
vn -0.6667 0.0437 0.7440
vn -0.6667 -0.0437 0.7440
vn -0.5196 -0.0341 0.8537
vn -0.5108 -0.1016 0.8537
vn -0.8956 0.3040 0.3247
vn -0.9276 0.1845 0.3247
vn -0.9438 0.0619 0.3247
vn -0.4931 -0.1674 0.8537
vn -0.3666 -0.1244 0.9220
vn -0.3797 -0.0755 0.9220
vn -0.3863 -0.0253 0.9220
vn -0.3863 0.0253 0.9220
vn -0.5108 0.1016 0.8537
vn -0.4931 0.1674 0.8537
vn -0.4671 0.2303 0.8537
vn -0.3666 0.1244 0.9220
vn -0.3797 0.0755 0.9220
vn -0.8901 0.4389 0.1231
vn -0.8251 0.5513 0.1231
vn -0.7461 0.6543 0.1231
vn -0.6543 0.7461 0.1231
vn -0.7128 0.2420 0.6583
vn -0.6751 0.3329 0.6583
vn -0.6259 0.4182 0.6583
vn -0.5660 0.4963 0.6583
vn -0.4963 0.5660 0.6583
vn -0.4182 0.6259 0.6583
vn -0.3329 0.6751 0.6583
vn -0.2420 0.7128 0.6583
vn -0.1469 0.7383 0.6583
vn 0.6289 -0.1507 0.7627
vn 0.3946 0.4860 0.7798
vn 0.6880 -0.0978 0.7191
vn -0.0099 -0.0089 0.9999
vn -0.6587 0.0432 0.7512
vn -0.6478 0.1263 0.7513
vn -0.0071 0.0017 1.0000
vn 0.6355 -0.1235 0.7622
vn 0.6355 -0.1235 0.7621
vn 0.9815 -0.1911 0.0097
vn 0.9678 -0.2514 0.0098
vn 0.9732 -0.2298 -0.0112
vn 0.6461 0.0423 0.7621
vn 0.6461 -0.0423 0.7621
vn -0.0073 0.0005 1.0000
vn -0.0072 0.0005 1.0000
vn -0.6587 -0.0432 0.7512
vn -0.6478 -0.1263 0.7513
vn -0.0072 -0.0005 1.0000
vn -0.0073 -0.0005 1.0000
vn -0.0071 -0.0017 1.0000
vn -0.0099 0.0089 0.9999
vn 0.6880 0.0978 0.7191
vn 0.3946 -0.4860 0.7798
vn 0.3748 -0.4728 0.7975
vn 0.3709 -0.4750 0.7980
vn 0.3943 -0.4621 0.7944
vn 0.5092 -0.8564 0.0852
vn 0.5061 -0.8582 0.0858
vn 0.5366 -0.8399 0.0814
vn 0.5394 -0.8390 0.0714
vn 0.9732 0.2298 -0.0112
vn 0.6289 0.1507 0.7627
vn 0.6355 0.1235 0.7621
vn 0.6355 0.1235 0.7622
vn 0.9978 -0.0654 0.0097
vn 0.9978 0.0654 0.0097
vn 0.9815 0.1911 0.0097
vn 0.9678 0.2514 0.0098
vn 0.8454 -0.3401 0.4118
vn -0.1764 -0.7600 0.6256
vn -0.1476 -0.7386 0.6578
vn -0.2173 -0.6955 0.6849
vn -0.2174 -0.6955 0.6849
vn -0.2467 -0.6771 0.6933
vn -0.2468 -0.6771 0.6933
vn -0.2714 -0.6619 0.6987
vn -0.2907 -0.6503 0.7019
vn 0.1218 -0.1452 0.9819
vn 0.1648 -0.1704 0.9715
vn 0.1823 -0.1806 0.9665
vn 0.1846 -0.1648 0.9689
vn 0.3230 -0.1047 0.9406
vn 0.8380 -0.3343 0.4313
vn 0.8834 -0.1814 0.4321
vn 0.4678 0.4225 0.7763
vn 0.4538 0.4991 0.7382
vn -0.3228 0.1600 0.9328
vn 0.3202 -0.1032 0.9417
vn 0.3302 -0.0678 0.9415
vn 0.8998 -0.0590 0.4323
vn 0.8998 0.0590 0.4323
vn 0.3363 0.0220 0.9415
vn -0.8325 -0.3486 0.4306
vn -0.8834 -0.1814 0.4321
vn -0.3302 -0.0678 0.9415
vn -0.3363 -0.0220 0.9415
vn 0.3363 -0.0220 0.9415
vn -0.3302 0.0678 0.9415
vn -0.3061 0.1506 0.9400
vn -0.8998 -0.0590 0.4323
vn -0.3363 0.0220 0.9415
vn -0.8834 0.1814 0.4321
vn -0.8325 0.3486 0.4306
vn -0.8998 0.0590 0.4323
vn -0.8341 0.3497 0.4267
vn 0.5015 0.8608 0.0866
vn 0.5030 0.8597 0.0887
vn 0.5166 0.8522 0.0831
vn 0.5125 0.8545 0.0844
vn 0.5092 0.8564 0.0852
vn 0.5061 0.8582 0.0858
vn 0.5366 0.8399 0.0814
vn 0.5395 0.8390 0.0714
vn 0.3748 0.4728 0.7975
vn 0.3709 0.4750 0.7980
vn 0.3943 0.4621 0.7944
vn 0.4236 0.4461 0.7884
vn 0.4236 0.4460 0.7884
vn 0.4589 0.4271 0.7791
vn 0.4589 0.4270 0.7791
vn -0.6648 0.0417 0.7458
vn -0.0177 -0.0125 0.9998
vn 0.0265 -0.0965 0.9950
vn 0.0315 -0.0927 0.9952
vn 0.0577 -0.1078 0.9925
vn 0.0577 -0.1079 0.9925
vn 0.0860 -0.1243 0.9885
vn -0.3535 -0.6112 0.7082
vn -0.3677 -0.6195 0.6935
vn -0.6907 0.0304 0.7225
vn 0.1829 -0.0902 0.9790
vn 0.1931 -0.0656 0.9790
vn 0.1966 -0.0527 0.9791
vn 0.1966 -0.0526 0.9791
vn 0.2000 -0.0398 0.9790
vn 0.2035 -0.0133 0.9790
vn 0.1950 -0.0522 0.9794
vn 0.2019 0.0000 0.9794
vn 0.1398 0.0000 0.9902
vn 0.1398 -0.0092 0.9901
vn 0.1374 -0.0273 0.9901
vn 0.1351 -0.0362 0.9902
vn 0.1327 -0.0450 0.9901
vn 0.1257 -0.0620 0.9901
vn 0.1544 -0.0413 0.9871
vn 0.1544 -0.0414 0.9871
vn 0.1146 -0.0565 0.9918
vn 0.1210 -0.0411 0.9918
vn 0.1232 -0.0330 0.9918
vn 0.1253 -0.0249 0.9918
vn 0.1275 -0.0084 0.9918
vn 0.1128 -0.0302 0.9932
vn 0.1168 0.0000 0.9932
vn 0.0718 0.0000 0.9974
vn 0.0719 0.0000 0.9974
vn 0.0719 -0.0047 0.9974
vn 0.0706 -0.0141 0.9974
vn 0.0706 -0.0140 0.9974
vn 0.0694 -0.0186 0.9974
vn 0.0682 -0.0231 0.9974
vn 0.0646 -0.0318 0.9974
vn 0.1006 -0.0269 0.9946
vn 0.1257 0.0620 0.9901
vn 0.1327 0.0450 0.9901
vn 0.1350 0.0362 0.9902
vn 0.1351 0.0362 0.9902
vn 0.1374 0.0273 0.9901
vn 0.1398 0.0092 0.9901
vn 0.1544 0.0414 0.9871
vn 0.1950 0.0523 0.9794
vn 0.1598 0.0000 0.9871
vn 0.1275 0.0000 0.9918
vn 0.1275 0.0084 0.9918
vn 0.1253 0.0249 0.9918
vn 0.1232 0.0330 0.9918
vn 0.1210 0.0411 0.9918
vn 0.1146 0.0565 0.9918
vn 0.1128 0.0302 0.9932
vn 0.0646 0.0318 0.9974
vn 0.0682 0.0231 0.9974
vn 0.0694 0.0186 0.9974
vn 0.0706 0.0140 0.9974
vn 0.0719 0.0047 0.9974
vn 0.1006 0.0270 0.9946
vn 0.1041 0.0000 0.9946
vn 0.2035 0.0000 0.9791
vn 0.2035 0.0133 0.9790
vn 0.2000 0.0398 0.9790
vn 0.1966 0.0527 0.9791
vn 0.1931 0.0656 0.9790
vn 0.1829 0.0902 0.9790
vn -0.2259 -0.5587 0.7980
vn -0.2030 -0.5725 0.7944
vn -0.1745 -0.5899 0.7884
vn -0.1404 -0.6110 0.7791
vn -0.1320 -0.6164 0.7763
vn -0.4871 -0.8692 0.0852
vn -0.4837 -0.8711 0.0844
vn -0.4797 -0.8735 0.0831
vn -0.4931 -0.8655 0.0887
vn -0.4947 -0.8647 0.0866
vn -0.7195 0.5479 0.4267
vn -0.5988 0.6743 0.4321
vn -0.7185 0.5463 0.4306
vn -0.2835 0.1898 0.9400
vn -0.3000 0.1996 0.9328
vn -0.2053 -0.6426 0.7382
vn 0.2476 -0.0675 0.9665
vn 0.2299 -0.0575 0.9715
vn 0.1866 -0.0329 0.9819
vn -0.2238 0.2521 0.9415
vn 0.2522 -0.2273 0.9406
vn 0.2495 -0.2257 0.9417
vn 0.2238 -0.2521 0.9415
vn 0.1872 -0.2802 0.9415
vn -0.1872 0.2802 0.9415
vn -0.5010 0.7498 0.4323
vn 0.3988 -0.8087 0.4323
vn 0.5010 -0.7498 0.4323
vn 0.5988 -0.6743 0.4321
vn 0.7097 -0.5571 0.4312
vn 0.7165 -0.5640 0.4106
vn 0.5762 0.5233 0.6278
vn 0.4178 0.5769 0.7019
vn 0.4375 0.5660 0.6987
vn 0.4630 0.5523 0.6933
vn 0.4630 0.5522 0.6933
vn 0.4936 0.5360 0.6849
vn 0.4936 0.5359 0.6849
vn 0.5581 0.5015 0.6610
vn 0.2350 -0.0775 0.9689
vn 0.1506 -0.0123 0.9885
vn 0.1223 0.0039 0.9925
vn 0.0960 0.0191 0.9952
vn 0.0968 0.0253 0.9950
vn 0.0020 0.0216 0.9998
vn 0.0028 0.0130 0.9999
vn -0.0050 0.0053 1.0000
vn 0.4247 -0.4886 0.7622
vn 0.5555 -0.8314 0.0097
vn 0.6563 -0.7545 0.0097
vn 0.4247 -0.4886 0.7621
vn 0.4450 -0.4693 0.7627
vn 0.4286 -0.5469 0.7191
vn -0.2236 -0.5847 0.7798
vn -0.2221 -0.5610 0.7975
vn -0.4902 -0.8674 0.0858
vn 0.7016 -0.7125 0.0098
vn 0.6856 -0.7279 -0.0112
vn -0.4602 -0.8849 0.0715
vn -0.4558 -0.8864 0.0810
vn -0.7098 -0.1248 0.6933
vn -0.7090 -0.0959 0.6987
vn -0.7085 -0.0734 0.7019
vn -0.7085 -0.0734 0.7018
vn -0.7060 0.0005 0.7082
vn -0.7204 0.0087 0.6935
vn -0.3190 0.6134 0.7225
vn -0.7110 -0.1595 0.6849
vn -0.7097 -0.1249 0.6933
vn -0.0649 -0.1781 0.9819
vn -0.0647 -0.1366 0.9885
vn -0.0646 -0.1039 0.9925
vn -0.0645 -0.1039 0.9925
vn -0.0646 -0.0736 0.9952
vn -0.0703 -0.0711 0.9950
vn -0.0197 0.0091 0.9998
vn -0.2963 0.5966 0.7458
vn -0.2145 0.6242 0.7512
vn -0.2145 0.6241 0.7513
vn -0.2919 0.5920 0.7512
vn 0.5968 -0.0837 0.7980
vn 0.5969 -0.0882 0.7975
vn 0.6182 -0.0987 0.7798
vn 0.2593 -0.6447 0.7191
vn -0.0126 0.0041 0.9999
vn -0.0021 0.0070 1.0000
vn -0.0032 0.0065 1.0000
vn -0.3667 0.5488 0.7512
vn 0.9963 -0.0128 0.0852
vn 0.9963 -0.0092 0.0858
vn 0.9957 -0.0447 0.0814
vn 0.9963 -0.0477 0.0714
vn 0.2876 -0.9577 -0.0112
vn 0.1839 -0.6200 0.7627
vn 0.2108 -0.6121 0.7621
vn 0.2108 -0.6121 0.7622
vn 0.3597 -0.5384 0.7621
vn 0.4423 -0.8968 0.0097
vn 0.3252 -0.9456 0.0097
vn 0.2662 -0.9639 0.0098
vn 0.2864 -0.5807 0.7621
vn -0.0040 0.0060 1.0000
vn -0.4333 0.4978 0.7513
vn -0.4333 0.4979 0.7512
vn -0.3685 0.5549 0.7458
vn -0.3717 0.5830 0.7225
vn 0.3527 0.6282 0.6935
vn 0.3526 0.6117 0.7082
vn 0.9960 -0.0057 0.0887
vn 0.0708 -0.3321 0.9406
vn -0.0504 -0.2423 0.9689
vn -0.0653 -0.2482 0.9665
vn -0.0651 -0.2279 0.9715
vn 0.5993 -0.1839 0.7791
vn 0.9963 -0.0213 0.0831
vn 0.9963 -0.0166 0.0844
vn 0.1282 -0.9022 0.4119
vn -0.7413 -0.2374 0.6278
vn -0.7134 -0.2326 0.6610
vn -0.0648 -0.1781 0.9819
vn 0.5981 -0.1438 0.7884
vn 0.5973 -0.1104 0.7944
vn -0.3988 0.8087 0.4323
vn -0.1490 0.3022 0.9415
vn 0.1490 -0.3022 0.9415
vn 0.2846 -0.8557 0.4321
vn 0.1295 -0.8929 0.4313
vn 0.1064 -0.3199 0.9415
vn -0.1064 0.3199 0.9415
vn -0.0226 0.3404 0.9400
vn -0.2846 0.8557 0.4321
vn -0.1144 0.8953 0.4306
vn -0.1142 0.8971 0.4267
vn 0.9962 -0.0039 0.0866
vn 0.5998 -0.1938 0.7763
vn 0.6591 -0.1435 0.7382
vn -0.0229 0.3596 0.9328
vn 0.0708 -0.3289 0.9417
vn 0.3061 -0.1506 0.9400
vn 0.8341 -0.3497 0.4267
vn -0.5015 -0.8608 0.0866
vn -0.5030 -0.8597 0.0887
vn -0.4538 -0.4991 0.7382
vn -0.4678 -0.4225 0.7763
vn 0.3228 -0.1600 0.9328
vn -0.3202 0.1032 0.9417
vn -0.3230 0.1047 0.9406
vn -0.1846 0.1648 0.9689
vn -0.1823 0.1806 0.9665
vn -0.1648 0.1704 0.9715
vn -0.4589 -0.4270 0.7791
vn -0.4589 -0.4271 0.7791
vn -0.4236 -0.4460 0.7884
vn -0.4236 -0.4461 0.7884
vn -0.8380 0.3343 0.4313
vn -0.8454 0.3401 0.4118
vn 0.1764 0.7600 0.6256
vn 0.1476 0.7386 0.6578
vn 0.2173 0.6955 0.6849
vn 0.2174 0.6955 0.6849
vn 0.2467 0.6771 0.6933
vn -0.1218 0.1452 0.9819
vn -0.0860 0.1243 0.9885
vn -0.0577 0.1079 0.9925
vn -0.0577 0.1078 0.9925
vn -0.0315 0.0927 0.9952
vn -0.0265 0.0965 0.9950
vn 0.0177 0.0125 0.9998
vn 0.2468 0.6771 0.6933
vn 0.2714 0.6619 0.6987
vn 0.2907 0.6503 0.7019
vn 0.3535 0.6112 0.7082
vn 0.3677 0.6195 0.6935
vn 0.6907 -0.0304 0.7225
vn 0.6648 -0.0417 0.7458
vn 0.6478 -0.1263 0.7513
vn 0.6587 -0.0432 0.7512
vn 0.6587 0.0432 0.7512
vn 0.6478 0.1263 0.7513
vn 0.0071 0.0017 1.0000
vn -0.6355 -0.1235 0.7622
vn -0.6355 -0.1235 0.7621
vn 0.0099 -0.0089 0.9999
vn -0.3946 0.4860 0.7798
vn -0.6880 -0.0978 0.7191
vn -0.6289 -0.1507 0.7627
vn -0.9815 -0.1911 0.0097
vn -0.9678 -0.2514 0.0098
vn -0.9732 -0.2298 -0.0112
vn -0.5394 0.8390 0.0714
vn -0.3748 0.4728 0.7975
vn -0.3709 0.4750 0.7980
vn -0.3943 0.4621 0.7944
vn -0.5366 0.8399 0.0814
vn -0.5061 0.8582 0.0858
vn -0.5092 0.8564 0.0852
vn -0.5125 0.8545 0.0844
vn -0.5166 0.8522 0.0831
vn -0.5030 0.8597 0.0887
vn -0.4236 0.4461 0.7884
vn -0.4236 0.4460 0.7884
vn -0.4589 0.4271 0.7791
vn -0.4589 0.4270 0.7791
vn -0.4678 0.4225 0.7763
vn -0.4538 0.4991 0.7382
vn 0.3228 0.1600 0.9328
vn -0.3202 -0.1032 0.9417
vn -0.8380 -0.3343 0.4313
vn -0.3229 -0.1047 0.9406
vn -0.1846 -0.1648 0.9689
vn -0.1823 -0.1806 0.9665
vn -0.1648 -0.1704 0.9715
vn -0.1218 -0.1452 0.9819
vn -0.0860 -0.1243 0.9885
vn 0.2173 -0.6955 0.6849
vn 0.1476 -0.7386 0.6578
vn 0.1764 -0.7599 0.6256
vn -0.8454 -0.3401 0.4118
vn 0.6907 0.0304 0.7225
vn 0.3677 -0.6195 0.6935
vn 0.3535 -0.6112 0.7082
vn 0.2907 -0.6503 0.7019
vn 0.2714 -0.6619 0.6987
vn 0.2468 -0.6771 0.6933
vn 0.2174 -0.6955 0.6849
vn -0.0577 -0.1079 0.9925
vn -0.0577 -0.1078 0.9925
vn -0.0315 -0.0927 0.9952
vn -0.0265 -0.0965 0.9950
vn 0.0177 -0.0125 0.9998
vn 0.6648 0.0417 0.7458
vn 0.6478 0.1263 0.7512
vn 0.4931 0.8655 0.0887
vn 0.4947 0.8647 0.0866
vn 0.7196 -0.5479 0.4266
vn 0.7185 -0.5463 0.4306
vn 0.2835 -0.1898 0.9400
vn 0.3000 -0.1996 0.9328
vn 0.2053 0.6425 0.7382
vn 0.1320 0.6164 0.7763
vn -0.2495 0.2257 0.9417
vn -0.2522 0.2273 0.9406
vn -0.2350 0.0775 0.9689
vn -0.2476 0.0675 0.9665
vn -0.2299 0.0575 0.9715
vn 0.1404 0.6110 0.7791
vn -0.7097 0.5571 0.4312
vn -0.7165 0.5640 0.4106
vn -0.5762 -0.5233 0.6278
vn -0.5581 -0.5015 0.6610
vn -0.4936 -0.5359 0.6849
vn -0.1866 0.0329 0.9819
vn 0.1745 0.5899 0.7884
vn 0.2030 0.5725 0.7944
vn 0.2259 0.5587 0.7980
vn 0.4602 0.8849 0.0715
vn 0.4558 0.8864 0.0810
vn 0.4902 0.8674 0.0858
vn 0.4871 0.8692 0.0852
vn 0.4837 0.8711 0.0844
vn 0.4797 0.8735 0.0831
vn -0.4450 0.4693 0.7627
vn 0.3667 -0.5488 0.7512
vn 0.4333 -0.4978 0.7513
vn 0.0050 -0.0053 1.0000
vn -0.4247 0.4886 0.7622
vn -0.4247 0.4886 0.7621
vn -0.6563 0.7545 0.0097
vn -0.7016 0.7125 0.0098
vn -0.6856 0.7279 -0.0112
vn 0.4333 -0.4979 0.7512
vn 0.2221 0.5610 0.7975
vn 0.2236 0.5847 0.7798
vn -0.4286 0.5469 0.7191
vn -0.0028 -0.0130 0.9999
vn -0.0020 -0.0216 0.9998
vn 0.3685 -0.5549 0.7458
vn 0.3717 -0.5830 0.7225
vn -0.3527 -0.6282 0.6935
vn -0.3526 -0.6117 0.7082
vn -0.4178 -0.5769 0.7019
vn -0.0968 -0.0253 0.9950
vn -0.0960 -0.0191 0.9952
vn -0.1223 -0.0039 0.9925
vn -0.1506 0.0123 0.9885
vn -0.4375 -0.5660 0.6987
vn -0.4630 -0.5523 0.6933
vn -0.4630 -0.5522 0.6933
vn -0.4936 -0.5360 0.6849
vn -0.1006 0.0269 0.9946
vn -0.0646 0.0318 0.9974
vn -0.0682 0.0231 0.9974
vn -0.0694 0.0186 0.9974
vn -0.0706 0.0140 0.9974
vn -0.0706 0.0141 0.9974
vn -0.0719 0.0047 0.9974
vn -0.1128 0.0302 0.9932
vn -0.1041 -0.0000 0.9946
vn -0.1168 -0.0000 0.9932
vn -0.0719 -0.0000 0.9974
vn -0.0718 -0.0000 0.9974
vn -0.0718 -0.0047 0.9974
vn -0.0719 -0.0047 0.9974
vn -0.0706 -0.0140 0.9974
vn -0.0694 -0.0186 0.9974
vn -0.0682 -0.0231 0.9974
vn -0.0646 -0.0318 0.9974
vn -0.1128 -0.0302 0.9932
vn -0.1006 -0.0270 0.9946
vn -0.1275 -0.0000 0.9918
vn -0.1275 -0.0084 0.9918
vn -0.1253 -0.0249 0.9918
vn -0.1232 -0.0330 0.9918
vn -0.1210 -0.0411 0.9918
vn -0.1146 -0.0565 0.9918
vn -0.1544 -0.0414 0.9871
vn -0.1398 -0.0000 0.9902
vn -0.1398 -0.0092 0.9901
vn -0.1374 -0.0273 0.9901
vn -0.1351 -0.0362 0.9902
vn -0.1350 -0.0362 0.9902
vn -0.1327 -0.0450 0.9901
vn -0.1257 -0.0620 0.9901
vn -0.1950 -0.0523 0.9794
vn -0.2035 -0.0000 0.9791
vn -0.2035 -0.0133 0.9790
vn -0.2000 -0.0398 0.9790
vn -0.1966 -0.0527 0.9791
vn -0.1931 -0.0656 0.9790
vn -0.1829 -0.0902 0.9790
vn -0.1950 0.0522 0.9794
vn -0.1829 0.0902 0.9790
vn -0.1931 0.0656 0.9790
vn -0.1966 0.0527 0.9791
vn -0.1966 0.0526 0.9791
vn -0.2000 0.0398 0.9790
vn -0.2035 0.0133 0.9790
vn -0.2019 -0.0000 0.9794
vn -0.1257 0.0620 0.9901
vn -0.1327 0.0450 0.9901
vn -0.1351 0.0362 0.9902
vn -0.1374 0.0273 0.9901
vn -0.1398 0.0092 0.9901
vn -0.1544 0.0413 0.9871
vn -0.1544 0.0414 0.9871
vn -0.1598 -0.0000 0.9871
vn -0.1146 0.0565 0.9918
vn -0.1210 0.0411 0.9918
vn -0.1232 0.0330 0.9918
vn -0.1253 0.0249 0.9918
vn -0.1275 0.0084 0.9918
vn 0.6543 0.7461 -0.1231
vn 0.6543 0.7461 0.1231
vn 0.5513 0.8251 0.1231
vn 0.4389 0.8901 0.1231
vn 0.3190 0.9397 0.1231
vn 0.1936 0.9733 0.1231
vn 0.4182 0.6259 0.6583
vn 0.3329 0.6751 0.6583
vn 0.2420 0.7128 0.6583
vn 0.1469 0.7383 0.6583
vn 0.0492 0.7512 0.6583
vn 0.0649 0.9903 0.1231
vn 0.0649 0.9903 -0.1231
vn 0.0492 0.7512 -0.6583
vn 0.1469 0.7383 -0.6583
vn 0.2420 0.7128 -0.6583
vn 0.1936 0.9733 -0.1231
vn 0.3190 0.9397 -0.1231
vn 0.4389 0.8901 -0.1231
vn 0.5513 0.8251 -0.1231
vn 0.3329 0.6751 -0.6583
vn 0.4182 0.6259 -0.6583
vn 0.4963 0.5660 -0.6583
vn 0.7461 0.6543 -0.1231
vn 0.8251 0.5513 -0.1231
vn 0.7128 0.2420 -0.6583
vn 0.6751 0.3329 -0.6583
vn 0.6259 0.4182 -0.6583
vn 0.5660 0.4963 -0.6583
vn 0.1144 0.8953 0.4306
vn -0.9963 -0.0213 0.0831
vn -0.9960 -0.0057 0.0887
vn -0.9962 -0.0039 0.0866
vn 0.1142 0.8971 0.4267
vn 0.0226 0.3404 0.9400
vn 0.0229 0.3596 0.9328
vn -0.0708 -0.3289 0.9417
vn -0.0708 -0.3320 0.9406
vn 0.0504 -0.2423 0.9689
vn -0.5998 -0.1938 0.7763
vn -0.6591 -0.1435 0.7382
vn 0.0653 -0.2482 0.9665
vn 0.0651 -0.2279 0.9715
vn -0.5993 -0.1839 0.7791
vn -0.1295 -0.8929 0.4313
vn -0.1282 -0.9022 0.4118
vn 0.7413 -0.2374 0.6278
vn -0.5762 0.5233 0.6278
vn -0.7165 -0.5640 0.4106
vn -0.7097 -0.5571 0.4312
vn 0.7185 0.5463 0.4306
vn 0.2835 0.1898 0.9400
vn 0.3000 0.1996 0.9328
vn 0.2053 -0.6426 0.7382
vn -0.2476 -0.0675 0.9665
vn -0.2299 -0.0575 0.9715
vn -0.1866 -0.0329 0.9819
vn 0.7195 0.5479 0.4266
vn 0.4947 -0.8647 0.0866
vn 0.1320 -0.6164 0.7763
vn 0.1404 -0.6110 0.7791
vn 0.1745 -0.5899 0.7884
vn 0.2030 -0.5725 0.7944
vn 0.2259 -0.5587 0.7980
vn 0.4931 -0.8655 0.0887
vn 0.4798 -0.8735 0.0831
vn 0.4797 -0.8735 0.0831
vn 0.4837 -0.8711 0.0844
vn 0.4838 -0.8711 0.0844
vn 0.4871 -0.8692 0.0852
vn 0.4902 -0.8674 0.0858
vn 0.2221 -0.5610 0.7975
vn 0.4558 -0.8864 0.0810
vn 0.4602 -0.8849 0.0715
vn -0.6856 -0.7279 -0.0112
vn -0.7016 -0.7125 0.0098
vn -0.6563 -0.7545 0.0097
vn -0.1506 -0.0123 0.9885
vn -0.1223 0.0039 0.9925
vn -0.0960 0.0191 0.9952
vn 0.2236 -0.5847 0.7798
vn -0.4286 -0.5469 0.7191
vn -0.4450 -0.4693 0.7627
vn -0.4247 -0.4886 0.7621
vn -0.3597 -0.5384 0.7621
vn -0.4247 -0.4886 0.7622
vn 0.0050 0.0053 1.0000
vn -0.0028 0.0130 0.9999
vn -0.0020 0.0216 0.9998
vn -0.0968 0.0253 0.9950
vn -0.3526 0.6117 0.7082
vn -0.4178 0.5769 0.7019
vn 0.0040 0.0060 1.0000
vn 0.0032 0.0065 1.0000
vn -0.3527 0.6282 0.6935
vn 0.3717 0.5830 0.7225
vn 0.3685 0.5549 0.7458
vn 0.4333 0.4979 0.7512
vn 0.4333 0.4978 0.7513
vn 0.3667 0.5488 0.7512
vn 0.2919 0.5920 0.7512
vn 0.2145 0.6242 0.7513
vn 0.0021 0.0070 1.0000
vn 0.0126 0.0041 0.9999
vn -0.2593 -0.6447 0.7191
vn -0.6182 -0.0987 0.7798
vn -0.5969 -0.0882 0.7975
vn -0.5968 -0.0837 0.7980
vn -0.5973 -0.1104 0.7944
vn -0.9963 -0.0092 0.0858
vn -0.9957 -0.0447 0.0814
vn -0.9963 -0.0477 0.0714
vn -0.2876 -0.9577 -0.0112
vn -0.1839 -0.6200 0.7627
vn -0.2108 -0.6121 0.7621
vn -0.2108 -0.6121 0.7622
vn -0.2864 -0.5807 0.7621
vn -0.5555 -0.8314 0.0097
vn -0.4423 -0.8968 0.0097
vn -0.3252 -0.9456 0.0097
vn -0.2662 -0.9639 0.0098
vn 0.0647 -0.1366 0.9885
vn 0.0648 -0.1781 0.9819
vn 0.7097 -0.1249 0.6933
vn 0.7110 -0.1595 0.6849
vn 0.7134 -0.2326 0.6610
vn -0.5981 -0.1438 0.7884
vn -0.9963 -0.0166 0.0844
vn -0.9963 -0.0128 0.0852
vn -0.2173 0.6955 0.6849
vn -0.1476 0.7386 0.6578
vn -0.1764 0.7600 0.6256
vn 0.8454 0.3401 0.4118
vn 0.1218 0.1452 0.9819
vn 0.1648 0.1704 0.9715
vn 0.1823 0.1806 0.9665
vn 0.1846 0.1648 0.9689
vn 0.3229 0.1047 0.9406
vn 0.8380 0.3343 0.4313
vn 0.8834 0.1814 0.4321
vn 0.4236 -0.4461 0.7884
vn 0.4236 -0.4460 0.7884
vn 0.4589 -0.4271 0.7791
vn 0.4589 -0.4270 0.7791
vn 0.4678 -0.4225 0.7763
vn 0.4538 -0.4991 0.7382
vn -0.3228 -0.1600 0.9328
vn 0.3202 0.1032 0.9417
vn 0.3302 0.0678 0.9415
vn -0.3061 -0.1506 0.9400
vn -0.8341 -0.3497 0.4267
vn 0.5015 -0.8608 0.0866
vn 0.5030 -0.8597 0.0887
vn 0.5166 -0.8522 0.0831
vn 0.5125 -0.8545 0.0844
vn -0.1696 -0.1133 0.9790
vn -0.1533 -0.1345 0.9790
vn -0.1439 -0.1439 0.9791
vn -0.1345 -0.1533 0.9790
vn -0.1133 -0.1696 0.9790
vn -0.1427 -0.1428 0.9794
vn -0.1428 -0.1428 0.9794
vn -0.1009 -0.1749 0.9794
vn -0.0699 -0.1211 0.9902
vn -0.0778 -0.1165 0.9901
vn -0.0924 -0.1053 0.9901
vn -0.0988 -0.0989 0.9902
vn -0.0989 -0.0989 0.9902
vn -0.1053 -0.0924 0.9901
vn -0.1165 -0.0778 0.9901
vn -0.1130 -0.1131 0.9871
vn -0.1130 -0.1130 0.9871
vn -0.1063 -0.0710 0.9918
vn -0.0961 -0.0843 0.9918
vn -0.0902 -0.0902 0.9918
vn -0.0901 -0.0902 0.9918
vn -0.0843 -0.0961 0.9918
vn -0.0710 -0.1063 0.9918
vn -0.0826 -0.0826 0.9932
vn -0.0584 -0.1011 0.9932
vn -0.0584 -0.1012 0.9932
vn -0.0359 -0.0622 0.9974
vn -0.0400 -0.0599 0.9974
vn -0.0475 -0.0541 0.9974
vn -0.0508 -0.0508 0.9974
vn -0.0541 -0.0475 0.9974
vn -0.0599 -0.0400 0.9974
vn -0.0736 -0.0736 0.9946
vn -0.0092 -0.1398 0.9901
vn -0.0273 -0.1374 0.9901
vn -0.0362 -0.1351 0.9902
vn -0.0450 -0.1327 0.9901
vn -0.0620 -0.1257 0.9901
vn -0.0414 -0.1544 0.9871
vn -0.0413 -0.1544 0.9871
vn -0.0522 -0.1950 0.9794
vn -0.0799 -0.1384 0.9871
vn -0.0638 -0.1104 0.9918
vn -0.0637 -0.1104 0.9918
vn -0.0565 -0.1146 0.9918
vn -0.0411 -0.1210 0.9918
vn -0.0330 -0.1232 0.9918
vn -0.0249 -0.1253 0.9918
vn -0.0084 -0.1275 0.9918
vn -0.0302 -0.1128 0.9932
vn -0.0047 -0.0718 0.9974
vn -0.0140 -0.0706 0.9974
vn -0.0186 -0.0694 0.9974
vn -0.0231 -0.0682 0.9974
vn -0.0319 -0.0646 0.9974
vn -0.0318 -0.0646 0.9974
vn -0.0269 -0.1006 0.9946
vn -0.0520 -0.0902 0.9946
vn -0.6907 -0.0304 0.7225
vn -0.3677 0.6195 0.6935
vn -0.3535 0.6112 0.7082
vn -0.2907 0.6503 0.7019
vn -0.2714 0.6619 0.6987
vn -0.2468 0.6771 0.6933
vn -0.2174 0.6955 0.6849
vn -0.6478 -0.1263 0.7512
vn -0.6648 -0.0417 0.7458
vn -0.0177 0.0125 0.9998
vn 0.0265 0.0965 0.9950
vn 0.0315 0.0927 0.9952
vn 0.0577 0.1078 0.9925
vn 0.0577 0.1079 0.9925
vn 0.0860 0.1243 0.9885
vn 0.0521 -0.0902 0.9946
vn 0.0359 -0.0622 0.9974
vn 0.0318 -0.0646 0.9974
vn 0.0319 -0.0646 0.9974
vn 0.0231 -0.0682 0.9974
vn 0.0186 -0.0694 0.9974
vn 0.0270 -0.1006 0.9946
vn 0.0584 -0.1011 0.9932
vn 0.0047 -0.0718 0.9974
vn 0.0140 -0.0706 0.9974
vn 0.0302 -0.1128 0.9932
vn 0.0638 -0.1104 0.9918
vn 0.0565 -0.1146 0.9918
vn 0.0411 -0.1210 0.9918
vn 0.0330 -0.1232 0.9918
vn 0.0249 -0.1253 0.9918
vn 0.0084 -0.1275 0.9918
vn 0.0414 -0.1544 0.9871
vn 0.0092 -0.1398 0.9901
vn 0.0273 -0.1374 0.9901
vn 0.0362 -0.1351 0.9902
vn 0.0362 -0.1350 0.9902
vn 0.0450 -0.1327 0.9901
vn 0.0620 -0.1257 0.9901
vn 0.0523 -0.1950 0.9794
vn 0.0799 -0.1384 0.9871
vn 0.0133 -0.2035 0.9790
vn 0.0398 -0.2000 0.9790
vn 0.0527 -0.1966 0.9791
vn 0.0656 -0.1931 0.9790
vn 0.0902 -0.1829 0.9790
vn 0.1010 -0.1748 0.9794
vn 0.1010 -0.1749 0.9794
vn 0.1018 -0.1763 0.9791
vn 0.1018 -0.1762 0.9791
vn 0.1133 -0.1696 0.9790
vn 0.1345 -0.1533 0.9790
vn 0.1439 -0.1439 0.9791
vn 0.1533 -0.1345 0.9790
vn 0.1696 -0.1133 0.9790
vn 0.1428 -0.1427 0.9794
vn 0.1428 -0.1428 0.9794
vn 0.0699 -0.1211 0.9902
vn 0.0778 -0.1165 0.9901
vn 0.0924 -0.1053 0.9901
vn 0.0989 -0.0989 0.9902
vn 0.0989 -0.0988 0.9902
vn 0.1053 -0.0924 0.9901
vn 0.1165 -0.0778 0.9901
vn 0.1131 -0.1130 0.9871
vn 0.1130 -0.1130 0.9871
vn 0.1063 -0.0710 0.9918
vn 0.1062 -0.0710 0.9918
vn 0.0961 -0.0843 0.9918
vn 0.0902 -0.0902 0.9918
vn 0.0843 -0.0961 0.9918
vn 0.0710 -0.1063 0.9918
vn 0.0826 -0.0826 0.9932
vn 0.0599 -0.0400 0.9974
vn 0.0541 -0.0475 0.9974
vn 0.0508 -0.0508 0.9974
vn 0.0475 -0.0541 0.9974
vn 0.0400 -0.0599 0.9974
vn 0.0736 -0.0736 0.9946
vn 0.8325 0.3486 0.4306
vn 0.3362 -0.0220 0.9415
vn -0.5015 0.8608 0.0866
vn 0.8341 0.3497 0.4267
vn 0.3061 0.1506 0.9400
vn -0.3362 0.0220 0.9415
vn 0.8325 -0.3486 0.4306
vn -0.9678 0.2514 0.0098
vn -0.9815 0.1911 0.0097
vn -0.9978 0.0654 0.0097
vn -0.6461 0.0423 0.7621
vn -0.9732 0.2298 -0.0112
vn -0.6289 0.1507 0.7627
vn -0.6355 0.1235 0.7621
vn -0.6355 0.1235 0.7622
vn 0.0073 -0.0005 1.0000
vn 0.0072 0.0005 1.0000
vn -0.6461 -0.0423 0.7621
vn -0.9978 -0.0654 0.0097
vn -0.3943 -0.4621 0.7944
vn -0.3709 -0.4750 0.7980
vn -0.3748 -0.4728 0.7975
vn -0.3946 -0.4860 0.7798
vn -0.6880 0.0978 0.7191
vn 0.0099 0.0089 0.9999
vn 0.0071 -0.0017 1.0000
vn -0.5166 -0.8522 0.0831
vn -0.5125 -0.8545 0.0844
vn -0.5092 -0.8564 0.0852
vn -0.5061 -0.8582 0.0858
vn -0.5366 -0.8399 0.0814
vn -0.5395 -0.8390 0.0714
vn 0.3190 0.6134 0.7225
vn 0.7204 0.0087 0.6935
vn 0.7060 0.0005 0.7082
vn 0.7085 -0.0734 0.7018
vn 0.7085 -0.0734 0.7019
vn 0.7090 -0.0959 0.6987
vn 0.2145 0.6242 0.7512
vn 0.2963 0.5966 0.7458
vn 0.0197 0.0091 0.9998
vn 0.0703 -0.0711 0.9950
vn 0.0646 -0.0736 0.9952
vn 0.0645 -0.1039 0.9925
vn 0.0646 -0.1039 0.9925
vn 0.7098 -0.1248 0.6933
vn 0.0021 -0.0070 1.0000
vn 0.0032 -0.0065 1.0000
vn 0.0040 -0.0060 1.0000
vn 0.0645 0.0736 0.9952
vn 0.0703 0.0711 0.9950
vn 0.0197 -0.0091 0.9998
vn 0.0126 -0.0041 0.9999
vn -0.2108 0.6121 0.7622
vn -0.2864 0.5807 0.7621
vn -0.3597 0.5384 0.7621
vn -0.5555 0.8314 0.0097
vn -0.2662 0.9639 0.0098
vn -0.3252 0.9456 0.0097
vn -0.4423 0.8968 0.0097
vn -0.6182 0.0987 0.7798
vn -0.2593 0.6447 0.7191
vn -0.1839 0.6200 0.7627
vn -0.2108 0.6121 0.7621
vn -0.9963 0.0213 0.0831
vn -0.9963 0.0166 0.0844
vn -0.5981 0.1438 0.7884
vn -0.5973 0.1104 0.7944
vn -0.5968 0.0837 0.7980
vn -0.5969 0.0882 0.7975
vn -0.9963 0.0477 0.0714
vn -0.2876 0.9577 -0.0112
vn -0.9963 0.0128 0.0852
vn -0.9963 0.0092 0.0858
vn -0.9957 0.0447 0.0814
vn -0.9960 0.0057 0.0887
vn -0.5993 0.1839 0.7791
vn 0.0649 0.1781 0.9819
vn 0.0648 0.1781 0.9819
vn 0.0647 0.1366 0.9885
vn 0.0645 0.1039 0.9925
vn 0.0651 0.2279 0.9715
vn 0.7110 0.1595 0.6849
vn 0.7098 0.1249 0.6933
vn 0.7098 0.1248 0.6933
vn 0.7090 0.0959 0.6987
vn 0.7085 0.0734 0.7019
vn -0.0708 0.3289 0.9417
vn -0.0708 0.3320 0.9406
vn 0.0504 0.2423 0.9689
vn 0.7134 0.2326 0.6610
vn 0.7413 0.2374 0.6278
vn -0.1282 0.9022 0.4118
vn -0.1295 0.8929 0.4313
vn 0.0226 -0.3404 0.9400
vn 0.0229 -0.3596 0.9328
vn -0.6591 0.1435 0.7382
vn 0.0653 0.2482 0.9665
vn 0.1144 -0.8953 0.4306
vn 0.1142 -0.8971 0.4267
vn -0.9962 0.0039 0.0866
vn -0.5998 0.1938 0.7763
vn -0.4375 0.5660 0.6987
vn -0.4630 0.5523 0.6933
vn -0.4630 0.5522 0.6933
vn -0.4936 0.5360 0.6849
vn -0.4936 0.5359 0.6849
vn -0.5581 0.5015 0.6610
vn -0.2350 -0.0775 0.9689
vn -0.2522 -0.2273 0.9406
vn -0.2495 -0.2257 0.9417
vn -0.1018 -0.1763 0.9791
vn -0.1017 -0.1763 0.9791
vn -0.0902 -0.1829 0.9790
vn -0.0656 -0.1931 0.9790
vn -0.0527 -0.1966 0.9791
vn -0.0526 -0.1966 0.9791
vn -0.0398 -0.2000 0.9790
vn -0.0133 -0.2035 0.9790
vn 0.7085 0.0734 0.7018
vn 0.7060 -0.0005 0.7082
vn 0.7204 -0.0087 0.6935
vn 0.3190 -0.6134 0.7225
vn 0.2963 -0.5966 0.7458
vn 0.2145 -0.6242 0.7512
vn 0.2145 -0.6241 0.7513
vn 0.2919 -0.5920 0.7512
vn -0.0270 0.1006 0.9946
vn -0.0047 0.0718 0.9974
vn -0.0140 0.0706 0.9974
vn -0.0186 0.0694 0.9974
vn -0.0231 0.0682 0.9974
vn -0.0319 0.0646 0.9974
vn -0.0318 0.0646 0.9974
vn -0.0302 0.1128 0.9932
vn -0.0521 0.0902 0.9946
vn -0.0084 0.1275 0.9918
vn -0.0249 0.1253 0.9918
vn -0.0330 0.1232 0.9918
vn -0.0411 0.1210 0.9918
vn -0.0565 0.1146 0.9918
vn -0.0414 0.1544 0.9871
vn -0.0584 0.1011 0.9932
vn -0.0092 0.1398 0.9901
vn -0.0273 0.1374 0.9901
vn -0.0362 0.1351 0.9902
vn -0.0362 0.1350 0.9902
vn -0.0450 0.1327 0.9901
vn -0.0620 0.1257 0.9901
vn -0.0523 0.1950 0.9794
vn -0.0799 0.1384 0.9871
vn -0.0133 0.2035 0.9790
vn -0.0398 0.2000 0.9790
vn -0.0527 0.1966 0.9791
vn -0.0656 0.1931 0.9790
vn -0.0902 0.1829 0.9790
vn -0.1010 0.1749 0.9794
vn -0.1010 0.1748 0.9794
vn -0.1018 0.1763 0.9791
vn -0.1018 0.1762 0.9791
vn -0.1133 0.1696 0.9790
vn -0.1345 0.1533 0.9790
vn -0.1439 0.1439 0.9791
vn -0.1533 0.1345 0.9790
vn -0.1696 0.1133 0.9790
vn -0.1428 0.1428 0.9794
vn -0.1428 0.1427 0.9794
vn -0.0699 0.1211 0.9902
vn -0.0778 0.1165 0.9901
vn -0.0924 0.1053 0.9901
vn -0.0989 0.0989 0.9902
vn -0.0989 0.0988 0.9902
vn -0.1053 0.0924 0.9901
vn -0.1165 0.0778 0.9901
vn -0.1130 0.1130 0.9871
vn -0.1131 0.1130 0.9871
vn -0.0638 0.1104 0.9918
vn -0.0710 0.1063 0.9918
vn -0.0843 0.0961 0.9918
vn -0.0902 0.0902 0.9918
vn -0.0902 0.0901 0.9918
vn -0.0961 0.0843 0.9918
vn -0.1063 0.0710 0.9918
vn -0.0826 0.0826 0.9932
vn -0.0359 0.0622 0.9974
vn -0.0400 0.0599 0.9974
vn -0.0475 0.0541 0.9974
vn -0.0508 0.0508 0.9974
vn -0.0541 0.0475 0.9974
vn -0.0599 0.0400 0.9974
vn -0.0736 0.0736 0.9946
vn 0.7518 0.6593 -0.0000
vn 0.6593 0.7518 0.0000
vn 0.5556 0.8315 0.0000
vn 0.4423 0.8969 -0.0000
vn 0.3214 0.9469 -0.0000
vn 0.8315 0.5556 0.0000
vn 0.9979 -0.0654 -0.0000
vn 0.9979 0.0654 0.0000
vn 0.9808 0.1951 0.0000
vn 0.9469 0.3214 0.0000
vn 0.8969 0.4423 0.0000
vn 0.8315 -0.5556 0.0000
vn 0.9469 -0.3214 0.0000
vn 0.9808 -0.1951 0.0000
vn 0.8969 -0.4423 0.0000
vn 0.3214 -0.9469 0.0000
vn 0.4423 -0.8969 0.0000
vn 0.5556 -0.8315 0.0000
vn 0.6593 -0.7518 0.0000
vn 0.7518 -0.6593 0.0000
vn -0.9808 0.1951 -0.0000
vn -0.9469 0.3214 -0.0000
vn -0.8969 0.4423 0.0000
vn -0.8315 0.5556 -0.0000
vn -0.7518 0.6593 0.0000
vn -0.6593 0.7518 -0.0000
vn -0.5556 0.8315 0.0000
vn -0.1951 0.9808 0.0000
vn -0.3214 0.9469 0.0000
vn -0.4423 0.8969 0.0000
vn 0.1951 0.9808 0.0000
vn 0.0654 0.9979 0.0000
vn -0.0654 0.9979 0.0000
vn -0.5556 -0.8315 0.0000
vn -0.6593 -0.7518 0.0000
vn -0.7518 -0.6593 -0.0000
vn -0.8315 -0.5556 0.0000
vn -0.4423 -0.8969 0.0000
vn -0.8969 -0.4423 0.0000
vn -0.9979 0.0654 0.0000
vn -0.9979 -0.0654 -0.0000
vn -0.9808 -0.1951 0.0000
vn -0.9469 -0.3214 -0.0000
vn -0.3214 -0.9469 0.0000
vn -0.1951 -0.9808 -0.0000
vn -0.0654 -0.9979 0.0000
vn 0.0654 -0.9979 0.0000
vn 0.1951 -0.9808 0.0000
vn -0.1121 0.7014 0.7039
vn -0.1443 0.7253 0.6731
vn -0.2377 0.7003 0.6731
vn -0.3271 0.6633 0.6731
vn -0.4109 0.6149 0.6731
vn -0.4876 0.5560 0.6731
vn 0.9366 -0.0355 0.3486
vn 0.9368 -0.0498 0.3464
vn 0.9379 -0.0475 0.3437
vn 0.9382 -0.0643 0.3402
vn 0.9394 -0.0611 0.3372
vn 0.9399 -0.0820 0.3315
vn 0.9414 -0.0773 0.3282
vn 0.9421 -0.1028 0.3191
vn 0.9430 -0.0983 0.3179
vn -0.0483 0.7373 0.6739
vn 0.5344 -0.7997 0.2737
vn 0.4254 -0.8626 0.2737
vn 0.3092 -0.9108 0.2737
vn 0.1897 -0.9429 0.2737
vn 0.1876 -0.9431 0.2744
vn 0.9385 -0.0210 0.3447
vn 0.9351 -0.0077 0.3544
vn 0.9356 -0.0374 0.3511
vn 0.5409 -0.7750 0.3269
vn 0.5569 -0.7663 0.3204
vn 0.5597 -0.7664 0.3151
vn -0.6627 -0.3268 0.6739
vn -0.6635 -0.2536 0.7039
vn -0.7003 -0.2377 0.6731
vn -0.7253 -0.1443 0.6731
vn -0.7380 -0.0484 0.6731
vn -0.7380 0.0484 0.6731
vn -0.7253 0.1443 0.6731
vn -0.7003 0.2377 0.6731
vn -0.6635 0.2536 0.7039
vn -0.6627 0.3268 0.6739
vn 0.5597 0.7664 0.3151
vn 0.5569 0.7663 0.3204
vn 0.5409 0.7750 0.3269
vn 0.5378 0.7747 0.3325
vn 0.5249 0.7818 0.3365
vn 0.5225 0.7816 0.3407
vn 0.5118 0.7875 0.3433
vn 0.5098 0.7873 0.3467
vn 0.5005 0.7926 0.3484
vn 0.4988 0.7924 0.3513
vn 0.4742 0.8060 0.3544
vn 0.4874 0.8022 0.3447
vn 0.9106 -0.3091 0.2744
vn 0.9114 -0.3072 0.2737
vn 0.9433 -0.1876 0.2737
vn 0.9598 -0.0629 0.2737
vn 0.9598 0.0629 0.2737
vn 0.9433 0.1876 0.2737
vn 0.9114 0.3072 0.2737
vn 0.9106 0.3091 0.2744
vn 0.4874 -0.8022 0.3447
vn 0.4742 -0.8060 0.3544
vn 0.4988 -0.7924 0.3513
vn 0.5005 -0.7926 0.3484
vn 0.5098 -0.7873 0.3467
vn 0.5118 -0.7875 0.3433
vn 0.5225 -0.7816 0.3407
vn 0.5249 -0.7818 0.3365
vn 0.5378 -0.7747 0.3325
vn -0.9598 -0.0629 0.2737
vn -0.9598 0.0629 0.2737
vn -0.9433 0.1876 0.2737
vn -0.9114 0.3073 0.2737
vn -0.9105 0.3093 0.2744
vn -0.4922 -0.7995 0.3443
vn -0.4793 -0.8032 0.3537
vn -0.4988 -0.7924 0.3513
vn -0.5005 -0.7926 0.3484
vn -0.5098 -0.7873 0.3467
vn -0.5118 -0.7876 0.3433
vn -0.5225 -0.7816 0.3407
vn -0.5249 -0.7818 0.3365
vn -0.5378 -0.7748 0.3325
vn -0.5408 -0.7750 0.3269
vn -0.5568 -0.7663 0.3204
vn -0.5597 -0.7664 0.3151
vn 0.6627 -0.3268 0.6739
vn 0.6632 -0.2537 0.7041
vn 0.7003 -0.2377 0.6731
vn 0.7253 -0.1443 0.6731
vn 0.7380 -0.0484 0.6731
vn 0.7380 0.0484 0.6731
vn 0.7253 0.1443 0.6731
vn 0.7003 0.2377 0.6731
vn 0.6632 0.2537 0.7041
vn 0.6627 0.3268 0.6739
vn -0.5597 0.7664 0.3151
vn -0.5568 0.7663 0.3204
vn -0.5408 0.7750 0.3269
vn -0.5378 0.7748 0.3325
vn -0.5249 0.7818 0.3365
vn -0.5225 0.7816 0.3407
vn -0.5118 0.7876 0.3433
vn -0.5098 0.7873 0.3467
vn -0.5005 0.7926 0.3484
vn -0.4988 0.7924 0.3513
vn -0.4793 0.8032 0.3537
vn -0.4922 0.7995 0.3443
vn -0.9105 -0.3093 0.2744
vn -0.9114 -0.3073 0.2737
vn -0.9433 -0.1876 0.2737
vn 0.4252 -0.8362 0.3464
vn 0.4375 -0.8289 0.3486
vn 0.4354 -0.8290 0.3511
vn 0.4490 -0.8209 0.3529
vn 0.4640 -0.8171 0.3420
vn -0.7230 -0.6340 0.2744
vn -0.7218 -0.6357 0.2737
vn -0.6342 -0.7231 0.2737
vn -0.5344 -0.7997 0.2737
vn -0.4254 -0.8626 0.2737
vn -0.3092 -0.9108 0.2737
vn -0.1895 -0.9429 0.2737
vn -0.1874 -0.9432 0.2744
vn -0.9385 -0.0266 0.3443
vn -0.9353 -0.0135 0.3537
vn -0.9356 -0.0374 0.3511
vn -0.9366 -0.0355 0.3486
vn -0.9368 -0.0498 0.3464
vn -0.9379 -0.0475 0.3437
vn -0.9382 -0.0643 0.3402
vn -0.9394 -0.0611 0.3372
vn -0.9399 -0.0820 0.3315
vn -0.9414 -0.0773 0.3282
vn -0.9421 -0.1027 0.3191
vn -0.9430 -0.0983 0.3179
vn 0.0483 0.7373 0.6739
vn 0.1119 0.7012 0.7041
vn 0.1443 0.7253 0.6731
vn 0.2377 0.7003 0.6731
vn 0.3271 0.6633 0.6731
vn 0.4109 0.6149 0.6731
vn 0.4876 0.5560 0.6731
vn 0.5560 0.4876 0.6731
vn 0.5514 0.4478 0.7039
vn 0.6143 0.4105 0.6739
vn 0.3864 -0.8658 0.3179
vn 0.3821 -0.8673 0.3191
vn 0.4038 -0.8540 0.3282
vn 0.3989 -0.8550 0.3315
vn 0.4168 -0.8441 0.3372
vn 0.4134 -0.8446 0.3402
vn 0.4278 -0.8359 0.3437
vn 0.4963 0.5660 0.6583
vn 0.5660 0.4963 0.6583
vn 0.6259 0.4182 0.6583
vn 0.6751 0.3329 0.6583
vn 0.7128 0.2420 0.6583
vn 0.9397 0.3190 0.1231
vn 0.8901 0.4389 0.1231
vn 0.8251 0.5513 0.1231
vn 0.7461 0.6543 0.1231
vn 0.5552 -0.2968 0.7770
vn 0.6024 -0.1827 0.7770
vn 0.6024 -0.1828 0.7770
vn 0.1281 -0.0389 0.9910
vn 0.1181 -0.0631 0.9910
vn 0.1035 -0.0849 0.9910
vn 0.0849 -0.1035 0.9910
vn 0.0919 -0.0091 0.9957
vn 0.0884 -0.0268 0.9957
vn 0.0814 -0.0435 0.9957
vn 0.0714 -0.0586 0.9957
vn 0.0586 -0.0714 0.9957
vn -0.4252 -0.8362 0.3464
vn -0.4375 -0.8289 0.3486
vn -0.4354 -0.8290 0.3511
vn -0.4450 -0.8233 0.3523
vn -0.4597 -0.8197 0.3417
vn 0.7232 -0.6338 0.2744
vn 0.7219 -0.6355 0.2737
vn 0.6342 -0.7231 0.2737
vn -0.5560 0.4876 0.6731
vn -0.5513 0.4475 0.7041
vn -0.6143 0.4105 0.6739
vn -0.3864 -0.8658 0.3179
vn -0.3821 -0.8673 0.3191
vn -0.4038 -0.8540 0.3282
vn -0.3990 -0.8549 0.3315
vn -0.4168 -0.8441 0.3372
vn -0.4134 -0.8446 0.3402
vn -0.4278 -0.8359 0.3437
vn 0.0583 -0.0390 0.9975
vn 0.0845 -0.0564 0.9948
vn 0.1140 -0.0761 0.9906
vn 0.1486 -0.0993 0.9839
vn 0.1911 -0.1277 0.9732
vn 0.2655 -0.1309 0.9552
vn 0.2061 -0.1016 0.9732
vn 0.1602 -0.0790 0.9839
vn 0.1229 -0.0606 0.9906
vn 0.0911 -0.0449 0.9948
vn 0.0629 -0.0310 0.9975
vn 0.0365 -0.0417 0.9985
vn 0.0417 -0.0365 0.9985
vn 0.0461 -0.0308 0.9985
vn 0.0497 -0.0245 0.9985
vn 0.0525 -0.0178 0.9985
vn 0.0108 -0.0543 0.9985
vn 0.0178 -0.0525 0.9985
vn 0.0245 -0.0497 0.9985
vn 0.0308 -0.0461 0.9985
vn 0.1040 -0.0137 0.9945
vn 0.1040 0.0137 0.9945
vn 0.0969 0.0402 0.9945
vn 0.0832 0.0639 0.9945
vn 0.0639 0.0832 0.9945
vn 0.0402 0.0969 0.9945
vn 0.0137 0.1040 0.9945
vn -0.0137 0.1040 0.9945
vn -0.0402 0.0969 0.9945
vn -0.0639 0.0832 0.9945
vn -0.0832 0.0639 0.9945
vn -0.0969 0.0402 0.9945
vn -0.1040 0.0137 0.9945
vn -0.1040 -0.0137 0.9945
vn -0.0969 -0.0402 0.9945
vn -0.0832 -0.0639 0.9945
vn -0.0639 -0.0832 0.9945
vn -0.0402 -0.0969 0.9945
vn -0.0137 -0.1040 0.9945
vn 0.0137 -0.1040 0.9945
vn 0.0402 -0.0969 0.9945
vn 0.0639 -0.0832 0.9945
vn 0.0832 -0.0639 0.9945
vn 0.0969 -0.0402 0.9945
vn -0.0525 -0.0178 0.9985
vn -0.0543 -0.0108 0.9985
vn -0.0553 -0.0036 0.9985
vn -0.0553 0.0036 0.9985
vn -0.1469 -0.7383 -0.6583
vn -0.2420 -0.7128 -0.6583
vn -0.3329 -0.6751 -0.6583
vn -0.4182 -0.6259 -0.6583
vn 0.3472 0.1712 0.9220
vn 0.2461 0.1645 0.9552
vn 0.1911 0.1277 0.9732
vn 0.0365 0.0417 0.9985
vn 0.0308 0.0461 0.9985
vn 0.0245 0.0497 0.9985
vn 0.0178 0.0525 0.9985
usemtl pskmat0.001
s off
f 1369/1/1 1371/2/1 1419/3/1
f 1420/4/1 1419/3/1 1371/2/1
f 1371/2/2 1374/5/2 1420/4/2
f 1378/6/3 1376/7/3 1377/8/3
f 1375/9/4 1377/8/4 1376/7/4
f 1376/7/5 1374/5/5 1375/9/5
f 1373/10/5 1375/9/5 1374/5/5
f 1374/5/6 1371/2/6 1373/10/6
f 1370/11/6 1373/10/6 1371/2/6
f 1371/2/7 1369/1/7 1370/11/7
f 1372/12/7 1370/11/7 1369/1/7
f 2024/13/8 2070/14/8 2026/15/8
f 2070/14/9 2024/13/9 1419/3/9
f 1369/1/9 1419/3/9 2024/13/9
f 1369/1/10 2024/13/10 2025/16/10
f 2025/16/10 1372/12/10 1369/1/10
f 1372/12/11 2025/16/11 1444/17/11
f 1372/12/12 1444/17/12 1370/11/12
f 1445/18/12 1370/11/12 1444/17/12
f 1370/11/13 1445/18/13 1373/10/13
f 1446/19/13 1373/10/13 1445/18/13
f 1445/18/14 1470/20/14 1446/19/14
f 1470/20/15 1445/18/15 1469/21/15
f 1444/17/15 1469/21/15 1445/18/15
f 1444/17/16 2093/22/16 1469/21/16
f 2116/23/16 1469/21/16 2093/22/16
f 2093/22/17 2094/24/17 2116/23/17
f 2117/25/17 2116/23/17 2094/24/17
f 2094/24/18 2095/26/18 2117/25/18
f 2118/27/18 2117/25/18 2095/26/18
f 2095/26/19 2096/28/19 2118/27/19
f 2093/22/11 1444/17/11 2025/16/11
f 2025/16/20 2027/29/20 2093/22/20
f 2094/24/20 2093/22/20 2027/29/20
f 2027/29/21 2029/30/21 2094/24/21
f 2095/26/21 2094/24/21 2029/30/21
f 2029/30/22 2031/31/22 2095/26/22
f 2096/28/23 2095/26/23 2031/31/23
f 2031/31/24 2033/32/24 2096/28/24
f 2097/33/24 2096/28/24 2033/32/24
f 2033/32/25 2035/34/25 2097/33/25
f 2032/35/26 2034/36/26 2035/34/26
f 2035/34/26 2033/32/26 2032/35/26
f 2030/37/27 2032/35/27 2033/32/27
f 2033/32/27 2031/31/27 2030/37/27
f 2028/38/28 2030/37/28 2031/31/28
f 2031/31/29 2029/30/29 2028/38/29
f 2026/15/30 2028/38/30 2029/30/30
f 2029/30/30 2027/29/30 2026/15/30
f 2024/13/31 2026/15/31 2027/29/31
f 2027/29/31 2025/16/31 2024/13/31
f 2034/36/32 2075/39/32 2036/40/32
f 2075/39/33 2034/36/33 2074/41/33
f 2032/35/33 2074/41/33 2034/36/33
f 2074/41/34 2032/35/34 2073/42/34
f 2030/37/34 2073/42/34 2032/35/34
f 2073/42/35 2030/37/35 2072/43/35
f 2028/38/35 2072/43/35 2030/37/35
f 2072/43/36 2028/38/36 2071/44/36
f 2026/15/36 2071/44/36 2028/38/36
f 2071/44/8 2026/15/8 2070/14/8
f 2045/45/37 2043/46/37 2044/47/37
f 2042/48/37 2044/47/37 2043/46/37
f 2043/46/38 2041/49/38 2042/48/38
f 2040/50/38 2042/48/38 2041/49/38
f 2041/49/39 2039/51/39 2040/50/39
f 2038/52/39 2040/50/39 2039/51/39
f 2039/51/40 2037/53/40 2038/52/40
f 2036/40/40 2038/52/40 2037/53/40
f 2037/53/41 2035/34/41 2036/40/41
f 2034/36/41 2036/40/41 2035/34/41
f 2080/54/42 2081/55/42 2044/47/42
f 2044/47/43 2042/48/43 2080/54/43
f 2079/56/43 2080/54/43 2042/48/43
f 2042/48/44 2040/50/44 2079/56/44
f 2078/57/44 2079/56/44 2040/50/44
f 2040/50/45 2038/52/45 2078/57/45
f 2077/58/45 2078/57/45 2038/52/45
f 2077/58/46 2038/52/46 2076/59/46
f 2036/40/46 2076/59/46 2038/52/46
f 2076/59/32 2036/40/32 2075/39/32
f 188/60/47 183/61/47 187/62/47
f 186/63/48 191/64/48 187/62/48
f 192/65/49 187/62/49 191/64/49
f 187/62/50 192/65/50 188/60/50
f 192/65/51 193/66/51 188/60/51
f 159/67/52 166/68/52 161/69/52
f 167/70/53 161/69/53 166/68/53
f 166/68/54 171/71/54 167/70/54
f 172/72/54 167/70/54 171/71/54
f 171/71/55 177/73/55 172/72/55
f 177/73/56 178/74/56 172/72/56
f 178/74/57 177/73/57 183/61/57
f 182/75/57 183/61/57 177/73/57
f 182/75/58 187/62/58 183/61/58
f 182/75/59 181/76/59 187/62/59
f 187/62/59 181/76/59 186/63/59
f 180/77/60 186/63/60 181/76/60
f 186/63/61 180/77/61 185/78/61
f 169/79/62 174/80/62 170/81/62
f 175/82/62 170/81/62 174/80/62
f 174/80/63 179/83/63 175/82/63
f 180/77/63 175/82/63 179/83/63
f 179/83/64 184/84/64 180/77/64
f 185/78/64 180/77/64 184/84/64
f 184/84/65 189/85/65 185/78/65
f 190/86/66 185/78/66 189/85/66
f 185/78/67 190/86/67 186/63/67
f 191/64/68 186/63/68 190/86/68
f 176/87/69 170/81/69 175/82/69
f 166/68/70 159/67/70 165/88/70
f 165/88/71 170/81/71 166/68/71
f 171/71/72 166/68/72 170/81/72
f 170/81/69 176/87/69 171/71/69
f 177/73/55 171/71/55 176/87/55
f 176/87/73 182/75/73 177/73/73
f 182/75/73 176/87/73 181/76/73
f 175/82/74 181/76/74 176/87/74
f 181/76/74 175/82/74 180/77/74
f 144/89/75 145/90/75 149/91/75
f 150/92/75 149/91/75 145/90/75
f 149/91/76 150/92/76 154/93/76
f 155/94/76 154/93/76 150/92/76
f 154/93/77 155/94/77 159/67/77
f 160/95/78 159/67/78 155/94/78
f 159/67/79 160/95/79 165/88/79
f 160/95/80 164/96/80 165/88/80
f 164/96/81 169/79/81 165/88/81
f 170/81/81 165/88/81 169/79/81
f 142/97/82 143/98/82 138/99/82
f 142/97/83 147/100/83 143/98/83
f 147/100/84 142/97/84 146/101/84
f 146/101/85 151/102/85 147/100/85
f 146/101/86 144/89/86 151/102/86
f 149/91/86 151/102/86 144/89/86
f 151/102/87 149/91/87 156/103/87
f 154/93/87 156/103/87 149/91/87
f 154/93/88 159/67/88 156/103/88
f 161/69/89 156/103/89 159/67/89
f 132/104/90 133/105/90 127/106/90
f 133/105/91 132/104/91 138/99/91
f 137/107/92 138/99/92 132/104/92
f 137/107/93 142/97/93 138/99/93
f 142/97/94 137/107/94 141/108/94
f 141/108/84 146/101/84 142/97/84
f 141/108/95 139/109/95 146/101/95
f 144/89/95 146/101/95 139/109/95
f 139/109/96 140/110/96 144/89/96
f 145/90/97 144/89/97 140/110/97
f 125/111/98 129/112/98 126/113/98
f 131/114/99 126/113/99 129/112/99
f 126/113/100 131/114/100 127/106/100
f 132/104/101 127/106/101 131/114/101
f 131/114/102 137/107/102 132/104/102
f 136/115/103 137/107/103 131/114/103
f 136/115/94 141/108/94 137/107/94
f 136/115/104 134/116/104 141/108/104
f 139/109/104 141/108/104 134/116/104
f 134/116/105 135/117/105 139/109/105
f 140/110/105 139/109/105 135/117/105
f 135/117/106 134/116/106 130/118/106
f 129/112/107 124/119/107 130/118/107
f 129/112/108 130/118/108 134/116/108
f 134/116/109 136/115/109 129/112/109
f 129/112/110 136/115/110 131/114/110
f 225/120/111 224/121/111 219/122/111
f 225/120/112 109/123/112 224/121/112
f 111/124/112 224/121/112 109/123/112
f 111/124/113 109/123/113 110/125/113
f 110/125/113 112/126/113 111/124/113
f 110/125/114 119/127/114 112/126/114
f 120/128/114 112/126/114 119/127/114
f 119/127/115 124/119/115 120/128/115
f 125/111/115 120/128/115 124/119/115
f 124/119/116 129/112/116 125/111/116
f 111/124/117 114/129/117 224/121/117
f 111/124/118 113/130/118 114/129/118
f 113/130/118 111/124/118 112/126/118
f 112/126/119 120/128/119 113/130/119
f 121/131/119 113/130/119 120/128/119
f 120/128/120 125/111/120 121/131/120
f 126/113/120 121/131/120 125/111/120
f 121/131/121 126/113/121 122/132/121
f 127/106/121 122/132/121 126/113/121
f 115/133/122 114/129/122 113/130/122
f 113/130/123 121/131/123 115/133/123
f 122/132/123 115/133/123 121/131/123
f 226/134/117 224/121/117 114/129/117
f 114/129/124 116/135/124 226/134/124
f 114/129/122 115/133/122 116/135/122
f 116/135/125 115/133/125 117/136/125
f 118/137/125 117/136/125 115/133/125
f 118/137/126 115/133/126 122/132/126
f 122/132/126 123/138/126 118/137/126
f 123/138/127 122/132/127 127/106/127
f 127/106/127 128/139/127 123/138/127
f 128/139/128 127/106/128 133/105/128
f 116/135/129 117/136/129 228/140/129
f 228/140/129 227/141/129 116/135/129
f 227/141/124 226/134/124 116/135/124
f 226/134/130 227/141/130 221/142/130
f 220/143/131 226/134/131 221/142/131
f 221/142/132 216/144/132 220/143/132
f 215/145/133 220/143/133 216/144/133
f 216/144/134 211/146/134 215/145/134
f 210/147/134 215/145/134 211/146/134
f 211/146/135 206/148/135 210/147/135
f 222/149/136 223/150/136 218/151/136
f 223/150/137 222/149/137 228/140/137
f 227/141/138 228/140/138 222/149/138
f 221/142/139 227/141/139 222/149/139
f 222/149/140 217/152/140 221/142/140
f 216/144/141 221/142/141 217/152/141
f 216/144/142 217/152/142 211/146/142
f 212/153/142 211/146/142 217/152/142
f 211/146/143 212/153/143 206/148/143
f 207/154/143 206/148/143 212/153/143
f 198/155/144 197/156/144 203/157/144
f 202/158/144 203/157/144 197/156/144
f 203/157/145 202/158/145 208/159/145
f 207/154/145 208/159/145 202/158/145
f 208/159/146 207/154/146 213/160/146
f 212/153/147 213/160/147 207/154/147
f 213/160/148 212/153/148 218/151/148
f 217/152/148 218/151/148 212/153/148
f 218/151/149 217/152/149 222/149/149
f 206/148/150 207/154/150 201/161/150
f 202/158/150 201/161/150 207/154/150
f 201/161/151 202/158/151 196/162/151
f 197/156/152 196/162/152 202/158/152
f 205/163/135 210/147/135 206/148/135
f 206/148/153 201/161/153 205/163/153
f 200/164/153 205/163/153 201/161/153
f 201/161/154 196/162/154 200/164/154
f 194/165/154 200/164/154 196/162/154
f 193/66/155 192/65/155 198/155/155
f 197/156/156 198/155/156 192/65/156
f 191/64/157 197/156/157 192/65/157
f 196/162/158 197/156/158 191/64/158
f 190/86/159 196/162/159 191/64/159
f 194/165/160 196/162/160 190/86/160
f 190/86/161 189/85/161 194/165/161
f 195/166/162 194/165/162 189/85/162
f 195/166/163 199/167/163 194/165/163
f 200/164/163 194/165/163 199/167/163
f 199/167/164 204/168/164 200/164/164
f 205/163/164 200/164/164 204/168/164
f 204/168/165 209/169/165 205/163/165
f 210/147/165 205/163/165 209/169/165
f 209/169/166 214/170/166 210/147/166
f 215/145/166 210/147/166 214/170/166
f 214/170/167 219/122/167 215/145/167
f 220/143/168 215/145/168 219/122/168
f 219/122/169 224/121/169 220/143/169
f 224/121/170 226/134/170 220/143/170
f 3552/171/171 3520/172/171 3551/173/171
f 3415/174/172 3414/175/172 3413/176/172
f 3414/175/173 3415/174/173 3520/172/173
f 3520/172/174 3519/177/174 3414/175/174
f 3520/172/175 3552/171/175 3519/177/175
f 3555/178/176 3519/177/176 3552/171/176
f 3555/178/177 3550/179/177 3519/177/177
f 3538/180/178 3519/177/178 3550/179/178
f 3550/179/179 3548/181/179 3538/180/179
f 3537/182/180 3538/180/180 3548/181/180
f 3537/182/181 3548/181/181 3536/183/181
f 3538/180/182 3410/184/182 3519/177/182
f 3516/185/183 3519/177/183 3410/184/183
f 3516/185/184 3414/175/184 3519/177/184
f 3414/175/185 3516/185/185 3412/186/185
f 3414/175/172 3412/186/172 3413/176/172
f 3537/182/186 3409/187/186 3538/180/186
f 3410/184/187 3538/180/187 3409/187/187
f 3409/187/188 3406/188/188 3410/184/188
f 3411/189/188 3410/184/188 3406/188/188
f 3410/184/189 3411/189/189 3516/185/189
f 3422/190/189 3516/185/189 3411/189/189
f 3422/190/185 3412/186/185 3516/185/185
f 3412/186/190 3422/190/190 3423/191/190
f 3424/192/191 3423/191/191 3422/190/191
f 3424/192/192 3422/190/192 3425/193/192
f 3422/190/193 3411/189/193 3425/193/193
f 3537/182/194 3536/183/194 3409/187/194
f 3407/194/195 3409/187/195 3536/183/195
f 3409/187/196 3407/194/196 3406/188/196
f 3408/195/196 3406/188/196 3407/194/196
f 3517/196/197 3408/195/197 3407/194/197
f 3517/196/197 3437/197/197 3408/195/197
f 3517/196/198 3405/198/198 3437/197/198
f 3437/197/199 3405/198/199 3439/199/199
f 3439/199/200 3438/200/200 3437/197/200
f 3438/200/201 3436/201/201 3437/197/201
f 3408/195/202 3437/197/202 3436/201/202
f 3536/183/203 3535/202/203 3407/194/203
f 3517/196/204 3407/194/204 3535/202/204
f 3535/202/205 3404/203/205 3517/196/205
f 3405/198/198 3517/196/198 3404/203/198
f 3405/198/206 3404/203/206 3402/204/206
f 3400/205/206 3402/204/206 3404/203/206
f 3534/206/207 3400/205/207 3404/203/207
f 3400/205/208 3534/206/208 3533/207/208
f 3404/203/209 3535/202/209 3534/206/209
f 3549/208/210 3536/183/210 3548/181/210
f 3549/208/211 3535/202/211 3536/183/211
f 3556/209/212 3535/202/212 3549/208/212
f 3556/209/213 3547/210/213 3535/202/213
f 3534/206/214 3535/202/214 3547/210/214
f 3547/210/215 3545/211/215 3534/206/215
f 3545/211/216 3533/207/216 3534/206/216
f 3533/207/217 3545/211/217 3532/212/217
f 3533/207/218 3532/212/218 3400/205/218
f 3401/213/219 3400/205/219 3532/212/219
f 3532/212/220 3531/214/220 3401/213/220
f 3532/212/221 3546/215/221 3531/214/221
f 3546/215/222 3532/212/222 3545/211/222
f 3557/216/223 3544/217/223 3531/214/223
f 3557/216/224 3531/214/224 3546/215/224
f 3402/204/225 3400/205/225 3401/213/225
f 3402/204/225 3401/213/225 3403/218/225
f 3401/213/226 3518/219/226 3403/218/226
f 3518/219/227 3401/213/227 3531/214/227
f 3518/219/228 3531/214/228 3398/220/228
f 3530/221/229 3398/220/229 3531/214/229
f 3530/221/230 3531/214/230 3544/217/230
f 3544/217/231 3542/222/231 3530/221/231
f 3434/223/232 3433/224/232 3435/225/232
f 3434/223/233 3432/226/233 3433/224/233
f 3403/218/234 3433/224/234 3432/226/234
f 3433/224/226 3403/218/226 3518/219/226
f 3433/224/235 3518/219/235 3399/227/235
f 3398/220/235 3399/227/235 3518/219/235
f 3399/227/236 3398/220/236 3394/228/236
f 3397/229/236 3394/228/236 3398/220/236
f 3530/221/237 3397/229/237 3398/220/237
f 3529/230/238 3397/229/238 3530/221/238
f 3399/227/239 3435/225/239 3433/224/239
f 3397/229/240 3395/231/240 3394/228/240
f 3396/232/240 3394/228/240 3395/231/240
f 3395/231/241 3420/233/241 3396/232/241
f 3421/234/241 3396/232/241 3420/233/241
f 3420/233/242 3393/235/242 3421/234/242
f 3421/234/243 3393/235/243 3431/236/243
f 3431/236/244 3430/237/244 3421/234/244
f 3430/237/245 3429/238/245 3421/234/245
f 3396/232/246 3421/234/246 3429/238/246
f 3393/235/247 3392/239/247 3388/240/247
f 3393/235/242 3420/233/242 3392/239/242
f 3420/233/248 3527/241/248 3392/239/248
f 3420/233/249 3395/231/249 3527/241/249
f 3528/242/250 3527/241/250 3395/231/250
f 3395/231/251 3397/229/251 3528/242/251
f 3529/230/252 3528/242/252 3397/229/252
f 3529/230/253 3530/221/253 3542/222/253
f 3542/222/254 3528/242/254 3529/230/254
f 3543/243/255 3528/242/255 3542/222/255
f 3543/243/256 3527/241/256 3528/242/256
f 3527/241/257 3543/243/257 3558/244/257
f 3558/244/258 3541/245/258 3527/241/258
f 3526/246/259 3527/241/259 3541/245/259
f 3392/239/260 3527/241/260 3526/246/260
f 3392/239/261 3526/246/261 3389/247/261
f 3389/247/247 3388/240/247 3392/239/247
f 3526/246/262 3541/245/262 3539/248/262
f 3419/249/263 3390/250/263 3523/251/263
f 3524/252/264 3523/251/264 3390/250/264
f 3524/252/265 3540/253/265 3523/251/265
f 3540/253/266 3524/252/266 3539/248/266
f 3525/254/267 3539/248/267 3524/252/267
f 3526/246/268 3539/248/268 3525/254/268
f 3525/254/269 3389/247/269 3526/246/269
f 3525/254/270 3524/252/270 3389/247/270
f 3390/250/271 3389/247/271 3524/252/271
f 3554/255/272 3523/251/272 3540/253/272
f 3554/255/273 3553/256/273 3523/251/273
f 3419/249/274 3418/257/274 3390/250/274
f 3416/258/275 3418/257/275 3419/249/275
f 3523/251/276 3416/258/276 3419/249/276
f 3416/258/277 3523/251/277 3522/259/277
f 3522/259/278 3523/251/278 3553/256/278
f 3553/256/279 3551/173/279 3522/259/279
f 3551/173/280 3521/260/280 3522/259/280
f 3521/260/281 3551/173/281 3520/172/281
f 3521/260/282 3520/172/282 3415/174/282
f 3415/174/283 3522/259/283 3521/260/283
f 3522/259/284 3415/174/284 3416/258/284
f 3390/250/285 3388/240/285 3389/247/285
f 3391/261/285 3388/240/285 3390/250/285
f 3391/261/274 3390/250/274 3418/257/274
f 3391/261/286 3418/257/286 3426/262/286
f 3427/263/287 3426/262/287 3418/257/287
f 3428/264/288 3427/263/288 3418/257/288
f 3417/265/289 3428/264/289 3418/257/289
f 3416/258/275 3417/265/275 3418/257/275
f 3417/265/290 3416/258/290 3413/176/290
f 3415/174/290 3413/176/290 3416/258/290
f 152/266/291 153/267/291 148/268/291
f 152/266/292 157/269/292 153/267/292
f 157/269/292 158/270/292 153/267/292
f 157/269/293 162/271/293 158/270/293
f 162/271/294 163/272/294 158/270/294
f 163/272/295 162/271/295 168/273/295
f 147/100/296 148/268/296 143/98/296
f 147/100/291 152/266/291 148/268/291
f 152/266/85 147/100/85 151/102/85
f 151/102/297 156/103/297 152/266/297
f 157/269/297 152/266/297 156/103/297
f 156/103/298 161/69/298 157/269/298
f 162/271/299 157/269/299 161/69/299
f 161/69/300 167/70/300 162/271/300
f 167/70/301 168/273/301 162/271/301
f 168/273/302 167/70/302 173/274/302
f 172/72/303 173/274/303 167/70/303
f 173/274/56 172/72/56 178/74/56
f 3511/275/304 3493/276/304 3487/277/304
f 3488/278/305 3485/279/305 3486/280/305
f 3487/277/306 3485/279/306 3488/278/306
f 3485/279/307 3487/277/307 3443/281/307
f 3443/281/308 3487/277/308 3458/282/308
f 3458/282/309 3487/277/309 3493/276/309
f 3493/276/310 3457/283/310 3458/282/310
f 3493/276/311 3492/284/311 3457/283/311
f 3492/284/312 3491/285/312 3457/283/312
f 3456/286/313 3457/283/313 3491/285/313
f 3457/283/314 3456/286/314 3441/287/314
f 3442/288/315 3441/287/315 3456/286/315
f 3442/288/316 3440/289/316 3441/287/316
f 3458/282/317 3457/283/317 3441/287/317
f 3441/287/318 3443/281/318 3458/282/318
f 3441/287/316 3440/289/316 3443/281/316
f 3440/289/316 3485/279/316 3443/281/316
f 3440/289/316 3445/290/316 3485/279/316
f 3485/279/319 3445/290/319 3486/280/319
f 3445/290/320 3459/291/320 3486/280/320
f 3486/280/321 3459/291/321 3510/292/321
f 3494/293/322 3510/292/322 3459/291/322
f 3459/291/323 3460/294/323 3494/293/323
f 3445/290/316 3440/289/316 3444/295/316
f 3445/290/324 3444/295/324 3459/291/324
f 3460/294/325 3459/291/325 3444/295/325
f 3444/295/326 3446/296/326 3460/294/326
f 3461/297/327 3460/294/327 3446/296/327
f 3444/295/316 3440/289/316 3446/296/316
f 3495/298/328 3494/293/328 3460/294/328
f 3460/294/329 3461/297/329 3495/298/329
f 3496/299/330 3495/298/330 3461/297/330
f 3461/297/331 3513/300/331 3496/299/331
f 3513/300/332 3461/297/332 3490/301/332
f 3446/296/333 3490/301/333 3461/297/333
f 3483/302/334 3490/301/334 3446/296/334
f 3440/289/316 3483/302/316 3446/296/316
f 3440/289/316 3448/303/316 3483/302/316
f 3448/303/316 3440/289/316 3447/304/316
f 3483/302/335 3448/303/335 3484/305/335
f 3484/305/336 3489/306/336 3483/302/336
f 3490/301/337 3483/302/337 3489/306/337
f 3451/307/316 3440/289/316 3450/308/316
f 3466/309/338 3451/307/338 3465/310/338
f 3450/308/339 3465/310/339 3451/307/339
f 3501/311/340 3466/309/340 3500/312/340
f 3501/311/341 3514/313/341 3466/309/341
f 3480/314/342 3466/309/342 3514/313/342
f 3451/307/343 3466/309/343 3480/314/343
f 3451/307/344 3480/314/344 3479/315/344
f 3440/289/316 3451/307/316 3479/315/316
f 3440/289/316 3479/315/316 3449/316/316
f 3447/304/316 3440/289/316 3449/316/316
f 3447/304/345 3449/316/345 3462/317/345
f 3447/304/346 3462/317/346 3448/303/346
f 3448/303/347 3462/317/347 3463/318/347
f 3448/303/348 3463/318/348 3484/305/348
f 3484/305/349 3463/318/349 3512/319/349
f 3498/320/350 3512/319/350 3463/318/350
f 3463/318/351 3497/321/351 3498/320/351
f 3462/317/352 3497/321/352 3463/318/352
f 3462/317/353 3464/322/353 3497/321/353
f 3464/322/354 3462/317/354 3449/316/354
f 3449/316/355 3481/323/355 3464/322/355
f 3479/315/356 3481/323/356 3449/316/356
f 3482/324/357 3481/323/357 3479/315/357
f 3482/324/358 3479/315/358 3480/314/358
f 3499/325/359 3497/321/359 3464/322/359
f 3464/322/360 3515/326/360 3499/325/360
f 3481/323/361 3515/326/361 3464/322/361
f 7/327/362 107/328/362 6/329/362
f 108/330/362 6/329/362 107/328/362
f 4/331/363 2/332/363 1/333/363
f 3/334/363 1/333/363 2/332/363
f 2/332/364 5/335/364 3/334/364
f 6/329/364 3/334/364 5/335/364
f 5/335/365 10/336/365 6/329/365
f 7/327/365 6/329/365 10/336/365
f 10/336/366 8/337/366 7/327/366
f 9/338/366 7/327/366 8/337/366
f 8/337/367 11/339/367 9/338/367
f 12/340/367 9/338/367 11/339/367
f 31/341/368 10/336/368 30/342/368
f 5/335/368 30/342/368 10/336/368
f 13/343/369 105/344/369 12/340/369
f 106/345/369 12/340/369 105/344/369
f 37/346/370 16/347/370 36/348/370
f 11/339/371 36/348/371 16/347/371
f 11/339/372 16/347/372 12/340/372
f 13/343/372 12/340/372 16/347/372
f 16/347/373 14/349/373 13/343/373
f 15/350/374 13/343/374 14/349/374
f 14/349/375 17/351/375 15/350/375
f 18/352/375 15/350/375 17/351/375
f 17/351/376 21/353/376 18/352/376
f 20/354/376 18/352/376 21/353/376
f 21/353/377 19/355/377 20/354/377
f 22/356/377 20/354/377 19/355/377
f 22/356/378 19/355/378 24/357/378
f 24/357/378 19/355/378 23/358/378
f 44/359/379 21/353/379 42/360/379
f 17/351/379 42/360/379 21/353/379
f 20/354/380 103/361/380 18/352/380
f 104/362/380 18/352/380 103/361/380
f 35/363/381 40/364/381 36/348/381
f 37/346/382 36/348/382 40/364/382
f 40/364/383 38/365/383 37/346/383
f 39/366/383 37/346/383 38/365/383
f 38/365/384 41/367/384 39/366/384
f 42/360/384 39/366/384 41/367/384
f 41/367/385 45/368/385 42/360/385
f 44/359/385 42/360/385 45/368/385
f 45/368/386 43/369/386 44/359/386
f 46/370/386 44/359/386 43/369/386
f 46/370/387 43/369/387 48/371/387
f 48/371/387 43/369/387 47/372/387
f 68/373/388 45/368/388 66/374/388
f 41/367/389 66/374/389 45/368/389
f 59/375/390 64/376/390 60/377/390
f 61/378/390 60/377/390 64/376/390
f 64/376/391 62/379/391 61/378/391
f 63/380/391 61/378/391 62/379/391
f 62/379/392 65/381/392 63/380/392
f 66/374/392 63/380/392 65/381/392
f 65/381/393 69/382/393 66/374/393
f 68/373/393 66/374/393 69/382/393
f 69/382/394 67/383/394 68/373/394
f 70/384/394 68/373/394 67/383/394
f 70/384/395 67/383/395 72/385/395
f 72/385/395 67/383/395 71/386/395
f 91/387/396 69/382/396 90/388/396
f 65/381/396 90/388/396 69/382/396
f 83/389/397 88/390/397 84/391/397
f 85/392/398 84/391/398 88/390/398
f 88/390/399 86/393/399 85/392/399
f 87/394/399 85/392/399 86/393/399
f 86/393/400 89/395/400 87/394/400
f 90/388/400 87/394/400 89/395/400
f 89/395/401 94/396/401 90/388/401
f 91/387/402 90/388/402 94/396/402
f 94/396/403 92/397/403 91/387/403
f 93/398/403 91/387/403 92/397/403
f 93/398/404 92/397/404 96/399/404
f 96/399/404 92/397/404 95/400/404
f 98/401/396 94/396/396 97/402/396
f 89/395/405 97/402/405 94/396/405
f 102/403/406 82/404/406 101/405/406
f 77/406/407 101/405/407 82/404/407
f 75/407/408 73/408/408 74/409/408
f 76/410/408 73/408/408 75/407/408
f 76/410/409 77/406/409 73/408/409
f 78/411/409 73/408/409 77/406/409
f 77/406/410 82/404/410 78/411/410
f 79/412/410 78/411/410 82/404/410
f 82/404/411 80/413/411 79/412/411
f 81/414/411 79/412/411 80/413/411
f 80/413/412 83/389/412 81/414/412
f 84/391/412 81/414/412 83/389/412
f 79/412/406 58/415/406 78/411/406
f 53/416/407 78/411/407 58/415/407
f 85/392/413 64/376/413 84/391/413
f 59/375/413 84/391/413 64/376/413
f 51/417/414 49/418/414 50/419/414
f 52/420/414 49/418/414 51/417/414
f 52/420/415 53/416/415 49/418/415
f 54/421/415 49/418/415 53/416/415
f 53/416/416 58/415/416 54/421/416
f 55/422/417 54/421/417 58/415/417
f 58/415/418 56/423/418 55/422/418
f 57/424/418 55/422/418 56/423/418
f 56/423/419 59/375/419 57/424/419
f 60/377/419 57/424/419 59/375/419
f 55/422/420 34/425/420 54/421/420
f 29/426/420 54/421/420 34/425/420
f 61/378/421 40/364/421 60/377/421
f 35/363/421 60/377/421 40/364/421
f 27/427/422 25/428/422 26/429/422
f 28/430/422 25/428/422 27/427/422
f 28/430/423 29/426/423 25/428/423
f 30/342/423 25/428/423 29/426/423
f 29/426/424 34/425/424 30/342/424
f 31/341/425 30/342/425 34/425/425
f 34/425/426 32/431/426 31/341/426
f 33/432/426 31/341/426 32/431/426
f 33/432/427 32/431/427 35/363/427
f 36/348/427 33/432/427 35/363/427
f 100/433/413 88/390/413 99/434/413
f 83/389/413 99/434/413 88/390/413
f 3467/435/428 3507/436/428 3502/437/428
f 3477/438/429 3507/436/429 3467/435/429
f 3452/439/430 3477/438/430 3467/435/430
f 3452/439/431 3475/440/431 3477/438/431
f 3478/441/432 3477/438/432 3475/440/432
f 3476/442/433 3478/441/433 3475/440/433
f 3454/443/434 3468/444/434 3476/442/434
f 3475/440/435 3454/443/435 3476/442/435
f 3440/289/316 3454/443/316 3475/440/316
f 3440/289/316 3475/440/316 3452/439/316
f 3450/308/316 3440/289/316 3452/439/316
f 3452/439/436 3467/435/436 3450/308/436
f 3465/310/437 3450/308/437 3467/435/437
f 3467/435/438 3502/437/438 3465/310/438
f 3500/312/439 3465/310/439 3502/437/439
f 3465/310/440 3500/312/440 3466/309/440
f 3476/442/441 3503/445/441 3506/446/441
f 3440/289/316 3442/288/316 3471/447/316
f 3440/289/316 3471/447/316 3455/448/316
f 3455/448/442 3471/447/442 3474/449/442
f 3455/448/443 3474/449/443 3470/450/443
f 3470/450/444 3474/449/444 3505/451/444
f 3469/452/445 3470/450/445 3505/451/445
f 3504/453/446 3469/452/446 3505/451/446
f 3504/453/447 3503/445/447 3469/452/447
f 3468/444/448 3469/452/448 3503/445/448
f 3503/445/449 3476/442/449 3468/444/449
f 3509/454/450 3505/451/450 3474/449/450
f 3453/455/316 3440/289/316 3455/448/316
f 3454/443/316 3440/289/316 3453/455/316
f 3454/443/451 3453/455/451 3468/444/451
f 3469/452/452 3468/444/452 3453/455/452
f 3469/452/453 3453/455/453 3470/450/453
f 3453/455/454 3455/448/454 3470/450/454
f 3472/456/455 3474/449/455 3471/447/455
f 3473/457/456 3472/456/456 3471/447/456
f 3442/288/457 3473/457/457 3471/447/457
f 3473/457/458 3442/288/458 3456/286/458
f 3456/286/459 3491/285/459 3473/457/459
f 3508/458/460 3473/457/460 3491/285/460
f 3309/459/461 3311/460/461 3312/461/461
f 3311/460/462 3309/459/462 3304/462/462
f 3303/463/463 3301/464/463 3304/462/463
f 3303/463/462 3304/462/462 3309/459/462
f 3303/463/464 3309/459/464 3306/465/464
f 3312/461/465 3314/466/465 3310/467/465
f 3312/461/466 3310/467/466 3309/459/466
f 3307/468/467 3309/459/467 3310/467/467
f 3307/468/464 3306/465/464 3309/459/464
f 3230/469/468 3306/465/468 3307/468/468
f 3306/465/468 3230/469/468 3228/470/468
f 3231/471/469 3228/470/469 3230/469/469
f 3229/472/469 3228/470/469 3231/471/469
f 3229/472/470 3231/471/470 3234/473/470
f 3233/474/470 3229/472/470 3234/473/470
f 3307/468/471 3308/475/471 3230/469/471
f 3310/467/467 3308/475/467 3307/468/467
f 3310/467/472 3313/476/472 3308/475/472
f 3314/466/472 3313/476/472 3310/467/472
f 3240/477/471 3230/469/471 3308/475/471
f 3308/475/473 3239/478/473 3240/477/473
f 3313/476/473 3239/478/473 3308/475/473
f 3313/476/474 3248/479/474 3239/478/474
f 3314/466/475 3248/479/475 3313/476/475
f 3316/480/475 3248/479/475 3314/466/475
f 3248/479/476 3316/480/476 3247/481/476
f 3289/482/476 3247/481/476 3316/480/476
f 3284/483/477 3273/484/477 3245/485/477
f 3247/481/477 3284/483/477 3245/485/477
f 3288/486/478 3284/483/478 3247/481/478
f 3289/482/478 3288/486/478 3247/481/478
f 3286/487/479 3288/486/479 3289/482/479
f 3286/487/480 3289/482/480 3316/480/480
f 3317/488/480 3286/487/480 3316/480/480
f 3316/480/481 3314/466/481 3317/488/481
f 3315/489/481 3317/488/481 3314/466/481
f 3315/489/482 3314/466/482 3312/461/482
f 3285/490/483 3282/491/483 3284/483/483
f 3273/484/483 3284/483/483 3282/491/483
f 3282/491/484 3281/492/484 3273/484/484
f 3274/493/484 3273/484/484 3281/492/484
f 3279/494/485 3274/493/485 3281/492/485
f 3279/494/485 3275/495/485 3274/493/485
f 3279/494/486 3276/496/486 3275/495/486
f 3270/497/486 3275/495/486 3276/496/486
f 3277/498/487 3271/499/487 3276/496/487
f 3271/499/488 3267/500/488 3276/496/488
f 3276/496/488 3267/500/488 3270/497/488
f 3269/501/489 3270/497/489 3267/500/489
f 3269/501/490 3275/495/490 3270/497/490
f 3269/501/490 3258/502/490 3275/495/490
f 3258/502/491 3274/493/491 3275/495/491
f 3258/502/491 3249/503/491 3274/493/491
f 3274/493/492 3249/503/492 3273/484/492
f 3245/485/493 3273/484/493 3249/503/493
f 3260/504/494 3259/505/494 3272/506/494
f 3259/505/494 3271/499/494 3272/506/494
f 3259/505/495 3263/507/495 3271/499/495
f 3263/507/495 3267/500/495 3271/499/495
f 3268/508/496 3267/500/496 3263/507/496
f 3268/508/489 3269/501/489 3267/500/489
f 3255/509/497 3269/501/497 3268/508/497
f 3255/509/498 3258/502/498 3269/501/498
f 3255/509/498 3251/510/498 3258/502/498
f 3251/510/499 3249/503/499 3258/502/499
f 3251/510/499 3250/511/499 3249/503/499
f 3245/485/500 3249/503/500 3250/511/500
f 3250/511/501 3246/512/501 3245/485/501
f 3247/481/502 3245/485/502 3246/512/502
f 3248/479/502 3247/481/502 3246/512/502
f 3246/512/474 3239/478/474 3248/479/474
f 3239/478/503 3246/512/503 3237/513/503
f 3250/511/503 3237/513/503 3246/512/503
f 3238/514/504 3237/513/504 3250/511/504
f 3238/514/504 3250/511/504 3251/510/504
f 3252/515/505 3238/514/505 3251/510/505
f 3252/515/505 3251/510/505 3255/509/505
f 3252/515/506 3255/509/506 3256/516/506
f 3240/477/507 3239/478/507 3235/517/507
f 3237/513/507 3235/517/507 3239/478/507
f 3236/518/508 3235/517/508 3237/513/508
f 3236/518/508 3237/513/508 3238/514/508
f 3244/519/509 3236/518/509 3238/514/509
f 3244/519/509 3238/514/509 3252/515/509
f 3253/520/510 3244/519/510 3252/515/510
f 3253/520/506 3252/515/506 3256/516/506
f 3257/521/511 3253/520/511 3256/516/511
f 3257/521/512 3256/516/512 3265/522/512
f 3179/523/513 3180/524/513 3321/525/513
f 3321/525/514 3320/526/514 3179/523/514
f 3320/526/515 3321/525/515 3243/527/515
f 3243/527/516 3244/519/516 3320/526/516
f 3243/527/517 3234/473/517 3244/519/517
f 3234/473/517 3236/518/517 3244/519/517
f 3234/473/518 3231/471/518 3236/518/518
f 3231/471/518 3235/517/518 3236/518/518
f 3231/471/519 3230/469/519 3235/517/519
f 3235/517/519 3230/469/519 3240/477/519
f 3233/474/520 3234/473/520 3243/527/520
f 3241/528/520 3233/474/520 3243/527/520
f 3241/528/515 3243/527/515 3321/525/515
f 3321/525/521 3330/529/521 3241/528/521
f 3330/529/513 3321/525/513 3180/524/513
f 3180/524/522 3182/530/522 3330/529/522
f 3182/530/523 3180/524/523 3181/531/523
f 3181/531/524 3183/532/524 3182/530/524
f 3183/532/524 3181/531/524 3184/533/524
f 3184/533/525 3188/534/525 3183/532/525
f 3125/535/526 3221/536/526 3220/537/526
f 3220/537/527 3221/536/527 3188/534/527
f 3187/538/527 3188/534/527 3221/536/527
f 3187/538/528 3183/532/528 3188/534/528
f 3187/538/528 3185/539/528 3183/532/528
f 3183/532/529 3185/539/529 3182/530/529
f 3186/540/529 3182/530/529 3185/539/529
f 3186/540/522 3330/529/522 3182/530/522
f 3330/529/530 3186/540/530 3242/541/530
f 3242/541/521 3241/528/521 3330/529/521
f 3124/542/531 3214/543/531 3138/544/531
f 3124/542/532 3125/535/532 3214/543/532
f 3125/535/533 3124/542/533 3117/545/533
f 3117/545/534 3221/536/534 3125/535/534
f 3117/545/534 3119/546/534 3221/536/534
f 3221/536/535 3119/546/535 3187/538/535
f 3189/547/535 3187/538/535 3119/546/535
f 3187/538/536 3189/547/536 3185/539/536
f 3190/548/536 3185/539/536 3189/547/536
f 3185/539/537 3190/548/537 3186/540/537
f 3136/549/538 3138/544/538 3139/550/538
f 3136/549/531 3124/542/531 3138/544/531
f 3118/551/539 3124/542/539 3136/549/539
f 3118/551/533 3117/545/533 3124/542/533
f 3113/552/540 3117/545/540 3118/551/540
f 3113/552/540 3112/553/540 3117/545/540
f 3093/554/541 3112/553/541 3113/552/541
f 3093/554/541 3110/555/541 3112/553/541
f 3089/556/542 3110/555/542 3093/554/542
f 3110/555/543 3089/556/543 3102/557/543
f 3102/557/544 3109/558/544 3110/555/544
f 3119/546/545 3120/559/545 3189/547/545
f 3114/560/545 3120/559/545 3119/546/545
f 3114/560/546 3119/546/546 3117/545/546
f 3112/553/546 3114/560/546 3117/545/546
f 3111/561/547 3114/560/547 3112/553/547
f 3110/555/547 3111/561/547 3112/553/547
f 3109/558/548 3111/561/548 3110/555/548
f 3109/558/549 3108/562/549 3111/561/549
f 3107/563/550 3108/562/550 3109/558/550
f 3108/562/551 3107/563/551 3122/564/551
f 3111/561/552 3115/565/552 3114/560/552
f 3108/562/549 3115/565/549 3111/561/549
f 3108/562/553 3122/564/553 3115/565/553
f 3122/564/554 3121/566/554 3115/565/554
f 3115/565/555 3121/566/555 3120/559/555
f 3120/559/555 3121/566/555 3222/567/555
f 3120/559/556 3222/567/556 3189/547/556
f 3222/567/556 3190/548/556 3189/547/556
f 3115/565/552 3120/559/552 3114/560/552
f 3123/568/557 3122/564/557 3107/563/557
f 3122/564/558 3123/568/558 3298/569/558
f 3122/564/559 3298/569/559 3225/570/559
f 3122/564/560 3225/570/560 3121/566/560
f 3225/570/560 3224/571/560 3121/566/560
f 3121/566/561 3224/571/561 3222/567/561
f 3224/571/561 3223/572/561 3222/567/561
f 3222/567/562 3223/572/562 3190/548/562
f 3223/572/562 3331/573/562 3190/548/562
f 3331/573/537 3186/540/537 3190/548/537
f 3331/573/530 3242/541/530 3186/540/530
f 3331/573/563 3223/572/563 3242/541/563
f 3223/572/563 3232/574/563 3242/541/563
f 3223/572/564 3224/571/564 3232/574/564
f 3224/571/564 3227/575/564 3232/574/564
f 3225/570/565 3227/575/565 3224/571/565
f 3227/575/566 3225/570/566 3226/576/566
f 3225/570/567 3298/569/567 3226/576/567
f 3305/577/567 3226/576/567 3298/569/567
f 3242/541/568 3232/574/568 3241/528/568
f 3232/574/568 3233/474/568 3241/528/568
f 3232/574/569 3227/575/569 3233/474/569
f 3227/575/569 3229/472/569 3233/474/569
f 3226/576/570 3229/472/570 3227/575/570
f 3229/472/571 3226/576/571 3228/470/571
f 3228/470/572 3226/576/572 3306/465/572
f 3226/576/572 3305/577/572 3306/465/572
f 3306/465/573 3305/577/573 3303/463/573
f 3305/577/573 3302/578/573 3303/463/573
f 3095/579/574 3102/557/574 3089/556/574
f 3102/557/575 3095/579/575 3109/558/575
f 3101/580/575 3109/558/575 3095/579/575
f 3101/580/550 3107/563/550 3109/558/550
f 3099/581/576 3107/563/576 3101/580/576
f 3107/563/576 3099/581/576 3105/582/576
f 3107/563/577 3105/582/577 3123/568/577
f 3106/583/577 3123/568/577 3105/582/577
f 3123/568/578 3106/583/578 3298/569/578
f 3298/569/578 3106/583/578 3299/584/578
f 3298/569/579 3299/584/579 3305/577/579
f 3302/578/579 3305/577/579 3299/584/579
f 3303/463/463 3302/578/463 3301/464/463
f 3299/584/580 3301/464/580 3302/578/580
f 3299/584/580 3300/585/580 3301/464/580
f 3106/583/581 3300/585/581 3299/584/581
f 3106/583/581 3104/586/581 3300/585/581
f 3105/582/582 3104/586/582 3106/583/582
f 3105/582/582 3103/587/582 3104/586/582
f 3105/582/583 3100/588/583 3103/587/583
f 3100/588/583 3105/582/583 3099/581/583
f 3100/588/584 3099/581/584 3098/589/584
f 3096/590/584 3098/589/584 3099/581/584
f 3098/589/585 3096/590/585 3094/591/585
f 3094/591/586 3096/590/586 3090/592/586
f 3090/592/587 3086/593/587 3094/591/587
f 3090/592/588 3089/556/588 3086/593/588
f 3086/593/589 3089/556/589 3085/594/589
f 3093/554/590 3085/594/590 3089/556/590
f 3085/594/590 3093/554/590 3087/595/590
f 3087/595/591 3093/554/591 3113/552/591
f 3087/595/591 3113/552/591 3116/596/591
f 3090/592/574 3095/579/574 3089/556/574
f 3096/590/586 3095/579/586 3090/592/586
f 3095/579/592 3096/590/592 3101/580/592
f 3099/581/592 3101/580/592 3096/590/592
f 3088/597/593 3087/595/593 3116/596/593
f 3084/598/594 3087/595/594 3088/597/594
f 3087/595/594 3084/598/594 3085/594/594
f 3083/599/595 3085/594/595 3084/598/595
f 3086/593/595 3085/594/595 3083/599/595
f 3091/600/596 3086/593/596 3083/599/596
f 3091/600/587 3094/591/587 3086/593/587
f 3094/591/597 3091/600/597 3097/601/597
f 3097/601/585 3098/589/585 3094/591/585
f 3131/602/598 3132/603/598 3135/604/598
f 3131/602/598 3127/605/598 3132/603/598
f 3128/606/599 3127/605/599 3131/602/599
f 3128/606/599 3088/597/599 3127/605/599
f 3074/607/600 3088/597/600 3128/606/600
f 3088/597/600 3074/607/600 3084/598/600
f 3074/607/601 3073/608/601 3084/598/601
f 3083/599/601 3084/598/601 3073/608/601
f 3083/599/602 3073/608/602 3081/609/602
f 3083/599/596 3081/609/596 3091/600/596
f 3082/610/603 3091/600/603 3081/609/603
f 3092/611/603 3091/600/603 3082/610/603
f 3092/611/597 3097/601/597 3091/600/597
f 3082/610/604 3081/609/604 3080/612/604
f 3079/613/605 3078/614/605 3080/612/605
f 3080/612/604 3081/609/604 3079/613/604
f 3079/613/602 3081/609/602 3073/608/602
f 3076/615/606 3078/614/606 3072/616/606
f 3075/617/606 3072/616/606 3078/614/606
f 3078/614/605 3079/613/605 3075/617/605
f 3071/618/607 3075/617/607 3079/613/607
f 3073/608/607 3071/618/607 3079/613/607
f 3071/618/608 3073/608/608 3070/619/608
f 3074/607/608 3070/619/608 3073/608/608
f 3070/619/609 3074/607/609 3130/620/609
f 3128/606/610 3130/620/610 3074/607/610
f 3130/620/611 3128/606/611 3133/621/611
f 3070/619/612 3068/622/612 3071/618/612
f 3133/621/613 3148/623/613 3152/624/613
f 3133/621/613 3152/624/613 3134/625/613
f 3130/620/614 3133/621/614 3134/625/614
f 3130/620/614 3134/625/614 3129/626/614
f 3130/620/615 3129/626/615 3070/619/615
f 3069/627/615 3070/619/615 3129/626/615
f 3068/622/612 3070/619/612 3069/627/612
f 3062/628/616 3068/622/616 3069/627/616
f 3062/628/616 3061/629/616 3068/622/616
f 3062/628/617 3060/630/617 3061/629/617
f 3062/628/618 3069/627/618 3064/631/618
f 3129/626/618 3064/631/618 3069/627/618
f 3064/631/619 3129/626/619 3154/632/619
f 3134/625/619 3154/632/619 3129/626/619
f 3134/625/620 3153/633/620 3154/632/620
f 3134/625/620 3152/624/620 3153/633/620
f 3152/624/621 3151/634/621 3153/633/621
f 3152/624/622 3147/635/622 3151/634/622
f 3147/635/623 3149/636/623 3151/634/623
f 3141/637/624 3149/636/624 3147/635/624
f 3154/632/625 3153/633/625 3034/638/625
f 3153/633/626 2984/639/626 3034/638/626
f 3151/634/621 2984/639/621 3153/633/621
f 3151/634/627 2982/640/627 2984/639/627
f 3151/634/623 3149/636/623 2982/640/623
f 3149/636/628 2975/641/628 2982/640/628
f 3149/636/629 3143/642/629 2975/641/629
f 3143/642/630 3144/643/630 2975/641/630
f 3144/643/631 3143/642/631 3142/644/631
f 3144/643/631 3142/644/631 3145/645/631
f 2976/646/630 2975/641/630 3144/643/630
f 2964/647/632 2967/648/632 2962/649/632
f 2962/649/633 2967/648/633 2976/646/633
f 2967/648/633 2972/650/633 2976/646/633
f 2976/646/634 2972/650/634 2975/641/634
f 2972/650/634 2974/651/634 2975/641/634
f 2982/640/628 2975/641/628 2974/651/628
f 2982/640/635 2974/651/635 2981/652/635
f 2982/640/627 2981/652/627 2984/639/627
f 2984/639/636 2981/652/636 2983/653/636
f 3034/638/626 2984/639/626 2983/653/626
f 2983/653/637 2980/654/637 2979/655/637
f 2983/653/636 2981/652/636 2980/654/636
f 2981/652/638 2973/656/638 2980/654/638
f 2981/652/635 2974/651/635 2973/656/635
f 2974/651/639 2972/650/639 2973/656/639
f 2971/657/639 2973/656/639 2972/650/639
f 2968/658/640 2971/657/640 2972/650/640
f 2971/657/641 2968/658/641 2961/659/641
f 2960/660/642 2961/659/642 2968/658/642
f 2961/659/643 2960/660/643 2957/661/643
f 2969/662/644 2968/658/644 2966/663/644
f 2969/662/642 2960/660/642 2968/658/642
f 2967/648/640 2968/658/640 2972/650/640
f 2967/648/644 2966/663/644 2968/658/644
f 2964/647/632 2966/663/632 2967/648/632
f 2958/664/645 2961/659/645 2957/661/645
f 2958/664/646 2957/661/646 2950/665/646
f 2952/666/646 2950/665/646 2957/661/646
f 2952/666/647 2944/667/647 2950/665/647
f 2944/667/647 2952/666/647 2949/668/647
f 2959/669/648 2957/661/648 2960/660/648
f 2959/669/649 2954/670/649 2957/661/649
f 2952/666/649 2957/661/649 2954/670/649
f 2954/670/650 2953/671/650 2952/666/650
f 2949/668/650 2952/666/650 2953/671/650
f 2953/671/651 2940/672/651 2949/668/651
f 2944/667/652 2949/668/652 2940/672/652
f 2941/673/652 2944/667/652 2940/672/652
f 2945/674/653 2944/667/653 2941/673/653
f 2943/675/653 2945/674/653 2941/673/653
f 2941/673/654 2940/672/654 2939/676/654
f 2945/674/655 2951/677/655 2944/667/655
f 2951/677/656 2945/674/656 2986/678/656
f 2947/679/656 2986/678/656 2945/674/656
f 2951/677/657 2986/678/657 2979/655/657
f 2947/679/658 2945/674/658 2943/675/658
f 2943/675/659 2946/680/659 2947/679/659
f 2943/675/660 2999/681/660 2946/680/660
f 2999/681/661 3003/682/661 2946/680/661
f 3003/682/662 2999/681/662 3004/683/662
f 3003/682/663 3004/683/663 3016/684/663
f 3004/683/664 3015/685/664 3016/684/664
f 3016/684/665 3015/685/665 3019/686/665
f 3015/685/665 3020/687/665 3019/686/665
f 3019/686/666 3020/687/666 3026/688/666
f 3022/689/667 3024/690/667 3033/691/667
f 3025/692/668 3022/689/668 3033/691/668
f 3025/692/669 3033/691/669 3032/693/669
f 3026/688/669 3025/692/669 3032/693/669
f 3026/688/670 3032/693/670 3031/694/670
f 3027/695/670 3026/688/670 3031/694/670
f 3027/695/671 3019/686/671 3026/688/671
f 3001/696/671 3019/686/671 3027/695/671
f 3016/684/672 3019/686/672 3001/696/672
f 3002/697/672 3016/684/672 3001/696/672
f 3026/688/666 3020/687/666 3025/692/666
f 3020/687/673 3018/698/673 3025/692/673
f 3025/692/673 3018/698/673 3022/689/673
f 3018/698/674 3021/699/674 3022/689/674
f 3021/699/675 3023/700/675 3022/689/675
f 3015/685/676 3014/701/676 3020/687/676
f 3018/698/676 3020/687/676 3014/701/676
f 3014/701/677 3017/702/677 3018/698/677
f 3018/698/674 3017/702/674 3021/699/674
f 3014/701/677 3013/703/677 3017/702/677
f 3010/704/678 3013/703/678 3014/701/678
f 3004/683/664 3006/705/664 3015/685/664
f 3006/705/679 3014/701/679 3015/685/679
f 3006/705/679 3008/706/679 3014/701/679
f 3008/706/678 3010/704/678 3014/701/678
f 3011/707/680 3010/704/680 3008/706/680
f 3005/708/662 3004/683/662 2999/681/662
f 3004/683/681 3005/708/681 3006/705/681
f 3007/709/681 3006/705/681 3005/708/681
f 3006/705/682 3007/709/682 3008/706/682
f 3009/710/682 3008/706/682 3007/709/682
f 3009/710/680 3011/707/680 3008/706/680
f 3012/711/683 3011/707/683 3009/710/683
f 2926/712/684 2924/713/684 2925/714/684
f 2924/713/684 2926/712/684 2927/715/684
f 2932/716/685 2927/715/685 2926/712/685
f 2927/715/685 2932/716/685 2933/717/685
f 3012/711/686 2933/717/686 2932/716/686
f 2933/717/686 3012/711/686 2934/718/686
f 2934/718/687 3012/711/687 3009/710/687
f 3009/710/688 2935/719/688 2934/718/688
f 2935/719/689 3009/710/689 3007/709/689
f 3007/709/690 2948/720/690 2935/719/690
f 2930/721/691 2928/722/691 2929/723/691
f 2929/723/692 2924/713/692 2930/721/692
f 2924/713/692 2927/715/692 2930/721/692
f 2927/715/693 2936/724/693 2930/721/693
f 2927/715/693 2933/717/693 2936/724/693
f 2936/724/694 2933/717/694 2935/719/694
f 2933/717/694 2934/718/694 2935/719/694
f 2938/725/695 2948/720/695 2942/726/695
f 2937/727/696 2948/720/696 2938/725/696
f 2937/727/697 2935/719/697 2948/720/697
f 2936/724/697 2935/719/697 2937/727/697
f 2930/721/698 2936/724/698 2937/727/698
f 2948/720/690 3007/709/690 3005/708/690
f 3005/708/699 2942/726/699 2948/720/699
f 2942/726/699 3005/708/699 2999/681/699
f 2999/681/660 2943/675/660 2942/726/660
f 2943/675/700 2941/673/700 2942/726/700
f 2938/725/701 2942/726/701 2941/673/701
f 2939/676/654 2938/725/654 2941/673/654
f 2939/676/702 2937/727/702 2938/725/702
f 2928/722/702 2937/727/702 2939/676/702
f 2930/721/698 2937/727/698 2928/722/698
f 2931/728/691 2929/723/691 2928/722/691
f 2931/728/703 2928/722/703 2956/729/703
f 2928/722/703 2939/676/703 2956/729/703
f 2956/729/704 2939/676/704 2955/730/704
f 2955/730/704 2939/676/704 2940/672/704
f 2940/672/651 2953/671/651 2955/730/651
f 3332/731/705 3033/691/705 3024/690/705
f 3040/732/706 3031/694/706 3032/693/706
f 3032/693/707 3041/733/707 3040/732/707
f 3041/733/708 3032/693/708 3033/691/708
f 3033/691/709 3335/734/709 3041/733/709
f 3033/691/705 3332/731/705 3335/734/705
f 3333/735/710 3335/734/710 3332/731/710
f 3335/734/710 3333/735/710 3047/736/710
f 3047/736/711 3041/733/711 3335/734/711
f 3046/737/711 3041/733/711 3047/736/711
f 3047/736/712 3045/738/712 3046/737/712
f 3047/736/713 3334/739/713 3045/738/713
f 3334/739/713 3047/736/713 3333/735/713
f 3333/735/714 3296/740/714 3334/739/714
f 3296/740/715 3333/735/715 3295/741/715
f 3332/731/715 3295/741/715 3333/735/715
f 3295/741/716 3332/731/716 3023/700/716
f 3024/690/716 3023/700/716 3332/731/716
f 3024/690/717 3022/689/717 3023/700/717
f 3297/742/714 3334/739/714 3296/740/714
f 3043/743/718 3042/744/718 3050/745/718
f 3049/746/718 3050/745/718 3042/744/718
f 3049/746/719 3042/744/719 3046/737/719
f 3049/746/719 3046/737/719 3048/747/719
f 3048/747/712 3046/737/712 3045/738/712
f 3043/743/720 3038/748/720 3042/744/720
f 3038/748/721 3043/743/721 3039/749/721
f 3060/630/722 3065/750/722 3061/629/722
f 3060/630/723 3057/751/723 3065/750/723
f 3056/752/723 3065/750/723 3057/751/723
f 3056/752/724 3057/751/724 3054/753/724
f 3052/754/724 3056/752/724 3054/753/724
f 3052/754/725 3054/753/725 3039/749/725
f 3044/755/725 3052/754/725 3039/749/725
f 3044/755/721 3039/749/721 3043/743/721
f 3051/756/726 3044/755/726 3043/743/726
f 3051/756/726 3043/743/726 3050/745/726
f 3044/755/727 3051/756/727 3052/754/727
f 3053/757/727 3052/754/727 3051/756/727
f 3053/757/728 3056/752/728 3052/754/728
f 3056/752/728 3053/757/728 3055/758/728
f 3055/758/729 3066/759/729 3056/752/729
f 3066/759/729 3065/750/729 3056/752/729
f 3065/750/730 3066/759/730 3067/760/730
f 3077/761/730 3067/760/730 3066/759/730
f 3077/761/731 3076/615/731 3067/760/731
f 3072/616/731 3067/760/731 3076/615/731
f 3061/629/722 3065/750/722 3067/760/722
f 3061/629/732 3067/760/732 3068/622/732
f 3068/622/732 3067/760/732 3072/616/732
f 3072/616/733 3071/618/733 3068/622/733
f 3071/618/733 3072/616/733 3075/617/733
f 3288/486/734 3290/762/734 3284/483/734
f 3290/762/734 3285/490/734 3284/483/734
f 3285/490/735 3290/762/735 3294/763/735
f 3294/763/735 3292/764/735 3285/490/735
f 3283/765/736 3285/490/736 3292/764/736
f 3282/491/736 3285/490/736 3283/765/736
f 3280/766/737 3282/491/737 3283/765/737
f 3282/491/738 3280/766/738 3281/492/738
f 3278/767/739 3281/492/739 3280/766/739
f 3278/767/739 3279/494/739 3281/492/739
f 3278/767/740 3277/498/740 3279/494/740
f 3276/496/740 3279/494/740 3277/498/740
f 3283/765/741 3292/764/741 3023/768/741
f 3021/769/742 3283/765/742 3023/768/742
f 3283/765/742 3021/769/742 3280/766/742
f 3017/770/743 3280/766/743 3021/769/743
f 3017/770/743 3278/767/743 3280/766/743
f 3017/770/744 3013/771/744 3278/767/744
f 3277/498/744 3278/767/744 3013/771/744
f 2926/772/745 3325/773/745 2932/774/745
f 2932/774/746 3325/773/746 3012/775/746
f 3262/776/746 3012/775/746 3325/773/746
f 3012/775/747 3262/776/747 3011/777/747
f 3262/776/747 3260/504/747 3011/777/747
f 3011/777/748 3260/504/748 3010/778/748
f 3260/504/748 3272/506/748 3010/778/748
f 3010/778/749 3272/506/749 3013/771/749
f 3013/771/749 3272/506/749 3277/498/749
f 3272/506/487 3271/499/487 3277/498/487
f 3256/516/497 3255/509/497 3268/508/497
f 3265/522/512 3256/516/512 3268/508/512
f 3265/522/496 3268/508/496 3263/507/496
f 3264/779/750 3265/522/750 3263/507/750
f 3264/779/751 3263/507/751 3259/505/751
f 3261/780/751 3264/779/751 3259/505/751
f 3261/780/752 3259/505/752 3260/504/752
f 3262/776/753 3261/780/753 3260/504/753
f 3266/781/754 3257/521/754 3265/522/754
f 3266/781/755 3265/522/755 3264/779/755
f 3264/779/756 3318/782/756 3266/781/756
f 3264/779/757 3261/780/757 3318/782/757
f 3324/783/757 3318/782/757 3261/780/757
f 3261/780/758 3262/776/758 3324/783/758
f 3325/773/758 3324/783/758 3262/776/758
f 3325/773/759 3326/784/759 3324/783/759
f 3322/785/759 3324/783/759 3326/784/759
f 3324/783/760 3322/785/760 3318/782/760
f 3318/782/760 3322/785/760 3323/786/760
f 3323/786/761 3319/787/761 3318/782/761
f 3319/787/761 3323/786/761 3159/788/761
f 3161/789/762 3159/788/762 3160/790/762
f 3323/786/763 3160/790/763 3159/788/763
f 3323/786/763 3329/791/763 3160/790/763
f 3322/785/764 3329/791/764 3323/786/764
f 3322/785/764 3328/792/764 3329/791/764
f 3326/784/765 3328/792/765 3322/785/765
f 3326/784/765 3327/793/765 3328/792/765
f 3327/793/766 3326/784/766 2925/794/766
f 2926/772/766 2925/794/766 3326/784/766
f 3325/773/745 2926/772/745 3326/784/745
f 3161/789/767 3163/795/767 3165/796/767
f 3166/797/767 3165/796/767 3163/795/767
f 3166/797/768 3157/798/768 3165/796/768
f 3161/789/762 3160/790/762 3162/799/762
f 3162/799/769 3163/795/769 3161/789/769
f 3163/795/769 3162/799/769 3164/800/769
f 3164/800/770 3172/801/770 3163/795/770
f 3173/802/771 3163/795/771 3172/801/771
f 3163/795/772 3173/802/772 3166/797/772
f 3168/803/772 3166/797/772 3173/802/772
f 3166/797/773 3168/803/773 3157/798/773
f 3158/804/773 3157/798/773 3168/803/773
f 3158/804/774 3155/805/774 3157/798/774
f 3168/803/775 3169/806/775 3158/804/775
f 3170/807/775 3169/806/775 3168/803/775
f 3173/802/776 3170/807/776 3168/803/776
f 3174/808/776 3170/807/776 3173/802/776
f 3172/801/777 3174/808/777 3173/802/777
f 3338/809/778 3174/808/778 3172/801/778
f 3338/809/779 3336/810/779 3174/808/779
f 3337/811/779 3174/808/779 3336/810/779
f 3336/810/780 3339/812/780 3337/811/780
f 3337/811/780 3339/812/780 3200/813/780
f 3339/812/781 3195/814/781 3200/813/781
f 3200/813/782 3195/814/782 3178/815/782
f 3195/814/782 3191/816/782 3178/815/782
f 3178/815/783 3191/816/783 3177/817/783
f 3178/815/784 3177/817/784 3175/818/784
f 3176/819/784 3175/818/784 3177/817/784
f 3176/819/785 3169/806/785 3175/818/785
f 3170/807/785 3175/818/785 3169/806/785
f 3174/808/786 3175/818/786 3170/807/786
f 3337/811/786 3175/818/786 3174/808/786
f 3175/818/787 3337/811/787 3178/815/787
f 3200/813/787 3178/815/787 3337/811/787
f 3158/804/788 3169/806/788 3155/805/788
f 3171/820/788 3155/805/788 3169/806/788
f 3169/806/789 3176/819/789 3171/820/789
f 3179/523/789 3171/820/789 3176/819/789
f 3176/819/790 3177/817/790 3179/523/790
f 3180/524/791 3179/523/791 3177/817/791
f 3177/817/792 3181/531/792 3180/524/792
f 3181/531/783 3177/817/783 3191/816/783
f 3181/531/793 3191/816/793 3184/533/793
f 3192/821/794 3184/533/794 3191/816/794
f 3195/814/781 3339/812/781 3201/822/781
f 3195/814/795 3201/822/795 3194/823/795
f 3195/814/796 3194/823/796 3191/816/796
f 3192/821/796 3191/816/796 3194/823/796
f 3194/823/797 3199/824/797 3192/821/797
f 3194/823/798 3202/825/798 3199/824/798
f 3202/825/798 3203/826/798 3199/824/798
f 3199/824/799 3203/826/799 3204/827/799
f 3202/825/795 3194/823/795 3201/822/795
f 3184/533/800 3192/821/800 3196/828/800
f 3196/828/797 3192/821/797 3199/824/797
f 3196/828/801 3199/824/801 3198/829/801
f 3199/824/799 3204/827/799 3198/829/799
f 3198/829/802 3204/827/802 3205/830/802
f 3206/831/802 3198/829/802 3205/830/802
f 3197/832/803 3198/829/803 3206/831/803
f 3197/832/803 3206/831/803 3216/833/803
f 3218/834/804 3197/832/804 3216/833/804
f 3217/835/804 3218/834/804 3216/833/804
f 3196/828/805 3193/836/805 3184/533/805
f 3193/836/806 3196/828/806 3218/834/806
f 3197/832/806 3218/834/806 3196/828/806
f 3198/829/801 3197/832/801 3196/828/801
f 3188/534/807 3184/533/807 3193/836/807
f 3188/534/808 3193/836/808 3220/537/808
f 3218/834/808 3220/537/808 3193/836/808
f 3220/537/809 3218/834/809 3219/837/809
f 3217/835/810 3219/837/810 3218/834/810
f 3219/837/811 3217/835/811 3215/838/811
f 3217/835/812 3216/833/812 3215/838/812
f 3211/839/813 3215/838/813 3216/833/813
f 3216/833/814 3206/831/814 3211/839/814
f 3210/840/814 3211/839/814 3206/831/814
f 3141/637/815 3143/642/815 3149/636/815
f 3143/642/816 3141/637/816 3139/550/816
f 3139/550/816 3142/644/816 3143/642/816
f 3139/550/817 3138/544/817 3142/644/817
f 3138/544/817 3207/841/817 3142/644/817
f 3138/544/818 3214/543/818 3207/841/818
f 3214/543/818 3215/838/818 3207/841/818
f 3214/543/819 3219/837/819 3215/838/819
f 3214/543/532 3125/535/532 3219/837/532
f 3125/535/526 3220/537/526 3219/837/526
f 3116/596/820 3113/552/820 3118/551/820
f 3116/596/820 3118/551/820 3126/842/820
f 3126/842/539 3118/551/539 3136/549/539
f 3126/842/821 3136/549/821 3137/843/821
f 3137/843/538 3136/549/538 3139/550/538
f 3137/843/822 3139/550/822 3141/637/822
f 3140/844/822 3137/843/822 3141/637/822
f 3140/844/624 3141/637/624 3147/635/624
f 3140/844/823 3147/635/823 3148/623/823
f 3148/623/622 3147/635/622 3152/624/622
f 3131/602/611 3133/621/611 3128/606/611
f 3133/621/824 3131/602/824 3148/623/824
f 3135/604/824 3148/623/824 3131/602/824
f 3135/604/823 3140/844/823 3148/623/823
f 3135/604/825 3132/603/825 3140/844/825
f 3132/603/825 3137/843/825 3140/844/825
f 3132/603/821 3126/842/821 3137/843/821
f 3127/605/826 3126/842/826 3132/603/826
f 3127/605/826 3116/596/826 3126/842/826
f 3088/597/593 3116/596/593 3127/605/593
f 3288/486/479 3286/487/479 3287/845/479
f 3288/486/827 3287/845/827 3290/762/827
f 3291/846/827 3290/762/827 3287/845/827
f 3290/762/828 3291/846/828 3294/763/828
f 3291/846/828 3293/847/828 3294/763/828
f 3293/847/829 3297/848/829 3294/763/829
f 3296/849/829 3294/763/829 3297/848/829
f 3294/763/830 3296/849/830 3292/764/830
f 3295/850/830 3292/764/830 3296/849/830
f 3023/768/741 3292/764/741 3295/850/741
f 3319/787/756 3266/781/756 3318/782/756
f 3319/787/831 3167/851/831 3266/781/831
f 3167/851/832 3257/521/832 3266/781/832
f 3167/851/833 3156/852/833 3257/521/833
f 3156/852/511 3253/520/511 3257/521/511
f 3156/852/834 3254/853/834 3253/520/834
f 3254/853/510 3244/519/510 3253/520/510
f 3254/853/516 3320/526/516 3244/519/516
f 3171/820/514 3179/523/514 3320/526/514
f 3320/526/835 3254/853/835 3171/820/835
f 3155/805/835 3171/820/835 3254/853/835
f 3155/805/834 3254/853/834 3156/852/834
f 3157/798/774 3155/805/774 3156/852/774
f 3157/798/833 3156/852/833 3167/851/833
f 3167/851/768 3165/796/768 3157/798/768
f 3167/851/831 3319/787/831 3165/796/831
f 3165/796/836 3319/787/836 3161/789/836
f 3159/788/836 3161/789/836 3319/787/836
f 2989/854/837 2992/855/837 2993/856/837
f 2990/857/837 2989/854/837 2993/856/837
f 2996/858/838 2990/857/838 2993/856/838
f 3028/859/838 2990/857/838 2996/858/838
f 3030/860/839 3028/859/839 2996/858/839
f 3037/861/839 3028/859/839 3030/860/839
f 2992/855/840 2997/862/840 2994/863/840
f 2993/856/840 2992/855/840 2994/863/840
f 2993/856/841 2994/863/841 2995/864/841
f 2996/858/841 2993/856/841 2995/864/841
f 3029/865/842 2996/858/842 2995/864/842
f 3030/860/843 2996/858/843 3029/865/843
f 3038/748/844 3030/860/844 3029/865/844
f 3039/749/844 3030/860/844 3038/748/844
f 3030/860/845 3039/749/845 3037/861/845
f 3054/753/845 3037/861/845 3039/749/845
f 3002/697/846 3001/696/846 2994/863/846
f 2994/863/847 3001/696/847 2995/864/847
f 2995/864/847 3001/696/847 3027/695/847
f 3029/865/848 2995/864/848 3027/695/848
f 3027/695/848 3031/694/848 3029/865/848
f 3038/748/849 3029/865/849 3031/694/849
f 3038/748/850 3031/694/850 3040/732/850
f 3042/744/720 3038/748/720 3040/732/720
f 3040/732/851 3041/733/851 3042/744/851
f 3046/737/851 3042/744/851 3041/733/851
f 3003/682/663 3016/684/663 3002/697/663
f 3003/682/852 3002/697/852 3000/866/852
f 3000/866/661 2946/680/661 3003/682/661
f 2998/867/853 2946/680/853 3000/866/853
f 2998/867/853 2947/679/853 2946/680/853
f 2998/867/854 2987/868/854 2947/679/854
f 2986/678/854 2947/679/854 2987/868/854
f 2985/869/855 2986/678/855 2987/868/855
f 2985/869/855 2979/655/855 2986/678/855
f 2983/653/637 2979/655/637 2985/869/637
f 3034/638/856 2983/653/856 2985/869/856
f 3034/638/856 2985/869/856 2988/870/856
f 2988/870/857 2985/869/857 2987/868/857
f 2988/870/857 2987/868/857 2989/854/857
f 2989/854/858 2987/868/858 2998/867/858
f 2989/854/858 2998/867/858 2992/855/858
f 2992/855/859 2998/867/859 3000/866/859
f 2992/855/859 3000/866/859 2997/862/859
f 2997/862/852 3000/866/852 3002/697/852
f 2997/862/846 3002/697/846 2994/863/846
f 2991/871/860 3034/638/860 2988/870/860
f 3035/872/860 3034/638/860 2991/871/860
f 3035/872/861 2991/871/861 3036/873/861
f 3063/874/861 3035/872/861 3036/873/861
f 2990/857/862 2988/870/862 2989/854/862
f 2991/871/862 2988/870/862 2990/857/862
f 2991/871/863 2990/857/863 3028/859/863
f 3036/873/863 2991/871/863 3028/859/863
f 3037/861/864 3036/873/864 3028/859/864
f 3058/875/864 3036/873/864 3037/861/864
f 3058/875/865 3063/874/865 3036/873/865
f 3059/876/865 3063/874/865 3058/875/865
f 3054/753/866 3058/875/866 3037/861/866
f 3058/875/866 3054/753/866 3057/751/866
f 3058/875/867 3057/751/867 3060/630/867
f 3060/630/867 3059/876/867 3058/875/867
f 3059/876/617 3060/630/617 3062/628/617
f 3059/876/868 3062/628/868 3063/874/868
f 3064/631/868 3063/874/868 3062/628/868
f 3063/874/869 3064/631/869 3035/872/869
f 3154/632/869 3035/872/869 3064/631/869
f 3154/632/625 3034/638/625 3035/872/625
f 2779/877/870 2763/878/870 2762/879/870
f 2779/877/870 2737/880/870 2738/881/870
f 2779/877/870 2736/882/870 2737/880/870
f 2779/877/870 2735/883/870 2736/882/870
f 2779/877/870 2734/884/870 2735/883/870
f 2779/877/870 2733/885/870 2734/884/870
f 2779/877/870 2732/886/870 2733/885/870
f 2779/877/870 2731/887/870 2732/886/870
f 2779/877/870 2755/888/870 2731/887/870
f 2731/887/871 2755/888/871 2638/889/871
f 2638/889/872 2636/890/872 2731/887/872
f 2732/886/872 2731/887/872 2636/890/872
f 2636/890/873 2640/891/873 2732/886/873
f 2733/885/873 2732/886/873 2640/891/873
f 2640/891/874 2642/892/874 2733/885/874
f 2734/884/874 2733/885/874 2642/892/874
f 2642/892/875 2644/893/875 2734/884/875
f 2735/883/875 2734/884/875 2644/893/875
f 2644/893/876 2646/894/876 2735/883/876
f 2736/882/876 2735/883/876 2646/894/876
f 2645/895/877 2647/896/877 2648/897/877
f 2646/894/877 2645/895/877 2648/897/877
f 2643/898/878 2645/895/878 2646/894/878
f 2644/893/878 2643/898/878 2646/894/878
f 2641/899/879 2643/898/879 2644/893/879
f 2642/892/879 2641/899/879 2644/893/879
f 2639/900/880 2641/899/880 2642/892/880
f 2640/891/880 2639/900/880 2642/892/880
f 2635/901/881 2639/900/881 2640/891/881
f 2636/890/881 2635/901/881 2640/891/881
f 2637/902/882 2635/901/882 2636/890/882
f 2638/889/882 2637/902/882 2636/890/882
f 2638/889/883 2684/903/883 2637/902/883
f 2684/903/871 2638/889/871 2755/888/871
f 2755/888/884 2754/904/884 2684/903/884
f 2779/877/870 2754/904/870 2755/888/870
f 2779/877/870 2753/905/870 2754/904/870
f 2779/877/870 2752/906/870 2753/905/870
f 2753/905/885 2752/906/885 2680/907/885
f 2678/908/885 2680/907/885 2752/906/885
f 2683/909/883 2637/902/883 2684/903/883
f 2684/903/886 2682/910/886 2683/909/886
f 2682/910/884 2684/903/884 2754/904/884
f 2754/904/887 2753/905/887 2682/910/887
f 2680/907/887 2682/910/887 2753/905/887
f 2682/910/888 2680/907/888 2681/911/888
f 2679/912/888 2681/911/888 2680/907/888
f 2681/911/886 2683/909/886 2682/910/886
f 2751/913/889 2750/914/889 2676/915/889
f 2676/915/890 2678/908/890 2751/913/890
f 2752/906/890 2751/913/890 2678/908/890
f 2779/877/870 2751/913/870 2752/906/870
f 2779/877/870 2750/914/870 2751/913/870
f 2779/877/870 2749/916/870 2750/914/870
f 2779/877/870 2748/917/870 2749/916/870
f 2779/877/870 2747/918/870 2748/917/870
f 2779/877/870 2746/919/870 2747/918/870
f 2779/877/870 2744/920/870 2746/919/870
f 2779/877/870 2745/921/870 2744/920/870
f 2746/919/891 2744/920/891 2665/922/891
f 2665/922/892 2667/923/892 2746/919/892
f 2747/918/892 2746/919/892 2667/923/892
f 2667/923/893 2669/924/893 2747/918/893
f 2748/917/893 2747/918/893 2669/924/893
f 2669/924/894 2671/925/894 2748/917/894
f 2749/916/894 2748/917/894 2671/925/894
f 2671/925/895 2673/926/895 2749/916/895
f 2750/914/895 2749/916/895 2673/926/895
f 2673/926/889 2676/915/889 2750/914/889
f 2680/907/896 2678/908/896 2679/912/896
f 2677/927/896 2679/912/896 2678/908/896
f 2678/908/897 2676/915/897 2677/927/897
f 2675/928/897 2677/927/897 2676/915/897
f 2676/915/898 2673/926/898 2675/928/898
f 2674/929/898 2675/928/898 2673/926/898
f 2674/929/899 2673/926/899 2672/930/899
f 2673/926/899 2671/925/899 2672/930/899
f 2672/930/900 2671/925/900 2670/931/900
f 2669/924/900 2670/931/900 2671/925/900
f 2670/931/901 2669/924/901 2668/932/901
f 2667/923/901 2668/932/901 2669/924/901
f 2668/932/902 2667/923/902 2666/933/902
f 2665/922/902 2666/933/902 2667/923/902
f 2666/933/903 2665/922/903 2663/934/903
f 2661/935/903 2663/934/903 2665/922/903
f 2663/934/904 2661/935/904 2662/936/904
f 2664/937/904 2662/936/904 2661/935/904
f 2664/937/905 2709/938/905 2662/936/905
f 2709/938/906 2664/937/906 2768/939/906
f 2709/938/907 2768/939/907 2711/940/907
f 2769/941/907 2711/940/907 2768/939/907
f 2769/941/908 2770/942/908 2711/940/908
f 2779/877/870 2770/942/870 2769/941/870
f 2779/877/870 2769/941/870 2768/939/870
f 2779/877/870 2768/939/870 2745/921/870
f 2745/921/906 2768/939/906 2664/937/906
f 2745/921/909 2664/937/909 2744/920/909
f 2661/935/909 2744/920/909 2664/937/909
f 2661/935/891 2665/922/891 2744/920/891
f 2713/943/908 2711/940/908 2770/942/908
f 2713/943/910 2770/942/910 2715/944/910
f 2771/945/910 2715/944/910 2770/942/910
f 2717/946/911 2715/944/911 2771/945/911
f 2710/947/905 2662/936/905 2709/938/905
f 2709/938/912 2711/940/912 2710/947/912
f 2712/948/912 2710/947/912 2711/940/912
f 2711/940/913 2713/943/913 2712/948/913
f 2714/949/913 2712/948/913 2713/943/913
f 2713/943/914 2715/944/914 2714/949/914
f 2716/950/914 2714/949/914 2715/944/914
f 2715/944/915 2717/946/915 2716/950/915
f 2718/951/915 2716/950/915 2717/946/915
f 2779/877/870 2771/945/870 2770/942/870
f 2779/877/870 2772/952/870 2771/945/870
f 2772/952/911 2717/946/911 2771/945/911
f 2719/953/916 2717/946/916 2772/952/916
f 2717/946/917 2719/953/917 2718/951/917
f 2720/954/917 2718/951/917 2719/953/917
f 2721/955/918 2720/954/918 2719/953/918
f 2719/953/918 2722/956/918 2721/955/918
f 2722/956/919 2724/957/919 2721/955/919
f 2722/956/919 2723/958/919 2724/957/919
f 2723/958/920 2722/956/920 2774/959/920
f 2773/960/921 2774/959/921 2722/956/921
f 2722/956/921 2719/953/921 2773/960/921
f 2773/960/916 2719/953/916 2772/952/916
f 2779/877/870 2773/960/870 2772/952/870
f 2779/877/870 2774/959/870 2773/960/870
f 2779/877/870 2775/961/870 2774/959/870
f 2779/877/870 2776/962/870 2775/961/870
f 2779/877/870 2777/963/870 2776/962/870
f 2779/877/870 2778/964/870 2777/963/870
f 2779/877/870 2757/965/870 2778/964/870
f 2778/964/922 2757/965/922 2687/966/922
f 2778/964/922 2687/966/922 2729/967/922
f 2777/963/923 2778/964/923 2729/967/923
f 2729/967/923 2727/968/923 2777/963/923
f 2776/962/924 2777/963/924 2727/968/924
f 2727/968/924 2725/969/924 2776/962/924
f 2775/961/925 2776/962/925 2725/969/925
f 2725/969/925 2723/958/925 2775/961/925
f 2774/959/920 2775/961/920 2723/958/920
f 2723/958/926 2726/970/926 2724/957/926
f 2723/958/926 2725/969/926 2726/970/926
f 2725/969/927 2728/971/927 2726/970/927
f 2725/969/927 2727/968/927 2728/971/927
f 2727/968/928 2730/972/928 2728/971/928
f 2727/968/928 2729/967/928 2730/972/928
f 2730/972/929 2729/967/929 2686/973/929
f 2729/967/929 2687/966/929 2686/973/929
f 2687/966/930 2685/974/930 2686/973/930
f 2687/966/931 2757/965/931 2685/974/931
f 2692/975/932 2690/976/932 2691/977/932
f 2689/978/932 2691/977/932 2690/976/932
f 2689/978/933 2758/979/933 2691/977/933
f 2756/980/934 2758/979/934 2689/978/934
f 2685/974/934 2756/980/934 2689/978/934
f 2685/974/935 2689/978/935 2688/981/935
f 2688/981/930 2686/973/930 2685/974/930
f 2690/976/935 2688/981/935 2689/978/935
f 2757/965/931 2756/980/931 2685/974/931
f 2779/877/870 2756/980/870 2757/965/870
f 2779/877/870 2758/979/870 2756/980/870
f 2779/877/870 2759/982/870 2758/979/870
f 2759/982/933 2691/977/933 2758/979/933
f 2691/977/936 2759/982/936 2693/983/936
f 2691/977/937 2693/983/937 2692/975/937
f 2694/984/937 2692/975/937 2693/983/937
f 2693/983/938 2695/985/938 2694/984/938
f 2696/986/938 2694/984/938 2695/985/938
f 2761/987/939 2695/985/939 2760/988/939
f 2695/985/940 2761/987/940 2697/989/940
f 2693/983/939 2760/988/939 2695/985/939
f 2760/988/936 2693/983/936 2759/982/936
f 2779/877/870 2760/988/870 2759/982/870
f 2779/877/870 2761/987/870 2760/988/870
f 2779/877/870 2762/879/870 2761/987/870
f 2762/879/940 2697/989/940 2761/987/940
f 2697/989/941 2762/879/941 2700/990/941
f 2763/878/941 2700/990/941 2762/879/941
f 2763/878/942 2764/991/942 2700/990/942
f 2779/877/870 2764/991/870 2763/878/870
f 2702/992/942 2700/990/942 2764/991/942
f 2704/993/943 2702/992/943 2764/991/943
f 2765/994/943 2704/993/943 2764/991/943
f 2706/995/944 2704/993/944 2765/994/944
f 2695/985/945 2697/989/945 2696/986/945
f 2698/996/945 2696/986/945 2697/989/945
f 2699/997/946 2698/996/946 2697/989/946
f 2697/989/946 2700/990/946 2699/997/946
f 2701/998/947 2699/997/947 2700/990/947
f 2700/990/947 2702/992/947 2701/998/947
f 2703/999/948 2701/998/948 2702/992/948
f 2702/992/948 2704/993/948 2703/999/948
f 2705/1000/949 2703/999/949 2704/993/949
f 2704/993/949 2706/995/949 2705/1000/949
f 2707/1001/950 2705/1000/950 2706/995/950
f 2706/995/950 2708/1002/950 2707/1001/950
f 2659/1003/951 2707/1001/951 2708/1002/951
f 2708/1002/951 2660/1004/951 2659/1003/951
f 2660/1004/952 2658/1005/952 2659/1003/952
f 2658/1005/953 2660/1004/953 2743/1006/953
f 2743/1006/953 2742/1007/953 2658/1005/953
f 2779/877/870 2742/1007/870 2743/1006/870
f 2779/877/870 2741/1008/870 2742/1007/870
f 2779/877/870 2740/1009/870 2741/1008/870
f 2657/1010/952 2659/1003/952 2658/1005/952
f 2742/1007/954 2741/1008/954 2658/1005/954
f 2656/1011/954 2658/1005/954 2741/1008/954
f 2658/1005/955 2656/1011/955 2657/1010/955
f 2655/1012/955 2657/1010/955 2656/1011/955
f 2779/877/870 2765/994/870 2764/991/870
f 2779/877/870 2766/1013/870 2765/994/870
f 2766/1013/944 2706/995/944 2765/994/944
f 2708/1002/956 2706/995/956 2766/1013/956
f 2766/1013/956 2767/1014/956 2708/1002/956
f 2660/1004/957 2708/1002/957 2767/1014/957
f 2767/1014/957 2743/1006/957 2660/1004/957
f 2779/877/870 2743/1006/870 2767/1014/870
f 2779/877/870 2767/1014/870 2766/1013/870
f 2741/1008/958 2740/1009/958 2656/1011/958
f 2654/1015/958 2656/1011/958 2740/1009/958
f 2656/1011/959 2654/1015/959 2655/1012/959
f 2653/1016/959 2655/1012/959 2654/1015/959
f 2654/1015/960 2652/1017/960 2653/1016/960
f 2651/1018/960 2653/1016/960 2652/1017/960
f 2652/1017/961 2650/1019/961 2651/1018/961
f 2649/1020/961 2651/1018/961 2650/1019/961
f 2650/1019/962 2648/897/962 2649/1020/962
f 2647/896/962 2649/1020/962 2648/897/962
f 2646/894/963 2648/897/963 2736/882/963
f 2737/880/963 2736/882/963 2648/897/963
f 2648/897/964 2650/1019/964 2737/880/964
f 2738/881/964 2737/880/964 2650/1019/964
f 2650/1019/965 2652/1017/965 2738/881/965
f 2739/1021/965 2738/881/965 2652/1017/965
f 2652/1017/966 2654/1015/966 2739/1021/966
f 2740/1009/966 2739/1021/966 2654/1015/966
f 2779/877/870 2739/1021/870 2740/1009/870
f 2779/877/870 2738/881/870 2739/1021/870
f 2978/1022/967 2958/664/967 2950/665/967
f 2978/1022/968 2970/1023/968 2958/664/968
f 2977/1024/968 2970/1023/968 2978/1022/968
f 2951/677/655 2950/665/655 2944/667/655
f 2978/1022/967 2950/665/967 2951/677/967
f 2979/655/657 2978/1022/657 2951/677/657
f 2978/1022/969 2979/655/969 2980/654/969
f 2980/654/969 2977/1024/969 2978/1022/969
f 2980/654/638 2973/656/638 2977/1024/638
f 2970/1023/970 2977/1024/970 2973/656/970
f 2973/656/970 2971/657/970 2970/1023/970
f 2961/659/641 2970/1023/641 2971/657/641
f 2970/1023/645 2961/659/645 2958/664/645
f 2362/1025/971 2388/1026/971 2359/1027/971
f 2163/1028/972 2364/1029/972 2165/1030/972
f 2163/1028/973 2365/1031/973 2364/1029/973
f 2162/1032/973 2365/1031/973 2163/1028/973
f 2365/1031/974 2162/1032/974 2388/1026/974
f 2365/1031/975 2388/1026/975 2363/1033/975
f 2362/1025/976 2363/1033/976 2388/1026/976
f 2362/1025/977 2470/1034/977 2363/1033/977
f 2362/1025/977 2361/1035/977 2470/1034/977
f 2362/1025/978 2359/1027/978 2361/1035/978
f 2360/1036/978 2361/1035/978 2359/1027/978
f 2360/1036/979 2359/1027/979 2358/1037/979
f 2164/1038/980 2161/1039/980 2163/1028/980
f 2162/1032/980 2163/1028/980 2161/1039/980
f 2162/1032/981 2161/1039/981 2160/1040/981
f 2160/1040/974 2388/1026/974 2162/1032/974
f 2388/1026/982 2160/1040/982 2387/1041/982
f 2387/1041/971 2359/1027/971 2388/1026/971
f 2359/1027/983 2387/1041/983 2357/1042/983
f 2357/1042/979 2358/1037/979 2359/1027/979
f 2358/1037/984 2357/1042/984 2355/1043/984
f 2356/1044/984 2355/1043/984 2357/1042/984
f 2356/1044/985 2357/1042/985 2385/1045/985
f 2159/1046/981 2160/1040/981 2161/1039/981
f 2160/1040/986 2159/1046/986 2158/1047/986
f 2158/1047/982 2387/1041/982 2160/1040/982
f 2387/1041/987 2158/1047/987 2386/1048/987
f 2386/1048/983 2357/1042/983 2387/1041/983
f 2386/1048/985 2385/1045/985 2357/1042/985
f 2386/1048/988 2156/1049/988 2385/1045/988
f 2154/1050/988 2385/1045/988 2156/1049/988
f 2156/1049/989 2155/1051/989 2154/1050/989
f 2153/1052/989 2154/1050/989 2155/1051/989
f 2156/1049/987 2386/1048/987 2158/1047/987
f 2158/1047/990 2157/1053/990 2156/1049/990
f 2155/1051/990 2156/1049/990 2157/1053/990
f 2157/1053/986 2158/1047/986 2159/1046/986
f 2356/1044/991 2354/1054/991 2355/1043/991
f 2356/1044/992 2385/1045/992 2354/1054/992
f 2384/1055/992 2354/1054/992 2385/1045/992
f 2385/1045/993 2154/1050/993 2384/1055/993
f 2152/1056/993 2384/1055/993 2154/1050/993
f 2154/1050/994 2153/1052/994 2152/1056/994
f 2151/1057/994 2152/1056/994 2153/1052/994
f 2152/1056/995 2151/1057/995 2149/1058/995
f 2150/1059/995 2149/1058/995 2151/1057/995
f 2150/1059/996 2148/1060/996 2149/1058/996
f 2149/1058/997 2383/1061/997 2152/1056/997
f 2384/1055/997 2152/1056/997 2383/1061/997
f 2382/1062/998 2149/1058/998 2147/1063/998
f 2383/1061/998 2149/1058/998 2382/1062/998
f 2349/1064/999 2383/1061/999 2382/1062/999
f 2351/1065/999 2383/1061/999 2349/1064/999
f 2383/1061/1000 2351/1065/1000 2384/1055/1000
f 2354/1054/1000 2384/1055/1000 2351/1065/1000
f 2353/1066/991 2355/1043/991 2354/1054/991
f 2354/1054/1001 2351/1065/1001 2353/1066/1001
f 2350/1067/1001 2353/1066/1001 2351/1065/1001
f 2351/1065/1002 2349/1064/1002 2350/1067/1002
f 2352/1068/1002 2350/1067/1002 2349/1064/1002
f 2352/1068/1003 2349/1064/1003 2445/1069/1003
f 2381/1070/1003 2445/1069/1003 2349/1064/1003
f 2349/1064/1004 2382/1062/1004 2381/1070/1004
f 2381/1070/1004 2382/1062/1004 2380/1071/1004
f 2382/1062/1005 2147/1063/1005 2380/1071/1005
f 2444/1072/1006 2445/1069/1006 2443/1073/1006
f 2443/1073/1006 2445/1069/1006 2446/1074/1006
f 2445/1069/1003 2381/1070/1003 2446/1074/1003
f 2446/1074/1007 2381/1070/1007 2452/1075/1007
f 2452/1075/1007 2381/1070/1007 2348/1076/1007
f 2452/1075/1007 2348/1076/1007 2347/1077/1007
f 2348/1076/1008 2346/1078/1008 2347/1077/1008
f 2345/1079/1008 2347/1077/1008 2346/1078/1008
f 2346/1078/1009 2344/1080/1009 2345/1079/1009
f 2343/1081/1009 2345/1079/1009 2344/1080/1009
f 2344/1080/1010 1717/1082/1010 2343/1081/1010
f 1719/1083/1010 2343/1081/1010 1717/1082/1010
f 1719/1083/1011 1717/1082/1011 1716/1084/1011
f 1717/1082/1012 2377/1085/1012 1754/1086/1012
f 2377/1085/1012 1717/1082/1012 2344/1080/1012
f 2344/1080/1013 2346/1078/1013 2377/1085/1013
f 2378/1087/1013 2377/1085/1013 2346/1078/1013
f 2346/1078/1014 2348/1076/1014 2378/1087/1014
f 2379/1088/1014 2378/1087/1014 2348/1076/1014
f 2348/1076/1015 2380/1071/1015 2379/1088/1015
f 2381/1070/1015 2380/1071/1015 2348/1076/1015
f 2380/1071/1005 2147/1063/1005 2145/1089/1005
f 2380/1071/1016 2145/1089/1016 2379/1088/1016
f 2379/1088/1016 2145/1089/1016 2143/1090/1016
f 2379/1088/1017 2143/1090/1017 2378/1087/1017
f 2378/1087/1017 2143/1090/1017 2141/1091/1017
f 2141/1091/1018 2377/1085/1018 2378/1087/1018
f 2377/1085/1018 2141/1091/1018 2139/1092/1018
f 2139/1092/1019 1754/1086/1019 2377/1085/1019
f 1754/1086/1019 2139/1092/1019 1497/1093/1019
f 2148/1060/996 2147/1063/996 2149/1058/996
f 2148/1060/1020 2146/1094/1020 2147/1063/1020
f 2146/1094/1020 2145/1089/1020 2147/1063/1020
f 2146/1094/1021 2144/1095/1021 2145/1089/1021
f 2144/1095/1021 2143/1090/1021 2145/1089/1021
f 2144/1095/1022 2142/1096/1022 2143/1090/1022
f 2142/1096/1022 2141/1091/1022 2143/1090/1022
f 2142/1096/1023 2140/1097/1023 2141/1091/1023
f 2140/1097/1023 2139/1092/1023 2141/1091/1023
f 2140/1097/1024 1495/1098/1024 2139/1092/1024
f 1497/1093/1024 2139/1092/1024 1495/1098/1024
f 1497/1093/1025 1495/1098/1025 1494/1099/1025
f 1494/1099/1026 1754/1086/1026 1497/1093/1026
f 1494/1099/1026 1753/1100/1026 1754/1086/1026
f 1754/1086/1027 1753/1100/1027 1717/1082/1027
f 1753/1100/1027 1718/1101/1027 1717/1082/1027
f 1718/1101/1011 1716/1084/1011 1717/1082/1011
f 1716/1084/1028 1718/1101/1028 1720/1102/1028
f 1721/1103/1028 1720/1102/1028 1718/1101/1028
f 1720/1102/1029 1721/1103/1029 1722/1104/1029
f 1718/1101/1030 1753/1100/1030 1721/1103/1030
f 1755/1105/1030 1721/1103/1030 1753/1100/1030
f 1721/1103/1031 1755/1105/1031 1723/1106/1031
f 1756/1107/1031 1723/1106/1031 1755/1105/1031
f 1723/1106/1032 1756/1107/1032 1757/1108/1032
f 1502/1109/1033 1757/1108/1033 1756/1107/1033
f 1756/1107/1033 1500/1110/1033 1502/1109/1033
f 1500/1110/1034 1756/1107/1034 1755/1105/1034
f 1755/1105/1034 1498/1111/1034 1500/1110/1034
f 1498/1111/1035 1755/1105/1035 1753/1100/1035
f 1498/1111/1035 1753/1100/1035 1494/1099/1035
f 1757/1108/1032 1758/1112/1032 1723/1106/1032
f 1500/1110/1036 1501/1113/1036 1502/1109/1036
f 1501/1113/1037 1500/1110/1037 1499/1114/1037
f 1498/1111/1037 1499/1114/1037 1500/1110/1037
f 1499/1114/1038 1498/1111/1038 1496/1115/1038
f 1494/1099/1038 1496/1115/1038 1498/1111/1038
f 1496/1115/1025 1494/1099/1025 1495/1098/1025
f 1727/1116/1039 1725/1117/1039 1724/1118/1039
f 1726/1119/1039 1724/1118/1039 1725/1117/1039
f 1726/1119/1040 1826/1120/1040 1724/1118/1040
f 1758/1112/1040 1724/1118/1040 1826/1120/1040
f 1759/1121/1041 1724/1118/1041 1758/1112/1041
f 1758/1112/1041 1757/1108/1041 1759/1121/1041
f 1504/1122/1042 1759/1121/1042 1757/1108/1042
f 1757/1108/1042 1502/1109/1042 1504/1122/1042
f 1502/1109/1043 1503/1123/1043 1504/1122/1043
f 1503/1123/1036 1502/1109/1036 1501/1113/1036
f 1759/1121/1044 1504/1122/1044 1506/1124/1044
f 1760/1125/1044 1759/1121/1044 1506/1124/1044
f 1760/1125/1045 1506/1124/1045 1509/1126/1045
f 1761/1127/1045 1760/1125/1045 1509/1126/1045
f 1761/1127/1046 1509/1126/1046 1511/1128/1046
f 1505/1129/1043 1504/1122/1043 1503/1123/1043
f 1504/1122/1047 1505/1129/1047 1506/1124/1047
f 1507/1130/1047 1506/1124/1047 1505/1129/1047
f 1507/1130/1048 1508/1131/1048 1506/1124/1048
f 1509/1126/1048 1506/1124/1048 1508/1131/1048
f 1508/1131/1049 1510/1132/1049 1509/1126/1049
f 1511/1128/1049 1509/1126/1049 1510/1132/1049
f 1510/1132/1050 1512/1133/1050 1511/1128/1050
f 1513/1134/1050 1511/1128/1050 1512/1133/1050
f 1512/1133/1051 1514/1135/1051 1513/1134/1051
f 1724/1118/1052 1759/1121/1052 1760/1125/1052
f 1727/1116/1052 1724/1118/1052 1760/1125/1052
f 1727/1116/1053 1760/1125/1053 1729/1136/1053
f 1761/1127/1053 1729/1136/1053 1760/1125/1053
f 1729/1136/1054 1761/1127/1054 1762/1137/1054
f 1762/1137/1046 1761/1127/1046 1511/1128/1046
f 1762/1137/1055 1511/1128/1055 1513/1134/1055
f 1763/1138/1055 1762/1137/1055 1513/1134/1055
f 1513/1134/1056 1515/1139/1056 1763/1138/1056
f 1764/1140/1056 1763/1138/1056 1515/1139/1056
f 1515/1139/1057 1517/1141/1057 1764/1140/1057
f 1765/1142/1057 1764/1140/1057 1517/1141/1057
f 1517/1141/1058 1519/1143/1058 1765/1142/1058
f 1740/1144/1058 1765/1142/1058 1519/1143/1058
f 1740/1144/1059 1739/1145/1059 1765/1142/1059
f 1737/1146/1059 1765/1142/1059 1739/1145/1059
f 1737/1146/1060 1735/1147/1060 1765/1142/1060
f 1764/1140/1060 1765/1142/1060 1735/1147/1060
f 1735/1147/1061 1733/1148/1061 1764/1140/1061
f 1763/1138/1061 1764/1140/1061 1733/1148/1061
f 1763/1138/1062 1733/1148/1062 1762/1137/1062
f 1731/1149/1062 1762/1137/1062 1733/1148/1062
f 1731/1149/1054 1729/1136/1054 1762/1137/1054
f 1737/1146/1063 1736/1150/1063 1735/1147/1063
f 1734/1151/1063 1735/1147/1063 1736/1150/1063
f 1735/1147/1064 1734/1151/1064 1733/1148/1064
f 1732/1152/1064 1733/1148/1064 1734/1151/1064
f 1733/1148/1065 1732/1152/1065 1731/1149/1065
f 1730/1153/1065 1731/1149/1065 1732/1152/1065
f 1731/1149/1066 1730/1153/1066 1729/1136/1066
f 1728/1154/1066 1729/1136/1066 1730/1153/1066
f 1729/1136/1067 1728/1154/1067 1727/1116/1067
f 1725/1117/1067 1727/1116/1067 1728/1154/1067
f 1838/1155/1068 1839/1156/1068 1840/1157/1068
f 1841/1158/1068 1840/1157/1068 1839/1156/1068
f 1840/1157/1069 1841/1158/1069 1842/1159/1069
f 1843/1160/1069 1842/1159/1069 1841/1158/1069
f 1842/1159/1070 1843/1160/1070 1844/1161/1070
f 1845/1162/1070 1844/1161/1070 1843/1160/1070
f 1739/1145/1071 1844/1161/1071 1845/1162/1071
f 1739/1145/1072 1845/1162/1072 1851/1163/1072
f 1851/1163/1072 1737/1146/1072 1739/1145/1072
f 1736/1150/1072 1737/1146/1072 1851/1163/1072
f 1814/1164/1073 1847/1165/1073 1768/1166/1073
f 1847/1165/1073 1835/1167/1073 1768/1166/1073
f 1847/1165/1074 1846/1168/1074 1835/1167/1074
f 1846/1168/1074 1836/1169/1074 1835/1167/1074
f 1846/1168/1075 1848/1170/1075 1836/1169/1075
f 1848/1170/1075 1839/1156/1075 1836/1169/1075
f 1848/1170/1076 1849/1171/1076 1839/1156/1076
f 1849/1171/1076 1841/1158/1076 1839/1156/1076
f 1849/1171/1077 1850/1172/1077 1841/1158/1077
f 1850/1172/1077 1843/1160/1077 1841/1158/1077
f 1850/1172/1078 1851/1163/1078 1843/1160/1078
f 1851/1163/1078 1845/1162/1078 1843/1160/1078
f 1815/1173/1079 1813/1174/1079 1814/1164/1079
f 1815/1173/1080 1814/1164/1080 1767/1175/1080
f 1814/1164/1080 1768/1166/1080 1767/1175/1080
f 1768/1166/1081 1766/1176/1081 1767/1175/1081
f 1766/1176/1082 1768/1166/1082 1837/1177/1082
f 1835/1167/1082 1837/1177/1082 1768/1166/1082
f 1837/1177/1083 1835/1167/1083 1834/1178/1083
f 1836/1169/1083 1834/1178/1083 1835/1167/1083
f 1834/1178/1084 1836/1169/1084 1838/1155/1084
f 1839/1156/1084 1838/1155/1084 1836/1169/1084
f 1769/1179/1081 1767/1175/1081 1766/1176/1081
f 1766/1176/1085 1770/1180/1085 1769/1179/1085
f 1771/1181/1085 1769/1179/1085 1770/1180/1085
f 1771/1181/1086 1770/1180/1086 1772/1182/1086
f 1773/1183/1086 1772/1182/1086 1770/1180/1086
f 1773/1183/1087 1774/1184/1087 1772/1182/1087
f 1775/1185/1087 1772/1182/1087 1774/1184/1087
f 1775/1185/1088 1774/1184/1088 1776/1186/1088
f 1777/1187/1088 1776/1186/1088 1774/1184/1088
f 1777/1187/1089 1778/1188/1089 1776/1186/1089
f 1779/1189/1089 1776/1186/1089 1778/1188/1089
f 1780/1190/1090 1779/1189/1090 1778/1188/1090
f 1781/1191/1091 1780/1190/1091 1778/1188/1091
f 1782/1192/1092 1780/1190/1092 1781/1191/1092
f 1786/1193/1093 1788/1194/1093 1787/1195/1093
f 1787/1195/1094 1785/1196/1094 1786/1193/1094
f 1784/1197/1094 1786/1193/1094 1785/1196/1094
f 1785/1196/1095 1782/1192/1095 1784/1197/1095
f 1783/1198/1095 1784/1197/1095 1782/1192/1095
f 1783/1198/1092 1782/1192/1092 1781/1191/1092
f 1864/1199/1096 1783/1198/1096 1781/1191/1096
f 1854/1200/1096 1783/1198/1096 1864/1199/1096
f 1854/1200/1097 1864/1199/1097 1865/1201/1097
f 1855/1202/1097 1854/1200/1097 1865/1201/1097
f 1853/1203/1098 1784/1197/1098 1783/1198/1098
f 1853/1203/1098 1783/1198/1098 1854/1200/1098
f 1854/1200/1099 1852/1204/1099 1853/1203/1099
f 1852/1204/1099 1854/1200/1099 1855/1202/1099
f 1855/1202/1100 1856/1205/1100 1852/1204/1100
f 1856/1205/1100 1855/1202/1100 1857/1206/1100
f 1857/1206/1101 1858/1207/1101 1856/1205/1101
f 1858/1207/1101 1857/1206/1101 1859/1208/1101
f 1859/1208/1102 1860/1209/1102 1858/1207/1102
f 1860/1209/1102 1859/1208/1102 1861/1210/1102
f 1862/1211/1103 1860/1209/1103 1861/1210/1103
f 1862/1211/1103 1861/1210/1103 1863/1212/1103
f 1855/1202/1104 1865/1201/1104 1866/1213/1104
f 1857/1206/1104 1855/1202/1104 1866/1213/1104
f 1857/1206/1105 1866/1213/1105 1867/1214/1105
f 1859/1208/1105 1857/1206/1105 1867/1214/1105
f 1859/1208/1106 1867/1214/1106 1868/1215/1106
f 1861/1210/1106 1859/1208/1106 1868/1215/1106
f 1869/1216/1107 1861/1210/1107 1868/1215/1107
f 1863/1212/1107 1861/1210/1107 1869/1216/1107
f 1869/1216/1108 1747/1217/1108 1863/1212/1108
f 1863/1212/1109 1747/1217/1109 1862/1211/1109
f 1707/1218/1110 1706/1219/1110 1704/1220/1110
f 1707/1218/1108 1869/1216/1108 1706/1219/1108
f 1869/1216/1108 1707/1218/1108 1747/1217/1108
f 1707/1218/1111 1746/1221/1111 1747/1217/1111
f 1702/1222/1112 1703/1223/1112 1704/1220/1112
f 1705/1224/1112 1704/1220/1112 1703/1223/1112
f 1707/1218/1110 1704/1220/1110 1705/1224/1110
f 1705/1224/1113 1745/1225/1113 1707/1218/1113
f 1746/1221/1113 1707/1218/1113 1745/1225/1113
f 1533/1226/1114 1746/1221/1114 1745/1225/1114
f 1746/1221/1115 1533/1226/1115 1535/1227/1115
f 1535/1227/1116 1533/1226/1116 1534/1228/1116
f 1534/1228/1117 1536/1229/1117 1535/1227/1117
f 1537/1230/1117 1535/1227/1117 1536/1229/1117
f 1745/1225/1118 1705/1224/1118 1703/1223/1118
f 1532/1231/1116 1534/1228/1116 1533/1226/1116
f 1533/1226/1119 1531/1232/1119 1532/1231/1119
f 1745/1225/1114 1531/1232/1114 1533/1226/1114
f 1531/1232/1120 1745/1225/1120 1744/1233/1120
f 1745/1225/1118 1703/1223/1118 1744/1233/1118
f 1744/1233/1121 1703/1223/1121 1743/1234/1121
f 1700/1235/1121 1743/1234/1121 1703/1223/1121
f 1743/1234/1122 1700/1235/1122 1742/1236/1122
f 1698/1237/1122 1742/1236/1122 1700/1235/1122
f 1742/1236/1123 1698/1237/1123 1741/1238/1123
f 1694/1239/1123 1741/1238/1123 1698/1237/1123
f 1741/1238/1124 1694/1239/1124 1738/1240/1124
f 1696/1241/1124 1738/1240/1124 1694/1239/1124
f 1844/1161/1071 1739/1145/1071 1696/1241/1071
f 1844/1161/1071 1696/1241/1071 1695/1242/1071
f 1696/1241/1125 1694/1239/1125 1695/1242/1125
f 1697/1243/1125 1695/1242/1125 1694/1239/1125
f 1694/1239/1126 1698/1237/1126 1697/1243/1126
f 1699/1244/1126 1697/1243/1126 1698/1237/1126
f 1698/1237/1127 1700/1235/1127 1699/1244/1127
f 1699/1244/1127 1700/1235/1127 1701/1245/1127
f 1700/1235/1128 1703/1223/1128 1701/1245/1128
f 1703/1223/1128 1702/1222/1128 1701/1245/1128
f 1515/1139/1051 1513/1134/1051 1514/1135/1051
f 1514/1135/1129 1516/1246/1129 1515/1139/1129
f 1517/1141/1129 1515/1139/1129 1516/1246/1129
f 1516/1246/1130 1518/1247/1130 1517/1141/1130
f 1519/1143/1130 1517/1141/1130 1518/1247/1130
f 1519/1143/1131 1518/1247/1131 1521/1248/1131
f 1519/1143/1132 1521/1248/1132 1740/1144/1132
f 1738/1240/1132 1740/1144/1132 1521/1248/1132
f 1740/1144/1133 1738/1240/1133 1739/1145/1133
f 1696/1241/1133 1739/1145/1133 1738/1240/1133
f 1521/1248/1131 1518/1247/1131 1520/1249/1131
f 1521/1248/1134 1520/1249/1134 1523/1250/1134
f 1521/1248/1135 1523/1250/1135 1738/1240/1135
f 1741/1238/1135 1738/1240/1135 1523/1250/1135
f 1523/1250/1136 1525/1251/1136 1741/1238/1136
f 1525/1251/1136 1742/1236/1136 1741/1238/1136
f 1525/1251/1137 1527/1252/1137 1742/1236/1137
f 1527/1252/1137 1743/1234/1137 1742/1236/1137
f 1529/1253/1138 1743/1234/1138 1527/1252/1138
f 1529/1253/1138 1744/1233/1138 1743/1234/1138
f 1523/1250/1134 1520/1249/1134 1522/1254/1134
f 1523/1250/1139 1522/1254/1139 1525/1251/1139
f 1525/1251/1139 1522/1254/1139 1524/1255/1139
f 1525/1251/1140 1524/1255/1140 1527/1252/1140
f 1527/1252/1140 1524/1255/1140 1526/1256/1140
f 1527/1252/1141 1526/1256/1141 1529/1253/1141
f 1529/1253/1141 1526/1256/1141 1528/1257/1141
f 1531/1232/1120 1744/1233/1120 1529/1253/1120
f 1529/1253/1142 1528/1257/1142 1531/1232/1142
f 1528/1257/1142 1530/1258/1142 1531/1232/1142
f 1530/1258/1119 1532/1231/1119 1531/1232/1119
f 2329/1259/1143 2327/1260/1143 2330/1261/1143
f 2332/1262/1144 2333/1263/1144 2331/1264/1144
f 2331/1264/1145 2330/1261/1145 2332/1262/1145
f 2330/1261/1145 2331/1264/1145 2329/1259/1145
f 2329/1259/1146 2331/1264/1146 2368/1265/1146
f 2368/1265/1147 2367/1266/1147 2329/1259/1147
f 2169/1267/1148 2367/1266/1148 2368/1265/1148
f 2367/1266/1148 2169/1267/1148 2167/1268/1148
f 2167/1268/1149 2366/1269/1149 2367/1266/1149
f 2366/1269/1149 2167/1268/1149 2165/1030/1149
f 2165/1030/972 2364/1029/972 2366/1269/972
f 2369/1270/1146 2368/1265/1146 2331/1264/1146
f 2171/1271/1150 2368/1265/1150 2369/1270/1150
f 2368/1265/1150 2171/1271/1150 2169/1267/1150
f 2169/1267/1151 2171/1271/1151 2170/1272/1151
f 2170/1272/1152 2168/1273/1152 2169/1267/1152
f 2167/1268/1152 2169/1267/1152 2168/1273/1152
f 2168/1273/1153 2166/1274/1153 2167/1268/1153
f 2165/1030/1153 2167/1268/1153 2166/1274/1153
f 2166/1274/1154 2164/1038/1154 2165/1030/1154
f 2163/1028/1154 2165/1030/1154 2164/1038/1154
f 2367/1266/1155 2366/1269/1155 2328/1275/1155
f 2325/1276/1155 2328/1275/1155 2366/1269/1155
f 2366/1269/1156 2364/1029/1156 2325/1276/1156
f 2326/1277/1156 2325/1276/1156 2364/1029/1156
f 2364/1029/1157 2363/1033/1157 2326/1277/1157
f 2365/1031/1158 2363/1033/1158 2364/1029/1158
f 2328/1275/1147 2329/1259/1147 2367/1266/1147
f 2327/1260/1143 2329/1259/1143 2328/1275/1143
f 2328/1275/1159 2325/1276/1159 2327/1260/1159
f 2324/1278/1159 2327/1260/1159 2325/1276/1159
f 2325/1276/1160 2323/1279/1160 2324/1278/1160
f 2326/1277/1160 2323/1279/1160 2325/1276/1160
f 2326/1277/1161 2463/1280/1161 2323/1279/1161
f 2463/1280/1161 2326/1277/1161 2363/1033/1161
f 2464/1281/1161 2463/1280/1161 2363/1033/1161
f 2470/1034/977 2464/1281/977 2363/1033/977
f 2464/1281/1162 2470/1034/1162 2462/1282/1162
f 2469/1283/1162 2462/1282/1162 2470/1034/1162
f 2462/1282/1163 2469/1283/1163 2460/1284/1163
f 2468/1285/1163 2460/1284/1163 2469/1283/1163
f 2460/1284/1164 2468/1285/1164 2458/1286/1164
f 2467/1287/1164 2458/1286/1164 2468/1285/1164
f 2458/1286/1165 2467/1287/1165 2456/1288/1165
f 2465/1289/1165 2456/1288/1165 2467/1287/1165
f 2456/1288/1166 2465/1289/1166 2455/1290/1166
f 2466/1291/1166 2455/1290/1166 2465/1289/1166
f 2464/1281/1167 2462/1282/1167 2463/1280/1167
f 2462/1282/1167 2461/1292/1167 2463/1280/1167
f 2462/1282/1168 2460/1284/1168 2461/1292/1168
f 2460/1284/1168 2459/1293/1168 2461/1292/1168
f 2460/1284/1169 2458/1286/1169 2459/1293/1169
f 2458/1286/1169 2457/1294/1169 2459/1293/1169
f 2458/1286/1170 2456/1288/1170 2457/1294/1170
f 2456/1288/1170 2454/1295/1170 2457/1294/1170
f 2456/1288/1171 2455/1290/1171 2454/1295/1171
f 2455/1290/1171 2453/1296/1171 2454/1295/1171
f 2455/1290/1172 2391/1297/1172 2453/1296/1172
f 2391/1297/1172 2390/1298/1172 2453/1296/1172
f 2455/1290/1173 2466/1291/1173 2391/1297/1173
f 2433/1299/1173 2391/1297/1173 2466/1291/1173
f 2433/1299/1174 2389/1300/1174 2391/1297/1174
f 2391/1297/1175 2389/1300/1175 2390/1298/1175
f 2392/1301/1175 2390/1298/1175 2389/1300/1175
f 2390/1298/1176 2392/1301/1176 2393/1302/1176
f 2394/1303/1176 2393/1302/1176 2392/1301/1176
f 2395/1304/1177 2393/1302/1177 2394/1303/1177
f 2396/1305/1177 2393/1302/1177 2395/1304/1177
f 2396/1305/1178 2395/1304/1178 2397/1306/1178
f 2398/1307/1178 2397/1306/1178 2395/1304/1178
f 2399/1308/1179 2397/1306/1179 2398/1307/1179
f 2400/1309/1179 2397/1306/1179 2399/1308/1179
f 2400/1309/1180 2399/1308/1180 2401/1310/1180
f 2402/1311/1180 2401/1310/1180 2399/1308/1180
f 2402/1311/1181 2403/1312/1181 2401/1310/1181
f 2404/1313/1181 2401/1310/1181 2403/1312/1181
f 2403/1312/1182 2405/1314/1182 2404/1313/1182
f 2406/1315/1182 2404/1313/1182 2405/1314/1182
f 2406/1315/1183 2405/1314/1183 2407/1316/1183
f 2407/1316/1184 2474/1317/1184 2406/1315/1184
f 2406/1315/1184 2474/1317/1184 2472/1318/1184
f 2474/1317/1185 2473/1319/1185 2472/1318/1185
f 2473/1319/1185 2471/1320/1185 2472/1318/1185
f 2473/1319/1186 2476/1321/1186 2471/1320/1186
f 2476/1321/1186 2475/1322/1186 2471/1320/1186
f 2476/1321/1187 2478/1323/1187 2475/1322/1187
f 2478/1323/1187 2477/1324/1187 2475/1322/1187
f 2478/1323/1188 2480/1325/1188 2477/1324/1188
f 2480/1325/1188 2479/1326/1188 2477/1324/1188
f 2479/1326/1189 2482/1327/1189 2488/1328/1189
f 2479/1326/1189 2488/1328/1189 2487/1329/1189
f 2487/1329/1190 2477/1324/1190 2479/1326/1190
f 2477/1324/1190 2487/1329/1190 2486/1330/1190
f 2486/1330/1191 2475/1322/1191 2477/1324/1191
f 2475/1322/1191 2486/1330/1191 2485/1331/1191
f 2485/1331/1192 2471/1320/1192 2475/1322/1192
f 2471/1320/1192 2485/1331/1192 2483/1332/1192
f 2483/1332/1193 2472/1318/1193 2471/1320/1193
f 2472/1318/1193 2483/1332/1193 2484/1333/1193
f 2406/1315/1194 2472/1318/1194 2484/1333/1194
f 2406/1315/1194 2484/1333/1194 2404/1313/1194
f 2254/1334/1195 2231/1335/1195 2255/1336/1195
f 2231/1335/316 2185/1337/316 2187/1338/316
f 2231/1335/316 2187/1338/316 2232/1339/316
f 2232/1339/1195 2255/1336/1195 2231/1335/1195
f 2255/1336/1196 2232/1339/1196 2256/1340/1196
f 2233/1341/1196 2256/1340/1196 2232/1339/1196
f 2256/1340/1197 2233/1341/1197 2257/1342/1197
f 2234/1343/1197 2257/1342/1197 2233/1341/1197
f 2257/1342/1198 2234/1343/1198 2258/1344/1198
f 2235/1345/1198 2258/1344/1198 2234/1343/1198
f 2258/1344/1199 2235/1345/1199 2259/1346/1199
f 2232/1339/316 2187/1338/316 2189/1347/316
f 2232/1339/316 2189/1347/316 2233/1341/316
f 2233/1341/316 2189/1347/316 2234/1343/316
f 2191/1348/316 2234/1343/316 2189/1347/316
f 2234/1343/316 2191/1348/316 2193/1349/316
f 2234/1343/316 2193/1349/316 2235/1345/316
f 2260/1350/1200 2238/1351/1200 2261/1352/1200
f 2238/1351/1200 2260/1350/1200 2237/1353/1200
f 2259/1346/1201 2237/1353/1201 2260/1350/1201
f 2237/1353/1201 2259/1346/1201 2236/1354/1201
f 2236/1354/1199 2259/1346/1199 2235/1345/1199
f 2195/1355/316 2236/1354/316 2235/1345/316
f 2235/1345/316 2193/1349/316 2195/1355/316
f 2193/1349/1202 2194/1356/1202 2195/1355/1202
f 2194/1356/1203 2193/1349/1203 2192/1357/1203
f 2191/1348/1203 2192/1357/1203 2193/1349/1203
f 2236/1354/316 2195/1355/316 2237/1353/316
f 2198/1358/316 2237/1353/316 2195/1355/316
f 2198/1358/316 2199/1359/316 2237/1353/316
f 2238/1351/316 2237/1353/316 2199/1359/316
f 2238/1351/316 2199/1359/316 2239/1360/316
f 2201/1361/316 2239/1360/316 2199/1359/316
f 2239/1360/316 2201/1361/316 2240/1362/316
f 2203/1363/316 2240/1362/316 2201/1361/316
f 2203/1363/316 2205/1364/316 2240/1362/316
f 2241/1365/316 2240/1362/316 2205/1364/316
f 2208/1366/1204 2207/1367/1204 2205/1364/1204
f 2207/1367/316 2242/1368/316 2205/1364/316
f 2241/1365/316 2205/1364/316 2242/1368/316
f 2264/1369/1205 2241/1365/1205 2242/1368/1205
f 2263/1370/1206 2241/1365/1206 2264/1369/1206
f 2263/1370/1206 2240/1362/1206 2241/1365/1206
f 2262/1371/1207 2240/1362/1207 2263/1370/1207
f 2262/1371/1207 2239/1360/1207 2240/1362/1207
f 2261/1352/1208 2239/1360/1208 2262/1371/1208
f 2239/1360/1208 2261/1352/1208 2238/1351/1208
f 2266/1372/1209 2243/1373/1209 2267/1374/1209
f 2243/1373/1210 2266/1372/1210 2242/1368/1210
f 2265/1375/1210 2242/1368/1210 2266/1372/1210
f 2264/1369/1205 2242/1368/1205 2265/1375/1205
f 2207/1367/316 2209/1376/316 2242/1368/316
f 2243/1373/316 2242/1368/316 2209/1376/316
f 2243/1373/316 2209/1376/316 2244/1377/316
f 2244/1377/1209 2267/1374/1209 2243/1373/1209
f 2267/1374/1211 2244/1377/1211 2268/1378/1211
f 2245/1379/1211 2268/1378/1211 2244/1377/1211
f 2268/1378/1212 2245/1379/1212 2269/1380/1212
f 2246/1381/1212 2269/1380/1212 2245/1379/1212
f 2269/1380/1213 2246/1381/1213 2270/1382/1213
f 2247/1383/1213 2270/1382/1213 2246/1381/1213
f 2270/1382/1214 2247/1383/1214 2271/1384/1214
f 2211/1385/316 2244/1377/316 2209/1376/316
f 2211/1385/316 2213/1386/316 2244/1377/316
f 2245/1379/316 2244/1377/316 2213/1386/316
f 2245/1379/316 2213/1386/316 2246/1381/316
f 2215/1387/316 2246/1381/316 2213/1386/316
f 2217/1388/316 2246/1381/316 2215/1387/316
f 2247/1383/316 2246/1381/316 2217/1388/316
f 2218/1389/1215 2217/1388/1215 2216/1390/1215
f 2215/1387/1215 2216/1390/1215 2217/1388/1215
f 2216/1390/1216 2215/1387/1216 2214/1391/1216
f 2213/1386/1216 2214/1391/1216 2215/1387/1216
f 2214/1391/1217 2213/1386/1217 2212/1392/1217
f 2211/1385/1217 2212/1392/1217 2213/1386/1217
f 2212/1392/1218 2211/1385/1218 2210/1393/1218
f 2209/1376/1218 2210/1393/1218 2211/1385/1218
f 2210/1393/1219 2209/1376/1219 2208/1366/1219
f 2207/1367/1219 2208/1366/1219 2209/1376/1219
f 2273/1394/1220 2251/1395/1220 2274/1396/1220
f 2250/1397/1220 2251/1395/1220 2273/1394/1220
f 2272/1398/1221 2250/1397/1221 2273/1394/1221
f 2249/1399/1221 2250/1397/1221 2272/1398/1221
f 2271/1384/1222 2249/1399/1222 2272/1398/1222
f 2248/1400/1222 2249/1399/1222 2271/1384/1222
f 2248/1400/1214 2271/1384/1214 2247/1383/1214
f 2247/1383/316 2219/1401/316 2248/1400/316
f 2247/1383/316 2217/1388/316 2219/1401/316
f 2217/1388/1223 2218/1389/1223 2219/1401/1223
f 2229/1402/316 2253/1403/316 2252/1404/316
f 2227/1405/316 2229/1402/316 2252/1404/316
f 2227/1405/316 2252/1404/316 2225/1406/316
f 2251/1395/316 2225/1406/316 2252/1404/316
f 2225/1406/316 2251/1395/316 2223/1407/316
f 2250/1397/316 2223/1407/316 2251/1395/316
f 2249/1399/316 2223/1407/316 2250/1397/316
f 2249/1399/316 2221/1408/316 2223/1407/316
f 2221/1408/316 2249/1399/316 2219/1401/316
f 2248/1400/316 2219/1401/316 2249/1399/316
f 2220/1409/1223 2219/1401/1223 2218/1389/1223
f 2220/1409/1224 2222/1410/1224 2219/1401/1224
f 2222/1410/1224 2221/1408/1224 2219/1401/1224
f 2222/1410/1225 2224/1411/1225 2221/1408/1225
f 2224/1411/1225 2223/1407/1225 2221/1408/1225
f 2224/1411/1226 2226/1412/1226 2223/1407/1226
f 2226/1412/1226 2225/1406/1226 2223/1407/1226
f 2226/1412/1227 2228/1413/1227 2225/1406/1227
f 2228/1413/1227 2227/1405/1227 2225/1406/1227
f 2228/1413/1228 2230/1414/1228 2227/1405/1228
f 2230/1414/1228 2229/1402/1228 2227/1405/1228
f 2230/1414/1229 1592/1415/1229 2229/1402/1229
f 1590/1416/1230 1591/1417/1230 1592/1415/1230
f 1593/1418/1230 1592/1415/1230 1591/1417/1230
f 1592/1415/1229 1593/1418/1229 2229/1402/1229
f 1593/1418/316 1618/1419/316 2229/1402/316
f 2253/1403/316 2229/1402/316 1618/1419/316
f 2253/1403/1231 1618/1419/1231 2276/1420/1231
f 2253/1403/1232 2276/1420/1232 2275/1421/1232
f 2252/1404/1232 2253/1403/1232 2275/1421/1232
f 2252/1404/1233 2275/1421/1233 2274/1396/1233
f 2251/1395/1233 2252/1404/1233 2274/1396/1233
f 1589/1422/316 1587/1423/316 1616/1424/316
f 1589/1422/316 1616/1424/316 1591/1417/316
f 1617/1425/316 1591/1417/316 1616/1424/316
f 1617/1425/316 1618/1419/316 1591/1417/316
f 1593/1418/316 1591/1417/316 1618/1419/316
f 1643/1426/1231 2276/1420/1231 1618/1419/1231
f 1643/1426/1234 1618/1419/1234 1642/1427/1234
f 1617/1425/1234 1642/1427/1234 1618/1419/1234
f 1642/1427/1235 1617/1425/1235 1641/1428/1235
f 1616/1424/1235 1641/1428/1235 1617/1425/1235
f 1641/1428/1236 1616/1424/1236 1640/1429/1236
f 1615/1430/1236 1640/1429/1236 1616/1424/1236
f 1615/1430/316 1616/1424/316 1587/1423/316
f 1587/1423/316 1614/1431/316 1615/1430/316
f 1585/1432/316 1614/1431/316 1587/1423/316
f 1585/1432/316 1613/1433/316 1614/1431/316
f 1583/1434/316 1613/1433/316 1585/1432/316
f 1638/1435/1237 1613/1433/1237 1637/1436/1237
f 1613/1433/1238 1638/1435/1238 1614/1431/1238
f 1639/1437/1238 1614/1431/1238 1638/1435/1238
f 1614/1431/1239 1639/1437/1239 1615/1430/1239
f 1640/1429/1239 1615/1430/1239 1639/1437/1239
f 1583/1434/316 1580/1438/316 1613/1433/316
f 1583/1434/1240 1582/1439/1240 1580/1438/1240
f 1582/1439/1241 1583/1434/1241 1584/1440/1241
f 1585/1432/1241 1584/1440/1241 1583/1434/1241
f 1584/1440/1242 1585/1432/1242 1586/1441/1242
f 1587/1423/1242 1586/1441/1242 1585/1432/1242
f 1586/1441/1243 1587/1423/1243 1588/1442/1243
f 1589/1422/1243 1588/1442/1243 1587/1423/1243
f 1588/1442/1244 1589/1422/1244 1590/1416/1244
f 1591/1417/1244 1590/1416/1244 1589/1422/1244
f 1580/1438/316 1611/1443/316 1612/1444/316
f 1633/1445/1245 1634/1446/1245 1608/1447/1245
f 1609/1448/1245 1608/1447/1245 1634/1446/1245
f 1634/1446/1246 1635/1449/1246 1609/1448/1246
f 1610/1450/1246 1609/1448/1246 1635/1449/1246
f 1635/1449/1247 1636/1451/1247 1610/1450/1247
f 1611/1443/1247 1610/1450/1247 1636/1451/1247
f 1636/1451/1248 1637/1436/1248 1611/1443/1248
f 1612/1444/1248 1611/1443/1248 1637/1436/1248
f 1612/1444/1237 1637/1436/1237 1613/1433/1237
f 1612/1444/316 1613/1433/316 1580/1438/316
f 1581/1452/1240 1580/1438/1240 1582/1439/1240
f 1581/1452/1249 1579/1453/1249 1580/1438/1249
f 1578/1454/1249 1580/1438/1249 1579/1453/1249
f 1611/1443/316 1580/1438/316 1578/1454/316
f 1578/1454/316 1576/1455/316 1611/1443/316
f 1610/1450/316 1611/1443/316 1576/1455/316
f 1576/1455/316 1574/1456/316 1610/1450/316
f 1609/1448/316 1610/1450/316 1574/1456/316
f 1609/1448/316 1574/1456/316 1608/1447/316
f 1608/1447/316 1574/1456/316 1572/1457/316
f 1572/1457/316 1570/1458/316 1608/1447/316
f 1570/1458/1250 1572/1457/1250 1571/1459/1250
f 1571/1459/1251 1569/1460/1251 1570/1458/1251
f 1607/1461/316 1608/1447/316 1570/1458/316
f 1573/1462/1250 1571/1459/1250 1572/1457/1250
f 1572/1457/1252 1574/1456/1252 1573/1462/1252
f 1575/1463/1252 1573/1462/1252 1574/1456/1252
f 1574/1456/1253 1576/1455/1253 1575/1463/1253
f 1577/1464/1253 1575/1463/1253 1576/1455/1253
f 1576/1455/1254 1578/1454/1254 1577/1464/1254
f 1579/1453/1254 1577/1464/1254 1578/1454/1254
f 1565/1465/1255 1564/1466/1255 1567/1467/1255
f 1567/1467/1255 1564/1466/1255 1566/1468/1255
f 1567/1467/1256 1566/1468/1256 1569/1460/1256
f 1569/1460/1256 1566/1468/1256 1568/1469/1256
f 1568/1469/1251 1570/1458/1251 1569/1460/1251
f 1570/1458/316 1568/1469/316 1606/1470/316
f 1607/1461/316 1570/1458/316 1606/1470/316
f 1607/1461/1257 1606/1470/1257 1632/1471/1257
f 1632/1471/1258 1633/1445/1258 1607/1461/1258
f 1608/1447/1258 1607/1461/1258 1633/1445/1258
f 1562/1472/316 1560/1473/316 1603/1474/316
f 1603/1474/316 1604/1475/316 1562/1472/316
f 1564/1466/316 1562/1472/316 1604/1475/316
f 1564/1466/316 1604/1475/316 1566/1468/316
f 1605/1476/316 1566/1468/316 1604/1475/316
f 1605/1476/316 1606/1470/316 1566/1468/316
f 1568/1469/316 1566/1468/316 1606/1470/316
f 1627/1477/1259 1603/1474/1259 1602/1478/1259
f 1627/1477/1259 1628/1479/1259 1603/1474/1259
f 1628/1479/1260 1604/1475/1260 1603/1474/1260
f 1604/1475/1260 1628/1479/1260 1629/1480/1260
f 1604/1475/1261 1629/1480/1261 1605/1476/1261
f 1605/1476/1261 1629/1480/1261 1630/1481/1261
f 1605/1476/1262 1630/1481/1262 1606/1470/1262
f 1606/1470/1262 1630/1481/1262 1631/1482/1262
f 1631/1482/1257 1632/1471/1257 1606/1470/1257
f 1626/1483/1263 1627/1477/1263 1602/1478/1263
f 1626/1483/1263 1602/1478/1263 1601/1484/1263
f 1625/1485/1264 1626/1483/1264 1601/1484/1264
f 1623/1486/1265 1624/1487/1265 1598/1488/1265
f 1599/1489/1265 1598/1488/1265 1624/1487/1265
f 1624/1487/1266 1625/1485/1266 1599/1489/1266
f 1600/1490/1266 1599/1489/1266 1625/1485/1266
f 1625/1485/1264 1601/1484/1264 1600/1490/1264
f 1600/1490/316 1601/1484/316 1556/1491/316
f 1558/1492/316 1556/1491/316 1601/1484/316
f 1558/1492/316 1601/1484/316 1560/1473/316
f 1602/1478/316 1560/1473/316 1601/1484/316
f 1602/1478/316 1603/1474/316 1560/1473/316
f 1554/1493/1267 1556/1491/1267 1555/1494/1267
f 1557/1495/1267 1555/1494/1267 1556/1491/1267
f 1557/1495/1268 1556/1491/1268 1559/1496/1268
f 1559/1496/1268 1556/1491/1268 1558/1492/1268
f 1559/1496/1269 1558/1492/1269 1561/1497/1269
f 1561/1497/1269 1558/1492/1269 1560/1473/1269
f 1561/1497/1270 1560/1473/1270 1563/1498/1270
f 1563/1498/1270 1560/1473/1270 1562/1472/1270
f 1563/1498/1271 1562/1472/1271 1565/1465/1271
f 1565/1465/1271 1562/1472/1271 1564/1466/1271
f 1546/1499/1272 1544/1500/1272 1545/1501/1272
f 1547/1502/1272 1545/1501/1272 1544/1500/1272
f 1544/1500/1273 1548/1503/1273 1547/1502/1273
f 1549/1504/1273 1547/1502/1273 1548/1503/1273
f 1548/1503/1274 1550/1505/1274 1549/1504/1274
f 1551/1506/1274 1549/1504/1274 1550/1505/1274
f 1550/1505/1275 1552/1507/1275 1551/1506/1275
f 1553/1508/1275 1551/1506/1275 1552/1507/1275
f 1552/1507/1276 1554/1493/1276 1553/1508/1276
f 1555/1494/1276 1553/1508/1276 1554/1493/1276
f 1600/1490/316 1556/1491/316 1599/1489/316
f 1554/1493/316 1599/1489/316 1556/1491/316
f 1554/1493/316 1598/1488/316 1599/1489/316
f 1552/1507/316 1598/1488/316 1554/1493/316
f 1552/1507/316 1550/1505/316 1598/1488/316
f 1597/1509/316 1598/1488/316 1550/1505/316
f 1550/1505/316 1596/1510/316 1597/1509/316
f 1596/1510/316 1550/1505/316 1548/1503/316
f 1548/1503/316 1594/1511/316 1596/1510/316
f 1594/1511/316 1548/1503/316 1544/1500/316
f 1544/1500/316 1546/1499/316 1594/1511/316
f 1595/1512/316 1594/1511/316 1546/1499/316
f 2231/1335/1277 2254/1334/1277 1595/1512/1277
f 1620/1513/1277 1595/1512/1277 2254/1334/1277
f 1620/1513/1278 1619/1514/1278 1595/1512/1278
f 1594/1511/1278 1595/1512/1278 1619/1514/1278
f 1619/1514/1279 1621/1515/1279 1594/1511/1279
f 1596/1510/1279 1594/1511/1279 1621/1515/1279
f 1621/1515/1280 1622/1516/1280 1596/1510/1280
f 1597/1509/1280 1596/1510/1280 1622/1516/1280
f 1622/1516/1281 1623/1486/1281 1597/1509/1281
f 1598/1488/1281 1597/1509/1281 1623/1486/1281
f 2192/1357/1282 2191/1348/1282 2190/1517/1282
f 2189/1347/1282 2190/1517/1282 2191/1348/1282
f 2190/1517/1283 2189/1347/1283 2188/1518/1283
f 2187/1338/1283 2188/1518/1283 2189/1347/1283
f 2188/1518/1284 2187/1338/1284 2186/1519/1284
f 2185/1337/1284 2186/1519/1284 2187/1338/1284
f 2186/1519/1285 2185/1337/1285 1545/1501/1285
f 1546/1499/1285 1545/1501/1285 2185/1337/1285
f 2185/1337/316 2231/1335/316 1546/1499/316
f 1595/1512/316 1546/1499/316 2231/1335/316
f 2196/1520/1202 2195/1355/1202 2194/1356/1202
f 2195/1355/1286 2196/1520/1286 2197/1521/1286
f 2195/1355/1286 2197/1521/1286 2198/1358/1286
f 2198/1358/1287 2197/1521/1287 2200/1522/1287
f 2200/1522/1287 2199/1359/1287 2198/1358/1287
f 2199/1359/1288 2200/1522/1288 2202/1523/1288
f 2202/1523/1288 2201/1361/1288 2199/1359/1288
f 2201/1361/1289 2202/1523/1289 2204/1524/1289
f 2204/1524/1289 2203/1363/1289 2201/1361/1289
f 2203/1363/1290 2204/1524/1290 2206/1525/1290
f 2206/1525/1290 2205/1364/1290 2203/1363/1290
f 2205/1364/1204 2206/1525/1204 2208/1366/1204
f 2334/1526/1291 2335/1527/1291 2370/1528/1291
f 2370/1528/1292 2369/1270/1292 2334/1526/1292
f 2173/1529/1293 2369/1270/1293 2370/1528/1293
f 2369/1270/1293 2173/1529/1293 2171/1271/1293
f 2171/1271/1294 2173/1529/1294 2172/1530/1294
f 2172/1530/1151 2170/1272/1151 2171/1271/1151
f 2480/1325/1295 2481/1531/1295 2479/1326/1295
f 2479/1326/1295 2481/1531/1295 2482/1327/1295
f 2481/1531/1296 2372/1532/1296 2482/1327/1296
f 2482/1327/1297 2372/1532/1297 2488/1328/1297
f 2488/1328/1297 2372/1532/1297 2335/1527/1297
f 2488/1328/1297 2335/1527/1297 2336/1533/1297
f 2336/1533/1298 2335/1527/1298 2333/1263/1298
f 2333/1263/1298 2335/1527/1298 2334/1526/1298
f 2334/1526/1144 2331/1264/1144 2333/1263/1144
f 2331/1264/1292 2334/1526/1292 2369/1270/1292
f 2183/1534/1299 2184/1535/1299 1542/1536/1299
f 2184/1535/1300 2183/1534/1300 2182/1537/1300
f 2181/1538/1300 2182/1537/1300 2183/1534/1300
f 2182/1537/1301 2181/1538/1301 2180/1539/1301
f 2374/1540/1302 2182/1537/1302 2180/1539/1302
f 2374/1540/1303 2180/1539/1303 2373/1541/1303
f 2372/1532/1304 2374/1540/1304 2373/1541/1304
f 2373/1541/1305 2371/1542/1305 2372/1532/1305
f 2335/1527/1305 2372/1532/1305 2371/1542/1305
f 2371/1542/1291 2370/1528/1291 2335/1527/1291
f 2375/1543/1302 2182/1537/1302 2374/1540/1302
f 2182/1537/1306 2375/1543/1306 2184/1535/1306
f 2370/1528/1307 2176/1544/1307 2173/1529/1307
f 2371/1542/1307 2176/1544/1307 2370/1528/1307
f 2371/1542/1308 2178/1545/1308 2176/1544/1308
f 2373/1541/1308 2178/1545/1308 2371/1542/1308
f 2373/1541/1303 2180/1539/1303 2178/1545/1303
f 2179/1546/1301 2180/1539/1301 2181/1538/1301
f 2180/1539/1309 2179/1546/1309 2178/1545/1309
f 2177/1547/1309 2178/1545/1309 2179/1546/1309
f 2178/1545/1310 2177/1547/1310 2176/1544/1310
f 2175/1548/1310 2176/1544/1310 2177/1547/1310
f 2176/1544/1311 2175/1548/1311 2173/1529/1311
f 2174/1549/1311 2173/1529/1311 2175/1548/1311
f 2174/1549/1294 2172/1530/1294 2173/1529/1294
f 2061/1550/1312 2059/1551/1312 2060/1552/1312
f 2058/1553/1312 2060/1552/1312 2059/1551/1312
f 2056/1554/1313 2058/1553/1313 2059/1551/1313
f 2057/1555/1313 2056/1554/1313 2059/1551/1313
f 2054/1556/1314 2056/1554/1314 2057/1555/1314
f 2055/1557/1314 2054/1556/1314 2057/1555/1314
f 2052/1558/1315 2054/1556/1315 2055/1557/1315
f 2053/1559/1316 2052/1558/1316 2055/1557/1316
f 2050/1560/1317 2052/1558/1317 2053/1559/1317
f 2057/1555/1318 2059/1551/1318 2109/1561/1318
f 2109/1561/1319 2108/1562/1319 2057/1555/1319
f 2055/1557/1319 2057/1555/1319 2108/1562/1319
f 2108/1562/1320 2107/1563/1320 2055/1557/1320
f 2053/1559/1320 2055/1557/1320 2107/1563/1320
f 2107/1563/1321 2106/1564/1321 2053/1559/1321
f 2051/1565/1321 2053/1559/1321 2106/1564/1321
f 2051/1565/1317 2050/1560/1317 2053/1559/1317
f 2048/1566/1322 2050/1560/1322 2051/1565/1322
f 2130/1567/1323 2129/1568/1323 2107/1563/1323
f 2106/1564/1323 2107/1563/1323 2129/1568/1323
f 2129/1568/1324 2128/1569/1324 2106/1564/1324
f 2105/1570/1324 2106/1564/1324 2128/1569/1324
f 2106/1564/1325 2105/1570/1325 2051/1565/1325
f 2049/1571/1325 2051/1565/1325 2105/1570/1325
f 2049/1571/1322 2048/1566/1322 2051/1565/1322
f 2046/1572/1326 2048/1566/1326 2049/1571/1326
f 2046/1572/1327 2081/55/1327 2048/1566/1327
f 2046/1572/42 2044/47/42 2081/55/42
f 2128/1569/1328 2127/1573/1328 2105/1570/1328
f 2102/1574/1329 2126/1575/1329 2125/1576/1329
f 2126/1575/1329 2102/1574/1329 2103/1577/1329
f 2126/1575/1330 2103/1577/1330 2127/1573/1330
f 2127/1573/1330 2103/1577/1330 2104/1578/1330
f 2104/1578/1328 2105/1570/1328 2127/1573/1328
f 2105/1570/1331 2104/1578/1331 2049/1571/1331
f 2047/1579/1331 2049/1571/1331 2104/1578/1331
f 2047/1579/1326 2046/1572/1326 2049/1571/1326
f 2047/1579/1332 2045/45/1332 2046/1572/1332
f 2044/47/1332 2046/1572/1332 2045/45/1332
f 2045/45/1333 2047/1579/1333 2104/1578/1333
f 2103/1577/1333 2045/45/1333 2104/1578/1333
f 2043/46/1334 2045/45/1334 2103/1577/1334
f 2102/1574/1334 2043/46/1334 2103/1577/1334
f 2041/49/1335 2043/46/1335 2102/1574/1335
f 2101/1580/1335 2041/49/1335 2102/1574/1335
f 2039/51/1336 2041/49/1336 2101/1580/1336
f 2039/51/1336 2101/1580/1336 2100/1581/1336
f 2037/53/1337 2039/51/1337 2100/1581/1337
f 2037/53/1337 2100/1581/1337 2099/1582/1337
f 2035/34/1338 2037/53/1338 2099/1582/1338
f 2098/1583/25 2097/33/25 2035/34/25
f 2035/34/1338 2099/1582/1338 2098/1583/1338
f 2098/1583/1339 2099/1582/1339 2121/1584/1339
f 2122/1585/1339 2121/1584/1339 2099/1582/1339
f 2099/1582/1340 2100/1581/1340 2122/1585/1340
f 2123/1586/1340 2122/1585/1340 2100/1581/1340
f 2100/1581/1341 2124/1587/1341 2123/1586/1341
f 2124/1587/1341 2100/1581/1341 2101/1580/1341
f 2101/1580/1342 2125/1576/1342 2124/1587/1342
f 2125/1576/1342 2101/1580/1342 2102/1574/1342
f 2119/1588/19 2118/27/19 2096/28/19
f 2096/28/1343 2097/33/1343 2119/1588/1343
f 2120/1589/1343 2119/1588/1343 2097/33/1343
f 2097/33/1344 2098/1583/1344 2120/1589/1344
f 2121/1584/1344 2120/1589/1344 2098/1583/1344
f 1984/1590/1345 1986/1591/1345 1985/1592/1345
f 1985/1592/1346 1983/1593/1346 1984/1590/1346
f 1982/1594/1346 1984/1590/1346 1983/1593/1346
f 1983/1593/1347 1981/1595/1347 1982/1594/1347
f 1980/1596/1347 1982/1594/1347 1981/1595/1347
f 1981/1595/1348 1979/1597/1348 1980/1596/1348
f 1978/1598/1348 1980/1596/1348 1979/1597/1348
f 1979/1597/1349 1974/1599/1349 1978/1598/1349
f 1977/1600/1349 1978/1598/1349 1974/1599/1349
f 1974/1599/1350 1976/1601/1350 1977/1600/1350
f 1976/1601/1351 1974/1599/1351 1975/1602/1351
f 1975/1602/1352 2023/1603/1352 1976/1601/1352
f 1975/1602/1353 2022/1604/1353 2023/1603/1353
f 1975/1602/1354 2021/1605/1354 2022/1604/1354
f 2021/1605/1355 2020/1606/1355 2022/1604/1355
f 2021/1605/1356 2019/1607/1356 2020/1606/1356
f 2019/1607/1357 2018/1608/1357 2020/1606/1357
f 2018/1608/1358 2019/1607/1358 2017/1609/1358
f 2017/1609/1359 2016/1610/1359 2018/1608/1359
f 2016/1610/1360 2017/1609/1360 2015/1611/1360
f 2015/1611/1361 2014/1612/1361 2016/1610/1361
f 2014/1612/1362 2015/1611/1362 2013/1613/1362
f 2013/1613/1363 2011/1614/1363 2014/1612/1363
f 2013/1613/1364 2012/1615/1364 2011/1614/1364
f 2009/1616/1365 2011/1614/1365 2012/1615/1365
f 2012/1615/1366 2010/1617/1366 2009/1616/1366
f 2010/1617/1367 2008/1618/1367 2009/1616/1367
f 2007/1619/1367 2009/1616/1367 2008/1618/1367
f 2008/1618/1368 2006/1620/1368 2007/1619/1368
f 2005/1621/1368 2007/1619/1368 2006/1620/1368
f 2006/1620/1369 2004/1622/1369 2005/1621/1369
f 2003/1623/1369 2005/1621/1369 2004/1622/1369
f 2004/1622/1370 2002/1624/1370 2003/1623/1370
f 2001/1625/1370 2003/1623/1370 2002/1624/1370
f 2002/1624/1371 1999/1626/1371 2001/1625/1371
f 2000/1627/1372 2001/1625/1372 1999/1626/1372
f 1999/1626/1373 1997/1628/1373 2000/1627/1373
f 1999/1626/1374 1998/1629/1374 1997/1628/1374
f 1998/1629/1375 1996/1630/1375 1997/1628/1375
f 1995/1631/1376 1997/1628/1376 1996/1630/1376
f 1996/1630/1377 1994/1632/1377 1995/1631/1377
f 1993/1633/1378 1995/1631/1378 1994/1632/1378
f 1994/1632/1379 1992/1634/1379 1993/1633/1379
f 1991/1635/1380 1993/1633/1380 1992/1634/1380
f 1992/1634/1381 1990/1636/1381 1991/1635/1381
f 1989/1637/1382 1991/1635/1382 1990/1636/1382
f 1990/1636/1383 1987/1638/1383 1989/1637/1383
f 1988/1639/1384 1989/1637/1384 1987/1638/1384
f 1987/1638/1385 1986/1591/1385 1988/1639/1385
f 1987/1638/1386 1985/1592/1386 1986/1591/1386
f 1911/1640/1387 1912/1641/1387 1913/1642/1387
f 1914/1643/1388 1913/1642/1388 1912/1641/1388
f 1913/1642/1389 1914/1643/1389 1915/1644/1389
f 1916/1645/1390 1915/1644/1390 1914/1643/1390
f 1915/1644/1391 1916/1645/1391 1917/1646/1391
f 1918/1647/1392 1917/1646/1392 1916/1645/1392
f 1917/1646/1393 1918/1647/1393 1873/1648/1393
f 1873/1648/1394 1918/1647/1394 1919/1649/1394
f 1873/1648/1395 1919/1649/1395 1870/1650/1395
f 1873/1648/1396 1870/1650/1396 1872/1651/1396
f 1872/1651/1397 1870/1650/1397 1871/1652/1397
f 1872/1651/1398 1871/1652/1398 1875/1653/1398
f 1871/1652/1398 1874/1654/1398 1875/1653/1398
f 1875/1653/1399 1874/1654/1399 1876/1655/1399
f 1877/1656/1399 1876/1655/1399 1874/1654/1399
f 1876/1655/1400 1877/1656/1400 1878/1657/1400
f 1879/1658/1400 1878/1657/1400 1877/1656/1400
f 1878/1657/1401 1879/1658/1401 1880/1659/1401
f 1881/1660/1401 1880/1659/1401 1879/1658/1401
f 1881/1660/1402 1882/1661/1402 1880/1659/1402
f 1883/1662/1403 1880/1659/1403 1882/1661/1403
f 1883/1662/1404 1882/1661/1404 1884/1663/1404
f 1884/1663/1405 1885/1664/1405 1883/1662/1405
f 1886/1665/1406 1883/1662/1406 1885/1664/1406
f 1885/1664/1407 1887/1666/1407 1886/1665/1407
f 1888/1667/1408 1886/1665/1408 1887/1666/1408
f 1887/1666/1409 1889/1668/1409 1888/1667/1409
f 1890/1669/1410 1888/1667/1410 1889/1668/1410
f 1889/1668/1411 1891/1670/1411 1890/1669/1411
f 1892/1671/1412 1890/1669/1412 1891/1670/1412
f 1891/1670/1413 1893/1672/1413 1892/1671/1413
f 1894/1673/1414 1892/1671/1414 1893/1672/1414
f 1893/1672/1415 1895/1674/1415 1894/1673/1415
f 1896/1675/1416 1894/1673/1416 1895/1674/1416
f 1895/1674/1417 1897/1676/1417 1896/1675/1417
f 1898/1677/1418 1896/1675/1418 1897/1676/1418
f 1899/1678/1419 1898/1677/1419 1897/1676/1419
f 1899/1678/1419 1897/1676/1419 1900/1679/1419
f 1901/1680/1420 1899/1678/1420 1900/1679/1420
f 1901/1680/1420 1900/1679/1420 1902/1681/1420
f 1903/1682/1421 1901/1680/1421 1902/1681/1421
f 1904/1683/1421 1903/1682/1421 1902/1681/1421
f 1905/1684/1422 1903/1682/1422 1904/1683/1422
f 1906/1685/1422 1905/1684/1422 1904/1683/1422
f 1907/1686/1423 1905/1684/1423 1906/1685/1423
f 1907/1686/1424 1906/1685/1424 1908/1687/1424
f 1908/1687/1425 1909/1688/1425 1907/1686/1425
f 1910/1689/1426 1907/1686/1426 1909/1688/1426
f 1910/1689/1427 1909/1688/1427 1911/1640/1427
f 1912/1641/1428 1911/1640/1428 1909/1688/1428
f 1418/1690/1429 2069/1691/1429 1417/1692/1429
f 2068/1693/1429 1417/1692/1429 2069/1691/1429
f 2069/1691/1430 2067/1694/1430 2068/1693/1430
f 2066/1695/1430 2068/1693/1430 2067/1694/1430
f 2067/1694/1431 2065/1696/1431 2066/1695/1431
f 2064/1697/1431 2066/1695/1431 2065/1696/1431
f 2065/1696/1432 2063/1698/1432 2064/1697/1432
f 2062/1699/1432 2064/1697/1432 2063/1698/1432
f 2063/1698/1433 2061/1550/1433 2062/1699/1433
f 2060/1552/1433 2062/1699/1433 2061/1550/1433
f 2115/1700/1434 2114/1701/1434 2067/1694/1434
f 2065/1696/1435 2067/1694/1435 2114/1701/1435
f 2114/1701/1435 2113/1702/1435 2065/1696/1435
f 2063/1698/1436 2065/1696/1436 2113/1702/1436
f 2113/1702/1436 2112/1703/1436 2063/1698/1436
f 2061/1550/1437 2063/1698/1437 2112/1703/1437
f 2112/1703/1437 2111/1704/1437 2061/1550/1437
f 2059/1551/1438 2061/1550/1438 2111/1704/1438
f 2111/1704/1438 2110/1705/1438 2059/1551/1438
f 2110/1705/1318 2109/1561/1318 2059/1551/1318
f 2112/1703/1439 2135/1706/1439 2111/1704/1439
f 2134/1707/1439 2111/1704/1439 2135/1706/1439
f 2111/1704/1440 2134/1707/1440 2110/1705/1440
f 2133/1708/1440 2110/1705/1440 2134/1707/1440
f 2110/1705/1441 2133/1708/1441 2109/1561/1441
f 2132/1709/1441 2109/1561/1441 2133/1708/1441
f 2132/1709/1442 2131/1710/1442 2109/1561/1442
f 2108/1562/1442 2109/1561/1442 2131/1710/1442
f 2131/1710/1443 2130/1567/1443 2108/1562/1443
f 2107/1563/1443 2108/1562/1443 2130/1567/1443
f 1467/1711/1444 1468/1712/1444 1416/1713/1444
f 1468/1712/1445 1467/1711/1445 1493/1714/1445
f 2115/1700/1446 1468/1712/1446 1493/1714/1446
f 2115/1700/1446 1493/1714/1446 2138/1715/1446
f 2114/1701/1447 2115/1700/1447 2138/1715/1447
f 2114/1701/1447 2138/1715/1447 2137/1716/1447
f 2113/1702/1448 2114/1701/1448 2137/1716/1448
f 2113/1702/1448 2137/1716/1448 2136/1717/1448
f 2112/1703/1449 2113/1702/1449 2136/1717/1449
f 2112/1703/1449 2136/1717/1449 2135/1706/1449
f 1414/1718/1450 1412/1719/1450 1466/1720/1450
f 1466/1720/1451 1467/1711/1451 1414/1718/1451
f 1467/1711/1452 1466/1720/1452 1492/1721/1452
f 1467/1711/1445 1492/1721/1445 1493/1714/1445
f 1403/1722/1453 1405/1723/1453 1404/1724/1453
f 1406/1725/1453 1404/1724/1453 1405/1723/1453
f 1406/1725/1454 1405/1723/1454 1407/1726/1454
f 1408/1727/1454 1407/1726/1454 1405/1723/1454
f 1407/1726/1455 1408/1727/1455 1409/1728/1455
f 1410/1729/1455 1409/1728/1455 1408/1727/1455
f 1409/1728/1456 1410/1729/1456 1411/1730/1456
f 1412/1719/1456 1411/1730/1456 1410/1729/1456
f 1411/1730/1457 1412/1719/1457 1413/1731/1457
f 1414/1718/1457 1413/1731/1457 1412/1719/1457
f 1439/1732/1458 1407/1726/1458 1409/1728/1458
f 1439/1732/1459 1409/1728/1459 1440/1733/1459
f 1411/1730/1459 1440/1733/1459 1409/1728/1459
f 1440/1733/1460 1411/1730/1460 1441/1734/1460
f 1413/1731/1460 1441/1734/1460 1411/1730/1460
f 1441/1734/1461 1413/1731/1461 1442/1735/1461
f 1415/1736/1461 1442/1735/1461 1413/1731/1461
f 1413/1731/1462 1414/1718/1462 1415/1736/1462
f 1416/1713/1462 1415/1736/1462 1414/1718/1462
f 1416/1713/1451 1414/1718/1451 1467/1711/1451
f 1442/1735/1463 1415/1736/1463 1443/1737/1463
f 2066/1695/1464 2092/1738/1464 2068/1693/1464
f 2092/1738/1465 1443/1737/1465 2068/1693/1465
f 2068/1693/1465 1443/1737/1465 1417/1692/1465
f 1417/1692/1463 1443/1737/1463 1415/1736/1463
f 1415/1736/1466 1416/1713/1466 1417/1692/1466
f 1418/1690/1466 1417/1692/1466 1416/1713/1466
f 1418/1690/1444 1416/1713/1444 1468/1712/1444
f 2069/1691/1467 1418/1690/1467 1468/1712/1467
f 1468/1712/1467 2115/1700/1467 2069/1691/1467
f 2067/1694/1434 2069/1691/1434 2115/1700/1434
f 2087/1739/1468 2058/1553/1468 2086/1740/1468
f 2087/1739/1469 2088/1741/1469 2058/1553/1469
f 2060/1552/1469 2058/1553/1469 2088/1741/1469
f 2088/1741/1470 2089/1742/1470 2060/1552/1470
f 2062/1699/1470 2060/1552/1470 2089/1742/1470
f 2089/1742/1471 2090/1743/1471 2062/1699/1471
f 2062/1699/1471 2090/1743/1471 2064/1697/1471
f 2090/1743/1472 2091/1744/1472 2064/1697/1472
f 2064/1697/1472 2091/1744/1472 2066/1695/1472
f 2091/1744/1464 2092/1738/1464 2066/1695/1464
f 1827/1745/1473 1825/1746/1473 1833/1747/1473
f 1833/1747/1473 1825/1746/1473 1832/1748/1473
f 1825/1746/1474 1823/1749/1474 1832/1748/1474
f 1823/1749/1474 1831/1750/1474 1832/1748/1474
f 1823/1749/1475 1821/1751/1475 1831/1750/1475
f 1821/1751/1475 1830/1752/1475 1831/1750/1475
f 1821/1751/1476 1819/1753/1476 1830/1752/1476
f 1819/1753/1476 1829/1754/1476 1830/1752/1476
f 1819/1753/1477 1818/1755/1477 1829/1754/1477
f 1818/1755/1477 1828/1756/1477 1829/1754/1477
f 1818/1755/1478 1800/1757/1478 1828/1756/1478
f 1828/1756/1478 1800/1757/1478 1798/1758/1478
f 1821/1751/1479 1822/1759/1479 1820/1760/1479
f 1820/1760/1480 1819/1753/1480 1821/1751/1480
f 1819/1753/1480 1820/1760/1480 1816/1761/1480
f 1816/1761/1481 1818/1755/1481 1819/1753/1481
f 1818/1755/1481 1816/1761/1481 1817/1762/1481
f 1817/1762/1482 1800/1757/1482 1818/1755/1482
f 1817/1762/1482 1802/1763/1482 1800/1757/1482
f 1800/1757/1483 1802/1763/1483 1801/1764/1483
f 1803/1765/1483 1801/1764/1483 1802/1763/1483
f 1802/1763/1484 1804/1766/1484 1803/1765/1484
f 2415/1767/1485 2413/1768/1485 2414/1769/1485
f 2414/1769/1486 2413/1768/1486 1793/1770/1486
f 1794/1771/1486 1793/1770/1486 2413/1768/1486
f 1794/1771/1487 1792/1772/1487 1793/1770/1487
f 1795/1773/1487 1793/1770/1487 1792/1772/1487
f 1795/1773/1488 1792/1772/1488 1796/1774/1488
f 1797/1775/1488 1796/1774/1488 1792/1772/1488
f 1797/1775/1489 1798/1758/1489 1796/1774/1489
f 1799/1776/1489 1796/1774/1489 1798/1758/1489
f 1798/1758/1490 1800/1757/1490 1799/1776/1490
f 1801/1764/1490 1799/1776/1490 1800/1757/1490
f 1401/1777/1491 1460/1778/1491 1403/1722/1491
f 1459/1779/1492 1460/1778/1492 1401/1777/1492
f 1399/1780/1493 1459/1779/1493 1401/1777/1493
f 1458/1781/1494 1459/1779/1494 1399/1780/1494
f 1397/1782/1494 1458/1781/1494 1399/1780/1494
f 1457/1783/1495 1458/1781/1495 1397/1782/1495
f 1395/1784/1495 1457/1783/1495 1397/1782/1495
f 1395/1784/1496 1397/1782/1496 1396/1785/1496
f 1398/1786/1496 1396/1785/1496 1397/1782/1496
f 1397/1782/1497 1399/1780/1497 1398/1786/1497
f 1400/1787/1497 1398/1786/1497 1399/1780/1497
f 1399/1780/1498 1401/1777/1498 1400/1787/1498
f 1402/1788/1498 1400/1787/1498 1401/1777/1498
f 1401/1777/1499 1403/1722/1499 1402/1788/1499
f 1404/1724/1499 1402/1788/1499 1403/1722/1499
f 1456/1789/1500 1481/1790/1500 1457/1783/1500
f 1456/1789/1501 1457/1783/1501 1395/1784/1501
f 1393/1791/1501 1456/1789/1501 1395/1784/1501
f 1393/1791/1502 1395/1784/1502 1394/1792/1502
f 1396/1785/1502 1394/1792/1502 1395/1784/1502
f 1394/1792/1503 1396/1785/1503 1431/1793/1503
f 1432/1794/1503 1431/1793/1503 1396/1785/1503
f 1396/1785/1504 1398/1786/1504 1432/1794/1504
f 1433/1795/1504 1432/1794/1504 1398/1786/1504
f 1398/1786/1505 1400/1787/1505 1433/1795/1505
f 1434/1796/1505 1433/1795/1505 1400/1787/1505
f 1400/1787/1506 1402/1788/1506 1434/1796/1506
f 1435/1797/1506 1434/1796/1506 1402/1788/1506
f 1402/1788/1507 1404/1724/1507 1435/1797/1507
f 1436/1798/1507 1435/1797/1507 1404/1724/1507
f 1404/1724/1508 1406/1725/1508 1436/1798/1508
f 1437/1799/1508 1436/1798/1508 1406/1725/1508
f 1406/1725/1509 1407/1726/1509 1437/1799/1509
f 1438/1800/1509 1437/1799/1509 1407/1726/1509
f 1438/1800/1458 1407/1726/1458 1439/1732/1458
f 1752/1801/1510 1715/1802/1510 1751/1803/1510
f 1535/1227/1115 1748/1804/1115 1746/1221/1115
f 1748/1804/1511 1535/1227/1511 1537/1230/1511
f 1537/1230/1511 1749/1805/1511 1748/1804/1511
f 1749/1805/1512 1537/1230/1512 1539/1806/1512
f 1750/1807/1512 1749/1805/1512 1539/1806/1512
f 1750/1807/1513 1539/1806/1513 1541/1808/1513
f 1751/1803/1513 1750/1807/1513 1541/1808/1513
f 1751/1803/1514 1541/1808/1514 1543/1809/1514
f 1752/1801/1514 1751/1803/1514 1543/1809/1514
f 1752/1801/1515 1543/1809/1515 2376/1810/1515
f 1752/1801/1516 2376/1810/1516 1715/1802/1516
f 2341/1811/1516 1715/1802/1516 2376/1810/1516
f 2341/1811/1517 2376/1810/1517 2337/1812/1517
f 1536/1229/1518 1538/1813/1518 1537/1230/1518
f 1539/1806/1518 1537/1230/1518 1538/1813/1518
f 1538/1813/1519 1540/1814/1519 1539/1806/1519
f 1541/1808/1519 1539/1806/1519 1540/1814/1519
f 1540/1814/1520 1542/1536/1520 1541/1808/1520
f 1543/1809/1520 1541/1808/1520 1542/1536/1520
f 1543/1809/1299 1542/1536/1299 2184/1535/1299
f 2184/1535/1515 2376/1810/1515 1543/1809/1515
f 2376/1810/1306 2184/1535/1306 2375/1543/1306
f 2375/1543/1517 2337/1812/1517 2376/1810/1517
f 2375/1543/1521 2374/1540/1521 2337/1812/1521
f 2338/1815/1521 2337/1812/1521 2374/1540/1521
f 2338/1815/1304 2374/1540/1304 2372/1532/1304
f 2372/1532/1296 2481/1531/1296 2338/1815/1296
f 2339/1816/1296 2338/1815/1296 2481/1531/1296
f 2339/1816/1522 2337/1812/1522 2338/1815/1522
f 2340/1817/1522 2337/1812/1522 2339/1816/1522
f 2337/1812/1523 2340/1817/1523 2341/1811/1523
f 2342/1818/1523 2341/1811/1523 2340/1817/1523
f 2342/1818/1524 1714/1819/1524 2341/1811/1524
f 1715/1802/1524 2341/1811/1524 1714/1819/1524
f 1715/1802/1525 1714/1819/1525 1712/1820/1525
f 1712/1820/1510 1751/1803/1510 1715/1802/1510
f 1712/1820/1526 1709/1821/1526 1751/1803/1526
f 1709/1821/1526 1750/1807/1526 1751/1803/1526
f 1709/1821/1527 1708/1822/1527 1750/1807/1527
f 1708/1822/1527 1749/1805/1527 1750/1807/1527
f 1749/1805/1528 1708/1822/1528 1747/1217/1528
f 1747/1217/1528 1748/1804/1528 1749/1805/1528
f 1748/1804/1111 1747/1217/1111 1746/1221/1111
f 1747/1217/1109 1708/1822/1109 1862/1211/1109
f 1710/1823/1109 1862/1211/1109 1708/1822/1109
f 1710/1823/1529 1708/1822/1529 1709/1821/1529
f 1711/1824/1529 1710/1823/1529 1709/1821/1529
f 1711/1824/1530 1709/1821/1530 1712/1820/1530
f 1713/1825/1530 1711/1824/1530 1712/1820/1530
f 1713/1825/1525 1712/1820/1525 1714/1819/1525
f 1465/1826/1450 1466/1720/1450 1412/1719/1450
f 1412/1719/1531 1410/1729/1531 1465/1826/1531
f 1464/1827/1531 1465/1826/1531 1410/1729/1531
f 1410/1729/1532 1408/1727/1532 1464/1827/1532
f 1463/1828/1532 1464/1827/1532 1408/1727/1532
f 1408/1727/1533 1405/1723/1533 1463/1828/1533
f 1462/1829/1533 1463/1828/1533 1405/1723/1533
f 1461/1830/1534 1462/1829/1534 1405/1723/1534
f 1403/1722/1534 1461/1830/1534 1405/1723/1534
f 1460/1778/1491 1461/1830/1491 1403/1722/1491
f 1466/1720/1452 1491/1831/1452 1492/1721/1452
f 1466/1720/1535 1465/1826/1535 1491/1831/1535
f 1465/1826/1535 1490/1832/1535 1491/1831/1535
f 1465/1826/1536 1464/1827/1536 1490/1832/1536
f 1464/1827/1536 1489/1833/1536 1490/1832/1536
f 1489/1833/1537 1464/1827/1537 1463/1828/1537
f 1489/1833/1537 1463/1828/1537 1488/1834/1537
f 1488/1834/1538 1463/1828/1538 1487/1835/1538
f 1462/1829/1538 1487/1835/1538 1463/1828/1538
f 1487/1835/1539 1462/1829/1539 1486/1836/1539
f 1461/1830/1539 1486/1836/1539 1462/1829/1539
f 1486/1836/1540 1461/1830/1540 1485/1837/1540
f 1460/1778/1540 1485/1837/1540 1461/1830/1540
f 1485/1837/1541 1460/1778/1541 1484/1838/1541
f 1459/1779/1541 1484/1838/1541 1460/1778/1541
f 1484/1838/1542 1459/1779/1542 1483/1839/1542
f 1458/1781/1542 1483/1839/1542 1459/1779/1542
f 1483/1839/1543 1458/1781/1543 1482/1840/1543
f 1457/1783/1543 1482/1840/1543 1458/1781/1543
f 1482/1840/1500 1457/1783/1500 1481/1790/1500
f 1304/1841/1544 1306/1842/1544 1300/1843/1544
f 1301/1844/1545 1296/1845/1545 1300/1843/1545
f 1300/1843/1546 1306/1842/1546 1301/1844/1546
f 1306/1842/1547 1307/1846/1547 1301/1844/1547
f 1313/1847/1548 1312/1848/1548 1318/1849/1548
f 1312/1848/1549 1313/1847/1549 1307/1846/1549
f 1312/1848/1550 1307/1846/1550 1311/1850/1550
f 1306/1842/1550 1311/1850/1550 1307/1846/1550
f 1311/1850/1551 1306/1842/1551 1310/1851/1551
f 1304/1841/1552 1310/1851/1552 1306/1842/1552
f 1310/1851/1553 1304/1841/1553 1309/1852/1553
f 1305/1853/1553 1309/1852/1553 1304/1841/1553
f 1305/1853/1554 1304/1841/1554 1299/1854/1554
f 1300/1843/1555 1299/1854/1555 1304/1841/1555
f 1319/1855/1556 1321/1856/1556 1315/1857/1556
f 1316/1858/1556 1315/1857/1556 1321/1856/1556
f 1315/1857/1557 1316/1858/1557 1310/1851/1557
f 1311/1850/1557 1310/1851/1557 1316/1858/1557
f 1316/1858/1558 1317/1859/1558 1311/1850/1558
f 1312/1848/1559 1311/1850/1559 1317/1859/1559
f 1317/1859/1548 1318/1849/1548 1312/1848/1548
f 1318/1849/1560 1317/1859/1560 1323/1860/1560
f 1322/1861/1560 1323/1860/1560 1317/1859/1560
f 1327/1862/1561 1323/1860/1561 1322/1861/1561
f 1317/1859/1562 1316/1858/1562 1322/1861/1562
f 1321/1856/1563 1322/1861/1563 1316/1858/1563
f 1322/1861/1564 1321/1856/1564 1327/1862/1564
f 1326/1863/1564 1327/1862/1564 1321/1856/1564
f 1326/1863/1565 1331/1864/1565 1327/1862/1565
f 1331/1864/1566 1326/1863/1566 1330/1865/1566
f 1330/1865/1567 1336/1866/1567 1331/1864/1567
f 1336/1866/1568 1330/1865/1568 1334/1867/1568
f 1334/1867/1569 1339/1868/1569 1336/1866/1569
f 1341/1869/1569 1336/1866/1569 1339/1868/1569
f 1339/1868/1570 1344/1870/1570 1341/1869/1570
f 1346/1871/1570 1341/1869/1570 1344/1870/1570
f 1345/1872/1571 1344/1870/1571 1340/1873/1571
f 1340/1873/1571 1344/1870/1571 1339/1868/1571
f 1340/1873/1572 1339/1868/1572 1335/1874/1572
f 1335/1874/1572 1339/1868/1572 1334/1867/1572
f 1335/1874/1573 1334/1867/1573 1329/1875/1573
f 1329/1875/1574 1334/1867/1574 1330/1865/1574
f 1330/1865/1575 1324/1876/1575 1329/1875/1575
f 1324/1876/1576 1330/1865/1576 1326/1863/1576
f 1324/1876/1577 1326/1863/1577 1319/1855/1577
f 1321/1856/1578 1319/1855/1578 1326/1863/1578
f 1309/1852/1579 1314/1877/1579 1310/1851/1579
f 1315/1857/1579 1310/1851/1579 1314/1877/1579
f 1315/1857/1580 1314/1877/1580 1319/1855/1580
f 1320/1878/1580 1319/1855/1580 1314/1877/1580
f 1319/1855/1581 1320/1878/1581 1324/1876/1581
f 1325/1879/1581 1324/1876/1581 1320/1878/1581
f 1325/1879/1582 1329/1875/1582 1324/1876/1582
f 1272/1880/1583 1273/1881/1583 1268/1882/1583
f 1272/1880/1584 1277/1883/1584 1273/1881/1584
f 1278/1884/1585 1273/1881/1585 1277/1883/1585
f 1278/1884/1586 1277/1883/1586 1282/1885/1586
f 1283/1886/1587 1278/1884/1587 1282/1885/1587
f 1283/1886/1588 1282/1885/1588 1287/1887/1588
f 1288/1888/1589 1283/1886/1589 1287/1887/1589
f 1288/1888/1590 1287/1887/1590 1292/1889/1590
f 1293/1890/1590 1288/1888/1590 1292/1889/1590
f 1293/1890/1591 1292/1889/1591 1297/1891/1591
f 1281/1892/1592 1286/1893/1592 1282/1885/1592
f 1282/1885/1593 1277/1883/1593 1281/1892/1593
f 1276/1894/1593 1281/1892/1593 1277/1883/1593
f 1277/1883/1594 1271/1895/1594 1276/1894/1594
f 1271/1895/1595 1277/1883/1595 1272/1880/1595
f 1272/1880/1596 1267/1896/1596 1271/1895/1596
f 1268/1882/1597 1267/1896/1597 1272/1880/1597
f 1268/1882/1598 1263/1897/1598 1267/1896/1598
f 1276/1894/1599 1270/1898/1599 1274/1899/1599
f 1270/1898/1600 1276/1894/1600 1271/1895/1600
f 1271/1895/1601 1266/1900/1601 1270/1898/1601
f 1266/1900/1602 1271/1895/1602 1267/1896/1602
f 1267/1896/1603 1262/1901/1603 1266/1900/1603
f 1263/1897/1598 1262/1901/1598 1267/1896/1598
f 1263/1897/1604 1257/1902/1604 1262/1901/1604
f 1255/1903/1604 1262/1901/1604 1257/1902/1604
f 1255/1903/1605 1257/1902/1605 1256/1904/1605
f 1256/1904/1606 1254/1905/1606 1255/1903/1606
f 1364/1906/1607 1359/1907/1607 1365/1908/1607
f 1365/1908/1608 1251/1909/1608 1364/1906/1608
f 1254/1905/1609 1364/1906/1609 1251/1909/1609
f 1254/1905/1610 1251/1909/1610 1253/1910/1610
f 1253/1910/1606 1255/1903/1606 1254/1905/1606
f 1253/1910/1611 1261/1911/1611 1255/1903/1611
f 1262/1901/1611 1255/1903/1611 1261/1911/1611
f 1261/1911/1603 1266/1900/1603 1262/1901/1603
f 1266/1900/1612 1261/1911/1612 1265/1912/1612
f 1265/1912/1613 1270/1898/1613 1266/1900/1613
f 1251/1909/1608 1365/1908/1608 1249/1913/1608
f 1251/1909/1614 1249/1913/1614 1250/1914/1614
f 1250/1914/1610 1253/1910/1610 1251/1909/1610
f 1250/1914/1615 1260/1915/1615 1253/1910/1615
f 1261/1911/1615 1253/1910/1615 1260/1915/1615
f 1260/1915/1612 1265/1912/1612 1261/1911/1612
f 1265/1912/1616 1260/1915/1616 1264/1916/1616
f 1264/1916/1617 1269/1917/1617 1265/1912/1617
f 1252/1918/1614 1250/1914/1614 1249/1913/1614
f 1252/1918/1618 1259/1919/1618 1250/1914/1618
f 1260/1915/1618 1250/1914/1618 1259/1919/1618
f 1259/1919/1616 1264/1916/1616 1260/1915/1616
f 1270/1898/1619 1265/1912/1619 1269/1917/1619
f 1270/1898/1620 1269/1917/1620 1274/1899/1620
f 1275/1920/1621 1274/1899/1621 1269/1917/1621
f 1275/1920/1622 1279/1921/1622 1274/1899/1622
f 1280/1922/1622 1274/1899/1622 1279/1921/1622
f 1279/1921/1623 1284/1923/1623 1280/1922/1623
f 1285/1924/1623 1280/1922/1623 1284/1923/1623
f 1284/1923/1624 1289/1925/1624 1285/1924/1624
f 1290/1926/1624 1285/1924/1624 1289/1925/1624
f 1289/1925/1625 1294/1927/1625 1290/1926/1625
f 1295/1928/1625 1290/1926/1625 1294/1927/1625
f 1294/1927/1626 1299/1854/1626 1295/1928/1626
f 1300/1843/1627 1295/1928/1627 1299/1854/1627
f 1295/1928/1628 1300/1843/1628 1296/1845/1628
f 1296/1845/1629 1290/1926/1629 1295/1928/1629
f 1290/1926/1629 1296/1845/1629 1291/1929/1629
f 1291/1929/1630 1285/1924/1630 1290/1926/1630
f 1285/1924/1630 1291/1929/1630 1286/1893/1630
f 1286/1893/1631 1280/1922/1631 1285/1924/1631
f 1280/1922/1632 1286/1893/1632 1281/1892/1632
f 1281/1892/1633 1274/1899/1633 1280/1922/1633
f 1274/1899/1634 1281/1892/1634 1276/1894/1634
f 1308/1930/1549 1307/1846/1549 1313/1847/1549
f 1307/1846/1635 1308/1930/1635 1302/1931/1635
f 1301/1844/1636 1307/1846/1636 1302/1931/1636
f 1302/1931/1637 1297/1891/1637 1301/1844/1637
f 1296/1845/1638 1301/1844/1638 1297/1891/1638
f 1297/1891/1639 1292/1889/1639 1296/1845/1639
f 1291/1929/1640 1296/1845/1640 1292/1889/1640
f 1292/1889/1641 1287/1887/1641 1291/1929/1641
f 1286/1893/1641 1291/1929/1641 1287/1887/1641
f 1287/1887/1592 1282/1885/1592 1286/1893/1592
f 1298/1932/1591 1293/1890/1591 1297/1891/1591
f 1298/1932/1642 1297/1891/1642 1302/1931/1642
f 1302/1931/1643 1303/1933/1643 1298/1932/1643
f 1303/1933/1644 1302/1931/1644 1308/1930/1644
f 1216/1934/1645 1214/1935/1645 1213/1936/1645
f 1215/1937/1645 1213/1936/1645 1214/1935/1645
f 1215/1937/1646 1217/1938/1646 1213/1936/1646
f 1218/1939/1646 1213/1936/1646 1217/1938/1646
f 1217/1938/1647 1221/1940/1647 1218/1939/1647
f 1220/1941/1648 1218/1939/1648 1221/1940/1648
f 1221/1940/1649 1219/1942/1649 1220/1941/1649
f 1222/1943/1649 1220/1941/1649 1219/1942/1649
f 1219/1942/1650 1223/1944/1650 1222/1943/1650
f 1224/1945/1650 1222/1943/1650 1223/1944/1650
f 1242/1946/1651 1221/1940/1651 1241/1947/1651
f 1217/1938/1651 1241/1947/1651 1221/1940/1651
f 1220/1941/1651 1197/1948/1651 1218/1939/1651
f 1193/1949/1651 1218/1939/1651 1197/1948/1651
f 1199/1950/1652 1224/1945/1652 1204/1951/1652
f 1225/1952/1652 1204/1951/1652 1224/1945/1652
f 1201/1953/1653 1200/1954/1653 1204/1951/1653
f 1199/1950/1653 1204/1951/1653 1200/1954/1653
f 1200/1954/1654 1198/1955/1654 1199/1950/1654
f 1195/1956/1654 1199/1950/1654 1198/1955/1654
f 1198/1955/1655 1196/1957/1655 1195/1956/1655
f 1197/1948/1655 1195/1956/1655 1196/1957/1655
f 1196/1957/1656 1194/1958/1656 1197/1948/1656
f 1193/1949/1656 1197/1948/1656 1194/1958/1656
f 1194/1958/1657 1192/1959/1657 1193/1949/1657
f 1189/1960/1657 1193/1949/1657 1192/1959/1657
f 1192/1959/1658 1190/1961/1658 1189/1960/1658
f 1191/1962/1658 1189/1960/1658 1190/1961/1658
f 1196/1957/1659 1173/1963/1659 1194/1958/1659
f 1169/1964/1660 1194/1958/1660 1173/1963/1660
f 1168/1965/1661 1166/1966/1661 1165/1967/1661
f 1167/1968/1661 1165/1967/1661 1166/1966/1661
f 1167/1968/1662 1169/1964/1662 1165/1967/1662
f 1170/1969/1662 1165/1967/1662 1169/1964/1662
f 1169/1964/1663 1173/1963/1663 1170/1969/1663
f 1172/1970/1663 1170/1969/1663 1173/1963/1663
f 1173/1963/1664 1171/1971/1664 1172/1970/1664
f 1174/1972/1664 1172/1970/1664 1171/1971/1664
f 1171/1971/1665 1175/1973/1665 1174/1972/1665
f 1176/1974/1665 1174/1972/1665 1175/1973/1665
f 1172/1970/1666 1149/1975/1666 1170/1969/1666
f 1145/1976/1666 1170/1969/1666 1149/1975/1666
f 1151/1977/1667 1176/1974/1667 1155/1978/1667
f 1177/1979/1667 1155/1978/1667 1176/1974/1667
f 1154/1980/1668 1152/1981/1668 1155/1978/1668
f 1151/1977/1669 1155/1978/1669 1152/1981/1669
f 1152/1981/1670 1150/1982/1670 1151/1977/1670
f 1147/1983/1670 1151/1977/1670 1150/1982/1670
f 1150/1982/1671 1148/1984/1671 1147/1983/1671
f 1149/1975/1672 1147/1983/1672 1148/1984/1672
f 1148/1984/1673 1146/1985/1673 1149/1975/1673
f 1145/1976/1673 1149/1975/1673 1146/1985/1673
f 1146/1985/1674 1144/1986/1674 1145/1976/1674
f 1141/1987/1674 1145/1976/1674 1144/1986/1674
f 1144/1986/1675 1142/1988/1675 1141/1987/1675
f 1143/1989/1675 1141/1987/1675 1142/1988/1675
f 1148/1984/1676 1247/1990/1676 1146/1985/1676
f 1248/1991/1676 1146/1985/1676 1247/1990/1676
f 1212/1992/1677 1211/1993/1677 1208/1994/1677
f 1208/1994/1677 1211/1993/1677 1209/1995/1677
f 1209/1995/1678 1207/1996/1678 1208/1994/1678
f 1210/1997/1678 1208/1994/1678 1207/1996/1678
f 1207/1996/1679 1206/1998/1679 1210/1997/1679
f 1205/1999/1680 1210/1997/1680 1206/1998/1680
f 1206/1998/1681 1203/2000/1681 1205/1999/1681
f 1202/2001/1681 1205/1999/1681 1203/2000/1681
f 1203/2000/1682 1201/1953/1682 1202/2001/1682
f 1204/1951/1682 1202/2001/1682 1201/1953/1682
f 1181/2002/1683 1206/1998/1683 1186/2003/1683
f 1207/1996/1683 1186/2003/1683 1206/1998/1683
f 1205/1999/1684 1230/2004/1684 1210/1997/1684
f 1231/2005/1684 1210/1997/1684 1230/2004/1684
f 1175/1973/1685 1200/1954/1685 1180/2006/1685
f 1201/1953/1685 1180/2006/1685 1200/1954/1685
f 1175/1973/1686 1180/2006/1686 1176/1974/1686
f 1177/1979/1686 1176/1974/1686 1180/2006/1686
f 1180/2006/1687 1178/2007/1687 1177/1979/1687
f 1179/2008/1687 1177/1979/1687 1178/2007/1687
f 1178/2007/1688 1181/2002/1688 1179/2008/1688
f 1182/2009/1688 1179/2008/1688 1181/2002/1688
f 1181/2002/1689 1186/2003/1689 1182/2009/1689
f 1183/2010/1689 1182/2009/1689 1186/2003/1689
f 1186/2003/1690 1184/2011/1690 1183/2010/1690
f 1185/2012/1690 1183/2010/1690 1184/2011/1690
f 1184/2011/1691 1187/2013/1691 1185/2012/1691
f 1188/2014/1691 1187/2013/1691 1184/2011/1691
f 1157/2015/1692 1182/2009/1692 1162/2016/1692
f 1183/2010/1692 1162/2016/1692 1182/2009/1692
f 1164/2017/1693 1163/2018/1693 1160/2019/1693
f 1160/2019/1693 1163/2018/1693 1161/2020/1693
f 1161/2020/1694 1159/2021/1694 1160/2019/1694
f 1162/2016/1694 1160/2019/1694 1159/2021/1694
f 1159/2021/1695 1158/2022/1695 1162/2016/1695
f 1157/2015/1695 1162/2016/1695 1158/2022/1695
f 1158/2022/1696 1156/2023/1696 1157/2015/1696
f 1153/2024/1696 1157/2015/1696 1156/2023/1696
f 1156/2023/1697 1154/1980/1697 1153/2024/1697
f 1155/1978/1697 1153/2024/1697 1154/1980/1697
f 1244/2025/1698 1158/2022/1698 1243/2026/1698
f 1159/2021/1698 1243/2026/1698 1158/2022/1698
f 1246/2027/1699 1152/1981/1699 1245/2028/1699
f 1154/1980/1699 1245/2028/1699 1152/1981/1699
f 1223/1944/1652 1239/2029/1652 1228/2030/1652
f 1240/2031/1652 1228/2030/1652 1239/2029/1652
f 1223/1944/1700 1228/2030/1700 1224/1945/1700
f 1225/1952/1700 1224/1945/1700 1228/2030/1700
f 1228/2030/1701 1226/2032/1701 1225/1952/1701
f 1227/2033/1701 1225/1952/1701 1226/2032/1701
f 1226/2032/1702 1229/2034/1702 1227/2033/1702
f 1230/2004/1702 1227/2033/1702 1229/2034/1702
f 1229/2034/1703 1234/2035/1703 1230/2004/1703
f 1231/2005/1703 1230/2004/1703 1234/2035/1703
f 1234/2035/1704 1232/2036/1704 1231/2005/1704
f 1233/2037/1704 1231/2005/1704 1232/2036/1704
f 1232/2036/1705 1235/2038/1705 1233/2037/1705
f 1236/2039/1705 1235/2038/1705 1232/2036/1705
f 1229/2034/1684 1237/2040/1684 1234/2035/1684
f 1238/2041/1684 1234/2035/1684 1237/2040/1684
f 1113/2042/1706 1108/2043/1706 1112/2044/1706
f 1112/2044/1707 1117/2045/1707 1113/2042/1707
f 1118/2046/1707 1113/2042/1707 1117/2045/1707
f 1117/2045/1708 1122/2047/1708 1118/2046/1708
f 1123/2048/1708 1118/2046/1708 1122/2047/1708
f 1122/2047/1709 1127/2049/1709 1123/2048/1709
f 1128/2050/1709 1123/2048/1709 1127/2049/1709
f 1127/2049/1710 1132/2051/1710 1128/2050/1710
f 1117/2045/1711 1112/2044/1711 1116/2052/1711
f 1116/2052/1712 1121/2053/1712 1117/2045/1712
f 1122/2047/1712 1117/2045/1712 1121/2053/1712
f 1121/2053/1713 1126/2054/1713 1122/2047/1713
f 1127/2049/1713 1122/2047/1713 1126/2054/1713
f 1126/2054/1714 1131/2055/1714 1127/2049/1714
f 1132/2051/1715 1127/2049/1715 1131/2055/1715
f 1131/2055/1716 1136/2056/1716 1132/2051/1716
f 1137/2057/1717 1136/2056/1717 1024/2058/1717
f 1137/2057/1718 1132/2051/1718 1136/2056/1718
f 1137/2057/1719 1138/2059/1719 1132/2051/1719
f 1132/2051/1720 1138/2059/1720 1133/2060/1720
f 1133/2060/1721 1128/2050/1721 1132/2051/1721
f 1128/2050/1722 1133/2060/1722 1129/2061/1722
f 1128/2050/1723 1129/2061/1723 1123/2048/1723
f 1124/2062/1723 1123/2048/1723 1129/2061/1723
f 1123/2048/1724 1124/2062/1724 1118/2046/1724
f 1119/2063/1724 1118/2046/1724 1124/2062/1724
f 1024/2058/1725 1026/2064/1725 1137/2057/1725
f 1138/2059/1725 1137/2057/1725 1026/2064/1725
f 1133/2060/1726 1139/2065/1726 1134/2066/1726
f 1138/2059/1727 1139/2065/1727 1133/2060/1727
f 1139/2065/1728 1138/2059/1728 1028/2067/1728
f 1026/2064/1728 1028/2067/1728 1138/2059/1728
f 1026/2064/1729 1027/2068/1729 1028/2067/1729
f 1027/2068/1729 1026/2064/1729 1025/2069/1729
f 1024/2058/1730 1025/2069/1730 1026/2064/1730
f 1025/2069/1730 1024/2058/1730 1021/2070/1730
f 1024/2058/1731 1022/2071/1731 1021/2070/1731
f 1024/2058/1717 1136/2056/1717 1022/2071/1717
f 1029/2072/1732 1027/2068/1732 1035/2073/1732
f 1029/2072/1733 1028/2067/1733 1027/2068/1733
f 1028/2067/1733 1029/2072/1733 1030/2074/1733
f 1028/2067/1734 1030/2074/1734 1139/2065/1734
f 1140/2075/1734 1139/2065/1734 1030/2074/1734
f 1139/2065/1735 1140/2075/1735 1135/2076/1735
f 1134/2066/1736 1139/2065/1736 1135/2076/1736
f 1134/2066/1737 1135/2076/1737 1130/2077/1737
f 1110/2078/1738 1109/2079/1738 1115/2080/1738
f 1114/2081/1738 1115/2080/1738 1109/2079/1738
f 1115/2080/1739 1114/2081/1739 1120/2082/1739
f 1119/2063/1739 1120/2082/1739 1114/2081/1739
f 1120/2082/1740 1119/2063/1740 1125/2083/1740
f 1124/2062/1741 1125/2083/1741 1119/2063/1741
f 1125/2083/1742 1124/2062/1742 1130/2077/1742
f 1129/2061/1743 1130/2077/1743 1124/2062/1743
f 1129/2061/1744 1134/2066/1744 1130/2077/1744
f 1134/2066/1745 1129/2061/1745 1133/2060/1745
f 1118/2046/1746 1119/2063/1746 1113/2042/1746
f 1114/2081/1746 1113/2042/1746 1119/2063/1746
f 1113/2042/1747 1114/2081/1747 1108/2043/1747
f 1109/2079/1747 1108/2043/1747 1114/2081/1747
f 1108/2043/1748 1109/2079/1748 1103/2084/1748
f 1103/2084/1749 1109/2079/1749 1104/2085/1749
f 1104/2085/1750 1099/2086/1750 1103/2084/1750
f 1098/2087/1751 1103/2084/1751 1099/2086/1751
f 1099/2086/1752 1093/2088/1752 1098/2087/1752
f 1091/2089/1753 1098/2087/1753 1093/2088/1753
f 1092/2090/1754 1091/2089/1754 1087/2091/1754
f 1092/2090/1755 1096/2092/1755 1091/2089/1755
f 1098/2087/1756 1091/2089/1756 1096/2092/1756
f 1096/2092/1757 1102/2093/1757 1098/2087/1757
f 1103/2084/1758 1098/2087/1758 1102/2093/1758
f 1102/2093/1759 1108/2043/1759 1103/2084/1759
f 1107/2094/1760 1108/2043/1760 1102/2093/1760
f 1107/2094/1706 1112/2044/1706 1108/2043/1706
f 1112/2044/1761 1107/2094/1761 1111/2095/1761
f 1111/2095/1711 1116/2052/1711 1112/2044/1711
f 1097/2096/1755 1096/2092/1755 1092/2090/1755
f 1097/2096/1762 1101/2097/1762 1096/2092/1762
f 1102/2093/1763 1096/2092/1763 1101/2097/1763
f 1101/2097/1764 1106/2098/1764 1102/2093/1764
f 1107/2094/1765 1102/2093/1765 1106/2098/1765
f 1106/2098/1761 1111/2095/1761 1107/2094/1761
f 1059/2099/1766 1060/2100/1766 1055/2101/1766
f 1059/2099/1767 1064/2102/1767 1060/2100/1767
f 1064/2102/1767 1065/2103/1767 1060/2100/1767
f 1064/2102/1768 1069/2104/1768 1065/2103/1768
f 1069/2104/1769 1070/2105/1769 1065/2103/1769
f 1069/2104/1770 1074/2106/1770 1070/2105/1770
f 1074/2106/1771 1075/2107/1771 1070/2105/1771
f 1075/2107/1772 1074/2106/1772 1080/2108/1772
f 1054/2109/1773 1055/2101/1773 1050/2110/1773
f 1054/2109/1774 1059/2099/1774 1055/2101/1774
f 1059/2099/1775 1054/2109/1775 1058/2111/1775
f 1058/2111/1776 1063/2112/1776 1059/2099/1776
f 1064/2102/1776 1059/2099/1776 1063/2112/1776
f 1063/2112/1777 1068/2113/1777 1064/2102/1777
f 1069/2104/1778 1064/2102/1778 1068/2113/1778
f 1068/2113/1779 1073/2114/1779 1069/2104/1779
f 1074/2106/1780 1069/2104/1780 1073/2114/1780
f 1073/2114/1781 1079/2115/1781 1074/2106/1781
f 1079/2115/1782 1080/2108/1782 1074/2106/1782
f 1080/2108/1783 1079/2115/1783 1085/2116/1783
f 1084/2117/1784 1085/2116/1784 1079/2115/1784
f 1085/2116/1785 1084/2117/1785 1090/2118/1785
f 1063/2112/1786 1061/2119/1786 1068/2113/1786
f 1066/2120/1786 1068/2113/1786 1061/2119/1786
f 1066/2120/1787 1072/2121/1787 1068/2113/1787
f 1073/2114/1788 1068/2113/1788 1072/2121/1788
f 1072/2121/1789 1078/2122/1789 1073/2114/1789
f 1079/2115/1790 1073/2114/1790 1078/2122/1790
f 1078/2122/1791 1083/2123/1791 1079/2115/1791
f 1084/2117/1791 1079/2115/1791 1083/2123/1791
f 1083/2123/1792 1089/2124/1792 1084/2117/1792
f 1089/2124/1785 1090/2118/1785 1084/2117/1785
f 1090/2118/1793 1089/2124/1793 1095/2125/1793
f 1056/2126/1794 1057/2127/1794 1061/2119/1794
f 1062/2128/1794 1061/2119/1794 1057/2127/1794
f 1061/2119/1795 1062/2128/1795 1066/2120/1795
f 1067/2129/1795 1066/2120/1795 1062/2128/1795
f 1067/2129/1796 1071/2130/1796 1066/2120/1796
f 1072/2121/1797 1066/2120/1797 1071/2130/1797
f 1071/2130/1798 1076/2131/1798 1072/2121/1798
f 1078/2122/1799 1072/2121/1799 1076/2131/1799
f 1076/2131/1800 1081/2132/1800 1078/2122/1800
f 1083/2123/1801 1078/2122/1801 1081/2132/1801
f 1093/2088/1802 1086/2133/1802 1091/2089/1802
f 1087/2091/1754 1091/2089/1754 1086/2133/1754
f 1087/2091/1803 1086/2133/1803 1082/2134/1803
f 1082/2134/1803 1086/2133/1803 1081/2132/1803
f 1082/2134/1804 1081/2132/1804 1077/2135/1804
f 1077/2135/1804 1081/2132/1804 1076/2131/1804
f 1077/2135/1805 1076/2131/1805 1071/2130/1805
f 1088/2136/1806 1081/2132/1806 1086/2133/1806
f 1086/2133/1802 1093/2088/1802 1088/2136/1802
f 1094/2137/1807 1088/2136/1807 1093/2088/1807
f 1094/2137/1752 1093/2088/1752 1099/2086/1752
f 1081/2132/1806 1088/2136/1806 1083/2123/1806
f 1089/2124/1792 1083/2123/1792 1088/2136/1792
f 1088/2136/1807 1094/2137/1807 1089/2124/1807
f 1094/2137/1793 1095/2125/1793 1089/2124/1793
f 1094/2137/1808 1099/2086/1808 1095/2125/1808
f 1100/2138/1809 1095/2125/1809 1099/2086/1809
f 1099/2086/1810 1104/2085/1810 1100/2138/1810
f 1104/2085/1811 1105/2139/1811 1100/2138/1811
f 1105/2139/1812 1104/2085/1812 1110/2078/1812
f 1109/2079/1813 1110/2078/1813 1104/2085/1813
f 1047/2140/1814 1046/2141/1814 1041/2142/1814
f 1044/2143/1815 1039/2144/1815 1043/2145/1815
f 1043/2145/1816 1049/2146/1816 1044/2143/1816
f 1048/2147/1817 1049/2146/1817 1043/2145/1817
f 1048/2147/1818 1053/2148/1818 1049/2146/1818
f 1048/2147/1819 1046/2141/1819 1053/2148/1819
f 1051/2149/1819 1053/2148/1819 1046/2141/1819
f 1047/2140/1820 1051/2149/1820 1046/2141/1820
f 1052/2150/1820 1051/2149/1820 1047/2140/1820
f 1051/2149/1821 1052/2150/1821 1056/2126/1821
f 1057/2127/1821 1056/2126/1821 1052/2150/1821
f 1045/2151/1822 1040/2152/1822 1044/2143/1822
f 1045/2151/1823 1044/2143/1823 1050/2110/1823
f 1049/2146/1824 1050/2110/1824 1044/2143/1824
f 1049/2146/1773 1054/2109/1773 1050/2110/1773
f 1054/2109/1818 1049/2146/1818 1053/2148/1818
f 1053/2148/1825 1058/2111/1825 1054/2109/1825
f 1053/2148/1826 1051/2149/1826 1058/2111/1826
f 1056/2126/1826 1058/2111/1826 1051/2149/1826
f 1058/2111/1827 1056/2126/1827 1063/2112/1827
f 1061/2119/1827 1063/2112/1827 1056/2126/1827
f 1023/2153/1731 1021/2070/1731 1022/2071/1731
f 1021/2070/1828 1023/2153/1828 1032/2154/1828
f 1021/2070/1829 1032/2154/1829 1025/2069/1829
f 1033/2155/1829 1025/2069/1829 1032/2154/1829
f 1025/2069/1830 1033/2155/1830 1027/2068/1830
f 1034/2156/1830 1027/2068/1830 1033/2155/1830
f 1034/2156/1732 1035/2073/1732 1027/2068/1732
f 1035/2073/1831 1034/2156/1831 1040/2152/1831
f 1039/2144/1831 1040/2152/1831 1034/2156/1831
f 1039/2144/1832 1044/2143/1832 1040/2152/1832
f 1039/2144/1833 1034/2156/1833 1038/2157/1833
f 1033/2155/1833 1038/2157/1833 1034/2156/1833
f 1038/2157/1834 1033/2155/1834 1037/2158/1834
f 1032/2154/1834 1037/2158/1834 1033/2155/1834
f 1037/2158/1835 1042/2159/1835 1038/2157/1835
f 1032/2154/1828 1023/2153/1828 1031/2160/1828
f 1032/2154/1836 1031/2160/1836 1037/2158/1836
f 1037/2158/1836 1031/2160/1836 1036/2161/1836
f 1036/2161/1837 1041/2142/1837 1037/2158/1837
f 1042/2159/1838 1037/2158/1838 1041/2142/1838
f 1041/2142/1839 1046/2141/1839 1042/2159/1839
f 1046/2141/1840 1048/2147/1840 1042/2159/1840
f 1042/2159/1841 1048/2147/1841 1043/2145/1841
f 1043/2145/1842 1038/2157/1842 1042/2159/1842
f 1038/2157/1843 1043/2145/1843 1039/2144/1843
f 578/2162/1618 579/2163/1618 573/2164/1618
f 572/2165/1614 573/2164/1614 574/2166/1614
f 573/2164/1614 572/2165/1614 571/2167/1614
f 571/2167/1618 578/2162/1618 573/2164/1618
f 578/2162/1615 571/2167/1615 577/2168/1615
f 577/2168/1612 582/2169/1612 578/2162/1612
f 582/2169/1603 577/2168/1603 581/2170/1603
f 581/2170/1844 586/2171/1844 582/2169/1844
f 586/2171/1845 581/2170/1845 585/2172/1845
f 585/2172/1846 590/2173/1846 586/2171/1846
f 590/2173/1847 585/2172/1847 591/2174/1847
f 586/2171/1848 592/2175/1848 587/2176/1848
f 590/2173/1849 592/2175/1849 586/2171/1849
f 587/2176/1850 582/2169/1850 586/2171/1850
f 582/2169/1851 587/2176/1851 583/2177/1851
f 588/2178/1852 583/2177/1852 587/2176/1852
f 587/2176/1853 593/2179/1853 588/2178/1853
f 592/2175/1854 593/2179/1854 587/2176/1854
f 592/2175/1855 597/2180/1855 593/2179/1855
f 592/2175/1856 590/2173/1856 597/2180/1856
f 596/2181/1857 597/2180/1857 590/2173/1857
f 597/2180/1858 596/2181/1858 602/2182/1858
f 601/2183/1859 602/2182/1859 596/2181/1859
f 583/2177/1612 578/2162/1612 582/2169/1612
f 578/2162/1616 583/2177/1616 579/2163/1616
f 583/2177/1616 584/2184/1616 579/2163/1616
f 583/2177/1860 588/2178/1860 584/2184/1860
f 588/2178/1861 589/2185/1861 584/2184/1861
f 589/2185/1862 588/2178/1862 593/2179/1862
f 593/2179/1863 594/2186/1863 589/2185/1863
f 594/2186/1864 593/2179/1864 598/2187/1864
f 598/2187/1865 599/2188/1865 594/2186/1865
f 598/2187/1866 603/2189/1866 599/2188/1866
f 598/2187/1855 593/2179/1855 597/2180/1855
f 597/2180/1867 602/2182/1867 598/2187/1867
f 603/2189/1867 598/2187/1867 602/2182/1867
f 602/2182/1868 607/2190/1868 603/2189/1868
f 608/2191/1868 603/2189/1868 607/2190/1868
f 607/2190/1869 612/2192/1869 608/2191/1869
f 613/2193/1870 608/2191/1870 612/2192/1870
f 612/2192/1871 617/2194/1871 613/2193/1871
f 618/2195/1872 613/2193/1872 617/2194/1872
f 617/2194/1873 623/2196/1873 618/2195/1873
f 603/2189/1874 604/2197/1874 599/2188/1874
f 603/2189/1875 608/2191/1875 604/2197/1875
f 608/2191/1875 609/2198/1875 604/2197/1875
f 608/2191/1876 613/2193/1876 609/2198/1876
f 613/2193/1876 614/2199/1876 609/2198/1876
f 613/2193/1877 618/2195/1877 614/2199/1877
f 618/2195/1878 619/2200/1878 614/2199/1878
f 619/2200/1879 618/2195/1879 624/2201/1879
f 623/2196/1880 624/2201/1880 618/2195/1880
f 624/2201/1881 623/2196/1881 629/2202/1881
f 628/2203/1881 629/2202/1881 623/2196/1881
f 629/2202/1882 628/2203/1882 634/2204/1882
f 633/2205/1882 634/2204/1882 628/2203/1882
f 634/2204/1883 633/2205/1883 639/2206/1883
f 638/2207/1883 639/2206/1883 633/2205/1883
f 638/2207/1884 643/2208/1884 639/2206/1884
f 638/2207/1885 637/2209/1885 643/2208/1885
f 643/2208/1885 637/2209/1885 642/2210/1885
f 635/2211/1886 642/2210/1886 637/2209/1886
f 642/2210/1887 635/2211/1887 640/2212/1887
f 642/2210/1888 647/2213/1888 643/2208/1888
f 646/2214/1889 652/2215/1889 647/2213/1889
f 647/2213/1890 642/2210/1890 646/2214/1890
f 640/2212/1891 646/2214/1891 642/2210/1891
f 636/2216/1892 640/2212/1892 635/2211/1892
f 640/2212/1892 636/2216/1892 641/2217/1892
f 641/2217/1893 645/2218/1893 640/2212/1893
f 646/2214/1894 640/2212/1894 645/2218/1894
f 646/2214/1895 645/2218/1895 651/2219/1895
f 651/2219/1896 652/2215/1896 646/2214/1896
f 651/2219/1897 656/2220/1897 652/2215/1897
f 657/2221/1897 652/2215/1897 656/2220/1897
f 656/2220/1898 661/2222/1898 657/2221/1898
f 662/2223/1898 657/2221/1898 661/2222/1898
f 651/2219/1899 645/2218/1899 650/2224/1899
f 651/2219/1900 650/2224/1900 656/2220/1900
f 656/2220/1900 650/2224/1900 655/2225/1900
f 656/2220/1901 655/2225/1901 661/2222/1901
f 661/2222/1901 655/2225/1901 660/2226/1901
f 660/2226/1902 665/2227/1902 661/2222/1902
f 665/2227/1902 660/2226/1902 666/2228/1902
f 666/2228/1903 670/2229/1903 665/2227/1903
f 670/2229/1903 666/2228/1903 671/2230/1903
f 671/2230/1904 675/2231/1904 670/2229/1904
f 661/2222/1905 665/2227/1905 662/2223/1905
f 667/2232/1906 662/2223/1906 665/2227/1906
f 665/2227/1907 670/2229/1907 667/2232/1907
f 672/2233/1908 667/2232/1908 670/2229/1908
f 670/2229/1909 676/2234/1909 672/2233/1909
f 677/2235/1910 672/2233/1910 676/2234/1910
f 676/2234/1911 682/2236/1911 677/2235/1911
f 682/2236/1912 683/2237/1912 677/2235/1912
f 683/2237/1609 682/2236/1609 572/2165/1609
f 572/2165/1608 574/2166/1608 683/2237/1608
f 684/2238/1608 683/2237/1608 574/2166/1608
f 683/2237/1913 684/2238/1913 678/2239/1913
f 677/2235/1914 683/2237/1914 678/2239/1914
f 678/2239/1915 673/2240/1915 677/2235/1915
f 672/2233/1916 677/2235/1916 673/2240/1916
f 672/2233/1917 673/2240/1917 667/2232/1917
f 668/2241/1917 667/2232/1917 673/2240/1917
f 667/2232/1918 668/2241/1918 662/2223/1918
f 663/2242/1918 662/2223/1918 668/2241/1918
f 662/2223/1919 663/2242/1919 657/2221/1919
f 673/2240/1920 674/2243/1920 668/2241/1920
f 674/2243/1921 673/2240/1921 679/2244/1921
f 678/2239/1922 679/2244/1922 673/2240/1922
f 679/2244/1923 678/2239/1923 684/2238/1923
f 648/2245/1924 649/2246/1924 644/2247/1924
f 649/2246/1925 648/2245/1925 654/2248/1925
f 653/2249/1926 654/2248/1926 648/2245/1926
f 654/2248/1927 653/2249/1927 659/2250/1927
f 658/2251/1927 659/2250/1927 653/2249/1927
f 659/2250/1928 658/2251/1928 664/2252/1928
f 663/2242/1928 664/2252/1928 658/2251/1928
f 664/2252/1929 663/2242/1929 669/2253/1929
f 668/2241/1929 669/2253/1929 663/2242/1929
f 669/2253/1930 668/2241/1930 674/2243/1930
f 658/2251/1919 657/2221/1919 663/2242/1919
f 657/2221/1931 658/2251/1931 652/2215/1931
f 653/2249/1932 652/2215/1932 658/2251/1932
f 652/2215/1933 653/2249/1933 647/2213/1933
f 647/2213/1934 653/2249/1934 648/2245/1934
f 648/2245/1935 643/2208/1935 647/2213/1935
f 643/2208/1936 648/2245/1936 644/2247/1936
f 644/2247/1937 639/2206/1937 643/2208/1937
f 339/2254/1734 452/2255/1734 337/2256/1734
f 442/2257/1938 447/2258/1938 443/2259/1938
f 448/2260/1939 443/2259/1939 447/2258/1939
f 447/2258/1940 452/2255/1940 448/2260/1940
f 453/2261/1941 448/2260/1941 452/2255/1941
f 452/2255/1734 339/2254/1734 453/2261/1734
f 342/2262/1728 453/2261/1728 339/2254/1728
f 342/2262/1729 339/2254/1729 341/2263/1729
f 341/2263/1730 343/2264/1730 342/2262/1730
f 341/2263/1829 349/2265/1829 343/2264/1829
f 350/2266/1829 343/2264/1829 349/2265/1829
f 453/2261/1728 342/2262/1728 454/2267/1728
f 454/2267/1942 448/2260/1942 453/2261/1942
f 448/2260/1943 454/2267/1943 449/2268/1943
f 449/2268/1944 444/2269/1944 448/2260/1944
f 443/2259/1945 448/2260/1945 444/2269/1945
f 344/2270/1730 342/2262/1730 343/2264/1730
f 344/2270/1725 454/2267/1725 342/2262/1725
f 454/2267/1725 344/2270/1725 455/2271/1725
f 455/2271/1946 449/2268/1946 454/2267/1946
f 449/2268/1947 455/2271/1947 450/2272/1947
f 450/2272/1948 445/2273/1948 449/2268/1948
f 444/2269/1949 449/2268/1949 445/2273/1949
f 445/2273/1950 439/2274/1950 444/2269/1950
f 444/2269/1951 439/2274/1951 443/2259/1951
f 438/2275/1951 443/2259/1951 439/2274/1951
f 351/2276/1836 350/2266/1836 356/2277/1836
f 350/2266/1828 351/2276/1828 343/2264/1828
f 345/2278/1828 343/2264/1828 351/2276/1828
f 343/2264/1731 345/2278/1731 344/2270/1731
f 344/2270/1731 345/2278/1731 346/2279/1731
f 344/2270/1717 346/2279/1717 455/2271/1717
f 456/2280/1717 455/2271/1717 346/2279/1717
f 455/2271/1952 456/2280/1952 451/2281/1952
f 455/2271/1953 451/2281/1953 450/2272/1953
f 450/2272/1954 451/2281/1954 446/2282/1954
f 445/2273/1955 450/2272/1955 446/2282/1955
f 445/2273/1956 446/2282/1956 440/2283/1956
f 439/2274/1950 445/2273/1950 440/2283/1950
f 440/2283/1957 434/2284/1957 439/2274/1957
f 439/2274/1958 434/2284/1958 438/2275/1958
f 433/2285/1958 438/2275/1958 434/2284/1958
f 434/2284/1959 429/2286/1959 433/2285/1959
f 428/2287/1959 433/2285/1959 429/2286/1959
f 429/2286/1960 424/2288/1960 428/2287/1960
f 423/2289/1960 428/2287/1960 424/2288/1960
f 417/2290/1961 422/2291/1961 418/2292/1961
f 423/2289/1962 418/2292/1962 422/2291/1962
f 422/2291/1963 427/2293/1963 423/2289/1963
f 428/2287/1963 423/2289/1963 427/2293/1963
f 427/2293/1964 432/2294/1964 428/2287/1964
f 433/2285/1964 428/2287/1964 432/2294/1964
f 432/2294/1965 437/2295/1965 433/2285/1965
f 438/2275/1965 433/2285/1965 437/2295/1965
f 437/2295/1966 442/2257/1966 438/2275/1966
f 443/2259/1966 438/2275/1966 442/2257/1966
f 413/2296/1967 418/2292/1967 414/2297/1967
f 410/2298/1968 411/2299/1968 405/2300/1968
f 415/2301/1969 411/2299/1969 410/2298/1969
f 410/2298/1970 409/2302/1970 415/2301/1970
f 414/2297/1970 415/2301/1970 409/2302/1970
f 409/2302/1971 408/2303/1971 414/2297/1971
f 413/2296/1972 414/2297/1972 408/2303/1972
f 408/2303/1973 407/2304/1973 413/2296/1973
f 413/2296/1973 407/2304/1973 412/2305/1973
f 412/2305/1974 417/2290/1974 413/2296/1974
f 418/2292/1975 413/2296/1975 417/2290/1975
f 415/2301/1976 416/2306/1976 411/2299/1976
f 424/2288/1977 418/2292/1977 423/2289/1977
f 418/2292/1978 424/2288/1978 419/2307/1978
f 419/2307/1979 414/2297/1979 418/2292/1979
f 414/2297/1980 419/2307/1980 415/2301/1980
f 420/2308/1981 415/2301/1981 419/2307/1981
f 420/2308/1982 416/2306/1982 415/2301/1982
f 420/2308/1983 421/2309/1983 416/2306/1983
f 421/2309/1984 420/2308/1984 426/2310/1984
f 425/2311/1985 426/2310/1985 420/2308/1985
f 426/2310/1986 425/2311/1986 431/2312/1986
f 419/2307/1987 425/2311/1987 420/2308/1987
f 425/2311/1988 419/2307/1988 424/2288/1988
f 424/2288/1989 430/2313/1989 425/2311/1989
f 430/2313/1989 424/2288/1989 429/2286/1989
f 429/2286/1990 435/2314/1990 430/2313/1990
f 435/2314/1990 429/2286/1990 434/2284/1990
f 434/2284/1957 440/2283/1957 435/2314/1957
f 430/2313/1986 431/2312/1986 425/2311/1986
f 431/2312/1991 430/2313/1991 436/2315/1991
f 435/2314/1991 436/2315/1991 430/2313/1991
f 436/2315/1992 435/2314/1992 441/2316/1992
f 440/2283/1993 441/2316/1993 435/2314/1993
f 441/2316/1994 440/2283/1994 446/2282/1994
f 463/2317/1995 563/2318/1995 462/2319/1995
f 564/2320/1995 462/2319/1995 563/2318/1995
f 459/2321/1996 457/2322/1996 458/2323/1996
f 460/2324/1996 457/2322/1996 459/2321/1996
f 460/2324/1997 461/2325/1997 457/2322/1997
f 462/2319/1997 457/2322/1997 461/2325/1997
f 461/2325/1998 466/2326/1998 462/2319/1998
f 463/2317/1998 462/2319/1998 466/2326/1998
f 466/2326/1999 464/2327/1999 463/2317/1999
f 465/2328/2000 463/2317/2000 464/2327/2000
f 464/2327/2001 467/2329/2001 465/2328/2001
f 468/2330/2001 465/2328/2001 467/2329/2001
f 487/2331/2002 466/2326/2002 486/2332/2002
f 461/2325/2002 486/2332/2002 466/2326/2002
f 469/2333/2003 561/2334/2003 468/2330/2003
f 562/2335/2003 468/2330/2003 561/2334/2003
f 493/2336/2004 472/2337/2004 492/2338/2004
f 467/2329/2004 492/2338/2004 472/2337/2004
f 467/2329/2005 472/2337/2005 468/2330/2005
f 469/2333/2006 468/2330/2006 472/2337/2006
f 472/2337/2007 470/2339/2007 469/2333/2007
f 471/2340/2008 469/2333/2008 470/2339/2008
f 470/2339/2009 473/2341/2009 471/2340/2009
f 474/2342/2009 471/2340/2009 473/2341/2009
f 473/2341/2010 477/2343/2010 474/2342/2010
f 476/2344/2010 474/2342/2010 477/2343/2010
f 477/2343/2011 475/2345/2011 476/2344/2011
f 478/2346/2011 476/2344/2011 475/2345/2011
f 478/2346/2012 475/2345/2012 480/2347/2012
f 480/2347/2012 475/2345/2012 479/2348/2012
f 500/2349/2013 477/2343/2013 498/2350/2013
f 473/2341/2013 498/2350/2013 477/2343/2013
f 476/2344/2014 559/2351/2014 474/2342/2014
f 560/2352/2014 474/2342/2014 559/2351/2014
f 491/2353/2015 496/2354/2015 492/2338/2015
f 493/2336/2015 492/2338/2015 496/2354/2015
f 496/2354/2016 494/2355/2016 493/2336/2016
f 495/2356/2016 493/2336/2016 494/2355/2016
f 494/2355/2017 497/2357/2017 495/2356/2017
f 498/2350/2017 495/2356/2017 497/2357/2017
f 497/2357/2018 501/2358/2018 498/2350/2018
f 500/2349/2018 498/2350/2018 501/2358/2018
f 501/2358/2019 499/2359/2019 500/2349/2019
f 502/2360/2019 500/2349/2019 499/2359/2019
f 502/2360/2020 499/2359/2020 504/2361/2020
f 504/2361/2020 499/2359/2020 503/2362/2020
f 524/2363/2021 501/2358/2021 522/2364/2021
f 497/2357/2021 522/2364/2021 501/2358/2021
f 515/2365/2022 520/2366/2022 516/2367/2022
f 517/2368/2022 516/2367/2022 520/2366/2022
f 520/2366/2023 518/2369/2023 517/2368/2023
f 519/2370/2023 517/2368/2023 518/2369/2023
f 518/2369/2024 521/2371/2024 519/2370/2024
f 522/2364/2024 519/2370/2024 521/2371/2024
f 521/2371/2025 525/2372/2025 522/2364/2025
f 524/2363/2026 522/2364/2026 525/2372/2026
f 525/2372/2027 523/2373/2027 524/2363/2027
f 526/2374/2027 524/2363/2027 523/2373/2027
f 526/2374/2028 523/2373/2028 528/2375/2028
f 528/2375/2028 523/2373/2028 527/2376/2028
f 547/2377/2029 525/2372/2029 546/2378/2029
f 521/2371/2029 546/2378/2029 525/2372/2029
f 539/2379/2030 544/2380/2030 540/2381/2030
f 541/2382/2030 540/2381/2030 544/2380/2030
f 544/2380/2031 542/2383/2031 541/2382/2031
f 543/2384/2031 541/2382/2031 542/2383/2031
f 542/2383/2032 545/2385/2032 543/2384/2032
f 546/2378/2032 543/2384/2032 545/2385/2032
f 545/2385/2033 550/2386/2033 546/2378/2033
f 547/2377/2033 546/2378/2033 550/2386/2033
f 550/2386/2034 548/2387/2034 547/2377/2034
f 549/2388/2034 547/2377/2034 548/2387/2034
f 549/2388/2035 548/2387/2035 552/2389/2035
f 552/2389/2035 548/2387/2035 551/2390/2035
f 554/2391/2029 550/2386/2029 553/2392/2029
f 545/2385/2029 553/2392/2029 550/2386/2029
f 558/2393/2036 538/2394/2036 557/2395/2036
f 533/2396/2036 557/2395/2036 538/2394/2036
f 531/2397/2037 529/2398/2037 530/2399/2037
f 532/2400/2037 529/2398/2037 531/2397/2037
f 532/2400/2038 533/2396/2038 529/2398/2038
f 534/2401/2038 529/2398/2038 533/2396/2038
f 533/2396/2039 538/2394/2039 534/2401/2039
f 535/2402/2040 534/2401/2040 538/2394/2040
f 538/2394/2041 536/2403/2041 535/2402/2041
f 537/2404/2041 535/2402/2041 536/2403/2041
f 536/2403/2042 539/2379/2042 537/2404/2042
f 540/2381/2042 537/2404/2042 539/2379/2042
f 535/2402/2036 514/2405/2036 534/2401/2036
f 509/2406/2036 534/2401/2036 514/2405/2036
f 541/2382/2043 520/2366/2043 540/2381/2043
f 515/2365/2043 540/2381/2043 520/2366/2043
f 507/2407/2044 505/2408/2044 506/2409/2044
f 508/2410/2044 505/2408/2044 507/2407/2044
f 508/2410/2045 509/2406/2045 505/2408/2045
f 510/2411/2045 505/2408/2045 509/2406/2045
f 509/2406/2046 514/2405/2046 510/2411/2046
f 511/2412/2046 510/2411/2046 514/2405/2046
f 514/2405/2047 512/2413/2047 511/2412/2047
f 513/2414/2047 511/2412/2047 512/2413/2047
f 512/2413/2048 515/2365/2048 513/2414/2048
f 516/2367/2048 513/2414/2048 515/2365/2048
f 511/2412/2049 490/2415/2049 510/2411/2049
f 485/2416/2050 510/2411/2050 490/2415/2050
f 517/2368/2051 496/2354/2051 516/2367/2051
f 491/2353/2051 516/2367/2051 496/2354/2051
f 483/2417/2052 481/2418/2052 482/2419/2052
f 484/2420/2052 481/2418/2052 483/2417/2052
f 484/2420/2053 485/2416/2053 481/2418/2053
f 486/2332/2053 481/2418/2053 485/2416/2053
f 485/2416/2054 490/2415/2054 486/2332/2054
f 487/2331/2054 486/2332/2054 490/2415/2054
f 490/2415/2055 488/2421/2055 487/2331/2055
f 489/2422/2055 487/2331/2055 488/2421/2055
f 489/2422/2056 488/2421/2056 491/2353/2056
f 492/2338/2056 489/2422/2056 491/2353/2056
f 556/2423/2043 544/2380/2043 555/2424/2043
f 539/2379/2043 555/2424/2043 544/2380/2043
f 1381/2425/2057 1383/2426/2057 1384/2427/2057
f 1383/2426/2058 1381/2425/2058 1451/2428/2058
f 1451/2428/2059 1452/2429/2059 1383/2426/2059
f 1385/2430/2059 1383/2426/2059 1452/2429/2059
f 1452/2429/2060 1453/2431/2060 1385/2430/2060
f 1387/2432/2060 1385/2430/2060 1453/2431/2060
f 1453/2431/2061 1454/2433/2061 1387/2432/2061
f 1389/2434/2061 1387/2432/2061 1454/2433/2061
f 1454/2433/2062 1455/2435/2062 1389/2434/2062
f 1391/2436/2062 1389/2434/2062 1455/2435/2062
f 1451/2428/2063 1476/2437/2063 1452/2429/2063
f 1477/2438/2063 1452/2429/2063 1476/2437/2063
f 1477/2438/2064 1478/2439/2064 1452/2429/2064
f 1453/2431/2064 1452/2429/2064 1478/2439/2064
f 1478/2439/2065 1479/2440/2065 1453/2431/2065
f 1454/2433/2065 1453/2431/2065 1479/2440/2065
f 1479/2440/2066 1480/2441/2066 1454/2433/2066
f 1455/2435/2066 1454/2433/2066 1480/2441/2066
f 1480/2441/2067 1481/2442/2067 1455/2435/2067
f 1456/2443/2067 1455/2435/2067 1481/2442/2067
f 1455/2435/2068 1456/2443/2068 1391/2436/2068
f 1393/2444/2068 1391/2436/2068 1456/2443/2068
f 1391/2436/2069 1393/2444/2069 1394/2445/2069
f 1392/2446/2069 1391/2436/2069 1394/2445/2069
f 1431/2447/2070 1392/2446/2070 1394/2445/2070
f 1430/2448/2070 1392/2446/2070 1431/2447/2070
f 1430/2448/2071 1390/2449/2071 1392/2446/2071
f 1390/2449/2071 1430/2448/2071 1429/2450/2071
f 1429/2450/2072 1388/2451/2072 1390/2449/2072
f 1388/2451/2072 1429/2450/2072 1428/2452/2072
f 1389/2434/2073 1391/2436/2073 1392/2446/2073
f 1390/2449/2073 1389/2434/2073 1392/2446/2073
f 1387/2432/2074 1389/2434/2074 1390/2449/2074
f 1388/2451/2074 1387/2432/2074 1390/2449/2074
f 1385/2430/2075 1387/2432/2075 1388/2451/2075
f 1385/2430/2075 1388/2451/2075 1386/2453/2075
f 1383/2426/2076 1385/2430/2076 1386/2453/2076
f 1383/2426/2076 1386/2453/2076 1384/2427/2076
f 1428/2452/2077 1386/2453/2077 1388/2451/2077
f 1386/2453/2077 1428/2452/2077 1427/2454/2077
f 1427/2454/2078 1426/2455/2078 1386/2453/2078
f 1384/2427/2078 1386/2453/2078 1426/2455/2078
f 1384/2427/2079 1426/2455/2079 1382/2456/2079
f 1381/2425/2057 1384/2427/2057 1382/2456/2057
f 1382/2456/2080 1380/2457/2080 1381/2425/2080
f 1379/2458/2080 1381/2425/2080 1380/2457/2080
f 1380/2457/2081 1378/6/2081 1379/2458/2081
f 1377/8/2081 1379/2458/2081 1378/6/2081
f 1421/2459/2 1420/4/2 1374/5/2
f 1374/5/2082 1376/7/2082 1421/2459/2082
f 1422/2460/2082 1421/2459/2082 1376/7/2082
f 1376/7/2083 1378/6/2083 1422/2460/2083
f 1423/2461/2083 1422/2460/2083 1378/6/2083
f 1378/6/2084 1380/2457/2084 1423/2461/2084
f 1424/2462/2084 1423/2461/2084 1380/2457/2084
f 1380/2457/2085 1382/2456/2085 1424/2462/2085
f 1425/2463/2085 1424/2462/2085 1382/2456/2085
f 1425/2463/2079 1382/2456/2079 1426/2455/2079
f 909/2464/2086 903/2465/2086 908/2466/2086
f 908/2466/129 795/2467/129 909/2464/129
f 893/2468/2087 898/2469/2087 894/2470/2087
f 899/2471/2087 894/2470/2087 898/2469/2087
f 898/2469/2088 903/2465/2088 899/2471/2088
f 904/2472/2089 899/2471/2089 903/2465/2089
f 904/2472/2090 903/2465/2090 909/2464/2090
f 910/2473/2091 904/2472/2091 909/2464/2091
f 904/2472/2092 910/2473/2092 905/2474/2092
f 911/2475/2093 905/2474/2093 910/2473/2093
f 905/2474/2094 911/2475/2094 906/2476/2094
f 906/2476/2095 901/2477/2095 905/2474/2095
f 899/2471/2096 904/2472/2096 900/2478/2096
f 905/2474/2097 900/2478/2097 904/2472/2097
f 900/2478/2098 905/2474/2098 901/2477/2098
f 901/2477/2099 895/2479/2099 900/2478/2099
f 900/2478/2100 895/2479/2100 899/2471/2100
f 894/2470/2100 899/2471/2100 895/2479/2100
f 795/2467/125 793/2480/125 794/2481/125
f 794/2481/129 909/2464/129 795/2467/129
f 798/2482/124 909/2464/124 794/2481/124
f 909/2464/124 798/2482/124 910/2473/124
f 800/2483/117 910/2473/117 798/2482/117
f 910/2473/117 800/2483/117 911/2475/117
f 911/2475/112 800/2483/112 912/2484/112
f 911/2475/2101 912/2484/2101 906/2476/2101
f 907/2485/2102 906/2476/2102 912/2484/2102
f 906/2476/2103 907/2485/2103 902/2486/2103
f 801/2487/112 912/2484/112 800/2483/112
f 817/2488/2104 816/2489/2104 822/2490/2104
f 816/2489/2105 817/2488/2105 811/2491/2105
f 812/2492/2106 811/2491/2106 817/2488/2106
f 812/2492/115 807/2493/115 811/2491/115
f 806/2494/115 811/2491/115 807/2493/115
f 807/2493/114 802/2495/114 806/2494/114
f 799/2496/114 806/2494/114 802/2495/114
f 802/2495/113 801/2487/113 799/2496/113
f 800/2483/113 799/2496/113 801/2487/113
f 800/2483/118 798/2482/118 799/2496/118
f 811/2491/120 806/2494/120 810/2497/120
f 805/2498/120 810/2497/120 806/2494/120
f 806/2494/119 799/2496/119 805/2498/119
f 797/2499/119 805/2498/119 799/2496/119
f 797/2499/118 799/2496/118 798/2482/118
f 798/2482/122 794/2481/122 797/2499/122
f 796/2500/122 797/2499/122 794/2481/122
f 796/2500/125 794/2481/125 793/2480/125
f 793/2480/126 803/2501/126 796/2500/126
f 804/2502/126 796/2500/126 803/2501/126
f 796/2500/123 804/2502/123 797/2499/123
f 805/2498/123 797/2499/123 804/2502/123
f 804/2502/121 809/2503/121 805/2498/121
f 810/2497/121 805/2498/121 809/2503/121
f 803/2501/127 808/2504/127 804/2502/127
f 809/2503/127 804/2502/127 808/2504/127
f 808/2504/2107 813/2505/2107 809/2503/2107
f 809/2503/2108 813/2505/2108 810/2497/2108
f 815/2506/2109 810/2497/2109 813/2505/2109
f 813/2505/2110 820/2507/2110 815/2506/2110
f 821/2508/2111 815/2506/2111 820/2507/2111
f 820/2507/2112 825/2509/2112 821/2508/2112
f 826/2510/2112 821/2508/2112 825/2509/2112
f 825/2509/2113 830/2511/2113 826/2510/2113
f 814/2512/2114 813/2505/2114 808/2504/2114
f 814/2512/2115 818/2513/2115 813/2505/2115
f 820/2507/2116 813/2505/2116 818/2513/2116
f 818/2513/2117 825/2509/2117 820/2507/2117
f 825/2509/2117 818/2513/2117 823/2514/2117
f 823/2514/2118 830/2511/2118 825/2509/2118
f 830/2511/2118 823/2514/2118 828/2515/2118
f 828/2515/2119 835/2516/2119 830/2511/2119
f 835/2516/2119 828/2515/2119 833/2517/2119
f 833/2517/2120 840/2518/2120 835/2516/2120
f 818/2513/2121 814/2512/2121 819/2519/2121
f 819/2519/2122 823/2514/2122 818/2513/2122
f 823/2514/2123 819/2519/2123 824/2520/2123
f 824/2520/2124 828/2515/2124 823/2514/2124
f 829/2521/2125 828/2515/2125 824/2520/2125
f 829/2521/2126 833/2517/2126 828/2515/2126
f 834/2522/2126 833/2517/2126 829/2521/2126
f 834/2522/2127 838/2523/2127 833/2517/2127
f 839/2524/2127 838/2523/2127 834/2522/2127
f 840/2518/2120 833/2517/2120 838/2523/2120
f 838/2523/2128 843/2525/2128 840/2518/2128
f 839/2524/2129 843/2525/2129 838/2523/2129
f 844/2526/2130 843/2525/2130 839/2524/2130
f 844/2526/2131 848/2527/2131 843/2525/2131
f 849/2528/2132 848/2527/2132 844/2526/2132
f 849/2528/2133 853/2529/2133 848/2527/2133
f 831/2530/2113 826/2510/2113 830/2511/2113
f 830/2511/2134 835/2516/2134 831/2530/2134
f 836/2531/2134 831/2530/2134 835/2516/2134
f 835/2516/2135 840/2518/2135 836/2531/2135
f 841/2532/2135 836/2531/2135 840/2518/2135
f 840/2518/2136 845/2533/2136 841/2532/2136
f 845/2533/2137 840/2518/2137 843/2525/2137
f 843/2525/2138 850/2534/2138 845/2533/2138
f 848/2527/2139 850/2534/2139 843/2525/2139
f 848/2527/2140 854/2535/2140 850/2534/2140
f 859/2536/2141 860/2537/2141 854/2535/2141
f 855/2538/2141 854/2535/2141 860/2537/2141
f 855/2538/2142 850/2534/2142 854/2535/2142
f 850/2534/2143 855/2538/2143 851/2539/2143
f 850/2534/2144 851/2539/2144 845/2533/2144
f 845/2533/2145 851/2539/2145 846/2540/2145
f 846/2540/2146 841/2532/2146 845/2533/2146
f 842/2541/2147 841/2532/2147 846/2540/2147
f 842/2541/2148 837/2542/2148 841/2532/2148
f 837/2542/2148 836/2531/2148 841/2532/2148
f 856/2543/2143 851/2539/2143 855/2538/2143
f 856/2543/2149 855/2538/2149 861/2544/2149
f 860/2537/2149 861/2544/2149 855/2538/2149
f 861/2544/2150 860/2537/2150 866/2545/2150
f 865/2546/2150 866/2545/2150 860/2537/2150
f 846/2540/2151 847/2547/2151 842/2541/2151
f 847/2547/2152 846/2540/2152 852/2548/2152
f 851/2539/2153 852/2548/2153 846/2540/2153
f 852/2548/2154 851/2539/2154 857/2549/2154
f 856/2543/2155 857/2549/2155 851/2539/2155
f 857/2549/2156 856/2543/2156 862/2550/2156
f 861/2544/2156 862/2550/2156 856/2543/2156
f 862/2550/2157 861/2544/2157 867/2551/2157
f 866/2545/2157 867/2551/2157 861/2544/2157
f 871/2552/2158 867/2551/2158 866/2545/2158
f 866/2545/2159 865/2546/2159 871/2552/2159
f 870/2553/2159 871/2552/2159 865/2546/2159
f 870/2553/2160 875/2554/2160 871/2552/2160
f 875/2554/2161 870/2553/2161 874/2555/2161
f 874/2555/2162 880/2556/2162 875/2554/2162
f 880/2556/2163 874/2555/2163 878/2557/2163
f 878/2557/2164 884/2558/2164 880/2556/2164
f 885/2559/2164 880/2556/2164 884/2558/2164
f 884/2558/2165 889/2560/2165 885/2559/2165
f 890/2561/2165 885/2559/2165 889/2560/2165
f 884/2558/2166 878/2557/2166 883/2562/2166
f 879/2563/2166 883/2562/2166 878/2557/2166
f 878/2557/2167 873/2564/2167 879/2563/2167
f 873/2564/2168 878/2557/2168 874/2555/2168
f 874/2555/2169 869/2565/2169 873/2564/2169
f 869/2565/2170 874/2555/2170 870/2553/2170
f 869/2565/2171 870/2553/2171 864/2566/2171
f 865/2546/2172 864/2566/2172 870/2553/2172
f 864/2566/2173 865/2546/2173 859/2536/2173
f 860/2537/2173 859/2536/2173 865/2546/2173
f 854/2535/2133 848/2527/2133 853/2529/2133
f 853/2529/2174 858/2567/2174 854/2535/2174
f 859/2536/2174 854/2535/2174 858/2567/2174
f 858/2567/2175 863/2568/2175 859/2536/2175
f 864/2566/2175 859/2536/2175 863/2568/2175
f 863/2568/2176 868/2569/2176 864/2566/2176
f 869/2565/2176 864/2566/2176 868/2569/2176
f 868/2569/2177 873/2564/2177 869/2565/2177
f 891/2570/2178 885/2559/2178 890/2561/2178
f 890/2561/2179 896/2571/2179 891/2570/2179
f 896/2571/2180 897/2572/2180 891/2570/2180
f 897/2572/2181 896/2571/2181 902/2486/2181
f 901/2477/2182 906/2476/2182 902/2486/2182
f 901/2477/2181 902/2486/2181 896/2571/2181
f 895/2479/2099 901/2477/2099 896/2571/2099
f 896/2571/2179 890/2561/2179 895/2479/2179
f 895/2479/2183 890/2561/2183 894/2470/2183
f 889/2560/2183 894/2470/2183 890/2561/2183
f 894/2470/2184 889/2560/2184 893/2468/2184
f 888/2573/2184 893/2468/2184 889/2560/2184
f 889/2560/2185 884/2558/2185 888/2573/2185
f 883/2562/2185 888/2573/2185 884/2558/2185
f 1357/2574/2186 1358/2575/2186 1352/2576/2186
f 1358/2575/2187 1357/2574/2187 1363/2577/2187
f 1362/2578/2188 1363/2577/2188 1357/2574/2188
f 1363/2577/2189 1362/2578/2189 1368/2579/2189
f 1352/2576/2190 1346/1871/2190 1351/2580/2190
f 1351/2580/2191 1357/2574/2191 1352/2576/2191
f 1357/2574/2191 1351/2580/2191 1356/2581/2191
f 1356/2581/2192 1361/2582/2192 1357/2574/2192
f 1362/2578/2193 1357/2574/2193 1361/2582/2193
f 1361/2582/2194 1367/2583/2194 1362/2578/2194
f 1367/2583/2195 1368/2579/2195 1362/2578/2195
f 1368/2579/2196 1367/2583/2196 1258/2584/2196
f 1344/1870/2197 1349/2585/2197 1346/1871/2197
f 1351/2580/2198 1346/1871/2198 1349/2585/2198
f 1349/2585/2199 1354/2586/2199 1351/2580/2199
f 1356/2581/2200 1351/2580/2200 1354/2586/2200
f 1354/2586/2201 1360/2587/2201 1356/2581/2201
f 1361/2582/2202 1356/2581/2202 1360/2587/2202
f 1360/2587/2203 1366/2588/2203 1361/2582/2203
f 1367/2583/2204 1361/2582/2204 1366/2588/2204
f 1366/2588/2205 1256/1904/2205 1367/2583/2205
f 1256/1904/2196 1258/2584/2196 1367/2583/2196
f 1258/2584/1605 1256/1904/1605 1257/1902/1605
f 1256/1904/2205 1366/2588/2205 1254/1905/2205
f 1364/1906/1609 1254/1905/1609 1366/2588/1609
f 1366/2588/2206 1360/2587/2206 1364/1906/2206
f 1359/1907/2207 1364/1906/2207 1360/2587/2207
f 1360/2587/2208 1354/2586/2208 1359/1907/2208
f 1355/2589/2209 1359/1907/2209 1354/2586/2209
f 1355/2589/2210 1354/2586/2210 1350/2590/2210
f 1350/2590/2210 1354/2586/2210 1349/2585/2210
f 1350/2590/2211 1349/2585/2211 1345/1872/2211
f 1345/1872/2211 1349/2585/2211 1344/1870/2211
f 760/2591/2212 758/2592/2212 757/2593/2212
f 759/2594/2212 757/2593/2212 758/2592/2212
f 759/2594/2213 761/2595/2213 757/2593/2213
f 762/2596/2213 757/2593/2213 761/2595/2213
f 761/2595/2214 765/2597/2214 762/2596/2214
f 764/2598/2214 762/2596/2214 765/2597/2214
f 765/2597/2215 763/2599/2215 764/2598/2215
f 766/2600/2215 764/2598/2215 763/2599/2215
f 763/2599/2216 767/2601/2216 766/2600/2216
f 768/2602/2216 766/2600/2216 767/2601/2216
f 786/2603/2217 765/2597/2217 785/2604/2217
f 761/2595/2218 785/2604/2218 765/2597/2218
f 764/2598/2217 741/2605/2217 762/2596/2217
f 737/2606/2218 762/2596/2218 741/2605/2218
f 743/2607/2219 768/2602/2219 748/2608/2219
f 769/2609/2219 748/2608/2219 768/2602/2219
f 745/2610/2220 744/2611/2220 748/2608/2220
f 743/2607/2220 748/2608/2220 744/2611/2220
f 744/2611/2221 742/2612/2221 743/2607/2221
f 739/2613/2221 743/2607/2221 742/2612/2221
f 742/2612/2222 740/2614/2222 739/2613/2222
f 741/2605/2222 739/2613/2222 740/2614/2222
f 740/2614/2223 738/2615/2223 741/2605/2223
f 737/2606/2224 741/2605/2224 738/2615/2224
f 738/2615/2225 736/2616/2225 737/2606/2225
f 733/2617/2225 737/2606/2225 736/2616/2225
f 736/2616/2226 734/2618/2226 733/2617/2226
f 735/2619/2226 733/2617/2226 734/2618/2226
f 740/2614/2227 717/2620/2227 738/2615/2227
f 713/2621/2228 738/2615/2228 717/2620/2228
f 712/2622/2229 710/2623/2229 709/2624/2229
f 711/2625/2229 709/2624/2229 710/2623/2229
f 711/2625/2230 713/2621/2230 709/2624/2230
f 714/2626/2230 709/2624/2230 713/2621/2230
f 713/2621/2231 717/2620/2231 714/2626/2231
f 716/2627/2232 714/2626/2232 717/2620/2232
f 717/2620/2233 715/2628/2233 716/2627/2233
f 718/2629/2233 716/2627/2233 715/2628/2233
f 715/2628/2234 719/2630/2234 718/2629/2234
f 720/2631/2234 718/2629/2234 719/2630/2234
f 716/2627/2235 693/2632/2235 714/2626/2235
f 689/2633/2235 714/2626/2235 693/2632/2235
f 695/2634/2236 720/2631/2236 700/2635/2236
f 721/2636/2237 700/2635/2237 720/2631/2237
f 697/2637/2238 696/2638/2238 700/2635/2238
f 695/2634/2238 700/2635/2238 696/2638/2238
f 696/2638/2239 694/2639/2239 695/2634/2239
f 691/2640/2239 695/2634/2239 694/2639/2239
f 694/2639/2240 692/2641/2240 691/2640/2240
f 693/2632/2240 691/2640/2240 692/2641/2240
f 692/2641/2241 690/2642/2241 693/2632/2241
f 689/2633/2241 693/2632/2241 690/2642/2241
f 690/2642/2242 688/2643/2242 689/2633/2242
f 685/2644/2242 689/2633/2242 688/2643/2242
f 688/2643/2243 686/2645/2243 685/2644/2243
f 687/2646/2243 685/2644/2243 686/2645/2243
f 692/2641/2244 791/2647/2244 690/2642/2244
f 792/2648/2244 690/2642/2244 791/2647/2244
f 756/2649/2245 755/2650/2245 752/2651/2245
f 752/2651/2245 755/2650/2245 753/2652/2245
f 753/2652/2246 751/2653/2246 752/2651/2246
f 754/2654/2246 752/2651/2246 751/2653/2246
f 751/2653/2247 750/2655/2247 754/2654/2247
f 749/2656/2247 754/2654/2247 750/2655/2247
f 750/2655/2248 747/2657/2248 749/2656/2248
f 746/2658/2248 749/2656/2248 747/2657/2248
f 747/2657/2249 745/2610/2249 746/2658/2249
f 748/2608/2249 746/2658/2249 745/2610/2249
f 725/2659/2250 750/2655/2250 730/2660/2250
f 751/2653/2251 730/2660/2251 750/2655/2251
f 749/2656/2252 774/2661/2252 754/2654/2252
f 775/2662/2252 754/2654/2252 774/2661/2252
f 719/2630/2253 744/2611/2253 724/2663/2253
f 745/2610/2253 724/2663/2253 744/2611/2253
f 719/2630/2254 724/2663/2254 720/2631/2254
f 721/2636/2255 720/2631/2255 724/2663/2255
f 724/2663/2256 722/2664/2256 721/2636/2256
f 723/2665/2256 721/2636/2256 722/2664/2256
f 722/2664/2257 725/2659/2257 723/2665/2257
f 726/2666/2257 723/2665/2257 725/2659/2257
f 725/2659/2258 730/2660/2258 726/2666/2258
f 727/2667/2258 726/2666/2258 730/2660/2258
f 730/2660/2259 728/2668/2259 727/2667/2259
f 729/2669/2259 727/2667/2259 728/2668/2259
f 728/2668/2260 731/2670/2260 729/2669/2260
f 732/2671/2260 731/2670/2260 728/2668/2260
f 701/2672/2261 726/2666/2261 706/2673/2261
f 727/2667/2261 706/2673/2261 726/2666/2261
f 708/2674/2262 707/2675/2262 704/2676/2262
f 704/2676/2262 707/2675/2262 705/2677/2262
f 705/2677/2263 703/2678/2263 704/2676/2263
f 706/2673/2263 704/2676/2263 703/2678/2263
f 703/2678/2264 702/2679/2264 706/2673/2264
f 701/2672/2264 706/2673/2264 702/2679/2264
f 702/2679/2265 699/2680/2265 701/2672/2265
f 698/2681/2265 701/2672/2265 699/2680/2265
f 699/2680/2266 697/2637/2266 698/2681/2266
f 700/2635/2267 698/2681/2267 697/2637/2267
f 788/2682/2268 702/2679/2268 787/2683/2268
f 703/2678/2268 787/2683/2268 702/2679/2268
f 790/2684/2269 696/2638/2269 789/2685/2269
f 697/2637/2269 789/2685/2269 696/2638/2269
f 1332/2686/2270 1333/2687/2270 1328/2688/2270
f 1333/2687/2271 1332/2686/2271 1338/2689/2271
f 1337/2690/2272 1338/2689/2272 1332/2686/2272
f 1338/2689/2273 1337/2690/2273 1343/2691/2273
f 1342/2692/2273 1343/2691/2273 1337/2690/2273
f 1343/2691/2274 1342/2692/2274 1348/2693/2274
f 1347/2694/2274 1348/2693/2274 1342/2692/2274
f 1348/2693/2275 1347/2694/2275 1353/2695/2275
f 1352/2576/2275 1353/2695/2275 1347/2694/2275
f 1353/2695/2276 1352/2576/2276 1358/2575/2276
f 1327/1862/2277 1328/2688/2277 1323/1860/2277
f 1332/2686/2278 1328/2688/2278 1327/1862/2278
f 1332/2686/2279 1327/1862/2279 1331/1864/2279
f 1331/1864/2280 1337/2690/2280 1332/2686/2280
f 1337/2690/2281 1331/1864/2281 1336/1866/2281
f 1336/1866/2282 1342/2692/2282 1337/2690/2282
f 1342/2692/2283 1336/1866/2283 1341/1869/2283
f 1341/1869/2284 1347/2694/2284 1342/2692/2284
f 1347/2694/2284 1341/1869/2284 1346/1871/2284
f 1346/1871/2190 1352/2576/2190 1347/2694/2190
f 925/2696/2285 1017/2697/2285 924/2698/2285
f 1018/2699/2285 924/2698/2285 1017/2697/2285
f 925/2696/2286 924/2698/2286 928/2700/2286
f 923/2701/2286 928/2700/2286 924/2698/2286
f 924/2698/2287 921/2702/2287 923/2701/2287
f 920/2703/2288 923/2701/2288 921/2702/2288
f 921/2702/2289 919/2704/2289 920/2703/2289
f 922/2705/2289 920/2703/2289 919/2704/2289
f 919/2704/2290 918/2706/2290 922/2705/2290
f 919/2704/2291 1019/2707/2291 918/2706/2291
f 1020/2708/2291 918/2706/2291 1019/2707/2291
f 949/2709/2292 928/2700/2292 948/2710/2292
f 923/2701/2292 948/2710/2292 928/2700/2292
f 916/2711/2293 914/2712/2293 913/2713/2293
f 915/2714/2293 913/2713/2293 914/2712/2293
f 914/2712/2294 917/2715/2294 915/2714/2294
f 918/2706/2294 915/2714/2294 917/2715/2294
f 917/2715/2290 922/2705/2290 918/2706/2290
f 917/2715/2295 942/2716/2295 922/2705/2295
f 943/2717/2295 922/2705/2295 942/2716/2295
f 949/2709/2296 948/2710/2296 952/2718/2296
f 947/2719/2296 952/2718/2296 948/2710/2296
f 948/2710/2297 945/2720/2297 947/2719/2297
f 945/2720/2297 944/2721/2297 947/2719/2297
f 945/2720/2298 943/2717/2298 944/2721/2298
f 946/2722/2298 944/2721/2298 943/2717/2298
f 943/2717/2299 942/2716/2299 946/2722/2299
f 941/2723/2299 946/2722/2299 942/2716/2299
f 942/2716/2300 937/2724/2300 941/2723/2300
f 940/2725/2300 941/2723/2300 937/2724/2300
f 940/2725/2301 937/2724/2301 939/2726/2301
f 939/2726/2301 937/2724/2301 938/2727/2301
f 967/2728/2302 946/2722/2302 966/2729/2302
f 941/2723/2302 966/2729/2302 946/2722/2302
f 963/2730/2303 961/2731/2303 962/2732/2303
f 964/2733/2303 961/2731/2303 963/2730/2303
f 964/2733/2304 965/2734/2304 961/2731/2304
f 966/2729/2304 961/2731/2304 965/2734/2304
f 965/2734/2305 970/2735/2305 966/2729/2305
f 967/2728/2306 966/2729/2306 970/2735/2306
f 970/2735/2307 968/2736/2307 967/2728/2307
f 969/2737/2307 967/2728/2307 968/2736/2307
f 968/2736/2308 971/2738/2308 969/2737/2308
f 972/2739/2308 969/2737/2308 971/2738/2308
f 991/2740/2309 970/2735/2309 990/2741/2309
f 965/2734/2309 990/2741/2309 970/2735/2309
f 973/2742/2310 952/2718/2310 972/2739/2310
f 947/2719/2310 972/2739/2310 952/2718/2310
f 987/2743/2311 985/2744/2311 986/2745/2311
f 988/2746/2311 985/2744/2311 987/2743/2311
f 988/2746/2312 989/2747/2312 985/2744/2312
f 990/2741/2312 985/2744/2312 989/2747/2312
f 989/2747/2313 994/2748/2313 990/2741/2313
f 991/2740/2313 990/2741/2313 994/2748/2313
f 994/2748/2314 992/2749/2314 991/2740/2314
f 993/2750/2314 991/2740/2314 992/2749/2314
f 992/2749/2315 995/2751/2315 993/2750/2315
f 996/2752/2315 993/2750/2315 995/2751/2315
f 1014/2753/2309 994/2748/2309 1013/2754/2309
f 989/2747/2309 1013/2754/2309 994/2748/2309
f 997/2755/2316 976/2756/2316 996/2752/2316
f 971/2738/2317 996/2752/2317 976/2756/2317
f 1012/2757/2316 1000/2758/2316 1011/2759/2316
f 995/2751/2317 1011/2759/2317 1000/2758/2317
f 995/2751/2318 1000/2758/2318 996/2752/2318
f 997/2755/2319 996/2752/2319 1000/2758/2319
f 1000/2758/2320 998/2760/2320 997/2755/2320
f 999/2761/2320 997/2755/2320 998/2760/2320
f 998/2760/2321 1001/2762/2321 999/2761/2321
f 1002/2763/2321 999/2761/2321 1001/2762/2321
f 1001/2762/2322 1006/2764/2322 1002/2763/2322
f 1003/2765/2322 1002/2763/2322 1006/2764/2322
f 1006/2764/2323 1004/2766/2323 1003/2765/2323
f 1005/2767/2323 1003/2765/2323 1004/2766/2323
f 1005/2767/2324 1004/2766/2324 1008/2768/2324
f 1008/2768/2324 1004/2766/2324 1007/2769/2324
f 1010/2770/2325 1006/2764/2325 1009/2771/2325
f 1001/2762/2326 1009/2771/2326 1006/2764/2326
f 1003/2765/2326 981/2772/2326 1002/2763/2326
f 977/2773/2326 1002/2763/2326 981/2772/2326
f 971/2738/2327 976/2756/2327 972/2739/2327
f 973/2742/2327 972/2739/2327 976/2756/2327
f 976/2756/2328 974/2774/2328 973/2742/2328
f 975/2775/2328 973/2742/2328 974/2774/2328
f 974/2774/2329 977/2773/2329 975/2775/2329
f 978/2776/2329 975/2775/2329 977/2773/2329
f 977/2773/2330 981/2772/2330 978/2776/2330
f 980/2777/2331 978/2776/2331 981/2772/2331
f 981/2772/2332 979/2778/2332 980/2777/2332
f 982/2779/2332 980/2777/2332 979/2778/2332
f 982/2779/2333 979/2778/2333 984/2780/2333
f 984/2780/2333 979/2778/2333 983/2781/2333
f 980/2777/2334 957/2782/2334 978/2776/2334
f 953/2783/2335 978/2776/2335 957/2782/2335
f 960/2784/2336 955/2785/2336 959/2786/2336
f 958/2787/2337 955/2785/2337 960/2784/2337
f 958/2787/2338 956/2788/2338 955/2785/2338
f 957/2782/2338 955/2785/2338 956/2788/2338
f 956/2788/2339 954/2789/2339 957/2782/2339
f 953/2783/2339 957/2782/2339 954/2789/2339
f 954/2789/2340 951/2790/2340 953/2783/2340
f 950/2791/2340 953/2783/2340 951/2790/2340
f 951/2790/2341 949/2709/2341 950/2791/2341
f 952/2718/2341 950/2791/2341 949/2709/2341
f 956/2788/2342 933/2792/2342 954/2789/2342
f 929/2793/2342 954/2789/2342 933/2792/2342
f 936/2794/2343 931/2795/2343 935/2796/2343
f 934/2797/2343 931/2795/2343 936/2794/2343
f 934/2797/2344 932/2798/2344 931/2795/2344
f 933/2792/2344 931/2795/2344 932/2798/2344
f 932/2798/2345 930/2799/2345 933/2792/2345
f 929/2793/2345 933/2792/2345 930/2799/2345
f 930/2799/2346 927/2800/2346 929/2793/2346
f 926/2801/2346 929/2793/2346 927/2800/2346
f 927/2800/2347 925/2696/2347 926/2801/2347
f 928/2700/2347 926/2801/2347 925/2696/2347
f 932/2798/2348 1015/2802/2348 930/2799/2348
f 1016/2803/2348 930/2799/2348 1015/2802/2348
f 681/2804/2349 680/2805/2349 675/2231/2349
f 680/2805/2196 681/2804/2196 568/2806/2196
f 568/2806/2205 570/2807/2205 680/2805/2205
f 568/2806/1606 569/2808/1606 570/2807/1606
f 569/2808/1606 568/2806/1606 565/2809/1606
f 565/2809/2350 576/2810/2350 569/2808/2350
f 576/2810/1604 565/2809/1604 575/2811/1604
f 575/2811/1598 580/2812/1598 576/2810/1598
f 566/2813/2196 568/2806/2196 681/2804/2196
f 568/2806/1605 566/2813/1605 565/2809/1605
f 567/2814/1605 565/2809/1605 566/2813/1605
f 567/2814/1604 575/2811/1604 565/2809/1604
f 676/2234/2351 670/2229/2351 675/2231/2351
f 675/2231/2352 680/2805/2352 676/2234/2352
f 680/2805/2353 682/2236/2353 676/2234/2353
f 682/2236/2205 680/2805/2205 570/2807/2205
f 570/2807/1609 572/2165/1609 682/2236/1609
f 570/2807/1610 571/2167/1610 572/2165/1610
f 571/2167/1610 570/2807/1610 569/2808/1610
f 569/2808/2354 577/2168/2354 571/2167/2354
f 577/2168/1611 569/2808/1611 576/2810/1611
f 576/2810/1603 581/2170/1603 577/2168/1603
f 581/2170/1598 576/2810/1598 580/2812/1598
f 580/2812/2355 585/2172/2355 581/2170/2355
f 620/2815/2356 615/2816/2356 621/2817/2356
f 621/2817/2357 625/2818/2357 620/2815/2357
f 626/2819/2357 620/2815/2357 625/2818/2357
f 625/2818/2358 630/2820/2358 626/2819/2358
f 631/2821/2358 626/2819/2358 630/2820/2358
f 632/2822/2359 626/2819/2359 631/2821/2359
f 620/2815/2360 616/2823/2360 615/2816/2360
f 622/2824/2361 616/2823/2361 620/2815/2361
f 620/2815/2362 626/2819/2362 622/2824/2362
f 627/2825/2363 622/2824/2363 626/2819/2363
f 626/2819/2359 632/2822/2359 627/2825/2359
f 633/2205/2364 627/2825/2364 632/2822/2364
f 632/2822/2365 638/2207/2365 633/2205/2365
f 638/2207/2365 632/2822/2365 637/2209/2365
f 631/2821/2366 637/2209/2366 632/2822/2366
f 637/2209/2366 631/2821/2366 635/2211/2366
f 630/2820/2367 635/2211/2367 631/2821/2367
f 635/2211/2367 630/2820/2367 636/2216/2367
f 602/2182/2368 601/2183/2368 607/2190/2368
f 606/2826/2368 607/2190/2368 601/2183/2368
f 607/2190/2369 606/2826/2369 612/2192/2369
f 611/2827/2369 612/2192/2369 606/2826/2369
f 611/2827/2370 616/2823/2370 612/2192/2370
f 617/2194/2371 612/2192/2371 616/2823/2371
f 616/2823/2372 622/2824/2372 617/2194/2372
f 623/2196/2373 617/2194/2373 622/2824/2373
f 622/2824/2374 627/2825/2374 623/2196/2374
f 628/2203/2374 623/2196/2374 627/2825/2374
f 627/2825/2364 633/2205/2364 628/2203/2364
f 591/2174/2375 595/2828/2375 590/2173/2375
f 596/2181/2375 590/2173/2375 595/2828/2375
f 595/2828/2376 600/2829/2376 596/2181/2376
f 601/2183/2376 596/2181/2376 600/2829/2376
f 600/2829/2377 605/2830/2377 601/2183/2377
f 606/2826/2377 601/2183/2377 605/2830/2377
f 605/2830/2378 610/2831/2378 606/2826/2378
f 611/2827/2378 606/2826/2378 610/2831/2378
f 610/2831/2379 615/2816/2379 611/2827/2379
f 616/2823/2380 611/2827/2380 615/2816/2380
f 876/2832/2381 877/2833/2381 872/2834/2381
f 877/2833/2382 876/2832/2382 882/2835/2382
f 881/2836/2383 882/2835/2383 876/2832/2383
f 882/2835/2384 881/2836/2384 887/2837/2384
f 886/2838/2385 887/2837/2385 881/2836/2385
f 887/2837/2386 886/2838/2386 892/2839/2386
f 871/2552/2387 872/2834/2387 867/2551/2387
f 876/2832/2388 872/2834/2388 871/2552/2388
f 876/2832/2389 871/2552/2389 875/2554/2389
f 875/2554/2390 881/2836/2390 876/2832/2390
f 881/2836/2391 875/2554/2391 880/2556/2391
f 880/2556/2392 886/2838/2392 881/2836/2392
f 886/2838/2393 880/2556/2393 885/2559/2393
f 885/2559/2178 891/2570/2178 886/2838/2178
f 891/2570/2386 892/2839/2386 886/2838/2386
f 892/2839/2394 891/2570/2394 897/2572/2394
f 400/2840/2395 395/2841/2395 399/2842/2395
f 400/2840/2396 399/2842/2396 405/2300/2396
f 404/2843/2396 405/2300/2396 399/2842/2396
f 405/2300/2397 404/2843/2397 410/2298/2397
f 409/2302/2397 410/2298/2397 404/2843/2397
f 384/2844/2398 389/2845/2398 385/2846/2398
f 390/2847/2399 385/2846/2399 389/2845/2399
f 389/2845/2400 395/2841/2400 390/2847/2400
f 394/2848/2401 395/2841/2401 389/2845/2401
f 394/2848/2395 399/2842/2395 395/2841/2395
f 399/2842/2402 394/2848/2402 398/2849/2402
f 399/2842/2403 398/2849/2403 404/2843/2403
f 403/2850/2403 404/2843/2403 398/2849/2403
f 404/2843/2404 403/2850/2404 409/2302/2404
f 408/2303/2404 409/2302/2404 403/2850/2404
f 403/2850/2405 402/2851/2405 408/2303/2405
f 408/2303/2405 402/2851/2405 407/2304/2405
f 387/2852/2406 392/2853/2406 393/2854/2406
f 393/2854/2407 392/2853/2407 398/2849/2407
f 398/2849/2407 392/2853/2407 397/2855/2407
f 398/2849/2408 397/2855/2408 403/2850/2408
f 403/2850/2408 397/2855/2408 402/2851/2408
f 389/2845/2409 384/2844/2409 388/2856/2409
f 388/2856/2410 394/2848/2410 389/2845/2410
f 393/2854/2411 394/2848/2411 388/2856/2411
f 393/2854/2412 398/2849/2412 394/2848/2412
f 367/2857/2413 362/2858/2413 368/2859/2413
f 368/2859/2414 372/2860/2414 367/2857/2414
f 374/2861/2415 367/2857/2415 372/2860/2415
f 372/2860/2416 379/2862/2416 374/2861/2416
f 379/2862/2416 372/2860/2416 377/2863/2416
f 377/2863/2417 384/2844/2417 379/2862/2417
f 384/2844/2417 377/2863/2417 382/2864/2417
f 382/2864/2418 388/2856/2418 384/2844/2418
f 388/2856/2419 382/2864/2419 387/2852/2419
f 388/2856/2420 387/2852/2420 393/2854/2420
f 372/2860/2414 368/2859/2414 373/2865/2414
f 373/2865/2421 377/2863/2421 372/2860/2421
f 377/2863/2421 373/2865/2421 378/2866/2421
f 378/2866/2422 382/2864/2422 377/2863/2422
f 382/2864/2422 378/2866/2422 383/2867/2422
f 383/2867/2423 387/2852/2423 382/2864/2423
f 363/2868/2424 357/2869/2424 362/2858/2424
f 362/2858/2413 367/2857/2413 363/2868/2413
f 369/2870/2425 363/2868/2425 367/2857/2425
f 367/2857/2415 374/2861/2415 369/2870/2415
f 369/2870/2426 374/2861/2426 370/2871/2426
f 375/2872/2427 370/2871/2427 374/2861/2427
f 374/2861/2428 379/2862/2428 375/2872/2428
f 380/2873/2428 375/2872/2428 379/2862/2428
f 379/2862/2429 384/2844/2429 380/2873/2429
f 385/2846/2429 380/2873/2429 384/2844/2429
f 363/2868/2425 369/2870/2425 364/2874/2425
f 364/2874/2430 369/2870/2430 365/2875/2430
f 370/2871/2430 365/2875/2430 369/2870/2430
f 366/2876/2431 365/2875/2431 370/2871/2431
f 371/2877/2431 366/2876/2431 370/2871/2431
f 371/2877/2432 370/2871/2432 375/2872/2432
f 376/2878/2433 371/2877/2433 375/2872/2433
f 376/2878/2434 375/2872/2434 380/2873/2434
f 381/2879/2434 376/2878/2434 380/2873/2434
f 381/2879/2435 380/2873/2435 385/2846/2435
f 349/2265/1834 354/2880/1834 350/2266/1834
f 355/2881/1834 350/2266/1834 354/2880/1834
f 354/2880/2436 359/2882/2436 355/2881/2436
f 360/2883/2437 355/2881/2437 359/2882/2437
f 359/2882/2438 365/2875/2438 360/2883/2438
f 365/2875/2439 366/2876/2439 360/2883/2439
f 361/2884/2440 360/2883/2440 366/2876/2440
f 360/2883/2441 361/2884/2441 356/2277/2441
f 356/2277/2442 355/2881/2442 360/2883/2442
f 355/2881/1836 356/2277/1836 350/2266/1836
f 338/2885/1729 341/2263/1729 339/2254/1729
f 338/2885/1830 347/2886/1830 341/2263/1830
f 349/2265/1830 341/2263/1830 347/2886/1830
f 347/2886/1833 352/2887/1833 349/2265/1833
f 354/2880/1833 349/2265/1833 352/2887/1833
f 352/2887/2443 358/2888/2443 354/2880/2443
f 359/2882/2444 354/2880/2444 358/2888/2444
f 358/2888/2445 364/2874/2445 359/2882/2445
f 365/2875/2446 359/2882/2446 364/2874/2446
f 339/2254/1733 337/2256/1733 338/2885/1733
f 340/2889/1733 338/2885/1733 337/2256/1733
f 340/2889/1732 347/2886/1732 338/2885/1732
f 348/2890/1732 347/2886/1732 340/2889/1732
f 348/2890/1831 352/2887/1831 347/2886/1831
f 353/2891/1831 352/2887/1831 348/2890/1831
f 353/2891/2447 357/2869/2447 352/2887/2447
f 358/2888/2448 352/2887/2448 357/2869/2448
f 358/2888/2449 357/2869/2449 363/2868/2449
f 364/2874/2450 358/2888/2450 363/2868/2450
f 837/2542/2451 832/2892/2451 836/2531/2451
f 832/2892/2451 831/2530/2451 836/2531/2451
f 832/2892/2452 827/2893/2452 831/2530/2452
f 827/2893/2453 826/2510/2453 831/2530/2453
f 827/2893/2454 822/2490/2454 826/2510/2454
f 822/2490/2455 821/2508/2455 826/2510/2455
f 821/2508/2456 822/2490/2456 816/2489/2456
f 815/2506/2457 821/2508/2457 816/2489/2457
f 816/2489/2458 811/2491/2458 815/2506/2458
f 810/2497/2459 815/2506/2459 811/2491/2459
f 767/2601/2219 783/2894/2219 772/2895/2219
f 784/2896/2219 772/2895/2219 783/2894/2219
f 767/2601/2460 772/2895/2460 768/2602/2460
f 769/2609/2461 768/2602/2461 772/2895/2461
f 772/2895/2462 770/2897/2462 769/2609/2462
f 771/2898/2462 769/2609/2462 770/2897/2462
f 770/2897/2463 773/2899/2463 771/2898/2463
f 774/2661/2463 771/2898/2463 773/2899/2463
f 773/2899/2464 778/2900/2464 774/2661/2464
f 775/2662/2465 774/2661/2465 778/2900/2465
f 778/2900/2466 776/2901/2466 775/2662/2466
f 777/2902/2466 775/2662/2466 776/2901/2466
f 776/2901/2467 779/2903/2467 777/2902/2467
f 780/2904/2467 779/2903/2467 776/2901/2467
f 773/2899/2252 781/2905/2252 778/2900/2252
f 782/2906/2252 778/2900/2252 781/2905/2252
f 386/2907/2468 381/2879/2468 385/2846/2468
f 386/2907/2469 385/2846/2469 390/2847/2469
f 390/2847/2470 391/2908/2470 386/2907/2470
f 391/2908/2471 390/2847/2471 396/2909/2471
f 395/2841/2472 396/2909/2472 390/2847/2472
f 396/2909/2473 395/2841/2473 401/2910/2473
f 400/2840/2474 401/2910/2474 395/2841/2474
f 401/2910/2475 400/2840/2475 406/2911/2475
f 405/2300/2475 406/2911/2475 400/2840/2475
f 406/2911/1968 405/2300/1968 411/2299/1968
f 236/2912/2476 335/2913/2476 234/2914/2476
f 336/2915/2476 234/2914/2476 335/2913/2476
f 232/2916/2477 230/2917/2477 229/2918/2477
f 231/2919/2477 229/2918/2477 230/2917/2477
f 231/2919/2478 233/2920/2478 229/2918/2478
f 234/2914/2478 229/2918/2478 233/2920/2478
f 233/2920/2479 237/2921/2479 234/2914/2479
f 236/2912/2479 234/2914/2479 237/2921/2479
f 237/2921/2480 235/2922/2480 236/2912/2480
f 238/2923/2480 236/2912/2480 235/2922/2480
f 235/2922/2481 239/2924/2481 238/2923/2481
f 240/2925/2482 238/2923/2482 239/2924/2482
f 260/2926/2483 237/2921/2483 258/2927/2483
f 233/2920/2483 258/2927/2483 237/2921/2483
f 334/2928/2484 240/2925/2484 333/2929/2484
f 241/2930/2484 333/2929/2484 240/2925/2484
f 256/2931/2485 254/2932/2485 253/2933/2485
f 255/2934/2485 253/2933/2485 254/2932/2485
f 255/2934/2486 257/2935/2486 253/2933/2486
f 258/2927/2486 253/2933/2486 257/2935/2486
f 257/2935/2487 261/2936/2487 258/2927/2487
f 260/2926/2487 258/2927/2487 261/2936/2487
f 261/2936/2488 259/2937/2488 260/2926/2488
f 262/2938/2488 260/2926/2488 259/2937/2488
f 259/2937/2489 263/2939/2489 262/2938/2489
f 264/2940/2489 262/2938/2489 263/2939/2489
f 284/2941/2490 261/2936/2490 282/2942/2490
f 257/2935/2490 282/2942/2490 261/2936/2490
f 239/2924/2491 264/2940/2491 244/2943/2491
f 265/2944/2491 244/2943/2491 264/2940/2491
f 280/2945/2492 278/2946/2492 277/2947/2492
f 279/2948/2492 277/2947/2492 278/2946/2492
f 279/2948/2493 281/2949/2493 277/2947/2493
f 282/2942/2493 277/2947/2493 281/2949/2493
f 281/2949/2494 285/2950/2494 282/2942/2494
f 284/2941/2495 282/2942/2495 285/2950/2495
f 285/2950/2496 283/2951/2496 284/2941/2496
f 286/2952/2496 284/2941/2496 283/2951/2496
f 283/2951/2497 287/2953/2497 286/2952/2497
f 288/2954/2497 286/2952/2497 287/2953/2497
f 308/2955/2498 285/2950/2498 306/2956/2498
f 281/2949/2498 306/2956/2498 285/2950/2498
f 263/2939/2499 288/2954/2499 268/2957/2499
f 289/2958/2499 268/2957/2499 288/2954/2499
f 304/2959/2500 302/2960/2500 301/2961/2500
f 303/2962/2500 301/2961/2500 302/2960/2500
f 303/2962/2501 305/2963/2501 301/2961/2501
f 306/2956/2501 301/2961/2501 305/2963/2501
f 305/2963/2502 309/2964/2502 306/2956/2502
f 308/2955/2502 306/2956/2502 309/2964/2502
f 309/2964/2503 307/2965/2503 308/2955/2503
f 310/2966/2503 308/2955/2503 307/2965/2503
f 307/2965/2504 311/2967/2504 310/2966/2504
f 312/2968/2504 310/2966/2504 311/2967/2504
f 330/2969/2498 309/2964/2498 329/2970/2498
f 305/2963/2498 329/2970/2498 309/2964/2498
f 287/2953/2505 312/2968/2505 292/2971/2505
f 313/2972/2506 292/2971/2506 312/2968/2506
f 311/2967/2505 327/2973/2505 316/2974/2505
f 328/2975/2506 316/2974/2506 327/2973/2506
f 311/2967/2507 316/2974/2507 312/2968/2507
f 313/2972/2508 312/2968/2508 316/2974/2508
f 316/2974/2509 314/2976/2509 313/2972/2509
f 315/2977/2509 313/2972/2509 314/2976/2509
f 314/2976/2510 317/2978/2510 315/2977/2510
f 318/2979/2510 315/2977/2510 317/2978/2510
f 317/2978/2511 322/2980/2511 318/2979/2511
f 319/2981/2511 318/2979/2511 322/2980/2511
f 322/2980/2512 320/2982/2512 319/2981/2512
f 321/2983/2512 319/2981/2512 320/2982/2512
f 320/2982/2513 323/2984/2513 321/2983/2513
f 324/2985/2513 323/2984/2513 320/2982/2513
f 293/2986/2514 318/2979/2514 298/2987/2514
f 319/2981/2514 298/2987/2514 318/2979/2514
f 317/2978/2514 325/2988/2514 322/2980/2514
f 326/2989/2515 322/2980/2515 325/2988/2515
f 287/2953/2516 292/2971/2516 288/2954/2516
f 289/2958/2516 288/2954/2516 292/2971/2516
f 292/2971/2517 290/2990/2517 289/2958/2517
f 291/2991/2517 289/2958/2517 290/2990/2517
f 290/2990/2518 293/2986/2518 291/2991/2518
f 294/2992/2518 291/2991/2518 293/2986/2518
f 293/2986/2519 298/2987/2519 294/2992/2519
f 295/2993/2520 294/2992/2520 298/2987/2520
f 298/2987/2521 296/2994/2521 295/2993/2521
f 297/2995/2521 295/2993/2521 296/2994/2521
f 296/2994/2522 299/2996/2522 297/2995/2522
f 300/2997/2522 299/2996/2522 296/2994/2522
f 269/2998/2523 294/2992/2523 274/2999/2523
f 295/2993/2524 274/2999/2524 294/2992/2524
f 263/2939/2525 268/2957/2525 264/2940/2525
f 265/2944/2525 264/2940/2525 268/2957/2525
f 268/2957/2526 266/3000/2526 265/2944/2526
f 267/3001/2526 265/2944/2526 266/3000/2526
f 266/3000/2527 269/2998/2527 267/3001/2527
f 270/3002/2527 267/3001/2527 269/2998/2527
f 269/2998/2528 274/2999/2528 270/3002/2528
f 271/3003/2529 270/3002/2529 274/2999/2529
f 274/2999/2530 272/3004/2530 271/3003/2530
f 273/3005/2530 271/3003/2530 272/3004/2530
f 272/3004/2531 275/3006/2531 273/3005/2531
f 276/3007/2531 275/3006/2531 272/3004/2531
f 245/3008/2532 270/3002/2532 250/3009/2532
f 271/3003/2532 250/3009/2532 270/3002/2532
f 239/2924/2533 244/2943/2533 240/2925/2533
f 241/2930/2533 240/2925/2533 244/2943/2533
f 244/2943/2534 242/3010/2534 241/2930/2534
f 243/3011/2534 241/2930/2534 242/3010/2534
f 242/3010/2535 245/3008/2535 243/3011/2535
f 246/3012/2535 243/3011/2535 245/3008/2535
f 245/3008/2536 250/3009/2536 246/3012/2536
f 247/3013/2536 246/3012/2536 250/3009/2536
f 250/3009/2537 248/3014/2537 247/3013/2537
f 249/3015/2537 247/3013/2537 248/3014/2537
f 248/3014/2538 251/3016/2538 249/3015/2538
f 252/3017/2538 251/3016/2538 248/3014/2538
f 332/3018/2539 246/3012/2539 331/3019/2539
f 247/3013/2539 331/3019/2539 246/3012/2539
f 2918/3020/2540 2865/3021/2540 2919/3022/2540
f 2863/3023/2541 2865/3021/2541 2918/3020/2541
f 2917/3024/2541 2863/3023/2541 2918/3020/2541
f 2917/3024/2542 2916/3025/2542 2863/3023/2542
f 2861/3026/2542 2863/3023/2542 2916/3025/2542
f 2858/3027/2543 2861/3026/2543 2916/3025/2543
f 2915/3028/2543 2858/3027/2543 2916/3025/2543
f 2857/3029/2544 2858/3027/2544 2915/3028/2544
f 2914/3030/2544 2857/3029/2544 2915/3028/2544
f 2867/3031/2545 2869/3032/2545 2919/3022/2545
f 2867/3031/2540 2919/3022/2540 2865/3021/2540
f 2867/3031/316 2865/3021/316 2866/3033/316
f 2864/3034/316 2866/3033/316 2865/3021/316
f 2865/3021/316 2863/3023/316 2864/3034/316
f 2862/3035/316 2864/3034/316 2863/3023/316
f 2863/3023/316 2861/3026/316 2862/3035/316
f 2860/3036/316 2862/3035/316 2861/3026/316
f 2861/3026/316 2858/3027/316 2860/3036/316
f 2859/3037/316 2860/3036/316 2858/3027/316
f 2870/3038/316 2872/3039/316 2871/3040/316
f 2871/3040/316 2869/3032/316 2870/3038/316
f 2868/3041/316 2870/3038/316 2869/3032/316
f 2869/3032/316 2867/3031/316 2868/3041/316
f 2866/3033/316 2868/3041/316 2867/3031/316
f 2900/3042/2546 2828/3043/2546 2899/3044/2546
f 2828/3043/2547 2900/3042/2547 2875/3045/2547
f 2923/3046/2547 2875/3045/2547 2900/3042/2547
f 2875/3045/2548 2923/3046/2548 2873/3047/2548
f 2922/3048/2548 2873/3047/2548 2923/3046/2548
f 2873/3047/2549 2922/3048/2549 2871/3040/2549
f 2921/3049/2549 2871/3040/2549 2922/3048/2549
f 2871/3040/2550 2921/3049/2550 2869/3032/2550
f 2920/3050/2550 2869/3032/2550 2921/3049/2550
f 2920/3050/2545 2919/3022/2545 2869/3032/2545
f 2825/3051/316 2823/3052/316 2824/3053/316
f 2825/3051/316 2824/3053/316 2826/3054/316
f 2827/3055/316 2826/3054/316 2824/3053/316
f 2827/3055/316 2828/3043/316 2826/3054/316
f 2829/3056/316 2826/3054/316 2828/3043/316
f 2829/3056/316 2828/3043/316 2874/3057/316
f 2875/3045/316 2874/3057/316 2828/3043/316
f 2875/3045/316 2873/3047/316 2874/3057/316
f 2872/3039/316 2874/3057/316 2873/3047/316
f 2873/3047/316 2871/3040/316 2872/3039/316
f 2818/3058/2551 2895/3059/2551 2820/3060/2551
f 2818/3058/316 2820/3060/316 2819/3061/316
f 2821/3062/316 2819/3061/316 2820/3060/316
f 2821/3062/316 2820/3060/316 2823/3052/316
f 2823/3052/316 2820/3060/316 2822/3063/316
f 2822/3063/316 2824/3053/316 2823/3052/316
f 2824/3053/2552 2822/3063/2552 2898/3064/2552
f 2824/3053/2553 2898/3064/2553 2827/3055/2553
f 2899/3044/2553 2827/3055/2553 2898/3064/2553
f 2827/3055/2546 2899/3044/2546 2828/3043/2546
f 2896/3065/2551 2820/3060/2551 2895/3059/2551
f 2896/3065/2554 2897/3066/2554 2820/3060/2554
f 2822/3063/2554 2820/3060/2554 2897/3066/2554
f 2897/3066/2552 2898/3064/2552 2822/3063/2552
f 2808/3067/2555 2890/3068/2555 2810/3069/2555
f 2810/3069/2555 2890/3068/2555 2891/3070/2555
f 2810/3069/2556 2891/3070/2556 2812/3071/2556
f 2812/3071/2556 2891/3070/2556 2892/3072/2556
f 2812/3071/2557 2892/3072/2557 2814/3073/2557
f 2814/3073/2557 2892/3072/2557 2893/3074/2557
f 2814/3073/2558 2893/3074/2558 2816/3075/2558
f 2816/3075/2558 2893/3074/2558 2894/3076/2558
f 2894/3076/2559 2895/3059/2559 2816/3075/2559
f 2818/3058/2559 2816/3075/2559 2895/3059/2559
f 2809/3077/316 2806/3078/316 2808/3067/316
f 2808/3067/316 2810/3069/316 2809/3077/316
f 2811/3079/316 2809/3077/316 2810/3069/316
f 2810/3069/316 2813/3080/316 2811/3079/316
f 2810/3069/316 2812/3071/316 2813/3080/316
f 2812/3071/316 2814/3073/316 2813/3080/316
f 2815/3081/316 2813/3080/316 2814/3073/316
f 2814/3073/316 2817/3082/316 2815/3081/316
f 2817/3082/316 2814/3073/316 2816/3075/316
f 2816/3075/316 2818/3058/316 2817/3082/316
f 2819/3061/316 2817/3082/316 2818/3058/316
f 2902/3083/2560 2901/3084/2560 2833/3085/2560
f 2833/3085/2561 2835/3086/2561 2902/3083/2561
f 2903/3087/2561 2902/3083/2561 2835/3086/2561
f 2835/3086/2562 2837/3088/2562 2903/3087/2562
f 2904/3089/2562 2903/3087/2562 2837/3088/2562
f 2905/3090/2563 2904/3089/2563 2837/3088/2563
f 2905/3090/2563 2837/3088/2563 2838/3091/2563
f 2838/3091/2564 2840/3092/2564 2905/3090/2564
f 2906/3093/2564 2905/3090/2564 2840/3092/2564
f 2840/3092/2565 2842/3094/2565 2906/3093/2565
f 2907/3095/2565 2906/3093/2565 2842/3094/2565
f 2907/3095/2566 2842/3094/2566 2908/3096/2566
f 2848/3097/2567 2850/3098/2567 2910/3099/2567
f 2910/3099/2568 2909/3100/2568 2848/3097/2568
f 2846/3101/2568 2848/3097/2568 2909/3100/2568
f 2909/3100/2569 2908/3096/2569 2846/3101/2569
f 2845/3102/2569 2846/3101/2569 2908/3096/2569
f 2842/3094/2566 2845/3102/2566 2908/3096/2566
f 2845/3102/316 2842/3094/316 2844/3103/316
f 2843/3104/316 2844/3103/316 2842/3094/316
f 2843/3104/316 2842/3094/316 2841/3105/316
f 2840/3092/316 2841/3105/316 2842/3094/316
f 2845/3102/316 2844/3103/316 2846/3101/316
f 2847/3106/316 2846/3101/316 2844/3103/316
f 2846/3101/316 2847/3106/316 2848/3097/316
f 2849/3107/316 2848/3097/316 2847/3106/316
f 2848/3097/316 2849/3107/316 2850/3098/316
f 2851/3108/316 2850/3098/316 2849/3107/316
f 2851/3108/316 2852/3109/316 2850/3098/316
f 2853/3110/316 2852/3109/316 2851/3108/316
f 2853/3110/316 2854/3111/316 2852/3109/316
f 2855/3112/316 2852/3109/316 2854/3111/316
f 2854/3111/316 2856/3113/316 2855/3112/316
f 2858/3027/316 2856/3113/316 2859/3037/316
f 2856/3113/316 2858/3027/316 2857/3029/316
f 2857/3029/316 2855/3112/316 2856/3113/316
f 2855/3112/2570 2857/3029/2570 2914/3030/2570
f 2913/3114/2570 2855/3112/2570 2914/3030/2570
f 2852/3109/2571 2855/3112/2571 2913/3114/2571
f 2912/3115/2571 2852/3109/2571 2913/3114/2571
f 2850/3098/2572 2852/3109/2572 2912/3115/2572
f 2911/3116/2572 2850/3098/2572 2912/3115/2572
f 2911/3116/2567 2910/3099/2567 2850/3098/2567
f 2797/3117/2573 2883/3118/2573 2884/3119/2573
f 2794/3120/2573 2883/3118/2573 2797/3117/2573
f 2794/3120/2574 2882/3121/2574 2883/3118/2574
f 2793/3122/2574 2882/3121/2574 2794/3120/2574
f 2881/3123/2575 2882/3121/2575 2793/3122/2575
f 2790/3124/2576 2788/3125/2576 2881/3123/2576
f 2881/3123/2575 2793/3122/2575 2790/3124/2575
f 2793/3122/316 2792/3126/316 2790/3124/316
f 2793/3122/316 2794/3120/316 2792/3126/316
f 2795/3127/316 2792/3126/316 2794/3120/316
f 2795/3127/316 2794/3120/316 2796/3128/316
f 2797/3117/316 2796/3128/316 2794/3120/316
f 2797/3117/316 2798/3129/316 2796/3128/316
f 2797/3117/2577 2884/3119/2577 2798/3129/2577
f 2798/3129/2577 2884/3119/2577 2885/3130/2577
f 2789/3131/316 2787/3132/316 2788/3125/316
f 2789/3131/316 2788/3125/316 2791/3133/316
f 2791/3133/316 2788/3125/316 2790/3124/316
f 2791/3133/316 2790/3124/316 2792/3126/316
f 2782/3134/316 2780/3135/316 2781/3136/316
f 2783/3137/316 2781/3136/316 2780/3135/316
f 2780/3135/316 2785/3138/316 2783/3137/316
f 2785/3138/316 2780/3135/316 2784/3139/316
f 2784/3139/316 2787/3132/316 2785/3138/316
f 2787/3132/316 2784/3139/316 2786/3140/316
f 2786/3140/316 2788/3125/316 2787/3132/316
f 2879/3141/2578 2788/3125/2578 2786/3140/2578
f 2879/3141/2578 2880/3142/2578 2788/3125/2578
f 2880/3142/2576 2881/3123/2576 2788/3125/2576
f 2901/3084/2579 2877/3143/2579 2830/3144/2579
f 2782/3134/2579 2830/3144/2579 2877/3143/2579
f 2877/3143/2580 2876/3145/2580 2782/3134/2580
f 2780/3135/2580 2782/3134/2580 2876/3145/2580
f 2876/3145/2581 2878/3146/2581 2780/3135/2581
f 2784/3139/2581 2780/3135/2581 2878/3146/2581
f 2878/3146/2582 2786/3140/2582 2784/3139/2582
f 2878/3146/2582 2879/3141/2582 2786/3140/2582
f 2830/3144/316 2782/3134/316 2781/3136/316
f 2830/3144/316 2781/3136/316 2831/3147/316
f 2831/3147/316 2832/3148/316 2830/3144/316
f 2841/3105/316 2840/3092/316 2839/3149/316
f 2838/3091/316 2839/3149/316 2840/3092/316
f 2839/3149/316 2838/3091/316 2836/3150/316
f 2837/3088/316 2836/3150/316 2838/3091/316
f 2834/3151/316 2836/3150/316 2837/3088/316
f 2835/3086/316 2834/3151/316 2837/3088/316
f 2835/3086/316 2832/3148/316 2834/3151/316
f 2833/3085/316 2832/3148/316 2835/3086/316
f 2833/3085/316 2830/3144/316 2832/3148/316
f 2830/3144/2560 2833/3085/2560 2901/3084/2560
f 2799/3152/316 2796/3128/316 2798/3129/316
f 2798/3129/316 2800/3153/316 2799/3152/316
f 2801/3154/316 2799/3152/316 2800/3153/316
f 2801/3154/316 2800/3153/316 2802/3155/316
f 2803/3156/316 2802/3155/316 2800/3153/316
f 2803/3156/316 2804/3157/316 2802/3155/316
f 2805/3158/316 2802/3155/316 2804/3157/316
f 2806/3078/316 2805/3158/316 2804/3157/316
f 2807/3159/316 2806/3078/316 2804/3157/316
f 2807/3159/316 2808/3067/316 2806/3078/316
f 2798/3129/2583 2885/3130/2583 2800/3153/2583
f 2800/3153/2583 2885/3130/2583 2886/3160/2583
f 2800/3153/2584 2886/3160/2584 2803/3156/2584
f 2803/3156/2584 2886/3160/2584 2887/3161/2584
f 2803/3156/2585 2887/3161/2585 2804/3157/2585
f 2804/3157/2585 2887/3161/2585 2888/3162/2585
f 2804/3157/2586 2888/3162/2586 2807/3159/2586
f 2807/3159/2586 2888/3162/2586 2889/3163/2586
f 2807/3159/2587 2889/3163/2587 2808/3067/2587
f 2808/3067/2587 2889/3163/2587 2890/3068/2587
f 2598/3164/2588 2597/3165/2588 2596/3166/2588
f 2595/3167/2589 2596/3166/2589 2597/3165/2589
f 2596/3166/2590 2595/3167/2590 2594/3168/2590
f 2593/3169/2590 2594/3168/2590 2595/3167/2590
f 2594/3168/2591 2593/3169/2591 2591/3170/2591
f 2592/3171/2591 2594/3168/2591 2591/3170/2591
f 2592/3171/2592 2591/3170/2592 2589/3172/2592
f 2590/3173/2592 2592/3171/2592 2589/3172/2592
f 2590/3173/2593 2589/3172/2593 2587/3174/2593
f 2585/3175/2593 2587/3174/2593 2589/3172/2593
f 2606/3176/2594 2607/3177/2594 2608/3178/2594
f 2607/3177/2595 2606/3176/2595 2605/3179/2595
f 2604/3180/2596 2605/3179/2596 2606/3176/2596
f 2605/3179/2597 2604/3180/2597 2603/3181/2597
f 2602/3182/2598 2603/3181/2598 2604/3180/2598
f 2603/3181/2599 2602/3182/2599 2601/3183/2599
f 2600/3184/2600 2601/3183/2600 2602/3182/2600
f 2601/3183/2601 2600/3184/2601 2598/3164/2601
f 2599/3185/2602 2598/3164/2602 2600/3184/2602
f 2599/3185/2603 2597/3165/2603 2598/3164/2603
f 2616/3186/2604 2617/3187/2604 2618/3188/2604
f 2617/3187/2605 2616/3186/2605 2615/3189/2605
f 2614/3190/2605 2615/3189/2605 2616/3186/2605
f 2615/3189/2606 2614/3190/2606 2613/3191/2606
f 2612/3192/2606 2613/3191/2606 2614/3190/2606
f 2613/3191/2607 2612/3192/2607 2610/3193/2607
f 2611/3194/2608 2610/3193/2608 2612/3192/2608
f 2608/3178/2609 2610/3193/2609 2611/3194/2609
f 2609/3195/2610 2610/3193/2610 2608/3178/2610
f 2609/3195/2611 2608/3178/2611 2607/3177/2611
f 1957/3196/2612 1956/3197/2612 1959/3198/2612
f 1957/3196/2613 1955/3199/2613 1956/3197/2613
f 1954/3200/2614 1955/3199/2614 1957/3196/2614
f 1954/3200/2615 1953/3201/2615 1955/3199/2615
f 1954/3200/2616 1951/3202/2616 1953/3201/2616
f 1952/3203/2617 1953/3201/2617 1951/3202/2617
f 1952/3203/2618 1951/3202/2618 1949/3204/2618
f 1947/3205/2618 1949/3204/2618 1951/3202/2618
f 1949/3204/2619 1947/3205/2619 1948/3206/2619
f 1950/3207/2619 1948/3206/2619 1947/3205/2619
f 1948/3206/2620 1950/3207/2620 2562/3208/2620
f 2563/3209/2620 1948/3206/2620 2562/3208/2620
f 2563/3209/2621 2562/3208/2621 2564/3210/2621
f 2565/3211/2621 2563/3209/2621 2564/3210/2621
f 2565/3211/2622 2564/3210/2622 2566/3212/2622
f 2567/3213/2623 2566/3212/2623 2564/3210/2623
f 2568/3214/2624 2566/3212/2624 2567/3213/2624
f 2567/3213/2625 2569/3215/2625 2568/3214/2625
f 2570/3216/2626 2568/3214/2626 2569/3215/2626
f 2569/3215/2627 2571/3217/2627 2570/3216/2627
f 2572/3218/2628 2570/3216/2628 2571/3217/2628
f 2571/3217/2629 2573/3219/2629 2572/3218/2629
f 2574/3220/2630 2572/3218/2630 2573/3219/2630
f 2573/3219/2631 2575/3221/2631 2574/3220/2631
f 2576/3222/2632 2574/3220/2632 2575/3221/2632
f 2575/3221/2633 2577/3223/2633 2576/3222/2633
f 2578/3224/2634 2576/3222/2634 2577/3223/2634
f 2577/3223/2635 2579/3225/2635 2578/3224/2635
f 2580/3226/2636 2578/3224/2636 2579/3225/2636
f 2580/3226/2637 2579/3225/2637 2581/3227/2637
f 2582/3228/2638 2581/3227/2638 2579/3225/2638
f 2582/3228/2639 2583/3229/2639 2581/3227/2639
f 2581/3227/2639 2583/3229/2639 2584/3230/2639
f 2583/3229/2640 1972/3231/2640 2584/3230/2640
f 2584/3230/2640 1972/3231/2640 1973/3232/2640
f 1972/3231/2641 1971/3233/2641 1973/3232/2641
f 1972/3231/2641 1970/3234/2641 1971/3233/2641
f 1970/3234/2642 1968/3235/2642 1971/3233/2642
f 1970/3234/2642 1969/3236/2642 1968/3235/2642
f 1969/3236/2643 1967/3237/2643 1968/3235/2643
f 1966/3238/2644 1968/3235/2644 1967/3237/2644
f 1964/3239/2645 1966/3238/2645 1967/3237/2645
f 1965/3240/2646 1964/3239/2646 1967/3237/2646
f 1965/3240/2647 1962/3241/2647 1964/3239/2647
f 1963/3242/2648 1962/3241/2648 1965/3240/2648
f 1963/3242/2649 1960/3243/2649 1962/3241/2649
f 1961/3244/2650 1960/3243/2650 1963/3242/2650
f 1961/3244/2651 1958/3245/2651 1960/3243/2651
f 1959/3198/2652 1958/3245/2652 1961/3244/2652
f 1959/3198/2653 1956/3197/2653 1958/3245/2653
f 1930/3246/2654 1929/3247/2654 2545/3248/2654
f 1930/3246/2655 1928/3249/2655 1929/3247/2655
f 1931/3250/2655 1929/3247/2655 1928/3249/2655
f 1928/3249/2656 1932/3251/2656 1931/3250/2656
f 1933/3252/2656 1931/3250/2656 1932/3251/2656
f 1933/3252/2657 1932/3251/2657 1934/3253/2657
f 1935/3254/2658 1934/3253/2658 1932/3251/2658
f 1935/3254/2659 1936/3255/2659 1934/3253/2659
f 1937/3256/2660 1934/3253/2660 1936/3255/2660
f 1936/3255/2661 1938/3257/2661 1937/3256/2661
f 1939/3258/2662 1937/3256/2662 1938/3257/2662
f 1938/3257/2663 1940/3259/2663 1939/3258/2663
f 1941/3260/2664 1939/3258/2664 1940/3259/2664
f 1940/3259/2665 1942/3261/2665 1941/3260/2665
f 1943/3262/2666 1941/3260/2666 1942/3261/2666
f 1942/3261/2667 1944/3263/2667 1943/3262/2667
f 1945/3264/2668 1943/3262/2668 1944/3263/2668
f 1944/3263/2669 1946/3265/2669 1945/3264/2669
f 1921/3266/2670 1945/3264/2670 1946/3265/2670
f 1921/3266/2671 1946/3265/2671 1922/3267/2671
f 1922/3267/2672 1920/3268/2672 1921/3266/2672
f 1920/3268/2673 1922/3267/2673 1923/3269/2673
f 1923/3269/2674 1924/3270/2674 1920/3268/2674
f 1925/3271/2674 1920/3268/2674 1924/3270/2674
f 1924/3270/2675 1926/3272/2675 1925/3271/2675
f 1927/3273/2675 1925/3271/2675 1926/3272/2675
f 1927/3273/2676 1926/3272/2676 2544/3274/2676
f 2543/3275/2676 2544/3274/2676 1926/3272/2676
f 2544/3274/2677 2543/3275/2677 2541/3276/2677
f 2539/3277/2677 2541/3276/2677 2543/3275/2677
f 2541/3276/2678 2539/3277/2678 2540/3278/2678
f 2541/3276/2679 2540/3278/2679 2542/3279/2679
f 2540/3278/2680 2561/3280/2680 2542/3279/2680
f 2542/3279/2681 2561/3280/2681 2560/3281/2681
f 2559/3282/2682 2560/3281/2682 2561/3280/2682
f 2560/3281/2683 2559/3282/2683 2558/3283/2683
f 2557/3284/2684 2558/3283/2684 2559/3282/2684
f 2558/3283/2685 2557/3284/2685 2556/3285/2685
f 2555/3286/2686 2556/3285/2686 2557/3284/2686
f 2556/3285/2687 2555/3286/2687 2554/3287/2687
f 2553/3288/2688 2554/3287/2688 2555/3286/2688
f 2554/3287/2689 2553/3288/2689 2552/3289/2689
f 2551/3290/2690 2552/3289/2690 2553/3288/2690
f 2552/3289/2691 2551/3290/2691 2549/3291/2691
f 2550/3292/2692 2549/3291/2692 2551/3290/2692
f 2550/3292/2693 2547/3293/2693 2549/3291/2693
f 2548/3294/2694 2549/3291/2694 2547/3293/2694
f 2548/3294/2695 2547/3293/2695 2546/3295/2695
f 2545/3248/2695 2546/3295/2695 2547/3293/2695
f 2546/3295/2654 2545/3248/2654 1929/3247/2654
f 2511/3296/2696 2510/3297/2696 2509/3298/2696
f 2510/3297/2697 2511/3296/2697 2512/3299/2697
f 2513/3300/2698 2512/3299/2698 2511/3296/2698
f 2512/3299/2699 2513/3300/2699 2514/3301/2699
f 2515/3302/2700 2514/3301/2700 2513/3300/2700
f 2514/3301/2701 2515/3302/2701 2516/3303/2701
f 2517/3304/2702 2516/3303/2702 2515/3302/2702
f 2518/3305/2703 2516/3303/2703 2517/3304/2703
f 2516/3303/2703 2518/3305/2703 2519/3306/2703
f 2520/3307/2704 2519/3306/2704 2518/3305/2704
f 2519/3306/2704 2520/3307/2704 2521/3308/2704
f 2522/3309/2705 2521/3308/2705 2520/3307/2705
f 2521/3308/2705 2522/3309/2705 2523/3310/2705
f 2524/3311/2706 2523/3310/2706 2522/3309/2706
f 2523/3310/2706 2524/3311/2706 2525/3312/2706
f 2526/3313/2707 2525/3312/2707 2524/3311/2707
f 2525/3312/2708 2526/3313/2708 2527/3314/2708
f 2527/3314/2709 2526/3313/2709 2528/3315/2709
f 2529/3316/2710 2528/3315/2710 2526/3313/2710
f 2528/3315/2711 2529/3316/2711 2530/3317/2711
f 2531/3318/2712 2528/3315/2712 2530/3317/2712
f 2531/3318/2713 2530/3317/2713 2532/3319/2713
f 2533/3320/2714 2531/3318/2714 2532/3319/2714
f 2533/3320/2715 2532/3319/2715 2534/3321/2715
f 2535/3322/2716 2533/3320/2716 2534/3321/2716
f 2535/3322/2717 2534/3321/2717 2536/3323/2717
f 2537/3324/2718 2535/3322/2718 2536/3323/2718
f 2489/3325/2719 2537/3324/2719 2536/3323/2719
f 2489/3325/2720 2538/3326/2720 2537/3324/2720
f 2491/3327/2721 2538/3326/2721 2489/3325/2721
f 2491/3327/2722 2489/3325/2722 2490/3328/2722
f 2492/3329/2723 2491/3327/2723 2490/3328/2723
f 2490/3328/2724 2493/3330/2724 2492/3329/2724
f 2494/3331/2724 2492/3329/2724 2493/3330/2724
f 2494/3331/2725 2493/3330/2725 2495/3332/2725
f 2496/3333/2725 2495/3332/2725 2493/3330/2725
f 2495/3332/2726 2496/3333/2726 2497/3334/2726
f 2498/3335/2726 2497/3334/2726 2496/3333/2726
f 2497/3334/2727 2498/3335/2727 2499/3336/2727
f 2500/3337/2727 2499/3336/2727 2498/3335/2727
f 2499/3336/2728 2500/3337/2728 2501/3338/2728
f 2502/3339/2729 2501/3338/2729 2500/3337/2729
f 2503/3340/2730 2501/3338/2730 2502/3339/2730
f 2503/3340/2731 2502/3339/2731 2504/3341/2731
f 2505/3342/2732 2504/3341/2732 2502/3339/2732
f 2504/3341/2733 2505/3342/2733 2506/3343/2733
f 2507/3344/2734 2506/3343/2734 2505/3342/2734
f 2506/3343/2735 2507/3344/2735 2508/3345/2735
f 2509/3298/2736 2508/3345/2736 2507/3344/2736
f 2508/3345/2737 2509/3298/2737 2510/3297/2737
f 1450/3346/2738 1475/3347/2738 1476/2437/2738
f 1475/3347/2739 1450/3346/2739 1474/3348/2739
f 1449/3349/2739 1474/3348/2739 1450/3346/2739
f 1474/3348/2740 1449/3349/2740 1473/3350/2740
f 1448/3351/2740 1473/3350/2740 1449/3349/2740
f 1473/3350/2741 1448/3351/2741 1472/3352/2741
f 1447/3353/2741 1472/3352/2741 1448/3351/2741
f 1472/3352/2742 1447/3353/2742 1471/3354/2742
f 1446/19/2742 1471/3354/2742 1447/3353/2742
f 1471/3354/14 1446/19/14 1470/20/14
f 1373/10/2743 1446/19/2743 1375/9/2743
f 1447/3353/2743 1375/9/2743 1446/19/2743
f 1375/9/2744 1447/3353/2744 1377/8/2744
f 1448/3351/2744 1377/8/2744 1447/3353/2744
f 1377/8/2745 1448/3351/2745 1379/2458/2745
f 1449/3349/2745 1379/2458/2745 1448/3351/2745
f 1379/2458/2746 1449/3349/2746 1381/2425/2746
f 1450/3346/2746 1381/2425/2746 1449/3349/2746
f 1450/3346/2058 1451/2428/2058 1381/2425/2058
f 1451/2428/2738 1450/3346/2738 1476/2437/2738
f 3145/645/2747 3142/644/2747 3207/841/2747
f 3207/841/2747 3208/3355/2747 3145/645/2747
f 3208/3355/2748 3207/841/2748 3215/838/2748
f 3215/838/2749 3211/839/2749 3208/3355/2749
f 3211/839/2750 3210/840/2750 3208/3355/2750
f 3209/3356/2750 3208/3355/2750 3210/840/2750
f 3209/3356/2751 3145/645/2751 3208/3355/2751
f 3146/3357/2751 3145/645/2751 3209/3356/2751
f 3146/3357/2752 3144/643/2752 3145/645/2752
f 2963/3358/2752 3144/643/2752 3146/3357/2752
f 3144/643/2753 2963/3358/2753 2976/646/2753
f 2962/649/2753 2976/646/2753 2963/3358/2753
f 3206/831/2754 3205/830/2754 3210/840/2754
f 3212/3359/2754 3210/840/2754 3205/830/2754
f 3212/3359/2755 3209/3356/2755 3210/840/2755
f 3213/3360/2755 3209/3356/2755 3212/3359/2755
f 3150/3361/2756 3209/3356/2756 3213/3360/2756
f 3150/3361/2756 3146/3357/2756 3209/3356/2756
f 2965/3362/2757 3146/3357/2757 3150/3361/2757
f 2965/3362/2757 2963/3358/2757 3146/3357/2757
f 2964/647/2758 2963/3358/2758 2965/3362/2758
f 2964/647/2758 2962/649/2758 2963/3358/2758
f 2629/3363/2759 2626/3364/2759 2627/3365/2759
f 2627/3365/2760 2626/3364/2760 2624/3366/2760
f 2627/3365/2761 2624/3366/2761 2625/3367/2761
f 2625/3367/2762 2624/3366/2762 2623/3368/2762
f 2625/3367/2763 2623/3368/2763 2622/3369/2763
f 2620/3370/2764 2622/3369/2764 2623/3368/2764
f 2621/3371/2765 2622/3369/2765 2620/3370/2765
f 2621/3371/2766 2620/3370/2766 2619/3372/2766
f 2618/3188/2766 2619/3372/2766 2620/3370/2766
f 2619/3372/2604 2618/3188/2604 2617/3187/2604
f 2587/3174/2767 2585/3175/2767 2586/3373/2767
f 2587/3174/2768 2586/3373/2768 2588/3374/2768
f 2586/3373/2769 2634/3375/2769 2588/3374/2769
f 2633/3376/2770 2588/3374/2770 2634/3375/2770
f 2588/3374/2771 2633/3376/2771 2632/3377/2771
f 2630/3378/2772 2632/3377/2772 2633/3376/2772
f 2632/3377/2773 2630/3378/2773 2631/3379/2773
f 2631/3379/2774 2630/3378/2774 2628/3380/2774
f 2631/3379/2775 2628/3380/2775 2629/3363/2775
f 2629/3363/2776 2628/3380/2776 2626/3364/2776
f 2421/3381/2777 2438/3382/2777 2419/3383/2777
f 2419/3383/2777 2438/3382/2777 2436/3384/2777
f 2438/3382/2778 2437/3385/2778 2436/3384/2778
f 2437/3385/2778 2435/3386/2778 2436/3384/2778
f 2437/3385/2779 2440/3387/2779 2435/3386/2779
f 2440/3387/2779 2439/3388/2779 2435/3386/2779
f 2440/3387/2780 2442/3389/2780 2439/3388/2780
f 2442/3389/2780 2441/3390/2780 2439/3388/2780
f 2442/3389/2781 2444/1072/2781 2441/3390/2781
f 2444/1072/2781 2443/1073/2781 2441/3390/2781
f 2443/1073/2782 2446/1074/2782 2452/1075/2782
f 2443/1073/2782 2452/1075/2782 2451/3391/2782
f 2451/3391/2783 2441/3390/2783 2443/1073/2783
f 2441/3390/2783 2451/3391/2783 2450/3392/2783
f 2450/3392/2784 2439/3388/2784 2441/3390/2784
f 2439/3388/2784 2450/3392/2784 2449/3393/2784
f 2449/3393/2785 2435/3386/2785 2439/3388/2785
f 2435/3386/2785 2449/3393/2785 2447/3394/2785
f 2447/3394/2786 2436/3384/2786 2435/3386/2786
f 2436/3384/2786 2447/3394/2786 2448/3395/2786
f 2419/3383/2787 2436/3384/2787 2448/3395/2787
f 2419/3383/2787 2448/3395/2787 2417/3396/2787
f 2423/3397/2788 2424/3398/2788 2425/3399/2788
f 2424/3398/2789 2423/3397/2789 2422/3400/2789
f 2421/3381/2789 2422/3400/2789 2423/3397/2789
f 2422/3400/2790 2421/3381/2790 2420/3401/2790
f 2419/3383/2790 2420/3401/2790 2421/3381/2790
f 2420/3401/2791 2419/3383/2791 2418/3402/2791
f 2417/3396/2791 2418/3402/2791 2419/3383/2791
f 2418/3402/2792 2417/3396/2792 2415/1767/2792
f 2416/3403/2792 2415/1767/2792 2417/3396/2792
f 2416/3403/1485 2413/1768/1485 2415/1767/1485
f 2389/1300/1174 2433/1299/1174 2434/3404/1174
f 2434/3404/2793 2433/1299/2793 2431/3405/2793
f 2432/3406/2793 2431/3405/2793 2433/1299/2793
f 2429/3407/2794 2431/3405/2794 2432/3406/2794
f 2430/3408/2794 2431/3405/2794 2429/3407/2794
f 2430/3408/2795 2429/3407/2795 2427/3409/2795
f 2428/3410/2795 2427/3409/2795 2429/3407/2795
f 2428/3410/2796 2425/3399/2796 2427/3409/2796
f 2426/3411/2796 2427/3409/2796 2425/3399/2796
f 2426/3411/2788 2425/3399/2788 2424/3398/2788
f 3377/3412/2797 3375/3413/2797 3376/3414/2797
f 3377/3412/2798 3376/3414/2798 3378/3415/2798
f 3379/3416/2798 3378/3415/2798 3376/3414/2798
f 3378/3415/2799 3379/3416/2799 3380/3417/2799
f 3381/3418/2799 3380/3417/2799 3379/3416/2799
f 3381/3418/2800 3382/3419/2800 3380/3417/2800
f 3383/3420/2800 3380/3417/2800 3382/3419/2800
f 3384/3421/2801 3383/3420/2801 3382/3419/2801
f 3384/3421/2801 3382/3419/2801 3385/3422/2801
f 3387/3423/2802 3384/3421/2802 3385/3422/2802
f 3385/3422/2802 3386/3424/2802 3387/3423/2802
f 3387/3423/2803 3386/3424/2803 3342/3425/2803
f 3340/3426/2803 3342/3425/2803 3386/3424/2803
f 3342/3425/2804 3340/3426/2804 3341/3427/2804
f 3342/3425/2804 3341/3427/2804 3343/3428/2804
f 3341/3427/2805 3344/3429/2805 3343/3428/2805
f 3345/3430/2805 3343/3428/2805 3344/3429/2805
f 3344/3429/2806 3346/3431/2806 3345/3430/2806
f 3347/3432/2806 3345/3430/2806 3346/3431/2806
f 3347/3432/2807 3346/3431/2807 3348/3433/2807
f 3349/3434/2807 3348/3433/2807 3346/3431/2807
f 3349/3434/2808 3350/3435/2808 3348/3433/2808
f 3351/3436/2808 3348/3433/2808 3350/3435/2808
f 3352/3437/2809 3351/3436/2809 3350/3435/2809
f 3352/3437/2809 3350/3435/2809 3353/3438/2809
f 3353/3438/2810 3354/3439/2810 3352/3437/2810
f 3355/3440/2810 3352/3437/2810 3354/3439/2810
f 3355/3440/2811 3354/3439/2811 3356/3441/2811
f 3357/3442/2811 3356/3441/2811 3354/3439/2811
f 3356/3441/2812 3357/3442/2812 3358/3443/2812
f 3356/3441/2812 3358/3443/2812 3359/3444/2812
f 3359/3444/2813 3358/3443/2813 3360/3445/2813
f 3361/3446/2813 3360/3445/2813 3358/3443/2813
f 3361/3446/2814 3362/3447/2814 3360/3445/2814
f 3363/3448/2814 3360/3445/2814 3362/3447/2814
f 3363/3448/2815 3362/3447/2815 3364/3449/2815
f 3365/3450/2815 3364/3449/2815 3362/3447/2815
f 3365/3450/2816 3366/3451/2816 3364/3449/2816
f 3367/3452/2816 3364/3449/2816 3366/3451/2816
f 3368/3453/2817 3367/3452/2817 3366/3451/2817
f 3368/3453/2817 3366/3451/2817 3369/3454/2817
f 3371/3455/2818 3368/3453/2818 3369/3454/2818
f 3369/3454/2818 3370/3456/2818 3371/3455/2818
f 3372/3457/2819 3371/3455/2819 3370/3456/2819
f 3371/3455/2819 3372/3457/2819 3373/3458/2819
f 3373/3458/2820 3372/3457/2820 3374/3459/2820
f 3373/3458/2820 3374/3459/2820 3375/3413/2820
f 3374/3459/2797 3376/3414/2797 3375/3413/2797
f 2294/3460/2568 2293/3461/2568 2296/3462/2568
f 2293/3461/2568 2295/3463/2568 2296/3462/2568
f 2295/3463/2567 2297/3464/2567 2296/3462/2567
f 2298/3465/2567 2296/3462/2567 2297/3464/2567
f 2298/3465/2572 2297/3464/2572 2300/3466/2572
f 2297/3464/2572 2299/3467/2572 2300/3466/2572
f 2284/3468/2563 2283/3469/2563 2285/3470/2563
f 2286/3471/2563 2285/3470/2563 2283/3469/2563
f 2286/3471/2564 2287/3472/2564 2285/3470/2564
f 2288/3473/2564 2285/3470/2564 2287/3472/2564
f 2287/3472/2565 2289/3474/2565 2288/3473/2565
f 2290/3475/2565 2288/3473/2565 2289/3474/2565
f 2289/3474/2566 2291/3476/2566 2290/3475/2566
f 2292/3477/2566 2290/3475/2566 2291/3476/2566
f 2292/3477/2569 2291/3476/2569 2294/3460/2569
f 2291/3476/2569 2293/3461/2569 2294/3460/2569
f 1646/3478/2580 1644/3479/2580 1645/3480/2580
f 1647/3481/2580 1645/3480/2580 1644/3479/2580
f 2277/3482/2579 1645/3480/2579 1647/3481/2579
f 2278/3483/2579 1645/3480/2579 2277/3482/2579
f 2277/3482/2560 2279/3484/2560 2278/3483/2560
f 2280/3485/2560 2278/3483/2560 2279/3484/2560
f 2280/3485/2561 2279/3484/2561 2281/3486/2561
f 2282/3487/2561 2281/3486/2561 2279/3484/2561
f 2282/3487/2562 2283/3469/2562 2281/3486/2562
f 2284/3468/2562 2281/3486/2562 2283/3469/2562
f 1657/3488/2575 1656/3489/2575 1654/3490/2575
f 1655/3491/2575 1654/3490/2575 1656/3489/2575
f 1655/3491/2576 1652/3492/2576 1654/3490/2576
f 1653/3493/2576 1654/3490/2576 1652/3492/2576
f 1653/3493/2578 1652/3492/2578 1651/3494/2578
f 1650/3495/2578 1651/3494/2578 1652/3492/2578
f 1651/3494/2582 1650/3495/2582 1648/3496/2582
f 1649/3497/2582 1648/3496/2582 1650/3495/2582
f 1649/3497/2581 1644/3479/2581 1648/3496/2581
f 1646/3478/2581 1648/3496/2581 1644/3479/2581
f 1664/3498/2584 1666/3499/2584 1667/3500/2584
f 1665/3501/2584 1664/3498/2584 1667/3500/2584
f 1662/3502/2583 1664/3498/2583 1665/3501/2583
f 1663/3503/2583 1662/3502/2583 1665/3501/2583
f 1660/3504/2577 1662/3502/2577 1663/3503/2577
f 1661/3505/2577 1660/3504/2577 1663/3503/2577
f 1661/3505/2573 1659/3506/2573 1660/3504/2573
f 1658/3507/2573 1660/3504/2573 1659/3506/2573
f 1657/3488/2574 1658/3507/2574 1659/3506/2574
f 1656/3489/2574 1657/3488/2574 1659/3506/2574
f 2321/3508/2548 2320/3509/2548 2319/3510/2548
f 2319/3510/2548 2322/3511/2548 2321/3508/2548
f 1692/3512/2547 2321/3508/2547 2322/3511/2547
f 2322/3511/2547 1693/3513/2547 1692/3512/2547
f 1693/3513/2546 1691/3514/2546 1692/3512/2546
f 1690/3515/2546 1692/3512/2546 1691/3514/2546
f 1688/3516/2553 1690/3515/2553 1691/3514/2553
f 1691/3514/2553 1689/3517/2553 1688/3516/2553
f 1689/3517/2552 1687/3518/2552 1688/3516/2552
f 1686/3519/2552 1688/3516/2552 1687/3518/2552
f 1687/3518/2554 1685/3520/2554 1686/3519/2554
f 1684/3521/2554 1686/3519/2554 1685/3520/2554
f 1682/3522/2551 1684/3521/2551 1685/3520/2551
f 1685/3520/2551 1683/3523/2551 1682/3522/2551
f 1683/3523/2559 1681/3524/2559 1682/3522/2559
f 1680/3525/2559 1682/3522/2559 1681/3524/2559
f 1681/3524/2558 1679/3526/2558 1680/3525/2558
f 1678/3527/2558 1680/3525/2558 1679/3526/2558
f 1676/3528/2557 1678/3527/2557 1679/3526/2557
f 1677/3529/2557 1676/3528/2557 1679/3526/2557
f 1677/3529/2556 1675/3530/2556 1676/3528/2556
f 1674/3531/2556 1676/3528/2556 1675/3530/2556
f 1675/3530/2555 1672/3532/2555 1674/3531/2555
f 1673/3533/2555 1674/3531/2555 1672/3532/2555
f 1673/3533/2587 1672/3532/2587 1670/3534/2587
f 1671/3535/2587 1670/3534/2587 1672/3532/2587
f 1669/3536/2586 1670/3534/2586 1671/3535/2586
f 1668/3537/2586 1669/3536/2586 1671/3535/2586
f 1669/3536/2585 1668/3537/2585 1666/3499/2585
f 1667/3500/2585 1666/3499/2585 1668/3537/2585
f 2408/3538/1183 2407/1316/1183 2405/1314/1183
f 2407/1316/2821 2408/3538/2821 2409/3539/2821
f 2410/3540/2821 2409/3539/2821 2408/3538/2821
f 2409/3539/2822 2410/3540/2822 2411/3541/2822
f 2412/3542/2822 2411/3541/2822 2410/3540/2822
f 2412/3542/2823 1791/3543/2823 2411/3541/2823
f 2411/3541/2823 1791/3543/2823 1790/3544/2823
f 1788/1194/2824 1790/3544/2824 1791/3543/2824
f 1791/3543/2824 1789/3545/2824 1788/1194/2824
f 1789/3545/1093 1787/1195/1093 1788/1194/1093
f 2310/3546/2541 2309/3547/2541 2312/3548/2541
f 2309/3547/2541 2311/3549/2541 2312/3548/2541
f 2313/3550/2540 2312/3548/2540 2311/3549/2540
f 2311/3549/2540 2314/3551/2540 2313/3550/2540
f 2314/3551/2545 2315/3552/2545 2313/3550/2545
f 2316/3553/2545 2313/3550/2545 2315/3552/2545
f 2317/3554/2550 2316/3553/2550 2315/3552/2550
f 2315/3552/2550 2318/3555/2550 2317/3554/2550
f 2318/3555/2549 2319/3510/2549 2317/3554/2549
f 2320/3509/2549 2317/3554/2549 2319/3510/2549
f 2300/3556/2571 2299/3557/2571 2302/3558/2571
f 2299/3557/2571 2301/3559/2571 2302/3558/2571
f 2302/3558/2570 2301/3559/2570 2304/3560/2570
f 2301/3559/2570 2303/3561/2570 2304/3560/2570
f 2303/3561/2544 2305/3562/2544 2304/3560/2544
f 2306/3563/2544 2304/3560/2544 2305/3562/2544
f 2305/3562/2543 2307/3564/2543 2306/3563/2543
f 2308/3565/2543 2306/3563/2543 2307/3564/2543
f 2308/3565/2542 2307/3564/2542 2310/3546/2542
f 2307/3564/2542 2309/3547/2542 2310/3546/2542
f 2082/3566/1327 2048/1566/1327 2081/55/1327
f 2048/1566/2825 2082/3566/2825 2050/1560/2825
f 2083/3567/2825 2050/1560/2825 2082/3566/2825
f 2050/1560/2826 2083/3567/2826 2052/1558/2826
f 2084/3568/2826 2052/1558/2826 2083/3567/2826
f 2052/1558/2827 2084/3568/2827 2054/1556/2827
f 2085/3569/2827 2054/1556/2827 2084/3568/2827
f 2054/1556/2828 2085/3569/2828 2056/1554/2828
f 2086/1740/2828 2056/1554/2828 2085/3569/2828
f 2056/1554/1468 2086/1740/1468 2058/1553/1468
f 1723/1106/1029 1722/1104/1029 1721/1103/1029
f 1723/1106/2829 1833/1747/2829 1722/1104/2829
f 1833/1747/2829 1723/1106/2829 1758/1112/2829
f 1833/1747/2829 1758/1112/2829 1827/1745/2829
f 1827/1745/1040 1758/1112/1040 1826/1120/1040
f 1826/1120/2830 1825/1746/2830 1827/1745/2830
f 1826/1120/2830 1824/3570/2830 1825/1746/2830
f 1824/3570/2831 1823/1749/2831 1825/1746/2831
f 1823/1749/2831 1824/3570/2831 1822/1759/2831
f 1822/1759/1479 1821/1751/1479 1823/1749/1479
f 1805/3571/1484 1803/1765/1484 1804/1766/1484
f 1804/1766/2832 1806/3572/2832 1805/3571/2832
f 1807/3573/2832 1805/3571/2832 1806/3572/2832
f 1809/3574/2833 1807/3573/2833 1806/3572/2833
f 1806/3572/2833 1808/3575/2833 1809/3574/2833
f 1808/3575/2834 1810/3576/2834 1809/3574/2834
f 1811/3577/2834 1809/3574/2834 1810/3576/2834
f 1813/1174/2835 1811/3577/2835 1810/3576/2835
f 1810/3576/2835 1812/3578/2835 1813/1174/2835
f 1812/3578/1079 1814/1164/1079 1813/1174/1079
