# Blender v2.78 (sub 0) OBJ File: ''
# www.blender.org
mtllib wheel.mtl
o WHEEL_Number6_SM
v -0.000017 -12.065231 -6.862862
v -2.135811 -10.749649 -6.560981
v -0.000013 -10.960009 -6.560981
v -2.351437 -11.833633 -6.862862
v -0.000012 -11.045877 -5.655828
v 2.135790 -10.749651 -6.560980
v 2.152541 -10.833869 -5.655827
v 0.000005 -16.620632 -1.579994
v -3.115479 -15.674805 -3.477499
v -0.000003 -15.981656 -3.477499
v -3.240130 -16.301506 -1.579995
v -0.000009 -14.641289 -6.045722
v -2.670522 -13.437825 -6.664566
v -0.000009 -13.700850 -6.664566
v -2.853994 -14.360195 -6.045722
v -2.281479 -11.481972 6.471050
v -0.000016 -12.357218 6.843069
v -0.000007 -11.706678 6.471050
v -2.408396 -12.120008 6.843069
v -0.000009 -10.960009 6.512038
v 2.135790 -10.749651 6.512037
v -0.000009 -11.045877 5.606884
v 2.152543 -10.833869 5.606883
v -3.246425 -16.333151 1.355677
v 0.000017 -16.838663 -0.024471
v 0.000004 -16.652893 1.355677
v -3.282658 -16.515352 -0.024472
v -2.895866 -14.570712 5.821904
v -0.000004 -16.058411 3.340577
v -0.000008 -14.855929 5.821904
v -3.130451 -15.750092 3.340577
v -0.000007 -14.079315 6.374737
v -2.744359 -13.809019 6.374736
v -2.702068 -13.596407 6.719735
v -0.000011 -13.862539 6.719735
v 3.115475 -15.674809 -3.477498
v 2.853971 -14.360200 -6.045722
v 0.000017 12.040727 -6.862862
v 2.135821 10.725141 -6.560980
v 0.000011 10.935503 -6.560981
v 2.351446 11.809126 -6.862861
v 4.189538 10.102149 -6.560980
v 4.612502 11.123237 -6.862861
v 6.082260 9.090465 -6.560982
v 6.696299 10.009416 -6.862860
v 7.741243 7.728970 -6.560979
v 8.522759 8.510473 -6.862860
v 9.102736 6.069982 -6.560979
v 10.021698 6.684004 -6.862860
v 10.114414 4.177258 -6.560979
v 11.135509 4.600201 -6.862860
v 10.737400 2.123537 -6.560979
v 11.821388 2.339143 -6.862860
v 10.947755 -0.012265 -6.560979
v 12.052979 -0.012272 -6.862860
v 10.737393 -2.148067 -6.560979
v 11.821378 -2.363692 -6.862860
v 10.114402 -4.201789 -6.560979
v 11.135491 -4.624746 -6.862860
v 9.102716 -6.094512 -6.560979
v 10.021670 -6.708546 -6.862860
v 7.741223 -7.753493 -6.560979
v 8.522727 -8.535009 -6.862860
v 6.082235 -9.114985 -6.560982
v 6.696258 -10.033949 -6.862860
v 4.189515 -10.126664 -6.560980
v 4.612458 -11.147758 -6.862861
v 2.351401 -11.833639 -6.862861
v -2.351415 11.809132 -6.862862
v -2.135798 10.725144 -6.560981
v -4.612465 11.123251 -6.862862
v -4.189521 10.102155 -6.560981
v -6.696269 10.009437 -6.862863
v -6.082243 9.090474 -6.560981
v -8.522736 8.510495 -6.862863
v -7.741228 7.728983 -6.560982
v -10.021681 6.684031 -6.862863
v -9.102722 6.070000 -6.560982
v -11.135493 4.600235 -6.862863
v -10.114404 4.177279 -6.560982
v -11.821381 2.339180 -6.862863
v -10.737394 2.123555 -6.560982
v -12.052978 -0.012240 -6.862863
v -10.947754 -0.012246 -6.560982
v -11.821385 -2.363660 -6.862863
v -10.737400 -2.148045 -6.560982
v -11.135507 -4.624711 -6.862863
v -10.114411 -4.201769 -6.560982
v -10.021693 -6.708517 -6.862863
v -9.102732 -6.094491 -6.560982
v -8.522754 -8.534984 -6.862863
v -7.741239 -7.753478 -6.560982
v -6.696289 -10.033930 -6.862863
v -6.082256 -9.114974 -6.560981
v -4.612492 -11.147747 -6.862862
v -4.189535 -10.126657 -6.560981
v 0.000012 11.021370 -5.655828
v -2.152550 10.809361 -5.655828
v -4.222382 10.181486 -5.655828
v -6.129948 9.161871 -5.655828
v -7.801946 7.789700 -5.655829
v -9.174120 6.117703 -5.655829
v -10.193735 4.210138 -5.655829
v -10.821612 2.140306 -5.655829
v -11.033622 -0.012246 -5.655829
v -10.821616 -2.164798 -5.655829
v -10.193741 -4.234630 -5.655829
v -9.174126 -6.142198 -5.655829
v -7.801955 -7.814197 -5.655829
v -6.129960 -9.186369 -5.655828
v -4.222395 -10.205986 -5.655828
v -2.152564 -10.833866 -5.655828
v 2.152572 10.809360 -5.655827
v 4.222398 10.181480 -5.655827
v 6.129966 9.161861 -5.655827
v 7.801961 7.789687 -5.655826
v 9.174133 6.117687 -5.655826
v 10.193746 4.210117 -5.655826
v 10.821619 2.140289 -5.655826
v 11.033625 -0.012265 -5.655826
v 10.821612 -2.164819 -5.655826
v 10.193733 -4.234650 -5.655826
v 9.174114 -6.142217 -5.655826
v 7.801940 -7.814210 -5.655826
v 6.129942 -9.186383 -5.655827
v 4.222374 -10.205996 -5.655827
v 0.000001 15.957151 -3.477499
v -0.000001 16.596130 -1.579994
v 3.115489 15.650302 -3.477498
v 3.240138 16.277004 -1.579993
v 6.111230 14.741550 -3.477498
v 6.355757 15.331889 -1.579993
v 8.872131 13.265819 -3.477497
v 9.227128 13.797109 -1.579992
v 11.292079 11.279816 -3.477497
v 11.743898 11.731647 -1.579992
v 13.809364 9.214869 -1.579992
v 13.278080 8.859866 -3.477496
v 15.344145 6.343500 -1.579991
v 14.753809 6.098967 -3.477496
v 16.289257 3.227880 -1.579991
v 15.662560 3.103214 -3.477496
v 16.608381 -0.012255 -1.579991
v 15.969404 -0.012263 -3.477496
v 15.662556 -3.127724 -3.477496
v 16.289255 -3.252382 -1.579991
v 14.753803 -6.123481 -3.477496
v 15.344145 -6.368001 -1.579991
v 13.278072 -8.884381 -3.477496
v 13.809368 -9.239368 -1.579992
v 11.292069 -11.304326 -3.477497
v 11.743898 -11.756150 -1.579992
v 9.227121 -13.821615 -1.579992
v 8.872119 -13.290331 -3.477497
v 6.355754 -15.356393 -1.579993
v 6.111225 -14.766057 -3.477498
v 3.240140 -16.301504 -1.579993
v -3.240149 16.277000 -1.579995
v -0.000008 16.814163 -0.024471
v -3.282697 16.490841 -0.024472
v -6.355762 15.331886 -1.579995
v -6.439208 15.533319 -0.024472
v -9.227124 13.797109 -1.579996
v -9.348268 13.978389 -0.024473
v -11.743904 11.731640 -1.579996
v -11.898086 11.885803 -0.024473
v -13.990662 9.335986 -0.024473
v -13.809367 9.214865 -1.579996
v -15.545587 6.426918 -0.024474
v -15.344147 6.343489 -1.579997
v -16.503101 3.270407 -0.024474
v -16.289257 3.227880 -1.579997
v -16.826412 -0.012264 -0.024474
v -16.608379 -0.012259 -1.579997
v -16.289257 -3.252390 -1.579997
v -16.503098 -3.294935 -0.024474
v -15.344141 -6.368010 -1.579997
v -15.545572 -6.451458 -0.024474
v -13.809363 -9.239375 -1.579996
v -13.990641 -9.360521 -0.024473
v -11.743894 -11.756156 -1.579996
v -11.898061 -11.910334 -0.024473
v -9.348246 -14.002910 -0.024473
v -9.227119 -13.821618 -1.579996
v -6.439175 -15.557836 -0.024472
v -6.355749 -15.356396 -1.579995
v 2.854001 14.335689 -6.045722
v 0.000009 13.676344 -6.664566
v 0.000010 14.616783 -6.045722
v 2.670531 13.413319 -6.664565
v 5.598309 13.503208 -6.045722
v 5.238416 12.634354 -6.664565
v 7.604993 11.369390 -6.664564
v 8.127476 12.151337 -6.045721
v 9.679315 9.667034 -6.664564
v 10.344307 10.332024 -6.045721
v 12.163610 8.115193 -6.045721
v 11.381664 7.592708 -6.664564
v 13.515474 5.586024 -6.045720
v 12.646624 5.226128 -6.664564
v 14.347948 2.841716 -6.045720
v 13.425577 2.658246 -6.664563
v 13.688597 -0.012268 -6.664563
v 14.629038 -0.012269 -6.045720
v 14.347942 -2.866246 -6.045720
v 13.425570 -2.682781 -6.664563
v 13.515463 -5.610553 -6.045720
v 12.646611 -5.250661 -6.664564
v 12.163593 -8.139721 -6.045721
v 11.381643 -7.617241 -6.664564
v 10.344282 -10.356553 -6.045721
v 9.679292 -9.691561 -6.664564
v 7.604966 -11.393912 -6.664564
v 8.127447 -12.175859 -6.045721
v 5.238389 -12.658871 -6.664565
v 5.598280 -13.527723 -6.045722
v 2.670502 -13.437829 -6.664565
v -2.670511 13.413322 -6.664566
v -2.853985 14.335690 -6.045722
v -5.598284 13.503216 -6.045722
v -5.238395 12.634363 -6.664566
v -8.127453 12.151348 -6.045723
v -7.604973 11.369402 -6.664567
v -10.344288 10.332040 -6.045723
v -9.679295 9.667052 -6.664567
v -11.381649 7.592731 -6.664567
v -12.163596 8.115206 -6.045723
v -12.646611 5.226153 -6.664567
v -13.515465 5.586040 -6.045724
v -13.425572 2.658267 -6.664567
v -14.347939 2.841741 -6.045724
v -14.629035 -0.012242 -6.045724
v -13.688597 -0.012244 -6.664567
v -14.347944 -2.866227 -6.045724
v -13.425576 -2.682757 -6.664567
v -12.646618 -5.250644 -6.664567
v -13.515470 -5.610533 -6.045724
v -11.381658 -7.617221 -6.664567
v -12.163601 -8.139704 -6.045723
v -9.679305 -9.691546 -6.664567
v -10.344297 -10.356537 -6.045723
v -8.127463 -12.175847 -6.045723
v -7.604983 -11.393900 -6.664567
v -5.598300 -13.527714 -6.045722
v -5.238409 -12.658865 -6.664566
v 0.000005 11.682174 6.471050
v 2.408396 12.095504 6.843070
v 0.000005 12.332712 6.843069
v 2.281483 11.457466 6.471050
v 4.724226 11.393002 6.843070
v 4.475276 10.791984 6.471051
v 6.858509 10.252200 6.843070
v 6.497088 9.711299 6.471051
v 8.729221 8.716944 6.843071
v 8.269221 8.256944 6.471052
v 10.264471 6.846228 6.843071
v 9.723570 6.484808 6.471052
v 11.405263 4.711955 6.843071
v 10.804243 4.463006 6.471052
v 11.469724 2.269205 6.471052
v 12.107761 2.396118 6.843071
v 12.344965 -0.012266 6.843071
v 11.694426 -0.012266 6.471052
v 11.469717 -2.293730 6.471052
v 12.107755 -2.420651 6.843071
v 10.804237 -4.487525 6.471052
v 11.405255 -4.736475 6.843071
v 9.723555 -6.509333 6.471052
v 10.264452 -6.870760 6.843071
v 8.269200 -8.281468 6.471052
v 8.729198 -8.741469 6.843071
v 6.858481 -10.276724 6.843070
v 6.497064 -9.735820 6.471051
v 4.724201 -11.417518 6.843070
v 4.475253 -10.816495 6.471051
v 2.408370 -12.120013 6.843070
v 2.281458 -11.481977 6.471050
v -2.281472 11.457466 6.471050
v 0.000005 10.935503 6.512038
v -2.135804 10.725143 6.512038
v -4.475261 10.791988 6.471049
v -4.189523 10.102155 6.512037
v -6.082246 9.090474 6.512037
v -6.497077 9.711307 6.471049
v -7.741231 7.728981 6.512036
v -8.269207 8.256956 6.471049
v -9.102725 6.069997 6.512036
v -9.723558 6.484824 6.471048
v -10.114407 4.177274 6.512035
v -10.804240 4.463012 6.471048
v -10.737395 2.123555 6.512036
v -11.469720 2.269221 6.471048
v -10.947756 -0.012246 6.512036
v -11.694426 -0.012249 6.471048
v -10.737399 -2.148047 6.512036
v -11.469723 -2.293718 6.471048
v -10.114410 -4.201771 6.512035
v -10.804241 -4.487512 6.471048
v -9.102729 -6.094495 6.512036
v -9.723562 -6.509325 6.471048
v -7.741238 -7.753479 6.512036
v -8.269213 -8.281458 6.471049
v -6.082255 -9.114976 6.512037
v -6.497084 -9.735806 6.471049
v -4.189534 -10.126657 6.512037
v -4.475271 -10.816491 6.471049
v -2.135811 -10.749649 6.512038
v 0.000006 11.021372 5.606884
v -2.152556 10.809361 5.606884
v -4.222383 10.181486 5.606883
v -6.129952 9.161871 5.606883
v -7.801950 7.789700 5.606882
v -9.174124 6.117702 5.606882
v -10.193740 4.210134 5.606882
v -10.821615 2.140307 5.606882
v -11.033625 -0.012246 5.606882
v -10.821619 -2.164799 5.606882
v -10.193743 -4.234632 5.606882
v -9.174128 -6.142200 5.606882
v -7.801958 -7.814197 5.606882
v -6.129961 -9.186372 5.606883
v -4.222394 -10.205988 5.606883
v -2.152563 -10.833866 5.606884
v 2.135813 10.725142 6.512037
v 2.152566 10.809360 5.606884
v 4.189537 10.102149 6.512038
v 4.222397 10.181480 5.606884
v 6.082258 9.090465 6.512039
v 6.129963 9.161861 5.606885
v 7.741241 7.728970 6.512039
v 7.801960 7.789687 5.606885
v 9.174126 6.117691 5.606886
v 9.102731 6.069985 6.512040
v 10.193742 4.210123 5.606885
v 10.114411 4.177262 6.512040
v 10.821617 2.140289 5.606885
v 10.737398 2.123537 6.512039
v 11.033623 -0.012265 5.606885
v 10.947755 -0.012265 6.512039
v 10.737393 -2.148062 6.512039
v 10.821611 -2.164814 5.606885
v 10.114401 -4.201785 6.512040
v 10.193734 -4.234645 5.606885
v 9.102719 -6.094506 6.512040
v 9.174113 -6.142212 5.606886
v 7.741223 -7.753491 6.512039
v 7.801939 -7.814209 5.606885
v 6.129941 -9.186380 5.606885
v 6.082236 -9.114984 6.512039
v 4.222375 -10.205994 5.606884
v 4.189514 -10.126662 6.512038
v -0.000002 16.628393 1.355677
v 3.246432 16.308647 1.355678
v 3.282658 16.490850 -0.024470
v 6.368104 15.361697 1.355678
v 6.439179 15.533332 -0.024469
v 9.245046 13.823939 1.355679
v 9.348253 13.978400 -0.024469
v 11.766711 11.754461 1.355679
v 11.898065 11.885825 -0.024468
v 13.990646 9.336009 -0.024468
v 13.836189 9.232795 1.355680
v 15.545574 6.426945 -0.024468
v 15.373949 6.355845 1.355680
v 16.503096 3.270425 -0.024468
v 16.320898 3.234174 1.355680
v 16.826412 -0.012247 -0.024469
v 16.640642 -0.012255 1.355680
v 16.320894 -3.258683 1.355680
v 16.503096 -3.294918 -0.024469
v 15.373951 -6.380346 1.355680
v 15.545582 -6.451430 -0.024469
v 13.836189 -9.257298 1.355680
v 13.990658 -9.360495 -0.024469
v 11.766713 -11.778962 1.355679
v 11.898077 -11.910316 -0.024469
v 9.348261 -14.002899 -0.024470
v 9.245046 -13.848442 1.355679
v 6.439199 -15.557826 -0.024470
v 6.368093 -15.386205 1.355678
v 3.282680 -16.515347 -0.024471
v 3.246430 -16.333147 1.355678
v -3.246447 16.308643 1.355676
v -3.130465 15.725583 3.340577
v -0.000002 16.033911 3.340577
v -6.140606 14.812464 3.340576
v -6.368109 15.361693 1.355676
v -8.914773 13.329641 3.340576
v -9.245050 13.823935 1.355675
v -11.346354 11.334094 3.340576
v -11.766718 11.754454 1.355675
v -13.836193 9.232789 1.355675
v -13.341899 8.902513 3.340575
v -15.373954 6.355835 1.355675
v -14.824723 6.128341 3.340575
v -16.320900 3.234174 1.355675
v -15.737841 3.118198 3.340575
v -16.640644 -0.012253 1.355674
v -16.046162 -0.012251 3.340575
v -15.737842 -3.142704 3.340575
v -16.320900 -3.258686 1.355675
v -14.824720 -6.152853 3.340575
v -15.373948 -6.380356 1.355675
v -13.341898 -8.927020 3.340575
v -13.836189 -9.257300 1.355675
v -11.346350 -11.358604 3.340576
v -11.766710 -11.778965 1.355675
v -8.914770 -13.354147 3.340576
v -9.245045 -13.848442 1.355676
v -6.140598 -14.836973 3.340576
v -6.368096 -15.386203 1.355676
v 3.130462 15.725585 3.340578
v 2.895868 14.546205 5.821904
v 0.000002 14.831425 5.821904
v 6.140604 14.812465 3.340578
v 5.680439 13.701511 5.821905
v 8.914774 13.329640 3.340579
v 8.246716 12.329806 5.821905
v 11.346354 11.334092 3.340579
v 10.496068 10.483808 5.821906
v 13.341898 8.902511 3.340580
v 12.342069 8.234446 5.821906
v 14.824720 6.128340 3.340580
v 13.713770 5.668169 5.821906
v 15.737839 3.118197 3.340580
v 14.558460 2.883597 5.821906
v 16.046158 -0.012247 3.340580
v 14.843674 -0.012262 5.821906
v 14.558455 -2.908120 5.821906
v 15.737837 -3.142699 3.340580
v 13.713766 -5.692686 5.821906
v 14.824715 -6.152856 3.340580
v 12.342059 -8.258965 5.821906
v 13.341890 -8.927026 3.340580
v 10.496055 -10.508324 5.821906
v 11.346345 -11.358604 3.340579
v 8.914768 -13.354147 3.340579
v 8.246698 -12.354322 5.821905
v 6.140598 -14.836970 3.340578
v 5.680419 -13.726025 5.821905
v 3.130448 -15.750092 3.340578
v 2.895846 -14.570712 5.821904
v -2.895861 14.546206 5.821904
v -5.680433 13.701515 5.821903
v -8.246702 12.329817 5.821903
v -10.496064 10.483813 5.821902
v -12.342066 8.234455 5.821902
v -13.713770 5.668179 5.821902
v -14.558461 2.883608 5.821902
v -14.843678 -0.012249 5.821902
v -14.558464 -2.908101 5.821902
v -13.713771 -5.692680 5.821902
v -12.342071 -8.258953 5.821902
v -10.496070 -10.508314 5.821902
v -8.246710 -12.354317 5.821903
v -5.680438 -13.726020 5.821903
v 0.000006 14.054810 6.374736
v 2.744364 13.784514 6.374736
v 5.383248 12.984013 6.374736
v 7.815257 11.684072 6.374737
v 9.946923 9.934654 6.374737
v 11.696342 7.802979 6.374737
v 12.996273 5.370973 6.374737
v 13.796772 2.732080 6.374737
v 14.067062 -0.012268 6.374738
v 13.796764 -2.756611 6.374737
v 12.996265 -5.395495 6.374737
v 11.696330 -7.827501 6.374737
v 9.946904 -9.959178 6.374737
v 7.815235 -11.708591 6.374737
v 5.383220 -13.008530 6.374736
v 2.744333 -13.809023 6.374736
v -2.744351 13.784514 6.374736
v -5.383232 12.984017 6.374736
v -7.815239 11.684084 6.374735
v -9.946914 9.934665 6.374735
v -11.696334 7.802991 6.374735
v -12.996271 5.370982 6.374734
v -13.796768 2.732100 6.374734
v -14.067062 -0.012248 6.374734
v -13.796771 -2.756595 6.374734
v -12.996273 -5.395481 6.374734
v -11.696338 -7.827491 6.374735
v -9.946920 -9.959166 6.374735
v -7.815249 -11.708583 6.374735
v -5.383240 -13.008522 6.374736
v 0.000009 13.838033 6.719734
v 2.702071 13.571901 6.719734
v 5.300291 12.783736 6.719735
v 7.694821 11.503827 6.719735
v 9.793639 9.781369 6.719735
v 11.516100 7.682543 6.719735
v 12.796000 5.288010 6.719736
v 13.584158 2.689789 6.719736
v 13.850285 -0.012268 6.719736
v 13.584150 -2.714319 6.719736
v 12.795991 -5.312538 6.719736
v 11.516084 -7.707068 6.719735
v 9.793619 -9.805891 6.719735
v 7.694800 -11.528347 6.719735
v 5.300260 -12.808251 6.719735
v 2.702043 -13.596410 6.719734
v -2.702060 13.571902 6.719735
v -2.408386 12.095504 6.843069
v -4.724214 11.393006 6.843069
v -5.300275 12.783742 6.719734
v -7.694803 11.503842 6.719734
v -6.858496 10.252210 6.843069
v -8.729207 8.716957 6.843068
v -9.793631 9.781381 6.719733
v -10.264463 6.846244 6.843068
v -11.516088 7.682559 6.719733
v -12.795993 5.288028 6.719733
v -11.405259 4.711963 6.843067
v -13.584157 2.689811 6.719733
v -12.107759 2.396134 6.843067
v -13.850286 -0.012244 6.719733
v -12.344964 -0.012247 6.843067
v -12.107762 -2.420628 6.843067
v -13.584160 -2.714302 6.719733
v -11.405263 -4.736459 6.843067
v -12.795999 -5.312521 6.719733
v -10.264468 -6.870739 6.843068
v -11.516096 -7.707054 6.719733
v -8.729218 -8.741453 6.843068
v -9.793639 -9.805878 6.719733
v -6.858505 -10.276710 6.843069
v -7.694818 -11.528339 6.719734
v -4.724226 -11.417507 6.843069
v -5.300286 -12.808244 6.719734
v -3.115482 15.650302 -3.477499
v -6.111232 14.741548 -3.477499
v -8.872124 13.265820 -3.477499
v -11.292075 11.279817 -3.477499
v -13.278074 8.859871 -3.477500
v -14.753805 6.098970 -3.477500
v -15.662556 3.103225 -3.477500
v -15.969403 -0.012255 -3.477500
v -15.662556 -3.127729 -3.477500
v -14.753804 -6.123480 -3.477500
v -13.278075 -8.884374 -3.477500
v -11.292072 -11.304326 -3.477499
v -8.872126 -13.290325 -3.477499
v -6.111230 -14.766054 -3.477499
v -1.088804 11.054764 6.055541
v -1.085544 11.021668 6.879135
v -0.000002 11.108253 6.055541
v -0.000002 11.074998 6.879135
v -2.167118 10.894812 6.055541
v -2.160630 10.862195 6.879135
v -3.224561 10.629934 6.055541
v -3.214908 10.598111 6.879135
v -4.250950 10.262687 6.055541
v -4.238224 10.231962 6.879135
v -5.236401 9.796602 6.055541
v -5.220724 9.767274 6.879135
v -6.171422 9.236173 6.055541
v -6.152946 9.208522 6.879134
v -7.047009 8.586792 6.055541
v -7.025911 8.561086 6.879134
v -7.854725 7.854722 6.055541
v -7.831210 7.831206 6.879134
v -1.032613 10.484258 6.879135
v -0.000002 10.534986 6.879135
v -2.055279 10.332560 6.879135
v -3.058150 10.081353 6.879135
v -4.031570 9.733057 6.879135
v -4.966164 9.291026 6.879134
v -5.852931 8.759519 6.879134
v -6.683331 8.143651 6.879134
v -7.449364 7.449359 6.879134
v -0.886604 10.247680 6.440670
v -0.000002 10.299155 6.445808
v -2.833767 9.893652 6.422141
v -1.540396 10.172193 6.422141
v -3.942971 9.519161 6.422141
v -4.857027 9.086843 6.422141
v -5.724305 8.567018 6.422141
v -6.536457 7.964684 6.422140
v -7.285655 7.285651 6.422140
v -0.000002 10.299155 6.445808
v -0.483678 8.421171 6.260817
v -0.000002 8.317542 6.250475
v -0.886604 10.247680 6.440670
v -1.081740 9.085127 6.327077
v -0.844036 8.681467 6.286794
v -1.224638 10.206757 6.436587
v -1.196807 9.623878 6.378417
v -1.224638 10.206757 6.436587
v -0.518554 8.186859 5.959302
v -0.904896 8.447155 5.985279
v -1.309427 9.365256 6.076902
v -1.159740 8.850815 6.025563
v -1.465009 10.093962 5.898231
v -0.000002 8.083230 5.948960
v -0.740544 7.217953 5.658317
v -1.493921 9.113476 5.576143
v -1.323111 8.255527 5.643570
v -1.560392 9.979568 5.507609
v -0.000002 6.589703 5.679142
v -1.024332 6.853859 5.108271
v -1.459791 8.828139 4.508719
v -1.021448 6.820386 4.283448
v -1.560392 9.534068 4.495441
v -0.591112 6.263192 5.329675
v -0.000002 5.685347 5.417155
v -0.791142 5.236155 4.847049
v -0.425381 5.007254 5.111390
v -0.000002 4.654301 5.232772
v -0.839077 5.223911 4.255065
v -0.783280 3.757455 4.827898
v -0.402891 3.577838 5.074037
v -0.839078 3.750286 4.255065
v -0.531515 3.186630 5.115364
v -0.911904 3.366247 4.869225
v -0.942777 3.359077 4.255067
v -0.531515 3.186630 5.115364
v -1.285948 2.945269 5.054819
v -0.868505 2.818503 5.225212
v -0.911904 3.366247 4.869225
v -1.430614 3.124158 4.869225
v -0.942777 3.359077 4.255067
v -1.461515 3.131203 4.255065
v -1.643222 2.444950 5.199530
v -1.843909 2.614693 5.054819
v -1.988575 2.793581 4.869225
v -2.019476 2.800627 4.255065
v -2.077185 2.077181 5.199129
v -2.253092 2.253088 5.054819
v -2.415926 2.415922 4.869225
v -2.434162 2.434159 4.255065
v -1.465009 10.093962 5.898231
v -3.919313 9.460073 5.780956
v -2.816765 9.832316 5.780956
v -4.827885 9.030349 5.780956
v -5.689960 8.513641 5.780956
v -6.497239 7.914921 5.780956
v -7.240904 7.240901 5.780956
v -2.678465 9.333404 4.504562
v -1.560392 9.979568 5.507609
v -1.560392 9.534068 4.495441
v -3.726880 8.979435 4.504562
v -4.590841 8.570810 4.504562
v -5.410590 8.079474 4.504562
v -6.178232 7.510150 4.504562
v -6.876910 6.876906 4.504561
v -1.616154 9.962488 -0.594447
v -2.778950 9.753798 -0.584960
v -3.869302 9.385671 -0.584960
v -4.767821 8.960701 -0.584960
v -5.620360 8.449711 -0.584960
v -6.418708 7.857615 -0.584960
v -7.170026 7.170024 -0.584961
v -2.724904 9.532214 -5.601809
v -1.585819 9.736650 -5.611096
v -3.793022 9.171595 -5.601809
v -4.673220 8.755290 -5.601810
v -5.508374 8.254719 -5.601810
v -6.290443 7.674698 -5.601810
v -7.020350 7.020348 -5.619921
v -0.000002 10.089208 -0.594447
v -0.000002 9.660788 4.495440
v -0.000002 9.863080 -5.611096
v -0.000002 9.660788 4.495440
v -1.459791 8.828139 4.508719
v -1.560392 9.534068 4.495441
v -0.000002 8.906770 4.508719
v -1.021448 6.820386 4.283448
v -0.000002 6.938822 4.284156
v -0.000002 5.300984 4.255064
v -0.839077 5.223911 4.255065
v -0.000002 3.824430 4.255064
v -0.839078 3.750286 4.255065
v -0.000002 3.435044 4.255068
v -0.942777 3.359077 4.255067
v -1.705587 10.452434 -6.906367
v -2.924893 10.233600 -6.896422
v -4.068235 9.847582 -6.896422
v -5.010422 9.401960 -6.896422
v -5.904394 8.866136 -6.896422
v -6.741540 8.245263 -6.896423
v -7.526010 7.526008 -6.896423
v -1.775909 10.897593 -6.906705
v -3.042402 10.646039 -6.896375
v -4.229991 10.245083 -6.896373
v -5.208641 9.782215 -6.896373
v -6.137209 9.225655 -6.896373
v -7.006753 8.580754 -6.896374
v -0.000002 11.050250 -6.906705
v -0.000002 10.584325 -6.906370
v -7.827785 7.827784 -6.896374
v -1.775909 10.897593 -6.385938
v -3.042402 10.646040 -6.375607
v -4.229991 10.245084 -6.375606
v -5.208641 9.782216 -6.375605
v -6.137209 9.225656 -6.375605
v -7.006753 8.580755 -6.375606
v 0.002036 11.049721 -6.385936
v -7.824554 7.830258 -6.375606
v -1.643222 2.444950 5.199530
v -1.538727 2.362744 5.666228
v -0.868505 2.818503 5.225212
v -0.830998 2.697268 5.666217
v -2.077185 2.077181 5.199129
v -1.992147 1.992143 5.665461
v -0.737845 2.396233 5.919275
v -1.366504 2.099083 5.919285
v -1.769816 1.769437 5.918602
v -0.000002 3.386806 5.216202
v -0.000002 2.951099 5.222848
v -0.000002 2.944457 5.225132
v -0.000002 2.951099 5.222848
v -0.000002 2.944457 5.225132
v -0.000002 2.821238 5.666205
v -0.004013 2.507665 5.919265
v 1.088800 11.054764 6.055541
v -0.000002 11.108253 6.055541
v 1.085540 11.021668 6.879135
v -0.000002 11.074998 6.879135
v 2.167114 10.894812 6.055541
v 2.160626 10.862195 6.879135
v 3.224558 10.629934 6.055541
v 3.214904 10.598111 6.879135
v 4.250947 10.262687 6.055541
v 4.238220 10.231962 6.879135
v 5.236397 9.796602 6.055541
v 5.220720 9.767274 6.879135
v 6.171418 9.236173 6.055541
v 6.152942 9.208522 6.879134
v 7.047005 8.586792 6.055541
v 7.025908 8.561086 6.879134
v 7.854722 7.854722 6.055541
v 7.831206 7.831206 6.879134
v 1.032610 10.484258 6.879135
v -0.000002 10.534986 6.879135
v 2.055275 10.332560 6.879135
v 3.058146 10.081353 6.879135
v 4.031566 9.733057 6.879135
v 4.966160 9.291026 6.879134
v 5.852927 8.759519 6.879134
v 6.683327 8.143651 6.879134
v 7.449359 7.449358 6.879134
v -0.000002 10.299155 6.445808
v 0.886601 10.247680 6.440670
v 1.540392 10.172193 6.422141
v 2.833764 9.893652 6.422141
v 3.942967 9.519161 6.422141
v 4.857023 9.086843 6.422141
v 5.724301 8.567018 6.422141
v 6.536453 7.964684 6.422140
v 7.285651 7.285650 6.422140
v 0.483674 8.421171 6.260817
v 0.886601 10.247680 6.440670
v 0.844032 8.681467 6.286794
v 1.081737 9.085127 6.327077
v 1.224634 10.206757 6.436587
v 1.224634 10.206757 6.436587
v 1.196803 9.623878 6.378417
v 0.518550 8.186859 5.959302
v 0.904892 8.447155 5.985279
v 1.309423 9.365256 6.076902
v 1.159737 8.850815 6.025563
v 1.465006 10.093962 5.898231
v 0.740540 7.217953 5.658317
v 1.323107 8.255527 5.643570
v 1.493917 9.113476 5.576143
v 1.560388 9.979568 5.507609
v 1.024328 6.853859 5.108271
v 1.459788 8.828139 4.508719
v 1.021445 6.820386 4.283448
v 1.560388 9.534068 4.495441
v 0.591109 6.263192 5.329675
v 0.791138 5.236155 4.847049
v 0.425377 5.007254 5.111390
v 0.839074 5.223911 4.255065
v 0.783276 3.757455 4.827898
v 0.402887 3.577838 5.074037
v 0.839075 3.750286 4.255065
v 0.531512 3.186630 5.115364
v 0.911901 3.366247 4.869225
v 0.942773 3.359077 4.255067
v 0.531512 3.186630 5.115364
v 0.868502 2.818503 5.225212
v 1.285945 2.945269 5.054819
v 0.911901 3.366247 4.869225
v 1.430611 3.124158 4.869225
v 0.942773 3.359077 4.255067
v 1.461512 3.131203 4.255065
v 1.643219 2.444950 5.199530
v 1.843905 2.614693 5.054819
v 1.988571 2.793581 4.869225
v 2.019472 2.800627 4.255065
v 2.253088 2.253088 5.054819
v 2.077181 2.077181 5.199129
v 2.415922 2.415922 4.869225
v 2.434158 2.434158 4.255065
v 1.465006 10.093962 5.898231
v 3.919310 9.460073 5.780956
v 2.816761 9.832316 5.780956
v 4.827881 9.030349 5.780956
v 5.689956 8.513641 5.780956
v 6.497235 7.914921 5.780956
v 7.240901 7.240900 5.780956
v 1.560388 9.979568 5.507609
v 2.678461 9.333404 4.504562
v 1.560388 9.534068 4.495441
v 3.726876 8.979435 4.504562
v 4.590837 8.570810 4.504562
v 5.410586 8.079474 4.504562
v 6.178228 7.510150 4.504562
v 6.876906 6.876906 4.504561
v 1.616151 9.962488 -0.594447
v 2.778946 9.753798 -0.584960
v 3.869298 9.385671 -0.584960
v 4.767817 8.960701 -0.584960
v 5.620356 8.449711 -0.584960
v 6.418704 7.857615 -0.584960
v 7.170022 7.170024 -0.584961
v 2.724900 9.532214 -5.601809
v 1.585816 9.736650 -5.611096
v 3.793018 9.171595 -5.601809
v 4.673216 8.755290 -5.601810
v 5.508370 8.254719 -5.601810
v 6.290439 7.674698 -5.601810
v 7.020346 7.020347 -5.619919
v -0.000002 9.660788 4.495440
v -0.000002 10.089208 -0.594447
v -0.000002 9.863080 -5.611096
v 1.459788 8.828139 4.508719
v 1.560388 9.534068 4.495441
v 1.021445 6.820386 4.283448
v 0.839074 5.223911 4.255065
v 0.839075 3.750286 4.255065
v 0.942773 3.359077 4.255067
v 1.705584 10.452434 -6.906367
v 2.924889 10.233600 -6.896422
v 4.068232 9.847582 -6.896422
v 5.010418 9.401960 -6.896422
v 5.904390 8.866136 -6.896422
v 6.741537 8.245263 -6.896423
v 7.526006 7.526008 -6.896423
v 1.775905 10.897593 -6.906705
v 3.042398 10.646039 -6.896375
v 4.229988 10.245083 -6.896373
v 5.208637 9.782215 -6.896373
v 6.137205 9.225655 -6.896373
v 7.006750 8.580754 -6.896374
v -0.000002 10.584325 -6.906370
v -0.000002 11.050250 -6.906705
v 7.827529 7.827531 -6.896374
v 1.775905 10.897593 -6.385938
v 3.042398 10.646040 -6.375607
v 4.229988 10.245084 -6.375606
v 5.208637 9.782216 -6.375605
v 6.137205 9.225656 -6.375605
v 7.006750 8.580755 -6.375606
v 0.002036 11.049721 -6.385936
v 7.827529 7.827531 -6.375606
v 1.643219 2.444950 5.199530
v 0.868502 2.818503 5.225212
v 1.538723 2.362744 5.666228
v 0.830994 2.697268 5.666217
v 2.077181 2.077181 5.199129
v 1.992143 1.992143 5.665461
v 0.771396 2.387612 5.919277
v 1.382827 2.092867 5.919285
v 1.773108 1.773107 5.918946
v -11.021673 1.085541 6.879133
v -11.054769 1.088801 6.055539
v -11.108258 -0.000001 6.055539
v -11.075003 -0.000001 6.879133
v -10.862200 2.160627 6.879133
v -10.894816 2.167115 6.055540
v -10.598115 3.214905 6.879133
v -10.629938 3.224559 6.055540
v -10.231966 4.238221 6.879134
v -10.262691 4.250947 6.055540
v -9.767279 5.220721 6.879134
v -9.796607 5.236398 6.055540
v -9.208525 6.152942 6.879134
v -9.236176 6.171419 6.055540
v -8.561090 7.025908 6.879134
v -8.586796 7.047006 6.055541
v -10.534991 -0.000001 6.879133
v -10.484262 1.032611 6.879133
v -10.332564 2.055275 6.879133
v -10.081358 3.058147 6.879133
v -9.733061 4.031566 6.879134
v -9.291030 4.966161 6.879134
v -8.759522 5.852928 6.879134
v -8.143654 6.683328 6.879134
v -10.247684 0.886602 6.440669
v -10.299160 -0.000002 6.445807
v -9.893656 2.833764 6.422139
v -10.172196 1.540393 6.422139
v -9.519165 3.942968 6.422140
v -9.086847 4.857024 6.422140
v -8.567021 5.724302 6.422140
v -7.964688 6.536454 6.422140
v -10.299160 -0.000002 6.445807
v -8.317546 -0.000002 6.250473
v -8.421175 0.483674 6.260815
v -10.247684 0.886602 6.440669
v -8.681471 0.844033 6.286792
v -9.085131 1.081737 6.327076
v -10.206760 1.224634 6.436585
v -9.623882 1.196804 6.378416
v -10.206760 1.224634 6.436585
v -8.186863 0.518550 5.959301
v -8.447160 0.904893 5.985278
v -8.850819 1.159738 6.025562
v -9.365261 1.309424 6.076901
v -10.093966 1.465007 5.898229
v -8.083234 -0.000001 5.948959
v -7.217957 0.740540 5.658316
v -8.255531 1.323108 5.643569
v -9.113480 1.493918 5.576142
v -9.979572 1.560389 5.507607
v -6.589707 -0.000002 5.679141
v -6.853864 1.024329 5.108270
v -8.828143 1.459788 4.508718
v -6.820391 1.021445 4.283447
v -9.534073 1.560390 4.495440
v -6.263196 0.591109 5.329674
v -5.685350 -0.000001 5.417154
v -5.236159 0.791139 4.847048
v -5.007258 0.425378 5.111389
v -4.654305 -0.000002 5.232771
v -5.223915 0.839074 4.255064
v -3.757459 0.783276 4.827897
v -3.577842 0.402888 5.074036
v -3.750290 0.839075 4.255064
v -3.366251 0.911901 4.869225
v -3.186635 0.531512 5.115364
v -3.359081 0.942774 4.255066
v -3.186635 0.531512 5.115364
v -2.818507 0.868502 5.225212
v -2.945273 1.285945 5.054819
v -3.366251 0.911901 4.869225
v -3.124162 1.430611 4.869225
v -3.359081 0.942774 4.255066
v -3.131207 1.461512 4.255065
v -2.444954 1.643219 5.199530
v -2.614697 1.843906 5.054819
v -2.793586 1.988571 4.869225
v -2.800631 2.019473 4.255065
v -10.093966 1.465007 5.898229
v -9.460077 3.919310 5.780955
v -9.832321 2.816762 5.780955
v -9.030353 4.827882 5.780955
v -8.513645 5.689956 5.780956
v -7.914925 6.497236 5.780956
v -9.333408 2.678462 4.504561
v -9.979572 1.560389 5.507607
v -9.534073 1.560390 4.495440
v -8.979439 3.726877 4.504561
v -8.570814 4.590838 4.504561
v -8.079477 5.410586 4.504561
v -7.510154 6.178229 4.504561
v -9.962492 1.616153 -0.594448
v -9.753800 2.778947 -0.584961
v -9.385674 3.869300 -0.584961
v -8.960704 4.767819 -0.584961
v -8.449713 5.620358 -0.584961
v -7.857618 6.418706 -0.584961
v -9.532216 2.724903 -5.601810
v -9.736652 1.585818 -5.611098
v -9.171597 3.793021 -5.601810
v -8.755292 4.673218 -5.601810
v -8.254721 5.508373 -5.601810
v -7.674701 6.290442 -5.601810
v -9.660791 -0.000001 4.495439
v -10.089211 -0.000001 -0.594448
v -9.882755 0.000001 -5.646388
v -8.828143 1.459788 4.508718
v -9.660791 -0.000001 4.495439
v -9.534073 1.560390 4.495440
v -8.906774 -0.000001 4.508718
v -6.820391 1.021445 4.283447
v -6.938826 -0.000001 4.284154
v -5.300988 -0.000002 4.255064
v -5.223915 0.839074 4.255064
v -3.750290 0.839075 4.255064
v -3.824434 -0.000001 4.255064
v -3.359081 0.942774 4.255066
v -3.435048 -0.000002 4.255067
v -10.452436 1.705586 -6.906369
v -10.233602 2.924892 -6.896424
v -9.847584 4.068234 -6.896423
v -9.401962 5.010421 -6.896423
v -8.866138 5.904393 -6.896423
v -8.245264 6.741539 -6.896423
v -10.897594 1.775908 -6.906707
v -10.646041 3.042400 -6.896376
v -10.245085 4.229990 -6.896374
v -9.782217 5.208640 -6.896374
v -9.225657 6.137208 -6.896374
v -8.580756 7.006753 -6.896374
v -10.584327 0.000001 -6.906372
v -11.050253 0.000001 -6.906707
v -10.897594 1.775907 -6.385940
v -10.646042 3.042401 -6.375608
v -10.245086 4.229990 -6.375607
v -9.782218 5.208640 -6.375606
v -9.225657 6.137208 -6.375606
v -8.580757 7.006752 -6.375606
v -11.049723 -0.002036 -6.385938
v -2.362748 1.538723 5.666228
v -2.444954 1.643219 5.199530
v -2.818507 0.868502 5.225212
v -2.697272 0.830994 5.666216
v -2.097643 1.364988 5.919284
v -2.391890 0.736336 5.919274
v -3.386810 -0.000002 5.216201
v -2.951103 -0.000002 5.222847
v -2.944461 -0.000002 5.225132
v -2.944461 -0.000002 5.225132
v -2.821242 -0.000002 5.666205
v -2.500724 -0.003206 5.919264
v -11.021672 -1.085543 6.879133
v -11.054768 -1.088803 6.055539
v -10.862200 -2.160629 6.879133
v -10.894816 -2.167117 6.055539
v -10.598116 -3.214907 6.879132
v -10.629939 -3.224560 6.055539
v -10.231967 -4.238224 6.879132
v -10.262691 -4.250949 6.055539
v -9.767279 -5.220725 6.879132
v -9.796607 -5.236401 6.055538
v -9.208527 -6.152946 6.879132
v -9.236177 -6.171422 6.055538
v -8.561090 -7.025911 6.879132
v -8.586797 -7.047008 6.055538
v -7.831210 -7.831211 6.879132
v -7.854725 -7.854725 6.055538
v -10.484262 -1.032613 6.879133
v -10.332564 -2.055278 6.879133
v -10.081358 -3.058150 6.879132
v -9.733061 -4.031570 6.879132
v -9.291031 -4.966164 6.879132
v -8.759523 -5.852931 6.879132
v -8.143656 -6.683331 6.879132
v -7.449364 -7.449364 6.879132
v -10.247684 -0.886603 6.440669
v -9.893656 -2.833767 6.422138
v -10.172197 -1.540395 6.422139
v -9.519166 -3.942971 6.422138
v -9.086848 -4.857027 6.422138
v -8.567022 -5.724306 6.422138
v -7.964689 -6.536457 6.422138
v -7.285655 -7.285655 6.422138
v -8.421175 -0.483678 6.260815
v -10.247684 -0.886603 6.440669
v -9.085132 -1.081740 6.327075
v -8.681471 -0.844035 6.286792
v -10.206761 -1.224637 6.436585
v -10.206761 -1.224637 6.436585
v -9.623882 -1.196807 6.378415
v -8.186863 -0.518553 5.959301
v -8.447160 -0.904895 5.985278
v -9.365261 -1.309427 6.076901
v -8.850819 -1.159740 6.025561
v -10.093966 -1.465008 5.898229
v -7.217957 -0.740544 5.658315
v -9.113480 -1.493920 5.576141
v -8.255531 -1.323110 5.643569
v -9.979573 -1.560392 5.507607
v -8.828144 -1.459791 4.508718
v -6.853864 -1.024332 5.108269
v -6.820391 -1.021448 4.283446
v -9.534073 -1.560391 4.495439
v -6.263196 -0.591112 5.329674
v -5.236159 -0.791141 4.847048
v -5.007258 -0.425381 5.111389
v -5.223916 -0.839077 4.255064
v -3.757459 -0.783279 4.827897
v -3.577842 -0.402891 5.074036
v -3.750290 -0.839078 4.255064
v -3.366251 -0.911904 4.869225
v -3.186635 -0.531515 5.115363
v -3.359081 -0.942777 4.255066
v -3.186635 -0.531515 5.115363
v -2.945274 -1.285948 5.054818
v -2.818508 -0.868505 5.225212
v -3.366251 -0.911904 4.869225
v -3.124162 -1.430614 4.869225
v -3.359081 -0.942777 4.255066
v -3.131208 -1.461515 4.255064
v -2.444954 -1.643223 5.199530
v -2.614697 -1.843909 5.054818
v -2.793586 -1.988575 4.869224
v -2.800631 -2.019476 4.255064
v -2.077185 -2.077185 5.199129
v -2.253092 -2.253092 5.054818
v -2.415926 -2.415926 4.869224
v -2.434162 -2.434162 4.255064
v -10.093966 -1.465008 5.898229
v -9.832321 -2.816765 5.780954
v -9.460077 -3.919313 5.780954
v -9.030354 -4.827885 5.780954
v -8.513646 -5.689960 5.780953
v -7.914927 -6.497239 5.780953
v -7.240905 -7.240905 5.780953
v -9.534073 -1.560391 4.495439
v -9.979573 -1.560392 5.507607
v -9.333407 -2.678464 4.504560
v -8.979439 -3.726879 4.504560
v -8.570815 -4.590841 4.504560
v -8.079478 -5.410589 4.504560
v -7.510155 -6.178232 4.504560
v -6.876910 -6.876910 4.504559
v -9.962492 -1.616152 -0.594449
v -9.753801 -2.778949 -0.584962
v -9.385675 -3.869300 -0.584962
v -8.960705 -4.767820 -0.584963
v -8.449715 -5.620358 -0.584963
v -7.857618 -6.418706 -0.584963
v -7.170027 -7.170025 -0.584963
v -9.532216 -2.724902 -5.601810
v -9.736652 -1.585817 -5.611098
v -9.171597 -3.793020 -5.601811
v -8.755293 -4.673217 -5.601811
v -8.254722 -5.508373 -5.601811
v -7.674702 -6.290442 -5.601811
v -7.020341 -7.020340 -5.619901
v -8.828144 -1.459791 4.508718
v -9.534073 -1.560391 4.495439
v -6.820391 -1.021448 4.283446
v -5.223916 -0.839077 4.255064
v -3.750290 -0.839078 4.255064
v -3.359081 -0.942777 4.255066
v -10.452436 -1.705584 -6.906369
v -10.233603 -2.924891 -6.896424
v -9.847585 -4.068233 -6.896425
v -9.401963 -5.010420 -6.896425
v -8.866138 -5.904391 -6.896425
v -8.245266 -6.741538 -6.896425
v -7.526010 -7.526008 -6.896425
v -10.897594 -1.775906 -6.906707
v -10.646042 -3.042399 -6.896378
v -10.245086 -4.229989 -6.896376
v -9.782218 -5.208638 -6.896376
v -9.225657 -6.137207 -6.896376
v -8.580758 -7.006752 -6.896376
v -7.827534 -7.827532 -6.896376
v -10.897594 -1.775906 -6.385940
v -10.646043 -3.042399 -6.375610
v -10.245086 -4.229989 -6.375608
v -9.782219 -5.208638 -6.375607
v -9.225658 -6.137206 -6.375607
v -8.580758 -7.006751 -6.375607
v -7.833920 -7.821082 -6.375607
v -2.697273 -0.830998 5.666216
v -2.818508 -0.868505 5.225212
v -2.362749 -1.538727 5.666227
v -2.444954 -1.643223 5.199530
v -1.992147 -1.992147 5.665460
v -2.077185 -2.077185 5.199129
v -2.379231 -0.768692 5.919275
v -2.084810 -1.377538 5.919283
v -1.766161 -1.766162 5.918943
v -2.951103 -0.000002 5.222847
v 11.021667 -1.085544 6.879133
v 11.108253 -0.000002 6.055539
v 11.074998 -0.000002 6.879133
v 11.054763 -1.088804 6.055539
v 10.862195 -2.160630 6.879133
v 10.894812 -2.167117 6.055539
v 10.598110 -3.214909 6.879132
v 10.629933 -3.224562 6.055539
v 10.231962 -4.238225 6.879132
v 10.262687 -4.250950 6.055539
v 9.767274 -5.220725 6.879132
v 9.796602 -5.236401 6.055538
v 9.208522 -6.152946 6.879132
v 9.236173 -6.171422 6.055538
v 8.561086 -7.025912 6.879132
v 8.586792 -7.047009 6.055538
v 7.831206 -7.831211 6.879132
v 7.854722 -7.854725 6.055538
v 10.534986 -0.000002 6.879133
v 10.484257 -1.032614 6.879133
v 10.332560 -2.055279 6.879133
v 10.081353 -3.058151 6.879132
v 9.733057 -4.031570 6.879132
v 9.291026 -4.966164 6.879132
v 8.759519 -5.852931 6.879132
v 8.143650 -6.683331 6.879132
v 7.449360 -7.449364 6.879132
v 10.247679 -0.886605 6.440669
v 10.299155 -0.000002 6.445807
v 10.172192 -1.540396 6.422139
v 9.893652 -2.833768 6.422138
v 9.519161 -3.942972 6.422138
v 9.086843 -4.857028 6.422138
v 8.567018 -5.724306 6.422138
v 7.964684 -6.536457 6.422138
v 7.285651 -7.285655 6.422138
v 10.299155 -0.000002 6.445807
v 8.317542 -0.000002 6.250473
v 8.421171 -0.483678 6.260815
v 10.247679 -0.886605 6.440669
v 8.681466 -0.844036 6.286792
v 9.085127 -1.081741 6.327075
v 10.206756 -1.224637 6.436585
v 9.623878 -1.196807 6.378415
v 10.206756 -1.224637 6.436585
v 8.186859 -0.518554 5.959301
v 8.447155 -0.904896 5.985278
v 9.365256 -1.309427 6.076901
v 8.850815 -1.159740 6.025561
v 10.093962 -1.465009 5.898229
v 8.083229 -0.000002 5.948959
v 7.217954 -0.740544 5.658315
v 9.113476 -1.493921 5.576141
v 8.255527 -1.323111 5.643569
v 9.979568 -1.560392 5.507607
v 6.589704 -0.000002 5.679141
v 8.828139 -1.459791 4.508718
v 6.853859 -1.024332 5.108269
v 6.820386 -1.021448 4.283446
v 9.534067 -1.560392 4.495439
v 6.263192 -0.591113 5.329674
v 5.685346 -0.000002 5.417154
v 5.007254 -0.425381 5.111389
v 5.236155 -0.791142 4.847048
v 4.654301 -0.000002 5.232771
v 5.223911 -0.839077 4.255064
v 3.577838 -0.402891 5.074036
v 3.757454 -0.783280 4.827897
v 3.750286 -0.839078 4.255064
v 3.366247 -0.911904 4.869225
v 3.186631 -0.531515 5.115363
v 3.359077 -0.942777 4.255066
v 3.186631 -0.531515 5.115363
v 2.818503 -0.868505 5.225212
v 2.945269 -1.285949 5.054818
v 3.366247 -0.911904 4.869225
v 3.124158 -1.430614 4.869225
v 3.359077 -0.942777 4.255066
v 3.131203 -1.461515 4.255064
v 2.444950 -1.643222 5.199530
v 2.614693 -1.843909 5.054818
v 2.793582 -1.988575 4.869224
v 2.800627 -2.019476 4.255064
v 2.077181 -2.077185 5.199129
v 2.253088 -2.253092 5.054818
v 2.415922 -2.415926 4.869224
v 2.434158 -2.434162 4.255064
v 10.093962 -1.465009 5.898229
v 9.832316 -2.816765 5.780954
v 9.460073 -3.919313 5.780954
v 9.030349 -4.827886 5.780954
v 8.513641 -5.689960 5.780953
v 7.914921 -6.497239 5.780953
v 7.240901 -7.240904 5.780953
v 9.534067 -1.560392 4.495439
v 9.333404 -2.678464 4.504560
v 9.979568 -1.560392 5.507607
v 8.979435 -3.726880 4.504560
v 8.570810 -4.590841 4.504560
v 8.079473 -5.410590 4.504560
v 7.510150 -6.178232 4.504560
v 6.876906 -6.876909 4.504559
v 9.962486 -1.616153 -0.594449
v 9.753797 -2.778949 -0.584962
v 9.385670 -3.869300 -0.584962
v 8.960700 -4.767820 -0.584963
v 8.449710 -5.620359 -0.584963
v 7.857614 -6.418707 -0.584963
v 7.170022 -7.170025 -0.584963
v 9.736648 -1.585818 -5.611098
v 9.532211 -2.724902 -5.601810
v 9.171593 -3.793020 -5.601811
v 8.755287 -4.673217 -5.601811
v 8.254716 -5.508372 -5.601811
v 7.674696 -6.290441 -5.601811
v 7.020347 -7.020348 -5.619923
v 10.089207 -0.000001 -0.594448
v 9.660788 -0.000002 4.495439
v 9.863078 -0.000000 -5.611098
v 9.660788 -0.000002 4.495439
v 8.828139 -1.459791 4.508718
v 8.906770 -0.000002 4.508718
v 9.534067 -1.560392 4.495439
v 6.820386 -1.021448 4.283446
v 6.938822 -0.000002 4.284154
v 5.300984 -0.000002 4.255064
v 5.223911 -0.839077 4.255064
v 3.824430 -0.000002 4.255064
v 3.750286 -0.839078 4.255064
v 3.435044 -0.000002 4.255067
v 3.359077 -0.942777 4.255066
v 10.452431 -1.705585 -6.906369
v 10.233598 -2.924891 -6.896424
v 9.847580 -4.068233 -6.896425
v 9.401958 -5.010421 -6.896425
v 8.866133 -5.904392 -6.896425
v 8.245261 -6.741538 -6.896425
v 7.526006 -7.526007 -6.896425
v 10.897591 -1.775907 -6.906707
v 10.646037 -3.042400 -6.896378
v 10.245081 -4.229990 -6.896376
v 9.782213 -5.208639 -6.896376
v 9.225653 -6.137207 -6.896376
v 8.580752 -7.006752 -6.896376
v 11.050247 -0.000000 -6.906707
v 10.584322 -0.000000 -6.906372
v 7.827782 -7.827783 -6.896376
v 10.897591 -1.775907 -6.385940
v 10.646037 -3.042399 -6.375610
v 10.245082 -4.229989 -6.375608
v 9.782214 -5.208638 -6.375607
v 9.225653 -6.137207 -6.375607
v 8.580753 -7.006752 -6.375607
v 11.049718 0.002037 -6.385938
v 7.830256 -7.824552 -6.375607
v 2.697268 -0.830998 5.666216
v 2.362745 -1.538727 5.666227
v 2.818503 -0.868505 5.225212
v 2.444950 -1.643222 5.199530
v 1.992143 -1.992147 5.665460
v 2.077181 -2.077185 5.199129
v 2.396233 -0.737845 5.919274
v 2.099083 -1.366504 5.919284
v 1.769437 -1.769817 5.918602
v 3.386806 -0.000002 5.216201
v 2.951099 -0.000002 5.222847
v 2.944457 -0.000002 5.225132
v 2.944457 -0.000002 5.225132
v 2.821238 -0.000002 5.666205
v 2.507666 -0.004014 5.919264
v 11.021667 1.085539 6.879133
v 11.054763 1.088799 6.055539
v 10.862195 2.160625 6.879133
v 10.894812 2.167114 6.055540
v 10.598110 3.214904 6.879133
v 10.629933 3.224558 6.055540
v 10.231962 4.238220 6.879134
v 10.262687 4.250947 6.055540
v 9.767274 5.220720 6.879134
v 9.796602 5.236397 6.055540
v 9.208522 6.152941 6.879134
v 9.236173 6.171418 6.055540
v 8.561086 7.025907 6.879134
v 8.586792 7.047005 6.055541
v 10.484257 1.032610 6.879133
v 10.332560 2.055274 6.879133
v 10.081353 3.058146 6.879133
v 9.733057 4.031565 6.879134
v 9.291026 4.966159 6.879134
v 8.759519 5.852926 6.879134
v 8.143650 6.683326 6.879134
v 10.247679 0.886600 6.440669
v 9.893652 2.833763 6.422139
v 10.172192 1.540392 6.422139
v 9.519161 3.942967 6.422140
v 9.086843 4.857023 6.422140
v 8.567018 5.724301 6.422140
v 7.964684 6.536452 6.422140
v 8.421171 0.483674 6.260815
v 10.247679 0.886600 6.440669
v 9.085127 1.081737 6.327076
v 8.681466 0.844032 6.286792
v 10.206756 1.224633 6.436585
v 9.623878 1.196803 6.378416
v 10.206756 1.224633 6.436585
v 8.186859 0.518550 5.959301
v 8.447155 0.904892 5.985278
v 9.365256 1.309423 6.076901
v 8.850815 1.159736 6.025562
v 10.093962 1.465005 5.898229
v 7.217954 0.740540 5.658316
v 9.113476 1.493917 5.576142
v 8.255527 1.323107 5.643569
v 9.979568 1.560387 5.507607
v 8.828139 1.459788 4.508718
v 6.820386 1.021445 4.283447
v 6.853859 1.024328 5.108270
v 9.534067 1.560388 4.495440
v 6.263192 0.591109 5.329674
v 5.236155 0.791138 4.847048
v 5.007254 0.425377 5.111389
v 5.223911 0.839074 4.255064
v 3.757454 0.783276 4.827897
v 3.577838 0.402887 5.074036
v 3.750286 0.839075 4.255064
v 3.366247 0.911900 4.869225
v 3.186631 0.531511 5.115364
v 3.359077 0.942773 4.255066
v 3.186631 0.531511 5.115364
v 2.945269 1.285945 5.054819
v 2.818503 0.868501 5.225212
v 3.366247 0.911900 4.869225
v 3.124158 1.430610 4.869225
v 3.359077 0.942773 4.255066
v 3.131203 1.461511 4.255065
v 2.444950 1.643218 5.199530
v 2.614693 1.843905 5.054819
v 2.793582 1.988571 4.869225
v 2.800627 2.019472 4.255065
v 10.093962 1.465005 5.898229
v 9.460073 3.919309 5.780955
v 9.832316 2.816761 5.780955
v 9.030349 4.827881 5.780955
v 8.513641 5.689955 5.780956
v 7.914921 6.497234 5.780956
v 9.333404 2.678460 4.504561
v 9.979568 1.560387 5.507607
v 9.534067 1.560388 4.495440
v 8.979435 3.726876 4.504561
v 8.570810 4.590837 4.504561
v 8.079473 5.410586 4.504561
v 7.510150 6.178228 4.504561
v 9.962486 1.616151 -0.594448
v 9.753797 2.778947 -0.584961
v 9.385670 3.869298 -0.584961
v 8.960700 4.767818 -0.584961
v 8.449710 5.620357 -0.584961
v 7.857614 6.418705 -0.584961
v 9.532211 2.724902 -5.601810
v 9.736648 1.585817 -5.611098
v 9.171593 3.793020 -5.601810
v 8.755287 4.673216 -5.601810
v 8.254716 5.508371 -5.601810
v 7.674696 6.290440 -5.601810
v 8.828139 1.459788 4.508718
v 9.534067 1.560388 4.495440
v 6.820386 1.021445 4.283447
v 5.223911 0.839074 4.255064
v 3.750286 0.839075 4.255064
v 3.359077 0.942773 4.255066
v 10.452431 1.705585 -6.906369
v 10.233598 2.924891 -6.896424
v 9.847580 4.068233 -6.896423
v 9.401958 5.010421 -6.896423
v 8.866133 5.904392 -6.896423
v 8.245261 6.741538 -6.896423
v 10.897591 1.775907 -6.906707
v 10.646037 3.042400 -6.896376
v 10.245081 4.229990 -6.896374
v 9.782213 5.208639 -6.896374
v 9.225653 6.137207 -6.896374
v 8.580752 7.006752 -6.896374
v 10.897591 1.775907 -6.385940
v 10.646037 3.042399 -6.375608
v 10.245082 4.229989 -6.375607
v 9.782214 5.208638 -6.375606
v 9.225653 6.137207 -6.375606
v 8.580753 7.006752 -6.375606
v 2.362745 1.538723 5.666228
v 2.818503 0.868501 5.225212
v 2.444950 1.643218 5.199530
v 2.697268 0.830994 5.666216
v 2.387612 0.771396 5.919277
v 2.092867 1.382827 5.919285
v 2.951099 -0.000002 5.222847
v 1.085541 -11.021673 6.879131
v -0.000001 -11.075003 6.879131
v -0.000001 -11.108258 6.055537
v 1.088801 -11.054769 6.055537
v 2.160628 -10.862200 6.879131
v 2.167116 -10.894816 6.055537
v 3.214906 -10.598115 6.879131
v 3.224560 -10.629938 6.055537
v 4.238221 -10.231966 6.879131
v 4.250947 -10.262691 6.055538
v 5.220721 -9.767279 6.879131
v 5.236398 -9.796607 6.055538
v 6.152943 -9.208525 6.879131
v 6.171419 -9.236176 6.055538
v 7.025908 -8.561090 6.879131
v 7.047005 -8.586796 6.055538
v 1.032611 -10.484262 6.879131
v -0.000001 -10.534990 6.879131
v 2.055275 -10.332563 6.879131
v 3.058147 -10.081357 6.879131
v 4.031567 -9.733060 6.879131
v 4.966161 -9.291029 6.879131
v 5.852928 -8.759522 6.879131
v 6.683328 -8.143654 6.879131
v 0.886602 -10.247684 6.440667
v -0.000001 -10.299160 6.445805
v 2.833765 -9.893656 6.422137
v 1.540393 -10.172195 6.422137
v 3.942968 -9.519165 6.422137
v 4.857024 -9.086847 6.422137
v 5.724302 -8.567020 6.422137
v 6.536454 -7.964688 6.422138
v -0.000001 -10.299160 6.445805
v 0.483675 -8.421175 6.260813
v -0.000001 -8.317545 6.250472
v 0.886602 -10.247684 6.440667
v 1.081738 -9.085131 6.327075
v 0.844033 -8.681471 6.286790
v 1.224635 -10.206760 6.436584
v 1.196804 -9.623882 6.378414
v 1.224635 -10.206760 6.436584
v 0.518551 -8.186863 5.959299
v 0.904893 -8.447160 5.985276
v 1.159738 -8.850819 6.025560
v 1.309424 -9.365261 6.076900
v 1.465007 -10.093966 5.898227
v -0.000001 -8.083233 5.948957
v 0.740541 -7.217957 5.658314
v 1.323108 -8.255531 5.643567
v 1.493918 -9.113480 5.576140
v 1.560389 -9.979572 5.507606
v -0.000002 -6.589708 5.679140
v 1.024329 -6.853864 5.108269
v 1.459788 -8.828142 4.508717
v 1.021446 -6.820391 4.283445
v 1.560390 -9.534073 4.495438
v 0.591109 -6.263196 5.329673
v -0.000001 -5.685350 5.417153
v 0.425378 -5.007258 5.111388
v 0.791139 -5.236159 4.847047
v -0.000002 -4.654305 5.232771
v 0.839074 -5.223915 4.255064
v 0.402888 -3.577842 5.074035
v 0.783276 -3.757458 4.827897
v 0.839075 -3.750290 4.255064
v 0.911901 -3.366251 4.869224
v 0.531512 -3.186635 5.115363
v 0.942774 -3.359081 4.255066
v 0.531512 -3.186635 5.115363
v 1.285945 -2.945274 5.054818
v 0.868502 -2.818507 5.225211
v 0.911901 -3.366251 4.869224
v 1.430611 -3.124162 4.869224
v 0.942774 -3.359081 4.255066
v 1.461512 -3.131207 4.255064
v 1.643219 -2.444954 5.199530
v 1.843906 -2.614697 5.054818
v 1.988571 -2.793586 4.869224
v 2.019473 -2.800631 4.255064
v 1.465007 -10.093966 5.898227
v 3.919310 -9.460077 5.780953
v 2.816761 -9.832321 5.780953
v 4.827882 -9.030353 5.780953
v 5.689956 -8.513644 5.780953
v 6.497236 -7.914925 5.780953
v 2.678462 -9.333408 4.504559
v 1.560390 -9.534073 4.495438
v 1.560389 -9.979572 5.507606
v 3.726877 -8.979439 4.504559
v 4.590838 -8.570814 4.504559
v 5.410586 -8.079477 4.504560
v 6.178229 -7.510154 4.504559
v 1.616152 -9.962491 -0.594450
v 2.778946 -9.753798 -0.584963
v 3.869298 -9.385673 -0.584963
v 4.767818 -8.960702 -0.584963
v 5.620357 -8.449712 -0.584963
v 6.418705 -7.857617 -0.584963
v 1.585816 -9.736650 -5.611100
v 2.724901 -9.532213 -5.601812
v 3.793020 -9.171595 -5.601812
v 4.673217 -8.755289 -5.601811
v 5.508371 -8.254719 -5.601811
v 6.290440 -7.674699 -5.601811
v -0.000001 -10.089210 -0.594450
v -0.000001 -9.660791 4.495438
v -0.000001 -9.863081 -5.611100
v 1.459788 -8.828142 4.508717
v -0.000001 -9.660791 4.495438
v -0.000001 -8.906773 4.508717
v 1.560390 -9.534073 4.495438
v 1.021446 -6.820391 4.283445
v -0.000001 -6.938826 4.284153
v -0.000002 -5.300988 4.255063
v 0.839074 -5.223915 4.255064
v -0.000001 -3.824434 4.255063
v 0.839075 -3.750290 4.255064
v -0.000001 -3.435048 4.255067
v 0.942774 -3.359081 4.255066
v 1.705585 -10.452435 -6.906371
v 2.924890 -10.233599 -6.896426
v 4.068233 -9.847581 -6.896426
v 5.010419 -9.401960 -6.896426
v 5.904391 -8.866135 -6.896426
v 6.741537 -8.245262 -6.896425
v 1.775906 -10.897592 -6.906709
v 3.042398 -10.646039 -6.896379
v 4.229988 -10.245083 -6.896377
v 5.208638 -9.782214 -6.896377
v 6.137206 -9.225654 -6.896377
v 7.006751 -8.580753 -6.896376
v -0.000001 -10.584325 -6.906374
v -0.000001 -11.050251 -6.906709
v 1.775906 -10.897592 -6.385942
v 3.042399 -10.646040 -6.375611
v 4.229989 -10.245083 -6.375609
v 5.208638 -9.782215 -6.375608
v 6.137206 -9.225655 -6.375608
v 7.006750 -8.580754 -6.375607
v -0.002038 -11.049721 -6.385940
v 1.538723 -2.362748 5.666227
v 0.830995 -2.697273 5.666216
v 0.868502 -2.818507 5.225211
v 1.643219 -2.444954 5.199530
v 1.364988 -2.097644 5.919284
v 0.736337 -2.391890 5.919273
v -0.000002 -3.386811 5.216200
v -0.000001 -2.951103 5.222847
v -0.000001 -2.944461 5.225132
v -0.000001 -2.951103 5.222847
v -0.000001 -2.944461 5.225132
v -0.000002 -2.821242 5.666204
v -0.003206 -2.500725 5.919264
v -1.085543 -11.021671 6.879131
v -0.000001 -11.108258 6.055537
v -0.000001 -11.075003 6.879131
v -1.088802 -11.054767 6.055537
v -2.160629 -10.862200 6.879131
v -2.167117 -10.894816 6.055537
v -3.214906 -10.598115 6.879131
v -3.224560 -10.629938 6.055537
v -4.238223 -10.231966 6.879131
v -4.250949 -10.262691 6.055538
v -5.220724 -9.767279 6.879131
v -5.236401 -9.796607 6.055538
v -6.152945 -9.208527 6.879131
v -6.171421 -9.236177 6.055538
v -7.025910 -8.561090 6.879131
v -7.047008 -8.586797 6.055538
v -0.000001 -10.534990 6.879131
v -1.032612 -10.484262 6.879131
v -2.055278 -10.332564 6.879131
v -3.058150 -10.081358 6.879131
v -4.031569 -9.733061 6.879131
v -4.966164 -9.291030 6.879131
v -5.852931 -8.759523 6.879131
v -6.683330 -8.143656 6.879131
v -0.886603 -10.247684 6.440667
v -0.000001 -10.299160 6.445805
v -1.540395 -10.172197 6.422137
v -2.833767 -9.893656 6.422137
v -3.942971 -9.519165 6.422137
v -4.857026 -9.086847 6.422137
v -5.724305 -8.567021 6.422137
v -6.536456 -7.964690 6.422138
v -0.483677 -8.421175 6.260813
v -0.886603 -10.247684 6.440667
v -0.844036 -8.681471 6.286790
v -1.081740 -9.085131 6.327075
v -1.224637 -10.206760 6.436584
v -1.196806 -9.623882 6.378414
v -1.224637 -10.206760 6.436584
v -0.518553 -8.186863 5.959299
v -0.904895 -8.447159 5.985276
v -1.159740 -8.850819 6.025560
v -1.309426 -9.365261 6.076900
v -1.465008 -10.093966 5.898227
v -0.740543 -7.217958 5.658314
v -1.323110 -8.255531 5.643567
v -1.493920 -9.113480 5.576140
v -1.560391 -9.979573 5.507606
v -1.021448 -6.820390 4.283445
v -1.459790 -8.828144 4.508717
v -1.024331 -6.853864 5.108269
v -1.560391 -9.534073 4.495438
v -0.591112 -6.263196 5.329673
v -0.791141 -5.236159 4.847047
v -0.425381 -5.007258 5.111388
v -0.839077 -5.223916 4.255064
v -0.783279 -3.757459 4.827897
v -0.402891 -3.577842 5.074035
v -0.839078 -3.750290 4.255064
v -0.911904 -3.366251 4.869224
v -0.531515 -3.186635 5.115363
v -0.942777 -3.359081 4.255066
v -0.531515 -3.186635 5.115363
v -0.868505 -2.818508 5.225211
v -1.285948 -2.945274 5.054818
v -0.911904 -3.366251 4.869224
v -1.430614 -3.124162 4.869224
v -0.942777 -3.359081 4.255066
v -1.461515 -3.131207 4.255064
v -1.643222 -2.444954 5.199530
v -1.843909 -2.614697 5.054818
v -1.988575 -2.793586 4.869224
v -2.019476 -2.800631 4.255064
v -1.465008 -10.093966 5.898227
v -3.919313 -9.460077 5.780953
v -2.816764 -9.832321 5.780953
v -4.827885 -9.030354 5.780953
v -5.689959 -8.513646 5.780953
v -6.497238 -7.914927 5.780953
v -2.678464 -9.333407 4.504559
v -1.560391 -9.979573 5.507606
v -1.560391 -9.534073 4.495438
v -3.726879 -8.979438 4.504559
v -4.590841 -8.570815 4.504559
v -5.410589 -8.079478 4.504560
v -6.178232 -7.510155 4.504559
v -1.616153 -9.962491 -0.594450
v -2.778949 -9.753800 -0.584963
v -3.869301 -9.385674 -0.584963
v -4.767820 -8.960704 -0.584963
v -5.620359 -8.449714 -0.584963
v -6.418707 -7.857617 -0.584963
v -2.724904 -9.532213 -5.601812
v -1.585819 -9.736650 -5.611100
v -3.793022 -9.171595 -5.601812
v -4.673219 -8.755291 -5.601811
v -5.508374 -8.254720 -5.601811
v -6.290442 -7.674700 -5.601811
v -0.000001 -10.089210 -0.594450
v -0.000001 -9.660791 4.495438
v -0.000001 -9.863081 -5.611100
v -1.459790 -8.828144 4.508717
v -1.560391 -9.534073 4.495438
v -1.021448 -6.820390 4.283445
v -0.839077 -5.223916 4.255064
v -0.839078 -3.750290 4.255064
v -0.942777 -3.359081 4.255066
v -1.705585 -10.452435 -6.906371
v -2.924893 -10.233601 -6.896426
v -4.068234 -9.847583 -6.896426
v -5.010422 -9.401961 -6.896426
v -5.904393 -8.866137 -6.896426
v -6.741539 -8.245264 -6.896425
v -1.775907 -10.897593 -6.906709
v -3.042401 -10.646040 -6.896379
v -4.229991 -10.245084 -6.896377
v -5.208639 -9.782216 -6.896377
v -6.137208 -9.225656 -6.896377
v -7.006753 -8.580755 -6.896376
v -0.000001 -11.050251 -6.906709
v -0.000001 -10.584325 -6.906374
v -1.775907 -10.897593 -6.385942
v -3.042401 -10.646041 -6.375611
v -4.229991 -10.245084 -6.375609
v -5.208640 -9.782217 -6.375608
v -6.137208 -9.225656 -6.375608
v -7.006752 -8.580755 -6.375607
v -0.002038 -11.049721 -6.385940
v -1.538727 -2.362749 5.666227
v -0.868505 -2.818508 5.225211
v -0.830998 -2.697273 5.666216
v -1.643222 -2.444954 5.199530
v -0.768691 -2.379231 5.919275
v -1.377538 -2.084810 5.919283
v -1.461515 3.131204 3.334446
v -0.942777 3.359078 3.334448
v -2.019476 2.800627 3.334446
v -2.434162 2.434159 3.334446
v -0.000002 3.435044 3.334449
v -0.000002 3.435044 4.255068
v 0.942773 3.359078 3.334448
v 1.461512 3.131204 3.334446
v 2.019472 2.800627 3.334446
v 2.434158 2.434159 3.334446
v -3.359081 0.942774 3.334447
v -3.131207 1.461512 3.334446
v -2.800631 2.019473 3.334446
v -3.435048 -0.000001 3.334449
v -3.435048 -0.000002 4.255067
v -3.359081 -0.942776 3.334447
v -3.131208 -1.461515 3.334445
v -2.800631 -2.019475 3.334445
v -2.434162 -2.434162 3.334445
v 3.359077 -0.942777 3.334447
v 3.131203 -1.461515 3.334445
v 2.800627 -2.019475 3.334445
v 2.434158 -2.434162 3.334445
v 3.435044 -0.000002 3.334449
v 3.435044 -0.000002 4.255067
v 3.359077 0.942773 3.334447
v 3.131203 1.461511 3.334446
v 2.800627 2.019472 3.334446
v 0.942774 -3.359081 3.334447
v 1.461512 -3.131207 3.334445
v 2.019473 -2.800630 3.334445
v -0.000001 -3.435048 4.255067
v -0.000001 -3.435048 3.334448
v -0.942777 -3.359081 3.334447
v -1.461515 -3.131207 3.334445
v -2.019476 -2.800631 3.334445
v -1.461515 3.131204 3.334446
v -0.942777 3.359078 3.334448
v -1.067892 2.872755 3.334447
v -1.978130 2.325084 3.334446
v -2.019476 2.800627 3.334446
v -2.434162 2.434159 3.334446
v -0.000002 3.435044 3.334449
v 0.418742 3.023182 3.334449
v 1.546115 2.634684 3.334447
v 0.942773 3.359078 3.334448
v 1.461512 3.131204 3.334446
v 2.019472 2.800627 3.334446
v 2.325084 1.978126 3.334446
v 2.434158 2.434159 3.334446
v -2.634688 1.546115 3.334446
v -3.012149 0.418742 3.334448
v -3.359081 0.942774 3.334447
v -3.131207 1.461512 3.334446
v -2.800631 2.019473 3.334446
v -3.435048 -0.000001 3.334449
v -3.131208 -1.461515 3.334445
v -3.359081 -0.942776 3.334447
v -2.871067 -1.067891 3.334447
v -2.800631 -2.019475 3.334445
v -2.325088 -1.978130 3.334446
v -2.434162 -2.434162 3.334445
v 3.359077 -0.942777 3.334447
v 3.131203 -1.461515 3.334445
v 2.634684 -1.546118 3.334446
v 3.020597 -0.418745 3.334448
v 2.800627 -2.019475 3.334445
v 1.978126 -2.325088 3.334446
v 2.434158 -2.434162 3.334445
v 3.435044 -0.000002 3.334449
v 3.131203 1.461511 3.334446
v 3.359077 0.942773 3.334447
v 2.869463 1.067888 3.334447
v 2.800627 2.019472 3.334446
v 1.461512 -3.131207 3.334445
v 0.942774 -3.359081 3.334447
v 1.067888 -2.882729 3.334446
v 2.019473 -2.800630 3.334445
v -0.000001 -3.435048 3.334448
v -0.418745 -3.017684 3.334448
v -1.546119 -2.634688 3.334446
v -0.942777 -3.359081 3.334447
v -1.461515 -3.131207 3.334445
v -2.019476 -2.800631 3.334445
v -1.904428 2.238456 2.613948
v -1.028104 2.765350 2.613948
v 0.403140 2.910749 2.613950
v 1.488510 2.536521 2.613948
v 2.238456 1.904425 2.613948
v -2.536525 1.488510 2.613947
v -2.899716 0.403141 2.613949
v -2.238460 -1.904428 2.613947
v -2.763662 -1.028104 2.613948
v 2.908164 -0.403143 2.613949
v 2.536520 -1.488513 2.613947
v 1.904425 -2.238460 2.613947
v 2.762058 1.028101 2.613948
v 1.028101 -2.775324 2.613947
v -0.403143 -2.905251 2.613949
v -1.488513 -2.536525 2.613947
v -0.888272 2.387878 2.270715
v -1.645407 1.934003 2.270715
v 0.348309 2.515606 2.270716
v 1.286057 2.191528 2.270715
v 1.934003 1.645404 2.270715
v -2.191532 1.286058 2.270714
v -2.504573 0.348309 2.270716
v -2.386190 -0.888271 2.270715
v -1.934007 -1.645407 2.270714
v 2.191528 -1.286060 2.270714
v 2.513021 -0.348312 2.270716
v 1.645404 -1.934007 2.270714
v 2.384586 0.888268 2.270715
v 0.888268 -2.397852 2.270715
v -0.348312 -2.510107 2.270715
v -1.286061 -2.191532 2.270714
v 1.714525 -7.797783 4.759117
v 2.824216 -8.102567 4.789653
v 2.867375 -8.074081 5.150157
v 1.616720 -7.774384 4.391012
v 1.761021 -7.483217 4.100473
v 2.905375 -7.845330 4.477670
v 3.889243 -8.110089 5.512371
v 5.149500 -8.031221 5.525232
v 5.072481 -7.935576 5.858949
v 3.916370 -8.176983 5.168607
v 3.956583 -7.947470 4.840164
v 5.157245 -7.847513 5.180345
v 6.284425 -7.617120 5.678791
v 7.100996 -6.860991 6.059621
v 6.172943 -7.511088 6.007411
v 7.237146 -6.963413 5.731194
v 6.266227 -7.482000 5.320650
v 7.196676 -6.877784 5.363431
v 9.033216 -3.929841 5.779206
v 9.054560 -3.229877 5.688935
v 8.849389 -3.251236 6.051324
v 8.830459 -3.925933 6.133613
v 8.910571 -3.307465 5.314431
v 8.901782 -3.990498 5.402931
v 8.619211 -4.794926 6.153394
v 8.808908 -4.833648 5.808377
v 7.947220 -5.893147 6.109347
v 8.116902 -5.970107 5.774866
v 8.701902 -4.865146 5.431037
v 8.039434 -5.949748 5.399323
v 1.738343 -3.775549 4.151742
v 1.728412 -2.819793 4.104403
v 1.148629 -3.148475 4.124185
v 2.521480 -3.710406 4.166413
v 1.972330 -4.234278 4.197333
v 1.630957 -3.686734 3.784717
v 1.190324 -3.031301 3.400697
v 1.782834 -3.648098 3.435354
v 1.992419 -4.094355 3.484105
v 1.875971 -4.156476 3.831460
v 1.739061 -2.758693 3.373389
v 1.782834 -3.648098 3.435354
v 1.190324 -3.031301 3.400697
v 2.559448 -3.611447 3.447438
v 1.992419 -4.094355 3.484105
v 2.366085 -2.169989 3.372626
v 3.351971 -2.967270 3.456473
v 3.960965 -2.087188 3.536115
v 2.755159 -1.411700 3.446233
v 3.792898 -1.502922 3.541732
v 2.875213 -1.025930 3.499722
v 4.562976 -1.755059 3.641776
v 2.875213 -1.025930 3.499722
v 3.755665 -1.402083 3.915471
v 3.792898 -1.502922 3.541732
v 2.867208 -1.040678 4.254659
v 4.552658 -1.659610 4.013429
v 3.774919 -1.519339 4.291085
v 4.538208 -1.766153 4.388663
v 4.562976 -1.755059 3.641776
v 2.695749 -1.501774 4.191960
v 3.933156 -2.110570 4.277438
v 2.345153 -2.249166 4.170688
v 3.322209 -3.020826 4.185683
v 2.012014 -4.679477 4.249478
v 3.068475 -4.835804 4.355269
v 1.915414 -5.099466 4.301991
v 2.033113 -4.522858 3.541703
v 1.918363 -4.609383 3.884374
v 1.934478 -4.920680 3.599515
v 1.817876 -5.033446 3.936946
v 1.934478 -4.920680 3.599515
v 2.033113 -4.522858 3.541703
v 3.088856 -4.718040 3.646482
v 4.508720 -3.914159 3.726976
v 5.506132 -2.602203 3.866071
v 5.399312 -1.893689 3.806405
v 6.114781 -1.816211 4.049256
v 5.419717 -1.797428 4.177068
v 5.369689 -1.895967 4.552518
v 6.179599 -1.711821 4.421496
v 6.083678 -1.807743 4.797034
v 6.114781 -1.816211 4.049256
v 5.399312 -1.893689 3.806405
v 5.448822 -2.598740 4.600335
v 4.461494 -3.954826 4.446792
v 1.650621 -5.479448 4.340755
v 1.229395 -5.812581 4.360082
v 2.575029 -6.459972 4.626019
v 1.540163 -5.412427 3.974637
v 1.670974 -5.271853 3.644452
v 1.253433 -5.570246 3.671151
v 1.099793 -5.740610 3.991899
v 1.670974 -5.271853 3.644452
v 3.368947 -6.100151 4.021234
v 5.653633 -4.901046 4.204997
v 7.064487 -2.948220 4.411040
v 6.926691 -1.611987 4.304681
v 7.030811 -1.496567 4.677812
v 6.900908 -1.597580 5.056058
v 6.926691 -1.611987 4.304681
v 7.191553 -2.305061 5.192182
v 6.794661 -3.543832 5.100549
v 5.580846 -4.918031 4.915912
v 4.082125 -6.027373 4.800678
v 1.525511 -7.145098 4.608087
v 1.419127 -7.101696 4.241012
v 1.535518 -6.857162 3.932008
v 1.253433 -5.570246 3.671151
v 1.535518 -6.857162 3.932008
v 7.736480 -1.828021 4.564527
v 8.372094 -2.333187 4.851302
v 7.736480 -1.828021 4.564527
v 7.860952 -1.720137 4.936051
v 7.698671 -1.802981 5.311996
v 8.325773 -2.296312 5.594790
v 8.510326 -2.235455 5.223912
v 8.372094 -2.333187 4.851302
v 2.953727 -7.615209 5.045227
v 3.002135 -7.411917 4.370716
v 1.761021 -7.483217 4.100473
v 2.905375 -7.845330 4.477670
v 5.060035 -7.017676 4.763057
v 5.157245 -7.847513 5.180345
v 3.956583 -7.947470 4.840164
v 6.829004 -6.063201 4.899829
v 7.196676 -6.877784 5.363431
v 6.266227 -7.482000 5.320650
v 8.023629 -4.662749 5.021611
v 8.039434 -5.949748 5.399323
v 8.575271 -3.422265 5.108045
v 8.901782 -3.990498 5.402931
v 8.701902 -4.865146 5.431037
v 8.744946 -2.843056 5.123967
v 8.910571 -3.307465 5.314431
v 8.744946 -2.843056 5.123967
v 8.889466 -2.754981 5.497401
v 8.690999 -2.794855 5.864011
v 8.513673 -3.370817 5.843158
v 7.945661 -4.611289 5.743415
v 6.740695 -6.049513 5.603580
v 4.979061 -7.094316 5.449206
v -8.102567 -2.824219 4.789654
v -7.797783 -1.714528 4.759117
v -7.774384 -1.616724 4.391012
v -8.074081 -2.867378 5.150158
v -7.483217 -1.761025 4.100473
v -7.845330 -2.905379 4.477671
v -8.031221 -5.149504 5.525232
v -8.110089 -3.889247 5.512371
v -8.176983 -3.916374 5.168608
v -7.935576 -5.072485 5.858949
v -7.947471 -3.956587 4.840164
v -7.847513 -5.157249 5.180345
v -7.617120 -6.284430 5.678791
v -6.860991 -7.101001 6.059621
v -7.511087 -6.172947 6.007411
v -6.963412 -7.237150 5.731194
v -7.482001 -6.266231 5.320650
v -6.877784 -7.196680 5.363431
v -3.251236 -8.849393 6.051323
v -3.925933 -8.830462 6.133612
v -3.929841 -9.033220 5.779206
v -3.229877 -9.054564 5.688935
v -3.307465 -8.910575 5.314431
v -3.990498 -8.901786 5.402930
v -4.794926 -8.619215 6.153393
v -4.833648 -8.808912 5.808377
v -5.893147 -7.947224 6.109347
v -5.970107 -8.116905 5.774865
v -4.865147 -8.701906 5.431036
v -5.949749 -8.039437 5.399323
v -3.710406 -2.521484 4.166414
v -2.819793 -1.728415 4.104404
v -3.775549 -1.738346 4.151742
v -3.148475 -1.148632 4.124185
v -4.234278 -1.972333 4.197334
v -3.686734 -1.630960 3.784717
v -3.031301 -1.190328 3.400697
v -3.648098 -1.782837 3.435354
v -4.094355 -1.992422 3.484106
v -4.156476 -1.875974 3.831460
v -3.648098 -1.782837 3.435354
v -2.758693 -1.739064 3.373389
v -3.611447 -2.559452 3.447438
v -3.031301 -1.190328 3.400697
v -4.094355 -1.992422 3.484106
v -2.169989 -2.366088 3.372626
v -2.967269 -3.351975 3.456473
v -2.087188 -3.960969 3.536114
v -1.411700 -2.755162 3.446233
v -1.502922 -3.792902 3.541732
v -1.025931 -2.875216 3.499722
v -1.755060 -4.562980 3.641776
v -1.025931 -2.875216 3.499722
v -1.402083 -3.755668 3.915471
v -1.502922 -3.792902 3.541732
v -1.040679 -2.867212 4.254659
v -1.519339 -3.774922 4.291085
v -1.659610 -4.552662 4.013428
v -1.766153 -4.538211 4.388663
v -1.755060 -4.562980 3.641776
v -1.501774 -2.695753 4.191960
v -2.110570 -3.933160 4.277438
v -2.249166 -2.345157 4.170688
v -3.020826 -3.322212 4.185683
v -4.835804 -3.068479 4.355270
v -4.679477 -2.012018 4.249479
v -5.099466 -1.915418 4.301992
v -4.522858 -2.033116 3.541704
v -4.609383 -1.918366 3.884374
v -4.920680 -1.934482 3.599515
v -5.033446 -1.817879 3.936946
v -4.920680 -1.934482 3.599515
v -4.522858 -2.033116 3.541704
v -4.718040 -3.088860 3.646482
v -3.914159 -4.508724 3.726975
v -2.602203 -5.506135 3.866071
v -1.893690 -5.399315 3.806405
v -1.816211 -6.114785 4.049256
v -1.797428 -5.419721 4.177067
v -1.895967 -5.369692 4.552517
v -1.711821 -6.179603 4.421496
v -1.807743 -6.083682 4.797034
v -1.816211 -6.114785 4.049256
v -1.893690 -5.399315 3.806405
v -2.598741 -5.448826 4.600335
v -3.954826 -4.461498 4.446792
v -5.479448 -1.650624 4.340755
v -5.812581 -1.229398 4.360083
v -6.459972 -2.575033 4.626020
v -5.412427 -1.540167 3.974638
v -5.271853 -1.670977 3.644453
v -5.740610 -1.099796 3.991899
v -5.570246 -1.253436 3.671152
v -5.271853 -1.670977 3.644453
v -6.100151 -3.368951 4.021234
v -4.901046 -5.653636 4.204997
v -2.948220 -7.064490 4.411040
v -1.611988 -6.926694 4.304680
v -1.496568 -7.030815 4.677811
v -1.597580 -6.900911 5.056057
v -1.611988 -6.926694 4.304680
v -2.305062 -7.191557 5.192181
v -3.543832 -6.794664 5.100548
v -4.918031 -5.580849 4.915912
v -6.027373 -4.082129 4.800678
v -7.145098 -1.525515 4.608088
v -7.101696 -1.419131 4.241013
v -6.857162 -1.535522 3.932009
v -5.570246 -1.253436 3.671152
v -6.857162 -1.535522 3.932009
v -1.828022 -7.736484 4.564526
v -2.333187 -8.372098 4.851302
v -1.828022 -7.736484 4.564526
v -1.720137 -7.860956 4.936051
v -1.802981 -7.698675 5.311995
v -2.296312 -8.325777 5.594790
v -2.235455 -8.510330 5.223911
v -2.333187 -8.372098 4.851302
v -7.615210 -2.953730 5.045227
v -7.411918 -3.002138 4.370716
v -7.483217 -1.761025 4.100473
v -7.845330 -2.905379 4.477671
v -7.017676 -5.060039 4.763057
v -7.847513 -5.157249 5.180345
v -7.947471 -3.956587 4.840164
v -6.063201 -6.829008 4.899829
v -6.877784 -7.196680 5.363431
v -7.482001 -6.266231 5.320650
v -4.662749 -8.023633 5.021611
v -5.949749 -8.039437 5.399323
v -3.422265 -8.575274 5.108044
v -3.990498 -8.901786 5.402930
v -4.865147 -8.701906 5.431036
v -2.843056 -8.744949 5.123967
v -3.307465 -8.910575 5.314431
v -2.843056 -8.744949 5.123967
v -2.754981 -8.889470 5.497401
v -2.794855 -8.691003 5.864010
v -3.370817 -8.513677 5.843157
v -4.611288 -7.945665 5.743414
v -6.049513 -6.740700 5.603580
v -7.094317 -4.979064 5.449207
v 7.797779 1.714524 4.759118
v 8.102563 2.824215 4.789654
v 8.074078 2.867374 5.150158
v 7.774380 1.616720 4.391013
v 7.483213 1.761021 4.100474
v 7.845326 2.905375 4.477671
v 8.110085 3.889242 5.512372
v 8.031218 5.149499 5.525233
v 7.935572 5.072480 5.858951
v 8.176979 3.916369 5.168609
v 7.947467 3.956583 4.840165
v 7.847509 5.157245 5.180346
v 7.617116 6.284424 5.678792
v 6.963409 7.237145 5.731196
v 6.860987 7.100996 6.059623
v 7.511084 6.172942 6.007413
v 7.481997 6.266227 5.320651
v 6.877781 7.196675 5.363433
v 3.929837 9.033216 5.779208
v 3.229874 9.054560 5.688937
v 3.251233 8.849389 6.051325
v 3.925930 8.830459 6.133615
v 3.307462 8.910571 5.314433
v 3.990495 8.901782 5.402932
v 4.794922 8.619211 6.153396
v 4.833644 8.808908 5.808379
v 5.893144 7.947219 6.109349
v 5.970103 8.116901 5.774867
v 4.865143 8.701902 5.431039
v 5.949745 8.039433 5.399325
v 3.148471 1.148628 4.124185
v 3.775545 1.738342 4.151743
v 2.819789 1.728411 4.104404
v 3.710402 2.521480 4.166414
v 4.234274 1.972329 4.197334
v 3.686731 1.630957 3.784717
v 3.031297 1.190324 3.400697
v 4.094351 1.992419 3.484106
v 4.156472 1.875970 3.831461
v 3.648095 1.782834 3.435354
v 2.758690 1.739060 3.373390
v 3.648095 1.782834 3.435354
v 3.031297 1.190324 3.400697
v 3.611443 2.559448 3.447439
v 4.094351 1.992419 3.484106
v 2.169985 2.366085 3.372627
v 2.967266 3.351971 3.456474
v 2.087184 3.960965 3.536115
v 1.411696 2.755159 3.446233
v 1.025927 2.875213 3.499723
v 1.502919 3.792898 3.541733
v 1.755056 4.562976 3.641777
v 1.025927 2.875213 3.499723
v 1.402079 3.755665 3.915472
v 1.502919 3.792898 3.541733
v 1.040675 2.867208 4.254659
v 1.659606 4.552658 4.013430
v 1.519336 3.774919 4.291086
v 1.766150 4.538208 4.388664
v 1.755056 4.562976 3.641777
v 1.501770 2.695749 4.191961
v 2.110567 3.933156 4.277439
v 2.249163 2.345153 4.170688
v 3.020823 3.322208 4.185684
v 4.835800 3.068475 4.355270
v 4.679473 2.012014 4.249479
v 5.099463 1.915414 4.301992
v 4.522854 2.033112 3.541704
v 4.609379 1.918362 3.884375
v 4.920676 1.934478 3.599516
v 5.033442 1.817875 3.936947
v 4.920676 1.934478 3.599516
v 4.522854 2.033112 3.541704
v 4.718036 3.088856 3.646483
v 3.914155 4.508720 3.726977
v 2.602200 5.506132 3.866072
v 1.893686 5.399312 3.806406
v 1.816208 6.114781 4.049257
v 1.797425 5.419717 4.177069
v 1.895964 5.369689 4.552519
v 1.711818 6.179599 4.421497
v 1.807740 6.083678 4.797035
v 1.816208 6.114781 4.049257
v 1.893686 5.399312 3.806406
v 2.598737 5.448822 4.600336
v 3.954823 4.461494 4.446793
v 5.479445 1.650621 4.340755
v 5.812577 1.229395 4.360083
v 6.459969 2.575029 4.626021
v 5.412423 1.540163 3.974638
v 5.271850 1.670973 3.644453
v 5.570242 1.253432 3.671152
v 5.740606 1.099793 3.991899
v 5.271850 1.670973 3.644453
v 6.100147 3.368947 4.021235
v 4.901043 5.653633 4.204998
v 2.948217 7.064487 4.411042
v 1.611984 6.926691 4.304682
v 1.496564 7.030811 4.677813
v 1.597577 6.900908 5.056059
v 1.611984 6.926691 4.304682
v 2.305058 7.191553 5.192183
v 3.543828 6.794660 5.100550
v 4.918027 5.580845 4.915913
v 6.027369 4.082124 4.800679
v 7.145094 1.525511 4.608088
v 7.101692 1.419127 4.241013
v 6.857158 1.535518 3.932009
v 5.570242 1.253432 3.671152
v 6.857158 1.535518 3.932009
v 1.828018 7.736480 4.564528
v 2.333184 8.372094 4.851304
v 1.828018 7.736480 4.564528
v 1.720133 7.860952 4.936052
v 1.802978 7.698671 5.311997
v 2.235451 8.510326 5.223914
v 2.296309 8.325773 5.594792
v 2.333184 8.372094 4.851304
v 7.615206 2.953726 5.045228
v 7.411914 3.002134 4.370717
v 7.483213 1.761021 4.100474
v 7.845326 2.905375 4.477671
v 7.017673 5.060035 4.763059
v 7.847509 5.157245 5.180346
v 7.947467 3.956583 4.840165
v 6.063198 6.829004 4.899831
v 6.877781 7.196675 5.363433
v 7.481997 6.266227 5.320651
v 4.662745 8.023629 5.021613
v 5.949745 8.039433 5.399325
v 3.422261 8.575271 5.108046
v 3.990495 8.901782 5.402932
v 4.865143 8.701902 5.431039
v 2.843052 8.744946 5.123969
v 3.307462 8.910571 5.314433
v 2.843052 8.744946 5.123969
v 2.754978 8.889466 5.497403
v 2.794852 8.690999 5.864012
v 3.370814 8.513673 5.843159
v 4.611285 7.945660 5.743417
v 6.049510 6.740695 5.603581
v 7.094314 4.979060 5.449208
v -2.824219 8.102563 4.789655
v -1.714527 7.797779 4.759119
v -1.616723 7.774380 4.391014
v -2.867378 8.074078 5.150159
v -1.761024 7.483213 4.100474
v -2.905378 7.845326 4.477672
v -5.149503 8.031218 5.525234
v -3.889246 8.110085 5.512372
v -3.916373 8.176979 5.168609
v -5.072484 7.935572 5.858951
v -3.956587 7.947467 4.840166
v -5.157248 7.847509 5.180347
v -6.284429 7.617116 5.678792
v -7.237149 6.963409 5.731196
v -7.101000 6.860987 6.059623
v -6.172946 7.511084 6.007413
v -6.266231 7.481997 5.320651
v -7.196679 6.877781 5.363433
v -9.033220 3.929837 5.779207
v -8.849393 3.251233 6.051325
v -8.830462 3.925930 6.133614
v -9.054564 3.229874 5.688936
v -8.910575 3.307462 5.314432
v -8.901786 3.990495 5.402931
v -8.619215 4.794922 6.153395
v -8.808912 4.833644 5.808379
v -7.947223 5.893143 6.109349
v -8.116905 5.970103 5.774867
v -8.701906 4.865143 5.431038
v -8.039437 5.949745 5.399325
v -2.521483 3.710402 4.166414
v -1.728415 2.819789 4.104404
v -1.738346 3.775545 4.151743
v -1.148632 3.148471 4.124186
v -1.972333 4.234274 4.197335
v -1.630960 3.686731 3.784718
v -1.190328 3.031297 3.400697
v -1.875974 4.156472 3.831461
v -1.992422 4.094351 3.484106
v -1.782837 3.648095 3.435354
v -1.739064 2.758690 3.373390
v -1.782837 3.648095 3.435354
v -1.190328 3.031297 3.400697
v -2.559452 3.611443 3.447439
v -1.992422 4.094351 3.484106
v -2.366088 2.169985 3.372627
v -3.351974 2.967266 3.456474
v -2.755162 1.411697 3.446233
v -3.960969 2.087184 3.536115
v -2.875216 1.025927 3.499723
v -3.792902 1.502919 3.541732
v -4.562980 1.755056 3.641777
v -2.875216 1.025927 3.499723
v -3.755668 1.402079 3.915472
v -3.792902 1.502919 3.541732
v -2.867212 1.040675 4.254659
v -3.774922 1.519336 4.291086
v -4.552662 1.659606 4.013429
v -4.538211 1.766150 4.388664
v -4.562980 1.755056 3.641777
v -2.695753 1.501770 4.191961
v -3.933160 2.110567 4.277439
v -2.345157 2.249163 4.170688
v -3.322212 3.020823 4.185684
v -3.068479 4.835800 4.355271
v -2.012017 4.679473 4.249480
v -1.915418 5.099463 4.301993
v -2.033116 4.522854 3.541704
v -1.918366 4.609379 3.884375
v -1.934482 4.920676 3.599516
v -1.817879 5.033442 3.936947
v -1.934482 4.920676 3.599516
v -2.033116 4.522854 3.541704
v -3.088860 4.718036 3.646483
v -4.508724 3.914155 3.726977
v -5.506135 2.602200 3.866071
v -5.399315 1.893686 3.806406
v -6.114785 1.816208 4.049257
v -5.369692 1.895964 4.552518
v -5.419721 1.797425 4.177068
v -6.083682 1.807740 4.797035
v -6.179603 1.711818 4.421497
v -6.114785 1.816208 4.049257
v -5.399315 1.893686 3.806406
v -5.448826 2.598737 4.600336
v -4.461498 3.954823 4.446793
v -1.650624 5.479445 4.340756
v -1.229398 5.812577 4.360083
v -2.575032 6.459969 4.626021
v -1.540166 5.412423 3.974638
v -1.670977 5.271850 3.644454
v -1.099796 5.740606 3.991900
v -1.253436 5.570242 3.671153
v -1.670977 5.271850 3.644454
v -3.368951 6.100147 4.021235
v -5.653636 4.901043 4.204998
v -7.064490 2.948217 4.411041
v -6.926694 1.611984 4.304681
v -7.030815 1.496564 4.677812
v -6.900911 1.597577 5.056058
v -6.926694 1.611984 4.304681
v -7.191557 2.305058 5.192182
v -6.794664 3.543828 5.100550
v -5.580849 4.918027 4.915913
v -4.082128 6.027369 4.800679
v -1.525514 7.145094 4.608088
v -1.419130 7.101692 4.241014
v -1.535521 6.857158 3.932010
v -1.253436 5.570242 3.671153
v -1.535521 6.857158 3.932010
v -7.736484 1.828018 4.564527
v -8.372098 2.333184 4.851303
v -7.736484 1.828018 4.564527
v -7.860956 1.720133 4.936052
v -7.698675 1.802978 5.311996
v -8.325777 2.296309 5.594791
v -8.510330 2.235451 5.223913
v -8.372098 2.333184 4.851303
v -2.953730 7.615206 5.045228
v -3.002138 7.411914 4.370717
v -1.761024 7.483213 4.100474
v -2.905378 7.845326 4.477672
v -5.060039 7.017673 4.763059
v -5.157248 7.847509 5.180347
v -3.956587 7.947467 4.840166
v -6.829008 6.063198 4.899831
v -7.196679 6.877781 5.363433
v -6.266231 7.481997 5.320651
v -8.023633 4.662745 5.021613
v -8.039437 5.949745 5.399325
v -8.575274 3.422261 5.108046
v -8.901786 3.990495 5.402931
v -8.701906 4.865143 5.431038
v -8.744949 2.843052 5.123968
v -8.910575 3.307462 5.314432
v -8.744949 2.843052 5.123968
v -8.889470 2.754978 5.497402
v -8.691003 2.794852 5.864012
v -8.513677 3.370814 5.843159
v -7.945664 4.611285 5.743416
v -6.740699 6.049510 5.603581
v -4.979064 7.094314 5.449208
vt 0.0001 0.0015
vt 0.0885 0.0015
vt 0.0001 0.0425
vt 0.1826 0.0015
vt 0.0885 0.0425
vt 0.0885 0.0806
vt 0.0001 0.0806
vt 0.0001 0.1553
vt 0.3706 0.0425
vt 0.2766 0.0425
vt 0.3706 0.0015
vt 0.2766 0.0015
vt 0.1826 0.0425
vt 0.1826 0.0806
vt 0.0885 0.1553
vt 0.0001 0.1787
vt 0.1826 0.1553
vt 0.1826 0.1787
vt 0.0885 0.1787
vt 0.2766 0.1553
vt 0.2766 0.0806
vt 0.3706 0.1553
vt 0.3706 0.0806
vt 0.2766 0.1787
vt 0.3706 0.1787
vt 0.3706 0.2070
vt 0.5586 0.0425
vt 0.5586 0.0806
vt 0.4648 0.0425
vt 0.4648 0.0806
vt 0.4648 0.1553
vt 0.4648 0.1787
vt 0.4648 0.2070
vt 0.5586 0.1553
vt 0.5586 0.1787
vt 0.6528 0.0806
vt 0.6528 0.0425
vt 0.5586 0.0015
vt 0.4648 0.0015
vt 0.6528 0.0015
vt 0.7471 0.0015
vt 0.9351 0.0015
vt 1.0293 0.0425
vt 0.9351 0.0425
vt 0.8408 0.0015
vt 0.8408 0.0425
vt 0.7471 0.0425
vt 0.7471 0.0806
vt 0.6528 0.1553
vt 0.8408 0.0806
vt 0.8408 0.1553
vt 0.9351 0.1553
vt 0.8408 0.1787
vt 0.9351 0.1787
vt 0.9351 0.2070
vt 1.0293 0.2070
vt 0.9351 0.3179
vt 1.0293 0.3179
vt 0.9351 0.0806
vt 1.0293 0.1553
vt 1.0293 0.1787
vt 1.1230 0.2070
vt 1.1230 0.3179
vt 1.2168 0.3179
vt 1.2168 0.4360
vt 1.1230 0.4360
vt 1.2168 0.5051
vt 1.1230 0.5051
vt 1.3115 0.5051
vt 1.3115 0.4360
vt 1.4053 0.5051
vt 1.0293 0.4360
vt 1.0293 0.5051
vt 1.1230 0.5747
vt 1.2168 0.5747
vt 1.3105 0.5747
vt 0.9351 0.4360
vt 0.9351 0.5051
vt 1.0283 0.5747
vt 1.1230 0.6833
vt 1.2178 0.6833
vt 0.8408 0.3179
vt 0.8408 0.4360
vt 0.8408 0.5051
vt 0.9351 0.5747
vt 1.0293 0.6833
vt 1.1230 0.8015
vt 0.7471 0.5051
vt 0.7471 0.4360
vt 0.7471 0.3179
vt 0.8408 0.2070
vt 0.7471 0.2070
vt 0.7471 0.1787
vt 0.5591 0.6833
vt 0.5586 0.5747
vt 0.6528 0.5747
vt 0.6528 0.5051
vt 0.6528 0.4360
vt 0.6528 0.3179
vt 0.6528 0.2070
vt 0.6528 0.1787
vt 0.5586 0.2070
vt 0.5586 0.3179
vt 0.5586 0.4360
vt 0.5586 0.5051
vt 0.4648 0.5051
vt 0.4646 0.5747
vt 0.4648 0.4360
vt 0.4648 0.3179
vt 0.3706 0.3179
vt 0.3706 0.4360
vt 0.3706 0.5051
vt 0.3704 0.5747
vt 0.2766 0.5051
vt 0.2764 0.5747
vt 0.1825 0.5051
vt 0.2766 0.2070
vt 0.2766 0.3179
vt 0.2766 0.4360
vt 0.1825 0.4360
vt 0.1825 0.3179
vt 0.1826 0.2070
vt 0.1824 0.5747
vt 0.0885 0.5051
vt 0.0885 0.4360
vt 0.0885 0.3179
vt 0.0885 0.2070
vt 0.0001 0.2070
vt 0.0001 0.3179
vt 0.0001 0.4360
vt 0.0001 0.5051
vt 0.0883 0.5747
vt 0.0001 0.5747
vt 0.0888 0.6833
vt 0.0001 0.6833
vt 0.1829 0.6833
vt 0.2769 0.6833
vt 0.3708 0.6833
vt 0.4651 0.6833
vt 0.3711 0.8015
vt 0.2769 0.8015
vt 0.1829 0.8015
vt 0.0889 0.8015
vt 0.0886 0.8529
vt 0.1826 0.8529
vt 0.2766 0.8529
vt 0.3708 0.8529
vt 0.4651 0.8015
vt 0.0001 0.8015
vt 0.0001 0.8529
vt 0.0001 0.9197
vt 0.0885 0.9197
vt 0.1826 0.9197
vt 0.0001 0.9997
vt 0.0885 0.9997
vt 0.1826 0.9997
vt 0.2766 0.9997
vt 0.2766 0.9197
vt 0.3706 0.9997
vt 0.3706 0.9197
vt 0.4648 0.9997
vt 0.4648 0.9197
vt 0.4648 0.8529
vt 0.5586 0.8529
vt 0.5586 0.9197
vt 0.6528 0.8529
vt 0.6528 0.9197
vt 0.7471 0.8529
vt 0.8408 0.8529
vt 0.8413 0.8015
vt 0.6533 0.8015
vt 0.7471 0.8015
vt 0.7471 0.6833
vt 0.8413 0.6833
vt 0.9355 0.8015
vt 0.9351 0.8529
vt 0.5591 0.8015
vt 0.6533 0.6833
vt 0.7466 0.5747
vt 0.8408 0.5747
vt 0.9355 0.6833
vt 1.0293 0.8015
vt 1.0293 0.8529
vt 1.1230 0.8529
vt 1.2178 0.8015
vt 1.2168 0.8529
vt 1.3115 0.8015
vt 1.3115 0.8529
vt 1.3115 0.6833
vt 1.4053 0.6833
vt 1.4053 0.8015
vt 1.5000 0.6833
vt 1.5000 0.8015
vt 1.5938 0.8015
vt 1.5938 0.8529
vt 1.6875 0.8529
vt 1.4053 0.5747
vt 1.4990 0.5747
vt 1.5938 0.6833
vt 1.6875 0.8015
vt 1.7812 0.8529
vt 1.4990 0.5051
vt 1.5938 0.5747
vt 1.6875 0.6833
vt 1.7822 0.8015
vt 1.7822 0.6833
vt 1.8760 0.8015
vt 1.5938 0.5051
vt 1.6875 0.5747
vt 1.7812 0.5747
vt 1.8760 0.6833
vt 1.8760 0.5747
vt 1.9697 0.5747
vt 1.9697 0.5051
vt 2.0625 0.5051
vt 1.9697 0.6833
vt 2.0625 0.5747
vt 2.1582 0.5051
vt 2.0625 0.4360
vt 2.1582 0.4360
vt 2.0625 0.3179
vt 2.1582 0.3179
vt 1.9697 0.4360
vt 1.9697 0.3179
vt 1.9697 0.2070
vt 2.0625 0.2070
vt 2.0625 0.1787
vt 2.1582 0.1787
vt 2.0625 0.1553
vt 2.1582 0.1553
vt 2.0625 0.0425
vt 2.1582 0.0425
vt 2.0625 0.0806
vt 1.9697 0.0806
vt 1.9697 0.1553
vt 1.9697 0.1787
vt 1.8760 0.2070
vt 1.8760 0.3179
vt 1.8760 0.1787
vt 1.7812 0.1787
vt 1.8760 0.1553
vt 1.8760 0.0806
vt 1.9697 0.0425
vt 1.7812 0.4360
vt 1.8760 0.4360
vt 1.6875 0.3179
vt 1.6875 0.2070
vt 1.7812 0.2070
vt 1.7812 0.3179
vt 1.6875 0.4360
vt 1.6875 0.5051
vt 1.7812 0.5051
vt 1.8760 0.5051
vt 1.5938 0.4360
vt 1.5938 0.3179
vt 1.5938 0.2070
vt 1.5938 0.1787
vt 1.4990 0.1787
vt 1.5938 0.1553
vt 1.4990 0.1553
vt 1.4053 0.1553
vt 1.4053 0.1787
vt 1.3115 0.1553
vt 1.4990 0.2070
vt 1.4990 0.3179
vt 1.4990 0.4360
vt 1.4053 0.0806
vt 1.3115 0.0806
vt 1.4990 0.0806
vt 1.4990 0.0425
vt 1.4053 0.0425
vt 1.3115 0.0425
vt 1.4053 0.0015
vt 1.3115 0.0015
vt 1.2168 0.0015
vt 1.2168 0.0425
vt 1.1230 0.0015
vt 1.1230 0.0425
vt 1.0293 0.0015
vt 1.0293 0.0806
vt 1.1230 0.0806
vt 1.2168 0.0806
vt 1.4053 0.3179
vt 1.4053 0.2070
vt 1.3115 0.1787
vt 1.2168 0.1553
vt 1.1230 0.1553
vt 1.2168 0.1787
vt 1.3115 0.2070
vt 1.1230 0.1787
vt 1.2168 0.2070
vt 1.3115 0.3179
vt 1.4053 0.4360
vt 7.5938 0.0728
vt 7.5938 0.0776
vt 7.5781 0.0728
vt 7.5781 0.0776
vt 7.5625 0.0728
vt 7.5625 0.0776
vt 7.6680 0.0776
vt 7.6523 0.0776
vt 7.6680 0.0728
vt 7.6523 0.0728
vt 7.6367 0.0776
vt 7.6367 0.0728
vt 7.6211 0.0776
vt 7.6211 0.0728
vt 7.6055 0.0728
vt 7.6055 0.0776
vt 7.7461 0.0728
vt 7.7461 0.0776
vt 7.7305 0.0728
vt 7.7305 0.0776
vt 7.7148 0.0728
vt 7.7148 0.0776
vt 7.6992 0.0728
vt 7.6992 0.0776
vt 7.6836 0.0728
vt 7.6836 0.0776
vt 7.8203 0.0728
vt 7.8203 0.0776
vt 7.8047 0.0728
vt 7.8047 0.0776
vt 7.7891 0.0776
vt 7.7891 0.0728
vt 7.7734 0.0776
vt 7.7734 0.0728
vt 7.7617 0.0776
vt 7.7617 0.0728
vt 7.8984 0.0728
vt 7.8984 0.0776
vt 7.8828 0.0776
vt 7.8828 0.0728
vt 7.8672 0.0776
vt 7.8672 0.0728
vt 7.8516 0.0728
vt 7.8516 0.0776
vt 7.8359 0.0728
vt 7.8359 0.0776
vt 7.9727 0.0728
vt 7.9727 0.0776
vt 7.9570 0.0728
vt 7.9570 0.0776
vt 7.9453 0.0728
vt 7.9453 0.0776
vt 7.9297 0.0728
vt 7.9297 0.0776
vt 7.9141 0.0776
vt 7.9141 0.0728
vt 8.0469 0.0728
vt 8.0469 0.0776
vt 8.0312 0.0776
vt 8.0312 0.0728
vt 8.0156 0.0776
vt 8.0156 0.0728
vt 8.0000 0.0776
vt 8.0000 0.0728
vt 7.9883 0.0776
vt 7.9883 0.0728
vt 0.1294 0.1543
vt 0.1055 0.1382
vt 0.1378 0.1113
vt 0.1323 0.0703
vt 0.1576 0.0903
vt 0.1565 0.1147
vt 0.1483 0.1392
vt 0.1373 0.1592
vt 0.1211 0.1787
vt 0.1070 0.1787
vt 0.0796 0.1753
vt 0.0766 0.1650
vt 0.1149 0.0366
vt 0.0734 0.0435
vt 0.0959 0.0161
vt 0.0993 0.0854
vt 0.0709 0.1011
vt 0.0759 0.1338
vt 0.0440 0.1162
vt 0.0505 0.1362
vt 0.0214 0.1294
vt 0.0281 0.1455
vt 0.0099 0.1157
vt 0.0319 0.0977
vt 0.0537 0.0718
vt 0.0034 0.1104
vt 0.0194 0.0967
vt 0.0302 0.0835
vt 0.0393 0.0684
vt 0.0438 0.0537
vt 0.0468 0.0356
vt 0.0576 0.0215
vt 0.0729 0.0127
vt 0.0863 0.0083
vt 0.0971 0.0083
vt 0.1103 0.0132
vt 0.1254 0.0239
vt 0.1411 0.0449
vt 0.1526 0.0684
vt 0.1294 0.1543
vt 0.1055 0.1382
vt 0.1378 0.1113
vt 0.1323 0.0703
vt 0.1576 0.0903
vt 0.1565 0.1147
vt 0.1483 0.1392
vt 0.1373 0.1592
vt 0.1211 0.1787
vt 0.1070 0.1787
vt 0.0796 0.1753
vt 0.0766 0.1650
vt 0.1149 0.0366
vt 0.0734 0.0435
vt 0.0959 0.0161
vt 0.0993 0.0854
vt 0.0709 0.1011
vt 0.0759 0.1338
vt 0.0440 0.1162
vt 0.0505 0.1362
vt 0.0214 0.1294
vt 0.0281 0.1455
vt 0.0537 0.0718
vt 0.0319 0.0977
vt 0.0099 0.1157
vt 0.0034 0.1104
vt 0.0194 0.0967
vt 0.0302 0.0835
vt 0.0393 0.0684
vt 0.0438 0.0537
vt 0.0468 0.0356
vt 0.0576 0.0215
vt 0.0729 0.0127
vt 0.0863 0.0083
vt 0.0971 0.0083
vt 0.1103 0.0132
vt 0.1254 0.0239
vt 0.1411 0.0449
vt 0.1526 0.0684
vt 0.1901 0.3374
vt 0.1882 0.3296
vt 0.2073 0.3252
vt 0.1738 0.3403
vt 0.1682 0.3335
vt 0.1775 0.3477
vt 0.1594 0.3540
vt 0.1652 0.3599
vt 0.1542 0.3477
vt 0.1589 0.3203
vt 0.1823 0.3232
vt 0.2050 0.3179
vt 0.2211 0.3076
vt 0.2161 0.3013
vt 0.2086 0.2983
vt 0.1985 0.3135
vt 0.1932 0.2983
vt 0.1698 0.2842
vt 0.1309 0.2769
vt 0.1766 0.2480
vt 0.1383 0.2393
vt 0.1620 0.2236
vt 0.2126 0.2808
vt 0.2019 0.2607
vt 0.2014 0.2466
vt 0.1871 0.2349
vt 0.1923 0.2285
vt 0.2080 0.2422
vt 0.2134 0.2363
vt 0.2235 0.2529
vt 0.1953 0.2212
vt 0.2090 0.2578
vt 0.2163 0.2559
vt 0.2203 0.2671
vt 0.2284 0.2676
vt 0.2209 0.2827
vt 0.2283 0.2866
vt 0.2122 0.2671
vt 0.0903 0.3652
vt 0.0904 0.3394
vt 0.1077 0.3667
vt 0.0762 0.3496
vt 0.0731 0.3374
vt 0.0779 0.3687
vt 0.0456 0.3213
vt 0.0600 0.3203
vt 0.0547 0.3271
vt 0.0674 0.3276
vt 0.0619 0.3340
vt 0.0667 0.3433
vt 0.0690 0.3545
vt 0.0641 0.3735
vt 0.0612 0.3560
vt 0.0600 0.3467
vt 0.0574 0.3403
vt 0.0526 0.3350
vt 0.0446 0.3296
vt 0.0329 0.3223
vt 0.0351 0.3154
vt 0.0182 0.2925
vt 0.0240 0.2866
vt 0.0178 0.2725
vt 0.0245 0.2715
vt 0.0397 0.2476
vt 0.0300 0.2695
vt 0.0313 0.2832
vt 0.0398 0.3110
vt 0.0326 0.2432
vt 0.0537 0.2251
vt 0.0591 0.2310
vt 0.0464 0.2495
vt 0.0525 0.2573
vt 0.0582 0.2852
vt 0.0508 0.3145
vt 0.0845 0.2178
vt 0.1111 0.2178
vt 0.0872 0.2241
vt 0.0640 0.2358
vt 0.0952 0.2427
vt 0.0906 0.2759
vt 0.1226 0.3096
vt 0.1105 0.2109
vt 0.1350 0.2178
vt 0.1362 0.2104
vt 0.1146 0.3408
vt 0.1382 0.3491
vt 0.0853 0.3115
vt 0.1302 0.3813
vt 0.1227 0.3755
vt 0.1428 0.3623
vt 0.0715 0.1577
vt 0.0644 0.1528
vt 0.0557 0.1504
vt 0.0455 0.1514
vt 0.0293 0.1582
vt 0.1482 0.3687
vt 0.1552 0.3730
vt 0.1421 0.3911
vt 0.0845 0.2178
vt 0.0591 0.2310
vt 0.0813 0.2109
vt 0.0537 0.2251
vt 0.0872 0.2241
vt 0.0640 0.2358
vt 0.0464 0.2495
vt 0.0397 0.2476
vt 0.0326 0.2432
vt 0.0178 0.2725
vt 0.0245 0.2715
vt 0.0240 0.2866
vt 0.0300 0.2695
vt 0.0525 0.2573
vt 0.0952 0.2427
vt 0.1111 0.2178
vt 0.0906 0.2759
vt 0.1309 0.2769
vt 0.1226 0.3096
vt 0.1383 0.2393
vt 0.1766 0.2480
vt 0.1097 0.2031
vt 0.1105 0.2109
vt 0.1350 0.2178
vt 0.1620 0.2236
vt 0.1871 0.2349
vt 0.2014 0.2466
vt 0.2080 0.2422
vt 0.1652 0.2163
vt 0.1362 0.2104
vt 0.1372 0.2026
vt 0.1669 0.2085
vt 0.1953 0.2212
vt 0.1923 0.2285
vt 0.2134 0.2363
vt 0.2283 0.2866
vt 0.2209 0.2827
vt 0.2284 0.2676
vt 0.2203 0.2671
vt 0.2235 0.2529
vt 0.2163 0.2559
vt 0.2090 0.2578
vt 0.2122 0.2671
vt 0.2126 0.2808
vt 0.2161 0.3013
vt 0.2211 0.3076
vt 0.2050 0.3179
vt 0.2086 0.2983
vt 0.1932 0.2983
vt 0.2019 0.2607
vt 0.1698 0.2842
vt 0.1589 0.3203
vt 0.1428 0.3623
vt 0.1382 0.3491
vt 0.1542 0.3477
vt 0.1682 0.3335
vt 0.1823 0.3232
vt 0.1985 0.3135
vt 0.1482 0.3687
vt 0.1594 0.3540
vt 0.1738 0.3403
vt 0.1882 0.3296
vt 0.2073 0.3252
vt 0.1901 0.3374
vt 0.1775 0.3477
vt 0.1652 0.3599
vt 0.1552 0.3730
vt 0.1421 0.3911
vt 0.1302 0.3813
vt 0.1227 0.3755
vt 0.1077 0.3667
vt 0.1146 0.3408
vt 0.0904 0.3394
vt 0.0853 0.3115
vt 0.0731 0.3374
vt 0.0674 0.3276
vt 0.0667 0.3433
vt 0.0619 0.3340
vt 0.0762 0.3496
vt 0.0690 0.3545
vt 0.0903 0.3652
vt 0.0779 0.3687
vt 0.0641 0.3735
vt 0.0612 0.3560
vt 0.0600 0.3467
vt 0.0574 0.3403
vt 0.0526 0.3350
vt 0.0547 0.3271
vt 0.0446 0.3296
vt 0.0456 0.3213
vt 0.0329 0.3223
vt 0.0351 0.3154
vt 0.0182 0.2925
vt 0.0313 0.2832
vt 0.0398 0.3110
vt 0.0508 0.3145
vt 0.0600 0.3203
vt 0.0582 0.2852
vt 0.1652 0.2163
vt 0.1669 0.2085
vt 0.1372 0.2026
vt 0.1097 0.2031
vt 0.0813 0.2109
vt 0.1294 0.1543
vt 0.1055 0.1382
vt 0.1378 0.1113
vt 0.1070 0.1787
vt 0.1211 0.1787
vt 0.1373 0.1592
vt 0.1483 0.1392
vt 0.1565 0.1147
vt 0.1576 0.0903
vt 0.1323 0.0703
vt 0.1526 0.0684
vt 0.1411 0.0449
vt 0.1149 0.0366
vt 0.1254 0.0239
vt 0.1103 0.0132
vt 0.0959 0.0161
vt 0.0971 0.0083
vt 0.0863 0.0083
vt 0.0729 0.0127
vt 0.0734 0.0435
vt 0.0576 0.0215
vt 0.0468 0.0356
vt 0.0438 0.0537
vt 0.0993 0.0854
vt 0.0537 0.0718
vt 0.0709 0.1011
vt 0.0319 0.0977
vt 0.0440 0.1162
vt 0.0759 0.1338
vt 0.0214 0.1294
vt 0.0505 0.1362
vt 0.0644 0.1528
vt 0.0715 0.1577
vt 0.0766 0.1650
vt 0.0796 0.1753
vt 0.0281 0.1455
vt 0.0557 0.1504
vt 0.0455 0.1514
vt 0.0293 0.1582
vt 0.1652 0.2163
vt 0.1923 0.2285
vt 0.1620 0.2236
vt 0.1953 0.2212
vt 0.1669 0.2085
vt 0.1372 0.2026
vt 0.2134 0.2363
vt 0.2235 0.2529
vt 0.2080 0.2422
vt 0.1871 0.2349
vt 0.1766 0.2480
vt 0.2014 0.2466
vt 0.2163 0.2559
vt 0.2090 0.2578
vt 0.2019 0.2607
vt 0.1698 0.2842
vt 0.1309 0.2769
vt 0.1589 0.3203
vt 0.1226 0.3096
vt 0.1382 0.3491
vt 0.1932 0.2983
vt 0.1227 0.3755
vt 0.1077 0.3667
vt 0.1428 0.3623
vt 0.1542 0.3477
vt 0.1682 0.3335
vt 0.1823 0.3232
vt 0.1985 0.3135
vt 0.1482 0.3687
vt 0.1594 0.3540
vt 0.1738 0.3403
vt 0.1882 0.3296
vt 0.2050 0.3179
vt 0.2086 0.2983
vt 0.1302 0.3813
vt 0.1421 0.3911
vt 0.1552 0.3730
vt 0.1652 0.3599
vt 0.1775 0.3477
vt 0.1901 0.3374
vt 0.2073 0.3252
vt 0.2211 0.3076
vt 0.2161 0.3013
vt 0.2283 0.2866
vt 0.2209 0.2827
vt 0.2284 0.2676
vt 0.2203 0.2671
vt 0.2126 0.2808
vt 0.2122 0.2671
vt 0.0099 0.1157
vt 0.0393 0.0684
vt 0.0302 0.0835
vt 0.0194 0.0967
vt 0.0034 0.1104
vt 0.1350 0.2178
vt 0.1105 0.2109
vt 0.1362 0.2104
vt 0.1111 0.2178
vt 0.1383 0.2393
vt 0.0952 0.2427
vt 0.0872 0.2241
vt 0.0845 0.2178
vt 0.1097 0.2031
vt 0.0906 0.2759
vt 0.0525 0.2573
vt 0.0582 0.2852
vt 0.0313 0.2832
vt 0.0398 0.3110
vt 0.0240 0.2866
vt 0.0351 0.3154
vt 0.0300 0.2695
vt 0.0245 0.2715
vt 0.0508 0.3145
vt 0.0853 0.3115
vt 0.1146 0.3408
vt 0.0904 0.3394
vt 0.0731 0.3374
vt 0.0762 0.3496
vt 0.0456 0.3213
vt 0.0600 0.3203
vt 0.0674 0.3276
vt 0.0619 0.3340
vt 0.0667 0.3433
vt 0.0690 0.3545
vt 0.0547 0.3271
vt 0.0600 0.3467
vt 0.0574 0.3403
vt 0.0526 0.3350
vt 0.0446 0.3296
vt 0.0329 0.3223
vt 0.0182 0.2925
vt 0.0903 0.3652
vt 0.0779 0.3687
vt 0.0641 0.3735
vt 0.0612 0.3560
vt 0.0640 0.2358
vt 0.0591 0.2310
vt 0.0464 0.2495
vt 0.0397 0.2476
vt 0.0178 0.2725
vt 0.0326 0.2432
vt 0.0537 0.2251
vt 0.0813 0.2109
vt 0.1146 0.3408
vt 0.1226 0.3096
vt 0.1382 0.3491
vt 0.0853 0.3115
vt 0.0906 0.2759
vt 0.1302 0.3813
vt 0.1227 0.3755
vt 0.1428 0.3623
vt 0.1077 0.3667
vt 0.0904 0.3394
vt 0.0731 0.3374
vt 0.0674 0.3276
vt 0.0600 0.3203
vt 0.0508 0.3145
vt 0.0582 0.2852
vt 0.0525 0.2573
vt 0.0903 0.3652
vt 0.0762 0.3496
vt 0.0779 0.3687
vt 0.0591 0.2310
vt 0.0397 0.2476
vt 0.0537 0.2251
vt 0.0464 0.2495
vt 0.0300 0.2695
vt 0.0313 0.2832
vt 0.0398 0.3110
vt 0.0456 0.3213
vt 0.0351 0.3154
vt 0.0329 0.3223
vt 0.0182 0.2925
vt 0.0240 0.2866
vt 0.0178 0.2725
vt 0.0245 0.2715
vt 0.0326 0.2432
vt 0.0600 0.3467
vt 0.0690 0.3545
vt 0.0612 0.3560
vt 0.0667 0.3433
vt 0.0574 0.3403
vt 0.0619 0.3340
vt 0.0526 0.3350
vt 0.0547 0.3271
vt 0.0446 0.3296
vt 0.0641 0.3735
vt 0.1738 0.3403
vt 0.1901 0.3374
vt 0.1775 0.3477
vt 0.1882 0.3296
vt 0.1682 0.3335
vt 0.2073 0.3252
vt 0.1594 0.3540
vt 0.1652 0.3599
vt 0.1542 0.3477
vt 0.1589 0.3203
vt 0.1823 0.3232
vt 0.2050 0.3179
vt 0.2211 0.3076
vt 0.2086 0.2983
vt 0.2161 0.3013
vt 0.1985 0.3135
vt 0.1932 0.2983
vt 0.1698 0.2842
vt 0.1309 0.2769
vt 0.1766 0.2480
vt 0.1383 0.2393
vt 0.1620 0.2236
vt 0.2126 0.2808
vt 0.2019 0.2607
vt 0.2014 0.2466
vt 0.1871 0.2349
vt 0.1923 0.2285
vt 0.2080 0.2422
vt 0.2134 0.2363
vt 0.2235 0.2529
vt 0.1953 0.2212
vt 0.1652 0.2163
vt 0.1669 0.2085
vt 0.1372 0.2026
vt 0.2090 0.2578
vt 0.2163 0.2559
vt 0.2203 0.2671
vt 0.2284 0.2676
vt 0.2209 0.2827
vt 0.2283 0.2866
vt 0.2122 0.2671
vt 0.0952 0.2427
vt 0.0640 0.2358
vt 0.0872 0.2241
vt 0.1111 0.2178
vt 0.0845 0.2178
vt 0.1105 0.2109
vt 0.1362 0.2104
vt 0.1350 0.2178
vt 0.1097 0.2031
vt 0.0813 0.2109
vt 0.1294 0.1543
vt 0.1055 0.1382
vt 0.1378 0.1113
vt 0.1323 0.0703
vt 0.1576 0.0903
vt 0.1565 0.1147
vt 0.1483 0.1392
vt 0.1373 0.1592
vt 0.1211 0.1787
vt 0.1070 0.1787
vt 0.0796 0.1753
vt 0.0766 0.1650
vt 0.0734 0.0435
vt 0.0729 0.0127
vt 0.0959 0.0161
vt 0.0863 0.0083
vt 0.0971 0.0083
vt 0.1103 0.0132
vt 0.1149 0.0366
vt 0.1254 0.0239
vt 0.1411 0.0449
vt 0.1526 0.0684
vt 0.0034 0.1104
vt 0.0194 0.0967
vt 0.0099 0.1157
vt 0.0319 0.0977
vt 0.0302 0.0835
vt 0.0537 0.0718
vt 0.0393 0.0684
vt 0.0438 0.0537
vt 0.0468 0.0356
vt 0.0576 0.0215
vt 0.0440 0.1162
vt 0.0709 0.1011
vt 0.0993 0.0854
vt 0.0214 0.1294
vt 0.0505 0.1362
vt 0.0759 0.1338
vt 0.0281 0.1455
vt 0.0715 0.1577
vt 0.0644 0.1528
vt 0.0557 0.1504
vt 0.0455 0.1514
vt 0.0293 0.1582
vt 0.1482 0.3687
vt 0.1552 0.3730
vt 0.1421 0.3911
vt 0.8872 0.9529
vt 0.8848 0.9626
vt 0.8701 0.9439
vt 0.9116 0.9526
vt 0.9150 0.9625
vt 0.9331 0.9521
vt 0.9590 0.9436
vt 0.9463 0.9360
vt 0.9688 0.9154
vt 0.9424 0.9635
vt 0.9185 0.9762
vt 0.8818 0.9763
vt 0.8633 0.9518
vt 0.8506 0.9359
vt 0.8545 0.9634
vt 0.8379 0.9437
vt 0.8276 0.9186
vt 0.8428 0.9155
vt 0.8276 0.8821
vt 0.8345 0.9539
vt 0.8433 0.9648
vt 0.8271 0.9420
vt 0.8213 0.9271
vt 0.8179 0.9138
vt 0.8179 0.8915
vt 0.8208 0.8695
vt 0.8374 0.8540
vt 0.8262 0.8566
vt 0.8818 0.8351
vt 0.9116 0.8351
vt 0.8848 0.8448
vt 0.8633 0.8455
vt 0.8779 0.8213
vt 0.8540 0.8340
vt 0.8506 0.8615
vt 0.8423 0.8846
vt 0.8530 0.9133
vt 0.8701 0.8533
vt 0.8599 0.8666
vt 0.8599 0.9307
vt 0.8525 0.8864
vt 0.9092 0.8448
vt 0.9263 0.9442
vt 0.9434 0.8842
vt 0.9463 0.8617
vt 0.9541 0.8819
vt 0.9541 0.9129
vt 0.9438 0.9111
vt 0.9365 0.9310
vt 0.9370 0.8668
vt 0.9263 0.8536
vt 0.9331 0.8457
vt 0.9150 0.8213
vt 0.9419 0.8341
vt 0.9590 0.8538
vt 0.9277 0.8156
vt 0.9404 0.8228
vt 0.9531 0.8328
vt 0.9624 0.8436
vt 0.9697 0.8555
vt 0.9751 0.8704
vt 0.9688 0.8789
vt 0.9790 0.8837
vt 0.9785 0.9060
vt 0.9756 0.9280
vt 0.9702 0.9409
vt 0.9619 0.9547
vt 0.9531 0.9653
vt 0.9419 0.9744
vt 0.9277 0.9820
vt 0.9136 0.9866
vt 0.8911 0.9861
vt 0.8687 0.9819
vt 0.8560 0.9748
vt 0.8345 0.8429
vt 0.8438 0.8322
vt 0.8545 0.8231
vt 0.8691 0.8156
vt 0.8828 0.8109
vt 0.9058 0.8113
vt 0.1980 0.9289
vt 0.1781 0.9255
vt 0.2001 0.9165
vt 0.1649 0.9235
vt 0.1667 0.9116
vt 0.1754 0.9394
vt 0.1953 0.9431
vt 0.1929 0.9554
vt 0.1560 0.8774
vt 0.1633 0.8845
vt 0.1559 0.8967
vt 0.1621 0.8987
vt 0.1542 0.9097
vt 0.1604 0.9106
vt 0.1586 0.9225
vt 0.1621 0.9371
vt 0.1729 0.9515
vt 0.1888 0.9758
vt 0.1689 0.9720
vt 0.1556 0.9365
vt 0.1521 0.9227
vt 0.1467 0.9413
vt 0.1487 0.9525
vt 0.1592 0.9492
vt 0.1366 0.9577
vt 0.2098 0.6223
vt 0.2095 0.6426
vt 0.1891 0.6423
vt 0.1896 0.6218
vt 0.1902 0.6013
vt 0.2106 0.6021
vt 0.1627 0.5955
vt 0.1665 0.6064
vt 0.1554 0.6135
vt 0.1709 0.5896
vt 0.1764 0.6016
vt 0.1774 0.5891
vt 0.1908 0.5891
vt 0.2111 0.5898
vt 0.1914 0.5752
vt 0.2115 0.5757
vt 0.1653 0.5764
vt 0.1718 0.5632
vt 0.1718 0.5752
vt 0.1655 0.5632
vt 0.1781 0.5752
vt 0.1782 0.5632
vt 0.1917 0.5632
vt 0.2118 0.5635
vt 0.1915 0.5513
vt 0.1782 0.5510
vt 0.1719 0.5510
vt 0.1654 0.5498
vt 0.1713 0.5369
vt 0.2117 0.5513
vt 0.1912 0.5371
vt 0.1777 0.5371
vt 0.1768 0.5247
vt 0.1667 0.5200
vt 0.1908 0.5247
vt 0.2112 0.5247
vt 0.2114 0.5371
vt 0.1909 0.5039
vt 0.2112 0.5039
vt 0.1631 0.5308
vt 0.1556 0.5129
vt 0.1558 0.5129
vt 0.2104 0.6924
vt 0.2103 0.7063
vt 0.1902 0.6924
vt 0.1902 0.6804
vt 0.2104 0.6804
vt 0.2102 0.6682
vt 0.1768 0.6807
vt 0.1899 0.6687
vt 0.1895 0.6545
vt 0.2097 0.6543
vt 0.1760 0.6548
vt 0.1750 0.6423
vt 0.1696 0.6543
vt 0.2102 0.7183
vt 0.1901 0.7063
vt 0.1769 0.6926
vt 0.1704 0.6807
vt 0.1766 0.6687
vt 0.1703 0.6687
vt 0.1650 0.6375
vt 0.1614 0.6482
vt 0.1638 0.6675
vt 0.1641 0.6809
vt 0.1705 0.6929
vt 0.1765 0.7065
vt 0.1702 0.7070
vt 0.1642 0.6941
vt 0.1621 0.7134
vt 0.1661 0.7241
vt 0.1760 0.7190
vt 0.1899 0.7183
vt 0.1553 0.7314
vt 0.2102 0.7385
vt 0.1899 0.7385
vt 0.1899 0.7587
vt 0.2102 0.7588
vt 0.1901 0.7709
vt 0.2102 0.7709
vt 0.1899 0.7848
vt 0.2102 0.7850
vt 0.1897 0.7966
vt 0.2098 0.7974
vt 0.2092 0.8096
vt 0.1855 0.8551
vt 0.1869 0.8347
vt 0.2058 0.8567
vt 0.2072 0.8361
vt 0.1879 0.8225
vt 0.2081 0.8239
vt 0.1890 0.8085
vt 0.1761 0.7960
vt 0.1765 0.7839
vt 0.1624 0.7629
vt 0.1702 0.7694
vt 0.1638 0.7822
vt 0.1703 0.7837
vt 0.1765 0.7701
vt 0.1698 0.7957
vt 0.1757 0.8080
vt 0.1744 0.8218
vt 0.1595 0.8276
vt 0.1628 0.8086
vt 0.1680 0.8219
vt 0.1693 0.8077
vt 0.1635 0.7954
vt 0.1730 0.8342
vt 0.1628 0.8386
vt 0.1515 0.8452
vt 0.7476 0.8596
vt 0.7461 0.8451
vt 0.7549 0.8546
vt 0.7402 0.8518
vt 0.7412 0.8289
vt 0.7529 0.8370
vt 0.7632 0.8475
vt 0.7729 0.8658
vt 0.7354 0.8379
vt 0.7212 0.8224
vt 0.7319 0.8458
vt 0.7500 0.9293
vt 0.7554 0.9196
vt 0.7554 0.8722
vt 0.7637 0.8696
vt 0.7778 0.8864
vt 0.7632 0.9230
vt 0.7778 0.9077
vt 0.7729 0.9278
vt 0.7681 0.9062
vt 0.7681 0.8876
vt 0.7593 0.8887
vt 0.7593 0.9051
vt 0.7573 0.9343
vt 0.7427 0.9376
vt 0.7183 0.8411
vt 0.7192 0.8322
vt 0.6997 0.8223
vt 0.7305 0.9458
vt 0.7158 0.9503
vt 0.7344 0.9536
vt 0.7168 0.9588
vt 0.7485 0.9440
vt 0.6982 0.9586
vt 0.7183 0.9686
vt 0.7388 0.9626
vt 0.7563 0.9513
vt 0.7661 0.9404
vt 0.6968 0.9684
vt 0.6768 0.9620
vt 0.6821 0.9530
vt 0.6992 0.9499
vt 0.7021 0.8406
vt 0.7007 0.8320
vt 0.6870 0.8451
vt 0.6831 0.8372
vt 0.6748 0.8533
vt 0.6860 0.9451
vt 0.6714 0.9458
vt 0.6646 0.9538
vt 0.6689 0.8468
vt 0.6606 0.8564
vt 0.6499 0.8845
vt 0.6543 0.8679
vt 0.6582 0.8857
vt 0.6626 0.8712
vt 0.6680 0.8615
vt 0.6792 0.8282
vt 0.6611 0.8395
vt 0.6519 0.8505
vt 0.6450 0.8630
vt 0.6396 0.8831
vt 0.6396 0.9044
vt 0.6548 0.9433
vt 0.6626 0.9363
vt 0.6450 0.9249
vt 0.6538 0.9212
vt 0.6494 0.9031
vt 0.6582 0.9020
vt 0.6621 0.9187
vt 0.6699 0.9314
vt 0.6772 0.9391
vt 0.1350 0.5063
vt 0.1165 0.5046
vt 0.1390 0.4712
vt 0.1165 0.5374
vt 0.1350 0.5391
vt 0.1165 0.5459
vt 0.1372 0.5476
vt 0.0819 0.4111
vt 0.1165 0.4082
vt 0.0841 0.4263
vt 0.1165 0.4248
vt 0.1487 0.4263
vt 0.1165 0.4688
vt 0.0938 0.4712
vt 0.0978 0.5063
vt 0.0978 0.5391
vt 0.0956 0.5476
vt 0.8936 0.3857
vt 0.8936 0.3745
vt 0.9209 0.3857
vt 0.9204 0.3740
vt 0.9492 0.3848
vt 0.9482 0.3735
vt 0.9888 0.3818
vt 0.9878 0.3706
vt 0.9854 0.3604
vt 0.9199 0.3647
vt 0.8931 0.3647
vt 0.8701 0.3740
vt 0.8701 0.3857
vt 0.8472 0.3857
vt 0.8472 0.3740
vt 0.8242 0.3857
vt 0.8242 0.3740
vt 0.8003 0.3740
vt 0.8701 0.3647
vt 0.8472 0.3647
vt 0.8237 0.3647
vt 0.9453 0.3306
vt 0.9189 0.3315
vt 0.9414 0.2192
vt 0.9478 0.3633
vt 0.8926 0.3315
vt 0.8696 0.3315
vt 0.8467 0.3315
vt 0.8232 0.3315
vt 0.9395 0.1069
vt 0.9141 0.1064
vt 0.9429 0.0840
vt 0.9775 0.2183
vt 0.9810 0.3286
vt 0.9736 0.1055
vt 0.8916 0.0498
vt 0.8921 0.0376
vt 0.9146 0.0503
vt 0.8906 0.0610
vt 0.9170 0.0620
vt 0.8896 0.0757
vt 0.9155 0.0762
vt 0.8887 0.1064
vt 0.9150 0.2197
vt 0.8682 0.0610
vt 0.8452 0.0610
vt 0.8687 0.0493
vt 0.8672 0.0752
vt 0.8667 0.1064
vt 0.8896 0.2197
vt 0.8447 0.0752
vt 0.8442 0.1064
vt 0.8672 0.2197
vt 0.8218 0.1064
vt 0.8452 0.2197
vt 0.8228 0.2197
vt 0.7993 0.1064
vt 0.8223 0.0757
vt 0.8003 0.3320
vt 0.7998 0.2197
vt 0.7764 0.2197
vt 0.7769 0.1064
vt 0.7534 0.2197
vt 0.7544 0.1064
vt 0.7305 0.2197
vt 0.7769 0.3315
vt 0.7539 0.3315
vt 0.7310 0.3315
vt 0.7075 0.2197
vt 0.7080 0.3315
vt 0.6812 0.2197
vt 0.6812 0.3315
vt 0.7314 0.1064
vt 0.7080 0.1064
vt 0.6816 0.1064
vt 0.6538 0.2202
vt 0.6548 0.1064
vt 0.6167 0.2202
vt 0.6167 0.1064
vt 0.5786 0.1069
vt 0.6538 0.3315
vt 0.6167 0.3325
vt 0.6538 0.0820
vt 0.6816 0.0757
vt 0.7080 0.0757
vt 0.7310 0.0757
vt 0.7539 0.0757
vt 0.7769 0.0757
vt 0.6514 0.0732
vt 0.6450 0.0615
vt 0.6523 0.0615
vt 0.6821 0.0615
vt 0.7080 0.0615
vt 0.7310 0.0615
vt 0.7539 0.0615
vt 0.6167 0.0610
vt 0.5962 0.0615
vt 0.6167 0.0503
vt 0.6367 0.0615
vt 0.6396 0.0503
vt 0.6626 0.0498
vt 0.6855 0.0498
vt 0.7085 0.0498
vt 0.6167 0.0381
vt 0.6396 0.0381
vt 0.6626 0.0381
vt 0.6855 0.0381
vt 0.7085 0.0381
vt 0.7310 0.0498
vt 0.7310 0.0381
vt 0.7085 0.0195
vt 0.6855 0.0195
vt 0.6626 0.0195
vt 0.6396 0.0200
vt 0.6167 0.0200
vt 0.5938 0.0381
vt 0.5708 0.0381
vt 0.5479 0.0381
vt 0.5708 0.0200
vt 0.5938 0.0200
vt 0.5708 0.0498
vt 0.5479 0.0498
vt 0.5249 0.0503
vt 0.5249 0.0615
vt 0.5020 0.0615
vt 0.5020 0.0757
vt 0.4792 0.0757
vt 0.4792 0.1064
vt 0.4563 0.1064
vt 0.4565 0.0757
vt 0.5249 0.0757
vt 0.5513 0.0615
vt 0.5938 0.0503
vt 0.5811 0.0615
vt 0.5513 0.0757
vt 0.5249 0.1064
vt 0.5020 0.1064
vt 0.5254 0.2197
vt 0.5791 0.2202
vt 0.5518 0.1064
vt 0.5796 0.0820
vt 0.5820 0.0732
vt 0.5884 0.0615
vt 0.5518 0.2197
vt 0.5518 0.3315
vt 0.5796 0.3315
vt 0.5786 0.3643
vt 0.6167 0.3643
vt 0.5786 0.3745
vt 0.6167 0.3745
vt 0.5786 0.3857
vt 0.5254 0.3315
vt 0.5518 0.3647
vt 0.5513 0.3740
vt 0.5513 0.3857
vt 0.5249 0.3740
vt 0.5024 0.3315
vt 0.5249 0.3647
vt 0.5020 0.3740
vt 0.5024 0.3647
vt 0.4795 0.3740
vt 0.5249 0.3857
vt 0.5020 0.3857
vt 0.4795 0.3857
vt 0.4565 0.3857
vt 0.5024 0.2202
vt 0.4792 0.3315
vt 0.4795 0.3647
vt 0.4565 0.3740
vt 0.4331 0.3740
vt 0.4329 0.3857
vt 0.4565 0.3647
vt 0.4563 0.3315
vt 0.4797 0.2202
vt 0.4570 0.2202
vt 0.4331 0.3320
vt 0.4331 0.3647
vt 0.4097 0.3647
vt 0.4094 0.3745
vt 0.3865 0.3647
vt 0.4338 0.0757
vt 0.4338 0.1064
vt 0.4338 0.2202
vt 0.4109 0.2202
vt 0.4099 0.3320
vt 0.4111 0.0757
vt 0.4109 0.0615
vt 0.4116 0.1064
vt 0.3884 0.2202
vt 0.3870 0.3320
vt 0.3635 0.3652
vt 0.3884 0.0757
vt 0.3879 0.0615
vt 0.3892 0.1064
vt 0.3660 0.2202
vt 0.3638 0.3320
vt 0.3403 0.3652
vt 0.3135 0.3652
vt 0.3408 0.3320
vt 0.3438 0.2207
vt 0.3667 0.1069
vt 0.3660 0.0757
vt 0.3652 0.0615
vt 0.3147 0.3320
vt 0.3181 0.2202
vt 0.3447 0.1069
vt 0.3435 0.0762
vt 0.3425 0.0615
vt 0.3418 0.0503
vt 0.3647 0.0498
vt 0.3408 0.0381
vt 0.3643 0.0381
vt 0.3196 0.1069
vt 0.3179 0.0767
vt 0.3164 0.0630
vt 0.3186 0.0513
vt 0.3174 0.0396
vt 0.3159 0.0210
vt 0.2915 0.0234
vt 0.2939 0.0415
vt 0.2673 0.0273
vt 0.2869 0.0659
vt 0.2957 0.0532
vt 0.2705 0.0454
vt 0.2435 0.0317
vt 0.2871 0.0776
vt 0.2798 0.0669
vt 0.2727 0.0566
vt 0.2471 0.0498
vt 0.2722 0.0684
vt 0.2502 0.0615
vt 0.2529 0.0723
vt 0.2524 0.3291
vt 0.2881 0.3311
vt 0.2482 0.3613
vt 0.2559 0.2188
vt 0.2920 0.2202
vt 0.2942 0.1074
vt 0.2905 0.0850
vt 0.2595 0.1060
vt 0.3127 0.3862
vt 0.2844 0.3857
vt 0.3132 0.3750
vt 0.2852 0.3740
vt 0.2460 0.3711
vt 0.2859 0.3643
vt 0.2450 0.3828
vt 0.3862 0.3745
vt 0.3633 0.3745
vt 0.3401 0.3750
vt 0.4094 0.3857
vt 0.3865 0.3862
vt 0.3633 0.3862
vt 0.3401 0.3862
vt 0.1509 0.4111
vt 0.9155 0.0386
vt 0.9375 0.0522
vt 0.9390 0.0405
vt 0.9624 0.0439
vt 0.9604 0.0557
vt 0.9463 0.0649
vt 0.9863 0.0483
vt 0.9897 0.0303
vt 0.9829 0.0601
vt 0.9609 0.0674
vt 0.9536 0.0659
vt 0.9463 0.0767
vt 0.9805 0.0708
vt 0.8687 0.0376
vt 0.8457 0.0376
vt 0.8691 0.0190
vt 0.8931 0.0195
vt 0.9170 0.0205
vt 0.9414 0.0225
vt 0.9658 0.0259
vt 0.8457 0.0493
vt 0.7769 0.0615
vt 0.7993 0.0757
vt 0.7998 0.0610
vt 0.8223 0.0610
vt 0.8228 0.0498
vt 0.8228 0.0376
vt 0.8457 0.0190
vt 0.8228 0.0195
vt 0.3120 0.9036
vt 0.2954 0.9236
vt 0.2954 0.8900
vt 0.3098 0.8808
vt 0.2954 0.8688
vt 0.3059 0.8522
vt 0.2952 0.8450
vt 0.2839 0.9261
vt 0.2859 0.9344
vt 0.2788 0.9037
vt 0.2810 0.8809
vt 0.2847 0.8523
vt 0.2856 0.8204
vt 0.2952 0.8165
vt 0.3047 0.8203
vt 0.2678 0.8925
vt 0.2737 0.8562
vt 0.2751 0.8231
vt 0.2952 0.8069
vt 0.3062 0.8113
vt 0.2842 0.8114
vt 0.2749 0.8138
vt 0.2617 0.8138
vt 0.2622 0.8224
vt 0.2610 0.8534
vt 0.2510 0.8854
vt 0.2371 0.9283
vt 0.2649 0.9261
vt 0.2754 0.9321
vt 0.2791 0.9399
vt 0.2957 0.9765
vt 0.2954 0.9322
vt 0.2749 0.9745
vt 0.2739 0.9484
vt 0.2695 0.9411
vt 0.2561 0.9434
vt 0.2307 0.9429
vt 0.2478 0.9606
vt 0.2654 0.9524
vt 0.2554 0.9662
vt 0.2703 0.9599
vt 0.2673 0.9725
vt 0.3357 0.9660
vt 0.3257 0.9522
vt 0.3435 0.9604
vt 0.3210 0.9598
vt 0.3237 0.9724
vt 0.3162 0.9744
vt 0.3171 0.9483
vt 0.3120 0.9398
vt 0.3213 0.9410
vt 0.3154 0.9319
vt 0.3069 0.9260
vt 0.3049 0.9343
vt 0.3262 0.9260
vt 0.3350 0.9432
vt 0.3152 0.8230
vt 0.3169 0.8561
vt 0.3228 0.8924
vt 0.3540 0.9280
vt 0.3604 0.9426
vt 0.3398 0.8853
vt 0.3296 0.8533
vt 0.3281 0.8223
vt 0.3286 0.8137
vt 0.3154 0.8137
vt 0.2905 0.4785
vt 0.3193 0.5007
vt 0.2939 0.5012
vt 0.3179 0.4707
vt 0.2871 0.4712
vt 0.2869 0.4595
vt 0.2798 0.4604
vt 0.2727 0.4502
vt 0.2722 0.4619
vt 0.2502 0.4551
vt 0.2472 0.4434
vt 0.2527 0.4653
vt 0.3445 0.5005
vt 0.3667 0.5005
vt 0.3435 0.4697
vt 0.3657 0.4697
vt 0.3164 0.4565
vt 0.2957 0.4468
vt 0.2705 0.4385
vt 0.2437 0.4248
vt 0.2676 0.4204
vt 0.2939 0.4351
vt 0.3186 0.4448
vt 0.3425 0.4556
vt 0.3652 0.4556
vt 0.3418 0.4443
vt 0.2917 0.4170
vt 0.3176 0.4331
vt 0.3162 0.4150
vt 0.3411 0.4321
vt 0.3643 0.4316
vt 0.3403 0.4136
vt 0.3640 0.4136
vt 0.3647 0.4438
vt 0.3875 0.4316
vt 0.3875 0.4136
vt 0.4104 0.4136
vt 0.4104 0.4321
vt 0.3877 0.4438
vt 0.3879 0.4556
vt 0.3884 0.4697
vt 0.3889 0.5005
vt 0.4114 0.5005
vt 0.3882 0.6143
vt 0.4109 0.4697
vt 0.4109 0.4556
vt 0.4106 0.4438
vt 0.4333 0.4321
vt 0.4336 0.4141
vt 0.4563 0.4141
vt 0.4106 0.6140
vt 0.4099 0.7258
vt 0.4338 0.5005
vt 0.4336 0.4702
vt 0.4336 0.4556
vt 0.4336 0.4443
vt 0.4792 0.4702
vt 0.5020 0.4702
vt 0.4790 0.5005
vt 0.4563 0.5005
vt 0.4565 0.4702
vt 0.4565 0.4556
vt 0.4563 0.4443
vt 0.4563 0.4321
vt 0.5479 0.4443
vt 0.5513 0.4556
vt 0.5249 0.4556
vt 0.5249 0.4702
vt 0.5020 0.4556
vt 0.4792 0.4556
vt 0.4792 0.4443
vt 0.5249 0.4443
vt 0.5020 0.4443
vt 0.4792 0.4321
vt 0.5020 0.4321
vt 0.5249 0.4321
vt 0.5479 0.4321
vt 0.5703 0.4443
vt 0.5708 0.4321
vt 0.4792 0.4141
vt 0.5020 0.4141
vt 0.5249 0.4141
vt 0.5479 0.4141
vt 0.5708 0.4141
vt 0.5938 0.4141
vt 0.5938 0.4326
vt 0.6167 0.4141
vt 0.6855 0.4141
vt 0.6855 0.4321
vt 0.6626 0.4141
vt 0.6626 0.4321
vt 0.6396 0.4141
vt 0.6396 0.4326
vt 0.6167 0.4326
vt 0.6167 0.4443
vt 0.5938 0.4443
vt 0.5962 0.4556
vt 0.6626 0.4443
vt 0.6509 0.4678
vt 0.6450 0.4556
vt 0.6523 0.4561
vt 0.6396 0.4443
vt 0.6367 0.4556
vt 0.6167 0.4556
vt 0.6855 0.4443
vt 0.7080 0.4443
vt 0.6816 0.4561
vt 0.6816 0.4702
vt 0.6538 0.4766
vt 0.6816 0.5007
vt 0.6543 0.5010
vt 0.6538 0.6143
vt 0.6167 0.6143
vt 0.6538 0.7258
vt 0.6167 0.7258
vt 0.6167 0.5007
vt 0.5786 0.5007
vt 0.5796 0.7258
vt 0.6167 0.7585
vt 0.6543 0.7587
vt 0.6812 0.7256
vt 0.6816 0.7587
vt 0.7080 0.7258
vt 0.7080 0.7587
vt 0.7310 0.7258
vt 0.7310 0.7587
vt 0.7764 0.7682
vt 0.7539 0.7587
vt 0.7769 0.7587
vt 0.7539 0.7682
vt 0.7310 0.7682
vt 0.7080 0.7683
vt 0.6816 0.7683
vt 0.6548 0.7684
vt 0.6167 0.7687
vt 0.6548 0.7799
vt 0.6167 0.7800
vt 0.6816 0.7800
vt 0.7085 0.7799
vt 0.7310 0.7798
vt 0.7539 0.7798
vt 0.7769 0.7798
vt 0.8003 0.7798
vt 0.8003 0.7682
vt 0.8003 0.7588
vt 0.7539 0.7258
vt 0.7769 0.7258
vt 0.7998 0.7263
vt 0.8237 0.7589
vt 0.8237 0.7684
vt 0.7534 0.6143
vt 0.7305 0.6143
vt 0.7539 0.5007
vt 0.7310 0.5007
vt 0.7310 0.4702
vt 0.7075 0.6140
vt 0.7080 0.4702
vt 0.7080 0.4556
vt 0.7080 0.5007
vt 0.6812 0.6140
vt 0.7764 0.6143
vt 0.7993 0.5007
vt 0.7993 0.6143
vt 0.7769 0.5007
vt 0.7769 0.4702
vt 0.7539 0.4702
vt 0.7539 0.4556
vt 0.7310 0.4556
vt 0.7310 0.4443
vt 0.7080 0.4321
vt 0.7539 0.4443
vt 0.7310 0.4326
vt 0.7539 0.4321
vt 0.7769 0.4321
vt 0.7998 0.4141
vt 0.7998 0.4321
vt 0.7769 0.4141
vt 0.7539 0.4141
vt 0.7310 0.4141
vt 0.7080 0.4141
vt 0.8687 0.4443
vt 0.8457 0.4438
vt 0.8691 0.4321
vt 0.8457 0.4321
vt 0.8228 0.4321
vt 0.8228 0.4443
vt 0.7998 0.4443
vt 0.7769 0.4443
vt 0.7769 0.4556
vt 0.7998 0.4556
vt 0.7993 0.4702
vt 0.8223 0.4556
vt 0.8452 0.4556
vt 0.8682 0.4556
vt 0.8447 0.4702
vt 0.8672 0.4702
vt 0.8223 0.4702
vt 0.8896 0.6145
vt 0.8887 0.5010
vt 0.9150 0.6145
vt 0.8667 0.5007
vt 0.8896 0.4702
vt 0.8906 0.4561
vt 0.8916 0.4443
vt 0.8921 0.4326
vt 0.9136 0.5012
vt 0.9414 0.6143
vt 0.9155 0.4712
vt 0.9170 0.4570
vt 0.9146 0.4453
vt 0.9155 0.4336
vt 0.9375 0.4473
vt 0.9395 0.4355
vt 0.9629 0.4395
vt 0.9604 0.4512
vt 0.9463 0.4600
vt 0.9863 0.4443
vt 0.9829 0.4561
vt 0.9897 0.4263
vt 0.9658 0.4214
vt 0.9414 0.4175
vt 0.9175 0.4155
vt 0.9805 0.4668
vt 0.9609 0.4624
vt 0.9536 0.4609
vt 0.9458 0.4717
vt 0.9429 0.4790
vt 0.9390 0.5017
vt 0.9736 0.5000
vt 0.9775 0.6130
vt 0.9453 0.7253
vt 0.9810 0.7234
vt 0.9854 0.7551
vt 0.9482 0.7681
vt 0.9487 0.7795
vt 0.9199 0.7688
vt 0.9883 0.7766
vt 0.9873 0.7651
vt 0.9473 0.7582
vt 0.9185 0.7261
vt 0.8926 0.7263
vt 0.9199 0.7592
vt 0.8931 0.7593
vt 0.8931 0.7688
vt 0.8701 0.7687
vt 0.8696 0.7592
vt 0.8472 0.7686
vt 0.8467 0.7590
vt 0.8696 0.7261
vt 0.8462 0.7261
vt 0.8232 0.7261
vt 0.8672 0.6145
vt 0.8447 0.6143
vt 0.8223 0.6143
vt 0.8442 0.5007
vt 0.8218 0.5007
vt 0.5020 0.7587
vt 0.5020 0.7256
vt 0.5249 0.7587
vt 0.4792 0.7256
vt 0.4792 0.7587
vt 0.4563 0.7256
vt 0.5254 0.7256
vt 0.5513 0.7587
vt 0.5513 0.7683
vt 0.5249 0.7682
vt 0.5020 0.7682
vt 0.4795 0.7682
vt 0.4565 0.7681
vt 0.4565 0.7587
vt 0.4331 0.7261
vt 0.5020 0.7798
vt 0.5249 0.7798
vt 0.5513 0.7800
vt 0.5786 0.7799
vt 0.5786 0.7684
vt 0.5786 0.7585
vt 0.5518 0.7256
vt 0.5518 0.6140
vt 0.5513 0.5005
vt 0.5791 0.6143
vt 0.5513 0.4702
vt 0.5249 0.5005
vt 0.4568 0.6140
vt 0.4336 0.6140
vt 0.4797 0.6140
vt 0.5024 0.6140
vt 0.5020 0.5005
vt 0.5254 0.6140
vt 0.3630 0.7684
vt 0.3862 0.7799
vt 0.3630 0.7800
vt 0.3862 0.7683
vt 0.4092 0.7682
vt 0.3862 0.7588
vt 0.4094 0.7588
vt 0.3401 0.7590
vt 0.3633 0.7589
vt 0.2878 0.7251
vt 0.3145 0.7256
vt 0.2856 0.7578
vt 0.3132 0.7588
vt 0.3408 0.7258
vt 0.3638 0.7258
vt 0.3867 0.7258
vt 0.3660 0.6143
vt 0.3438 0.6143
vt 0.3181 0.6140
vt 0.2917 0.6138
vt 0.2556 0.6125
vt 0.2522 0.7229
vt 0.2593 0.5000
vt 0.1855 0.0527
vt 0.2041 0.0547
vt 0.1815 0.0884
vt 0.2041 0.0220
vt 0.1855 0.0200
vt 0.2041 0.0132
vt 0.1832 0.0117
vt 0.2386 0.1484
vt 0.2041 0.1514
vt 0.2365 0.1328
vt 0.2041 0.1348
vt 0.1719 0.1328
vt 0.2041 0.0908
vt 0.2267 0.0884
vt 0.2227 0.0527
vt 0.2227 0.0200
vt 0.2250 0.0117
vt 0.2458 0.7648
vt 0.2842 0.7792
vt 0.2448 0.7762
vt 0.3398 0.7802
vt 0.3125 0.7800
vt 0.3398 0.7686
vt 0.3130 0.7684
vt 0.2849 0.7677
vt 0.2479 0.7548
vt 0.1696 0.1484
vt 0.5811 0.4556
vt 0.5884 0.4556
vt 0.5820 0.4678
vt 0.5796 0.4766
vt 0.1215 0.7041
vt 0.1359 0.7468
vt 0.1046 0.7112
vt 0.0984 0.6748
vt 0.1113 0.6721
vt 0.0967 0.6418
vt 0.1095 0.6411
vt 0.1099 0.6326
vt 0.0969 0.6326
vt 0.1169 0.7620
vt 0.1423 0.7611
vt 0.1255 0.7791
vt 0.1080 0.7449
vt 0.0938 0.7224
vt 0.0915 0.6997
vt 0.0876 0.6711
vt 0.0862 0.6392
vt 0.0876 0.6301
vt 0.0766 0.6355
vt 0.0765 0.6260
vt 0.0768 0.6638
vt 0.0770 0.6877
vt 0.0771 0.7090
vt 0.0774 0.7427
vt 0.0889 0.7449
vt 0.0606 0.7227
vt 0.0659 0.7451
vt 0.0574 0.7511
vt 0.0626 0.7000
vt 0.0662 0.6711
vt 0.0468 0.7454
vt 0.0497 0.7117
vt 0.0554 0.6753
vt 0.0566 0.6421
vt 0.0670 0.6394
vt 0.0327 0.7046
vt 0.0424 0.6726
vt 0.0438 0.6416
vt 0.0432 0.6331
vt 0.0562 0.6328
vt 0.0655 0.6304
vt 0.0376 0.7853
vt 0.0522 0.7789
vt 0.0495 0.7916
vt 0.0571 0.7935
vt 0.0559 0.7675
vt 0.0474 0.7714
vt 0.0516 0.7601
vt 0.0381 0.7626
vt 0.0190 0.7476
vt 0.0127 0.7621
vt 0.0298 0.7798
vt 0.0775 0.7511
vt 0.0778 0.7954
vt 0.0679 0.7533
vt 0.0870 0.7532
vt 0.0609 0.7589
vt 0.0941 0.7587
vt 0.0984 0.7932
vt 0.0992 0.7671
vt 0.1030 0.7786
vt 0.1078 0.7710
vt 0.1178 0.7847
vt 0.1060 0.7911
vt 0.0975 0.7507
vt 0.1034 0.7598
vt 0.0524 0.5508
vt 0.0524 0.5945
vt 0.0298 0.5481
vt 0.0201 0.5928
vt 0.0339 0.4805
vt 0.0316 0.4717
vt 0.0524 0.4731
vt 0.0524 0.4819
vt 0.0339 0.5127
vt 0.0524 0.5144
vt 0.0750 0.5481
vt 0.0847 0.5928
vt 0.0524 0.6113
vt 0.0179 0.6084
vt 0.0869 0.6084
vt 0.0710 0.5127
vt 0.0710 0.4805
vt 0.0733 0.4717
vt 0.7539 0.3857
vt 0.7310 0.3740
vt 0.7539 0.3740
vt 0.7769 0.3857
vt 0.7769 0.3740
vt 0.8003 0.3857
vt 0.7539 0.3643
vt 0.7769 0.3643
vt 0.8003 0.3643
vt 0.7310 0.3643
vt 0.7080 0.3647
vt 0.6548 0.3745
vt 0.6543 0.3643
vt 0.6816 0.3647
vt 0.6821 0.3740
vt 0.7085 0.3740
vt 0.6167 0.3857
vt 0.6548 0.3857
vt 0.6821 0.3857
vt 0.7085 0.3857
vt 0.7310 0.3857
vt 0.4451 0.8441
vt 0.4490 0.8326
vt 0.4536 0.8402
vt 0.4492 0.8514
vt 0.4626 0.8492
vt 0.4539 0.8665
vt 0.4817 0.8646
vt 0.4883 0.8501
vt 0.4714 0.8322
vt 0.4636 0.8265
vt 0.4519 0.8199
vt 0.4443 0.8180
vt 0.4399 0.8525
vt 0.4431 0.8604
vt 0.4395 0.8887
vt 0.4504 0.9000
vt 0.4373 0.9114
vt 0.4441 0.9363
vt 0.4331 0.9401
vt 0.4424 0.9693
vt 0.4556 0.9787
vt 0.4424 0.9786
vt 0.4551 0.9702
vt 0.4570 0.9392
vt 0.4673 0.9072
vt 0.4319 0.9719
vt 0.4331 0.9809
vt 0.4221 0.9756
vt 0.4221 0.9853
vt 0.4111 0.9807
vt 0.4126 0.9717
vt 0.4019 0.9782
vt 0.4021 0.9689
vt 0.3887 0.9781
vt 0.4229 0.9022
vt 0.4231 0.8685
vt 0.4226 0.9235
vt 0.4224 0.9472
vt 0.4119 0.9398
vt 0.4136 0.8578
vt 0.4116 0.8661
vt 0.4067 0.8522
vt 0.4033 0.8600
vt 0.4062 0.8884
vt 0.4084 0.9112
vt 0.4011 0.9359
vt 0.3953 0.8995
vt 0.3926 0.8658
vt 0.3975 0.8510
vt 0.4016 0.8436
vt 0.4031 0.8176
vt 0.3894 0.9696
vt 0.3882 0.9386
vt 0.3784 0.9064
vt 0.3647 0.8635
vt 0.3840 0.8485
vt 0.3933 0.8397
vt 0.3982 0.8322
vt 0.3953 0.8195
vt 0.3833 0.8258
vt 0.3757 0.8313
vt 0.3584 0.8489
vt 0.4236 0.8157
vt 0.4233 0.8600
vt 0.4329 0.8579
vt 0.4346 0.8663
vt 0.0565 0.8676
vt 0.0751 0.8693
vt 0.0525 0.9029
vt 0.0751 0.8367
vt 0.0565 0.8350
vt 0.0751 0.8280
vt 0.0542 0.8263
vt 0.0959 0.8263
vt 0.0936 0.8350
vt 0.0936 0.8676
vt 0.0977 0.9029
vt 0.0751 0.9055
vt 0.0751 0.9493
vt 0.0428 0.9475
vt 0.0751 0.9660
vt 0.1074 0.9475
vt 0.1096 0.9632
vt 0.0406 0.9632
vt 0.5723 0.9611
vt 0.5806 0.9651
vt 0.5757 0.9726
vt 0.5767 0.9538
vt 0.5903 0.9790
vt 0.5981 0.9736
vt 0.5786 0.9853
vt 0.5708 0.9871
vt 0.5674 0.9525
vt 0.5708 0.9447
vt 0.5625 0.9386
vt 0.5605 0.9469
vt 0.5503 0.9889
vt 0.5508 0.9446
vt 0.5508 0.9360
vt 0.5679 0.9163
vt 0.5815 0.9389
vt 0.5898 0.9563
vt 0.5298 0.9865
vt 0.5342 0.9520
vt 0.6157 0.9561
vt 0.6094 0.9414
vt 0.5791 0.9053
vt 0.5659 0.8935
vt 0.5732 0.8688
vt 0.5625 0.8649
vt 0.5723 0.8358
vt 0.5620 0.8329
vt 0.5962 0.8984
vt 0.5864 0.8662
vt 0.5854 0.8352
vt 0.5859 0.8267
vt 0.5728 0.8265
vt 0.5635 0.8240
vt 0.5527 0.8290
vt 0.5527 0.8193
vt 0.5415 0.8236
vt 0.5430 0.8326
vt 0.5322 0.8259
vt 0.5322 0.8352
vt 0.5190 0.8257
vt 0.5195 0.8342
vt 0.5176 0.8652
vt 0.5303 0.8682
vt 0.5068 0.8971
vt 0.5239 0.9044
vt 0.5371 0.8931
vt 0.5347 0.9158
vt 0.5415 0.8645
vt 0.4924 0.9397
vt 0.5200 0.9380
vt 0.5308 0.9441
vt 0.5396 0.9383
vt 0.5410 0.9466
vt 0.5288 0.9604
vt 0.5249 0.9530
vt 0.5112 0.9551
vt 0.4858 0.9541
vt 0.5024 0.9722
vt 0.5205 0.9642
vt 0.5103 0.9778
vt 0.5249 0.9718
vt 0.5220 0.9844
vt 0.5522 0.8574
vt 0.5518 0.8812
vt 0.5513 0.9024
vt 0.7539 0.0498
vt 0.7539 0.0381
vt 0.7769 0.0381
vt 0.7769 0.0498
vt 0.7998 0.0498
vt 0.7998 0.0376
vt 0.7998 0.0195
vt 0.7769 0.0195
vt 0.7539 0.0195
vt 0.7310 0.0195
vt 0.4333 0.0381
vt 0.4336 0.0498
vt 0.4104 0.0381
vt 0.4565 0.0503
vt 0.4563 0.0381
vt 0.4792 0.0503
vt 0.4792 0.0381
vt 0.5020 0.0503
vt 0.5020 0.0381
vt 0.5249 0.0381
vt 0.4565 0.0615
vt 0.4792 0.0615
vt 0.4563 0.0195
vt 0.4792 0.0200
vt 0.5020 0.0200
vt 0.5249 0.0200
vt 0.5479 0.0195
vt 0.3877 0.0498
vt 0.3875 0.0376
vt 0.4106 0.0498
vt 0.4336 0.0615
vt 7.5938 0.0171
vt 7.5781 0.0171
vt 7.5938 0.0127
vt 7.5781 0.0127
vt 7.5625 0.0171
vt 7.5625 0.0127
vt 7.6680 0.0127
vt 7.6680 0.0171
vt 7.6523 0.0127
vt 7.6523 0.0171
vt 7.6367 0.0127
vt 7.6367 0.0171
vt 7.6211 0.0127
vt 7.6211 0.0171
vt 7.6055 0.0171
vt 7.6055 0.0127
vt 7.7461 0.0171
vt 7.7305 0.0171
vt 7.7461 0.0127
vt 7.7305 0.0127
vt 7.7148 0.0171
vt 7.7148 0.0127
vt 7.6992 0.0171
vt 7.6992 0.0127
vt 7.6836 0.0171
vt 7.6836 0.0127
vt 7.8203 0.0127
vt 7.8203 0.0171
vt 7.8047 0.0171
vt 7.8047 0.0127
vt 7.7891 0.0127
vt 7.7891 0.0171
vt 7.7734 0.0127
vt 7.7734 0.0171
vt 7.7617 0.0127
vt 7.7617 0.0171
vt 7.8984 0.0127
vt 7.8984 0.0171
vt 7.8828 0.0127
vt 7.8828 0.0171
vt 7.8672 0.0127
vt 7.8672 0.0171
vt 7.8516 0.0171
vt 7.8516 0.0127
vt 7.8359 0.0171
vt 7.8359 0.0127
vt 7.9727 0.0127
vt 7.9727 0.0171
vt 7.9570 0.0171
vt 7.9570 0.0127
vt 7.9453 0.0171
vt 7.9453 0.0127
vt 7.9297 0.0171
vt 7.9297 0.0127
vt 7.9141 0.0127
vt 7.9141 0.0171
vt 8.0469 0.0127
vt 8.0469 0.0171
vt 8.0312 0.0127
vt 8.0312 0.0171
vt 8.0156 0.0127
vt 8.0156 0.0171
vt 8.0000 0.0127
vt 8.0000 0.0171
vt 7.9883 0.0127
vt 7.9883 0.0171
vt 0.4092 0.7798
vt 0.4329 0.7681
vt 0.4329 0.7587
vt 0.4329 0.7797
vt 0.4565 0.7797
vt 0.4792 0.7797
vt 0.1539 0.6306
vt 0.1541 0.6304
vt 2.6289 0.4360
vt 2.7227 0.5051
vt 2.6289 0.5051
vt 2.7227 0.4360
vt 2.8164 0.5051
vt 2.6289 0.3179
vt 2.8164 0.4360
vt 2.9102 0.5051
vt 2.7227 0.3179
vt 2.6289 0.2070
vt 2.9980 0.6833
vt 2.9102 0.6833
vt 2.9980 0.5747
vt 2.9102 0.5747
vt 2.9980 0.5051
vt 2.9102 0.4360
vt 2.8164 0.3179
vt 2.7227 0.2070
vt 2.9102 0.3179
vt 2.8164 0.2070
vt 2.7227 0.1787
vt 2.6289 0.1787
vt 2.6289 0.1553
vt 2.9980 0.4360
vt 2.9980 0.3179
vt 2.9102 0.2070
vt 2.8164 0.1787
vt 2.7227 0.1553
vt 2.7227 0.0806
vt 2.9980 0.2070
vt 2.8164 0.0806
vt 2.8164 0.1553
vt 2.9102 0.1787
vt 2.9980 0.1787
vt 2.9980 0.1553
vt 2.9102 0.1553
vt 2.9980 0.0806
vt 2.9102 0.0806
vt 2.9980 0.0425
vt 2.6289 0.0806
vt 2.7227 0.0425
vt 2.8164 0.0425
vt 2.9102 0.0425
vt 2.9980 0.0015
vt 2.9102 0.0015
vt 2.6289 0.0425
vt 2.5332 0.0425
vt 2.8164 0.0015
vt 2.7227 0.0015
vt 2.6289 0.0015
vt 2.5332 0.0015
vt 2.4395 0.0015
vt 2.4395 0.0425
vt 2.3457 0.0015
vt 2.5332 0.1787
vt 2.5332 0.1553
vt 2.5332 0.0806
vt 2.4395 0.0806
vt 2.3457 0.0425
vt 2.4395 0.1553
vt 2.3457 0.0806
vt 2.2520 0.0806
vt 2.3457 0.1553
vt 2.3457 0.1787
vt 2.4395 0.1787
vt 2.2520 0.1787
vt 2.2520 0.1553
vt 2.1582 0.2070
vt 2.1582 0.0806
vt 2.2520 0.0425
vt 2.2520 0.0015
vt 2.1582 0.0015
vt 2.0625 0.0015
vt 1.9697 0.0015
vt 1.8760 0.0015
vt 1.8760 0.0425
vt 1.7812 0.0015
vt 1.7812 0.0425
vt 1.6875 0.0015
vt 1.6875 0.0425
vt 1.5938 0.0015
vt 1.5938 0.0425
vt 1.4990 0.0015
vt 1.6875 0.0806
vt 1.7812 0.0806
vt 1.7812 0.1553
vt 1.6875 0.1787
vt 1.6875 0.1553
vt 1.5938 0.0806
vt 2.0645 0.6833
vt 2.1582 0.6833
vt 2.0645 0.8015
vt 1.9697 0.8015
vt 1.9697 0.8529
vt 1.8760 0.8529
vt 2.1582 0.5747
vt 2.2520 0.5051
vt 2.5332 0.8529
vt 2.4395 0.8529
vt 2.5352 0.8015
vt 2.4395 0.8015
vt 2.4395 0.6833
vt 2.3457 0.6833
vt 2.3457 0.5747
vt 2.2520 0.5747
vt 2.3457 0.8529
vt 2.3457 0.8015
vt 2.2520 0.6833
vt 2.1582 0.8015
vt 2.0645 0.8529
vt 2.2520 0.8015
vt 2.2520 0.8529
vt 2.1582 0.8529
vt 2.1582 0.9197
vt 2.0625 0.9197
vt 2.2520 0.9197
vt 2.3457 0.9197
vt 2.4395 0.9197
vt 2.5332 0.9197
vt 2.6289 0.8529
vt 1.8760 0.9997
vt 1.8760 0.9197
vt 1.9697 0.9997
vt 1.9697 0.9197
vt 2.0625 0.9997
vt 2.1582 0.9997
vt 2.2520 0.9997
vt 2.3457 0.9997
vt 1.6875 0.9197
vt 1.5938 0.9197
vt 1.7812 0.9197
vt 1.4053 0.9997
vt 1.4053 0.9197
vt 1.4990 0.9997
vt 1.4990 0.9197
vt 1.5938 0.9997
vt 1.6875 0.9997
vt 1.7812 0.9997
vt 1.2168 0.9197
vt 1.1230 0.9197
vt 1.3115 0.9197
vt 1.4053 0.8529
vt 1.4990 0.8529
vt 0.9351 0.9997
vt 0.9351 0.9197
vt 1.0293 0.9997
vt 1.0293 0.9197
vt 1.1230 0.9997
vt 1.2168 0.9997
vt 1.3115 0.9997
vt 0.7471 0.9197
vt 0.8408 0.9197
vt 0.5586 0.9997
vt 0.6528 0.9997
vt 0.7471 0.9997
vt 0.8408 0.9997
vt 0.0715 0.1577
vt 0.0644 0.1528
vt 0.0557 0.1504
vt 0.0455 0.1514
vt 0.0293 0.1582
vt 2.3457 0.5051
vt 2.4395 0.5747
vt 2.3457 0.4360
vt 2.2520 0.4360
vt 2.3457 0.3179
vt 2.2520 0.3179
vt 2.2520 0.2070
vt 2.3457 0.2070
vt 2.4395 0.2070
vt 2.4395 0.3179
vt 2.4395 0.4360
vt 2.4395 0.5051
vt 2.5332 0.5747
vt 2.8164 0.6833
vt 2.7227 0.6833
vt 2.8164 0.5747
vt 2.7227 0.5747
vt 2.6289 0.6833
vt 2.6270 0.5747
vt 2.5332 0.5051
vt 2.5332 0.4360
vt 2.5332 0.3179
vt 2.5332 0.2070
vt 2.8164 0.8529
vt 2.7227 0.8529
vt 2.8164 0.8015
vt 2.7227 0.8015
vt 2.6289 0.8015
vt 2.5332 0.6833
vt 2.9102 0.8015
vt 2.9102 0.8529
vt 2.6289 0.9197
vt 2.7227 0.9197
vt 2.8164 0.9197
vt 2.9102 0.9197
vt 2.8164 0.9997
vt 2.9102 0.9997
vt 2.9980 0.9997
vt 2.9980 0.9197
vt 2.9980 0.8529
vt 2.9980 0.8015
vt 2.4395 0.9997
vt 2.5332 0.9997
vt 2.6289 0.9997
vt 2.7227 0.9997
vt 0.1816 0.9017
vt 0.1801 0.9136
vt 0.1683 0.8997
vt 0.1830 0.8876
vt 0.1696 0.8859
vt 0.1840 0.8754
vt 0.1703 0.8734
vt 0.2017 0.9041
vt 0.2031 0.8897
vt 0.2042 0.8773
vt 0.1514 0.8586
vt 0.1613 0.8673
vt 0.1512 0.8588
vt 0.3401 0.0200
vt 0.3638 0.0195
vt 0.3872 0.0195
vt 0.4104 0.0195
vt 0.4333 0.0195
vt 0.1763 0.7577
vt 0.1666 0.7523
vt 0.1559 0.7449
vt 0.1560 0.7446
vt 0.8931 0.4141
vt 0.8696 0.4136
vt 0.8462 0.4136
vt 0.8228 0.4136
vt 0.7471 0.1553
vt 0.8237 0.7799
vt 0.8472 0.7802
vt 0.8701 0.7803
vt 0.8931 0.7804
vt 0.9204 0.7804
vn 0.0054 0.0548 0.9985
vn 0.0160 0.0527 0.9985
vn -0.0488 -0.4958 0.8670
vn 0.0080 0.0817 0.9966
vn 0.0349 0.0426 0.9985
vn 0.0260 0.0486 0.9985
vn -0.1446 -0.4768 0.8670
vn 0.0238 0.0785 0.9966
vn 0.0831 0.8438 0.5302
vn 0.2461 0.8114 0.5302
vn 0.0387 0.0724 0.9966
vn 0.0521 0.0634 0.9966
vn -0.3161 -0.3851 0.8670
vn -0.2349 -0.4394 0.8670
vn 0.5379 0.6554 0.5302
vn 0.3691 0.4497 0.8133
vn -0.4394 -0.2349 0.8670
vn -0.3851 -0.3161 0.8670
vn 0.0634 0.0521 0.9966
vn 0.6554 0.5379 0.5302
vn 0.4497 0.3691 0.8133
vn 0.0724 0.0387 0.9966
vn 0.7478 0.3997 0.5302
vn 0.0785 0.0238 0.9966
vn -0.4768 -0.1446 0.8670
vn 0.0527 0.0160 0.9985
vn 0.0486 0.0260 0.9985
vn 0.0426 0.0349 0.9985
vn 0.0548 0.0054 0.9985
vn 0.0486 -0.0260 0.9985
vn 0.0527 -0.0160 0.9985
vn 0.0548 -0.0054 0.9985
vn -0.4958 -0.0488 0.8670
vn 0.0817 0.0080 0.9966
vn -0.4958 0.0488 0.8670
vn 0.0817 -0.0080 0.9966
vn 0.0785 -0.0238 0.9966
vn 0.8114 -0.2461 0.5302
vn 0.5567 -0.1689 0.8133
vn 0.5131 -0.2742 0.8133
vn 0.7944 -0.4246 0.4344
vn -0.4768 0.1446 0.8670
vn 0.0724 -0.0387 0.9966
vn 0.7478 -0.3997 0.5302
vn 0.5131 -0.2743 0.8133
vn 0.4497 -0.3691 0.8133
vn 0.6963 -0.5714 0.4344
vn 0.5714 -0.6963 0.4344
vn 0.6080 -0.7408 0.2856
vn 0.6288 -0.7662 0.1328
vn 0.4672 -0.8741 0.1328
vn 0.4518 -0.8452 0.2856
vn 0.2877 -0.9485 0.1328
vn 0.7408 -0.6080 0.2856
vn 0.7662 -0.6288 0.1328
vn 0.7656 -0.6283 -0.1382
vn 0.6283 -0.7656 -0.1382
vn 0.4669 -0.8735 -0.1382
vn 0.2875 -0.9478 -0.1382
vn 0.8452 -0.4518 0.2856
vn 0.8741 -0.4672 0.1328
vn 0.8735 -0.4669 -0.1382
vn 0.7329 -0.6015 -0.3178
vn 0.6015 -0.7329 -0.3178
vn 0.4470 -0.8362 -0.3178
vn 0.8619 -0.2615 0.4344
vn 0.9171 -0.2782 0.2856
vn 0.9485 -0.2877 0.1328
vn 0.9478 -0.2875 -0.1382
vn 0.8362 -0.4470 -0.3178
vn 0.6860 -0.5630 -0.4609
vn 0.9864 -0.0972 0.1328
vn 0.9537 -0.0939 0.2856
vn 0.8964 -0.0883 0.4344
vn 0.5790 -0.0570 0.8133
vn 0.9073 0.2752 -0.3178
vn 0.9478 0.2875 -0.1382
vn 0.9856 0.0971 -0.1382
vn 0.9864 0.0971 0.1328
vn 0.9864 0.0972 0.1328
vn 0.9537 0.0939 0.2856
vn 0.8964 0.0883 0.4344
vn 0.5790 0.0570 0.8133
vn 0.8114 0.2461 0.5302
vn 0.5567 0.1689 0.8133
vn 0.8619 0.2615 0.4344
vn 0.9171 0.2782 0.2856
vn 0.9485 0.2877 0.1328
vn 0.8735 0.4669 -0.1382
vn 0.8741 0.4672 0.1328
vn 0.8452 0.4518 0.2856
vn 0.7944 0.4246 0.4344
vn 0.5131 0.2742 0.8133
vn 0.6963 0.5714 0.4344
vn 0.7408 0.6080 0.2856
vn 0.7662 0.6288 0.1328
vn 0.7656 0.6283 -0.1382
vn 0.6283 0.7656 -0.1382
vn 0.4669 0.8735 -0.1382
vn 0.3997 0.7478 0.5302
vn 0.2742 0.5131 0.8133
vn 0.5714 0.6963 0.4344
vn 0.6080 0.7408 0.2856
vn 0.6288 0.7662 0.1328
vn 0.4672 0.8741 0.1328
vn 0.4518 0.8452 0.2856
vn 0.4246 0.7944 0.4344
vn 0.1689 0.5567 0.8133
vn 0.2875 0.9478 -0.1382
vn 0.2877 0.9485 0.1328
vn 0.2782 0.9171 0.2856
vn 0.2615 0.8619 0.4344
vn 0.0570 0.5790 0.8133
vn 0.0883 0.8964 0.4344
vn 0.0939 0.9537 0.2856
vn 0.0971 0.9864 0.1328
vn 0.0971 0.9856 -0.1382
vn 0.0929 0.9436 -0.3178
vn 0.2752 0.9073 -0.3178
vn 0.4470 0.8362 -0.3178
vn 0.6015 0.7329 -0.3178
vn 0.7329 0.6015 -0.3178
vn 0.8362 0.4470 -0.3178
vn 0.6860 0.5630 -0.4609
vn 0.5630 0.6860 -0.4609
vn 0.4183 0.7827 -0.4609
vn 0.2576 0.8492 -0.4609
vn 0.1601 0.5278 -0.8341
vn 0.2600 0.4864 -0.8341
vn 0.3499 0.4264 -0.8341
vn 0.4264 0.3499 -0.8341
vn 0.7827 0.4183 -0.4609
vn 0.0870 0.8832 -0.4609
vn 0.0541 0.5489 -0.8341
vn 0.0119 0.1203 -0.9927
vn 0.0351 0.1157 -0.9927
vn 0.0570 0.1066 -0.9927
vn -0.0259 -0.2634 -0.9643
vn -0.0768 -0.2533 -0.9643
vn -0.1248 -0.2334 -0.9643
vn -0.1679 -0.2046 -0.9643
vn -0.2046 -0.1679 -0.9643
vn 0.0767 0.0935 -0.9927
vn 0.0935 0.0767 -0.9927
vn 0.1066 0.0570 -0.9927
vn 0.1067 0.0570 -0.9927
vn 0.1157 0.0351 -0.9927
vn 0.1203 0.0119 -0.9927
vn 0.5489 -0.0541 -0.8341
vn 0.5278 0.1601 -0.8341
vn 0.5489 0.0541 -0.8341
vn 0.8832 -0.0870 -0.4609
vn 0.8492 -0.2576 -0.4609
vn 0.5278 -0.1601 -0.8341
vn 0.8832 0.0870 -0.4609
vn 0.4864 0.2600 -0.8341
vn 0.8492 0.2576 -0.4609
vn 0.9436 0.0929 -0.3178
vn 0.9436 -0.0929 -0.3178
vn 0.9073 -0.2752 -0.3178
vn 0.7827 -0.4183 -0.4609
vn 0.4864 -0.2600 -0.8341
vn 0.9856 -0.0971 -0.1382
vn 0.4264 -0.3499 -0.8341
vn 0.3499 -0.4264 -0.8341
vn 0.2600 -0.4864 -0.8341
vn 0.5630 -0.6860 -0.4609
vn 0.4183 -0.7827 -0.4609
vn 0.2576 -0.8492 -0.4609
vn 0.0870 -0.8832 -0.4609
vn -0.0870 -0.8832 -0.4609
vn -0.0541 -0.5489 -0.8341
vn -0.1601 -0.5278 -0.8341
vn 0.2752 -0.9073 -0.3178
vn 0.0929 -0.9436 -0.3178
vn -0.0929 -0.9436 -0.3178
vn -0.2576 -0.8492 -0.4609
vn -0.2600 -0.4864 -0.8341
vn 0.0971 -0.9856 -0.1382
vn -0.0971 -0.9856 -0.1382
vn -0.2752 -0.9073 -0.3178
vn -0.4183 -0.7827 -0.4609
vn -0.5630 -0.6860 -0.4609
vn -0.2875 -0.9478 -0.1382
vn -0.4470 -0.8362 -0.3178
vn -0.6015 -0.7329 -0.3178
vn -0.7329 -0.6015 -0.3178
vn -0.7656 -0.6283 -0.1382
vn -0.8735 -0.4669 -0.1382
vn -0.6860 -0.5630 -0.4609
vn -0.8362 -0.4470 -0.3178
vn -0.9478 -0.2875 -0.1382
vn -0.9485 -0.2877 0.1328
vn -0.9171 -0.2782 0.2856
vn -0.8741 -0.4672 0.1328
vn -0.8452 -0.4518 0.2856
vn -0.7944 -0.4246 0.4344
vn -0.5131 -0.2742 0.8133
vn -0.5567 -0.1689 0.8133
vn -0.8114 -0.2461 0.5302
vn 0.4768 0.1446 0.8670
vn 0.4394 0.2349 0.8670
vn -0.0724 -0.0387 0.9966
vn -0.7478 -0.3997 0.5302
vn -0.4497 -0.3691 0.8133
vn -0.6963 -0.5714 0.4344
vn -0.3691 -0.4497 0.8133
vn -0.6554 -0.5379 0.5302
vn -0.0634 -0.0521 0.9966
vn 0.3851 0.3161 0.8670
vn -0.5379 -0.6554 0.5302
vn -0.6080 -0.7408 0.2856
vn -0.4246 -0.7944 0.4344
vn -0.5714 -0.6963 0.4344
vn -0.4518 -0.8452 0.2856
vn -0.4672 -0.8741 0.1328
vn -0.6288 -0.7662 0.1328
vn -0.7408 -0.6080 0.2856
vn -0.7662 -0.6288 0.1328
vn -0.6283 -0.7656 -0.1382
vn -0.4669 -0.8735 -0.1382
vn -0.2877 -0.9485 0.1328
vn -0.2782 -0.9171 0.2856
vn -0.2615 -0.8619 0.4344
vn -0.1689 -0.5567 0.8133
vn -0.0570 -0.5790 0.8133
vn -0.0831 -0.8438 0.5302
vn 0.2461 -0.8114 0.5302
vn 0.0831 -0.8438 0.5302
vn 0.0570 -0.5790 0.8133
vn -0.0883 -0.8964 0.4344
vn -0.0939 -0.9537 0.2856
vn -0.0971 -0.9864 0.1328
vn 0.0080 -0.0817 0.9966
vn 0.0238 -0.0785 0.9966
vn -0.0080 -0.0817 0.9966
vn -0.0488 0.4958 0.8670
vn -0.1446 0.4768 0.8670
vn 0.0054 -0.0548 0.9985
vn 0.0160 -0.0527 0.9985
vn 0.0260 -0.0486 0.9985
vn 0.0349 -0.0426 0.9985
vn 0.0426 -0.0349 0.9985
vn -0.4394 0.2349 0.8670
vn -0.3851 0.3161 0.8670
vn -0.3161 0.3851 0.8670
vn -0.2349 0.4394 0.8670
vn 0.0387 -0.0724 0.9966
vn 0.0939 -0.9537 0.2856
vn 0.0883 -0.8964 0.4344
vn 0.1689 -0.5567 0.8133
vn 0.3997 -0.7478 0.5302
vn 0.0521 -0.0634 0.9966
vn 0.0634 -0.0521 0.9966
vn 0.5379 -0.6554 0.5302
vn 0.2742 -0.5131 0.8133
vn 0.2615 -0.8619 0.4344
vn 0.6554 -0.5379 0.5302
vn 0.3691 -0.4497 0.8133
vn 0.4246 -0.7944 0.4344
vn 0.2782 -0.9171 0.2856
vn 0.0972 -0.9864 0.1328
vn 0.0971 -0.9864 0.1328
vn 0.2890 -0.9527 0.0940
vn 0.0976 -0.9908 0.0940
vn 0.9527 -0.2890 0.0940
vn 0.8780 -0.4693 0.0940
vn 0.7696 -0.6316 0.0940
vn 0.6316 -0.7696 0.0940
vn 0.4693 -0.8780 0.0940
vn 0.7696 0.6316 0.0940
vn 0.8780 0.4693 0.0940
vn 0.9527 0.2890 0.0940
vn 0.9908 0.0976 0.0940
vn 0.9908 -0.0976 0.0940
vn -0.0976 0.9908 0.0940
vn 0.0976 0.9908 0.0940
vn 0.2890 0.9527 0.0940
vn 0.4693 0.8780 0.0940
vn 0.6316 0.7696 0.0940
vn -0.8780 0.4693 0.0940
vn -0.7696 0.6316 0.0940
vn -0.6316 0.7696 0.0940
vn -0.4693 0.8780 0.0940
vn -0.2890 0.9527 0.0940
vn -0.8780 -0.4693 0.0940
vn -0.9527 -0.2890 0.0940
vn -0.9908 -0.0976 0.0940
vn -0.9908 0.0976 0.0940
vn -0.9527 0.2890 0.0940
vn -0.0976 -0.9908 0.0940
vn -0.2890 -0.9527 0.0940
vn -0.4693 -0.8780 0.0940
vn -0.6316 -0.7696 0.0940
vn -0.7696 -0.6316 0.0940
vn -0.2352 0.3111 -0.9208
vn -0.2685 0.3703 -0.8893
vn -0.2468 0.4121 -0.8771
vn -0.2803 0.4048 -0.8704
vn -0.2409 0.3606 -0.9011
vn -0.2868 0.2894 -0.9132
vn -0.2196 0.2797 -0.9346
vn -0.2191 0.1792 -0.9591
vn -0.1686 0.2975 -0.9397
vn -0.1187 0.1722 -0.9779
vn -0.1025 0.2301 -0.9678
vn -0.3881 0.1088 -0.9152
vn -0.3353 0.1440 -0.9310
vn -0.3373 0.2079 -0.9182
vn -0.2382 0.3095 -0.9206
vn -0.2364 0.3092 -0.9212
vn -0.1981 0.2315 -0.9524
vn -0.1806 0.2231 -0.9579
vn -0.1270 0.1259 -0.9839
vn -0.1119 0.1238 -0.9860
vn -0.0482 0.0453 -0.9978
vn -0.0421 0.0461 -0.9980
vn -0.0995 -0.0454 -0.9940
vn -0.1009 -0.0202 -0.9947
vn -0.1927 0.0446 -0.9802
vn -0.1946 0.0440 -0.9799
vn -0.2917 0.1212 -0.9488
vn -0.3039 0.1198 -0.9451
vn -0.1004 -0.1059 -0.9893
vn -0.0948 -0.0368 -0.9948
vn -0.1451 -0.0513 -0.9881
vn -0.1952 0.0421 -0.9799
vn -0.1841 0.0549 -0.9814
vn -0.3242 0.0307 -0.9455
vn -0.3239 0.0305 -0.9456
vn -0.3098 0.0437 -0.9498
vn -0.2942 0.0457 -0.9547
vn -0.3533 0.0843 -0.9317
vn -0.3765 0.1455 -0.9149
vn -0.4780 0.1161 -0.8707
vn -0.5533 0.1395 -0.8212
vn -0.5488 0.1144 -0.8281
vn -0.4936 0.1600 -0.8548
vn -0.4814 0.1378 -0.8656
vn -0.4457 0.2471 -0.8604
vn -0.3892 0.2550 -0.8852
vn -0.3870 0.3179 -0.8655
vn -0.2837 0.3744 -0.8828
vn 0.3111 0.2352 -0.9208
vn 0.3703 0.2685 -0.8893
vn 0.4121 0.2468 -0.8771
vn 0.4048 0.2803 -0.8704
vn 0.3606 0.2409 -0.9011
vn 0.2894 0.2868 -0.9132
vn 0.2797 0.2196 -0.9347
vn 0.1792 0.2191 -0.9591
vn 0.2975 0.1686 -0.9397
vn 0.1722 0.1187 -0.9779
vn 0.2301 0.1025 -0.9678
vn 0.1088 0.3881 -0.9152
vn 0.1440 0.3353 -0.9310
vn 0.2079 0.3373 -0.9182
vn 0.3095 0.2382 -0.9206
vn 0.3092 0.2364 -0.9212
vn 0.2315 0.1981 -0.9524
vn 0.2231 0.1806 -0.9579
vn 0.1259 0.1270 -0.9839
vn 0.1238 0.1119 -0.9860
vn 0.0453 0.0482 -0.9978
vn 0.0461 0.0421 -0.9980
vn 0.1198 0.3039 -0.9451
vn 0.1212 0.2917 -0.9488
vn 0.0440 0.1946 -0.9799
vn 0.0446 0.1927 -0.9802
vn -0.0202 0.1009 -0.9947
vn -0.0454 0.0995 -0.9940
vn -0.1059 0.1004 -0.9893
vn -0.0368 0.0948 -0.9948
vn -0.0513 0.1451 -0.9881
vn 0.0421 0.1952 -0.9799
vn 0.0549 0.1841 -0.9814
vn 0.0307 0.3242 -0.9455
vn 0.0305 0.3239 -0.9456
vn 0.0437 0.3098 -0.9498
vn 0.0457 0.2942 -0.9547
vn 0.0843 0.3533 -0.9317
vn 0.1455 0.3765 -0.9149
vn 0.1161 0.4780 -0.8707
vn 0.1395 0.5533 -0.8212
vn 0.1144 0.5488 -0.8281
vn 0.1600 0.4936 -0.8548
vn 0.1378 0.4814 -0.8656
vn 0.2470 0.4457 -0.8604
vn 0.2550 0.3892 -0.8852
vn 0.3179 0.3870 -0.8655
vn 0.3744 0.2837 -0.8828
vn -0.9567 -0.1653 -0.2395
vn -0.9569 -0.1808 0.2271
vn -0.9636 -0.0229 -0.2662
vn -0.9680 -0.0199 -0.2503
vn -0.9495 0.2043 -0.2382
vn -0.9459 0.1988 -0.2566
vn -0.9561 0.1000 0.2753
vn -0.9594 0.0976 0.2648
vn -0.0458 -0.1863 0.9814
vn -0.0275 -0.3269 0.9447
vn -0.9622 -0.1867 0.1981
vn -0.9427 -0.2887 0.1671
vn -0.9542 -0.1664 -0.2487
vn -0.8641 0.3474 -0.3642
vn -0.9452 0.1673 0.2805
vn -0.9422 0.1458 0.3017
vn -0.9445 -0.2911 0.1522
vn -0.0533 -0.3141 0.9479
vn -0.0261 -0.3254 0.9452
vn -0.0348 -0.3266 0.9445
vn -0.1143 -0.2746 0.9547
vn -0.1817 -0.3457 0.9206
vn -0.2014 -0.3467 0.9161
vn -0.2509 -0.4017 0.8807
vn -0.0647 -0.2897 0.9549
vn -0.1131 -0.3331 0.9361
vn -0.1571 -0.3314 0.9303
vn -0.0609 -0.4010 0.9141
vn -0.1118 -0.4035 0.9081
vn -0.1603 -0.4996 0.8513
vn -0.1381 -0.4872 0.8623
vn -0.2440 -0.4548 0.8565
vn 0.4758 0.7471 0.4642
vn 0.1952 0.8500 0.4893
vn 0.2395 0.9280 -0.2855
vn 0.0538 0.9454 -0.3215
vn 0.1956 0.8503 0.4886
vn 0.2234 0.9425 -0.2486
vn -0.1161 -0.5530 0.8251
vn -0.0361 0.8676 0.4960
vn -0.0372 0.8687 0.4940
vn 0.0730 0.9359 -0.3447
vn -0.1616 0.9094 -0.3831
vn -0.1636 0.9064 -0.3894
vn -0.3864 0.8258 -0.4107
vn -0.6687 0.6161 0.4163
vn -0.8010 0.4731 0.3668
vn -0.8030 0.4620 0.3764
vn -0.8633 0.3466 -0.3668
vn -0.6179 0.6739 -0.4052
vn -0.6167 0.6715 -0.4109
vn -0.3865 0.8270 -0.4082
vn -0.6726 0.6177 0.4075
vn -0.4517 0.7631 0.4622
vn -0.4536 0.7638 0.4592
vn -0.1421 -0.5577 0.8178
vn -0.1167 -0.4812 0.8688
vn 0.0142 -0.0938 0.9955
vn -0.0858 -0.0258 0.9960
vn -0.0492 -0.0228 0.9985
vn -0.0495 0.0060 0.9988
vn -0.5823 -0.7530 0.3065
vn -0.2489 -0.9235 0.2918
vn -0.2544 -0.9239 0.2858
vn 0.0586 -0.9696 0.2375
vn 0.0624 -0.9683 0.2418
vn 0.4388 -0.8876 0.1405
vn 0.4454 -0.8826 0.1505
vn 0.6832 -0.7287 0.0479
vn 0.6087 -0.7803 -0.1436
vn 0.6566 -0.6624 -0.3606
vn 0.4251 -0.8120 -0.4000
vn 0.4599 -0.8139 -0.3551
vn 0.1337 -0.9322 -0.3364
vn 0.1272 -0.9304 -0.3437
vn -0.1952 -0.9438 -0.2667
vn -0.1915 -0.9457 -0.2628
vn -0.5918 -0.8022 -0.0794
vn -0.5850 -0.8079 -0.0710
vn -0.8114 -0.5723 0.1187
vn -0.7964 -0.5880 0.1414
vn 0.2828 -0.7979 -0.5324
vn 0.2843 -0.8010 -0.5267
vn 0.4095 -0.6983 -0.5871
vn 0.3428 -0.6581 -0.6704
vn 0.7148 0.0363 -0.6984
vn 0.9642 -0.2651 0.0091
vn 0.2191 -0.9464 0.2375
vn 0.2220 -0.9432 0.2471
vn 0.1639 -0.9525 0.2567
vn 0.1659 -0.9399 0.2984
vn -0.7596 -0.5526 0.3430
vn 0.7671 -0.0316 -0.6407
vn 0.7814 0.1342 -0.6094
vn 0.8198 0.1371 -0.5561
vn 0.9910 -0.0988 0.0901
vn 0.9579 -0.2661 0.1075
vn -0.2607 -0.2535 0.9315
vn -0.1512 -0.2435 0.9581
vn -0.2768 -0.1968 0.9406
vn -0.1561 -0.1187 0.9806
vn -0.1870 -0.1031 0.9769
vn -0.7519 -0.5803 0.3127
vn -0.5619 -0.7578 0.3315
vn 0.8959 0.3015 0.3264
vn 0.9562 0.0569 0.2872
vn 0.9790 0.0593 0.1952
vn 0.9782 -0.0992 0.1825
vn -0.2674 -0.3135 0.9112
vn -0.3434 -0.2679 0.9002
vn -0.3281 -0.2652 0.9066
vn -0.3035 -0.2943 0.9063
vn -0.2037 -0.2241 0.9530
vn -0.1117 -0.3008 0.9471
vn -0.3969 -0.2714 0.8768
vn -0.3880 -0.3113 0.8675
vn 0.8851 0.2718 0.3778
vn 0.7521 0.4920 0.4385
vn 0.7558 0.5061 0.4155
vn -0.3613 -0.3027 0.8820
vn -0.3579 -0.2900 0.8876
vn -0.2963 -0.2564 0.9200
vn -0.0335 -0.1971 0.9798
vn -0.1108 -0.1348 0.9847
vn -0.1988 -0.1889 0.9617
vn 0.1003 -0.0926 0.9906
vn 0.0476 -0.0921 0.9946
vn -0.0032 -0.0673 0.9977
vn 0.0589 -0.0618 0.9963
vn 0.0053 -0.0195 0.9998
vn -0.1086 -0.1173 0.9871
vn -0.1319 -0.0701 0.9888
vn -0.1086 -0.0831 0.9906
vn -0.1413 -0.0779 0.9869
vn -0.1571 -0.0814 0.9842
vn -0.1923 -0.0973 0.9765
vn -0.2127 -0.1725 0.9618
vn -0.2795 -0.1893 0.9413
vn 0.2423 0.0960 -0.9654
vn 0.1791 0.0714 -0.9812
vn 0.1600 0.0682 -0.9848
vn 0.1434 0.0715 -0.9871
vn 0.1288 0.0457 -0.9906
vn 0.0992 0.0202 -0.9949
vn 0.0686 0.0188 -0.9975
vn 0.0702 -0.0148 -0.9974
vn -0.0332 -0.1980 0.9796
vn -0.0321 -0.1984 0.9796
vn 0.0619 -0.1462 0.9873
vn -0.9251 0.2642 0.2728
vn -0.9243 0.2649 0.2750
vn -0.9183 0.3246 -0.2268
vn -0.9195 0.3290 -0.2153
vn -0.8679 0.4597 -0.1884
vn -0.9231 0.3839 0.0221
vn -0.8614 0.4444 0.2461
vn -0.2328 0.8605 -0.4531
vn -0.2207 0.8120 -0.5404
vn -0.0569 0.9562 0.2872
vn -0.0593 0.9790 0.1952
vn 0.0992 0.9782 0.1825
vn 0.0988 0.9910 0.0901
vn -0.1371 0.8198 -0.5561
vn -0.1342 0.7814 -0.6094
vn 0.0316 0.7671 -0.6407
vn 0.6581 0.3428 -0.6704
vn -0.0363 0.7148 -0.6984
vn 0.2651 0.9642 0.0091
vn 0.2661 0.9579 0.1075
vn 0.2535 -0.2607 0.9315
vn 0.3136 -0.2674 0.9112
vn 0.2679 -0.3434 0.9002
vn 0.3113 -0.3880 0.8675
vn 0.2714 -0.3969 0.8768
vn -0.3015 0.8959 0.3264
vn 0.2652 -0.3281 0.9066
vn 0.2943 -0.3035 0.9063
vn 0.2241 -0.2037 0.9530
vn 0.3467 -0.2014 0.9161
vn 0.2564 -0.2963 0.9200
vn 0.2900 -0.3579 0.8876
vn -0.3309 0.8359 -0.4378
vn -0.3626 0.8657 -0.3450
vn -0.2718 0.8851 0.3778
vn -0.5061 0.7558 0.4155
vn 0.3027 -0.3613 0.8820
vn 0.4015 -0.3067 0.8630
vn 0.4017 -0.2509 0.8807
vn 0.4548 -0.2440 0.8565
vn 0.4872 -0.1381 0.8623
vn -0.8503 0.1956 0.4886
vn -0.6531 0.5951 0.4683
vn -0.6551 0.6003 0.4588
vn -0.4920 0.7521 0.4385
vn -0.5576 0.7929 -0.2460
vn -0.5258 0.7867 -0.3235
vn -0.7336 0.6396 -0.2297
vn -0.7309 0.6565 -0.1864
vn -0.8387 0.5064 -0.2005
vn -0.8401 0.5058 -0.1960
vn -0.9425 0.2234 -0.2486
vn -0.8270 -0.3865 -0.4082
vn -0.8258 -0.3864 -0.4107
vn -0.9064 -0.1636 -0.3894
vn -0.9094 -0.1616 -0.3831
vn -0.9359 0.0730 -0.3447
vn -0.9454 0.0538 -0.3215
vn -0.9280 0.2395 -0.2855
vn -0.8500 0.1952 0.4893
vn -0.7471 0.4758 0.4642
vn -0.7414 0.4657 0.4832
vn -0.8676 -0.0361 0.4960
vn -0.8687 -0.0372 0.4940
vn -0.7638 -0.4536 0.4592
vn -0.7631 -0.4517 0.4622
vn -0.6177 -0.6726 0.4075
vn -0.6160 -0.6687 0.4163
vn -0.4731 -0.8010 0.3668
vn -0.6715 -0.6167 -0.4109
vn -0.6739 -0.6179 -0.4052
vn -0.3466 -0.8633 -0.3668
vn -0.1673 -0.9452 0.2805
vn -0.4620 -0.8030 0.3764
vn 0.3331 -0.1131 0.9361
vn 0.3314 -0.1571 0.9303
vn 0.4812 -0.1167 0.8688
vn 0.5577 -0.1421 0.8178
vn 0.5530 -0.1161 0.8251
vn 0.4996 -0.1603 0.8513
vn 0.4035 -0.1118 0.9081
vn 0.3457 -0.1817 0.9206
vn 0.2746 -0.1143 0.9547
vn 0.3008 -0.1118 0.9471
vn 0.4010 -0.0609 0.9141
vn 0.3266 -0.0348 0.9445
vn 0.1462 0.0619 0.9873
vn 0.1984 -0.0321 0.9796
vn 0.1863 -0.0458 0.9814
vn 0.3269 -0.0275 0.9447
vn 0.3254 -0.0261 0.9452
vn 0.3141 -0.0533 0.9479
vn -0.2649 -0.9243 0.2750
vn -0.2642 -0.9251 0.2728
vn -0.1000 -0.9561 0.2753
vn -0.0976 -0.9594 0.2648
vn 0.1808 -0.9569 0.2271
vn 0.1867 -0.9622 0.1981
vn 0.2887 -0.9427 0.1671
vn 0.2911 -0.9445 0.1522
vn -0.1458 -0.9422 0.3017
vn 0.2897 -0.0647 0.9549
vn -0.3474 -0.8641 -0.3642
vn 0.1664 -0.9542 -0.2487
vn 0.1653 -0.9567 -0.2395
vn 0.0229 -0.9636 -0.2662
vn 0.0199 -0.9680 -0.2503
vn -0.1988 -0.9459 -0.2566
vn -0.2043 -0.9495 -0.2382
vn -0.3246 -0.9183 -0.2268
vn -0.3290 -0.9195 -0.2153
vn -0.4597 -0.8679 -0.1884
vn -0.3839 -0.9231 0.0221
vn -0.4444 -0.8614 0.2461
vn 0.0926 0.1003 0.9906
vn 0.0921 0.0476 0.9946
vn 0.0673 -0.0032 0.9977
vn 0.0618 0.0589 0.9963
vn 0.0195 0.0053 0.9998
vn 0.1173 -0.1086 0.9871
vn 0.0701 -0.1319 0.9888
vn 0.0831 -0.1086 0.9906
vn 0.9683 0.0624 0.2418
vn 0.0258 -0.0858 0.9960
vn 0.8876 0.4388 0.1405
vn 0.8826 0.4454 0.1505
vn 0.0938 0.0142 0.9955
vn 0.0228 -0.0492 0.9985
vn -0.0060 -0.0495 0.9988
vn 0.7287 0.6832 0.0479
vn 0.7803 0.6087 -0.1436
vn 0.6624 0.6566 -0.3606
vn 0.8120 0.4251 -0.4000
vn 0.8139 0.4599 -0.3551
vn 0.9322 0.1337 -0.3364
vn 0.9304 0.1272 -0.3437
vn 0.9438 -0.1952 -0.2667
vn 0.9696 0.0586 0.2375
vn 0.9239 -0.2544 0.2858
vn 0.9457 -0.1915 -0.2628
vn 0.8022 -0.5918 -0.0794
vn 0.8079 -0.5850 -0.0710
vn 0.5723 -0.8114 0.1187
vn 0.5880 -0.7964 0.1414
vn 0.7979 0.2828 -0.5324
vn 0.8010 0.2843 -0.5268
vn 0.6983 0.4095 -0.5871
vn 0.9525 0.1639 0.2567
vn 0.9399 0.1659 0.2984
vn 0.5526 -0.7596 0.3430
vn 0.5803 -0.7519 0.3127
vn 0.7578 -0.5619 0.3315
vn 0.0814 -0.1571 0.9842
vn 0.0779 -0.1413 0.9869
vn 0.9235 -0.2489 0.2918
vn 0.7530 -0.5823 0.3065
vn 0.1187 -0.1561 0.9806
vn 0.1031 -0.1870 0.9769
vn 0.0973 -0.1923 0.9765
vn 0.1980 -0.0332 0.9796
vn 0.1971 -0.0335 0.9798
vn 0.1348 -0.1108 0.9847
vn 0.1889 -0.1988 0.9617
vn 0.1725 -0.2127 0.9618
vn 0.1893 -0.2795 0.9413
vn 0.1968 -0.2768 0.9406
vn 0.2435 -0.1512 0.9581
vn 0.9464 0.2191 0.2375
vn 0.9432 0.2220 0.2471
vn 0.4657 0.7414 0.4832
vn 0.5058 0.8401 -0.1960
vn 0.5064 0.8387 -0.2005
vn 0.6565 0.7309 -0.1864
vn -0.3067 -0.4015 0.8630
vn 0.5951 0.6531 0.4683
vn 0.6003 0.6551 0.4588
vn 0.6396 0.7336 -0.2296
vn 0.7929 0.5576 -0.2460
vn 0.7867 0.5258 -0.3235
vn 0.8657 0.3626 -0.3450
vn 0.8359 0.3309 -0.4378
vn 0.8605 0.2328 -0.4531
vn 0.8120 0.2207 -0.5404
vn -0.3111 -0.2352 -0.9208
vn -0.1792 -0.2191 -0.9591
vn -0.2797 -0.2196 -0.9347
vn -0.2894 -0.2868 -0.9132
vn -0.3606 -0.2409 -0.9011
vn -0.4048 -0.2803 -0.8704
vn -0.4121 -0.2468 -0.8771
vn -0.3703 -0.2685 -0.8893
vn -0.3744 -0.2837 -0.8828
vn -0.3179 -0.3870 -0.8655
vn -0.2550 -0.3892 -0.8852
vn -0.2470 -0.4457 -0.8604
vn -0.1378 -0.4814 -0.8656
vn -0.1600 -0.4936 -0.8548
vn -0.1144 -0.5488 -0.8281
vn -0.1395 -0.5533 -0.8212
vn -0.1161 -0.4780 -0.8707
vn -0.1455 -0.3765 -0.9149
vn -0.0843 -0.3533 -0.9317
vn -0.0457 -0.2942 -0.9547
vn -0.0437 -0.3098 -0.9498
vn -0.1198 -0.3039 -0.9451
vn -0.1212 -0.2917 -0.9488
vn -0.0440 -0.1946 -0.9799
vn -0.0446 -0.1927 -0.9802
vn -0.1259 -0.1270 -0.9839
vn -0.2231 -0.1806 -0.9579
vn -0.2315 -0.1981 -0.9524
vn -0.3092 -0.2364 -0.9212
vn -0.3095 -0.2382 -0.9206
vn -0.2079 -0.3373 -0.9182
vn -0.1440 -0.3353 -0.9310
vn -0.1088 -0.3881 -0.9152
vn 0.0202 -0.1009 -0.9947
vn -0.0453 -0.0482 -0.9978
vn -0.1238 -0.1119 -0.9860
vn -0.1434 -0.0715 -0.9871
vn -0.1600 -0.0682 -0.9848
vn -0.1791 -0.0714 -0.9812
vn -0.2423 -0.0960 -0.9654
vn -0.2301 -0.1025 -0.9678
vn -0.1722 -0.1187 -0.9779
vn -0.2975 -0.1686 -0.9397
vn -0.0461 -0.0421 -0.9980
vn -0.1288 -0.0457 -0.9906
vn -0.0992 -0.0202 -0.9949
vn -0.0686 -0.0188 -0.9975
vn -0.0702 0.0148 -0.9974
vn -0.4657 -0.7414 0.4832
vn -0.5058 -0.8401 -0.1960
vn -0.5064 -0.8387 -0.2005
vn -0.6565 -0.7309 -0.1864
vn -0.2234 -0.9425 -0.2486
vn -0.0538 -0.9454 -0.3215
vn -0.2395 -0.9280 -0.2855
vn -0.1952 -0.8500 0.4893
vn -0.4758 -0.7471 0.4642
vn 0.2440 0.4548 0.8565
vn 0.1381 0.4872 0.8623
vn -0.1956 -0.8503 0.4886
vn -0.0730 -0.9359 -0.3447
vn 0.0372 -0.8687 0.4940
vn 0.0361 -0.8676 0.4960
vn 0.1161 0.5530 0.8251
vn 0.1603 0.4996 0.8513
vn 0.1118 0.4035 0.9081
vn 0.1817 0.3457 0.9206
vn 0.1143 0.2746 0.9547
vn 0.1117 0.3008 0.9471
vn 0.0332 0.1980 0.9796
vn 0.0609 0.4010 0.9141
vn 0.0348 0.3266 0.9445
vn 0.0032 0.0673 0.9977
vn -0.0476 0.0921 0.9946
vn -0.0619 0.1462 0.9873
vn 0.0321 0.1984 0.9796
vn 0.0458 0.1863 0.9814
vn 0.0275 0.3269 0.9447
vn 0.0261 0.3254 0.9452
vn 0.0533 0.3141 0.9479
vn 0.9243 -0.2649 0.2750
vn 0.9251 -0.2642 0.2728
vn 0.9561 -0.1000 0.2753
vn 0.9594 -0.0976 0.2648
vn 0.9569 0.1808 0.2271
vn 0.9622 0.1867 0.1981
vn 0.9427 0.2887 0.1671
vn 0.9445 0.2911 0.1522
vn 0.9422 -0.1458 0.3017
vn 0.0647 0.2897 0.9549
vn -0.1003 0.0926 0.9906
vn 0.8614 -0.4444 0.2461
vn 0.9231 -0.3839 0.0221
vn 0.8679 -0.4597 -0.1884
vn 0.9195 -0.3290 -0.2153
vn 0.9183 -0.3246 -0.2268
vn 0.9495 -0.2043 -0.2382
vn 0.9459 -0.1988 -0.2566
vn 0.9680 0.0199 -0.2503
vn 0.9636 0.0229 -0.2662
vn 0.9567 0.1653 -0.2395
vn 0.9542 0.1664 -0.2487
vn 0.8641 -0.3474 -0.3642
vn 0.8633 -0.3466 -0.3668
vn 0.6179 -0.6739 -0.4052
vn 0.6167 -0.6715 -0.4109
vn 0.3865 -0.8270 -0.4082
vn 0.3864 -0.8258 -0.4107
vn 0.1636 -0.9064 -0.3894
vn 0.1616 -0.9094 -0.3831
vn 0.1131 0.3331 0.9361
vn 0.1571 0.3314 0.9303
vn 0.1167 0.4812 0.8688
vn 0.1421 0.5577 0.8178
vn 0.4536 -0.7638 0.4592
vn 0.4517 -0.7631 0.4622
vn 0.6726 -0.6177 0.4075
vn 0.6687 -0.6161 0.4163
vn 0.8010 -0.4731 0.3668
vn 0.8030 -0.4620 0.3764
vn 0.9452 -0.1673 0.2805
vn 0.0454 -0.0995 -0.9940
vn -0.0305 -0.3239 -0.9456
vn -0.0307 -0.3242 -0.9455
vn -0.0549 -0.1841 -0.9814
vn -0.0421 -0.1952 -0.9799
vn 0.0513 -0.1451 -0.9881
vn 0.0368 -0.0948 -0.9948
vn 0.1059 -0.1004 -0.9893
vn -0.7521 -0.4920 0.4385
vn -0.7558 -0.5061 0.4155
vn 0.3613 0.3027 0.8820
vn 0.3579 0.2900 0.8876
vn 0.3969 0.2714 0.8768
vn -0.8959 -0.3015 0.3264
vn -0.8851 -0.2718 0.3778
vn -0.8657 -0.3626 -0.3450
vn -0.7867 -0.5258 -0.3235
vn -0.7929 -0.5576 -0.2460
vn -0.6396 -0.7336 -0.2297
vn -0.6003 -0.6551 0.4588
vn -0.5951 -0.6531 0.4683
vn 0.3067 0.4015 0.8630
vn 0.2509 0.4017 0.8807
vn 0.2014 0.3467 0.9161
vn 0.2963 0.2564 0.9200
vn 0.3035 0.2943 0.9063
vn 0.3281 0.2652 0.9066
vn 0.2795 0.1893 0.9413
vn 0.2768 0.1968 0.9406
vn 0.1561 0.1187 0.9806
vn -0.1639 0.9525 0.2567
vn -0.1659 0.9399 0.2984
vn 0.1512 0.2435 0.9581
vn -0.2191 0.9464 0.2375
vn -0.2220 0.9432 0.2471
vn 0.1870 0.1031 0.9769
vn 0.1923 0.0973 0.9765
vn 0.2127 0.1725 0.9618
vn 0.2037 0.2241 0.9530
vn 0.1988 0.1889 0.9617
vn 0.1108 0.1348 0.9847
vn 0.1086 0.1173 0.9871
vn 0.1319 0.0701 0.9888
vn 0.0858 0.0258 0.9960
vn 0.7596 0.5526 0.3430
vn 0.7519 0.5803 0.3127
vn 0.5619 0.7578 0.3315
vn 0.1571 0.0814 0.9842
vn 0.1413 0.0779 0.9869
vn 0.1086 0.0831 0.9906
vn -0.0586 0.9696 0.2375
vn -0.0624 0.9683 0.2418
vn -0.4388 0.8876 0.1405
vn -0.4454 0.8826 0.1505
vn 0.5823 0.7530 0.3065
vn 0.2489 0.9235 0.2918
vn 0.2544 0.9239 0.2858
vn -0.4599 0.8139 -0.3551
vn -0.1337 0.9322 -0.3364
vn -0.1272 0.9304 -0.3437
vn 0.1952 0.9438 -0.2667
vn 0.1915 0.9457 -0.2628
vn 0.5918 0.8022 -0.0794
vn 0.5850 0.8079 -0.0710
vn 0.8114 0.5723 0.1187
vn 0.7964 0.5880 0.1414
vn -0.2828 0.7979 -0.5324
vn 0.0335 0.1971 0.9798
vn -0.0589 0.0618 0.9963
vn -0.0053 0.0195 0.9998
vn -0.0142 0.0938 0.9955
vn 0.0492 0.0228 0.9985
vn 0.0495 -0.0060 0.9988
vn -0.6832 0.7287 0.0479
vn -0.6087 0.7803 -0.1436
vn -0.6566 0.6624 -0.3606
vn -0.4251 0.8120 -0.4000
vn -0.9562 -0.0569 0.2872
vn -0.9790 -0.0593 0.1952
vn -0.9782 0.0992 0.1825
vn -0.9910 0.0988 0.0901
vn -0.7671 0.0316 -0.6407
vn -0.7814 -0.1342 -0.6094
vn -0.8198 -0.1371 -0.5561
vn -0.8120 -0.2207 -0.5404
vn -0.8605 -0.2328 -0.4531
vn -0.8359 -0.3309 -0.4378
vn -0.2843 0.8010 -0.5267
vn -0.4095 0.6983 -0.5871
vn -0.3428 0.6581 -0.6704
vn -0.7148 -0.0363 -0.6984
vn -0.9642 0.2651 0.0091
vn -0.9579 0.2661 0.1075
vn 0.2607 0.2535 0.9315
vn 0.2674 0.3135 0.9112
vn 0.3434 0.2679 0.9002
vn 0.3880 0.3113 0.8675
vn -0.1971 0.0335 0.9798
vn -0.1348 0.1108 0.9847
vn -0.1889 0.1988 0.9617
vn -0.0926 -0.1003 0.9906
vn -0.0921 -0.0476 0.9946
vn -0.0673 0.0032 0.9977
vn -0.0618 -0.0589 0.9963
vn -0.0195 -0.0053 0.9998
vn -0.1173 0.1086 0.9871
vn -0.0701 0.1319 0.9888
vn -0.0831 0.1086 0.9906
vn -0.0779 0.1413 0.9869
vn -0.0814 0.1571 0.9842
vn -0.0973 0.1923 0.9765
vn -0.1725 0.2127 0.9618
vn -0.1893 0.2795 0.9413
vn -0.0938 -0.0142 0.9955
vn -0.0258 0.0858 0.9960
vn -0.0228 0.0492 0.9985
vn 0.0060 0.0495 0.9988
vn 0.1371 -0.8198 -0.5561
vn -0.0988 -0.9910 0.0901
vn -0.2661 -0.9579 0.1075
vn -0.2535 0.2607 0.9315
vn -0.2435 0.1512 0.9581
vn -0.1968 0.2768 0.9406
vn -0.1187 0.1561 0.9806
vn -0.1031 0.1870 0.9769
vn -0.5803 0.7519 0.3127
vn -0.7578 0.5619 0.3315
vn -0.7979 -0.2828 -0.5324
vn -0.8010 -0.2843 -0.5268
vn -0.6983 -0.4095 -0.5871
vn -0.6581 -0.3428 -0.6704
vn 0.0363 -0.7148 -0.6984
vn -0.2651 -0.9642 0.0091
vn -0.9464 -0.2191 0.2375
vn -0.9432 -0.2220 0.2471
vn -0.9525 -0.1639 0.2567
vn -0.9399 -0.1659 0.2984
vn -0.5526 0.7596 0.3430
vn -0.0316 -0.7671 -0.6407
vn 0.1342 -0.7814 -0.6094
vn -0.8120 -0.4251 -0.4000
vn -0.8139 -0.4599 -0.3551
vn -0.9322 -0.1337 -0.3364
vn -0.9304 -0.1272 -0.3437
vn -0.9438 0.1952 -0.2667
vn -0.9457 0.1915 -0.2628
vn -0.8022 0.5918 -0.0794
vn -0.8079 0.5850 -0.0710
vn -0.5723 0.8114 0.1187
vn -0.5880 0.7964 0.1414
vn -0.7530 0.5823 0.3065
vn -0.9235 0.2489 0.2918
vn -0.9239 0.2544 0.2858
vn -0.9696 -0.0586 0.2375
vn -0.9683 -0.0624 0.2418
vn -0.8876 -0.4388 0.1405
vn -0.8826 -0.4454 0.1505
vn -0.7287 -0.6832 0.0479
vn -0.7803 -0.6087 -0.1436
vn -0.6624 -0.6566 -0.3606
vn -0.0199 0.9680 -0.2503
vn -0.0229 0.9636 -0.2662
vn -0.1808 0.9569 0.2271
vn -0.1653 0.9567 -0.2395
vn 0.2043 0.9495 -0.2382
vn 0.1988 0.9459 -0.2566
vn 0.1000 0.9561 0.2753
vn 0.0976 0.9594 0.2648
vn -0.1863 0.0458 0.9814
vn -0.3269 0.0275 0.9447
vn -0.1867 0.9622 0.1981
vn -0.2887 0.9427 0.1671
vn -0.1664 0.9542 -0.2487
vn 0.3474 0.8641 -0.3642
vn 0.1673 0.9452 0.2805
vn 0.1458 0.9422 0.3017
vn -0.2911 0.9445 0.1522
vn -0.3141 0.0533 0.9479
vn -0.3254 0.0261 0.9452
vn -0.3266 0.0348 0.9445
vn -0.2746 0.1143 0.9547
vn -0.3457 0.1817 0.9206
vn -0.3467 0.2014 0.9161
vn -0.4017 0.2509 0.8807
vn -0.2897 0.0647 0.9549
vn -0.3331 0.1131 0.9361
vn -0.3314 0.1571 0.9303
vn -0.4010 0.0609 0.9141
vn -0.4035 0.1118 0.9081
vn -0.4996 0.1603 0.8513
vn -0.4872 0.1381 0.8623
vn -0.4548 0.2440 0.8565
vn 0.7471 -0.4758 0.4642
vn 0.8500 -0.1952 0.4893
vn 0.9280 -0.2395 -0.2855
vn 0.9454 -0.0538 -0.3215
vn 0.8503 -0.1956 0.4886
vn 0.9425 -0.2234 -0.2486
vn 0.7414 -0.4657 0.4832
vn 0.8401 -0.5058 -0.1960
vn 0.8387 -0.5064 -0.2005
vn 0.7309 -0.6565 -0.1864
vn -0.5530 0.1161 0.8251
vn 0.8676 0.0361 0.4960
vn 0.8687 0.0372 0.4940
vn 0.9359 -0.0730 -0.3447
vn 0.9094 0.1616 -0.3831
vn 0.9064 0.1636 -0.3894
vn 0.8258 0.3864 -0.4107
vn 0.6161 0.6687 0.4163
vn 0.4731 0.8010 0.3668
vn 0.4620 0.8030 0.3764
vn 0.3466 0.8633 -0.3668
vn 0.6739 0.6179 -0.4052
vn 0.6715 0.6167 -0.4109
vn 0.8270 0.3865 -0.4082
vn 0.6177 0.6726 0.4075
vn -0.4812 0.1167 0.8688
vn -0.5577 0.1421 0.8178
vn 0.7638 0.4536 0.4592
vn 0.7631 0.4517 0.4622
vn -0.3113 0.3880 0.8675
vn -0.2714 0.3969 0.8768
vn 0.3015 -0.8959 0.3263
vn 0.0569 -0.9562 0.2872
vn 0.0593 -0.9790 0.1952
vn -0.0992 -0.9782 0.1825
vn -0.3135 0.2674 0.9112
vn -0.2679 0.3434 0.9002
vn -0.2652 0.3281 0.9066
vn -0.2943 0.3035 0.9063
vn -0.2241 0.2037 0.9530
vn -0.3008 0.1117 0.9471
vn 0.2718 -0.8851 0.3778
vn 0.4920 -0.7521 0.4385
vn 0.5061 -0.7558 0.4155
vn -0.3027 0.3613 0.8820
vn -0.2900 0.3579 0.8876
vn -0.2564 0.2963 0.9200
vn -0.4015 0.3067 0.8630
vn 0.6531 -0.5951 0.4683
vn 0.6551 -0.6003 0.4588
vn 0.7336 -0.6396 -0.2297
vn 0.5576 -0.7929 -0.2460
vn 0.5258 -0.7867 -0.3235
vn 0.3626 -0.8657 -0.3450
vn 0.3309 -0.8359 -0.4378
vn 0.2328 -0.8605 -0.4531
vn 0.2207 -0.8120 -0.5404
vn 0.2352 -0.3111 -0.9208
vn 0.2685 -0.3703 -0.8893
vn 0.2468 -0.4121 -0.8771
vn 0.2803 -0.4048 -0.8704
vn 0.2409 -0.3606 -0.9011
vn 0.2868 -0.2894 -0.9132
vn 0.2196 -0.2797 -0.9346
vn 0.2191 -0.1792 -0.9591
vn 0.1686 -0.2975 -0.9397
vn 0.1187 -0.1722 -0.9779
vn 0.1025 -0.2301 -0.9678
vn 0.3765 -0.1455 -0.9149
vn 0.4780 -0.1161 -0.8707
vn 0.5533 -0.1395 -0.8212
vn 0.5488 -0.1144 -0.8281
vn 0.4936 -0.1600 -0.8548
vn 0.4814 -0.1378 -0.8656
vn 0.4457 -0.2471 -0.8604
vn 0.3892 -0.2550 -0.8852
vn 0.3870 -0.3179 -0.8655
vn 0.2837 -0.3744 -0.8828
vn 0.1004 0.1059 -0.9893
vn 0.0948 0.0368 -0.9948
vn 0.1451 0.0513 -0.9881
vn 0.1952 -0.0421 -0.9799
vn 0.1841 -0.0549 -0.9814
vn 0.3242 -0.0307 -0.9455
vn 0.3239 -0.0305 -0.9456
vn 0.3098 -0.0437 -0.9498
vn 0.2942 -0.0457 -0.9547
vn 0.3533 -0.0843 -0.9317
vn 0.1927 -0.0446 -0.9802
vn 0.1946 -0.0440 -0.9799
vn 0.2917 -0.1212 -0.9488
vn 0.3039 -0.1198 -0.9451
vn 0.0995 0.0454 -0.9940
vn 0.1009 0.0202 -0.9947
vn 0.0482 -0.0453 -0.9978
vn 0.1119 -0.1238 -0.9860
vn 0.1270 -0.1259 -0.9839
vn 0.1806 -0.2231 -0.9579
vn 0.1981 -0.2315 -0.9524
vn 0.2364 -0.3092 -0.9212
vn 0.2382 -0.3095 -0.9206
vn 0.3373 -0.2079 -0.9182
vn 0.3353 -0.1440 -0.9310
vn 0.3881 -0.1088 -0.9152
vn 0.0421 -0.0461 -0.9980
vn 0.0960 -0.2423 -0.9654
vn 0.0714 -0.1791 -0.9812
vn 0.0682 -0.1600 -0.9848
vn 0.0715 -0.1434 -0.9871
vn 0.0457 -0.1288 -0.9906
vn 0.0202 -0.0992 -0.9949
vn 0.0188 -0.0686 -0.9975
vn -0.0148 -0.0702 -0.9974
vn -0.1980 0.0332 0.9796
vn -0.1984 0.0321 0.9796
vn -0.1462 -0.0619 0.9873
vn 0.2642 0.9251 0.2728
vn 0.2649 0.9243 0.2750
vn 0.3246 0.9183 -0.2268
vn 0.3290 0.9195 -0.2153
vn 0.4597 0.8679 -0.1884
vn 0.3839 0.9231 0.0221
vn 0.4444 0.8614 0.2461
vn 0.6235 -0.2138 -0.7520
vn 0.6596 0.0685 -0.7485
vn 0.6575 0.0671 -0.7504
vn 0.5624 0.3361 -0.7555
vn 0.3220 0.9343 -0.1530
vn 0.6368 0.7555 -0.1538
vn 0.8480 0.5072 -0.1538
vn 0.8481 0.5068 -0.1544
vn 0.9833 0.1000 -0.1521
vn 0.9834 0.1004 -0.1513
vn 0.9350 -0.3201 -0.1528
vn 0.6233 -0.2134 -0.7523
vn 0.5021 -0.4232 -0.7542
vn 0.9350 -0.3201 -0.1530
vn 0.7555 -0.6368 -0.1538
vn 0.5162 -0.8425 -0.1541
vn 0.0894 -0.9844 -0.1517
vn -0.0000 0.0000 -1.0000
vn -0.6586 -0.0626 -0.7498
vn -0.5621 -0.3369 -0.7554
vn -0.8475 -0.5079 -0.1544
vn -0.8473 -0.5083 -0.1539
vn -0.6368 -0.7555 -0.1538
vn -0.3179 -0.9357 -0.1529
vn 0.0599 -0.6593 -0.7495
vn -0.5638 -0.3367 -0.7542
vn -0.4232 -0.5021 -0.7542
vn -0.2120 -0.6239 -0.7522
vn 0.3427 -0.5594 -0.7548
vn 0.5644 0.3359 -0.7541
vn -0.3377 0.5617 -0.7553
vn -0.0668 0.6576 -0.7504
vn -0.0681 0.6596 -0.7485
vn 0.2154 0.6232 -0.7518
vn -0.6247 0.2085 -0.7525
vn -0.6594 -0.0631 -0.7491
vn -0.6252 0.2092 -0.7519
vn -0.5021 0.4232 -0.7542
vn -0.3376 0.5631 -0.7543
vn -0.9840 -0.0934 -0.1518
vn -0.9840 -0.0935 -0.1515
vn -0.9371 0.3136 -0.1530
vn -0.9371 0.3138 -0.1528
vn -0.7555 0.6368 -0.1538
vn -0.5094 0.8466 -0.1539
vn -0.5091 0.8467 -0.1543
vn 0.4232 0.5021 -0.7542
vn 0.2147 0.6227 -0.7525
vn 0.3221 0.9343 -0.1528
vn -0.0999 0.9834 -0.1513
vn -0.0995 0.9833 -0.1521
vn -0.6622 -0.7493 0.0000
vn -0.6616 -0.7487 0.0419
vn -0.5094 -0.8598 0.0355
vn -0.5097 -0.8603 -0.0000
vn -0.4022 -0.9156 -0.0000
vn -0.4190 -0.2312 0.8781
vn -0.4332 -0.2566 0.8640
vn -0.3714 -0.3155 0.8732
vn -0.3765 -0.3328 0.8646
vn -0.3327 -0.3765 0.8646
vn -0.4160 -0.4708 0.7780
vn -0.3221 -0.5436 0.7751
vn -0.4020 -0.9151 0.0307
vn -0.0803 -0.9968 -0.0000
vn -0.3155 -0.3714 0.8732
vn -0.2566 -0.4332 0.8640
vn -0.2312 -0.4190 0.8781
vn -0.2148 -0.4546 0.8644
vn -0.2438 -0.5644 0.7887
vn -0.2703 -0.5792 0.7690
vn -0.4229 -0.9061 0.0107
vn -0.0470 -0.3249 0.9446
vn 0.9968 0.0803 0.0000
vn 0.9968 -0.0803 -0.0000
vn 0.3249 -0.0470 0.9446
vn 0.4546 -0.2148 0.8644
vn 0.5644 -0.2438 0.7887
vn 0.5792 -0.2703 0.7690
vn 0.9061 -0.4229 0.0107
vn 0.9151 -0.4020 0.0307
vn 0.9156 -0.4022 -0.0000
vn 0.8603 -0.5097 0.0000
vn 0.4190 -0.2312 0.8781
vn 0.3765 -0.3328 0.8646
vn 0.3714 -0.3155 0.8732
vn 0.4332 -0.2566 0.8640
vn 0.5436 -0.3221 0.7751
vn 0.8598 -0.5094 0.0355
vn 0.7487 -0.6616 0.0419
vn 0.4708 -0.4160 0.7780
vn 0.7493 -0.6622 -0.0000
vn 0.6622 -0.7493 0.0000
vn 0.6616 -0.7487 0.0419
vn 0.4160 -0.4708 0.7780
vn 0.3327 -0.3765 0.8646
vn 0.3155 -0.3714 0.8732
vn 0.2566 -0.4332 0.8640
vn 0.5097 -0.8603 0.0000
vn 0.5094 -0.8598 0.0355
vn 0.3221 -0.5436 0.7751
vn 0.2703 -0.5792 0.7690
vn 0.2438 -0.5644 0.7887
vn 0.4229 -0.9061 0.0107
vn 0.4020 -0.9151 0.0307
vn 0.4022 -0.9156 0.0000
vn 0.0803 -0.9968 -0.0000
vn 0.2312 -0.4190 0.8781
vn 0.2148 -0.4546 0.8644
vn 0.0470 -0.3249 0.9446
vn 0.0471 -0.3249 0.9446
vn 0.5097 0.8603 0.0000
vn 0.6622 0.7493 0.0000
vn 0.7493 0.6622 0.0000
vn 0.6616 0.7487 0.0419
vn 0.7487 0.6616 0.0419
vn 0.8603 0.5097 0.0000
vn 0.9156 0.4022 0.0000
vn 0.9151 0.4020 0.0307
vn 0.9061 0.4229 0.0107
vn 0.5792 0.2703 0.7690
vn 0.4022 0.9156 0.0000
vn 0.5094 0.8598 0.0355
vn 0.4160 0.4708 0.7780
vn 0.4708 0.4160 0.7780
vn 0.8598 0.5094 0.0355
vn 0.5436 0.3221 0.7751
vn 0.5644 0.2438 0.7887
vn 0.4546 0.2148 0.8644
vn 0.4190 0.2312 0.8781
vn 0.4332 0.2566 0.8640
vn 0.3714 0.3155 0.8732
vn 0.3765 0.3328 0.8646
vn 0.3328 0.3765 0.8646
vn 0.3221 0.5436 0.7751
vn 0.3155 0.3714 0.8732
vn 0.2566 0.4332 0.8640
vn 0.2312 0.4190 0.8781
vn 0.2148 0.4546 0.8644
vn 0.2438 0.5644 0.7887
vn 0.2703 0.5792 0.7690
vn 0.4229 0.9061 0.0107
vn 0.0470 0.3249 0.9446
vn 0.4020 0.9151 0.0307
vn 0.0803 0.9968 0.0000
vn -0.0803 0.9968 0.0000
vn -0.4022 0.9156 0.0000
vn -0.5097 0.8603 0.0000
vn -0.6622 0.7493 0.0000
vn -0.7493 0.6622 0.0000
vn -0.9968 0.0803 0.0000
vn -0.9156 0.4022 0.0000
vn -0.8603 0.5097 0.0000
vn -0.7487 0.6616 0.0419
vn -0.6616 0.7487 0.0419
vn -0.2312 0.4190 0.8781
vn -0.2566 0.4332 0.8640
vn -0.3221 0.5436 0.7751
vn -0.4160 0.4708 0.7780
vn -0.4708 0.4160 0.7780
vn -0.8598 0.5094 0.0355
vn -0.4190 0.2312 0.8781
vn -0.4332 0.2566 0.8640
vn -0.5436 0.3221 0.7751
vn -0.3765 0.3328 0.8646
vn -0.3327 0.3765 0.8646
vn -0.3155 0.3714 0.8732
vn -0.3714 0.3155 0.8732
vn -0.9151 0.4020 0.0307
vn -0.9061 0.4229 0.0107
vn -0.5792 0.2703 0.7690
vn -0.5644 0.2438 0.7887
vn -0.4546 0.2148 0.8644
vn -0.3249 0.0470 0.9446
vn -0.3955 -0.4823 0.7816
vn -0.3956 -0.4816 0.7820
vn -0.7388 -0.6263 0.2489
vn -0.6263 -0.7388 0.2489
vn -0.6100 -0.7457 0.2679
vn -0.4273 -0.8692 0.2488
vn -0.8692 -0.4273 0.2488
vn -0.7457 -0.6100 0.2679
vn -0.4823 -0.3955 0.7816
vn -0.4816 -0.3956 0.7820
vn 0.0001 -0.0008 1.0000
vn 0.0001 0.0012 1.0000
vn 0.0000 0.0021 1.0000
vn 0.0000 -0.0000 1.0000
vn -0.2698 -0.5580 0.7847
vn -0.2681 -0.5671 0.7788
vn -0.4110 -0.8695 0.2740
vn -0.1380 -0.9519 0.2734
vn 0.4273 -0.8692 0.2488
vn 0.4110 -0.8695 0.2740
vn 0.1380 -0.9519 0.2734
vn 0.1422 -0.9533 0.2663
vn -0.1422 -0.9533 0.2663
vn -0.0921 -0.6176 0.7811
vn -0.0965 -0.6081 0.7880
vn 0.0000 -0.0001 1.0000
vn 0.2646 -0.5654 0.7812
vn 0.0922 -0.6182 0.7806
vn 0.0907 -0.6166 0.7821
vn 0.2682 -0.5674 0.7785
vn 0.3970 -0.4841 0.7797
vn 0.3968 -0.4879 0.7775
vn 0.4861 -0.3986 0.7777
vn 0.0000 -0.0017 1.0000
vn -0.5580 -0.2698 0.7847
vn -0.5671 -0.2681 0.7788
vn -0.8695 -0.4110 0.2740
vn -0.9519 -0.1380 0.2734
vn 0.6260 -0.0934 0.7742
vn 0.6233 -0.0946 0.7763
vn 0.5696 -0.2692 0.7766
vn 0.5695 -0.2692 0.7766
vn 0.6246 0.0932 0.7754
vn 0.9533 0.1422 0.2663
vn 0.9533 -0.1422 0.2663
vn 0.9519 -0.1380 0.2734
vn 0.8695 -0.4110 0.2740
vn 0.8692 -0.4274 0.2488
vn 0.7457 -0.6100 0.2679
vn 0.7388 -0.6263 0.2489
vn 0.6263 -0.7388 0.2489
vn 0.6100 -0.7457 0.2679
vn 0.9519 0.1380 0.2734
vn 0.8692 0.4274 0.2488
vn 0.8695 0.4110 0.2740
vn 0.5768 0.2726 0.7700
vn 0.6188 0.0958 0.7797
vn -0.6081 -0.0965 0.7880
vn -0.6176 -0.0921 0.7811
vn -0.6166 0.0907 0.7821
vn -0.9533 -0.1422 0.2663
vn -0.9533 0.1422 0.2663
vn -0.6182 0.0922 0.7806
vn -0.5654 0.2646 0.7812
vn 0.5688 0.2742 0.7755
vn 0.4913 0.4029 0.7722
vn 0.7457 0.6100 0.2679
vn 0.7388 0.6263 0.2489
vn -0.5674 0.2682 0.7785
vn -0.4841 0.3970 0.7797
vn -0.2692 0.5695 0.7766
vn -0.3986 0.4861 0.7777
vn -0.4879 0.3968 0.7775
vn -0.0000 0.0017 1.0000
vn -0.9519 0.1380 0.2734
vn -0.8695 0.4110 0.2740
vn -0.8692 0.4273 0.2488
vn -0.7457 0.6100 0.2679
vn -0.7388 0.6263 0.2489
vn -0.6263 0.7388 0.2489
vn -0.6100 0.7457 0.2679
vn -0.4273 0.8692 0.2488
vn -0.4110 0.8695 0.2740
vn -0.1380 0.9519 0.2734
vn 0.6263 0.7388 0.2489
vn 0.6100 0.7457 0.2679
vn 0.4273 0.8692 0.2488
vn 0.4110 0.8695 0.2740
vn 0.1380 0.9519 0.2734
vn 0.1422 0.9533 0.2663
vn -0.1422 0.9533 0.2663
vn -0.0934 0.6260 0.7742
vn -0.0946 0.6233 0.7763
vn -0.0000 0.0001 1.0000
vn -0.0000 -0.0021 1.0000
vn -0.0001 -0.0012 1.0000
vn -0.0001 0.0008 1.0000
vn 0.4910 0.4029 0.7724
vn 0.4029 0.4910 0.7724
vn 0.4029 0.4913 0.7722
vn 0.2742 0.5688 0.7755
vn 0.2726 0.5768 0.7700
vn 0.0958 0.6188 0.7797
vn 0.0932 0.6246 0.7754
vn -0.0016 -0.0176 -0.9998
vn -0.0015 0.0186 -0.9998
vn -0.0009 0.0176 -0.9998
vn 0.0009 0.0176 -0.9998
vn -0.0059 -0.1102 -0.9939
vn -0.0125 -0.1134 -0.9935
vn -0.0014 -0.0178 -0.9998
vn 0.0014 -0.0178 -0.9998
vn 0.0016 -0.0176 -0.9998
vn 0.0059 -0.1102 -0.9939
vn 0.0125 -0.1134 -0.9935
vn -0.3199 -0.9475 0.0000
vn -0.1948 -0.9808 0.0000
vn -0.0854 -0.9963 0.0000
vn -0.0856 -0.9963 0.0007
vn 0.0001 0.0007 -1.0000
vn -0.0000 -0.0001 -1.0000
vn -0.4276 -0.9040 0.0000
vn -0.5141 -0.8577 -0.0000
vn -0.5957 -0.8032 0.0000
vn -0.6761 -0.7368 0.0000
vn -0.0001 -0.0001 -1.0000
vn 0.1768 0.9832 0.0453
vn 0.1502 0.8594 -0.4888
vn 0.2788 0.8257 -0.4904
vn 0.3726 0.7878 -0.4905
vn 0.4481 0.7476 -0.4902
vn 0.5194 0.7003 -0.4896
vn 0.1652 0.9027 0.3973
vn 0.1754 0.9809 -0.0845
vn 0.0779 0.9934 -0.0845
vn 0.0781 0.9959 0.0453
vn 0.0794 0.9958 0.0449
vn 0.0695 0.8716 -0.4853
vn 0.0673 0.8706 -0.4873
vn -0.0078 0.0020 -1.0000
vn -0.0077 0.0021 -1.0000
vn 0.0807 0.9932 -0.0836
vn 0.3006 0.8401 0.4515
vn 0.2807 0.8315 0.4794
vn 0.3183 0.9428 0.0986
vn 0.2965 0.8782 0.3754
vn 0.3187 0.9441 -0.0843
vn 0.4587 0.7653 0.4515
vn 0.3815 0.8066 0.4515
vn 0.4255 0.8996 0.0986
vn 0.3963 0.8379 0.3753
vn 0.4260 0.9008 -0.0838
vn 0.3196 0.9465 0.0452
vn 0.5116 0.8536 0.0985
vn 0.4766 0.7952 0.3748
vn 0.5123 0.8547 -0.0833
vn 0.4261 0.9008 -0.0838
vn 0.4271 0.9031 0.0450
vn 0.5524 0.7448 0.3743
vn 0.5937 0.8005 -0.0827
vn 0.5136 0.8569 0.0448
vn 0.5951 0.8024 0.0445
vn 0.6693 0.7385 -0.0820
vn 0.6229 0.6873 0.3736
vn 0.5928 0.7993 0.0983
vn 0.5890 0.6435 -0.4888
vn 0.6663 0.7444 0.0442
vn 0.6745 0.7371 0.0420
vn 0.6729 0.7353 -0.0811
vn 0.7353 0.6729 -0.0811
vn 0.7385 0.6693 -0.0820
vn 0.8005 0.5937 -0.0827
vn 0.8547 0.5123 -0.0833
vn 0.7371 0.6745 0.0420
vn 0.7444 0.6663 0.0442
vn 0.8024 0.5951 0.0445
vn 0.8569 0.5136 0.0448
vn 0.9031 0.4271 0.0450
vn 0.9465 0.3196 0.0452
vn 0.9008 0.4261 -0.0838
vn 0.9441 0.3187 -0.0843
vn 0.9809 0.1754 -0.0845
vn 0.9934 0.0779 -0.0845
vn 0.9932 0.0807 -0.0836
vn 0.9932 -0.0807 -0.0836
vn 0.9832 0.1768 0.0453
vn 0.9959 0.0781 0.0453
vn 0.9949 0.0926 0.0407
vn 0.9027 0.1652 0.3973
vn 0.9077 0.1880 0.3752
vn 0.8782 0.2965 0.3754
vn 0.8379 0.3963 0.3753
vn 0.7952 0.4766 0.3748
vn 0.7448 0.5524 0.3743
vn 0.9567 0.1644 0.2400
vn 0.9819 0.1001 0.1610
vn 0.9702 0.1731 0.1698
vn 0.9728 0.2095 0.0986
vn 0.9428 0.3183 0.0986
vn 0.8996 0.4255 0.0986
vn 0.8536 0.5116 0.0985
vn 0.7993 0.5928 0.0983
vn 0.8773 -0.0482 0.4775
vn 0.8773 0.0482 0.4775
vn 0.8732 0.0429 0.4854
vn 0.8618 0.0983 0.4977
vn 0.8586 0.0708 0.5077
vn 0.8803 0.1306 0.4560
vn 0.8456 0.1821 0.5019
vn 0.8614 0.2158 0.4598
vn 0.8315 0.2807 0.4794
vn 0.8401 0.3006 0.4515
vn -0.9033 -0.4272 0.0403
vn -0.9408 -0.3366 0.0403
vn -0.9692 -0.2428 0.0403
vn -0.9884 -0.1466 0.0403
vn -0.9980 -0.0490 0.0403
vn -0.9980 0.0490 0.0403
vn -0.9692 0.2428 0.0403
vn -0.9884 0.1466 0.0403
vn 0.8401 -0.3006 0.4515
vn 0.8066 -0.3815 0.4515
vn 0.8996 -0.4255 0.0986
vn 0.8536 -0.5116 0.0985
vn 0.7952 -0.4766 0.3748
vn 0.7448 -0.5524 0.3743
vn 0.9428 -0.3183 0.0986
vn 0.8315 -0.2807 0.4794
vn 0.8614 -0.2158 0.4598
vn 0.8803 -0.1306 0.4560
vn 0.8455 -0.1821 0.5019
vn 0.9728 -0.2095 0.0986
vn 0.8782 -0.2965 0.3754
vn 0.8379 -0.3963 0.3753
vn 0.9008 -0.4261 -0.0838
vn 0.9934 -0.0779 -0.0845
vn 0.9809 -0.1754 -0.0845
vn 0.9027 -0.1652 0.3973
vn 0.9077 -0.1880 0.3752
vn 0.9567 -0.1644 0.2400
vn 0.9702 -0.1731 0.1698
vn 0.9819 -0.1001 0.1610
vn 0.8586 -0.0708 0.5077
vn 0.8618 -0.0983 0.4977
vn 0.8732 -0.0429 0.4854
vn 0.9441 -0.3187 -0.0843
vn 0.9832 -0.1768 0.0453
vn 0.8594 -0.1502 -0.4888
vn 0.8706 -0.0673 -0.4873
vn 0.0007 -0.0001 -1.0000
vn -0.9963 0.0856 0.0000
vn 0.9465 -0.3196 0.0452
vn 0.8257 -0.2788 -0.4904
vn 0.0020 0.0078 -1.0000
vn 0.0021 0.0077 -1.0000
vn -0.9808 0.1948 0.0000
vn -0.9475 0.3199 -0.0000
vn 0.9031 -0.4271 0.0450
vn 0.7878 -0.3726 -0.4905
vn -0.0001 0.0000 -1.0000
vn -0.0001 0.0001 -1.0000
vn -0.9040 0.4276 -0.0000
vn -0.8577 0.5141 -0.0000
vn -0.8032 0.5957 0.0000
vn 0.8569 -0.5136 0.0448
vn 0.7476 -0.4481 -0.4902
vn -0.7370 0.6759 0.0000
vn -0.7366 0.6764 0.0014
vn 0.7003 -0.5194 -0.4896
vn 0.8024 -0.5951 0.0445
vn 0.8547 -0.5123 -0.0833
vn 0.8005 -0.5937 -0.0827
vn 0.7444 -0.6663 0.0442
vn 0.6435 -0.5890 -0.4888
vn 0.6432 -0.5897 -0.4884
vn 0.5897 -0.6432 -0.4884
vn 0.6873 -0.6229 0.3736
vn 0.7385 -0.6693 -0.0820
vn 0.7353 -0.6729 -0.0811
vn 0.7370 -0.6745 0.0420
vn 0.6745 -0.7371 0.0420
vn 0.6663 -0.7444 0.0442
vn 0.5890 -0.6435 -0.4888
vn 0.5194 -0.7003 -0.4896
vn 0.6729 -0.7353 -0.0811
vn 0.6683 -0.7374 0.0981
vn 0.6229 -0.6873 0.3736
vn 0.6693 -0.7385 -0.0820
vn 0.5937 -0.8005 -0.0827
vn 0.5951 -0.8024 0.0445
vn 0.4481 -0.7476 -0.4902
vn 0.5928 -0.7993 0.0983
vn 0.5524 -0.7448 0.3743
vn 0.5123 -0.8547 -0.0833
vn 0.5136 -0.8569 0.0448
vn 0.3726 -0.7878 -0.4905
vn 0.2788 -0.8257 -0.4904
vn 0.4271 -0.9031 0.0450
vn 0.4261 -0.9008 -0.0838
vn 0.4766 -0.7952 0.3748
vn 0.5116 -0.8536 0.0985
vn 0.3196 -0.9465 0.0452
vn 0.3187 -0.9441 -0.0843
vn 0.3963 -0.8379 0.3753
vn 0.4255 -0.8996 0.0986
vn 0.3815 -0.8066 0.4515
vn 0.2965 -0.8782 0.3754
vn 0.3183 -0.9428 0.0986
vn 0.2807 -0.8315 0.4794
vn 0.3006 -0.8401 0.4515
vn -0.3366 0.9408 0.0403
vn -0.2428 0.9692 0.0403
vn -0.1466 0.9884 0.0403
vn 0.1821 -0.8455 0.5019
vn 0.2158 -0.8614 0.4598
vn -0.0490 0.9980 0.0403
vn 0.1001 -0.9819 0.1610
vn 0.0708 -0.8586 0.5077
vn 0.1306 -0.8803 0.4560
vn 0.0983 -0.8618 0.4977
vn 0.0429 -0.8732 0.4854
vn 0.0482 -0.8773 0.4775
vn 0.0695 -0.8716 -0.4853
vn 0.0794 -0.9958 0.0449
vn 0.0781 -0.9959 0.0453
vn 0.0779 -0.9934 -0.0845
vn 0.1754 -0.9809 -0.0845
vn 0.1652 -0.9027 0.3973
vn 0.1880 -0.9077 0.3752
vn 0.1644 -0.9567 0.2400
vn 0.1731 -0.9702 0.1698
vn 0.2095 -0.9728 0.0986
vn 0.0807 -0.9932 -0.0836
vn -0.1948 0.9808 0.0000
vn -0.0856 0.9963 0.0000
vn 0.0001 -0.0007 -1.0000
vn 0.0673 -0.8706 -0.4873
vn 0.1502 -0.8594 -0.4888
vn 0.1768 -0.9832 0.0453
vn -0.0853 0.9964 0.0013
vn -0.0000 0.0001 -1.0000
vn -0.0077 -0.0021 -1.0000
vn -0.0078 -0.0020 -1.0000
vn -0.6759 0.7370 0.0007
vn -0.6761 0.7368 -0.0000
vn -0.5957 0.8032 -0.0000
vn -0.5141 0.8577 0.0000
vn -0.4276 0.9040 -0.0000
vn -0.3199 0.9475 -0.0000
vn 0.0015 0.0186 -0.9998
vn 0.1306 0.8803 0.4560
vn 0.1821 0.8455 0.5019
vn 0.2095 0.9728 0.0986
vn 0.2158 0.8614 0.4598
vn -0.0490 -0.9980 0.0403
vn 0.0429 0.8732 0.4854
vn 0.0983 0.8618 0.4977
vn 0.0708 0.8586 0.5077
vn 0.1001 0.9819 0.1610
vn 0.1731 0.9702 0.1698
vn 0.1644 0.9567 0.2400
vn 0.1880 0.9077 0.3752
vn 0.0482 0.8773 0.4775
vn -0.5137 -0.8570 0.0403
vn -0.4272 -0.9033 0.0403
vn -0.3366 -0.9408 0.0403
vn -0.2428 -0.9692 0.0403
vn -0.1466 -0.9884 0.0403
vn 0.7374 0.6683 0.0981
vn 0.6683 0.7374 0.0981
vn 0.5992 0.6611 0.4515
vn 0.5315 0.7167 0.4515
vn -0.5952 -0.8026 0.0403
vn 0.6873 0.6229 0.3736
vn -0.1757 0.1750 0.9688
vn -0.3240 0.3529 0.8778
vn -0.3826 0.2571 0.8874
vn -0.3356 0.2041 0.9196
vn -0.3927 0.1619 0.9053
vn 0.1423 0.7735 0.6176
vn 0.0385 0.2884 0.9567
vn 0.1757 0.1750 0.9688
vn 0.3240 0.3529 0.8778
vn 0.3826 0.2571 0.8874
vn 0.3356 0.2041 0.9196
vn 0.3927 0.1619 0.9053
vn 0.2969 0.0296 0.9544
vn 0.3379 0.0123 0.9411
vn -0.3379 0.0123 0.9411
vn 0.7390 0.3198 0.5930
vn 0.6578 0.2115 0.7228
vn 0.6562 0.2124 0.7240
vn 0.5913 0.0136 0.8064
vn 0.5531 0.0305 0.8326
vn -0.1918 -0.0150 0.9813
vn 0.1918 -0.0150 0.9813
vn 0.2491 -0.1824 0.9511
vn 0.4460 -0.2378 0.8628
vn 0.9477 -0.3162 0.0439
vn 0.9626 -0.2552 0.0906
vn 0.9953 -0.0000 0.0969
vn 0.9967 0.0063 0.0808
vn 0.9900 0.1146 0.0825
vn 0.9897 0.1430 0.0023
vn 0.9768 0.2139 0.0053
vn 0.9771 0.2123 0.0106
vn 0.6943 0.3811 0.6105
vn 0.5255 0.2836 0.8022
vn 0.1176 0.2699 0.9557
vn 0.4146 0.6761 0.6091
vn 0.4491 0.6796 0.5801
vn -0.0008 0.0982 0.9952
vn -0.0003 0.0981 0.9952
vn 0.0001 0.0978 0.9952
vn 0.1542 0.7802 0.6063
vn -0.0028 0.0977 0.9952
vn 0.6989 0.4657 0.5427
vn 0.6963 0.4918 0.5227
vn 0.4751 0.3792 0.7941
vn 0.8293 0.1223 0.5452
vn 0.9809 0.1937 0.0204
vn 0.9900 0.1410 0.0060
vn 0.9967 0.0739 0.0325
vn 0.9304 0.0426 0.3642
vn 0.9524 0.1365 0.2725
vn 0.9047 0.0911 0.4161
vn 0.9030 0.0851 0.4210
vn -0.0000 0.0993 0.9951
vn 0.0063 0.0962 0.9953
vn 0.8330 0.2260 0.5050
vn 0.8469 0.2908 0.4451
vn 0.8413 0.2903 0.4559
vn -0.9524 0.1365 0.2725
vn -0.9047 0.0911 0.4161
vn -0.9030 0.0851 0.4210
vn -0.0063 0.0962 0.9953
vn 0.0028 0.0977 0.9952
vn -0.6989 0.4657 0.5427
vn -0.6963 0.4918 0.5227
vn -0.4146 0.6761 0.6091
vn -0.4491 0.6796 0.5801
vn 0.0008 0.0982 0.9952
vn -0.0001 0.0978 0.9952
vn -0.8469 0.2908 0.4451
vn -0.8330 0.2260 0.5050
vn 0.0003 0.0981 0.9952
vn -0.1542 0.7802 0.6063
vn -0.1423 0.7735 0.6176
vn -0.0386 0.2884 0.9567
vn -0.1176 0.2699 0.9557
vn -0.5255 0.2836 0.8022
vn -0.4751 0.3792 0.7941
vn -0.8293 0.1223 0.5452
vn -0.8413 0.2903 0.4559
vn -0.9304 0.0426 0.3642
vn -0.2969 0.0296 0.9544
vn -0.5531 0.0305 0.8326
vn -0.5913 0.0136 0.8064
vn -0.6562 0.2124 0.7240
vn -0.6578 0.2115 0.7228
vn -0.7390 0.3198 0.5930
vn -0.6943 0.3811 0.6105
vn -0.9771 0.2123 0.0106
vn -0.9809 0.1937 0.0204
vn -0.9900 0.1410 0.0060
vn -0.9967 0.0739 0.0325
vn -0.9768 0.2139 0.0053
vn -0.9897 0.1430 0.0023
vn -0.9900 0.1146 0.0825
vn -0.9967 0.0063 0.0808
vn -0.9953 -0.0000 0.0969
vn -0.9626 -0.2552 0.0906
vn -0.9477 -0.3162 0.0439
vn -0.4460 -0.2378 0.8628
vn -0.2491 -0.1824 0.9511
vn -0.1652 0.9027 0.3973
vn -0.1880 0.9077 0.3752
vn -0.1644 0.9567 0.2401
vn -0.1731 0.9702 0.1698
vn -0.1001 0.9819 0.1610
vn -0.0708 0.8586 0.5077
vn -0.0983 0.8618 0.4977
vn -0.0429 0.8732 0.4854
vn -0.0482 0.8773 0.4775
vn -0.2965 0.8782 0.3754
vn -0.3963 0.8379 0.3753
vn -0.3183 0.9428 0.0986
vn -0.2095 0.9728 0.0986
vn -0.1821 0.8455 0.5019
vn -0.1306 0.8803 0.4561
vn 0.0490 -0.9980 0.0403
vn 0.1466 -0.9884 0.0403
vn -0.2158 0.8614 0.4598
vn -0.2807 0.8315 0.4794
vn -0.4255 0.8996 0.0986
vn -0.3815 0.8066 0.4515
vn 0.2428 -0.9692 0.0403
vn -0.3006 0.8401 0.4515
vn 0.3366 -0.9408 0.0403
vn 0.4272 -0.9033 0.0403
vn 0.5137 -0.8570 0.0403
vn 0.5952 -0.8026 0.0403
vn -0.4587 0.7653 0.4515
vn -0.5116 0.8536 0.0985
vn -0.4766 0.7952 0.3748
vn -0.5937 0.8005 -0.0827
vn -0.5524 0.7448 0.3743
vn -0.5928 0.7993 0.0983
vn -0.5315 0.7167 0.4515
vn 0.6710 -0.7404 0.0403
vn 0.6710 -0.7403 0.0403
vn 0.7403 -0.6710 0.0403
vn -0.5951 0.8024 0.0445
vn -0.6693 0.7385 -0.0820
vn -0.6229 0.6873 0.3736
vn -0.6683 0.7374 0.0981
vn -0.5992 0.6611 0.4515
vn -0.7952 0.4766 0.3748
vn -0.7448 0.5524 0.3743
vn -0.6873 0.6229 0.3736
vn -0.7374 0.6683 0.0981
vn -0.6611 0.5992 0.4515
vn -0.8315 0.2807 0.4794
vn -0.9428 0.3183 0.0986
vn -0.8996 0.4255 0.0986
vn -0.8536 0.5116 0.0985
vn -0.7993 0.5928 0.0983
vn -0.7167 0.5315 0.4515
vn -0.8401 0.3006 0.4515
vn -0.8066 0.3815 0.4515
vn -0.7653 0.4587 0.4515
vn -0.8614 0.2158 0.4598
vn 0.7404 -0.6710 0.0403
vn 0.8026 -0.5952 0.0403
vn 0.8570 -0.5137 0.0403
vn 0.9033 -0.4272 0.0403
vn 0.9408 -0.3366 0.0403
vn 0.9692 -0.2428 0.0403
vn 0.9884 -0.1466 0.0403
vn 0.9980 -0.0490 0.0403
vn 0.9692 0.2428 0.0403
vn 0.9884 0.1466 0.0403
vn 0.9980 0.0490 0.0403
vn -0.8732 0.0429 0.4854
vn -0.9819 -0.1001 0.1610
vn -0.8586 -0.0708 0.5077
vn -0.8803 -0.1306 0.4560
vn -0.8618 -0.0983 0.4977
vn -0.8732 -0.0429 0.4854
vn -0.8773 -0.0482 0.4775
vn -0.8773 0.0482 0.4775
vn -0.8614 -0.2158 0.4598
vn -0.8455 -0.1821 0.5019
vn -0.9728 -0.2095 0.0986
vn -0.9702 -0.1731 0.1698
vn -0.9567 -0.1644 0.2401
vn -0.9077 -0.1880 0.3752
vn -0.9027 -0.1652 0.3973
vn -0.9809 -0.1754 -0.0845
vn -0.9934 -0.0779 -0.0845
vn -0.9959 -0.0781 0.0453
vn -0.9958 -0.0794 0.0449
vn -0.9932 -0.0807 -0.0836
vn -0.9932 0.0807 -0.0836
vn -0.9958 0.0794 0.0449
vn -0.8716 0.0695 -0.4853
vn -0.8716 -0.0695 -0.4853
vn -0.8706 -0.0673 -0.4873
vn -0.8594 -0.1502 -0.4888
vn -0.8257 -0.2788 -0.4904
vn -0.7878 -0.3726 -0.4905
vn 0.0001 0.0001 -1.0000
vn 0.0001 0.0000 -1.0000
vn -0.0021 0.0077 -1.0000
vn -0.0020 0.0078 -1.0000
vn -0.0008 -0.0001 -1.0000
vn -0.0007 -0.0001 -1.0000
vn 0.9963 0.0854 0.0000
vn 0.9808 0.1948 0.0000
vn 0.9475 0.3199 0.0000
vn 0.9040 0.4276 -0.0000
vn 0.8577 0.5141 0.0000
vn 0.8032 0.5957 0.0000
vn 0.7368 0.6761 0.0000
vn -0.7476 -0.4481 -0.4902
vn -0.7003 -0.5194 -0.4896
vn -0.6435 -0.5890 -0.4888
vn -0.6432 -0.5897 -0.4884
vn -0.5897 -0.6432 -0.4884
vn 0.6761 0.7368 0.0000
vn -0.8024 -0.5951 0.0445
vn -0.8547 -0.5123 -0.0833
vn -0.8569 -0.5136 0.0448
vn -0.7952 -0.4766 0.3748
vn -0.9008 -0.4261 -0.0838
vn -0.9031 -0.4271 0.0450
vn -0.8996 -0.4255 0.0986
vn -0.8379 -0.3963 0.3753
vn -0.9441 -0.3187 -0.0843
vn -0.9465 -0.3196 0.0452
vn -0.9832 -0.1768 0.0453
vn -0.8782 -0.2965 0.3754
vn -0.9428 -0.3183 0.0986
vn -0.8315 -0.2807 0.4794
vn -0.8401 -0.3006 0.4515
vn -0.7353 -0.6729 -0.0811
vn -0.7385 -0.6693 -0.0820
vn -0.6873 -0.6229 0.3736
vn -0.7448 -0.5524 0.3743
vn -0.7993 -0.5928 0.0983
vn -0.8536 -0.5116 0.0985
vn -0.7653 -0.4587 0.4515
vn -0.8066 -0.3815 0.4515
vn 0.7404 0.6710 0.0403
vn 0.8026 0.5952 0.0403
vn 0.8570 0.5137 0.0403
vn 0.9033 0.4272 0.0403
vn 0.9408 0.3366 0.0403
vn -0.7167 -0.5315 0.4515
vn -0.7374 -0.6683 0.0981
vn -0.6611 -0.5992 0.4515
vn -0.5992 -0.6611 0.4515
vn -0.5315 -0.7167 0.4515
vn -0.4587 -0.7653 0.4515
vn -0.5116 -0.8536 0.0985
vn -0.5928 -0.7993 0.0983
vn -0.6683 -0.7374 0.0981
vn -0.3187 -0.9441 -0.0843
vn -0.4261 -0.9008 -0.0838
vn -0.3963 -0.8379 0.3753
vn -0.4255 -0.8996 0.0986
vn -0.3815 -0.8066 0.4515
vn -0.1754 -0.9809 -0.0845
vn -0.2965 -0.8782 0.3754
vn -0.3183 -0.9428 0.0986
vn -0.2807 -0.8315 0.4794
vn -0.3006 -0.8401 0.4515
vn -0.2158 -0.8614 0.4598
vn -0.1306 -0.8803 0.4560
vn -0.1821 -0.8455 0.5019
vn -0.2095 -0.9728 0.0986
vn 0.0490 0.9980 0.0403
vn 0.1466 0.9884 0.0403
vn 0.2428 0.9692 0.0403
vn -0.0482 -0.8773 0.4775
vn -0.0429 -0.8732 0.4854
vn -0.0983 -0.8618 0.4977
vn -0.0708 -0.8586 0.5077
vn -0.1001 -0.9819 0.1610
vn -0.1731 -0.9702 0.1698
vn -0.1644 -0.9567 0.2400
vn -0.1880 -0.9077 0.3752
vn -0.1652 -0.9027 0.3973
vn -0.0807 -0.9932 -0.0836
vn -0.0779 -0.9934 -0.0845
vn -0.0781 -0.9959 0.0453
vn -0.0794 -0.9958 0.0449
vn -0.0695 -0.8716 -0.4853
vn 0.1948 0.9808 0.0000
vn 0.0854 0.9963 0.0000
vn 0.0856 0.9963 0.0007
vn -0.0001 -0.0007 -1.0000
vn -0.0673 -0.8706 -0.4873
vn -0.1502 -0.8594 -0.4888
vn -0.1768 -0.9832 0.0453
vn -0.3196 -0.9465 0.0452
vn -0.2788 -0.8257 -0.4904
vn 0.0078 -0.0020 -1.0000
vn 0.0077 -0.0021 -1.0000
vn -0.3726 -0.7878 -0.4905
vn -0.4481 -0.7476 -0.4902
vn -0.5194 -0.7003 -0.4896
vn -0.5890 -0.6435 -0.4888
vn -0.4271 -0.9031 0.0450
vn -0.5136 -0.8569 0.0448
vn -0.5951 -0.8024 0.0445
vn -0.6663 -0.7444 0.0442
vn -0.6745 -0.7371 0.0420
vn -0.7371 -0.6745 0.0420
vn -0.5123 -0.8547 -0.0833
vn -0.5937 -0.8005 -0.0827
vn -0.6693 -0.7385 -0.0820
vn -0.6729 -0.7353 -0.0811
vn -0.6229 -0.6873 0.3736
vn -0.5524 -0.7448 0.3743
vn -0.4766 -0.7952 0.3748
vn -0.7878 0.3726 -0.4905
vn -0.7476 0.4481 -0.4902
vn -0.7003 0.5194 -0.4896
vn -0.8257 0.2788 -0.4904
vn 0.0001 -0.0001 -1.0000
vn -0.6435 0.5890 -0.4888
vn 0.9040 -0.4276 -0.0000
vn 0.9475 -0.3199 -0.0000
vn 0.9808 -0.1948 0.0000
vn -0.0021 -0.0077 -1.0000
vn -0.0020 -0.0078 -1.0000
vn -0.8594 0.1502 -0.4888
vn -0.9809 0.1754 -0.0845
vn -0.9832 0.1768 0.0453
vn -0.8706 0.0673 -0.4873
vn -0.0008 0.0001 -1.0000
vn -0.0007 0.0001 -1.0000
vn 0.9963 -0.0856 0.0000
vn 0.9964 -0.0853 0.0013
vn 0.9963 0.0856 0.0007
vn -0.8782 0.2965 0.3754
vn -0.7353 0.6729 -0.0811
vn -0.7385 0.6693 -0.0820
vn -0.8005 0.5937 -0.0827
vn -0.8547 0.5123 -0.0833
vn -0.9008 0.4261 -0.0838
vn -0.9441 0.3187 -0.0843
vn -0.9465 0.3196 0.0452
vn -0.9031 0.4271 0.0450
vn -0.8569 0.5136 0.0448
vn -0.8024 0.5951 0.0445
vn -0.7444 0.6663 0.0442
vn -0.7371 0.6745 0.0420
vn 0.5141 -0.8577 0.0000
vn 0.5957 -0.8032 0.0000
vn -0.5194 0.7003 -0.4896
vn -0.5890 0.6435 -0.4888
vn -0.6663 0.7444 0.0442
vn -0.6745 0.7370 0.0420
vn -0.6729 0.7353 -0.0811
vn -0.1502 0.8594 -0.4888
vn -0.2788 0.8257 -0.4904
vn -0.3726 0.7878 -0.4905
vn -0.4481 0.7476 -0.4902
vn -0.5136 0.8569 0.0448
vn -0.4271 0.9031 0.0450
vn -0.3196 0.9465 0.0452
vn -0.1768 0.9832 0.0453
vn -0.0781 0.9959 0.0453
vn -0.0794 0.9958 0.0449
vn -0.0807 0.9932 -0.0836
vn -0.0779 0.9934 -0.0845
vn -0.1754 0.9809 -0.0845
vn -0.3187 0.9441 -0.0843
vn -0.4261 0.9008 -0.0838
vn -0.5123 0.8547 -0.0833
vn 0.0176 -0.0016 -0.9998
vn -0.0186 -0.0015 -0.9998
vn -0.0176 -0.0009 -0.9998
vn -0.0176 0.0009 -0.9998
vn 0.1102 -0.0059 -0.9939
vn 0.1134 -0.0125 -0.9935
vn 0.0178 -0.0014 -0.9998
vn 0.0178 0.0014 -0.9998
vn 0.0176 0.0016 -0.9998
vn 0.1102 0.0059 -0.9939
vn 0.1134 0.0125 -0.9935
vn 0.0853 -0.9964 0.0013
vn 0.3199 -0.9475 -0.0000
vn 0.1948 -0.9808 -0.0000
vn 0.0856 -0.9963 0.0000
vn -0.0001 0.0007 -1.0000
vn -0.0695 0.8716 -0.4853
vn -0.0673 0.8706 -0.4873
vn 0.0078 0.0020 -1.0000
vn 0.0077 0.0021 -1.0000
vn 0.4276 -0.9040 0.0000
vn -0.0186 0.0015 -0.9998
vn -0.8803 0.1306 0.4560
vn -0.8456 0.1821 0.5019
vn -0.9728 0.2095 0.0986
vn -0.8379 0.3963 0.3753
vn -0.8618 0.0983 0.4977
vn -0.8586 0.0708 0.5077
vn -0.9819 0.1001 0.1610
vn -0.9702 0.1731 0.1698
vn -0.9567 0.1644 0.2401
vn -0.9077 0.1880 0.3752
vn -0.9027 0.1652 0.3973
vn -0.9934 0.0779 -0.0845
vn -0.9959 0.0781 0.0453
vn -0.2139 -0.9768 0.0053
vn -0.1430 -0.9897 0.0023
vn -0.1146 -0.9900 0.0825
vn -0.0063 -0.9967 0.0808
vn 0.0000 -0.9953 0.0969
vn 0.2552 -0.9626 0.0906
vn 0.3162 -0.9477 0.0439
vn -0.0739 -0.9967 0.0325
vn -0.1410 -0.9900 0.0060
vn -0.1937 -0.9809 0.0204
vn -0.2123 -0.9771 0.0106
vn -0.3811 -0.6943 0.6105
vn -0.3198 -0.7390 0.5930
vn -0.2115 -0.6578 0.7228
vn -0.2124 -0.6562 0.7240
vn -0.0136 -0.5913 0.8064
vn -0.0305 -0.5531 0.8326
vn 0.2378 -0.4460 0.8628
vn 0.0150 -0.1918 0.9813
vn 0.1824 -0.2491 0.9511
vn -0.0123 -0.3379 0.9411
vn -0.0296 -0.2969 0.9544
vn -0.1619 -0.3927 0.9053
vn -0.2041 -0.3356 0.9196
vn -0.2571 -0.3826 0.8874
vn -0.3529 -0.3240 0.8778
vn -0.1750 -0.1757 0.9688
vn -0.2884 -0.0385 0.9567
vn -0.2699 0.1176 0.9557
vn -0.2884 0.0385 0.9567
vn -0.1750 0.1757 0.9688
vn -0.3529 0.3240 0.8778
vn -0.2571 0.3826 0.8874
vn -0.2041 0.3356 0.9196
vn -0.1619 0.3927 0.9053
vn -0.3811 0.6943 0.6105
vn -0.3198 0.7390 0.5930
vn -0.2115 0.6578 0.7228
vn -0.2124 0.6562 0.7240
vn -0.0136 0.5913 0.8064
vn -0.0305 0.5531 0.8326
vn -0.0296 0.2969 0.9544
vn -0.0123 0.3379 0.9411
vn -0.1430 0.9897 0.0023
vn -0.1146 0.9900 0.0825
vn -0.0063 0.9967 0.0808
vn 0.0000 0.9953 0.0969
vn 0.2552 0.9626 0.0906
vn 0.3162 0.9477 0.0439
vn 0.2378 0.4460 0.8628
vn 0.1824 0.2491 0.9511
vn 0.0150 0.1918 0.9813
vn -0.0851 0.9030 0.4210
vn -0.0993 -0.0000 0.9951
vn -0.0962 0.0063 0.9953
vn -0.2260 0.8330 0.5050
vn -0.2909 0.8469 0.4451
vn -0.2903 0.8413 0.4559
vn -0.1223 0.8293 0.5452
vn -0.1937 0.9809 0.0204
vn -0.2123 0.9771 0.0106
vn -0.2139 0.9768 0.0053
vn -0.1410 0.9900 0.0060
vn -0.0739 0.9967 0.0325
vn -0.0426 0.9304 0.3642
vn -0.1365 0.9524 0.2725
vn -0.0911 0.9047 0.4161
vn -0.0981 -0.0003 0.9952
vn -0.0981 0.0003 0.9952
vn -0.7802 -0.1542 0.6063
vn -0.7802 0.1542 0.6063
vn -0.7735 0.1423 0.6176
vn -0.6796 0.4491 0.5801
vn -0.6761 0.4146 0.6091
vn -0.4918 0.6963 0.5227
vn -0.3792 0.4751 0.7941
vn -0.2836 0.5255 0.8022
vn -0.4657 0.6989 0.5427
vn -0.0977 -0.0027 0.9952
vn -0.0978 0.0001 0.9952
vn -0.0982 -0.0008 0.9952
vn -0.7735 -0.1423 0.6176
vn -0.6796 -0.4491 0.5801
vn -0.0982 0.0008 0.9952
vn -0.0978 -0.0001 0.9952
vn -0.0977 0.0027 0.9952
vn -0.0962 -0.0063 0.9953
vn -0.2260 -0.8330 0.5050
vn -0.0911 -0.9047 0.4161
vn -0.1365 -0.9524 0.2725
vn -0.0426 -0.9304 0.3642
vn -0.0851 -0.9030 0.4210
vn -0.6761 -0.4146 0.6091
vn -0.2699 -0.1176 0.9557
vn -0.2836 -0.5255 0.8022
vn -0.3792 -0.4751 0.7941
vn -0.1223 -0.8293 0.5452
vn -0.2903 -0.8413 0.4559
vn -0.2909 -0.8469 0.4451
vn -0.4657 -0.6989 0.5427
vn -0.4918 -0.6963 0.5227
vn -0.1134 0.0125 -0.9935
vn -0.1102 0.0059 -0.9939
vn -0.0176 0.0016 -0.9998
vn -0.0178 0.0014 -0.9998
vn -0.0178 -0.0014 -0.9998
vn -0.1134 -0.0125 -0.9935
vn -0.1102 -0.0059 -0.9939
vn 0.0176 0.0009 -0.9998
vn 0.0176 -0.0009 -0.9998
vn 0.0186 -0.0015 -0.9998
vn 0.0186 0.0015 -0.9998
vn -0.0176 -0.0016 -0.9998
vn -0.8577 -0.5141 -0.0000
vn -0.8032 -0.5957 -0.0000
vn -0.7370 -0.6759 0.0000
vn -0.7368 -0.6761 -0.0007
vn -0.6764 -0.7365 0.0008
vn 0.5897 0.6432 -0.4884
vn 0.6432 0.5897 -0.4884
vn 0.6435 0.5890 -0.4888
vn 0.7003 0.5194 -0.4896
vn 0.7476 0.4481 -0.4902
vn 0.7878 0.3726 -0.4905
vn 0.0007 0.0001 -1.0000
vn 0.0008 0.0001 -1.0000
vn 0.0020 -0.0078 -1.0000
vn 0.0021 -0.0077 -1.0000
vn -0.9964 0.0853 0.0013
vn -0.9963 -0.0856 0.0007
vn -0.9963 -0.0854 -0.0000
vn -0.9808 -0.1948 0.0000
vn -0.9475 -0.3199 -0.0000
vn -0.9040 -0.4276 0.0000
vn 0.2260 -0.8330 0.5050
vn 0.2908 -0.8469 0.4451
vn 0.2903 -0.8413 0.4559
vn 0.1223 -0.8293 0.5452
vn 0.1937 -0.9809 0.0204
vn 0.1410 -0.9900 0.0060
vn 0.0739 -0.9967 0.0325
vn 0.0426 -0.9304 0.3642
vn 0.1365 -0.9524 0.2725
vn 0.0911 -0.9047 0.4161
vn 0.0851 -0.9030 0.4210
vn 0.0993 0.0000 0.9951
vn 0.0962 -0.0063 0.9953
vn 0.0977 0.0027 0.9952
vn 0.4657 -0.6989 0.5427
vn 0.4918 -0.6963 0.5227
vn 0.3792 -0.4751 0.7941
vn 0.2836 -0.5255 0.8022
vn 0.3811 -0.6943 0.6105
vn 0.3198 -0.7390 0.5930
vn 0.2115 -0.6578 0.7228
vn 0.2124 -0.6562 0.7240
vn 0.0136 -0.5913 0.8064
vn -0.3162 -0.9477 0.0439
vn -0.2552 -0.9626 0.0906
vn 0.0063 -0.9967 0.0808
vn 0.1146 -0.9900 0.0825
vn 0.1430 -0.9897 0.0023
vn 0.2139 -0.9768 0.0053
vn 0.2123 -0.9771 0.0106
vn 0.0305 -0.5531 0.8326
vn -0.2378 -0.4460 0.8628
vn -0.1824 -0.2491 0.9511
vn -0.0150 -0.1918 0.9813
vn -0.0150 0.1918 0.9813
vn -0.1824 0.2491 0.9511
vn -0.2378 0.4460 0.8628
vn -0.3162 0.9477 0.0439
vn 0.1750 -0.1757 0.9688
vn 0.3529 -0.3240 0.8778
vn 0.2571 -0.3826 0.8874
vn 0.2041 -0.3356 0.9196
vn 0.1619 -0.3927 0.9053
vn 0.0296 -0.2969 0.9544
vn 0.0123 -0.3379 0.9411
vn 0.0123 0.3379 0.9411
vn 0.0296 0.2969 0.9544
vn 0.0305 0.5531 0.8326
vn 0.6796 0.4491 0.5801
vn 0.6761 0.4146 0.6091
vn 0.2699 0.1176 0.9557
vn 0.2884 0.0385 0.9567
vn 0.1750 0.1757 0.9688
vn 0.3529 0.3240 0.8778
vn 0.2571 0.3826 0.8874
vn 0.2041 0.3356 0.9196
vn 0.1619 0.3927 0.9053
vn 0.7735 0.1423 0.6176
vn 0.0136 0.5913 0.8064
vn 0.2124 0.6562 0.7240
vn 0.2115 0.6578 0.7228
vn 0.3198 0.7390 0.5930
vn 0.3811 0.6943 0.6105
vn 0.2836 0.5255 0.8022
vn 0.3792 0.4751 0.7941
vn 0.4918 0.6963 0.5227
vn 0.4657 0.6989 0.5427
vn 0.0977 -0.0027 0.9952
vn -0.2552 0.9626 0.0906
vn 0.0063 0.9967 0.0808
vn 0.1146 0.9900 0.0825
vn 0.1430 0.9897 0.0023
vn 0.2139 0.9768 0.0053
vn 0.2123 0.9771 0.0106
vn 0.1937 0.9809 0.0204
vn 0.1223 0.8293 0.5452
vn 0.2903 0.8413 0.4559
vn 0.2908 0.8469 0.4451
vn 0.2260 0.8330 0.5050
vn 0.0962 0.0063 0.9953
vn 0.0851 0.9030 0.4210
vn 0.0911 0.9047 0.4161
vn 0.1365 0.9524 0.2725
vn 0.0426 0.9304 0.3642
vn 0.0739 0.9967 0.0325
vn 0.1410 0.9900 0.0060
vn 0.0978 0.0001 0.9952
vn 0.0982 -0.0008 0.9952
vn 0.0981 -0.0003 0.9952
vn 0.7802 0.1542 0.6063
vn 0.7802 -0.1542 0.6063
vn 0.7735 -0.1423 0.6176
vn 0.6796 -0.4491 0.5801
vn 0.6761 -0.4146 0.6091
vn 0.2699 -0.1176 0.9557
vn 0.2884 -0.0385 0.9567
vn 0.0978 -0.0001 0.9952
vn 0.0982 0.0008 0.9952
vn 0.0981 0.0003 0.9952
vn 0.0016 0.0176 -0.9998
vn -0.0016 0.0176 -0.9998
vn -0.0014 0.0178 -0.9998
vn 0.0014 0.0178 -0.9998
vn 0.0125 0.1134 -0.9935
vn 0.0059 0.1102 -0.9939
vn -0.0009 -0.0176 -0.9998
vn 0.0009 -0.0176 -0.9998
vn 0.0015 -0.0186 -0.9998
vn -0.0125 0.1134 -0.9935
vn -0.0059 0.1102 -0.9939
vn -0.0015 -0.0186 -0.9998
vn 0.8330 -0.2260 0.5050
vn 0.8469 -0.2908 0.4451
vn 0.9524 -0.1365 0.2725
vn 0.9047 -0.0911 0.4161
vn 0.9030 -0.0851 0.4210
vn -0.0000 -0.0993 0.9951
vn 0.0063 -0.0962 0.9953
vn -0.0027 -0.0977 0.9952
vn 0.6989 -0.4657 0.5427
vn 0.6963 -0.4918 0.5227
vn 0.4146 -0.6761 0.6091
vn 0.4491 -0.6796 0.5801
vn -0.0008 -0.0982 0.9952
vn 0.0001 -0.0978 0.9952
vn -0.0003 -0.0981 0.9952
vn 0.1542 -0.7802 0.6063
vn 0.1423 -0.7735 0.6176
vn 0.0385 -0.2884 0.9567
vn 0.1176 -0.2699 0.9557
vn 0.5255 -0.2836 0.8022
vn 0.4751 -0.3792 0.7941
vn 0.8293 -0.1223 0.5452
vn 0.8413 -0.2903 0.4559
vn 0.9304 -0.0426 0.3642
vn -0.0001 -0.0978 0.9952
vn 0.9967 -0.0739 0.0325
vn 0.9900 -0.1410 0.0060
vn 0.9809 -0.1937 0.0204
vn 0.9771 -0.2123 0.0106
vn 0.6943 -0.3811 0.6105
vn 0.7390 -0.3198 0.5930
vn 0.6578 -0.2115 0.7228
vn 0.6562 -0.2124 0.7240
vn 0.5913 -0.0136 0.8064
vn 0.5531 -0.0305 0.8326
vn 0.9768 -0.2139 0.0053
vn 0.9897 -0.1430 0.0023
vn 0.9900 -0.1146 0.0825
vn 0.9967 -0.0063 0.0808
vn 0.9626 0.2552 0.0906
vn 0.9477 0.3162 0.0439
vn 0.4460 0.2378 0.8628
vn 0.2491 0.1824 0.9511
vn 0.1918 0.0150 0.9813
vn -0.1918 0.0150 0.9813
vn -0.2491 0.1824 0.9511
vn -0.4460 0.2378 0.8628
vn -0.9477 0.3162 0.0439
vn -0.9626 0.2552 0.0906
vn -0.9967 -0.0063 0.0808
vn -0.9900 -0.1146 0.0825
vn -0.7390 -0.3198 0.5930
vn -0.6578 -0.2115 0.7228
vn -0.6562 -0.2124 0.7240
vn -0.5913 -0.0136 0.8064
vn -0.5531 -0.0305 0.8326
vn -0.9897 -0.1430 0.0023
vn -0.9768 -0.2139 0.0053
vn -0.9771 -0.2123 0.0106
vn -0.6943 -0.3811 0.6105
vn -0.5255 -0.2836 0.8022
vn -0.1176 -0.2699 0.9557
vn -0.4146 -0.6761 0.6091
vn -0.4491 -0.6796 0.5801
vn 0.0008 -0.0982 0.9952
vn 0.0003 -0.0981 0.9952
vn 0.0027 -0.0977 0.9952
vn -0.6989 -0.4657 0.5427
vn -0.6963 -0.4918 0.5227
vn -0.4751 -0.3792 0.7941
vn -0.8293 -0.1223 0.5452
vn -0.9809 -0.1937 0.0204
vn -0.9900 -0.1410 0.0060
vn -0.9967 -0.0739 0.0325
vn -0.9304 -0.0426 0.3642
vn -0.9524 -0.1365 0.2725
vn -0.9047 -0.0911 0.4161
vn -0.9030 -0.0851 0.4210
vn -0.0063 -0.0962 0.9953
vn -0.8330 -0.2260 0.5050
vn -0.8469 -0.2908 0.4451
vn -0.8413 -0.2903 0.4559
vn 0.2969 -0.0296 0.9544
vn 0.3379 -0.0123 0.9411
vn -0.3379 -0.0123 0.9411
vn -0.2969 -0.0296 0.9544
vn -0.3927 -0.1619 0.9053
vn -0.3356 -0.2041 0.9196
vn -0.3826 -0.2571 0.8874
vn -0.3240 -0.3529 0.8778
vn -0.1757 -0.1750 0.9688
vn -0.0385 -0.2884 0.9567
vn -0.1423 -0.7735 0.6176
vn -0.1542 -0.7802 0.6063
vn 0.1757 -0.1750 0.9688
vn 0.3240 -0.3529 0.8778
vn 0.3826 -0.2571 0.8874
vn 0.3356 -0.2041 0.9196
vn 0.3927 -0.1619 0.9053
vn -0.6710 -0.7404 0.0403
vn -0.6710 -0.7403 0.0403
vn -0.7403 -0.6710 0.0403
vn -0.8026 -0.5952 0.0403
vn -0.8570 -0.5137 0.0403
vn 0.8066 0.3815 0.4515
vn 0.7653 0.4587 0.4515
vn 0.7167 0.5315 0.4515
vn 0.6611 0.5992 0.4515
vn 0.7167 -0.5315 0.4515
vn 0.7653 -0.4587 0.4515
vn -0.7404 0.6710 0.0403
vn -0.8026 0.5952 0.0403
vn -0.8570 0.5137 0.0403
vn -0.9033 0.4272 0.0403
vn -0.9408 0.3366 0.0403
vn 0.4587 -0.7653 0.4515
vn 0.5992 -0.6611 0.4515
vn 0.6611 -0.5992 0.4515
vn 0.7993 -0.5928 0.0983
vn 0.7374 -0.6683 0.0981
vn 0.5315 -0.7167 0.4515
vn 0.2890 -0.9527 -0.0940
vn 0.0976 -0.9908 -0.0940
vn 0.9527 -0.2890 -0.0940
vn 0.8780 -0.4693 -0.0940
vn 0.7696 -0.6316 -0.0940
vn 0.6316 -0.7696 -0.0940
vn 0.4693 -0.8780 -0.0940
vn 0.7696 0.6316 -0.0940
vn 0.8780 0.4693 -0.0940
vn 0.9527 0.2890 -0.0940
vn 0.9908 0.0976 -0.0940
vn 0.9908 -0.0976 -0.0940
vn -0.0976 0.9908 -0.0940
vn 0.0976 0.9908 -0.0940
vn 0.2890 0.9527 -0.0940
vn 0.4693 0.8780 -0.0940
vn 0.6316 0.7696 -0.0940
vn -0.8780 0.4693 -0.0940
vn -0.7696 0.6316 -0.0940
vn -0.6316 0.7696 -0.0940
vn -0.4693 0.8780 -0.0940
vn -0.2890 0.9527 -0.0940
vn -0.8780 -0.4693 -0.0940
vn -0.9527 -0.2890 -0.0940
vn -0.9908 -0.0976 -0.0940
vn -0.9908 0.0976 -0.0940
vn -0.9527 0.2890 -0.0940
vn -0.0976 -0.9908 -0.0940
vn -0.2890 -0.9527 -0.0940
vn -0.4693 -0.8780 -0.0940
vn -0.6316 -0.7696 -0.0940
vn -0.7696 -0.6316 -0.0940
vn 0.6759 -0.7370 0.0000
vn 0.6764 -0.7366 0.0014
vn -0.5897 0.6432 -0.4884
vn -0.6432 0.5897 -0.4884
vn 0.7370 -0.6759 0.0007
vn 0.7368 -0.6761 0.0000
vn 0.8032 -0.5957 -0.0000
vn 0.8577 -0.5141 0.0000
vn 0.3249 0.0470 0.9446
vn 0.3249 0.0471 0.9446
vn -0.8005 -0.5937 -0.0827
vn -0.7444 -0.6663 0.0442
vn -0.6288 0.7662 0.1328
vn -0.4672 0.8741 0.1328
vn -0.6080 0.7408 0.2856
vn -0.2877 0.9485 0.1328
vn -0.4518 0.8452 0.2856
vn -0.5714 0.6963 0.4344
vn -0.0929 0.9436 -0.3178
vn -0.0971 0.9856 -0.1382
vn -0.0972 0.9864 0.1328
vn -0.2782 0.9171 0.2856
vn -0.4246 0.7944 0.4344
vn -0.2615 0.8619 0.4344
vn -0.2742 0.5131 0.8133
vn -0.3691 0.4497 0.8133
vn -0.5379 0.6554 0.5302
vn -0.0939 0.9537 0.2856
vn -0.0883 0.8964 0.4344
vn -0.1689 0.5567 0.8133
vn -0.2743 0.5131 0.8133
vn -0.3997 0.7478 0.5302
vn -0.0521 0.0634 0.9966
vn -0.0387 0.0724 0.9966
vn -0.2461 0.8114 0.5302
vn -0.0570 0.5790 0.8133
vn -0.0080 0.0817 0.9966
vn -0.0831 0.8438 0.5302
vn -0.0238 0.0785 0.9966
vn 0.0488 -0.4958 0.8670
vn 0.3161 -0.3851 0.8670
vn 0.2349 -0.4394 0.8670
vn 0.1446 -0.4768 0.8670
vn -0.0054 0.0548 0.9985
vn -0.0160 0.0527 0.9985
vn 0.3851 -0.3161 0.8670
vn -0.0260 0.0486 0.9985
vn -0.0349 0.0426 0.9985
vn -0.0426 0.0349 0.9985
vn -0.0486 0.0260 0.9985
vn -0.0527 0.0160 0.9985
vn -0.4497 0.3691 0.8133
vn -0.6554 0.5379 0.5302
vn -0.0634 0.0521 0.9966
vn 0.4394 -0.2349 0.8670
vn 0.4768 -0.1446 0.8670
vn -0.0724 0.0387 0.9966
vn 0.4958 -0.0488 0.8670
vn -0.0785 0.0238 0.9966
vn -0.8114 0.2461 0.5302
vn -0.7478 0.3997 0.5302
vn -0.8438 0.0831 0.5302
vn -0.0817 0.0080 0.9966
vn -0.8619 -0.2615 0.4344
vn -0.5790 -0.0570 0.8133
vn -0.8438 -0.0831 0.5302
vn -0.0817 -0.0080 0.9966
vn 0.4958 0.0488 0.8670
vn -0.0785 -0.0238 0.9966
vn -0.0548 0.0054 0.9985
vn -0.0548 -0.0054 0.9985
vn -0.0527 -0.0160 0.9985
vn -0.0486 -0.0260 0.9985
vn -0.0426 -0.0349 0.9985
vn -0.0349 -0.0426 0.9985
vn -0.0260 -0.0486 0.9985
vn -0.0160 -0.0527 0.9985
vn -0.0054 -0.0548 0.9985
vn 0.2349 0.4394 0.8670
vn -0.0387 -0.0724 0.9966
vn 0.3161 0.3851 0.8670
vn -0.0521 -0.0634 0.9966
vn -0.3997 -0.7478 0.5302
vn -0.0238 -0.0785 0.9966
vn 0.1446 0.4768 0.8670
vn 0.0488 0.4958 0.8670
vn -0.2461 -0.8114 0.5302
vn -0.2742 -0.5131 0.8133
vn -0.2743 -0.5131 0.8133
vn -0.8492 -0.2576 -0.4609
vn -0.7826 -0.4183 -0.4609
vn -0.4864 -0.2600 -0.8341
vn -0.4264 -0.3499 -0.8341
vn -0.3499 -0.4264 -0.8341
vn -0.7827 -0.4183 -0.4609
vn -0.9073 -0.2752 -0.3178
vn -0.9856 -0.0971 -0.1382
vn -0.4864 0.2600 -0.8341
vn -0.7827 0.4183 -0.4609
vn -0.8492 0.2576 -0.4609
vn -0.9073 0.2752 -0.3178
vn -0.9436 0.0929 -0.3178
vn -0.9856 0.0971 -0.1382
vn -0.9436 -0.0929 -0.3178
vn -0.5278 0.1601 -0.8341
vn -0.8832 0.0870 -0.4609
vn -0.8832 -0.0870 -0.4609
vn -0.5278 -0.1601 -0.8341
vn -0.5489 0.0541 -0.8341
vn -0.5489 -0.0541 -0.8341
vn -0.1157 -0.0351 -0.9927
vn -0.1203 -0.0119 -0.9927
vn -0.1203 0.0119 -0.9927
vn -0.1157 0.0351 -0.9927
vn -0.1066 0.0570 -0.9927
vn -0.0935 0.0767 -0.9927
vn 0.2046 0.1679 -0.9643
vn 0.2334 0.1248 -0.9643
vn 0.2533 0.0768 -0.9643
vn 0.2634 0.0259 -0.9643
vn 0.2634 -0.0259 -0.9643
vn -0.0351 -0.1157 -0.9927
vn -0.0570 -0.1066 -0.9927
vn -0.0570 -0.1067 -0.9927
vn -0.0767 -0.0935 -0.9927
vn -0.0935 -0.0767 -0.9927
vn -0.1066 -0.0570 -0.9927
vn -0.0259 0.2634 -0.9643
vn 0.0259 0.2634 -0.9643
vn 0.0768 0.2533 -0.9643
vn 0.1248 0.2334 -0.9643
vn 0.1679 0.2046 -0.9643
vn 0.0767 -0.0935 -0.9927
vn 0.0570 -0.1066 -0.9927
vn 0.0351 -0.1157 -0.9927
vn 0.0119 -0.1203 -0.9927
vn -0.0119 -0.1203 -0.9927
vn 0.1601 -0.5278 -0.8341
vn 0.0541 -0.5489 -0.8341
vn -0.2334 0.1248 -0.9643
vn -0.2046 0.1679 -0.9643
vn -0.1679 0.2046 -0.9643
vn -0.1248 0.2334 -0.9643
vn -0.0768 0.2533 -0.9643
vn 0.1203 -0.0119 -0.9927
vn 0.1157 -0.0351 -0.9927
vn 0.1066 -0.0570 -0.9927
vn 0.0935 -0.0767 -0.9927
vn -0.2334 -0.1248 -0.9643
vn -0.2533 -0.0768 -0.9643
vn -0.2634 -0.0259 -0.9643
vn -0.2634 0.0259 -0.9643
vn -0.2533 0.0768 -0.9643
vn -0.0960 0.2423 -0.9654
vn -0.0714 0.1791 -0.9812
vn -0.0682 0.1600 -0.9848
vn -0.0715 0.1434 -0.9871
vn -0.0457 0.1288 -0.9906
vn -0.0202 0.0992 -0.9949
vn -0.0188 0.0686 -0.9975
vn 0.0148 0.0702 -0.9974
vn -0.9478 0.2875 -0.1382
vn -0.9864 0.0971 0.1328
vn -0.9537 0.0939 0.2856
vn -0.8964 0.0883 0.4344
vn -0.8619 0.2615 0.4344
vn -0.9171 0.2782 0.2856
vn -0.9485 0.2877 0.1328
vn -0.8735 0.4669 -0.1382
vn -0.4470 0.8362 -0.3178
vn -0.6015 0.7329 -0.3178
vn -0.7329 0.6015 -0.3178
vn -0.7656 0.6283 -0.1382
vn -0.8741 0.4672 0.1328
vn -0.8452 0.4518 0.2856
vn -0.7944 0.4246 0.4344
vn -0.5567 0.1689 0.8133
vn -0.5131 0.2743 0.8133
vn -0.5131 0.2742 0.8133
vn -0.6963 0.5714 0.4344
vn -0.7408 0.6080 0.2856
vn -0.7662 0.6288 0.1328
vn -0.9864 -0.0971 0.1328
vn -0.9537 -0.0939 0.2856
vn -0.8964 -0.0883 0.4344
vn -0.5790 0.0570 0.8133
vn -0.2600 0.4864 -0.8341
vn -0.3499 0.4264 -0.8341
vn -0.4264 0.3499 -0.8341
vn -0.6860 0.5630 -0.4609
vn -0.8362 0.4470 -0.3178
vn -0.5630 0.6860 -0.4609
vn -0.4183 0.7827 -0.4609
vn -0.6283 0.7656 -0.1382
vn -0.4669 0.8735 -0.1382
vn -0.2875 0.9478 -0.1382
vn -0.2752 0.9073 -0.3178
vn -0.2576 0.8492 -0.4609
vn -0.1601 0.5278 -0.8341
vn -0.0767 0.0935 -0.9927
vn -0.0570 0.1066 -0.9927
vn -0.0351 0.1157 -0.9927
vn 0.0768 -0.2533 -0.9643
vn 0.0259 -0.2634 -0.9643
vn -0.0119 0.1203 -0.9927
vn -0.0541 0.5489 -0.8341
vn -0.0870 0.8832 -0.4609
vn 0.2533 -0.0768 -0.9643
vn 0.2334 -0.1248 -0.9643
vn 0.2046 -0.1679 -0.9643
vn 0.1679 -0.2046 -0.9643
vn 0.1248 -0.2334 -0.9643
vn 0.8257 0.2788 -0.4904
vn 0.8594 0.1502 -0.4888
vn 0.8706 0.0673 -0.4873
vn 0.8716 0.0695 -0.4853
vn 0.8716 -0.0695 -0.4853
vn 0.9949 -0.0926 0.0407
vn 0.9959 -0.0781 0.0453
vn -0.7487 -0.6616 0.0419
vn -0.8598 -0.5094 0.0355
vn -0.9151 -0.4020 0.0307
vn -0.9061 -0.4229 0.0107
vn -0.7493 -0.6622 -0.0000
vn -0.8603 -0.5097 0.0000
vn -0.9156 -0.4022 0.0000
vn -0.9968 -0.0803 -0.0000
vn -0.3248 -0.0471 0.9446
vn -0.3249 -0.0470 0.9446
vn -0.4546 -0.2148 0.8644
vn -0.5644 -0.2438 0.7887
vn -0.5792 -0.2703 0.7690
vn -0.5436 -0.3221 0.7751
vn -0.4708 -0.4160 0.7780
vn -0.4272 0.9033 0.0403
vn -0.5137 0.8570 0.0403
vn -0.5952 0.8026 0.0403
vn -0.6710 0.7403 0.0403
vn -0.7403 0.6710 0.0403
vn -0.5094 0.8598 0.0355
vn -0.4020 0.9151 0.0307
vn -0.4229 0.9061 0.0107
vn -0.2703 0.5792 0.7690
vn -0.2438 0.5644 0.7887
vn -0.2148 0.4546 0.8644
vn -0.0470 0.3249 0.9446
vn -0.0471 0.3249 0.9446
vn 0.3366 0.9408 0.0403
vn 0.4272 0.9033 0.0403
vn 0.5137 0.8570 0.0403
vn 0.5952 0.8026 0.0403
vn 0.6710 0.7403 0.0403
vn 0.6710 0.7404 0.0403
vn 0.8438 0.0831 0.5302
vn 0.8438 -0.0831 0.5302
vn 0.5957 0.8032 -0.0000
vn 0.5141 0.8577 0.0000
vn 0.4276 0.9040 -0.0000
vn 0.3199 0.9475 -0.0000
usemtl pskmat0.042
s off
f 279/1/1 324/2/1 246/3/1
f 324/2/2 326/4/2 249/5/2
f 249/5/1 246/3/1 324/2/1
f 249/5/3 247/6/3 246/3/3
f 248/7/3 246/3/3 247/6/3
f 248/7/4 247/6/4 487/8/4
f 255/9/5 253/10/5 330/11/5
f 328/12/5 330/11/5 253/10/5
f 253/10/6 251/13/6 328/12/6
f 326/4/6 328/12/6 251/13/6
f 251/13/2 249/5/2 326/4/2
f 251/13/7 250/14/7 249/5/7
f 247/6/7 249/5/7 250/14/7
f 247/6/8 250/14/8 488/15/8
f 488/15/4 487/8/4 247/6/4
f 457/16/9 487/8/9 488/15/9
f 489/17/10 459/18/10 458/19/10
f 458/19/10 488/15/10 489/17/10
f 489/17/8 488/15/8 250/14/8
f 489/17/11 250/14/11 490/20/11
f 252/21/11 490/20/11 250/14/11
f 490/20/12 252/21/12 491/22/12
f 254/23/12 491/22/12 252/21/12
f 255/9/13 254/23/13 252/21/13
f 253/10/13 255/9/13 252/21/13
f 253/10/14 252/21/14 251/13/14
f 250/14/14 251/13/14 252/21/14
f 460/24/15 490/20/15 491/22/15
f 491/22/15 461/25/15 460/24/15
f 461/25/16 420/26/16 460/24/16
f 259/27/17 258/28/17 257/29/17
f 256/30/17 257/29/17 258/28/17
f 257/29/18 256/30/18 255/9/18
f 254/23/18 255/9/18 256/30/18
f 256/30/19 492/31/19 254/23/19
f 491/22/19 254/23/19 492/31/19
f 492/31/20 462/32/20 491/22/20
f 461/25/20 491/22/20 462/32/20
f 462/32/21 422/33/21 461/25/21
f 420/26/21 461/25/21 422/33/21
f 256/30/22 258/28/22 492/31/22
f 493/34/23 463/35/23 492/31/23
f 493/34/22 492/31/22 258/28/22
f 258/28/24 261/36/24 493/34/24
f 261/36/25 258/28/25 260/37/25
f 259/27/25 260/37/25 258/28/25
f 259/27/26 335/38/26 260/37/26
f 259/27/27 257/29/27 335/38/27
f 333/39/27 335/38/27 257/29/27
f 257/29/28 255/9/28 333/39/28
f 330/11/28 333/39/28 255/9/28
f 260/37/26 335/38/26 337/40/26
f 337/40/29 339/41/29 260/37/29
f 342/42/30 268/43/30 266/44/30
f 342/42/31 266/44/31 340/45/31
f 340/45/31 266/44/31 264/46/31
f 264/46/32 339/41/32 340/45/32
f 339/41/32 264/46/32 263/47/32
f 263/47/29 260/37/29 339/41/29
f 263/47/33 262/48/33 260/37/33
f 261/36/33 260/37/33 262/48/33
f 261/36/34 262/48/34 494/49/34
f 494/49/24 493/34/24 261/36/24
f 263/47/35 264/46/35 262/48/35
f 265/50/35 262/48/35 264/46/35
f 496/51/36 262/48/36 265/50/36
f 265/50/37 497/52/37 496/51/37
f 466/53/38 496/51/38 497/52/38
f 467/54/38 466/53/38 497/52/38
f 467/54/39 431/55/39 466/53/39
f 431/55/40 467/54/40 433/56/40
f 432/57/41 431/55/41 433/56/41
f 434/58/41 432/57/41 433/56/41
f 265/50/42 264/46/42 266/44/42
f 266/44/42 267/59/42 265/50/42
f 267/59/37 497/52/37 265/50/37
f 267/59/43 498/60/43 497/52/43
f 467/54/44 497/52/44 498/60/44
f 498/60/44 468/61/44 467/54/44
f 468/61/45 433/56/45 467/54/45
f 433/56/46 468/61/46 435/62/46
f 434/58/47 433/56/47 435/62/47
f 436/63/47 434/58/47 435/62/47
f 436/63/48 435/62/48 437/64/48
f 437/64/49 378/65/49 436/63/49
f 375/66/49 436/63/49 378/65/49
f 378/65/50 377/67/50 375/66/50
f 376/68/50 375/66/50 377/67/50
f 377/67/51 378/65/51 379/69/51
f 380/70/51 379/69/51 378/65/51
f 378/65/52 437/64/52 380/70/52
f 379/69/53 380/70/53 381/71/53
f 373/72/54 434/58/54 436/63/54
f 375/66/54 373/72/54 436/63/54
f 374/73/55 373/72/55 375/66/55
f 376/68/55 374/73/55 375/66/55
f 152/74/56 374/73/56 376/68/56
f 376/68/57 377/67/57 152/74/57
f 153/75/57 152/74/57 377/67/57
f 377/67/58 379/69/58 153/75/58
f 155/76/58 153/75/58 379/69/58
f 379/69/59 381/71/59 155/76/59
f 371/77/60 432/57/60 434/58/60
f 373/72/60 371/77/60 434/58/60
f 372/78/61 371/77/61 373/72/61
f 374/73/61 372/78/61 373/72/61
f 150/79/62 372/78/62 374/73/62
f 152/74/56 150/79/56 374/73/56
f 152/74/63 151/80/63 150/79/63
f 152/74/64 153/75/64 151/80/64
f 154/81/64 151/80/64 153/75/64
f 153/75/65 155/76/65 154/81/65
f 432/57/66 430/82/66 431/55/66
f 369/83/67 430/82/67 432/57/67
f 371/77/67 369/83/67 432/57/67
f 370/84/68 369/83/68 371/77/68
f 372/78/68 370/84/68 371/77/68
f 148/85/69 370/84/69 372/78/69
f 372/78/62 150/79/62 148/85/62
f 150/79/70 149/86/70 148/85/70
f 149/86/63 150/79/63 151/80/63
f 151/80/71 211/87/71 149/86/71
f 370/84/72 367/88/72 369/83/72
f 368/89/72 369/83/72 367/88/72
f 369/83/73 368/89/73 430/82/73
f 368/89/73 427/90/73 430/82/73
f 430/82/74 427/90/74 429/91/74
f 428/92/74 429/91/74 427/90/74
f 428/92/75 465/93/75 429/91/75
f 140/94/76 139/95/76 141/96/76
f 141/96/77 139/95/77 365/97/77
f 365/97/78 367/88/78 141/96/78
f 365/97/79 366/98/79 367/88/79
f 368/89/80 367/88/80 366/98/80
f 366/98/81 425/99/81 368/89/81
f 427/90/81 368/89/81 425/99/81
f 425/99/82 426/100/82 427/90/82
f 428/92/82 427/90/82 426/100/82
f 426/100/83 464/101/83 428/92/83
f 494/49/84 464/101/84 493/34/84
f 463/35/84 493/34/84 464/101/84
f 464/101/85 426/100/85 463/35/85
f 424/102/85 463/35/85 426/100/85
f 426/100/86 425/99/86 424/102/86
f 423/103/86 424/102/86 425/99/86
f 425/99/87 366/98/87 423/103/87
f 364/104/87 423/103/87 366/98/87
f 366/98/88 365/97/88 364/104/88
f 363/105/88 364/104/88 365/97/88
f 361/106/89 363/105/89 137/107/89
f 361/106/90 362/108/90 363/105/90
f 364/104/90 363/105/90 362/108/90
f 362/108/91 421/109/91 364/104/91
f 423/103/91 364/104/91 421/109/91
f 421/109/92 422/33/92 423/103/92
f 424/102/92 423/103/92 422/33/92
f 422/33/93 462/32/93 424/102/93
f 463/35/93 424/102/93 462/32/93
f 462/32/23 492/31/23 463/35/23
f 422/33/94 421/109/94 420/26/94
f 419/110/94 420/26/94 421/109/94
f 421/109/95 362/108/95 419/110/95
f 359/111/95 419/110/95 362/108/95
f 362/108/96 361/106/96 359/111/96
f 360/112/96 359/111/96 361/106/96
f 360/112/97 361/106/97 136/113/97
f 360/112/98 136/113/98 358/114/98
f 358/114/98 136/113/98 134/115/98
f 358/114/99 134/115/99 356/116/99
f 459/18/100 489/17/100 490/20/100
f 490/20/100 460/24/100 459/18/100
f 460/24/101 418/117/101 459/18/101
f 418/117/16 460/24/16 420/26/16
f 420/26/102 417/118/102 418/117/102
f 420/26/102 419/110/102 417/118/102
f 419/110/103 357/119/103 417/118/103
f 419/110/103 359/111/103 357/119/103
f 359/111/104 360/112/104 358/114/104
f 358/114/104 357/119/104 359/111/104
f 357/119/105 358/114/105 356/116/105
f 356/116/105 355/120/105 357/119/105
f 417/118/106 357/119/106 355/120/106
f 417/118/106 355/120/106 415/121/106
f 418/117/107 417/118/107 415/121/107
f 418/117/107 415/121/107 416/122/107
f 416/122/101 459/18/101 418/117/101
f 459/18/108 416/122/108 458/19/108
f 356/116/99 134/115/99 132/123/99
f 356/116/109 132/123/109 354/124/109
f 355/120/110 356/116/110 354/124/110
f 354/124/110 353/125/110 355/120/110
f 415/121/111 355/120/111 353/125/111
f 415/121/111 353/125/111 412/126/111
f 416/122/112 415/121/112 412/126/112
f 416/122/112 412/126/112 413/127/112
f 413/127/108 458/19/108 416/122/108
f 458/19/113 413/127/113 457/16/113
f 488/15/9 458/19/9 457/16/9
f 414/128/113 457/16/113 413/127/113
f 413/127/114 385/129/114 414/128/114
f 413/127/114 412/126/114 385/129/114
f 385/129/115 412/126/115 352/130/115
f 353/125/115 352/130/115 412/126/115
f 159/131/116 352/130/116 353/125/116
f 353/125/116 354/124/116 159/131/116
f 354/124/117 130/132/117 159/131/117
f 354/124/109 132/123/109 130/132/109
f 159/131/117 130/132/117 128/133/117
f 129/134/118 127/135/118 128/133/118
f 130/132/118 129/134/118 128/133/118
f 129/134/119 130/132/119 131/136/119
f 132/123/119 131/136/119 130/132/119
f 131/136/120 132/123/120 133/137/120
f 134/115/120 133/137/120 132/123/120
f 133/137/121 134/115/121 135/138/121
f 136/113/121 135/138/121 134/115/121
f 135/138/122 136/113/122 137/107/122
f 137/107/97 136/113/97 361/106/97
f 363/105/77 365/97/77 139/95/77
f 139/95/89 137/107/89 363/105/89
f 138/139/123 137/107/123 139/95/123
f 138/139/122 135/138/122 137/107/122
f 196/140/124 135/138/124 138/139/124
f 135/138/125 196/140/125 133/137/125
f 194/141/125 133/137/125 196/140/125
f 133/137/126 194/141/126 131/136/126
f 191/142/126 131/136/126 194/141/126
f 131/136/127 191/142/127 129/134/127
f 187/143/128 191/142/128 190/144/128
f 192/145/128 190/144/128 191/142/128
f 192/145/129 191/142/129 193/146/129
f 194/141/129 193/146/129 191/142/129
f 193/146/130 194/141/130 195/147/130
f 196/140/130 195/147/130 194/141/130
f 195/147/131 196/140/131 197/148/131
f 197/148/124 196/140/124 138/139/124
f 197/148/132 138/139/132 140/94/132
f 140/94/123 138/139/123 139/95/123
f 187/143/127 129/134/127 191/142/127
f 129/134/133 187/143/133 127/135/133
f 189/149/133 127/135/133 187/143/133
f 189/149/134 187/143/134 188/150/134
f 190/144/134 188/150/134 187/143/134
f 188/150/135 190/144/135 38/151/135
f 41/152/135 38/151/135 190/144/135
f 190/144/136 192/145/136 41/152/136
f 43/153/136 41/152/136 192/145/136
f 192/145/137 193/146/137 43/153/137
f 40/154/138 38/151/138 39/155/138
f 41/152/138 39/155/138 38/151/138
f 39/155/139 41/152/139 42/156/139
f 43/153/139 42/156/139 41/152/139
f 42/156/140 43/153/140 44/157/140
f 45/158/140 44/157/140 43/153/140
f 44/157/141 45/158/141 46/159/141
f 47/160/141 46/159/141 45/158/141
f 46/159/142 47/160/142 48/161/142
f 49/162/142 48/161/142 47/160/142
f 43/153/137 193/146/137 45/158/137
f 195/147/143 45/158/143 193/146/143
f 195/147/143 47/160/143 45/158/143
f 198/163/144 47/160/144 195/147/144
f 198/163/144 49/162/144 47/160/144
f 200/164/145 49/162/145 198/163/145
f 200/164/146 51/165/146 49/162/146
f 51/165/147 200/164/147 202/166/147
f 53/167/147 51/165/147 202/166/147
f 53/167/148 202/166/148 203/168/148
f 206/169/149 203/168/149 205/170/149
f 202/166/150 200/164/150 201/171/150
f 202/166/151 201/171/151 203/168/151
f 204/172/151 203/168/151 201/171/151
f 203/168/149 204/172/149 205/170/149
f 204/172/152 144/173/152 205/170/152
f 145/174/152 205/170/152 144/173/152
f 205/170/153 145/174/153 207/175/153
f 205/170/154 207/175/154 206/169/154
f 208/176/154 206/169/154 207/175/154
f 204/172/155 201/171/155 144/173/155
f 199/177/156 200/164/156 198/163/156
f 200/164/150 199/177/150 201/171/150
f 201/171/157 199/177/157 142/178/157
f 201/171/155 142/178/155 144/173/155
f 144/173/158 142/178/158 143/179/158
f 144/173/159 143/179/159 145/174/159
f 146/180/159 145/174/159 143/179/159
f 145/174/160 146/180/160 147/181/160
f 147/181/153 207/175/153 145/174/153
f 207/175/161 147/181/161 209/182/161
f 207/175/162 209/182/162 208/176/162
f 210/183/162 208/176/162 209/182/162
f 197/148/131 198/163/131 195/147/131
f 198/163/156 197/148/156 199/177/156
f 199/177/132 197/148/132 140/94/132
f 199/177/157 140/94/157 142/178/157
f 142/178/76 140/94/76 141/96/76
f 142/178/158 141/96/158 143/179/158
f 143/179/78 141/96/78 367/88/78
f 367/88/163 146/180/163 143/179/163
f 146/180/163 367/88/163 370/84/163
f 370/84/69 148/85/69 146/180/69
f 148/85/160 147/181/160 146/180/160
f 147/181/70 148/85/70 149/86/70
f 149/86/161 209/182/161 147/181/161
f 209/182/71 149/86/71 211/87/71
f 209/182/164 211/87/164 210/183/164
f 212/184/164 210/183/164 211/87/164
f 211/87/165 214/185/165 212/184/165
f 214/185/165 213/186/165 212/184/165
f 214/185/166 216/187/166 213/186/166
f 216/187/166 215/188/166 213/186/166
f 151/80/167 154/81/167 211/87/167
f 214/185/167 211/87/167 154/81/167
f 154/81/168 156/189/168 214/185/168
f 216/187/168 214/185/168 156/189/168
f 156/189/169 36/190/169 216/187/169
f 37/191/169 216/187/169 36/190/169
f 37/191/170 36/190/170 10/192/170
f 37/191/170 10/192/170 12/193/170
f 12/193/171 10/192/171 15/194/171
f 15/194/172 13/195/172 12/193/172
f 13/195/173 15/194/173 245/196/173
f 156/189/65 154/81/65 155/76/65
f 155/76/174 157/197/174 156/189/174
f 36/190/174 156/189/174 157/197/174
f 157/197/175 8/198/175 36/190/175
f 10/192/175 36/190/175 8/198/175
f 10/192/176 8/198/176 9/199/176
f 9/199/171 15/194/171 10/192/171
f 15/194/177 9/199/177 244/200/177
f 244/200/173 245/196/173 15/194/173
f 245/196/178 244/200/178 243/201/178
f 157/197/59 155/76/59 381/71/59
f 381/71/179 25/202/179 157/197/179
f 8/198/179 157/197/179 25/202/179
f 8/198/180 25/202/180 11/203/180
f 11/203/176 9/199/176 8/198/176
f 9/199/181 11/203/181 544/204/181
f 544/204/177 244/200/177 9/199/177
f 244/200/182 544/204/182 242/205/182
f 543/206/182 242/205/182 544/204/182
f 242/205/183 543/206/183 241/207/183
f 27/208/180 11/203/180 25/202/180
f 11/203/184 27/208/184 186/209/184
f 186/209/181 544/204/181 11/203/181
f 544/204/185 186/209/185 543/206/185
f 184/210/185 543/206/185 186/209/185
f 543/206/186 184/210/186 542/211/186
f 181/212/186 542/211/186 184/210/186
f 181/212/187 179/213/187 542/211/187
f 180/214/188 179/213/188 181/212/188
f 180/214/189 178/215/189 179/213/189
f 542/211/183 241/207/183 543/206/183
f 542/211/190 541/216/190 241/207/190
f 179/213/187 541/216/187 542/211/187
f 179/213/191 177/217/191 541/216/191
f 178/215/189 177/217/189 179/213/189
f 178/215/192 176/218/192 177/217/192
f 403/219/193 176/218/193 178/215/193
f 176/218/193 403/219/193 401/220/193
f 403/219/194 402/221/194 401/220/194
f 400/222/194 401/220/194 402/221/194
f 405/223/195 178/215/195 180/214/195
f 178/215/195 405/223/195 403/219/195
f 405/223/196 404/224/196 403/219/196
f 402/221/196 403/219/196 404/224/196
f 404/224/197 453/225/197 402/221/197
f 452/226/197 402/221/197 453/225/197
f 452/226/198 453/225/198 482/227/198
f 482/227/199 481/228/199 452/226/199
f 522/229/200 481/228/200 482/227/200
f 481/228/200 522/229/200 520/230/200
f 298/231/201 296/232/201 521/233/201
f 521/233/202 523/234/202 298/231/202
f 521/233/203 522/229/203 523/234/203
f 524/235/203 523/234/203 522/229/203
f 482/227/204 524/235/204 522/229/204
f 524/235/204 482/227/204 483/236/204
f 483/236/198 482/227/198 453/225/198
f 453/225/205 454/237/205 483/236/205
f 453/225/206 404/224/206 454/237/206
f 406/238/206 454/237/206 404/224/206
f 484/239/207 454/237/207 485/240/207
f 484/239/205 483/236/205 454/237/205
f 526/241/208 483/236/208 484/239/208
f 483/236/208 526/241/208 524/235/208
f 526/241/209 525/242/209 524/235/209
f 523/234/209 524/235/209 525/242/209
f 523/234/210 525/242/210 300/243/210
f 300/243/202 298/231/202 523/234/202
f 484/239/211 485/240/211 526/241/211
f 409/244/212 406/238/212 407/245/212
f 410/246/213 456/247/213 455/248/213
f 410/246/213 455/248/213 408/249/213
f 408/249/214 455/248/214 454/237/214
f 408/249/214 454/237/214 406/238/214
f 409/244/212 408/249/212 406/238/212
f 411/250/215 408/249/215 409/244/215
f 411/250/216 409/244/216 185/251/216
f 183/252/216 185/251/216 409/244/216
f 409/244/217 407/245/217 183/252/217
f 182/253/217 183/252/217 407/245/217
f 411/250/215 410/246/215 408/249/215
f 404/224/218 405/223/218 406/238/218
f 407/245/218 406/238/218 405/223/218
f 180/214/219 407/245/219 405/223/219
f 407/245/219 180/214/219 182/253/219
f 182/253/188 180/214/188 181/212/188
f 182/253/220 181/212/220 183/252/220
f 184/210/220 183/252/220 181/212/220
f 183/252/221 184/210/221 185/251/221
f 186/209/221 185/251/221 184/210/221
f 185/251/184 186/209/184 27/208/184
f 185/251/222 27/208/222 411/250/222
f 24/254/222 411/250/222 27/208/222
f 24/254/223 410/246/223 411/250/223
f 24/254/223 31/255/223 410/246/223
f 31/255/224 456/247/224 410/246/224
f 31/255/224 28/256/224 456/247/224
f 28/256/225 33/257/225 456/247/225
f 33/257/226 28/256/226 32/258/226
f 33/257/227 32/258/227 34/259/227
f 35/260/227 34/259/227 32/258/227
f 502/261/228 472/262/228 501/263/228
f 472/262/229 502/261/229 32/258/229
f 32/258/230 30/264/230 472/262/230
f 30/264/226 32/258/226 28/256/226
f 30/264/231 28/256/231 29/265/231
f 31/255/231 29/265/231 28/256/231
f 29/265/232 31/255/232 26/266/232
f 24/254/232 26/266/232 31/255/232
f 26/266/233 24/254/233 25/202/233
f 27/208/233 25/202/233 24/254/233
f 35/260/229 32/258/229 502/261/229
f 502/261/234 276/267/234 35/260/234
f 276/267/235 502/261/235 274/268/235
f 35/260/236 17/269/236 34/259/236
f 17/269/234 35/260/234 276/267/234
f 17/269/237 276/267/237 18/270/237
f 277/271/237 18/270/237 276/267/237
f 277/271/238 276/267/238 274/268/238
f 275/272/238 277/271/238 274/268/238
f 277/271/239 21/273/239 18/270/239
f 21/273/240 277/271/240 351/274/240
f 275/272/240 351/274/240 277/271/240
f 351/274/241 275/272/241 349/275/241
f 273/276/241 349/275/241 275/272/241
f 349/275/242 273/276/242 346/277/242
f 270/278/242 346/277/242 273/276/242
f 346/277/243 270/278/243 344/279/243
f 344/279/243 270/278/243 268/43/243
f 344/279/30 268/43/30 342/42/30
f 267/59/244 266/44/244 268/43/244
f 268/43/244 269/280/244 267/59/244
f 269/280/245 268/43/245 270/278/245
f 270/278/245 271/281/245 269/280/245
f 273/276/246 271/281/246 270/278/246
f 273/276/246 272/282/246 271/281/246
f 273/276/247 275/272/247 272/282/247
f 275/272/247 274/268/247 272/282/247
f 274/268/248 501/263/248 272/282/248
f 501/263/235 274/268/235 502/261/235
f 29/265/249 26/266/249 441/283/249
f 441/283/250 442/284/250 29/265/250
f 30/264/250 29/265/250 442/284/250
f 442/284/230 472/262/230 30/264/230
f 472/262/251 442/284/251 471/285/251
f 471/285/228 501/263/228 472/262/228
f 501/263/252 471/285/252 500/286/252
f 500/286/248 272/282/248 501/263/248
f 272/282/253 500/286/253 271/281/253
f 499/287/253 271/281/253 500/286/253
f 271/281/254 499/287/254 269/280/254
f 269/280/254 499/287/254 498/60/254
f 269/280/43 498/60/43 267/59/43
f 500/286/255 470/288/255 499/287/255
f 470/288/252 500/286/252 471/285/252
f 471/285/256 440/289/256 470/288/256
f 440/289/251 471/285/251 442/284/251
f 442/284/257 441/283/257 440/289/257
f 468/61/258 498/60/258 499/287/258
f 499/287/258 469/290/258 468/61/258
f 469/290/255 499/287/255 470/288/255
f 470/288/259 438/291/259 469/290/259
f 438/291/256 470/288/256 440/289/256
f 440/289/260 439/292/260 438/291/260
f 439/292/257 440/289/257 441/283/257
f 441/283/261 382/293/261 439/292/261
f 469/290/46 435/62/46 468/61/46
f 435/62/259 469/290/259 438/291/259
f 438/291/48 437/64/48 435/62/48
f 437/64/260 438/291/260 439/292/260
f 439/292/52 380/70/52 437/64/52
f 380/70/261 439/292/261 382/293/261
f 382/293/53 381/71/53 380/70/53
f 381/71/262 382/293/262 25/202/262
f 26/266/263 25/202/263 382/293/263
f 382/293/249 441/283/249 26/266/249
f 99/294/264 72/295/264 98/296/264
f 70/297/264 98/296/264 72/295/264
f 98/296/265 70/297/265 97/298/265
f 40/299/265 97/298/265 70/297/265
f 82/300/266 80/301/266 104/302/266
f 80/301/266 103/303/266 104/302/266
f 80/301/267 78/304/267 103/303/267
f 78/304/267 102/305/267 103/303/267
f 78/304/268 76/306/268 102/305/268
f 76/306/268 101/307/268 102/305/268
f 101/307/269 76/306/269 100/308/269
f 74/309/269 100/308/269 76/306/269
f 100/308/270 74/309/270 99/294/270
f 72/295/270 99/294/270 74/309/270
f 109/310/271 92/311/271 108/312/271
f 90/313/271 108/312/271 92/311/271
f 108/312/272 90/313/272 107/314/272
f 88/315/272 107/314/272 90/313/272
f 107/314/273 88/315/273 106/316/273
f 86/317/273 106/316/273 88/315/273
f 106/316/274 86/317/274 105/318/274
f 84/319/274 105/318/274 86/317/274
f 84/319/275 82/300/275 105/318/275
f 82/300/275 104/302/275 105/318/275
f 7/320/276 6/321/276 5/322/276
f 3/323/276 5/322/276 6/321/276
f 5/322/277 3/323/277 2/324/277
f 2/324/277 112/325/277 5/322/277
f 112/325/278 2/324/278 96/326/278
f 96/326/278 111/327/278 112/325/278
f 111/327/279 96/326/279 94/328/279
f 94/328/279 110/329/279 111/327/279
f 110/329/280 94/328/280 92/311/280
f 92/311/280 109/310/280 110/329/280
f 122/330/281 58/331/281 60/332/281
f 123/333/281 122/330/281 60/332/281
f 123/333/282 60/332/282 62/334/282
f 124/335/282 123/333/282 62/334/282
f 124/335/283 62/334/283 125/336/283
f 64/337/283 125/336/283 62/334/283
f 125/336/284 64/337/284 126/338/284
f 66/339/284 126/338/284 64/337/284
f 126/338/285 66/339/285 7/320/285
f 6/321/285 7/320/285 66/339/285
f 117/340/286 48/341/286 118/342/286
f 50/343/286 118/342/286 48/341/286
f 118/342/287 50/343/287 119/344/287
f 52/345/287 119/344/287 50/343/287
f 119/344/288 52/345/288 120/346/288
f 54/347/288 120/346/288 52/345/288
f 120/346/289 54/347/289 56/348/289
f 121/349/289 120/346/289 56/348/289
f 121/349/290 56/348/290 58/331/290
f 122/330/290 121/349/290 58/331/290
f 97/350/291 40/351/291 39/352/291
f 39/352/291 113/353/291 97/350/291
f 113/353/292 39/352/292 42/354/292
f 42/354/292 114/355/292 113/353/292
f 114/355/293 42/354/293 44/356/293
f 44/356/293 115/357/293 114/355/293
f 115/357/294 44/356/294 46/358/294
f 46/358/294 116/359/294 115/357/294
f 116/359/295 46/358/295 117/340/295
f 48/341/295 117/340/295 46/358/295
f 2406/360/296 2381/361/296 2409/362/296
f 2412/363/297 2414/364/297 2409/362/297
f 2409/362/298 2414/364/298 2410/365/298
f 2409/362/299 2410/365/299 2411/366/299
f 2409/362/300 2411/366/300 2406/360/300
f 2406/360/301 2411/366/301 2408/367/301
f 2408/367/302 2407/368/302 2406/360/302
f 2396/369/303 2406/360/303 2407/368/303
f 2406/360/304 2396/369/304 2381/361/304
f 2396/369/305 2395/370/305 2381/361/305
f 2380/371/306 2381/361/306 2395/370/306
f 2415/372/307 2383/373/307 2417/374/307
f 2383/373/308 2415/372/308 2382/375/308
f 2412/363/309 2382/375/309 2415/372/309
f 2412/363/310 2409/362/310 2382/375/310
f 2381/361/311 2382/375/311 2409/362/311
f 2382/375/312 2381/361/312 2361/376/312
f 2360/377/313 2361/376/313 2381/361/313
f 2333/378/314 2361/376/314 2360/377/314
f 2330/379/315 2333/378/315 2360/377/315
f 2333/378/316 2330/379/316 2332/380/316
f 2327/381/317 2332/380/317 2330/379/317
f 2332/380/318 2334/382/318 2335/383/318
f 2333/378/319 2332/380/319 2335/383/319
f 2333/378/320 2335/383/320 2361/376/320
f 2361/376/321 2335/383/321 2362/384/321
f 2361/376/322 2362/384/322 2382/375/322
f 2383/373/323 2382/375/323 2362/384/323
f 2334/382/324 2336/385/324 2337/386/324
f 2337/386/325 2335/383/325 2334/382/325
f 2337/386/326 2338/387/326 2335/383/326
f 2338/387/327 2362/384/327 2335/383/327
f 2363/388/328 2362/384/328 2338/387/328
f 2362/384/329 2363/388/329 2364/389/329
f 2362/384/330 2364/389/330 2383/373/330
f 2384/390/331 2383/373/331 2364/389/331
f 2397/391/332 2383/373/332 2384/390/332
f 2397/391/333 2398/392/333 2383/373/333
f 2383/373/334 2398/392/334 2417/374/334
f 2420/393/335 2417/374/335 2398/392/335
f 2420/393/336 2421/394/336 2417/374/336
f 2417/374/337 2421/394/337 2418/395/337
f 2417/374/338 2418/395/338 2415/372/338
f 2415/372/339 2418/395/339 2419/396/339
f 2415/372/340 2419/396/340 2416/397/340
f 2415/372/341 2416/397/341 2412/363/341
f 2412/363/342 2416/397/342 2413/398/342
f 2412/363/343 2413/398/343 2414/364/343
f 2264/399/344 2239/400/344 2267/401/344
f 2270/402/345 2272/403/345 2267/401/345
f 2267/401/346 2272/403/346 2268/404/346
f 2267/401/347 2268/404/347 2269/405/347
f 2267/401/348 2269/405/348 2264/399/348
f 2264/399/349 2269/405/349 2266/406/349
f 2266/406/350 2265/407/350 2264/399/350
f 2254/408/351 2264/399/351 2265/407/351
f 2264/399/352 2254/408/352 2239/400/352
f 2254/408/353 2253/409/353 2239/400/353
f 2238/410/354 2239/400/354 2253/409/354
f 2273/411/355 2241/412/355 2275/413/355
f 2273/411/356 2240/414/356 2241/412/356
f 2270/402/357 2240/414/357 2273/411/357
f 2270/402/358 2267/401/358 2240/414/358
f 2239/400/359 2240/414/359 2267/401/359
f 2240/414/360 2239/400/360 2219/415/360
f 2218/416/361 2219/415/361 2239/400/361
f 2218/416/362 2191/417/362 2219/415/362
f 2218/416/363 2188/418/363 2191/417/363
f 2191/417/364 2188/418/364 2190/419/364
f 2185/420/365 2190/419/365 2188/418/365
f 2241/412/366 2240/414/366 2220/421/366
f 2219/415/367 2220/421/367 2240/414/367
f 2219/415/368 2192/422/368 2220/421/368
f 2192/422/369 2219/415/369 2191/417/369
f 2192/422/370 2191/417/370 2190/419/370
f 2192/422/371 2190/419/371 2193/423/371
f 2193/423/372 2194/424/372 2195/425/372
f 2195/425/373 2192/422/373 2193/423/373
f 2195/425/374 2196/426/374 2192/422/374
f 2196/426/375 2220/421/375 2192/422/375
f 2221/427/376 2220/421/376 2196/426/376
f 2220/421/377 2221/427/377 2222/428/377
f 2220/421/378 2222/428/378 2241/412/378
f 2242/429/379 2241/412/379 2222/428/379
f 2255/430/380 2241/412/380 2242/429/380
f 2255/430/381 2256/431/381 2241/412/381
f 2241/412/382 2256/431/382 2275/413/382
f 2278/432/383 2275/413/383 2256/431/383
f 2278/432/384 2279/433/384 2275/413/384
f 2275/413/385 2279/433/385 2276/434/385
f 2275/413/386 2276/434/386 2273/411/386
f 2273/411/387 2276/434/387 2277/435/387
f 2273/411/388 2277/435/388 2274/436/388
f 2273/411/389 2274/436/389 2270/402/389
f 2270/402/390 2274/436/390 2271/437/390
f 2270/402/391 2271/437/391 2272/403/391
f 2227/438/392 2225/439/392 2245/440/392
f 2223/441/393 2224/442/393 2225/439/393
f 2227/438/394 2223/441/394 2225/439/394
f 2223/441/395 2227/438/395 2228/443/395
f 2201/444/396 2228/443/396 2204/445/396
f 2228/443/397 2201/444/397 2223/441/397
f 2201/444/398 2203/446/398 2223/441/398
f 2224/442/399 2223/441/399 2203/446/399
f 2224/442/400 2203/446/400 2229/447/400
f 2229/447/401 2226/448/401 2224/442/401
f 2226/448/402 2225/439/402 2224/442/402
f 2225/439/403 2226/448/403 2243/449/403
f 2243/449/404 2245/440/404 2225/439/404
f 2245/440/405 2243/449/405 2257/450/405
f 2258/451/406 2243/449/406 2259/452/406
f 2244/453/407 2259/452/407 2243/449/407
f 2244/453/408 2243/449/408 2226/448/408
f 2244/453/409 2226/448/409 2246/454/409
f 2226/448/410 2229/447/410 2246/454/410
f 2229/447/411 2247/455/411 2246/454/411
f 2229/447/412 2248/456/412 2247/455/412
f 2247/455/413 2248/456/413 2284/457/413
f 2285/458/414 2284/457/414 2248/456/414
f 2285/458/415 2171/459/415 2284/457/415
f 2259/452/416 2244/453/416 2246/454/416
f 2259/452/417 2246/454/417 2261/460/417
f 2261/460/418 2246/454/418 2283/461/418
f 2246/454/419 2247/455/419 2283/461/419
f 2284/457/420 2283/461/420 2247/455/420
f 2284/457/421 2166/462/421 2283/461/421
f 2284/457/422 2169/463/422 2166/462/422
f 2284/457/423 2171/459/423 2169/463/423
f 2169/463/424 2171/459/424 2170/464/424
f 2170/464/425 2163/465/425 2169/463/425
f 2163/465/426 2170/464/426 2168/466/426
f 2168/466/427 2167/467/427 2163/465/427
f 2166/462/428 2169/463/428 2163/465/428
f 2173/468/429 2168/466/429 2170/464/429
f 2283/461/430 2166/462/430 2165/469/430
f 2166/462/431 2163/465/431 2165/469/431
f 2165/469/432 2163/465/432 2164/470/432
f 2164/470/433 2163/465/433 2167/467/433
f 2164/470/434 2167/467/434 2281/471/434
f 2280/472/435 2281/471/435 2167/467/435
f 2281/471/436 2280/472/436 2260/473/436
f 2260/473/437 2261/460/437 2281/471/437
f 2261/460/438 2260/473/438 2258/451/438
f 2258/451/439 2259/452/439 2261/460/439
f 2258/451/440 2257/450/440 2243/449/440
f 2257/450/441 2258/451/441 2262/474/441
f 2260/473/442 2262/474/442 2258/451/442
f 2262/474/443 2260/473/443 2280/472/443
f 2282/475/444 2281/471/444 2261/460/444
f 2281/471/445 2282/475/445 2164/470/445
f 2165/469/446 2164/470/446 2282/475/446
f 2283/461/447 2165/469/447 2282/475/447
f 2282/475/448 2261/460/448 2283/461/448
f 2177/476/449 2178/477/449 2207/478/449
f 2176/479/450 2179/480/450 2178/477/450
f 2176/479/451 2178/477/451 2177/476/451
f 2177/476/452 2175/481/452 2176/479/452
f 2234/482/453 2211/483/453 2215/484/453
f 2211/483/454 2210/485/454 2215/484/454
f 2213/486/455 2215/484/455 2210/485/455
f 2210/485/456 2179/480/456 2213/486/456
f 2183/487/457 2213/486/457 2179/480/457
f 2179/480/458 2176/479/458 2183/487/458
f 2180/488/459 2183/487/459 2176/479/459
f 2176/479/460 2175/481/460 2180/488/460
f 2180/488/461 2175/481/461 2181/489/461
f 2180/488/462 2181/489/462 2184/490/462
f 2184/490/463 2182/491/463 2180/488/463
f 2183/487/464 2180/488/464 2182/491/464
f 2182/491/465 2212/492/465 2183/487/465
f 2213/486/466 2183/487/466 2212/492/466
f 2212/492/467 2214/493/467 2213/486/467
f 2215/484/468 2213/486/468 2214/493/468
f 2235/494/469 2215/484/469 2214/493/469
f 2235/494/470 2234/482/470 2215/484/470
f 2236/495/471 2234/482/471 2235/494/471
f 2237/496/472 2234/482/472 2236/495/472
f 2237/496/473 2236/495/473 2252/497/473
f 2252/497/474 2251/498/474 2237/496/474
f 2252/497/475 2149/499/475 2251/498/475
f 2149/499/476 2148/500/476 2251/498/476
f 2149/499/477 2146/501/477 2148/500/477
f 2148/500/478 2146/501/478 2145/502/478
f 2145/502/479 2250/503/479 2148/500/479
f 2251/498/480 2148/500/480 2250/503/480
f 2251/498/481 2250/503/481 2232/504/481
f 2232/504/482 2237/496/482 2251/498/482
f 2237/496/483 2232/504/483 2234/482/483
f 2150/505/484 2146/501/484 2149/499/484
f 2150/505/485 2155/506/485 2146/501/485
f 2154/507/486 2146/501/486 2155/506/486
f 2146/501/487 2154/507/487 2147/508/487
f 2147/508/488 2145/502/488 2146/501/488
f 2147/508/489 2263/509/489 2145/502/489
f 2250/503/490 2145/502/490 2263/509/490
f 2263/509/491 2233/510/491 2250/503/491
f 2250/503/492 2233/510/492 2232/504/492
f 2231/511/493 2232/504/493 2233/510/493
f 2231/511/494 2234/482/494 2232/504/494
f 2234/482/495 2231/511/495 2211/483/495
f 2152/512/496 2160/513/496 2153/514/496
f 2153/514/497 2151/515/497 2152/512/497
f 2154/507/498 2152/512/498 2151/515/498
f 2151/515/499 2147/508/499 2154/507/499
f 2263/509/500 2147/508/500 2151/515/500
f 2263/509/501 2151/515/501 2286/516/501
f 2286/516/502 2249/517/502 2263/509/502
f 2249/517/503 2286/516/503 2248/456/503
f 2230/518/504 2249/517/504 2248/456/504
f 2229/447/505 2230/518/505 2248/456/505
f 2286/516/506 2153/514/506 2160/513/506
f 2286/516/507 2151/515/507 2153/514/507
f 2160/513/508 2152/512/508 2157/519/508
f 2159/520/509 2157/519/509 2158/521/509
f 2157/519/510 2159/520/510 2160/513/510
f 2285/458/511 2160/513/511 2159/520/511
f 2286/516/512 2160/513/512 2285/458/512
f 2285/458/513 2248/456/513 2286/516/513
f 2208/522/514 2230/518/514 2206/523/514
f 2230/518/515 2208/522/515 2209/524/515
f 2249/517/516 2230/518/516 2209/524/516
f 2200/525/517 2205/526/517 2202/527/517
f 2206/523/518 2202/527/518 2205/526/518
f 2205/526/519 2207/478/519 2206/523/519
f 2208/522/520 2206/523/520 2207/478/520
f 2208/522/521 2207/478/521 2178/477/521
f 2178/477/522 2209/524/522 2208/522/522
f 2179/480/523 2209/524/523 2178/477/523
f 2210/485/524 2209/524/524 2179/480/524
f 2209/524/525 2210/485/525 2211/483/525
f 2231/511/526 2209/524/526 2211/483/526
f 2231/511/527 2233/510/527 2209/524/527
f 2209/524/528 2233/510/528 2249/517/528
f 2263/509/529 2249/517/529 2233/510/529
f 2218/416/530 2239/400/530 2238/410/530
f 2238/410/531 2216/528/531 2218/416/531
f 2218/416/532 2216/528/532 2217/529/532
f 2217/529/533 2188/418/533 2218/416/533
f 2189/530/534 2188/418/534 2217/529/534
f 2186/531/535 2188/418/535 2189/530/535
f 2188/418/536 2186/531/536 2185/420/536
f 2187/532/537 2185/420/537 2186/531/537
f 2229/447/538 2206/523/538 2230/518/538
f 2206/523/539 2229/447/539 2203/446/539
f 2202/527/540 2206/523/540 2203/446/540
f 2203/446/541 2201/444/541 2202/527/541
f 2198/533/542 2202/527/542 2201/444/542
f 2201/444/543 2204/445/543 2198/533/543
f 2199/534/544 2198/533/544 2204/445/544
f 2199/534/545 2197/535/545 2198/533/545
f 2198/533/546 2197/535/546 2200/525/546
f 2198/533/547 2200/525/547 2202/527/547
f 2293/536/548 2295/537/548 2298/538/548
f 2297/539/549 2298/538/549 2295/537/549
f 2296/540/550 2294/541/550 2293/536/550
f 2295/537/551 2293/536/551 2294/541/551
f 2294/541/552 2290/542/552 2295/537/552
f 2287/543/553 2295/537/553 2290/542/553
f 2295/537/554 2287/543/554 2297/539/554
f 2292/544/555 2297/539/555 2287/543/555
f 2292/544/556 2287/543/556 2291/545/556
f 2291/545/557 2289/546/557 2393/547/557
f 2289/546/558 2291/545/558 2287/543/558
f 2289/546/559 2287/543/559 2288/548/559
f 2290/542/560 2288/548/560 2287/543/560
f 2405/549/561 2288/548/561 2290/542/561
f 2405/549/562 2290/542/562 2294/541/562
f 2405/549/563 2294/541/563 2428/550/563
f 2428/550/564 2294/541/564 2296/540/564
f 2428/550/565 2296/540/565 2302/551/565
f 2293/536/566 2302/551/566 2296/540/566
f 2391/552/567 2405/549/567 2428/550/567
f 2428/550/568 2390/553/568 2391/552/568
f 2390/553/569 2372/554/569 2391/552/569
f 2427/555/570 2426/556/570 2390/553/570
f 2428/550/571 2427/555/571 2390/553/571
f 2428/550/572 2302/551/572 2427/555/572
f 2298/538/573 2303/557/573 2293/536/573
f 2299/558/574 2293/536/574 2303/557/574
f 2302/551/575 2293/536/575 2299/558/575
f 2299/558/576 2301/559/576 2302/551/576
f 2427/555/577 2302/551/577 2301/559/577
f 2427/555/578 2301/559/578 2313/560/578
f 2427/555/579 2313/560/579 2426/556/579
f 2426/556/580 2313/560/580 2311/561/580
f 2426/556/581 2311/561/581 2307/562/581
f 2307/562/582 2311/561/582 2305/563/582
f 2313/560/583 2301/559/583 2314/564/583
f 2300/565/584 2314/564/584 2301/559/584
f 2301/559/585 2299/558/585 2300/565/585
f 2300/565/586 2299/558/586 2304/566/586
f 2303/557/587 2304/566/587 2299/558/587
f 2304/566/588 2314/564/588 2300/565/588
f 2314/564/589 2304/566/589 2316/567/589
f 2316/567/590 2315/568/590 2314/564/590
f 2312/569/591 2314/564/591 2315/568/591
f 2315/568/592 2310/570/592 2312/569/592
f 2404/571/593 2403/572/593 2422/573/593
f 2423/574/594 2422/573/594 2403/572/594
f 2422/573/595 2423/574/595 2309/575/595
f 2308/576/596 2309/575/596 2423/574/596
f 2308/576/597 2305/563/597 2309/575/597
f 2310/570/598 2309/575/598 2305/563/598
f 2305/563/599 2312/569/599 2310/570/599
f 2312/569/600 2305/563/600 2311/561/600
f 2311/561/601 2313/560/601 2312/569/601
f 2314/564/602 2312/569/602 2313/560/602
f 2307/562/603 2305/563/603 2306/577/603
f 2308/576/604 2306/577/604 2305/563/604
f 2306/577/605 2308/576/605 2424/578/605
f 2423/574/606 2424/578/606 2308/576/606
f 2424/578/607 2423/574/607 2402/579/607
f 2403/572/608 2402/579/608 2423/574/608
f 2400/580/609 2402/579/609 2403/572/609
f 2403/572/610 2404/571/610 2400/580/610
f 2399/581/611 2400/580/611 2404/571/611
f 2400/580/612 2399/581/612 2385/582/612
f 2400/580/613 2385/582/613 2401/583/613
f 2400/580/614 2401/583/614 2402/579/614
f 2401/583/615 2388/584/615 2402/579/615
f 2402/579/616 2388/584/616 2425/585/616
f 2424/578/617 2402/579/617 2425/585/617
f 2425/585/618 2306/577/618 2424/578/618
f 2425/585/619 2307/562/619 2306/577/619
f 2426/556/620 2307/562/620 2425/585/620
f 2426/556/621 2425/585/621 2389/586/621
f 2389/586/622 2390/553/622 2426/556/622
f 2389/586/623 2371/587/623 2390/553/623
f 2372/554/624 2390/553/624 2371/587/624
f 2388/584/625 2389/586/625 2425/585/625
f 2371/587/626 2389/586/626 2388/584/626
f 2343/588/627 2348/589/627 2345/590/627
f 2348/589/628 2371/587/628 2345/590/628
f 2365/591/629 2345/590/629 2371/587/629
f 2371/587/630 2367/592/630 2365/591/630
f 2367/592/631 2371/587/631 2388/584/631
f 2388/584/632 2386/593/632 2367/592/632
f 2340/594/633 2343/588/633 2344/595/633
f 2345/590/634 2344/595/634 2343/588/634
f 2344/595/635 2345/590/635 2366/596/635
f 2366/596/636 2345/590/636 2365/591/636
f 2366/596/637 2365/591/637 2368/597/637
f 2368/597/638 2365/591/638 2367/592/638
f 2368/597/639 2367/592/639 2385/582/639
f 2386/593/640 2385/582/640 2367/592/640
f 2386/593/641 2401/583/641 2385/582/641
f 2401/583/642 2386/593/642 2388/584/642
f 2387/598/643 2385/582/643 2399/581/643
f 2385/582/644 2387/598/644 2368/597/644
f 2369/599/645 2368/597/645 2387/598/645
f 2369/599/646 2366/596/646 2368/597/646
f 2370/600/647 2366/596/647 2369/599/647
f 2370/600/648 2344/595/648 2366/596/648
f 2346/601/649 2344/595/649 2370/600/649
f 2344/595/650 2346/601/650 2340/594/650
f 2341/602/651 2340/594/651 2346/601/651
f 2341/602/652 2339/603/652 2340/594/652
f 2340/594/653 2339/603/653 2342/604/653
f 2340/594/654 2342/604/654 2343/588/654
f 2342/604/655 2347/605/655 2343/588/655
f 2348/589/656 2343/588/656 2347/605/656
f 2347/605/657 2349/606/657 2348/589/657
f 2350/607/658 2348/589/658 2349/606/658
f 2350/607/659 2349/606/659 2317/608/659
f 2317/608/660 2351/609/660 2350/607/660
f 2321/610/661 2351/609/661 2317/608/661
f 2352/611/662 2351/609/662 2321/610/662
f 2324/612/663 2355/613/663 2321/610/663
f 2319/614/664 2321/610/664 2317/608/664
f 2324/612/665 2321/610/665 2319/614/665
f 2322/615/666 2324/612/666 2319/614/666
f 2349/606/667 2318/616/667 2317/608/667
f 2319/614/668 2317/608/668 2318/616/668
f 2319/614/669 2318/616/669 2320/617/669
f 2319/614/670 2320/617/670 2322/615/670
f 2322/615/671 2320/617/671 2323/618/671
f 2322/615/672 2323/618/672 2326/619/672
f 2326/619/673 2325/620/673 2322/615/673
f 2325/620/674 2324/612/674 2322/615/674
f 2325/620/675 2354/621/675 2324/612/675
f 2355/613/676 2324/612/676 2354/621/676
f 2354/621/677 2356/622/677 2355/613/677
f 2352/611/678 2321/610/678 2355/613/678
f 2355/613/679 2357/623/679 2352/611/679
f 2357/623/680 2355/613/680 2356/622/680
f 2377/624/681 2357/623/681 2356/622/681
f 2357/623/682 2377/624/682 2376/625/682
f 2377/624/683 2379/626/683 2376/625/683
f 2379/626/684 2378/627/684 2376/625/684
f 2394/628/685 2378/627/685 2379/626/685
f 2394/628/686 2393/547/686 2378/627/686
f 2393/547/687 2394/628/687 2291/545/687
f 2393/547/688 2392/629/688 2374/630/688
f 2393/547/689 2374/630/689 2378/627/689
f 2378/627/690 2374/630/690 2376/625/690
f 2373/631/691 2376/625/691 2374/630/691
f 2353/632/692 2376/625/692 2373/631/692
f 2373/631/693 2351/609/693 2353/632/693
f 2351/609/694 2352/611/694 2353/632/694
f 2353/632/695 2352/611/695 2357/623/695
f 2357/623/696 2376/625/696 2353/632/696
f 2392/629/697 2375/633/697 2374/630/697
f 2373/631/698 2374/630/698 2375/633/698
f 2373/631/699 2375/633/699 2351/609/699
f 2371/587/700 2348/589/700 2372/554/700
f 2350/607/701 2372/554/701 2348/589/701
f 2372/554/702 2350/607/702 2351/609/702
f 2351/609/703 2391/552/703 2372/554/703
f 2351/609/704 2375/633/704 2391/552/704
f 2405/549/705 2391/552/705 2375/633/705
f 2405/549/706 2375/633/706 2392/629/706
f 2392/629/707 2288/548/707 2405/549/707
f 2289/546/708 2288/548/708 2392/629/708
f 2393/547/709 2289/546/709 2392/629/709
f 2172/634/710 2170/464/710 2171/459/710
f 2170/464/711 2172/634/711 2173/468/711
f 2174/635/712 2173/468/712 2172/634/712
f 2174/635/713 2172/634/713 2162/636/713
f 2285/458/714 2159/520/714 2171/459/714
f 2171/459/715 2159/520/715 2172/634/715
f 2158/521/716 2172/634/716 2159/520/716
f 2158/521/717 2162/636/717 2172/634/717
f 2158/521/718 2157/519/718 2162/636/718
f 2161/637/719 2162/636/719 2157/519/719
f 2157/519/720 2152/512/720 2161/637/720
f 2156/638/721 2161/637/721 2152/512/721
f 2152/512/722 2154/507/722 2156/638/722
f 2155/506/723 2156/638/723 2154/507/723
f 2122/639/724 2097/640/724 2125/641/724
f 2112/642/725 2122/639/725 2123/643/725
f 2124/644/726 2123/643/726 2122/639/726
f 2122/639/727 2127/645/727 2124/644/727
f 2125/641/728 2127/645/728 2122/639/728
f 2125/641/729 2126/646/729 2127/645/729
f 2125/641/730 2130/647/730 2126/646/730
f 2128/648/731 2130/647/731 2125/641/731
f 2128/648/732 2129/649/732 2130/647/732
f 2128/648/733 2132/650/733 2129/649/733
f 2131/651/734 2132/650/734 2128/648/734
f 2131/651/735 2135/652/735 2132/650/735
f 2131/651/736 2134/653/736 2135/652/736
f 2133/654/737 2134/653/737 2131/651/737
f 2133/654/738 2137/655/738 2134/653/738
f 2136/656/739 2137/655/739 2133/654/739
f 2136/656/740 2133/654/740 2114/657/740
f 2099/658/741 2114/657/741 2133/654/741
f 2113/659/742 2114/657/742 2099/658/742
f 2113/659/743 2099/658/743 2100/660/743
f 2100/660/744 2099/658/744 2080/661/744
f 2099/658/745 2098/662/745 2078/663/745
f 2077/664/746 2078/663/746 2098/662/746
f 2050/665/747 2078/663/747 2077/664/747
f 2049/666/748 2050/665/748 2077/664/748
f 2077/664/749 2076/667/749 2049/666/749
f 2076/667/750 2077/664/750 2097/640/750
f 2098/662/751 2097/640/751 2077/664/751
f 2097/640/752 2098/662/752 2125/641/752
f 2128/648/753 2125/641/753 2098/662/753
f 2128/648/754 2098/662/754 2131/651/754
f 2099/658/755 2131/651/755 2098/662/755
f 2131/651/756 2099/658/756 2133/654/756
f 2049/666/757 2048/668/757 2050/665/757
f 2049/666/758 2045/669/758 2048/668/758
f 2045/669/759 2049/666/759 2076/667/759
f 2045/669/760 2076/667/760 2075/670/760
f 2076/667/761 2074/671/761 2075/670/761
f 2096/672/762 2074/671/762 2076/667/762
f 2076/667/763 2097/640/763 2096/672/763
f 2096/672/764 2097/640/764 2111/673/764
f 2112/642/765 2111/673/765 2097/640/765
f 2122/639/766 2112/642/766 2097/640/766
f 2044/674/767 2048/668/767 2045/669/767
f 2045/669/768 2075/670/768 2047/675/768
f 2043/676/769 2045/669/769 2047/675/769
f 2045/669/770 2043/676/770 2044/674/770
f 2046/677/771 2044/674/771 2043/676/771
f 2030/678/772 2028/679/772 2029/680/772
f 2028/679/773 2030/678/773 2031/681/773
f 2032/682/774 2031/681/774 2030/678/774
f 2032/682/775 2030/678/775 2020/683/775
f 2031/681/776 2026/684/776 2028/679/776
f 2026/684/777 2025/685/777 2023/686/777
f 2023/686/778 2028/679/778 2026/684/778
f 2028/679/779 2023/686/779 2027/687/779
f 2027/687/780 2029/680/780 2028/679/780
f 2142/688/781 2029/680/781 2027/687/781
f 2142/688/782 2027/687/782 2022/689/782
f 2022/689/783 2027/687/783 2023/686/783
f 2024/690/784 2023/686/784 2025/685/784
f 2024/690/785 2021/691/785 2023/686/785
f 2023/686/786 2021/691/786 2022/689/786
f 2141/692/787 2022/689/787 2021/691/787
f 2142/688/788 2022/689/788 2141/692/788
f 2142/688/789 2141/692/789 2105/693/789
f 2105/693/790 2106/694/790 2142/688/790
f 2105/693/791 2087/695/791 2106/694/791
f 2088/696/792 2106/694/792 2087/695/792
f 2087/695/793 2064/697/793 2088/696/793
f 2104/698/794 2105/693/794 2141/692/794
f 2087/695/795 2105/693/795 2104/698/795
f 2063/699/796 2065/700/796 2064/697/796
f 2064/697/797 2059/701/797 2063/699/797
f 2059/701/798 2064/697/798 2061/702/798
f 2064/697/799 2087/695/799 2061/702/799
f 2082/703/800 2061/702/800 2087/695/800
f 2087/695/801 2084/704/801 2082/703/801
f 2084/704/802 2087/695/802 2104/698/802
f 2084/704/803 2104/698/803 2102/705/803
f 2056/706/804 2059/701/804 2060/707/804
f 2061/702/805 2060/707/805 2059/701/805
f 2061/702/806 2081/708/806 2060/707/806
f 2081/708/807 2061/702/807 2082/703/807
f 2082/703/808 2083/709/808 2081/708/808
f 2083/709/809 2082/703/809 2084/704/809
f 2083/709/810 2084/704/810 2101/710/810
f 2102/705/811 2101/710/811 2084/704/811
f 2101/710/812 2102/705/812 2117/711/812
f 2117/711/813 2102/705/813 2104/698/813
f 2058/712/814 2063/699/814 2059/701/814
f 2056/706/815 2058/712/815 2059/701/815
f 2056/706/816 2055/713/816 2058/712/816
f 2057/714/817 2055/713/817 2056/706/817
f 2057/714/818 2056/706/818 2062/715/818
f 2060/707/819 2062/715/819 2056/706/819
f 2062/715/820 2060/707/820 2086/716/820
f 2081/708/821 2086/716/821 2060/707/821
f 2086/716/822 2081/708/822 2085/717/822
f 2083/709/823 2085/717/823 2081/708/823
f 2085/717/824 2083/709/824 2103/718/824
f 2101/710/825 2103/718/825 2083/709/825
f 2103/718/826 2101/710/826 2115/719/826
f 2116/720/827 2115/719/827 2101/710/827
f 2115/719/828 2116/720/828 2120/721/828
f 2119/722/829 2120/721/829 2116/720/829
f 2120/721/830 2119/722/830 2138/723/830
f 2139/724/831 2138/723/831 2119/722/831
f 2138/723/832 2139/724/832 2025/685/832
f 2024/690/833 2025/685/833 2139/724/833
f 2117/711/834 2104/698/834 2118/725/834
f 2141/692/835 2118/725/835 2104/698/835
f 2140/726/836 2118/725/836 2141/692/836
f 2141/692/837 2021/691/837 2140/726/837
f 2021/691/838 2024/690/838 2140/726/838
f 2139/724/839 2140/726/839 2024/690/839
f 2140/726/840 2139/724/840 2118/725/840
f 2119/722/841 2118/725/841 2139/724/841
f 2119/722/842 2116/720/842 2118/725/842
f 2117/711/843 2118/725/843 2116/720/843
f 2117/711/844 2116/720/844 2101/710/844
f 2051/727/845 2050/665/845 2048/668/845
f 2078/663/846 2080/661/846 2099/658/846
f 2078/663/847 2079/728/847 2080/661/847
f 2078/663/848 2054/729/848 2079/728/848
f 2050/665/849 2054/729/849 2078/663/849
f 2052/730/850 2054/729/850 2050/665/850
f 2050/665/851 2051/727/851 2052/730/851
f 2053/731/852 2052/730/852 2051/727/852
f 2016/732/853 2015/733/853 2018/734/853
f 2017/735/854 2015/733/854 2016/732/854
f 2143/736/855 2017/735/855 2016/732/855
f 2144/737/856 2017/735/856 2143/736/856
f 2144/737/857 2012/738/857 2017/735/857
f 2012/738/858 2009/739/858 2017/735/858
f 2017/735/859 2009/739/859 2015/733/859
f 2015/733/860 2009/739/860 2019/740/860
f 2019/740/861 2020/683/861 2015/733/861
f 2018/734/862 2015/733/862 2020/683/862
f 2020/683/863 2030/678/863 2018/734/863
f 2018/734/864 2030/678/864 2016/732/864
f 2029/680/865 2016/732/865 2030/678/865
f 2143/736/866 2016/732/866 2029/680/866
f 2143/736/867 2029/680/867 2142/688/867
f 2143/736/868 2142/688/868 2106/694/868
f 2106/694/869 2144/737/869 2143/736/869
f 2144/737/870 2106/694/870 2107/741/870
f 2107/741/871 2121/742/871 2144/737/871
f 2091/743/872 2121/742/872 2107/741/872
f 2121/742/873 2091/743/873 2108/744/873
f 2108/744/874 2091/743/874 2090/745/874
f 2108/744/875 2090/745/875 2109/746/875
f 2094/747/876 2109/746/876 2090/745/876
f 2004/748/877 2121/742/877 2108/744/877
f 2005/749/878 2004/748/878 2108/744/878
f 2108/744/879 2109/746/879 2005/749/879
f 2089/750/880 2090/745/880 2091/743/880
f 2089/750/881 2091/743/881 2067/751/881
f 2067/751/882 2091/743/882 2107/741/882
f 2106/694/883 2088/696/883 2107/741/883
f 2067/751/884 2107/741/884 2088/696/884
f 2088/696/885 2066/752/885 2067/751/885
f 2033/753/886 2067/751/886 2066/752/886
f 2033/753/887 2037/754/887 2067/751/887
f 2035/755/888 2037/754/888 2033/753/888
f 2094/747/889 2090/745/889 2092/756/889
f 2089/750/890 2092/756/890 2090/745/890
f 2089/750/891 2069/757/891 2092/756/891
f 2089/750/892 2067/751/892 2069/757/892
f 2067/751/893 2068/758/893 2069/757/893
f 2068/758/894 2067/751/894 2037/754/894
f 2068/758/895 2037/754/895 2071/759/895
f 2042/760/896 2071/759/896 2037/754/896
f 2035/755/897 2042/760/897 2037/754/897
f 2035/755/898 2038/761/898 2042/760/898
f 2073/762/899 2092/756/899 2069/757/899
f 2069/757/900 2068/758/900 2073/762/900
f 2071/759/901 2073/762/901 2068/758/901
f 2038/761/902 2041/763/902 2042/760/902
f 2041/763/903 2070/764/903 2042/760/903
f 2071/759/904 2042/760/904 2070/764/904
f 2070/764/905 2072/765/905 2071/759/905
f 2073/762/906 2071/759/906 2072/765/906
f 2072/765/907 2093/766/907 2073/762/907
f 2092/756/908 2073/762/908 2093/766/908
f 2092/756/909 2093/766/909 2095/767/909
f 2095/767/910 2094/747/910 2092/756/910
f 2094/747/911 2095/767/911 2110/768/911
f 2066/752/912 2088/696/912 2064/697/912
f 2066/752/913 2064/697/913 2065/700/913
f 2033/753/914 2066/752/914 2065/700/914
f 2033/753/915 2065/700/915 2034/769/915
f 2035/755/916 2033/753/916 2034/769/916
f 2035/755/917 2034/769/917 2036/770/917
f 2035/755/918 2036/770/918 2038/761/918
f 2038/761/919 2036/770/919 2039/771/919
f 2038/761/920 2039/771/920 2040/772/920
f 2038/761/921 2040/772/921 2041/763/921
f 2012/738/922 2010/773/922 2009/739/922
f 2011/774/923 2009/739/923 2010/773/923
f 2010/773/924 2006/775/924 2011/774/924
f 2003/776/925 2011/774/925 2006/775/925
f 2003/776/926 2007/777/926 2008/778/926
f 2008/778/927 2013/779/927 2003/776/927
f 2011/774/928 2003/776/928 2013/779/928
f 2013/779/929 2014/780/929 2011/774/929
f 2009/739/930 2011/774/930 2014/780/930
f 2014/780/931 2019/740/931 2009/739/931
f 2109/746/932 2094/747/932 2110/768/932
f 2109/746/933 2110/768/933 2007/777/933
f 2007/777/934 2005/749/934 2109/746/934
f 2005/749/935 2007/777/935 2003/776/935
f 2005/749/936 2003/776/936 2004/748/936
f 2006/775/937 2004/748/937 2003/776/937
f 2121/742/938 2004/748/938 2006/775/938
f 2121/742/939 2006/775/939 2010/773/939
f 2121/742/940 2010/773/940 2144/737/940
f 2144/737/941 2010/773/941 2012/738/941
f 1924/781/942 1946/782/942 1922/783/942
f 1946/782/943 1924/781/943 1926/784/943
f 1946/782/944 1926/784/944 1965/785/944
f 1916/786/945 1921/787/945 1918/788/945
f 1922/783/946 1918/788/946 1921/787/946
f 1921/787/947 1923/789/947 1922/783/947
f 1924/781/948 1922/783/948 1923/789/948
f 1924/781/949 1923/789/949 1894/790/949
f 1894/790/950 1926/784/950 1924/781/950
f 1894/790/951 1895/791/951 1926/784/951
f 1926/784/952 1895/791/952 1925/792/952
f 1926/784/953 1925/792/953 1927/793/953
f 1947/794/954 1926/784/954 1927/793/954
f 1947/794/955 1949/795/955 1926/784/955
f 1926/784/956 1949/795/956 1965/785/956
f 1949/795/957 1979/796/957 1965/785/957
f 1892/797/958 1894/790/958 1923/789/958
f 1891/798/959 1895/791/959 1894/790/959
f 1894/790/960 1892/797/960 1891/798/960
f 1893/799/961 1891/798/961 1892/797/961
f 1870/800/962 1862/801/962 1871/802/962
f 1862/801/963 1870/800/963 1863/803/963
f 1863/803/964 1861/804/964 1862/801/964
f 1863/803/965 1979/796/965 1861/804/965
f 1861/804/966 1979/796/966 1966/805/966
f 1979/796/967 1949/795/967 1966/805/967
f 1966/805/968 1949/795/968 1948/806/968
f 1947/794/969 1948/806/969 1949/795/969
f 1947/794/970 1950/807/970 1948/806/970
f 1947/794/971 1927/793/971 1950/807/971
f 1953/808/972 1952/809/972 1968/810/972
f 1968/810/973 1967/811/973 1953/808/973
f 1967/811/974 1968/810/974 1865/812/974
f 1967/811/975 1865/812/975 1864/813/975
f 1865/812/976 1862/801/976 1864/813/976
f 1864/813/977 1862/801/977 1861/804/977
f 1966/805/978 1864/813/978 1861/804/978
f 1966/805/979 1967/811/979 1864/813/979
f 1966/805/980 1948/806/980 1967/811/980
f 1948/806/981 1953/808/981 1967/811/981
f 1953/808/982 1948/806/982 1950/807/982
f 1862/801/983 1865/812/983 1866/814/983
f 1866/814/984 1871/802/984 1862/801/984
f 1899/815/985 1896/816/985 1898/817/985
f 1900/818/986 1896/816/986 1899/815/986
f 1899/815/987 1928/819/987 1900/818/987
f 1929/820/988 1900/818/988 1928/819/988
f 1928/819/989 1930/821/989 1929/820/989
f 1931/822/990 1929/820/990 1930/821/990
f 1931/822/991 1930/821/991 1951/823/991
f 1951/823/992 1950/807/992 1931/822/992
f 1950/807/993 1951/823/993 1952/809/993
f 1950/807/994 1952/809/994 1953/808/994
f 1927/793/995 1931/822/995 1950/807/995
f 1927/793/996 1925/792/996 1931/822/996
f 1929/820/997 1931/822/997 1925/792/997
f 1925/792/998 1895/791/998 1929/820/998
f 1900/818/999 1929/820/999 1895/791/999
f 1895/791/1000 1891/798/1000 1900/818/1000
f 1900/818/1001 1891/798/1001 1896/816/1001
f 1891/798/1002 1893/799/1002 1896/816/1002
f 1896/816/1003 1893/799/1003 1897/824/1003
f 1896/816/1004 1897/824/1004 1898/817/1004
f 1939/825/1005 1943/826/1005 1944/827/1005
f 1941/828/1006 1943/826/1006 1939/825/1006
f 1940/829/1007 1941/828/1007 1939/825/1007
f 1943/826/1008 1941/828/1008 1961/830/1008
f 1917/831/1009 1944/827/1009 1920/832/1009
f 1939/825/1010 1944/827/1010 1917/831/1010
f 1919/833/1011 1939/825/1011 1917/831/1011
f 1940/829/1012 1939/825/1012 1919/833/1012
f 1940/829/1013 1919/833/1013 1945/834/1013
f 1945/834/1014 1942/835/1014 1940/829/1014
f 1942/835/1015 1941/828/1015 1940/829/1015
f 1941/828/1016 1942/835/1016 1959/836/1016
f 1959/836/1017 1961/830/1017 1941/828/1017
f 1961/830/1018 1959/836/1018 1973/837/1018
f 1975/838/1019 1974/839/1019 1959/836/1019
f 1975/838/1020 1959/836/1020 1960/840/1020
f 1960/840/1021 1959/836/1021 1942/835/1021
f 1960/840/1022 1942/835/1022 1962/841/1022
f 1945/834/1023 1962/841/1023 1942/835/1023
f 1945/834/1024 1963/842/1024 1962/841/1024
f 1964/843/1025 1963/842/1025 1945/834/1025
f 1963/842/1026 1964/843/1026 2000/844/1026
f 2001/845/1027 2000/844/1027 1964/843/1027
f 2001/845/1028 1887/846/1028 2000/844/1028
f 1975/838/1029 1960/840/1029 1962/841/1029
f 1975/838/1030 1962/841/1030 1976/847/1030
f 1976/847/1031 1962/841/1031 1999/848/1031
f 1962/841/1032 1963/842/1032 1999/848/1032
f 2000/844/1033 1999/848/1033 1963/842/1033
f 2000/844/1034 1882/849/1034 1999/848/1034
f 2000/844/1035 1885/850/1035 1882/849/1035
f 2000/844/1036 1887/846/1036 1885/850/1036
f 1885/850/1037 1887/846/1037 1886/851/1037
f 1886/851/1038 1879/852/1038 1885/850/1038
f 1879/852/1039 1886/851/1039 1884/853/1039
f 1884/853/1040 1883/854/1040 1879/852/1040
f 1882/849/1041 1885/850/1041 1879/852/1041
f 1889/855/1042 1884/853/1042 1886/851/1042
f 1888/856/1043 1886/851/1043 1887/846/1043
f 1886/851/1044 1888/856/1044 1889/855/1044
f 1890/857/1045 1889/855/1045 1888/856/1045
f 1890/857/1046 1888/856/1046 1878/858/1046
f 1999/848/1047 1882/849/1047 1881/859/1047
f 1879/852/1048 1881/859/1048 1882/849/1048
f 1881/859/1049 1879/852/1049 1880/860/1049
f 1880/860/1050 1879/852/1050 1883/854/1050
f 1880/860/1051 1883/854/1051 1997/861/1051
f 1996/862/1052 1997/861/1052 1883/854/1052
f 1997/861/1053 1996/862/1053 1977/863/1053
f 1977/863/1054 1976/847/1054 1997/861/1054
f 1977/863/1055 1974/839/1055 1976/847/1055
f 1975/838/1056 1976/847/1056 1974/839/1056
f 1974/839/1057 1973/837/1057 1959/836/1057
f 1973/837/1058 1974/839/1058 1978/864/1058
f 1977/863/1059 1978/864/1059 1974/839/1059
f 1978/864/1060 1977/863/1060 1996/862/1060
f 1998/865/1061 1997/861/1061 1976/847/1061
f 1998/865/1062 1976/847/1062 1999/848/1062
f 1999/848/1063 1881/859/1063 1998/865/1063
f 1881/859/1064 1880/860/1064 1998/865/1064
f 1997/861/1065 1998/865/1065 1880/860/1065
f 2002/866/1066 1867/867/1066 1869/868/1066
f 2002/866/1067 1869/868/1067 1875/869/1067
f 1869/868/1068 1868/870/1068 1875/869/1068
f 1869/868/1069 1867/867/1069 1868/870/1069
f 1870/800/1070 1868/870/1070 1867/867/1070
f 1867/867/1071 1863/803/1071 1870/800/1071
f 1979/796/1072 1863/803/1072 1867/867/1072
f 1979/796/1073 1867/867/1073 2002/866/1073
f 2002/866/1074 1965/785/1074 1979/796/1074
f 1965/785/1075 2002/866/1075 1964/843/1075
f 1946/782/1076 1965/785/1076 1964/843/1076
f 1946/782/1077 1964/843/1077 1945/834/1077
f 1873/871/1078 1875/869/1078 1868/870/1078
f 1876/872/1079 1874/873/1079 1873/871/1079
f 1875/869/1080 1873/871/1080 1874/873/1080
f 2001/845/1081 1875/869/1081 1874/873/1081
f 2002/866/1082 1875/869/1082 2001/845/1082
f 2001/845/1083 1964/843/1083 2002/866/1083
f 2001/845/1084 1874/873/1084 1887/846/1084
f 1887/846/1085 1874/873/1085 1888/856/1085
f 1876/872/1086 1888/856/1086 1874/873/1086
f 1876/872/1087 1878/858/1087 1888/856/1087
f 1876/872/1088 1873/871/1088 1878/858/1088
f 1877/874/1089 1878/858/1089 1873/871/1089
f 1873/871/1090 1868/870/1090 1877/874/1090
f 1872/875/1091 1877/874/1091 1868/870/1091
f 1868/870/1092 1870/800/1092 1872/875/1092
f 1871/802/1093 1872/875/1093 1870/800/1093
f 1980/876/1094 1955/877/1094 1983/878/1094
f 1986/879/1095 1988/880/1095 1983/878/1095
f 1983/878/1096 1988/880/1096 1984/881/1096
f 1983/878/1097 1984/881/1097 1985/882/1097
f 1983/878/1098 1985/882/1098 1980/876/1098
f 1980/876/1099 1985/882/1099 1982/883/1099
f 1982/883/1100 1981/884/1100 1980/876/1100
f 1970/885/1101 1980/876/1101 1981/884/1101
f 1980/876/1102 1970/885/1102 1955/877/1102
f 1970/885/1103 1969/886/1103 1955/877/1103
f 1954/887/1104 1955/877/1104 1969/886/1104
f 1957/888/1105 1972/889/1105 1991/890/1105
f 1994/891/1106 1991/890/1106 1972/889/1106
f 1994/891/1107 1995/892/1107 1991/890/1107
f 1991/890/1108 1995/892/1108 1992/893/1108
f 1991/890/1109 1992/893/1109 1989/894/1109
f 1989/894/1110 1992/893/1110 1993/895/1110
f 1989/894/1111 1993/895/1111 1990/896/1111
f 1989/894/1112 1990/896/1112 1986/879/1112
f 1986/879/1113 1990/896/1113 1987/897/1113
f 1986/879/1114 1987/897/1114 1988/880/1114
f 1911/898/1115 1910/899/1115 1909/900/1115
f 1910/899/1116 1908/901/1116 1909/900/1116
f 1910/899/1117 1912/902/1117 1908/901/1117
f 1912/902/1118 1936/903/1118 1908/901/1118
f 1937/904/1119 1936/903/1119 1912/902/1119
f 1936/903/1120 1937/904/1120 1938/905/1120
f 1936/903/1121 1938/905/1121 1957/888/1121
f 1958/906/1122 1957/888/1122 1938/905/1122
f 1971/907/1123 1957/888/1123 1958/906/1123
f 1971/907/1124 1972/889/1124 1957/888/1124
f 1907/908/1125 1908/901/1125 1935/909/1125
f 1936/903/1126 1935/909/1126 1908/901/1126
f 1935/909/1127 1936/903/1127 1956/910/1127
f 1957/888/1128 1956/910/1128 1936/903/1128
f 1909/900/1129 1908/901/1129 1906/911/1129
f 1906/911/1130 1908/901/1130 1907/908/1130
f 1907/908/1131 1904/912/1131 1906/911/1131
f 1904/912/1132 1907/908/1132 1934/913/1132
f 1935/909/1133 1934/913/1133 1907/908/1133
f 1934/913/1134 1935/909/1134 1955/877/1134
f 1956/910/1135 1955/877/1135 1935/909/1135
f 1955/877/1136 1956/910/1136 1983/878/1136
f 1986/879/1137 1983/878/1137 1956/910/1137
f 1956/910/1138 1989/894/1138 1986/879/1138
f 1989/894/1139 1956/910/1139 1957/888/1139
f 1989/894/1140 1957/888/1140 1991/890/1140
f 1901/914/1141 1906/911/1141 1904/912/1141
f 1934/913/1142 1955/877/1142 1954/887/1142
f 1954/887/1143 1932/915/1143 1934/913/1143
f 1934/913/1144 1932/915/1144 1933/916/1144
f 1934/913/1145 1933/916/1145 1904/912/1145
f 1905/917/1146 1904/912/1146 1933/916/1146
f 1902/918/1147 1904/912/1147 1905/917/1147
f 1904/912/1148 1902/918/1148 1901/914/1148
f 1903/919/1149 1901/914/1149 1902/918/1149
f 1945/834/1150 1922/783/1150 1946/782/1150
f 1922/783/1151 1945/834/1151 1919/833/1151
f 1918/788/1152 1922/783/1152 1919/833/1152
f 1919/833/1153 1917/831/1153 1918/788/1153
f 1914/920/1154 1918/788/1154 1917/831/1154
f 1917/831/1155 1920/832/1155 1914/920/1155
f 1915/921/1156 1914/920/1156 1920/832/1156
f 1915/921/1157 1913/922/1157 1914/920/1157
f 1914/920/1158 1913/922/1158 1916/786/1158
f 1914/920/1159 1916/786/1159 1918/788/1159
f 1855/923/1160 1838/924/1160 1854/925/1160
f 1855/923/1161 1857/926/1161 1838/924/1161
f 1841/927/1162 1838/924/1162 1857/926/1162
f 1841/927/1163 1857/926/1163 1833/928/1163
f 1789/929/1164 1832/930/1164 1788/931/1164
f 1789/929/1165 1833/928/1165 1832/930/1165
f 1793/932/1165 1833/928/1165 1789/929/1165
f 1793/932/1166 1817/933/1166 1833/928/1166
f 1841/927/1167 1833/928/1167 1817/933/1167
f 1817/933/1168 1810/934/1168 1841/927/1168
f 1838/924/1169 1841/927/1169 1810/934/1169
f 1839/935/1170 1838/924/1170 1810/934/1170
f 1854/925/1171 1838/924/1171 1839/935/1171
f 1839/935/1172 1840/936/1172 1854/925/1172
f 1839/935/1173 1810/934/1173 1809/937/1173
f 1840/936/1174 1839/935/1174 1809/937/1174
f 1840/936/1174 1809/937/1174 1812/938/1174
f 1812/938/1175 1821/939/1175 1840/936/1175
f 1842/940/1175 1840/936/1175 1821/939/1175
f 1821/939/1176 1824/941/1176 1842/940/1176
f 1813/942/1177 1812/938/1177 1811/943/1177
f 1812/938/1177 1813/942/1177 1822/944/1177
f 1822/944/1177 1819/945/1177 1812/938/1177
f 1821/939/1177 1812/938/1177 1819/945/1177
f 1821/939/1177 1819/945/1177 1820/946/1177
f 1820/946/1177 1823/947/1177 1821/939/1177
f 1824/941/1177 1821/939/1177 1823/947/1177
f 1824/941/1177 1823/947/1177 1826/948/1177
f 1826/948/1177 1825/949/1177 1824/941/1177
f 1827/950/1177 1825/949/1177 1826/948/1177
f 1837/951/1178 1835/952/1178 1852/953/1178
f 1852/953/1179 1836/954/1179 1837/951/1179
f 1837/951/1180 1836/954/1180 1803/955/1180
f 1805/956/1181 1803/955/1181 1836/954/1181
f 1825/949/1182 1805/956/1182 1836/954/1182
f 1844/957/1182 1825/949/1182 1836/954/1182
f 1824/941/1183 1825/949/1183 1844/957/1183
f 1843/958/1183 1824/941/1183 1844/957/1183
f 1843/958/1176 1842/940/1176 1824/941/1176
f 1842/940/1184 1843/958/1184 1858/959/1184
f 1853/960/1185 1836/954/1185 1852/953/1185
f 1853/960/1186 1860/961/1186 1836/954/1186
f 1860/961/1177 1853/960/1177 1856/962/1177
f 1859/963/1177 1860/961/1177 1856/962/1177
f 1858/959/1177 1859/963/1177 1856/962/1177
f 1859/963/1184 1858/959/1184 1843/958/1184
f 1843/958/1187 1860/961/1187 1859/963/1187
f 1860/961/1187 1843/958/1187 1844/957/1187
f 1844/957/1186 1836/954/1186 1860/961/1186
f 1842/940/1188 1858/959/1188 1840/936/1188
f 1856/962/1188 1840/936/1188 1858/959/1188
f 1856/962/1172 1854/925/1172 1840/936/1172
f 1856/962/1177 1853/960/1177 1854/925/1177
f 1854/925/1177 1853/960/1177 1855/923/1177
f 1852/953/1177 1855/923/1177 1853/960/1177
f 1852/953/1177 1851/964/1177 1855/923/1177
f 1855/923/1177 1851/964/1177 1857/926/1177
f 1857/926/1177 1851/964/1177 1849/965/1177
f 1849/965/1189 1833/928/1189 1857/926/1189
f 1845/966/1190 1829/967/1190 1830/968/1190
f 1830/968/1191 1831/969/1191 1845/966/1191
f 1847/970/1192 1845/966/1192 1831/969/1192
f 1847/970/1193 1831/969/1193 1848/971/1193
f 1847/970/1177 1848/971/1177 1846/972/1177
f 1848/971/1177 1849/965/1177 1846/972/1177
f 1846/972/1177 1849/965/1177 1850/973/1177
f 1850/973/1177 1849/965/1177 1851/964/1177
f 1851/964/1194 1835/952/1194 1850/973/1194
f 1851/964/1195 1852/953/1195 1835/952/1195
f 1834/974/1196 1850/973/1196 1835/952/1196
f 1834/974/1197 1829/967/1197 1850/973/1197
f 1846/972/1197 1850/973/1197 1829/967/1197
f 1829/967/1198 1845/966/1198 1846/972/1198
f 1845/966/1177 1847/970/1177 1846/972/1177
f 1803/955/1199 1796/975/1199 1837/951/1199
f 1835/952/1200 1837/951/1200 1796/975/1200
f 1835/952/1201 1796/975/1201 1834/974/1201
f 1795/976/1202 1834/974/1202 1796/975/1202
f 1834/974/1203 1795/976/1203 1829/967/1203
f 1784/977/1203 1829/967/1203 1795/976/1203
f 1797/978/1177 1795/976/1177 1796/975/1177
f 1798/979/1177 1795/976/1177 1797/978/1177
f 1795/976/1177 1798/979/1177 1799/980/1177
f 1799/980/1177 1784/977/1177 1795/976/1177
f 1786/981/1177 1784/977/1177 1799/980/1177
f 1784/977/1177 1786/981/1177 1785/982/1177
f 1785/982/1177 1781/983/1177 1784/977/1177
f 1783/984/1177 1784/977/1177 1781/983/1177
f 1784/977/1204 1783/984/1204 1829/967/1204
f 1830/968/1205 1829/967/1205 1783/984/1205
f 1849/965/1206 1848/971/1206 1833/928/1206
f 1832/930/1206 1833/928/1206 1848/971/1206
f 1832/930/1207 1848/971/1207 1831/969/1207
f 1788/931/1208 1832/930/1208 1831/969/1208
f 1831/969/1209 1830/968/1209 1788/931/1209
f 1783/984/1210 1788/931/1210 1830/968/1210
f 1783/984/1177 1781/983/1177 1782/985/1177
f 1782/985/1177 1787/986/1177 1783/984/1177
f 1788/931/1177 1783/984/1177 1787/986/1177
f 1788/931/1177 1787/986/1177 1790/987/1177
f 1790/987/1177 1789/929/1177 1788/931/1177
f 1791/988/1177 1789/929/1177 1790/987/1177
f 1789/929/1177 1791/988/1177 1792/989/1177
f 1792/989/1177 1793/932/1177 1789/929/1177
f 1794/990/1177 1793/932/1177 1792/989/1177
f 1793/932/1177 1794/990/1177 1818/991/1177
f 1818/991/1177 1817/933/1177 1793/932/1177
f 1815/992/1177 1817/933/1177 1818/991/1177
f 1817/933/1177 1815/992/1177 1816/993/1177
f 1816/993/1177 1814/994/1177 1817/933/1177
f 1810/934/1177 1817/933/1177 1814/994/1177
f 1810/934/1177 1814/994/1177 1807/995/1177
f 1810/934/1177 1807/995/1177 1809/937/1177
f 1809/937/1177 1807/995/1177 1808/996/1177
f 1809/937/1177 1808/996/1177 1811/943/1177
f 1809/937/1177 1811/943/1177 1812/938/1177
f 1825/949/1177 1827/950/1177 1828/997/1177
f 1825/949/1177 1828/997/1177 1805/956/1177
f 1805/956/1177 1828/997/1177 1806/998/1177
f 1805/956/1177 1806/998/1177 1804/999/1177
f 1805/956/1177 1804/999/1177 1803/955/1177
f 1801/1000/1177 1803/955/1177 1804/999/1177
f 1803/955/1177 1801/1000/1177 1802/1001/1177
f 1802/1001/1177 1800/1002/1177 1803/955/1177
f 1796/975/1177 1803/955/1177 1800/1002/1177
f 1796/975/1177 1800/1002/1177 1797/978/1177
f 1780/1003/1211 1683/1004/1211 1763/1005/1211
f 1683/1004/1212 1682/1006/1212 1095/1007/1212
f 1683/1004/1213 1679/1008/1213 1682/1006/1213
f 1679/1008/1214 1683/1004/1214 1780/1003/1214
f 1779/1009/1214 1679/1008/1214 1780/1003/1214
f 1779/1009/1215 1778/1010/1215 1679/1008/1215
f 1084/1011/1216 1083/1012/1216 1089/1013/1216
f 1090/1014/1217 1089/1013/1217 1083/1012/1217
f 1089/1013/1218 1090/1014/1218 1093/1015/1218
f 1094/1016/1219 1093/1015/1219 1090/1014/1219
f 1094/1016/1220 1681/1017/1220 1093/1015/1220
f 1681/1017/1221 1094/1016/1221 1682/1006/1221
f 1682/1006/1222 1677/1018/1222 1681/1017/1222
f 1677/1018/1213 1682/1006/1213 1679/1008/1213
f 1679/1008/1223 1678/1019/1223 1677/1018/1223
f 1678/1019/1215 1679/1008/1215 1778/1010/1215
f 1778/1010/1224 1777/1020/1224 1678/1019/1224
f 1776/1021/1224 1678/1019/1224 1777/1020/1224
f 1675/1022/1222 1681/1017/1222 1677/1018/1222
f 1680/1023/1225 1093/1015/1225 1681/1017/1225
f 1681/1017/1226 1675/1022/1226 1680/1023/1226
f 1674/1024/1227 1680/1023/1227 1675/1022/1227
f 1675/1022/1228 1673/1025/1228 1674/1024/1228
f 1673/1025/1229 1675/1022/1229 1676/1026/1229
f 1677/1018/1230 1676/1026/1230 1675/1022/1230
f 1676/1026/1231 1677/1018/1231 1678/1019/1231
f 1674/1024/1232 1673/1025/1232 1606/1027/1232
f 1768/1028/1233 1770/1029/1233 1396/1030/1233
f 1768/1028/1233 1396/1030/1233 1769/1031/1233
f 1769/1031/1234 1240/1032/1234 1768/1028/1234
f 1764/1033/1234 1768/1028/1234 1240/1032/1234
f 1236/1034/1235 1235/1035/1235 1329/1036/1235
f 1237/1037/1236 1235/1035/1236 1236/1034/1236
f 1235/1035/1237 1237/1037/1237 1238/1038/1237
f 1239/1039/1238 1238/1038/1238 1237/1037/1238
f 1238/1038/1239 1239/1039/1239 1240/1032/1239
f 1241/1040/1240 1240/1032/1240 1239/1039/1240
f 1240/1032/1241 1241/1040/1241 1764/1033/1241
f 1765/1041/1241 1764/1033/1241 1241/1040/1241
f 1241/1040/1242 1245/1042/1242 1765/1041/1242
f 1766/1043/1242 1765/1041/1242 1245/1042/1242
f 1236/1034/1243 1242/1044/1243 1237/1037/1243
f 1247/1045/1244 1243/1046/1244 1246/1047/1244
f 1242/1044/1245 1246/1047/1245 1243/1046/1245
f 1243/1046/1246 1237/1037/1246 1242/1044/1246
f 1237/1037/1247 1243/1046/1247 1239/1039/1247
f 1244/1048/1247 1239/1039/1247 1243/1046/1247
f 1239/1039/1248 1244/1048/1248 1241/1040/1248
f 1245/1042/1248 1241/1040/1248 1244/1048/1248
f 1248/1049/1249 1245/1042/1249 1244/1048/1249
f 1249/1050/1249 1245/1042/1249 1248/1049/1249
f 1243/1046/1250 1247/1045/1250 1244/1048/1250
f 1248/1049/1250 1244/1048/1250 1247/1045/1250
f 1767/1051/1251 1766/1043/1251 1245/1042/1251
f 1245/1042/1251 1249/1050/1251 1767/1051/1251
f 1249/1050/1252 1536/1052/1252 1767/1051/1252
f 1249/1050/1253 1248/1049/1253 1536/1052/1253
f 1536/1052/1253 1248/1049/1253 1535/1053/1253
f 1247/1045/1254 1535/1053/1254 1248/1049/1254
f 1534/1054/1254 1535/1053/1254 1247/1045/1254
f 1246/1047/1255 1534/1054/1255 1247/1045/1255
f 1533/1055/1256 1534/1054/1256 1246/1047/1256
f 1534/1054/1257 1533/1055/1257 1527/1056/1257
f 1775/1057/1252 1767/1051/1252 1536/1052/1252
f 1536/1052/1258 1532/1058/1258 1775/1057/1258
f 1536/1052/1259 1535/1053/1259 1532/1058/1259
f 1530/1059/1259 1532/1058/1259 1535/1053/1259
f 1535/1053/1260 1534/1054/1260 1530/1059/1260
f 1527/1056/1260 1530/1059/1260 1534/1054/1260
f 1530/1059/1261 1527/1056/1261 1529/1060/1261
f 1526/1061/1262 1529/1060/1262 1527/1056/1262
f 1529/1060/1263 1531/1062/1263 1530/1059/1263
f 1532/1058/1264 1530/1059/1264 1531/1062/1264
f 1532/1058/1265 1531/1062/1265 1773/1063/1265
f 1774/1064/1265 1532/1058/1265 1773/1063/1265
f 1774/1064/1258 1775/1057/1258 1532/1058/1258
f 1531/1062/1266 1776/1065/1266 1777/1066/1266
f 1773/1063/1266 1531/1062/1266 1777/1066/1266
f 1528/1067/1267 1527/1056/1267 1533/1055/1267
f 1528/1067/1268 1526/1061/1268 1527/1056/1268
f 1528/1067/1269 1606/1068/1269 1526/1061/1269
f 1607/1069/1270 1526/1061/1270 1606/1068/1270
f 1753/1070/1271 1752/1071/1271 792/1072/1271
f 792/1072/1272 796/1073/1272 1753/1070/1272
f 1754/1074/1272 1753/1070/1272 796/1073/1272
f 1772/1075/1273 1754/1074/1273 796/1073/1273
f 796/1073/1274 792/1072/1274 795/1076/1274
f 796/1073/1275 795/1076/1275 1401/1077/1275
f 796/1073/1273 1401/1077/1273 1772/1075/1273
f 1401/1077/1276 1397/1078/1276 1772/1075/1276
f 1771/1079/1276 1772/1075/1276 1397/1078/1276
f 1770/1029/1277 1771/1079/1277 1397/1078/1277
f 1397/1078/1277 1396/1030/1277 1770/1029/1277
f 1397/1078/1278 1395/1080/1278 1396/1030/1278
f 1394/1081/1279 1396/1030/1279 1395/1080/1279
f 1395/1080/1280 1392/1082/1280 1394/1081/1280
f 1752/1071/1281 1751/1083/1281 788/1084/1281
f 788/1084/1271 792/1072/1271 1752/1071/1271
f 792/1072/1282 788/1084/1282 791/1085/1282
f 791/1085/1274 795/1076/1274 792/1072/1274
f 793/1086/1283 795/1076/1283 791/1085/1283
f 793/1086/1284 1400/1087/1284 795/1076/1284
f 1400/1087/1275 1401/1077/1275 795/1076/1275
f 1401/1077/1285 1400/1087/1285 1397/1078/1285
f 1395/1080/1285 1397/1078/1285 1400/1087/1285
f 1400/1087/1286 1399/1088/1286 1395/1080/1286
f 1392/1082/1286 1395/1080/1286 1399/1088/1286
f 1400/1087/1284 793/1086/1284 1399/1088/1284
f 1391/1089/1287 1394/1081/1287 1392/1082/1287
f 1393/1090/1288 1391/1089/1288 1392/1082/1288
f 1393/1090/1289 1392/1082/1289 1398/1091/1289
f 1399/1088/1290 1398/1091/1290 1392/1082/1290
f 1399/1088/1291 794/1092/1291 1398/1091/1291
f 794/1092/1292 1399/1088/1292 793/1086/1292
f 794/1092/1293 793/1086/1293 790/1093/1293
f 790/1093/1283 793/1086/1283 791/1085/1283
f 791/1085/1294 786/1094/1294 790/1093/1294
f 786/1094/1282 791/1085/1282 788/1084/1282
f 784/1095/1294 790/1093/1294 786/1094/1294
f 789/1096/1295 794/1092/1295 790/1093/1295
f 790/1093/1296 784/1095/1296 789/1096/1296
f 783/1097/1297 789/1096/1297 784/1095/1297
f 784/1095/1298 782/1098/1298 783/1097/1298
f 782/1098/1299 784/1095/1299 785/1099/1299
f 786/1094/1300 785/1099/1300 784/1095/1300
f 785/1099/1301 786/1094/1301 787/1100/1301
f 783/1097/1302 782/1098/1302 711/1101/1302
f 788/1084/1303 787/1100/1303 786/1094/1303
f 787/1100/1281 788/1084/1281 1751/1083/1281
f 1751/1083/1304 1749/1102/1304 787/1100/1304
f 1750/1103/1304 787/1100/1304 1749/1102/1304
f 1750/1103/1305 1749/1102/1305 622/1104/1305
f 622/1104/1305 1749/1102/1305 1746/1105/1305
f 622/1104/1306 1746/1105/1306 623/1106/1306
f 1746/1105/1306 1745/1107/1306 623/1106/1306
f 623/1106/1307 1745/1107/1307 627/1108/1307
f 627/1108/1307 1745/1107/1307 1747/1109/1307
f 627/1108/1308 1747/1109/1308 631/1110/1308
f 1747/1109/1308 1748/1111/1308 631/1110/1308
f 1748/1111/1309 1757/1112/1309 631/1110/1309
f 1759/1113/1310 941/1114/1310 1758/1115/1310
f 1755/1116/1310 1758/1115/1310 941/1114/1310
f 941/1114/1311 942/1117/1311 1755/1116/1311
f 1756/1118/1311 1755/1116/1311 942/1117/1311
f 1756/1118/1312 942/1117/1312 1757/1112/1312
f 946/1119/1312 1757/1112/1312 942/1117/1312
f 946/1119/1309 631/1110/1309 1757/1112/1309
f 630/1120/1313 631/1110/1313 946/1119/1313
f 627/1108/1314 631/1110/1314 630/1120/1314
f 626/1121/1314 627/1108/1314 630/1120/1314
f 619/1122/1315 618/1123/1315 624/1124/1315
f 625/1125/1316 624/1124/1316 618/1123/1316
f 618/1123/1317 621/1126/1317 625/1125/1317
f 626/1121/1317 625/1125/1317 621/1126/1317
f 625/1125/1318 626/1121/1318 629/1127/1318
f 630/1120/1318 629/1127/1318 626/1121/1318
f 945/1128/1319 629/1127/1319 630/1120/1319
f 945/1128/1313 630/1120/1313 946/1119/1313
f 946/1119/1320 942/1117/1320 945/1128/1320
f 940/1129/1320 945/1128/1320 942/1117/1320
f 937/1130/1321 943/1131/1321 938/1132/1321
f 944/1133/1322 938/1132/1322 943/1131/1322
f 938/1132/1323 944/1133/1323 940/1129/1323
f 945/1128/1323 940/1129/1323 944/1133/1323
f 945/1128/1319 944/1133/1319 629/1127/1319
f 944/1133/1324 628/1134/1324 629/1127/1324
f 629/1127/1325 628/1134/1325 625/1125/1325
f 624/1124/1326 625/1125/1326 628/1134/1326
f 944/1133/1327 943/1131/1327 628/1134/1327
f 942/1117/1328 941/1114/1328 940/1129/1328
f 939/1135/1329 940/1129/1329 941/1114/1329
f 940/1129/1330 939/1135/1330 938/1132/1330
f 936/1136/1331 938/1132/1331 939/1135/1331
f 938/1132/1332 936/1136/1332 937/1130/1332
f 937/1130/1333 936/1136/1333 1016/1137/1333
f 1744/1138/1334 1157/1139/1334 1739/1140/1334
f 1157/1139/1335 1744/1138/1335 1161/1141/1335
f 1157/1139/1336 1156/1142/1336 1158/1143/1336
f 1158/1143/1337 1742/1144/1337 1157/1139/1337
f 1739/1140/1338 1157/1139/1338 1742/1144/1338
f 1742/1144/1339 1740/1145/1339 1739/1140/1339
f 1155/1146/1340 1154/1147/1340 1156/1142/1340
f 1157/1139/1341 1155/1146/1341 1156/1142/1341
f 1160/1148/1342 1155/1146/1342 1157/1139/1342
f 1157/1139/1343 1161/1141/1343 1160/1148/1343
f 1161/1141/1344 1326/1149/1344 1160/1148/1344
f 1161/1141/1345 1744/1138/1345 1326/1149/1345
f 1602/1150/1346 1326/1149/1346 1744/1138/1346
f 1744/1138/1347 1743/1151/1347 1602/1150/1347
f 1744/1138/1348 1739/1140/1348 1743/1151/1348
f 1741/1152/1349 1743/1151/1349 1739/1140/1349
f 1741/1152/1350 1739/1140/1350 1740/1145/1350
f 1740/1145/1351 1608/1153/1351 1741/1152/1351
f 1598/1154/1352 1600/1155/1352 1601/1156/1352
f 1600/1155/1353 1598/1154/1353 1599/1157/1353
f 1600/1155/1354 1599/1157/1354 1608/1153/1354
f 1609/1158/1355 1608/1153/1355 1599/1157/1355
f 1609/1158/1356 1741/1152/1356 1608/1153/1356
f 1609/1158/1357 1610/1159/1357 1741/1152/1357
f 1741/1152/1358 1610/1159/1358 1743/1151/1358
f 1603/1160/1359 1743/1151/1359 1610/1159/1359
f 1603/1160/1347 1602/1150/1347 1743/1151/1347
f 1599/1157/1360 1602/1150/1360 1603/1160/1360
f 1599/1157/1361 1603/1160/1361 1609/1158/1361
f 1610/1159/1362 1609/1158/1362 1603/1160/1362
f 1602/1150/1363 1599/1157/1363 1598/1154/1363
f 1602/1150/1364 1598/1154/1364 1322/1161/1364
f 1602/1150/1365 1322/1161/1365 1326/1149/1365
f 1326/1149/1366 1322/1161/1366 1325/1162/1366
f 1325/1162/1367 1160/1148/1367 1326/1149/1367
f 1160/1148/1347 1325/1162/1347 1159/1163/1347
f 1160/1148/1368 1159/1163/1368 1155/1146/1368
f 1153/1164/1369 1155/1146/1369 1159/1163/1369
f 1155/1146/1370 1153/1164/1370 1154/1147/1370
f 1154/1147/1371 1153/1164/1371 1017/1165/1371
f 1324/1166/1347 1332/1167/1347 1159/1163/1347
f 1324/1166/1347 1159/1163/1347 1325/1162/1347
f 1332/1167/1372 1318/1168/1372 1331/1169/1372
f 1318/1168/1373 1332/1167/1373 1324/1166/1373
f 1318/1168/1374 1324/1166/1374 1319/1170/1374
f 1325/1162/1375 1319/1170/1375 1324/1166/1375
f 1325/1162/1366 1322/1161/1366 1319/1170/1366
f 1331/1169/1376 1454/1171/1376 1332/1167/1376
f 1331/1169/1377 1330/1172/1377 1454/1171/1377
f 1331/1169/1378 1318/1168/1378 1330/1172/1378
f 1320/1173/1379 1330/1172/1379 1318/1168/1379
f 1320/1173/1380 1318/1168/1380 1319/1170/1380
f 1321/1174/1381 1320/1173/1381 1319/1170/1381
f 1321/1174/1382 1319/1170/1382 1322/1161/1382
f 1323/1175/1383 1321/1174/1383 1322/1161/1383
f 1322/1161/1384 1601/1156/1384 1323/1175/1384
f 1601/1156/1385 1322/1161/1385 1598/1154/1385
f 1452/1176/1386 1454/1171/1386 1330/1172/1386
f 1453/1177/1387 1451/1178/1387 1452/1176/1387
f 1454/1171/1388 1452/1176/1388 1451/1178/1388
f 1454/1171/1389 1451/1178/1389 1455/1179/1389
f 1455/1179/1390 1332/1167/1390 1454/1171/1390
f 1332/1167/1347 1455/1179/1347 1019/1180/1347
f 1159/1163/1347 1332/1167/1347 1019/1180/1347
f 1019/1180/1391 1153/1164/1391 1159/1163/1391
f 1019/1180/1392 1018/1181/1392 1153/1164/1392
f 1019/1180/1393 1013/1182/1393 1018/1181/1393
f 1019/1180/1347 1455/1179/1347 1013/1182/1347
f 1018/1181/1394 1017/1165/1394 1153/1164/1394
f 1018/1181/1395 1011/1183/1395 1017/1165/1395
f 1011/1183/1396 1018/1181/1396 1013/1182/1396
f 1013/1182/1397 1012/1184/1397 1011/1183/1397
f 1013/1182/1347 1455/1179/1347 1012/1184/1347
f 1456/1185/1347 1012/1184/1347 1455/1179/1347
f 1456/1185/1398 1455/1179/1398 1451/1178/1398
f 1451/1178/1399 864/1186/1399 1456/1185/1399
f 1451/1178/1400 1453/1177/1400 864/1186/1400
f 863/1187/1401 864/1186/1401 1453/1177/1401
f 1008/1188/1402 1011/1183/1402 1012/1184/1402
f 1008/1188/1403 1012/1184/1403 705/1189/1403
f 703/1190/1404 701/1191/1404 706/1192/1404
f 707/1193/1404 706/1192/1404 701/1191/1404
f 701/1191/1405 705/1189/1405 707/1193/1405
f 708/1194/1405 707/1193/1405 705/1189/1405
f 705/1189/1406 1012/1184/1406 708/1194/1406
f 708/1194/1407 1012/1184/1407 1456/1185/1407
f 1010/1195/1408 1017/1165/1408 1011/1183/1408
f 1011/1183/1409 1008/1188/1409 1010/1195/1409
f 1010/1195/1410 1008/1188/1410 1009/1196/1410
f 1008/1188/1411 705/1189/1411 1009/1196/1411
f 1009/1196/1412 705/1189/1412 704/1197/1412
f 700/1198/1413 704/1197/1413 705/1189/1413
f 701/1191/1414 700/1198/1414 705/1189/1414
f 702/1199/1415 700/1198/1415 701/1191/1415
f 703/1190/1416 702/1199/1416 701/1191/1416
f 702/1199/1417 703/1190/1417 713/1200/1417
f 864/1186/1418 863/1187/1418 859/1201/1418
f 864/1186/1419 859/1201/1419 861/1202/1419
f 861/1202/1420 859/1201/1420 860/1203/1420
f 861/1202/1421 860/1203/1421 862/1204/1421
f 860/1203/1422 713/1200/1422 862/1204/1422
f 714/1205/1423 862/1204/1423 713/1200/1423
f 714/1205/1424 713/1200/1424 703/1190/1424
f 715/1206/1425 714/1205/1425 703/1190/1425
f 703/1190/1426 706/1192/1426 715/1206/1426
f 706/1192/1427 865/1207/1427 715/1206/1427
f 706/1192/1347 707/1193/1347 865/1207/1347
f 866/1208/1347 865/1207/1347 707/1193/1347
f 707/1193/1428 708/1194/1428 866/1208/1428
f 867/1209/1429 866/1208/1429 708/1194/1429
f 867/1209/1430 708/1194/1430 1456/1185/1430
f 867/1209/1431 1456/1185/1431 864/1186/1431
f 867/1209/1432 864/1186/1432 866/1208/1432
f 861/1202/1433 866/1208/1433 864/1186/1433
f 866/1208/1434 861/1202/1434 865/1207/1434
f 862/1204/1435 865/1207/1435 861/1202/1435
f 865/1207/1436 862/1204/1436 715/1206/1436
f 715/1206/1437 862/1204/1437 714/1205/1437
f 1715/1210/1438 1571/1211/1438 1714/1212/1438
f 1571/1211/1177 1715/1210/1177 1573/1213/1177
f 1716/1214/1177 1573/1213/1177 1715/1210/1177
f 1573/1213/1177 1716/1214/1177 1575/1215/1177
f 1717/1216/1177 1575/1215/1177 1716/1214/1177
f 1568/1217/1439 1566/1218/1439 1565/1219/1439
f 1567/1220/1440 1565/1219/1440 1566/1218/1440
f 1567/1220/1441 1566/1218/1441 1712/1221/1441
f 1712/1221/1442 1714/1212/1442 1567/1220/1442
f 1570/1222/1443 1567/1220/1443 1714/1212/1443
f 1570/1222/1444 1714/1212/1444 1571/1211/1444
f 1570/1222/1445 1571/1211/1445 1569/1223/1445
f 1572/1224/1446 1569/1223/1446 1571/1211/1446
f 1571/1211/1177 1573/1213/1177 1572/1224/1177
f 1572/1224/1177 1573/1213/1177 1574/1225/1177
f 1573/1213/1177 1575/1215/1177 1574/1225/1177
f 1574/1225/1177 1575/1215/1177 1576/1226/1177
f 1565/1219/1447 1567/1220/1447 1569/1223/1447
f 1570/1222/1448 1569/1223/1448 1567/1220/1448
f 1734/1227/1449 1726/1228/1449 1733/1229/1449
f 1725/1230/1449 1733/1229/1449 1726/1228/1449
f 1733/1229/1450 1725/1230/1450 1732/1231/1450
f 1724/1232/1450 1732/1231/1450 1725/1230/1450
f 1732/1231/1451 1724/1232/1451 1738/1233/1451
f 1730/1234/1452 1738/1233/1452 1724/1232/1452
f 1731/1235/1453 1730/1234/1453 1724/1232/1453
f 1719/1236/1454 1725/1230/1454 1720/1237/1454
f 1726/1228/1454 1720/1237/1454 1725/1230/1454
f 1720/1237/1454 1726/1228/1454 1727/1238/1454
f 1726/1228/1455 1734/1227/1455 1727/1238/1455
f 1735/1239/1455 1727/1238/1455 1734/1227/1455
f 1735/1239/1456 1736/1240/1456 1727/1238/1456
f 1728/1241/1456 1727/1238/1456 1736/1240/1456
f 1736/1240/1457 1737/1242/1457 1728/1241/1457
f 1729/1243/1457 1728/1241/1457 1737/1242/1457
f 1729/1243/1458 1737/1242/1458 1145/1244/1458
f 1721/1245/1454 1720/1237/1454 1727/1238/1454
f 1721/1245/1459 1727/1238/1459 1728/1241/1459
f 1722/1246/1459 1721/1245/1459 1728/1241/1459
f 1728/1241/1459 1729/1243/1459 1722/1246/1459
f 1723/1247/1459 1722/1246/1459 1729/1243/1459
f 1704/1248/1460 1703/1249/1460 1697/1250/1460
f 1704/1248/1461 1718/1251/1461 1703/1249/1461
f 1719/1236/1461 1703/1249/1461 1718/1251/1461
f 1703/1249/1462 1719/1236/1462 1705/1252/1462
f 1720/1237/1462 1705/1252/1462 1719/1236/1462
f 1705/1252/1463 1720/1237/1463 1706/1253/1463
f 1721/1245/1463 1706/1253/1463 1720/1237/1463
f 1706/1253/1464 1721/1245/1464 1707/1254/1464
f 1722/1246/1464 1707/1254/1464 1721/1245/1464
f 1707/1254/1465 1722/1246/1465 1708/1255/1465
f 1692/1256/1466 1690/1257/1466 1691/1258/1466
f 1692/1256/1467 1697/1250/1467 1690/1257/1467
f 1709/1259/1468 1697/1250/1468 1692/1256/1468
f 1697/1250/1469 1709/1259/1469 1704/1248/1469
f 1711/1260/1470 1704/1248/1470 1709/1259/1470
f 1711/1260/1471 1731/1235/1471 1704/1248/1471
f 1718/1251/1472 1704/1248/1472 1731/1235/1472
f 1724/1232/1453 1718/1251/1453 1731/1235/1453
f 1718/1251/1473 1724/1232/1473 1719/1236/1473
f 1725/1230/1474 1719/1236/1474 1724/1232/1474
f 1710/1261/1475 1709/1259/1475 1692/1256/1475
f 1631/1262/1347 1619/1263/1347 1630/1264/1347
f 1631/1262/1476 1630/1264/1476 1639/1265/1476
f 1630/1264/1477 1638/1266/1477 1639/1265/1477
f 1639/1265/1478 1638/1266/1478 1685/1267/1478
f 1686/1268/1478 1685/1267/1478 1638/1266/1478
f 1685/1267/1479 1686/1268/1479 1693/1269/1479
f 1690/1257/1479 1693/1269/1479 1686/1268/1479
f 1690/1257/1480 1698/1270/1480 1693/1269/1480
f 1698/1270/1467 1690/1257/1467 1697/1250/1467
f 1698/1270/1460 1697/1250/1460 1703/1249/1460
f 1640/1271/1481 1641/1272/1481 1632/1273/1481
f 1632/1273/1482 1631/1262/1482 1640/1271/1482
f 1639/1265/1482 1640/1271/1482 1631/1262/1482
f 1640/1271/1483 1639/1265/1483 1687/1274/1483
f 1685/1267/1483 1687/1274/1483 1639/1265/1483
f 1687/1274/1484 1685/1267/1484 1694/1275/1484
f 1693/1269/1484 1694/1275/1484 1685/1267/1484
f 1693/1269/1485 1699/1276/1485 1694/1275/1485
f 1699/1276/1480 1693/1269/1480 1698/1270/1480
f 1699/1276/1486 1698/1270/1486 1705/1252/1486
f 1703/1249/1486 1705/1252/1486 1698/1270/1486
f 1687/1274/1487 1688/1277/1487 1640/1271/1487
f 1688/1277/1488 1687/1274/1488 1695/1278/1488
f 1694/1275/1488 1695/1278/1488 1687/1274/1488
f 1694/1275/1489 1700/1279/1489 1695/1278/1489
f 1700/1279/1490 1694/1275/1490 1699/1276/1490
f 1700/1279/1491 1699/1276/1491 1706/1253/1491
f 1705/1252/1491 1706/1253/1491 1699/1276/1491
f 1695/1278/1492 1696/1280/1492 1688/1277/1492
f 1695/1278/1493 1701/1281/1493 1696/1280/1493
f 1701/1281/1489 1695/1278/1489 1700/1279/1489
f 1706/1253/1494 1707/1254/1494 1700/1279/1494
f 1701/1281/1494 1700/1279/1494 1707/1254/1494
f 1707/1254/1495 1708/1255/1495 1701/1281/1495
f 1702/1282/1495 1701/1281/1495 1708/1255/1495
f 1702/1282/1493 1696/1280/1493 1701/1281/1493
f 1696/1280/1496 1702/1282/1496 1111/1283/1496
f 1696/1280/1497 1111/1283/1497 1689/1284/1497
f 1689/1284/1492 1688/1277/1492 1696/1280/1492
f 1688/1277/1498 1689/1284/1498 1641/1272/1498
f 1641/1272/1487 1640/1271/1487 1688/1277/1487
f 1723/1247/1465 1708/1255/1465 1722/1246/1465
f 1708/1255/1499 1723/1247/1499 1125/1285/1499
f 1708/1255/1500 1125/1285/1500 1702/1282/1500
f 1118/1286/1501 1702/1282/1501 1125/1285/1501
f 1702/1282/1502 1118/1286/1502 1111/1283/1502
f 1118/1286/1503 1117/1287/1503 1111/1283/1503
f 1111/1283/1504 1117/1287/1504 1110/1288/1504
f 1117/1287/1505 1116/1289/1505 1110/1288/1505
f 1109/1290/1505 1110/1288/1505 1116/1289/1505
f 1116/1289/1506 1115/1291/1506 1109/1290/1506
f 1118/1286/1507 1125/1285/1507 1117/1287/1507
f 1124/1292/1508 1117/1287/1508 1125/1285/1508
f 1116/1289/1509 1117/1287/1509 1124/1292/1509
f 1124/1292/1509 1123/1293/1509 1116/1289/1509
f 1115/1291/1510 1116/1289/1510 1123/1293/1510
f 1123/1293/1510 1122/1294/1510 1115/1291/1510
f 1114/1295/1511 1115/1291/1511 1122/1294/1511
f 1122/1294/1511 1121/1296/1511 1114/1295/1511
f 1113/1297/1512 1114/1295/1512 1121/1296/1512
f 1121/1296/1512 1119/1298/1512 1113/1297/1512
f 1108/1299/1506 1109/1290/1506 1115/1291/1506
f 1115/1291/1513 1114/1295/1513 1108/1299/1513
f 1107/1300/1513 1108/1299/1513 1114/1295/1513
f 1114/1295/1514 1113/1297/1514 1107/1300/1514
f 1106/1301/1514 1107/1300/1514 1113/1297/1514
f 1113/1297/1515 1112/1302/1515 1106/1301/1515
f 1104/1303/1515 1106/1301/1515 1112/1302/1515
f 1112/1302/1516 973/1304/1516 1104/1303/1516
f 1104/1303/1517 973/1304/1517 972/1305/1517
f 955/1306/1518 972/1305/1518 973/1304/1518
f 1112/1302/1519 1113/1297/1519 1119/1298/1519
f 1119/1298/1519 1120/1307/1519 1112/1302/1519
f 1112/1302/1520 1120/1307/1520 973/1304/1520
f 974/1308/1521 973/1304/1521 1120/1307/1521
f 1106/1301/1522 1104/1303/1522 1105/1309/1522
f 1106/1301/1523 1105/1309/1523 1098/1310/1523
f 1107/1300/1524 1106/1301/1524 1098/1310/1524
f 1107/1300/1524 1098/1310/1524 1099/1311/1524
f 1108/1299/1525 1107/1300/1525 1099/1311/1525
f 1099/1311/1525 1100/1312/1525 1108/1299/1525
f 1109/1290/1526 1108/1299/1526 1100/1312/1526
f 1100/1312/1526 1101/1313/1526 1109/1290/1526
f 1110/1288/1527 1109/1290/1527 1101/1313/1527
f 1101/1313/1527 1102/1314/1527 1110/1288/1527
f 1097/1315/1528 1098/1310/1528 1105/1309/1528
f 1097/1315/1529 1056/1316/1529 1046/1317/1529
f 1046/1317/1530 1098/1310/1530 1097/1315/1530
f 1098/1310/1531 1046/1317/1531 1045/1318/1531
f 1099/1311/1532 1098/1310/1532 1045/1318/1532
f 1099/1311/1532 1045/1318/1532 1047/1319/1532
f 1100/1312/1533 1099/1311/1533 1047/1319/1533
f 1100/1312/1533 1047/1319/1533 1048/1320/1533
f 1101/1313/1534 1100/1312/1534 1048/1320/1534
f 1101/1313/1534 1048/1320/1534 1049/1321/1534
f 1102/1314/1535 1101/1313/1535 1049/1321/1535
f 893/1322/1536 892/1323/1536 884/1324/1536
f 884/1324/1537 1044/1325/1537 893/1322/1537
f 1044/1325/1538 884/1324/1538 1036/1326/1538
f 1044/1325/1539 1036/1326/1539 1056/1316/1539
f 1046/1317/1540 1056/1316/1540 1036/1326/1540
f 1046/1317/1541 1036/1326/1541 1037/1327/1541
f 1037/1327/1542 1045/1318/1542 1046/1317/1542
f 1045/1318/1543 1037/1327/1543 1038/1328/1543
f 1038/1328/1544 1047/1319/1544 1045/1318/1544
f 1047/1319/1545 1038/1328/1545 1039/1329/1545
f 871/1330/1347 1020/1331/1347 884/1324/1347
f 1036/1326/1347 884/1324/1347 1020/1331/1347
f 1036/1326/1347 1020/1331/1347 1037/1327/1347
f 1037/1327/1347 1020/1331/1347 1022/1332/1347
f 1022/1332/1347 1024/1333/1347 1037/1327/1347
f 1038/1328/1347 1037/1327/1347 1024/1333/1347
f 1024/1333/1347 1026/1334/1347 1038/1328/1347
f 1039/1329/1347 1038/1328/1347 1026/1334/1347
f 1039/1329/1347 1026/1334/1347 1040/1335/1347
f 1040/1335/1347 1026/1334/1347 1028/1336/1347
f 1028/1336/1546 1026/1334/1546 1027/1337/1546
f 1026/1334/1547 1025/1338/1547 1027/1337/1547
f 1026/1334/1547 1024/1333/1547 1025/1338/1547
f 1024/1333/1548 1023/1339/1548 1025/1338/1548
f 1024/1333/1548 1022/1332/1548 1023/1339/1548
f 1022/1332/1549 1021/1340/1549 1023/1339/1549
f 1022/1332/1549 1020/1331/1549 1021/1340/1549
f 1020/1331/1550 870/1341/1550 1021/1340/1550
f 1020/1331/1550 871/1330/1550 870/1341/1550
f 871/1330/1551 868/1342/1551 870/1341/1551
f 872/1343/1552 874/1344/1552 873/1345/1552
f 869/1346/1553 872/1343/1553 873/1345/1553
f 868/1342/1553 872/1343/1553 869/1346/1553
f 870/1341/1551 868/1342/1551 869/1346/1551
f 872/1343/1347 868/1342/1347 886/1347/1347
f 886/1347/1347 887/1348/1347 872/1343/1347
f 874/1344/1347 872/1343/1347 887/1348/1347
f 887/1348/1347 888/1349/1347 874/1344/1347
f 896/1350/1554 888/1349/1554 887/1348/1554
f 896/1350/1555 897/1351/1555 888/1349/1555
f 896/1350/1556 950/1352/1556 897/1351/1556
f 950/1352/1557 951/1353/1557 897/1351/1557
f 950/1352/1558 958/1354/1558 951/1353/1558
f 958/1354/1559 959/1355/1559 951/1353/1559
f 951/1353/1559 959/1355/1559 952/1356/1559
f 948/1357/1556 950/1352/1556 896/1350/1556
f 894/1358/1560 948/1357/1560 896/1350/1560
f 894/1358/1561 896/1350/1561 887/1348/1561
f 886/1347/1562 894/1358/1562 887/1348/1562
f 871/1330/1347 884/1324/1347 868/1342/1347
f 885/1359/1347 868/1342/1347 884/1324/1347
f 885/1359/1347 886/1347/1347 868/1342/1347
f 885/1359/1563 895/1360/1563 886/1347/1563
f 895/1360/1564 894/1358/1564 886/1347/1564
f 949/1361/1565 894/1358/1565 895/1360/1565
f 949/1361/1560 948/1357/1560 894/1358/1560
f 949/1361/1566 956/1362/1566 948/1357/1566
f 956/1362/1567 957/1363/1567 948/1357/1567
f 956/1362/1568 962/1364/1568 957/1363/1568
f 973/1304/1569 960/1365/1569 955/1306/1569
f 955/1306/1570 960/1365/1570 953/1366/1570
f 955/1306/1571 953/1366/1571 954/1367/1571
f 954/1367/1572 953/1366/1572 949/1361/1572
f 954/1367/1573 949/1361/1573 947/1368/1573
f 947/1368/1574 949/1361/1574 895/1360/1574
f 895/1360/1575 906/1369/1575 947/1368/1575
f 906/1369/1576 895/1360/1576 885/1359/1576
f 906/1369/1577 885/1359/1577 892/1323/1577
f 892/1323/1578 885/1359/1578 884/1324/1578
f 953/1366/1566 956/1362/1566 949/1361/1566
f 953/1366/1579 961/1370/1579 956/1362/1579
f 961/1370/1570 953/1366/1570 960/1365/1570
f 960/1365/1580 966/1371/1580 961/1370/1580
f 967/1372/1580 966/1371/1580 960/1365/1580
f 967/1372/1581 987/1373/1581 966/1371/1581
f 987/1373/1582 967/1372/1582 999/1374/1582
f 993/1375/1583 987/1373/1583 999/1374/1583
f 993/1375/1583 999/1374/1583 1000/1376/1583
f 1001/1377/1584 993/1375/1584 1000/1376/1584
f 962/1364/1579 956/1362/1579 961/1370/1579
f 961/1370/1585 968/1378/1585 962/1364/1585
f 966/1371/1585 968/1378/1585 961/1370/1585
f 966/1371/1586 988/1379/1586 968/1378/1586
f 988/1379/1581 966/1371/1581 987/1373/1581
f 987/1373/1587 993/1375/1587 988/1379/1587
f 994/1380/1588 988/1379/1588 993/1375/1588
f 993/1375/1589 1001/1377/1589 994/1380/1589
f 1002/1381/1589 994/1380/1589 1001/1377/1589
f 994/1380/1590 1002/1381/1590 995/1382/1590
f 968/1378/1591 969/1383/1591 962/1364/1591
f 968/1378/1592 989/1384/1592 969/1383/1592
f 989/1384/1586 968/1378/1586 988/1379/1586
f 988/1379/1593 994/1380/1593 989/1384/1593
f 995/1382/1593 989/1384/1593 994/1380/1593
f 989/1384/1593 995/1382/1593 996/1385/1593
f 996/1385/1593 990/1386/1593 989/1384/1593
f 990/1386/1594 996/1385/1594 997/1387/1594
f 990/1386/1592 969/1383/1592 989/1384/1592
f 1003/1388/1590 995/1382/1590 1002/1381/1590
f 995/1382/1595 1003/1388/1595 996/1385/1595
f 1004/1389/1595 996/1385/1595 1003/1388/1595
f 1004/1389/1596 1005/1390/1596 996/1385/1596
f 1005/1390/1596 997/1387/1596 996/1385/1596
f 1005/1390/1597 1006/1391/1597 997/1387/1597
f 963/1392/1568 957/1363/1568 962/1364/1568
f 962/1364/1591 969/1383/1591 963/1392/1591
f 969/1383/1598 970/1393/1598 963/1392/1598
f 969/1383/1599 990/1386/1599 970/1393/1599
f 991/1394/1599 970/1393/1599 990/1386/1599
f 997/1387/1594 991/1394/1594 990/1386/1594
f 991/1394/1594 997/1387/1594 998/1395/1594
f 997/1387/1597 1006/1391/1597 998/1395/1597
f 998/1395/1600 1006/1391/1600 691/1396/1600
f 699/1397/1601 691/1396/1601 1006/1391/1601
f 992/1398/1594 998/1395/1594 691/1396/1594
f 998/1395/1594 992/1398/1594 991/1394/1594
f 992/1398/1602 971/1399/1602 991/1394/1602
f 970/1393/1602 991/1394/1602 971/1399/1602
f 970/1393/1603 971/1399/1603 964/1400/1603
f 963/1392/1598 970/1393/1598 964/1400/1598
f 964/1400/1604 958/1354/1604 963/1392/1604
f 957/1363/1604 963/1392/1604 958/1354/1604
f 957/1363/1558 958/1354/1558 950/1352/1558
f 948/1357/1567 957/1363/1567 950/1352/1567
f 958/1354/1605 964/1400/1605 959/1355/1605
f 965/1401/1605 959/1355/1605 964/1400/1605
f 964/1400/1603 971/1399/1603 965/1401/1603
f 971/1399/1606 660/1402/1606 965/1401/1606
f 971/1399/1607 992/1398/1607 660/1402/1607
f 682/1403/1608 660/1402/1608 992/1398/1608
f 682/1403/1594 992/1398/1594 691/1396/1594
f 682/1403/1594 691/1396/1594 681/1404/1594
f 688/1405/1594 681/1404/1594 691/1396/1594
f 681/1404/1594 688/1405/1594 680/1406/1594
f 682/1403/1609 681/1404/1609 660/1402/1609
f 638/1407/1610 952/1356/1610 646/1408/1610
f 959/1355/1610 646/1408/1610 952/1356/1610
f 959/1355/1611 965/1401/1611 646/1408/1611
f 653/1409/1612 646/1408/1612 965/1401/1612
f 653/1409/1613 965/1401/1613 660/1402/1613
f 653/1409/1614 660/1402/1614 652/1410/1614
f 659/1411/1615 652/1410/1615 660/1402/1615
f 659/1411/1616 660/1402/1616 681/1404/1616
f 681/1404/1617 680/1406/1617 659/1411/1617
f 652/1410/1618 646/1408/1618 653/1409/1618
f 637/1412/1619 579/1413/1619 638/1407/1619
f 638/1407/1620 646/1408/1620 637/1412/1620
f 645/1414/1620 637/1412/1620 646/1408/1620
f 646/1408/1621 652/1410/1621 645/1414/1621
f 652/1410/1622 651/1415/1622 645/1414/1622
f 651/1415/1623 652/1410/1623 659/1411/1623
f 658/1416/1623 651/1415/1623 659/1411/1623
f 658/1416/1617 659/1411/1617 680/1406/1617
f 680/1406/1624 679/1417/1624 658/1416/1624
f 636/1418/1625 578/1419/1625 637/1412/1625
f 636/1418/1626 637/1412/1626 645/1414/1626
f 644/1420/1626 636/1418/1626 645/1414/1626
f 644/1420/1622 645/1414/1622 651/1415/1622
f 651/1415/1627 650/1421/1627 644/1420/1627
f 650/1421/1628 651/1415/1628 658/1416/1628
f 657/1422/1628 650/1421/1628 658/1416/1628
f 657/1422/1624 658/1416/1624 679/1417/1624
f 679/1417/1629 678/1423/1629 657/1422/1629
f 678/1423/1630 677/1424/1630 656/1425/1630
f 656/1425/1629 657/1422/1629 678/1423/1629
f 656/1425/1631 649/1426/1631 657/1422/1631
f 649/1426/1631 650/1421/1631 657/1422/1631
f 650/1421/1632 649/1426/1632 643/1427/1632
f 643/1427/1627 644/1420/1627 650/1421/1627
f 643/1427/1633 635/1428/1633 644/1420/1633
f 635/1428/1633 636/1418/1633 644/1420/1633
f 635/1428/1634 577/1429/1634 636/1418/1634
f 577/1429/1634 578/1419/1634 636/1418/1634
f 654/1430/1630 656/1425/1630 677/1424/1630
f 654/1430/1635 648/1431/1635 656/1425/1635
f 648/1431/1635 649/1426/1635 656/1425/1635
f 649/1426/1636 648/1431/1636 642/1432/1636
f 642/1432/1632 643/1427/1632 649/1426/1632
f 642/1432/1637 633/1433/1637 643/1427/1637
f 633/1433/1637 635/1428/1637 643/1427/1637
f 633/1433/1638 576/1434/1638 635/1428/1638
f 576/1434/1638 577/1429/1638 635/1428/1638
f 576/1434/1639 567/1435/1639 577/1429/1639
f 577/1429/1639 567/1435/1639 568/1436/1639
f 567/1435/1347 554/1437/1347 568/1436/1347
f 556/1438/1347 568/1436/1347 554/1437/1347
f 639/1439/1636 642/1432/1636 648/1431/1636
f 639/1439/1640 634/1440/1640 642/1432/1640
f 634/1440/1640 633/1433/1640 642/1432/1640
f 634/1440/1641 574/1441/1641 633/1433/1641
f 574/1441/1641 576/1434/1641 633/1433/1641
f 574/1441/1642 566/1442/1642 576/1434/1642
f 576/1434/1643 566/1442/1643 567/1435/1643
f 566/1442/1347 552/1443/1347 567/1435/1347
f 554/1437/1347 567/1435/1347 552/1443/1347
f 552/1443/1644 551/1444/1644 554/1437/1644
f 549/1445/1645 551/1444/1645 552/1443/1645
f 552/1443/1347 566/1442/1347 550/1446/1347
f 550/1446/1645 549/1445/1645 552/1443/1645
f 545/1447/1646 549/1445/1646 550/1446/1646
f 575/1448/1647 565/1449/1647 574/1441/1647
f 574/1441/1648 565/1449/1648 566/1442/1648
f 565/1449/1347 550/1446/1347 566/1442/1347
f 550/1446/1347 565/1449/1347 546/1450/1347
f 546/1450/1646 545/1447/1646 550/1446/1646
f 547/1451/1649 545/1447/1649 546/1450/1649
f 632/1452/1650 587/1453/1650 575/1448/1650
f 587/1453/1651 563/1454/1651 575/1448/1651
f 563/1454/1652 565/1449/1652 575/1448/1652
f 563/1454/1347 546/1450/1347 565/1449/1347
f 546/1450/1347 563/1454/1347 548/1455/1347
f 548/1455/1649 547/1451/1649 546/1450/1649
f 572/1456/1653 563/1454/1653 587/1453/1653
f 572/1456/1654 564/1457/1654 563/1454/1654
f 564/1457/1347 548/1455/1347 563/1454/1347
f 573/1458/1655 564/1457/1655 572/1456/1655
f 663/1459/1656 655/1460/1656 690/1461/1656
f 663/1459/1657 661/1462/1657 655/1460/1657
f 661/1462/1658 647/1463/1658 655/1460/1658
f 661/1462/1659 641/1464/1659 647/1463/1659
f 641/1464/1660 639/1439/1660 647/1463/1660
f 641/1464/1661 640/1465/1661 639/1439/1661
f 640/1465/1662 634/1440/1662 639/1439/1662
f 632/1452/1663 634/1440/1663 640/1465/1663
f 632/1452/1664 575/1448/1664 634/1440/1664
f 634/1440/1665 575/1448/1665 574/1441/1665
f 641/1464/1666 661/1462/1666 662/1466/1666
f 693/1467/1667 692/1468/1667 684/1469/1667
f 683/1470/1667 684/1469/1667 692/1468/1667
f 692/1468/1668 689/1471/1668 683/1470/1668
f 690/1461/1669 683/1470/1669 689/1471/1669
f 676/1472/1669 683/1470/1669 690/1461/1669
f 676/1472/1670 690/1461/1670 655/1460/1670
f 655/1460/1671 654/1430/1671 676/1472/1671
f 655/1460/1672 647/1463/1672 654/1430/1672
f 647/1463/1672 648/1431/1672 654/1430/1672
f 648/1431/1660 647/1463/1660 639/1439/1660
f 698/1473/1673 689/1471/1673 692/1468/1673
f 687/1474/1594 680/1406/1594 688/1405/1594
f 680/1406/1594 687/1474/1594 679/1417/1594
f 686/1475/1594 679/1417/1594 687/1474/1594
f 679/1417/1674 686/1475/1674 678/1423/1674
f 685/1476/1674 678/1423/1674 686/1475/1674
f 685/1476/1674 684/1469/1674 678/1423/1674
f 677/1424/1674 678/1423/1674 684/1469/1674
f 684/1469/1675 683/1470/1675 677/1424/1675
f 676/1472/1676 677/1424/1676 683/1470/1676
f 677/1424/1671 676/1472/1671 654/1430/1671
f 688/1405/1677 691/1396/1677 699/1397/1677
f 697/1477/1678 688/1405/1678 699/1397/1678
f 687/1474/1679 688/1405/1679 697/1477/1679
f 696/1478/1679 687/1474/1679 697/1477/1679
f 696/1478/1680 686/1475/1680 687/1474/1680
f 695/1479/1680 686/1475/1680 696/1478/1680
f 695/1479/1681 694/1480/1681 686/1475/1681
f 685/1476/1681 686/1475/1681 694/1480/1681
f 694/1480/1682 693/1467/1682 685/1476/1682
f 684/1469/1682 685/1476/1682 693/1467/1682
f 1713/1481/1683 1712/1221/1683 1566/1218/1683
f 1617/1482/1347 1630/1264/1347 1619/1263/1347
f 1630/1264/1347 1617/1482/1347 1629/1483/1347
f 1615/1484/1347 1629/1483/1347 1617/1482/1347
f 1615/1484/1347 1611/1485/1347 1629/1483/1347
f 1628/1486/1347 1629/1483/1347 1611/1485/1347
f 1629/1483/1684 1628/1486/1684 1637/1487/1684
f 1629/1483/1685 1637/1487/1685 1638/1266/1685
f 1638/1266/1686 1637/1487/1686 1686/1268/1686
f 1630/1264/1687 1629/1483/1687 1638/1266/1687
f 1613/1488/1688 1611/1485/1688 1612/1489/1688
f 1613/1488/1347 1627/1490/1347 1611/1485/1347
f 1628/1486/1347 1611/1485/1347 1627/1490/1347
f 1628/1486/1689 1627/1490/1689 1635/1491/1689
f 1647/1492/1690 1628/1486/1690 1635/1491/1690
f 1647/1492/1691 1637/1487/1691 1628/1486/1691
f 1637/1487/1692 1647/1492/1692 1684/1493/1692
f 1684/1493/1693 1686/1268/1693 1637/1487/1693
f 1691/1258/1694 1686/1268/1694 1684/1493/1694
f 1686/1268/1695 1691/1258/1695 1690/1257/1695
f 1636/1494/1696 1635/1491/1696 1627/1490/1696
f 1621/1495/1697 1623/1496/1697 1622/1497/1697
f 1622/1497/1698 1620/1498/1698 1621/1495/1698
f 1619/1263/1698 1621/1495/1698 1620/1498/1698
f 1620/1498/1699 1618/1499/1699 1619/1263/1699
f 1617/1482/1699 1619/1263/1699 1618/1499/1699
f 1618/1499/1700 1616/1500/1700 1617/1482/1700
f 1615/1484/1700 1617/1482/1700 1616/1500/1700
f 1616/1500/1701 1614/1501/1701 1615/1484/1701
f 1611/1485/1701 1615/1484/1701 1614/1501/1701
f 1614/1501/1688 1612/1489/1688 1611/1485/1688
f 1623/1496/1347 1621/1495/1347 1633/1502/1347
f 1102/1314/1535 1049/1321/1535 1050/1503/1535
f 1102/1314/1702 1050/1503/1702 1103/1504/1702
f 1051/1505/1702 1103/1504/1702 1050/1503/1702
f 1051/1505/1703 1642/1506/1703 1103/1504/1703
f 1642/1506/1704 1051/1505/1704 1634/1507/1704
f 1634/1507/1705 1633/1502/1705 1642/1506/1705
f 1634/1507/1347 1625/1508/1347 1633/1502/1347
f 1623/1496/1347 1633/1502/1347 1625/1508/1347
f 1623/1496/1706 1625/1508/1706 1624/1509/1706
f 1624/1509/1697 1622/1497/1697 1623/1496/1697
f 1626/1510/1706 1624/1509/1706 1625/1508/1706
f 1110/1288/1707 1102/1314/1707 1111/1283/1707
f 1103/1504/1707 1111/1283/1707 1102/1314/1707
f 1103/1504/1497 1689/1284/1497 1111/1283/1497
f 1689/1284/1703 1103/1504/1703 1642/1506/1703
f 1642/1506/1498 1641/1272/1498 1689/1284/1498
f 1641/1272/1705 1642/1506/1705 1633/1502/1705
f 1633/1502/1481 1632/1273/1481 1641/1272/1481
f 1632/1273/1347 1633/1502/1347 1621/1495/1347
f 1621/1495/1347 1619/1263/1347 1632/1273/1347
f 1631/1262/1347 1632/1273/1347 1619/1263/1347
f 1655/1511/1708 1504/1512/1708 1509/1513/1708
f 1509/1513/1709 1663/1514/1709 1655/1511/1709
f 1663/1514/1710 1509/1513/1710 1515/1515/1710
f 1515/1515/1711 1665/1516/1711 1663/1514/1711
f 1665/1516/1712 1515/1515/1712 1518/1517/1712
f 1499/1518/1713 1504/1512/1713 1491/1519/1713
f 1499/1518/1714 1505/1520/1714 1504/1512/1714
f 1504/1512/1715 1505/1520/1715 1509/1513/1715
f 1514/1521/1716 1509/1513/1716 1505/1520/1716
f 1509/1513/1717 1514/1521/1717 1515/1515/1717
f 1516/1522/1718 1515/1515/1718 1514/1521/1718
f 1515/1515/1719 1516/1522/1719 1518/1517/1719
f 1516/1522/1720 1520/1523/1720 1518/1517/1720
f 1520/1523/1721 1604/1524/1721 1518/1517/1721
f 1604/1524/1722 1668/1525/1722 1518/1517/1722
f 1514/1521/1723 1505/1520/1723 1510/1526/1723
f 1514/1521/1724 1510/1526/1724 1517/1527/1724
f 1517/1527/1725 1516/1522/1725 1514/1521/1725
f 1517/1527/1726 1521/1528/1726 1516/1522/1726
f 1521/1528/1727 1520/1523/1727 1516/1522/1727
f 1605/1529/1728 1671/1530/1728 1604/1524/1728
f 1604/1524/1729 1524/1531/1729 1605/1529/1729
f 1520/1523/1730 1524/1531/1730 1604/1524/1730
f 1524/1531/1731 1520/1523/1731 1523/1532/1731
f 1521/1528/1731 1523/1532/1731 1520/1523/1731
f 1521/1528/1732 1525/1533/1732 1523/1532/1732
f 1522/1534/1733 1525/1533/1733 1521/1528/1733
f 1522/1534/1734 1521/1528/1734 1519/1535/1734
f 1517/1527/1735 1519/1535/1735 1521/1528/1735
f 1519/1535/1736 1517/1527/1736 1512/1536/1736
f 1510/1526/1737 1512/1536/1737 1517/1527/1737
f 1512/1536/1738 1510/1526/1738 1511/1537/1738
f 1506/1538/1739 1511/1537/1739 1510/1526/1739
f 1505/1520/1740 1506/1538/1740 1510/1526/1740
f 1500/1539/1741 1506/1538/1741 1505/1520/1741
f 1505/1520/1742 1499/1518/1742 1500/1539/1742
f 1500/1539/1743 1499/1518/1743 1495/1540/1743
f 1491/1519/1744 1495/1540/1744 1499/1518/1744
f 1495/1540/1745 1491/1519/1745 1490/1541/1745
f 1492/1542/1746 1490/1541/1746 1491/1519/1746
f 1493/1543/1747 1495/1540/1747 1490/1541/1747
f 1492/1542/1748 1491/1519/1748 1504/1512/1748
f 1495/1540/1749 1493/1543/1749 1494/1544/1749
f 1501/1545/1750 1495/1540/1750 1494/1544/1750
f 1501/1545/1751 1500/1539/1751 1495/1540/1751
f 1500/1539/1752 1501/1545/1752 1506/1538/1752
f 1507/1546/1753 1506/1538/1753 1501/1545/1753
f 1507/1546/1754 1511/1537/1754 1506/1538/1754
f 1513/1547/1755 1511/1537/1755 1507/1546/1755
f 1507/1546/1756 1508/1548/1756 1513/1547/1756
f 1508/1548/1757 1507/1546/1757 1502/1549/1757
f 1508/1548/1758 1502/1549/1758 1503/1550/1758
f 1502/1549/1759 1497/1551/1759 1503/1550/1759
f 1503/1550/1760 1497/1551/1760 1498/1552/1760
f 1498/1552/1761 1497/1551/1761 1493/1543/1761
f 1497/1551/1762 1494/1544/1762 1493/1543/1762
f 1502/1549/1763 1494/1544/1763 1497/1551/1763
f 1502/1549/1764 1501/1545/1764 1494/1544/1764
f 1507/1546/1765 1501/1545/1765 1502/1549/1765
f 1654/1553/1766 1653/1554/1766 1658/1555/1766
f 1648/1556/1767 1653/1554/1767 1654/1553/1767
f 1649/1557/1768 1648/1556/1768 1654/1553/1768
f 1649/1557/1761 1644/1558/1761 1648/1556/1761
f 1648/1556/1769 1644/1558/1769 1646/1559/1769
f 1646/1559/1770 1644/1558/1770 1645/1560/1770
f 1652/1561/1771 1646/1559/1771 1645/1560/1771
f 1645/1560/1772 1651/1562/1772 1652/1561/1772
f 1651/1562/1773 1645/1560/1773 1650/1563/1773
f 1643/1564/1774 1650/1563/1774 1645/1560/1774
f 1643/1564/1775 1645/1560/1775 1490/1541/1775
f 1644/1558/1776 1490/1541/1776 1645/1560/1776
f 1646/1559/1777 1652/1561/1777 1653/1554/1777
f 1653/1554/1778 1648/1556/1778 1646/1559/1778
f 1643/1564/1779 1490/1541/1779 1492/1542/1779
f 1492/1542/1780 1504/1512/1780 1643/1564/1780
f 1650/1563/1781 1643/1564/1781 1504/1512/1781
f 1650/1563/1782 1504/1512/1782 1655/1511/1782
f 1651/1562/1783 1650/1563/1783 1655/1511/1783
f 1656/1565/1784 1651/1562/1784 1655/1511/1784
f 1651/1562/1785 1656/1565/1785 1652/1561/1785
f 1652/1561/1786 1656/1565/1786 1657/1566/1786
f 1657/1566/1787 1653/1554/1787 1652/1561/1787
f 1653/1554/1788 1657/1566/1788 1658/1555/1788
f 1518/1517/1789 1668/1525/1789 1665/1516/1789
f 1668/1525/1790 1667/1567/1790 1665/1516/1790
f 1665/1516/1791 1667/1567/1791 1664/1568/1791
f 1665/1516/1792 1664/1568/1792 1663/1514/1792
f 1663/1514/1793 1664/1568/1793 1661/1569/1793
f 1661/1569/1794 1655/1511/1794 1663/1514/1794
f 1655/1511/1795 1661/1569/1795 1656/1565/1795
f 1661/1569/1796 1660/1570/1796 1656/1565/1796
f 1657/1566/1797 1656/1565/1797 1660/1570/1797
f 1662/1571/1798 1657/1566/1798 1660/1570/1798
f 1658/1555/1799 1657/1566/1799 1662/1571/1799
f 1661/1569/1800 1659/1572/1800 1660/1570/1800
f 1661/1569/1801 1664/1568/1801 1659/1572/1801
f 1666/1573/1802 1659/1572/1802 1664/1568/1802
f 1664/1568/1803 1667/1567/1803 1666/1573/1803
f 1669/1574/1804 1666/1573/1804 1667/1567/1804
f 1669/1574/1805 1667/1567/1805 1672/1575/1805
f 1670/1576/1806 1672/1575/1806 1667/1567/1806
f 1668/1525/1807 1670/1576/1807 1667/1567/1807
f 1671/1530/1807 1670/1576/1807 1668/1525/1807
f 1604/1524/1808 1671/1530/1808 1668/1525/1808
f 1545/1577/1809 1543/1578/1809 1544/1579/1809
f 1539/1580/1810 1543/1578/1810 1545/1577/1810
f 1537/1581/1811 1539/1580/1811 1545/1577/1811
f 1485/1582/1812 1539/1580/1812 1537/1581/1812
f 1537/1581/1813 1496/1583/1813 1485/1582/1813
f 1496/1583/1814 1474/1584/1814 1485/1582/1814
f 1482/1585/1815 1474/1584/1815 1496/1583/1815
f 1482/1585/1816 1475/1586/1816 1474/1584/1816
f 1459/1587/1347 1474/1584/1347 1475/1586/1347
f 1475/1586/1817 1482/1585/1817 1483/1588/1817
f 1539/1580/1818 1546/1589/1818 1543/1578/1818
f 1547/1590/1819 1538/1591/1819 1540/1592/1819
f 1547/1590/1819 1546/1589/1819 1538/1591/1819
f 1546/1589/1818 1539/1580/1818 1538/1591/1818
f 1484/1593/1820 1538/1591/1820 1539/1580/1820
f 1484/1593/1821 1539/1580/1821 1485/1582/1821
f 1476/1594/1822 1484/1593/1822 1485/1582/1822
f 1485/1582/1823 1474/1584/1823 1476/1594/1823
f 1458/1595/1347 1476/1594/1347 1474/1584/1347
f 1458/1595/1347 1474/1584/1347 1459/1587/1347
f 1460/1596/1824 1458/1595/1824 1459/1587/1824
f 1461/1597/1824 1458/1595/1824 1460/1596/1824
f 1461/1597/1825 1462/1598/1825 1458/1595/1825
f 1462/1598/1347 1476/1594/1347 1458/1595/1347
f 1462/1598/1347 1477/1599/1347 1476/1594/1347
f 1484/1593/1826 1476/1594/1826 1477/1599/1826
f 1477/1599/1827 1486/1600/1827 1484/1593/1827
f 1486/1600/1820 1538/1591/1820 1484/1593/1820
f 1486/1600/1828 1540/1592/1828 1538/1591/1828
f 1487/1601/1828 1540/1592/1828 1486/1600/1828
f 1478/1602/1829 1487/1601/1829 1486/1600/1829
f 1463/1603/1825 1462/1598/1825 1461/1597/1825
f 1463/1603/1830 1464/1604/1830 1462/1598/1830
f 1477/1599/1347 1462/1598/1347 1464/1604/1347
f 1464/1604/1347 1478/1602/1347 1477/1599/1347
f 1478/1602/1831 1486/1600/1831 1477/1599/1831
f 1465/1605/1830 1464/1604/1830 1463/1603/1830
f 1465/1605/1832 1466/1606/1832 1464/1604/1832
f 1478/1602/1347 1464/1604/1347 1466/1606/1347
f 1466/1606/1347 1468/1607/1347 1478/1602/1347
f 1467/1608/1833 1468/1607/1833 1466/1606/1833
f 1469/1609/1833 1468/1607/1833 1467/1608/1833
f 1467/1608/1832 1466/1606/1832 1465/1605/1832
f 1487/1601/1829 1478/1602/1829 1479/1610/1829
f 1479/1610/1347 1478/1602/1347 1468/1607/1347
f 1468/1607/1347 1470/1611/1347 1479/1610/1347
f 1469/1609/1834 1470/1611/1834 1468/1607/1834
f 1471/1612/1834 1470/1611/1834 1469/1609/1834
f 1473/1613/1835 1472/1614/1835 1471/1612/1835
f 1471/1612/1835 1472/1614/1835 1470/1611/1835
f 1470/1611/1347 1472/1614/1347 1480/1615/1347
f 1480/1615/1347 1479/1610/1347 1470/1611/1347
f 1488/1616/1836 1479/1610/1836 1480/1615/1836
f 1479/1610/1836 1488/1616/1836 1487/1601/1836
f 1488/1616/1837 1541/1617/1837 1487/1601/1837
f 1487/1601/1837 1541/1617/1837 1540/1592/1837
f 1548/1618/1838 1540/1592/1838 1541/1617/1838
f 1548/1618/1838 1547/1590/1838 1540/1592/1838
f 1548/1618/1839 1549/1619/1839 1554/1620/1839
f 1549/1619/1840 1548/1618/1840 1541/1617/1840
f 1549/1619/1840 1541/1617/1840 1542/1621/1840
f 1488/1616/1841 1542/1621/1841 1541/1617/1841
f 1489/1622/1841 1542/1621/1841 1488/1616/1841
f 1480/1615/1842 1489/1622/1842 1488/1616/1842
f 1489/1622/1842 1480/1615/1842 1481/1623/1842
f 1481/1623/1347 1480/1615/1347 1472/1614/1347
f 1472/1614/1347 1179/1624/1347 1481/1623/1347
f 1473/1613/1843 1179/1624/1843 1472/1614/1843
f 1180/1625/1844 1179/1624/1844 1473/1613/1844
f 1180/1625/1845 1178/1626/1845 1179/1624/1845
f 1555/1627/1846 1561/1628/1846 1554/1620/1846
f 1555/1627/1839 1554/1620/1839 1549/1619/1839
f 1549/1619/1847 1264/1629/1847 1555/1627/1847
f 1549/1619/1848 1542/1621/1848 1264/1629/1848
f 1256/1630/1848 1264/1629/1848 1542/1621/1848
f 1542/1621/1849 1489/1622/1849 1256/1630/1849
f 1198/1631/1849 1256/1630/1849 1489/1622/1849
f 1481/1623/1850 1198/1631/1850 1489/1622/1850
f 1198/1631/1850 1481/1623/1850 1189/1632/1850
f 1189/1632/1347 1481/1623/1347 1179/1624/1347
f 1254/1633/1851 1253/1634/1851 1262/1635/1851
f 1263/1636/1852 1254/1633/1852 1262/1635/1852
f 1255/1637/1852 1254/1633/1852 1263/1636/1852
f 1263/1636/1853 1264/1629/1853 1255/1637/1853
f 1256/1630/1853 1255/1637/1853 1264/1629/1853
f 1255/1637/1854 1256/1630/1854 1197/1638/1854
f 1198/1631/1854 1197/1638/1854 1256/1630/1854
f 1188/1639/1855 1197/1638/1855 1198/1631/1855
f 1189/1632/1855 1188/1639/1855 1198/1631/1855
f 1189/1632/1347 1177/1640/1347 1188/1639/1347
f 1184/1641/1856 1193/1642/1856 1194/1643/1856
f 1194/1643/1857 1193/1642/1857 1252/1644/1857
f 1194/1643/1858 1252/1644/1858 1253/1634/1858
f 1195/1645/1858 1194/1643/1858 1253/1634/1858
f 1195/1645/1859 1253/1634/1859 1254/1633/1859
f 1196/1646/1859 1195/1645/1859 1254/1633/1859
f 1196/1646/1860 1254/1633/1860 1255/1637/1860
f 1197/1638/1860 1196/1646/1860 1255/1637/1860
f 1187/1647/1861 1196/1646/1861 1197/1638/1861
f 1188/1639/1861 1187/1647/1861 1197/1638/1861
f 1185/1648/1862 1184/1641/1862 1194/1643/1862
f 1185/1648/1863 1194/1643/1863 1195/1645/1863
f 1186/1649/1863 1185/1648/1863 1195/1645/1863
f 1186/1649/1864 1195/1645/1864 1196/1646/1864
f 1187/1647/1864 1186/1649/1864 1196/1646/1864
f 1188/1639/1347 1177/1640/1347 1187/1647/1347
f 1175/1650/1347 1187/1647/1347 1177/1640/1347
f 1187/1647/1347 1175/1650/1347 1173/1651/1347
f 1173/1651/1347 1186/1649/1347 1187/1647/1347
f 1186/1649/1347 1173/1651/1347 1171/1652/1347
f 1171/1652/1347 1185/1648/1347 1186/1649/1347
f 1185/1648/1347 1171/1652/1347 1169/1653/1347
f 1169/1653/1347 1184/1641/1347 1185/1648/1347
f 1184/1641/1347 1169/1653/1347 1183/1654/1347
f 1193/1642/1865 1184/1641/1865 1183/1654/1865
f 1167/1655/1347 1183/1654/1347 1169/1653/1347
f 1189/1632/1347 1179/1624/1347 1177/1640/1347
f 1178/1626/1866 1177/1640/1866 1179/1624/1866
f 1178/1626/1867 1176/1656/1867 1177/1640/1867
f 1176/1656/1867 1175/1650/1867 1177/1640/1867
f 1176/1656/1868 1174/1657/1868 1175/1650/1868
f 1174/1657/1868 1173/1651/1868 1175/1650/1868
f 1174/1657/1869 1172/1658/1869 1173/1651/1869
f 1172/1658/1869 1171/1652/1869 1173/1651/1869
f 1172/1658/1870 1170/1659/1870 1171/1652/1870
f 1170/1659/1870 1169/1653/1870 1171/1652/1870
f 1170/1659/1871 1168/1660/1871 1169/1653/1871
f 1168/1660/1871 1167/1655/1871 1169/1653/1871
f 1168/1660/1872 1166/1661/1872 1167/1655/1872
f 1166/1661/1872 1163/1662/1872 1167/1655/1872
f 1166/1661/1873 1164/1663/1873 1163/1662/1873
f 1338/1664/1874 1337/1665/1874 1336/1666/1874
f 1335/1667/1874 1336/1666/1874 1337/1665/1874
f 1336/1666/1875 1335/1667/1875 1334/1668/1875
f 1333/1669/1875 1334/1668/1875 1335/1667/1875
f 1334/1668/1876 1333/1669/1876 1164/1663/1876
f 1165/1670/1876 1164/1663/1876 1333/1669/1876
f 1165/1670/1873 1163/1662/1873 1164/1663/1873
f 1165/1670/1347 1181/1671/1347 1163/1662/1347
f 1182/1672/1347 1163/1662/1347 1181/1671/1347
f 1182/1672/1877 1181/1671/1877 1190/1673/1877
f 1335/1667/1347 1348/1674/1347 1333/1669/1347
f 1335/1667/1347 1337/1665/1347 1348/1674/1347
f 1402/1675/1878 1365/1676/1878 1356/1677/1878
f 1365/1676/1879 1347/1678/1879 1356/1677/1879
f 1356/1677/1880 1347/1678/1880 1348/1674/1880
f 1347/1678/1347 1333/1669/1347 1348/1674/1347
f 1347/1678/1347 1181/1671/1347 1333/1669/1347
f 1165/1670/1347 1333/1669/1347 1181/1671/1347
f 1354/1679/1881 1347/1678/1881 1365/1676/1881
f 1347/1678/1882 1354/1679/1882 1181/1671/1882
f 1191/1680/1883 1181/1671/1883 1354/1679/1883
f 1191/1680/1884 1190/1673/1884 1181/1671/1884
f 1349/1681/1347 1337/1665/1347 1350/1682/1347
f 1349/1681/1347 1348/1674/1347 1337/1665/1347
f 1349/1681/1885 1355/1683/1885 1348/1674/1885
f 1348/1674/1886 1355/1683/1886 1356/1677/1886
f 1355/1683/1887 1404/1684/1887 1356/1677/1887
f 1402/1675/1888 1356/1677/1888 1404/1684/1888
f 1402/1675/1889 1404/1684/1889 1409/1685/1889
f 1404/1684/1890 1408/1686/1890 1409/1685/1890
f 1410/1687/1891 1409/1685/1891 1408/1686/1891
f 1410/1687/1892 1408/1686/1892 1415/1688/1892
f 1279/1689/1893 1410/1687/1893 1415/1688/1893
f 1279/1689/1894 1415/1688/1894 1422/1690/1894
f 1422/1690/1895 1281/1691/1895 1279/1689/1895
f 1280/1692/1896 1410/1687/1896 1279/1689/1896
f 1280/1692/1897 1279/1689/1897 1257/1693/1897
f 1272/1694/1898 1279/1689/1898 1281/1691/1898
f 1281/1691/1899 1308/1695/1899 1272/1694/1899
f 1281/1691/1900 1422/1690/1900 1308/1695/1900
f 1433/1696/1901 1308/1695/1901 1422/1690/1901
f 1422/1690/1902 1421/1697/1902 1433/1696/1902
f 1434/1698/1902 1433/1696/1902 1421/1697/1902
f 1421/1697/1903 1423/1699/1903 1434/1698/1903
f 1435/1700/1903 1434/1698/1903 1423/1699/1903
f 1423/1699/1904 1424/1701/1904 1435/1700/1904
f 1436/1702/1904 1435/1700/1904 1424/1701/1904
f 1444/1703/1905 1437/1704/1905 1438/1705/1905
f 1443/1706/1905 1437/1704/1905 1444/1703/1905
f 1443/1706/1905 1436/1702/1905 1437/1704/1905
f 1442/1707/1905 1436/1702/1905 1443/1706/1905
f 1436/1702/1906 1442/1707/1906 1435/1700/1906
f 1441/1708/1906 1435/1700/1906 1442/1707/1906
f 1441/1708/1906 1440/1709/1906 1435/1700/1906
f 1434/1698/1906 1435/1700/1906 1440/1709/1906
f 1440/1709/1907 1439/1710/1907 1434/1698/1907
f 1433/1696/1908 1434/1698/1908 1439/1710/1908
f 1433/1696/1909 1439/1710/1909 1308/1695/1909
f 1307/1711/1910 1308/1695/1910 1439/1710/1910
f 1445/1712/1911 1316/1713/1911 1439/1710/1911
f 1439/1710/1912 1440/1709/1912 1445/1712/1912
f 1446/1714/1912 1445/1712/1912 1440/1709/1912
f 1440/1709/1913 1441/1708/1913 1446/1714/1913
f 1447/1715/1913 1446/1714/1913 1441/1708/1913
f 1447/1715/1914 1441/1708/1914 1448/1716/1914
f 1442/1707/1914 1448/1716/1914 1441/1708/1914
f 1448/1716/1915 1442/1707/1915 1449/1717/1915
f 1443/1706/1915 1449/1717/1915 1442/1707/1915
f 1449/1717/1916 1443/1706/1916 1450/1718/1916
f 1444/1703/1916 1450/1718/1916 1443/1706/1916
f 1450/1718/1917 1444/1703/1917 858/1719/1917
f 850/1720/1917 858/1719/1917 1444/1703/1917
f 1444/1703/1905 1438/1705/1905 850/1720/1905
f 850/1720/1905 1438/1705/1905 841/1721/1905
f 1424/1701/1918 1425/1722/1918 1436/1702/1918
f 1437/1704/1918 1436/1702/1918 1425/1722/1918
f 1425/1722/1919 1426/1723/1919 1437/1704/1919
f 1438/1705/1919 1437/1704/1919 1426/1723/1919
f 1426/1723/1920 825/1724/1920 1438/1705/1920
f 841/1721/1921 1438/1705/1921 825/1724/1921
f 841/1721/1922 825/1724/1922 840/1725/1922
f 850/1720/1905 841/1721/1905 840/1725/1905
f 850/1720/1905 840/1725/1905 847/1726/1905
f 858/1719/1923 850/1720/1923 847/1726/1923
f 1425/1722/1924 1419/1727/1924 1426/1723/1924
f 1419/1727/1925 1418/1728/1925 1413/1729/1925
f 1419/1727/1926 1425/1722/1926 1418/1728/1926
f 1424/1701/1926 1418/1728/1926 1425/1722/1926
f 1412/1730/1927 1405/1731/1927 1413/1729/1927
f 1412/1730/1925 1413/1729/1925 1418/1728/1925
f 1418/1728/1928 1417/1732/1928 1412/1730/1928
f 1418/1728/1929 1424/1701/1929 1417/1732/1929
f 1423/1699/1929 1417/1732/1929 1424/1701/1929
f 1403/1733/1930 1357/1734/1930 1405/1731/1930
f 1405/1731/1931 1412/1730/1931 1403/1733/1931
f 1411/1735/1931 1403/1733/1931 1412/1730/1931
f 1411/1735/1928 1412/1730/1928 1417/1732/1928
f 1417/1732/1932 1416/1736/1932 1411/1735/1932
f 1417/1732/1933 1423/1699/1933 1416/1736/1933
f 1421/1697/1933 1416/1736/1933 1423/1699/1933
f 1422/1690/1934 1415/1688/1934 1421/1697/1934
f 1416/1736/1934 1421/1697/1934 1415/1688/1934
f 1416/1736/1892 1415/1688/1892 1408/1686/1892
f 1408/1686/1932 1411/1735/1932 1416/1736/1932
f 1408/1686/1935 1404/1684/1935 1411/1735/1935
f 1403/1733/1935 1411/1735/1935 1404/1684/1935
f 1404/1684/1936 1355/1683/1936 1403/1733/1936
f 1357/1734/1936 1403/1733/1936 1355/1683/1936
f 1349/1681/1937 1357/1734/1937 1355/1683/1937
f 1350/1682/1938 1357/1734/1938 1349/1681/1938
f 1420/1737/1939 811/1738/1939 818/1739/1939
f 1414/1740/1940 811/1738/1940 1420/1737/1940
f 1414/1740/1941 1407/1741/1941 811/1738/1941
f 1407/1741/1942 1414/1740/1942 1406/1742/1942
f 1406/1742/1943 1359/1743/1943 1407/1741/1943
f 1359/1743/1944 1406/1742/1944 1358/1744/1944
f 1358/1744/1945 1351/1745/1945 1359/1743/1945
f 1351/1745/1946 1358/1744/1946 1350/1682/1946
f 1339/1746/1347 1351/1745/1347 1350/1682/1347
f 1339/1746/1347 1350/1682/1347 1337/1665/1347
f 1352/1747/1945 1359/1743/1945 1351/1745/1945
f 1341/1748/1347 1351/1745/1347 1339/1746/1347
f 1341/1748/1347 1352/1747/1347 1351/1745/1347
f 1343/1749/1347 1352/1747/1347 1341/1748/1347
f 1343/1749/1347 1345/1750/1347 1352/1747/1347
f 732/1751/1947 733/1752/1947 1346/1753/1947
f 1345/1750/1947 1346/1753/1947 733/1752/1947
f 1346/1753/1948 1345/1750/1948 1344/1754/1948
f 1343/1749/1948 1344/1754/1948 1345/1750/1948
f 1344/1754/1949 1343/1749/1949 1342/1755/1949
f 1341/1748/1949 1342/1755/1949 1343/1749/1949
f 1342/1755/1950 1341/1748/1950 1340/1756/1950
f 1339/1746/1950 1340/1756/1950 1341/1748/1950
f 1340/1756/1951 1339/1746/1951 1338/1664/1951
f 1337/1665/1951 1338/1664/1951 1339/1746/1951
f 739/1757/1347 740/1758/1347 727/1759/1347
f 740/1758/1347 729/1760/1347 727/1759/1347
f 729/1760/1347 740/1758/1347 731/1761/1347
f 741/1762/1347 731/1761/1347 740/1758/1347
f 731/1761/1347 741/1762/1347 733/1752/1347
f 742/1763/1347 733/1752/1347 741/1762/1347
f 742/1763/1347 1345/1750/1347 733/1752/1347
f 1345/1750/1347 742/1763/1347 1353/1764/1347
f 1353/1764/1347 1352/1747/1347 1345/1750/1347
f 1353/1764/1952 1360/1765/1952 1352/1747/1952
f 751/1766/1953 803/1767/1953 1360/1765/1953
f 1360/1765/1954 1353/1764/1954 751/1766/1954
f 742/1763/1954 751/1766/1954 1353/1764/1954
f 751/1766/1955 742/1763/1955 741/1762/1955
f 751/1766/1955 741/1762/1955 750/1768/1955
f 750/1768/1956 741/1762/1956 740/1758/1956
f 750/1768/1956 740/1758/1956 749/1769/1956
f 749/1769/1957 740/1758/1957 739/1757/1957
f 749/1769/1957 739/1757/1957 748/1770/1957
f 801/1771/1958 749/1769/1958 748/1770/1958
f 801/1771/1958 748/1770/1958 800/1772/1958
f 802/1773/1959 749/1769/1959 801/1771/1959
f 802/1773/1959 750/1768/1959 749/1769/1959
f 802/1773/1960 803/1767/1960 750/1768/1960
f 751/1766/1960 750/1768/1960 803/1767/1960
f 814/1774/1961 807/1775/1961 813/1776/1961
f 807/1775/1962 814/1774/1962 808/1777/1962
f 808/1777/1963 798/1778/1963 807/1775/1963
f 798/1778/1963 808/1777/1963 800/1772/1963
f 800/1772/1964 747/1779/1964 798/1778/1964
f 800/1772/1964 748/1770/1964 747/1779/1964
f 738/1780/1965 747/1779/1965 748/1770/1965
f 748/1770/1965 739/1757/1965 738/1780/1965
f 738/1780/1347 739/1757/1347 725/1781/1347
f 739/1757/1347 727/1759/1347 725/1781/1347
f 813/1776/1966 805/1782/1966 812/1783/1966
f 805/1782/1961 813/1776/1961 807/1775/1961
f 807/1775/1967 799/1784/1967 805/1782/1967
f 807/1775/1967 798/1778/1967 799/1784/1967
f 798/1778/1968 746/1785/1968 799/1784/1968
f 798/1778/1968 747/1779/1968 746/1785/1968
f 737/1786/1969 746/1785/1969 747/1779/1969
f 747/1779/1970 738/1780/1970 737/1786/1970
f 738/1780/1347 723/1787/1347 737/1786/1347
f 738/1780/1347 725/1781/1347 723/1787/1347
f 746/1785/1971 737/1786/1971 736/1788/1971
f 737/1786/1347 723/1787/1347 721/1789/1347
f 737/1786/1347 721/1789/1347 736/1788/1347
f 736/1788/1347 721/1789/1347 718/1790/1347
f 736/1788/1347 718/1790/1347 734/1791/1347
f 745/1792/1972 736/1788/1972 734/1791/1972
f 736/1788/1973 745/1792/1973 746/1785/1973
f 799/1784/1974 746/1785/1974 745/1792/1974
f 734/1791/1347 719/1793/1347 735/1794/1347
f 734/1791/1347 718/1790/1347 719/1793/1347
f 718/1790/1975 717/1795/1975 719/1793/1975
f 718/1790/1975 716/1796/1975 717/1795/1975
f 721/1789/1976 716/1796/1976 718/1790/1976
f 721/1789/1976 720/1797/1976 716/1796/1976
f 723/1787/1977 720/1797/1977 721/1789/1977
f 723/1787/1977 722/1798/1977 720/1797/1977
f 735/1794/1978 743/1799/1978 744/1800/1978
f 744/1800/1979 734/1791/1979 735/1794/1979
f 756/1801/1980 734/1791/1980 744/1800/1980
f 745/1792/1981 734/1791/1981 756/1801/1981
f 745/1792/1982 756/1801/1982 797/1802/1982
f 745/1792/1983 797/1802/1983 799/1784/1983
f 804/1803/1984 799/1784/1984 797/1802/1984
f 805/1782/1985 799/1784/1985 804/1803/1985
f 805/1782/1986 804/1803/1986 806/1804/1986
f 806/1804/1966 812/1783/1966 805/1782/1966
f 806/1804/1987 826/1805/1987 827/1806/1987
f 812/1783/1988 806/1804/1988 827/1806/1988
f 827/1806/1989 820/1807/1989 812/1783/1989
f 820/1807/1990 827/1806/1990 828/1808/1990
f 828/1808/1991 848/1809/1991 820/1807/1991
f 842/1810/1992 851/1811/1992 843/1812/1992
f 851/1811/1993 842/1810/1993 857/1813/1993
f 849/1814/1994 857/1813/1994 842/1810/1994
f 849/1814/1995 842/1810/1995 848/1809/1995
f 835/1815/1995 848/1809/1995 842/1810/1995
f 835/1815/1996 820/1807/1996 848/1809/1996
f 820/1807/1997 835/1815/1997 819/1816/1997
f 819/1816/1998 812/1783/1998 820/1807/1998
f 812/1783/1998 819/1816/1998 813/1776/1998
f 821/1817/1999 813/1776/1999 819/1816/1999
f 819/1816/2000 836/1818/2000 821/1817/2000
f 836/1818/1997 819/1816/1997 835/1815/1997
f 835/1815/2001 842/1810/2001 836/1818/2001
f 843/1812/2002 836/1818/2002 842/1810/2002
f 836/1818/1674 843/1812/1674 837/1819/1674
f 844/1820/1674 837/1819/1674 843/1812/1674
f 844/1820/1674 845/1821/1674 837/1819/1674
f 845/1821/1674 838/1822/1674 837/1819/1674
f 845/1821/1905 846/1823/1905 838/1822/1905
f 846/1823/1905 839/1824/1905 838/1822/1905
f 837/1819/2000 821/1817/2000 836/1818/2000
f 821/1817/2003 837/1819/2003 822/1825/2003
f 838/1822/2003 822/1825/2003 837/1819/2003
f 822/1825/2004 838/1822/2004 823/1826/2004
f 839/1824/2004 823/1826/2004 838/1822/2004
f 823/1826/2005 839/1824/2005 824/1827/2005
f 847/1726/1905 839/1824/1905 846/1823/1905
f 847/1726/1905 840/1725/1905 839/1824/1905
f 840/1725/2005 824/1827/2005 839/1824/2005
f 824/1827/2006 840/1725/2006 825/1724/2006
f 813/1776/1999 821/1817/1999 814/1774/1999
f 822/1825/2007 814/1774/2007 821/1817/2007
f 814/1774/2007 822/1825/2007 815/1828/2007
f 823/1826/2008 815/1828/2008 822/1825/2008
f 815/1828/2008 823/1826/2008 816/1829/2008
f 824/1827/2009 816/1829/2009 823/1826/2009
f 816/1829/2009 824/1827/2009 817/1830/2009
f 824/1827/2010 825/1724/2010 817/1830/2010
f 818/1739/2011 817/1830/2011 825/1724/2011
f 818/1739/2012 825/1724/2012 1420/1737/2012
f 816/1829/2013 809/1831/2013 815/1828/2013
f 809/1831/2014 816/1829/2014 810/1832/2014
f 817/1830/2014 810/1832/2014 816/1829/2014
f 811/1738/2015 810/1832/2015 817/1830/2015
f 811/1738/2016 817/1830/2016 818/1739/2016
f 1359/1743/1952 1352/1747/1952 1360/1765/1952
f 1360/1765/1943 1407/1741/1943 1359/1743/1943
f 1407/1741/1953 1360/1765/1953 803/1767/1953
f 803/1767/1941 811/1738/1941 1407/1741/1941
f 803/1767/2017 802/1773/2017 811/1738/2017
f 810/1832/2017 811/1738/2017 802/1773/2017
f 801/1771/2018 810/1832/2018 802/1773/2018
f 810/1832/2018 801/1771/2018 809/1831/2018
f 800/1772/2019 809/1831/2019 801/1771/2019
f 809/1831/2019 800/1772/2019 808/1777/2019
f 808/1777/2013 815/1828/2013 809/1831/2013
f 815/1828/1962 808/1777/1962 814/1774/1962
f 1297/1833/2020 1275/1834/2020 1296/1835/2020
f 1275/1834/2021 1297/1833/2021 1276/1836/2021
f 1298/1837/2021 1276/1836/2021 1297/1833/2021
f 1276/1836/2022 1298/1837/2022 1277/1838/2022
f 1274/1839/2020 1296/1835/2020 1275/1834/2020
f 1296/1835/2023 1274/1839/2023 1295/1840/2023
f 1295/1840/1906 1302/1841/1906 1296/1835/1906
f 1303/1842/1906 1296/1835/1906 1302/1841/1906
f 1303/1842/1906 1304/1843/1906 1296/1835/1906
f 1297/1833/1906 1296/1835/1906 1304/1843/1906
f 1304/1843/2024 1305/1844/2024 1297/1833/2024
f 1298/1837/2024 1297/1833/2024 1305/1844/2024
f 1305/1844/2024 1306/1845/2024 1298/1837/2024
f 1299/1846/2024 1298/1837/2024 1306/1845/2024
f 1299/1846/2022 1277/1838/2022 1298/1837/2022
f 1277/1838/2025 1299/1846/2025 1278/1847/2025
f 1304/1843/2026 1303/1842/2026 1313/1848/2026
f 1303/1842/2026 1312/1849/2026 1313/1848/2026
f 1312/1849/2027 1303/1842/2027 1311/1850/2027
f 1302/1841/2027 1311/1850/2027 1303/1842/2027
f 1311/1850/2028 1302/1841/2028 1310/1851/2028
f 1301/1852/2028 1310/1851/2028 1302/1841/2028
f 1302/1841/2029 1295/1840/2029 1301/1852/2029
f 1294/1853/2030 1301/1852/2030 1295/1840/2030
f 1295/1840/2031 1273/1854/2031 1294/1853/2031
f 1273/1854/2023 1295/1840/2023 1274/1839/2023
f 1266/1855/2032 1258/1856/2032 1265/1857/2032
f 1266/1855/2033 1265/1857/2033 1273/1854/2033
f 1273/1854/2033 1265/1857/2033 1272/1694/2033
f 1272/1694/2031 1294/1853/2031 1273/1854/2031
f 1294/1853/2034 1272/1694/2034 1308/1695/2034
f 1294/1853/2035 1308/1695/2035 1301/1852/2035
f 1308/1695/2036 1307/1711/2036 1301/1852/2036
f 1301/1852/2037 1307/1711/2037 1310/1851/2037
f 1307/1711/2038 1316/1713/2038 1310/1851/2038
f 1307/1711/2039 1439/1710/2039 1316/1713/2039
f 1251/1858/2040 1258/1856/2040 1260/1859/2040
f 1270/1860/2041 1271/1861/2041 1264/1629/2041
f 1264/1629/2042 1263/1636/2042 1270/1860/2042
f 1270/1860/2043 1263/1636/2043 1269/1862/2043
f 1262/1635/2043 1269/1862/2043 1263/1636/2043
f 1269/1862/2044 1262/1635/2044 1268/1863/2044
f 1261/1864/2044 1268/1863/2044 1262/1635/2044
f 1268/1863/2045 1261/1864/2045 1267/1865/2045
f 1260/1859/2045 1267/1865/2045 1261/1864/2045
f 1267/1865/2046 1260/1859/2046 1266/1855/2046
f 1258/1856/2046 1266/1855/2046 1260/1859/2046
f 1274/1839/2047 1266/1855/2047 1273/1854/2047
f 1267/1865/2047 1266/1855/2047 1274/1839/2047
f 1275/1834/2048 1267/1865/2048 1274/1839/2048
f 1268/1863/2048 1267/1865/2048 1275/1834/2048
f 1276/1836/2049 1268/1863/2049 1275/1834/2049
f 1269/1862/2049 1268/1863/2049 1276/1836/2049
f 1277/1838/2050 1269/1862/2050 1276/1836/2050
f 1270/1860/2050 1269/1862/2050 1277/1838/2050
f 1277/1838/2051 1278/1847/2051 1270/1860/2051
f 1271/1861/2052 1270/1860/2052 1278/1847/2052
f 1586/1866/2053 1595/1867/2053 1594/1868/2053
f 1587/1869/2053 1595/1867/2053 1586/1866/2053
f 1587/1869/2054 1588/1870/2054 1595/1867/2054
f 1581/1871/2024 1588/1870/2024 1587/1869/2024
f 1588/1870/2024 1581/1871/2024 1582/1872/2024
f 1582/1872/2055 1581/1871/2055 1561/1628/2055
f 1561/1628/2056 1278/1847/2056 1582/1872/2056
f 1561/1628/2057 1555/1627/2057 1278/1847/2057
f 1271/1861/2058 1278/1847/2058 1555/1627/2058
f 1271/1861/2059 1555/1627/2059 1264/1629/2059
f 1586/1866/1454 1579/1873/1454 1580/1874/1454
f 1580/1874/2024 1587/1869/2024 1586/1866/2024
f 1587/1869/2024 1580/1874/2024 1581/1871/2024
f 1556/1875/2060 1557/1876/2060 1577/1877/2060
f 1578/1878/2060 1577/1877/2060 1557/1876/2060
f 1557/1876/2061 1558/1879/2061 1578/1878/2061
f 1579/1873/2061 1578/1878/2061 1558/1879/2061
f 1558/1879/2062 1559/1880/2062 1579/1873/2062
f 1580/1874/2062 1579/1873/2062 1559/1880/2062
f 1559/1880/2063 1560/1881/2063 1580/1874/2063
f 1581/1871/2063 1580/1874/2063 1560/1881/2063
f 1560/1881/2055 1561/1628/2055 1581/1871/2055
f 1561/1628/1846 1560/1881/1846 1554/1620/1846
f 1554/1620/2064 1560/1881/2064 1553/1882/2064
f 1560/1881/2064 1559/1880/2064 1553/1882/2064
f 1553/1882/2065 1559/1880/2065 1552/1883/2065
f 1559/1880/2065 1558/1879/2065 1552/1883/2065
f 1552/1883/2066 1558/1879/2066 1551/1884/2066
f 1558/1879/2066 1557/1876/2066 1551/1884/2066
f 1551/1884/2067 1557/1876/2067 1550/1885/2067
f 1557/1876/2067 1556/1875/2067 1550/1885/2067
f 1550/1885/2068 1556/1875/2068 1562/1886/2068
f 1556/1875/2069 1564/1887/2069 1562/1886/2069
f 1563/1888/2070 1544/1579/2070 1562/1886/2070
f 1550/1885/2071 1562/1886/2071 1544/1579/2071
f 1544/1579/2072 1543/1578/2072 1550/1885/2072
f 1551/1884/2072 1550/1885/2072 1543/1578/2072
f 1543/1578/2073 1546/1589/2073 1551/1884/2073
f 1552/1883/2073 1551/1884/2073 1546/1589/2073
f 1546/1589/2074 1547/1590/2074 1552/1883/2074
f 1553/1882/2074 1552/1883/2074 1547/1590/2074
f 1547/1590/2075 1548/1618/2075 1553/1882/2075
f 1554/1620/2075 1553/1882/2075 1548/1618/2075
f 1289/1889/2076 1288/1890/2076 1286/1891/2076
f 1289/1889/1177 1290/1892/1177 1288/1890/1177
f 1291/1893/1177 1290/1892/1177 1289/1889/1177
f 1292/1894/1177 1290/1892/1177 1291/1893/1177
f 1293/1895/1177 1292/1894/1177 1291/1893/1177
f 1428/1896/2077 1282/1897/2077 1427/1898/2077
f 1284/1899/2078 1427/1898/2078 1282/1897/2078
f 1284/1899/2079 1282/1897/2079 1283/1900/2079
f 1283/1900/2080 1286/1891/2080 1284/1899/2080
f 1287/1901/2081 1284/1899/2081 1286/1891/2081
f 1287/1901/2082 1286/1891/2082 1288/1890/2082
f 1287/1901/2083 1288/1890/2083 1429/1902/2083
f 1430/1903/2084 1429/1902/2084 1288/1890/2084
f 1290/1892/1177 1430/1903/1177 1288/1890/1177
f 1290/1892/1177 1431/1904/1177 1430/1903/1177
f 1292/1894/1177 1431/1904/1177 1290/1892/1177
f 1431/1904/1177 1292/1894/1177 1432/1905/1177
f 1427/1898/2085 1284/1899/2085 1429/1902/2085
f 1287/1901/2086 1429/1902/2086 1284/1899/2086
f 1590/1906/2087 1591/1907/2087 1597/1908/2087
f 1593/1909/2088 1592/1910/2088 1585/1911/2088
f 1584/1912/2088 1585/1911/2088 1592/1910/2088
f 1592/1910/2089 1591/1907/2089 1584/1912/2089
f 1583/1913/2089 1584/1912/2089 1591/1907/2089
f 1583/1913/2090 1591/1907/2090 1590/1906/2090
f 1590/1906/2091 1589/1914/2091 1583/1913/2091
f 1564/1887/2092 1556/1875/2092 1589/1914/2092
f 1577/1877/2093 1589/1914/2093 1556/1875/2093
f 1583/1913/2091 1589/1914/2091 1577/1877/2091
f 1577/1877/2094 1578/1878/2094 1583/1913/2094
f 1584/1912/2095 1583/1913/2095 1578/1878/2095
f 1578/1878/1454 1579/1873/1454 1584/1912/1454
f 1585/1911/1454 1584/1912/1454 1579/1873/1454
f 1579/1873/2024 1586/1866/2024 1585/1911/2024
f 1585/1911/2096 1586/1866/2096 1593/1909/2096
f 1594/1868/2096 1593/1909/2096 1586/1866/2096
f 1285/1915/2097 1283/1900/2097 1282/1897/2097
f 1167/1655/1347 1163/1662/1347 1183/1654/1347
f 1163/1662/1347 1182/1672/1347 1183/1654/1347
f 1192/1916/2098 1183/1654/2098 1182/1672/2098
f 1183/1654/2099 1192/1916/2099 1193/1642/2099
f 1193/1642/2100 1192/1916/2100 1251/1858/2100
f 1193/1642/1857 1251/1858/1857 1252/1644/1857
f 1252/1644/2040 1251/1858/2040 1260/1859/2040
f 1261/1864/2101 1252/1644/2101 1260/1859/2101
f 1253/1634/2101 1252/1644/2101 1261/1864/2101
f 1262/1635/1851 1253/1634/1851 1261/1864/1851
f 1205/1917/2102 1182/1672/2102 1190/1673/2102
f 1205/1917/2103 1192/1916/2103 1182/1672/2103
f 1192/1916/2104 1205/1917/2104 1250/1918/2104
f 1192/1916/2105 1250/1918/2105 1251/1858/2105
f 1259/1919/2106 1251/1858/2106 1250/1918/2106
f 1251/1858/2107 1259/1919/2107 1258/1856/2107
f 1259/1919/2108 1257/1693/2108 1258/1856/2108
f 1257/1693/2032 1265/1857/2032 1258/1856/2032
f 1265/1857/2109 1257/1693/2109 1279/1689/2109
f 1265/1857/2110 1279/1689/2110 1272/1694/2110
f 1221/1920/2111 1219/1921/2111 1220/1922/2111
f 1220/1922/2112 1226/1923/2112 1221/1920/2112
f 1228/1924/2113 1221/1920/2113 1226/1923/2113
f 1226/1923/2114 1230/1925/2114 1228/1924/2114
f 1231/1926/2115 1228/1924/2115 1230/1925/2115
f 1231/1926/2116 1230/1925/2116 1234/1927/2116
f 1230/1925/2117 1232/1928/2117 1234/1927/2117
f 1215/1929/2118 1222/1930/2118 1217/1931/2118
f 1222/1930/2119 1215/1929/2119 1219/1921/2119
f 1215/1929/2120 1216/1932/2120 1219/1921/2120
f 1216/1932/2121 1220/1922/2121 1219/1921/2121
f 1214/1933/2122 1220/1922/2122 1216/1932/2122
f 1220/1922/2123 1214/1933/2123 1223/1934/2123
f 1220/1922/2124 1223/1934/2124 1226/1923/2124
f 1226/1923/2125 1223/1934/2125 1225/1935/2125
f 1226/1923/2126 1225/1935/2126 1230/1925/2126
f 1230/1925/2127 1225/1935/2127 1229/1936/2127
f 1230/1925/2128 1229/1936/2128 1232/1928/2128
f 1233/1937/2128 1232/1928/2128 1229/1936/2128
f 1327/1938/2129 1328/1939/2129 1233/1937/2129
f 1229/1936/2130 1327/1938/2130 1233/1937/2130
f 1229/1936/2131 1227/1940/2131 1327/1938/2131
f 1225/1935/2132 1227/1940/2132 1229/1936/2132
f 1225/1935/2133 1224/1941/2133 1227/1940/2133
f 1223/1934/2134 1224/1941/2134 1225/1935/2134
f 1218/1942/2135 1224/1941/2135 1223/1934/2135
f 1214/1933/2136 1218/1942/2136 1223/1934/2136
f 1213/1943/2137 1218/1942/2137 1214/1933/2137
f 1208/1944/2138 1213/1943/2138 1214/1933/2138
f 1373/1945/2139 1368/1946/2139 1369/1947/2139
f 1368/1946/2140 1373/1945/2140 1213/1943/2140
f 1218/1942/2141 1213/1943/2141 1373/1945/2141
f 1218/1942/2142 1373/1945/2142 1381/1948/2142
f 1224/1941/2143 1218/1942/2143 1381/1948/2143
f 1224/1941/2144 1381/1948/2144 1383/1949/2144
f 1227/1940/2145 1224/1941/2145 1383/1949/2145
f 1373/1945/2146 1375/1950/2146 1379/1951/2146
f 1379/1951/2147 1381/1948/2147 1373/1945/2147
f 1381/1948/2148 1379/1951/2148 1382/1952/2148
f 1383/1949/2149 1381/1948/2149 1382/1952/2149
f 1383/1949/2150 1382/1952/2150 1385/1953/2150
f 1386/1954/2151 1383/1949/2151 1385/1953/2151
f 1227/1940/2152 1383/1949/2152 1386/1954/2152
f 1327/1938/2153 1227/1940/2153 1386/1954/2153
f 1379/1951/2154 1378/1955/2154 1382/1952/2154
f 1384/1956/2155 1382/1952/2155 1378/1955/2155
f 1382/1952/2156 1384/1956/2156 1385/1953/2156
f 1387/1957/2157 1385/1953/2157 1384/1956/2157
f 1387/1957/2158 1390/1958/2158 1385/1953/2158
f 1388/1959/2159 1385/1953/2159 1390/1958/2159
f 1385/1953/2160 1388/1959/2160 1386/1954/2160
f 1389/1960/2160 1386/1954/2160 1388/1959/2160
f 1386/1954/2161 1389/1960/2161 1327/1938/2161
f 1328/1939/2162 1327/1938/2162 1389/1960/2162
f 1372/1961/2163 1366/1962/2163 1367/1963/2163
f 1367/1963/2164 1366/1962/2164 1362/1964/2164
f 1366/1962/2165 1363/1965/2165 1362/1964/2165
f 1370/1966/2166 1363/1965/2166 1366/1962/2166
f 1363/1965/2167 1370/1966/2167 1371/1967/2167
f 1374/1968/2168 1371/1967/2168 1370/1966/2168
f 1371/1967/2169 1374/1968/2169 1375/1950/2169
f 1374/1968/2170 1377/1969/2170 1375/1950/2170
f 1375/1950/2171 1377/1969/2171 1379/1951/2171
f 1379/1951/2172 1377/1969/2172 1378/1955/2172
f 1380/1970/2173 1377/1969/2173 1374/1968/2173
f 1380/1970/2174 1374/1968/2174 1376/1971/2174
f 1370/1966/2175 1376/1971/2175 1374/1968/2175
f 1376/1971/2176 1370/1966/2176 1372/1961/2176
f 1366/1962/2177 1372/1961/2177 1370/1966/2177
f 1200/1972/2178 1199/1973/2178 1361/1974/2178
f 1201/1975/2179 1199/1973/2179 1200/1972/2179
f 1200/1972/2180 1213/1943/2180 1201/1975/2180
f 1200/1972/2181 1361/1974/2181 1213/1943/2181
f 1368/1946/2182 1213/1943/2182 1361/1974/2182
f 1361/1974/2183 1364/1976/2183 1368/1946/2183
f 1369/1947/2184 1368/1946/2184 1364/1976/2184
f 1364/1976/2185 1371/1967/2185 1369/1947/2185
f 1369/1947/2186 1371/1967/2186 1375/1950/2186
f 1375/1950/2187 1373/1945/2187 1369/1947/2187
f 1371/1967/2188 1364/1976/2188 1363/1965/2188
f 1364/1976/2189 1362/1964/2189 1363/1965/2189
f 1362/1964/2190 1364/1976/2190 1199/1973/2190
f 1361/1974/2191 1199/1973/2191 1364/1976/2191
f 1208/1944/2192 1201/1975/2192 1213/1943/2192
f 1201/1975/2193 1208/1944/2193 1203/1977/2193
f 1201/1975/2194 1203/1977/2194 1199/1973/2194
f 1202/1978/2195 1199/1973/2195 1203/1977/2195
f 1204/1979/2196 1202/1978/2196 1203/1977/2196
f 1206/1980/2197 1202/1978/2197 1204/1979/2197
f 1210/1981/2198 1206/1980/2198 1204/1979/2198
f 1212/1982/2199 1206/1980/2199 1210/1981/2199
f 1217/1931/2200 1212/1982/2200 1210/1981/2200
f 1217/1931/2201 1210/1981/2201 1215/1929/2201
f 1207/1983/2164 1202/1978/2164 1206/1980/2164
f 1212/1982/2202 1207/1983/2202 1206/1980/2202
f 1209/1984/2203 1203/1977/2203 1208/1944/2203
f 1209/1984/2204 1208/1944/2204 1214/1933/2204
f 1209/1984/2205 1214/1933/2205 1216/1932/2205
f 1209/1984/2206 1216/1932/2206 1211/1985/2206
f 1215/1929/2207 1211/1985/2207 1216/1932/2207
f 1211/1985/2208 1215/1929/2208 1210/1981/2208
f 1210/1981/2209 1204/1979/2209 1211/1985/2209
f 1211/1985/2210 1204/1979/2210 1203/1977/2210
f 1211/1985/2211 1203/1977/2211 1209/1984/2211
f 980/1986/2212 978/1987/2212 979/1988/2212
f 975/1989/2213 979/1988/2213 978/1987/2213
f 983/1990/1177 985/1991/1177 986/1992/1177
f 984/1993/1177 983/1990/1177 986/1992/1177
f 982/1994/1177 983/1990/1177 984/1993/1177
f 981/1995/1177 982/1994/1177 984/1993/1177
f 982/1994/2214 981/1995/2214 979/1988/2214
f 980/1986/2215 979/1988/2215 981/1995/2215
f 980/1986/2216 981/1995/2216 1128/1996/2216
f 980/1986/2217 1128/1996/2217 978/1987/2217
f 1126/1997/2218 978/1987/2218 1128/1996/2218
f 978/1987/2219 1126/1997/2219 976/1998/2219
f 978/1987/2220 976/1998/2220 975/1989/2220
f 977/1999/2221 975/1989/2221 976/1998/2221
f 1127/2000/2222 976/1998/2222 1126/1997/2222
f 1129/2001/2223 1128/1996/2223 981/1995/2223
f 981/1995/1177 984/1993/1177 1129/2001/1177
f 1130/2002/1177 1129/2001/1177 984/1993/1177
f 984/1993/1177 986/1992/1177 1130/2002/1177
f 1131/2003/1177 1130/2002/1177 986/1992/1177
f 1150/2004/2224 1142/2005/2224 1143/2006/2224
f 1151/2007/2225 1150/2004/2225 1143/2006/2225
f 1151/2007/2225 1143/2006/2225 1144/2008/2225
f 1152/2009/2226 1151/2007/2226 1144/2008/2226
f 1152/2009/2227 1144/2008/2227 1145/1244/2227
f 1152/2009/2228 1145/1244/2228 1737/1242/2228
f 1136/2010/1459 1144/2008/1459 1143/2006/1459
f 1137/2011/1459 1144/2008/1459 1136/2010/1459
f 1137/2011/1459 1145/1244/1459 1144/2008/1459
f 1138/2012/1459 1145/1244/1459 1137/2011/1459
f 1729/1243/1459 1145/1244/1459 1723/1247/1459
f 1138/2012/1459 1723/1247/1459 1145/1244/1459
f 1138/2012/2229 1125/1285/2229 1723/1247/2229
f 1138/2012/2230 1137/2011/2230 1125/1285/2230
f 1124/1292/2231 1125/1285/2231 1137/2011/2231
f 1137/2011/2232 1136/2010/2232 1124/1292/2232
f 1123/1293/2232 1124/1292/2232 1136/2010/2232
f 1136/2010/2233 1135/2013/2233 1123/1293/2233
f 1122/1294/2233 1123/1293/2233 1135/2013/2233
f 1135/2013/2234 1134/2014/2234 1122/1294/2234
f 999/1374/2235 1139/2015/2235 1000/1376/2235
f 1139/2015/2236 999/1374/2236 1132/2016/2236
f 1132/2016/2237 1133/2017/2237 1139/2015/2237
f 1140/2018/2238 1139/2015/2238 1133/2017/2238
f 1133/2017/1593 1134/2014/1593 1140/2018/1593
f 1141/2019/1593 1140/2018/1593 1134/2014/1593
f 1134/2014/1593 1142/2005/1593 1141/2019/1593
f 1135/2013/1593 1142/2005/1593 1134/2014/1593
f 1135/2013/1459 1143/2006/1459 1142/2005/1459
f 1136/2010/1459 1143/2006/1459 1135/2013/1459
f 1007/2020/2239 1001/1377/2239 1000/1376/2239
f 1000/1376/2240 1139/2015/2240 1007/2020/2240
f 1146/2021/2241 1007/2020/2241 1139/2015/2241
f 1139/2015/2242 1140/2018/2242 1146/2021/2242
f 1147/2022/2242 1146/2021/2242 1140/2018/2242
f 1140/2018/2243 1141/2019/2243 1147/2022/2243
f 1148/2023/2243 1147/2022/2243 1141/2019/2243
f 1141/2019/2244 1142/2005/2244 1148/2023/2244
f 1149/2024/2244 1148/2023/2244 1142/2005/2244
f 1142/2005/2224 1150/2004/2224 1149/2024/2224
f 1054/2025/2245 1058/2026/2245 1061/2027/2245
f 1062/2028/2246 1054/2025/2246 1061/2027/2246
f 1062/2028/2247 1061/2027/2247 1065/2029/2247
f 1062/2028/2248 1065/2029/2248 1066/2030/2248
f 1066/2030/2249 1065/2029/2249 1068/2031/2249
f 1068/2031/2250 1065/2029/2250 1071/2032/2250
f 1067/2033/2251 1071/2032/2251 1065/2029/2251
f 1065/2029/2252 1061/2027/2252 1067/2033/2252
f 1063/2034/2253 1067/2033/2253 1061/2027/2253
f 1061/2027/2254 1058/2026/2254 1063/2034/2254
f 1058/2026/2255 1057/2035/2255 1063/2034/2255
f 1053/2036/2256 1057/2035/2256 1058/2026/2256
f 1058/2026/2257 1054/2025/2257 1053/2036/2257
f 1055/2037/2258 1053/2036/2258 1054/2025/2258
f 1055/2037/2259 1054/2025/2259 1062/2028/2259
f 1060/2038/2260 1055/2037/2260 1062/2028/2260
f 1066/2030/2261 1060/2038/2261 1062/2028/2261
f 1060/2038/2262 1066/2030/2262 1064/2039/2262
f 1064/2039/2263 1066/2030/2263 1069/2040/2263
f 1069/2040/2264 1072/2041/2264 1064/2039/2264
f 1072/2041/2265 1069/2040/2265 1073/2042/2265
f 1073/2042/2266 1074/2043/2266 1072/2041/2266
f 1074/2043/2267 1073/2042/2267 1076/2044/2267
f 1081/2045/2268 1079/2046/2268 1076/2044/2268
f 1081/2045/2269 1076/2044/2269 1078/2047/2269
f 1078/2047/2115 1076/2044/2115 1075/2048/2115
f 1073/2042/2270 1075/2048/2270 1076/2044/2270
f 1075/2048/2271 1073/2042/2271 1070/2049/2271
f 1069/2040/2272 1070/2049/2272 1073/2042/2272
f 1070/2049/2273 1069/2040/2273 1068/2031/2273
f 1066/2030/2274 1068/2031/2274 1069/2040/2274
f 1076/2044/2275 1077/2050/2275 1074/2043/2275
f 1079/2046/2276 1077/2050/2276 1076/2044/2276
f 1077/2050/2276 1079/2046/2276 1080/2051/2276
f 1080/2051/2277 1014/2052/2277 1077/2050/2277
f 1014/2052/2278 1080/2051/2278 1015/2053/2278
f 934/2054/2279 1014/2052/2279 1015/2053/2279
f 934/2054/2280 931/2055/2280 1014/2052/2280
f 933/2056/2281 931/2055/2281 934/2054/2281
f 933/2056/2281 930/2057/2281 931/2055/2281
f 933/2056/2282 935/2058/2282 930/2057/2282
f 1064/2039/2283 919/2059/2283 914/2060/2283
f 1072/2041/2284 919/2059/2284 1064/2039/2284
f 919/2059/2285 1072/2041/2285 925/2061/2285
f 925/2061/2286 1072/2041/2286 1074/2043/2286
f 1074/2043/2287 928/2062/2287 925/2061/2287
f 928/2062/2288 1074/2043/2288 1077/2050/2288
f 1077/2050/2289 1014/2052/2289 928/2062/2289
f 931/2055/2290 928/2062/2290 1014/2052/2290
f 928/2062/2291 931/2055/2291 927/2063/2291
f 930/2057/2292 927/2063/2292 931/2055/2292
f 902/2064/2293 909/2065/2293 904/2066/2293
f 910/2067/2294 904/2066/2294 909/2065/2294
f 910/2067/2295 909/2065/2295 915/2068/2295
f 914/2060/2296 915/2068/2296 909/2065/2296
f 915/2068/2297 914/2060/2297 919/2059/2297
f 924/2069/2298 915/2068/2298 919/2059/2298
f 924/2069/2299 919/2059/2299 925/2061/2299
f 925/2061/2300 927/2063/2300 924/2069/2300
f 927/2063/2301 925/2061/2301 928/2062/2301
f 909/2065/2302 902/2064/2302 914/2060/2302
f 927/2063/2303 930/2057/2303 926/2070/2303
f 926/2070/2304 924/2069/2304 927/2063/2304
f 924/2069/2305 926/2070/2305 920/2071/2305
f 920/2071/2306 915/2068/2306 924/2069/2306
f 915/2068/2307 920/2071/2307 916/2072/2307
f 916/2072/2308 910/2067/2308 915/2068/2308
f 916/2072/2309 911/2073/2309 910/2067/2309
f 904/2066/2310 910/2067/2310 911/2073/2310
f 905/2074/2311 904/2066/2311 911/2073/2311
f 905/2074/2312 903/2075/2312 904/2066/2312
f 930/2057/2313 935/2058/2313 932/2076/2313
f 932/2076/2157 929/2077/2157 930/2057/2157
f 926/2070/2314 930/2057/2314 929/2077/2314
f 929/2077/2315 922/2078/2315 926/2070/2315
f 920/2071/2316 926/2070/2316 922/2078/2316
f 920/2071/2317 922/2078/2317 921/2079/2317
f 921/2079/2318 916/2072/2318 920/2071/2318
f 916/2072/2319 921/2079/2319 917/2080/2319
f 911/2073/2320 916/2072/2320 917/2080/2320
f 912/2081/2321 911/2073/2321 917/2080/2321
f 905/2074/2322 911/2073/2322 912/2081/2322
f 907/2082/2323 905/2074/2323 912/2081/2323
f 907/2082/2324 903/2075/2324 905/2074/2324
f 903/2075/2256 907/2082/2256 908/2083/2256
f 908/2083/2325 907/2082/2325 913/2084/2325
f 907/2082/2326 912/2081/2326 913/2084/2326
f 913/2084/2327 912/2081/2327 918/2085/2327
f 912/2081/2328 917/2080/2328 918/2085/2328
f 918/2085/2329 917/2080/2329 923/2086/2329
f 921/2079/2330 923/2086/2330 917/2080/2330
f 900/2087/2331 904/2066/2331 903/2075/2331
f 904/2066/2332 900/2087/2332 902/2064/2332
f 902/2064/2333 900/2087/2333 901/2088/2333
f 901/2088/2334 914/2060/2334 902/2064/2334
f 901/2088/2335 1052/2089/2335 914/2060/2335
f 1059/2090/2336 914/2060/2336 1052/2089/2336
f 1052/2089/2337 1055/2037/2337 1059/2090/2337
f 1060/2038/2338 1059/2090/2338 1055/2037/2338
f 1064/2039/2339 1059/2090/2339 1060/2038/2339
f 1064/2039/2340 914/2060/2340 1059/2090/2340
f 900/2087/2341 1053/2036/2341 1055/2037/2341
f 1055/2037/2342 1052/2089/2342 900/2087/2342
f 901/2088/2343 900/2087/2343 1052/2089/2343
f 832/2091/2344 670/2092/2344 831/2093/2344
f 672/2094/1177 670/2092/1177 832/2091/1177
f 672/2094/1177 832/2091/1177 833/2095/1177
f 674/2096/1177 672/2094/1177 833/2095/1177
f 833/2095/1177 834/2097/1177 674/2096/1177
f 675/2098/1177 673/2099/1177 674/2096/1177
f 674/2096/1177 673/2099/1177 672/2094/1177
f 673/2099/1177 671/2100/1177 672/2094/1177
f 671/2100/1177 670/2092/1177 672/2094/1177
f 671/2100/2345 668/2101/2345 670/2092/2345
f 669/2102/2346 670/2092/2346 668/2101/2346
f 669/2102/2347 831/2093/2347 670/2092/2347
f 669/2102/2348 667/2103/2348 831/2093/2348
f 829/2104/2349 831/2093/2349 667/2103/2349
f 667/2103/2350 664/2105/2350 829/2104/2350
f 667/2103/2351 665/2106/2351 664/2105/2351
f 666/2107/2352 664/2105/2352 665/2106/2352
f 669/2102/2353 668/2101/2353 667/2103/2353
f 665/2106/2354 667/2103/2354 668/2101/2354
f 830/2108/2355 829/2104/2355 664/2105/2355
f 755/2109/2356 761/2110/2356 758/2111/2356
f 761/2110/2357 755/2109/2357 762/2112/2357
f 763/2113/2358 761/2110/2358 767/2114/2358
f 761/2110/2359 763/2113/2359 758/2111/2359
f 758/2111/2360 763/2113/2360 757/2115/2360
f 758/2111/2361 757/2115/2361 753/2116/2361
f 758/2111/2362 753/2116/2362 755/2109/2362
f 755/2109/2363 753/2116/2363 754/2117/2363
f 754/2117/2364 762/2112/2364 755/2109/2364
f 762/2112/2365 754/2117/2365 760/2118/2365
f 760/2118/2366 754/2117/2366 759/2119/2366
f 752/2120/2367 759/2119/2367 754/2117/2367
f 754/2117/2368 581/2121/2368 752/2120/2368
f 581/2121/2369 754/2117/2369 753/2116/2369
f 752/2120/2370 581/2121/2370 583/2122/2370
f 583/2122/2371 595/2123/2371 752/2120/2371
f 759/2119/2372 752/2120/2372 595/2123/2372
f 759/2119/2373 595/2123/2373 764/2124/2373
f 760/2118/2374 759/2119/2374 764/2124/2374
f 760/2118/2375 764/2124/2375 765/2125/2375
f 762/2112/2376 760/2118/2376 765/2125/2376
f 762/2112/2377 765/2125/2377 766/2126/2377
f 762/2112/2378 766/2126/2378 761/2110/2378
f 766/2126/2379 767/2114/2379 761/2110/2379
f 584/2127/2380 586/2128/2380 581/2121/2380
f 766/2126/2381 771/2129/2381 767/2114/2381
f 769/2130/2382 771/2129/2382 766/2126/2382
f 765/2125/2383 769/2130/2383 766/2126/2383
f 765/2125/2384 768/2131/2384 769/2130/2384
f 764/2124/2385 768/2131/2385 765/2125/2385
f 768/2131/2386 764/2124/2386 772/2132/2386
f 772/2132/2387 773/2133/2387 768/2131/2387
f 773/2133/2388 772/2132/2388 774/2134/2388
f 774/2134/2389 776/2135/2389 773/2133/2389
f 776/2135/2390 774/2134/2390 777/2136/2390
f 770/2137/2391 769/2130/2391 768/2131/2391
f 768/2131/2392 773/2133/2392 770/2137/2392
f 775/2138/2393 770/2137/2393 773/2133/2393
f 773/2133/2394 776/2135/2394 775/2138/2394
f 778/2139/1734 775/2138/1734 776/2135/1734
f 781/2140/2395 778/2139/2395 776/2135/2395
f 781/2140/2396 776/2135/2396 780/2141/2396
f 776/2135/2397 777/2136/2397 780/2141/2397
f 777/2136/2397 779/2142/2397 780/2141/2397
f 777/2136/2398 709/2143/2398 779/2142/2398
f 709/2143/2399 710/2144/2399 779/2142/2399
f 614/2145/2400 710/2144/2400 709/2143/2400
f 614/2145/2401 709/2143/2401 612/2146/2401
f 615/2147/2402 614/2145/2402 612/2146/2402
f 615/2147/2402 612/2146/2402 611/2148/2402
f 615/2147/2403 611/2148/2403 616/2149/2403
f 611/2148/2404 613/2150/2404 616/2149/2404
f 613/2150/1804 611/2148/1804 610/2151/1804
f 607/2152/2405 610/2151/2405 611/2148/2405
f 610/2151/2406 607/2152/2406 603/2153/2406
f 601/2154/2407 605/2155/2407 596/2156/2407
f 605/2155/2408 601/2154/2408 607/2152/2408
f 607/2152/2409 608/2157/2409 605/2155/2409
f 608/2157/2410 607/2152/2410 611/2148/2410
f 611/2148/2411 612/2146/2411 608/2157/2411
f 601/2154/2412 603/2153/2412 607/2152/2412
f 601/2154/2413 602/2158/2413 603/2153/2413
f 602/2158/2414 601/2154/2414 598/2159/2414
f 596/2156/2415 598/2159/2415 601/2154/2415
f 598/2159/2416 596/2156/2416 591/2160/2416
f 596/2156/2417 590/2161/2417 591/2160/2417
f 591/2160/2418 590/2161/2418 586/2128/2418
f 582/2162/2419 586/2128/2419 590/2161/2419
f 586/2128/2420 582/2162/2420 581/2121/2420
f 583/2122/2421 581/2121/2421 582/2162/2421
f 586/2128/2422 584/2127/2422 585/2163/2422
f 593/2164/2423 586/2128/2423 585/2163/2423
f 586/2128/2424 593/2164/2424 591/2160/2424
f 598/2159/2425 591/2160/2425 593/2164/2425
f 593/2164/2426 597/2165/2426 598/2159/2426
f 598/2159/2427 597/2165/2427 602/2158/2427
f 602/2158/2428 597/2165/2428 604/2166/2428
f 599/2167/2429 604/2166/2429 597/2165/2429
f 592/2168/2430 599/2167/2430 597/2165/2430
f 594/2169/2431 599/2167/2431 592/2168/2431
f 588/2170/2432 594/2169/2432 592/2168/2432
f 589/2171/2433 594/2169/2433 588/2170/2433
f 589/2171/2361 588/2170/2361 584/2127/2361
f 588/2170/2434 585/2163/2434 584/2127/2434
f 592/2168/2435 585/2163/2435 588/2170/2435
f 585/2163/2436 592/2168/2436 593/2164/2436
f 592/2168/2437 597/2165/2437 593/2164/2437
f 609/2172/2438 777/2136/2438 774/2134/2438
f 777/2136/2439 609/2172/2439 709/2143/2439
f 612/2146/2440 709/2143/2440 609/2172/2440
f 609/2172/2441 608/2157/2441 612/2146/2441
f 608/2157/2442 609/2172/2442 606/2173/2442
f 606/2173/2443 605/2155/2443 608/2157/2443
f 605/2155/2444 606/2173/2444 600/2174/2444
f 605/2155/2445 600/2174/2445 596/2156/2445
f 596/2156/2446 600/2174/2446 595/2123/2446
f 595/2123/2447 590/2161/2447 596/2156/2447
f 590/2161/2448 595/2123/2448 582/2162/2448
f 583/2122/2449 582/2162/2449 595/2123/2449
f 764/2124/2450 595/2123/2450 600/2174/2450
f 772/2132/2451 764/2124/2451 600/2174/2451
f 600/2174/2452 606/2173/2452 772/2132/2452
f 774/2134/2453 772/2132/2453 606/2173/2453
f 774/2134/2454 606/2173/2454 609/2172/2454
f 1040/1335/1347 1028/1336/1347 1041/2175/1347
f 1030/2176/1347 1041/2175/1347 1028/1336/1347
f 1030/2176/1347 1032/2177/1347 1041/2175/1347
f 1042/2178/1347 1041/2175/1347 1032/2177/1347
f 1042/2178/1347 1032/2177/1347 1043/2179/1347
f 1034/2180/1347 1043/2179/1347 1032/2177/1347
f 1034/2180/1347 1625/1508/1347 1043/2179/1347
f 1625/1508/2455 1034/2180/2455 1626/1510/2455
f 1035/2181/2456 1626/1510/2456 1034/2180/2456
f 1034/2180/2457 1033/2182/2457 1035/2181/2457
f 1034/2180/2457 1032/2177/2457 1033/2182/2457
f 1032/2177/2458 1031/2183/2458 1033/2182/2458
f 1032/2177/2458 1030/2176/2458 1031/2183/2458
f 1030/2176/2459 1029/2184/2459 1031/2183/2459
f 1030/2176/2459 1028/1336/2459 1029/2184/2459
f 1028/1336/1546 1027/1337/1546 1029/2184/1546
f 1039/1329/2460 1048/1320/2460 1047/1319/2460
f 1048/1320/2460 1039/1329/2460 1040/1335/2460
f 1049/1321/2461 1048/1320/2461 1040/1335/2461
f 1049/1321/2461 1040/1335/2461 1041/2175/2461
f 1050/1503/2462 1049/1321/2462 1041/2175/2462
f 1050/1503/2462 1041/2175/2462 1042/2178/2462
f 1051/1505/2463 1050/1503/2463 1042/2178/2463
f 1051/1505/2463 1042/2178/2463 1043/2179/2463
f 1043/2179/1704 1634/1507/1704 1051/1505/1704
f 1625/1508/1347 1634/1507/1347 1043/2179/1347
f 562/2185/1347 571/2186/1347 560/2187/1347
f 571/2186/1347 562/2185/1347 891/2188/1347
f 882/2189/1347 891/2188/1347 562/2185/1347
f 891/2188/1347 882/2189/1347 890/2190/1347
f 880/2191/1347 890/2190/1347 882/2189/1347
f 890/2190/1347 880/2191/1347 889/2192/1347
f 878/2193/1347 889/2192/1347 880/2191/1347
f 878/2193/1347 876/2194/1347 889/2192/1347
f 890/2190/2464 899/2195/2464 891/2188/2464
f 898/2196/2464 899/2195/2464 890/2190/2464
f 889/2192/2465 898/2196/2465 890/2190/2465
f 897/1351/2465 898/2196/2465 889/2192/2465
f 897/1351/1555 889/2192/1555 888/1349/1555
f 888/1349/1347 889/2192/1347 876/2194/1347
f 876/2194/1347 874/1344/1347 888/1349/1347
f 882/2189/2466 562/2185/2466 883/2197/2466
f 881/2198/2467 882/2189/2467 883/2197/2467
f 880/2191/2467 882/2189/2467 881/2198/2467
f 879/2199/2468 880/2191/2468 881/2198/2468
f 878/2193/2468 880/2191/2468 879/2199/2468
f 877/2200/2469 878/2193/2469 879/2199/2469
f 876/2194/2469 878/2193/2469 877/2200/2469
f 875/2201/2470 876/2194/2470 877/2200/2470
f 874/1344/2470 876/2194/2470 875/2201/2470
f 873/1345/1552 874/1344/1552 875/2201/1552
f 577/1429/2471 568/1436/2471 578/1419/2471
f 568/1436/2471 569/2202/2471 578/1419/2471
f 568/1436/1347 556/1438/1347 569/2202/1347
f 558/2203/1347 569/2202/1347 556/1438/1347
f 558/2203/1347 560/2187/1347 569/2202/1347
f 570/2204/1347 569/2202/1347 560/2187/1347
f 570/2204/1347 560/2187/1347 571/2186/1347
f 570/2204/2472 571/2186/2472 580/2205/2472
f 891/2188/2473 580/2205/2473 571/2186/2473
f 899/2195/2473 580/2205/2473 891/2188/2473
f 897/1351/1557 951/1353/1557 898/2196/1557
f 951/1353/2474 952/1356/2474 898/2196/2474
f 898/2196/2474 952/1356/2474 899/2195/2474
f 952/1356/2475 638/1407/2475 899/2195/2475
f 580/2205/2475 899/2195/2475 638/1407/2475
f 580/2205/1619 638/1407/1619 579/1413/1619
f 579/1413/2472 570/2204/2472 580/2205/2472
f 569/2202/2476 570/2204/2476 579/1413/2476
f 578/1419/2476 569/2202/2476 579/1413/2476
f 578/1419/1625 579/1413/1625 637/1412/1625
f 310/2206/2477 309/2207/2477 282/2208/2477
f 280/2209/2477 282/2208/2477 309/2207/2477
f 309/2207/2478 308/2210/2478 280/2209/2478
f 279/2211/2478 280/2209/2478 308/2210/2478
f 291/2212/2479 315/2213/2479 289/2214/2479
f 314/2215/2479 289/2214/2479 315/2213/2479
f 289/2214/2480 314/2215/2480 287/2216/2480
f 313/2217/2480 287/2216/2480 314/2215/2480
f 287/2216/2481 313/2217/2481 285/2218/2481
f 312/2219/2481 285/2218/2481 313/2217/2481
f 312/2219/2482 311/2220/2482 285/2218/2482
f 283/2221/2482 285/2218/2482 311/2220/2482
f 311/2220/2483 310/2206/2483 283/2221/2483
f 282/2208/2483 283/2221/2483 310/2206/2483
f 320/2222/2484 319/2223/2484 301/2224/2484
f 319/2223/2484 299/2225/2484 301/2224/2484
f 319/2223/2485 318/2226/2485 299/2225/2485
f 318/2226/2485 297/2227/2485 299/2225/2485
f 318/2226/2486 317/2228/2486 297/2227/2486
f 317/2228/2486 295/2229/2486 297/2227/2486
f 317/2228/2487 316/2230/2487 295/2229/2487
f 293/2231/2487 295/2229/2487 316/2230/2487
f 293/2231/2488 316/2230/2488 291/2212/2488
f 315/2213/2488 291/2212/2488 316/2230/2488
f 21/2232/2489 23/2233/2489 22/2234/2489
f 22/2234/2489 20/2235/2489 21/2232/2489
f 20/2235/2490 22/2234/2490 307/2236/2490
f 323/2237/2490 307/2236/2490 22/2234/2490
f 307/2236/2491 323/2237/2491 305/2238/2491
f 322/2239/2491 305/2238/2491 323/2237/2491
f 305/2238/2492 322/2239/2492 303/2240/2492
f 321/2241/2492 303/2240/2492 322/2239/2492
f 303/2240/2493 321/2241/2493 301/2224/2493
f 320/2222/2493 301/2224/2493 321/2241/2493
f 342/2242/2494 343/2243/2494 344/2244/2494
f 345/2245/2494 344/2244/2494 343/2243/2494
f 344/2244/2495 345/2245/2495 346/2246/2495
f 347/2247/2495 346/2246/2495 345/2245/2495
f 347/2247/2496 348/2248/2496 346/2246/2496
f 349/2249/2496 346/2246/2496 348/2248/2496
f 348/2248/2497 350/2250/2497 349/2249/2497
f 351/2251/2497 349/2249/2497 350/2250/2497
f 350/2250/2498 23/2233/2498 351/2251/2498
f 21/2232/2498 351/2251/2498 23/2233/2498
f 333/2252/2499 332/2253/2499 334/2254/2499
f 335/2255/2499 333/2252/2499 334/2254/2499
f 335/2255/2500 334/2254/2500 336/2256/2500
f 337/2257/2500 335/2255/2500 336/2256/2500
f 337/2257/2501 336/2256/2501 338/2258/2501
f 339/2259/2501 337/2257/2501 338/2258/2501
f 339/2259/2502 338/2258/2502 340/2260/2502
f 341/2261/2502 340/2260/2502 338/2258/2502
f 340/2260/2503 341/2261/2503 342/2242/2503
f 343/2243/2503 342/2242/2503 341/2261/2503
f 279/2262/2504 308/2263/2504 324/2264/2504
f 325/2265/2504 324/2264/2504 308/2263/2504
f 324/2264/2505 325/2265/2505 326/2266/2505
f 327/2267/2505 326/2266/2505 325/2265/2505
f 326/2266/2506 327/2267/2506 328/2268/2506
f 329/2269/2506 328/2268/2506 327/2267/2506
f 328/2268/2507 329/2269/2507 330/2270/2507
f 331/2271/2507 330/2270/2507 329/2269/2507
f 330/2270/2508 331/2271/2508 332/2253/2508
f 333/2252/2508 330/2270/2508 332/2253/2508
f 1596/2272/2054 1595/1867/2054 1588/1870/2054
f 1588/1870/2509 1309/2273/2509 1596/2272/2509
f 1582/1872/2024 1309/2273/2024 1588/1870/2024
f 1309/2273/2024 1582/1872/2024 1300/2274/2024
f 1317/2275/2510 1596/2272/2510 1309/2273/2510
f 1300/2274/2511 1582/1872/2511 1278/1847/2511
f 1300/2274/2512 1278/1847/2512 1299/1846/2512
f 1300/2274/2024 1299/1846/2024 1309/2273/2024
f 1306/1845/2024 1309/2273/2024 1299/1846/2024
f 1309/2273/2513 1306/1845/2513 1317/2275/2513
f 1306/1845/2514 1315/2276/2514 1317/2275/2514
f 1306/1845/2515 1305/1844/2515 1315/2276/2515
f 1305/1844/2515 1314/2277/2515 1315/2276/2515
f 1305/1844/2516 1304/1843/2516 1314/2277/2516
f 1304/1843/2516 1313/1848/2516 1314/2277/2516
f 1393/1090/2517 1329/2278/2517 1391/1089/2517
f 1457/2279/2518 1391/1089/2518 1329/2278/2518
f 1357/1734/1946 1350/1682/1946 1358/1744/1946
f 1358/1744/1930 1405/1731/1930 1357/1734/1930
f 1405/1731/1944 1358/1744/1944 1406/1742/1944
f 1406/1742/1927 1413/1729/1927 1405/1731/1927
f 1413/1729/1942 1406/1742/1942 1414/1740/1942
f 1413/1729/2519 1414/1740/2519 1419/1727/2519
f 1420/1737/2519 1419/1727/2519 1414/1740/2519
f 1420/1737/1924 1426/1723/1924 1419/1727/1924
f 1426/1723/2520 1420/1737/2520 825/1724/2520
f 391/2280/2521 164/2281/2521 166/2282/2521
f 389/2283/2522 162/2284/2522 164/2281/2522
f 389/2283/2521 164/2281/2521 391/2280/2521
f 391/2280/2523 390/2285/2523 389/2283/2523
f 387/2286/2524 160/2287/2524 162/2284/2524
f 387/2286/2522 162/2284/2522 389/2283/2522
f 389/2283/2525 388/2288/2525 387/2286/2525
f 388/2288/2523 389/2283/2523 390/2285/2523
f 390/2285/2526 446/2289/2526 388/2288/2526
f 127/2290/2527 531/2291/2527 128/2292/2527
f 158/2293/2527 128/2292/2527 531/2291/2527
f 128/2292/2528 158/2293/2528 159/2294/2528
f 160/2287/2528 159/2294/2528 158/2293/2528
f 383/2295/2529 159/2294/2529 160/2287/2529
f 383/2295/2524 160/2287/2524 387/2286/2524
f 387/2286/2530 386/2296/2530 383/2295/2530
f 386/2296/2525 387/2286/2525 388/2288/2525
f 388/2288/2531 445/2297/2531 386/2296/2531
f 445/2297/2526 388/2288/2526 446/2289/2526
f 384/2298/2530 383/2295/2530 386/2296/2530
f 386/2296/2532 444/2299/2532 384/2298/2532
f 444/2299/2531 386/2296/2531 445/2297/2531
f 445/2297/2533 475/2300/2533 444/2299/2533
f 475/2300/2534 445/2297/2534 476/2301/2534
f 510/2302/2535 475/2300/2535 476/2301/2535
f 352/2303/2529 159/2294/2529 383/2295/2529
f 384/2298/2536 352/2303/2536 383/2295/2536
f 385/2304/2536 352/2303/2536 384/2298/2536
f 384/2298/2537 443/2305/2537 385/2304/2537
f 443/2305/2532 384/2298/2532 444/2299/2532
f 444/2299/2538 474/2306/2538 443/2305/2538
f 474/2306/2539 444/2299/2539 475/2300/2539
f 507/2307/2540 474/2306/2540 475/2300/2540
f 507/2307/2535 475/2300/2535 510/2302/2535
f 510/2302/2541 508/2308/2541 507/2307/2541
f 414/2309/2537 385/2304/2537 443/2305/2537
f 505/2310/2542 507/2307/2542 508/2308/2542
f 506/2311/2542 507/2307/2542 505/2310/2542
f 506/2311/2540 474/2306/2540 507/2307/2540
f 506/2311/2543 473/2312/2543 474/2306/2543
f 473/2312/2538 443/2305/2538 474/2306/2538
f 443/2305/2544 473/2312/2544 414/2309/2544
f 457/2313/2544 414/2309/2544 473/2312/2544
f 487/2314/2545 503/2315/2545 248/2316/2545
f 487/2314/2546 457/2313/2546 503/2315/2546
f 503/2315/2546 457/2313/2546 473/2312/2546
f 503/2315/2543 473/2312/2543 506/2311/2543
f 506/2311/2547 505/2310/2547 503/2315/2547
f 504/2317/2547 503/2315/2547 505/2310/2547
f 504/2317/2545 248/2316/2545 503/2315/2545
f 248/2316/2548 504/2317/2548 246/2318/2548
f 510/2302/2541 509/2319/2541 508/2308/2541
f 508/2308/2549 509/2319/2549 284/2320/2549
f 508/2308/2550 284/2320/2550 505/2310/2550
f 281/2321/2550 505/2310/2550 284/2320/2550
f 505/2310/2551 281/2321/2551 504/2317/2551
f 278/2322/2551 504/2317/2551 281/2321/2551
f 278/2322/2548 246/2318/2548 504/2317/2548
f 246/2318/2552 278/2322/2552 279/2323/2552
f 280/2324/2552 279/2323/2552 278/2322/2552
f 278/2322/2553 281/2321/2553 280/2324/2553
f 286/2325/2554 509/2319/2554 288/2326/2554
f 286/2325/2549 284/2320/2549 509/2319/2549
f 282/2327/2553 280/2324/2553 281/2321/2553
f 282/2327/2555 281/2321/2555 283/2328/2555
f 284/2320/2555 283/2328/2555 281/2321/2555
f 283/2328/2556 284/2320/2556 285/2329/2556
f 286/2325/2556 285/2329/2556 284/2320/2556
f 285/2329/2557 286/2325/2557 287/2330/2557
f 288/2326/2557 287/2330/2557 286/2325/2557
f 287/2330/2558 288/2326/2558 289/2331/2558
f 290/2332/2558 289/2331/2558 288/2326/2558
f 289/2331/2559 290/2332/2559 291/2333/2559
f 446/2289/2534 476/2301/2534 445/2297/2534
f 476/2301/2560 446/2289/2560 477/2334/2560
f 476/2301/2561 477/2334/2561 510/2302/2561
f 512/2335/2561 510/2302/2561 477/2334/2561
f 512/2335/2562 509/2319/2562 510/2302/2562
f 512/2335/2562 511/2336/2562 509/2319/2562
f 511/2336/2554 288/2326/2554 509/2319/2554
f 511/2336/2563 514/2337/2563 288/2326/2563
f 290/2332/2563 288/2326/2563 514/2337/2563
f 514/2337/2564 292/2338/2564 290/2332/2564
f 511/2336/2565 512/2335/2565 513/2339/2565
f 513/2339/2565 514/2337/2565 511/2336/2565
f 516/2340/2566 518/2341/2566 292/2338/2566
f 292/2338/2564 514/2337/2564 516/2340/2564
f 516/2340/2567 514/2337/2567 515/2342/2567
f 514/2337/2567 513/2339/2567 515/2342/2567
f 515/2342/2568 513/2339/2568 479/2343/2568
f 478/2344/2568 479/2343/2568 513/2339/2568
f 513/2339/2569 512/2335/2569 478/2344/2569
f 477/2334/2569 478/2344/2569 512/2335/2569
f 479/2343/2570 480/2345/2570 515/2342/2570
f 517/2346/2570 515/2342/2570 480/2345/2570
f 516/2340/2571 515/2342/2571 517/2346/2571
f 518/2341/2571 516/2340/2571 517/2346/2571
f 402/221/2572 452/226/2572 400/222/2572
f 451/2347/2572 400/222/2572 452/226/2572
f 451/2347/199 452/226/199 481/228/199
f 481/228/2573 480/2345/2573 451/2347/2573
f 520/230/2574 480/2345/2574 481/228/2574
f 480/2345/2574 520/230/2574 517/2346/2574
f 520/230/2575 519/2348/2575 517/2346/2575
f 518/2341/2575 517/2346/2575 519/2348/2575
f 518/2341/2576 519/2348/2576 294/2349/2576
f 294/2349/2566 292/2338/2566 518/2341/2566
f 522/229/2577 521/233/2577 520/230/2577
f 519/2348/2577 520/230/2577 521/233/2577
f 519/2348/201 521/233/201 296/232/201
f 296/232/2576 294/2349/2576 519/2348/2576
f 292/2338/2559 291/2333/2559 290/2332/2559
f 291/2333/2578 292/2338/2578 293/2350/2578
f 294/2349/2578 293/2350/2578 292/2338/2578
f 293/2350/2579 294/2349/2579 295/2351/2579
f 296/232/2579 295/2351/2579 294/2349/2579
f 295/2351/2580 296/232/2580 297/2352/2580
f 298/231/2580 297/2352/2580 296/232/2580
f 297/2352/2581 298/231/2581 299/2353/2581
f 300/243/2581 299/2353/2581 298/231/2581
f 299/2353/2582 300/243/2582 301/2354/2582
f 302/2355/2582 301/2354/2582 300/243/2582
f 301/2354/2583 302/2355/2583 303/2356/2583
f 304/2357/2583 303/2356/2583 302/2355/2583
f 303/2356/2584 304/2357/2584 305/2358/2584
f 306/2359/2584 305/2358/2584 304/2357/2584
f 305/2358/2585 306/2359/2585 307/2360/2585
f 16/2361/2585 307/2360/2585 306/2359/2585
f 16/2361/2586 20/2362/2586 307/2360/2586
f 18/270/2586 20/2362/2586 16/2361/2586
f 20/2362/239 18/270/239 21/273/239
f 306/2359/2587 304/2357/2587 529/2363/2587
f 527/2364/2588 528/2365/2588 529/2363/2588
f 527/2364/2587 529/2363/2587 304/2357/2587
f 304/2357/2589 302/2355/2589 527/2364/2589
f 302/2355/210 300/243/210 525/242/210
f 525/242/2589 527/2364/2589 302/2355/2589
f 525/242/2590 526/241/2590 527/2364/2590
f 528/2365/2590 527/2364/2590 526/241/2590
f 528/2365/211 526/241/211 485/240/211
f 485/240/2591 486/2366/2591 528/2365/2591
f 530/2367/2591 528/2365/2591 486/2366/2591
f 530/2367/2588 529/2363/2588 528/2365/2588
f 529/2363/2592 530/2367/2592 19/2368/2592
f 529/2363/2593 19/2368/2593 306/2359/2593
f 16/2361/2593 306/2359/2593 19/2368/2593
f 18/270/2594 16/2361/2594 17/269/2594
f 19/2368/2594 17/269/2594 16/2361/2594
f 34/259/236 17/269/236 19/2368/236
f 34/259/2592 19/2368/2592 530/2367/2592
f 34/259/2595 530/2367/2595 33/257/2595
f 486/2366/2595 33/257/2595 530/2367/2595
f 486/2366/225 456/247/225 33/257/225
f 456/247/2596 486/2366/2596 455/248/2596
f 485/240/2597 455/248/2597 486/2366/2597
f 455/248/207 485/240/207 454/237/207
f 540/2369/2598 539/2370/2598 237/2371/2598
f 540/2369/2599 237/2371/2599 239/2372/2599
f 238/2373/2600 239/2372/2600 237/2371/2600
f 239/2372/2601 238/2373/2601 240/2374/2601
f 242/205/178 243/201/178 244/200/178
f 243/201/2602 242/205/2602 240/2374/2602
f 241/207/2602 240/2374/2602 242/205/2602
f 240/2374/2601 241/207/2601 239/2372/2601
f 241/207/190 541/216/190 239/2372/190
f 541/216/2603 540/2369/2603 239/2372/2603
f 177/217/191 540/2369/191 541/216/191
f 177/217/2604 175/2375/2604 540/2369/2604
f 176/218/192 175/2375/192 177/217/192
f 176/218/2605 173/2376/2605 175/2375/2605
f 226/2377/2606 228/2378/2606 227/2379/2606
f 229/2380/2606 227/2379/2606 228/2378/2606
f 229/2380/2607 536/2381/2607 227/2379/2607
f 536/2381/2608 229/2380/2608 537/2382/2608
f 537/2382/2609 172/2383/2609 536/2381/2609
f 172/2383/2610 537/2382/2610 174/2384/2610
f 174/2384/2611 173/2376/2611 172/2383/2611
f 173/2376/2605 174/2384/2605 175/2375/2605
f 175/2375/2612 174/2384/2612 539/2370/2612
f 175/2375/2604 539/2370/2604 540/2369/2604
f 228/2378/2613 230/2385/2613 229/2380/2613
f 231/2386/2613 229/2380/2613 230/2385/2613
f 231/2386/2608 537/2382/2608 229/2380/2608
f 537/2382/2614 231/2386/2614 538/2387/2614
f 538/2387/2610 174/2384/2610 537/2382/2610
f 174/2384/2612 538/2387/2612 539/2370/2612
f 539/2370/2615 538/2387/2615 234/2388/2615
f 539/2370/2598 234/2388/2598 237/2371/2598
f 236/2389/2616 237/2371/2616 234/2388/2616
f 237/2371/2600 236/2389/2600 238/2373/2600
f 231/2386/2617 230/2385/2617 232/2390/2617
f 232/2390/2614 538/2387/2614 231/2386/2614
f 538/2387/2615 232/2390/2615 234/2388/2615
f 232/2390/2618 233/2391/2618 234/2388/2618
f 235/2392/2618 234/2388/2618 233/2391/2618
f 234/2388/2616 235/2392/2616 236/2389/2616
f 233/2391/2617 232/2390/2617 230/2385/2617
f 235/2392/2619 85/2393/2619 87/2394/2619
f 235/2392/2620 233/2391/2620 85/2393/2620
f 83/2395/2620 85/2393/2620 233/2391/2620
f 233/2391/2621 230/2385/2621 83/2395/2621
f 81/2396/2621 83/2395/2621 230/2385/2621
f 230/2385/2622 228/2378/2622 81/2396/2622
f 79/2397/2622 81/2396/2622 228/2378/2622
f 228/2378/2623 226/2377/2623 79/2397/2623
f 77/2398/2623 79/2397/2623 226/2377/2623
f 226/2377/2624 225/2399/2624 77/2398/2624
f 92/2400/2625 91/2401/2625 90/2402/2625
f 89/2403/2625 90/2402/2625 91/2401/2625
f 90/2402/2626 89/2403/2626 88/2404/2626
f 87/2394/2626 88/2404/2626 89/2403/2626
f 88/2404/2627 87/2394/2627 86/2405/2627
f 85/2393/2627 86/2405/2627 87/2394/2627
f 86/2405/2628 85/2393/2628 84/2406/2628
f 83/2395/2628 84/2406/2628 85/2393/2628
f 84/2406/2629 83/2395/2629 82/2407/2629
f 81/2396/2629 82/2407/2629 83/2395/2629
f 95/2408/2630 4/2409/2630 245/196/2630
f 243/201/2631 95/2408/2631 245/196/2631
f 93/2410/2632 95/2408/2632 243/201/2632
f 93/2410/2633 243/201/2633 240/2374/2633
f 93/2410/2633 240/2374/2633 91/2401/2633
f 91/2401/2634 240/2374/2634 238/2373/2634
f 91/2401/2634 238/2373/2634 89/2403/2634
f 89/2403/2635 238/2373/2635 236/2389/2635
f 89/2403/2635 236/2389/2635 87/2394/2635
f 87/2394/2619 236/2389/2619 235/2392/2619
f 6/2411/2636 68/2412/2636 3/2413/2636
f 1/2414/2636 3/2413/2636 68/2412/2636
f 3/2413/2637 1/2414/2637 2/2415/2637
f 4/2409/2637 2/2415/2637 1/2414/2637
f 2/2415/2638 4/2409/2638 96/2416/2638
f 95/2408/2638 96/2416/2638 4/2409/2638
f 96/2416/2639 95/2408/2639 94/2417/2639
f 93/2410/2639 94/2417/2639 95/2408/2639
f 94/2417/2640 93/2410/2640 92/2400/2640
f 91/2401/2640 92/2400/2640 93/2410/2640
f 65/2418/2641 63/2419/2641 213/186/2641
f 213/186/2642 215/188/2642 65/2418/2642
f 65/2418/2642 215/188/2642 67/2420/2642
f 217/2421/2643 67/2420/2643 215/188/2643
f 217/2421/2643 68/2412/2643 67/2420/2643
f 14/2422/2644 68/2412/2644 217/2421/2644
f 14/2422/2644 1/2414/2644 68/2412/2644
f 1/2414/2645 14/2422/2645 13/195/2645
f 4/2409/2645 1/2414/2645 13/195/2645
f 13/195/2630 245/196/2630 4/2409/2630
f 215/188/2646 216/187/2646 217/2421/2646
f 37/191/2646 217/2421/2646 216/187/2646
f 217/2421/2647 37/191/2647 14/2422/2647
f 12/193/2647 14/2422/2647 37/191/2647
f 14/2422/172 12/193/172 13/195/172
f 58/2423/2648 59/2424/2648 60/2425/2648
f 61/2426/2648 60/2425/2648 59/2424/2648
f 60/2425/2649 61/2426/2649 62/2427/2649
f 63/2419/2649 62/2427/2649 61/2426/2649
f 62/2427/2650 63/2419/2650 64/2428/2650
f 65/2418/2650 64/2428/2650 63/2419/2650
f 64/2428/2651 65/2418/2651 66/2429/2651
f 67/2420/2651 66/2429/2651 65/2418/2651
f 66/2429/2652 67/2420/2652 6/2411/2652
f 68/2412/2652 6/2411/2652 67/2420/2652
f 55/2430/148 53/167/148 203/168/148
f 55/2430/2653 203/168/2653 206/169/2653
f 57/2431/2653 55/2430/2653 206/169/2653
f 206/169/2654 208/176/2654 57/2431/2654
f 59/2424/2654 57/2431/2654 208/176/2654
f 208/176/2655 210/183/2655 59/2424/2655
f 61/2426/2655 59/2424/2655 210/183/2655
f 210/183/2656 212/184/2656 61/2426/2656
f 63/2419/2656 61/2426/2656 212/184/2656
f 212/184/2641 213/186/2641 63/2419/2641
f 48/161/2657 49/162/2657 50/2432/2657
f 51/165/2657 50/2432/2657 49/162/2657
f 50/2432/2658 51/165/2658 52/2433/2658
f 53/167/2658 52/2433/2658 51/165/2658
f 52/2433/2659 53/167/2659 54/2434/2659
f 55/2430/2659 54/2434/2659 53/167/2659
f 54/2434/2660 55/2430/2660 56/2435/2660
f 57/2431/2660 56/2435/2660 55/2430/2660
f 56/2435/2661 57/2431/2661 58/2423/2661
f 59/2424/2661 58/2423/2661 57/2431/2661
f 2360/377/2662 2381/361/2662 2380/371/2662
f 2380/371/2663 2358/2436/2663 2360/377/2663
f 2360/377/2664 2358/2436/2664 2359/2437/2664
f 2330/379/2665 2360/377/2665 2359/2437/2665
f 2331/2438/2666 2330/379/2666 2359/2437/2666
f 2328/2439/2667 2330/379/2667 2331/2438/2667
f 2330/379/2668 2328/2439/2668 2327/381/2668
f 2329/2440/2669 2327/381/2669 2328/2439/2669
f 172/2383/2670 171/2441/2670 170/2442/2670
f 171/2441/2611 172/2383/2611 173/2376/2611
f 171/2441/2671 173/2376/2671 396/2443/2671
f 398/2444/2671 396/2443/2671 173/2376/2671
f 397/2445/2672 396/2443/2672 398/2444/2672
f 399/2446/2672 397/2445/2672 398/2444/2672
f 450/2447/2673 449/2448/2673 399/2446/2673
f 449/2448/2673 397/2445/2673 399/2446/2673
f 449/2448/2674 448/2449/2674 397/2445/2674
f 448/2449/2674 395/2450/2674 397/2445/2674
f 397/2445/2675 395/2450/2675 396/2443/2675
f 395/2450/2675 394/2451/2675 396/2443/2675
f 396/2443/2676 394/2451/2676 171/2441/2676
f 169/2452/2676 171/2441/2676 394/2451/2676
f 169/2452/2670 170/2442/2670 171/2441/2670
f 170/2442/2677 169/2452/2677 168/2453/2677
f 532/2454/2678 533/2455/2678 161/2456/2678
f 163/2457/2678 161/2456/2678 533/2455/2678
f 533/2455/2679 534/2458/2679 163/2457/2679
f 165/2459/2679 163/2457/2679 534/2458/2679
f 165/2459/2680 534/2458/2680 168/2453/2680
f 168/2453/2681 167/2460/2681 165/2459/2681
f 167/2460/2677 168/2453/2677 169/2452/2677
f 167/2460/2682 169/2452/2682 392/2461/2682
f 394/2451/2682 392/2461/2682 169/2452/2682
f 393/2462/2683 392/2461/2683 394/2451/2683
f 395/2450/2683 393/2462/2683 394/2451/2683
f 447/2463/2684 393/2462/2684 395/2450/2684
f 448/2449/2684 447/2463/2684 395/2450/2684
f 478/2344/2685 448/2449/2685 479/2343/2685
f 448/2449/2686 478/2344/2686 447/2463/2686
f 477/2334/2687 447/2463/2687 478/2344/2687
f 447/2463/2560 477/2334/2560 446/2289/2560
f 447/2463/2688 446/2289/2688 393/2462/2688
f 446/2289/2688 390/2285/2688 393/2462/2688
f 393/2462/2689 390/2285/2689 392/2461/2689
f 390/2285/2689 391/2280/2689 392/2461/2689
f 392/2461/2690 391/2280/2690 167/2460/2690
f 166/2282/2690 167/2460/2690 391/2280/2690
f 401/220/2691 173/2376/2691 176/218/2691
f 173/2376/2691 401/220/2691 398/2444/2691
f 401/220/2692 400/222/2692 398/2444/2692
f 399/2446/2692 398/2444/2692 400/222/2692
f 400/222/2693 451/2347/2693 399/2446/2693
f 450/2447/2693 399/2446/2693 451/2347/2693
f 480/2345/2573 450/2447/2573 451/2347/2573
f 450/2447/2694 480/2345/2694 449/2448/2694
f 479/2343/2694 449/2448/2694 480/2345/2694
f 449/2448/2685 479/2343/2685 448/2449/2685
f 221/2464/2695 223/2465/2695 220/2466/2695
f 223/2465/2695 222/2467/2695 220/2466/2695
f 223/2465/2696 225/2399/2696 222/2467/2696
f 225/2399/2696 224/2468/2696 222/2467/2696
f 225/2399/2697 226/2377/2697 224/2468/2697
f 227/2379/2697 224/2468/2697 226/2377/2697
f 227/2379/2698 535/2469/2698 224/2468/2698
f 535/2469/2607 227/2379/2607 536/2381/2607
f 536/2381/2699 170/2442/2699 535/2469/2699
f 170/2442/2609 536/2381/2609 172/2383/2609
f 168/2453/2699 535/2469/2699 170/2442/2699
f 535/2469/2680 168/2453/2680 534/2458/2680
f 534/2458/2698 224/2468/2698 535/2469/2698
f 534/2458/2700 533/2455/2700 224/2468/2700
f 222/2467/2700 224/2468/2700 533/2455/2700
f 533/2455/2701 532/2454/2701 222/2467/2701
f 220/2466/2701 222/2467/2701 532/2454/2701
f 166/2282/2681 165/2459/2681 167/2460/2681
f 166/2282/2702 164/2281/2702 165/2459/2702
f 163/2457/2702 165/2459/2702 164/2281/2702
f 164/2281/2703 162/2284/2703 163/2457/2703
f 161/2456/2703 163/2457/2703 162/2284/2703
f 162/2284/2704 160/2287/2704 161/2456/2704
f 158/2293/2704 161/2456/2704 160/2287/2704
f 161/2456/2705 158/2293/2705 532/2454/2705
f 531/2291/2705 532/2454/2705 158/2293/2705
f 532/2454/2706 531/2291/2706 220/2466/2706
f 219/2470/2706 220/2466/2706 531/2291/2706
f 221/2464/2707 220/2466/2707 219/2470/2707
f 221/2464/2707 219/2470/2707 218/2471/2707
f 75/2472/2624 77/2398/2624 225/2399/2624
f 225/2399/2708 223/2465/2708 75/2472/2708
f 73/2473/2708 75/2472/2708 223/2465/2708
f 221/2464/2709 73/2473/2709 223/2465/2709
f 71/2474/2709 73/2473/2709 221/2464/2709
f 71/2474/2710 221/2464/2710 218/2471/2710
f 71/2474/2710 218/2471/2710 69/2475/2710
f 72/2476/2711 71/2474/2711 70/2477/2711
f 69/2475/2711 70/2477/2711 71/2474/2711
f 70/2477/2712 69/2475/2712 40/2478/2712
f 38/2479/2712 40/2478/2712 69/2475/2712
f 69/2475/2713 188/2480/2713 38/2479/2713
f 69/2475/2713 218/2471/2713 188/2480/2713
f 189/2481/2714 188/2480/2714 218/2471/2714
f 218/2471/2714 219/2470/2714 189/2481/2714
f 189/2481/2715 219/2470/2715 127/2290/2715
f 531/2291/2715 127/2290/2715 219/2470/2715
f 82/2407/2716 81/2396/2716 80/2482/2716
f 79/2397/2716 80/2482/2716 81/2396/2716
f 80/2482/2717 79/2397/2717 78/2483/2717
f 77/2398/2717 78/2483/2717 79/2397/2717
f 78/2483/2718 77/2398/2718 76/2484/2718
f 75/2472/2718 76/2484/2718 77/2398/2718
f 76/2484/2719 75/2472/2719 74/2485/2719
f 73/2473/2719 74/2485/2719 75/2472/2719
f 74/2485/2720 73/2473/2720 72/2476/2720
f 71/2474/2720 72/2476/2720 73/2473/2720
f 1121/1296/2234 1122/1294/2234 1134/2014/2234
f 1134/2014/2721 1133/2017/2721 1121/1296/2721
f 1119/1298/2721 1121/1296/2721 1133/2017/2721
f 1133/2017/2722 1132/2016/2722 1119/1298/2722
f 1120/1307/2722 1119/1298/2722 1132/2016/2722
f 1132/2016/2723 999/1374/2723 1120/1307/2723
f 974/1308/2724 1120/1307/2724 999/1374/2724
f 974/1308/2725 999/1374/2725 967/1372/2725
f 974/1308/2726 967/1372/2726 973/1304/2726
f 973/1304/2727 967/1372/2727 960/1365/2727
f 1095/1007/2728 1092/2486/2728 1096/2487/2728
f 1095/1007/2728 1091/2488/2728 1092/2486/2728
f 1092/2486/2729 1091/2488/2729 1088/2489/2729
f 1086/2490/2729 1088/2489/2729 1091/2488/2729
f 1088/2489/2730 1086/2490/2730 1087/2491/2730
f 1085/2492/2731 1087/2491/2731 1086/2490/2731
f 1683/1004/1212 1095/1007/1212 1096/2487/1212
f 1683/1004/1211 1096/2487/1211 1763/1005/1211
f 1096/2487/2732 1092/2486/2732 1763/1005/2732
f 1762/2493/2732 1763/1005/2732 1092/2486/2732
f 1762/2493/2733 1092/2486/2733 1761/2494/2733
f 1088/2489/2733 1761/2494/2733 1092/2486/2733
f 1761/2494/2734 1088/2489/2734 1760/2495/2734
f 1087/2491/2734 1760/2495/2734 1088/2489/2734
f 1760/2495/2735 1087/2491/2735 1758/1115/2735
f 1759/1113/2735 1758/1115/2735 1087/2491/2735
f 1162/2496/2736 1082/2497/2736 1016/2498/2736
f 1084/1011/2737 1016/2498/2737 1082/2497/2737
f 1084/1011/2738 1082/2497/2738 1083/1012/2738
f 1082/2497/2739 1085/2492/2739 1083/1012/2739
f 1086/2490/2740 1083/1012/2740 1085/2492/2740
f 1083/1012/2741 1086/2490/2741 1090/1014/2741
f 1091/2488/2741 1090/1014/2741 1086/2490/2741
f 1090/1014/2742 1091/2488/2742 1094/1016/2742
f 1095/1007/2742 1094/1016/2742 1091/2488/2742
f 1095/1007/1221 1682/1006/1221 1094/1016/1221
f 551/1444/1644 553/2499/1644 554/1437/1644
f 554/1437/2743 553/2499/2743 556/1438/2743
f 553/2499/2743 555/2500/2743 556/1438/2743
f 556/1438/2744 555/2500/2744 558/2203/2744
f 555/2500/2744 557/2501/2744 558/2203/2744
f 558/2203/2745 557/2501/2745 560/2187/2745
f 557/2501/2745 559/2502/2745 560/2187/2745
f 560/2187/2746 559/2502/2746 562/2185/2746
f 559/2502/2746 561/2503/2746 562/2185/2746
f 883/2197/2747 562/2185/2747 561/2503/2747
f 627/1108/2748 626/1121/2748 623/1106/2748
f 621/1126/2748 623/1106/2748 626/1121/2748
f 623/1106/2749 621/1126/2749 622/1104/2749
f 620/2504/2750 622/1104/2750 621/1126/2750
f 621/1126/2751 618/1123/2751 620/2504/2751
f 617/2505/2752 620/2504/2752 618/1123/2752
f 619/1122/2753 617/2505/2753 618/1123/2753
f 619/1122/2754 711/2506/2754 617/2505/2754
f 712/2507/2755 617/2505/2755 711/2506/2755
f 725/1781/2756 722/1798/2756 723/1787/2756
f 725/1781/2756 724/2508/2756 722/1798/2756
f 727/1759/2757 724/2508/2757 725/1781/2757
f 727/1759/2757 726/2509/2757 724/2508/2757
f 729/1760/2758 726/2509/2758 727/1759/2758
f 729/1760/2758 728/2510/2758 726/2509/2758
f 731/1761/2759 728/2510/2759 729/1760/2759
f 731/1761/2759 730/2511/2759 728/2510/2759
f 733/1752/2760 730/2511/2760 731/1761/2760
f 733/1752/2761 732/1751/2761 730/2511/2761
f 465/93/83 428/92/83 464/101/83
f 464/101/2762 494/49/2762 465/93/2762
f 495/2512/2762 465/93/2762 494/49/2762
f 495/2512/34 494/49/34 262/48/34
f 262/48/36 496/51/36 495/2512/36
f 465/93/2763 495/2512/2763 496/51/2763
f 466/53/2763 465/93/2763 496/51/2763
f 466/53/75 429/91/75 465/93/75
f 429/91/39 466/53/39 431/55/39
f 430/82/66 429/91/66 431/55/66
f 858/1719/1923 847/1726/1923 856/2513/1923
f 856/2513/2764 847/1726/2764 846/1823/2764
f 856/2513/2764 846/1823/2764 855/2514/2764
f 855/2514/2765 846/1823/2765 845/1821/2765
f 845/1821/2765 854/2515/2765 855/2514/2765
f 854/2515/2766 845/1821/2766 853/2516/2766
f 844/1820/2766 853/2516/2766 845/1821/2766
f 853/2516/2767 844/1820/2767 852/2517/2767
f 843/1812/2767 852/2517/2767 844/1820/2767
f 852/2517/1992 843/1812/1992 851/1811/1992
