# Blender v2.78 (sub 0) OBJ File: ''
# www.blender.org
mtllib wheel2.mtl
o WHEEL_NeoWheel_Rear_SK
v 2.193108 11.025673 6.809495
v 2.237606 11.249373 6.323795
v 0.000008 11.469773 6.323795
v 0.000008 11.241673 6.809495
v 7.949108 7.949073 6.809495
v 8.110409 8.110373 6.323795
v 6.372307 9.536774 6.323795
v 6.245609 9.347174 6.809395
v 9.347206 6.245574 6.809495
v 9.536808 6.372273 6.323795
v 10.386009 4.302073 6.809495
v 10.596706 4.389373 6.323795
v 11.025707 2.193073 6.809495
v 11.249409 2.237573 6.323795
v 11.241707 -0.000027 6.809495
v 11.469807 -0.000027 6.323795
v 7.949108 -7.949127 6.809495
v 8.110409 -8.110427 6.323795
v 9.536808 -6.372327 6.323795
v 9.347206 -6.245627 6.809395
v 10.596706 -4.389427 6.323795
v 10.386009 -4.302127 6.809495
v 11.249409 -2.237627 6.323795
v 11.025707 -2.193127 6.809495
v 6.245609 -9.347227 6.809395
v 6.372307 -9.536827 6.323795
v 4.302006 -10.386026 6.809495
v 4.389206 -10.596726 6.323795
v 2.193108 -11.025726 6.809395
v 2.237606 -11.249427 6.323795
v 0.000008 -11.241727 6.809495
v 0.000008 -11.469827 6.323795
v 4.302006 10.385973 6.809495
v 4.389309 10.596673 6.323795
v -6.245590 -9.347227 6.809395
v -6.372292 -9.536827 6.323795
v -4.389290 -10.596726 6.323795
v -4.301994 -10.386026 6.809495
v -7.949089 -7.949127 6.809495
v -8.110390 -8.110427 6.323795
v -2.237595 -11.249427 6.323795
v -2.193092 -11.025726 6.809395
v -11.025696 -2.193127 6.809395
v -11.249390 -2.237627 6.323795
v -10.596695 -4.389427 6.323795
v -10.385895 -4.302127 6.809395
v -9.536789 -6.372327 6.323795
v -9.347191 -6.245627 6.809395
v -11.025696 2.193073 6.809395
v -11.249390 2.237573 6.323795
v -11.469795 -0.000027 6.323795
v -11.241692 -0.000027 6.809395
v -10.385994 4.302073 6.809395
v -10.596695 4.389373 6.323795
v -9.347191 6.245574 6.809395
v -9.536789 6.372273 6.323795
v -7.949089 7.949073 6.809495
v -8.110390 8.110373 6.323795
v -4.301994 10.385973 6.809495
v -4.389290 10.596673 6.323795
v -6.372292 9.536774 6.323795
v -6.245590 9.347174 6.809395
v -2.237595 11.249373 6.323795
v -2.193092 11.025673 6.809395
v 1.788509 8.991473 7.726395
v 0.000008 9.167673 7.726395
v 6.482506 6.482574 7.726395
v 5.093407 7.622674 7.726395
v 7.622707 5.093273 7.726395
v 8.469807 3.508373 7.726395
v 8.991508 1.788473 7.726395
v 9.167709 -0.000027 7.726395
v 6.482609 -6.482527 7.726395
v 7.622707 -5.093327 7.726395
v 8.469807 -3.508427 7.726395
v 8.991508 -1.788527 7.726395
v 5.093407 -7.622727 7.726295
v 3.508308 -8.469827 7.726395
v 1.788509 -8.991527 7.726395
v 0.000008 -9.167727 7.726395
v 3.508308 8.469773 7.726395
v -5.093292 -7.622727 7.726295
v -3.508392 -8.469827 7.726395
v -6.482491 -6.482627 7.726395
v -1.788490 -8.991527 7.726395
v -8.991493 -1.788527 7.726395
v -8.469795 -3.508427 7.726395
v -7.622589 -5.093327 7.726395
v -8.991493 1.788473 7.726395
v -9.167694 -0.000027 7.726395
v -8.469795 3.508373 7.726395
v -7.622696 5.093273 7.726295
v -6.482590 6.482473 7.726395
v -3.508293 8.469773 7.726395
v -5.093292 7.622573 7.726295
v -1.788490 8.991473 7.726395
v 1.467106 7.375673 8.024995
v 0.000008 7.520173 8.025095
v 5.317608 5.317573 8.025095
v 4.178108 6.252773 8.024995
v 6.252808 4.177973 8.024995
v 6.947708 2.877973 8.024995
v 7.375710 1.467073 8.024995
v 7.520206 -0.000027 8.024995
v 5.317608 -5.317626 8.025095
v 6.252907 -4.178127 8.024995
v 6.947708 -2.878027 8.024995
v 7.375710 -1.467127 8.024995
v 4.178108 -6.252827 8.024995
v 2.877907 -6.947727 8.025095
v 1.467106 -7.375727 8.024995
v 0.000008 -7.520226 8.025095
v 2.877907 6.947673 8.025095
v -4.178093 -6.252827 8.024896
v -2.877892 -6.947727 8.025095
v -5.317589 -5.317626 8.025095
v -1.467094 -7.375727 8.024995
v -7.375694 -1.467127 8.024995
v -6.947693 -2.878027 8.025095
v -6.252792 -4.178127 8.024995
v -7.375694 1.467073 8.025095
v -7.520195 -0.000027 8.024995
v -6.947693 2.877973 8.025095
v -6.252792 4.177973 8.024995
v -5.317589 5.317573 8.025095
v -2.877892 6.947673 8.025095
v -4.178093 6.252773 8.024995
v -1.467094 7.375673 8.024995
v 0.000008 -0.000027 8.024995
v 4.389309 10.596673 6.323795
v 6.372307 9.536774 6.323795
v 8.110409 8.110373 6.323795
v 9.536808 6.372273 6.323795
v 10.596706 4.389373 6.323795
v 11.249409 2.237573 6.323795
v 11.469807 -0.000027 6.323795
v 11.249409 -2.237627 6.323795
v 10.596706 -4.389427 6.323795
v 9.536808 -6.372327 6.323795
v 8.110409 -8.110427 6.323795
v 6.372307 -9.536827 6.323795
v 4.389206 -10.596726 6.323795
v 2.237606 -11.249427 6.323795
v 0.000008 -11.469827 6.323795
v -2.237595 -11.249427 6.323795
v -4.389290 -10.596726 6.323795
v -6.372292 -9.536827 6.323795
v -8.110390 -8.110427 6.323795
v -9.536789 -6.372327 6.323795
v -10.596695 -4.389427 6.323795
v -11.249390 -2.237627 6.323795
v -11.469795 -0.000027 6.323795
v -11.249390 2.237573 6.323795
v -10.596695 4.389373 6.323795
v -9.536789 6.372273 6.323795
v -8.110390 8.110373 6.323795
v -6.372292 9.536774 6.323795
v -4.389290 10.596673 6.323795
v -2.237595 11.249373 6.323795
v 0.000008 11.469773 6.323795
v 2.237606 11.249373 6.323795
v 4.676979 1.919485 11.330092
v 6.258774 -2.198167 11.330091
v 6.258774 1.919485 11.330092
v 4.676979 -2.198167 11.330091
v 6.258774 -2.511955 9.513125
v 4.676979 -2.511955 9.513125
v 4.676979 -2.198167 8.909057
v 6.258774 -2.198167 8.909057
v 6.258774 1.919486 8.909057
v 4.676979 1.919485 8.909057
v 4.676979 2.233274 9.513126
v 6.258774 2.233274 9.513126
v 9.094048 1.539137 9.547057
v 9.094048 -1.873955 9.650129
v 9.094048 -1.817819 9.547056
v 9.094048 1.595274 9.650130
v 4.676979 -2.511955 10.726651
v 6.258774 -2.511955 10.726651
v 6.258774 2.233274 10.726652
v 4.676979 2.233274 10.726652
v 9.094048 -1.818010 10.692091
v 9.094048 1.595274 10.589498
v 9.094048 1.539328 10.692092
v 9.094048 -1.873955 10.589498
v 9.477051 1.919486 8.909057
v 9.577049 -2.137426 9.009056
v 9.477051 -2.198167 8.909057
v 9.577049 1.858744 9.009057
v 9.577049 1.858744 11.230092
v 9.477051 -2.198167 11.330091
v 9.577049 -2.137426 11.230091
v 9.477051 1.919485 11.330092
v 9.477051 -2.511955 10.726651
v 9.577049 -2.411955 10.726651
v 9.477051 2.233274 9.513126
v 9.577049 2.133274 9.513126
v 9.577049 -2.411955 9.513125
v 9.477051 -2.511955 9.513125
v 9.477051 2.233274 10.726652
v 9.577049 2.133274 10.726652
v 4.105797 -4.134784 8.909057
v 4.105797 -2.198167 8.909057
v 4.105797 -2.511955 9.513125
v 4.105797 -4.134784 9.513126
v 4.105797 3.491221 8.909057
v 4.105797 2.233274 9.513126
v 4.105797 1.919486 8.909057
v 4.105797 3.491221 9.513126
v -2.349098 -4.077088 8.909057
v 2.778496 -5.193438 9.513125
v -2.349098 -4.077088 9.513125
v 2.778496 -5.193438 8.909057
v 2.379570 6.844793 8.909058
v -7.547939 4.525892 8.909057
v -7.547939 4.525892 9.513126
v 2.379570 6.844793 9.513126
v 4.105797 3.491220 10.726652
v 4.105797 2.233274 10.726652
v 4.105797 -2.511955 10.726651
v 4.105789 -4.134785 10.726651
v 2.778496 -5.193438 10.726651
v -2.349098 -4.077088 10.726651
v -7.459480 -0.160744 8.909057
v -7.459480 -0.160743 9.513125
v -7.459480 -0.160745 10.726652
v -7.532246 2.859432 10.726652
v -7.544281 4.313758 10.726653
v 2.422829 6.596008 10.726652
v 4.105797 3.492731 11.330092
v 4.105797 1.919485 11.330092
v 4.104439 -4.126272 11.280054
v 4.105797 -2.198167 11.330091
v 2.175095 2.128143 12.913792
v 2.175095 -2.005563 11.453065
v 2.175095 1.559085 11.452879
v 2.175095 -3.175249 12.910913
v 2.175095 2.700352 11.452879
v 2.175095 -3.648736 11.418045
v -7.244499 4.267390 11.335309
v 2.423996 6.471250 11.335309
v -7.132355 2.545644 11.330087
v -6.533169 1.989312 12.565651
v 3.243103 2.703186 13.358647
v 2.776230 -4.901852 11.340836
v 2.175095 -3.828710 12.922432
v 2.175095 -4.188489 11.448550
v -2.179848 -3.777365 11.330089
v -1.923893 -3.268219 12.565654
v 2.772102 -4.371119 13.358645
v -7.059586 -0.112763 11.330087
v -6.460403 0.002824 12.565652
v 3.243095 -3.536983 13.358649
v 2.282936 4.002898 9.439044
v 2.537567 2.857379 9.439043
v 2.282913 4.002894 9.013974
v 2.537506 2.857366 9.013974
v 2.289879 3.975530 10.652494
v 2.535057 2.856824 10.652352
v 2.549133 2.861444 11.078583
v 2.228043 3.981340 11.079989
v 3.739357 4.777617 11.331886
v 0.972977 5.905966 9.423842
v 1.744949 5.045036 9.013975
v 0.970062 5.903338 9.013974
v 1.745964 5.045922 9.433815
v 1.020477 5.664334 10.625003
v 1.723091 4.988322 10.642000
v 1.626526 4.987494 11.082077
v 1.024673 5.573847 11.083955
v 3.136955 5.782245 11.333690
v 4.066963 3.665957 9.088058
v 4.067017 3.665970 9.513126
v 4.064514 3.665415 10.726436
v 4.078583 3.670035 11.152666
v 3.757500 4.789931 11.154072
v 2.554131 6.382438 11.158037
v 3.155975 5.796084 11.156159
v 2.549927 6.472925 10.699085
v 2.502434 6.714557 9.497926
v 2.499519 6.711929 9.088058
v 3.274406 5.853627 8.909057
v 3.274406 5.853627 9.088057
v 3.812370 4.811485 9.088058
v 3.812370 4.811485 8.909058
v 4.035744 1.919485 11.494815
v 4.036255 -2.200285 11.495032
v 4.055382 -4.099348 11.454301
v 2.896309 -4.723158 11.489781
v 2.921272 -4.307352 13.203975
v 3.305275 -3.552126 13.190576
v 3.313156 2.577163 13.193925
v 4.035744 3.238482 11.494815
v 9.477051 -2.198167 8.065682
v 9.477051 1.919485 8.065683
v 6.258774 1.919485 8.065683
v 4.676979 2.560740 8.065682
v 4.676979 2.560741 8.909057
v 4.676979 -2.976949 8.909056
v 6.258774 -2.198167 8.065682
v 4.676979 -2.976949 8.065681
v -2.349098 -4.077089 8.065682
v 2.778496 -5.193438 8.065682
v -7.547935 4.525891 8.065682
v 2.379570 6.844792 8.065683
v 4.105797 -4.134784 8.065682
v -7.459480 -0.160744 8.065682
v 3.812370 4.811484 8.065683
v 4.105797 3.491221 8.065682
v 3.274406 5.853627 8.065682
v 9.577049 -1.977622 9.278056
v 9.577049 1.698941 9.278057
v 9.577049 -2.142955 9.581628
v 9.577049 -2.142955 10.658074
v 9.577049 -1.977718 10.961091
v 9.577049 1.699036 10.961092
v 9.577049 1.864274 10.658075
v 9.577049 1.864274 9.581628
v 4.000000 -0.810435 11.297711
v 0.604164 -0.810435 11.297711
v 3.181374 -0.810435 13.232311
v 0.604164 -0.810434 12.895365
v 0.625160 0.087466 11.297710
v 3.202370 0.225779 13.232310
v 0.625160 0.092178 12.960176
v 4.020996 0.351168 11.297710
v 4.000000 0.556370 11.297710
v 0.604164 0.292668 11.297710
v 3.181374 0.430981 13.232310
v 0.604164 0.297380 12.960176
v 0.625160 1.623147 11.297710
v 3.202370 1.354116 13.232310
v 0.625160 1.220515 12.960175
v 4.020996 1.886848 11.297710
v 4.000000 2.092051 11.297711
v 0.604164 1.828349 11.297710
v 3.181374 1.559318 13.232310
v 0.604164 1.425717 12.960176
v 3.181374 -1.053002 13.232311
v 0.604164 -1.053002 12.895365
v 0.604164 -1.053003 11.297710
v 4.000000 -1.053003 11.297711
v 0.625160 -1.950903 11.297710
v 3.202370 -2.089216 13.232310
v 4.020996 -2.214605 11.297711
v 0.625160 -1.955615 12.875753
v 3.181374 -2.294418 13.232310
v 0.604164 -2.160817 12.875753
v 0.604164 -2.156105 11.297711
v 4.000000 -2.419807 11.297710
v 0.625160 -3.486584 11.297710
v 3.202370 -3.217552 13.232310
v 4.020996 -3.750286 11.297711
v 0.625160 -3.083952 12.833018
v 3.181374 -3.422755 13.232310
v 0.604164 -3.289154 12.833018
v 0.604164 -3.691786 11.297711
v 4.000000 -3.955488 11.297710
v 3.404358 5.095553 11.226425
v 1.217384 3.971772 8.980333
v 3.519287 5.160373 8.980333
v 1.217384 3.971772 11.226425
v 3.424644 5.343655 8.980333
v 1.122742 4.155054 8.980333
v 3.309715 5.278835 11.226425
v 1.122742 4.155054 11.226425
v -5.668308 6.046590 11.413534
v -4.180042 1.424204 11.413539
v -4.549702 1.332577 11.413539
v -5.298649 6.138217 11.413534
v -3.882965 1.497843 11.647826
v -5.001572 6.211855 11.647810
v -3.783142 1.522586 11.856917
v -4.901745 6.236599 11.856913
v -4.913277 6.233740 12.173811
v -3.794670 1.519728 12.173823
v -5.082466 6.191803 12.444502
v -3.963860 1.477790 12.444507
v -5.285404 6.141501 12.564024
v -4.166798 1.427487 12.564033
v -5.657055 6.049379 12.570444
v -4.538448 1.335367 12.570460
v -5.956699 5.975106 12.344469
v -4.838093 1.261094 12.344470
v -6.056759 5.950303 12.121958
v -4.938156 1.236289 12.121970
v -4.920811 1.240591 11.810920
v -6.039417 5.954603 11.810907
v -4.751942 1.282448 11.542090
v -5.870548 5.996461 11.542078
v -5.029755 6.325554 11.616423
v -4.955082 6.451774 11.797510
v -5.004734 6.602714 12.071955
v -5.206486 6.692145 12.306379
v -5.423801 6.699846 12.409883
v -5.796223 6.610846 12.415445
v -6.068684 6.426896 12.219736
v -6.141979 6.294110 12.027048
v -6.087219 6.147452 11.757669
v -5.886009 6.058846 11.524855
v -5.050381 6.408786 11.530672
v -4.994125 6.609295 11.635225
v -5.071686 6.872822 11.793673
v -5.297272 7.058422 11.929018
v -5.525116 7.108586 11.988768
v -5.898106 7.021869 11.991995
v -6.150665 6.757630 11.878996
v -6.204365 6.545794 11.767744
v -6.122211 6.288629 11.612219
v -5.897331 6.104513 11.477812
v -5.057934 6.439252 11.413534
v -5.008419 6.666952 11.413534
v -5.096191 6.971688 11.413534
v -5.330505 7.192488 11.413534
v -5.562199 7.258195 11.413534
v -5.935394 7.172314 11.413534
v -6.180672 6.878686 11.413534
v -6.227200 6.637919 11.413534
v -6.135021 6.340302 11.413538
v -5.901474 6.121229 11.413538
v -5.026443 6.662746 10.406500
v -5.079090 6.435754 10.407911
v -5.110001 6.968668 10.406660
v -5.323910 6.138079 10.412138
v -5.694763 6.051574 10.417406
v -5.341225 7.192684 10.409067
v -5.571976 7.261590 10.411951
v -5.946285 7.180877 10.417250
v -6.195560 6.890674 10.421499
v -6.245403 6.650571 10.422934
v -6.157341 6.351711 10.422682
v -5.926857 6.129430 10.420275
v -5.073536 6.404819 10.290781
v -5.015930 6.604200 10.184832
v -5.091972 6.868278 10.026548
v -5.316784 7.056554 9.893637
v -5.544697 7.109678 9.836763
v -5.918854 7.028118 9.838835
v -6.173489 6.767754 9.956079
v -6.228607 6.557030 10.068754
v -6.147919 6.299241 10.224012
v -5.923813 6.112457 10.356020
v -5.055210 6.321041 10.205046
v -4.981251 6.445648 10.022558
v -5.032501 6.596400 9.748301
v -5.236134 6.687876 9.516310
v -5.454697 6.698258 9.415689
v -5.828354 6.614399 9.415426
v -6.100666 6.434849 9.615377
v -6.173187 6.303696 9.809473
v -6.116837 6.157140 10.078573
v -5.913757 6.066488 10.308969
v -5.029022 6.206866 10.173658
v -4.931686 6.229569 9.963163
v -4.947517 6.225878 9.646452
v -5.120892 6.185436 9.378195
v -5.326096 6.137570 9.261580
v -5.699032 6.050579 9.260431
v -5.996609 5.981165 9.490675
v -6.094002 5.958447 9.714579
v -6.072414 5.963481 10.025358
v -5.899387 6.003843 10.291746
v -4.966084 4.644846 10.407195
v -5.337734 4.552726 10.400771
v -4.666435 4.719120 10.181201
v -4.566376 4.743923 9.958716
v -4.583721 4.739623 9.647647
v -4.752590 4.697765 9.378825
v -4.954830 4.647635 9.250289
v -5.324490 4.556007 9.250285
v -5.621567 4.482371 9.484561
v -5.721394 4.457626 9.693667
v -5.709862 4.460485 10.010558
v -5.540672 4.502422 10.281257
v -8.997856 -0.901232 11.065380
v -8.640255 2.733306 11.048411
v -9.148602 2.712100 11.065381
v -8.489510 -0.880025 11.048411
v -9.446575 -0.919951 10.825681
v -9.597317 2.693380 10.825681
v -9.866169 2.682163 10.393540
v -9.715427 -0.931169 10.393541
v -9.883125 2.681456 9.884753
v -9.732384 -0.931875 9.884752
v -9.492889 -0.921885 9.435645
v -9.643635 2.691446 9.435645
v -9.211872 2.709459 9.166555
v -9.061127 -0.903872 9.166556
v -8.552780 -0.882664 9.149588
v -8.703526 2.730667 9.149587
v -8.104065 -0.863944 9.389287
v -8.254807 2.749387 9.389285
v -7.835209 -0.852728 9.821426
v -7.985950 2.760604 9.821425
v -7.818256 -0.852020 10.330215
v -7.970661 2.761241 10.331990
v -8.209557 2.751274 10.779987
v -8.057747 -0.862012 10.779323
v -8.679173 -1.350231 10.446854
v -8.868477 -1.358128 10.453172
v -8.518387 -1.343522 10.346646
v -8.429203 -1.339803 10.179402
v -8.435516 -1.340065 9.989934
v -8.535637 -1.344243 9.829008
v -8.702732 -1.351214 9.739747
v -8.892036 -1.359111 9.746065
v -9.052822 -1.365818 9.846272
v -9.142006 -1.369539 10.013516
v -9.135696 -1.369276 10.202985
v -9.035576 -1.365100 10.363910
v -8.828819 -1.756666 10.424430
v -8.640476 -1.748809 10.416210
v -8.476372 -1.741962 10.313105
v -8.396862 -1.738646 10.188005
v -8.393677 -1.738512 9.957383
v -8.532867 -1.744320 9.770081
v -8.658516 -1.749561 9.706055
v -8.850353 -1.757565 9.710597
v -9.015583 -1.764458 9.813887
v -9.089645 -1.767548 9.939498
v -9.096733 -1.767843 10.171309
v -8.962582 -1.762246 10.360143
v -8.965439 3.699176 10.112138
v -8.849258 3.572803 9.635558
v -9.102173 3.562252 9.644001
v -8.626007 3.582117 9.754815
v -8.492245 3.587697 9.969816
v -8.483810 3.588049 10.222952
v -8.602966 3.583078 10.446395
v -8.817780 3.574116 10.580275
v -9.070694 3.563565 10.588717
v -9.293945 3.554251 10.469460
v -9.427708 3.548671 10.254459
v -9.436142 3.548319 10.001323
v -9.316986 3.553290 9.777880
v -8.753277 3.218309 9.286678
v -9.191338 3.200033 9.301301
v -8.366596 3.234440 9.493237
v -8.134914 3.244106 9.865630
v -8.120304 3.244716 10.304074
v -8.326683 3.236105 10.691089
v -8.698753 3.220583 10.922975
v -9.136814 3.202308 10.937596
v -9.523495 3.186176 10.731038
v -9.755177 3.176510 10.358645
v -9.769787 3.175901 9.920201
v -9.563408 3.184510 9.533187
v -8.762459 -1.968598 10.425223
v -8.603252 -1.867686 10.416656
v -8.464333 -1.780418 10.313249
v -8.510918 -1.814406 9.770343
v -8.616982 -1.882203 9.706551
v -8.779129 -1.985010 9.711449
v -8.919003 -2.072883 9.815042
v -8.981865 -2.111728 9.940787
v -8.988350 -2.113948 10.172605
v -8.875370 -2.040745 10.361186
v -8.599026 -2.118953 10.427392
v -8.511578 -1.952023 10.417872
v -8.434677 -1.807698 10.313643
v -8.456871 -1.864129 9.771060
v -8.514694 -1.976303 9.707908
v -8.603737 -2.146370 9.713777
v -8.681160 -2.291694 9.818197
v -8.716454 -2.355907 9.944308
v -8.721455 -2.359488 10.176147
v -8.660610 -2.238322 10.364036
v -8.382320 -2.167440 10.430355
v -8.390026 -1.979222 10.419534
v -8.395355 -1.816497 10.314179
v -8.385208 -1.880164 9.772040
v -8.379066 -2.006653 9.709762
v -8.371170 -2.198410 9.716955
v -8.365791 -2.362260 9.822509
v -8.364525 -2.434653 9.949120
v -8.367558 -2.438676 10.180984
v -8.375843 -2.302039 10.367929
v -3.334034 -1.590673 10.199215
v -3.330853 -1.590541 9.968593
v -3.322380 -1.732195 9.783250
v -3.316242 -1.858680 9.720971
v -3.308342 -2.050437 9.728165
v -3.302967 -2.214288 9.833718
v -3.301697 -2.286679 9.960329
v -3.304733 -2.290705 10.192193
v -3.313019 -2.154066 10.379138
v -3.319496 -2.019469 10.441564
v -3.327198 -1.831252 10.430743
v -3.332531 -1.668524 10.325389
v 4.439430 0.181868 11.433866
v 4.864098 0.181868 11.215105
v 4.864098 0.181868 11.433866
v 4.439430 0.181868 11.215105
v 4.310432 0.735539 11.215106
v 4.310432 0.310868 11.433866
v 4.310432 0.735539 11.433866
v 4.310432 0.310868 11.215105
v 4.439430 0.864539 11.433866
v 4.864098 0.864539 11.433866
v 4.439430 0.864539 11.215106
v 4.864098 0.864539 11.215106
v 4.993095 0.735539 11.433866
v 4.993095 0.310868 11.433866
v 4.993095 0.735539 11.215106
v 4.993095 0.310868 11.215105
v 4.842888 0.203082 11.463865
v 4.579430 0.321868 11.463866
v 4.460640 0.203082 11.463865
v 4.724098 0.321868 11.463866
v 4.331642 0.714326 11.463866
v 4.331642 0.332082 11.463866
v 4.450432 0.595539 11.463866
v 4.450432 0.450868 11.463866
v 4.724098 0.724539 11.463866
v 4.460640 0.843326 11.463866
v 4.579430 0.724539 11.463866
v 4.842888 0.843326 11.463866
v 4.853096 0.595539 11.463866
v 4.971886 0.332082 11.463866
v 4.971886 0.714326 11.463866
v 4.853096 0.450868 11.463866
v 4.579430 0.321868 11.622658
v 4.724098 0.321868 11.622658
v 4.450432 0.595539 11.622658
v 4.450432 0.450868 11.622658
v 4.724098 0.724539 11.622658
v 4.579430 0.724539 11.622658
v 4.853096 0.595539 11.622658
v 4.853096 0.450868 11.622658
v 4.450432 0.558874 11.759493
v 4.450432 0.433586 11.687158
v 4.579430 0.670591 11.823993
v 4.724098 0.670591 11.823993
v 4.853096 0.558874 11.759493
v 4.853096 0.433586 11.687158
v 4.450432 0.386368 11.734375
v 4.450432 0.458704 11.859663
v 4.579430 0.523204 11.971380
v 4.724098 0.523204 11.971380
v 4.853096 0.458704 11.859663
v 4.853096 0.386368 11.734375
v 4.450432 0.321868 11.896328
v 4.450432 0.321868 11.751657
v 4.579430 0.321868 12.025328
v 4.724098 0.321868 12.025328
v 4.853096 0.321868 11.896328
v 4.853096 0.321868 11.751657
v 4.579430 -2.826594 11.364914
v 4.724098 -2.826594 11.364914
v 4.450432 -2.826594 11.638584
v 4.450432 -2.826594 11.493914
v 4.724098 -2.826594 11.767584
v 4.579430 -2.826594 11.767584
v 4.853096 -2.826594 11.638584
v 4.853096 -2.826594 11.493914
v 4.450432 -2.891094 11.476631
v 4.450432 -2.963429 11.601919
v 4.579430 -3.027930 11.713636
v 4.724098 -3.027930 11.713636
v 4.853096 -2.963429 11.601919
v 4.853096 -2.891094 11.476631
v 4.450432 -3.063599 11.501749
v 4.450432 -2.938311 11.429414
v 4.579430 -3.175317 11.566249
v 4.724098 -3.175317 11.566249
v 4.853096 -3.063599 11.501749
v 4.853096 -2.938311 11.429414
v 4.450432 -2.955594 11.364913
v 4.450432 -3.100264 11.364913
v 4.579430 -3.229264 11.364913
v 4.724098 -3.229264 11.364913
v 4.853096 -3.100264 11.364913
v 4.853096 -2.955594 11.364913
v 4.439430 -2.637802 10.424626
v 4.864098 -2.637802 10.424626
v 4.439430 -2.419042 10.424626
v 4.864098 -2.419042 10.424626
v 4.993095 -2.637802 10.295627
v 4.993095 -2.419042 9.870956
v 4.993095 -2.419042 10.295627
v 4.993095 -2.637802 9.870955
v 4.864098 -2.637802 9.741956
v 4.439430 -2.637802 9.741956
v 4.864098 -2.419042 9.741956
v 4.439430 -2.419042 9.741956
v 4.310432 -2.637802 9.870955
v 4.310432 -2.637802 10.295627
v 4.310432 -2.419042 9.870956
v 4.310432 -2.419042 10.295627
v 4.724098 -2.667802 10.284627
v 4.460640 -2.667802 10.403414
v 4.579430 -2.667802 10.284627
v 4.842888 -2.667802 10.403414
v 4.853096 -2.667802 10.010956
v 4.971886 -2.667802 10.274413
v 4.853096 -2.667802 10.155627
v 4.971886 -2.667802 9.892169
v 4.842888 -2.667802 9.763169
v 4.579430 -2.667802 9.881956
v 4.460640 -2.667802 9.763169
v 4.724098 -2.667802 9.881956
v 4.331642 -2.667802 10.274413
v 4.450432 -2.667802 10.010956
v 4.450432 -2.667802 10.155627
v 4.331642 -2.667802 9.892169
v 4.724098 -2.826593 10.284627
v 4.579430 -2.826593 10.284627
v 4.853096 -2.826593 10.155626
v 4.853096 -2.826594 10.010957
v 4.579430 -2.826594 9.881956
v 4.724098 -2.826594 9.881956
v 4.450432 -2.826593 10.155626
v 4.450432 -2.826594 10.010957
v 4.853096 -2.963429 10.047622
v 4.853096 -2.891093 10.172910
v 4.724098 -3.027929 9.935905
v 4.579430 -3.027929 9.935905
v 4.450432 -2.963429 10.047622
v 4.450432 -2.891093 10.172910
v 4.853096 -2.938311 10.220126
v 4.853096 -3.063599 10.147792
v 4.579430 -3.175316 10.083292
v 4.724098 -3.175316 10.083292
v 4.450432 -2.938311 10.220126
v 4.450432 -3.063599 10.147792
v 4.853096 -2.955593 10.284627
v 4.853096 -3.100264 10.284627
v 4.724098 -3.229264 10.284627
v 4.579430 -3.229264 10.284627
v 4.450432 -2.955593 10.284627
v 4.450432 -3.100264 10.284627
v -6.482563 -6.482548 8.919090
v -6.252853 -4.178052 8.919089
v -7.622692 -5.093337 8.919089
v -5.317631 -5.317604 8.919089
v -8.469795 -3.508425 8.919089
v -6.947716 -2.877992 8.919089
v -7.375694 -1.467105 8.919089
v -8.991516 -1.788510 8.919089
v -4.178089 -6.252796 8.919090
v -5.093357 -7.622649 8.919090
v -3.508316 -8.469796 8.919090
v -2.877876 -6.947719 8.919090
v -1.467052 -7.375704 8.919090
v -1.788483 -8.991525 8.919090
v 0.000008 -7.520216 8.919090
v -0.000000 -9.167691 8.919090
v -0.000000 -3.760109 8.919089
v -0.733524 -3.687854 8.919089
v -1.438938 -3.473861 8.919089
v -2.089043 -3.126400 8.919089
v -2.658813 -2.658804 8.919089
v -3.126427 -2.089028 8.919089
v -3.473858 -1.438997 8.919089
v -3.687847 -0.733554 8.919089
v -6.482563 -6.482548 8.112725
v -6.252853 -4.178053 8.112724
v -5.317631 -5.317604 8.112724
v -7.622692 -5.093337 8.112724
v -8.469795 -3.508425 8.112724
v -6.947716 -2.877992 8.112724
v -7.375694 -1.467105 8.112724
v -8.991516 -1.788510 8.112724
v -4.178089 -6.252797 8.112725
v -5.093357 -7.622650 8.112725
v -3.508316 -8.469796 8.112725
v -2.877876 -6.947720 8.112725
v -1.788483 -8.991525 8.112725
v -1.467052 -7.375705 8.112725
v 0.000008 -7.520216 8.112725
v -0.000000 -9.167691 8.112725
v -0.733524 -3.687854 8.112724
v -0.000000 -3.760109 8.112724
v -1.438938 -3.473861 8.112724
v -2.089043 -3.126400 8.112724
v -2.658813 -2.658804 8.112724
v -3.126427 -2.089028 8.112724
v -3.473858 -1.438997 8.112724
v -3.687847 -0.733554 8.112724
v 6.080462 14.679490 -0.024802
v 3.099804 15.583661 -0.024803
v 6.005414 14.498212 2.988160
v 3.061508 15.391213 2.988161
v 5.825205 14.063231 4.961557
v 2.969665 14.929435 4.961558
v 8.456866 12.656585 4.961560
v 8.718470 13.048114 2.988157
v 8.216609 12.297010 5.823371
v 5.659717 13.663692 5.823358
v 2.885297 14.505292 5.823358
v 0.000006 12.868258 6.616998
v 2.717095 13.659703 6.195592
v 0.000008 13.927367 6.195582
v 2.510492 12.621017 6.617014
v 0.000010 14.789536 5.823349
v 0.000014 15.692771 2.988165
v 0.000011 15.221982 4.961555
v 0.000025 15.889016 -0.024804
v 8.110383 8.110378 6.323803
v 6.372322 9.536832 6.323800
v 6.411504 9.595503 5.444657
v 8.160269 8.160272 5.444667
v 4.389263 10.596672 6.323800
v 4.416300 10.661876 5.444655
v 2.237649 11.249393 6.323795
v 2.251421 11.318573 5.444643
v 0.000006 11.469783 6.323795
v 0.000008 11.540393 5.444664
v 9.099231 9.099243 6.617009
v 7.149267 10.699623 6.617028
v 15.391199 3.061495 2.988163
v 14.929422 2.969649 4.961562
v 15.692761 -0.000002 2.988157
v 15.221903 -0.000002 4.961565
v 14.063224 5.825191 4.961561
v 14.498209 6.005398 2.988161
v 14.505281 2.885281 5.823363
v 13.663682 5.659704 5.823362
v 13.659698 2.717081 6.195599
v 12.867145 5.329790 6.195597
v 12.296999 8.216594 5.823372
v 12.656559 8.456850 4.961563
v 11.580166 7.737617 6.195608
v 10.699619 7.149254 6.617028
v 9.848098 9.848164 6.195596
v 9.536815 6.372311 6.323800
v 9.595411 6.411491 5.444643
v 10.596687 4.389354 6.323800
v 11.888754 4.924520 6.617022
v 10.661888 4.416291 5.444651
v 11.318585 2.251407 5.444653
v 11.249401 2.237633 6.323800
v 12.621029 2.510482 6.617019
v 11.540417 -0.000002 5.444679
v 11.469800 -0.000002 6.323803
v 12.868250 -0.000002 6.617023
v 13.927341 -0.000002 6.195613
v 14.789461 -0.000002 5.823376
v 14.929420 -2.969653 4.961561
v 15.391195 -3.061500 2.988163
v 14.063228 -5.825195 4.961558
v 14.498204 -6.005403 2.988160
v 14.505280 -2.885286 5.823362
v 13.659698 -2.717086 6.195597
v 13.663686 -5.659708 5.823357
v 12.867144 -5.329792 6.195591
v 11.580194 -7.737622 6.195618
v 12.297003 -8.216598 5.823378
v 10.457757 -10.457781 5.823357
v 9.848085 -9.848173 6.195591
v 9.099220 -9.099257 6.617004
v 10.699641 -7.149258 6.617031
v 9.536846 -6.372313 6.323800
v 8.110399 -8.110385 6.323800
v 10.596687 -4.389356 6.323795
v 11.888754 -4.924520 6.617017
v 11.249410 -2.237637 6.323800
v 12.621029 -2.510487 6.617019
v 6.372314 -9.536840 6.323795
v 6.411487 -9.595512 5.444654
v 8.160285 -8.160281 5.444669
v 9.595420 -6.411494 5.444641
v 10.661893 -4.416295 5.444650
v 11.318593 -2.251411 5.444653
v 4.389246 -10.596684 6.323791
v 4.416292 -10.661883 5.444651
v 11.096498 -11.096480 2.988159
v 8.718473 -13.048120 2.988151
v 8.827477 -13.211277 -0.024801
v 11.235228 -11.235204 -0.024800
v 8.456870 -12.656591 4.961557
v 10.763569 -10.763552 4.961555
v 8.216611 -12.297018 5.823368
v 7.737632 -11.580180 6.195608
v 7.149256 -10.699631 6.617023
v 6.005416 -14.498223 2.988155
v 6.080472 -14.679500 -0.024802
v 5.825207 -14.063240 4.961553
v 5.659719 -13.663700 5.823353
v 5.329802 -12.867157 6.195587
v 4.924441 -11.888743 6.617005
v 2.237639 -11.249402 6.323791
v 2.510485 -12.621025 6.617009
v 2.251405 -11.318582 5.444638
v -0.000004 -11.469793 6.323791
v -0.000002 -11.540401 5.444659
v 0.000000 -12.868269 6.616993
v 2.717098 -13.659713 6.195587
v 2.969666 -14.929444 4.961553
v 2.885300 -14.505302 5.823354
v 3.061510 -15.391222 2.988155
v 3.099814 -15.583673 -0.024803
v 0.000013 -15.221987 4.961551
v 0.000007 -14.789544 5.823345
v 0.000015 -15.692771 2.988160
v 0.000019 -15.889016 -0.024804
v 13.048018 -8.718457 2.988161
v 13.211165 -8.827451 -0.024800
v 14.679492 -6.080453 -0.024799
v 15.583657 -3.099788 -0.024799
v 15.889005 -0.000002 -0.024799
v 15.583658 3.099784 -0.024799
v 12.656549 -8.456855 4.961565
v 4.924447 11.888738 6.617010
v 7.737634 11.580173 6.195609
v 10.457763 10.457771 5.823361
v 10.763569 10.763543 4.961560
v 13.048018 8.718451 2.988163
v 14.679491 6.080448 -0.024799
v 13.211181 8.827443 -0.024800
v 11.096493 11.096472 2.988163
v 11.235237 11.235192 -0.024800
v 8.827465 13.211269 -0.024801
v -5.659715 -13.663701 5.823348
v -2.969643 -14.929443 4.961551
v -2.885279 -14.505301 5.823352
v -5.825202 -14.063241 4.961548
v -3.061487 -15.391223 2.988153
v -6.005406 -14.498223 2.988151
v -3.099760 -15.583674 -0.024805
v -4.924453 -11.888746 6.617002
v -2.717083 -13.659713 6.195589
v -2.510494 -12.621028 6.617009
v -5.329796 -12.867160 6.195584
v -6.372319 -9.536842 6.323791
v -4.389266 -10.596684 6.323791
v -7.149265 -10.699631 6.617023
v -9.099219 -9.099256 6.617002
v -8.110382 -8.110385 6.323795
v -2.237638 -11.249403 6.323791
v -4.416301 -10.661883 5.444648
v -6.411497 -9.595512 5.444650
v -2.251415 -11.318582 5.444639
v -8.160270 -8.160281 5.444655
v -9.536812 -6.372313 6.323791
v -9.595383 -6.411494 5.444631
v -10.596662 -4.389357 6.323786
v -10.661866 -4.416295 5.444639
v -11.249391 -2.237637 6.323791
v -11.318564 -2.251412 5.444643
v -11.469804 -0.000003 6.323795
v -11.540405 -0.000003 5.444664
v -11.888739 -4.924519 6.617007
v -12.621012 -2.510486 6.617007
v -10.699611 -7.149260 6.617018
v -13.659717 -2.717086 6.195586
v -12.867156 -5.329790 6.195587
v -11.580156 -7.737625 6.195597
v -9.848081 -9.848175 6.195587
v -7.737622 -11.580181 6.195606
v -8.216590 -12.297019 5.823363
v -12.868261 -0.000003 6.617012
v -13.927362 -0.000003 6.195603
v -14.063223 -5.825196 4.961548
v -12.296991 -8.216600 5.823359
v -13.663689 -5.659708 5.823350
v -12.656549 -8.456857 4.961553
v -14.505295 -2.885286 5.823352
v -14.789485 -0.000003 5.823364
v -13.659706 2.717080 6.195587
v -14.505294 2.885281 5.823352
v -11.249389 2.237632 6.323791
v -12.621014 2.510480 6.617007
v -11.888746 4.924516 6.617009
v -10.596684 4.389354 6.323791
v -10.661869 4.416291 5.444641
v -9.595400 6.411491 5.444635
v -9.536831 6.372309 6.323795
v -11.318570 2.251407 5.444645
v -10.699622 7.149254 6.617023
v -8.110396 8.110378 6.323800
v -9.099212 9.099249 6.617004
v -11.580168 7.737617 6.195606
v -9.848068 9.848166 6.195589
v -8.216584 12.297009 5.823366
v -5.825197 14.063231 4.961553
v -8.456838 12.656583 4.961555
v -5.659710 13.663692 5.823352
v -2.717079 13.659702 6.195592
v -2.885274 14.505291 5.823357
v -5.329787 12.867151 6.195586
v -10.457729 10.457771 5.823354
v -7.737613 11.580173 6.195606
v -4.924441 11.888736 6.617007
v -7.149256 10.699622 6.617023
v -6.372303 9.536832 6.323795
v -4.389250 10.596671 6.323795
v -2.510475 12.621017 6.617012
v -2.237621 11.249393 6.323791
v -6.411489 9.595503 5.444653
v -4.416292 10.661873 5.444651
v -8.160287 8.160275 5.444664
v -2.251398 11.318573 5.444643
v -3.099762 15.583661 -0.024805
v -6.080436 14.679488 -0.024806
v -6.005387 14.498212 2.988158
v -3.061481 15.391211 2.988159
v -2.969637 14.929433 4.961557
v -11.096455 11.096469 2.988155
v -11.235176 11.235190 -0.024807
v -13.211143 8.827442 -0.024808
v -13.047997 8.718449 2.988154
v -8.827425 13.211268 -0.024806
v -8.718436 13.048111 2.988149
v -10.763534 10.763541 4.961554
v -12.656534 8.456848 4.961560
v -14.679484 6.080448 -0.024808
v -14.498213 6.005398 2.988152
v -12.296985 8.216592 5.823369
v -14.063230 5.825190 4.961551
v -15.583665 3.099783 -0.024808
v -15.391212 3.061494 2.988151
v -15.583652 -3.099789 -0.024808
v -14.498196 -6.005403 2.988153
v -15.391201 -3.061500 2.988151
v -14.679468 -6.080454 -0.024808
v -14.929431 -2.969654 4.961551
v -13.048012 -8.718458 2.988150
v -13.211158 -8.827453 -0.024808
v -11.096464 -11.096482 2.988149
v -11.235193 -11.235205 -0.024807
v -10.763537 -10.763553 4.961551
v -10.457736 -10.457781 5.823353
v -8.827444 -13.211277 -0.024806
v -8.718440 -13.048122 2.988143
v -6.080441 -14.679501 -0.024806
v -8.456841 -12.656593 4.961552
v -8.493400 -5.675099 -6.953062
v -8.493402 -5.675098 5.029428
v -7.223020 -7.223032 5.029402
v -7.223019 -7.223034 -6.953035
v -10.214899 -0.000003 -6.953055
v -10.214904 -0.000003 5.029421
v -10.018649 -1.992885 5.029435
v -10.018647 -1.992885 -6.953071
v 7.223052 -7.223032 -6.953034
v 5.675097 -8.493434 5.029444
v 7.223048 -7.223031 5.029414
v 5.675099 -8.493432 -6.953067
v 3.909076 -9.437412 -6.953083
v 3.909073 -9.437413 5.029460
v -3.909058 9.437407 -6.953086
v -3.909061 9.437407 5.029452
v -5.675085 8.493425 5.029446
v -5.675084 8.493426 -6.953080
v -7.223032 7.223022 5.029408
v -7.223032 7.223022 -6.953044
v 9.437424 3.909065 -6.953091
v 8.493437 5.675095 5.029452
v 8.493440 5.675096 -6.953077
v 9.437422 3.909065 5.029470
v 10.018668 1.992881 -6.953083
v 10.018662 1.992881 5.029465
v 10.214912 -0.000002 -6.953069
v 10.214910 -0.000002 5.029450
v -10.018649 1.992880 5.029435
v -10.018647 1.992880 -6.953074
v -13.663693 5.659702 5.823353
v -14.929433 2.969648 4.961551
v -15.889006 -0.000003 -0.024808
v -15.692769 -0.000003 2.988147
v -15.221923 -0.000003 4.961555
v -5.675100 -8.493436 5.029444
v -5.675097 -8.493435 -6.953079
v -3.909073 -9.437412 -6.953086
v -3.909076 -9.437413 5.029452
v -1.992802 -10.018661 -6.953060
v -1.992805 -10.018661 5.029433
v -9.437391 -3.909070 5.029439
v -9.437389 -3.909071 -6.953079
v 8.493442 -5.675099 -6.953079
v 8.493439 -5.675098 5.029460
v 0.000001 -10.214908 5.029376
v 0.000003 -10.214908 -6.953004
v 1.992797 -10.018659 -6.953054
v 1.992794 -10.018660 5.029428
v -8.493431 5.675095 5.029452
v -8.493428 5.675096 -6.953089
v -1.992782 10.018649 -6.953060
v -1.992784 10.018648 5.029433
v 0.000009 10.214898 5.029378
v 0.000012 10.214900 -6.953008
v 1.992812 10.018653 -6.953061
v 1.992809 10.018652 5.029435
v 3.909084 9.437407 -6.953090
v 3.909079 9.437407 5.029467
v 5.675109 8.493427 5.029452
v 5.675112 8.493426 -6.953077
v 7.223019 7.223022 -6.953016
v 7.223017 7.223022 5.029397
v 10.018672 -1.992885 -6.953086
v 10.018667 -1.992885 5.029469
v 9.437417 -3.909071 5.029467
v 9.437421 -3.909072 -6.953085
v -9.437399 3.909065 -6.953083
v -9.437401 3.909065 5.029446
v 6.005415 14.498212 -3.037764
v 3.061510 15.391213 -3.037766
v 5.868164 14.166918 -5.266373
v 2.991560 15.039509 -5.266376
v 8.319983 12.451713 -6.043770
v 5.730912 13.835621 -6.043770
v 8.519227 12.749914 -5.266371
v 5.459677 13.180680 -6.810336
v 7.926184 11.862349 -6.810354
v 2.783305 13.992545 -6.810339
v 2.921610 14.687802 -6.043772
v 2.438247 12.257792 -6.602600
v 0.000009 12.497907 -6.602582
v 0.000012 14.266736 -6.810330
v 0.000014 14.975635 -6.043771
v 0.000015 15.334205 -5.266378
v 0.000015 15.692771 -3.037772
v 8.039418 8.039414 -6.966218
v 6.372326 9.536832 -6.373398
v 8.110387 8.110378 -6.373400
v 6.316556 9.453387 -6.966213
v 4.389267 10.596672 -6.373398
v 4.350886 10.503964 -6.966208
v 2.237653 11.249393 -6.373395
v 2.218078 11.150947 -6.966203
v 0.000010 11.469783 -6.373398
v 0.000010 11.369460 -6.966214
v 2.237653 11.249393 -6.373395
v 0.000010 11.469783 -6.373398
v 6.372326 9.536832 -6.373398
v 8.837371 8.837357 -6.602590
v 8.110387 8.110378 -6.373400
v 6.943521 10.391697 -6.602611
v 14.687794 2.921589 -6.043769
v 15.334146 -0.000002 -5.266370
v 14.975523 -0.000002 -6.043772
v 15.039498 2.991542 -5.266371
v 14.166914 5.868146 -5.266370
v 15.391202 3.061495 -3.037761
v 14.498212 6.005398 -3.037759
v 13.835615 5.730895 -6.043768
v 13.180673 5.459662 -6.810338
v 13.992543 2.783287 -6.810338
v 12.451724 8.319963 -6.043772
v 11.862344 7.926162 -6.810350
v 11.546613 4.782794 -6.602603
v 10.391699 6.943504 -6.602607
v 10.088065 10.088142 -6.810338
v 9.536819 6.372311 -6.373395
v 9.536819 6.372311 -6.373395
v 9.453323 6.316538 -6.966205
v 10.596692 4.389354 -6.373395
v 10.596692 4.389354 -6.373395
v 10.503983 4.350904 -6.966204
v 11.249406 2.237633 -6.373395
v 11.150962 2.218060 -6.966206
v 12.257809 2.438234 -6.602600
v 11.249406 2.237633 -6.373395
v 11.469804 -0.000002 -6.373400
v 11.369485 -0.000002 -6.966222
v 12.497907 -0.000002 -6.602600
v 11.469804 -0.000002 -6.373400
v 14.266722 -0.000002 -6.810355
v 14.687792 -2.921594 -6.043768
v 15.039495 -2.991546 -5.266370
v 13.835624 -5.730899 -6.043765
v 14.166915 -5.868152 -5.266368
v 13.992542 -2.783292 -6.810338
v 13.180670 -5.459665 -6.810331
v 12.451710 -8.319969 -6.043773
v 11.862382 -7.926168 -6.810359
v 10.589362 -10.589343 -6.043766
v 10.088051 -10.088152 -6.810331
v 10.391717 -6.943509 -6.602611
v 8.837362 -8.837370 -6.602584
v 9.536852 -6.372313 -6.373393
v 8.110403 -8.110385 -6.373398
v 12.257809 -2.438238 -6.602600
v 11.546613 -4.782793 -6.602600
v 10.596691 -4.389356 -6.373391
v 11.249413 -2.237637 -6.373395
v 6.372318 -9.536840 -6.373393
v 8.039434 -8.039421 -6.966218
v 8.110403 -8.110385 -6.373398
v 6.316543 -9.453397 -6.966209
v 9.536852 -6.372313 -6.373393
v 9.453341 -6.316541 -6.966206
v 10.596691 -4.389356 -6.373391
v 10.503983 -4.350909 -6.966201
v 11.249413 -2.237637 -6.373395
v 11.150968 -2.218064 -6.966207
v 4.389251 -10.596684 -6.373391
v 4.350874 -10.503974 -6.966203
v 11.096500 -11.096480 -3.037759
v 8.718474 -13.048120 -3.037752
v 8.519231 -12.749921 -5.266366
v 10.842931 -10.842912 -5.266369
v 8.319986 -12.451720 -6.043767
v 7.926182 -11.862358 -6.810350
v 6.943506 -10.391706 -6.602606
v 6.372318 -9.536840 -6.373393
v 6.005417 -14.498223 -3.037758
v 5.868166 -14.166927 -5.266368
v 5.730915 -13.835629 -6.043764
v 5.459681 -13.180687 -6.810331
v 4.782691 -11.546603 -6.602590
v 4.389251 -10.596684 -6.373391
v 2.237643 -11.249402 -6.373391
v 2.438237 -12.257801 -6.602595
v 2.237643 -11.249402 -6.373391
v 2.218064 -11.150957 -6.966197
v 0.000000 -11.469793 -6.373395
v 0.000001 -11.369468 -6.966211
v 0.000006 -12.497920 -6.602579
v 0.000000 -11.469793 -6.373395
v 2.783308 -13.992555 -6.810334
v -0.000000 -14.266747 -6.810327
v 2.921612 -14.687813 -6.043766
v 3.061512 -15.391222 -3.037761
v 2.991562 -15.039519 -5.266370
v 0.000016 -14.975642 -6.043766
v 0.000017 -15.692771 -3.037766
v 0.000016 -15.334208 -5.266373
v 13.048020 -8.718457 -3.037760
v 14.498207 -6.005403 -3.037758
v 15.391198 -3.061500 -3.037760
v 15.692764 -0.000002 -3.037755
v 12.749866 -8.519213 -5.266373
v 4.782701 11.546596 -6.602593
v 4.389267 10.596672 -6.373398
v 10.589364 10.589333 -6.043769
v 12.749874 8.519208 -5.266374
v 13.048020 8.718451 -3.037763
v 10.842930 10.842903 -5.266373
v 11.096496 11.096472 -3.037764
v 8.718471 13.048114 -3.037759
v -2.921581 -14.687812 -6.043769
v -5.730903 -13.835631 -6.043768
v -5.459667 -13.180690 -6.810335
v -2.783287 -13.992555 -6.810338
v -2.991533 -15.039519 -5.266372
v -5.868154 -14.166927 -5.266371
v -3.061485 -15.391223 -3.037762
v -2.438246 -12.257801 -6.602598
v -4.782701 -11.546603 -6.602593
v -6.943512 -10.391704 -6.602612
v -7.926167 -11.862359 -6.810358
v -6.372314 -9.536842 -6.373398
v -4.389262 -10.596684 -6.373395
v -8.837352 -8.837367 -6.602593
v -8.110376 -8.110385 -6.373403
v -2.237634 -11.249403 -6.373391
v -6.316543 -9.453397 -6.966212
v -4.389262 -10.596684 -6.373395
v -6.372314 -9.536842 -6.373398
v -4.350880 -10.503974 -6.966204
v -2.237634 -11.249403 -6.373391
v -2.218063 -11.150957 -6.966200
v -8.039410 -8.039423 -6.966218
v -8.110376 -8.110385 -6.373403
v -9.536808 -6.372313 -6.373396
v -9.453295 -6.316541 -6.966206
v -10.596661 -4.389357 -6.373396
v -10.503950 -4.350909 -6.966204
v -11.249386 -2.237637 -6.373399
v -11.150936 -2.218065 -6.966209
v -11.469800 -0.000003 -6.373404
v -11.369471 -0.000003 -6.966220
v -11.249386 -2.237637 -6.373399
v -11.546584 -4.782795 -6.602601
v -12.257781 -2.438239 -6.602601
v -10.596661 -4.389357 -6.373396
v -10.391680 -6.943508 -6.602610
v -9.536808 -6.372313 -6.373396
v -13.180683 -5.459664 -6.810342
v -13.992556 -2.783292 -6.810343
v -11.862327 -7.926170 -6.810352
v -10.088041 -10.088153 -6.810342
v -8.319953 -12.451721 -6.043773
v -12.497910 -0.000003 -6.602602
v -14.266737 -0.000003 -6.810359
v -12.451710 -8.319970 -6.043777
v -13.835613 -5.730900 -6.043773
v -14.687801 -2.921594 -6.043775
v -14.975545 -0.000003 -6.043779
v -14.687799 2.921588 -6.043775
v -13.992547 2.783286 -6.810343
v -12.257785 2.438233 -6.602602
v -11.249383 2.237632 -6.373399
v -11.469800 -0.000003 -6.373404
v -10.596681 4.389354 -6.373399
v -11.546593 4.782793 -6.602604
v -13.180689 5.459659 -6.810345
v -9.453313 6.316538 -6.966210
v -10.596681 4.389354 -6.373399
v -9.536825 6.372309 -6.373400
v -10.503959 4.350904 -6.966209
v -11.249383 2.237632 -6.373399
v -11.150940 2.218059 -6.966211
v -10.391691 6.943504 -6.602618
v -9.536825 6.372309 -6.373400
v -8.837343 8.837362 -6.602596
v -8.110393 8.110378 -6.373406
v -11.862341 7.926162 -6.810363
v -10.088027 10.088142 -6.810344
v -6.943502 10.391695 -6.602614
v -7.926156 11.862348 -6.810359
v -5.459656 13.180680 -6.810338
v -4.782690 11.546592 -6.602595
v -8.319949 12.451711 -6.043775
v -5.730906 13.835620 -6.043773
v -2.921576 14.687802 -6.043775
v -2.783282 13.992544 -6.810341
v -10.589325 10.589333 -6.043776
v -6.372299 9.536832 -6.373400
v -4.389246 10.596671 -6.373399
v -2.438222 12.257792 -6.602601
v -2.237618 11.249393 -6.373395
v -6.316535 9.453388 -6.966214
v -4.389246 10.596671 -6.373399
v -4.350869 10.503964 -6.966208
v -6.372299 9.536832 -6.373400
v -8.039426 8.039416 -6.966223
v -8.110393 8.110378 -6.373406
v -2.237618 11.249393 -6.373395
v -2.218046 11.150947 -6.966204
v -3.061479 15.391211 -3.037767
v -6.005386 14.498212 -3.037768
v -2.991528 15.039508 -5.266377
v -11.096453 11.096469 -3.037769
v -13.047995 8.718449 -3.037769
v -8.718435 13.048111 -3.037762
v -5.868146 14.166918 -5.266376
v -8.519193 12.749913 -5.266375
v -10.842891 10.842901 -5.266378
v -12.749846 8.519206 -5.266382
v -14.498211 6.005398 -3.037768
v -12.451694 8.319963 -6.043783
v -14.166914 5.868146 -5.266378
v -15.391210 3.061494 -3.037768
v -15.391198 -3.061500 -3.037768
v -14.498193 -6.005403 -3.037768
v -15.039500 -2.991547 -5.266377
v -14.166903 -5.868152 -5.266376
v -13.048009 -8.718458 -3.037765
v -12.749860 -8.519215 -5.266377
v -11.096461 -11.096482 -3.037763
v -10.589328 -10.589343 -6.043772
v -10.842896 -10.842912 -5.266374
v -8.718439 -13.048122 -3.037756
v -6.005405 -14.498223 -3.037762
v -8.519197 -12.749923 -5.266370
v -6.227561 -9.320240 -7.059532
v -7.926167 -7.926182 -7.059533
v -5.734600 -8.582486 -7.058035
v -7.298750 -7.298766 -7.057999
v -9.320113 -6.227556 -7.059515
v -8.582447 -5.734609 -7.058018
v -10.355998 -4.289597 -7.059525
v -9.536337 -3.950061 -7.058034
v -10.993855 -2.186830 -7.059527
v -10.123693 -2.013774 -7.058028
v -11.209335 -0.000003 -7.059542
v -10.322001 -0.000003 -7.058017
v 10.993888 -2.186830 -7.059527
v 9.536368 -3.950062 -7.058039
v 10.123717 -2.013773 -7.058041
v 10.356032 -4.289598 -7.059524
v 8.582489 -5.734609 -7.058033
v 9.320156 -6.227556 -7.059517
v 7.298782 -7.298766 -7.057998
v 7.926191 -7.926181 -7.059533
v 6.227559 -9.320240 -7.059528
v 5.734603 -8.582484 -7.058025
v 4.289598 -10.356020 -7.059529
v 3.950065 -9.536362 -7.058039
v -9.320131 6.227552 -7.059523
v -7.298763 7.298755 -7.058008
v -8.582475 5.734606 -7.058042
v -7.926184 7.926176 -7.059538
v 2.013712 10.123696 -7.058019
v 0.000011 11.209326 -7.059531
v 2.186831 10.993869 -7.059520
v 0.000012 10.322001 -7.057976
v -2.013682 10.123693 -7.058018
v -2.186800 10.993869 -7.059521
v -3.950048 9.536357 -7.058042
v -4.289590 10.356010 -7.059534
v -5.734589 8.582476 -7.058037
v -6.227554 9.320231 -7.059535
v 5.734615 8.582478 -7.058034
v 7.926174 7.926173 -7.059529
v 7.298751 7.298754 -7.057982
v 6.227574 9.320230 -7.059533
v 4.289607 10.356012 -7.059534
v 3.950074 9.536357 -7.058045
v 9.320149 6.227552 -7.059518
v 8.582487 5.734605 -7.058032
v 10.356032 4.289592 -7.059526
v 9.536371 3.950056 -7.058044
v 10.993884 2.186826 -7.059526
v 10.123713 2.013769 -7.058038
v 10.322015 -0.000002 -7.058030
v 11.209353 -0.000002 -7.059547
v -10.123693 2.013768 -7.058030
v -10.993861 2.186825 -7.059529
v -9.536346 3.950056 -7.058038
v -10.356002 4.289592 -7.059528
v -13.835616 5.730894 -6.043775
v -15.039505 2.991541 -5.266378
v -15.692767 -0.000003 -3.037764
v -15.334157 -0.000003 -5.266378
v 2.186814 -10.993879 -7.059514
v 2.013698 -10.123702 -7.058012
v 0.000002 -11.209333 -7.059527
v 0.000003 -10.322010 -7.057973
v -2.013702 -10.123705 -7.058017
v -2.186818 -10.993879 -7.059518
v -3.950063 -9.536360 -7.058041
v -4.289600 -10.356020 -7.059530
v 5.329799 12.867151 6.195592
v -0.000002 -13.927378 6.195580
v -12.867164 5.329785 6.195587
vt 0.3303 0.1133
vt 0.4131 0.1294
vt 0.3726 0.1172
vt 0.4832 0.4819
vt 0.4131 0.5288
vt 0.4504 0.5088
vt 0.3303 0.5452
vt 0.5464 0.3291
vt 0.4832 0.1763
vt 0.4504 0.1494
vt 0.3726 0.5413
vt 0.5298 0.2466
vt 0.5420 0.2871
vt 0.5098 0.2090
vt 0.5298 0.4121
vt 0.5098 0.4492
vt 0.5420 0.3716
vt 0.4553 0.6311
vt 0.5039 0.5889
vt 0.5117 0.6008
vt 0.4500 0.6177
vt 0.3940 0.6497
vt 0.3914 0.6355
vt 0.6187 0.4487
vt 0.5762 0.3779
vt 0.6367 0.3901
vt 0.5620 0.4253
vt 0.5898 0.5027
vt 0.5386 0.4688
vt 0.5513 0.5500
vt 0.5073 0.5063
vt 0.4697 0.5376
vt 0.4263 0.5608
vt 0.6509 0.3931
vt 0.6426 0.3291
vt 0.6572 0.3291
vt 0.6323 0.4546
vt 0.6021 0.5107
vt 0.5615 0.5603
vt 0.5898 0.1558
vt 0.5073 0.1519
vt 0.5513 0.1084
vt 0.5386 0.1899
vt 0.6187 0.2095
vt 0.5620 0.2334
vt 0.6367 0.2686
vt 0.5762 0.2803
vt 0.5811 0.3291
vt 0.5615 0.0981
vt 0.5039 0.0693
vt 0.5117 0.0576
vt 0.6021 0.1475
vt 0.6323 0.2041
vt 0.6509 0.2656
vt 0.3303 0.0171
vt 0.2815 0.0835
vt 0.2693 0.0229
vt 0.3303 0.0786
vt 0.3914 0.0229
vt 0.3792 0.0835
vt 0.4497 0.0405
vt 0.4263 0.0977
vt 0.4697 0.1211
vt 0.2666 0.0088
vt 0.2109 0.0405
vt 0.2053 0.0273
vt 0.3303 0.0024
vt 0.3940 0.0088
vt 0.4553 0.0273
vt 0.0707 0.1558
vt 0.0989 0.2334
vt 0.0419 0.2100
vt 0.1220 0.1899
vt 0.1096 0.1084
vt 0.1532 0.1519
vt 0.1569 0.0698
vt 0.1912 0.1211
vt 0.2345 0.0977
vt 0.0284 0.2041
vt 0.0240 0.2686
vt 0.0099 0.2656
vt 0.0587 0.1475
vt 0.0994 0.0981
vt 0.1488 0.0576
vt 0.0419 0.4487
vt 0.1220 0.4688
vt 0.0707 0.5027
vt 0.0989 0.4253
vt 0.0242 0.3901
vt 0.0846 0.3784
vt 0.0181 0.3291
vt 0.0798 0.3291
vt 0.0846 0.2803
vt 0.0587 0.5107
vt 0.1096 0.5500
vt 0.0994 0.5603
vt 0.0284 0.4546
vt 0.0099 0.3931
vt 0.0037 0.3291
vt 0.2695 0.6355
vt 0.3303 0.5798
vt 0.3303 0.6416
vt 0.2815 0.5750
vt 0.2109 0.6177
vt 0.2345 0.5608
vt 0.1569 0.5889
vt 0.1912 0.5376
vt 0.1532 0.5063
vt 0.3303 0.5344
vt 0.2903 0.5305
vt 0.2520 0.5188
vt 0.2164 0.5000
vt 0.1853 0.4746
vt 0.1598 0.4434
vt 0.1407 0.4077
vt 0.1292 0.3691
vt 0.3303 0.3291
vt 0.1252 0.3291
vt 0.1292 0.2891
vt 0.4089 0.1396
vt 0.4443 0.1587
vt 0.3704 0.1279
vt 0.3303 0.1240
vt 0.2903 0.1279
vt 0.2520 0.1396
vt 0.2164 0.1587
vt 0.1853 0.1841
vt 0.1598 0.2153
vt 0.1407 0.2505
vt 0.4753 0.1841
vt 0.5010 0.2153
vt 0.5200 0.2505
vt 0.4753 0.4746
vt 0.4443 0.5000
vt 0.5010 0.4434
vt 0.5200 0.4077
vt 0.5312 0.3691
vt 0.5356 0.3291
vt 0.5312 0.2891
vt 0.4089 0.5188
vt 0.3792 0.5750
vt 0.3704 0.5305
vt 0.3303 0.6560
vt 0.2666 0.6497
vt 0.2053 0.6311
vt 0.1488 0.6008
vt 0.4556 0.3784
vt 0.4556 0.3701
vt 0.4441 0.3784
vt 0.4670 0.3701
vt 0.4670 0.3784
vt 0.4783 0.3701
vt 0.4783 0.3784
vt 0.4897 0.3784
vt 0.4783 0.3677
vt 0.4897 0.3701
vt 0.5010 0.3784
vt 0.4897 0.3677
vt 0.4783 0.2866
vt 0.5010 0.3701
vt 0.5127 0.3784
vt 0.5127 0.3701
vt 0.5010 0.3677
vt 0.5127 0.3677
vt 0.5127 0.2866
vt 0.5010 0.2866
vt 0.4897 0.2866
vt 0.4211 0.3677
vt 0.4211 0.3701
vt 0.4326 0.3701
vt 0.4326 0.3677
vt 0.4441 0.3701
vt 0.4441 0.3677
vt 0.4556 0.3677
vt 0.4556 0.2866
vt 0.4670 0.2866
vt 0.4670 0.3677
vt 0.4211 0.2866
vt 0.4097 0.2866
vt 0.4326 0.2866
vt 0.4441 0.2866
vt 0.3984 0.2866
vt 0.4097 0.3677
vt 0.3984 0.3677
vt 0.3870 0.2866
vt 0.3870 0.3677
vt 0.3755 0.3677
vt 0.3870 0.3701
vt 0.3984 0.3701
vt 0.4097 0.3701
vt 0.3755 0.2866
vt 0.3640 0.2866
vt 0.3640 0.3677
vt 0.3755 0.3701
vt 0.3870 0.3784
vt 0.3984 0.3784
vt 0.4097 0.3784
vt 0.3413 0.3784
vt 0.3413 0.3701
vt 0.3298 0.3784
vt 0.3525 0.3701
vt 0.3525 0.3677
vt 0.3640 0.3701
vt 0.3755 0.3784
vt 0.3640 0.3784
vt 0.3525 0.3784
vt 0.3184 0.3701
vt 0.3069 0.3701
vt 0.3184 0.3784
vt 0.3298 0.3701
vt 0.3413 0.3677
vt 0.3413 0.2866
vt 0.3525 0.2866
vt 0.3298 0.2866
vt 0.2954 0.3677
vt 0.2954 0.3701
vt 0.3069 0.3677
vt 0.2954 0.2866
vt 0.3069 0.2866
vt 0.3184 0.3677
vt 0.3184 0.2866
vt 0.3298 0.3677
vt 0.2612 0.3784
vt 0.2612 0.3701
vt 0.2499 0.3784
vt 0.2727 0.3701
vt 0.2727 0.3784
vt 0.2842 0.3701
vt 0.2842 0.3784
vt 0.2954 0.3784
vt 0.3069 0.3784
vt 0.2842 0.2866
vt 0.2842 0.3677
vt 0.2727 0.3677
vt 0.2612 0.3677
vt 0.2612 0.2866
vt 0.2499 0.2866
vt 0.2727 0.2866
vt 0.2156 0.3677
vt 0.2269 0.3677
vt 0.2156 0.2866
vt 0.2269 0.2866
vt 0.2384 0.3677
vt 0.2384 0.2866
vt 0.2499 0.3677
vt 0.2499 0.3701
vt 0.2384 0.3701
vt 0.2269 0.3701
vt 0.2384 0.3784
vt 0.2269 0.3784
vt 0.2156 0.3784
vt 0.1813 0.3784
vt 0.1813 0.3701
vt 0.1698 0.3784
vt 0.1927 0.3784
vt 0.1927 0.3701
vt 0.2041 0.3784
vt 0.2041 0.3701
vt 0.2156 0.3701
vt 0.1698 0.3701
vt 0.1584 0.3784
vt 0.1813 0.3677
vt 0.1927 0.3677
vt 0.2041 0.3677
vt 0.2041 0.2866
vt 0.1927 0.2866
vt 0.1813 0.2866
vt 0.1698 0.3677
vt 0.1584 0.3701
vt 0.1584 0.3677
vt 0.1698 0.2866
vt 0.1584 0.2866
vt 0.1470 0.2866
vt 0.1470 0.3677
vt 0.1470 0.3701
vt 0.1470 0.3784
vt -0.8071 1.0453
vt -0.9321 0.9367
vt -0.8071 0.9367
vt -0.9321 1.0453
vt -0.8071 1.0802
vt -0.6826 1.0802
vt -0.9321 1.0802
vt -1.0576 1.0453
vt -1.0576 0.9367
vt -1.1836 1.0453
vt -1.1836 0.9367
vt -1.1836 1.0802
vt -1.0576 1.0802
vt -1.0576 0.8671
vt -0.9321 0.8671
vt -1.1836 0.8671
vt -1.3096 0.9367
vt -1.3096 1.0453
vt -1.3096 1.0802
vt -1.4355 1.0802
vt -1.4355 1.0453
vt -1.5615 1.0802
vt -1.3096 0.8671
vt -1.4355 0.9367
vt -0.8071 0.8671
vt -0.8071 0.8051
vt -0.6826 0.8671
vt -0.9321 0.8051
vt -1.0576 0.8051
vt -1.1836 0.8051
vt -1.3096 0.8051
vt -1.4355 0.8051
vt -1.3096 0.6379
vt -1.4355 0.6379
vt -1.1836 0.6379
vt -1.1836 0.4595
vt -1.0576 0.6379
vt -1.0576 0.4595
vt -1.1836 0.2808
vt -0.9321 0.6379
vt -0.9321 0.4595
vt -1.0576 0.2808
vt -1.1826 0.1323
vt -1.0576 0.0825
vt -1.0566 0.1323
vt -1.1836 0.0825
vt -0.9321 0.2808
vt -0.8071 0.4595
vt -0.8071 0.6379
vt -1.1836 0.0225
vt -1.0576 0.0225
vt -0.6826 0.2808
vt -0.8071 0.2808
vt -0.6821 0.1323
vt -0.8066 0.1323
vt -0.6821 0.0825
vt -0.8071 0.0825
vt -0.8071 0.0225
vt -0.9321 0.0825
vt -0.9321 0.0225
vt -0.5586 0.1323
vt -0.5591 0.2808
vt -0.5591 0.0825
vt -0.6826 0.0225
vt -0.8071 -0.0205
vt -0.6826 -0.0205
vt -0.6826 -0.0986
vt -0.5591 -0.0205
vt -0.5591 0.0225
vt -0.4375 0.0825
vt -0.4373 0.1323
vt -0.4377 0.2808
vt -0.4377 0.0225
vt -0.4377 -0.0205
vt -0.4377 -0.0986
vt -0.5591 -0.0986
vt -0.3196 0.2808
vt -0.3196 0.4595
vt -0.4377 0.4595
vt -0.3191 0.1323
vt -0.3193 0.0825
vt -0.3196 0.0225
vt -0.2065 0.4595
vt -0.2065 0.2808
vt -0.2062 0.1323
vt -0.2063 0.0825
vt -0.2065 0.0225
vt -0.3196 -0.0205
vt -0.1003 0.0225
vt -0.2065 -0.0205
vt -0.1003 -0.0205
vt -0.3196 -0.0986
vt -0.2065 -0.0986
vt -0.1003 -0.0986
vt 0.0000 -0.0205
vt 0.0000 0.0225
vt -0.1002 0.0825
vt 0.0000 -0.0986
vt 0.0000 0.0830
vt 0.0000 0.1323
vt -0.1000 0.1323
vt 0.0000 0.2808
vt -0.1003 0.2808
vt 0.0000 0.4595
vt -0.1003 0.4595
vt -0.1003 0.6379
vt -0.2065 0.6379
vt 0.0000 0.6379
vt -0.3196 0.6379
vt -0.5591 0.4595
vt -0.4377 0.6379
vt -0.3196 0.8051
vt -0.2065 0.8051
vt -0.1003 0.8051
vt -0.2065 0.9367
vt -0.2065 0.8671
vt -0.1003 0.9367
vt -0.1003 0.8671
vt -0.3196 0.8671
vt -0.4377 0.8051
vt -0.5591 0.6379
vt -0.3196 0.9367
vt -0.4377 0.8671
vt -0.5591 0.8051
vt -0.6826 0.6379
vt -0.6826 0.4595
vt -0.6826 0.8051
vt -0.5591 0.8671
vt -0.5591 0.9367
vt -0.4377 0.9367
vt -0.4377 1.0453
vt -0.3196 1.0453
vt -0.2065 1.0453
vt -0.1003 1.0453
vt -0.1003 1.0802
vt -0.2065 1.0802
vt -0.3196 1.0802
vt -0.4377 1.0802
vt -0.5591 1.0453
vt -0.6826 0.9367
vt -0.6826 1.0453
vt -0.5591 1.0802
vt -1.5615 0.0225
vt -1.6875 0.0225
vt -1.5615 -0.0205
vt -1.4355 -0.0205
vt -1.4355 0.0225
vt -1.3096 -0.0205
vt -1.4355 -0.0986
vt -1.5615 -0.0986
vt -1.6875 -0.0205
vt -1.8135 -0.0205
vt -1.8135 0.0225
vt -1.9395 0.0225
vt -1.3096 -0.0986
vt -1.1836 -0.0986
vt -1.6875 -0.0986
vt -1.8135 -0.0986
vt -1.9395 -0.0986
vt -1.9395 -0.0205
vt -2.0645 0.0225
vt -2.0645 0.0825
vt -2.1914 0.0825
vt -2.0645 0.1323
vt -2.1914 0.0225
vt -2.1914 -0.0205
vt -2.3164 -0.0205
vt -2.4434 -0.0986
vt -2.4434 -0.0205
vt -2.3164 -0.0986
vt -2.1914 -0.0986
vt -2.0645 -0.0205
vt -2.0645 -0.0986
vt -2.4434 0.0225
vt -2.3164 0.0225
vt -2.5684 0.0225
vt -2.5684 -0.0205
vt -2.5684 -0.0986
vt -2.6953 -0.0986
vt -2.4434 0.0825
vt -2.6953 -0.0205
vt -2.6953 0.0225
vt -2.8203 -0.0205
vt -2.8203 -0.0986
vt -2.9453 -0.0986
vt -2.9453 -0.0205
vt -2.6953 0.2808
vt -2.5684 0.1323
vt -2.5684 0.2808
vt -2.6953 0.1323
vt -2.5684 0.0825
vt -2.6953 0.0825
vt -2.8203 0.0225
vt -2.9453 0.0225
vt -3.0703 -0.0205
vt -3.0703 0.0225
vt -3.0703 -0.0986
vt -3.1934 -0.0986
vt -3.1934 -0.0205
vt -3.1934 0.0225
vt -2.8203 0.1323
vt -2.8203 0.2808
vt -2.8203 0.0825
vt -2.9453 0.0825
vt -3.0703 0.0825
vt -3.1934 0.0825
vt -3.0703 0.1323
vt -2.9453 0.1323
vt -2.9453 0.2808
vt -3.4336 -0.0205
vt -3.3164 0.0225
vt -3.4336 0.0225
vt -3.3164 0.0825
vt -3.1934 0.1323
vt -3.0703 0.2808
vt -2.9453 0.4595
vt -2.8203 0.4595
vt -3.1934 0.2808
vt -3.3145 0.1323
vt -3.3164 0.2808
vt -3.1934 0.4595
vt -3.0703 0.4595
vt -3.3164 0.4595
vt -3.4336 0.1323
vt -3.4336 0.2808
vt -3.4336 0.4595
vt -3.3164 0.6379
vt -3.1934 0.6379
vt -3.0703 0.6379
vt -3.1934 0.8051
vt -3.3164 0.8051
vt -3.4336 0.6379
vt -3.5469 0.4595
vt -3.5469 0.2808
vt -3.5469 0.1323
vt -3.4336 0.0825
vt -3.5469 0.0825
vt -3.1934 0.8671
vt -3.3164 0.8671
vt -3.4336 0.8051
vt -3.5469 0.6379
vt -3.6523 0.4595
vt -3.6543 0.2808
vt -3.7617 0.0825
vt -3.7617 0.0225
vt -3.6523 0.0825
vt -3.7617 0.1323
vt -3.6523 0.1323
vt -3.7617 0.2808
vt -3.7617 0.4595
vt -3.6543 0.6379
vt -3.5469 0.8051
vt -3.8809 0.6379
vt -3.7617 0.6379
vt -3.8809 0.8051
vt -3.8809 0.4595
vt -3.8809 0.2808
vt -3.8809 0.1323
vt -3.8809 0.0825
vt -3.8809 0.0225
vt -3.6543 0.0225
vt -3.7617 -0.0205
vt -3.8809 -0.0205
vt -3.8809 -0.0986
vt -3.7617 -0.0986
vt -3.6543 -0.0205
vt -3.6543 -0.0986
vt -3.5469 -0.0205
vt -3.5469 0.0225
vt -3.5469 -0.0986
vt -3.4336 -0.0986
vt -3.3164 -0.0205
vt -3.3164 -0.0986
vt -1.6875 0.9367
vt -1.8135 0.8671
vt -1.6875 0.8671
vt -1.8135 0.9367
vt -1.8135 0.8051
vt -1.6875 0.8051
vt -1.9395 0.8671
vt -1.9395 0.9367
vt -1.8135 1.0453
vt -1.6875 1.0453
vt -1.5615 1.0453
vt -1.5615 0.9367
vt -1.5615 0.8671
vt -1.4355 0.8671
vt -1.5615 0.8051
vt -1.5615 0.6379
vt -1.6875 0.6379
vt -1.8135 0.6379
vt -1.9395 0.8051
vt -2.0645 0.8671
vt -2.0645 0.8051
vt -1.9395 0.6379
vt -1.8135 0.4595
vt -1.6875 0.4595
vt -1.5615 0.4595
vt -1.4355 0.4595
vt -1.3096 0.2808
vt -1.3096 0.4595
vt -1.4355 0.2808
vt -1.5615 0.2808
vt -1.6875 0.2808
vt -1.8135 0.2808
vt -1.6865 0.1323
vt -1.8135 0.1323
vt -1.6875 0.0825
vt -1.8135 0.0825
vt -1.3086 0.1323
vt -1.4346 0.1323
vt -1.5605 0.1323
vt -1.5615 0.0825
vt -1.3096 0.0825
vt -1.4355 0.0825
vt -1.9395 0.0825
vt -1.9395 0.1323
vt -1.9395 0.2808
vt -2.0645 0.2808
vt -1.9395 0.4595
vt -2.0645 0.4595
vt -2.0645 0.6379
vt -2.1914 0.6379
vt -2.1914 0.1323
vt -2.1914 0.2808
vt -2.1914 0.4595
vt -2.3164 0.6379
vt -2.3164 0.8051
vt -2.4434 0.6379
vt -2.4434 0.4595
vt -2.1914 0.8051
vt -2.3164 0.8671
vt -2.4434 0.8051
vt -2.5684 0.6379
vt -2.5684 0.4595
vt -2.6953 0.4595
vt -2.3164 0.9367
vt -2.4434 0.8671
vt -2.5684 0.8051
vt -2.6953 0.6379
vt -2.4434 0.9367
vt -2.9453 0.6379
vt -2.8203 0.6379
vt -2.6953 0.8051
vt -2.5684 0.8671
vt -2.5684 0.9367
vt -2.6953 0.8671
vt -2.8203 0.8051
vt -2.9453 0.8051
vt -3.0703 0.8051
vt -2.5684 1.0453
vt -2.6953 0.9367
vt -2.8203 0.8671
vt -2.9453 0.8671
vt -3.0703 0.8671
vt -2.8203 0.9367
vt -2.6953 1.0453
vt -2.8203 1.0453
vt -2.9453 0.9367
vt -3.0703 0.9367
vt -3.1934 1.0453
vt -3.0703 1.0453
vt -2.9453 1.0453
vt -2.9453 1.0802
vt -2.8203 1.0802
vt -2.6953 1.0802
vt -2.4434 1.0802
vt -2.5684 1.0802
vt -2.0645 1.0453
vt -2.0645 0.9367
vt -1.9395 1.0453
vt -2.1914 1.0453
vt -2.0645 1.0802
vt -2.1914 1.0802
vt -2.3164 1.0453
vt -2.3164 1.0802
vt -2.4434 1.0453
vt -1.9395 1.0802
vt -2.1914 0.9367
vt -2.1914 0.8671
vt 0.4556 0.3691
vt 0.4556 0.3735
vt 0.4441 0.3691
vt 0.4441 0.3735
vt 0.4326 0.3691
vt 0.4326 0.3735
vt 0.4214 0.3691
vt 0.4099 0.3691
vt 0.4099 0.3735
vt 0.4214 0.3735
vt 0.4211 0.3784
vt 0.4326 0.3784
vt 0.4670 0.3735
vt 0.3870 0.3735
vt 0.3984 0.3735
vt 0.3525 0.3735
vt 0.3640 0.3735
vt 0.3755 0.3735
vt 0.3870 0.3691
vt 0.3984 0.3691
vt 0.3298 0.3735
vt 0.3298 0.3691
vt 0.3413 0.3735
vt 0.3413 0.3691
vt 0.3525 0.3691
vt 0.3640 0.3691
vt 0.3755 0.3691
vt 0.3069 0.3735
vt 0.2954 0.3735
vt 0.3069 0.3691
vt 0.3184 0.3691
vt 0.3184 0.3735
vt 0.2383 0.3735
vt 0.2498 0.3735
vt 0.2612 0.3735
vt 0.2727 0.3735
vt 0.2839 0.3735
vt 0.2498 0.3691
vt 0.2383 0.3691
vt 0.2612 0.3691
vt 0.2727 0.3691
vt 0.2839 0.3691
vt 0.2954 0.3691
vt 0.1926 0.3691
vt 0.1926 0.3735
vt 0.1812 0.3691
vt 0.2040 0.3691
vt 0.2040 0.3735
vt 0.2155 0.3691
vt 0.2155 0.3735
vt 0.2269 0.3691
vt 0.2269 0.3735
vt 0.1812 0.3735
vt 0.1697 0.3735
vt 0.1582 0.3735
vt 0.1469 0.3735
vt 0.1469 0.3691
vt 0.1582 0.3691
vt 0.1697 0.3691
vt -3.4336 0.9367
vt -3.5469 0.9367
vt -3.4336 0.8671
vt -3.3164 0.9367
vt -3.4336 1.0453
vt -3.5469 1.0453
vt -3.6543 0.9367
vt -3.6543 1.0453
vt -3.1934 0.9367
vt -3.3164 1.0453
vt -3.4336 1.0802
vt -3.5469 1.0802
vt -3.6543 1.0802
vt -3.3164 1.0802
vt -3.1934 1.0802
vt -3.0703 1.0802
vt -3.7617 1.0453
vt -3.7617 0.9367
vt -3.7617 0.8671
vt -3.8809 0.9367
vt -3.8809 0.8671
vt -3.7617 0.8051
vt -3.8809 1.0453
vt -3.8809 1.0802
vt -3.7617 1.0802
vt -3.6543 0.8051
vt -3.6543 0.8671
vt -3.5469 0.8671
vt -0.9316 0.1323
vt 0.6626 0.4326
vt 0.6646 0.5156
vt 0.6807 0.4316
vt 0.6821 0.5144
vt 0.6680 0.5525
vt 0.6860 0.5522
vt 0.7231 0.5427
vt 0.6938 0.5730
vt 0.7300 0.5583
vt 0.7148 0.6050
vt 0.7461 0.5903
vt 0.7812 0.5757
vt 0.7651 0.5444
vt 0.7983 0.5271
vt 0.7578 0.5298
vt 0.7432 0.4976
vt 0.7134 0.5085
vt 0.7134 0.4209
vt 0.6968 0.4277
vt 0.8174 0.5569
vt 0.8511 0.5330
vt 0.7441 0.4019
vt 0.7578 0.3896
vt 0.7329 0.3882
vt 0.7202 0.3975
vt 0.7295 0.4126
vt 0.7061 0.4048
vt 0.6914 0.4106
vt 0.6763 0.4150
vt 0.7710 0.4829
vt 0.7896 0.5129
vt 0.7969 0.4648
vt 0.8198 0.4434
vt 0.7695 0.3765
vt 0.8403 0.4189
vt 0.8452 0.4678
vt 0.8188 0.4922
vt 0.8691 0.4399
vt 0.8818 0.4512
vt 0.8564 0.4800
vt 0.8291 0.5054
vt 0.8809 0.5056
vt 0.9062 0.4771
vt 0.9307 0.4526
vt 0.9072 0.4224
vt 0.8906 0.4077
vt 0.8560 0.3916
vt 0.7783 0.3623
vt 0.7549 0.3657
vt 0.7446 0.3774
vt 0.7642 0.3525
vt 0.8970 0.3906
vt 0.8633 0.3755
vt 0.7856 0.3462
vt 0.9819 0.0190
vt 0.9814 0.0195
vt 0.9849 0.0210
vt 0.9727 0.0220
vt 0.9741 0.0249
vt 0.9751 0.0200
vt 0.9780 0.0220
vt 0.9736 0.0161
vt 0.9736 0.0146
vt 0.9761 0.0107
vt 0.9849 0.0151
vt 0.9883 0.0176
vt 0.9946 0.0254
vt 0.9839 0.0220
vt 0.9824 0.0249
vt 0.9907 0.0278
vt 0.9966 0.0298
vt 0.9917 0.0308
vt 0.9893 0.0278
vt 0.9912 0.0312
vt 0.9927 0.0396
vt 0.9971 0.0400
vt 0.9917 0.0430
vt 0.9961 0.0449
vt 0.9854 0.0283
vt 0.9917 0.0396
vt 0.9902 0.0430
vt 0.9883 0.0332
vt 0.9883 0.0376
vt 0.9868 0.0430
vt 0.9858 0.0498
vt 0.9868 0.0508
vt 0.9907 0.0532
vt 0.9883 0.0566
vt 0.9844 0.0537
vt 0.9834 0.0527
vt 0.9839 0.0464
vt 0.9834 0.0420
vt 0.9854 0.0376
vt 0.9819 0.0371
vt 0.9814 0.0347
vt 0.9805 0.0498
vt 0.9805 0.0444
vt 0.9761 0.0474
vt 0.9854 0.0337
vt 0.9067 0.0366
vt 0.9746 0.0312
vt 0.9058 0.0327
vt 0.9746 0.0352
vt 0.9775 0.0312
vt 0.9780 0.0347
vt 0.9800 0.0308
vt 0.9824 0.0298
vt 0.9766 0.0283
vt 0.9780 0.0283
vt 0.9795 0.0273
vt 0.9019 0.0259
vt 0.9023 0.0229
vt 0.9043 0.0298
vt 0.9746 0.0288
vt 0.8755 0.0254
vt 0.8774 0.0225
vt 0.8999 0.0298
vt 0.9014 0.0303
vt 0.9028 0.0303
vt 0.8735 0.0293
vt 0.8726 0.0322
vt 0.8755 0.0293
vt 0.8755 0.0322
vt 0.8984 0.0327
vt 0.9009 0.0332
vt 0.9033 0.0332
vt 0.9038 0.0366
vt 0.9009 0.0366
vt 0.9067 0.0400
vt 0.9038 0.0396
vt 0.9004 0.0396
vt 0.8975 0.0366
vt 0.8755 0.0356
vt 0.9048 0.0469
vt 0.9062 0.0439
vt 0.9028 0.0464
vt 0.9033 0.0435
vt 0.9009 0.0435
vt 0.9019 0.0503
vt 0.9014 0.0464
vt 0.8979 0.0439
vt 0.8975 0.0400
vt 0.8750 0.0386
vt 0.8667 0.0430
vt 0.8691 0.0454
vt 0.8691 0.0420
vt 0.8647 0.0386
vt 0.8682 0.0381
vt 0.8647 0.0347
vt 0.8682 0.0352
vt 0.8716 0.0386
vt 0.8721 0.0356
vt 0.8750 0.0420
vt 0.8721 0.0420
vt 0.8696 0.0317
vt 0.8672 0.0308
vt 0.8643 0.0293
vt 0.8706 0.0283
vt 0.8677 0.0259
vt 0.8716 0.0288
vt 0.8721 0.0229
vt 0.8745 0.0205
vt 0.8687 0.0205
vt 0.8760 0.0171
vt 0.8760 0.0156
vt 0.8682 0.0195
vt 0.8652 0.0156
vt 0.8618 0.0186
vt 0.8735 0.0112
vt 0.8608 0.0288
vt 0.8652 0.0220
vt 0.8594 0.0288
vt 0.8657 0.0225
vt 0.8579 0.0317
vt 0.8589 0.0322
vt 0.8555 0.0264
vt 0.8535 0.0308
vt 0.8530 0.0410
vt 0.8574 0.0405
vt 0.8584 0.0439
vt 0.8584 0.0405
vt 0.8594 0.0439
vt 0.8618 0.0386
vt 0.8618 0.0342
vt 0.8633 0.0439
vt 0.8657 0.0474
vt 0.8638 0.0508
vt 0.8667 0.0537
vt 0.8691 0.0508
vt 0.8735 0.0488
vt 0.8706 0.0449
vt 0.8726 0.0449
vt 0.8745 0.0449
vt 0.8994 0.0469
vt -2.3164 0.4595
vt -2.3164 0.2808
vt -2.3164 0.1323
vt -2.3164 0.0825
vt -2.4434 0.2808
vt -2.4434 0.1323
vt 0.8589 0.0542
vt 0.8633 0.0518
vt 0.8540 0.0459
vt 0.8613 0.0576
vt 0.8657 0.0547
vt 0.6968 0.0488
vt 0.6958 0.0435
vt 0.5859 0.0474
vt 0.5771 0.0308
vt 0.5762 0.0352
vt 0.5781 0.0312
vt 0.5737 0.0337
vt 0.5747 0.0391
vt 0.5791 0.0396
vt 0.5737 0.0420
vt 0.5796 0.0425
vt 0.5791 0.0474
vt 0.5854 0.0420
vt 0.5723 0.0464
vt 0.5703 0.0371
vt 0.5679 0.0396
vt 0.5654 0.0444
vt 0.5718 0.0508
vt 0.5791 0.0518
vt 0.5859 0.0522
vt 0.5718 0.0532
vt 0.5786 0.0542
vt 0.5850 0.0557
vt 0.5645 0.0498
vt 0.5649 0.0532
vt 0.5664 0.0571
vt 0.5723 0.0576
vt 0.5776 0.0581
vt 0.5835 0.0596
vt 0.6968 0.0542
vt 0.6958 0.0576
vt 0.6943 0.0620
vt 0.6938 0.0664
vt 0.5820 0.0635
vt 0.5771 0.0625
vt 0.5723 0.0615
vt 0.5679 0.0615
vt 0.5586 0.0620
vt 0.5576 0.0576
vt 0.5566 0.0527
vt 0.5562 0.0474
vt 0.5576 0.0415
vt 0.5596 0.0366
vt 0.5630 0.0327
vt 0.5664 0.0293
vt 0.5693 0.0269
vt 0.5796 0.0278
vt 0.5708 0.0244
vt 0.5674 0.0205
vt 0.5801 0.0225
vt 0.5674 0.0166
vt 0.5791 0.0176
vt 0.5776 0.0151
vt 0.5806 0.0171
vt 0.5801 0.0151
vt 0.5825 0.0171
vt 0.5840 0.0176
vt 0.5674 0.0127
vt 0.5815 0.0151
vt 0.5835 0.0146
vt 0.6914 0.0181
vt 0.6914 0.0151
vt 0.6948 0.0400
vt 0.5840 0.0391
vt 0.6934 0.0361
vt 0.5820 0.0352
vt 0.6919 0.0317
vt 0.5806 0.0308
vt 0.6914 0.0283
vt 0.6914 0.0234
vt 0.5791 0.0356
vt 0.5796 0.0312
vt 0.9575 0.0854
vt 0.9565 0.0898
vt 0.9736 0.0898
vt 0.9404 0.0889
vt 0.9326 0.0977
vt 0.9292 0.0952
vt 0.9360 0.0991
vt 0.9399 0.0996
vt 0.9443 0.0991
vt 0.9478 0.0977
vt 0.9268 0.0928
vt 0.9243 0.0889
vt 0.9219 0.1040
vt 0.9277 0.1074
vt 0.9336 0.1094
vt 0.9399 0.1104
vt 0.9097 0.1099
vt 0.9165 0.1138
vt 0.9165 0.1001
vt 0.9238 0.1172
vt 0.9316 0.1196
vt 0.9116 0.0947
vt 0.9028 0.1050
vt 0.8984 0.1885
vt 0.9082 0.1929
vt 0.9180 0.1963
vt 0.8887 0.1846
vt 0.8877 0.2017
vt 0.8828 0.2007
vt 0.8779 0.1826
vt 0.8945 0.1001
vt 0.9072 0.0879
vt 0.9233 0.0845
vt 0.9463 0.1099
vt 0.9526 0.1079
vt 0.9512 0.0957
vt 0.9541 0.0933
vt 0.9688 0.0962
vt 0.9858 0.1025
vt 0.9277 0.1982
vt 0.9395 0.1206
vt 0.9478 0.1196
vt 0.9556 0.1177
vt 0.9478 0.1987
vt 0.9575 0.1968
vt 0.9375 0.1992
vt 0.9580 0.1050
vt 0.9634 0.1011
vt 0.9629 0.1147
vt 0.9668 0.1938
vt 0.9600 0.2134
vt 0.9487 0.2153
vt 0.9697 0.1113
vt 0.9771 0.1069
vt 0.9766 0.1904
vt 0.9868 0.1870
vt 0.9800 0.2075
vt 0.9707 0.2104
vt 0.9873 0.2046
vt 0.9976 0.1860
vt 0.9922 0.2041
vt 0.7266 0.2510
vt 0.6904 0.2407
vt 0.7212 0.2544
vt 0.6968 0.2354
vt 0.7031 0.2285
vt 0.7349 0.2441
vt 0.7290 0.2520
vt 0.7256 0.2568
vt 0.7319 0.2529
vt 0.7305 0.2578
vt 0.7358 0.2524
vt 0.7358 0.2573
vt 0.7588 0.2529
vt 0.7583 0.2573
vt 0.7368 0.2632
vt 0.7290 0.2642
vt 0.7217 0.2632
vt 0.7612 0.2441
vt 0.7676 0.2510
vt 0.7656 0.2524
vt 0.7725 0.2539
vt 0.7622 0.2529
vt 0.7637 0.2578
vt 0.7573 0.2637
vt 0.7568 0.2700
vt 0.7373 0.2690
vt 0.7686 0.2568
vt 0.7646 0.2642
vt 0.7656 0.2705
vt 0.7563 0.2744
vt 0.7661 0.2744
vt 0.7661 0.2812
vt 0.7563 0.2817
vt 0.7720 0.2632
vt 0.7744 0.2695
vt 0.7759 0.2812
vt 0.7759 0.2739
vt 0.7856 0.2725
vt 0.7832 0.2661
vt 0.7783 0.2593
vt 0.7856 0.2817
vt 0.8901 0.2642
vt 0.8882 0.2573
vt 0.8838 0.2485
vt 0.8779 0.2412
vt 0.8906 0.2749
vt 0.7656 0.2881
vt 0.7651 0.2925
vt 0.7744 0.2886
vt 0.7827 0.2910
vt 0.8882 0.2852
vt 0.7788 0.2964
vt 0.8843 0.2925
vt 0.8799 0.3003
vt 0.7734 0.3018
vt 0.7725 0.2935
vt 0.7695 0.2998
vt 0.7642 0.2993
vt 0.7661 0.3062
vt 0.7686 0.3071
vt 0.7578 0.2935
vt 0.8750 0.3076
vt 0.8730 0.3130
vt 0.7632 0.3115
vt 0.7632 0.3062
vt 0.7593 0.2993
vt 0.7368 0.2988
vt 0.7363 0.3057
vt 0.7334 0.3052
vt 0.7344 0.3105
vt 0.7603 0.3062
vt 0.7310 0.3057
vt 0.7285 0.3066
vt 0.7314 0.2983
vt 0.7373 0.2925
vt 0.7573 0.2891
vt 0.7266 0.2993
vt 0.7227 0.2930
vt 0.7222 0.3013
vt 0.7300 0.2920
vt 0.7373 0.2881
vt 0.7290 0.2876
vt 0.7202 0.2881
vt 0.7114 0.2910
vt 0.7163 0.2959
vt 0.7378 0.2729
vt 0.7383 0.2808
vt 0.7285 0.2808
vt 0.7183 0.2808
vt 0.7080 0.2822
vt 0.7183 0.2739
vt 0.7280 0.2739
vt 0.7285 0.2700
vt 0.7192 0.2695
vt 0.7148 0.2603
vt 0.7100 0.2671
vt 0.7075 0.2729
vt 0.6836 0.2490
vt 0.6782 0.2598
vt 0.6753 0.2705
vt 0.6753 0.2847
vt 0.6792 0.2979
vt 0.6841 0.3062
vt 0.6909 0.3140
vt 0.6973 0.3208
vt 0.7012 0.3252
vt 0.8652 0.2197
vt 0.7598 0.2363
vt 0.8677 0.2275
vt 0.8726 0.2358
vt 0.7373 0.2363
vt 0.7075 0.2212
vt 0.9219 0.3926
vt 0.9644 0.3926
vt 0.9219 0.3267
vt 0.9644 0.3267
vt 0.9219 0.3223
vt 0.9644 0.3223
vt 0.9644 0.2563
vt 0.9219 0.2563
vt 0.9219 0.2563
vt 0.9219 0.3223
vt 0.9644 0.2563
vt 0.9644 0.3223
vt 0.9219 0.3267
vt 0.9644 0.3267
vt 0.9644 0.3926
vt 0.9219 0.3926
vt 0.6523 0.8297
vt 0.6460 0.8333
vt 0.6602 0.8433
vt 0.6514 0.7241
vt 0.6636 0.7302
vt 0.6646 0.8239
vt 0.6616 0.8374
vt 0.6938 0.8375
vt 0.6953 0.8434
vt 0.7031 0.8302
vt 0.6655 0.7288
vt 0.6606 0.7166
vt 0.6592 0.7107
vt 0.6450 0.7205
vt 0.6426 0.8348
vt 0.6597 0.8468
vt 0.6958 0.8468
vt 0.5278 0.7197
vt 0.5283 0.8352
vt 0.6182 0.7192
vt 0.6187 0.8346
vt 0.6416 0.7188
vt 0.6587 0.7070
vt 0.6943 0.7112
vt 0.6924 0.7170
vt 0.7017 0.7249
vt 0.7100 0.8340
vt 0.7080 0.7217
vt 0.6948 0.7080
vt 0.7144 0.8352
vt 0.7119 0.7212
vt 0.6895 0.7305
vt 0.6909 0.8241
vt 0.6885 0.8254
vt 0.6665 0.8253
vt 0.6875 0.7290
vt 0.8325 0.6274
vt 0.8267 0.6487
vt 0.8354 0.6487
vt 0.8633 0.6086
vt 0.8218 0.6067
vt 0.7798 0.6257
vt 0.8501 0.5889
vt 0.9004 0.5793
vt 0.9082 0.5925
vt 0.8872 0.5605
vt 0.8735 0.6240
vt 0.8931 0.6514
vt 0.8462 0.6587
vt 0.8340 0.6655
vt 0.7915 0.6687
vt 0.7866 0.6487
vt 0.8530 0.7153
vt 0.8765 0.7117
vt 0.8647 0.6887
vt 0.9009 0.6619
vt 0.8472 0.6960
vt 0.8003 0.7017
vt 0.8042 0.7190
vt 0.8545 0.8323
vt 0.8755 0.8329
vt 0.8794 0.8325
vt 0.9004 0.8646
vt 0.8984 0.8698
vt 0.9546 0.8530
vt 0.9482 0.8494
vt 0.8066 0.8329
vt 0.8804 0.7153
vt 0.9043 0.6633
vt 0.9243 0.6367
vt 0.9604 0.6799
vt 0.9556 0.6790
vt 0.9653 0.6584
vt 0.9731 0.6572
vt 0.9268 0.6287
vt 0.9248 0.6162
vt 0.7134 0.8507
vt 0.7104 0.8823
vt 0.8042 0.8512
vt 0.7075 0.9003
vt 0.7998 0.8855
vt 0.8506 0.8527
vt 0.8428 0.8856
vt 0.8682 0.8573
vt 0.7979 0.9064
vt 0.7056 0.9235
vt 0.7939 0.9301
vt 0.8452 0.9203
vt 0.8389 0.9427
vt 0.8379 0.9038
vt 0.8584 0.8925
vt 0.8955 0.8816
vt 0.8838 0.9128
vt 0.8755 0.9296
vt 0.8516 0.9055
vt 0.8672 0.9519
vt 0.9019 0.9663
vt 0.8877 0.9161
vt 0.8828 0.9272
vt 0.8999 0.8848
vt 0.9033 0.8744
vt 0.9351 0.8813
vt 0.9336 0.8860
vt 0.9658 0.8933
vt 0.9644 0.8980
vt 0.9858 0.9062
vt 0.9917 0.9033
vt 0.9878 0.9201
vt 0.9829 0.9190
vt 0.9766 0.9528
vt 0.9814 0.9542
vt 0.9727 0.9636
vt 0.9756 0.9702
vt 0.9409 0.9568
vt 0.9673 0.9923
vt 0.9326 0.9788
vt 0.9106 0.9445
vt 0.9429 0.9521
vt 0.9126 0.9398
vt 0.3066 0.9496
vt 0.3223 0.9601
vt 0.4048 0.8446
vt 0.3931 0.7068
vt 0.3442 0.8070
vt 0.4077 0.7129
vt 0.3562 0.8147
vt 0.3782 0.8282
vt 0.2949 0.9426
vt 0.3892 0.8350
vt 0.4595 0.7424
vt 0.4431 0.7334
vt 0.4316 0.7261
vt 0.3201 0.7916
vt 0.2444 0.8881
vt 0.2629 0.9133
vt 0.2722 0.9273
vt 0.0953 0.6846
vt 0.1801 0.9063
vt 0.1169 0.6704
vt 0.1447 0.6599
vt 0.2026 0.8856
vt 0.1945 0.6724
vt 0.3318 0.6777
vt 0.3499 0.6892
vt 0.2295 0.9917
vt 0.2321 0.9734
vt 0.1278 0.9773
vt 0.1304 0.9590
vt 0.2338 0.9602
vt 0.1323 0.9458
vt 0.1720 0.9231
vt 0.1403 0.9214
vt 0.1420 0.9090
vt 0.2372 0.9340
vt 0.2393 0.9189
vt 0.0102 0.7207
vt 0.0739 0.9348
vt 0.0279 0.7153
vt 0.0916 0.9296
vt 0.1044 0.9257
vt 0.0408 0.7117
vt 0.1306 0.9189
vt 0.0671 0.7041
vt 0.0807 0.7007
vt 0.1307 0.4121
vt 0.1144 0.3291
vt 0.1185 0.3716
vt 0.1776 0.4819
vt 0.1508 0.4492
vt 0.2477 0.5288
vt 0.2103 0.5088
vt 0.2883 0.5413
vt 0.1776 0.1763
vt 0.1307 0.2466
vt 0.1508 0.2090
vt 0.1185 0.2871
vt 0.2477 0.1294
vt 0.2883 0.1172
vt 0.2103 0.1494
vt 0.9219 0.2563
vt 0.9219 0.3223
vt 0.9644 0.2563
vt 0.9644 0.3223
vt 0.9219 0.3267
vt 0.9644 0.3267
vt 0.9644 0.3926
vt 0.9219 0.3926
vt 0.6025 0.9870
vt 0.3579 0.9915
vt 0.6025 0.9915
vt 0.3579 0.9870
vt 0.1135 0.9915
vt 0.1135 0.9870
vt 1.8252 0.9915
vt 1.8252 0.9870
vt 1.5801 0.9870
vt 1.5801 0.9915
vt 1.3359 0.9870
vt 1.3359 0.9915
vt 1.0908 0.9870
vt 1.0908 0.9915
vt 0.8472 0.9915
vt 0.8472 0.9870
vt 3.0469 0.9870
vt 2.8027 0.9915
vt 3.0469 0.9915
vt 2.8027 0.9870
vt 2.5586 0.9915
vt 2.5586 0.9870
vt 2.3145 0.9915
vt 2.3145 0.9870
vt 2.0684 0.9915
vt 2.0684 0.9870
vt 4.2695 0.9915
vt 4.2695 0.9870
vt 4.0234 0.9915
vt 4.0234 0.9870
vt 3.7812 0.9870
vt 3.7812 0.9915
vt 3.5371 0.9870
vt 3.5371 0.9915
vt 3.2910 0.9870
vt 3.2910 0.9915
vt 5.4922 0.9870
vt 5.2461 0.9870
vt 5.4922 0.9915
vt 5.2461 0.9915
vt 5.0039 0.9870
vt 5.0039 0.9915
vt 4.7578 0.9915
vt 4.7578 0.9870
vt 4.5156 0.9915
vt 4.5156 0.9870
vt 6.7148 0.9915
vt 6.7148 0.9870
vt 6.4688 0.9915
vt 6.4688 0.9870
vt 6.2266 0.9915
vt 6.2266 0.9870
vt 5.9805 0.9915
vt 5.9805 0.9870
vt 5.7383 0.9870
vt 5.7383 0.9915
vt 7.9375 0.9915
vt 7.9375 0.9870
vt 7.6914 0.9870
vt 7.6914 0.9915
vt 7.4492 0.9870
vt 7.4492 0.9915
vt 7.2031 0.9870
vt 7.2031 0.9915
vt 6.9609 0.9870
vt 6.9609 0.9915
vt 0.6436 0.8689
vt 0.5928 0.8702
vt 0.6323 0.9191
vt 0.6606 0.8997
vt 0.6465 0.9193
vt 0.6377 0.9589
vt 0.6704 0.9225
vt 0.6602 0.9685
vt 0.6504 0.9799
vt 0.6304 0.9899
vt 0.6201 0.9588
vt 0.5884 0.9200
vt 0.4934 0.9211
vt 0.4832 0.8716
vt 0.4629 0.9214
vt 0.4480 0.8719
vt 0.4785 0.9602
vt 0.4668 0.9916
vt 0.4487 0.9752
vt 0.4136 0.9366
vt 0.9219 0.3223
vt 0.9644 0.2563
vt 0.9219 0.2563
vt 0.9644 0.3223
vt 0.9644 0.3267
vt 0.9219 0.3267
vt 0.9644 0.3926
vt 0.9219 0.3926
vt 0.9219 0.3223
vt 0.9644 0.2563
vt 0.9219 0.2563
vt 0.9644 0.3223
vt 0.9644 0.3267
vt 0.9219 0.3267
vt 0.9644 0.3926
vt 0.9219 0.3926
vt 0.9219 0.3223
vt 0.9644 0.2563
vt 0.9219 0.2563
vt 0.9644 0.3223
vt 0.9219 0.3267
vt 0.9644 0.3267
vt 0.9644 0.3926
vt 0.9219 0.3926
vt 0.7964 0.0552
vt 0.7705 0.0547
vt 0.7969 0.0801
vt 0.8047 0.0547
vt 0.8076 0.0806
vt 0.8418 0.0557
vt 0.8462 0.0806
vt 0.8457 0.1050
vt 0.8071 0.1069
vt 0.8418 0.1221
vt 0.8052 0.1250
vt 0.7959 0.1265
vt 0.7964 0.1055
vt 0.7690 0.1060
vt 0.7695 0.0806
vt 0.7593 0.0801
vt 0.7593 0.1064
vt 0.7700 0.1313
vt 0.8120 0.1621
vt 0.8022 0.1641
vt 0.7759 0.1689
vt 0.7671 0.1699
vt 0.7622 0.1323
vt 0.7251 0.1299
vt 0.7207 0.1060
vt 0.7207 0.0815
vt 0.7256 0.0571
vt 0.7622 0.0542
vt 0.7632 0.0166
vt 0.7725 0.0166
vt 0.7988 0.0171
vt 0.8086 0.0171
vt 0.0417 0.5601
vt 0.0107 0.5837
vt 0.0703 0.6262
vt 0.0102 0.6121
vt 0.9751 0.0439
vt 0.9775 0.0435
vt 0.9790 0.0439
vt 0.9780 0.0410
vt 0.9810 0.0410
vt 0.9785 0.0376
vt 0.9751 0.0376
vt 0.9751 0.0410
vt -0.9321 -0.0205
vt -1.0576 -0.0205
vt -0.9321 -0.0986
vt -1.0576 -0.0986
vt -1.1836 -0.0205
vt -1.3096 0.0225
vt -0.8071 -0.0986
vt 0.7095 0.7080
vt 0.7026 0.6785
vt 0.6978 0.6614
vt 0.6929 0.6387
vt 0.5127 0.3735
vt 0.5015 0.3735
vt 0.4900 0.3735
vt 0.4785 0.3735
vt 0.4670 0.3691
vt 0.4785 0.3691
vt 0.4900 0.3691
vt 0.5015 0.3691
vt 0.5127 0.3691
vt 0.0000 0.8051
vt 0.0000 0.8671
vt 0.0000 0.9367
vt 0.0000 1.0453
vt 0.0000 1.0802
vt -1.8135 1.0802
vt -1.6875 1.0802
vt 0.9365 0.2153
vt 0.9253 0.2144
vt 0.9141 0.2114
vt 0.9038 0.2080
vt 0.8950 0.2046
vn 0.0000 0.0000 -1.0000
vn 0.4271 0.7990 0.4234
vn 0.2630 0.8670 0.4234
vn 0.2630 0.8669 0.4234
vn 0.3885 0.1178 0.9139
vn 0.3580 0.1914 0.9139
vn 0.3138 0.2576 0.9139
vn 0.2575 0.3138 0.9139
vn 0.2576 0.3138 0.9139
vn 0.1914 0.3581 0.9139
vn 0.1913 0.3580 0.9139
vn 0.9016 0.0888 0.4234
vn 0.8669 0.2630 0.4234
vn 0.8670 0.2630 0.4234
vn 0.7990 0.4271 0.4234
vn 0.7990 0.4271 0.4233
vn 0.7003 0.5747 0.4233
vn 0.7003 0.5747 0.4234
vn 0.5747 0.7003 0.4234
vn 0.3138 -0.2575 0.9139
vn 0.3138 -0.2576 0.9139
vn 0.3580 -0.1914 0.9139
vn 0.3885 -0.1178 0.9139
vn 0.4040 -0.0398 0.9139
vn 0.4040 0.0398 0.9139
vn 0.5747 -0.7003 0.4234
vn 0.7003 -0.5747 0.4234
vn 0.7990 -0.4271 0.4234
vn 0.8670 -0.2630 0.4234
vn 0.8669 -0.2630 0.4234
vn 0.9016 -0.0888 0.4234
vn -0.0398 -0.4040 0.9139
vn 0.0398 -0.4040 0.9139
vn 0.1178 -0.3885 0.9139
vn 0.1914 -0.3580 0.9139
vn 0.2575 -0.3138 0.9139
vn -0.2630 -0.8670 0.4234
vn -0.2629 -0.8669 0.4235
vn -0.0888 -0.9016 0.4235
vn -0.0888 -0.9016 0.4234
vn 0.0888 -0.9016 0.4234
vn 0.0888 -0.9016 0.4235
vn 0.2630 -0.8669 0.4235
vn 0.2630 -0.8670 0.4233
vn 0.4271 -0.7990 0.4233
vn 0.4271 -0.7990 0.4234
vn -0.3581 -0.1914 0.9139
vn -0.3580 -0.1914 0.9139
vn -0.3139 -0.2575 0.9139
vn -0.3138 -0.2575 0.9139
vn -0.2575 -0.3138 0.9139
vn -0.1914 -0.3580 0.9139
vn -0.1178 -0.3885 0.9139
vn -0.1179 -0.3885 0.9139
vn -0.8669 -0.2630 0.4234
vn -0.8668 -0.2630 0.4236
vn -0.7989 -0.4270 0.4236
vn -0.7990 -0.4270 0.4234
vn -0.7003 -0.5747 0.4234
vn -0.5747 -0.7003 0.4234
vn -0.4271 -0.7990 0.4234
vn -0.3580 0.1914 0.9139
vn -0.3885 0.1178 0.9139
vn -0.3885 0.1179 0.9139
vn -0.4040 0.0398 0.9139
vn -0.4041 0.0398 0.9139
vn -0.4041 -0.0398 0.9139
vn -0.4040 -0.0398 0.9139
vn -0.3885 -0.1179 0.9139
vn -0.7003 0.5747 0.4234
vn -0.7990 0.4271 0.4234
vn -0.7990 0.4270 0.4234
vn -0.8669 0.2630 0.4234
vn -0.9016 0.0888 0.4234
vn -0.9015 0.0888 0.4235
vn -0.9015 -0.0888 0.4235
vn -0.9016 -0.0888 0.4234
vn -0.0398 0.4040 0.9139
vn -0.1178 0.3885 0.9139
vn -0.1914 0.3580 0.9139
vn -0.2575 0.3138 0.9139
vn -0.2575 0.3139 0.9139
vn -0.3138 0.2575 0.9139
vn -0.0176 0.1784 0.9838
vn -0.0176 0.1783 0.9838
vn -0.0520 0.1715 0.9838
vn -0.0845 0.1580 0.9838
vn -0.1137 0.1386 0.9838
vn -0.1386 0.1137 0.9838
vn -0.1386 0.1136 0.9838
vn -0.1580 0.0845 0.9838
vn -0.1580 0.0846 0.9838
vn -0.1715 0.0520 0.9838
vn 0.0000 0.0000 1.0000
vn 0.0000 -0.0001 1.0000
vn 0.0000 0.0001 1.0000
vn 0.0001 0.0000 1.0000
vn -0.0001 -0.0000 1.0000
vn -0.0001 0.0001 1.0000
vn 0.0001 -0.0001 1.0000
vn -0.1137 -0.1386 0.9838
vn -0.1136 -0.1386 0.9838
vn -0.0845 -0.1580 0.9838
vn -0.0846 -0.1580 0.9838
vn -0.0520 -0.1715 0.9838
vn -0.0176 -0.1783 0.9838
vn -0.0176 -0.1784 0.9838
vn 0.0176 -0.1784 0.9838
vn 0.0176 -0.1783 0.9838
vn 0.0520 -0.1715 0.9838
vn 0.0845 -0.1581 0.9838
vn 0.0845 -0.1580 0.9838
vn 0.1137 -0.1386 0.9838
vn 0.1385 -0.1137 0.9838
vn 0.1385 -0.1136 0.9838
vn 0.1580 -0.0845 0.9838
vn 0.1715 -0.0520 0.9838
vn 0.1783 -0.0176 0.9838
vn 0.1783 0.0176 0.9838
vn 0.1715 0.0520 0.9838
vn 0.1580 0.0845 0.9838
vn 0.1385 0.1137 0.9838
vn 0.1386 0.1137 0.9838
vn 0.1137 0.1385 0.9838
vn 0.1136 0.1385 0.9838
vn 0.0844 0.1580 0.9838
vn 0.0845 0.1580 0.9838
vn 0.0520 0.1715 0.9838
vn 0.1178 0.3885 0.9139
vn 0.0398 0.4040 0.9139
vn 0.0176 0.1783 0.9838
vn 0.0176 0.1784 0.9838
vn 0.0888 0.9016 0.4234
vn -0.0888 0.9016 0.4234
vn -0.0888 0.9016 0.4235
vn -0.2630 0.8669 0.4235
vn -0.2630 0.8670 0.4234
vn -0.4271 0.7990 0.4234
vn -0.5747 0.7003 0.4234
vn -0.0015 0.0008 -1.0000
vn -0.0013 0.0011 -1.0000
vn -0.0011 0.0014 -1.0000
vn -0.0011 0.0013 -1.0000
vn -0.0008 0.0015 -1.0000
vn -0.4451 0.5424 -0.7125
vn -0.3308 0.6188 -0.7125
vn -0.0005 0.0016 -1.0000
vn -0.4714 0.8819 0.0000
vn -0.3307 0.6188 -0.7125
vn -0.2037 0.6714 -0.7125
vn -0.0002 0.0017 -1.0000
vn -0.0002 0.0018 -1.0000
vn -0.0688 0.6983 -0.7125
vn -0.0980 0.9952 -0.0000
vn -0.2903 0.9569 0.0000
vn -0.6983 0.0688 -0.7125
vn -0.6714 0.2037 -0.7125
vn -0.6188 0.3308 -0.7125
vn -0.8819 0.4714 -0.0000
vn -0.7730 0.6344 -0.0000
vn -0.6344 0.7730 -0.0000
vn -0.9952 -0.0980 -0.0000
vn -0.9952 0.0980 -0.0000
vn -0.9569 0.2903 -0.0000
vn -0.9569 -0.2903 -0.0000
vn -0.8819 -0.4714 -0.0000
vn -0.7730 -0.6344 -0.0000
vn -0.5424 -0.4451 -0.7125
vn -0.6188 -0.3308 -0.7125
vn -0.6188 -0.3307 -0.7125
vn -0.6714 -0.2037 -0.7125
vn -0.6982 -0.0688 -0.7125
vn -0.6344 -0.7730 -0.0000
vn -0.4451 -0.5424 -0.7125
vn -0.0013 -0.0010 -1.0000
vn -0.0015 -0.0008 -1.0000
vn -0.0016 -0.0005 -1.0000
vn -0.0017 -0.0002 -1.0000
vn -0.6983 -0.0688 -0.7125
vn -0.0002 -0.0017 -1.0000
vn -0.0005 -0.0016 -1.0000
vn -0.2037 -0.6714 -0.7125
vn -0.3307 -0.6188 -0.7125
vn -0.3308 -0.6188 -0.7125
vn -0.0011 -0.0014 -1.0000
vn -0.0013 -0.0011 -1.0000
vn -0.0011 -0.0013 -1.0000
vn -0.0008 -0.0015 -1.0000
vn 0.0005 -0.0016 -1.0000
vn 0.0002 -0.0017 -1.0000
vn 0.0002 -0.0018 -1.0000
vn -0.0002 -0.0018 -1.0000
vn -0.0688 -0.6983 -0.7125
vn -0.2903 -0.9569 -0.0000
vn -0.4714 -0.8819 -0.0000
vn -0.0980 -0.9952 0.0000
vn 0.3308 -0.6188 -0.7125
vn 0.4714 -0.8819 -0.0000
vn 0.2903 -0.9569 0.0000
vn 0.0980 -0.9952 0.0000
vn 0.0688 -0.6983 -0.7125
vn 0.2037 -0.6714 -0.7125
vn 0.0016 -0.0005 -1.0000
vn 0.0015 -0.0008 -1.0000
vn 0.0013 -0.0011 -1.0000
vn 0.0011 -0.0013 -1.0000
vn 0.0008 -0.0015 -1.0000
vn 0.4451 -0.5424 -0.7125
vn 0.6344 -0.7730 0.0000
vn 0.5424 -0.4451 -0.7125
vn 0.5424 -0.4451 -0.7126
vn 0.6188 -0.3307 -0.7125
vn 0.8819 -0.4714 0.0000
vn 0.9569 -0.2903 0.0000
vn 0.7730 -0.6344 0.0000
vn 0.9569 0.2903 0.0000
vn 0.9952 0.0980 0.0000
vn 0.9952 -0.0980 0.0000
vn 0.6714 -0.2037 -0.7125
vn 0.6983 -0.0688 -0.7125
vn 0.6983 0.0688 -0.7125
vn 0.0017 -0.0002 -1.0000
vn 0.0017 0.0002 -1.0000
vn 0.0016 0.0005 -1.0000
vn 0.0008 0.0015 -1.0000
vn 0.0011 0.0013 -1.0000
vn 0.0011 0.0014 -1.0000
vn 0.0013 0.0011 -1.0000
vn 0.0015 0.0008 -1.0000
vn 0.6714 0.2037 -0.7125
vn 0.0005 0.0016 -1.0000
vn 0.3308 0.6188 -0.7125
vn 0.4451 0.5424 -0.7125
vn 0.5424 0.4451 -0.7125
vn 0.6188 0.3308 -0.7125
vn 0.6188 0.3307 -0.7125
vn 0.8819 0.4714 0.0000
vn 0.7730 0.6344 0.0000
vn 0.6344 0.7730 0.0000
vn 0.4714 0.8819 0.0000
vn 0.2037 0.6714 -0.7125
vn 0.2903 0.9569 0.0000
vn 0.0980 0.9952 0.0000
vn 0.0688 0.6983 -0.7125
vn 0.0002 0.0018 -1.0000
vn 0.0002 0.0017 -1.0000
vn 0.0115 -0.1166 -0.9931
vn -0.0214 -0.2175 -0.9758
vn 0.0214 -0.2175 -0.9758
vn 0.0635 -0.2092 -0.9758
vn 0.0340 -0.1122 -0.9931
vn 0.0553 -0.1034 -0.9931
vn 0.1030 -0.1928 -0.9758
vn -0.2136 0.7041 -0.6772
vn -0.3469 0.6489 -0.6772
vn -0.3469 0.6490 -0.6771
vn -0.4668 0.5688 -0.6771
vn 0.0744 -0.0906 -0.9931
vn 0.1387 -0.1690 -0.9758
vn 0.1690 -0.1387 -0.9758
vn 0.1928 -0.1030 -0.9758
vn -0.4668 0.5688 -0.6772
vn -0.5688 0.4668 -0.6772
vn 0.0906 -0.0744 -0.9931
vn 0.0891 0.9044 -0.4172
vn -0.0891 0.9044 -0.4172
vn -0.2638 0.8697 -0.4172
vn -0.4284 0.8015 -0.4172
vn -0.5765 0.7025 -0.4172
vn -0.7025 0.5765 -0.4172
vn -0.7633 0.6264 -0.1581
vn -0.6264 0.7633 -0.1581
vn -0.6331 0.7714 -0.0647
vn -0.4655 0.8708 -0.1581
vn -0.4704 0.8801 -0.0647
vn -0.4704 0.8801 0.0647
vn -0.2866 0.9449 -0.1581
vn -0.2897 0.9549 -0.0647
vn -0.2897 0.9549 0.0647
vn -0.4586 0.8581 0.2310
vn -0.4217 0.7890 0.4468
vn -0.2824 0.9311 0.2310
vn -0.0978 0.9931 0.0647
vn -0.0978 0.9931 -0.0647
vn -0.0968 0.9827 -0.1581
vn -0.1876 0.3510 0.9174
vn 0.0954 0.9683 0.2310
vn 0.0877 0.8903 0.4468
vn 0.0390 0.3961 0.9174
vn -0.0390 0.3961 0.9174
vn -0.1155 0.3809 0.9174
vn 0.2824 0.9311 0.2310
vn 0.2597 0.8561 0.4468
vn 0.1155 0.3809 0.9174
vn 0.0364 0.3695 0.9285
vn -0.0364 0.3695 0.9285
vn -0.0202 -0.2052 0.9785
vn -0.0598 -0.1973 0.9785
vn 0.1078 0.3553 0.9285
vn 0.1876 0.3510 0.9174
vn 0.4217 0.7890 0.4468
vn 0.4586 0.8581 0.2310
vn 0.1750 0.3274 0.9285
vn -0.0972 -0.1818 0.9785
vn 0.6331 0.7714 0.0647
vn 0.6172 0.7521 0.2310
vn 0.5676 0.6916 0.4468
vn 0.2525 0.3077 0.9174
vn 0.2355 0.2870 0.9285
vn 0.7714 0.6331 0.0647
vn 0.7521 0.6172 0.2310
vn 0.6916 0.5675 0.4468
vn 0.6916 0.5676 0.4468
vn 0.3077 0.2525 0.9174
vn 0.2870 0.2355 0.9285
vn -0.1308 -0.1594 0.9785
vn 0.3510 0.1876 0.9174
vn 0.3274 0.1750 0.9285
vn -0.1594 -0.1308 0.9785
vn -0.1818 -0.0972 0.9785
vn -0.1973 -0.0598 0.9785
vn 0.3553 0.1078 0.9285
vn 0.3809 0.1155 0.9174
vn 0.8561 0.2597 0.4468
vn 0.9311 0.2824 0.2310
vn 0.9549 0.2897 0.0647
vn 0.9549 0.2897 -0.0647
vn 0.8801 0.4704 -0.0647
vn 0.7890 0.4217 0.4468
vn 0.8581 0.4586 0.2310
vn 0.8581 0.4587 0.2310
vn 0.8801 0.4704 0.0647
vn 0.7714 0.6331 -0.0647
vn 0.6331 0.7714 -0.0647
vn 0.4704 0.8801 0.0647
vn 0.4704 0.8801 -0.0647
vn 0.6264 0.7633 -0.1581
vn 0.7633 0.6264 -0.1581
vn 0.8708 0.4655 -0.1581
vn 0.9449 0.2866 -0.1581
vn 0.6490 0.3469 -0.6771
vn 0.6489 0.3469 -0.6772
vn 0.8015 0.4284 -0.4172
vn 0.7025 0.5765 -0.4172
vn 0.5765 0.7025 -0.4172
vn 0.4655 0.8708 -0.1581
vn 0.5688 0.4668 -0.6771
vn 0.5688 0.4668 -0.6772
vn 0.4668 0.5688 -0.6772
vn 0.4284 0.8015 -0.4172
vn 0.2866 0.9449 -0.1581
vn 0.2897 0.9549 -0.0647
vn 0.0978 0.9931 -0.0647
vn 0.0968 0.9827 -0.1581
vn 0.2638 0.8697 -0.4172
vn 0.2136 0.7041 -0.6772
vn 0.3469 0.6489 -0.6772
vn 0.3469 0.6490 -0.6771
vn 0.4668 0.5688 -0.6771
vn -0.0744 -0.0906 -0.9931
vn -0.0906 -0.0744 -0.9931
vn -0.1034 -0.0553 -0.9931
vn -0.0553 -0.1034 -0.9931
vn -0.1928 -0.1030 -0.9758
vn -0.1690 -0.1387 -0.9758
vn -0.1387 -0.1690 -0.9758
vn -0.1030 -0.1928 -0.9758
vn -0.0340 -0.1122 -0.9931
vn 0.0721 0.7323 -0.6772
vn -0.0635 -0.2092 -0.9758
vn -0.0115 -0.1166 -0.9931
vn -0.0721 0.7323 -0.6772
vn -0.3553 0.1078 0.9285
vn -0.3274 0.1750 0.9285
vn -0.2870 0.2355 0.9285
vn 0.1594 -0.1308 0.9785
vn 0.1818 -0.0972 0.9785
vn 0.1973 -0.0598 0.9785
vn -0.3695 0.0364 0.9285
vn -0.3695 -0.0364 0.9285
vn 0.1308 -0.1594 0.9785
vn 0.2052 -0.0202 0.9785
vn 0.2052 0.0202 0.9785
vn -0.3553 -0.1078 0.9285
vn -0.3809 -0.1155 0.9174
vn -0.3510 -0.1876 0.9174
vn -0.7890 -0.4217 0.4468
vn -0.3274 -0.1750 0.9285
vn -0.2870 -0.2355 0.9285
vn 0.1308 0.1594 0.9785
vn 0.1594 0.1308 0.9785
vn 0.1818 0.0972 0.9785
vn 0.1973 0.0598 0.9785
vn -0.2355 -0.2870 0.9285
vn -0.1750 -0.3274 0.9285
vn 0.0972 0.1818 0.9785
vn 0.0598 0.1973 0.9785
vn -0.1876 -0.3510 0.9174
vn -0.1078 -0.3553 0.9285
vn 0.0202 0.2052 0.9785
vn -0.0202 0.2052 0.9785
vn -0.0364 -0.3695 0.9285
vn -0.2824 -0.9311 0.2310
vn -0.2597 -0.8561 0.4468
vn -0.1155 -0.3809 0.9174
vn -0.0390 -0.3961 0.9174
vn 0.0364 -0.3695 0.9285
vn 0.1078 -0.3553 0.9285
vn -0.0598 0.1973 0.9785
vn -0.0972 0.1818 0.9785
vn 0.1750 -0.3274 0.9285
vn -0.0954 -0.9683 0.2310
vn -0.0877 -0.8903 0.4468
vn 0.0390 -0.3961 0.9174
vn 0.1155 -0.3809 0.9174
vn 0.1876 -0.3510 0.9174
vn 0.4217 -0.7890 0.4468
vn 0.2597 -0.8561 0.4468
vn 0.2824 -0.9311 0.2310
vn 0.0954 -0.9683 0.2310
vn 0.0877 -0.8903 0.4468
vn 0.2870 -0.2355 0.9285
vn 0.3076 -0.2525 0.9174
vn 0.2525 -0.3077 0.9174
vn 0.5676 -0.6916 0.4468
vn 0.4586 -0.8581 0.2310
vn 0.2897 -0.9549 0.0647
vn 0.0978 -0.9931 0.0647
vn 0.6172 -0.7521 0.2310
vn 0.6331 -0.7714 0.0647
vn 0.4704 -0.8801 0.0647
vn 0.6916 -0.5675 0.4468
vn 0.7521 -0.6172 0.2310
vn 0.7714 -0.6331 0.0647
vn 0.7714 -0.6331 -0.0647
vn 0.6331 -0.7714 -0.0647
vn 0.4704 -0.8801 -0.0647
vn 0.6264 -0.7633 -0.1581
vn 0.7633 -0.6264 -0.1581
vn 0.8801 -0.4704 -0.0647
vn 0.8801 -0.4704 0.0647
vn 0.8581 -0.4587 0.2310
vn 0.7890 -0.4217 0.4467
vn 0.7890 -0.4217 0.4468
vn 0.5765 -0.7025 -0.4172
vn 0.7025 -0.5765 -0.4172
vn 0.8708 -0.4655 -0.1581
vn 0.9549 -0.2897 -0.0647
vn 0.9549 -0.2897 0.0647
vn 0.9311 -0.2824 0.2310
vn 0.3961 -0.0390 0.9174
vn 0.8903 -0.0877 0.4468
vn 0.9683 -0.0954 0.2310
vn 0.9931 -0.0978 0.0647
vn 0.9931 -0.0978 -0.0647
vn 0.9449 -0.2866 -0.1581
vn 0.9827 0.0968 -0.1581
vn 0.9931 0.0978 -0.0647
vn 0.9931 0.0978 0.0647
vn 0.9683 0.0954 0.2310
vn 0.8903 0.0877 0.4468
vn 0.3961 0.0390 0.9174
vn 0.8561 -0.2597 0.4468
vn 0.3809 -0.1155 0.9174
vn 0.3695 -0.0364 0.9285
vn 0.3695 0.0364 0.9285
vn -0.2052 -0.0202 0.9785
vn -0.2052 0.0202 0.9785
vn -0.1973 0.0598 0.9785
vn 0.3553 -0.1078 0.9285
vn 0.3510 -0.1876 0.9174
vn 0.3077 -0.2525 0.9174
vn 0.6916 -0.5676 0.4468
vn -0.1818 0.0972 0.9785
vn 0.2355 -0.2870 0.9285
vn -0.1308 0.1594 0.9785
vn -0.1594 0.1308 0.9785
vn 0.3274 -0.1750 0.9285
vn -0.7323 0.0721 -0.6772
vn -0.7323 0.0721 -0.6771
vn -0.9044 0.0891 -0.4172
vn -0.9044 -0.0891 -0.4172
vn -0.7323 -0.0721 -0.6772
vn -0.7323 -0.0721 -0.6771
vn 0.1166 0.0115 -0.9931
vn 0.1166 -0.0115 -0.9931
vn 0.1122 -0.0340 -0.9931
vn -0.7041 0.2136 -0.6772
vn -0.6489 0.3469 -0.6772
vn 0.1034 -0.0553 -0.9931
vn -0.6490 0.3469 -0.6771
vn -0.5688 0.4668 -0.6771
vn -0.8015 0.4284 -0.4172
vn -0.8697 0.2638 -0.4172
vn -0.8708 0.4655 -0.1581
vn -0.9449 0.2866 -0.1581
vn -0.9827 0.0968 -0.1581
vn -0.9827 -0.0968 -0.1581
vn -0.8697 -0.2638 -0.4172
vn -0.9449 -0.2866 -0.1581
vn -0.9931 -0.0978 -0.0647
vn -0.9931 0.0978 -0.0647
vn -0.9549 0.2897 -0.0647
vn -0.8801 0.4704 -0.0647
vn -0.7714 0.6331 0.0647
vn -0.8801 0.4704 0.0647
vn -0.9549 0.2897 0.0647
vn -0.9931 0.0978 0.0647
vn -0.9683 0.0954 0.2310
vn -0.8903 0.0877 0.4468
vn -0.7521 0.6172 0.2310
vn -0.8581 0.4587 0.2310
vn -0.9311 0.2824 0.2310
vn -0.8561 0.2597 0.4468
vn -0.6916 0.5675 0.4468
vn -0.6916 0.5676 0.4468
vn -0.7890 0.4217 0.4468
vn -0.3510 0.1876 0.9174
vn -0.3809 0.1155 0.9174
vn -0.3961 0.0390 0.9174
vn -0.3961 -0.0390 0.9174
vn -0.8903 -0.0877 0.4468
vn -0.9683 -0.0954 0.2310
vn -0.8561 -0.2597 0.4468
vn -0.9311 -0.2824 0.2310
vn -0.9549 -0.2897 0.0647
vn -0.9549 -0.2897 -0.0647
vn -0.8801 -0.4704 -0.0647
vn -0.8581 -0.4587 0.2310
vn -0.8801 -0.4704 0.0647
vn -0.7714 -0.6331 -0.0647
vn -0.7633 -0.6264 -0.1581
vn -0.6264 -0.7633 -0.1581
vn -0.6331 -0.7714 -0.0647
vn -0.8708 -0.4655 -0.1581
vn -0.7025 -0.5765 -0.4172
vn -0.5765 -0.7025 -0.4172
vn -0.4655 -0.8708 -0.1581
vn -0.4704 -0.8801 -0.0647
vn -0.2897 -0.9549 -0.0647
vn -0.2897 -0.9549 0.0647
vn -0.4668 -0.5688 -0.6772
vn -0.4284 -0.8015 -0.4172
vn -0.2866 -0.9449 -0.1581
vn -0.0978 -0.9931 -0.0647
vn -0.0978 -0.9931 0.0647
vn -0.4668 -0.5688 -0.6771
vn 0.2897 -0.9549 -0.0647
vn 0.0978 -0.9931 -0.0647
vn -0.0968 -0.9827 -0.1581
vn -0.2638 -0.8697 -0.4172
vn -0.3469 -0.6489 -0.6772
vn -0.2136 -0.7041 -0.6772
vn -0.0891 -0.9044 -0.4172
vn 0.0968 -0.9827 -0.1581
vn 0.2866 -0.9449 -0.1581
vn 0.4655 -0.8708 -0.1581
vn 0.0340 0.1122 -0.9931
vn -0.0721 -0.7323 -0.6772
vn -0.0891 -0.9045 -0.4172
vn 0.0891 -0.9045 -0.4172
vn 0.0891 -0.9044 -0.4172
vn 0.2638 -0.8697 -0.4172
vn 0.4284 -0.8015 -0.4172
vn 0.0115 0.1166 -0.9931
vn -0.0115 0.1166 -0.9931
vn 0.0721 -0.7323 -0.6772
vn 0.2136 -0.7041 -0.6772
vn -0.0553 0.1034 -0.9931
vn -0.0340 0.1122 -0.9931
vn -0.0214 0.2175 -0.9758
vn 0.0214 0.2175 -0.9758
vn 0.0635 0.2092 -0.9758
vn 0.1030 0.1928 -0.9758
vn 0.1122 0.0340 -0.9931
vn 0.1034 0.0553 -0.9931
vn 0.1928 0.1030 -0.9758
vn 0.1690 0.1387 -0.9758
vn 0.1387 0.1690 -0.9758
vn 0.0553 0.1034 -0.9931
vn 0.2092 0.0635 -0.9758
vn -0.3469 -0.6490 -0.6771
vn 0.0744 0.0906 -0.9931
vn 0.0906 0.0744 -0.9931
vn -0.6490 -0.3469 -0.6771
vn -0.6489 -0.3469 -0.6772
vn -0.8015 -0.4284 -0.4172
vn -0.9931 -0.0978 0.0647
vn -0.5688 -0.4668 -0.6771
vn -0.5688 -0.4668 -0.6772
vn 0.8697 -0.4648 -0.1662
vn 0.9436 -0.2863 -0.1661
vn 0.9436 -0.2862 -0.1662
vn 0.9814 -0.0967 -0.1662
vn 0.9814 0.0967 -0.1662
vn 0.9814 0.0967 -0.1661
vn 0.9814 -0.0967 -0.1661
vn 0.5029 -0.0496 -0.8629
vn 0.5028 -0.0496 -0.8630
vn 0.4835 -0.1467 -0.8630
vn 0.4835 -0.1467 -0.8629
vn 0.4456 -0.2382 -0.8630
vn 0.4455 -0.2381 -0.8630
vn 0.3905 -0.3205 -0.8630
vn 0.3905 0.3205 -0.8630
vn 0.4456 0.2382 -0.8630
vn 0.4835 0.1467 -0.8629
vn 0.4835 0.1467 -0.8630
vn 0.5028 0.0496 -0.8630
vn 0.5029 0.0496 -0.8629
vn 0.2382 0.4457 -0.8629
vn 0.2382 0.4456 -0.8630
vn 0.3206 0.3906 -0.8630
vn 0.3205 0.3906 -0.8630
vn 0.3906 0.3205 -0.8630
vn 0.7623 0.6256 -0.1662
vn 0.8697 0.4648 -0.1662
vn 0.9436 0.2862 -0.1661
vn 0.9436 0.2862 -0.1662
vn 0.0967 0.9814 -0.1661
vn 0.0967 0.9814 -0.1662
vn 0.2862 0.9436 -0.1662
vn 0.2863 0.9436 -0.1661
vn 0.4648 0.8697 -0.1661
vn 0.6256 0.7623 -0.1661
vn 0.7623 0.6256 -0.1661
vn -0.4648 0.8697 -0.1661
vn -0.2863 0.9436 -0.1661
vn -0.2862 0.9436 -0.1662
vn -0.0967 0.9813 -0.1662
vn -0.0967 0.9814 -0.1661
vn -0.0495 0.5029 -0.8629
vn 0.0495 0.5029 -0.8629
vn 0.0495 0.5028 -0.8630
vn 0.1467 0.4835 -0.8630
vn 0.1467 0.4836 -0.8629
vn -0.2382 0.4456 -0.8630
vn -0.2382 0.4457 -0.8629
vn -0.1467 0.4836 -0.8629
vn -0.1467 0.4835 -0.8630
vn -0.0495 0.5028 -0.8630
vn -0.5029 0.0495 -0.8629
vn -0.5028 0.0495 -0.8630
vn -0.4835 0.1467 -0.8630
vn -0.4456 0.2382 -0.8630
vn -0.4455 0.2381 -0.8630
vn -0.3905 0.3205 -0.8630
vn -0.3906 0.3205 -0.8630
vn -0.3205 0.3906 -0.8630
vn -0.9813 0.0967 -0.1662
vn -0.9436 0.2862 -0.1662
vn -0.8697 0.4648 -0.1662
vn -0.7623 0.6256 -0.1662
vn -0.7623 0.6256 -0.1661
vn -0.6256 0.7623 -0.1661
vn -0.6256 -0.7623 -0.1661
vn -0.7623 -0.6256 -0.1661
vn -0.7623 -0.6256 -0.1662
vn -0.8697 -0.4648 -0.1662
vn -0.9436 -0.2863 -0.1661
vn -0.9436 -0.2862 -0.1662
vn -0.9813 -0.0967 -0.1662
vn -0.3906 -0.3205 -0.8630
vn -0.3905 -0.3205 -0.8630
vn -0.4455 -0.2381 -0.8630
vn -0.4456 -0.2382 -0.8630
vn -0.4835 -0.1467 -0.8630
vn -0.5028 -0.0496 -0.8630
vn -0.5029 -0.0496 -0.8629
vn -0.9814 -0.0967 -0.1661
vn -0.9814 0.0967 -0.1661
vn -0.3205 -0.3906 -0.8630
vn -0.2382 -0.4456 -0.8630
vn -0.2382 -0.4457 -0.8629
vn -0.1467 -0.4836 -0.8629
vn -0.1467 -0.4835 -0.8630
vn -0.0495 -0.5028 -0.8630
vn -0.0495 -0.5029 -0.8629
vn -0.0967 -0.9814 -0.1661
vn -0.0967 -0.9814 -0.1662
vn -0.2862 -0.9436 -0.1662
vn -0.2863 -0.9436 -0.1661
vn -0.4648 -0.8697 -0.1661
vn 0.6490 -0.3469 -0.6771
vn 0.8015 -0.4284 -0.4172
vn 0.5688 -0.4668 -0.6771
vn 0.5688 -0.4668 -0.6772
vn -0.0906 0.0743 -0.9931
vn -0.1034 0.0553 -0.9931
vn -0.1122 0.0340 -0.9931
vn 0.4668 -0.5688 -0.6771
vn 0.4668 -0.5688 -0.6772
vn 0.3469 -0.6489 -0.6772
vn 0.3469 -0.6490 -0.6771
vn -0.0744 0.0906 -0.9931
vn -0.1690 0.1387 -0.9758
vn -0.1928 0.1031 -0.9758
vn -0.1928 0.1030 -0.9758
vn -0.2092 0.0635 -0.9758
vn -0.1387 0.1690 -0.9758
vn -0.1030 0.1928 -0.9758
vn -0.0635 0.2092 -0.9758
vn -0.2175 0.0214 -0.9758
vn -0.1166 0.0115 -0.9931
vn 0.7323 -0.0721 -0.6771
vn 0.7323 0.0721 -0.6771
vn 0.7323 0.0721 -0.6772
vn 0.9044 0.0891 -0.4172
vn -0.1166 -0.0115 -0.9931
vn -0.2175 -0.0214 -0.9758
vn 0.9827 -0.0968 -0.1581
vn 0.9044 -0.0891 -0.4172
vn 0.7323 -0.0721 -0.6772
vn 0.7041 -0.2136 -0.6772
vn 0.6489 -0.3469 -0.6772
vn 0.8697 -0.2638 -0.4172
vn -0.0954 0.9683 0.2310
vn 0.2897 0.9549 0.0647
vn 0.0978 0.9931 0.0647
vn -0.2597 0.8561 0.4468
vn -0.0877 0.8903 0.4468
vn -0.1951 0.9808 0.0000
vn 1.0000 -0.0000 0.0000
vn -0.5000 -0.5000 0.7071
vn 0.0000 -1.0000 0.0000
vn 0.0000 -0.8165 0.5774
vn -0.7071 -0.7071 -0.0000
vn -1.0000 0.0000 0.0000
vn -0.8165 0.0000 0.5773
vn -0.7071 0.7071 0.0000
vn -0.5000 0.5000 0.7071
vn 0.0000 0.8165 0.5773
vn 0.0000 1.0000 -0.0000
vn 0.7071 0.7071 -0.0000
vn 0.5000 0.5000 0.7071
vn 0.8166 0.0000 0.5773
vn 0.8165 0.0000 0.5773
vn 0.7071 -0.7071 0.0000
vn 0.5000 -0.5000 0.7071
vn 0.6948 0.6947 0.1862
vn 0.0000 0.9659 0.2588
vn -0.7059 -0.0578 0.7059
vn -0.6948 0.1862 0.6947
vn -0.6947 0.1862 0.6947
vn -0.6948 0.5086 0.5086
vn -0.6947 0.6947 0.1862
vn -0.6948 0.6947 0.1862
vn -0.8166 0.0000 0.5773
vn 0.0000 0.0816 -0.9967
vn -0.7059 0.0578 -0.7059
vn -0.6948 -0.1861 -0.6947
vn -0.6948 -0.5086 -0.5086
vn -0.6947 -0.6947 -0.1862
vn -0.6947 0.6948 -0.1862
vn -0.6948 0.5086 -0.5086
vn -0.6948 0.1861 -0.6947
vn -0.6948 -0.1862 0.6947
vn -0.6948 -0.5086 0.5086
vn -0.6948 -0.6947 0.1862
vn 0.0000 -0.0816 0.9967
vn 0.0000 -0.2588 0.9659
vn 0.0000 -0.7071 0.7071
vn 0.0000 -0.9659 0.2588
vn 0.6947 -0.1862 0.6947
vn 0.6948 -0.1862 0.6947
vn 0.6947 -0.5086 0.5086
vn 0.6948 -0.5086 0.5086
vn 0.7059 0.0578 -0.7059
vn 0.6948 0.1862 -0.6947
vn 0.6948 0.5086 -0.5086
vn 0.6948 -0.6947 0.1862
vn 0.6948 -0.1862 -0.6947
vn 0.0000 -0.2588 -0.9659
vn 0.0000 -0.7071 -0.7071
vn 0.0000 -0.9659 -0.2588
vn 0.6948 -0.6947 -0.1862
vn 0.6948 -0.5086 -0.5086
vn -0.6948 -0.6947 -0.1862
vn -0.6948 -0.1862 -0.6947
vn -0.7071 -0.0000 -0.7071
vn -0.6947 0.6948 0.1862
vn -0.7071 -0.0000 0.7071
vn 0.0000 -0.5773 0.8165
vn -0.8165 -0.5773 0.0000
vn -0.5000 -0.7071 0.5000
vn -0.5000 -0.7071 -0.5000
vn 0.7071 0.0000 -0.7071
vn 0.5000 -0.7071 -0.5000
vn 0.0000 -0.5774 -0.8165
vn 0.7071 0.0000 0.7071
vn 0.6948 0.1862 0.6947
vn 0.6947 0.6948 -0.1862
vn 0.6947 0.6948 0.1862
vn 0.6948 0.5086 0.5086
vn -0.7714 -0.6331 0.0647
vn -0.7521 -0.6172 0.2310
vn -0.6916 -0.5676 0.4468
vn -0.3077 -0.2525 0.9174
vn -0.6331 -0.7714 0.0647
vn -0.6172 -0.7521 0.2310
vn -0.5676 -0.6916 0.4468
vn -0.2525 -0.3077 0.9174
vn -0.4704 -0.8801 0.0647
vn -0.4586 -0.8581 0.2310
vn -0.4217 -0.7890 0.4468
vn 0.5000 -0.7071 0.5000
vn 0.8165 -0.5773 0.0000
vn 0.0223 -0.8067 0.5906
vn 0.5197 0.1658 0.8381
vn 0.5197 0.1659 0.8381
vn 0.0429 0.0172 0.9989
vn 0.0264 0.0431 0.9987
vn -0.3052 -0.3188 0.8973
vn -0.5607 -0.6013 0.5693
vn -0.1862 -0.7971 0.5744
vn -0.5607 -0.6012 0.5693
vn -0.4251 -0.1298 0.8958
vn -0.7871 -0.2443 0.5664
vn -0.7871 -0.2444 0.5664
vn -0.9539 -0.2988 -0.0295
vn -0.6766 -0.7359 -0.0260
vn -0.2181 -0.9757 -0.0198
vn -0.5860 -0.6440 -0.4919
vn -0.5859 -0.6440 -0.4919
vn -0.1844 -0.8540 -0.4865
vn -0.8287 -0.2613 -0.4950
vn -0.8286 -0.2613 -0.4950
vn -0.5178 -0.1653 -0.8394
vn -0.3640 -0.4078 -0.8374
vn -0.1096 -0.5408 -0.8340
vn 0.0292 -0.9994 -0.0170
vn 0.0265 -0.8677 -0.4964
vn 0.0177 -0.5411 -0.8408
vn 0.0033 -0.0374 -0.9993
vn 0.0053 -0.0373 -0.9993
vn -0.0124 -0.0280 -0.9995
vn -0.0125 -0.0280 -0.9995
vn -0.0232 -0.0110 -0.9997
vn -0.0270 0.0813 -0.9963
vn -0.0368 0.0848 -0.9957
vn -0.5306 0.0199 -0.8474
vn -0.5294 0.0194 -0.8481
vn -0.8603 -0.0391 -0.5082
vn -0.8818 -0.0284 -0.4708
vn -0.9917 -0.1248 -0.0305
vn -0.9944 -0.0999 0.0333
vn -0.8071 -0.1248 0.5771
vn -0.8365 -0.1587 0.5245
vn -0.4660 -0.0940 0.8798
vn -0.4270 -0.1072 0.8978
vn 0.0361 -0.0683 0.9970
vn 0.0465 -0.0721 0.9963
vn 0.5293 -0.0138 0.8483
vn 0.5324 -0.0151 0.8464
vn 0.8127 0.2564 0.5233
vn 0.8806 0.0532 0.4708
vn 0.8403 0.0797 0.5362
vn 0.9962 0.0801 -0.0333
vn 0.9946 0.1033 0.0138
vn 0.8402 0.1312 -0.5261
vn 0.7978 0.0933 -0.5957
vn 0.4455 0.1335 -0.8853
vn 0.4453 0.1361 -0.8850
vn 0.3195 0.3344 -0.8866
vn 0.1838 0.7850 -0.5916
vn 0.5525 0.5921 -0.5866
vn 0.7755 0.2407 -0.5837
vn 0.4634 0.1256 -0.8772
vn 0.3194 0.3345 -0.8866
vn 0.1114 0.4433 -0.8894
vn -0.0109 0.4413 -0.8973
vn 0.0103 -0.4203 0.9073
vn -0.0039 0.0572 0.9984
vn -0.0177 0.5430 0.8396
vn -0.0260 0.8506 0.5252
vn -0.0260 0.8506 0.5251
vn -0.0292 0.9996 0.0002
vn -0.0219 0.7939 -0.6077
vn -0.0219 0.7938 -0.6077
vn 0.3653 0.4092 0.8361
vn 0.5745 0.6319 0.5202
vn 0.1805 0.8380 0.5149
vn 0.1101 0.5427 0.8327
vn -0.0008 0.0574 0.9984
vn -0.1069 -0.4226 0.9000
vn -0.1068 -0.4226 0.9000
vn 0.3094 0.7083 -0.6345
vn 0.0856 0.9680 -0.2358
vn -0.3071 0.9516 0.0089
vn -0.2669 0.9533 0.1413
vn -0.1659 0.9575 0.2358
vn -0.0313 0.9631 0.2672
vn 0.1010 0.9687 0.2269
vn -0.1813 0.9569 -0.2269
vn -0.2758 0.9529 -0.1259
vn -0.6629 0.6677 -0.3387
vn -0.7472 0.6642 0.0240
vn -0.6390 0.6687 0.3802
vn -0.3673 0.6800 0.6345
vn -0.0050 0.6951 0.7189
vn -0.8609 0.2299 -0.4539
vn -0.8609 0.2299 -0.4540
vn -0.9747 0.2211 0.0322
vn -0.8304 0.2225 0.5108
vn -0.4088 0.6783 -0.6106
vn -0.5200 0.2464 -0.8179
vn -0.5281 -0.0220 -0.8489
vn -0.8814 -0.0368 -0.4709
vn -0.9986 -0.0417 0.0333
vn -0.2997 -0.7908 -0.5338
vn 0.0120 -0.7846 -0.6199
vn -0.0333 -0.0014 -0.9994
vn -0.0433 0.2663 -0.9629
vn -0.0529 0.6931 -0.7189
vn -0.0491 0.9624 -0.2672
vn 0.3509 0.7100 0.6106
vn 0.6050 0.7206 0.3387
vn 0.1955 0.9726 0.1259
vn 0.2268 0.9739 -0.0089
vn 0.1865 0.9722 -0.1413
vn 0.5811 0.7196 -0.3802
vn 0.4425 0.2843 -0.8505
vn -0.8481 -0.0354 0.5286
vn -0.4705 -0.0196 0.8822
vn -0.4657 0.2337 0.8535
vn 0.0218 0.2517 0.9676
vn 0.5008 0.2717 0.8218
vn 0.5281 0.0220 0.8489
vn 0.0333 0.0014 0.9994
vn -0.4704 -0.0196 0.8822
vn 0.6893 0.7241 -0.0240
vn 0.8426 0.2871 0.4557
vn 0.8814 0.0369 0.4709
vn 0.5561 -0.7828 0.2791
vn 0.3486 -0.7886 0.5065
vn 0.0533 -0.7948 0.6045
vn 0.8077 0.2955 -0.5102
vn 0.8481 0.0354 -0.5286
vn 0.9986 0.0417 -0.0333
vn 0.9987 0.0421 -0.0300
vn 0.9545 0.2967 -0.0290
vn 0.9553 0.2938 -0.0322
vn 0.4704 0.0196 -0.8822
vn 0.5424 -0.7779 -0.3173
vn 0.6268 -0.7789 -0.0198
vn 0.3199 -0.7799 -0.5379
vn 0.4705 0.0196 -0.8822
vn 0.8775 0.2145 0.4289
vn 0.8810 0.2169 0.4204
vn 0.5729 0.1437 0.8069
vn 0.6023 0.1417 0.7856
vn 0.6366 -0.0652 0.7684
vn 0.9003 0.0894 0.4260
vn 0.9449 -0.1090 0.3085
vn 0.9449 -0.1091 0.3085
vn 0.9689 -0.2241 0.1051
vn 0.7157 -0.4169 0.5603
vn 0.7581 -0.6207 0.1999
vn 0.7722 -0.6353 -0.0140
vn 0.9739 -0.2260 -0.0197
vn 0.9770 -0.2125 -0.0166
vn 0.9645 0.2634 -0.0184
vn 0.9644 0.2634 -0.0238
vn 0.9664 0.2536 -0.0412
vn 0.7809 -0.6244 -0.0196
vn 0.8932 0.1004 -0.4383
vn 0.6271 -0.0590 -0.7767
vn 0.7138 -0.4089 -0.5686
vn 0.7639 -0.6108 -0.2081
vn 0.9704 -0.2110 -0.1175
vn 0.9704 -0.2110 -0.1174
vn 0.9609 0.2768 0.0100
vn 0.9608 0.2767 -0.0140
vn 0.6858 0.7277 -0.0116
vn 0.6958 0.7182 -0.0073
vn 0.9421 -0.0971 -0.3208
vn 0.9421 -0.0970 -0.3208
vn 0.9633 0.2670 0.0274
vn 0.6787 0.7202 0.1436
vn 0.2657 0.9370 0.2266
vn -0.2166 0.9413 0.2588
vn 0.7132 0.5809 0.3922
vn 0.3202 0.7171 0.6190
vn -0.1543 0.6901 0.7070
vn -0.1544 0.6902 0.7070
vn 0.4147 0.3362 0.8456
vn 0.7731 0.3395 0.5358
vn 0.9675 0.2501 0.0375
vn 0.9675 0.2502 0.0375
vn -0.0465 0.2551 0.9658
vn 0.0163 0.0039 0.9999
vn 0.4829 0.1146 0.8681
vn 0.8181 0.1941 0.5414
vn 0.9723 0.2307 0.0375
vn 0.8731 0.2072 -0.4413
vn -0.9487 0.0799 0.3058
vn -0.6993 0.4215 0.5774
vn -0.6112 0.0662 0.7887
vn -0.5747 -0.1364 0.8069
vn -0.8828 -0.2095 0.4204
vn -0.9714 -0.2305 -0.0574
vn -0.9714 -0.2305 -0.0573
vn -0.9588 -0.2809 -0.0420
vn -0.7117 -0.5819 -0.3936
vn -0.7717 -0.3397 -0.5377
vn -0.9652 -0.2551 -0.0573
vn -0.9021 -0.1083 0.4177
vn -0.9757 0.1885 0.1119
vn -0.9551 -0.2958 -0.0154
vn -0.8169 -0.1938 -0.5433
vn -0.5109 -0.1212 -0.8510
vn -0.5109 -0.1212 -0.8511
vn -0.4434 -0.3390 -0.8298
vn -0.3507 -0.7127 -0.6075
vn -0.6770 -0.7217 -0.1441
vn -0.9551 -0.2958 0.0181
vn -0.6941 -0.7198 0.0073
vn -0.6849 -0.7118 0.1556
vn -0.3070 -0.9236 0.2294
vn -0.3180 -0.9481 0.0003
vn -0.3049 -0.9524 0.0033
vn -0.2972 -0.9286 -0.2223
vn -0.6841 -0.7293 0.0115
vn -0.4368 -0.3303 0.8367
vn -0.3523 -0.7059 0.6144
vn -0.7143 -0.5708 0.4050
vn -0.6849 -0.7118 0.1555
vn -0.9588 -0.2825 0.0292
vn -0.9591 -0.2826 0.0140
vn -0.9816 0.1897 0.0205
vn -0.7501 0.6266 0.2113
vn -0.9678 -0.2415 0.0711
vn -0.7690 -0.3273 0.5491
vn -0.7690 -0.3273 0.5490
vn -0.9619 -0.2675 0.0558
vn -0.7673 0.6410 0.0193
vn -0.9790 0.2033 0.0171
vn -0.9744 0.2017 -0.0995
vn -0.9516 0.0920 -0.2933
vn -0.9516 0.0921 -0.2933
vn -0.9090 -0.0971 -0.4053
vn 0.2728 0.9621 -0.0027
vn 0.2861 0.9582 0.0005
vn -0.2243 0.9745 0.0055
vn -0.2106 0.9775 0.0107
vn -0.7584 0.6516 0.0139
vn -0.7442 0.6363 -0.2033
vn -0.7011 0.4293 -0.5693
vn -0.6208 0.0722 -0.7806
vn -0.2071 0.9434 -0.2590
vn -0.1544 0.6900 -0.7072
vn -0.1543 0.6900 -0.7072
vn 0.2756 0.9326 -0.2332
vn 0.3218 0.7107 -0.6256
vn 0.6866 0.7103 -0.1550
vn 0.6866 0.7103 -0.1551
vn 0.7158 0.5697 -0.4037
vn 0.7704 0.3271 -0.5472
vn 0.4078 0.3278 -0.8522
vn 0.4079 0.3278 -0.8522
vn -0.0560 0.2527 -0.9659
vn 0.9702 0.2366 -0.0512
vn 0.9702 0.2366 -0.0513
vn 0.9698 0.2386 -0.0513
vn 0.9697 0.2373 -0.0574
vn 0.8094 0.1977 -0.5529
vn 0.8150 0.2015 -0.5433
vn 0.5097 0.1258 -0.8511
vn 0.4684 0.1233 -0.8749
vn -0.0018 0.0071 -1.0000
vn 0.0014 0.0071 -1.0000
vn -0.5908 -0.1427 -0.7941
vn -0.5846 -0.1430 -0.7986
vn -0.8862 -0.2201 -0.4078
vn -0.8723 -0.2104 -0.4413
vn -0.9697 -0.2413 0.0375
vn -0.9695 -0.2346 0.0711
vn -0.8161 -0.2022 0.5414
vn -0.8083 -0.1970 0.5549
vn -0.4813 -0.1211 0.8682
vn -0.4972 -0.1279 0.8582
vn 0.5914 0.1403 -0.7941
vn 0.5914 0.1403 -0.7940
vn 0.2406 -0.9706 -0.0059
vn 0.2270 -0.9738 -0.0109
vn 0.0142 0.0001 0.9999
vn -0.0137 -0.0144 0.9998
vn 0.4570 -0.8894 0.0000
vn 0.4588 -0.8885 -0.0022
vn 0.8870 0.4580 0.0586
vn -0.4588 0.8885 0.0022
vn -0.4570 0.8894 0.0000
vn 0.0891 0.9634 -0.2527
vn 0.0753 0.9691 -0.2350
vn 0.9075 -0.0929 0.4096
vn -0.0753 -0.9691 0.2350
vn -0.0891 -0.9634 0.2527
vn 0.4866 -0.0000 0.8736
vn 0.4866 -0.7672 0.4179
vn 0.4866 0.7672 0.4179
vn 0.7071 0.6275 -0.3260
vn 0.6599 0.6599 -0.3594
vn 0.7071 -0.6275 -0.3260
vn 0.6599 -0.6599 -0.3594
vn 0.6598 0.6598 0.3598
vn 0.6598 -0.6598 0.3598
vn 0.7072 0.6273 0.3262
vn 0.7072 -0.6273 0.3262
vn 0.4866 0.7670 -0.4183
vn 0.4866 0.0000 -0.8736
vn 0.4866 -0.7670 -0.4183
vn 0.4866 -0.8736 -0.0000
vn 0.4866 0.8736 0.0000
vn 0.4417 -0.8972 -0.0000
vn 0.8968 -0.4424 0.0000
vn 0.6236 -0.7818 0.0000
vn 0.6235 -0.7818 0.0000
vn 0.0000 -0.8874 -0.4610
vn -0.0000 -0.8872 0.4614
vn 1.0000 -0.0007 0.0004
vn 1.0000 -0.0000 0.0024
vn 0.9202 -0.0000 0.3914
vn 0.9215 0.0001 0.3885
vn 0.9214 0.0009 0.3885
vn 0.9622 -0.0077 0.2721
vn 0.4636 -0.8466 0.2613
vn 0.9378 -0.0014 0.3471
vn 0.8382 -0.4200 0.3479
vn 0.7344 -0.4147 0.5373
vn 0.5458 -0.8161 0.1900
vn 0.7460 -0.6437 0.1708
vn 0.4501 -0.7305 0.5136
vn 0.4797 -0.7919 0.3777
vn 0.6235 -0.7817 0.0135
vn 0.0000 0.8874 -0.4610
vn 0.3757 0.9267 -0.0000
vn 0.9762 0.2170 0.0000
vn 0.8522 0.5232 0.0000
vn 0.9762 0.2166 -0.0001
vn 0.9762 0.2166 0.0021
vn 0.9730 0.2306 0.0000
vn 0.9725 0.2304 -0.0346
vn 0.9885 0.1513 -0.0004
vn -0.0000 0.8872 0.4614
vn 0.9541 0.2719 0.1254
vn 0.9548 0.2736 0.1164
vn 0.8513 0.5102 0.1222
vn 0.8511 0.5085 0.1308
vn 0.6922 0.7100 0.1295
vn 0.6874 0.7109 0.1484
vn 0.6849 0.7141 0.1450
vn 0.7042 0.6978 0.1311
vn 0.7038 0.7013 0.1133
vn 0.7293 0.6749 0.1124
vn 0.7268 0.6868 -0.0096
vn 0.7423 0.6701 0.0000
vn 0.8886 0.4587 -0.0000
vn 0.9762 0.2169 0.0000
vn -0.6083 -0.7937 0.0000
vn -0.2017 -0.8851 0.4195
vn -0.1868 -0.8580 0.4785
vn -0.2127 -0.9771 -0.0000
vn -0.5323 -0.7382 0.4145
vn -0.5639 -0.7509 0.3437
vn -0.5227 -0.6960 0.4923
vn -0.5513 -0.7194 0.4225
vn 0.0002 -0.0017 1.0000
vn 0.0001 -0.0014 1.0000
vn -0.0754 0.8950 0.4396
vn -0.0951 0.9407 0.3257
vn -0.0806 -0.0030 0.9967
vn -0.0815 0.0000 0.9967
vn -0.1592 -0.2207 0.9623
vn -0.1470 0.0830 0.9857
vn -0.2607 -0.9338 0.2451
vn -0.2028 -0.8899 0.4087
vn -0.9998 -0.0189 0.0000
vn -0.9997 -0.0189 -0.0130
vn -1.0000 -0.0083 0.0016
vn -0.8973 -0.0074 0.4414
vn -0.8456 -0.0567 0.5309
vn -0.8382 -0.0202 0.5450
vn -0.8325 -0.0228 0.5535
vn -0.9038 -0.0247 0.4272
vn -0.8981 -0.0329 0.4386
vn -0.9997 -0.0241 -0.0000
vn -0.2275 0.9738 -0.0000
vn -0.2242 0.9599 0.1685
vn -0.2185 0.9544 0.2034
vn -0.2195 0.9586 0.1811
vn -0.2179 0.9560 0.1964
vn 0.0004 -0.0019 1.0000
vn 0.0006 -0.0030 1.0000
vn 0.0514 0.9987 0.0030
vn 0.0774 0.9965 -0.0318
vn 0.9147 -0.0936 0.3931
vn -0.0774 -0.9965 0.0318
vn -0.0514 -0.9987 -0.0030
vn 0.2894 0.9539 -0.0796
vn 0.0977 0.9920 -0.0796
vn 0.0977 0.9920 -0.0797
vn 0.9539 0.2894 -0.0796
vn 0.8791 0.4699 -0.0796
vn 0.8791 0.4699 -0.0795
vn 0.7706 0.6324 -0.0795
vn 0.7706 0.6324 -0.0796
vn 0.6324 0.7705 -0.0796
vn 0.4699 0.8791 -0.0796
vn 0.4699 0.8791 -0.0797
vn 0.7706 -0.6324 -0.0796
vn 0.7706 -0.6324 -0.0795
vn 0.8791 -0.4699 -0.0795
vn 0.8791 -0.4699 -0.0796
vn 0.9539 -0.2894 -0.0796
vn 0.9920 -0.0977 -0.0796
vn 0.9920 -0.0977 -0.0797
vn 0.9920 0.0977 -0.0797
vn 0.9920 0.0977 -0.0796
vn -0.0977 -0.9920 -0.0796
vn -0.0977 -0.9920 -0.0797
vn 0.0977 -0.9920 -0.0797
vn 0.0977 -0.9920 -0.0796
vn 0.2894 -0.9539 -0.0796
vn 0.4699 -0.8791 -0.0797
vn 0.4699 -0.8791 -0.0796
vn 0.6324 -0.7705 -0.0796
vn 0.6324 -0.7706 -0.0796
vn -0.8791 -0.4699 -0.0796
vn -0.8791 -0.4699 -0.0795
vn -0.7706 -0.6324 -0.0795
vn -0.7706 -0.6324 -0.0796
vn -0.6324 -0.7705 -0.0796
vn -0.4699 -0.8791 -0.0796
vn -0.4699 -0.8791 -0.0797
vn -0.2894 -0.9539 -0.0796
vn -0.8791 0.4699 -0.0795
vn -0.8791 0.4699 -0.0796
vn -0.9539 0.2894 -0.0796
vn -0.9920 0.0977 -0.0796
vn -0.9920 0.0977 -0.0797
vn -0.9920 -0.0977 -0.0797
vn -0.9920 -0.0977 -0.0796
vn -0.9539 -0.2894 -0.0796
vn -0.0977 0.9920 -0.0797
vn -0.0977 0.9920 -0.0796
vn -0.2894 0.9539 -0.0796
vn -0.4699 0.8791 -0.0797
vn -0.4699 0.8791 -0.0796
vn -0.6324 0.7705 -0.0796
vn -0.7706 0.6324 -0.0796
vn -0.7706 0.6324 -0.0795
vn -0.0245 -0.0217 0.9995
vn -0.0039 0.0640 0.9979
vn -0.0152 0.0564 0.9983
vn 0.5916 0.7832 -0.1912
vn 0.5813 0.7888 -0.1998
vn 0.2630 -0.1506 -0.9530
vn 0.2348 -0.0171 -0.9719
vn -0.0248 -0.0213 0.9995
vn -0.0225 0.0001 0.9997
vn -0.0225 0.0000 0.9997
vn 0.2389 0.0002 -0.9710
vn 0.2404 0.0005 -0.9707
vn 0.4158 -0.8468 -0.3317
vn 0.2744 -0.9298 -0.2452
vn -0.0750 0.9692 0.2347
vn -0.0753 0.9691 0.2350
vn 0.9075 0.0929 0.4096
vn 0.0753 -0.9691 -0.2350
vn 0.0750 -0.9692 -0.2347
vn -0.0515 0.9987 -0.0028
vn -0.0774 0.9965 0.0318
vn 0.9147 0.0936 0.3931
vn 0.0774 -0.9965 -0.0318
vn 0.0515 -0.9987 0.0028
vn 0.9209 0.0000 0.3897
vn 0.9768 0.2141 0.0021
vn 0.9762 0.2140 -0.0346
vn 0.9526 0.2730 0.1341
vn 0.0414 0.0131 -0.9991
vn 0.0359 0.0236 -0.9991
vn 0.0303 0.0343 -0.9990
vn 0.6918 0.7096 0.1336
vn 0.6834 0.7141 0.1513
vn 0.6920 0.7204 0.0474
vn 0.8884 0.4575 0.0386
vn 0.8891 0.4577 -0.0001
vn 0.9762 0.2170 -0.0001
vn 0.9762 0.2170 -0.0007
vn 0.8726 0.4884 0.0060
vn 0.8660 0.4858 0.1187
vn 0.8435 0.5039 0.1860
vn 0.8886 0.4587 -0.0031
vn 0.7438 0.6684 -0.0032
vn 0.7391 0.6655 0.1046
vn 0.4668 -0.8669 -0.1752
vn 0.4659 -0.8637 -0.1922
vn 0.4673 -0.8841 0.0023
vn 0.7422 0.6701 -0.0096
vn -0.0328 -0.0296 0.9990
vn -0.0380 -0.0196 0.9991
vn -0.0433 -0.0096 0.9990
vn -0.4674 0.8841 0.0000
vn -0.4674 0.8841 -0.0006
vn -0.4676 0.8839 0.0059
vn 0.6947 -0.6947 -0.1862
vn 0.6947 0.6947 0.1862
vn 0.6947 0.1862 0.6947
vn 0.0000 0.7071 0.7071
vn 0.0000 0.2588 0.9659
vn 0.7059 -0.0578 0.7059
vn 0.0598 -0.1973 0.9785
vn 0.0972 -0.1818 0.9785
vn -0.2355 0.2870 0.9285
vn -0.3076 0.2525 0.9174
vn -0.3077 0.2525 0.9174
vn -0.2525 0.3077 0.9174
vn -0.1750 0.3274 0.9285
vn -0.1078 0.3553 0.9285
vn 0.0202 -0.2052 0.9785
vn -0.7714 0.6331 -0.0647
vn -0.6331 0.7714 0.0647
vn -0.6172 0.7521 0.2310
vn -0.5676 0.6916 0.4468
vn 0.0495 -0.5029 -0.8629
vn 0.0495 -0.5028 -0.8630
vn 0.1467 -0.4835 -0.8630
vn 0.1467 -0.4836 -0.8629
vn 0.2382 -0.4457 -0.8629
vn 0.2382 -0.4456 -0.8630
vn 0.3205 -0.3906 -0.8630
vn 0.3906 -0.3205 -0.8630
vn 0.7623 -0.6256 -0.1662
vn 0.7623 -0.6256 -0.1661
vn 0.6256 -0.7623 -0.1661
vn 0.6256 -0.7623 -0.1662
vn 0.4648 -0.8697 -0.1661
vn 0.2863 -0.9436 -0.1661
vn 0.2863 -0.9436 -0.1662
vn 0.0967 -0.9813 -0.1662
vn 0.0967 -0.9814 -0.1661
vn -0.1784 0.0176 0.9838
vn -0.1783 0.0175 0.9838
vn -0.1783 -0.0176 0.9838
vn -0.1715 -0.0520 0.9838
vn -0.1581 -0.0845 0.9838
vn -0.1580 -0.0845 0.9838
vn -0.1385 -0.1137 0.9838
vn -0.1386 -0.1137 0.9838
vn 0.8697 0.2638 -0.4172
vn 0.7041 0.2136 -0.6772
vn -0.1122 -0.0340 -0.9931
vn -0.2092 -0.0635 -0.9758
vn -0.7041 -0.2136 -0.6772
vn 0.2175 0.0214 -0.9758
vn 0.2175 -0.0214 -0.9758
vn 0.2092 -0.0635 -0.9758
vn -0.2565 -0.7998 0.5427
vn -0.4975 -0.8021 0.3304
vn -0.5984 -0.8009 0.0211
vn -0.5984 -0.8010 0.0210
vn -0.5257 -0.7968 -0.2980
vn -0.0017 0.0002 -1.0000
vn -0.0016 0.0005 -1.0000
vn -0.6188 0.3307 -0.7125
vn -0.5424 0.4451 -0.7125
usemtl pskmat0.036
s off
f 144/1/1 142/2/1 143/3/1
f 132/4/1 130/5/1 131/6/1
f 160/7/1 130/5/1 132/4/1
f 160/7/1 132/4/1 136/8/1
f 160/7/1 136/8/1 144/1/1
f 144/1/1 136/8/1 140/9/1
f 144/1/1 140/9/1 142/2/1
f 142/2/1 140/9/1 141/10/1
f 160/7/1 161/11/1 130/5/1
f 138/12/1 136/8/1 137/13/1
f 140/9/1 136/8/1 138/12/1
f 140/9/1 138/12/1 139/14/1
f 134/15/1 132/4/1 133/16/1
f 136/8/1 132/4/1 134/15/1
f 136/8/1 134/15/1 135/17/1
f 34/18/2 8/19/2 7/20/2
f 8/19/2 34/18/2 33/21/2
f 2/22/3 33/21/3 34/18/3
f 33/21/4 2/22/4 1/23/4
f 11/24/5 71/25/5 13/26/5
f 71/25/5 11/24/5 70/27/5
f 9/28/6 70/27/6 11/24/6
f 70/27/6 9/28/6 69/29/6
f 5/30/7 69/29/7 9/28/7
f 69/29/7 5/30/7 67/31/7
f 8/19/8 67/31/8 5/30/8
f 67/31/9 8/19/9 68/32/9
f 33/21/10 68/32/10 8/19/10
f 68/32/11 33/21/11 81/33/11
f 14/34/12 15/35/12 16/36/12
f 15/35/12 14/34/12 13/26/12
f 12/37/13 13/26/13 14/34/13
f 13/26/14 12/37/14 11/24/14
f 10/38/15 11/24/15 12/37/15
f 11/24/16 10/38/16 9/28/16
f 6/39/17 9/28/17 10/38/17
f 9/28/18 6/39/18 5/30/18
f 7/20/19 5/30/19 6/39/19
f 5/30/19 7/20/19 8/19/19
f 20/40/20 73/41/20 17/42/20
f 73/41/21 20/40/21 74/43/21
f 22/44/22 74/43/22 20/40/22
f 74/43/22 22/44/22 75/45/22
f 24/46/23 75/45/23 22/44/23
f 75/45/23 24/46/23 76/47/23
f 15/35/24 76/47/24 24/46/24
f 76/47/24 15/35/24 72/48/24
f 13/26/25 72/48/25 15/35/25
f 72/48/25 13/26/25 71/25/25
f 18/49/26 25/50/26 26/51/26
f 25/50/26 18/49/26 17/42/26
f 19/52/27 17/42/27 18/49/27
f 17/42/27 19/52/27 20/40/27
f 21/53/28 20/40/28 19/52/28
f 20/40/28 21/53/28 22/44/28
f 23/54/29 22/44/29 21/53/29
f 22/44/30 23/54/30 24/46/30
f 16/36/31 24/46/31 23/54/31
f 24/46/31 16/36/31 15/35/31
f 31/55/32 85/56/32 42/57/32
f 85/56/32 31/55/32 80/58/32
f 29/59/33 80/58/33 31/55/33
f 80/58/33 29/59/33 79/60/33
f 27/61/34 79/60/34 29/59/34
f 79/60/34 27/61/34 78/62/34
f 25/50/35 78/62/35 27/61/35
f 78/62/35 25/50/35 77/63/35
f 17/42/36 77/63/36 25/50/36
f 77/63/36 17/42/36 73/41/36
f 41/64/37 38/65/37 37/66/37
f 38/65/38 41/64/38 42/57/38
f 32/67/39 42/57/39 41/64/39
f 42/57/40 32/67/40 31/55/40
f 30/68/41 31/55/41 32/67/41
f 31/55/42 30/68/42 29/59/42
f 28/69/43 29/59/43 30/68/43
f 29/59/44 28/69/44 27/61/44
f 26/51/45 27/61/45 28/69/45
f 27/61/46 26/51/46 25/50/46
f 48/70/47 87/71/47 46/72/47
f 87/71/48 48/70/48 88/73/48
f 39/74/49 88/73/49 48/70/49
f 88/73/50 39/74/50 84/75/50
f 35/76/51 84/75/51 39/74/51
f 84/75/51 35/76/51 82/77/51
f 38/65/52 82/77/52 35/76/52
f 82/77/52 38/65/52 83/78/52
f 42/57/53 83/78/53 38/65/53
f 83/78/54 42/57/54 85/56/54
f 45/79/55 43/80/55 44/81/55
f 43/80/56 45/79/56 46/72/56
f 47/82/57 46/72/57 45/79/57
f 46/72/58 47/82/58 48/70/58
f 40/83/59 48/70/59 47/82/59
f 48/70/59 40/83/59 39/74/59
f 36/84/60 39/74/60 40/83/60
f 39/74/60 36/84/60 35/76/60
f 37/66/61 35/76/61 36/84/61
f 35/76/61 37/66/61 38/65/61
f 53/85/62 92/86/62 55/87/62
f 92/86/62 53/85/62 91/88/62
f 49/89/63 91/88/63 53/85/63
f 91/88/64 49/89/64 89/90/64
f 52/91/65 89/90/65 49/89/65
f 89/90/66 52/91/66 90/92/66
f 43/80/67 90/92/67 52/91/67
f 90/92/68 43/80/68 86/93/68
f 46/72/69 86/93/69 43/80/69
f 86/93/69 46/72/69 87/71/69
f 56/94/70 57/95/70 58/96/70
f 57/95/70 56/94/70 55/87/70
f 54/97/71 55/87/71 56/94/71
f 55/87/72 54/97/72 53/85/72
f 50/98/73 53/85/73 54/97/73
f 53/85/73 50/98/73 49/89/73
f 51/99/74 49/89/74 50/98/74
f 49/89/75 51/99/75 52/91/75
f 44/81/76 52/91/76 51/99/76
f 52/91/77 44/81/77 43/80/77
f 64/100/78 66/101/78 4/102/78
f 66/101/78 64/100/78 96/103/78
f 59/104/79 96/103/79 64/100/79
f 96/103/79 59/104/79 94/105/79
f 62/106/80 94/105/80 59/104/80
f 94/105/80 62/106/80 95/107/80
f 57/95/81 95/107/81 62/106/81
f 95/107/82 57/95/82 93/108/82
f 55/87/83 93/108/83 57/95/83
f 93/108/83 55/87/83 92/86/83
f 96/103/84 98/109/84 66/101/84
f 98/109/85 96/103/85 128/110/85
f 94/105/86 128/110/86 96/103/86
f 95/107/87 126/111/87 94/105/87
f 126/111/87 95/107/87 127/112/87
f 93/108/88 127/112/88 95/107/88
f 127/112/88 93/108/88 125/113/88
f 92/86/89 125/113/89 93/108/89
f 125/113/90 92/86/90 124/114/90
f 91/88/91 124/114/91 92/86/91
f 124/114/92 91/88/92 123/115/92
f 89/90/93 123/115/93 91/88/93
f 123/115/93 89/90/93 121/116/93
f 129/117/94 122/118/94 118/119/94
f 129/117/95 121/116/95 122/118/95
f 129/117/94 123/115/94 121/116/94
f 129/117/96 124/114/96 123/115/96
f 129/117/95 125/113/95 124/114/95
f 129/117/97 127/112/97 125/113/97
f 129/117/98 126/111/98 127/112/98
f 129/117/97 110/120/97 109/121/97
f 129/117/98 111/122/98 110/120/98
f 129/117/97 112/123/97 111/122/97
f 129/117/98 117/124/98 112/123/98
f 129/117/97 115/125/97 117/124/97
f 129/117/99 114/126/99 115/125/99
f 129/117/100 116/127/100 114/126/100
f 129/117/96 120/128/96 116/127/96
f 129/117/95 119/129/95 120/128/95
f 129/117/96 118/119/96 119/129/96
f 82/77/101 116/127/101 84/75/101
f 116/127/102 82/77/102 114/126/102
f 83/78/103 114/126/103 82/77/103
f 114/126/104 83/78/104 115/125/104
f 85/56/105 115/125/105 83/78/105
f 115/125/105 85/56/105 117/124/105
f 80/58/106 117/124/106 85/56/106
f 117/124/107 80/58/107 112/123/107
f 79/60/108 112/123/108 80/58/108
f 112/123/109 79/60/109 111/122/109
f 78/62/110 111/122/110 79/60/110
f 111/122/110 78/62/110 110/120/110
f 77/63/111 110/120/111 78/62/111
f 110/120/112 77/63/112 109/121/112
f 73/41/113 109/121/113 77/63/113
f 109/121/113 73/41/113 105/130/113
f 74/43/114 105/130/114 73/41/114
f 105/130/115 74/43/115 106/131/115
f 75/45/116 106/131/116 74/43/116
f 106/131/116 75/45/116 107/132/116
f 129/117/98 99/133/98 100/134/98
f 129/117/95 101/135/95 99/133/95
f 129/117/94 102/136/94 101/135/94
f 129/117/94 103/137/94 102/136/94
f 129/117/94 104/138/94 103/137/94
f 129/117/94 108/139/94 104/138/94
f 129/117/94 107/132/94 108/139/94
f 129/117/94 106/131/94 107/132/94
f 129/117/96 105/130/96 106/131/96
f 129/117/98 109/121/98 105/130/98
f 76/47/117 107/132/117 75/45/117
f 107/132/117 76/47/117 108/139/117
f 72/48/118 108/139/118 76/47/118
f 108/139/118 72/48/118 104/138/118
f 71/25/119 104/138/119 72/48/119
f 104/138/119 71/25/119 103/137/119
f 70/27/120 103/137/120 71/25/120
f 103/137/120 70/27/120 102/136/120
f 69/29/121 102/136/121 70/27/121
f 102/136/121 69/29/121 101/135/121
f 67/31/122 101/135/122 69/29/122
f 101/135/123 67/31/123 99/133/123
f 68/32/124 99/133/124 67/31/124
f 99/133/125 68/32/125 100/134/125
f 81/33/126 100/134/126 68/32/126
f 100/134/127 81/33/127 113/140/127
f 65/141/128 113/140/128 81/33/128
f 113/140/128 65/141/128 97/142/128
f 129/117/98 113/140/98 97/142/98
f 129/117/97 100/134/97 113/140/97
f 1/23/129 81/33/129 33/21/129
f 81/33/129 1/23/129 65/141/129
f 4/102/130 65/141/130 1/23/130
f 65/141/130 4/102/130 66/101/130
f 66/101/131 97/142/131 65/141/131
f 97/142/132 66/101/132 98/109/132
f 129/117/97 97/142/97 98/109/97
f 129/117/98 98/109/98 128/110/98
f 129/117/97 128/110/97 126/111/97
f 128/110/86 94/105/86 126/111/86
f 3/143/133 1/23/133 2/22/133
f 1/23/133 3/143/133 4/102/133
f 63/144/134 4/102/134 3/143/134
f 4/102/135 63/144/135 64/100/135
f 60/145/136 64/100/136 63/144/136
f 64/100/137 60/145/137 59/104/137
f 61/146/138 59/104/138 60/145/138
f 59/104/138 61/146/138 62/106/138
f 58/96/139 62/106/139 61/146/139
f 62/106/139 58/96/139 57/95/139
f 1366/147/140 1365/148/140 1364/149/140
f 1365/148/141 1366/147/141 1367/150/141
f 1368/151/141 1367/150/141 1366/147/141
f 1368/151/142 1370/152/142 1367/150/142
f 1370/152/143 1368/151/143 1369/153/143
f 1369/153/144 1371/154/144 1370/152/144
f 1370/152/145 1039/155/145 1367/150/145
f 1372/156/146 1039/155/146 1370/152/146
f 1372/156/144 1370/152/144 1371/154/144
f 1371/154/147 1409/157/147 1372/156/147
f 1039/155/148 1040/158/148 1037/159/148
f 1372/156/149 1040/158/149 1039/155/149
f 1372/156/150 1410/160/150 1040/158/150
f 1410/160/147 1372/156/147 1409/157/147
f 1409/157/151 1411/161/151 1410/160/151
f 1412/162/152 1410/160/152 1411/161/152
f 1410/160/153 1412/162/153 1075/163/153
f 1074/164/153 1075/163/153 1412/162/153
f 1075/163/154 1074/164/154 1073/165/154
f 1076/166/154 1075/163/154 1073/165/154
f 1040/158/155 1075/163/155 1076/166/155
f 1041/167/155 1040/158/155 1076/166/155
f 1041/167/148 1037/159/148 1040/158/148
f 1075/163/150 1040/158/150 1410/160/150
f 1054/168/156 1399/169/156 1363/170/156
f 1363/170/156 1091/171/156 1054/168/156
f 1091/171/157 1363/170/157 1362/172/157
f 1362/172/157 1094/173/157 1091/171/157
f 1094/173/158 1362/172/158 1071/174/158
f 1071/174/159 1072/175/159 1094/173/159
f 1072/175/160 1071/174/160 1038/176/160
f 1036/177/160 1038/176/160 1071/174/160
f 1038/176/161 1036/177/161 1037/159/161
f 1039/155/161 1037/159/161 1036/177/161
f 1055/178/162 1053/179/162 1054/168/162
f 1054/168/163 1091/171/163 1055/178/163
f 1092/180/163 1055/178/163 1091/171/163
f 1092/180/164 1091/171/164 1093/181/164
f 1094/173/164 1093/181/164 1091/171/164
f 1093/181/159 1094/173/159 1072/175/159
f 1053/179/165 1051/182/165 1052/183/165
f 1048/184/165 1052/183/165 1051/182/165
f 1051/182/166 1049/185/166 1048/184/166
f 1050/186/166 1048/184/166 1049/185/166
f 1050/186/167 1049/185/167 1089/187/167
f 1050/186/168 1089/187/168 1394/188/168
f 1050/186/169 1394/188/169 1396/189/169
f 1396/189/170 1048/184/170 1050/186/170
f 1048/184/171 1396/189/171 1398/190/171
f 1052/183/171 1048/184/171 1398/190/171
f 1052/183/172 1398/190/172 1054/168/172
f 1052/183/162 1054/168/162 1053/179/162
f 1090/191/173 1087/192/173 1089/187/173
f 1090/191/167 1089/187/167 1049/185/167
f 1088/193/173 1089/187/173 1087/192/173
f 1089/187/174 1088/193/174 1389/194/174
f 1389/194/168 1394/188/168 1089/187/168
f 1394/188/175 1389/194/175 1393/195/175
f 1393/195/176 1395/196/176 1394/188/176
f 1396/189/176 1394/188/176 1395/196/176
f 1395/196/177 1397/197/177 1396/189/177
f 1398/190/177 1396/189/177 1397/197/177
f 1398/190/178 1397/197/178 1399/169/178
f 1399/169/179 1054/168/179 1398/190/179
f 1379/198/180 1377/199/180 1378/200/180
f 1377/199/181 1379/198/181 1392/201/181
f 1392/201/182 1085/202/182 1377/199/182
f 1085/202/183 1392/201/183 1088/193/183
f 1387/203/184 1088/193/184 1392/201/184
f 1387/203/174 1389/194/174 1088/193/174
f 1389/194/185 1387/203/185 1388/204/185
f 1388/204/186 1393/195/186 1389/194/186
f 1390/205/187 1388/204/187 1387/203/187
f 1390/205/188 1387/203/188 1391/206/188
f 1392/201/188 1391/206/188 1387/203/188
f 1391/206/181 1392/201/181 1379/198/181
f 1381/207/189 1383/208/189 1382/209/189
f 1382/209/190 1378/200/190 1381/207/190
f 1380/210/191 1381/207/191 1378/200/191
f 1380/210/192 1378/200/192 1377/199/192
f 1377/199/193 1083/211/193 1380/210/193
f 1083/211/182 1377/199/182 1085/202/182
f 1083/211/194 1085/202/194 1084/212/194
f 1086/213/194 1084/212/194 1085/202/194
f 1087/192/195 1086/213/195 1085/202/195
f 1088/193/195 1087/192/195 1085/202/195
f 1084/212/196 1081/214/196 1083/211/196
f 1045/215/197 1385/216/197 1383/208/197
f 1042/217/197 1045/215/197 1383/208/197
f 1042/217/198 1044/218/198 1045/215/198
f 1044/218/198 1042/217/198 1043/219/198
f 1042/217/199 1079/220/199 1043/219/199
f 1080/221/199 1043/219/199 1079/220/199
f 1081/214/200 1080/221/200 1079/220/200
f 1082/222/200 1081/214/200 1079/220/200
f 1082/222/196 1083/211/196 1081/214/196
f 1082/222/193 1380/210/193 1083/211/193
f 1380/210/201 1082/222/201 1079/220/201
f 1079/220/201 1381/207/201 1380/210/201
f 1381/207/202 1079/220/202 1042/217/202
f 1042/217/202 1383/208/202 1381/207/202
f 1404/223/203 1403/224/203 1402/225/203
f 1403/224/204 1404/223/204 1375/226/204
f 1373/227/204 1375/226/204 1404/223/204
f 1375/226/205 1373/227/205 1374/228/205
f 1376/229/205 1374/228/205 1373/227/205
f 1376/229/206 1385/216/206 1374/228/206
f 1385/216/206 1376/229/206 1386/230/206
f 1386/230/207 1384/231/207 1385/216/207
f 1383/208/207 1385/216/207 1384/231/207
f 1384/231/189 1382/209/189 1383/208/189
f 1385/216/208 1045/215/208 1374/228/208
f 1046/232/209 1045/215/209 1044/218/209
f 1045/215/209 1046/232/209 1047/233/209
f 1047/233/208 1374/228/208 1045/215/208
f 1374/228/210 1047/233/210 1375/226/210
f 1078/234/211 1375/226/211 1047/233/211
f 1375/226/212 1078/234/212 1403/224/212
f 1095/235/212 1403/224/212 1078/234/212
f 1095/235/213 1078/234/213 1096/236/213
f 1096/236/214 1056/237/214 1095/235/214
f 1077/238/213 1096/236/213 1078/234/213
f 1046/232/215 1077/238/215 1078/234/215
f 1078/234/215 1047/233/215 1046/232/215
f 1070/239/216 1035/240/216 1069/241/216
f 1034/242/216 1069/241/216 1035/240/216
f 1035/240/217 1032/243/217 1034/242/217
f 1034/242/217 1032/243/217 1033/244/217
f 1033/244/218 1032/243/218 1056/237/218
f 1057/245/218 1056/237/218 1032/243/218
f 1057/245/214 1095/235/214 1056/237/214
f 1057/245/219 1401/246/219 1095/235/219
f 1403/224/219 1095/235/219 1401/246/219
f 1401/246/203 1402/225/203 1403/224/203
f 1401/246/220 1057/245/220 1032/243/220
f 1360/247/221 1032/243/221 1358/248/221
f 1032/243/220 1360/247/220 1401/246/220
f 1402/225/222 1401/246/222 1360/247/222
f 1402/225/222 1360/247/222 1359/249/222
f 1360/247/223 1357/250/223 1359/249/223
f 1357/250/223 1360/247/223 1358/248/223
f 1358/248/224 1355/251/224 1357/250/224
f 1349/252/225 1351/253/225 1416/254/225
f 1351/253/226 1349/252/226 1350/255/226
f 1351/253/227 1350/255/227 1352/256/227
f 1350/255/228 1353/257/228 1352/256/228
f 1354/258/228 1352/256/228 1353/257/228
f 1353/257/229 1355/251/229 1354/258/229
f 1356/259/229 1354/258/229 1355/251/229
f 1356/259/224 1355/251/224 1358/248/224
f 1358/248/230 1035/240/230 1356/259/230
f 1035/240/221 1358/248/221 1032/243/221
f 1416/254/231 1415/260/231 1414/261/231
f 1415/260/225 1416/254/225 1351/253/225
f 1351/253/232 1064/262/232 1415/260/232
f 1064/262/233 1351/253/233 1352/256/233
f 1352/256/233 1031/263/233 1064/262/233
f 1031/263/234 1352/256/234 1354/258/234
f 1354/258/234 1028/264/234 1031/263/234
f 1028/264/235 1354/258/235 1356/259/235
f 1356/259/236 1070/239/236 1028/264/236
f 1070/239/230 1356/259/230 1035/240/230
f 1028/264/237 1070/239/237 1069/241/237
f 1069/241/237 1029/265/237 1028/264/237
f 1030/266/238 1028/264/238 1029/265/238
f 1031/263/238 1028/264/238 1030/266/238
f 1030/266/239 1063/267/239 1031/263/239
f 1064/262/239 1031/263/239 1063/267/239
f 1065/268/240 1064/262/240 1063/267/240
f 1065/268/232 1415/260/232 1064/262/232
f 1415/260/241 1065/268/241 1413/269/241
f 1067/270/241 1413/269/241 1065/268/241
f 1066/271/240 1065/268/240 1063/267/240
f 1067/270/242 1065/268/242 1066/271/242
f 1068/272/242 1067/270/242 1066/271/242
f 1068/272/243 1073/273/243 1067/270/243
f 1074/274/243 1067/270/243 1073/273/243
f 1074/274/244 1412/275/244 1067/270/244
f 1413/269/244 1067/270/244 1412/275/244
f 1412/275/245 1411/276/245 1413/269/245
f 1414/261/246 1413/269/246 1411/276/246
f 1413/269/231 1414/261/231 1415/260/231
f 1109/277/247 1309/278/247 1110/279/247
f 1313/280/247 1309/278/247 1109/277/247
f 1125/281/248 1109/277/248 1124/282/248
f 1125/281/249 1314/283/249 1109/277/249
f 1313/280/249 1109/277/249 1314/283/249
f 1314/283/250 1305/284/250 1313/280/250
f 1313/280/251 1305/284/251 1309/278/251
f 1304/285/251 1309/278/251 1305/284/251
f 1305/284/252 1302/286/252 1304/285/252
f 1302/286/252 1303/287/252 1304/285/252
f 1311/288/253 1302/286/253 1305/284/253
f 1312/289/253 1311/288/253 1305/284/253
f 1312/289/250 1305/284/250 1314/283/250
f 1304/285/254 1307/290/254 1308/291/254
f 1307/290/255 1304/285/255 1306/292/255
f 1303/287/256 1306/292/256 1304/285/256
f 1303/287/257 1301/293/257 1306/292/257
f 1303/287/258 1302/286/258 1301/293/258
f 1298/294/258 1301/293/258 1302/286/258
f 1311/288/259 1298/294/259 1302/286/259
f 1298/294/259 1311/288/259 1299/295/259
f 1299/295/260 1297/296/260 1298/294/260
f 1297/296/260 1296/297/260 1298/294/260
f 1297/296/261 1287/298/261 1296/297/261
f 1301/293/262 1310/299/262 1306/292/262
f 1301/293/263 1300/300/263 1310/299/263
f 1301/293/264 1298/294/264 1300/300/264
f 1296/297/264 1300/300/264 1298/294/264
f 1111/301/265 1112/302/265 1107/303/265
f 1111/301/266 1308/291/266 1112/302/266
f 1325/304/266 1112/302/266 1308/291/266
f 1308/291/267 1307/290/267 1325/304/267
f 1329/305/267 1325/304/267 1307/290/267
f 1307/290/268 1306/292/268 1329/305/268
f 1330/306/268 1329/305/268 1306/292/268
f 1306/292/269 1310/299/269 1330/306/269
f 1331/307/269 1330/306/269 1310/299/269
f 1310/299/270 1332/308/270 1331/307/270
f 1326/309/271 1331/307/271 1327/310/271
f 1330/306/272 1331/307/272 1328/311/272
f 1326/309/272 1328/311/272 1331/307/272
f 1003/312/273 1328/311/273 1326/309/273
f 1329/305/274 1330/306/274 1324/313/274
f 1328/311/274 1324/313/274 1330/306/274
f 995/314/275 1324/313/275 1328/311/275
f 995/314/275 1328/311/275 1003/312/275
f 1004/315/276 995/314/276 1003/312/276
f 1325/304/277 1329/305/277 1323/316/277
f 1324/313/277 1323/316/277 1329/305/277
f 994/317/278 1323/316/278 1324/313/278
f 994/317/278 1324/313/278 995/314/278
f 996/318/279 994/317/279 995/314/279
f 996/318/276 995/314/276 1004/315/276
f 996/318/280 1004/315/280 977/319/280
f 978/320/281 976/321/281 975/322/281
f 977/319/281 975/322/281 976/321/281
f 976/321/280 996/318/280 977/319/280
f 997/323/282 996/318/282 976/321/282
f 997/323/279 994/317/279 996/318/279
f 997/323/283 798/324/283 994/317/283
f 798/324/284 1323/316/284 994/317/284
f 798/324/284 1113/325/284 1323/316/284
f 1323/316/285 1113/325/285 1325/304/285
f 1112/302/285 1325/304/285 1113/325/285
f 983/326/286 981/327/286 975/322/286
f 783/328/287 796/329/287 785/330/287
f 797/331/287 785/330/287 796/329/287
f 785/330/288 797/331/288 790/332/288
f 795/333/288 790/332/288 797/331/288
f 793/334/289 790/332/289 795/333/289
f 795/333/290 980/335/290 793/334/290
f 979/336/290 793/334/290 980/335/290
f 980/335/291 978/320/291 979/336/291
f 981/327/291 979/336/291 978/320/291
f 978/320/286 975/322/286 981/327/286
f 784/337/292 782/338/292 783/328/292
f 784/337/292 783/328/292 785/330/292
f 784/337/293 785/330/293 789/339/293
f 790/332/293 789/339/293 785/330/293
f 792/340/294 789/339/294 790/332/294
f 792/340/289 790/332/289 793/334/289
f 793/334/295 791/341/295 792/340/295
f 793/334/296 979/336/296 791/341/296
f 794/342/295 792/340/295 791/341/295
f 794/342/297 791/341/297 805/343/297
f 794/342/298 805/343/298 904/344/298
f 794/342/299 904/344/299 792/340/299
f 1417/345/299 792/340/299 904/344/299
f 1417/345/294 789/339/294 792/340/294
f 789/339/300 1417/345/300 788/346/300
f 789/339/301 788/346/301 784/337/301
f 786/347/301 784/337/301 788/346/301
f 784/337/302 786/347/302 782/338/302
f 787/348/302 782/338/302 786/347/302
f 905/349/300 788/346/300 1417/345/300
f 904/344/303 810/350/303 1417/345/303
f 800/351/304 810/350/304 904/344/304
f 803/352/304 800/351/304 904/344/304
f 803/352/298 904/344/298 805/343/298
f 911/353/305 912/354/305 913/355/305
f 911/353/305 913/355/305 787/348/305
f 911/353/306 787/348/306 907/356/306
f 786/347/306 907/356/306 787/348/306
f 907/356/307 786/347/307 906/357/307
f 788/346/307 906/357/307 786/347/307
f 906/357/308 788/346/308 825/358/308
f 905/349/308 825/358/308 788/346/308
f 905/349/309 810/350/309 825/358/309
f 905/349/303 1417/345/303 810/350/303
f 912/354/310 911/353/310 910/359/310
f 908/360/310 910/359/310 911/353/310
f 911/353/311 907/356/311 908/360/311
f 822/361/311 908/360/311 907/356/311
f 907/356/312 906/357/312 822/361/312
f 821/362/313 822/361/313 906/357/313
f 821/362/314 906/357/314 823/363/314
f 825/358/314 823/363/314 906/357/314
f 825/358/315 809/364/315 823/363/315
f 809/364/309 825/358/309 810/350/309
f 800/351/316 809/364/316 810/350/316
f 823/363/317 820/365/317 821/362/317
f 824/366/315 823/363/315 809/364/315
f 823/363/318 824/366/318 820/365/318
f 820/365/318 824/366/318 829/367/318
f 809/364/316 800/351/316 799/368/316
f 799/368/319 826/369/319 809/364/319
f 824/366/319 809/364/319 826/369/319
f 826/369/320 828/370/320 824/366/320
f 829/367/320 824/366/320 828/370/320
f 829/367/321 828/370/321 833/371/321
f 833/371/322 819/372/322 829/367/322
f 820/365/322 829/367/322 819/372/322
f 818/373/323 820/365/323 819/372/323
f 818/373/317 821/362/317 820/365/317
f 833/371/321 828/370/321 832/374/321
f 819/372/323 817/375/323 818/373/323
f 817/375/324 812/376/324 818/373/324
f 815/377/324 818/373/324 812/376/324
f 812/376/325 811/378/325 815/377/325
f 816/379/325 815/377/325 811/378/325
f 811/378/326 902/380/326 816/379/326
f 909/381/326 816/379/326 902/380/326
f 902/380/327 1136/382/327 909/381/327
f 1136/382/328 1229/383/328 909/381/328
f 1135/384/327 1136/382/327 902/380/327
f 818/373/329 815/377/329 821/362/329
f 822/361/329 821/362/329 815/377/329
f 815/377/330 816/379/330 822/361/330
f 908/360/331 822/361/331 816/379/331
f 816/379/332 909/381/332 908/360/332
f 910/359/332 908/360/332 909/381/332
f 909/381/328 1229/383/328 910/359/328
f 1229/383/333 1231/385/333 910/359/333
f 910/359/333 1231/385/333 912/354/333
f 912/354/334 1231/385/334 913/355/334
f 787/348/335 780/386/335 782/338/335
f 787/348/335 913/355/335 780/386/335
f 913/355/336 1232/387/336 780/386/336
f 913/355/334 1231/385/334 1232/387/334
f 1231/385/337 1230/388/337 1232/387/337
f 1231/385/338 1229/383/338 1230/388/338
f 1228/389/338 1230/388/338 1229/383/338
f 1229/383/339 1136/382/339 1228/389/339
f 1134/390/339 1228/389/339 1136/382/339
f 1136/382/340 1135/384/340 1134/390/340
f 1141/391/341 1140/392/341 1138/393/341
f 1137/394/342 1138/393/342 1140/392/342
f 1137/394/343 1140/392/343 1134/390/343
f 1228/389/343 1134/390/343 1140/392/343
f 1140/392/344 1227/395/344 1228/389/344
f 1230/388/344 1228/389/344 1227/395/344
f 1230/388/345 1227/395/345 1103/396/345
f 1232/387/337 1230/388/337 1103/396/337
f 1232/387/346 1103/396/346 1097/397/346
f 780/386/336 1232/387/336 1097/397/336
f 1140/392/347 1141/391/347 1227/395/347
f 1144/398/348 1227/395/348 1141/391/348
f 1144/398/349 1101/399/349 1227/395/349
f 1101/399/345 1103/396/345 1227/395/345
f 1103/396/350 1101/399/350 1099/400/350
f 1097/397/346 1103/396/346 1099/400/346
f 1097/397/351 1099/400/351 1098/401/351
f 781/402/352 1097/397/352 1098/401/352
f 781/402/353 1098/401/353 798/324/353
f 1098/401/353 1113/325/353 798/324/353
f 1098/401/354 1100/403/354 1113/325/354
f 1100/403/351 1098/401/351 1099/400/351
f 1099/400/355 1102/404/355 1100/403/355
f 1102/404/350 1099/400/350 1101/399/350
f 1113/325/354 1100/403/354 1112/302/354
f 1100/403/265 1107/303/265 1112/302/265
f 1100/403/355 1102/404/355 1107/303/355
f 1104/405/356 1107/303/356 1102/404/356
f 1102/404/357 1101/399/357 1104/405/357
f 1105/406/358 1104/405/358 1101/399/358
f 1101/399/359 1144/398/359 1105/406/359
f 1105/406/360 1144/398/360 1129/407/360
f 1127/408/360 1129/407/360 1144/398/360
f 1144/398/361 1141/391/361 1127/408/361
f 1143/409/361 1127/408/361 1141/391/361
f 1138/393/362 1143/409/362 1141/391/362
f 1138/393/362 1142/410/362 1143/409/362
f 1104/405/363 1105/406/363 1129/407/363
f 1143/409/364 1148/411/364 1145/412/364
f 1143/409/365 1145/412/365 1127/408/365
f 1128/413/365 1127/408/365 1145/412/365
f 1128/413/366 1126/414/366 1127/408/366
f 1129/407/366 1127/408/366 1126/414/366
f 1126/414/367 1225/415/367 1129/407/367
f 1104/405/363 1129/407/363 1225/415/363
f 1225/415/368 1106/416/368 1104/405/368
f 1107/303/356 1104/405/356 1106/416/356
f 1107/303/369 1106/416/369 1111/301/369
f 1106/416/368 1225/415/368 1108/417/368
f 1225/415/367 1126/414/367 1226/418/367
f 1226/418/370 1124/282/370 1225/415/370
f 1108/417/370 1225/415/370 1124/282/370
f 1124/282/248 1109/277/248 1108/417/248
f 1106/416/371 1108/417/371 1109/277/371
f 1109/277/371 1110/279/371 1106/416/371
f 1111/301/369 1106/416/369 1110/279/369
f 1111/301/372 1110/279/372 1309/278/372
f 1309/278/372 1308/291/372 1111/301/372
f 1308/291/254 1309/278/254 1304/285/254
f 1419/419/373 960/420/373 964/421/373
f 964/421/374 970/422/374 1419/419/374
f 973/423/374 1419/419/374 970/422/374
f 970/422/375 972/424/375 973/423/375
f 970/422/376 968/425/376 972/424/376
f 968/425/377 970/422/377 964/421/377
f 964/421/377 965/426/377 968/425/377
f 965/426/378 964/421/378 963/427/378
f 963/427/373 964/421/373 960/420/373
f 960/420/379 952/428/379 963/427/379
f 952/428/379 960/420/379 953/429/379
f 953/429/380 946/430/380 952/428/380
f 972/424/376 968/425/376 971/431/376
f 971/431/381 986/432/381 972/424/381
f 962/433/378 965/426/378 963/427/378
f 952/428/382 962/433/382 963/427/382
f 941/434/382 962/433/382 952/428/382
f 939/435/383 941/434/383 952/428/383
f 939/435/383 952/428/383 944/436/383
f 944/436/380 952/428/380 946/430/380
f 944/436/384 946/430/384 947/437/384
f 947/437/385 946/430/385 956/438/385
f 956/438/386 955/439/386 947/437/386
f 956/438/387 954/440/387 955/439/387
f 948/441/386 947/437/386 955/439/386
f 948/441/388 945/442/388 947/437/388
f 945/442/389 948/441/389 928/443/389
f 925/444/390 928/443/390 927/445/390
f 928/443/390 925/444/390 929/446/390
f 928/443/391 929/446/391 935/447/391
f 935/447/391 945/442/391 928/443/391
f 945/442/392 935/447/392 943/448/392
f 943/448/388 947/437/388 945/442/388
f 944/436/384 947/437/384 943/448/384
f 944/436/393 943/448/393 939/435/393
f 937/449/393 939/435/393 943/448/393
f 937/449/392 943/448/392 935/447/392
f 950/450/394 927/445/394 949/451/394
f 950/450/395 924/452/395 927/445/395
f 921/453/395 927/445/395 924/452/395
f 927/445/396 921/453/396 925/444/396
f 926/454/396 925/444/396 921/453/396
f 926/454/397 921/453/397 930/455/397
f 950/450/398 951/456/398 924/452/398
f 923/457/399 921/453/399 922/458/399
f 923/457/397 930/455/397 921/453/397
f 887/459/400 930/455/400 923/457/400
f 887/459/400 885/460/400 930/455/400
f 887/459/401 882/461/401 885/460/401
f 882/461/401 887/459/401 883/462/401
f 922/458/402 887/459/402 923/457/402
f 918/463/403 917/464/403 919/465/403
f 918/463/403 915/466/403 917/464/403
f 917/464/404 915/466/404 914/467/404
f 916/468/404 914/467/404 915/466/404
f 916/468/405 922/458/405 914/467/405
f 916/468/406 1418/469/406 922/458/406
f 1418/469/402 887/459/402 922/458/402
f 1418/469/407 888/470/407 887/459/407
f 883/462/407 887/459/407 888/470/407
f 883/462/408 888/470/408 881/471/408
f 880/472/408 881/471/408 888/470/408
f 883/462/409 881/471/409 882/461/409
f 865/473/409 882/461/409 881/471/409
f 865/473/410 881/471/410 859/474/410
f 875/475/410 859/474/410 881/471/410
f 880/472/411 875/475/411 881/471/411
f 875/475/411 880/472/411 874/476/411
f 893/477/412 915/466/412 895/478/412
f 915/466/413 893/477/413 916/468/413
f 894/479/413 916/468/413 893/477/413
f 894/479/406 1418/469/406 916/468/406
f 894/479/414 890/480/414 1418/469/414
f 888/470/414 1418/469/414 890/480/414
f 890/480/415 879/481/415 888/470/415
f 880/472/415 888/470/415 879/481/415
f 880/472/416 879/481/416 873/482/416
f 874/476/416 880/472/416 873/482/416
f 878/483/417 873/482/417 879/481/417
f 890/480/418 889/484/418 879/481/418
f 878/483/418 879/481/418 889/484/418
f 891/485/419 878/483/419 889/484/419
f 891/485/420 889/484/420 895/478/420
f 895/478/420 889/484/420 893/477/420
f 889/484/421 890/480/421 893/477/421
f 894/479/421 893/477/421 890/480/421
f 852/486/422 850/487/422 847/488/422
f 850/487/423 849/489/423 847/488/423
f 849/489/424 850/487/424 873/482/424
f 871/490/425 849/489/425 873/482/425
f 873/482/417 878/483/417 871/490/417
f 871/490/426 878/483/426 876/491/426
f 876/491/419 878/483/419 891/485/419
f 892/492/427 876/491/427 891/485/427
f 892/492/428 891/485/428 896/493/428
f 896/493/428 891/485/428 895/478/428
f 868/494/426 871/490/426 876/491/426
f 849/489/425 871/490/425 872/495/425
f 872/495/429 871/490/429 868/494/429
f 867/496/429 872/495/429 868/494/429
f 869/497/430 867/496/430 868/494/430
f 869/497/431 868/494/431 877/498/431
f 868/494/431 876/491/431 877/498/431
f 877/498/427 876/491/427 892/492/427
f 870/499/430 867/496/430 869/497/430
f 872/495/432 903/500/432 849/489/432
f 872/495/433 897/501/433 903/500/433
f 867/496/433 897/501/433 872/495/433
f 898/502/434 897/501/434 867/496/434
f 870/499/434 898/502/434 867/496/434
f 1190/503/435 898/502/435 870/499/435
f 1190/503/436 870/499/436 869/497/436
f 1190/503/436 869/497/436 1191/504/436
f 869/497/437 877/498/437 1191/504/437
f 1198/505/437 1191/504/437 877/498/437
f 1192/506/438 1193/507/438 1191/504/438
f 1190/503/438 1191/504/438 1193/507/438
f 1193/507/439 1220/508/439 1190/503/439
f 1190/503/435 1220/508/435 898/502/435
f 1220/508/440 899/509/440 898/502/440
f 898/502/441 899/509/441 897/501/441
f 899/509/441 842/510/441 897/501/441
f 897/501/442 842/510/442 903/500/442
f 903/500/442 842/510/442 841/511/442
f 903/500/443 841/511/443 848/512/443
f 845/513/444 848/512/444 841/511/444
f 1194/514/445 1168/515/445 1192/506/445
f 1193/507/445 1192/506/445 1168/515/445
f 1193/507/446 1168/515/446 1224/516/446
f 1193/507/439 1224/516/439 1220/508/439
f 1224/516/447 1221/517/447 1220/508/447
f 1220/508/440 1221/517/440 899/509/440
f 1221/517/448 900/518/448 899/509/448
f 899/509/449 900/518/449 842/510/449
f 900/518/449 840/519/449 842/510/449
f 842/510/450 840/519/450 841/511/450
f 838/520/451 837/521/451 843/522/451
f 838/520/452 843/522/452 814/523/452
f 839/524/452 814/523/452 843/522/452
f 839/524/453 813/525/453 814/523/453
f 840/519/453 813/525/453 839/524/453
f 813/525/454 840/519/454 901/526/454
f 900/518/454 901/526/454 840/519/454
f 1222/527/455 901/526/455 900/518/455
f 1221/517/448 1222/527/448 900/518/448
f 1163/528/456 1222/527/456 1221/517/456
f 1135/529/457 1223/530/457 1133/531/457
f 1223/530/458 1135/529/458 901/526/458
f 901/526/458 1135/529/458 902/532/458
f 902/532/459 811/533/459 901/526/459
f 813/525/459 901/526/459 811/533/459
f 813/525/460 811/533/460 812/534/460
f 813/525/460 812/534/460 814/523/460
f 812/534/461 817/535/461 814/523/461
f 838/520/461 814/523/461 817/535/461
f 838/520/462 817/535/462 837/521/462
f 819/536/462 837/521/462 817/535/462
f 841/511/450 840/519/450 839/524/450
f 841/511/463 839/524/463 845/513/463
f 843/522/463 845/513/463 839/524/463
f 843/522/464 844/537/464 845/513/464
f 844/537/451 843/522/451 837/521/451
f 837/521/465 836/538/465 844/537/465
f 837/521/466 819/536/466 836/538/466
f 833/539/466 836/538/466 819/536/466
f 833/539/467 832/540/467 836/538/467
f 835/541/467 836/538/467 832/540/467
f 858/542/465 844/537/465 836/538/465
f 835/541/468 857/543/468 836/538/468
f 858/542/468 836/538/468 857/543/468
f 858/542/469 857/543/469 856/544/469
f 858/542/470 856/544/470 844/537/470
f 846/545/470 844/537/470 856/544/470
f 846/545/464 845/513/464 844/537/464
f 846/545/471 847/488/471 845/513/471
f 848/512/471 845/513/471 847/488/471
f 847/488/472 849/489/472 848/512/472
f 848/512/473 849/489/473 903/500/473
f 856/544/474 855/546/474 853/547/474
f 855/546/469 856/544/469 857/543/469
f 874/476/424 873/482/424 850/487/424
f 874/476/475 850/487/475 875/475/475
f 851/548/475 875/475/475 850/487/475
f 859/474/476 875/475/476 851/548/476
f 859/474/476 851/548/476 854/549/476
f 854/549/477 851/548/477 853/547/477
f 853/547/477 851/548/477 852/486/477
f 853/547/474 852/486/474 856/544/474
f 856/544/478 852/486/478 846/545/478
f 847/488/478 846/545/478 852/486/478
f 851/548/422 850/487/422 852/486/422
f 1283/550/479 1281/551/479 1282/552/479
f 1281/551/480 1283/550/480 1277/553/480
f 1282/552/481 1408/554/481 1406/555/481
f 1408/554/481 1282/552/481 1281/551/481
f 1281/551/482 1280/556/482 1408/554/482
f 1280/556/483 1281/551/483 1272/557/483
f 1281/551/484 1277/553/484 1272/557/484
f 1277/553/485 1276/558/485 1272/557/485
f 1277/553/486 1283/550/486 1276/558/486
f 1283/550/486 1284/559/486 1276/558/486
f 1283/550/487 1288/560/487 1284/559/487
f 1289/561/487 1288/560/487 1283/550/487
f 1283/550/488 1282/552/488 1289/561/488
f 1405/562/488 1289/561/488 1282/552/488
f 1405/562/489 1334/563/489 1289/561/489
f 1288/560/261 1296/297/261 1287/298/261
f 1296/297/490 1288/560/490 1289/561/490
f 1300/300/490 1296/297/490 1289/561/490
f 1300/300/491 1289/561/491 1334/563/491
f 1334/563/492 1310/299/492 1300/300/492
f 1332/308/270 1310/299/270 1334/563/270
f 1334/563/493 1335/564/493 1332/308/493
f 1335/564/493 1334/563/493 1405/562/493
f 1405/562/494 1406/555/494 1335/564/494
f 1406/555/494 1405/562/494 1282/552/494
f 1332/308/271 1327/310/271 1331/307/271
f 1327/310/495 1332/308/495 1333/565/495
f 1335/564/495 1333/565/495 1332/308/495
f 1333/565/496 1335/564/496 1336/566/496
f 1406/555/496 1336/566/496 1335/564/496
f 1336/566/497 1406/555/497 1407/567/497
f 1408/554/497 1407/567/497 1406/555/497
f 1408/554/498 1339/568/498 1407/567/498
f 1339/568/482 1408/554/482 1280/556/482
f 1280/556/499 1279/569/499 1339/568/499
f 1340/570/499 1339/568/499 1279/569/499
f 1339/568/500 1340/570/500 1337/571/500
f 1337/571/498 1407/567/498 1339/568/498
f 1337/571/501 1060/572/501 1407/567/501
f 1407/567/502 1060/572/502 1336/566/502
f 1011/573/502 1336/566/502 1060/572/502
f 1336/566/503 1011/573/503 1333/565/503
f 1007/574/503 1333/565/503 1011/573/503
f 1333/565/504 1007/574/504 1327/310/504
f 1001/575/504 1327/310/504 1007/574/504
f 1001/575/505 999/576/505 1000/577/505
f 1002/578/505 999/576/505 1001/575/505
f 1007/574/506 1002/578/506 1001/575/506
f 1008/579/506 1002/578/506 1007/574/506
f 1011/573/507 1008/579/507 1007/574/507
f 1012/580/507 1008/579/507 1011/573/507
f 1060/572/508 1012/580/508 1011/573/508
f 1061/581/508 1012/580/508 1060/572/508
f 1061/581/509 1059/582/509 1012/580/509
f 1062/583/509 1059/582/509 1061/581/509
f 1059/582/510 1062/583/510 961/584/510
f 959/585/510 961/584/510 1062/583/510
f 1002/578/511 1005/586/511 999/576/511
f 1006/587/511 1005/586/511 1002/578/511
f 1008/579/512 1006/587/512 1002/578/512
f 1010/588/512 1006/587/512 1008/579/512
f 1012/580/513 1010/588/513 1008/579/513
f 1059/582/513 1010/588/513 1012/580/513
f 1010/588/514 1059/582/514 1058/589/514
f 961/584/514 1058/589/514 1059/582/514
f 1005/586/515 1006/587/515 982/590/515
f 1009/591/516 982/590/516 1006/587/516
f 1006/587/517 1010/588/517 1009/591/517
f 1058/589/517 1009/591/517 1010/588/517
f 1058/589/518 1419/419/518 1009/591/518
f 1419/419/519 1058/589/519 960/420/519
f 961/584/519 960/420/519 1058/589/519
f 961/584/520 953/429/520 960/420/520
f 953/429/520 961/584/520 959/585/520
f 953/429/521 959/585/521 958/592/521
f 1062/583/522 958/592/522 959/585/522
f 958/592/522 1062/583/522 1017/593/522
f 1062/583/523 1061/581/523 1017/593/523
f 1015/594/523 1017/593/523 1061/581/523
f 946/430/521 953/429/521 958/592/521
f 958/592/385 956/438/385 946/430/385
f 1017/593/524 956/438/524 958/592/524
f 956/438/524 1017/593/524 954/440/524
f 1017/593/525 1015/594/525 954/440/525
f 1014/595/525 954/440/525 1015/594/525
f 1015/594/526 1013/596/526 1014/595/526
f 1016/597/526 1014/595/526 1013/596/526
f 1016/597/527 1013/596/527 1338/598/527
f 1341/599/528 1016/597/528 1338/598/528
f 957/600/387 955/439/387 954/440/387
f 954/440/529 1014/595/529 957/600/529
f 1018/601/529 957/600/529 1014/595/529
f 1014/595/530 1016/597/530 1018/601/530
f 1019/602/530 1018/601/530 1016/597/530
f 1019/602/528 1016/597/528 1341/599/528
f 1343/603/531 1019/602/531 1341/599/531
f 1343/603/532 1341/599/532 1345/604/532
f 1346/605/533 1343/603/533 1345/604/533
f 1346/605/534 1024/606/534 1343/603/534
f 1341/599/535 1338/598/535 1342/607/535
f 1342/607/532 1345/604/532 1341/599/532
f 1345/604/536 1342/607/536 1344/608/536
f 1345/604/537 1344/608/537 1348/609/537
f 1348/609/533 1346/605/533 1345/604/533
f 1347/610/538 1346/605/538 1348/609/538
f 1347/610/539 1026/611/539 1346/605/539
f 920/612/540 1026/611/540 1347/610/540
f 1026/611/541 920/612/541 919/465/541
f 918/463/541 919/465/541 920/612/541
f 1344/608/542 1274/613/542 1275/614/542
f 1275/614/537 1348/609/537 1344/608/537
f 1348/609/543 1275/614/543 1238/615/543
f 1238/615/538 1347/610/538 1348/609/538
f 1239/616/544 1347/610/544 1238/615/544
f 1239/616/540 920/612/540 1347/610/540
f 1239/616/545 896/493/545 920/612/545
f 896/493/546 918/463/546 920/612/546
f 896/493/546 895/478/546 918/463/546
f 918/463/412 895/478/412 915/466/412
f 1243/617/547 1275/614/547 1274/613/547
f 1198/505/548 877/498/548 892/492/548
f 1198/505/548 892/492/548 1215/618/548
f 1215/618/549 892/492/549 896/493/549
f 1215/618/549 896/493/549 1218/619/549
f 1218/619/545 896/493/545 1239/616/545
f 1239/616/550 1237/620/550 1218/619/550
f 1237/620/544 1239/616/544 1238/615/544
f 1238/615/551 1234/621/551 1237/620/551
f 1234/621/543 1238/615/543 1275/614/543
f 1234/621/552 1275/614/552 1235/622/552
f 1235/622/553 1233/623/553 1234/621/553
f 1233/623/551 1237/620/551 1234/621/551
f 1233/623/554 1219/624/554 1237/620/554
f 1219/624/550 1218/619/550 1237/620/550
f 1219/624/555 1216/625/555 1218/619/555
f 1215/618/555 1218/619/555 1216/625/555
f 1216/625/556 1199/626/556 1215/618/556
f 1198/505/556 1215/618/556 1199/626/556
f 1199/626/557 1192/506/557 1198/505/557
f 1191/504/557 1198/505/557 1192/506/557
f 1241/627/558 1236/628/558 1235/622/558
f 1236/628/553 1233/623/553 1235/622/553
f 1233/623/559 1236/628/559 1217/629/559
f 1217/629/560 1219/624/560 1233/623/560
f 1217/629/561 1214/630/561 1219/624/561
f 1216/625/562 1219/624/562 1214/630/562
f 1214/630/563 1200/631/563 1216/625/563
f 1199/626/563 1216/625/563 1200/631/563
f 1200/631/564 1194/514/564 1199/626/564
f 1192/506/564 1199/626/564 1194/514/564
f 1213/632/559 1217/629/559 1236/628/559
f 1240/633/565 1210/634/565 1236/628/565
f 1210/634/565 1213/632/565 1236/628/565
f 1213/632/566 1210/634/566 1212/635/566
f 1217/629/567 1213/632/567 1212/635/567
f 1212/635/567 1214/630/567 1217/629/567
f 1214/630/568 1212/635/568 1201/636/568
f 1201/636/568 1200/631/568 1214/630/568
f 1196/637/569 1201/636/569 1202/638/569
f 1201/636/570 1212/635/570 1202/638/570
f 1205/639/570 1202/638/570 1212/635/570
f 1212/635/566 1210/634/566 1205/639/566
f 1205/639/571 1210/634/571 1204/640/571
f 1211/641/571 1204/640/571 1210/634/571
f 1211/641/572 1210/634/572 1248/642/572
f 1240/633/572 1248/642/572 1210/634/572
f 1240/633/573 1241/627/573 1248/642/573
f 1236/628/558 1241/627/558 1240/633/558
f 1241/627/574 1244/643/574 1245/644/574
f 1245/644/573 1248/642/573 1241/627/573
f 1266/645/575 1271/646/575 1267/647/575
f 1269/648/576 1271/646/576 1266/645/576
f 1266/645/577 1268/649/577 1269/648/577
f 1270/650/577 1269/648/577 1268/649/577
f 1270/650/578 1246/651/578 1269/648/578
f 1247/652/578 1246/651/578 1270/650/578
f 1247/652/579 1244/643/579 1246/651/579
f 1242/653/579 1246/651/579 1244/643/579
f 1244/643/574 1241/627/574 1242/653/574
f 1241/627/580 1235/622/580 1242/653/580
f 1268/649/581 1266/645/581 1265/654/581
f 1267/647/581 1265/654/581 1266/645/581
f 1243/617/582 1235/622/582 1275/614/582
f 1243/617/580 1242/653/580 1235/622/580
f 1242/653/583 1243/617/583 1274/613/583
f 1242/653/583 1274/613/583 1246/651/583
f 1246/651/584 1274/613/584 1273/655/584
f 1246/651/584 1273/655/584 1269/648/584
f 1269/648/576 1273/655/576 1271/646/576
f 1273/655/585 1278/656/585 1271/646/585
f 1279/569/586 1271/646/586 1278/656/586
f 1279/569/587 1278/656/587 1340/570/587
f 1061/581/588 1060/572/588 1015/594/588
f 1013/596/588 1015/594/588 1060/572/588
f 1013/596/501 1060/572/501 1337/571/501
f 1338/598/527 1013/596/527 1337/571/527
f 1338/598/500 1337/571/500 1340/570/500
f 1340/570/535 1342/607/535 1338/598/535
f 1342/607/587 1340/570/587 1278/656/587
f 1278/656/536 1344/608/536 1342/607/536
f 1278/656/589 1273/655/589 1344/608/589
f 1274/613/590 1344/608/590 1273/655/590
f 1182/657/591 1183/658/591 1184/659/591
f 1185/660/591 1184/659/591 1183/658/591
f 1184/659/592 1185/660/592 1186/661/592
f 1187/662/593 1186/661/593 1185/660/593
f 1186/661/594 1187/662/594 1155/663/594
f 1151/664/595 1155/663/595 1152/665/595
f 1156/666/596 1152/665/596 1155/663/596
f 1156/666/597 1155/663/597 1187/662/597
f 1400/667/598 1156/666/598 1187/662/598
f 1187/662/599 1361/668/599 1400/667/599
f 1361/668/600 1187/662/600 1364/149/600
f 1185/660/601 1364/149/601 1187/662/601
f 1364/149/602 1185/660/602 1366/147/602
f 1183/658/603 1366/147/603 1185/660/603
f 1366/147/604 1183/658/604 1179/669/604
f 1393/195/605 1388/204/605 1147/670/605
f 1147/670/606 1150/671/606 1393/195/606
f 1395/196/606 1393/195/606 1150/671/606
f 1395/196/607 1150/671/607 1152/665/607
f 1397/197/608 1395/196/608 1152/665/608
f 1397/197/609 1152/665/609 1400/667/609
f 1156/666/610 1400/667/610 1152/665/610
f 1391/206/611 1119/672/611 1390/205/611
f 1117/673/612 1390/205/612 1119/672/612
f 1390/205/613 1117/673/613 1388/204/613
f 1114/674/614 1388/204/614 1117/673/614
f 1114/674/615 1147/670/615 1388/204/615
f 1147/670/616 1114/674/616 1146/675/616
f 1146/675/617 1149/676/617 1147/670/617
f 1150/671/617 1147/670/617 1149/676/617
f 1149/676/618 1151/664/618 1150/671/618
f 1152/665/619 1150/671/619 1151/664/619
f 1123/677/620 1122/678/620 1121/679/620
f 1120/680/621 1121/679/621 1122/678/621
f 1121/679/622 1120/680/622 1119/672/622
f 1118/681/623 1119/672/623 1120/680/623
f 1119/672/624 1118/681/624 1117/673/624
f 1115/682/624 1117/673/624 1118/681/624
f 1117/673/625 1115/682/625 1114/674/625
f 1116/683/625 1114/674/625 1115/682/625
f 1116/683/626 1146/675/626 1114/674/626
f 1317/684/627 1315/685/627 1316/686/627
f 1316/686/628 1321/687/628 1317/684/628
f 1322/688/629 1317/684/629 1321/687/629
f 1321/687/630 1122/678/630 1322/688/630
f 1123/677/631 1322/688/631 1122/678/631
f 1123/677/632 1378/200/632 1322/688/632
f 1378/200/633 1123/677/633 1121/679/633
f 1121/679/634 1379/198/634 1378/200/634
f 1379/198/635 1121/679/635 1119/672/635
f 1119/672/636 1391/206/636 1379/198/636
f 1386/230/637 1315/685/637 1317/684/637
f 1386/230/638 1317/684/638 1384/231/638
f 1384/231/639 1317/684/639 1382/209/639
f 1322/688/640 1382/209/640 1317/684/640
f 1382/209/641 1322/688/641 1378/200/641
f 1264/689/642 1295/690/642 1359/249/642
f 1402/225/643 1359/249/643 1295/690/643
f 1402/225/644 1295/690/644 1404/223/644
f 1293/691/644 1404/223/644 1295/690/644
f 1404/223/645 1293/691/645 1373/227/645
f 1290/692/646 1373/227/646 1293/691/646
f 1373/227/647 1290/692/647 1376/229/647
f 1319/693/648 1376/229/648 1290/692/648
f 1376/229/649 1319/693/649 1315/685/649
f 1386/230/649 1376/229/649 1315/685/649
f 1294/694/650 1295/690/650 1263/695/650
f 1295/690/651 1294/694/651 1293/691/651
f 1291/696/651 1293/691/651 1294/694/651
f 1293/691/652 1291/696/652 1290/692/652
f 1292/697/652 1290/692/652 1291/696/652
f 1290/692/653 1292/697/653 1319/693/653
f 1320/698/654 1319/693/654 1292/697/654
f 1320/698/655 1318/699/655 1319/693/655
f 1315/685/655 1319/693/655 1318/699/655
f 1318/699/627 1316/686/627 1315/685/627
f 1256/700/656 1255/701/656 1251/702/656
f 1256/700/657 1257/703/657 1255/701/657
f 1258/704/658 1255/701/658 1257/703/658
f 1257/703/659 1259/705/659 1258/704/659
f 1260/706/659 1258/704/659 1259/705/659
f 1259/705/660 1261/707/660 1260/706/660
f 1262/708/661 1260/706/661 1261/707/661
f 1261/707/662 1263/695/662 1262/708/662
f 1350/255/663 1255/701/663 1258/704/663
f 1258/704/664 1353/257/664 1350/255/664
f 1353/257/665 1258/704/665 1260/706/665
f 1260/706/666 1355/251/666 1353/257/666
f 1355/251/667 1260/706/667 1262/708/667
f 1262/708/667 1357/250/667 1355/251/667
f 1357/250/668 1262/708/668 1359/249/668
f 1264/689/669 1359/249/669 1262/708/669
f 1264/689/670 1262/708/670 1263/695/670
f 1264/689/671 1263/695/671 1295/690/671
f 1349/252/672 1249/709/672 1350/255/672
f 1249/709/673 1349/252/673 1252/710/673
f 1416/254/674 1252/710/674 1349/252/674
f 1416/254/675 1414/261/675 1252/710/675
f 1414/261/676 1254/711/676 1252/710/676
f 1414/261/677 1411/276/677 1254/711/677
f 1411/276/678 1209/712/678 1254/711/678
f 1209/712/679 1208/713/679 1254/711/679
f 1253/714/680 1254/711/680 1208/713/680
f 1254/711/681 1253/714/681 1252/710/681
f 1250/715/682 1252/710/682 1253/714/682
f 1252/710/683 1250/715/683 1249/709/683
f 1251/702/683 1249/709/683 1250/715/683
f 1249/709/656 1251/702/656 1255/701/656
f 1255/701/672 1350/255/672 1249/709/672
f 1167/716/684 1165/717/684 1166/718/684
f 1224/516/447 1163/528/447 1221/517/447
f 1224/516/685 1166/718/685 1163/528/685
f 1166/718/446 1224/516/446 1168/515/446
f 1166/718/686 1168/515/686 1167/716/686
f 1169/719/687 1167/716/687 1168/515/687
f 1167/716/688 1169/719/688 1170/720/688
f 1170/720/689 1165/717/689 1167/716/689
f 1175/721/689 1165/717/689 1170/720/689
f 1175/721/690 1164/722/690 1165/717/690
f 1174/723/690 1164/722/690 1175/721/690
f 1194/514/691 1195/724/691 1169/719/691
f 1168/515/692 1194/514/692 1169/719/692
f 1200/631/693 1201/636/693 1194/514/693
f 1195/724/694 1194/514/694 1201/636/694
f 1195/724/569 1201/636/569 1196/637/569
f 1195/724/695 1196/637/695 1169/719/695
f 1171/725/695 1169/719/695 1196/637/695
f 1171/725/688 1170/720/688 1169/719/688
f 1170/720/696 1171/725/696 1172/726/696
f 1172/726/697 1175/721/697 1170/720/697
f 1176/727/698 1175/721/698 1172/726/698
f 1176/727/699 1177/728/699 1175/721/699
f 1173/729/696 1172/726/696 1171/725/696
f 1173/729/700 1171/725/700 1197/730/700
f 1196/637/700 1197/730/700 1171/725/700
f 1196/637/701 1202/638/701 1197/730/701
f 1202/638/701 1203/731/701 1197/730/701
f 1203/731/702 1202/638/702 1204/640/702
f 1205/639/702 1204/640/702 1202/638/702
f 1174/723/699 1175/721/699 1177/728/699
f 1177/728/703 1157/732/703 1174/723/703
f 1174/723/704 1157/732/704 1164/722/704
f 1159/733/704 1164/722/704 1157/732/704
f 1159/733/705 1132/734/705 1164/722/705
f 1159/733/706 1139/735/706 1132/734/706
f 1139/735/707 1130/736/707 1132/734/707
f 1132/734/708 1130/736/708 1131/737/708
f 1133/531/708 1131/737/708 1130/736/708
f 1131/737/457 1133/531/457 1223/530/457
f 1159/733/709 1157/732/709 1139/735/709
f 1153/738/709 1139/735/709 1157/732/709
f 1154/739/710 1153/738/710 1157/732/710
f 1158/740/710 1154/739/710 1157/732/710
f 1158/740/703 1157/732/703 1177/728/703
f 1222/527/455 1223/530/455 901/526/455
f 1161/741/711 1223/530/711 1222/527/711
f 1161/741/711 1131/737/711 1223/530/711
f 1161/741/712 1160/742/712 1131/737/712
f 1132/734/712 1131/737/712 1160/742/712
f 1160/742/713 1164/722/713 1132/734/713
f 1164/722/714 1160/742/714 1165/717/714
f 1165/717/714 1160/742/714 1162/743/714
f 1162/743/715 1166/718/715 1165/717/715
f 1162/743/685 1163/528/685 1166/718/685
f 1163/528/716 1162/743/716 1161/741/716
f 1163/528/456 1161/741/456 1222/527/456
f 1160/742/716 1161/741/716 1162/743/716
f 797/331/717 796/329/717 998/744/717
f 780/386/352 1097/397/352 781/402/352
f 782/338/718 780/386/718 781/402/718
f 782/338/718 781/402/718 783/328/718
f 781/402/719 798/324/719 783/328/719
f 796/329/719 783/328/719 798/324/719
f 796/329/283 798/324/283 997/323/283
f 998/744/717 796/329/717 997/323/717
f 998/744/282 997/323/282 976/321/282
f 978/320/720 998/744/720 976/321/720
f 980/335/720 998/744/720 978/320/720
f 998/744/721 980/335/721 797/331/721
f 795/333/721 797/331/721 980/335/721
f 779/745/722 762/746/722 755/747/722
f 738/748/722 755/747/722 762/746/722
f 762/746/722 763/749/722 738/748/722
f 739/750/722 738/748/722 763/749/722
f 739/750/94 736/751/94 738/748/94
f 739/750/165 763/752/165 736/751/165
f 760/753/165 736/751/165 763/752/165
f 763/752/1 762/754/1 760/753/1
f 761/755/1 760/753/1 762/754/1
f 761/755/1 757/756/1 760/753/1
f 759/757/1 760/753/1 757/756/1
f 759/757/1 757/756/1 756/758/1
f 759/757/167 756/758/167 734/759/167
f 759/757/166 734/759/166 760/753/166
f 736/751/166 760/753/166 734/759/166
f 736/751/94 734/759/94 733/760/94
f 737/761/94 736/751/94 733/760/94
f 737/761/94 733/760/94 753/762/94
f 754/763/94 737/761/94 753/762/94
f 738/748/94 737/761/94 754/763/94
f 737/761/94 738/748/94 736/751/94
f 758/764/1 756/758/1 757/756/1
f 758/764/1 764/765/1 756/758/1
f 751/766/240 750/767/240 775/768/240
f 775/768/239 776/769/239 751/766/239
f 752/770/239 751/766/239 776/769/239
f 776/769/238 777/771/238 752/770/238
f 752/770/238 777/771/238 753/762/238
f 777/771/237 778/772/237 753/762/237
f 753/762/237 778/772/237 754/763/237
f 778/772/216 779/773/216 754/763/216
f 754/763/216 779/773/216 755/747/216
f 755/747/94 738/748/94 754/763/94
f 735/774/94 733/760/94 732/775/94
f 733/760/94 735/774/94 753/762/94
f 752/770/94 753/762/94 735/774/94
f 735/774/94 740/776/94 752/770/94
f 751/766/94 752/770/94 740/776/94
f 740/776/94 743/777/94 751/766/94
f 750/767/94 751/766/94 743/777/94
f 750/767/94 743/777/94 749/778/94
f 744/779/94 749/778/94 743/777/94
f 743/777/94 742/780/94 744/779/94
f 743/777/94 740/776/94 742/780/94
f 741/781/94 742/780/94 740/776/94
f 745/782/94 744/779/94 742/780/94
f 768/783/194 745/782/194 742/780/194
f 742/780/194 766/784/194 768/783/194
f 766/784/195 742/780/195 741/781/195
f 741/781/195 765/785/195 766/784/195
f 765/785/173 741/781/173 732/775/173
f 741/781/94 740/776/94 732/775/94
f 735/774/94 732/775/94 740/776/94
f 734/759/94 732/775/94 733/760/94
f 732/775/167 734/759/167 756/758/167
f 765/785/173 732/775/173 756/758/173
f 765/785/1 756/758/1 764/765/1
f 765/785/1 764/765/1 766/784/1
f 767/786/1 766/784/1 764/765/1
f 767/786/1 769/787/1 766/784/1
f 769/787/1 768/783/1 766/784/1
f 769/787/1 770/788/1 768/783/1
f 768/783/1 770/788/1 771/789/1
f 771/789/196 747/790/196 768/783/196
f 745/782/196 768/783/196 747/790/196
f 747/790/94 746/791/94 745/782/94
f 744/779/94 745/782/94 746/791/94
f 746/791/94 748/792/94 744/779/94
f 749/778/94 744/779/94 748/792/94
f 749/778/243 748/792/243 772/793/243
f 772/793/242 774/794/242 749/778/242
f 750/767/242 749/778/242 774/794/242
f 774/794/240 775/768/240 750/767/240
f 773/795/243 772/793/243 748/792/243
f 771/796/723 770/797/723 747/790/723
f 770/797/723 746/791/723 747/790/723
f 770/797/723 773/798/723 746/791/723
f 773/798/723 748/792/723 746/791/723
f 590/799/724 608/800/724 595/801/724
f 623/802/725 622/803/725 609/804/725
f 607/805/725 609/804/725 622/803/725
f 609/804/94 607/805/94 606/806/94
f 608/800/94 606/806/94 607/805/94
f 606/806/726 608/800/726 592/807/726
f 590/799/726 592/807/726 608/800/726
f 592/807/725 590/799/725 591/808/725
f 593/809/725 591/808/725 590/799/725
f 590/799/727 595/801/727 593/809/727
f 593/809/727 595/801/727 597/810/727
f 597/810/728 595/801/728 594/811/728
f 611/812/94 608/800/94 613/813/94
f 611/812/724 595/801/724 608/800/724
f 611/812/729 596/814/729 595/801/729
f 596/814/728 594/811/728 595/801/728
f 594/811/730 596/814/730 600/815/730
f 598/816/730 600/815/730 596/814/730
f 596/814/731 610/817/731 615/818/731
f 615/818/731 598/816/731 596/814/731
f 615/818/732 599/819/732 598/816/732
f 600/815/733 598/816/733 599/819/733
f 599/819/733 601/820/733 600/815/733
f 601/820/734 599/819/734 602/821/734
f 604/822/734 601/820/734 602/821/734
f 610/817/94 612/823/94 615/818/94
f 617/824/732 599/819/732 615/818/732
f 599/819/735 617/824/735 602/821/735
f 620/825/735 602/821/735 617/824/735
f 616/826/94 615/818/94 612/823/94
f 616/826/94 614/827/94 615/818/94
f 614/827/94 617/824/94 615/818/94
f 614/827/94 618/828/94 617/824/94
f 620/825/94 617/824/94 618/828/94
f 620/825/94 618/828/94 619/829/94
f 620/825/736 619/829/736 602/821/736
f 603/830/737 602/821/737 619/829/737
f 604/822/723 602/821/723 603/830/723
f 605/831/723 604/822/723 603/830/723
f 605/831/738 603/830/738 591/832/738
f 592/833/738 591/832/738 603/830/738
f 592/833/739 603/830/739 606/834/739
f 619/829/739 606/834/739 603/830/739
f 619/829/94 621/835/94 606/834/94
f 621/835/94 619/829/94 618/828/94
f 618/828/723 628/836/723 621/835/723
f 628/836/734 618/828/734 626/837/734
f 626/837/740 633/838/740 628/836/740
f 633/838/741 626/837/741 632/839/741
f 609/840/94 606/834/94 621/835/94
f 629/841/723 621/835/723 628/836/723
f 621/835/738 629/841/738 609/840/738
f 623/842/738 609/840/738 629/841/738
f 632/839/741 626/837/741 627/843/741
f 626/837/733 616/826/733 627/843/733
f 626/837/733 614/827/733 616/826/733
f 614/827/734 626/837/734 618/828/734
f 653/844/742 642/845/742 650/846/742
f 642/845/742 653/844/742 644/847/742
f 644/847/743 637/848/743 642/845/743
f 638/849/744 637/848/744 644/847/744
f 637/848/745 638/849/745 630/850/745
f 632/839/745 630/850/745 638/849/745
f 630/850/746 632/839/746 624/851/746
f 624/851/747 632/839/747 627/843/747
f 624/851/730 627/843/730 612/823/730
f 612/823/730 627/843/730 616/826/730
f 637/848/728 636/852/728 642/845/728
f 631/853/728 636/852/728 637/848/728
f 631/853/728 637/848/728 630/850/728
f 631/853/728 630/850/728 625/854/728
f 630/850/728 624/851/728 625/854/728
f 625/854/728 624/851/728 613/813/728
f 613/813/728 624/851/728 612/823/728
f 613/813/94 612/823/94 611/812/94
f 612/823/94 610/817/94 611/812/94
f 610/817/748 596/814/748 611/812/748
f 648/855/749 623/802/749 649/856/749
f 623/802/749 648/855/749 622/803/749
f 651/857/750 622/803/750 648/855/750
f 622/803/750 651/857/750 643/858/750
f 643/858/751 636/852/751 622/803/751
f 636/852/752 631/853/752 622/803/752
f 625/854/753 622/803/753 631/853/753
f 622/803/727 625/854/727 607/805/727
f 607/805/727 625/854/727 613/813/727
f 608/800/94 607/805/94 613/813/94
f 707/859/733 649/856/733 706/860/733
f 649/856/733 707/859/733 648/855/733
f 648/855/730 707/859/730 668/861/730
f 668/861/754 663/862/754 648/855/754
f 663/862/755 656/863/755 648/855/755
f 651/857/756 648/855/756 656/863/756
f 651/857/728 656/863/728 650/846/728
f 650/846/728 643/858/728 651/857/728
f 643/858/728 650/846/728 642/845/728
f 643/858/728 642/845/728 636/852/728
f 724/864/728 725/865/728 730/866/728
f 731/867/728 730/866/728 725/865/728
f 731/867/728 668/861/728 730/866/728
f 669/868/728 668/861/728 731/867/728
f 663/862/728 668/861/728 669/868/728
f 663/862/728 669/868/728 662/869/728
f 663/862/728 662/869/728 656/863/728
f 662/869/728 657/870/728 656/863/728
f 657/870/728 650/846/728 656/863/728
f 650/846/757 657/870/757 653/844/757
f 658/871/757 653/844/757 657/870/757
f 657/870/758 662/869/758 658/871/758
f 664/872/758 658/871/758 662/869/758
f 662/869/759 669/868/759 664/872/759
f 652/873/760 644/847/760 653/844/760
f 658/871/761 652/873/761 653/844/761
f 659/874/761 652/873/761 658/871/761
f 664/872/762 659/874/762 658/871/762
f 665/875/762 659/874/762 664/872/762
f 670/876/763 665/875/763 664/872/763
f 670/876/759 664/872/759 669/868/759
f 670/876/727 669/868/727 729/877/727
f 731/867/727 729/877/727 669/868/727
f 655/878/723 654/879/723 661/880/723
f 654/879/723 660/881/723 661/880/723
f 654/879/764 652/873/764 660/881/764
f 660/881/765 652/873/765 659/874/765
f 660/881/766 659/874/766 666/882/766
f 665/875/767 666/882/767 659/874/767
f 660/881/723 666/882/723 661/880/723
f 649/883/768 623/842/768 655/878/768
f 661/880/769 649/883/769 655/878/769
f 661/880/770 667/884/770 649/883/770
f 667/884/723 661/880/723 666/882/723
f 666/882/723 672/885/723 667/884/723
f 666/882/771 665/875/771 672/885/771
f 671/886/771 672/885/771 665/875/771
f 671/886/763 665/875/763 670/876/763
f 671/886/725 670/876/725 728/887/725
f 729/877/725 728/887/725 670/876/725
f 709/888/723 708/889/723 714/890/723
f 709/888/772 714/890/772 711/891/772
f 716/892/772 711/891/772 714/890/772
f 716/892/773 710/893/773 711/891/773
f 717/894/773 710/893/773 716/892/773
f 716/892/774 723/895/774 717/894/774
f 723/895/774 722/896/774 717/894/774
f 723/895/775 728/887/775 722/896/775
f 728/887/776 723/895/776 727/897/776
f 728/887/738 727/897/738 672/885/738
f 672/885/738 671/886/738 728/887/738
f 714/890/777 721/898/777 716/892/777
f 723/895/777 716/892/777 721/898/777
f 721/898/776 727/897/776 723/895/776
f 729/877/775 722/896/775 728/887/775
f 729/877/778 731/867/778 722/896/778
f 725/865/778 722/896/778 731/867/778
f 722/896/752 725/865/752 717/894/752
f 718/899/752 717/894/752 725/865/752
f 718/899/779 710/893/779 717/894/779
f 713/900/779 710/893/779 718/899/779
f 713/900/780 703/901/780 710/893/780
f 712/902/728 703/901/728 713/900/728
f 712/902/728 704/903/728 703/901/728
f 719/904/728 718/899/728 724/864/728
f 725/865/728 724/864/728 718/899/728
f 730/866/730 668/861/730 707/859/730
f 730/866/781 707/859/781 724/864/781
f 719/904/745 724/864/745 707/859/745
f 712/902/743 719/904/743 707/859/743
f 719/904/728 712/902/728 718/899/728
f 713/900/728 718/899/728 712/902/728
f 707/859/782 704/903/782 712/902/782
f 707/859/782 692/905/782 704/903/782
f 706/860/94 692/905/94 707/859/94
f 706/860/94 690/906/94 692/905/94
f 692/905/725 690/906/725 691/907/725
f 690/906/725 693/908/725 691/907/725
f 693/908/783 675/909/783 691/907/783
f 691/907/783 675/909/783 674/910/783
f 676/911/94 674/910/94 675/909/94
f 676/911/782 689/912/782 674/910/782
f 675/909/94 677/913/94 676/911/94
f 705/914/784 687/915/784 686/916/784
f 702/917/784 687/915/784 705/914/784
f 687/915/785 702/917/785 691/907/785
f 691/907/785 674/910/785 687/915/785
f 683/918/786 700/919/786 686/916/786
f 705/914/786 686/916/786 700/919/786
f 705/914/725 700/919/725 703/901/725
f 705/914/725 703/901/725 702/917/725
f 704/903/725 702/917/725 703/901/725
f 702/917/725 704/903/725 691/907/725
f 692/905/725 691/907/725 704/903/725
f 687/915/782 674/910/782 689/912/782
f 687/915/728 689/912/728 688/920/728
f 688/920/728 686/916/728 687/915/728
f 686/916/780 688/920/780 685/921/780
f 686/916/780 685/921/780 683/918/780
f 683/918/1 685/921/1 684/922/1
f 684/922/1 682/923/1 683/918/1
f 682/923/787 684/922/787 681/924/787
f 682/923/788 681/924/788 698/925/788
f 697/926/788 698/925/788 681/924/788
f 701/927/725 699/928/725 698/925/725
f 701/927/725 698/925/725 694/929/725
f 698/925/789 683/918/789 682/923/789
f 700/919/789 683/918/789 698/925/789
f 700/919/725 698/925/725 699/928/725
f 700/919/725 699/928/725 703/901/725
f 699/928/780 710/893/780 703/901/780
f 710/893/1 699/928/1 701/927/1
f 710/893/1 701/927/1 711/891/1
f 711/891/787 701/927/787 694/929/787
f 711/891/787 694/929/787 709/888/787
f 709/888/723 694/929/723 708/889/723
f 696/930/723 708/889/723 694/929/723
f 697/926/725 694/929/725 698/925/725
f 694/929/725 697/926/725 695/931/725
f 696/930/725 694/929/725 695/931/725
f 695/931/725 693/932/725 696/930/725
f 690/933/725 696/930/725 693/932/725
f 690/933/790 706/934/790 696/930/790
f 708/889/790 696/930/790 706/934/790
f 708/889/791 706/934/791 715/935/791
f 715/935/723 714/890/723 708/889/723
f 715/935/723 720/936/723 714/890/723
f 721/898/723 714/890/723 720/936/723
f 720/936/723 726/937/723 721/898/723
f 727/897/723 721/898/723 726/937/723
f 726/937/723 673/938/723 727/897/723
f 672/885/723 727/897/723 673/938/723
f 673/938/723 667/884/723 672/885/723
f 673/938/792 649/883/792 667/884/792
f 649/883/734 673/938/734 706/934/734
f 726/937/734 706/934/734 673/938/734
f 726/937/793 720/936/793 706/934/793
f 720/936/794 715/935/794 706/934/794
f 1021/939/795 1020/940/795 1019/602/795
f 1018/601/795 1019/602/795 1020/940/795
f 1020/940/796 1022/941/796 1018/601/796
f 957/600/796 1018/601/796 1022/941/796
f 1023/942/797 957/600/797 1022/941/797
f 957/600/797 1023/942/797 955/439/797
f 955/439/798 1023/942/798 948/441/798
f 949/451/798 948/441/798 1023/942/798
f 949/451/389 928/443/389 948/441/389
f 928/443/394 949/451/394 927/445/394
f 1021/939/531 1019/602/531 1343/603/531
f 1024/606/534 1021/939/534 1343/603/534
f 1021/939/799 1024/606/799 1020/940/799
f 1025/943/799 1020/940/799 1024/606/799
f 1025/943/800 1022/941/800 1020/940/800
f 1025/943/800 1027/944/800 1022/941/800
f 1022/941/801 1027/944/801 1023/942/801
f 951/456/801 1023/942/801 1027/944/801
f 1023/942/802 951/456/802 949/451/802
f 950/450/802 949/451/802 951/456/802
f 1026/611/539 1024/606/539 1346/605/539
f 1024/606/803 1026/611/803 1025/943/803
f 919/465/803 1025/943/803 1026/611/803
f 919/465/804 1027/944/804 1025/943/804
f 919/465/804 917/464/804 1027/944/804
f 1027/944/805 917/464/805 951/456/805
f 914/467/805 951/456/805 917/464/805
f 914/467/398 924/452/398 951/456/398
f 914/467/405 922/458/405 924/452/405
f 924/452/399 922/458/399 921/453/399
f 680/945/723 678/946/723 679/947/723
f 678/946/790 680/945/790 677/948/790
f 678/946/790 677/948/790 675/949/790
f 675/949/806 693/932/806 678/946/806
f 695/931/806 678/946/806 693/932/806
f 695/931/807 697/926/807 678/946/807
f 681/924/807 678/946/807 697/926/807
f 681/924/723 679/947/723 678/946/723
f 679/947/787 681/924/787 684/922/787
f 585/950/808 586/951/808 576/952/808
f 513/953/809 549/954/809 550/955/809
f 549/954/810 513/953/810 512/956/810
f 512/956/811 548/957/811 549/954/811
f 549/954/812 548/957/812 558/958/812
f 548/957/813 557/959/813 558/958/813
f 567/960/813 558/958/813 557/959/813
f 567/960/814 557/959/814 566/961/814
f 566/961/815 576/952/815 567/960/815
f 577/962/815 567/960/815 576/952/815
f 576/952/808 586/951/808 577/962/808
f 556/963/816 566/961/816 557/959/816
f 512/956/811 511/964/811 548/957/811
f 511/964/817 522/965/817 548/957/817
f 557/959/817 548/957/817 522/965/817
f 522/965/818 521/966/818 557/959/818
f 556/963/819 557/959/819 521/966/819
f 556/963/820 521/966/820 555/967/820
f 556/963/821 555/967/821 566/961/821
f 565/968/821 566/961/821 555/967/821
f 566/961/822 565/968/822 576/952/822
f 575/969/822 576/952/822 565/968/822
f 555/967/823 554/970/823 565/968/823
f 564/971/824 565/968/824 554/970/824
f 565/968/825 564/971/825 575/969/825
f 574/972/825 575/969/825 564/971/825
f 555/967/820 521/966/820 520/973/820
f 555/967/826 520/973/826 554/970/826
f 520/973/827 519/974/827 554/970/827
f 519/974/828 518/975/828 554/970/828
f 553/976/828 554/970/828 518/975/828
f 554/970/829 553/976/829 564/971/829
f 563/977/829 564/971/829 553/976/829
f 564/971/830 563/977/830 574/972/830
f 573/978/830 574/972/830 563/977/830
f 575/969/831 585/950/831 576/952/831
f 584/979/831 585/950/831 575/969/831
f 584/979/832 575/969/832 583/980/832
f 574/972/832 583/980/832 575/969/832
f 583/980/833 574/972/833 582/981/833
f 573/978/833 582/981/833 574/972/833
f 582/981/834 573/978/834 581/982/834
f 572/983/834 581/982/834 573/978/834
f 572/983/835 573/978/835 562/984/835
f 563/977/835 562/984/835 573/978/835
f 562/984/836 563/977/836 552/985/836
f 553/976/837 552/985/837 563/977/837
f 552/985/838 553/976/838 517/986/838
f 518/975/838 517/986/838 553/976/838
f 518/975/839 505/987/839 517/986/839
f 505/987/840 518/975/840 506/988/840
f 519/974/841 506/988/841 518/975/841
f 506/988/842 519/974/842 507/989/842
f 520/973/843 507/989/843 519/974/843
f 507/989/844 520/973/844 508/990/844
f 521/966/845 508/990/845 520/973/845
f 508/990/846 521/966/846 509/991/846
f 522/965/847 509/991/847 521/966/847
f 509/991/848 522/965/848 510/992/848
f 500/993/849 510/992/849 522/965/849
f 500/993/850 522/965/850 511/964/850
f 500/993/851 511/964/851 499/994/851
f 512/956/852 499/994/852 511/964/852
f 499/994/853 512/956/853 501/995/853
f 513/953/854 501/995/854 512/956/854
f 514/996/855 513/953/855 550/955/855
f 501/995/856 513/953/856 502/997/856
f 514/996/857 502/997/857 513/953/857
f 502/997/858 514/996/858 503/998/858
f 515/999/859 503/998/859 514/996/859
f 503/998/860 515/999/860 504/1000/860
f 516/1001/861 504/1000/861 515/999/861
f 516/1001/862 517/1002/862 504/1000/862
f 516/1001/863 551/1003/863 517/1002/863
f 552/1004/863 517/1002/863 551/1003/863
f 551/1003/864 561/1005/864 552/1004/864
f 561/1005/865 515/999/865 571/1006/865
f 551/1003/866 515/999/866 561/1005/866
f 516/1001/867 515/999/867 551/1003/867
f 505/1007/868 504/1000/868 517/1002/868
f 561/1005/869 562/1008/869 552/1004/869
f 561/1005/870 571/1006/870 562/1008/870
f 562/1008/870 571/1006/870 572/1009/870
f 571/1006/871 580/1010/871 572/1009/871
f 581/1011/871 572/1009/871 580/1010/871
f 586/951/872 587/1012/872 577/962/872
f 577/962/872 587/1012/872 568/1013/872
f 587/1012/873 588/1014/873 568/1013/873
f 568/1013/873 588/1014/873 569/1015/873
f 588/1014/874 589/1016/874 569/1015/874
f 569/1015/874 589/1016/874 570/1017/874
f 589/1016/875 578/1018/875 570/1017/875
f 570/1017/876 578/1018/876 514/996/876
f 514/996/877 578/1018/877 515/999/877
f 579/1019/877 515/999/877 578/1018/877
f 515/999/878 579/1019/878 571/1006/878
f 580/1010/879 571/1006/879 579/1019/879
f 550/955/880 549/954/880 559/1020/880
f 560/1021/880 550/955/880 559/1020/880
f 514/996/881 550/955/881 560/1021/881
f 514/996/882 560/1021/882 570/1017/882
f 570/1017/883 560/1021/883 569/1015/883
f 559/1020/883 569/1015/883 560/1021/883
f 569/1015/884 559/1020/884 568/1013/884
f 558/958/884 568/1013/884 559/1020/884
f 558/958/885 567/960/885 568/1013/885
f 577/962/886 568/1013/886 567/960/886
f 559/1020/812 549/954/812 558/958/812
f 524/1022/887 526/1023/887 536/1024/887
f 524/1022/888 523/1025/888 526/1023/888
f 533/1026/889 523/1025/889 534/1027/889
f 532/1028/890 523/1025/890 533/1026/890
f 531/1029/891 523/1025/891 532/1028/891
f 530/1030/892 523/1025/892 531/1029/892
f 529/1031/893 523/1025/893 530/1030/893
f 535/1032/894 523/1025/894 525/1033/894
f 534/1027/895 523/1025/895 535/1032/895
f 534/1027/896 535/1032/896 546/1034/896
f 533/1026/897 534/1027/897 546/1034/897
f 545/1035/897 533/1026/897 546/1034/897
f 533/1026/898 545/1035/898 532/1028/898
f 532/1028/898 545/1035/898 544/1036/898
f 544/1036/899 531/1029/899 532/1028/899
f 544/1036/899 543/1037/899 531/1029/899
f 531/1029/900 543/1037/900 530/1030/900
f 486/1038/901 483/1039/901 547/1040/901
f 546/1034/902 547/1040/902 483/1039/902
f 483/1039/903 481/1041/903 546/1034/903
f 545/1035/903 546/1034/903 481/1041/903
f 544/1036/904 545/1035/904 481/1041/904
f 480/1042/904 544/1036/904 481/1041/904
f 547/1040/896 546/1034/896 535/1032/896
f 535/1032/905 525/1033/905 547/1040/905
f 537/1043/905 547/1040/905 525/1033/905
f 547/1040/906 537/1043/906 487/1044/906
f 486/1038/906 547/1040/906 487/1044/906
f 486/1038/907 487/1044/907 485/1045/907
f 486/1038/908 485/1045/908 483/1039/908
f 484/1046/908 483/1039/908 485/1045/908
f 484/1046/909 482/1047/909 483/1039/909
f 481/1041/909 483/1039/909 482/1047/909
f 488/1048/907 485/1045/907 487/1044/907
f 488/1048/910 506/1049/910 485/1045/910
f 506/1049/911 488/1048/911 505/1050/911
f 489/1051/911 505/1050/911 488/1048/911
f 488/1048/912 487/1044/912 489/1051/912
f 490/1052/912 489/1051/912 487/1044/912
f 487/1044/913 537/1043/913 490/1052/913
f 537/1043/913 536/1053/913 490/1052/913
f 537/1043/914 525/1033/914 536/1053/914
f 525/1033/914 524/1054/914 536/1053/914
f 525/1033/915 523/1025/915 524/1054/915
f 542/1055/900 530/1030/900 543/1037/900
f 530/1030/916 542/1055/916 529/1031/916
f 541/1056/916 529/1031/916 542/1055/916
f 529/1031/917 541/1056/917 528/1057/917
f 528/1057/918 523/1025/918 529/1031/918
f 527/1058/919 523/1025/919 528/1057/919
f 526/1023/920 523/1025/920 527/1058/920
f 526/1023/921 527/1058/921 538/1059/921
f 538/1059/887 536/1024/887 526/1023/887
f 536/1024/922 538/1059/922 490/1060/922
f 482/1047/923 479/1061/923 481/1041/923
f 480/1042/923 481/1041/923 479/1061/923
f 480/1042/924 479/1061/924 477/1062/924
f 480/1042/925 477/1062/925 544/1036/925
f 543/1037/925 544/1036/925 477/1062/925
f 543/1037/926 477/1062/926 542/1055/926
f 476/1063/926 542/1055/926 477/1062/926
f 541/1056/927 542/1055/927 476/1063/927
f 497/1064/927 541/1056/927 476/1063/927
f 476/1063/928 478/1065/928 497/1064/928
f 498/1066/928 497/1064/928 478/1065/928
f 478/1065/929 476/1063/929 475/1067/929
f 477/1062/929 475/1067/929 476/1063/929
f 475/1067/930 477/1062/930 479/1061/930
f 540/1068/931 539/1069/931 528/1057/931
f 528/1057/917 541/1056/917 540/1068/917
f 540/1068/932 541/1056/932 496/1070/932
f 497/1064/932 496/1070/932 541/1056/932
f 496/1070/933 497/1064/933 495/1071/933
f 498/1066/933 495/1071/933 497/1064/933
f 498/1066/934 501/1072/934 495/1071/934
f 478/1065/935 501/1072/935 498/1066/935
f 499/1073/935 501/1072/935 478/1065/935
f 475/1067/936 499/1073/936 478/1065/936
f 527/1058/931 528/1057/931 539/1069/931
f 539/1069/921 538/1059/921 527/1058/921
f 538/1059/937 539/1069/937 494/1074/937
f 492/1075/937 538/1059/937 494/1074/937
f 494/1074/938 493/1076/938 492/1075/938
f 493/1076/939 494/1074/939 495/1071/939
f 496/1070/940 495/1071/940 494/1074/940
f 494/1074/941 539/1069/941 496/1070/941
f 539/1069/942 540/1068/942 496/1070/942
f 492/1075/922 490/1060/922 538/1059/922
f 492/1075/943 491/1077/943 490/1060/943
f 491/1077/938 492/1075/938 493/1076/938
f 493/1076/944 503/1078/944 491/1077/944
f 503/1078/945 493/1076/945 502/1079/945
f 495/1071/945 502/1079/945 493/1076/945
f 502/1079/934 495/1071/934 501/1072/934
f 504/1080/944 491/1077/944 503/1078/944
f 491/1077/946 504/1080/946 489/1081/946
f 489/1081/947 490/1060/947 491/1077/947
f 505/1082/946 489/1081/946 504/1080/946
f 453/1083/948 466/1084/948 454/1085/948
f 466/1084/949 453/1083/949 465/1086/949
f 463/1087/950 465/1086/950 453/1083/950
f 453/1083/951 424/1088/951 463/1087/951
f 443/1089/952 424/1088/952 453/1083/952
f 453/1083/953 454/1085/953 443/1089/953
f 444/1090/953 443/1089/953 454/1085/953
f 443/1089/954 444/1090/954 433/1091/954
f 434/1092/955 433/1091/955 444/1090/955
f 433/1091/956 434/1092/956 422/1093/956
f 421/1094/956 422/1093/956 434/1092/956
f 433/1091/957 424/1088/957 443/1089/957
f 422/1093/958 424/1088/958 433/1091/958
f 422/1093/959 411/1095/959 424/1088/959
f 422/1093/960 421/1094/960 411/1095/960
f 411/1095/961 421/1094/961 412/1096/961
f 421/1094/962 423/1097/962 412/1096/962
f 421/1094/963 434/1092/963 423/1097/963
f 434/1092/963 435/1098/963 423/1097/963
f 434/1092/964 444/1090/964 435/1098/964
f 444/1090/964 445/1099/964 435/1098/964
f 370/1100/965 424/1088/965 411/1095/965
f 372/1101/966 391/1102/966 374/1103/966
f 372/1101/967 370/1100/967 391/1102/967
f 391/1102/968 370/1100/968 401/1104/968
f 401/1104/969 370/1100/969 411/1095/969
f 401/1104/970 411/1095/970 402/1105/970
f 412/1096/971 402/1105/971 411/1095/971
f 412/1096/972 413/1106/972 402/1105/972
f 413/1106/973 412/1096/973 423/1097/973
f 413/1106/974 423/1097/974 414/1107/974
f 426/1108/975 414/1107/975 423/1097/975
f 401/1104/976 392/1109/976 391/1102/976
f 392/1109/977 401/1104/977 402/1105/977
f 402/1105/978 403/1110/978 392/1109/978
f 403/1110/972 402/1105/972 413/1106/972
f 413/1106/979 414/1107/979 403/1110/979
f 404/1111/979 403/1110/979 414/1107/979
f 414/1107/980 415/1112/980 404/1111/980
f 405/1113/980 404/1111/980 415/1112/980
f 405/1113/981 415/1112/981 406/1114/981
f 415/1112/981 416/1115/981 406/1114/981
f 393/1116/978 392/1109/978 403/1110/978
f 403/1110/982 404/1111/982 393/1116/982
f 394/1117/982 393/1116/982 404/1111/982
f 404/1111/983 405/1113/983 394/1117/983
f 406/1114/984 396/1118/984 405/1113/984
f 395/1119/985 405/1113/985 396/1118/985
f 395/1119/983 394/1117/983 405/1113/983
f 394/1117/986 395/1119/986 379/1120/986
f 377/1121/986 394/1117/986 379/1120/986
f 377/1121/987 375/1122/987 394/1117/987
f 393/1116/987 394/1117/987 375/1122/987
f 375/1122/988 374/1103/988 393/1116/988
f 392/1109/989 393/1116/989 374/1103/989
f 374/1103/966 391/1102/966 392/1109/966
f 396/1118/990 381/1123/990 395/1119/990
f 379/1120/990 395/1119/990 381/1123/990
f 379/1120/991 381/1123/991 380/1124/991
f 380/1124/992 378/1125/992 379/1120/992
f 377/1121/992 379/1120/992 378/1125/992
f 378/1125/993 376/1126/993 377/1121/993
f 375/1122/993 377/1121/993 376/1126/993
f 376/1126/994 373/1127/994 375/1122/994
f 374/1103/994 375/1122/994 373/1127/994
f 374/1103/995 373/1127/995 372/1101/995
f 382/1128/991 380/1124/991 381/1123/991
f 407/1129/996 408/1130/996 397/1131/996
f 397/1131/997 396/1118/997 407/1129/997
f 396/1118/998 397/1131/998 381/1123/998
f 383/1132/998 381/1123/998 397/1131/998
f 381/1123/999 383/1132/999 382/1128/999
f 384/1133/999 382/1128/999 383/1132/999
f 383/1132/1000 385/1134/1000 384/1133/1000
f 386/1135/1000 384/1133/1000 385/1134/1000
f 386/1135/1001 385/1134/1001 387/1136/1001
f 388/1137/1002 387/1136/1002 385/1134/1002
f 398/1138/996 397/1131/996 408/1130/996
f 398/1138/1003 408/1130/1003 399/1139/1003
f 409/1140/1003 399/1139/1003 408/1130/1003
f 399/1139/1004 409/1140/1004 400/1141/1004
f 400/1141/1005 390/1142/1005 399/1139/1005
f 388/1137/1005 399/1139/1005 390/1142/1005
f 399/1139/1006 388/1137/1006 398/1138/1006
f 385/1134/1006 398/1138/1006 388/1137/1006
f 385/1134/1007 383/1132/1007 398/1138/1007
f 397/1131/1007 398/1138/1007 383/1132/1007
f 408/1130/1008 407/1129/1008 418/1143/1008
f 409/1140/1009 408/1130/1009 418/1143/1009
f 387/1136/1010 388/1137/1010 389/1144/1010
f 390/1142/1010 389/1144/1010 388/1137/1010
f 389/1144/1011 390/1142/1011 369/1145/1011
f 367/1146/1012 369/1145/1012 390/1142/1012
f 367/1146/1013 390/1142/1013 400/1141/1013
f 367/1146/1014 400/1141/1014 410/1147/1014
f 410/1147/1004 400/1141/1004 409/1140/1004
f 419/1148/1015 410/1147/1015 409/1140/1015
f 409/1140/1009 418/1143/1009 419/1148/1009
f 419/1148/1016 418/1143/1016 431/1149/1016
f 432/1150/1017 419/1148/1017 431/1149/1017
f 432/1150/1018 431/1149/1018 442/1151/1018
f 425/1152/1019 432/1150/1019 442/1151/1019
f 425/1152/1020 420/1153/1020 432/1150/1020
f 420/1153/1021 425/1152/1021 367/1146/1021
f 367/1146/1022 410/1147/1022 420/1153/1022
f 420/1153/1015 410/1147/1015 419/1148/1015
f 419/1148/1023 432/1150/1023 420/1153/1023
f 425/1152/1024 452/1154/1024 462/1155/1024
f 425/1152/1025 442/1151/1025 452/1154/1025
f 442/1151/1026 441/1156/1026 452/1154/1026
f 441/1156/1027 442/1151/1027 431/1149/1027
f 431/1149/1028 430/1157/1028 441/1156/1028
f 431/1149/1029 418/1143/1029 430/1157/1029
f 418/1143/1030 417/1158/1030 430/1157/1030
f 417/1158/1008 418/1143/1008 407/1129/1008
f 407/1129/1031 406/1114/1031 417/1158/1031
f 406/1114/997 407/1129/997 396/1118/997
f 451/1159/1032 450/1160/1032 461/1161/1032
f 461/1161/1033 462/1155/1033 451/1159/1033
f 452/1154/1034 451/1159/1034 462/1155/1034
f 451/1159/1026 452/1154/1026 441/1156/1026
f 441/1156/1035 440/1162/1035 451/1159/1035
f 440/1162/1028 441/1156/1028 430/1157/1028
f 450/1160/1035 451/1159/1035 440/1162/1035
f 416/1115/1031 417/1158/1031 406/1114/1031
f 417/1158/1036 416/1115/1036 429/1163/1036
f 430/1157/1037 417/1158/1037 429/1163/1037
f 430/1157/1038 429/1163/1038 439/1164/1038
f 440/1162/1038 430/1157/1038 439/1164/1038
f 439/1164/1039 449/1165/1039 440/1162/1039
f 450/1160/1040 440/1162/1040 449/1165/1040
f 449/1165/1041 459/1166/1041 450/1160/1041
f 460/1167/1041 450/1160/1041 459/1166/1041
f 460/1167/1032 461/1161/1032 450/1160/1032
f 414/1107/1042 426/1108/1042 415/1112/1042
f 427/1168/1043 415/1112/1043 426/1108/1043
f 415/1112/1044 427/1168/1044 416/1115/1044
f 428/1169/1045 416/1115/1045 427/1168/1045
f 429/1163/1046 416/1115/1046 428/1169/1046
f 429/1163/1047 428/1169/1047 438/1170/1047
f 438/1170/1047 439/1164/1047 429/1163/1047
f 438/1170/1048 448/1171/1048 439/1164/1048
f 449/1165/1048 439/1164/1048 448/1171/1048
f 448/1171/1049 458/1172/1049 449/1165/1049
f 428/1169/1050 427/1168/1050 438/1170/1050
f 448/1171/1051 438/1170/1051 447/1173/1051
f 437/1174/1052 447/1173/1052 438/1170/1052
f 437/1174/1050 438/1170/1050 427/1168/1050
f 436/1175/1053 437/1174/1053 427/1168/1053
f 426/1108/1053 436/1175/1053 427/1168/1053
f 446/1176/1054 447/1173/1054 437/1174/1054
f 436/1175/1054 446/1176/1054 437/1174/1054
f 423/1097/1055 435/1098/1055 426/1108/1055
f 435/1098/1056 436/1175/1056 426/1108/1056
f 435/1098/1057 445/1099/1057 436/1175/1057
f 445/1099/1057 446/1176/1057 436/1175/1057
f 446/1176/1058 445/1099/1058 455/1177/1058
f 446/1176/1058 455/1177/1058 456/1178/1058
f 456/1178/1059 457/1179/1059 446/1176/1059
f 447/1173/1060 446/1176/1060 457/1179/1060
f 457/1179/1061 458/1172/1061 447/1173/1061
f 448/1171/1061 447/1173/1061 458/1172/1061
f 445/1099/1062 444/1090/1062 454/1085/1062
f 445/1099/1063 454/1085/1063 455/1177/1063
f 454/1085/1064 466/1084/1064 455/1177/1064
f 467/1180/1065 455/1177/1065 466/1084/1065
f 455/1177/1066 467/1180/1066 456/1178/1066
f 468/1181/1067 456/1178/1067 467/1180/1067
f 469/1182/1068 456/1178/1068 468/1181/1068
f 456/1178/1069 469/1182/1069 457/1179/1069
f 470/1183/1070 457/1179/1070 469/1182/1070
f 457/1179/1071 470/1183/1071 458/1172/1071
f 471/1184/1072 458/1172/1072 470/1183/1072
f 459/1166/1049 449/1165/1049 458/1172/1049
f 458/1172/1073 471/1184/1073 459/1166/1073
f 459/1166/1074 471/1184/1074 460/1167/1074
f 472/1185/1075 460/1167/1075 471/1184/1075
f 473/1186/1076 460/1167/1076 472/1185/1076
f 460/1167/1077 473/1186/1077 461/1161/1077
f 474/1187/1078 461/1161/1078 473/1186/1078
f 461/1161/1079 474/1187/1079 462/1155/1079
f 464/1188/1080 462/1155/1080 474/1187/1080
f 462/1155/1081 464/1188/1081 425/1152/1081
f 369/1189/1 367/1190/1 368/1191/1
f 371/1192/995 372/1101/995 373/1127/995
f 372/1101/1082 371/1192/1082 370/1100/1082
f 368/1191/1083 370/1100/1083 371/1192/1083
f 370/1100/1 368/1191/1 367/1190/1
f 367/1190/1084 424/1088/1084 370/1100/1084
f 424/1088/1085 367/1190/1085 425/1193/1085
f 425/1193/1086 463/1087/1086 424/1088/1086
f 463/1087/1087 425/1193/1087 464/1194/1087
f 362/1195/1088 360/1196/1088 359/1197/1088
f 361/1198/1089 359/1197/1089 360/1196/1089
f 359/1197/1090 361/1198/1090 365/1199/1090
f 363/1200/1090 365/1199/1090 361/1198/1090
f 365/1199/1091 363/1200/1091 364/1201/1091
f 365/1199/1092 364/1201/1092 366/1202/1092
f 354/1203/1093 352/1204/1093 351/1205/1093
f 353/1206/1094 351/1205/1094 352/1204/1094
f 352/1204/1095 355/1207/1095 353/1206/1095
f 358/1208/1095 353/1206/1095 355/1207/1095
f 355/1207/1096 357/1209/1096 358/1208/1096
f 357/1209/1097 355/1207/1097 356/1210/1097
f 312/1211/723 189/1212/723 197/1213/723
f 312/1211/723 311/1214/723 189/1212/723
f 176/1215/1098 311/1214/1098 312/1211/1098
f 174/1216/1098 176/1215/1098 312/1211/1098
f 174/1216/1099 312/1211/1099 318/1217/1099
f 318/1217/723 312/1211/723 197/1213/723
f 318/1217/723 197/1213/723 317/1218/723
f 201/1219/723 317/1218/723 197/1213/723
f 317/1218/723 201/1219/723 316/1220/723
f 175/1221/1100 313/1222/1100 176/1215/1100
f 311/1214/1100 176/1215/1100 313/1222/1100
f 313/1222/723 198/1223/723 311/1214/723
f 187/1224/723 311/1214/723 198/1223/723
f 311/1214/723 187/1224/723 189/1212/723
f 189/1212/787 187/1224/787 186/1225/787
f 186/1225/1101 196/1226/1101 189/1212/1101
f 197/1213/1102 189/1212/1102 196/1226/1102
f 196/1226/734 200/1227/734 197/1213/734
f 201/1219/734 197/1213/734 200/1227/734
f 300/1228/1 296/1229/1 294/1230/1
f 294/1230/1 296/1229/1 295/1231/1
f 295/1231/723 186/1225/723 294/1230/723
f 188/1232/723 294/1230/723 186/1225/723
f 188/1232/787 186/1225/787 187/1224/787
f 187/1224/1103 199/1233/1103 188/1232/1103
f 199/1233/1104 187/1224/1104 198/1223/1104
f 198/1223/738 195/1234/738 199/1233/738
f 195/1234/723 198/1223/723 314/1235/723
f 314/1235/723 315/1236/723 195/1234/723
f 201/1219/1105 200/1227/1105 190/1237/1105
f 190/1237/723 316/1220/723 201/1219/723
f 316/1220/723 190/1237/723 192/1238/723
f 315/1236/723 316/1220/723 192/1238/723
f 315/1236/723 192/1238/723 195/1234/723
f 195/1234/1106 192/1238/1106 194/1239/1106
f 194/1239/738 199/1233/738 195/1234/738
f 193/1240/1107 190/1237/1107 200/1227/1107
f 193/1240/790 191/1241/790 190/1237/790
f 192/1238/790 190/1237/790 191/1241/790
f 191/1241/1108 194/1239/1108 192/1238/1108
f 182/1242/1109 315/1236/1109 314/1235/1109
f 315/1236/1110 182/1242/1110 316/1220/1110
f 184/1243/1110 316/1220/1110 182/1242/1110
f 316/1220/1111 184/1243/1111 317/1218/1111
f 183/1244/1111 317/1218/1111 184/1243/1111
f 317/1218/1112 183/1244/1112 318/1217/1112
f 177/1245/1112 318/1217/1112 183/1244/1112
f 174/1216/1099 318/1217/1099 177/1245/1099
f 177/1245/723 175/1221/723 174/1216/723
f 176/1215/723 174/1216/723 175/1221/723
f 183/1244/723 185/1246/723 177/1245/723
f 175/1221/723 177/1245/723 185/1246/723
f 175/1221/1113 185/1246/1113 313/1222/1113
f 313/1222/723 314/1235/723 198/1223/723
f 314/1235/1113 313/1222/1113 185/1246/1113
f 182/1242/1109 314/1235/1109 185/1246/1109
f 182/1242/723 185/1246/723 183/1244/723
f 184/1243/723 182/1242/723 183/1244/723
f 299/1247/94 168/1248/94 203/1249/94
f 299/1247/94 203/1249/94 202/1250/94
f 301/1251/1114 300/1252/1114 299/1247/1114
f 306/1253/1115 301/1251/1115 299/1247/1115
f 306/1253/1115 299/1247/1115 202/1250/1115
f 306/1253/1116 202/1250/1116 213/1254/1116
f 213/1254/1117 202/1250/1117 211/1255/1117
f 306/1253/1117 213/1254/1117 303/1256/1117
f 205/1257/1117 221/1258/1117 211/1255/1117
f 205/1257/1116 211/1255/1116 202/1250/1116
f 202/1250/723 204/1259/723 205/1257/723
f 204/1259/723 202/1250/723 203/1249/723
f 167/1260/1118 204/1259/1118 203/1249/1118
f 168/1248/1118 167/1260/1118 203/1249/1118
f 168/1248/1118 166/1261/1118 167/1260/1118
f 169/1262/1118 166/1261/1118 168/1248/1118
f 169/1262/94 168/1248/94 299/1247/94
f 169/1262/1114 299/1247/1114 300/1252/1114
f 165/1263/1119 233/1264/1119 220/1265/1119
f 233/1264/1120 232/1266/1120 220/1265/1120
f 221/1258/1121 220/1265/1121 232/1266/1121
f 205/1257/723 220/1265/723 221/1258/723
f 205/1257/723 204/1259/723 220/1265/723
f 220/1265/725 204/1259/725 178/1267/725
f 167/1260/725 178/1267/725 204/1259/725
f 167/1260/725 179/1268/725 178/1267/725
f 166/1261/725 179/1268/725 167/1260/725
f 178/1267/1119 165/1263/1119 220/1265/1119
f 179/1268/1119 163/1269/1119 178/1267/1119
f 178/1267/1119 163/1269/1119 165/1263/1119
f 165/1263/94 163/1269/94 162/1270/94
f 165/1263/94 162/1270/94 233/1264/94
f 162/1270/94 231/1271/94 233/1264/94
f 231/1271/1122 286/1272/1122 233/1264/1122
f 286/1272/1122 231/1271/1122 293/1273/1122
f 230/1274/1122 293/1273/1122 231/1271/1122
f 293/1273/1122 230/1274/1122 244/1275/1122
f 292/1276/1122 293/1273/1122 244/1275/1122
f 164/1277/94 162/1270/94 163/1269/94
f 287/1278/1123 233/1264/1123 286/1272/1123
f 287/1278/1124 288/1279/1124 233/1264/1124
f 232/1266/1125 233/1264/1125 288/1279/1125
f 288/1279/1126 289/1280/1126 232/1266/1126
f 292/1276/1122 244/1275/1122 253/1281/1122
f 291/1282/1127 292/1276/1127 253/1281/1127
f 291/1282/1128 253/1281/1128 290/1283/1128
f 250/1284/1129 290/1283/1129 253/1281/1129
f 290/1283/1130 250/1284/1130 289/1280/1130
f 245/1285/1131 289/1280/1131 250/1284/1131
f 245/1285/1132 232/1266/1132 289/1280/1132
f 222/1286/1133 232/1266/1133 245/1285/1133
f 221/1258/1134 232/1266/1134 222/1286/1134
f 221/1258/1116 222/1286/1116 211/1255/1116
f 200/1287/733 196/1288/733 180/1289/733
f 196/1288/1135 186/1290/1135 173/1291/1135
f 180/1289/733 196/1288/733 173/1291/733
f 180/1289/733 173/1291/733 181/1292/733
f 181/1292/733 172/1293/733 219/1294/733
f 173/1291/733 172/1293/733 181/1292/733
f 173/1291/1135 170/1295/1135 172/1293/1135
f 173/1291/1135 186/1290/1135 170/1295/1135
f 186/1290/733 295/1296/733 170/1295/733
f 170/1295/733 295/1296/733 296/1297/733
f 298/1298/1136 296/1297/1136 297/1299/1136
f 170/1295/1136 296/1297/1136 298/1298/1136
f 298/1298/94 171/1300/94 170/1295/94
f 172/1293/1135 170/1295/1135 171/1300/1135
f 172/1293/1135 171/1300/1135 207/1301/1135
f 207/1301/733 219/1294/733 172/1293/733
f 219/1294/723 207/1301/723 218/1302/723
f 209/1303/723 218/1302/723 207/1301/723
f 209/1303/723 207/1301/723 206/1304/723
f 208/1305/723 206/1304/723 207/1301/723
f 206/1304/94 208/1305/94 298/1298/94
f 171/1300/94 298/1298/94 208/1305/94
f 208/1305/1135 207/1301/1135 171/1300/1135
f 309/1306/1137 308/1307/1137 206/1304/1137
f 309/1306/1138 206/1304/1138 297/1299/1138
f 298/1298/1138 297/1299/1138 206/1304/1138
f 273/1308/1139 209/1303/1139 272/1309/1139
f 273/1308/1140 274/1310/1140 209/1303/1140
f 218/1302/1141 209/1303/1141 274/1310/1141
f 274/1310/1142 275/1311/1142 218/1302/1142
f 230/1274/1143 218/1302/1143 275/1311/1143
f 218/1302/723 230/1274/723 219/1294/723
f 219/1294/723 230/1274/723 231/1271/723
f 181/1292/1144 219/1294/1144 231/1271/1144
f 162/1270/1144 181/1292/1144 231/1271/1144
f 162/1270/1144 180/1289/1144 181/1292/1144
f 230/1274/1145 275/1311/1145 262/1312/1145
f 276/1313/1146 262/1312/1146 275/1311/1146
f 262/1312/1147 276/1313/1147 271/1314/1147
f 278/1315/1148 271/1314/1148 276/1313/1148
f 278/1315/1149 277/1316/1149 271/1314/1149
f 241/1317/1150 271/1314/1150 277/1316/1150
f 241/1317/1151 277/1316/1151 229/1318/1151
f 279/1319/1152 229/1318/1152 277/1316/1152
f 229/1318/1153 279/1319/1153 280/1320/1153
f 280/1320/1154 217/1321/1154 229/1318/1154
f 217/1321/1155 280/1320/1155 281/1322/1155
f 281/1322/1156 214/1323/1156 217/1321/1156
f 214/1323/1156 281/1322/1156 282/1324/1156
f 282/1324/1156 305/1325/1156 214/1323/1156
f 310/1326/1156 305/1325/1156 282/1324/1156
f 310/1326/1157 282/1324/1157 308/1307/1157
f 285/1327/1157 308/1307/1157 282/1324/1157
f 206/1304/1137 308/1307/1137 285/1327/1137
f 272/1309/1137 206/1304/1137 285/1327/1137
f 206/1304/1158 272/1309/1158 209/1303/1158
f 283/1328/1156 282/1324/1156 281/1322/1156
f 282/1324/1157 283/1328/1157 285/1327/1157
f 284/1329/1157 285/1327/1157 283/1328/1157
f 285/1327/1137 284/1329/1137 272/1309/1137
f 224/1330/1159 307/1331/1159 302/1332/1159
f 245/1333/1160 248/1334/1160 222/1335/1160
f 223/1336/1161 222/1335/1161 248/1334/1161
f 223/1336/1162 212/1337/1162 222/1335/1162
f 212/1337/1159 223/1336/1159 225/1338/1159
f 225/1338/1159 224/1330/1159 212/1337/1159
f 210/1339/1159 212/1337/1159 224/1330/1159
f 302/1332/1159 210/1339/1159 224/1330/1159
f 210/1339/1162 302/1332/1162 303/1340/1162
f 303/1340/1162 213/1341/1162 210/1339/1162
f 213/1341/1162 211/1342/1162 210/1339/1162
f 212/1337/1162 210/1339/1162 211/1342/1162
f 211/1342/1162 222/1335/1162 212/1337/1162
f 249/1343/1163 252/1344/1163 248/1334/1163
f 251/1345/1164 248/1334/1164 252/1344/1164
f 248/1334/1165 251/1345/1165 223/1336/1165
f 226/1346/1166 223/1336/1166 251/1345/1166
f 225/1338/1159 223/1336/1159 226/1346/1159
f 271/1347/1167 242/1348/1167 262/1349/1167
f 242/1348/1168 230/1350/1168 262/1349/1168
f 243/1351/1169 230/1350/1169 242/1348/1169
f 244/1352/1170 230/1350/1170 243/1351/1170
f 252/1344/1171 244/1352/1171 243/1351/1171
f 253/1353/1172 244/1352/1172 252/1344/1172
f 249/1343/1173 253/1353/1173 252/1344/1173
f 250/1354/1174 253/1353/1174 249/1343/1174
f 250/1354/1175 249/1343/1175 245/1333/1175
f 248/1334/1176 245/1333/1176 249/1343/1176
f 307/1355/1177 224/1356/1177 304/1357/1177
f 215/1358/1177 304/1357/1177 224/1356/1177
f 224/1356/1177 225/1359/1177 215/1358/1177
f 216/1360/1177 215/1358/1177 225/1359/1177
f 216/1360/1178 225/1359/1178 227/1361/1178
f 216/1360/1179 227/1361/1179 228/1362/1179
f 240/1363/1180 228/1362/1180 227/1361/1180
f 227/1361/1181 242/1348/1181 240/1363/1181
f 242/1348/1182 227/1361/1182 226/1364/1182
f 251/1365/1183 242/1348/1183 226/1364/1183
f 243/1351/1184 242/1348/1184 251/1365/1184
f 252/1344/1185 243/1351/1185 251/1365/1185
f 226/1364/1186 227/1361/1186 225/1359/1186
f 305/1366/1187 304/1367/1187 214/1368/1187
f 215/1369/1187 214/1368/1187 304/1367/1187
f 216/1370/1187 214/1368/1187 215/1369/1187
f 217/1371/1187 214/1368/1187 216/1370/1187
f 216/1370/1188 228/1372/1188 217/1371/1188
f 229/1373/1189 217/1371/1189 228/1372/1189
f 240/1363/1190 229/1373/1190 228/1372/1190
f 241/1374/1191 229/1373/1191 240/1363/1191
f 241/1374/1192 240/1363/1192 271/1347/1192
f 242/1348/1193 271/1347/1193 240/1363/1193
f 154/1375/1 152/1376/1 153/1377/1
f 160/7/1 152/1376/1 156/1378/1
f 156/1378/1 152/1376/1 154/1375/1
f 156/1378/1 154/1375/1 155/1379/1
f 158/1380/1 156/1378/1 157/1381/1
f 160/7/1 156/1378/1 158/1380/1
f 160/7/1 158/1380/1 159/1382/1
f 160/7/1 144/1/1 152/1376/1
f 152/1376/1 144/1/1 148/1383/1
f 152/1376/1 148/1383/1 150/1384/1
f 150/1384/1 148/1383/1 149/1385/1
f 152/1376/1 150/1384/1 151/1386/1
f 146/1387/1 144/1/1 145/1388/1
f 148/1383/1 144/1/1 146/1387/1
f 148/1383/1 146/1387/1 147/1389/1
f 346/1390/1194 344/1391/1194 343/1392/1194
f 345/1393/1195 343/1392/1195 344/1391/1195
f 344/1391/1196 347/1394/1196 345/1393/1196
f 350/1395/1196 345/1393/1196 347/1394/1196
f 347/1394/1197 349/1396/1197 350/1395/1197
f 349/1396/1198 347/1394/1198 348/1397/1198
f 926/1398/1199 933/1399/1199 931/1400/1199
f 930/1401/1199 933/1399/1199 926/1398/1199
f 930/1401/1200 886/1402/1200 933/1399/1200
f 885/1403/1201 886/1402/1201 930/1401/1201
f 940/1404/1202 939/1405/1202 937/1406/1202
f 938/1407/1202 940/1404/1202 937/1406/1202
f 938/1407/1203 937/1406/1203 935/1408/1203
f 936/1409/1204 938/1407/1204 935/1408/1204
f 936/1409/1205 935/1408/1205 929/1410/1205
f 934/1411/1206 936/1409/1206 929/1410/1206
f 929/1410/1207 932/1412/1207 934/1411/1207
f 925/1413/1207 932/1412/1207 929/1410/1207
f 925/1413/1208 931/1400/1208 932/1412/1208
f 926/1398/1209 931/1400/1209 925/1413/1209
f 971/1414/1210 967/1415/1210 992/1416/1210
f 967/1415/1211 971/1414/1211 968/1417/1211
f 968/1417/1212 966/1418/1212 967/1415/1212
f 966/1418/1213 968/1417/1213 965/1419/1213
f 965/1419/1214 969/1420/1214 966/1418/1214
f 969/1420/1214 965/1419/1214 962/1421/1214
f 962/1421/1215 942/1422/1215 969/1420/1215
f 942/1422/1216 962/1421/1216 941/1423/1216
f 942/1422/1217 941/1423/1217 939/1405/1217
f 940/1404/1218 942/1422/1218 939/1405/1218
f 806/1424/1219 805/1425/1219 808/1426/1219
f 808/1426/1220 805/1425/1220 807/1427/1220
f 807/1427/1221 989/1428/1221 808/1426/1221
f 993/1429/1222 808/1426/1222 989/1428/1222
f 989/1428/1223 987/1430/1223 993/1429/1223
f 991/1431/1223 993/1429/1223 987/1430/1223
f 991/1431/1224 987/1430/1224 986/1432/1224
f 986/1432/1225 990/1433/1225 991/1431/1225
f 990/1433/1226 986/1432/1226 971/1414/1226
f 971/1414/1227 992/1416/1227 990/1433/1227
f 828/1434/1228 826/1435/1228 830/1436/1228
f 826/1435/1229 827/1437/1229 830/1436/1229
f 826/1435/1230 799/1438/1230 827/1437/1230
f 799/1438/1231 802/1439/1231 827/1437/1231
f 802/1439/1232 799/1438/1232 801/1440/1232
f 801/1440/1232 799/1438/1232 800/1441/1232
f 801/1440/1233 800/1441/1233 804/1442/1233
f 804/1442/1234 800/1441/1234 803/1443/1234
f 804/1442/1235 803/1443/1235 806/1424/1235
f 806/1424/1235 803/1443/1235 805/1425/1235
f 862/1444/1236 853/1445/1236 863/1446/1236
f 855/1447/1237 863/1446/1237 853/1445/1237
f 863/1446/1238 855/1447/1238 864/1448/1238
f 857/1449/1238 864/1448/1238 855/1447/1238
f 864/1448/1239 857/1449/1239 834/1450/1239
f 835/1451/1240 834/1450/1240 857/1449/1240
f 835/1451/1241 832/1452/1241 834/1450/1241
f 832/1452/1242 831/1453/1242 834/1450/1242
f 832/1452/1243 828/1434/1243 831/1453/1243
f 828/1434/1243 830/1436/1243 831/1453/1243
f 886/1454/1244 885/1455/1244 882/1456/1244
f 882/1456/1245 884/1457/1245 886/1454/1245
f 884/1457/1246 882/1456/1246 865/1458/1246
f 865/1458/1246 866/1459/1246 884/1457/1246
f 866/1459/1247 865/1458/1247 859/1460/1247
f 859/1460/1248 860/1461/1248 866/1459/1248
f 860/1461/1249 859/1460/1249 854/1462/1249
f 854/1462/1249 861/1463/1249 860/1461/1249
f 861/1463/1250 854/1462/1250 862/1444/1250
f 853/1445/1251 862/1444/1251 854/1462/1251
f 288/1464/1252 287/1465/1252 239/1466/1252
f 288/1464/1253 239/1466/1253 289/1467/1253
f 247/1468/1254 289/1467/1254 239/1466/1254
f 247/1468/723 239/1466/723 246/1469/723
f 289/1470/1255 247/1468/1255 246/1469/1255
f 246/1469/1256 290/1471/1256 289/1470/1256
f 290/1472/1257 246/1469/1257 291/1473/1257
f 237/1474/1258 291/1473/1258 246/1469/1258
f 237/1474/723 246/1469/723 239/1466/723
f 239/1466/723 235/1475/723 237/1474/723
f 287/1465/1259 235/1475/1259 239/1466/1259
f 235/1475/1260 287/1465/1260 236/1476/1260
f 286/1477/1261 236/1476/1261 287/1465/1261
f 236/1476/1261 286/1477/1261 238/1478/1261
f 293/1479/1261 238/1478/1261 286/1477/1261
f 234/1480/1262 292/1481/1262 291/1473/1262
f 237/1474/1263 234/1480/1263 291/1473/1263
f 237/1474/723 235/1475/723 234/1480/723
f 236/1476/723 234/1480/723 235/1475/723
f 236/1476/723 238/1478/723 234/1480/723
f 234/1480/1264 238/1478/1264 292/1482/1264
f 293/1483/1265 292/1482/1265 238/1478/1265
f 337/1484/1266 336/1485/1266 338/1486/1266
f 337/1484/1267 335/1487/1267 336/1485/1267
f 335/1487/1268 337/1484/1268 334/1488/1268
f 332/1489/1268 334/1488/1268 337/1484/1268
f 334/1488/1269 332/1489/1269 331/1490/1269
f 333/1491/1270 331/1490/1270 332/1489/1270
f 329/1492/1271 328/1493/1271 330/1494/1271
f 329/1492/1272 327/1495/1272 328/1493/1272
f 327/1495/1273 329/1492/1273 326/1496/1273
f 324/1497/1273 326/1496/1273 329/1492/1273
f 326/1496/1274 324/1497/1274 323/1498/1274
f 325/1499/1275 323/1498/1275 324/1497/1275
f 321/1500/733 320/1501/733 322/1502/733
f 321/1500/733 319/1503/733 320/1501/733
f 321/1500/1276 339/1504/1276 319/1503/1276
f 342/1505/1276 319/1503/1276 339/1504/1276
f 339/1504/725 341/1506/725 342/1505/725
f 341/1506/725 339/1504/725 340/1507/725
f 259/1508/1277 255/1509/1277 258/1510/1277
f 259/1508/1278 258/1510/1278 260/1511/1278
f 261/1512/1279 260/1511/1279 258/1510/1279
f 260/1511/1280 261/1512/1280 275/1513/1280
f 276/1514/1280 275/1513/1280 261/1512/1280
f 276/1514/1281 261/1512/1281 278/1515/1281
f 269/1516/1281 278/1515/1281 261/1512/1281
f 278/1515/1282 269/1516/1282 277/1517/1282
f 270/1518/1282 277/1517/1282 269/1516/1282
f 270/1518/1283 269/1516/1283 267/1519/1283
f 268/1520/1284 267/1519/1284 269/1516/1284
f 268/1520/1285 266/1521/1285 267/1519/1285
f 266/1521/1286 268/1520/1286 254/1522/1286
f 254/1522/1287 256/1523/1287 266/1521/1287
f 256/1523/1288 254/1522/1288 255/1509/1288
f 254/1522/1289 258/1510/1289 255/1509/1289
f 258/1510/1290 254/1522/1290 268/1520/1290
f 258/1510/1291 268/1520/1291 261/1512/1291
f 268/1520/1292 269/1516/1292 261/1512/1292
f 264/1524/1293 266/1521/1293 256/1523/1293
f 266/1521/1294 264/1524/1294 263/1525/1294
f 263/1525/1295 267/1519/1295 266/1521/1295
f 277/1526/1296 270/1518/1296 279/1527/1296
f 267/1519/1296 279/1527/1296 270/1518/1296
f 279/1527/1297 267/1519/1297 280/1528/1297
f 263/1525/1297 280/1528/1297 267/1519/1297
f 280/1528/1298 263/1525/1298 281/1529/1298
f 265/1530/1298 281/1529/1298 263/1525/1298
f 265/1530/1299 263/1525/1299 264/1524/1299
f 265/1530/1300 264/1524/1300 281/1531/1300
f 283/1532/1300 281/1531/1300 264/1524/1300
f 283/1532/1301 264/1524/1301 284/1533/1301
f 256/1523/1301 284/1533/1301 264/1524/1301
f 284/1533/1302 256/1523/1302 272/1534/1302
f 257/1535/1302 272/1534/1302 256/1523/1302
f 257/1535/1288 256/1523/1288 255/1509/1288
f 255/1509/1303 272/1536/1303 257/1535/1303
f 273/1537/1303 272/1536/1303 255/1509/1303
f 273/1537/1304 255/1509/1304 259/1508/1304
f 274/1538/1304 273/1537/1304 259/1508/1304
f 260/1511/1305 274/1538/1305 259/1508/1305
f 275/1539/1305 274/1538/1305 260/1511/1305
f 302/1540/1 307/1541/1 305/1542/1
f 304/1543/1 305/1542/1 307/1541/1
f 647/1544/772 623/842/772 641/1545/772
f 641/1545/777 623/842/777 635/1546/777
f 641/1545/723 635/1546/723 640/1547/723
f 634/1548/723 640/1547/723 635/1546/723
f 629/841/1306 635/1546/1306 623/842/1306
f 635/1546/723 629/841/723 634/1548/723
f 628/836/723 634/1548/723 629/841/723
f 634/1548/1307 628/836/1307 633/838/1307
f 633/838/794 639/1549/794 634/1548/794
f 640/1547/794 634/1548/794 639/1549/794
f 639/1549/1308 645/1550/1308 640/1547/1308
f 646/1551/791 640/1547/791 645/1550/791
f 640/1547/723 646/1551/723 641/1545/723
f 647/1544/723 641/1545/723 646/1551/723
f 638/849/1309 633/838/1309 632/839/1309
f 639/1549/1309 633/838/1309 638/849/1309
f 644/847/1310 639/1549/1310 638/849/1310
f 645/1550/1310 639/1549/1310 644/847/1310
f 644/847/760 652/873/760 645/1550/760
f 645/1550/1311 652/873/1311 646/1551/1311
f 654/879/1311 646/1551/1311 652/873/1311
f 646/1551/723 654/879/723 647/1544/723
f 655/878/723 647/1544/723 654/879/723
f 647/1544/768 655/878/768 623/842/768
f 988/1552/1312 984/1553/1312 989/1554/1312
f 984/1553/1312 987/1555/1312 989/1554/1312
f 984/1553/1313 986/432/1313 987/1555/1313
f 986/432/1313 984/1553/1313 985/1556/1313
f 985/1556/381 972/424/381 986/432/381
f 972/424/1314 985/1556/1314 974/1557/1314
f 974/1557/375 973/423/375 972/424/375
f 982/590/1315 973/423/1315 974/1557/1315
f 1009/591/1316 973/423/1316 982/590/1316
f 973/423/518 1009/591/518 1419/419/518
f 983/326/1317 975/322/1317 974/1557/1317
f 983/326/1314 974/1557/1314 985/1556/1314
f 983/326/1318 985/1556/1318 981/327/1318
f 984/1553/1318 981/327/1318 985/1556/1318
f 981/327/1319 984/1553/1319 979/336/1319
f 988/1552/1319 979/336/1319 984/1553/1319
f 988/1552/296 791/341/296 979/336/296
f 989/1554/1320 791/341/1320 988/1552/1320
f 807/1558/1320 791/341/1320 989/1554/1320
f 807/1558/297 805/343/297 791/341/297
f 1327/310/1321 1001/575/1321 1326/309/1321
f 1000/577/1321 1326/309/1321 1001/575/1321
f 1003/312/273 1326/309/273 1000/577/273
f 999/576/1322 1003/312/1322 1000/577/1322
f 1004/315/1322 1003/312/1322 999/576/1322
f 1004/315/1323 999/576/1323 1005/586/1323
f 977/319/1323 1004/315/1323 1005/586/1323
f 982/590/1324 977/319/1324 1005/586/1324
f 975/322/1324 977/319/1324 982/590/1324
f 982/590/1317 974/1557/1317 975/322/1317
f 164/1277/1144 180/1289/1144 162/1270/1144
f 164/1277/1144 200/1287/1144 180/1289/1144
f 193/1240/1144 200/1287/1144 164/1277/1144
f 163/1269/94 193/1240/94 164/1277/94
f 191/1241/94 193/1240/94 163/1269/94
f 179/1268/1119 191/1241/1119 163/1269/1119
f 194/1559/1119 191/1241/1119 179/1268/1119
f 166/1261/725 194/1559/725 179/1268/725
f 199/1560/725 194/1559/725 166/1261/725
f 169/1262/1118 199/1560/1118 166/1261/1118
f 188/1561/1118 199/1560/1118 169/1262/1118
f 300/1252/725 188/1561/725 169/1262/725
f 294/1562/725 188/1561/725 300/1252/725
f 1209/1563/1325 1411/161/1325 1207/1564/1325
f 1409/157/1326 1207/1564/1326 1411/161/1326
f 1207/1564/1327 1409/157/1327 1189/1565/1327
f 1371/154/1328 1189/1565/1328 1409/157/1328
f 1371/154/1329 1369/153/1329 1189/1565/1329
f 1181/1566/1330 1189/1565/1330 1369/153/1330
f 1181/1566/1331 1369/153/1331 1368/151/1331
f 1179/669/1331 1181/1566/1331 1368/151/1331
f 1179/669/1332 1368/151/1332 1366/147/1332
f 1183/658/1333 1182/657/1333 1179/669/1333
f 1180/1567/1334 1179/669/1334 1182/657/1334
f 1180/1567/1335 1178/1568/1335 1179/669/1335
f 1181/1566/1336 1179/669/1336 1178/1568/1336
f 1178/1568/1337 1188/1569/1337 1181/1566/1337
f 1189/1565/1337 1181/1566/1337 1188/1569/1337
f 1188/1569/1338 1206/1570/1338 1189/1565/1338
f 1207/1564/1339 1189/1565/1339 1206/1570/1339
f 1206/1570/1340 1208/1571/1340 1207/1564/1340
f 1209/1563/1341 1207/1564/1341 1208/1571/1341
f 90/92/1342 121/116/1342 89/90/1342
f 121/116/1343 90/92/1343 122/118/1343
f 86/93/1344 122/118/1344 90/92/1344
f 122/118/1344 86/93/1344 118/119/1344
f 87/71/1345 118/119/1345 86/93/1345
f 118/119/1345 87/71/1345 119/129/1345
f 88/73/1346 119/129/1346 87/71/1346
f 119/129/1347 88/73/1347 120/128/1347
f 84/75/1348 120/128/1348 88/73/1348
f 120/128/1349 84/75/1349 116/127/1349
f 1133/1572/340 1134/390/340 1135/384/340
f 1134/390/1350 1133/1572/1350 1137/394/1350
f 1130/1573/1350 1137/394/1350 1133/1572/1350
f 1138/393/1351 1137/394/1351 1130/1573/1351
f 1139/1574/1351 1138/393/1351 1130/1573/1351
f 1142/410/1352 1138/393/1352 1139/1574/1352
f 1153/1575/1352 1142/410/1352 1139/1574/1352
f 1153/1575/1353 1154/1576/1353 1142/410/1353
f 1148/411/1353 1142/410/1353 1154/1576/1353
f 1142/410/364 1148/411/364 1143/409/364
f 1279/569/1354 1280/556/1354 1271/646/1354
f 1280/556/1354 1272/557/1354 1271/646/1354
f 1272/557/575 1267/647/575 1271/646/575
f 1267/647/485 1272/557/485 1276/558/485
f 1267/647/1355 1276/558/1355 1265/654/1355
f 1286/1577/1355 1265/654/1355 1276/558/1355
f 1286/1577/1356 1276/558/1356 1285/1578/1356
f 1284/559/1356 1285/1578/1356 1276/558/1356
f 1284/559/1357 1287/298/1357 1285/1578/1357
f 1288/560/1357 1287/298/1357 1284/559/1357
f 499/1073/936 475/1067/936 500/1579/936
f 475/1067/1358 479/1061/1358 500/1579/1358
f 510/1580/1358 500/1579/1358 479/1061/1358
f 479/1061/1359 482/1047/1359 510/1580/1359
f 509/1581/1359 510/1580/1359 482/1047/1359
f 484/1046/1360 509/1581/1360 482/1047/1360
f 508/1582/1361 509/1581/1361 484/1046/1361
f 485/1045/1362 508/1582/1362 484/1046/1362
f 508/1582/1362 485/1045/1362 507/1583/1362
f 507/1583/910 485/1045/910 506/1049/910
f 1400/667/178 1399/169/178 1397/197/178
f 1399/169/1363 1400/667/1363 1361/668/1363
f 1363/170/1363 1399/169/1363 1361/668/1363
f 1363/170/1364 1361/668/1364 1362/172/1364
f 1364/149/1364 1362/172/1364 1361/668/1364
f 1362/172/140 1364/149/140 1365/148/140
f 1365/148/1365 1071/174/1365 1362/172/1365
f 1071/174/1366 1365/148/1366 1036/177/1366
f 1367/150/1366 1036/177/1366 1365/148/1366
f 1036/177/145 1367/150/145 1039/155/145
