# Blender v2.78 (sub 0) OBJ File: ''
# www.blender.org
mtllib wheel.mtl
o WHEEL_Dragon_SK_WHEEL_Dragon_SK.001
v -7.546519 -5.081348 6.262235
v -7.376523 -5.011099 6.431391
v -7.546906 -4.466054 6.431390
v -7.723381 -4.513375 6.262296
v -6.951781 -6.110913 6.262295
v -6.806359 -5.999326 6.431388
v -7.111672 -5.516813 6.431388
v -7.269899 -5.608166 6.262295
v -6.111102 -6.951592 6.262294
v -5.999514 -6.806169 6.431388
v -6.419308 -6.419118 6.431388
v -6.548500 -6.548310 6.262294
v -5.081537 -7.546331 6.262234
v -5.011288 -7.376334 6.431391
v -5.517002 -7.111482 6.431388
v -5.608355 -7.269710 6.262294
v -4.217798 -7.775205 6.262437
v -4.187361 -7.597303 6.431380
v -4.466244 -7.546717 6.431388
v -4.513564 -7.723193 6.262294
v -4.981923 -7.305412 6.102233
v -4.974646 -7.287844 6.310333
v -4.441574 -7.454434 6.310389
v -4.446486 -7.472721 6.102231
v -5.952734 -6.745207 6.102231
v -5.941168 -6.730131 6.310383
v -5.469236 -7.028750 6.310384
v -5.478703 -7.045155 6.102231
v -6.745395 -5.952549 6.102231
v -6.730320 -5.940980 6.310385
v -6.351758 -6.351569 6.310384
v -6.365150 -6.364961 6.102231
v -7.305603 -4.981736 6.102235
v -7.288032 -4.974459 6.310333
v -7.028940 -5.469049 6.310385
v -7.045341 -5.478519 6.102231
v -7.521003 -4.180217 6.102225
v -7.502635 -4.175982 6.310514
v -7.454620 -4.441388 6.310390
v -7.472912 -4.446294 6.102232
v -7.597491 -4.187172 6.431381
v -7.775393 -4.217609 6.262439
v -7.623301 -3.901603 6.431369
v -7.800468 -3.914667 6.262642
v -4.180408 -7.520813 6.102222
v -4.176169 -7.502448 6.310513
v -3.904392 -7.526829 6.310688
v -3.907941 -7.545196 6.102212
v -3.901792 -7.623112 6.431366
v -3.914856 -7.800281 6.262640
v -7.545385 -3.907751 6.102215
v -7.527017 -3.904205 6.310691
v -7.723381 -4.513375 6.122942
v -7.546519 -5.081347 6.122882
v -7.269899 -5.608166 6.122941
v -6.951781 -6.110912 6.122941
v -6.548500 -6.548309 6.122941
v -6.111102 -6.951592 6.122941
v -5.608355 -7.269710 6.122941
v -5.081537 -7.546330 6.122880
v -4.513564 -7.723193 6.122941
v -4.217798 -7.775204 6.123083
v -7.800468 -3.914667 6.123289
v -7.775393 -4.217609 6.123084
v -3.914856 -7.800281 6.123287
v 5.152897 -7.536139 6.262237
v 5.082648 -7.366142 6.431392
v 4.537603 -7.536525 6.431390
v 4.584923 -7.713000 6.262295
v 6.182461 -6.941401 6.262295
v 6.070874 -6.795977 6.431388
v 5.588362 -7.101291 6.431388
v 5.679715 -7.259519 6.262295
v 7.023140 -6.100721 6.262294
v 6.877718 -5.989133 6.431388
v 6.490667 -6.408928 6.431388
v 6.619859 -6.538120 6.262295
v 7.617879 -5.071157 6.262233
v 7.447884 -5.000908 6.431391
v 7.183031 -5.506621 6.431388
v 7.341257 -5.597974 6.262294
v 7.846755 -4.207417 6.262437
v 7.668853 -4.176980 6.431381
v 7.618266 -4.455863 6.431389
v 7.794742 -4.503183 6.262295
v 7.376961 -4.971542 6.102233
v 7.359393 -4.964265 6.310333
v 7.525983 -4.431194 6.310390
v 7.544271 -4.436105 6.102230
v 6.816756 -5.942354 6.102231
v 6.801680 -5.930788 6.310383
v 7.100299 -5.458856 6.310385
v 7.116704 -5.468322 6.102231
v 6.024097 -6.735014 6.102231
v 6.012529 -6.719940 6.310384
v 6.423118 -6.341377 6.310384
v 6.436510 -6.354770 6.102231
v 5.053285 -7.295221 6.102235
v 5.046008 -7.277650 6.310333
v 5.540597 -7.018559 6.310384
v 5.550068 -7.034960 6.102230
v 4.251767 -7.510622 6.102225
v 4.247531 -7.492253 6.310514
v 4.512938 -7.444240 6.310389
v 4.517844 -7.462531 6.102232
v 4.258722 -7.587111 6.431381
v 4.289158 -7.765013 6.262437
v 3.973153 -7.612920 6.431367
v 3.986217 -7.790088 6.262642
v 7.592362 -4.170028 6.102223
v 7.573996 -4.165788 6.310512
v 7.598378 -3.894012 6.310688
v 7.616745 -3.897561 6.102213
v 7.694661 -3.891411 6.431367
v 7.871830 -3.904476 6.262640
v 3.979301 -7.535005 6.102214
v 3.975755 -7.516635 6.310689
v 4.584923 -7.713000 6.122942
v 5.152896 -7.536139 6.122882
v 5.679715 -7.259519 6.122940
v 6.182461 -6.941401 6.122941
v 6.619858 -6.538120 6.122941
v 7.023140 -6.100721 6.122941
v 7.341257 -5.597974 6.122941
v 7.617877 -5.071157 6.122880
v 7.794742 -4.503183 6.122941
v 7.846753 -4.207417 6.123084
v 3.986217 -7.790088 6.123288
v 4.289158 -7.765013 6.123084
v 7.871830 -3.904476 6.123286
v 7.607690 5.163279 6.262236
v 7.437694 5.093031 6.431394
v 7.608077 4.547986 6.431391
v 7.784551 4.595306 6.262296
v 7.012949 6.192844 6.262295
v 6.867529 6.081257 6.431390
v 7.172842 5.598745 6.431390
v 7.331069 5.690098 6.262296
v 6.172272 7.033523 6.262295
v 6.060684 6.888101 6.431389
v 6.480477 6.501050 6.431390
v 6.609669 6.630241 6.262295
v 5.142707 7.628262 6.262235
v 5.072459 7.458266 6.431392
v 5.578172 7.193413 6.431389
v 5.669525 7.351641 6.262295
v 4.278968 7.857137 6.262437
v 4.248531 7.679234 6.431378
v 4.527414 7.628648 6.431389
v 4.574734 7.805124 6.262293
v 5.043093 7.387343 6.102233
v 5.035816 7.369775 6.310334
v 4.502744 7.536366 6.310390
v 4.507656 7.554653 6.102231
v 6.013904 6.827137 6.102232
v 6.002338 6.812063 6.310384
v 5.530406 7.110682 6.310384
v 5.539873 7.127085 6.102232
v 6.806564 6.034480 6.102232
v 6.791491 6.022912 6.310386
v 6.412927 6.433501 6.310386
v 6.426320 6.446892 6.102232
v 7.366772 5.063668 6.102236
v 7.349201 5.056390 6.310333
v 7.090109 5.550981 6.310386
v 7.106511 5.560452 6.102232
v 7.582172 4.262149 6.102225
v 7.563804 4.257914 6.310513
v 7.515790 4.523320 6.310390
v 7.534082 4.528226 6.102233
v 7.658659 4.269104 6.431379
v 7.836563 4.299541 6.262438
v 7.684471 3.983535 6.431368
v 7.861638 3.996599 6.262642
v 4.241578 7.602745 6.102223
v 4.237339 7.584380 6.310512
v 3.965562 7.608761 6.310688
v 3.969111 7.627128 6.102213
v 3.962962 7.705044 6.431367
v 3.976027 7.882213 6.262640
v 7.606555 3.989683 6.102215
v 7.588187 3.986137 6.310691
v 7.784551 4.595306 6.122941
v 7.607690 5.163279 6.122883
v 7.331069 5.690098 6.122942
v 7.012949 6.192842 6.122942
v 6.609669 6.630240 6.122942
v 6.172272 7.033523 6.122941
v 5.669525 7.351641 6.122941
v 5.142707 7.628260 6.122880
v 4.574734 7.805124 6.122941
v 4.278968 7.857135 6.123083
v 7.861638 3.996599 6.123288
v 7.836563 4.299541 6.123085
v 3.976027 7.882212 6.123286
v -5.091730 7.618071 6.262237
v -5.021482 7.448076 6.431392
v -4.476437 7.618458 6.431390
v -4.523757 7.794932 6.262296
v -6.121295 7.023333 6.262295
v -6.009708 6.877910 6.431389
v -5.527196 7.183223 6.431390
v -5.618548 7.341450 6.262296
v -6.961974 6.182653 6.262295
v -6.816551 6.071066 6.431390
v -6.429500 6.490859 6.431390
v -6.558692 6.620051 6.262295
v -7.556713 5.153088 6.262235
v -7.386716 5.082840 6.431392
v -7.121864 5.588553 6.431390
v -7.280091 5.679907 6.262295
v -7.785587 4.289350 6.262437
v -7.607685 4.258913 6.431380
v -7.557099 4.537795 6.431390
v -7.733575 4.585115 6.262295
v -7.315794 5.053474 6.102235
v -7.298226 5.046197 6.310334
v -7.464816 4.513126 6.310390
v -7.483104 4.518037 6.102232
v -6.755589 6.024286 6.102232
v -6.740513 6.012720 6.310385
v -7.039133 5.540788 6.310386
v -7.055537 5.550254 6.102232
v -5.962930 6.816946 6.102232
v -5.951363 6.801871 6.310385
v -6.361951 6.423309 6.310386
v -6.375342 6.436701 6.102232
v -4.992117 7.377152 6.102235
v -4.984841 7.359583 6.310333
v -5.479432 7.100491 6.310385
v -5.488901 7.116892 6.102232
v -4.190600 7.592554 6.102225
v -4.186365 7.574185 6.310513
v -4.451771 7.526172 6.310389
v -4.456677 7.544462 6.102232
v -4.197555 7.669042 6.431379
v -4.227992 7.846945 6.262438
v -3.911986 7.694852 6.431368
v -3.925050 7.872020 6.262642
v -7.531195 4.251960 6.102223
v -7.512830 4.247720 6.310514
v -7.537211 3.975944 6.310688
v -7.555578 3.979493 6.102214
v -7.633494 3.973343 6.431366
v -7.810663 3.986408 6.262641
v -3.918133 7.616936 6.102214
v -3.914588 7.598569 6.310691
v -4.523757 7.794932 6.122942
v -5.091730 7.618070 6.122882
v -5.618548 7.341450 6.122942
v -6.121294 7.023333 6.122941
v -6.558692 6.620051 6.122942
v -6.961974 6.182653 6.122942
v -7.280091 5.679907 6.122942
v -7.556713 5.153088 6.122882
v -7.733575 4.585115 6.122942
v -7.785586 4.289350 6.123084
v -3.925050 7.872020 6.123288
v -4.227992 7.846945 6.123084
v -7.810663 3.986408 6.123288
v 4.193085 4.203465 6.055942
v 4.116029 4.710049 6.055942
v 4.116029 4.710049 6.323711
v 4.193085 4.203465 6.323711
v 3.693316 5.730567 6.055942
v 3.693316 5.730567 6.323710
v 3.020878 6.606907 6.055942
v 3.020878 6.606907 6.323710
v 2.144538 7.279345 6.055942
v 2.144538 7.279345 6.323710
v 1.124020 7.702059 6.055941
v 1.124020 7.702059 6.323710
v 0.000000 7.846238 6.055941
v 0.000000 7.846238 6.323710
v -1.066283 7.702059 6.055941
v -1.066283 7.702059 6.323709
v -2.086802 7.279347 6.055939
v -2.086802 7.279347 6.323709
v -2.963141 6.606909 6.055939
v -2.963141 6.606909 6.323709
v -3.635581 5.730569 6.055939
v -3.635581 5.730569 6.323709
v -4.058294 4.710051 6.055939
v -4.058294 4.710051 6.323709
v -4.131912 4.202222 6.055941
v -4.131912 4.202222 6.323710
v -3.387367 4.530276 6.055941
v -3.498805 3.591494 6.055939
v -3.034044 5.383271 6.055941
v -2.471989 6.115757 6.055941
v -1.739504 6.677810 6.055941
v -0.886509 7.031132 6.055941
v 0.000000 7.151642 6.055941
v 0.944245 7.031131 6.055941
v 1.797241 6.677808 6.055942
v 2.529725 6.115754 6.055942
v 3.091779 5.383270 6.055942
v 3.445101 4.530274 6.055942
v 3.565773 3.576154 6.055941
v 3.780564 4.620162 6.662177
v 3.879428 3.889810 6.662175
v 3.392547 5.556919 6.662175
v 2.775301 6.361331 6.662175
v 1.970890 6.978577 6.662175
v 1.034132 7.366595 6.662175
v 0.000000 7.498940 6.662175
v -0.976396 7.366596 6.662175
v -1.913153 6.978579 6.662174
v -0.976396 7.366596 6.662175
v -2.717565 6.361332 6.662174
v -3.334813 5.556920 6.662174
v -3.722830 4.620163 6.662174
v -3.334813 5.556920 6.662174
v -3.815359 3.896858 6.662174
v -3.387367 4.530276 6.323710
v -3.498805 3.591494 6.323709
v -3.034044 5.383271 6.323709
v -2.471989 6.115757 6.323709
v -1.739505 6.677810 6.323710
v -0.886509 7.031132 6.323710
v 0.000000 7.151642 6.323710
v 0.944245 7.031131 6.323710
v 1.797241 6.677808 6.323710
v 2.529724 6.115754 6.323710
v 3.091779 5.383270 6.323710
v 3.445101 4.530274 6.323711
v 3.565773 3.576154 6.323710
v 4.191843 -4.121531 6.055943
v 4.191843 -4.121531 6.323710
v 4.116029 -4.628115 6.323711
v 4.116029 -4.628115 6.055943
v 3.693317 -5.648633 6.323710
v 3.693317 -5.648633 6.055942
v 3.020878 -6.524973 6.323710
v 3.020878 -6.524973 6.055942
v 2.144539 -7.197413 6.323710
v 2.144539 -7.197413 6.055942
v 1.124021 -7.620125 6.323710
v 1.124021 -7.620125 6.055942
v 0.000000 -7.764305 6.323710
v 0.000000 -7.764305 6.055942
v -1.066282 -7.620126 6.323709
v -1.066282 -7.620126 6.055941
v -2.086801 -7.197414 6.323709
v -2.086801 -7.197414 6.055941
v -2.963140 -6.524975 6.323709
v -2.963140 -6.524975 6.055941
v -3.635580 -5.648636 6.323709
v -3.635580 -5.648636 6.055939
v -4.058293 -4.628118 6.323710
v -4.058293 -4.628118 6.055941
v -4.130670 -4.120290 6.323709
v -4.130670 -4.120290 6.055941
v -3.514145 -3.503765 6.055941
v -3.387366 -4.448342 6.055941
v -3.034043 -5.301338 6.055939
v -2.471988 -6.033823 6.055941
v -1.739504 -6.595876 6.055941
v -0.886508 -6.949198 6.055941
v 0.000000 -7.069710 6.055942
v 0.944246 -6.949198 6.055942
v 1.797241 -6.595875 6.055942
v 2.529725 -6.033820 6.055942
v 3.091780 -5.301336 6.055942
v 3.445101 -4.448340 6.055943
v 3.581114 -3.488424 6.055942
v 3.886478 -3.804978 6.662175
v 3.780565 -4.538228 6.662177
v 3.392548 -5.474985 6.662175
v 2.775301 -6.279397 6.662175
v 1.970890 -6.896644 6.662175
v 1.970890 -6.896644 6.662175
v 1.034133 -7.284662 6.662175
v 0.000000 -7.417007 6.662175
v -0.976395 -7.284662 6.662174
v -1.913152 -6.896645 6.662174
v -2.717565 -6.279399 6.662174
v -3.334812 -5.474987 6.662174
v -3.722830 -4.538230 6.662175
v -3.822408 -3.812027 6.662174
v -3.514145 -3.503765 6.323709
v -3.387366 -4.448342 6.323710
v -3.034043 -5.301338 6.323709
v -2.471988 -6.033823 6.323709
v -1.739504 -6.595876 6.323709
v -0.886508 -6.949198 6.323709
v 0.000000 -7.069710 6.323709
v 0.944246 -6.949198 6.323710
v 1.797241 -6.595875 6.323710
v 2.529725 -6.033820 6.323710
v 3.091780 -5.301336 6.323710
v 3.445101 -4.448340 6.323711
v 3.581114 -3.488424 6.323710
v -4.638497 4.126408 6.055942
v -4.638496 4.126408 6.323710
v -5.659015 3.703695 6.055939
v -5.659015 3.703695 6.323709
v -6.535354 3.031257 6.055939
v -6.535354 3.031257 6.323709
v -7.207792 2.154918 6.055939
v -7.207792 2.154918 6.323709
v -7.630507 1.134399 6.055939
v -7.630507 1.134399 6.323709
v -7.774683 0.000000 6.055939
v -7.774683 0.000000 6.323709
v -7.630507 -1.055904 6.055941
v -7.630507 -1.055904 6.323709
v -7.207795 -2.076423 6.055941
v -7.207795 -2.076423 6.323709
v -6.535355 -2.952762 6.055941
v -6.535355 -2.952762 6.323709
v -5.659015 -3.625201 6.055941
v -5.659015 -3.625201 6.323709
v -4.638498 -4.047914 6.055941
v -4.638498 -4.047914 6.323709
v -4.458724 -3.376987 6.055941
v -5.311718 -3.023665 6.055941
v -6.044202 -2.461610 6.055941
v -6.606257 -1.729125 6.055941
v -6.959579 -0.876130 6.055941
v -7.080089 0.000000 6.055941
v -6.959579 0.954624 6.055941
v -6.606255 1.807620 6.055941
v -6.044202 2.540104 6.055941
v -5.311717 3.102158 6.055941
v -4.458722 3.455481 6.055941
v -4.548610 3.790944 6.662174
v -5.485366 3.402927 6.662174
v -6.289777 2.785680 6.662174
v -6.907025 1.981269 6.662174
v -7.295043 1.044512 6.662174
v -6.907025 1.981269 6.662174
v -7.427386 0.000000 6.662174
v -7.295044 -0.966017 6.662174
v -6.907025 -1.902774 6.662174
v -6.289779 -2.707186 6.662174
v -5.485367 -3.324433 6.662174
v -4.548611 -3.712450 6.662174
v -4.458723 -3.376987 6.323709
v -5.311718 -3.023665 6.323709
v -6.044202 -2.461610 6.323709
v -6.606257 -1.729125 6.323709
v -6.959579 -0.876130 6.323709
v -7.080089 0.000000 6.323709
v -6.959579 0.954624 6.323709
v -6.606255 1.807620 6.323709
v -6.044202 2.540103 6.323709
v -5.311717 3.102158 6.323709
v -4.458722 3.455481 6.323709
v 4.699667 4.126409 6.323711
v 4.699667 4.126409 6.055942
v 5.720186 3.703696 6.323710
v 5.720186 3.703696 6.055941
v 6.596526 3.031258 6.323710
v 6.596526 3.031258 6.055942
v 7.268964 2.154919 6.323710
v 7.268964 2.154919 6.055942
v 7.691677 1.134400 6.323710
v 7.691677 1.134401 6.055942
v 7.835857 0.000000 6.323710
v 7.835857 0.000000 6.055942
v 7.691679 -1.055903 6.323709
v 7.691679 -1.055902 6.055942
v 7.268966 -2.076421 6.323710
v 7.268966 -2.076421 6.055942
v 6.596529 -2.952760 6.323710
v 6.596529 -2.952760 6.055942
v 5.720188 -3.625201 6.323710
v 5.720188 -3.625201 6.055942
v 4.699670 -4.047914 6.323710
v 4.699670 -4.047914 6.055942
v 4.519895 -3.376987 6.055942
v 5.372890 -3.023664 6.055942
v 6.105374 -2.461608 6.055942
v 6.667430 -1.729124 6.055942
v 7.020751 -0.876128 6.055942
v 7.141262 0.000000 6.055942
v 7.020751 0.954626 6.055942
v 6.667427 1.807621 6.055942
v 6.105371 2.540105 6.055942
v 5.372888 3.102159 6.055942
v 4.519893 3.455481 6.055941
v 4.609780 3.790945 6.662175
v 5.546537 3.402928 6.662175
v 6.350948 2.785681 6.662175
v 6.968196 1.981270 6.662175
v 7.356215 1.044513 6.662175
v 7.488560 0.000000 6.662175
v 7.356215 -0.966016 6.662175
v 6.968197 -1.902772 6.662175
v 6.350951 -2.707185 6.662175
v 5.546539 -3.324432 6.662175
v 4.609782 -3.712450 6.662175
v 4.519895 -3.376987 6.323710
v 5.372890 -3.023664 6.323710
v 6.105374 -2.461608 6.323710
v 6.667430 -1.729124 6.323710
v 7.020751 -0.876128 6.323710
v 7.141262 0.000000 6.323710
v 7.020751 0.954626 6.323710
v 6.667427 1.807621 6.323710
v 6.105371 2.540105 6.323710
v 5.372888 3.102159 6.323710
v 4.519893 3.455481 6.323710
v 5.322581 5.332963 6.056227
v 5.224615 5.977008 6.056227
v 5.224615 5.977008 6.323996
v 5.322581 5.332963 6.323996
v 4.687199 7.274446 6.056226
v 4.687199 7.274446 6.323996
v 3.832294 8.388580 6.056225
v 3.832294 8.388580 6.323994
v 2.718159 9.243486 6.056225
v 2.718159 9.243486 6.323995
v 1.420722 9.780903 6.056225
v 1.420722 9.780903 6.323995
v 0.000000 9.964204 6.056225
v 0.000000 9.964204 6.323995
v -1.363921 9.780904 6.056224
v -1.363922 9.780904 6.323992
v -2.661359 9.243488 6.056224
v -2.661359 9.243488 6.323992
v -3.775493 8.388583 6.056223
v -3.775493 8.388583 6.323991
v -4.630401 7.274448 6.056223
v -4.630401 7.274448 6.323991
v -5.167817 5.977010 6.056225
v -5.167817 5.977010 6.323992
v -5.261412 5.331382 6.056225
v -5.261412 5.331382 6.323995
v -4.314832 5.748454 6.056225
v -4.456510 4.554932 6.056225
v -3.865636 6.832911 6.056225
v -3.151066 7.764155 6.056225
v -2.219822 8.478724 6.056225
v -1.135365 8.927919 6.056225
v 0.000000 9.081132 6.056225
v 1.192166 8.927919 6.056225
v 2.276622 8.478722 6.056225
v 3.207866 7.764153 6.056225
v 3.922435 6.832909 6.056225
v 4.371631 5.748452 6.056227
v 4.525047 4.535430 6.056226
v 4.798123 5.862731 6.662461
v 4.923813 4.934197 6.662461
v 4.304816 7.053678 6.662460
v 3.520080 8.076368 6.662459
v 4.304816 7.053678 6.662460
v 2.497390 8.861106 6.662460
v 3.520080 8.076368 6.662459
v 1.306444 9.354412 6.662460
v 0.000000 9.522668 6.662460
v -1.249644 9.354412 6.662460
v -2.440591 8.861106 6.662458
v -3.463280 8.076368 6.662459
v -4.248018 7.053679 6.662460
v -4.741324 5.862732 6.662459
v -4.858961 4.943157 6.662459
v -4.314832 5.748454 6.323994
v -4.456510 4.554932 6.323995
v -3.865636 6.832911 6.323991
v -3.151066 7.764155 6.323991
v -2.219822 8.478724 6.323994
v -1.135365 8.927919 6.323995
v 0.000000 9.081132 6.323994
v 1.192165 8.927919 6.323995
v 2.276622 8.478722 6.323994
v 3.207866 7.764153 6.323995
v 3.922435 6.832909 6.323994
v 4.371631 5.748452 6.323996
v 4.525047 4.535430 6.323996
v -2.440591 8.861106 6.662458
v 5.321002 -5.251029 6.056225
v 5.321002 -5.251029 6.323994
v 5.224617 -5.895073 6.323995
v 5.224617 -5.895073 6.056227
v 4.687201 -7.192512 6.323995
v 4.687201 -7.192512 6.056226
v 3.832295 -8.306645 6.323994
v 3.832295 -8.306645 6.056226
v 2.718160 -9.161551 6.323994
v 2.718160 -9.161551 6.056226
v 1.420723 -9.698968 6.323995
v 1.420723 -9.698968 6.056227
v 0.000000 -9.882270 6.323995
v 0.000000 -9.882270 6.056227
v -1.363921 -9.698969 6.323995
v -1.363920 -9.698969 6.056225
v -2.661358 -9.161553 6.323994
v -2.661358 -9.161553 6.056225
v -3.775492 -8.306649 6.323993
v -3.775492 -8.306649 6.056225
v -4.630399 -7.192514 6.323993
v -4.630399 -7.192514 6.056225
v -5.167815 -5.895078 6.323993
v -5.167815 -5.895078 6.056224
v -5.259831 -5.249451 6.323993
v -5.259831 -5.249451 6.056223
v -4.476012 -4.465631 6.056225
v -4.314831 -5.666521 6.056225
v -3.865634 -6.750977 6.056225
v -3.151065 -7.682222 6.056225
v -2.219821 -8.396791 6.056225
v -1.135364 -8.845985 6.056225
v 0.000000 -8.999196 6.056225
v 1.192166 -8.845985 6.056226
v 2.276623 -8.396788 6.056226
v 3.207867 -7.682219 6.056227
v 3.922436 -6.750974 6.056226
v 4.371633 -5.666516 6.056227
v 4.544551 -4.446126 6.056226
v 4.932777 -4.848578 6.662460
v 4.798124 -5.780796 6.662460
v 4.304818 -6.971742 6.662460
v 3.520081 -7.994433 6.662459
v 3.520081 -7.994433 6.662459
v 2.497391 -8.779169 6.662460
v 2.497391 -8.779169 6.662460
v 1.306445 -9.272478 6.662459
v 1.306445 -9.272478 6.662459
v 0.000000 -9.440734 6.662460
v -1.249643 -9.272478 6.662460
v -2.440590 -8.779172 6.662460
v -3.463279 -7.994436 6.662458
v -4.248017 -6.971745 6.662458
v -4.741323 -5.780800 6.662458
v -4.867922 -4.857543 6.662458
v -4.476012 -4.465631 6.323995
v -4.314831 -5.666521 6.323993
v -3.865634 -6.750977 6.323993
v -3.151065 -7.682222 6.323993
v -2.219821 -8.396791 6.323994
v -1.135365 -8.845985 6.323994
v 0.000000 -8.999196 6.323995
v 1.192166 -8.845985 6.323994
v 2.276623 -8.396788 6.323994
v 3.207867 -7.682219 6.323995
v 3.922436 -6.750974 6.323994
v 4.371633 -5.666516 6.323995
v 4.544551 -4.446126 6.323996
v 4.304818 -6.971742 6.662460
v -5.905458 5.234994 6.056225
v -5.905458 5.234994 6.323994
v -7.202895 4.697579 6.056225
v -7.202895 4.697579 6.323995
v -8.317029 3.842674 6.056223
v -8.317029 3.842674 6.323993
v -9.171935 2.728539 6.056223
v -9.171935 2.728539 6.323993
v -9.709352 1.431102 6.056223
v -9.709352 1.431102 6.323993
v -9.892654 0.000000 6.056223
v -9.892654 0.000000 6.323993
v -9.709352 -1.353541 6.056224
v -9.709352 -1.353542 6.323993
v -9.171937 -2.650979 6.056225
v -9.171937 -2.650979 6.323993
v -8.317031 -3.765114 6.056225
v -8.317031 -3.765114 6.323993
v -7.202897 -4.620020 6.056225
v -7.202897 -4.620020 6.323994
v -5.905461 -5.157437 6.056223
v -5.905461 -5.157437 6.323993
v -5.676903 -4.304452 6.056225
v -6.761360 -3.855257 6.056225
v -7.692605 -3.140688 6.056225
v -8.407173 -2.209443 6.056225
v -8.856368 -1.124985 6.056223
v -9.009580 0.000000 6.056223
v -8.856368 1.202546 6.056224
v -8.407170 2.287002 6.056223
v -7.692602 3.218246 6.056223
v -6.761357 3.932815 6.056224
v -5.676901 4.382011 6.056225
v -5.791180 4.808503 6.662459
v -6.982127 4.315197 6.662460
v -8.004816 3.530460 6.662458
v -6.982127 4.315197 6.662460
v -8.789552 2.507770 6.662458
v -8.004816 3.530460 6.662458
v -9.282861 1.316824 6.662458
v -9.451117 0.000000 6.662458
v -9.282861 -1.239264 6.662458
v -8.789554 -2.430211 6.662458
v -8.004816 -3.452901 6.662460
v -6.982127 -4.237638 6.662460
v -5.791181 -4.730944 6.662458
v -5.676901 -4.304452 6.323994
v -6.761360 -3.855257 6.323995
v -7.692605 -3.140688 6.323993
v -8.407173 -2.209443 6.323993
v -8.856368 -1.124985 6.323993
v -9.009580 0.000000 6.323993
v -8.856368 1.202546 6.323993
v -8.407170 2.287002 6.323993
v -7.692602 3.218245 6.323993
v -6.761357 3.932815 6.323993
v -5.676901 4.382011 6.323994
v 5.966624 5.234997 6.323996
v 5.966624 5.234997 6.056226
v 7.264062 4.697582 6.323996
v 7.264062 4.697582 6.056228
v 8.378198 3.842676 6.323994
v 8.378198 3.842676 6.056226
v 9.233104 2.728542 6.323994
v 9.233104 2.728542 6.056226
v 9.770519 1.431106 6.323994
v 9.770519 1.431106 6.056226
v 9.953822 0.000000 6.323994
v 9.953822 0.000000 6.056226
v 9.770519 -1.353539 6.323995
v 9.770519 -1.353538 6.056226
v 9.233105 -2.650977 6.323996
v 9.233105 -2.650977 6.056227
v 8.378200 -3.765111 6.323996
v 8.378200 -3.765111 6.056226
v 7.264064 -4.620018 6.323994
v 7.264064 -4.620018 6.056226
v 5.966627 -5.157434 6.323994
v 5.966627 -5.157434 6.056225
v 5.738071 -4.304451 6.056226
v 6.822528 -3.855252 6.056226
v 7.753773 -3.140684 6.056226
v 8.468340 -2.209439 6.056227
v 8.917536 -1.124982 6.056226
v 9.070749 0.000000 6.056226
v 8.917536 1.202549 6.056227
v 8.468338 2.287005 6.056227
v 7.753768 3.218249 6.056226
v 6.822525 3.932817 6.056226
v 5.738068 4.382013 6.056226
v 5.852346 4.808505 6.662461
v 7.043293 4.315199 6.662461
v 8.065983 3.530463 6.662460
v 8.850720 2.507774 6.662460
v 9.344028 1.316827 6.662460
v 9.344028 1.316827 6.662460
v 9.512285 0.000000 6.662459
v 9.344028 -1.239260 6.662459
v 8.850723 -2.430207 6.662460
v 8.850723 -2.430207 6.662460
v 8.065987 -3.452898 6.662459
v 8.065987 -3.452898 6.662459
v 7.043297 -4.237634 6.662461
v 7.043297 -4.237634 6.662461
v 5.852350 -4.730942 6.662460
v 5.738071 -4.304451 6.323994
v 6.822528 -3.855252 6.323994
v 7.753773 -3.140684 6.323996
v 8.468340 -2.209439 6.323995
v 8.917536 -1.124982 6.323994
v 9.070749 0.000000 6.323995
v 8.917536 1.202549 6.323995
v 8.468338 2.287005 6.323995
v 7.753768 3.218248 6.323994
v 6.822525 3.932817 6.323994
v 5.738068 4.382013 6.323996
v 7.043293 4.315199 6.662461
v -11.347853 0.000000 5.284954
v -7.077890 1.004095 5.284956
v -6.334123 0.000000 5.284956
v -7.527087 2.088551 5.284955
v -10.960997 2.932653 5.284954
v -7.680299 3.252317 5.284954
v -7.527086 4.416084 5.284956
v -9.826791 5.670863 5.284954
v -7.077888 5.500540 5.284956
v -6.363319 6.431786 5.284956
v -8.022535 8.022221 5.284954
v -5.432077 7.146355 5.284956
v -4.347620 7.595550 5.284956
v -5.671175 9.826479 5.284954
v -3.183855 7.748761 5.284956
v -2.020088 7.595548 5.284957
v -2.932967 10.960681 5.284956
v -0.935632 7.146352 5.284957
v 0.000000 6.397096 5.284957
v 0.000000 11.347533 5.284956
v -0.714864 7.528733 6.023333
v 0.000000 6.961037 6.023335
v 0.000000 7.524979 5.684869
v -0.494096 7.911117 5.684869
v -1.791533 8.448532 5.684867
v -1.905811 8.022040 6.023333
v -3.183854 8.631836 5.684868
v -3.183853 8.190298 6.023333
v -4.576175 8.448534 5.684868
v -4.461896 8.022041 6.023333
v -5.873613 7.911118 5.684867
v -5.652845 7.528736 6.023333
v -6.987747 7.056212 5.684867
v -6.675533 6.743999 6.023333
v -7.842652 5.942078 5.684868
v -7.460270 5.721309 6.023333
v -8.380070 4.644640 5.684867
v -7.953578 4.530362 6.023333
v -8.563374 3.252318 5.684866
v -8.121835 3.252317 6.023332
v -8.380070 1.859995 5.684866
v -7.953578 1.974273 6.023333
v -8.121835 3.252317 6.023332
v -7.842654 0.562558 5.684867
v -7.460272 0.783326 6.023333
v -7.452307 0.000000 5.684867
v -6.893216 0.000000 6.023333
v -7.077890 1.004095 5.684866
v -6.334123 0.000000 5.684868
v -7.527087 2.088551 5.684868
v -7.680299 3.252317 5.684866
v -7.527087 4.416084 5.684867
v -7.077888 5.500540 5.684868
v -6.363320 6.431784 5.684867
v -5.432076 7.146353 5.684867
v -4.347620 7.595550 5.684867
v -3.183855 7.748761 5.684867
v -2.020089 7.595548 5.684867
v -0.935632 7.146352 5.684867
v 0.000000 6.397096 5.684869
v 0.000000 -11.359159 5.284956
v 0.000000 -6.332325 5.284956
v 0.993716 -7.067509 5.284956
v 2.943950 -10.972306 5.284957
v 2.078172 -7.516705 5.284956
v 3.241937 -7.669919 5.284956
v 5.682160 -9.838106 5.284957
v 4.405703 -7.516705 5.284957
v 5.490158 -7.067509 5.284957
v 8.033515 -8.033846 5.284957
v 6.421401 -6.352939 5.284957
v 7.135968 -5.421694 5.284957
v 9.837771 -5.682497 5.284957
v 7.585167 -4.337237 5.284958
v 7.738379 -3.173472 5.284957
v 10.971985 -2.944286 5.284958
v 7.585167 -2.009708 5.284957
v 7.135970 -0.925251 5.284957
v 11.358844 0.000000 5.284958
v 6.395295 0.000000 5.284957
v 7.518352 -0.704482 6.023333
v 7.900734 -0.483714 5.684867
v 7.513481 0.000000 5.684868
v 6.954389 0.000000 6.023333
v 8.011659 -1.895429 6.023333
v 8.438151 -1.781150 5.684868
v 8.011659 -1.895429 6.023333
v 8.179916 -3.173474 6.023333
v 8.621454 -3.173472 5.684867
v 8.011657 -4.451517 6.023333
v 8.438149 -4.565796 5.684867
v 7.518352 -5.642463 6.023333
v 7.900733 -5.863231 5.684867
v 7.518352 -5.642463 6.023333
v 6.733615 -6.665153 6.023332
v 7.045828 -6.977366 5.684868
v 5.710929 -7.449891 6.023332
v 5.931694 -7.832273 5.684866
v 4.519982 -7.943197 6.023333
v 4.634258 -8.369691 5.684867
v 3.241939 -8.111458 6.023332
v 3.241938 -8.552993 5.684866
v 1.963894 -7.943200 6.023332
v 1.849616 -8.369691 5.684866
v 1.963894 -7.943200 6.023332
v 0.772947 -7.449893 6.023332
v 0.552179 -7.832276 5.684866
v 0.000000 -6.886568 6.023332
v 0.000000 -7.440812 5.684866
v 0.993715 -7.067509 5.684866
v 0.000000 -6.332325 5.684866
v 2.078171 -7.516705 5.684866
v 3.241938 -7.669919 5.684866
v 4.405703 -7.516705 5.684866
v 5.490158 -7.067509 5.684866
v 6.421401 -6.352939 5.684868
v 7.135969 -5.421694 5.684868
v 7.585167 -4.337237 5.684867
v 7.738379 -3.173472 5.684867
v 7.585167 -2.009708 5.684867
v 7.135970 -0.925251 5.684867
v 6.395295 0.000000 5.684868
v -0.932542 -7.067513 5.284956
v -2.016998 -7.516709 5.284956
v -2.932973 -10.972303 5.284956
v -3.180765 -7.669922 5.284956
v -4.344531 -7.516709 5.284956
v -5.671184 -9.838099 5.284956
v -5.428986 -7.067512 5.284956
v -6.360233 -6.352942 5.284954
v -8.022544 -8.033839 5.284954
v -7.074802 -5.421700 5.284955
v -7.523995 -4.337242 5.284956
v -9.826804 -5.682481 5.284955
v -7.677207 -3.173477 5.284956
v -7.523994 -2.009711 5.284956
v -10.960999 -2.944270 5.284956
v -7.074797 -0.925254 5.284956
v -7.457179 -0.704486 6.023333
v -7.839562 -0.483716 5.684867
v -8.376978 -1.781154 5.684867
v -7.950486 -1.895432 6.023333
v -7.950486 -1.895432 6.023333
v -8.560280 -3.173475 5.684868
v -8.118743 -3.173475 6.023335
v -8.376981 -4.565797 5.684869
v -7.950488 -4.451518 6.023335
v -7.839565 -5.863234 5.684868
v -7.457183 -5.642467 6.023332
v -7.950488 -4.451518 6.023335
v -6.984661 -6.977370 5.684866
v -6.672446 -6.665156 6.023332
v -5.870525 -7.832276 5.684867
v -5.649755 -7.449894 6.023332
v -4.573087 -8.369694 5.684868
v -4.458807 -7.943200 6.023333
v -3.180767 -8.552997 5.684866
v -3.180764 -8.111458 6.023332
v -1.788443 -8.369694 5.684866
v -1.902721 -7.943200 6.023332
v -0.491006 -7.832278 5.684866
v -0.711774 -7.449894 6.023332
v -0.932541 -7.067513 5.684866
v -2.016998 -7.516709 5.684866
v -3.180765 -7.669922 5.684866
v -4.344530 -7.516709 5.684866
v -5.428986 -7.067512 5.684866
v -6.360232 -6.352942 5.684866
v -7.074801 -5.421700 5.684866
v -7.523995 -4.337242 5.684867
v -7.677206 -3.173477 5.684867
v -7.523994 -2.009711 5.684868
v -7.074797 -0.925254 5.684867
v 7.139061 1.004094 5.284957
v 10.971987 2.932649 5.284957
v 7.588257 2.088551 5.284957
v 7.741470 3.252317 5.284957
v 9.837784 5.670860 5.284958
v 7.588257 4.416084 5.284958
v 7.139059 5.500540 5.284958
v 8.033522 8.022218 5.284957
v 6.424490 6.431781 5.284957
v 5.493244 7.146352 5.284957
v 5.682169 9.826476 5.284957
v 4.408787 7.595547 5.284957
v 3.245023 7.748759 5.284957
v 2.943957 10.960679 5.284957
v 2.081259 7.595548 5.284957
v 0.996803 7.146350 5.284957
v 0.776034 7.528732 6.023333
v 0.555265 7.911115 5.684867
v 1.966980 8.022039 6.023333
v 1.852702 8.448531 5.684867
v 3.245025 8.190298 6.023333
v 3.245023 8.631834 5.684868
v 4.523067 8.022039 6.023333
v 4.637345 8.448531 5.684867
v 5.714014 7.528733 6.023333
v 5.934782 7.911115 5.684867
v 6.736704 6.743996 6.023333
v 7.048918 7.056211 5.684867
v 7.521442 5.721308 6.023333
v 7.903824 5.942076 5.684867
v 8.014748 4.530361 6.023333
v 8.441241 4.644640 5.684867
v 8.183007 3.252317 6.023332
v 8.624542 3.252318 5.684866
v 8.014748 4.530361 6.023333
v 8.014750 1.974273 6.023333
v 8.441242 1.859995 5.684866
v 7.521443 0.783326 6.023332
v 7.903826 0.562558 5.684867
v 8.014750 1.974273 6.023333
v 7.139061 1.004094 5.684868
v 7.588257 2.088551 5.684866
v 7.741470 3.252317 5.684866
v 7.588257 4.416084 5.684867
v 7.139059 5.500540 5.684868
v 6.424490 6.431782 5.684868
v 5.493245 7.146353 5.684868
v 4.408787 7.595548 5.684867
v 3.245024 7.748759 5.684868
v 2.081258 7.595548 5.684867
v 0.996802 7.146350 5.684867
v 10.321835 2.758441 5.677540
v 10.685757 0.000000 5.677540
v 10.892419 0.000000 6.662623
v 10.521457 2.811930 6.662623
v 9.254872 5.334317 5.677542
v 9.433847 5.437649 6.662624
v 7.557579 7.546271 5.677542
v 7.703713 7.692403 6.662624
v 5.345623 9.243564 5.677542
v 5.448957 9.422539 6.662624
v 2.769749 10.310527 5.677542
v 2.823237 10.510148 6.662624
v 0.000000 10.674445 5.677542
v 0.000000 10.881110 6.662624
v -2.758760 10.310527 5.677542
v -2.812248 10.510148 6.662624
v -5.334635 9.243564 5.677542
v -5.437966 9.422544 6.662624
v -7.546588 7.546274 5.677542
v -7.692721 7.692409 6.662624
v -9.243881 5.334319 5.677542
v -9.422857 5.437652 6.662624
v -10.310844 2.758445 5.677540
v -10.510466 2.811933 6.662623
v -10.674765 0.000000 5.677541
v -10.881429 0.000000 6.662623
v -10.310846 -2.770064 5.677540
v -10.510468 -2.823552 6.662623
v -9.243886 -5.345939 5.677539
v -9.422866 -5.449271 6.662621
v -7.546595 -7.557895 5.677539
v -7.692731 -7.704029 6.662621
v -5.334640 -9.255188 5.677539
v -5.437971 -9.434165 6.662621
v -2.758765 -10.322152 5.677539
v -2.812253 -10.521774 6.662621
v 0.000000 -10.686072 5.677539
v 0.000000 -10.892735 6.662621
v 2.769743 -10.322154 5.677539
v 2.823232 -10.521775 6.662621
v 5.345618 -9.255194 5.677539
v 5.448950 -9.434169 6.662620
v 7.557574 -7.557904 5.677539
v 7.703704 -7.704036 6.662621
v 9.254869 -5.345950 5.677539
v 9.433841 -5.449284 6.662621
v 10.321832 -2.770076 5.677540
v 10.521455 -2.823566 6.662623
v 11.277359 0.000000 6.662622
v 10.893280 2.911560 6.662623
v 9.767217 5.630119 6.662624
v 7.975905 7.964598 6.662624
v 5.641428 9.755908 6.662624
v 2.922867 10.881972 6.662624
v 0.000000 11.266051 6.662624
v -2.911876 10.881974 6.662624
v -5.630434 9.755911 6.662624
v -7.964916 7.964602 6.662624
v -9.756225 5.630121 6.662624
v -10.882289 2.911563 6.662623
v -11.266366 0.000000 6.662623
v -10.882291 -2.923181 6.662623
v -9.756233 -5.641741 6.662621
v -7.964925 -7.976221 6.662621
v -5.630441 -9.767531 6.662621
v -2.911882 -10.893597 6.662621
v 0.000000 -11.277677 6.662621
v 2.922861 -10.893600 6.662621
v 5.641419 -9.767538 6.662620
v 7.975897 -7.976227 6.662621
v 9.767208 -5.641755 6.662621
v 10.893277 -2.923197 6.662623
v 2.894810 1.192502 6.563097
v 3.133328 -0.006607 6.563097
v 3.133328 -0.006607 4.961344
v 2.894810 1.192502 4.961344
v 2.215569 2.209058 6.563097
v 2.215569 2.209058 4.961344
v 1.199013 2.888299 6.563097
v 1.199013 2.888299 4.961344
v -0.000096 3.126817 6.563097
v -0.000096 3.126817 4.961344
v -1.199206 2.888299 6.563097
v -1.199206 2.888299 4.961344
v -2.215761 2.209058 6.563097
v -2.215761 2.209058 4.961344
v -2.895002 1.192502 6.563097
v -2.895002 1.192502 4.961344
v -3.133520 -0.006607 6.563097
v -3.133520 -0.006607 4.961344
v -2.895003 -1.205716 6.563097
v -2.895003 -1.205716 4.961344
v -2.215762 -2.222273 6.563097
v -2.215762 -2.222272 4.961344
v -1.199206 -2.901514 6.563097
v -1.199206 -2.901514 4.961344
v -0.000096 -3.140032 6.563097
v -0.000096 -3.140032 4.961344
v 1.199014 -2.901514 6.563097
v 1.199014 -2.901514 4.961344
v 2.215570 -2.222272 6.563097
v 2.215570 -2.222272 4.961344
v 2.894811 -1.205716 6.563097
v 2.894811 -1.205715 4.961344
v 2.189212 2.182701 4.906088
v 2.860373 1.178238 4.906088
v 3.096053 -0.006607 4.906088
v 2.860373 -1.191451 4.906088
v 2.189213 -2.195915 4.906088
v 1.184749 -2.867076 4.906088
v -0.000096 -3.102756 4.906088
v -1.184941 -2.867076 4.906088
v -2.189405 -2.195915 4.906088
v -2.860565 -1.191451 4.906088
v -3.096245 -0.006607 4.906088
v -2.860565 1.178238 4.906088
v -2.189404 2.182701 4.906088
v -1.184941 2.853861 4.906088
v -0.000096 3.089542 4.906088
v 1.184749 2.853861 4.906088
v 1.184749 -2.867076 6.618355
v 2.189213 -2.195915 6.618355
v 2.860373 -1.191451 6.618355
v 3.096053 -0.006607 6.618355
v 2.860373 1.178238 6.618355
v 2.189212 2.182700 6.618355
v 1.184749 2.853861 6.618355
v -0.000096 3.089542 6.618355
v -1.184941 2.853861 6.618355
v -2.189404 2.182700 6.618355
v -2.860565 1.178238 6.618355
v -3.096245 -0.006607 6.618355
v -2.860565 -1.191452 6.618355
v -2.189405 -2.195915 6.618355
v -1.184941 -2.867076 6.618355
v -0.000096 -3.102756 6.618355
v 6.537551 -6.488544 6.258078
v 5.890048 -5.067595 6.258078
v 5.178970 -5.180201 6.258078
v 7.302319 -5.533457 6.258079
v 5.083320 -5.926439 6.258078
v 5.562398 -7.220519 6.258078
v 7.517993 -4.297389 6.258077
v 7.302319 -5.533457 6.258079
v 7.709052 -4.436285 6.258078
v 4.394089 -7.649683 6.258077
v 4.293169 -7.531978 6.258077
v -7.302319 -5.533457 6.258079
v -6.537551 -6.488544 6.258078
v -5.890048 -5.067595 6.258078
v -5.178970 -5.180201 6.258078
v -5.083320 -5.926439 6.258078
v -5.562398 -7.220519 6.258078
v -7.517993 -4.297389 6.258077
v -7.709052 -4.436285 6.258078
v -4.293169 -7.531978 6.258077
v -4.394089 -7.649683 6.258077
v 6.537551 6.488543 6.258080
v 5.178970 5.180200 6.258079
v 5.890048 5.067595 6.258079
v 7.302319 5.533456 6.258080
v 5.083320 5.926438 6.258079
v 5.562398 7.220518 6.258080
v 7.302319 5.533456 6.258080
v 7.517993 4.297388 6.258078
v 7.709052 4.436285 6.258079
v 4.293169 7.531977 6.258079
v 4.394089 7.649682 6.258079
v -5.178970 5.180200 6.258079
v -6.537551 6.488543 6.258080
v -5.890048 5.067595 6.258079
v -7.302319 5.533456 6.258080
v -5.083320 5.926438 6.258079
v -5.562398 7.220518 6.258080
v -7.517993 4.297388 6.258078
v -7.302319 5.533456 6.258080
v -7.709052 4.436285 6.258079
v -4.293169 7.531977 6.258079
v -4.394089 7.649682 6.258079
v -0.007658 12.623907 6.617001
v 2.798900 12.307943 6.617001
v -0.007658 13.073233 6.195585
v 2.899535 12.745856 6.195585
v -0.007658 13.540767 5.823352
v 3.013053 13.201281 5.823352
v 3.200934 14.021446 2.988168
v -0.007658 14.382175 2.988168
v 3.102996 13.593959 4.961559
v -0.007658 13.943612 4.961559
v 3.241772 14.199639 -0.024801
v -0.007658 14.564988 -0.024801
v -0.007658 14.564988 -0.024801
v 2.455512 10.806324 6.352846
v -0.007658 11.083526 6.352846
v -0.007658 13.714126 -6.043768
v 2.716306 11.946943 -6.602579
v -0.007658 12.253578 -6.602579
v 3.051759 13.370265 -6.043768
v -0.007658 14.048152 -5.266375
v 3.126341 13.695857 -5.266375
v 3.200935 14.021445 -3.037769
v -0.007658 14.382175 -3.037769
v -0.007658 11.225520 -6.373395
v 2.464726 10.846972 -6.966212
v -0.007658 11.125203 -6.966212
v 2.487087 10.944764 -6.373395
v -0.007658 10.965079 -7.059528
v 2.231316 9.825918 -7.057973
v -0.007658 10.077811 -7.057972
v 2.429036 10.690876 -7.059528
v 2.207457 9.721516 -6.953005
v -0.007658 9.970717 -6.953005
v 5.465000 11.375348 6.617001
v 5.660558 11.779888 6.195585
v 5.875022 12.199855 5.823352
v 6.240692 12.957650 2.988168
v 6.050086 12.562672 4.961559
v 6.320158 13.122288 -0.024801
v 4.796085 9.987785 6.352846
v 5.304149 11.041777 -6.602579
v 5.950358 12.355989 -6.043768
v 6.095521 12.656823 -5.266375
v 6.240694 12.957649 -3.037769
v 4.814114 10.025365 -6.966212
v 4.857674 10.115730 -6.373395
v 4.359354 9.081848 -7.057973
v 4.744584 9.881124 -7.059528
v 4.312861 8.985373 -6.953005
v 8.137413 10.223764 6.195585
v 7.856740 9.872882 6.617001
v 8.442404 10.586699 5.823352
v 8.967528 11.244127 2.988168
v 8.693811 10.901464 4.961559
v 9.081636 11.386953 -0.024801
v 6.895840 8.668951 6.352846
v 7.625695 9.583466 -6.602579
v 8.550594 10.722154 -6.043768
v 8.759057 10.983145 -5.266375
v 8.967529 11.244125 -3.037769
v 6.921777 8.701576 -6.966212
v 6.984354 8.779984 -6.373395
v 6.268470 7.882907 -7.057973
v 6.821895 8.576424 -7.059528
v 6.201675 7.799196 -6.953005
v 10.205909 8.155512 6.195585
v 9.854191 7.875883 6.617001
v 10.586464 8.442699 5.823352
v 11.244712 8.966795 2.988168
v 10.901610 8.693630 4.961559
v 11.387740 9.080651 -0.024801
v 8.649487 6.915952 6.352846
v 9.564540 7.645132 -6.602579
v 10.722082 8.550684 -6.043767
v 10.983396 8.758745 -5.266374
v 11.244713 8.966795 -3.037769
v 8.682034 6.941988 -6.966212
v 8.760489 7.004504 -6.373395
v 7.862938 6.289215 -7.057973
v 8.556808 6.842198 -7.059528
v 7.779191 6.222465 -6.953005
v 11.357198 5.484482 6.617001
v 11.762322 5.678837 6.195585
v 12.199692 5.875362 5.823352
v 12.958058 6.239848 2.988168
v 12.562775 6.049879 4.961559
v 13.122835 6.319025 -0.024801
v 9.969096 4.816688 6.352846
v 11.023461 5.323971 -6.602579
v 12.355942 5.950461 -6.043767
v 12.656998 6.095162 -5.266374
v 12.958059 6.239847 -3.037769
v 10.097019 4.878319 -6.373395
v 10.006621 4.834825 -6.966212
v 9.062807 4.380682 -7.057973
v 9.862329 4.765405 -7.059528
v 8.966307 4.334241 -6.953005
v 12.290394 2.818591 6.617001
v 12.728611 2.917930 6.195585
v 13.201199 3.013422 5.823352
v 14.021656 3.200023 2.988168
v 13.594011 3.102770 4.961559
v 14.199922 3.240545 -0.024801
v 10.788498 2.476416 6.352846
v 11.929309 2.736367 -6.602579
v 13.370241 3.051872 -6.043768
v 13.695949 3.125952 -5.266375
v 14.021656 3.200021 -3.037769
v 10.926929 2.508037 -6.373395
v 10.829118 2.485751 -6.966212
v 9.807912 2.253009 -7.057973
v 10.672996 2.450177 -7.059528
v 9.703498 2.229203 -6.953005
v 12.606990 0.005694 6.617001
v 13.056326 0.005694 6.195585
v 13.540769 0.005694 5.823352
v 14.382176 0.005694 2.988168
v 13.943613 0.005694 4.961559
v 14.564989 0.005694 -0.024801
v 11.066607 0.005694 6.352846
v 12.236661 0.005694 -6.602579
v 13.714128 0.005694 -6.043768
v 14.048153 0.005694 -5.266375
v 14.382176 0.005694 -3.037769
v 11.208603 0.005694 -6.373395
v 11.108286 0.005694 -6.966212
v 10.060894 0.005694 -7.057973
v 10.948162 0.005694 -7.059528
v 9.953800 0.005694 -6.953005
v 12.291108 -2.794893 6.617001
v 12.729033 -2.895531 6.195585
v 13.201370 -3.012678 5.823352
v 13.594049 -3.102610 4.961559
v 14.021540 -3.200537 2.988168
v 14.199735 -3.241365 -0.024801
v 10.789479 -2.451551 6.352846
v 11.930104 -2.712311 -6.602579
v 13.370355 -3.051378 -6.043767
v 13.695950 -3.125952 -5.266374
v 14.021539 -3.200537 -3.037770
v 10.830127 -2.460762 -6.966212
v 10.927920 -2.483120 -6.373395
v 9.809067 -2.227383 -7.057973
v 10.674030 -2.425077 -7.059528
v 9.704663 -2.203526 -6.953005
v 11.358590 -5.461020 6.617001
v 11.763145 -5.656578 6.195585
v 12.200026 -5.874674 5.823352
v 12.562847 -6.049730 4.961559
v 12.957830 -6.240324 2.988168
v 13.122472 -6.319784 -0.024801
v 9.971007 -4.792147 6.352846
v 11.025012 -5.300179 -6.602579
v 12.356161 -5.950006 -6.043768
v 12.656999 -6.095163 -5.266375
v 12.957829 -6.240324 -3.037769
v 10.008586 -4.810173 -6.966212
v 10.098952 -4.853731 -6.373395
v 9.065057 -4.355440 -7.057973
v 9.864344 -4.740648 -7.059528
v 8.968579 -4.308952 -6.953005
v 9.856193 -7.852802 6.617001
v 10.207092 -8.133478 6.195585
v 10.586944 -8.442099 5.823352
v 10.901715 -8.693502 4.961559
v 11.244386 -8.967207 2.988168
v 11.387218 -9.081312 -0.024801
v 8.652235 -6.891939 6.352846
v 9.566767 -7.621767 -6.602579
v 10.722400 -8.550291 -6.043768
v 10.983396 -8.758745 -5.266375
v 11.244383 -8.967215 -3.037769
v 8.684859 -6.917873 -6.966212
v 8.763268 -6.980448 -6.373395
v 7.866170 -6.264591 -7.057973
v 8.559703 -6.817995 -7.059528
v 7.782456 -6.197800 -6.953005
v 7.859249 -9.850311 6.617001
v 8.138901 -10.202030 6.195585
v 8.443002 -10.586226 5.823352
v 8.693944 -10.901361 4.961559
v 8.967119 -11.244455 2.988168
v 9.080979 -11.387484 -0.024801
v 6.899283 -8.645639 6.352846
v 7.628491 -9.560665 -6.602579
v 8.550994 -10.721838 -6.043768
v 8.759062 -10.983145 -5.266374
v 8.967116 -11.244459 -3.037769
v 6.925321 -8.678181 -6.966212
v 6.987837 -8.756636 -6.373395
v 6.272524 -7.859104 -7.057973
v 6.825526 -8.552958 -7.059528
v 6.205771 -7.775360 -6.953005
v 5.662267 -11.758518 6.195585
v 5.467894 -11.353384 6.617001
v 5.875714 -12.199522 5.823352
v 6.240221 -12.957880 2.988168
v 6.050241 -12.562601 4.961559
v 6.319403 -13.122656 -0.024801
v 4.800056 -9.965303 6.352846
v 5.307367 -11.019657 -6.602579
v 5.950816 -12.355772 -6.043767
v 6.095524 -12.656824 -5.266374
v 6.240221 -12.957880 -3.037769
v 4.861691 -10.093225 -6.373395
v 4.818196 -10.002829 -6.966212
v 4.364025 -9.059027 -7.057973
v 4.748771 -9.858538 -7.059528
v 4.317583 -8.962528 -6.953005
v 2.901388 -12.724886 6.195585
v 2.802028 -12.286659 6.617001
v 3.013805 -13.201113 5.823352
v 3.200426 -14.021566 2.988168
v 3.103162 -13.593924 4.961559
v 3.240954 -14.199827 -0.024801
v 2.459807 -10.784777 6.352846
v 2.719791 -11.925577 -6.602579
v 3.052257 -13.370157 -6.043767
v 3.126344 -13.695860 -5.266374
v 3.200419 -14.021566 -3.037769
v 2.491435 -10.923203 -6.373395
v 2.469146 -10.825392 -6.966212
v 2.236371 -9.804195 -7.057973
v 2.433566 -10.669271 -7.059528
v 2.212563 -9.699781 -6.953005
v -0.007658 -12.603334 6.617002
v -0.007658 -13.052685 6.195586
v -0.007658 -13.540770 5.823353
v -0.007658 -14.382177 2.988168
v -0.007658 -13.943613 4.961559
v -0.007658 -14.564989 -0.024801
v -0.007658 -11.062956 6.352846
v -0.007658 -12.233006 -6.602578
v -0.007658 -13.714128 -6.043767
v -0.007658 -14.048155 -5.266374
v -0.007658 -14.382177 -3.037769
v -0.007658 -11.204950 -6.373395
v -0.007658 -11.104631 -6.966212
v -0.007658 -10.057240 -7.057973
v -0.007658 -10.944508 -7.059528
v -0.007658 -9.950146 -6.953005
v -2.811457 -12.287535 6.617001
v -2.912073 -12.725475 6.195585
v -3.012298 -13.201456 5.823352
v -3.102221 -13.594137 4.961559
v -3.200132 -14.021631 2.988168
v -3.240962 -14.199827 -0.024801
v -2.468159 -10.785898 6.352846
v -3.050997 -13.370443 -6.043767
v -2.728891 -11.926527 -6.602579
v -3.125559 -13.696039 -5.266374
v -3.200132 -14.021631 -3.037769
v -2.477371 -10.826544 -6.966212
v -2.499727 -10.924337 -6.373395
v -2.244019 -9.805477 -7.057973
v -2.441688 -10.670446 -7.059528
v -2.220164 -9.701073 -6.953005
v -5.477614 -11.355091 6.617001
v -5.673149 -11.759665 6.195585
v -5.874322 -12.200193 5.823352
v -6.049368 -12.563021 4.961559
v -6.239947 -12.958014 2.988168
v -6.319407 -13.122652 -0.024801
v -4.808779 -9.967489 6.352846
v -5.949651 -12.356333 -6.043767
v -5.316779 -11.021511 -6.602579
v -6.094794 -12.657175 -5.266374
v -6.239947 -12.958014 -3.037769
v -4.826803 -10.005070 -6.966212
v -4.870359 -10.095438 -6.373395
v -4.372099 -9.061527 -7.057973
v -4.757281 -9.860826 -7.059528
v -4.325613 -8.965048 -6.953005
v -7.869438 -9.852762 6.617001
v -8.150092 -10.203684 6.195585
v -8.441796 -10.587183 5.823352
v -8.693190 -10.901964 4.961559
v -8.966885 -11.244642 2.988168
v -9.080983 -11.387480 -0.024801
v -6.908605 -8.648779 6.352846
v -8.549977 -10.722651 -6.043768
v -7.638411 -9.563332 -6.602579
v -8.758428 -10.983652 -5.266374
v -8.966885 -11.244642 -3.037769
v -6.934543 -8.681402 -6.966212
v -6.997117 -8.759811 -6.373395
v -6.281281 -7.862698 -7.057973
v -6.834665 -8.556248 -7.059528
v -6.214494 -7.778980 -6.953005
v -9.867002 -7.855879 6.617001
v -10.218707 -8.135548 6.195585
v -10.585977 -8.443312 5.823352
v -10.901114 -8.694258 4.961559
v -11.244196 -8.967443 2.988168
v -11.387217 -9.081312 -0.024801
v -8.662354 -6.895880 6.352846
v -10.721590 -8.551302 -6.043768
v -9.577366 -7.625109 -6.602579
v -10.982889 -8.759382 -5.266375
v -11.244196 -8.967443 -3.037769
v -8.694901 -6.921913 -6.966212
v -8.773352 -6.984434 -6.373395
v -7.875842 -6.269094 -7.057973
v -8.569677 -6.822121 -7.059528
v -7.792100 -6.202339 -6.953005
v -11.370148 -5.464561 6.617001
v -11.775260 -5.658966 6.195585
v -12.199353 -5.876066 5.823352
v -12.957699 -6.240595 2.988168
v -12.562428 -6.050600 4.961559
v -13.122472 -6.319780 -0.024801
v -9.982085 -4.796686 6.352846
v -12.355598 -5.951178 -6.043768
v -11.036420 -5.304031 -6.602579
v -12.656646 -6.095896 -5.266375
v -12.957699 -6.240595 -3.037769
v -10.019606 -4.814833 -6.966212
v -10.110003 -4.858326 -6.373395
v -9.075819 -4.360634 -7.057973
v -9.875318 -4.745401 -7.059528
v -8.979323 -4.314182 -6.953005
v -12.303497 -2.798723 6.617001
v -12.741710 -2.898106 6.195585
v -13.201025 -3.014189 5.823352
v -14.021472 -3.200830 2.988168
v -13.593834 -3.103552 4.961559
v -14.199735 -3.241362 -0.024801
v -10.801620 -2.456469 6.352846
v -13.370066 -3.052641 -6.043767
v -11.942417 -2.716480 -6.602579
v -13.695768 -3.126745 -5.266374
v -14.021472 -3.200830 -3.037770
v -10.842240 -2.465797 -6.966212
v -10.940049 -2.488092 -6.373395
v -9.821049 -2.232996 -7.057973
v -10.686120 -2.430216 -7.059528
v -9.716635 -2.209185 -6.953005
v -13.069591 0.005694 6.195585
v -12.620254 0.005694 6.617001
v -13.540768 0.005694 5.823352
v -14.382176 0.005694 2.988168
v -13.943613 0.005694 4.961559
v -14.564989 0.005694 -0.024801
v -11.079872 0.005694 6.352846
v -13.714127 0.005694 -6.043768
v -12.249925 0.005694 -6.602579
v -14.048153 0.005694 -5.266375
v -14.382176 0.005694 -3.037769
v -11.121551 0.005694 -6.966212
v -11.221868 0.005694 -6.373395
v -10.074158 0.005694 -7.057973
v -10.961426 0.005694 -7.059528
v -9.967064 0.005694 -6.953005
v -12.742464 2.915352 6.195585
v -12.304533 2.814763 6.617001
v -13.201542 3.011923 5.823352
v -13.594226 3.101834 4.961559
v -14.021723 3.199730 2.988168
v -14.199920 3.240547 -0.024801
v -10.802883 2.471502 6.352846
v -11.943525 2.732198 -6.602579
v -13.370530 3.050608 -6.043768
v -13.696130 3.125164 -5.266375
v -14.021723 3.199730 -3.037769
v -10.843532 2.480715 -6.966212
v -10.941326 2.503071 -6.373395
v -9.822458 2.247392 -7.057973
v -10.687433 2.445036 -7.059528
v -9.718054 2.223542 -6.953005
v -11.776731 5.676456 6.195585
v -11.372165 5.480944 6.617001
v -12.200359 5.873977 5.823352
v -12.563190 6.049014 4.961559
v -12.958187 6.239581 2.988168
v -13.122834 6.319029 -0.024801
v -9.984545 4.812147 6.352846
v -11.038578 5.320124 -6.602579
v -12.356503 5.949297 -6.043767
v -12.657351 6.094428 -5.266374
v -12.958187 6.239581 -3.037769
v -10.022124 4.830173 -6.966212
v -10.112493 4.873729 -6.373395
v -9.078569 4.375494 -7.057973
v -9.877878 4.760654 -7.059528
v -8.982088 4.329015 -6.953005
v -9.869904 7.872813 6.617001
v -10.220823 8.153443 6.195585
v -10.587425 8.441494 5.823352
v -10.902212 8.692878 4.961559
v -11.244897 8.966564 2.988168
v -11.387737 9.080657 -0.024801
v -8.665891 6.912015 6.352846
v -10.722890 8.549671 -6.043767
v -9.580468 7.641790 -6.602579
v -10.983898 8.758116 -5.266374
v -11.244897 8.966564 -3.037769
v -8.698517 6.937951 -6.966212
v -8.776928 7.000524 -6.373395
v -7.879796 6.284710 -7.057973
v -8.573360 6.838075 -7.059528
v -7.796074 6.217928 -6.953005
v -7.873078 9.870432 6.617001
v -8.152748 10.222116 6.195585
v -8.443609 10.585737 5.823352
v -8.694567 10.900864 4.961559
v -8.967766 11.243940 2.988168
v -9.081632 11.386959 -0.024801
v -6.913045 8.665811 6.352846
v -8.551612 10.721344 -6.043768
v -7.642302 9.580802 -6.602579
v -8.759688 10.982643 -5.266375
v -8.967766 11.243939 -3.037769
v -6.939083 8.698356 -6.966212
v -7.001604 8.776807 -6.373395
v -6.286240 7.879316 -7.057973
v -6.839283 8.573137 -7.059528
v -6.219478 7.795579 -6.953005
v -5.481801 11.373649 6.617001
v -5.676200 11.778746 6.195585
v -5.876411 12.199188 5.823352
v -6.240964 12.957521 2.988168
v -6.050955 12.562256 4.961559
v -6.320152 13.122293 -0.024801
v -4.813891 9.985601 6.352846
v -5.321263 11.039925 -6.602579
v -5.951525 12.355430 -6.043768
v -6.096254 12.656472 -5.266375
v -6.240964 12.957521 -3.037769
v -4.875531 10.113520 -6.373395
v -4.832029 10.023127 -6.966212
v -4.377804 9.079351 -7.057973
v -4.762596 9.878839 -7.059528
v -4.331354 8.982856 -6.953005
v -2.815990 12.307074 6.617001
v -2.915379 12.745270 6.195585
v -3.014555 13.200942 5.823352
v -3.103941 13.593745 4.961559
v -3.201219 14.021384 2.988168
v -3.241764 14.199644 -0.024801
v -2.473690 10.805205 6.352846
v -3.053019 13.369980 -6.043768
v -2.733742 11.945993 -6.602579
v -3.127132 13.695680 -5.266375
v -3.201219 14.021383 -3.037769
v -2.505315 10.943635 -6.373395
v -2.483023 10.845826 -6.966212
v -2.447442 10.689706 -7.059528
v -2.250197 9.824639 -7.057973
v -2.226383 9.720227 -6.953005
v -0.007658 9.970716 5.535089
v 2.207455 9.721515 5.535089
v 4.312859 8.985372 5.535089
v 6.201674 7.799195 5.535089
v 7.779189 6.222466 5.535089
v 8.966304 4.334243 5.535089
v 9.703495 2.229206 5.535089
v 9.953798 0.005694 5.535089
v 9.704662 -2.203524 5.535089
v 8.968579 -4.308947 5.535089
v 7.782456 -6.197798 5.535089
v 6.205772 -7.775356 5.535089
v 4.317582 -8.962526 5.535089
v 2.212565 -9.699778 5.535089
v -0.007658 -9.950144 5.535089
v -2.220164 -9.701071 5.535089
v -4.325612 -8.965046 5.535089
v -6.214490 -7.778980 5.535089
v -7.792095 -6.202341 5.535089
v -8.979320 -4.314184 5.535089
v -9.716632 -2.209188 5.535089
v -9.967062 0.005694 5.535089
v -9.718053 2.223537 5.535089
v -8.982090 4.329005 5.535089
v -7.796073 6.217926 5.535089
v -6.219481 7.795575 5.535089
v -4.331357 8.982852 5.535089
v -2.226382 9.720225 5.535089
v 8.766383 -2.554331 8.107208
v 8.643798 -2.556135 8.289021
v 8.865932 -3.109547 8.221983
v 8.392463 -2.618532 8.422862
v 8.816143 -3.613647 8.409872
v 8.910905 -3.602118 8.145220
v 6.604526 -2.491446 8.256244
v 6.530476 -2.690152 8.296040
v 6.966436 -2.713358 8.235456
v 7.250304 -3.103611 8.214136
v 7.571347 -2.544038 8.251621
v 8.187807 -3.919081 8.261965
v 8.103412 -3.915342 8.360070
v 8.165792 -4.337688 8.267032
v 8.263055 -4.603639 8.264257
v 8.448444 -4.297574 8.267961
v 8.562146 -4.326794 8.320899
v 8.581684 -3.647838 8.523312
v 8.685302 -4.044887 8.410824
v 6.651572 -4.308305 7.882742
v 6.644972 -4.161492 8.251945
v 6.444385 -4.690910 8.295698
v 6.330681 -3.646423 8.359364
v 6.440202 -3.599658 8.369351
v 6.321043 -3.472976 8.363224
v 6.459278 -3.068433 8.615914
v 6.236645 -3.057924 8.499833
v 5.952077 -3.160249 8.350400
v 6.199279 -3.604252 8.323211
v 5.902382 -3.608849 8.269755
v 6.026938 -3.873108 8.200761
v 5.962808 -3.896087 7.757706
v 5.817020 -3.823298 7.507524
v 5.628462 -1.204401 8.255359
v 5.503314 -1.568795 8.259867
v 5.888833 -1.619753 8.224014
v 5.135620 -2.118996 8.887969
v 5.027131 -2.057535 8.875670
v 4.919715 -2.329373 8.475255
v 5.103614 -0.648562 8.314406
v 4.943742 -0.667795 8.369560
v 5.086716 -0.922082 8.297247
v 5.002013 -2.407861 8.596260
v 4.750621 -2.616336 8.319458
v 4.896325 -2.999113 8.276812
v 4.865456 -2.866171 8.291965
v 4.732479 -3.010703 8.310369
v 4.903167 -3.123030 8.259860
v 4.402771 -2.521126 8.307013
v 4.184790 -2.406297 8.339952
v 4.217667 -2.777970 8.380801
v 4.016877 -2.590565 8.308111
v 4.758484 -3.278555 8.248561
v 4.656061 -3.336212 8.266320
v 4.625942 -3.678183 8.201690
v 4.445230 -3.745114 8.350990
v 4.498774 -3.882321 8.220602
v 4.321409 -3.791965 8.147087
v 4.525388 -1.373687 8.432831
v 4.534842 -1.611636 8.553368
v 4.851711 -1.596466 8.403197
v 4.369629 -1.220919 8.472282
v 4.430980 -1.188486 8.406294
v 4.184512 -1.021481 8.438872
v 4.166769 -1.197352 8.536078
v 4.567111 -1.070104 8.355872
v 4.632265 -0.951448 8.346711
v 4.393780 -0.902766 8.412248
v 4.697913 -0.856341 8.336362
v 4.847870 -0.897006 8.308720
v 4.793486 -0.732705 8.355697
v 2.491879 -2.055696 8.228370
v 2.543195 -2.156938 8.216854
v 2.641460 -2.055770 8.277870
v 2.388962 -1.773485 8.269877
v 2.450716 -1.920566 8.251014
v 2.746250 -1.882866 8.391955
v 0.868115 -0.730770 8.924891
v 0.842105 -0.789821 8.855000
v 1.106189 -0.875853 8.736159
v 2.551380 -1.668232 8.403516
v 2.636462 -1.563363 8.535282
v 2.316639 -1.404720 8.442454
v 0.884519 -0.116316 9.114552
v 0.771218 0.080431 9.152136
v 0.474935 -0.327235 9.178298
v 2.566120 -1.062162 8.697872
v 2.658049 -0.910750 8.571418
v 2.352520 -0.851266 8.596263
v 2.710449 -0.844227 8.517349
v 2.814903 -0.724273 8.445560
v 2.536378 -0.607924 8.419801
v 2.879760 -1.018902 8.617710
v 2.912206 -0.959418 8.569096
v 3.574766 -0.951351 8.491288
v 3.873322 -0.999990 8.461483
v 3.848309 -0.812251 8.496376
v 3.602965 -0.662187 8.544088
v 3.685583 -0.584958 8.566326
v 4.172256 -0.807487 8.470669
v 4.805506 1.322797 8.031947
v 5.062226 0.899300 8.071167
v 5.125182 0.912133 7.830468
v 4.730979 1.289139 8.180392
v 4.580460 1.493315 8.114361
v 3.541025 1.302676 8.511513
v 3.455378 1.232969 8.552614
v 3.579417 1.048730 8.597433
v 4.384929 1.640011 8.144804
v 4.344229 1.408486 8.211979
v 4.103589 1.744264 8.021143
v 3.918887 1.647300 8.323498
v 4.214290 1.542896 8.223219
v 3.564535 1.599157 8.409329
v 3.635522 1.645451 8.402548
v 3.413127 1.768456 8.380355
v 3.636889 1.379998 8.530861
v 3.986462 -0.745556 8.507568
v 4.233331 -0.590864 8.514432
v 3.951393 -0.416133 8.621042
v 3.734075 -0.513118 8.597699
v 2.466977 0.786006 8.751930
v 2.353906 0.658802 8.765992
v 2.664850 0.591666 8.780825
v 2.063223 1.434498 8.562255
v 1.984636 1.358846 8.617356
v 2.166687 1.166835 8.639909
v 1.602692 0.994588 8.882132
v 1.441387 0.739822 8.963754
v 1.795533 0.664979 8.838607
v 1.512671 0.536936 8.958611
v 1.733291 1.138933 8.871330
v 1.449659 1.363322 8.873847
v 1.248951 1.206250 9.000735
v 1.368965 1.468901 8.851508
v 1.535542 1.638145 8.690040
v 1.381055 1.920445 8.652399
v 1.962090 2.419674 8.460904
v 1.947777 2.579987 8.405764
v 1.750247 2.422537 8.449965
v 1.721879 3.037610 8.435667
v 1.447056 3.469885 8.455446
v 1.358311 3.361099 8.446955
v 0.667527 3.510952 8.160127
v 0.787142 3.552540 8.422329
v 0.868586 3.657136 8.075563
v 1.278405 4.008698 7.941599
v 1.067675 3.889729 7.955214
v 1.276086 3.964038 8.512365
v 1.007003 2.520815 8.595137
v 0.793259 2.297641 8.751037
v 1.220747 2.143619 8.644826
v 0.852981 3.064604 8.452003
v 0.196033 3.237486 8.196264
v -0.677256 3.235314 8.529942
v -0.548927 3.196621 8.664496
v -0.524741 3.400149 8.319801
v 1.094685 0.910658 9.058884
v 0.958318 0.562909 9.116920
v 1.144454 0.654717 9.082273
v 0.887808 0.828107 9.085689
v 0.163221 -0.150817 9.119032
v -0.093291 -0.330627 9.059439
v 0.251241 -0.547841 8.913842
v 0.802718 1.054713 9.042271
v 0.632987 1.187217 8.980280
v 0.523906 0.924220 9.018815
v 0.443195 1.355379 8.913124
v 0.223779 1.171399 8.889775
v 0.140747 1.662927 8.825874
v -0.016642 1.081356 8.827719
v -0.245025 1.603809 8.711199
v -0.436782 2.643891 8.636345
v -0.549103 2.260788 8.482818
v -0.142702 2.135592 8.696523
v -0.873795 2.696002 8.750638
v -1.191863 2.540952 8.472963
v -0.790001 3.639907 8.326741
v -1.206854 3.066368 8.832470
v -0.155551 3.509579 8.026974
v -0.102173 -0.464901 8.857515
v -0.158333 -0.683315 8.521341
v -0.513683 -0.231188 8.959032
v -2.683569 0.388487 8.440659
v -2.158842 0.006426 8.510057
v -1.744176 0.585444 8.515668
v -2.300550 2.092720 8.267907
v -2.475966 2.692277 8.276685
v -3.434891 2.075898 8.261269
v -2.655807 3.272545 8.476466
v -3.032125 2.975033 8.236554
v -2.191871 2.853643 8.805876
v -1.684733 2.896775 8.602424
v -2.441596 3.334626 8.649007
v -2.900255 3.590315 8.638103
v -3.429811 3.384189 8.237557
v -4.083305 4.051969 8.134493
v -5.388709 7.353837 8.376576
v -4.938224 7.671455 7.760681
v -7.006306 9.157141 7.404383
v 0.282690 3.765118 7.809750
v -0.263566 4.094815 7.581258
v 0.301073 4.288029 7.278165
v -0.767840 4.670015 7.372007
v -1.729652 -0.230763 8.506483
v -1.593795 -0.066096 8.529142
v -0.568969 -3.489424 8.804565
v -0.769628 -3.414512 8.562010
v -0.711899 -3.678385 8.586293
v 0.450511 -4.303792 8.556455
v 0.353080 -4.403513 8.384763
v 1.016367 -4.858383 8.364920
v 1.757822 -5.209011 7.999568
v 1.593867 -5.265026 8.256966
v 1.909768 -5.476944 8.158483
v 1.730721 -6.044864 8.359870
v 1.463311 -6.266315 8.242024
v 1.973796 -6.370210 8.337902
v 2.243360 -6.114861 8.321630
v 2.362896 -6.003859 8.341793
v 2.001958 -5.909032 8.315280
v 3.101003 -6.988001 8.300582
v 2.820796 -6.762467 8.310934
v 2.633924 -7.340919 8.253652
v 3.368090 -7.360074 8.238829
v 3.451946 -7.471144 8.009473
v 3.649937 -7.428435 8.152044
v 2.993083 -7.655729 7.686697
v 5.288163 -6.682488 8.296268
v 5.376162 -6.785543 8.164307
v 5.588873 -6.518465 8.206214
v 1.083762 -6.259257 8.298408
v 1.082470 -6.698117 8.230137
v 0.491772 -6.405132 8.124139
v 0.255534 -6.074315 8.192327
v 0.156641 -6.258941 7.915039
v 0.042274 -5.654496 8.257816
v -0.095801 -5.800777 8.295505
v -1.354274 -4.798613 8.378206
v -1.364222 -4.903327 8.313179
v -0.828134 -5.106828 8.298030
v -2.619131 -3.582748 8.761334
v -1.924973 -3.807674 8.767530
v -1.712260 -2.902827 8.601013
v -0.803186 -2.941419 8.495916
v -0.870496 -2.333068 8.383418
v -0.923433 -2.079093 8.339951
v -1.789376 -2.530682 8.558689
v -3.356819 -3.357850 8.803246
v -3.266690 -3.101434 8.804404
v -3.624150 -2.886959 8.868592
v -3.226477 -2.726103 8.975286
v -2.873486 -3.070156 8.726238
v -2.900295 -2.730571 8.716875
v -2.203932 -2.425299 8.727104
v -2.319425 -2.739507 8.606085
v -1.954307 -2.219998 8.535788
v -3.704578 -2.323961 9.058412
v -3.548741 -2.105206 8.825387
v -4.047608 -2.000122 8.598500
v -3.368729 -1.840841 8.830026
v -3.033226 -1.568830 9.120371
v -3.673321 -1.056505 8.997077
v -3.975576 -2.246524 8.759480
v -3.829688 -2.690357 8.843950
v -9.886176 -0.639433 7.712998
v -9.768956 -0.510657 8.033666
v -10.038812 -0.309743 7.696568
v -9.696314 -0.429874 7.755086
v -6.953813 -1.769003 8.311543
v -6.895879 -1.394440 7.937038
v -7.658759 -1.288803 8.171368
v -5.435974 -1.897005 7.949130
v -5.507947 -1.459670 7.319468
v -6.134325 -1.484329 7.585065
v -3.649111 -0.843713 8.815910
v -3.860878 -0.900951 8.680527
v -4.034840 -0.298831 8.439541
v -4.808050 -0.512317 7.084018
v -3.971947 -1.293258 8.313013
v -4.788780 -1.750204 8.001551
v -2.544496 -1.581632 8.576643
v -2.426790 -1.386966 8.495749
v -2.970044 -1.269261 8.671264
v -2.318140 -1.187773 8.607311
v -1.992135 -1.410521 8.404639
v -2.005770 -1.006689 8.319275
v -3.036951 -0.161968 8.376295
v -3.417247 -0.053073 8.499713
v -3.552965 -0.463945 9.122753
v -4.120985 0.090820 8.426027
v -3.772598 0.606665 8.612018
v -3.406399 1.242630 8.332272
v -2.830061 0.263308 8.276305
v -3.012273 1.353128 8.258644
v -3.552175 2.508517 8.253189
v -4.290508 1.230701 8.844724
v -4.657281 0.876542 8.498376
v -5.176899 2.086580 8.935619
v 8.539476 -2.180218 8.227220
v 8.682448 -2.121348 8.037230
v 8.539476 -1.667203 8.051223
v 8.421736 -1.877455 8.218907
v 7.962848 -2.024936 8.218039
v 7.924187 -1.917565 7.649424
v 7.985520 -2.419318 8.286632
v 8.189560 -2.851740 8.577282
v 8.463098 -3.198545 8.590830
v 7.428452 -1.975186 7.579659
v 7.473657 -2.278916 8.037686
v 7.129518 -1.929618 7.554348
v 7.035384 -2.283239 8.039035
v 6.924385 -1.840531 7.532556
v 6.730116 -2.179053 8.040534
v 6.719259 -1.751445 7.510762
v 6.470130 -2.004169 8.034854
v 6.124406 -1.805732 8.033964
v 6.356879 -1.532963 7.534291
v 6.210289 -2.394686 8.262438
v 5.978720 -1.908020 8.249180
v 6.193887 -2.802420 8.324795
v 5.622263 -2.918503 8.536332
v 5.529273 -2.611638 8.688274
v 5.389790 -2.372966 8.811213
v 6.770841 -3.489759 8.522816
v 6.601071 -3.201545 8.608738
v 5.893255 -3.122558 8.328926
v 5.687209 -3.186946 8.390546
v 7.816838 -3.227570 8.371084
v 7.867786 -2.890051 8.349871
v 8.014256 -2.788159 8.433661
v 7.918733 -3.469563 8.352058
v 7.466586 -3.679717 8.239696
v 6.921631 -4.122029 8.412549
v 7.966216 -3.117388 8.172367
v 8.038140 -3.003162 8.138675
v 8.159906 -3.056892 8.137007
v 7.975800 -3.259200 8.169708
v 8.034842 -3.459133 8.186533
v 7.574844 -4.100021 8.235017
v 7.267938 -4.363853 8.303652
v 7.619424 -4.654060 8.239566
v 7.446733 -4.718196 8.226228
v 7.536636 -5.157153 8.215451
v 7.490161 -5.128802 8.206721
v 7.531502 -5.269516 8.068211
v 8.366763 -4.756636 8.135456
v 8.752644 -4.444023 7.863982
v 7.478317 -5.251194 8.086422
v 8.889413 -3.989758 8.040201
v 8.467982 -4.067999 8.276585
v 8.409366 -3.721194 8.286500
v 8.311328 -3.310891 8.217778
v 7.265117 -4.931395 7.489884
v 7.067711 -4.619492 7.561242
v 6.825554 -4.398565 7.660571
v 6.565135 -3.887392 8.319641
v 6.324708 -3.908464 8.372028
v 6.334685 -4.201096 8.374665
v 5.698853 -3.429697 8.272536
v 5.769468 -3.484867 8.267175
v 5.622291 -3.374209 8.286349
v 6.359607 -4.730096 8.328279
v 6.121173 -4.219592 8.225415
v 6.289226 -4.702955 8.312518
v 5.717110 -3.783491 7.452109
v 5.603844 -3.747502 7.395882
v 5.462316 -3.699786 7.358444
v 5.293154 -3.256877 8.266532
v 5.295189 -3.133655 8.305701
v 5.259295 -2.958808 8.406571
v 5.197365 -2.738905 8.490120
v 5.106374 -2.561534 8.558533
v 5.814440 -1.743739 8.244698
v 5.253406 -2.199386 8.873064
v 6.130604 -1.337686 7.528545
v 5.476579 -1.607354 8.273128
v 5.876435 -1.024622 7.575666
v 5.542568 -0.946034 8.260928
v 5.719110 -0.929725 7.580270
v 5.372992 -1.050551 8.301557
v 5.183893 -1.458123 8.293380
v 5.415334 -0.917812 8.270923
v 5.138720 -1.605345 8.333446
v 4.749422 -1.937426 8.818524
v 4.696072 -2.214951 8.453337
v 4.946710 -1.335778 8.319384
v 5.045310 -1.065299 8.316690
v 4.792131 -1.017824 8.319263
v 4.692656 -1.181843 8.337587
v 5.340119 -0.583815 8.231011
v 5.453442 -0.602702 8.161501
v 5.567985 -0.583057 7.551743
v 4.449025 -1.850881 8.660369
v 4.404817 -2.084926 8.482523
v 4.822958 -2.750103 8.305854
v 4.623259 -2.399586 8.323824
v 4.636261 -2.688242 8.325980
v 4.915257 -3.235366 8.230667
v 4.506931 -2.431606 8.317269
v 4.349854 -2.299209 8.343455
v 3.879669 -2.496863 8.341204
v 4.040301 -2.306112 8.382818
v 4.194163 -2.270215 8.388061
v 4.267865 -2.965375 8.390930
v 4.547834 -2.771590 8.305542
v 3.956639 -2.864980 8.288118
v 4.318062 -3.202978 8.389831
v 4.617784 -3.060751 8.294703
v 3.976718 -3.169513 8.162289
v 4.364914 -3.430542 8.396585
v 4.147390 -3.504165 8.144983
v 3.819432 -2.784663 8.316551
v 3.859590 -2.995493 8.218020
v 3.643161 -2.704733 8.249248
v 3.730094 -2.991047 7.722728
v 3.809872 -2.448733 8.329399
v 4.006353 -2.249632 8.410800
v 4.194177 -2.196747 8.415189
v 4.368166 -2.215520 8.349925
v 4.197868 -2.089588 8.530043
v 4.017648 -2.095130 8.562212
v 4.194194 -1.865521 8.792837
v 4.435478 -1.537306 8.678882
v 4.318185 -1.713245 8.888983
v 4.185012 -1.714920 8.996481
v 4.429305 -1.345933 8.532967
v 4.185694 -1.524512 8.863233
v 4.185694 -1.367691 8.690758
v 4.019338 -1.869290 8.837035
v 4.000085 -1.708565 9.038375
v 4.007243 -1.505585 8.894547
v 4.478549 -0.747130 8.416785
v 4.591542 -0.422577 8.501176
v 3.453608 -2.575263 8.260135
v 3.420192 -2.873225 7.404017
v 3.529558 -2.404198 8.333946
v 2.920728 -2.701763 7.368392
v 3.054064 -2.389871 8.233572
v 3.118256 -2.254871 8.306045
v 2.346330 -2.413257 7.538291
v 2.295827 -2.132288 7.553707
v 2.265977 -1.971334 7.621347
v 2.205198 -1.815424 7.665164
v 2.206890 -1.509216 8.283695
v 2.124327 -1.680359 7.673414
v 3.634348 -2.178898 8.474225
v 3.686524 -2.064384 8.592113
v 3.188864 -2.058906 8.457240
v 3.241097 -1.959991 8.581694
v 2.795172 -1.783659 8.489837
v 3.760053 -1.866025 8.846877
v 3.316460 -1.810356 8.789762
v 2.825777 -1.650341 8.626985
v 3.798209 -1.689787 9.053605
v 3.364719 -1.612537 9.016804
v 2.916572 -1.443138 8.931915
v 2.723524 -1.347688 8.856101
v 3.434039 -1.435286 8.882430
v 2.974393 -1.281170 8.846519
v 2.806757 -1.197352 8.784515
v 3.831497 -1.500177 8.910105
v 1.948766 -1.340246 8.254835
v 1.948261 -1.530070 7.638260
v 2.025730 -1.214198 8.433003
v 0.974563 -1.079724 8.024403
v 1.326879 -0.701132 8.723928
v 0.722143 -0.961670 8.244070
v 1.121944 -0.458709 8.921635
v 0.402244 -0.828655 8.394903
v 0.434734 -0.649958 8.899680
v 0.621857 -0.519161 9.114606
v 0.132329 -0.700234 8.533486
v 2.451815 -1.198446 8.729279
v 2.162824 -1.021240 8.665627
v 1.520673 -0.518119 8.785370
v 1.004481 -0.303757 9.030638
v 0.349377 0.012860 9.185932
v 0.649902 0.321424 9.131872
v 1.338855 -0.293961 8.908085
v 1.241720 -0.151994 8.983895
v 1.132131 0.037295 9.058425
v 1.041773 0.292624 9.115657
v 1.749607 -0.243921 8.746855
v 1.620947 -0.091868 8.835130
v 1.527376 0.048489 8.907515
v 1.465970 0.200542 8.963068
v 1.331718 0.383400 9.040469
v 4.020763 -1.351469 8.706173
v 3.845016 -1.337950 8.711018
v 3.501634 -1.254132 8.684592
v 3.041989 -1.083793 8.653276
v 1.939674 -0.077247 8.655243
v 2.661926 -0.393050 8.400082
v 2.153133 0.048489 8.566978
v 2.901702 -0.524634 8.458341
v 3.069026 -1.021605 8.602260
v 3.520561 -1.132461 8.586330
v 3.874757 -1.191945 8.559666
v 4.023467 -1.191945 8.547821
v 4.016818 -1.004572 8.453029
v 3.153742 -0.849142 8.495354
v 2.996558 -0.785988 8.470777
v 3.044982 -0.594813 8.486830
v 3.182415 -0.641598 8.510598
v 5.216471 -0.133199 8.230939
v 5.329795 -0.136347 8.134500
v 4.995430 -0.184572 8.366559
v 5.452562 -0.129930 7.610102
v 5.115139 0.260968 8.264269
v 5.254244 0.282319 8.107679
v 4.902346 0.175968 8.378165
v 5.329795 0.287543 7.738733
v 5.232212 0.649760 7.782764
v 5.140921 0.634879 8.111283
v 5.033895 0.615992 8.233809
v 4.774251 0.515020 8.356602
v 4.948904 0.880413 8.213270
v 4.687705 0.765046 8.309559
v 4.498343 1.208260 8.266087
v 4.786273 -0.268715 8.510836
v 4.618775 0.068910 8.610679
v 4.406426 -0.189380 8.605667
v 4.447296 0.399624 8.632118
v 4.266989 0.036605 8.653411
v 4.324686 0.606376 8.617076
v 4.127551 0.363563 8.618452
v 3.997729 1.087195 8.690596
v 3.846272 0.894868 8.651287
v 4.069852 -0.280736 8.628580
v 3.931361 0.152745 8.639532
v 3.775383 -0.044356 8.683877
v 3.723662 0.781875 8.625679
v 3.437046 0.670391 8.813817
v 3.827039 1.317988 8.624939
v 3.709239 1.180955 8.620419
v 3.288927 0.884343 8.827443
v 3.138775 1.059408 8.791696
v 3.746264 1.479818 8.524663
v 3.681599 1.911285 8.286696
v 3.914323 2.003475 7.871951
v 3.349051 1.366637 8.510115
v 3.181967 1.585365 8.427610
v 1.846103 0.068958 8.734055
v 2.071258 0.197618 8.637050
v 1.752531 0.226859 8.815420
v 1.711594 0.317506 8.850799
v 2.024473 0.282417 8.683112
v 3.527533 -0.103625 8.651297
v 3.132577 0.333006 8.713688
v 2.906282 0.497584 8.795080
v 3.459878 2.146387 8.299546
v 3.693087 2.333661 7.735897
v 3.184269 2.019184 8.381211
v 2.912192 1.849576 8.355345
v 2.799326 1.488284 8.647562
v 2.987759 1.267727 8.720686
v 2.608315 1.697638 8.593420
v 2.308690 0.937494 8.723544
v 2.128522 0.654345 8.813929
v 1.894820 0.967093 8.839814
v 2.422295 1.923552 8.560184
v 2.698235 2.035601 8.333796
v 2.945531 2.272353 8.442060
v 3.293945 2.468102 8.272459
v 3.481326 2.593383 7.707645
v 1.980740 0.465321 8.763759
v 1.781406 1.541039 8.626848
v 1.958280 1.695907 8.512100
v 2.233043 2.131357 8.532511
v 2.475901 2.198434 8.347034
v 1.776012 2.239321 8.466982
v 1.575880 2.110083 8.609334
v 2.025071 2.336654 8.490743
v 2.169964 2.419981 8.395409
v 1.475684 2.359140 8.632058
v 1.329684 2.802866 8.645001
v 2.464338 2.835058 8.625811
v 2.240036 3.106316 8.741792
v 1.993840 3.381139 8.813855
v 2.704842 2.555272 8.522543
v 3.053054 2.845805 8.146111
v 3.196195 2.903498 7.604334
v 2.849965 3.056283 8.052330
v 2.657996 3.332473 7.817566
v 2.486232 3.524277 7.669489
v 1.644406 3.714952 8.768353
v 2.145565 3.750434 7.654031
v 1.950205 3.891958 7.548291
v 1.694542 3.836015 8.223228
v 1.126429 3.243727 8.632649
v 0.920702 4.137946 7.505404
v 0.585543 3.949328 7.702488
v 1.106055 4.224496 7.391286
v 1.496859 4.169760 7.290133
v 1.274040 4.304808 7.226644
v 0.933706 4.440294 7.103154
v 0.773729 4.386160 7.295542
v 1.051221 4.439856 6.999488
v 0.695817 1.801001 9.089872
v 0.915847 1.596687 9.027889
v 0.463214 2.043035 9.146479
v 0.331195 2.530245 8.729810
v -0.130869 2.885437 8.619351
v 0.111165 2.398227 9.126003
v -0.247171 2.781707 9.016086
v 0.543894 0.624530 9.086046
v 0.250306 0.438610 9.104273
v 0.029759 0.208247 9.072106
v -0.436558 -0.032092 9.230080
v 0.235371 0.822932 9.000900
v -0.041118 0.667829 8.943452
v -0.690317 0.266115 9.288016
v -0.970070 0.657749 9.233915
v -1.287425 1.071961 9.090765
v -1.640723 1.768044 8.957838
v -1.933153 2.331545 8.915949
v -0.953153 0.028140 8.697668
v -1.258617 -0.309573 8.552848
v -0.870740 -0.639559 8.632179
v -0.505953 -1.017601 8.550029
v -1.320915 0.218796 8.507658
v -2.106145 1.504517 8.323748
v -1.869832 3.682412 9.169990
v -2.359672 4.229894 9.295784
v -0.957141 4.287045 8.206789
v -1.188217 4.956273 8.034687
v -3.226871 5.063873 9.182462
v -2.372034 5.813359 8.041017
v -4.208407 6.188072 8.856789
v -5.025757 5.781237 8.057366
v -3.626834 6.676941 7.974150
v -3.865734 2.997976 8.257528
v -4.297836 3.498906 7.663434
v -5.793122 6.963846 7.840432
v -7.124414 8.931801 7.421064
v -1.418201 -0.553198 8.519975
v -2.399394 -0.113461 8.266730
v -1.792995 -0.454382 8.288497
v -1.188863 -0.915794 8.527123
v -0.980004 -1.299109 8.522935
v -0.301404 -1.300403 8.473299
v 0.046259 -1.157202 7.810174
v -0.863509 -1.589178 8.522792
v -1.580221 -0.716954 8.277714
v -1.381029 -1.029325 8.275403
v -1.182703 -1.382830 8.303841
v -1.051103 -1.699985 8.312217
v 0.009693 -1.889942 8.329718
v 0.235749 -1.653813 7.406759
v -0.757086 -2.027914 8.527681
v -0.700479 -2.312609 8.561817
v 0.112143 -2.217865 8.286680
v 0.347461 -2.314384 7.419395
v 0.050915 -2.519427 8.336400
v 0.281956 -2.636163 7.595243
v -0.670854 -2.553586 8.605299
v -0.103605 -2.854297 8.439386
v 0.191830 -2.929526 7.695708
v -0.660603 -2.960228 8.706848
v -0.827187 -2.575101 8.423124
v -0.029450 -3.174086 8.454684
v 0.250124 -3.141097 7.686868
v 0.333163 -3.260473 7.707105
v 0.093961 -3.362988 8.427822
v -0.357104 -3.691037 8.761158
v -0.422102 -3.900397 8.557953
v 0.680540 -3.992529 8.285660
v 0.884019 -3.946887 7.756957
v 1.198128 -4.722393 8.262078
v 1.348458 -4.622123 7.853985
v 1.409204 -5.415155 8.313411
v 0.430433 -5.311480 8.463731
v 0.724318 -5.700135 8.392512
v 1.585758 -5.754513 8.345129
v 2.455159 -5.795411 8.187725
v 2.670441 -6.266980 8.199253
v 2.455159 -6.550603 8.329875
v 2.984820 -6.058533 8.196653
v 1.381831 -6.892700 8.225198
v 1.722868 -7.389638 8.222071
v 2.995070 -6.516433 8.180532
v 2.940397 -5.973104 8.198359
v 3.312868 -6.646284 8.160460
v 3.337682 -6.898316 8.371648
v 3.808530 -6.979783 8.481779
v 3.808529 -6.655152 8.143517
v 2.471145 -7.723843 7.860472
v 3.906779 -7.369877 8.103813
v 4.348442 -6.986618 8.481050
v 4.348442 -6.658569 8.186554
v 4.388600 -7.284449 8.107190
v 4.809758 -6.603895 8.176991
v 4.895187 -6.867016 8.438867
v 5.003691 -7.120425 8.108161
v 5.161726 -6.504797 8.158518
v 5.687971 -6.265594 8.162367
v 1.159860 -7.148753 7.778048
v 1.462907 -7.702620 7.881526
v 0.028084 -4.866217 8.529931
v -0.270059 -5.381624 8.296208
v -0.604111 -4.436637 8.623183
v -0.228230 -6.066489 7.957884
v -1.271106 -4.105638 8.719244
v -1.974633 -4.333250 8.462904
v -2.094051 -4.560272 8.602301
v -2.723383 -4.195612 8.317670
v -2.760692 -4.425534 8.454406
v -0.393766 -5.592362 8.346528
v -0.563440 -5.892739 8.022417
v -1.002110 -5.715281 8.046498
v -0.869682 -5.391647 8.344789
v -1.515271 -5.476973 8.044874
v -1.444919 -5.250782 8.266648
v -1.955734 -5.242158 8.172785
v -1.858758 -5.365601 8.060610
v -2.205167 -4.815690 8.091618
v -1.712439 -5.014257 8.156901
v -2.794400 -4.656084 8.102232
v -3.334748 -4.556175 8.028901
v -3.413466 -4.442252 8.214175
v -3.468301 -4.231818 8.099957
v -4.392224 -3.182551 8.881450
v -4.441638 -3.880116 8.158101
v -5.589159 -2.970887 8.887072
v -5.665556 -3.505672 8.187888
v -4.588093 -2.398424 8.630431
v -5.364002 -2.334340 8.578787
v -1.720336 -2.703284 8.577097
v -2.138415 -1.974520 8.543873
v -3.467762 -2.484817 9.095244
v -2.730502 -2.551842 8.660896
v -2.501019 -2.094582 8.877645
v -3.105834 -2.270343 8.783289
v -3.195199 -2.359708 8.816395
v -2.775199 -1.817564 9.018639
v -6.388396 -2.688804 8.880834
v -6.658727 -3.241219 8.191694
v -6.124191 -2.113995 8.480639
v -7.222896 -2.253924 8.768897
v -7.540241 -2.729940 8.174188
v -7.957491 -1.813167 8.641013
v -8.268957 -2.206910 8.116182
v -8.762606 -1.266629 8.501451
v -8.980045 -1.572220 7.955866
v -8.515326 -0.931282 8.000722
v -9.226867 -0.914024 8.318485
v -9.433595 -1.126598 7.873988
v -9.053078 -0.709568 7.905164
v -5.082225 -1.258044 7.179620
v -4.795564 -0.805028 7.015570
v -2.820720 -0.831264 8.877392
v -2.326257 -0.555596 8.265839
v -4.943666 -0.040592 7.375253
v -5.238513 0.723903 7.854242
v -4.824140 3.371110 8.089540
v -5.777565 1.537149 8.152068
v -6.641692 2.540962 8.095491
v -6.161301 2.947019 8.844272
v -5.645218 3.719940 8.076298
v -7.321950 3.339570 7.837626
v -7.030159 3.703110 8.589876
v -6.770051 4.173965 8.001088
v -9.203316 5.518957 7.842617
v -9.223214 5.403112 7.591040
v -9.072690 5.635128 7.791087
v 8.865932 -3.109547 6.655900
v 8.766383 -2.554331 6.655900
v 8.910905 -3.602118 6.655900
v 6.444385 -4.690910 6.655899
v 6.651570 -4.308305 6.655900
v 5.962808 -3.896087 6.655900
v 6.026938 -3.873106 6.655900
v 5.817020 -3.823298 6.655900
v 4.625942 -3.678183 6.655900
v 4.758484 -3.278555 6.655900
v 4.498775 -3.882320 6.655900
v 4.321408 -3.791965 6.655900
v 4.805506 1.322797 6.655899
v 4.580460 1.493315 6.655899
v 4.384928 1.640011 6.655899
v 4.344228 1.408485 6.655899
v 4.214291 1.542895 6.655899
v 4.103587 1.744264 6.655899
v -4.938224 7.671455 6.655900
v -7.006305 9.157143 6.655900
v 0.301072 4.288028 6.655900
v -0.767841 4.670014 6.655900
v 1.909768 -5.476944 6.655898
v 1.757822 -5.209011 6.655898
v 3.451945 -7.471145 6.655899
v 3.649936 -7.428435 6.655899
v 2.993083 -7.655727 6.655899
v 5.376162 -6.785543 6.655899
v 5.588873 -6.518464 6.655899
v 0.491772 -6.405132 6.655899
v 1.082470 -6.698116 6.655899
v 0.156641 -6.258940 6.655899
v -10.038810 -0.309743 6.655900
v -9.886176 -0.639433 6.655900
v -9.696314 -0.429874 6.655900
v -6.895879 -1.394440 6.655900
v -7.636003 -1.245131 6.655900
v -5.507947 -1.459670 6.655900
v -6.134325 -1.484329 6.655900
v 8.682448 -2.121348 6.655899
v 8.539476 -1.667203 6.655899
v 7.924185 -1.917565 6.655900
v 7.428452 -1.975186 6.655900
v 7.129517 -1.929618 6.655900
v 6.924385 -1.840531 6.655900
v 6.719258 -1.751445 6.655900
v 6.356879 -1.532963 6.655900
v 7.531502 -5.269516 6.655899
v 8.366763 -4.756635 6.655899
v 8.752644 -4.444023 6.655900
v 7.478317 -5.251194 6.655899
v 8.889413 -3.989758 6.655900
v 7.265117 -4.931395 6.655899
v 7.067710 -4.619492 6.655899
v 6.825554 -4.398565 6.655900
v 6.359607 -4.730095 6.655899
v 6.121173 -4.219591 6.655900
v 6.289226 -4.702954 6.655899
v 5.717110 -3.783491 6.655900
v 5.603844 -3.747502 6.655900
v 5.622291 -3.374209 6.655900
v 5.462316 -3.699786 6.655900
v 5.293154 -3.256877 6.655900
v 6.130604 -1.337686 6.655900
v 5.876433 -1.024622 6.655900
v 5.719110 -0.926250 6.655900
v 5.567985 -0.589630 6.655900
v 4.915257 -3.235365 6.655900
v 3.976717 -3.169513 6.655900
v 4.147390 -3.504164 6.655900
v 3.859589 -2.995494 6.655900
v 3.730093 -2.991047 6.655900
v 3.420191 -2.873225 6.655900
v 2.920728 -2.701763 6.655900
v 2.346330 -2.413257 6.655900
v 2.295827 -2.132288 6.655900
v 2.265977 -1.971334 6.655900
v 2.205198 -1.815424 6.655900
v 2.124327 -1.680359 6.655900
v 1.948261 -1.530070 6.655900
v 0.974563 -1.079724 6.689585
v 0.722143 -0.961670 6.723135
v 0.402244 -0.828655 6.751212
v 0.132329 -0.700234 6.759722
v -0.158334 -0.683315 6.722074
v 5.452562 -0.136347 6.655899
v 5.329795 0.291763 6.655900
v 5.232211 0.653767 6.655900
v 5.125182 0.918187 6.655900
v 3.914322 2.003474 6.655899
v 3.693086 2.333660 6.655899
v 3.481325 2.593382 6.655899
v 3.196194 2.903497 6.655899
v 3.053053 2.845806 6.655899
v 2.849965 3.056283 6.655899
v 2.657996 3.332473 6.655899
v 2.486232 3.524277 6.655899
v 2.145565 3.750433 6.655899
v 1.950205 3.891958 6.655899
v 1.496859 4.169759 6.655900
v 1.274040 4.304808 6.655900
v 0.933706 4.440295 6.655900
v 0.773730 4.386160 6.655900
v 1.051222 4.439856 6.655900
v -1.188217 4.956273 6.655900
v -2.372034 5.813359 6.655900
v -5.025757 5.781236 6.655900
v -4.083305 4.051970 6.655900
v -3.626833 6.676941 6.655900
v -4.297835 3.498906 6.655899
v -5.793120 6.963846 6.655900
v -7.124413 8.931801 6.655900
v 0.046259 -1.157202 6.665452
v 0.235749 -1.653813 6.655900
v 0.347461 -2.314384 6.655900
v 0.281956 -2.636162 6.655900
v 0.191830 -2.929526 6.655900
v 0.250124 -3.141097 6.655900
v 0.333163 -3.260473 6.655900
v 0.884019 -3.946887 6.655900
v 1.348458 -4.622123 6.655898
v 2.455159 -5.795411 6.655898
v 2.670441 -6.266979 6.655899
v 2.984820 -6.058533 6.655899
v 1.381831 -6.892700 6.655899
v 2.995070 -6.516432 6.655899
v 2.940397 -5.973104 6.655899
v 3.808529 -6.655151 6.655899
v 3.312867 -6.646284 6.655899
v 2.471145 -7.723841 6.655899
v 3.906779 -7.369877 6.655899
v 4.348440 -6.658568 6.655899
v 4.388599 -7.284448 6.655899
v 4.809760 -6.603894 6.655899
v 5.003691 -7.120425 6.655899
v 5.161726 -6.504796 6.655899
v 5.687971 -6.265594 6.655899
v 1.159860 -7.148751 6.655899
v 1.462907 -7.702620 6.655899
v -0.228230 -6.066489 6.655899
v -0.563440 -5.892739 6.655899
v -1.002110 -5.715281 6.655899
v -1.515271 -5.476973 6.655899
v -1.858758 -5.365602 6.655899
v -1.955734 -5.242157 6.655899
v -2.205166 -4.815690 6.655898
v -1.712439 -5.014256 6.655899
v -2.794400 -4.656083 6.655898
v -3.334747 -4.556174 6.655900
v -3.413466 -4.442252 6.655900
v -3.468300 -4.231818 6.655900
v -4.441638 -3.880116 6.655900
v -5.665556 -3.505672 6.655900
v -6.658727 -3.241218 6.655900
v -7.540241 -2.729940 6.655900
v -8.268957 -2.206909 6.655900
v -8.980045 -1.572220 6.655900
v -8.515325 -0.931282 6.655899
v -9.433595 -1.126598 6.655900
v -9.053078 -0.709568 6.655899
v -5.082225 -1.258044 6.655899
v -4.808050 -0.512317 6.655899
v -4.795564 -0.805029 6.655899
v -4.943666 -0.040592 6.655900
v -5.238513 0.723903 6.655900
v -4.824140 3.371110 6.655899
v -5.777565 1.537149 6.655899
v -6.641692 2.540962 6.655899
v -5.645218 3.719940 6.655899
v -7.321949 3.339570 6.655899
v -6.770051 4.173964 6.655900
v -9.223214 5.403111 6.655900
v -9.203313 5.518957 6.655900
v -9.072689 5.635128 6.655900
v 2.329794 0.616254 8.689967
v 2.654384 0.549112 8.702392
v 2.681896 -0.363212 8.314307
v 2.164148 0.075762 8.477337
v 2.929711 -0.488864 8.381654
v 3.069303 -0.554815 8.411555
v 3.196131 -0.597676 8.433797
v 3.591450 -0.612574 8.470233
v 2.081940 0.228299 8.549384
v 2.038531 0.311745 8.595319
v 3.680802 -0.498420 8.520611
v 3.656173 -0.544592 8.494802
v 3.496743 -0.118174 8.564493
v 3.104759 0.316699 8.625866
v 2.884359 0.468138 8.708617
v 2.153838 0.607994 8.732681
v 2.011286 0.476618 8.673290
v 2.320486 0.497145 8.444960
v 2.625812 0.438329 8.366030
v 2.738349 -0.278365 8.114770
v 2.211295 0.151309 8.262874
v 2.993405 -0.391684 8.203863
v 3.124204 -0.449665 8.237762
v 3.225843 -0.483493 8.256453
v 3.557819 -0.473347 8.323476
v 2.135206 0.300614 8.336030
v 2.100363 0.376599 8.380862
v 3.410397 -0.165928 8.360003
v 3.030386 0.258265 8.262590
v 2.828084 0.381991 8.351118
v 2.205235 0.490361 8.476837
v 2.107926 0.483898 8.454697
v 2.971115 -0.668715 8.407950
v 3.541306 -0.017575 8.528104
v 2.921644 0.533163 8.721728
v 2.636394 -0.421077 8.362972
v 2.591145 0.632217 8.688685
v 1.982933 0.130124 8.605258
v 3.617072 -0.708473 8.441263
v 3.805580 -0.484426 8.528103
v 2.107198 0.685597 8.642950
v 1.937257 0.489421 8.642950
vt 0.0399 0.3750
vt 0.0591 0.3325
vt 0.0591 0.3750
vt 0.0591 0.3325
vt 0.0399 0.3325
vt 0.0591 0.3750
vt 0.0399 0.4175
vt 0.0309 0.3750
vt 0.0309 0.4175
vt 0.0399 0.4604
vt 0.0591 0.4175
vt 0.0309 0.4604
vt -0.0000 0.4175
vt -0.0000 0.3750
vt -0.0000 0.3325
vt 0.0309 0.3325
vt -0.0000 0.2896
vt 0.0309 0.2896
vt -0.0000 0.2471
vt 0.0309 0.2471
vt 0.0399 0.4932
vt 0.0309 0.4932
vt -0.0000 0.4604
vt -0.0000 0.4932
vt 0.0309 0.1616
vt 0.0399 0.2041
vt 0.0309 0.2041
vt 0.0399 0.2471
vt 0.0399 0.2896
vt 0.0591 0.2471
vt 0.0591 0.2896
vt 0.0784 0.3750
vt 0.0784 0.3325
vt 0.0784 0.2896
vt 0.0784 0.2471
vt 0.0591 0.2041
vt 0.0591 0.1616
vt 0.0784 0.2041
vt 0.0873 0.2471
vt 0.0873 0.2896
vt 0.0873 0.3325
vt 0.0873 0.3750
vt 0.0873 0.4175
vt 0.0784 0.1616
vt 0.0591 0.1187
vt 0.0784 0.1187
vt 0.0591 0.0762
vt 0.0399 0.0332
vt 0.0309 0.0005
vt 0.0399 0.0005
vt 0.0591 0.0332
vt 0.0399 0.0762
vt 0.0591 0.0762
vt 0.0399 0.1187
vt 0.0399 0.1616
vt 0.0784 0.0762
vt 0.0591 0.0005
vt 0.0784 0.0332
vt 0.0873 0.0762
vt 0.0873 0.1187
vt 0.0873 0.1616
vt 0.0873 0.2041
vt 0.0784 0.0005
vt 0.0873 0.0332
vt 0.0873 0.0005
vt 0.9224 0.7904
vt 0.9185 0.8054
vt 0.9185 0.7904
vt 0.9224 0.8054
vt 0.9292 0.8203
vt 0.9292 0.8054
vt 0.9292 0.7904
vt 0.9224 0.7755
vt 0.9185 0.7755
vt 0.9121 0.7755
vt 0.9185 0.7606
vt 0.9224 0.7606
vt 0.9224 0.7458
vt 0.9292 0.7755
vt 0.9292 0.7606
vt 0.9292 0.7458
vt 0.9292 0.7307
vt 0.9224 0.7307
vt 0.9185 0.7458
vt 0.9121 0.7458
vt 0.9121 0.7606
vt 0.9185 0.7307
vt 0.9224 0.7158
vt 0.9292 0.7158
vt 0.9224 0.7085
vt 0.9292 0.7085
vt 0.9224 0.7012
vt 0.9292 0.7012
vt 0.9121 0.7158
vt 0.9185 0.7085
vt 0.9185 0.7158
vt 0.9121 0.7307
vt 0.9082 0.7458
vt 0.9082 0.7606
vt 0.9082 0.7755
vt 0.9028 0.7606
vt 0.9028 0.7755
vt 0.9121 0.7085
vt 0.9082 0.7158
vt 0.9082 0.7085
vt 0.9082 0.7307
vt 0.9028 0.7012
vt 0.9028 0.7085
vt 0.9028 0.7158
vt 0.9028 0.7307
vt 0.9028 0.7458
vt 0.9185 0.7012
vt 0.9121 0.7012
vt 0.9082 0.7012
vt 0.9082 0.8054
vt 0.9121 0.7904
vt 0.9121 0.8054
vt 0.9082 0.7904
vt 0.9224 0.8203
vt 0.9185 0.8203
vt 0.9121 0.8203
vt 0.9082 0.8203
vt 0.9082 0.8352
vt 0.9121 0.8352
vt 0.9121 0.8425
vt 0.9185 0.8425
vt 0.9185 0.8352
vt 0.9224 0.8352
vt 0.9082 0.8425
vt 0.9082 0.8500
vt 0.9028 0.8425
vt 0.9121 0.8500
vt 0.9185 0.8500
vt 0.9224 0.8425
vt 0.9292 0.8352
vt 0.9292 0.8425
vt 0.9292 0.8500
vt 0.9224 0.8500
vt 0.9028 0.8500
vt 0.9028 0.7904
vt 0.9028 0.8054
vt 0.9028 0.8203
vt 0.9028 0.8352
vt 0.9224 0.8425
vt 0.9292 0.8352
vt 0.9292 0.8425
vt 0.9292 0.8500
vt 0.9224 0.8500
vt 0.9185 0.8500
vt 0.9082 0.8500
vt 0.9028 0.8425
vt 0.9082 0.8425
vt 0.9121 0.8425
vt 0.9121 0.8500
vt 0.9185 0.8425
vt 0.9224 0.8352
vt 0.9292 0.8203
vt 0.9224 0.8203
vt 0.9082 0.8352
vt 0.9028 0.8500
vt 0.9082 0.7904
vt 0.9028 0.7755
vt 0.9082 0.7755
vt 0.9028 0.7904
vt 0.9082 0.8054
vt 0.9028 0.8054
vt 0.9082 0.8203
vt 0.9028 0.8203
vt 0.9028 0.8352
vt 0.9121 0.7904
vt 0.9121 0.8054
vt 0.9224 0.8054
vt 0.9185 0.8203
vt 0.9185 0.8054
vt 0.9185 0.7904
vt 0.9121 0.7755
vt 0.9121 0.7606
vt 0.9185 0.7606
vt 0.9224 0.7904
vt 0.9292 0.8054
vt 0.9292 0.7904
vt 0.9224 0.7755
vt 0.9185 0.7755
vt 0.9224 0.7606
vt 0.9224 0.7458
vt 0.9292 0.7755
vt 0.9292 0.7606
vt 0.9292 0.7458
vt 0.9292 0.7307
vt 0.9224 0.7307
vt 0.9185 0.7458
vt 0.9121 0.7458
vt 0.9185 0.7307
vt 0.9224 0.7158
vt 0.9292 0.7158
vt 0.9224 0.7085
vt 0.9292 0.7085
vt 0.9224 0.7012
vt 0.9292 0.7012
vt 0.9121 0.7158
vt 0.9185 0.7085
vt 0.9185 0.7158
vt 0.9121 0.7307
vt 0.9082 0.7458
vt 0.9082 0.7606
vt 0.9028 0.7606
vt 0.9121 0.7085
vt 0.9082 0.7158
vt 0.9082 0.7085
vt 0.9082 0.7307
vt 0.9028 0.7012
vt 0.9028 0.7085
vt 0.9028 0.7158
vt 0.9028 0.7307
vt 0.9028 0.7458
vt 0.9185 0.7012
vt 0.9121 0.7012
vt 0.9082 0.7012
vt 0.9121 0.8203
vt 0.9121 0.8352
vt 0.9185 0.8352
vt 0.6558 0.8671
vt 0.6416 0.8660
vt 0.6489 0.8668
vt 0.6675 0.8658
vt 0.6626 0.8665
vt 0.6348 0.8630
vt 0.6465 0.8533
vt 0.6514 0.8562
vt 0.6562 0.8585
vt 0.6626 0.8606
vt 0.6670 0.8617
vt 0.6743 0.8638
vt 0.6719 0.8629
vt 0.6724 0.8650
vt 0.6084 0.8259
vt 0.6460 0.8396
vt 0.6113 0.8239
vt 0.6431 0.8417
vt 0.6025 0.8336
vt 0.6416 0.8434
vt 0.6411 0.8473
vt 0.6426 0.8503
vt 0.6187 0.8575
vt 0.6255 0.8599
vt 0.6035 0.8314
vt 0.6045 0.8292
vt 0.6016 0.8346
vt 0.6006 0.8350
vt 0.5942 0.8365
vt 0.6162 0.8589
vt 0.6172 0.8585
vt 0.6128 0.8571
vt 0.6084 0.8553
vt 0.6045 0.8544
vt 0.5884 0.8385
vt 0.6040 0.8571
vt 0.5811 0.8411
vt 0.5732 0.8423
vt 0.5767 0.8405
vt 0.5732 0.8394
vt 0.5723 0.8397
vt 0.6016 0.8562
vt 0.5835 0.8401
vt 0.6050 0.8567
vt 0.5615 0.8373
vt 0.5781 0.8517
vt 0.5649 0.8396
vt 0.5679 0.8418
vt 0.5703 0.8424
vt 0.5806 0.8519
vt 0.5854 0.8528
vt 0.5884 0.8534
vt 0.5913 0.8540
vt 0.5942 0.8544
vt 0.5972 0.8553
vt 0.8672 0.5483
vt 0.9082 0.5193
vt 0.8726 0.5315
vt 0.8921 0.5671
vt 0.9380 0.5850
vt 0.9312 0.5242
vt 0.9795 0.5422
vt 0.9575 0.5828
vt 0.9897 0.5608
vt 0.9849 0.5750
vt 0.5586 0.8408
vt 0.5610 0.8435
vt 0.5557 0.8372
vt 0.5547 0.8311
vt 0.5625 0.8450
vt 0.5552 0.8335
vt 0.5742 0.8562
vt 0.5654 0.8491
vt 0.5679 0.8518
vt 0.5635 0.8461
vt 0.5591 0.8350
vt 0.5576 0.8329
vt 0.5552 0.8291
vt 0.5781 0.8542
vt 0.6665 0.8207
vt 0.6602 0.8191
vt 0.6753 0.8230
vt 0.6958 0.8260
vt 0.6953 0.8248
vt 0.6748 0.8304
vt 0.6675 0.8320
vt 0.6577 0.8341
vt 0.6509 0.8364
vt 0.6577 0.8159
vt 0.6147 0.8219
vt 0.6953 0.8268
vt 0.6118 0.7869
vt 0.6128 0.8207
vt 0.6138 0.7865
vt 0.6162 0.7858
vt 0.6211 0.7856
vt 0.6182 0.7854
vt 0.6108 0.8202
vt 0.6084 0.8196
vt 0.6084 0.7864
vt 0.6113 0.7859
vt 0.5986 0.8174
vt 0.5981 0.7894
vt 0.5972 0.8175
vt 0.6064 0.8191
vt 0.5991 0.7893
vt 0.6006 0.7886
vt 0.6030 0.7880
vt 0.6060 0.7870
vt 0.5967 0.7878
vt 0.5986 0.7880
vt 0.5913 0.7888
vt 0.5947 0.7878
vt 0.5845 0.7935
vt 0.5869 0.7915
vt 0.5894 0.7898
vt 0.5796 0.7969
vt 0.5737 0.8140
vt 0.5742 0.8149
vt 0.5811 0.8173
vt 0.5815 0.7955
vt 0.5879 0.8198
vt 0.5947 0.8185
vt 0.5957 0.8179
vt 0.5938 0.8193
vt 0.5923 0.8207
vt 0.5840 0.8186
vt 0.5815 0.8179
vt 0.5732 0.8196
vt 0.5732 0.8179
vt 0.5796 0.8177
vt 0.5771 0.8190
vt 0.5747 0.8198
vt 0.5498 0.8140
vt 0.5522 0.8131
vt 0.5493 0.8138
vt 0.5459 0.8036
vt 0.5488 0.7980
vt 0.5469 0.8003
vt 0.5547 0.8123
vt 0.5469 0.8071
vt 0.5596 0.7883
vt 0.5571 0.8120
vt 0.5542 0.7925
vt 0.5513 0.7953
vt 0.5566 0.7904
vt 0.5586 0.8123
vt 0.5645 0.8126
vt 0.5620 0.7926
vt 0.5649 0.7952
vt 0.5669 0.7963
vt 0.5684 0.7968
vt 0.5698 0.7971
vt 0.5688 0.8115
vt 0.5713 0.8124
vt 0.5645 0.8130
vt 0.5659 0.8132
vt 0.5664 0.8135
vt 0.5674 0.8138
vt 0.5684 0.8142
vt 0.5728 0.7975
vt 0.5752 0.7974
vt 0.5781 0.7968
vt 0.6372 0.9285
vt 0.6802 0.9118
vt 0.6426 0.9272
vt 0.6992 0.7949
vt 0.6821 0.8024
vt 0.6987 0.7968
vt 0.6680 0.7943
vt 0.6802 0.7944
vt 0.6567 0.7938
vt 0.6460 0.7935
vt 0.6426 0.7933
vt 0.6724 0.8058
vt 0.6343 0.7908
vt 0.6592 0.8118
vt 0.6323 0.7881
vt 0.6230 0.7856
vt 0.6313 0.7870
vt 0.6270 0.7861
vt 0.6289 0.7863
vt 0.6309 0.7865
vt 0.6914 0.7557
vt 0.6855 0.7202
vt 0.6899 0.7537
vt 0.6860 0.7078
vt 0.7026 0.7583
vt 0.7012 0.6953
vt 0.6865 0.6775
vt 0.6909 0.6914
vt 0.6807 0.6768
vt 0.6846 0.6912
vt 0.6885 0.6948
vt 0.6841 0.6968
vt 0.6772 0.7034
vt 0.6821 0.7271
vt 0.6948 0.6997
vt 0.6743 0.6809
vt 0.6685 0.6904
vt 0.6699 0.7026
vt 0.6797 0.7280
vt 0.6777 0.7295
vt 0.6860 0.7528
vt 0.6841 0.7521
vt 0.6816 0.7517
vt 0.6655 0.7026
vt 0.6748 0.7310
vt 0.6787 0.7518
vt 0.6611 0.7036
vt 0.6699 0.7531
vt 0.6494 0.7073
vt 0.6621 0.7551
vt 0.6382 0.7131
vt 0.6533 0.7594
vt 0.6343 0.7163
vt 0.6646 0.6904
vt 0.6587 0.6958
vt 0.6470 0.7031
vt 0.6357 0.7095
vt 0.6655 0.6746
vt 0.6509 0.6882
vt 0.6421 0.6978
vt 0.6328 0.7063
vt 0.6279 0.7090
vt 0.6294 0.7175
vt 0.6235 0.7273
vt 0.6191 0.7224
vt 0.6245 0.7117
vt 0.6157 0.7197
vt 0.6294 0.7256
vt 0.6265 0.7302
vt 0.6226 0.7332
vt 0.6143 0.7314
vt 0.6050 0.7283
vt 0.6001 0.7197
vt 0.5947 0.7200
vt 0.6509 0.7633
vt 0.6396 0.7710
vt 0.6323 0.7758
vt 0.6255 0.7773
vt 0.6143 0.7766
vt 0.6021 0.7745
vt 0.5986 0.7256
vt 0.5962 0.7732
vt 0.5933 0.7400
vt 0.5923 0.7726
vt 0.5830 0.7493
vt 0.5825 0.7722
vt 0.5669 0.7505
vt 0.5664 0.7722
vt 0.5879 0.7219
vt 0.5918 0.7117
vt 0.5884 0.7119
vt 0.5801 0.7214
vt 0.5903 0.7031
vt 0.5791 0.7153
vt 0.5659 0.7224
vt 0.5474 0.7456
vt 0.5469 0.7716
vt 0.5391 0.7432
vt 0.5386 0.7704
vt 0.5347 0.7395
vt 0.5771 0.7021
vt 0.5781 0.7068
vt 0.5933 0.7039
vt 0.5952 0.6985
vt 0.5991 0.6907
vt 0.6011 0.6965
vt 0.5928 0.6941
vt 0.5874 0.6975
vt 0.5815 0.6892
vt 0.5742 0.6934
vt 0.5767 0.6843
vt 0.5869 0.6860
vt 0.5811 0.6819
vt 0.5952 0.6804
vt 0.5713 0.6863
vt 0.5874 0.6714
vt 0.5854 0.6799
vt 0.5791 0.6760
vt 0.5737 0.6780
vt 0.5688 0.6804
vt 0.5933 0.6699
vt 0.5845 0.6643
vt 0.5771 0.6699
vt 0.5713 0.6716
vt 0.5601 0.6543
vt 0.5483 0.6555
vt 0.5571 0.6584
vt 0.5610 0.6628
vt 0.5659 0.6604
vt 0.5688 0.6658
vt 0.5737 0.6638
vt 0.5801 0.6611
vt 0.5884 0.6619
vt 0.5820 0.6584
vt 0.5640 0.6682
vt 0.5659 0.6738
vt 0.5552 0.6770
vt 0.5532 0.6731
vt 0.5518 0.6672
vt 0.5591 0.6909
vt 0.5571 0.6846
vt 0.5400 0.6819
vt 0.5400 0.6799
vt 0.5391 0.6738
vt 0.5469 0.6599
vt 0.5366 0.6687
vt 0.5317 0.6707
vt 0.5459 0.6533
vt 0.5483 0.6521
vt 0.5459 0.6555
vt 0.5449 0.6589
vt 0.5356 0.6670
vt 0.5312 0.6687
vt 0.5264 0.6719
vt 0.5269 0.6699
vt 0.5400 0.6565
vt 0.5171 0.6396
vt 0.5361 0.6436
vt 0.5181 0.6382
vt 0.5352 0.6455
vt 0.5317 0.6511
vt 0.5322 0.6621
vt 0.5293 0.6633
vt 0.5093 0.6479
vt 0.5083 0.6382
vt 0.5151 0.6492
vt 0.5259 0.6643
vt 0.5186 0.6658
vt 0.4995 0.6633
vt 0.5044 0.6497
vt 0.4958 0.6523
vt 0.4932 0.6541
vt 0.4961 0.6606
vt 0.4944 0.6592
vt 0.4919 0.6562
vt 0.4851 0.6570
vt 0.4883 0.6624
vt 0.4858 0.6499
vt 0.4910 0.6460
vt 0.5005 0.6406
vt 0.4836 0.6487
vt 0.4819 0.6580
vt 0.4902 0.6436
vt 0.4998 0.6389
vt 0.5083 0.6367
vt 0.4915 0.6379
vt 0.4719 0.6448
vt 0.4727 0.6553
vt 0.5137 0.6221
vt 0.5210 0.6252
vt 0.5073 0.6201
vt 0.5000 0.6172
vt 0.4919 0.6143
vt 0.4846 0.6370
vt 0.4839 0.6116
vt 0.4773 0.6331
vt 0.5420 0.6387
vt 0.5283 0.6174
vt 0.5200 0.6118
vt 0.5137 0.6086
vt 0.5088 0.6064
vt 0.5225 0.6069
vt 0.5527 0.6460
vt 0.5435 0.6313
vt 0.5298 0.6130
vt 0.5239 0.6018
vt 0.5195 0.5979
vt 0.5376 0.5869
vt 0.5317 0.5857
vt 0.5508 0.5881
vt 0.5459 0.5840
vt 0.5449 0.5923
vt 0.5312 0.6064
vt 0.5454 0.6230
vt 0.5542 0.6409
vt 0.5649 0.6465
vt 0.5625 0.6333
vt 0.5752 0.6465
vt 0.5723 0.6362
vt 0.5547 0.6296
vt 0.5952 0.6396
vt 0.5908 0.6323
vt 0.5864 0.6357
vt 0.5840 0.6404
vt 0.5742 0.6292
vt 0.5635 0.6238
vt 0.5537 0.6179
vt 0.5474 0.6140
vt 0.5796 0.6228
vt 0.5713 0.6152
vt 0.5625 0.6082
vt 0.5566 0.6023
vt 0.5620 0.5957
vt 0.5684 0.6013
vt 0.5757 0.6091
vt 0.5854 0.6169
vt 0.6006 0.6238
vt 0.5894 0.6140
vt 0.5801 0.6050
vt 0.5713 0.5981
vt 0.5659 0.5923
vt 0.5537 0.5842
vt 0.5703 0.5867
vt 0.5776 0.5903
vt 0.5874 0.5962
vt 0.5996 0.6011
vt 0.6118 0.6082
vt 0.6211 0.6152
vt 0.5747 0.5483
vt 0.5889 0.5564
vt 0.5962 0.5618
vt 0.6055 0.5688
vt 0.6157 0.5769
vt 0.6265 0.5847
vt 0.6338 0.5898
vt 0.6265 0.6174
vt 0.6367 0.5916
vt 0.6387 0.6211
vt 0.6455 0.5952
vt 0.6475 0.6235
vt 0.6509 0.5967
vt 0.6606 0.6233
vt 0.6606 0.5969
vt 0.6680 0.6226
vt 0.6318 0.6440
vt 0.6084 0.6326
vt 0.6162 0.6375
vt 0.6196 0.6487
vt 0.6201 0.6499
vt 0.6099 0.6558
vt 0.6162 0.6758
vt 0.6064 0.6772
vt 0.6177 0.6902
vt 0.6011 0.6616
vt 0.6084 0.6514
vt 0.6060 0.6382
vt 0.6045 0.6340
vt 0.5967 0.6262
vt 0.5972 0.6440
vt 0.5991 0.6528
vt 0.5894 0.6475
vt 0.5894 0.6536
vt 0.5757 0.6516
vt 0.5674 0.6528
vt 0.5835 0.6453
vt 0.5884 0.6436
vt 0.5835 0.6487
vt 0.5835 0.6531
vt 0.5718 0.6582
vt 0.6094 0.6907
vt 0.6113 0.6973
vt 0.6021 0.6990
vt 0.5967 0.7004
vt 0.6191 0.7002
vt 0.6089 0.6997
vt 0.5991 0.7041
vt 0.6079 0.7031
vt 0.6064 0.7129
vt 0.6108 0.7161
vt 0.6167 0.7065
vt 0.6182 0.7036
vt 0.6245 0.7017
vt 0.6230 0.6880
vt 0.6294 0.6899
vt 0.6250 0.6758
vt 0.5977 0.7117
vt 0.6289 0.7034
vt 0.6318 0.6775
vt 0.6357 0.6929
vt 0.6411 0.6812
vt 0.6855 0.6550
vt 0.6714 0.6562
vt 0.6729 0.6636
vt 0.6582 0.6606
vt 0.7104 0.6313
vt 0.7168 0.6145
vt 0.7061 0.6223
vt 0.7002 0.6406
vt 0.6919 0.6321
vt 0.6797 0.6396
vt 0.6689 0.6428
vt 0.6582 0.6431
vt 0.6748 0.6206
vt 0.6836 0.6160
vt 0.6973 0.6084
vt 0.7173 0.6094
vt 0.7241 0.6179
vt 0.7314 0.6233
vt 0.7275 0.6118
vt 0.7363 0.6182
vt 0.7471 0.6282
vt 0.7241 0.6357
vt 0.7251 0.6284
vt 0.7358 0.6384
vt 0.7314 0.6487
vt 0.7417 0.6536
vt 0.7280 0.6565
vt 0.7412 0.6616
vt 0.7246 0.6597
vt 0.7383 0.6636
vt 0.7451 0.6462
vt 0.7500 0.6584
vt 0.7495 0.6689
vt 0.7437 0.6873
vt 0.7534 0.6943
vt 0.7529 0.6956
vt 0.7300 0.6790
vt 0.7422 0.6931
vt 0.7559 0.7131
vt 0.7568 0.6963
vt 0.7573 0.6951
vt 0.7578 0.6702
vt 0.7637 0.6697
vt 0.7725 0.6570
vt 0.8032 0.6311
vt 0.8086 0.6538
vt 0.8071 0.6775
vt 0.7954 0.7139
vt 0.7910 0.7178
vt 0.7729 0.7322
vt 0.7432 0.7146
vt 0.7158 0.6938
vt 0.7314 0.7156
vt 0.7593 0.7380
vt 0.7485 0.7424
vt 0.7227 0.7129
vt 0.7432 0.7463
vt 0.7104 0.7131
vt 0.7314 0.7562
vt 0.7085 0.7136
vt 0.7266 0.7595
vt 0.7075 0.7144
vt 0.6958 0.7107
vt 0.7002 0.7041
vt 0.7109 0.7007
vt 0.6973 0.6814
vt 0.7012 0.6611
vt 0.7207 0.7593
vt 0.7173 0.6555
vt 0.7144 0.6450
vt 0.7241 0.6541
vt 0.7212 0.6514
vt 0.7241 0.6475
vt 0.7217 0.6482
vt 0.7178 0.6392
vt 0.7183 0.6724
vt 0.7300 0.6921
vt 0.4805 0.7670
vt 0.4290 0.7400
vt 0.4792 0.7654
vt 0.1919 0.6997
vt 0.1475 0.7188
vt 0.1791 0.7246
vt 0.2310 0.7056
vt 0.2163 0.7363
vt 0.2379 0.7550
vt 0.1898 0.6663
vt 0.1583 0.6948
vt 0.0716 0.6880
vt 0.0718 0.6904
vt 0.1522 0.6729
vt 0.0707 0.6863
vt 0.1593 0.7632
vt 0.1288 0.7495
vt 0.0414 0.6907
vt 0.0427 0.6841
vt 0.0474 0.6716
vt 0.1379 0.6350
vt 0.1747 0.6272
vt 0.2197 0.6604
vt 0.1964 0.6250
vt 0.2303 0.6406
vt 0.2025 0.6279
vt 0.2437 0.6196
vt 0.2003 0.6262
vt 0.2098 0.5637
vt 0.1722 0.5811
vt 0.1832 0.5288
vt 0.2407 0.5481
vt 0.2013 0.5161
vt 0.2737 0.5786
vt 0.3022 0.5986
vt 0.2876 0.6277
vt 0.3367 0.5552
vt 0.2979 0.5369
vt 0.2571 0.5176
vt 0.2128 0.4951
vt 0.1427 0.4663
vt 0.1437 0.4692
vt 0.1503 0.5420
vt 0.1246 0.4658
vt 0.1360 0.4502
vt 0.2203 0.4624
vt 0.2703 0.4795
vt 0.3132 0.4980
vt 0.3518 0.5164
vt 0.3564 0.5435
vt 0.3616 0.5215
vt 0.3904 0.5444
vt 0.3904 0.5247
vt 0.4038 0.5400
vt 0.4014 0.5212
vt 0.4067 0.5325
vt 0.4099 0.5476
vt 0.3750 0.5598
vt 0.4014 0.5591
vt 0.3491 0.5735
vt 0.3206 0.6089
vt 0.3066 0.6321
vt 0.3486 0.6187
vt 0.3357 0.6335
vt 0.3623 0.6272
vt 0.3765 0.6406
vt 0.3765 0.6267
vt 0.3547 0.6384
vt 0.3208 0.6436
vt 0.3059 0.6565
vt 0.2974 0.6382
vt 0.2854 0.6516
vt 0.2681 0.6409
vt 0.2747 0.6711
vt 0.3352 0.6567
vt 0.3511 0.6709
vt 0.3713 0.6877
vt 0.3901 0.7234
vt 0.3696 0.7327
vt 0.3835 0.7375
vt 0.3743 0.7214
vt 0.3872 0.6965
vt 0.3567 0.7119
vt 0.3325 0.6887
vt 0.3186 0.6731
vt 0.3508 0.7341
vt 0.3079 0.7039
vt 0.3306 0.7278
vt 0.3252 0.7344
vt 0.3081 0.7505
vt 0.3425 0.7427
vt 0.3665 0.7395
vt 0.3799 0.7473
vt 0.2468 0.7939
vt 0.2927 0.8107
vt 0.3015 0.7921
vt 0.2886 0.7727
vt 0.3081 0.7870
vt 0.2832 0.7572
vt 0.3093 0.7733
vt 0.3235 0.7495
vt 0.3643 0.7495
vt 0.3345 0.7910
vt 0.3313 0.8070
vt 0.3113 0.7952
vt 0.3406 0.8108
vt 0.3501 0.7958
vt 0.3652 0.8037
vt 0.3523 0.7880
vt 0.3521 0.8154
vt 0.3496 0.8336
vt 0.3347 0.8292
vt 0.3213 0.8199
vt 0.3184 0.8304
vt 0.3325 0.8333
vt 0.3457 0.8412
vt 0.3635 0.8353
vt 0.3650 0.8224
vt 0.3726 0.8113
vt 0.3792 0.8212
vt 0.3174 0.8413
vt 0.3901 0.7761
vt 0.3958 0.7864
vt 0.4075 0.8167
vt 0.4045 0.8077
vt 0.3818 0.8278
vt 0.3833 0.8356
vt 0.3494 0.8519
vt 0.3337 0.8464
vt 0.3245 0.8428
vt 0.3376 0.8588
vt 0.3618 0.8652
vt 0.3369 0.8679
vt 0.3442 0.9026
vt 0.3240 0.8574
vt 0.3044 0.8752
vt 0.3135 0.9053
vt 0.2688 0.8871
vt 0.2759 0.9131
vt 0.2465 0.9204
vt 0.3513 0.9504
vt 0.3489 0.9028
vt 0.3489 0.9498
vt 0.3459 0.9484
vt 0.3191 0.9512
vt 0.2830 0.9594
vt 0.2515 0.9664
vt 0.2170 0.9240
vt 0.3523 0.9087
vt 0.3679 0.8958
vt 0.3650 0.8887
vt 0.3887 0.8848
vt 0.3850 0.8661
vt 0.4158 0.8450
vt 0.4106 0.8293
vt 0.4253 0.8453
vt 0.3875 0.8931
vt 0.4075 0.8708
vt 0.4209 0.8539
vt 0.4106 0.8958
vt 0.4116 0.9007
vt 0.3855 0.9106
vt 0.3679 0.9081
vt 0.4321 0.8600
vt 0.4019 0.9625
vt 0.4036 0.9163
vt 0.3994 0.9609
vt 0.4006 0.9114
vt 0.3916 0.9579
vt 0.3792 0.9541
vt 0.3640 0.9518
vt 0.4158 0.9216
vt 0.4060 0.9201
vt 0.4597 0.9727
vt 0.4561 0.9310
vt 0.4485 0.9700
vt 0.4451 0.9270
vt 0.4385 0.9681
vt 0.4316 0.9241
vt 0.4260 0.9660
vt 0.4109 0.9638
vt 0.4150 0.9114
vt 0.4324 0.9101
vt 0.4478 0.9130
vt 0.4583 0.9176
vt 0.4304 0.8774
vt 0.4492 0.9059
vt 0.4534 0.8873
vt 0.4612 0.9125
vt 0.4297 0.9013
vt 0.4712 0.9243
vt 0.4697 0.8982
vt 0.4832 0.8802
vt 0.4595 0.8715
vt 0.4985 0.9229
vt 0.4824 0.9083
vt 0.5005 0.8943
vt 0.4885 0.8748
vt 0.5049 0.8884
vt 0.4688 0.9352
vt 0.4817 0.9328
vt 0.5024 0.9368
vt 0.5107 0.9211
vt 0.5278 0.9199
vt 0.5137 0.9415
vt 0.5166 0.9119
vt 0.5093 0.9038
vt 0.5171 0.8917
vt 0.5117 0.8821
vt 0.5234 0.9059
vt 0.5332 0.9107
vt 0.5337 0.9069
vt 0.5503 0.9045
vt 0.5347 0.8991
vt 0.5518 0.9100
vt 0.5459 0.9206
vt 0.5396 0.8510
vt 0.5537 0.8568
vt 0.5483 0.9040
vt 0.5659 0.8608
vt 0.5679 0.8618
vt 0.5757 0.8673
vt 0.5649 0.9146
vt 0.5845 0.8718
vt 0.5767 0.9171
vt 0.5605 0.9244
vt 0.5713 0.9306
vt 0.5786 0.9286
vt 0.5889 0.9469
vt 0.5962 0.9480
vt 0.5918 0.9312
vt 0.6094 0.9457
vt 0.6055 0.9319
vt 0.5923 0.9169
vt 0.6079 0.9189
vt 0.6201 0.9196
vt 0.6191 0.9299
vt 0.6289 0.9200
vt 0.5928 0.8729
vt 0.6084 0.8741
vt 0.6279 0.8769
vt 0.6470 0.8824
vt 0.6636 0.8910
vt 0.6250 0.9397
vt 0.6279 0.9271
vt 0.6318 0.9315
vt 0.6821 0.9302
vt 0.6738 0.9495
vt 0.6572 0.9681
vt 0.6343 0.9821
vt 0.6157 0.9884
vt 0.6040 0.9903
vt 0.5845 0.9514
vt 0.5952 0.9916
vt 0.5723 0.9637
vt 0.5786 0.9950
vt 0.5571 0.9610
vt 0.5605 0.9977
vt 0.5288 0.9628
vt 0.5269 0.9983
vt 0.5132 0.9596
vt 0.5811 0.9430
vt 0.5591 0.9434
vt 0.5317 0.9500
vt 0.5063 0.9929
vt 0.4968 0.9874
vt 0.4873 0.9825
vt 0.4690 0.9758
vt 0.2861 0.6853
vt 0.2886 0.7354
vt 0.2961 0.7112
vt 0.2661 0.7202
vt 0.2588 0.7375
vt 0.2566 0.6575
vt 0.2473 0.7789
vt 0.4468 0.8375
vt 0.4409 0.8314
vt 0.4329 0.8510
vt 0.4688 0.8546
vt 0.4614 0.8660
vt 0.4355 0.8213
vt 0.4634 0.8213
vt 0.4656 0.8248
vt 0.4822 0.8456
vt 0.4978 0.8651
vt 0.4900 0.8046
vt 0.4910 0.8055
vt 0.5063 0.8226
vt 0.5215 0.8375
vt 0.5352 0.8486
vt 0.4358 0.7986
vt 0.4580 0.7787
vt 0.4312 0.7876
vt 0.4619 0.7977
vt 0.4365 0.8090
vt 0.4595 0.8074
vt 0.4597 0.8162
vt 0.4885 0.8027
vt 0.4185 0.8291
vt 0.4143 0.8153
vt 0.4014 0.7986
vt 0.4043 0.7793
vt 0.4084 0.7950
vt 0.4116 0.8060
vt 0.3328 0.7756
vt 0.3523 0.7797
vt 0.3655 0.7830
vt 0.3818 0.7656
vt 0.3997 0.7689
vt 0.4214 0.7666
vt 0.3733 0.7567
vt 0.3906 0.7571
vt 0.4150 0.7554
vt 0.4448 0.7631
vt 0.4785 0.7710
vt 0.4797 0.7788
vt 0.4839 0.7930
vt 0.4863 0.7981
vt 0.4062 0.6511
vt 0.4092 0.6699
vt 0.4163 0.6641
vt 0.4150 0.6829
vt 0.4006 0.7046
vt 0.4233 0.6963
vt 0.4116 0.7109
vt 0.4104 0.7241
vt 0.4277 0.7244
vt 0.3945 0.6572
vt 0.4004 0.7444
vt 0.4336 0.6001
vt 0.4368 0.6196
vt 0.4421 0.6111
vt 0.4263 0.6104
vt 0.4221 0.6196
vt 0.4136 0.6345
vt 0.4004 0.6277
vt 0.3906 0.6406
vt 0.4431 0.5901
vt 0.4250 0.5889
vt 0.4167 0.5942
vt 0.4065 0.6155
vt 0.3870 0.6199
vt 0.4072 0.5786
vt 0.3945 0.5896
vt 0.3894 0.6082
vt 0.3711 0.5959
vt 0.3816 0.5828
vt 0.3931 0.5686
vt 0.3606 0.5920
vt 0.4126 0.5708
vt 0.4141 0.5808
vt 0.4304 0.5825
vt 0.4497 0.5762
vt 0.4688 0.5491
vt 0.4626 0.5417
vt 0.4409 0.5740
vt 0.4316 0.5798
vt 0.4170 0.5613
vt 0.4507 0.5400
vt 0.4431 0.5376
vt 0.4395 0.5586
vt 0.4241 0.5544
vt 0.4316 0.5674
vt 0.4143 0.5405
vt 0.4092 0.5281
vt 0.4180 0.5330
vt 0.4258 0.5327
vt 0.4050 0.5190
vt 0.4075 0.5178
vt 0.4150 0.5156
vt 0.4236 0.5134
vt 0.4412 0.5107
vt 0.4509 0.5100
vt 0.4658 0.5115
vt 0.4751 0.5144
vt 0.4758 0.5601
vt 0.4858 0.5183
vt 0.4824 0.5662
vt 0.4946 0.5220
vt 0.4905 0.5513
vt 0.4905 0.5996
vt 0.5059 0.5938
vt 0.4958 0.5903
vt 0.4824 0.5984
vt 0.4856 0.5872
vt 0.4751 0.5833
vt 0.4651 0.5803
vt 0.4568 0.5779
vt 0.4746 0.5979
vt 0.4683 0.6060
vt 0.4758 0.6086
vt 0.5015 0.6028
vt 0.4600 0.6035
vt 0.4634 0.5981
vt 0.4551 0.5986
vt 0.4512 0.6055
vt 0.4573 0.6025
vt 0.4709 0.6270
vt 0.4651 0.6216
vt 0.4536 0.6094
vt 0.4612 0.6294
vt 0.4480 0.6167
vt 0.4441 0.6245
vt 0.4231 0.6392
vt 0.4202 0.6558
vt 0.4478 0.6492
vt 0.4326 0.6426
vt 0.4290 0.6582
vt 0.4221 0.6746
vt 0.4319 0.7053
vt 0.4260 0.7153
vt 0.4280 0.6860
vt 0.4297 0.6675
vt 0.4368 0.6599
vt 0.4478 0.6599
vt 0.4619 0.6494
vt 0.4346 0.6760
vt 0.4365 0.6968
vt 0.4402 0.7175
vt 0.4453 0.7036
vt 0.4541 0.7297
vt 0.4407 0.7314
vt 0.4941 0.7706
vt 0.4685 0.7292
vt 0.4900 0.7694
vt 0.4841 0.7688
vt 0.4768 0.7107
vt 0.4651 0.7112
vt 0.4495 0.7153
vt 0.4529 0.7063
vt 0.4629 0.6958
vt 0.4558 0.6921
vt 0.4617 0.6843
vt 0.4548 0.6787
vt 0.4705 0.6985
vt 0.4651 0.7090
vt 0.4824 0.7031
vt 0.5117 0.7168
vt 0.4856 0.6948
vt 0.4749 0.6909
vt 0.5117 0.7090
vt 0.5249 0.7092
vt 0.5234 0.7161
vt 0.5366 0.7122
vt 0.5352 0.7185
vt 0.5464 0.7097
vt 0.5474 0.7134
vt 0.5405 0.7205
vt 0.5449 0.7227
vt 0.5488 0.7197
vt 0.5483 0.7236
vt 0.5625 0.7063
vt 0.5635 0.7107
vt 0.5649 0.7178
vt 0.5610 0.6992
vt 0.5342 0.6836
vt 0.5337 0.6816
vt 0.5425 0.6895
vt 0.5444 0.6941
vt 0.5449 0.7048
vt 0.5371 0.7070
vt 0.5259 0.6853
vt 0.5356 0.6904
vt 0.5366 0.6956
vt 0.5156 0.6897
vt 0.5259 0.6917
vt 0.5127 0.6980
vt 0.5254 0.6975
vt 0.4880 0.6838
vt 0.4744 0.6785
vt 0.4685 0.6882
vt 0.4805 0.6814
vt 0.4912 0.6763
vt 0.5171 0.6792
vt 0.5264 0.6826
vt 0.5332 0.6755
vt 0.5269 0.6775
vt 0.4951 0.6697
vt 0.4849 0.6733
vt 0.5171 0.6724
vt 0.5176 0.6709
vt 0.4963 0.6682
vt 0.4895 0.6665
vt 0.4910 0.6648
vt 0.4861 0.6638
vt 0.2998 0.8340
vt 0.3052 0.8425
vt 0.3149 0.8542
vt 0.2444 0.8934
vt 0.2644 0.8652
vt 0.2878 0.8547
vt 0.2690 0.8337
vt 0.2505 0.8472
vt 0.2118 0.8782
vt 0.2397 0.8724
vt 0.2214 0.8457
vt 0.2351 0.8302
vt 0.2435 0.8182
vt 0.2463 0.8025
vt 0.1853 0.8813
vt 0.2035 0.8649
vt 0.1615 0.8417
vt 0.1848 0.8306
vt 0.2070 0.8213
vt 0.2227 0.8145
vt 0.2310 0.8097
vt 0.2363 0.8031
vt 0.2352 0.7982
vt 0.2312 0.7930
vt 0.2174 0.7853
vt 0.1953 0.7767
vt 0.4492 0.6885
vt 0.4482 0.6724
vt 0.4419 0.6833
vt 0.4426 0.6655
vt 0.4526 0.6667
vt 0.4622 0.6716
vt 0.4695 0.6748
vt 0.4756 0.6672
vt 0.4661 0.6641
vt 0.4607 0.6594
vt 0.4788 0.6699
vt 0.6328 0.6482
vt 0.6206 0.6758
vt 0.6416 0.6506
vt 0.6445 0.6426
vt 0.6641 0.5959
vt 0.6680 0.5935
vt 0.6748 0.5884
vt 0.6895 0.5791
vt 0.7148 0.5703
vt 0.7378 0.5715
vt 0.7578 0.5796
vt 0.7788 0.5945
vt 0.7568 0.6375
vt 0.7944 0.6128
vt 0.7642 0.6455
vt 0.7544 0.6619
vt 0.7544 0.6528
vt 0.7505 0.6418
vt 0.7578 0.6594
vt 0.5117 0.5962
vt 0.5151 0.6052
vt 0.5176 0.6021
vt 0.5137 0.5938
vt 0.5215 0.5886
vt 0.5112 0.5847
vt 0.5020 0.5820
vt 0.4929 0.5757
vt 0.5005 0.5588
vt 0.5269 0.5784
vt 0.5190 0.5713
vt 0.5093 0.5635
vt 0.4993 0.5239
vt 0.5112 0.5286
vt 0.5200 0.5322
vt 0.5312 0.5359
vt 0.5400 0.5386
vt 0.5464 0.5403
vt 0.5522 0.5408
vt 0.5410 0.5820
vt 0.5596 0.5417
vt 0.5669 0.5444
vt 1.7139 0.5000
vt 1.7139 0.3276
vt 1.8564 0.5000
vt 1.5713 0.5000
vt 1.5713 0.3276
vt 1.5713 0.2119
vt 1.7139 0.2119
vt 1.8564 0.3276
vt 1.9990 0.5000
vt 1.7139 0.1572
vt 1.5713 0.1572
vt 1.4277 0.2119
vt 1.4277 0.3276
vt 1.4277 0.5000
vt 1.5713 0.6726
vt 1.7139 0.6726
vt 1.8564 0.6726
vt 1.9990 0.5000
vt 1.9990 0.6726
vt 2.1426 0.6726
vt 2.2852 0.6726
vt 2.2852 0.8014
vt 2.1426 0.8014
vt 1.9990 0.8014
vt 1.8564 0.8014
vt 1.7139 0.8014
vt 1.5713 0.8014
vt 1.7139 0.8499
vt 1.8564 0.8499
vt 1.9990 0.8499
vt 2.1426 0.8499
vt 2.2852 0.8499
vt 2.4277 0.8499
vt 2.4277 0.8014
vt 2.4277 0.6726
vt 2.7129 0.3276
vt 2.7129 0.5000
vt 2.5703 0.3276
vt 2.5703 0.5000
vt 2.5703 0.6726
vt 2.5703 0.8014
vt 2.5703 0.8499
vt 2.7129 0.8014
vt 2.7129 0.8499
vt 2.8555 0.3276
vt 2.8555 0.5000
vt 2.7129 0.6726
vt 2.8555 0.6726
vt 3.0000 0.5000
vt 3.0000 0.3276
vt 3.1426 0.3276
vt 3.1426 0.5000
vt 3.2852 0.3276
vt 3.2852 0.5000
vt 2.8555 0.8014
vt 3.0000 0.6726
vt 3.1426 0.6726
vt 3.2852 0.6726
vt 3.4277 0.6726
vt 3.5703 0.6726
vt 3.5703 0.8014
vt 3.4277 0.8014
vt 3.2852 0.8014
vt 3.1426 0.8014
vt 3.0000 0.8014
vt 2.8555 0.8499
vt 3.8555 0.5000
vt 3.9980 0.5000
vt 3.8555 0.6726
vt 3.7129 0.6726
vt 3.7129 0.8014
vt 3.5703 0.8499
vt 3.4277 0.8499
vt 3.2852 0.8499
vt 3.7129 0.8499
vt 3.8555 0.8014
vt 3.9980 0.6726
vt 3.9980 0.8014
vt 3.8555 0.8499
vt 3.7129 0.9398
vt 3.5703 0.9398
vt 3.4277 0.9398
vt 3.8555 0.9398
vt 3.8555 1.0000
vt 3.9980 1.0000
vt 3.9980 0.9398
vt 3.9980 0.8499
vt 3.1426 1.0000
vt 3.1426 0.9398
vt 3.2852 1.0000
vt 3.2852 0.9398
vt 3.4277 1.0000
vt 3.5703 1.0000
vt 3.7129 1.0000
vt 3.1426 0.8499
vt 3.0000 0.8499
vt 3.0000 0.9398
vt 3.0000 1.0000
vt 2.8555 0.9398
vt 2.8555 1.0000
vt 2.7129 0.9398
vt 2.7129 1.0000
vt 2.5703 0.9398
vt 2.4277 0.9398
vt 2.2852 0.9398
vt 2.5703 1.0000
vt 2.4277 1.0000
vt 2.2852 1.0000
vt 2.1426 0.9398
vt 2.1426 1.0000
vt 1.9990 0.9398
vt 1.9990 1.0000
vt 1.8564 0.9398
vt 1.7139 0.9398
vt 1.5713 0.8499
vt 1.5713 0.9398
vt 1.4277 0.9398
vt 1.8564 1.0000
vt 1.7139 1.0000
vt 1.5713 1.0000
vt 1.4277 1.0000
vt 1.2852 0.9398
vt 1.2852 1.0000
vt 1.4277 0.8499
vt 1.2852 0.8499
vt 1.1426 0.9398
vt 1.1426 0.8499
vt 0.9995 0.9398
vt 0.9995 0.8499
vt 0.8569 0.9398
vt 0.8569 0.8499
vt 0.9995 0.8014
vt 1.1426 1.0000
vt 0.9995 1.0000
vt 0.8569 1.0000
vt 0.7139 0.9398
vt 0.7139 0.8499
vt 0.8569 0.8014
vt 0.7139 1.0000
vt 0.5713 0.9398
vt 0.5713 0.8499
vt 0.7139 0.8014
vt 0.5713 0.8014
vt 0.7139 0.6726
vt 0.5713 0.6726
vt 0.7139 0.5000
vt 0.5713 0.5000
vt 0.8569 0.6726
vt 0.8569 0.5000
vt 0.7139 0.3276
vt 0.5713 0.3276
vt 0.5713 0.2119
vt 0.4285 0.3276
vt 0.4285 0.2119
vt 0.9995 0.6726
vt 0.9995 0.5000
vt 0.8569 0.3276
vt 0.7139 0.2119
vt 0.5713 0.1572
vt 0.9995 0.3276
vt 0.8569 0.2119
vt 0.9995 0.2119
vt 1.1426 0.2119
vt 1.1426 0.3276
vt 1.1426 0.5000
vt 1.1426 0.6726
vt 1.2852 0.6726
vt 1.2852 0.8014
vt 1.4277 0.8014
vt 1.1426 0.8014
vt 1.2852 0.2119
vt 1.2852 0.3276
vt 1.2852 0.5000
vt 1.4277 0.6726
vt 1.4277 0.1572
vt 1.2852 0.1572
vt 1.4277 0.1226
vt 1.5713 0.1226
vt 1.7139 0.1226
vt 1.8564 0.1226
vt 1.8564 0.1572
vt 1.9990 0.1226
vt 1.9990 0.1572
vt 2.1426 0.1226
vt 2.1426 0.1572
vt 2.1426 0.2119
vt 2.2852 0.1572
vt 2.2852 0.2119
vt 2.1426 0.3276
vt 2.4277 0.1572
vt 2.2852 0.3276
vt 2.1426 0.5000
vt 2.4277 0.2119
vt 2.5703 0.1572
vt 2.2852 0.5000
vt 2.4277 0.3276
vt 2.4277 0.5000
vt 1.9990 0.2119
vt 1.9990 0.3276
vt 1.8564 0.2119
vt 2.2852 0.1226
vt 2.4277 0.1226
vt 2.5703 0.1226
vt 2.7129 0.1226
vt 2.7129 0.1572
vt 2.8555 0.1226
vt 2.8555 0.1572
vt 2.5703 0.0874
vt 2.7129 0.0874
vt 2.8555 0.0874
vt 3.0000 0.0874
vt 3.0000 0.1226
vt 3.1426 0.0874
vt 3.1426 0.1226
vt 3.2852 0.0874
vt 2.5703 0.0005
vt 2.7129 0.0005
vt 2.8555 0.0005
vt 3.0000 0.0005
vt 3.1426 0.0005
vt 3.2852 0.0005
vt 3.0000 0.1572
vt 3.1426 0.1572
vt 3.2852 0.1226
vt 3.2852 0.1572
vt 3.4277 0.1226
vt 3.4277 0.1572
vt 3.5703 0.1226
vt 3.5703 0.1572
vt 3.4277 0.0874
vt 3.5703 0.0874
vt 3.7129 0.0874
vt 3.7129 0.1226
vt 3.8555 0.0874
vt 3.8555 0.1226
vt 3.8555 0.1572
vt 3.4277 0.0005
vt 3.5703 0.0005
vt 3.7129 0.0005
vt 3.8555 0.0005
vt 3.9980 0.0005
vt 3.9980 0.0874
vt 3.9980 0.1226
vt 3.9980 0.1572
vt 3.9980 0.2119
vt 3.8555 0.2119
vt 3.9980 0.3276
vt 3.8555 0.3276
vt 3.7129 0.1572
vt 3.7129 0.2119
vt 3.7129 0.3276
vt 3.7129 0.5000
vt 3.5703 0.2119
vt 3.5703 0.3276
vt 3.5703 0.5000
vt 3.4277 0.2119
vt 3.4277 0.3276
vt 3.4277 0.5000
vt 3.2852 0.2119
vt 3.1426 0.2119
vt 3.0000 0.2119
vt 2.8555 0.2119
vt 2.7129 0.2119
vt 2.5703 0.2119
vt 0.0894 0.1777
vt 0.0686 0.1777
vt 0.0894 0.1597
vt 0.0686 0.1953
vt 0.0622 0.1953
vt 0.0894 0.1953
vt 0.0894 0.2129
vt 0.0686 0.1597
vt 0.0894 0.1421
vt 0.0622 0.1777
vt 0.0316 0.1953
vt 0.0316 0.2129
vt 0.0622 0.2129
vt 0.0686 0.2129
vt 0.0894 0.2305
vt 0.0686 0.1421
vt 0.0894 0.1245
vt 0.0622 0.1597
vt 0.0316 0.1777
vt 0.0264 0.1953
vt 0.0264 0.2129
vt 0.0264 0.2305
vt 0.0894 0.1069
vt 0.0686 0.1069
vt 0.0686 0.1245
vt 0.0622 0.1421
vt 0.0316 0.1597
vt 0.0264 0.1777
vt 0.0002 0.1953
vt 0.0002 0.1777
vt 0.0264 0.1597
vt 0.0316 0.1421
vt 0.0622 0.1245
vt 0.0316 0.1245
vt 0.0622 0.1069
vt 0.0316 0.1069
vt 0.0622 0.0894
vt 0.0264 0.1069
vt 0.0264 0.1245
vt 0.0264 0.1421
vt 0.0002 0.1597
vt 0.0002 0.1421
vt 0.0002 0.1245
vt 0.0002 0.1069
vt 0.0264 0.0894
vt 0.0002 0.0894
vt 0.0264 0.0713
vt 0.0002 0.0713
vt 0.0264 0.0537
vt 0.0002 0.0537
vt 0.0002 0.0361
vt 0.0264 0.0361
vt 0.0316 0.0361
vt 0.0316 0.0537
vt 0.0316 0.0713
vt 0.0316 0.0894
vt 0.0622 0.0713
vt 0.0622 0.0537
vt 0.0622 0.0361
vt 0.0622 0.0186
vt 0.0316 0.0186
vt 0.0264 0.0186
vt 0.0002 0.0186
vt 0.0002 0.0010
vt 0.0264 0.0010
vt 0.0316 0.0010
vt 0.0622 0.0010
vt 0.0686 0.0010
vt 0.0686 0.0186
vt 0.0894 0.0010
vt 0.0894 0.0186
vt 0.0686 0.0361
vt 0.0894 0.0361
vt 0.0686 0.0537
vt 0.0894 0.0537
vt 0.0686 0.0713
vt 0.0894 0.0713
vt 0.0894 0.0894
vt 0.0686 0.0894
vt 0.4285 0.9398
vt 0.4285 0.8499
vt 0.2856 0.9398
vt 0.2856 0.8499
vt 0.1428 0.9398
vt 0.1428 0.8499
vt 0.1428 0.8014
vt 0.2856 0.8014
vt 0.1428 0.6726
vt 0.2856 0.6726
vt 0.4285 0.8014
vt 0.4285 0.6726
vt 0.4285 0.5000
vt 0.2856 0.5000
vt 0.1428 0.5000
vt 0.0000 0.5000
vt 0.0000 0.6726
vt 0.0000 0.8014
vt 0.2856 0.3276
vt 0.1428 0.3276
vt -0.0000 0.3276
vt 0.1428 0.2119
vt 0.2856 0.2119
vt 0.2856 0.1572
vt 0.1428 0.1572
vt 0.1428 0.1226
vt 0.2856 0.1226
vt 0.2856 0.0874
vt 0.4285 0.0874
vt 0.0000 0.2119
vt -0.0000 0.1572
vt -0.0000 0.1226
vt 0.1428 0.0874
vt 0.2856 0.0000
vt 0.4285 0.0005
vt -0.0000 0.0874
vt 0.1428 0.0005
vt 0.0000 0.0005
vt 0.5713 0.0005
vt 0.5713 0.0874
vt 0.7139 0.0005
vt 0.7139 0.0874
vt 0.8569 0.0005
vt 0.8569 0.0874
vt 0.9995 0.0000
vt 0.9995 0.0874
vt 1.1426 0.0005
vt 1.1426 0.0874
vt 0.4285 0.1226
vt 0.5713 0.1226
vt 0.7139 0.1226
vt 0.8569 0.1226
vt 0.9995 0.1226
vt 0.7139 0.1572
vt 0.8569 0.1572
vt 0.9995 0.1572
vt 1.1426 0.1572
vt 1.1426 0.1226
vt 1.2852 0.1226
vt 0.4285 0.1572
vt -0.0000 0.8499
vt 0.0000 0.9398
vt 0.1428 1.0000
vt 0.2856 1.0000
vt 0.4285 1.0000
vt 0.5713 1.0000
vt -0.0000 1.0000
vt 0.0316 0.2305
vt 0.0622 0.2305
vt 0.0686 0.2305
vt 0.0894 0.2480
vt 0.0002 0.2129
vt 0.0002 0.2305
vt 0.0264 0.2480
vt 0.0316 0.2480
vt 0.0622 0.2480
vt 0.0002 0.2480
vt 0.0002 0.2661
vt 0.0264 0.2661
vt 0.0316 0.2661
vt 0.0622 0.2661
vt 0.0686 0.2480
vt 0.0686 0.2661
vt 0.0622 0.2837
vt 0.0316 0.3188
vt 0.0622 0.3188
vt 0.0316 0.3364
vt 0.0622 0.3013
vt 0.0316 0.3013
vt 0.0316 0.2837
vt 0.0264 0.2837
vt 0.0002 0.2837
vt 0.0002 0.3013
vt 0.0264 0.3013
vt 0.0264 0.3188
vt 0.0264 0.3364
vt 0.0264 0.3540
vt 0.0316 0.3540
vt 0.0002 0.3188
vt 0.0002 0.3364
vt 0.0002 0.3540
vt 0.0002 0.3721
vt 0.0264 0.3721
vt 0.0002 0.3896
vt 0.0316 0.3721
vt 0.0264 0.3896
vt 0.0002 0.4072
vt 0.0002 0.4248
vt 0.0264 0.4072
vt 0.0316 0.3896
vt 0.0622 0.3721
vt 0.0622 0.3540
vt 0.0622 0.3364
vt 0.0686 0.3721
vt 0.0686 0.3540
vt 0.0622 0.3896
vt 0.0316 0.4072
vt 0.0264 0.4248
vt 0.0002 0.4424
vt 0.0686 0.3188
vt 0.0894 0.3188
vt 0.0894 0.3364
vt 0.0686 0.3364
vt 0.0894 0.3540
vt 0.0894 0.3721
vt 0.0686 0.3896
vt 0.0622 0.4072
vt 0.0686 0.2837
vt 0.0686 0.3013
vt 0.0894 0.2661
vt 0.0894 0.2837
vt 0.0894 0.3013
vt 0.4189 0.4399
vt 0.4299 0.4961
vt 0.4817 0.4844
vt 0.4805 0.4912
vt 0.2915 0.4351
vt 0.3296 0.4683
vt 0.2935 0.4287
vt 0.3706 0.4243
vt 0.3782 0.4888
vt 0.3999 0.4141
vt 0.4299 0.4961
vt 0.2935 0.4287
vt 0.3296 0.4683
vt 0.2915 0.4351
vt 0.3706 0.4243
vt 0.3782 0.4888
vt 0.3999 0.4141
vt 0.4189 0.4399
vt 0.4299 0.4961
vt 0.4817 0.4844
vt 0.4299 0.4961
vt 0.4805 0.4912
vt 0.4189 0.4399
vt 0.4299 0.4961
vt 0.4817 0.4844
vt 0.4805 0.4912
vt 0.3782 0.4888
vt 0.4299 0.4961
vt 0.3999 0.4141
vt 0.3706 0.4243
vt 0.3296 0.4683
vt 0.2935 0.4287
vt 0.2915 0.4351
vt 0.2915 0.4351
vt 0.2935 0.4287
vt 0.3296 0.4683
vt 0.3706 0.4243
vt 0.3782 0.4888
vt 0.3999 0.4141
vt 0.4189 0.4399
vt 0.4299 0.4961
vt 0.4817 0.4844
vt 0.4805 0.4912
vt 0.6885 0.1787
vt 0.6538 0.1440
vt 0.6743 0.1582
vt 0.6045 0.1440
vt 0.5693 0.2275
vt 0.5698 0.1782
vt 0.5649 0.2031
vt 0.6294 0.1392
vt 0.5835 0.1577
vt 0.6880 0.2280
vt 0.6929 0.2036
vt 0.6533 0.2627
vt 0.6040 0.2622
vt 0.5835 0.2485
vt 0.6743 0.2490
vt 0.6289 0.2676
vt 0.5791 0.3462
vt 0.5889 0.3691
vt 0.5815 0.3584
vt 0.6118 0.3784
vt 0.6445 0.3462
vt 0.6348 0.3691
vt 0.6421 0.3584
vt 0.5996 0.3760
vt 0.6245 0.3760
vt 0.5889 0.3228
vt 0.5815 0.3335
vt 0.6118 0.3135
vt 0.6348 0.3228
vt 0.6421 0.3335
vt 0.5996 0.3159
vt 0.6245 0.3159
vt 0.3154 0.3794
vt 0.3486 0.3540
vt 0.3486 0.3794
vt 0.3154 0.3540
vt 0.3486 0.3286
vt 0.3154 0.3286
vt 0.3486 0.3037
vt 0.3154 0.3037
vt 0.3501 0.3286
vt 0.3501 0.3037
vt 0.3501 0.3540
vt 0.3501 0.3794
vt 0.3501 0.4048
vt 0.3486 0.4048
vt 0.3154 0.4048
vt 0.3142 0.3794
vt 0.3142 0.4048
vt 0.3142 0.3540
vt 0.3142 0.3286
vt 0.3142 0.3037
vt 0.3142 0.2783
vt 0.3486 0.2783
vt 0.3154 0.2783
vt 0.3142 0.2529
vt 0.3154 0.2529
vt 0.3142 0.2275
vt 0.3154 0.2275
vt 0.3142 0.2026
vt 0.3154 0.2026
vt 0.3142 0.1772
vt 0.3486 0.2529
vt 0.3486 0.2275
vt 0.3486 0.2026
vt 0.3486 0.1772
vt 0.3154 0.1772
vt 0.3486 0.1519
vt 0.3154 0.1519
vt 0.3501 0.2026
vt 0.3501 0.1772
vt 0.3501 0.2275
vt 0.3501 0.2529
vt 0.3501 0.2783
vt 0.3501 0.0762
vt 0.3486 0.0508
vt 0.3501 0.0508
vt 0.3486 0.0762
vt 0.3501 0.1011
vt 0.3486 0.1011
vt 0.3501 0.1265
vt 0.3486 0.1265
vt 0.3501 0.1519
vt 0.3154 0.1265
vt 0.3154 0.1011
vt 0.3154 0.0762
vt 0.3154 0.0508
vt 0.3486 0.0254
vt 0.3154 0.0254
vt 0.3142 0.0508
vt 0.3142 0.0254
vt 0.3142 0.0000
vt 0.3154 0.0000
vt 0.3486 0.0000
vt 0.3501 0.0254
vt 0.3501 0.0000
vt 0.3142 0.1519
vt 0.3142 0.1265
vt 0.3142 0.1011
vt 0.3142 0.0762
vt 0.8550 0.1177
vt 0.8745 0.1802
vt 0.8638 0.1523
vt 0.8086 0.0820
vt 0.7593 0.0425
vt 0.8179 0.0659
vt 0.8457 0.1284
vt 0.8545 0.1572
vt 0.8643 0.1826
vt 0.8677 0.2095
vt 0.8784 0.2095
vt 0.8638 0.2358
vt 0.8545 0.1572
vt 0.8384 0.1357
vt 0.8223 0.1104
vt 0.8452 0.1626
vt 0.8306 0.1436
vt 0.8115 0.1289
vt 0.8169 0.1191
vt 0.7944 0.0991
vt 0.7544 0.0601
vt 0.7920 0.1094
vt 0.7651 0.0957
vt 0.7896 0.1196
vt 0.7876 0.1274
vt 0.8076 0.1357
vt 0.8252 0.1489
vt 0.8384 0.1665
vt 0.7656 0.1255
vt 0.7651 0.1172
vt 0.7651 0.1064
vt 0.7358 0.0996
vt 0.7388 0.1104
vt 0.7085 0.1104
vt 0.7432 0.1289
vt 0.7412 0.1211
vt 0.7388 0.1104
vt 0.7217 0.1382
vt 0.7188 0.1304
vt 0.7139 0.1201
vt 0.6978 0.1494
vt 0.6978 0.1426
vt 0.6978 0.1304
vt 0.6978 0.1182
vt 0.6968 0.0527
vt 0.6392 0.0605
vt 0.6768 0.1304
vt 0.6562 0.1104
vt 0.6816 0.1201
vt 0.6870 0.1104
vt 0.6592 0.0996
vt 0.5854 0.0825
vt 0.6299 0.0957
vt 0.6006 0.0996
vt 0.6030 0.1099
vt 0.6299 0.1069
vt 0.5640 0.1436
vt 0.5400 0.1572
vt 0.5562 0.1357
vt 0.5830 0.1289
vt 0.5776 0.1196
vt 0.6055 0.1206
vt 0.6299 0.1177
vt 0.6538 0.1211
vt 0.6074 0.1279
vt 0.5869 0.1357
vt 0.6294 0.1255
vt 0.6519 0.1294
vt 0.6733 0.1382
vt 0.5415 0.2329
vt 0.5459 0.2090
vt 0.5498 0.2310
vt 0.5381 0.2090
vt 0.5479 0.1870
vt 0.5405 0.1851
vt 0.5562 0.1665
vt 0.5493 0.1626
vt 0.5693 0.1489
vt 0.5308 0.2354
vt 0.5200 0.2383
vt 0.4736 0.2759
vt 0.4812 0.2183
vt 0.5161 0.2090
vt 0.5269 0.2090
vt 0.5298 0.1821
vt 0.5308 0.1519
vt 0.5195 0.1797
vt 0.5029 0.1641
vt 0.5488 0.1284
vt 0.5386 0.1177
vt 0.5728 0.1104
vt 0.5298 0.1821
vt 0.6968 0.0342
vt 0.6343 0.0425
vt 0.5762 0.0664
vt 0.5254 0.1045
vt 0.4871 0.1548
vt 0.4819 0.1519
vt 0.5210 0.1006
vt 0.5728 0.0610
vt 0.6328 0.0366
vt 0.6968 0.0278
vt 0.7612 0.0361
vt 0.7681 0.0093
vt 0.8213 0.0610
vt 0.6968 0.0000
vt 0.6255 0.0098
vt 0.5591 0.0371
vt 0.5015 0.0806
vt 0.4578 0.1382
vt 0.9727 0.2759
vt 0.9365 0.3403
vt 0.9448 0.2759
vt 0.9629 0.2046
vt 0.9360 0.2119
vt 0.9355 0.1382
vt 0.9116 0.1519
vt 0.8921 0.0806
vt 0.8726 0.1001
vt 0.8350 0.0371
vt 0.8682 0.1045
vt 0.9062 0.1553
vt 0.8901 0.1646
vt 0.9121 0.2183
vt 0.8745 0.2388
vt 0.8638 0.2666
vt 0.8540 0.2612
vt 0.8560 0.2773
vt 0.8638 0.2358
vt 0.8638 0.2881
vt 0.8643 0.3184
vt 0.8540 0.2935
vt 0.9204 0.2759
vt 0.8745 0.3154
vt 0.9126 0.3340
vt 0.8643 0.3184
vt 0.9302 0.2134
vt 0.9385 0.2759
vt 0.9307 0.3389
vt 0.8906 0.3882
vt 0.9067 0.3970
vt 0.8555 0.4346
vt 0.8457 0.4253
vt 0.8223 0.4434
vt 0.7944 0.4541
vt 0.7651 0.4473
vt 0.7920 0.4438
vt 0.8169 0.4341
vt 0.8384 0.4180
vt 0.8643 0.4019
vt 0.8750 0.3745
vt 0.8789 0.3447
vt 0.8682 0.3447
vt 0.8652 0.3716
vt 0.8652 0.3716
vt 0.8550 0.3965
vt 0.8457 0.3916
vt 0.8311 0.4106
vt 0.8545 0.3691
vt 0.8569 0.3452
vt 0.8530 0.3208
vt 0.8359 0.3018
vt 0.8438 0.2983
vt 0.8452 0.3232
vt 0.8491 0.3452
vt 0.8467 0.3672
vt 0.8389 0.3877
vt 0.8257 0.4048
vt 0.8438 0.2773
vt 0.8315 0.2778
vt 0.8438 0.2563
vt 0.8530 0.2334
vt 0.8564 0.2095
vt 0.8540 0.1851
vt 0.8462 0.1870
vt 0.8486 0.2090
vt 0.8452 0.2314
vt 0.8359 0.2529
vt 0.8247 0.2778
vt 0.6587 0.4541
vt 0.6392 0.4917
vt 0.6294 0.4580
vt 0.5386 0.4346
vt 0.5757 0.4858
vt 0.5254 0.4473
vt 0.5850 0.4702
vt 0.6343 0.5095
vt 0.6001 0.4546
vt 0.6294 0.4473
vt 0.6558 0.4434
vt 0.6807 0.4336
vt 0.5723 0.4438
vt 0.5488 0.4253
vt 0.5308 0.4019
vt 0.5200 0.3740
vt 0.5034 0.3877
vt 0.5161 0.3442
vt 0.6025 0.4443
vt 0.5776 0.4346
vt 0.5562 0.4180
vt 0.5400 0.3965
vt 0.5303 0.3716
vt 0.5381 0.3447
vt 0.5273 0.3447
vt 0.5410 0.3687
vt 0.5493 0.3911
vt 0.5640 0.4106
vt 0.5830 0.4253
vt 0.6055 0.4341
vt 0.5869 0.4185
vt 0.6069 0.4263
vt 0.5693 0.4053
vt 0.5562 0.3877
vt 0.5483 0.3667
vt 0.5459 0.3447
vt 0.5498 0.3228
vt 0.5420 0.3208
vt 0.5586 0.3008
vt 0.5508 0.2979
vt 0.5698 0.2773
vt 0.5635 0.2769
vt 0.5586 0.2524
vt 0.5508 0.2554
vt 0.5513 0.2769
vt 0.5405 0.2603
vt 0.5308 0.2354
vt 0.5312 0.2656
vt 0.5386 0.2764
vt 0.4817 0.3335
vt 0.5273 0.3447
vt 0.5200 0.3149
vt 0.5308 0.2876
vt 0.5405 0.2930
vt 0.5308 0.3179
vt 0.7900 0.3896
vt 0.7988 0.4043
vt 0.7827 0.3906
vt 0.8140 0.3926
vt 0.7974 0.3867
vt 0.8032 0.3823
vt 0.8257 0.3774
vt 0.8081 0.3760
vt 0.8110 0.3691
vt 0.8330 0.3599
vt 0.8120 0.3618
vt 0.8110 0.3540
vt 0.8354 0.3408
vt 0.8081 0.3472
vt 0.8032 0.3408
vt 0.8330 0.3218
vt 0.8081 0.3345
vt 0.8110 0.3276
vt 0.8262 0.3042
vt 0.8120 0.3203
vt 0.8110 0.3125
vt 0.8145 0.2886
vt 0.8081 0.3057
vt 0.8037 0.2998
vt 0.7993 0.2769
vt 0.7974 0.2949
vt 0.7905 0.2920
vt 0.7817 0.2695
vt 0.7832 0.2910
vt 0.7754 0.2920
vt 0.7627 0.2671
vt 0.7686 0.2949
vt 0.7622 0.2993
vt 0.7559 0.2949
vt 0.7437 0.2695
vt 0.7490 0.2920
vt 0.7417 0.2905
vt 0.7256 0.2769
vt 0.7339 0.2915
vt 0.7271 0.2944
vt 0.7104 0.2881
vt 0.7207 0.2993
vt 0.7163 0.3052
vt 0.6987 0.3032
vt 0.7134 0.3120
vt 0.7124 0.3198
vt 0.6914 0.3213
vt 0.7134 0.3271
vt 0.7163 0.3345
vt 0.6890 0.3398
vt 0.7207 0.3408
vt 0.7163 0.3467
vt 0.6914 0.3589
vt 0.7134 0.3535
vt 0.7119 0.3613
vt 0.6987 0.3770
vt 0.7129 0.3687
vt 0.7158 0.3760
vt 0.7100 0.3921
vt 0.7207 0.3818
vt 0.7266 0.3867
vt 0.7251 0.4038
vt 0.7334 0.3896
vt 0.7412 0.3906
vt 0.7427 0.4111
vt 0.7485 0.3896
vt 0.7554 0.3867
vt 0.7617 0.4141
vt 0.7617 0.3818
vt 0.7808 0.4116
vt 0.7681 0.3867
vt 0.7749 0.3896
vt 0.8086 0.4692
vt 0.7354 0.4541
vt 0.7651 0.4580
vt 0.8682 0.4473
vt 0.7383 0.4434
vt 0.7134 0.4336
vt 0.7412 0.4326
vt 0.7183 0.4233
vt 0.7651 0.4360
vt 0.7891 0.4336
vt 0.8120 0.4248
vt 0.8081 0.4180
vt 0.7871 0.4258
vt 0.7651 0.4282
vt 0.7432 0.4248
vt 0.7212 0.4155
vt 0.6973 0.4106
vt 0.6973 0.4043
vt 0.6729 0.4155
vt 0.6758 0.4233
vt 0.6514 0.4248
vt 0.6533 0.4326
vt 0.6289 0.4287
vt 0.6294 0.4365
vt 0.6973 0.4233
vt 0.6968 0.5178
vt 0.6968 0.4995
vt 0.6860 0.4434
vt 0.6968 0.4355
vt 0.7080 0.4434
vt 0.7544 0.4912
vt 0.7593 0.5093
vt 0.8179 0.4854
vt 0.8208 0.4907
vt 0.8726 0.4517
vt 0.8345 0.5146
vt 0.7612 0.5154
vt 0.8921 0.4712
vt 0.9360 0.4141
vt 0.6968 0.5239
vt 0.6323 0.5156
vt 0.5728 0.4912
vt 0.5210 0.4517
vt 0.4875 0.3970
vt 0.5015 0.4712
vt 0.4822 0.3999
vt 0.5586 0.5149
vt 0.6255 0.5422
vt 0.6968 0.5515
vt 0.7681 0.5420
vt 0.4636 0.3384
vt 0.4575 0.3403
vt 0.4551 0.2759
vt 0.4490 0.2759
vt 0.4634 0.2134
vt 0.4573 0.2119
vt 0.0591 0.4175
vt 0.0591 0.4604
vt 0.0784 0.4604
vt 0.0784 0.4175
vt 0.0873 0.4604
vt 0.0873 0.4932
vt 0.0784 0.4932
vt 0.0591 0.4932
vt 0.0591 0.2041
vt -0.0000 0.0000
vt 0.0309 0.0332
vt -0.0000 0.0332
vt 0.0309 0.0762
vt 0.0309 0.1187
vt -0.0000 0.2041
vt -0.0000 0.1616
vt -0.0000 0.1187
vt -0.0000 0.0762
vt 0.0591 0.4175
vt 0.0399 0.3750
vt 0.0591 0.3750
vt 0.0399 0.4175
vt 0.0309 0.4175
vt 0.0309 0.3750
vt -0.0000 0.4175
vt -0.0000 0.3750
vt 0.0309 0.3325
vt -0.0000 0.3325
vt 0.0309 0.2896
vt -0.0000 0.2896
vt 0.0309 0.2471
vt 0.0309 0.4604
vt 0.0399 0.2041
vt 0.0309 0.2041
vt 0.0399 0.2471
vt 0.0399 0.2896
vt 0.0399 0.3325
vt 0.0591 0.3750
vt 0.0591 0.3325
vt 0.0591 0.2896
vt 0.0591 0.2471
vt 0.0591 0.2041
vt 0.0784 0.3750
vt 0.0784 0.4175
vt 0.0784 0.3325
vt 0.0784 0.2896
vt 0.0784 0.2471
vt 0.0784 0.2041
vt 0.0873 0.1616
vt 0.0784 0.1616
vt 0.0873 0.2041
vt 0.0873 0.2471
vt 0.0873 0.2896
vt 0.0873 0.3325
vt 0.0873 0.3750
vt 0.0873 0.4175
vt 0.0784 0.4932
vt 0.0873 0.4604
vt 0.0873 0.4932
vt 0.0784 0.4604
vt 0.0591 0.4604
vt 0.0591 0.4175
vt 0.0399 0.4604
vt 0.0309 0.4932
vt 0.0591 0.4932
vt 0.0399 0.4932
vt -0.0000 0.4932
vt -0.0000 0.4604
vt 0.0591 0.4175
vt 0.0784 0.4604
vt 0.0591 0.4604
vt 0.0784 0.4175
vt 0.0591 0.3750
vt 0.0784 0.3750
vt 0.0591 0.3325
vt 0.0784 0.3325
vt 0.0591 0.2896
vt 0.0784 0.2896
vt 0.0591 0.2471
vt 0.0784 0.2471
vt 0.0399 0.4175
vt 0.0399 0.3750
vt 0.0399 0.3325
vt 0.0399 0.2896
vt 0.0399 0.2471
vt 0.0591 0.2041
vt 0.0309 0.2041
vt 0.0399 0.2041
vt 0.0309 0.2471
vt 0.0309 0.2896
vt 0.0309 0.3325
vt 0.0309 0.3750
vt 0.0309 0.4175
vt 0.0591 0.1616
vt -0.0000 0.4175
vt 0.0309 0.4604
vt -0.0000 0.4604
vt -0.0000 0.3750
vt -0.0000 0.3325
vt -0.0000 0.2896
vt -0.0000 0.2471
vt 0.0399 0.4604
vt 0.0399 0.4932
vt 0.0309 0.4932
vt -0.0000 0.4932
vt 0.0873 0.4604
vt 0.0873 0.4175
vt 0.0873 0.4932
vt 0.0784 0.4932
vt 0.0591 0.4932
vt 0.0784 0.1187
vt 0.0591 0.0762
vt 0.0784 0.0762
vt 0.0591 0.1187
vt 0.0784 0.1616
vt 0.0591 0.0332
vt 0.0399 0.0005
vt 0.0591 0.0005
vt 0.0784 0.0332
vt 0.0873 0.0762
vt 0.0873 0.1187
vt 0.0873 0.1616
vt 0.0873 0.2041
vt 0.0784 0.2041
vt 0.0784 0.0005
vt 0.0873 0.0332
vt 0.0873 0.0005
vt 0.0591 0.0762
vt 0.0591 0.1187
vt 0.0399 0.1187
vt 0.0399 0.0762
vt 0.0399 0.0332
vt 0.0399 0.1616
vt 0.0309 0.0005
vt 0.0309 0.0332
vt 0.0309 0.0762
vt 0.0309 0.1187
vt 0.0309 0.1616
vt -0.0000 0.2041
vt -0.0000 0.1616
vt -0.0000 0.1187
vt -0.0000 0.0762
vt -0.0000 0.0332
vt -0.0000 0.0000
vt 0.0873 0.2471
vt 0.0873 0.2896
vt 0.0873 0.3325
vt 0.0873 0.3750
vt 0.0784 0.3325
vt 0.0591 0.3750
vt 0.0591 0.3325
vt 0.0784 0.2896
vt 0.0591 0.2896
vt 0.0784 0.2471
vt 0.0591 0.2471
vt 0.0784 0.2041
vt 0.0591 0.2041
vt 0.0784 0.1616
vt 0.0591 0.1616
vt 0.0591 0.3750
vt 0.0399 0.3325
vt 0.0399 0.2896
vt 0.0399 0.2471
vt 0.0399 0.2041
vt 0.0399 0.1616
vt 0.0591 0.1616
vt 0.0399 0.1187
vt 0.0399 0.0762
vt 0.0309 0.1187
vt 0.0309 0.0762
vt 0.0309 0.1616
vt 0.0309 0.2041
vt 0.0309 0.2471
vt 0.0309 0.2896
vt 0.0309 0.0005
vt -0.0000 0.0332
vt -0.0000 0.0000
vt 0.0309 0.0332
vt -0.0000 0.0762
vt -0.0000 0.1187
vt -0.0000 0.1616
vt -0.0000 0.2041
vt 0.0399 0.0005
vt 0.0873 0.0332
vt 0.0784 0.0762
vt 0.0784 0.0332
vt 0.0873 0.0005
vt 0.0784 0.0005
vt 0.0591 0.0005
vt 0.0591 0.0332
vt 0.0399 0.0332
vt 0.0591 0.1187
vt 0.0591 0.0762
vt 0.0784 0.1187
vt 0.0873 0.2471
vt 0.0873 0.2041
vt 0.0873 0.1616
vt 0.0873 0.1187
vt 0.0873 0.0762
vt 0.0399 0.4175
vt 0.0309 0.4604
vt 0.0309 0.4175
vt 0.0399 0.3750
vt 0.0591 0.4175
vt 0.0784 0.3750
vt 0.0873 0.3325
vt 0.0873 0.2896
vt 0.0309 0.3325
vt 0.0309 0.3750
vt -0.0000 0.2471
vt -0.0000 0.2896
vt -0.0000 0.3325
vt -0.0000 0.3750
vt -0.0000 0.4175
vt -0.0000 0.4604
vt -0.0000 0.4932
vt 0.0309 0.4932
vt 0.0399 0.4604
vt 0.0399 0.4932
vt 0.0591 0.4604
vt 0.0591 0.4932
vt 0.0784 0.4604
vt 0.0784 0.4932
vt 0.0873 0.4604
vt 0.0873 0.4932
vt 0.0591 0.4175
vt 0.0873 0.3750
vt 0.0784 0.4175
vt 0.0873 0.4175
vt 0.0399 0.0005
vt 0.0309 0.0332
vt 0.0309 0.0005
vt 0.0399 0.0332
vt 0.0309 0.0762
vt 0.0399 0.0762
vt 0.0309 0.1187
vt 0.0399 0.1187
vt 0.0309 0.1616
vt 0.0399 0.1616
vt 0.0591 0.1616
vt 0.0591 0.1187
vt 0.0591 0.0762
vt 0.0591 0.0332
vt 0.0591 0.0005
vt 0.0784 0.1187
vt 0.0784 0.0762
vt 0.0784 0.0332
vt 0.0784 0.0005
vt 0.0873 0.0005
vt 0.0873 0.0332
vt 0.0873 0.0762
vt 0.0873 0.1187
vt 0.2014 0.1938
vt 0.1847 0.1606
vt 0.2014 0.1606
vt 0.1847 0.1938
vt 0.2014 0.2275
vt 0.1847 0.2275
vt 0.2014 0.2612
vt 0.1847 0.2612
vt 0.2014 0.2949
vt 0.1847 0.2949
vt 0.2014 0.3286
vt 0.1847 0.3286
vt 0.2014 0.3618
vt 0.1847 0.3618
vt 0.1681 0.3618
vt 0.1681 0.3286
vt 0.1681 0.3882
vt 0.1847 0.3882
vt 0.2014 0.3882
vt 0.2103 0.3882
vt 0.2103 0.3618
vt 0.2103 0.3286
vt 0.1591 0.2949
vt 0.1591 0.3286
vt 0.1591 0.3618
vt 0.1591 0.3882
vt 0.1348 0.3618
vt 0.1348 0.3882
vt 0.1348 0.3286
vt 0.1348 0.2949
vt 0.1348 0.2612
vt 0.1591 0.2612
vt 0.1348 0.2275
vt 0.1591 0.2275
vt 0.1348 0.1938
vt 0.1591 0.1938
vt 0.1591 0.1270
vt 0.1681 0.1606
vt 0.1591 0.1606
vt 0.1681 0.1938
vt 0.1681 0.2275
vt 0.1681 0.2612
vt 0.1681 0.2949
vt 0.1681 0.0264
vt 0.1591 0.0000
vt 0.1681 0.0000
vt 0.1847 0.0264
vt 0.1681 0.0596
vt 0.1847 0.0596
vt 0.1681 0.0933
vt 0.1847 0.0933
vt 0.1681 0.1270
vt 0.1847 0.1270
vt 0.1847 0.0000
vt 0.2014 0.0264
vt 0.2014 0.0596
vt 0.2014 0.0933
vt 0.2014 0.1270
vt 0.2103 0.1606
vt 0.2103 0.1270
vt 0.2103 0.0933
vt 0.2103 0.0596
vt 0.2103 0.0264
vt 0.2014 0.0000
vt 0.2103 0.0000
vt 0.2103 0.2949
vt 0.2103 0.2612
vt 0.2103 0.2275
vt 0.2103 0.1938
vt 0.0591 0.2041
vt 0.0591 0.1616
vt 0.2014 0.3286
vt 0.2103 0.2949
vt 0.2103 0.3286
vt 0.2014 0.3618
vt 0.2103 0.3618
vt 0.1847 0.3618
vt 0.1847 0.3286
vt 0.2014 0.2949
vt 0.2103 0.2612
vt 0.2014 0.2275
vt 0.2103 0.1938
vt 0.2103 0.2275
vt 0.2014 0.2612
vt 0.1847 0.2949
vt 0.1681 0.2949
vt 0.1681 0.3286
vt 0.1847 0.2612
vt 0.1681 0.2612
vt 0.1847 0.2612
vt 0.1847 0.2275
vt 0.1681 0.2275
vt 0.1681 0.3618
vt 0.1591 0.3618
vt 0.1591 0.3286
vt 0.1591 0.2949
vt 0.1591 0.2612
vt 0.1591 0.2275
vt 0.1348 0.3618
vt 0.1348 0.3286
vt 0.1348 0.2949
vt 0.1348 0.2612
vt 0.1348 0.2275
vt 0.1591 0.1938
vt 0.1348 0.1938
vt 0.1681 0.1938
vt 0.1681 0.1606
vt 0.1591 0.1606
vt 0.1681 0.1270
vt 0.1591 0.1270
vt 0.1681 0.0933
vt 0.1591 0.0933
vt 0.1681 0.0596
vt 0.1591 0.0596
vt 0.1847 0.1938
vt 0.1847 0.1606
vt 0.1847 0.1270
vt 0.1847 0.0933
vt 0.2014 0.1938
vt 0.2014 0.1606
vt 0.2014 0.1270
vt 0.2014 0.0933
vt 0.2014 0.0596
vt 0.1847 0.0596
vt 0.2014 0.0264
vt 0.1847 0.0264
vt 0.1681 0.0264
vt 0.1681 0.0000
vt 0.1847 0.0000
vt 0.2014 0.0000
vt 0.2103 0.0000
vt 0.2103 0.0264
vt 0.1591 0.0264
vt 0.1591 0.0000
vt 0.1348 0.1606
vt 0.1348 0.1270
vt 0.1348 0.0933
vt 0.1348 0.0596
vt 0.1348 0.0264
vt 0.1348 0.0000
vt 0.2014 0.1270
vt 0.1847 0.0933
vt 0.2014 0.0933
vt 0.1847 0.0596
vt 0.2014 0.0596
vt 0.1847 0.0264
vt 0.1681 0.0000
vt 0.1847 0.0000
vt 0.2014 0.0264
vt 0.2103 0.0596
vt 0.2103 0.0933
vt 0.2103 0.1270
vt 0.2103 0.1606
vt 0.2014 0.0000
vt 0.2103 0.0264
vt 0.2103 0.0000
vt 0.2014 0.1606
vt 0.2103 0.1938
vt 0.2014 0.1938
vt 0.2103 0.2275
vt 0.2014 0.2275
vt 0.2103 0.2612
vt 0.2014 0.2612
vt 0.2103 0.2949
vt 0.2014 0.2949
vt 0.2103 0.3286
vt 0.1847 0.2275
vt 0.1847 0.2612
vt 0.1847 0.1938
vt 0.1847 0.1606
vt 0.1847 0.1270
vt 0.1681 0.1606
vt 0.1681 0.1938
vt 0.1681 0.2275
vt 0.1681 0.2612
vt 0.1681 0.2949
vt 0.1847 0.2949
vt 0.1681 0.3286
vt 0.1847 0.3286
vt 0.1591 0.1270
vt 0.1591 0.1606
vt 0.1591 0.1938
vt 0.1591 0.2275
vt 0.1591 0.2612
vt 0.1591 0.2949
vt 0.1847 0.1270
vt 0.1681 0.1270
vt 0.1591 0.3286
vt 0.1681 0.3618
vt 0.1591 0.3618
vt 0.1348 0.3286
vt 0.1348 0.2949
vt 0.1348 0.2612
vt 0.1348 0.2275
vt 0.1348 0.1938
vt 0.1681 0.3882
vt 0.1591 0.3882
vt 0.1348 0.3618
vt 0.1348 0.3882
vt 0.2014 0.3286
vt 0.2103 0.3618
vt 0.2014 0.3618
vt 0.2103 0.3882
vt 0.2014 0.3882
vt 0.1847 0.3882
vt 0.1847 0.3618
vt 0.1681 0.0264
vt 0.1591 0.0000
vt 0.1681 0.0596
vt 0.1681 0.0933
vt 0.1348 0.0000
vt 0.1591 0.0264
vt 0.1348 0.0264
vt 0.1591 0.0596
vt 0.1591 0.0933
vt 0.1348 0.1606
vt 0.1348 0.1270
vt 0.1348 0.0933
vt 0.1348 0.0596
vt 0.1847 0.0596
vt 0.2014 0.0264
vt 0.2014 0.0596
vt 0.1847 0.0264
vt 0.1681 0.0000
vt 0.1681 0.0264
vt 0.1847 0.0000
vt 0.2014 0.0000
vt 0.2103 0.0000
vt 0.2103 0.0264
vt 0.2103 0.0596
vt 0.2014 0.0933
vt 0.2103 0.0933
vt 0.1681 0.0596
vt 0.1591 0.0264
vt 0.1591 0.0000
vt 0.1591 0.0596
vt 0.1591 0.0933
vt 0.1847 0.0596
vt 0.1591 0.1938
vt 0.1348 0.2275
vt 0.1348 0.1938
vt 0.1591 0.1606
vt 0.1348 0.1606
vt 0.1591 0.1270
vt 0.1348 0.1270
vt 0.1348 0.0933
vt 0.1348 0.0596
vt 0.1348 0.0264
vt 0.1348 0.0000
vt 0.1847 0.0933
vt 0.1681 0.0933
vt 0.1681 0.1270
vt 0.1681 0.1606
vt 0.1681 0.1938
vt 0.1591 0.2275
vt 0.1681 0.2275
vt 0.1847 0.1606
vt 0.1847 0.1938
vt 0.1847 0.2275
vt 0.1847 0.2612
vt 0.1681 0.2612
vt 0.1847 0.2949
vt 0.1681 0.2949
vt 0.1591 0.2612
vt 0.1591 0.2949
vt 0.1591 0.3286
vt 0.1681 0.3286
vt 0.1591 0.3618
vt 0.1847 0.3286
vt 0.2014 0.2949
vt 0.2014 0.2612
vt 0.2014 0.2275
vt 0.2014 0.1938
vt 0.2103 0.2612
vt 0.2103 0.2949
vt 0.2014 0.3286
vt 0.1847 0.3618
vt 0.1681 0.3618
vt 0.1591 0.3882
vt 0.1348 0.3882
vt 0.2103 0.3286
vt 0.2014 0.3618
vt 0.2103 0.3618
vt 0.2014 0.3882
vt 0.2103 0.3882
vt 0.1847 0.3882
vt 0.1681 0.3882
vt 0.2014 0.1270
vt 0.2103 0.1270
vt 0.2014 0.1606
vt 0.2103 0.1606
vt 0.2103 0.1938
vt 0.2103 0.2275
vt 0.1847 0.1270
vt 0.1847 0.1606
vt 0.9224 0.8425
vt 0.9292 0.8352
vt 0.9292 0.8425
vt 0.9292 0.8500
vt 0.9224 0.8500
vt 0.9185 0.8500
vt 0.9082 0.8500
vt 0.9028 0.8425
vt 0.9082 0.8425
vt 0.9121 0.8425
vt 0.9121 0.8500
vt 0.9185 0.8425
vt 0.9224 0.8352
vt 0.9292 0.8203
vt 0.9224 0.8203
vt 0.9082 0.8352
vt 0.9028 0.8500
vt 0.9082 0.7904
vt 0.9028 0.7755
vt 0.9082 0.7755
vt 0.9028 0.7904
vt 0.9082 0.8054
vt 0.9028 0.8054
vt 0.9082 0.8203
vt 0.9028 0.8203
vt 0.9028 0.8352
vt 0.9121 0.7904
vt 0.9121 0.8054
vt 0.9224 0.8054
vt 0.9185 0.8203
vt 0.9185 0.8054
vt 0.9185 0.7904
vt 0.9121 0.7755
vt 0.9121 0.7606
vt 0.9185 0.7606
vt 0.9224 0.7904
vt 0.9292 0.8054
vt 0.9292 0.7904
vt 0.9224 0.7755
vt 0.9185 0.7755
vt 0.9224 0.7606
vt 0.9224 0.7458
vt 0.9292 0.7755
vt 0.9292 0.7606
vt 0.9292 0.7458
vt 0.9292 0.7307
vt 0.9224 0.7307
vt 0.9185 0.7458
vt 0.9121 0.7458
vt 0.9185 0.7307
vt 0.9224 0.7158
vt 0.9292 0.7158
vt 0.9224 0.7085
vt 0.9292 0.7085
vt 0.9224 0.7012
vt 0.9292 0.7012
vt 0.9121 0.7158
vt 0.9185 0.7085
vt 0.9185 0.7158
vt 0.9121 0.7307
vt 0.9082 0.7458
vt 0.9082 0.7606
vt 0.9028 0.7606
vt 0.9121 0.7085
vt 0.9082 0.7158
vt 0.9082 0.7085
vt 0.9082 0.7307
vt 0.9028 0.7012
vt 0.9028 0.7085
vt 0.9028 0.7158
vt 0.9028 0.7307
vt 0.9028 0.7458
vt 0.9185 0.7012
vt 0.9121 0.7012
vt 0.9082 0.7012
vt 0.1348 0.1606
vt 0.1348 0.1270
vt 0.1348 0.0933
vt 0.1591 0.0933
vt 0.1348 0.0596
vt 0.1591 0.0596
vt 0.1348 0.0264
vt 0.1591 0.0264
vt 0.1348 0.0000
vt 0.9292 0.7085
vt 0.9224 0.7012
vt 0.9292 0.7012
vt 0.9121 0.7085
vt 0.9082 0.7012
vt 0.9121 0.7012
vt 0.9185 0.7085
vt 0.9185 0.7012
vt 0.9224 0.7085
vt 0.9292 0.7158
vt 0.9224 0.7158
vt 0.9292 0.7307
vt 0.9224 0.7307
vt 0.9082 0.7158
vt 0.9082 0.7085
vt 0.9121 0.7158
vt 0.9185 0.7158
vt 0.9185 0.7307
vt 0.9185 0.7458
vt 0.9121 0.7458
vt 0.9121 0.7307
vt 0.9224 0.7458
vt 0.9185 0.7606
vt 0.9121 0.7606
vt 0.9082 0.7458
vt 0.9082 0.7307
vt 0.9121 0.7755
vt 0.9082 0.7606
vt 0.9028 0.7458
vt 0.9028 0.7307
vt 0.9028 0.7158
vt 0.9028 0.7085
vt 0.9028 0.7012
vt 0.9185 0.8203
vt 0.9224 0.8054
vt 0.9224 0.8203
vt 0.9185 0.8054
vt 0.9121 0.8054
vt 0.9185 0.7904
vt 0.9121 0.7904
vt 0.9082 0.7755
vt 0.9224 0.7904
vt 0.9028 0.7606
vt 0.9028 0.7755
vt 0.9082 0.7904
vt 0.9082 0.8054
vt 0.9121 0.8203
vt 0.9121 0.8352
vt 0.9082 0.8203
vt 0.9082 0.8352
vt 0.9121 0.8425
vt 0.9185 0.8425
vt 0.9082 0.8425
vt 0.9028 0.7904
vt 0.9028 0.8054
vt 0.9028 0.8203
vt 0.9028 0.8352
vt 0.9028 0.8425
vt 0.9082 0.8500
vt 0.9028 0.8500
vt 0.9121 0.8500
vt 0.9185 0.8500
vt 0.9224 0.8425
vt 0.9224 0.8352
vt 0.9292 0.8352
vt 0.9292 0.8203
vt 0.9292 0.8425
vt 0.9292 0.8500
vt 0.9224 0.8500
vt 0.9185 0.8352
vt 0.9292 0.7458
vt 0.9292 0.7606
vt 0.9224 0.7606
vt 0.9185 0.7755
vt 0.9224 0.7755
vt 0.9292 0.7904
vt 0.9292 0.8054
vt 0.9292 0.7755
vt 0.1348 0.3618
vt 0.1348 0.3286
vt 0.1348 0.2949
vt 0.1348 0.2612
vt 0.9121 0.8203
vt 0.9121 0.8352
vt 0.9185 0.8352
vt 0.3623 0.7690
vt 0.3494 0.7563
vt 0.3667 0.6069
vt 0.3728 0.6084
vt 0.5586 0.8160
vt 0.5581 0.8154
vt 0.5591 0.8163
vt 0.5620 0.8142
vt 0.0316 0.4424
vt 0.0264 0.4424
vt 0.0316 0.4248
vt 0.0264 0.4604
vt 0.0316 0.4604
vt 0.0264 0.4780
vt 0.0316 0.4780
vt 0.0622 0.4248
vt 0.0622 0.4424
vt 0.0622 0.4604
vt 0.0622 0.4780
vt 0.0686 0.4072
vt 0.0686 0.4248
vt 0.0686 0.4424
vt 0.0686 0.4604
vt 0.0686 0.4780
vt 0.0894 0.4604
vt 0.0894 0.4424
vt 0.0894 0.4248
vt 0.0894 0.4072
vt 0.0894 0.3896
vt 0.0264 0.4956
vt 0.0316 0.4956
vt 0.0622 0.4956
vt 0.0686 0.4956
vt 0.0894 0.4956
vt 0.0894 0.4780
vt 0.0002 0.4604
vt 0.0002 0.4780
vt 0.0002 0.4956
vt 0.4490 0.6389
vt 0.4524 0.6304
vt 0.4529 0.6411
vt 0.4695 0.6309
vt 0.4644 0.6433
vt -0.0000 0.2471
vt -0.0000 0.2041
vt -0.0000 0.1616
vt -0.0000 0.1187
vt -0.0000 0.0762
vt -0.0000 0.0332
vt -0.0000 0.0000
vt 0.9121 0.4004
vt 0.9634 0.3472
vt 0.2103 0.0596
vt 0.2103 0.0933
vt 0.2103 0.1270
vt 0.2103 0.1606
vt 0.4304 0.2046
vt 0.4214 0.2759
vt 0.4307 0.3472
vt 0.4583 0.4141
vt 0.2014 0.3882
vt 0.2103 0.3882
vt 0.1847 0.3882
vt 0.1681 0.3882
vt 0.1591 0.3882
vt 0.1348 0.3882
vt 1.8564 0.0874
vt 1.9990 0.0874
vt 2.1426 0.0874
vt 2.2852 0.0874
vt 2.4277 0.0874
vt 1.8564 0.0005
vt 1.9990 0.0005
vt 2.1426 0.0005
vt 2.2852 0.0005
vt 2.4277 0.0005
vt 1.2852 0.0874
vt 1.4277 0.0874
vt 1.5713 0.0874
vt 1.7139 0.0874
vt 1.2852 0.0005
vt 1.4277 0.0005
vt 1.5713 0.0005
vt 1.7139 0.0000
vt 0.2170 0.8990
vt 0.1925 0.9035
vt 0.1912 0.9259
vt 0.1656 0.9080
vt 0.1632 0.9276
vt 0.1458 0.9252
vt 0.1508 0.9102
vt 0.1278 0.9211
vt 0.1328 0.9132
vt 0.1218 0.9155
vt 0.2177 0.9702
vt 0.1862 0.9701
vt 0.1519 0.9653
vt 0.1268 0.9566
vt 0.1033 0.9392
vt 0.0941 0.9201
vt 0.1272 0.9087
vt 0.0969 0.8991
vt 0.1434 0.8976
vt 0.1139 0.8743
vt 0.1584 0.8902
vt 0.1327 0.8586
vt 0.5342 0.7689
vt 0.5293 0.7368
vt 0.5308 0.7675
vt 0.5244 0.7356
vt 0.5278 0.7662
vt 0.5166 0.7363
vt 0.5229 0.7656
vt 0.4810 0.7327
vn 0.4853 -0.3724 0.7911
vn 0.3724 -0.4853 0.7911
vn 0.6088 -0.7934 0.0000
vn 0.3827 -0.9239 0.0000
vn 0.2341 -0.5651 0.7911
vn 0.0000 0.0000 -1.0000
vn 0.1435 -0.9897 0.0000
vn 0.9239 0.3827 0.0000
vn 0.9919 0.1270 0.0000
vn 0.9910 -0.1342 0.0000
vn 0.9239 -0.3827 -0.0000
vn 0.7934 -0.6088 0.0000
vn 0.6059 -0.0823 0.7913
vn 0.5651 -0.2341 0.7911
vn -0.4853 0.3724 0.7911
vn -0.5651 0.2341 0.7911
vn -0.6059 0.0823 0.7913
vn -0.6063 0.0826 0.7909
vn -0.6065 -0.0775 0.7913
vn 0.6065 0.0775 0.7913
vn 0.6063 -0.0821 0.7910
vn -0.5651 -0.2341 0.7911
vn -0.6070 -0.0773 0.7909
vn -0.9920 -0.1264 0.0000
vn -0.9909 0.1349 0.0000
vn -0.9239 0.3827 0.0000
vn -0.7934 0.6088 0.0000
vn -0.6088 0.7934 0.0000
vn -0.4853 -0.3724 0.7911
vn -0.3724 -0.4853 0.7911
vn 0.1504 0.9886 0.0000
vn 0.0918 0.6038 0.7918
vn 0.2341 0.5651 0.7911
vn 0.3724 0.4853 0.7911
vn 0.4853 0.3724 0.7911
vn 0.5651 0.2341 0.7911
vn -0.2341 -0.5651 0.7911
vn 0.0808 0.5968 0.7983
vn -0.0820 -0.6060 0.7913
vn -0.3827 -0.9239 0.0000
vn -0.6088 -0.7934 0.0000
vn -0.7934 -0.6088 -0.0000
vn -0.9239 -0.3827 -0.0000
vn -0.0759 -0.6000 0.7964
vn -0.1255 -0.9921 0.0000
vn 0.8450 -0.5347 0.0000
vn 0.0706 -0.0370 -0.9968
vn 0.0673 -0.0426 -0.9968
vn 0.0586 -0.0540 -0.9968
vn 0.7352 -0.6779 0.0000
vn 0.4996 -0.4606 0.7336
vn 0.4606 -0.4996 0.7336
vn 0.6779 -0.7352 0.0000
vn 0.5347 -0.8450 0.0000
vn 0.0540 -0.0586 -0.9968
vn 0.0426 -0.0673 -0.9968
vn 0.0370 -0.0706 -0.9968
vn 0.0369 -0.0702 -0.9969
vn 0.4649 -0.8854 0.0000
vn 0.3634 -0.5742 0.7336
vn 0.3158 -0.6017 0.7336
vn 0.2973 -0.9548 0.0000
vn 0.0235 -0.0757 -0.9969
vn 0.0238 -0.0761 -0.9968
vn 0.0134 -0.0788 -0.9968
vn 0.0144 -0.0796 -0.9967
vn 0.0060 -0.0808 -0.9967
vn 0.0074 -0.0821 -0.9966
vn 0.1182 -0.6703 0.7326
vn 0.2021 -0.6488 0.7336
vn 0.2024 -0.6475 0.7347
vn 0.3147 -0.6010 0.7347
vn -0.3642 0.6955 0.6193
vn -0.4198 0.6635 0.6193
vn -0.5322 0.5772 0.6193
vn -0.6751 0.7322 -0.0905
vn -0.1395 0.7727 0.6193
vn -0.1403 0.7733 0.6184
vn -0.2343 0.7494 0.6193
vn -0.2342 0.7497 0.6189
vn -0.3645 0.6957 0.6189
vn 0.1220 -0.6724 0.7300
vn -0.0888 0.9920 -0.0893
vn -0.1773 0.9800 -0.0900
vn -0.1771 0.9800 -0.0903
vn -0.2971 0.9506 -0.0905
vn -0.2970 0.9506 -0.0907
vn -0.4621 0.8822 -0.0906
vn -0.4622 0.8822 -0.0905
vn -0.5325 0.8416 -0.0905
vn 0.1732 -0.9849 0.0000
vn 0.0825 -0.9966 0.0000
vn 0.0573 -0.6863 0.7251
vn 0.0616 -0.6817 0.7290
vn -0.0706 0.7805 0.6212
vn -0.0697 0.7816 0.6199
vn -0.0891 0.9920 -0.0889
vn -0.6635 0.4198 0.6193
vn -0.5772 0.5322 0.6193
vn 0.0702 -0.0370 -0.9969
vn 0.8854 -0.4649 -0.0000
vn 0.6017 -0.3158 0.7336
vn 0.5742 -0.3634 0.7336
vn 0.6010 -0.3148 0.7347
vn -0.6955 0.3643 0.6193
vn -0.6957 0.3645 0.6189
vn -0.7497 0.2342 0.6189
vn -0.7494 0.2343 0.6193
vn -0.7733 0.1403 0.6184
vn 0.6724 -0.1219 0.7301
vn 0.6703 -0.1182 0.7326
vn 0.9849 -0.1732 0.0000
vn 0.9548 -0.2973 0.0000
vn 0.6488 -0.2021 0.7337
vn 0.6475 -0.2024 0.7347
vn -0.7727 0.1395 0.6193
vn -0.9920 0.0891 -0.0893
vn -0.7816 0.0697 0.6199
vn -0.7805 0.0706 0.6212
vn 0.6859 -0.0620 0.7250
vn 0.6824 -0.0570 0.7288
vn 0.9966 -0.0825 -0.0000
vn 0.0788 -0.0134 -0.9968
vn 0.0761 -0.0238 -0.9968
vn 0.0757 -0.0235 -0.9969
vn 0.0796 -0.0144 -0.9967
vn 0.0807 -0.0073 -0.9967
vn 0.0822 -0.0061 -0.9966
vn -0.9921 0.0888 -0.0889
vn -0.7322 0.6751 -0.0905
vn -0.8416 0.5325 -0.0905
vn -0.8822 0.4621 -0.0905
vn -0.8822 0.4622 -0.0906
vn -0.9505 0.2971 -0.0906
vn -0.9506 0.2970 -0.0905
vn -0.9800 0.1771 -0.0903
vn -0.9800 0.1773 -0.0900
vn -0.0144 -0.0796 -0.9967
vn -0.0073 -0.0807 -0.9967
vn -0.0061 -0.0822 -0.9966
vn -0.0825 -0.9966 0.0000
vn 0.0891 0.9920 -0.0893
vn 0.0697 0.7816 0.6199
vn 0.0706 0.7805 0.6212
vn -0.0620 -0.6859 0.7250
vn -0.0570 -0.6824 0.7288
vn -0.1732 -0.9849 -0.0000
vn -0.0134 -0.0788 -0.9968
vn -0.0238 -0.0761 -0.9968
vn -0.0235 -0.0757 -0.9969
vn 0.1395 0.7727 0.6193
vn 0.0888 0.9921 -0.0889
vn 0.6751 0.7322 -0.0905
vn 0.5325 0.8416 -0.0905
vn 0.4621 0.8822 -0.0905
vn 0.4622 0.8822 -0.0906
vn 0.2971 0.9505 -0.0906
vn 0.2970 0.9506 -0.0905
vn 0.1771 0.9800 -0.0903
vn 0.1773 0.9800 -0.0900
vn 0.4198 0.6635 0.6193
vn 0.5322 0.5772 0.6193
vn -0.0369 -0.0702 -0.9969
vn -0.4649 -0.8854 -0.0000
vn -0.3158 -0.6017 0.7336
vn -0.3634 -0.5742 0.7336
vn -0.4606 -0.4996 0.7336
vn 0.5772 0.5322 0.6193
vn -0.4996 -0.4606 0.7336
vn -0.5347 -0.8450 0.0000
vn -0.0370 -0.0706 -0.9968
vn -0.0426 -0.0673 -0.9968
vn -0.0540 -0.0586 -0.9968
vn -0.6779 -0.7352 0.0000
vn -0.7352 -0.6779 -0.0000
vn -0.8450 -0.5347 0.0000
vn -0.0586 -0.0540 -0.9968
vn -0.0673 -0.0426 -0.9968
vn -0.0706 -0.0370 -0.9968
vn -0.0702 -0.0369 -0.9969
vn -0.8854 -0.4649 -0.0000
vn -0.5742 -0.3634 0.7336
vn -0.6017 -0.3158 0.7336
vn -0.9548 -0.2973 0.0000
vn -0.0757 -0.0235 -0.9969
vn -0.0761 -0.0238 -0.9968
vn -0.0788 -0.0134 -0.9968
vn -0.0796 -0.0144 -0.9967
vn -0.0808 -0.0060 -0.9967
vn -0.0821 -0.0074 -0.9966
vn -0.6703 -0.1182 0.7326
vn -0.6488 -0.2021 0.7337
vn -0.6475 -0.2024 0.7347
vn -0.6010 -0.3147 0.7347
vn 0.6955 0.3643 0.6193
vn 0.6635 0.4198 0.6193
vn 0.7322 0.6751 -0.0905
vn 0.7727 0.1395 0.6193
vn 0.7733 0.1403 0.6184
vn 0.7494 0.2343 0.6193
vn 0.7497 0.2342 0.6189
vn 0.6957 0.3645 0.6189
vn -0.6724 -0.1219 0.7301
vn 0.9920 0.0888 -0.0893
vn 0.9800 0.1773 -0.0900
vn 0.9800 0.1771 -0.0903
vn 0.9506 0.2971 -0.0905
vn 0.9506 0.2970 -0.0906
vn 0.8822 0.4621 -0.0906
vn 0.8822 0.4622 -0.0905
vn 0.8416 0.5325 -0.0905
vn -0.9849 -0.1732 0.0000
vn -0.9966 -0.0825 0.0000
vn -0.6863 -0.0573 0.7251
vn -0.6817 -0.0616 0.7290
vn 0.7805 0.0706 0.6212
vn 0.7816 0.0697 0.6199
vn 0.9920 0.0891 -0.0889
vn -0.3147 -0.6010 0.7347
vn 0.3643 0.6955 0.6193
vn 0.3645 0.6957 0.6189
vn 0.2342 0.7497 0.6189
vn 0.2343 0.7494 0.6193
vn 0.1403 0.7733 0.6184
vn -0.1219 -0.6724 0.7301
vn -0.1182 -0.6703 0.7326
vn -0.2973 -0.9548 0.0000
vn -0.2021 -0.6488 0.7337
vn -0.2024 -0.6475 0.7347
vn 0.0068 0.0218 -0.9997
vn -0.0680 -0.3103 0.9482
vn -0.1266 -0.0717 0.9894
vn 0.0806 -0.2487 0.9652
vn -0.3097 -0.2521 0.9168
vn 0.0399 -0.3621 0.9313
vn -0.1092 -0.0328 0.9935
vn -0.0454 -0.1099 0.9929
vn -0.0857 0.0742 0.9936
vn 0.0000 -0.0001 -1.0000
vn 0.0135 -0.0025 -0.9999
vn 0.0314 0.1319 -0.9908
vn 0.1201 -0.1277 -0.9845
vn -0.0100 -0.0096 -0.9999
vn -0.0118 -0.0082 -0.9999
vn -0.0085 -0.0105 -0.9999
vn -0.0326 -0.0024 -0.9995
vn -0.0756 0.0287 -0.9967
vn -0.0251 0.0205 -0.9995
vn -0.0845 0.1010 -0.9913
vn -0.0114 -0.0110 -0.9999
vn -0.0117 -0.0105 -0.9999
vn 0.9311 -0.3649 0.0000
vn 0.0023 -0.0135 -0.9999
vn 0.0028 -0.0136 -0.9999
vn -0.0051 -0.0121 -0.9999
vn -0.0079 -0.0108 -0.9999
vn 0.3373 -0.9414 0.0000
vn -0.9649 -0.2624 -0.0000
vn -0.4294 -0.3316 0.8400
vn -0.3216 -0.3891 0.8632
vn -0.4323 -0.3668 0.8237
vn -0.0795 -0.0266 0.9965
vn -0.2760 -0.0367 0.9604
vn -0.3223 -0.2135 0.9223
vn -0.1630 -0.3205 0.9331
vn -0.8785 -0.4534 0.1507
vn -0.7465 -0.6140 0.2564
vn -0.4467 -0.8947 0.0000
vn -0.4931 0.0532 0.8683
vn 0.2092 0.0425 0.9770
vn -0.0145 -0.1763 0.9842
vn -0.4446 -0.3603 0.8201
vn -0.3313 -0.3551 0.8741
vn -0.1601 -0.1489 0.9758
vn -0.1727 -0.1557 0.9726
vn -0.1651 -0.1568 0.9737
vn -0.6594 -0.7012 0.2711
vn -0.5004 -0.8021 0.3260
vn -0.4322 -0.8374 0.3346
vn -0.3701 -0.9290 0.0000
vn -0.3028 -0.9530 0.0000
vn -0.3812 -0.8551 0.3513
vn -0.3195 -0.9476 0.0000
vn -0.8975 0.4410 0.0000
vn -0.3358 -0.9419 0.0000
vn -0.0568 -0.9984 -0.0000
vn 0.2656 -0.9641 0.0000
vn -0.5033 -0.7846 0.3621
vn 0.0318 -0.1999 0.9793
vn 0.3921 -0.5473 0.7394
vn -0.2034 -0.4213 0.8838
vn -0.2400 -0.2905 0.9263
vn -0.1188 -0.2990 0.9468
vn -0.1059 -0.2608 0.9596
vn 0.3637 -0.3303 0.8710
vn 0.3874 -0.3658 0.8462
vn -0.2396 -0.5075 0.8277
vn -0.2476 -0.5218 0.8163
vn -0.2353 -0.5215 0.8202
vn -0.1188 -0.1410 0.9829
vn 0.2074 -0.1213 0.9707
vn 0.1294 -0.2363 0.9630
vn 0.1669 -0.2063 0.9642
vn 0.2713 -0.1913 0.9433
vn 0.4152 -0.0258 0.9094
vn 0.4177 -0.0355 0.9079
vn -0.0855 -0.1139 0.9898
vn 0.2654 0.0832 0.9605
vn 0.2766 -0.2019 0.9395
vn 0.6666 -0.1947 0.7196
vn 0.6700 -0.3571 0.6509
vn -0.5483 -0.6785 0.4889
vn -0.7228 -0.4331 0.5385
vn -0.6868 -0.2730 0.6736
vn -0.6486 -0.3653 0.6677
vn -0.5585 -0.0905 0.8245
vn -0.5430 -0.3510 0.7629
vn -0.0332 -0.3835 0.9229
vn 0.9492 -0.3148 -0.0000
vn 0.8488 -0.5288 -0.0000
vn 0.8488 -0.5287 0.0000
vn -0.4539 -0.8910 -0.0000
vn -0.8557 -0.5174 0.0000
vn -0.8908 -0.4543 0.0000
vn -0.8296 -0.5584 0.0000
vn -0.0343 -0.9994 0.0000
vn -0.3554 -0.9347 -0.0000
vn -0.3247 -0.9458 0.0000
vn -0.5963 -0.7425 0.3053
vn -0.4945 -0.7952 0.3508
vn -0.9269 -0.2886 0.2398
vn -0.2605 -0.4491 0.8547
vn 0.1377 -0.1131 0.9840
vn -0.1954 -0.0430 0.9798
vn -0.3745 -0.0461 0.9261
vn -0.1046 -0.2345 0.9665
vn -0.5267 -0.7962 0.2977
vn -0.3279 -0.8882 0.3219
vn -0.0395 -0.3445 0.9380
vn -0.0452 -0.3788 0.9244
vn -0.2053 -0.3095 0.9285
vn -0.4118 -0.8352 0.3645
vn -0.3295 -0.8709 0.3647
vn -0.4488 -0.8936 0.0000
vn -0.9842 -0.1769 -0.0000
vn -0.9832 -0.1823 0.0000
vn -0.0163 -0.7136 0.7004
vn 0.0402 -0.5415 0.8397
vn 0.0907 -0.3978 0.9130
vn 0.1719 -0.7252 0.6667
vn 0.1700 -0.7233 0.6693
vn 0.1875 -0.7212 0.6669
vn 0.1466 -0.6978 0.7011
vn -0.0005 -0.6999 0.7142
vn -0.0144 -0.7725 0.6349
vn 0.0133 -0.7908 0.6119
vn 0.0139 -0.7808 0.6246
vn 0.1742 -0.7614 0.6245
vn 0.1072 -0.7971 0.5943
vn 0.3953 -0.6019 0.6939
vn 0.1641 -0.7495 0.6413
vn 0.1779 -0.7476 0.6399
vn 0.1357 -0.7659 0.6285
vn -0.0215 -0.7589 0.6509
vn 0.5545 0.4592 0.6941
vn 0.5359 0.4828 0.6926
vn 0.2012 0.5612 0.8029
vn 0.2004 0.5617 0.8027
vn 0.1145 0.5717 0.8125
vn 0.0892 0.5911 0.8017
vn 0.3389 -0.7491 0.5692
vn 0.5229 -0.5642 0.6389
vn 0.8475 -0.0686 0.5263
vn 0.8139 0.1329 0.5656
vn 0.8233 0.3607 0.4382
vn 0.5217 0.5279 0.6702
vn 0.3467 0.6940 0.6310
vn 0.1928 0.7260 0.6601
vn 0.1342 0.7622 0.6332
vn 0.0798 0.7687 0.6346
vn 0.0484 -0.2620 0.9639
vn 0.0080 -0.1817 0.9833
vn 0.0513 -0.2000 0.9785
vn 0.0668 0.4523 0.8894
vn 0.0898 0.4521 0.8874
vn 0.0855 0.6750 0.7329
vn 0.2940 0.6602 0.6911
vn 0.4187 0.5505 0.7223
vn 0.6708 0.5576 0.4891
vn 0.7246 0.3341 0.6027
vn 0.5688 0.3935 0.7222
vn 0.0707 0.4547 0.8879
vn 0.0557 0.7131 0.6988
vn 0.0735 0.7020 0.7084
vn 0.1344 0.6970 0.7044
vn 0.0767 0.7704 0.6330
vn 0.1377 0.7632 0.6313
vn 0.1176 0.7031 0.7013
vn 0.1603 0.6050 0.7800
vn 0.1422 0.4516 0.8808
vn 0.1578 0.4214 0.8930
vn 0.0698 -0.1733 0.9824
vn 0.0409 0.5934 0.8039
vn 0.0703 0.7236 0.6866
vn 0.2065 0.6855 0.6982
vn 0.1703 0.6029 0.7794
vn 0.1704 0.5796 0.7969
vn 0.1458 0.4685 0.8713
vn 0.1141 0.4346 0.8933
vn -0.0333 -0.1764 0.9838
vn 0.0765 -0.1863 0.9795
vn 0.0106 -0.2872 0.9578
vn -0.0822 -0.0617 0.9947
vn -0.1856 -0.0465 0.9815
vn -0.7689 0.2649 0.5819
vn -0.8618 0.1989 0.4666
vn -0.6412 0.5248 0.5598
vn -0.7200 0.5189 0.4608
vn -0.0038 0.8298 0.5580
vn -0.0128 0.8690 0.4947
vn 0.1958 0.8358 0.5130
vn 0.1943 0.8388 0.5085
vn 0.2899 0.8032 0.5204
vn 0.2849 0.8246 0.4887
vn -0.0366 0.7208 0.6922
vn -0.6852 0.4435 0.5778
vn -0.8314 0.1434 0.5369
vn -0.6742 -0.6578 0.3357
vn -0.6715 -0.6543 0.3478
vn -0.8114 -0.4570 0.3644
vn -0.7791 -0.4298 0.4564
vn -0.7900 -0.4325 0.4346
vn -0.7894 -0.4305 0.4377
vn -0.1877 -0.2042 0.9608
vn -0.1310 0.8434 0.5211
vn 0.1779 0.8136 0.5536
vn 0.1713 0.8180 0.5491
vn -0.4717 -0.8374 0.2760
vn -0.4330 -0.8718 0.2289
vn -0.7012 -0.6674 0.2509
vn -0.7191 -0.5452 0.4309
vn -0.3267 -0.0763 0.9420
vn -0.2343 -0.1756 0.9562
vn -0.2795 -0.0706 0.9576
vn -0.3544 -0.0641 0.9329
vn 0.1852 -0.3534 0.9170
vn -0.0091 -0.3359 0.9419
vn -0.0178 -0.3152 0.9488
vn 0.1274 -0.4933 0.8605
vn 0.2568 -0.5125 0.8194
vn -0.2353 -0.5217 0.8200
vn -0.1506 -0.5527 0.8197
vn -0.1497 -0.5533 0.8194
vn 0.9586 0.0242 0.2837
vn 0.8707 -0.3190 0.3743
vn 0.6017 -0.7616 0.2406
vn -0.0333 -0.9106 0.4120
vn 0.1478 -0.8870 0.4375
vn 0.1700 -0.8888 0.4256
vn -0.1984 -0.8785 0.4346
vn -0.0991 -0.9426 0.3189
vn -0.3223 -0.8907 0.3207
vn -0.2408 -0.9342 0.2630
vn 0.7526 -0.6348 0.1748
vn 0.4343 -0.7175 0.5446
vn 0.1275 -0.8439 0.5212
vn 0.1497 -0.8823 0.4463
vn -0.2034 -0.8255 0.5265
vn -0.1947 -0.8510 0.4877
vn -0.3426 -0.8059 0.4829
vn -0.3167 -0.8705 0.3768
vn -0.4468 -0.8062 0.3879
vn -0.4607 -0.8350 0.3010
vn 0.2089 -0.0779 0.9748
vn -0.0198 0.1273 0.9917
vn -0.1169 -0.1684 0.9788
vn 0.2818 -0.0964 0.9546
vn -0.1427 -0.1610 0.9766
vn 0.1660 -0.2442 0.9554
vn -0.0660 -0.0182 0.9977
vn -0.1201 0.0987 0.9878
vn -0.2016 0.1819 0.9624
vn -0.0397 0.1073 0.9934
vn -0.1335 0.2072 0.9691
vn -0.0252 0.1586 0.9870
vn -0.0655 0.1934 0.9789
vn -0.1823 0.2353 0.9547
vn -0.0829 -0.2141 0.9733
vn -0.0770 -0.2135 0.9739
vn 0.5210 0.0924 0.8485
vn 0.4564 0.2618 0.8504
vn 0.4605 0.3359 0.8217
vn 0.3644 0.4760 0.8004
vn 0.3699 0.4471 0.8144
vn 0.3246 0.5074 0.7982
vn 0.3241 0.5110 0.7961
vn -0.1807 0.0064 0.9835
vn -0.0395 -0.1493 0.9880
vn -0.0798 -0.2027 0.9760
vn 0.2974 -0.0206 0.9545
vn 0.1775 0.0802 0.9808
vn -0.1729 -0.0354 0.9843
vn -0.2091 0.0053 0.9779
vn -0.1045 0.0571 0.9929
vn -0.4096 0.3240 0.8528
vn 0.4203 0.6202 0.6623
vn 0.4637 0.3814 0.7997
vn 0.2059 0.4352 0.8765
vn 0.1946 0.3927 0.8989
vn 0.4628 0.5451 0.6991
vn 0.4633 0.5421 0.7010
vn -0.3046 0.0454 0.9514
vn -0.1069 -0.1176 0.9873
vn 0.1101 -0.0031 0.9939
vn 0.0997 0.0067 0.9950
vn -0.0254 -0.0334 0.9991
vn 0.2704 -0.2877 0.9188
vn 0.0418 -0.3214 0.9460
vn -0.0256 -0.3855 0.9224
vn 0.1450 -0.2736 0.9509
vn 0.1551 -0.2988 0.9416
vn 0.1864 -0.2934 0.9376
vn -0.0149 -0.2155 0.9764
vn 0.2386 -0.2222 0.9454
vn -0.1740 0.0311 0.9843
vn 0.3336 -0.0795 0.9393
vn 0.0237 -0.2611 0.9650
vn 0.0491 -0.3160 0.9475
vn 0.1973 -0.3081 0.9307
vn 0.1278 -0.2224 0.9665
vn 0.2499 -0.2237 0.9421
vn 0.0338 -0.0472 0.9983
vn 0.2351 -0.0599 0.9701
vn -0.0129 0.0649 0.9978
vn -0.0813 0.0716 0.9941
vn 0.3291 -0.0293 0.9438
vn 0.5824 -0.0573 0.8109
vn 0.5587 0.0321 0.8287
vn 0.5991 0.1292 0.7902
vn 0.5601 0.2390 0.7932
vn 0.5656 0.2634 0.7815
vn 0.5211 0.3652 0.7714
vn 0.5226 0.3289 0.7866
vn 0.1054 -0.0799 0.9912
vn 0.5565 0.2576 0.7899
vn 0.5676 0.3170 0.7598
vn 0.2733 0.2089 0.9390
vn 0.2544 0.2116 0.9437
vn 0.2323 0.2569 0.9381
vn 0.3598 0.1866 0.9142
vn 0.3571 0.1930 0.9139
vn 0.4110 0.1709 0.8955
vn 0.4433 0.0857 0.8923
vn 0.6368 0.2118 0.7414
vn 0.6463 0.1022 0.7562
vn 0.7244 0.1735 0.6672
vn 0.7141 0.2204 0.6644
vn 0.7167 0.2236 0.6605
vn 0.7022 0.2767 0.6560
vn 0.7232 0.3089 0.6177
vn 0.6844 0.4132 0.6007
vn 0.7310 0.4874 0.4775
vn 0.6371 0.6184 0.4601
vn 0.8196 0.5193 0.2421
vn 0.9106 0.3250 0.2555
vn 0.9117 0.3119 0.2675
vn 0.9373 0.2197 0.2704
vn 0.9342 0.2983 0.1955
vn 0.9551 0.2197 0.1987
vn 0.9560 0.1870 0.2261
vn 0.9507 0.2132 0.2252
vn 0.9470 0.2619 0.1863
vn 0.8959 0.4055 0.1814
vn 0.7846 0.6199 0.0032
vn 0.9260 0.3774 0.0019
vn 0.9269 0.3752 0.0013
vn 0.9656 0.2600 0.0009
vn 0.9655 0.2603 0.0010
vn 0.9595 0.2818 0.0011
vn 0.9613 0.2757 -0.0019
vn 0.9690 0.2470 -0.0017
vn 0.9691 0.2468 -0.0018
vn 0.9168 0.3994 -0.0029
vn 0.9123 0.4096 0.0015
vn 0.5166 0.8562 0.0032
vn 0.5302 0.8479 -0.0000
vn 0.7764 0.6303 -0.0000
vn 0.7763 0.6303 0.0000
vn 0.6533 0.7571 0.0000
vn 0.5163 0.8564 0.0000
vn 0.3984 0.9172 -0.0000
vn 0.5694 0.6736 0.4712
vn 0.7218 0.5167 0.4605
vn 0.9186 0.3096 0.2457
vn 0.5137 0.8442 0.1535
vn 0.8748 0.2823 0.3938
vn 0.7867 0.4622 0.4093
vn 0.0901 -0.0186 0.9958
vn 0.1220 0.2461 0.9615
vn 0.1730 0.2109 0.9621
vn 0.1206 0.7500 0.6503
vn 0.1842 0.7359 0.6516
vn -0.4205 -0.6943 0.5841
vn 0.1809 0.7379 0.6503
vn 0.2375 0.1866 0.9533
vn 0.1733 0.2088 0.9625
vn 0.0840 -0.0589 0.9947
vn 0.1540 -0.0407 0.9872
vn 0.2566 0.1389 0.9565
vn 0.0794 0.0049 0.9968
vn 0.1088 0.1421 0.9839
vn 0.5307 0.3600 0.7673
vn 0.5349 0.1469 0.8321
vn 0.0354 0.2140 0.9762
vn 0.0464 -0.0070 0.9989
vn 0.0797 -0.0570 0.9952
vn 0.2201 0.2250 0.9492
vn 0.5120 0.0592 0.8569
vn 0.5186 0.0249 0.8547
vn 0.3105 0.0853 0.9467
vn 0.2840 0.1766 0.9424
vn 0.0805 -0.0674 0.9945
vn 0.0779 0.1120 0.9907
vn 0.0335 0.1249 0.9916
vn 0.0113 0.0059 0.9999
vn 0.1013 0.0496 0.9936
vn 0.2075 0.2301 0.9508
vn 0.1514 -0.2366 0.9598
vn 0.2671 -0.1731 0.9480
vn 0.2630 -0.1709 0.9495
vn 0.1885 -0.3081 0.9325
vn 0.2043 -0.3035 0.9307
vn 0.1132 -0.2383 0.9646
vn 0.0180 -0.2694 0.9629
vn 0.0544 0.0619 0.9966
vn 0.1719 0.0067 0.9851
vn 0.1716 0.0060 0.9851
vn 0.1773 -0.0153 0.9840
vn 0.2513 -0.0684 0.9655
vn 0.1425 -0.0018 0.9898
vn 0.2523 -0.0640 0.9655
vn 0.1950 -0.1257 0.9727
vn 0.1989 -0.1329 0.9710
vn 0.2522 0.2449 0.9362
vn 0.3081 0.1938 0.9314
vn 0.1637 0.2212 0.9614
vn 0.2276 0.1482 0.9624
vn 0.4624 0.5462 0.6984
vn 0.3157 0.4344 0.8436
vn 0.1212 0.4708 0.8739
vn 0.0625 -0.1986 0.9781
vn 0.1488 -0.1370 0.9793
vn 0.1160 -0.2280 0.9667
vn 0.3694 0.4316 0.8230
vn 0.4051 0.2482 0.8799
vn -0.0996 0.7810 0.6166
vn -0.4905 -0.6578 0.5716
vn -0.1762 -0.5742 0.7995
vn -0.1514 -0.5269 0.8363
vn -0.3680 -0.6096 0.7021
vn 0.0400 -0.0857 0.9955
vn 0.3337 -0.1450 0.9314
vn 0.2001 -0.3394 0.9191
vn 0.0488 -0.3460 0.9370
vn 0.1138 -0.6032 0.7894
vn -0.4132 -0.6949 0.5885
vn -0.2612 -0.3372 0.9045
vn -0.5378 -0.3316 0.7751
vn -0.0436 -0.0457 0.9980
vn -0.0014 -0.1956 0.9807
vn 0.0599 -0.1248 0.9904
vn 0.1278 -0.2286 0.9651
vn 0.0877 -0.2823 0.9553
vn 0.1768 -0.3496 0.9201
vn -0.2567 -0.1377 0.9566
vn 0.0553 -0.1769 0.9827
vn 0.2125 0.1253 0.9691
vn 0.2282 0.1134 0.9670
vn 0.2139 0.1182 0.9697
vn -0.0622 -0.0419 0.9972
vn -0.1754 -0.0550 0.9830
vn 0.0271 0.0475 0.9985
vn 0.0898 -0.0526 0.9946
vn -0.5346 -0.3665 0.7615
vn -0.3971 -0.4641 0.7918
vn -0.4361 -0.4826 0.7595
vn -0.3831 -0.0528 0.9222
vn 0.1428 -0.0053 0.9897
vn -0.1013 -0.0782 0.9918
vn -0.1570 -0.0749 0.9848
vn 0.2878 0.0337 0.9571
vn 0.2593 0.0503 0.9645
vn -0.3345 -0.0750 0.9394
vn -0.3138 -0.0003 0.9495
vn 0.1633 -0.1073 0.9807
vn 0.0736 -0.2346 0.9693
vn -0.2712 0.0814 0.9591
vn -0.2576 -0.5572 0.7894
vn -0.3720 -0.4940 0.7859
vn -0.3090 -0.4761 0.8233
vn -0.5236 -0.2877 0.8019
vn 0.0770 -0.0906 0.9929
vn 0.1437 0.1426 0.9793
vn 0.0209 0.1888 0.9818
vn 0.0521 0.1489 0.9875
vn 0.3207 0.1306 0.9382
vn 0.5667 -0.2212 0.7936
vn -0.2450 -0.4888 0.8373
vn -0.3430 -0.4165 0.8420
vn -0.2671 -0.4071 0.8735
vn -0.4436 -0.2025 0.8731
vn 0.2046 -0.0638 0.9768
vn -0.0558 0.1680 0.9842
vn -0.1316 0.1625 0.9779
vn -0.4991 0.4253 0.7550
vn -0.1825 0.5758 0.7969
vn -0.0013 0.4156 0.9096
vn 0.1386 0.3929 0.9091
vn 0.3220 0.4469 0.8346
vn 0.1416 0.5233 0.8403
vn 0.2300 0.3712 0.8996
vn 0.2607 0.7551 0.6015
vn 0.0713 0.7991 0.5969
vn -0.0065 0.8331 0.5531
vn -0.1728 0.8129 0.5561
vn -0.5072 0.8399 0.1931
vn -0.4759 0.8578 0.1943
vn -0.2201 0.6806 0.6988
vn 0.6089 0.2574 0.7503
vn 0.0813 0.0589 0.9949
vn 0.0319 0.1708 0.9848
vn 0.7469 0.2158 0.6289
vn 0.7144 0.3020 0.6312
vn 0.8030 0.2436 0.5439
vn 0.8004 0.2556 0.5422
vn -0.0062 0.5558 0.8313
vn 0.1541 0.7526 0.6402
vn 0.4542 0.0748 0.8878
vn 0.4999 0.1318 0.8560
vn 0.5439 0.4565 0.7041
vn -0.7090 -0.5416 0.4516
vn -0.9001 -0.1464 0.4103
vn -0.1756 0.1217 0.9769
vn -0.1936 0.0957 0.9764
vn 0.7587 0.3431 0.5538
vn 0.7261 0.3118 0.6128
vn 0.6662 0.0642 0.7430
vn -0.7305 -0.2860 0.6201
vn -0.7771 -0.1488 0.6116
vn -0.0738 -0.0410 0.9964
vn -0.0445 0.0144 0.9989
vn 0.7571 -0.0319 0.6525
vn 0.0695 -0.2048 0.9763
vn -0.0249 -0.0438 0.9987
vn -0.1935 -0.0152 0.9810
vn -0.2071 -0.0682 0.9759
vn -0.2268 -0.0103 0.9739
vn -0.0777 0.0019 0.9970
vn -0.0572 -0.0534 0.9969
vn -0.9564 -0.1139 0.2689
vn -0.9536 -0.1590 0.2556
vn 0.0026 -0.7011 0.7130
vn -0.5114 -0.6744 0.5325
vn 0.4972 -0.6980 0.5153
vn -0.0463 -0.0273 0.9986
vn 0.2520 -0.5176 0.8177
vn 0.6566 -0.1730 0.7341
vn 0.9575 -0.2883 0.0000
vn 0.6295 -0.7770 0.0000
vn 0.5233 -0.8522 0.0000
vn -0.3257 -0.9455 0.0000
vn -0.8321 -0.5547 0.0000
vn -0.8320 -0.5547 0.0000
vn -0.8450 -0.5348 0.0000
vn -0.5493 -0.7591 0.3493
vn -0.6740 -0.7387 0.0000
vn -0.4605 -0.8877 0.0000
vn 0.8793 -0.4762 -0.0000
vn 0.4196 -0.9077 -0.0000
vn -0.3598 -0.9330 0.0000
vn -0.1744 0.1156 0.9779
vn -0.5644 -0.0985 0.8196
vn 0.3740 -0.0635 0.9252
vn 0.3860 -0.0702 0.9198
vn 0.9284 -0.3392 0.1515
vn -0.0105 -0.9292 0.3693
vn -0.0714 -0.9332 0.3523
vn -0.4574 -0.2575 0.8512
vn 0.5496 -0.0146 0.8353
vn 0.3870 0.2327 0.8922
vn -0.9445 -0.3284 0.0000
vn -0.5648 -0.0953 0.8197
vn -0.4994 -0.0092 0.8663
vn 0.3654 0.0208 0.9306
vn 0.2241 -0.1717 0.9593
vn -0.2951 -0.3092 0.9040
vn -0.1752 -0.3746 0.9105
vn 0.6167 0.1319 0.7761
vn 0.3834 0.3626 0.8494
vn 0.1401 0.6238 0.7689
vn -0.3291 0.6451 0.6896
vn -0.1123 0.5487 0.8284
vn -0.5355 0.4145 0.7358
vn -0.2125 0.2119 0.9539
vn -0.3624 -0.0349 0.9314
vn -0.0446 -0.1530 0.9872
vn -0.5642 -0.7547 0.3347
vn -0.0095 -0.0614 0.9981
vn -0.2501 0.0788 0.9650
vn -0.2134 0.0933 0.9725
vn 0.7765 -0.0779 0.6252
vn 0.9004 0.0528 0.4318
vn 0.1815 -0.0062 0.9834
vn 0.1092 0.2173 0.9700
vn -0.3628 -0.8351 0.4135
vn -0.6013 -0.6681 0.4382
vn -0.5488 0.2723 0.7904
vn -0.1835 0.3516 0.9180
vn -0.4314 -0.1156 0.8947
vn -0.0174 -0.6200 0.7844
vn 0.8316 -0.4146 0.3695
vn -0.8636 -0.4323 0.2596
vn -0.1001 0.2469 0.9639
vn -0.1351 0.0434 0.9899
vn 0.7749 0.2767 0.5683
vn 0.7768 0.2828 0.5627
vn -0.3020 -0.2005 0.9320
vn -0.2232 -0.0406 0.9739
vn 0.2091 0.1216 0.9703
vn 0.3011 0.0017 0.9536
vn -0.4387 -0.8066 0.3961
vn -0.7355 -0.5545 0.3893
vn -0.8081 -0.4818 0.3388
vn 0.2752 -0.0707 0.9588
vn 0.1874 0.0373 0.9816
vn -0.2119 -0.0654 0.9751
vn -0.0581 -0.9983 0.0000
vn -0.6769 -0.3713 0.6356
vn -0.5377 -0.5470 0.6416
vn -0.5459 -0.4293 0.7195
vn -0.4321 -0.5485 0.7158
vn 0.2777 0.5774 0.7678
vn -0.6420 -0.5625 0.5209
vn -0.6458 -0.5587 0.5205
vn -0.7116 -0.6151 0.3395
vn 0.2394 0.7039 0.6687
vn 0.3507 0.6497 0.6745
vn 0.0127 0.3935 0.9192
vn -0.7613 -0.6484 -0.0000
vn -0.7354 -0.6776 -0.0000
vn -0.9856 0.1693 -0.0000
vn -0.6646 0.7472 -0.0000
vn 0.5358 0.8444 0.0000
vn 0.3743 0.9273 -0.0000
vn 0.3910 0.9204 0.0000
vn -0.2360 0.9718 0.0000
vn -0.9323 0.3616 -0.0000
vn -0.8781 -0.4785 -0.0000
vn -0.8389 -0.5443 0.0000
vn -0.6193 -0.3344 0.7104
vn -0.6076 -0.2564 0.7517
vn -0.5920 -0.2891 0.7523
vn -0.5842 -0.2905 0.7579
vn -0.4857 -0.3926 0.7810
vn -0.4841 -0.3975 0.7795
vn 0.4324 0.5470 0.7168
vn 0.4230 0.5791 0.6970
vn 0.4273 0.5751 0.6976
vn 0.4149 0.6520 0.6346
vn 0.3996 0.6646 0.6314
vn 0.3993 0.6625 0.6337
vn 0.3797 0.6792 0.6280
vn -0.6828 -0.2405 0.6899
vn -0.1140 0.1327 0.9846
vn -0.8283 -0.5603 -0.0000
vn -0.8857 0.4642 -0.0000
vn 0.5834 0.8122 0.0000
vn 0.6043 0.7968 0.0000
vn 0.5669 0.8238 0.0000
vn 0.5864 0.8100 -0.0000
vn 0.5628 0.8266 0.0000
vn 0.5629 0.8266 -0.0000
vn 0.3365 0.9417 -0.0000
vn -0.2033 0.9791 -0.0000
vn -0.3205 0.9472 -0.0000
vn 0.4224 0.7179 0.5533
vn -0.1507 0.5847 0.7971
vn 0.0506 0.7968 0.6021
vn 0.2579 0.5219 0.8131
vn 0.7134 0.6828 0.1576
vn 0.6735 0.3935 0.6258
vn 0.5570 0.3820 0.7374
vn 0.5689 0.3366 0.7504
vn -0.3823 -0.5179 0.7653
vn -0.2485 -0.6573 0.7115
vn -0.2312 -0.4892 0.8410
vn -0.2640 -0.4283 0.8642
vn 0.1843 -0.4117 0.8925
vn -0.2942 -0.6504 0.7002
vn -0.2897 -0.6552 0.6977
vn 0.3560 0.1581 0.9210
vn 0.3034 0.4341 0.8482
vn -0.8171 -0.2557 0.5166
vn -0.4943 -0.4160 0.7633
vn -0.2598 -0.3854 0.8854
vn -0.3211 -0.3143 0.8934
vn 0.0183 0.0153 0.9997
vn -0.0344 0.0739 0.9967
vn 0.3960 0.3731 0.8390
vn 0.2618 0.6264 0.7342
vn 0.3015 0.2253 0.9265
vn 0.2599 0.3068 0.9156
vn -0.2198 -0.2098 0.9527
vn -0.2858 0.3412 0.8955
vn -0.5898 -0.5328 0.6069
vn -0.7336 -0.3636 0.5742
vn -0.4196 -0.5009 0.7570
vn -0.6737 -0.2064 0.7096
vn -0.7600 -0.1682 0.6278
vn -0.6982 -0.3145 0.6432
vn -0.8126 -0.2172 0.5408
vn -0.7892 -0.2754 0.5489
vn -0.0214 0.0955 0.9952
vn 0.0065 -0.0143 0.9999
vn -0.0983 0.1662 0.9812
vn -0.0910 0.0556 0.9943
vn -0.1095 0.1481 0.9829
vn -0.7009 -0.1058 0.7053
vn 0.3220 0.0691 0.9442
vn 0.2301 0.2391 0.9433
vn -0.4532 -0.5361 0.7122
vn -0.3543 -0.6512 0.6711
vn -0.0462 -0.0986 0.9940
vn -0.0996 -0.0546 0.9935
vn -0.1134 -0.0595 0.9918
vn -0.4459 -0.4746 0.7589
vn -0.8638 -0.1918 0.4658
vn -0.8642 -0.0493 0.5007
vn -0.5622 0.1621 0.8109
vn -0.7934 -0.1550 0.5887
vn -0.8322 -0.2054 0.5150
vn 0.1084 0.8189 0.5636
vn 0.3913 0.7268 0.5645
vn 0.1847 -0.3816 0.9057
vn 0.1385 0.3065 0.9417
vn -0.3611 -0.5965 0.7168
vn -0.1991 -0.5849 0.7863
vn 0.3302 0.5898 0.7369
vn 0.5302 0.6690 0.5209
vn 0.7035 0.5416 0.4602
vn 0.5563 0.5767 0.5982
vn 0.2845 0.2161 0.9340
vn 0.5817 0.5514 0.5980
vn 0.6175 0.2280 0.7528
vn 0.0211 -0.4369 0.8993
vn -0.0370 -0.4395 0.8975
vn -0.0565 -0.4276 0.9022
vn -0.4311 -0.3542 0.8299
vn -0.4372 -0.3466 0.8299
vn -0.8609 -0.4010 0.3130
vn -0.5445 0.5788 0.6070
vn -0.7653 -0.3111 0.5634
vn -0.4538 0.2942 0.8411
vn 0.0086 -0.0234 0.9997
vn 0.2843 0.0700 0.9562
vn 0.3352 0.0138 0.9420
vn 0.3113 0.0019 0.9503
vn 0.1877 0.1267 0.9740
vn -0.0617 -0.4020 0.9135
vn 0.0512 -0.3753 0.9255
vn 0.5451 0.1115 0.8309
vn 0.4223 0.2876 0.8596
vn 0.3955 0.5227 0.7552
vn 0.1834 0.1019 0.9778
vn 0.1813 0.1038 0.9779
vn 0.5509 0.3889 0.7384
vn 0.1455 0.1855 0.9718
vn 0.1450 0.1621 0.9761
vn 0.4195 0.2605 0.8696
vn 0.3590 0.1254 0.9249
vn -0.0815 -0.3320 0.9398
vn 0.0709 0.2336 0.9698
vn 0.1878 0.0419 0.9813
vn 0.6200 0.0705 0.7814
vn 0.6066 0.2279 0.7617
vn 0.0344 -0.4172 0.9082
vn 0.2089 -0.4237 0.8814
vn 0.1806 0.1561 0.9711
vn 0.0905 0.1126 0.9895
vn 0.0500 -0.0221 0.9985
vn -0.1415 -0.6096 0.7800
vn -0.1136 -0.4539 0.8838
vn 0.1443 -0.0552 0.9880
vn 0.0572 -0.1053 0.9928
vn -0.0464 -0.6227 0.7811
vn -0.2107 -0.6964 0.6860
vn -0.1223 -0.7102 0.6933
vn -0.2188 -0.7634 0.6078
vn -0.2019 -0.7672 0.6088
vn -0.8227 -0.5685 -0.0000
vn -0.9677 -0.2522 -0.0000
vn -0.3398 -0.9405 -0.0000
vn -0.2926 -0.9562 -0.0000
vn -0.2573 -0.9663 -0.0000
vn -0.5017 -0.8650 -0.0000
vn -0.1509 -0.8694 0.4705
vn -0.3276 0.3833 0.8635
vn -0.2623 0.5243 0.8101
vn -0.2096 -0.5497 0.8086
vn -0.2548 -0.5382 0.8034
vn -0.1642 -0.4830 0.8601
vn 0.0464 0.1702 0.9843
vn 0.1229 0.1516 0.9808
vn 0.1197 0.1457 0.9821
vn -0.7646 0.0357 0.6435
vn -0.0735 0.5496 0.8322
vn -0.0701 0.5183 0.8523
vn 0.1410 0.1213 0.9826
vn 0.1311 0.1285 0.9830
vn -0.1278 -0.4256 0.8959
vn -0.2368 -0.4704 0.8501
vn -0.2557 -0.4924 0.8320
vn 0.4628 0.2742 0.8430
vn -0.2139 -0.8543 0.4738
vn -0.2222 -0.8518 0.4744
vn -0.2805 -0.7905 0.5444
vn -0.2234 -0.8056 0.5488
vn 0.1649 0.0898 0.9822
vn -0.7864 -0.6178 0.0000
vn -0.6836 0.7298 0.0000
vn -0.3738 -0.9275 -0.0000
vn -0.2614 -0.9652 -0.0000
vn -0.2615 -0.9652 -0.0000
vn -0.1818 -0.9833 -0.0000
vn -0.2119 -0.7432 0.6346
vn -0.4472 -0.8944 0.0000
vn -0.4602 -0.8878 0.0000
vn -0.3750 -0.9270 0.0000
vn -0.4212 -0.9070 -0.0000
vn -0.3084 -0.9512 0.0000
vn -0.2724 -0.3863 0.8812
vn -0.4015 -0.0293 0.9154
vn -0.1710 0.2490 0.9533
vn -0.1452 -0.6693 0.7287
vn -0.2546 -0.6355 0.7289
vn -0.2755 -0.5881 0.7604
vn -0.2546 -0.5970 0.7608
vn -0.2246 -0.6533 0.7230
vn -0.2045 -0.6623 0.7208
vn -0.3513 -0.6638 0.6602
vn -0.1069 -0.3587 0.9273
vn -0.1689 -0.3243 0.9307
vn 0.1868 0.0760 0.9795
vn 0.2321 0.0949 0.9680
vn 0.0918 0.1800 0.9794
vn 0.0609 0.1530 0.9863
vn -0.1835 -0.3788 0.9071
vn 0.2740 -0.0108 0.9617
vn -0.2516 -0.2727 0.9286
vn -0.2050 -0.3227 0.9240
vn 0.1647 0.0022 0.9863
vn 0.1602 0.1913 0.9684
vn 0.2800 0.1028 0.9545
vn 0.1835 0.0571 0.9814
vn 0.1720 0.0612 0.9832
vn -0.0752 -0.4148 0.9068
vn -0.1139 -0.4277 0.8967
vn -0.1691 -0.5083 0.8444
vn 0.0845 0.1494 0.9852
vn -0.1568 -0.0952 0.9830
vn -0.1825 -0.2762 0.9436
vn -0.1647 -0.2969 0.9406
vn 0.1440 -0.0720 0.9870
vn 0.1535 0.0169 0.9880
vn 0.3774 0.1823 0.9080
vn 0.1914 0.1304 0.9728
vn 0.1444 -0.0732 0.9868
vn -0.2764 -0.6995 0.6590
vn -0.3724 -0.7057 0.6027
vn -0.6015 -0.5491 0.5802
vn -0.1916 -0.3276 0.9252
vn -0.2455 -0.1483 0.9580
vn 0.1424 -0.1526 0.9780
vn -0.0704 -0.1334 0.9886
vn -0.1608 0.1148 0.9803
vn -0.2250 -0.2320 0.9464
vn 0.1106 -0.5677 0.8158
vn -0.0955 0.0029 0.9954
vn -0.1218 0.0293 0.9921
vn 0.3143 0.2491 0.9161
vn 0.2952 -0.0039 0.9554
vn 0.5833 0.6328 0.5092
vn 0.6817 0.4921 0.5413
vn 0.3412 0.2168 0.9147
vn -0.0937 -0.0793 0.9924
vn 0.1816 -0.3617 0.9144
vn 0.2379 0.5070 0.8284
vn 0.2488 0.5021 0.8283
vn 0.0218 0.3451 0.9383
vn -0.0147 0.3383 0.9409
vn 0.0925 0.1389 0.9860
vn 0.0726 -0.0131 0.9973
vn 0.2162 -0.1669 0.9620
vn 0.1378 0.3261 0.9352
vn 0.1796 -0.2591 0.9490
vn 0.5043 0.8636 0.0000
vn 0.3439 0.9390 0.0000
vn 0.8872 0.4614 0.0000
vn 0.8872 0.4613 -0.0000
vn 0.5526 -0.8334 -0.0000
vn 0.6093 0.7929 0.0000
vn 0.3782 0.9257 0.0000
vn 0.2438 0.2469 0.9379
vn 0.2336 0.3210 0.9178
vn 0.1990 0.3452 0.9172
vn 0.2306 0.2433 0.9421
vn -0.4252 0.5564 0.7139
vn -0.1049 -0.4327 0.8954
vn 0.2337 -0.2514 0.9392
vn -0.2750 -0.7039 0.6550
vn 0.1148 -0.6762 0.7277
vn -0.0091 -0.7826 0.6225
vn -0.0695 0.6367 0.7680
vn 0.0365 0.7210 0.6920
vn 0.0101 0.7215 0.6924
vn -0.0550 0.6670 0.7430
vn -0.0636 0.6667 0.7426
vn -0.0946 0.6867 0.7208
vn -0.1512 0.6722 0.7247
vn 0.0179 0.9998 0.0000
vn 0.0063 1.0000 0.0000
vn -0.1177 0.9930 0.0000
vn -0.2710 0.9626 0.0000
vn -0.4138 0.9104 0.0000
vn 0.2005 -0.7557 0.6235
vn 0.2113 -0.7411 0.6372
vn 0.5061 -0.5964 0.6230
vn -0.0007 0.6124 0.7906
vn -0.2287 0.4896 0.8414
vn 0.2516 0.0688 0.9654
vn 0.4873 -0.5004 0.7157
vn 0.4047 -0.5700 0.7150
vn 0.7822 -0.6230 -0.0000
vn 0.6686 -0.7436 0.0000
vn 0.2577 -0.9662 0.0000
vn 0.1746 -0.9846 -0.0000
vn 0.2223 -0.9750 -0.0000
vn 0.2109 -0.9775 -0.0000
vn 0.3732 -0.9278 -0.0000
vn 0.1294 -0.9916 -0.0000
vn -0.0210 -0.9998 -0.0000
vn -0.8773 -0.4800 -0.0000
vn -0.0046 -0.7154 0.6987
vn -0.0005 -0.7163 0.6978
vn 0.0165 -0.7424 0.6697
vn -0.5384 -0.3743 0.7550
vn -0.7662 -0.3145 0.5604
vn 0.2303 -0.9143 0.3332
vn 0.0438 -0.8928 0.4483
vn -0.0957 -0.9092 0.4053
vn 0.3077 0.0633 0.9494
vn 0.0160 -0.1525 0.9882
vn -0.0338 -0.0877 0.9956
vn -0.0298 -0.0890 0.9956
vn -0.0149 -0.1146 0.9933
vn -0.0780 -0.0598 0.9952
vn -0.0444 -0.1623 0.9857
vn -0.7556 0.6550 0.0000
vn -0.5450 -0.8384 -0.0000
vn -0.4443 -0.8959 0.0000
vn -0.3998 -0.9166 0.0000
vn 0.5006 0.0905 0.8610
vn -0.8202 -0.2475 0.5158
vn -0.0056 -0.0163 0.9999
vn -0.0239 0.0122 0.9996
vn 0.4590 0.1408 0.8772
vn 0.4978 0.0915 0.8625
vn 0.0077 -0.3438 0.9390
vn -0.1502 -0.2440 0.9581
vn 0.4774 0.1087 0.8720
vn 0.1481 0.1255 0.9810
vn 0.1587 0.0892 0.9833
vn -0.0647 -0.0415 0.9970
vn -0.0072 0.0922 0.9957
vn -0.4263 -0.3671 0.8268
vn 0.0342 0.0131 0.9993
vn 0.3524 0.2177 0.9102
vn 0.3163 0.2298 0.9204
vn -0.3470 -0.4470 0.8245
vn -0.5884 -0.4861 0.6461
vn -0.5980 -0.4681 0.6506
vn -0.6067 -0.5768 0.5471
vn -0.6343 -0.5299 0.5629
vn -0.8444 -0.1691 0.5083
vn -0.3174 -0.5361 0.7822
vn -0.3678 -0.6306 0.6835
vn -0.3127 -0.6106 0.7276
vn -0.4781 -0.3430 0.8086
vn -0.0484 0.1060 0.9932
vn -0.8467 -0.1141 0.5196
vn -0.1332 0.7078 0.6937
vn 0.5334 0.3582 0.7663
vn 0.1990 0.5004 0.8426
vn 0.3774 0.5136 0.7706
vn 0.4605 0.1772 0.8698
vn 0.4355 0.2729 0.8578
vn 0.4607 0.2360 0.8556
vn 0.4726 0.3532 0.8074
vn 0.4740 0.1514 0.8674
vn 0.9118 0.2278 0.3418
vn 0.7582 0.5784 0.3009
vn 0.8094 0.4809 0.3370
vn 0.7253 0.6058 0.3269
vn 0.7264 0.6020 0.3315
vn 0.7520 0.5658 0.3382
vn 0.7008 0.5887 0.4028
vn 0.7520 0.5202 0.4048
vn 0.3509 0.2194 0.9103
vn 0.5450 0.2836 0.7890
vn -0.4295 -0.6535 0.6233
vn -0.3718 -0.6955 0.6149
vn -0.2478 -0.6340 0.7325
vn -0.3978 -0.5724 0.7170
vn -0.3660 -0.5715 0.7344
vn -0.7825 -0.1149 0.6119
vn 0.8209 0.5710 0.0000
vn 0.7799 0.6259 0.0000
vn 0.8239 0.5667 0.0000
vn 0.8202 0.5721 0.0000
vn 0.8699 0.4933 0.0000
vn 0.9236 0.2504 0.2903
vn 0.9562 0.1663 0.2409
vn 0.9502 -0.1477 0.2743
vn 0.9530 -0.0291 0.3017
vn 0.8923 -0.3111 0.3272
vn 0.9133 -0.1511 0.3781
vn 0.9109 0.2369 0.3379
vn 0.9641 0.2656 0.0000
vn -0.8295 -0.0408 0.5571
vn 0.3849 0.2316 0.8934
vn 0.4181 0.0852 0.9044
vn 0.3294 0.2366 0.9141
vn 0.3444 0.0842 0.9350
vn 0.1191 0.1229 0.9852
vn 0.1382 0.2017 0.9696
vn -0.8247 0.0578 0.5626
vn -0.7595 0.1395 0.6353
vn 0.1533 0.1534 0.9762
vn 0.1779 0.1313 0.9753
vn -0.6858 -0.1794 0.7053
vn -0.7152 -0.1659 0.6790
vn 0.2378 0.0685 0.9689
vn 0.2575 -0.0462 0.9652
vn 0.2979 0.1718 0.9390
vn 0.2924 0.2045 0.9342
vn -0.7255 0.0348 0.6874
vn -0.7569 -0.0283 0.6529
vn -0.7378 -0.0661 0.6718
vn -0.7217 -0.0321 0.6915
vn 0.1429 0.1958 0.9702
vn 0.0857 -0.5220 0.8486
vn 0.1441 -0.5422 0.8278
vn 0.2112 0.1823 0.9603
vn 0.0667 0.2228 0.9726
vn 0.1459 0.1604 0.9762
vn -0.6395 -0.3019 0.7070
vn -0.6593 -0.2549 0.7074
vn -0.6486 -0.2608 0.7151
vn 0.0730 0.0288 0.9969
vn 0.1635 -0.1512 0.9749
vn 0.1522 0.0898 0.9843
vn -0.5672 -0.4869 0.6643
vn -0.5357 -0.4887 0.6886
vn -0.6156 -0.3976 0.6804
vn -0.6382 -0.3906 0.6634
vn -0.6541 -0.3636 0.6633
vn -0.0382 -0.0317 0.9988
vn 0.0709 -0.2131 0.9745
vn 0.7637 0.4192 0.4909
vn 0.8132 0.3090 0.4931
vn 0.9520 0.1439 0.2700
vn 0.9181 0.3964 -0.0000
vn 0.9343 0.3565 -0.0000
vn 0.9860 0.1667 -0.0000
vn 0.9799 -0.1995 0.0000
vn 0.9559 -0.2937 0.0000
vn -0.2764 0.0778 0.9579
vn -0.3348 0.2723 0.9021
vn 0.3382 0.2350 0.9112
vn 0.2960 0.2996 0.9070
vn 0.2912 0.0624 0.9546
vn -0.5553 -0.5870 0.5892
vn -0.2670 -0.7389 0.6187
vn -0.3035 -0.7751 0.5543
vn 0.4566 -0.4070 0.7911
vn 0.5995 -0.5757 0.5561
vn -0.2956 0.0830 0.9517
vn 0.1917 0.2927 0.9368
vn 0.1788 0.4410 0.8795
vn 0.2538 0.3080 0.9169
vn -0.7323 -0.4528 0.5086
vn -0.6417 -0.5685 0.5149
vn -0.4828 0.0621 0.8735
vn -0.4315 -0.3029 0.8498
vn -0.2009 -0.0006 0.9796
vn -0.2172 -0.1183 0.9689
vn -0.0737 -0.2792 0.9574
vn -0.2704 -0.4463 0.8530
vn 0.0584 -0.0099 0.9982
vn -0.1774 0.0291 0.9837
vn 0.3318 0.3056 0.8925
vn 0.3887 0.5923 0.7058
vn 0.4712 0.5085 0.7207
vn -0.4106 -0.3587 0.8383
vn -0.7425 -0.2785 0.6092
vn -0.4757 -0.0449 0.8784
vn -0.3058 0.1832 0.9343
vn 0.1381 0.3816 0.9139
vn 0.3683 0.1953 0.9090
vn -0.1265 -0.0305 0.9915
vn -0.5741 0.0524 0.8171
vn 0.3132 0.3237 0.8928
vn 0.1341 0.3509 0.9268
vn 0.3782 0.7947 0.4748
vn 0.5439 0.6576 0.5212
vn -0.6452 -0.4200 0.6382
vn -0.7646 -0.3808 0.5200
vn -0.5023 -0.1907 0.8434
vn -0.6342 0.2210 0.7409
vn -0.2087 0.4730 0.8560
vn -0.0365 0.7819 0.6224
vn 0.0840 0.3939 0.9153
vn 0.5149 0.7803 0.3550
vn 0.6254 0.6903 0.3638
vn 0.2671 0.6292 0.7299
vn 0.2723 0.7369 0.6187
vn -0.1485 0.3769 0.9143
vn -0.1078 0.7447 0.6586
vn 0.4534 0.4799 0.7510
vn 0.4563 0.2747 0.8463
vn 0.6425 0.5358 0.5478
vn 0.0369 0.6098 0.7917
vn -0.0283 0.5373 0.8429
vn -0.1830 0.7018 0.6885
vn -0.1959 0.6788 0.7077
vn -0.5503 0.8263 0.1200
vn -0.7393 -0.5258 0.4207
vn 0.2026 0.6935 0.6914
vn 0.4155 0.4392 0.7965
vn 0.2860 0.8968 0.3377
vn 0.5584 0.7588 0.3352
vn 0.6213 0.6987 0.3547
vn -0.5050 -0.4264 0.7505
vn -0.5928 -0.4086 0.6939
vn -0.0222 -0.0598 0.9980
vn -0.5473 0.3886 0.7412
vn -0.2267 0.5936 0.7722
vn -0.4817 0.6911 0.5388
vn -0.0541 0.7658 0.6408
vn -0.0511 0.7635 0.6437
vn -0.8205 -0.0646 0.5680
vn 0.5255 0.8094 0.2621
vn 0.4796 0.8433 0.2426
vn 0.4246 0.8748 0.2333
vn 0.2701 0.9457 0.1807
vn 0.2352 0.9440 0.2313
vn 0.5258 0.8479 0.0685
vn -0.6775 -0.6520 0.3404
vn -0.4873 0.8707 0.0661
vn -0.3873 0.7478 0.5392
vn -0.1698 0.8982 0.4054
vn -0.0034 0.7994 0.6008
vn 0.3639 0.8368 0.4090
vn 0.0468 0.8781 0.4761
vn -0.0661 0.9217 0.3822
vn 0.4120 0.8427 0.3465
vn 0.3474 0.8765 0.3332
vn 0.0037 1.0000 0.0000
vn 0.5183 0.8552 0.0000
vn 0.5225 0.8526 -0.0000
vn 0.5867 0.8098 -0.0000
vn 0.5531 0.8331 -0.0000
vn 0.7450 0.6671 0.0000
vn 0.8211 0.5707 -0.0000
vn 0.7196 0.6944 0.0000
vn -0.3738 0.9275 0.0000
vn -0.0590 -0.0573 0.9966
vn -0.0970 0.0038 0.9953
vn -0.1027 -0.3230 0.9408
vn -0.0854 -0.3392 0.9368
vn 0.5858 0.2822 0.7597
vn 0.6096 0.2458 0.7536
vn 0.4507 0.6882 0.5685
vn 0.3919 0.7386 0.5485
vn 0.7715 0.4425 0.4572
vn 0.7195 0.5255 0.4540
vn -0.0747 -0.4011 0.9130
vn -0.1890 -0.3331 0.9238
vn 0.4239 0.5185 0.7426
vn 0.4258 0.4892 0.7612
vn 0.3930 0.5384 0.7455
vn 0.4016 0.4482 0.7986
vn 0.3295 0.5469 0.7696
vn 0.3294 0.5066 0.7967
vn 0.3145 0.5358 0.7836
vn 0.3142 0.5296 0.7879
vn 0.4023 0.5556 0.7277
vn 0.3774 0.3325 0.8643
vn -0.2264 -0.4317 0.8731
vn -0.5902 -0.3392 0.7325
vn 0.1941 0.0317 0.9805
vn -0.0445 0.3214 0.9459
vn -0.0449 0.3075 0.9505
vn -0.0218 0.3234 0.9460
vn 0.3300 0.4029 0.8537
vn -0.2576 -0.4143 0.8729
vn -0.0742 -0.4433 0.8933
vn -0.1458 -0.3991 0.9053
vn -0.0357 0.1166 0.9925
vn -0.2430 0.1825 0.9527
vn -0.0780 0.0615 0.9951
vn -0.2242 0.0960 0.9698
vn -0.1504 0.0486 0.9874
vn -0.1122 0.0448 0.9927
vn -0.1235 0.0745 0.9895
vn 0.5218 0.1514 0.8395
vn 0.5450 0.0446 0.8373
vn 0.4157 0.1105 0.9028
vn 0.3979 0.2077 0.8936
vn 0.4792 0.1994 0.8547
vn 0.5171 0.1309 0.8458
vn 0.2173 -0.0016 0.9761
vn 0.0133 0.0435 0.9990
vn 0.4578 0.3565 0.8144
vn 0.5011 0.2909 0.8150
vn -0.1005 -0.3171 0.9431
vn -0.5055 -0.2640 0.8215
vn -0.1846 0.0960 0.9781
vn 0.1395 0.0808 0.9869
vn 0.4475 0.3238 0.8336
vn 0.4845 0.2692 0.8324
vn 0.1034 -0.1851 0.9773
vn -0.4220 -0.1173 0.8990
vn -0.2190 0.1386 0.9658
vn -0.2173 0.2900 0.9320
vn -0.3412 0.2753 0.8988
vn -0.3111 0.2114 0.9266
vn -0.0301 -0.0949 0.9950
vn 0.0842 -0.4197 0.9037
vn 0.2173 0.2055 0.9542
vn -0.1990 0.0539 0.9785
vn -0.3695 0.2279 0.9008
vn -0.1477 0.2515 0.9565
vn -0.1292 0.1960 0.9721
vn -0.1818 0.2160 0.9593
vn -0.0424 0.3783 0.9247
vn 0.0314 0.1771 0.9837
vn 0.3263 0.0157 0.9451
vn -0.1766 0.2042 0.9629
vn -0.0748 0.2135 0.9741
vn -0.0509 0.1767 0.9830
vn -0.4001 0.0820 0.9128
vn 0.0710 -0.4455 0.8925
vn 0.1004 -0.4391 0.8928
vn -0.6276 -0.2483 0.7379
vn -0.2058 -0.8845 0.4187
vn -0.4236 -0.9058 0.0000
vn -0.3839 -0.9234 -0.0000
vn -0.4296 -0.9030 -0.0000
vn -0.0697 -0.9183 0.3897
vn -0.2729 -0.7853 0.5558
vn -0.2729 -0.7955 0.5410
vn -0.3986 -0.7555 0.5199
vn -0.1719 -0.9390 0.2979
vn -0.2388 -0.9215 0.3061
vn -0.2725 -0.9013 0.3366
vn -0.4407 -0.8369 0.3246
vn -0.3164 -0.6627 0.6788
vn -0.3700 -0.5352 0.7594
vn 0.2715 -0.1095 0.9562
vn 0.2705 -0.2438 0.9313
vn 0.3328 -0.1996 0.9216
vn 0.2854 -0.1123 0.9518
vn 0.3744 -0.3267 0.8678
vn 0.3741 -0.3387 0.8633
vn -0.1785 -0.7638 0.6203
vn -0.1733 -0.7196 0.6725
vn 0.0359 -0.7699 0.6371
vn 0.3855 -0.4297 0.8166
vn 0.3182 -0.3399 0.8850
vn 0.3940 -0.3575 0.8467
vn 0.2722 -0.2827 0.9198
vn 0.2110 -0.5045 0.8373
vn 0.0872 -0.3988 0.9129
vn -0.2708 -0.7268 0.6312
vn -0.4364 -0.6348 0.6376
vn -0.4503 -0.5706 0.6868
vn -0.4872 -0.5359 0.6895
vn -0.4482 -0.3518 0.8218
vn -0.4538 -0.3436 0.8222
vn -0.4148 -0.5272 0.7416
vn -0.3851 -0.2747 0.8810
vn -0.3871 -0.2659 0.8829
vn -0.2882 -0.3995 0.8702
vn -0.3036 -0.2582 0.9171
vn -0.3721 -0.5524 0.7459
vn -0.3579 -0.6520 0.6684
vn -0.2875 -0.4000 0.8703
vn -0.2675 -0.5263 0.8071
vn -0.2020 -0.3545 0.9130
vn -0.2052 -0.3854 0.8996
vn -0.3875 -0.8196 0.4220
vn -0.7977 -0.4500 0.4014
vn -0.9379 -0.1847 0.2935
vn -0.8982 -0.3235 0.2977
vn -0.2016 -0.3871 0.8997
vn -0.2189 -0.4403 0.8707
vn -0.1814 -0.5589 0.8091
vn -0.2043 -0.6554 0.7271
vn -0.1864 -0.7295 0.6581
vn -0.1900 -0.7473 0.6367
vn -0.1757 -0.7680 0.6159
vn -0.1766 -0.7327 0.6572
vn -0.1852 -0.7211 0.6676
vn 0.0388 0.5987 0.8000
vn 0.0733 0.6069 0.7914
vn 0.0730 0.6134 0.7864
vn 0.1105 0.6757 0.7288
vn 0.1643 0.6608 0.7324
vn 0.0787 0.4428 0.8932
vn 0.0684 0.5856 0.8077
vn -0.3804 -0.7084 0.5946
vn -0.4218 -0.6373 0.6449
vn -0.4213 -0.6015 0.6787
vn -0.3948 -0.6721 0.6264
vn -0.5548 -0.6020 0.5743
vn 0.1199 0.5882 0.7998
vn 0.1551 0.6400 0.7526
vn 0.0600 0.6684 0.7414
vn -0.0784 0.4867 0.8700
vn -0.1078 0.4754 0.8731
vn -0.5331 -0.6280 0.5669
vn -0.4915 -0.6551 0.5738
vn -0.4659 -0.5208 0.7153
vn -0.5477 -0.4455 0.7082
vn -0.4996 -0.5628 0.6585
vn 0.1757 0.5660 0.8055
vn -0.0316 0.4077 0.9126
vn 0.2593 0.1025 0.9603
vn -0.3464 -0.6115 0.7114
vn -0.4749 -0.5192 0.7106
vn -0.4302 -0.6245 0.6519
vn -0.5775 -0.5090 0.6383
vn -0.1358 0.4862 0.8632
vn -0.1458 0.3367 0.9303
vn 0.0639 0.6166 0.7847
vn -0.0502 0.2641 0.9632
vn 0.2077 -0.0361 0.9775
vn 0.3889 -0.2126 0.8964
vn 0.3825 -0.2091 0.9000
vn 0.3734 -0.1938 0.9072
vn 0.3865 -0.1961 0.9012
vn 0.4927 -0.0859 0.8660
vn 0.4012 0.0453 0.9148
vn 0.4700 0.2572 0.8444
vn 0.1791 0.4853 0.8558
vn 0.1716 0.5364 0.8263
vn 0.1165 0.5696 0.8137
vn 0.0462 0.4755 0.8785
vn 0.0435 0.4849 0.8735
vn 0.1028 0.4433 0.8904
vn 0.4618 -0.1734 0.8699
vn 0.3538 0.0548 0.9337
vn 0.2979 -0.0868 0.9506
vn -0.1422 0.1725 0.9747
vn -0.1004 -0.0200 0.9947
vn -0.1864 0.0182 0.9823
vn -0.1521 -0.0444 0.9874
vn -0.1699 -0.0396 0.9847
vn 0.0525 0.4730 0.8795
vn 0.0246 0.5180 0.8551
vn 0.3228 0.8071 0.4944
vn 0.3348 0.8631 0.3782
vn 0.6744 0.6344 0.3777
vn 0.6704 0.6829 0.2902
vn 0.8947 0.3846 0.2270
vn 0.8974 0.3707 0.2391
vn 0.8993 0.3669 0.2380
vn 0.9081 0.3314 0.2561
vn 0.9689 0.1423 0.2027
vn 0.9473 0.0050 0.3205
vn 0.2537 0.7900 0.5581
vn 0.2259 0.8185 0.5283
vn 0.2626 0.8040 0.5335
vn 0.2339 0.8691 0.4358
vn 0.6566 0.6092 0.4448
vn 0.6467 0.6637 0.3760
vn 0.8900 0.3320 0.3126
vn 0.8975 0.2981 0.3251
vn 0.9006 0.2905 0.3233
vn 0.9162 0.2243 0.3320
vn -0.0361 -0.0387 0.9986
vn -0.1267 0.7641 0.6325
vn -0.6851 0.2473 0.6852
vn -0.7509 -0.1233 0.6488
vn -0.0763 0.1622 0.9838
vn -0.0223 0.1013 0.9946
vn -0.4283 -0.3430 0.8360
vn -0.3679 -0.3438 0.8639
vn 0.3557 0.6723 0.6493
vn 0.6150 0.2925 0.7323
vn -0.3848 -0.6406 0.6645
vn -0.2536 -0.7038 0.6636
vn 0.1319 0.3939 0.9096
vn 0.0772 0.4123 0.9078
vn -0.0391 0.2958 0.9545
vn -0.2560 0.2361 0.9374
vn -0.3055 0.6126 0.7289
vn -0.5074 0.3624 0.7818
vn -0.5042 0.3693 0.7806
vn -0.3139 0.3843 0.8682
vn 0.0301 0.8226 0.5679
vn -0.2063 0.6477 0.7334
vn 0.0599 0.5517 0.8319
vn 0.0533 0.5540 0.8308
vn 0.1611 0.8082 0.5664
vn 0.1984 0.8155 0.5437
vn -0.2252 0.7880 0.5730
vn -0.2001 0.8075 0.5549
vn -0.5564 0.6102 0.5640
vn -0.5755 0.5748 0.5817
vn -0.8593 -0.1509 0.4887
vn 0.3040 0.6497 0.6968
vn 0.1416 0.6889 0.7109
vn 0.3398 0.7712 0.5383
vn 0.1978 0.9803 0.0000
vn 0.1172 0.9931 0.0000
vn -0.0393 0.9992 0.0000
vn -0.4280 0.9038 0.0000
vn -0.8450 0.5347 0.0000
vn -0.9991 -0.0426 0.0000
vn -0.9611 -0.2763 0.0000
vn -0.9330 -0.3598 -0.0000
vn -0.8335 -0.5525 0.0000
vn -0.7579 -0.6524 0.0000
vn -0.0124 0.0776 0.9969
vn 0.1917 -0.0765 0.9785
vn -0.0161 0.0757 0.9970
vn 0.1455 0.0315 0.9889
vn 0.0179 0.1556 0.9877
vn -0.0725 0.1243 0.9896
vn -0.0360 0.1074 0.9936
vn 0.1113 0.1454 0.9831
vn 0.1919 -0.0187 0.9812
vn 0.2308 0.0667 0.9707
vn 0.1108 0.0296 0.9934
vn 0.1919 -0.0764 0.9784
vn 0.3177 -0.0989 0.9430
vn 0.2987 -0.1776 0.9377
vn 0.4378 -0.0583 0.8972
vn 0.4406 -0.0412 0.8968
vn 0.3436 0.0932 0.9345
vn 0.3447 0.0975 0.9336
vn 0.2551 0.3599 0.8975
vn 0.1884 -0.1574 0.9694
vn 0.0452 0.2043 0.9779
vn -0.0905 0.1545 0.9838
vn 0.3112 0.1056 0.9445
vn 0.3471 0.0796 0.9345
vn 0.3501 0.0994 0.9314
vn 0.3859 0.0121 0.9225
vn 0.3655 -0.1221 0.9228
vn 0.4297 -0.2763 0.8596
vn 0.4559 -0.1373 0.8794
vn 0.4623 -0.2126 0.8609
vn 0.4696 -0.1683 0.8667
vn 0.4642 -0.1549 0.8721
vn 0.4912 -0.1483 0.8583
vn 0.4922 -0.1502 0.8574
vn 0.4672 -0.1389 0.8732
vn 0.4634 -0.1326 0.8761
vn 0.4637 -0.1328 0.8760
vn 0.3715 -0.1825 0.9103
vn 0.3444 -0.1645 0.9243
vn 0.3056 -0.1904 0.9329
vn 0.3396 -0.2516 0.9063
vn 0.3300 -0.3629 0.8714
vn 0.4351 0.4984 0.7499
vn 0.4556 0.4762 0.7521
vn 0.5402 0.5574 0.6305
vn 0.4479 0.6805 0.5799
vn 0.7434 0.3776 0.5520
vn 0.5285 -0.1787 0.8299
vn 0.1205 0.0926 0.9884
vn 0.3159 0.6358 0.7043
vn 0.2892 0.6509 0.7020
vn -0.4500 -0.6781 0.5811
vn -0.4102 -0.7077 0.5753
vn -0.7800 0.1269 0.6128
vn -0.3329 -0.5376 0.7747
vn 0.5954 0.1896 0.7807
vn 0.6814 0.0213 0.7316
vn 0.4581 0.2413 0.8555
vn 0.6921 0.3466 0.6332
vn 0.2160 0.3804 0.8993
vn 0.4154 0.7263 0.5477
vn 0.2917 0.7999 0.5244
vn 0.4337 0.6645 0.6086
vn 0.2631 0.7534 0.6027
vn 0.3983 0.9172 -0.0000
vn 0.1507 0.9886 -0.0000
vn -0.1155 0.9933 0.0000
vn -0.3769 0.9263 0.0000
vn 0.9539 0.3003 0.0000
vn 0.9538 0.3003 0.0000
vn 0.9817 0.1903 0.0000
vn 0.9843 0.1765 -0.0000
vn 0.9959 0.0909 0.0000
vn 0.9985 -0.0554 -0.0000
vn -0.0017 -0.0111 0.9999
vn 0.0021 -0.0377 0.9993
vn -0.5265 0.0129 0.8501
vn -0.4646 -0.3515 0.8127
vn 0.4474 -0.1338 0.8843
vn 0.3824 0.2893 0.8775
vn 0.9405 0.0332 0.3382
vn 0.9089 -0.2751 0.3135
vn 0.8735 -0.1718 0.4555
vn 0.8260 -0.4020 0.3951
vn 0.7631 -0.4736 0.4397
vn 0.5726 -0.7044 0.4194
vn -0.3673 0.2115 0.9057
vn -0.4398 -0.0928 0.8933
vn -0.4315 0.3243 0.8418
vn -0.0065 0.2576 0.9662
vn -0.0557 0.3149 0.9475
vn 0.1367 0.2846 0.9488
vn 0.0627 0.3474 0.9356
vn 0.1985 0.3053 0.9313
vn 0.1686 0.3387 0.9257
vn -0.3778 0.2450 0.8929
vn -0.4076 0.2474 0.8790
vn -0.2431 0.3232 0.9146
vn -0.3260 0.4101 0.8518
vn -0.1935 0.4262 0.8837
vn -0.0100 0.1600 0.9871
vn 0.3227 0.6919 0.6458
vn 0.2662 -0.1598 0.9506
vn 0.2217 0.5466 0.8075
vn 0.1749 0.2885 0.9414
vn 0.2250 0.2021 0.9532
vn 0.2161 0.1511 0.9646
vn 0.2729 0.0262 0.9617
vn 0.3132 0.2389 0.9191
vn 0.1949 0.4207 0.8860
vn 0.7226 0.5844 0.3693
vn 0.6694 0.6991 0.2513
vn 0.4349 0.7457 0.5048
vn 0.5825 0.6000 0.5483
vn 0.5637 0.6808 0.4677
vn 0.6465 0.5828 0.4923
vn 0.6335 0.6169 0.4671
vn 0.6592 0.5884 0.4682
vn 0.8128 0.4503 0.3695
vn 0.7361 0.6768 -0.0000
vn 0.7750 0.6319 -0.0000
vn 0.8308 0.5566 -0.0000
vn 0.8076 0.5897 -0.0000
vn 0.8763 0.4817 -0.0000
vn 0.8763 0.4818 0.0000
vn 0.7190 0.6950 0.0000
vn -0.9849 0.1731 0.0000
vn 0.6001 0.7999 -0.0000
vn 0.6039 0.7970 0.0000
vn 0.7891 0.6143 0.0000
vn 0.3059 0.2153 0.9274
vn -0.3297 0.9422 0.0602
vn -0.5311 0.8452 0.0602
vn -0.5196 0.8268 0.2157
vn -0.5196 0.8268 0.2156
vn -0.3226 0.9217 0.2157
vn -0.1120 0.9919 0.0602
vn -0.4826 0.7679 0.4212
vn -0.4826 0.7679 0.4213
vn -0.6414 0.6413 0.4213
vn -0.6905 0.6904 0.2157
vn -0.6905 0.6904 0.2156
vn -0.7059 0.7058 0.0602
vn -0.7059 0.7058 -0.0602
vn -0.5311 0.8452 -0.0602
vn -0.3297 0.9422 -0.0602
vn -0.1120 0.9919 -0.0602
vn -0.1121 0.9919 -0.0602
vn 0.1115 0.9919 -0.0602
vn 0.3267 0.9336 -0.1473
vn 0.1105 0.9829 -0.1473
vn -0.1111 0.9828 -0.1473
vn -0.1110 0.9828 -0.1473
vn -0.3268 0.9336 -0.1473
vn -0.3267 0.9336 -0.1473
vn -0.5263 0.8374 -0.1473
vn -0.5263 0.8375 -0.1473
vn -0.3038 0.8680 -0.3927
vn -0.3038 0.8680 -0.3926
vn -0.1033 0.9138 -0.3927
vn -0.1033 0.9139 -0.3927
vn 0.1027 0.9139 -0.3927
vn 0.1027 0.9139 -0.3926
vn 0.3037 0.8681 -0.3927
vn 0.3038 0.8681 -0.3926
vn 0.4893 0.7787 -0.3927
vn 0.4893 0.7787 -0.3926
vn 0.5262 0.8375 -0.1473
vn 0.5263 0.8375 -0.1473
vn 0.8452 0.5310 0.0602
vn 0.8452 0.5310 -0.0602
vn 0.7058 0.7058 -0.0602
vn 0.6994 0.6994 -0.1473
vn 0.6503 0.6503 -0.3927
vn 0.6503 0.6503 -0.3926
vn 0.7787 0.4893 -0.3927
vn 0.7787 0.4893 -0.3926
vn 0.9422 0.3297 0.0602
vn 0.9422 0.3296 0.0602
vn 0.9422 0.3296 -0.0602
vn 0.8375 0.5262 -0.1473
vn 0.9336 0.3267 -0.1473
vn 0.9422 0.3297 -0.0602
vn 0.9919 0.1119 -0.0602
vn 0.9919 0.1119 0.0602
vn 0.9919 -0.1116 0.0602
vn 0.9422 -0.3297 0.0602
vn 0.8681 0.3037 -0.3927
vn 0.9828 0.1109 -0.1473
vn 0.9919 -0.1116 -0.0602
vn 0.9422 -0.3297 -0.0602
vn 0.8452 -0.5311 -0.0602
vn 0.6994 -0.6994 -0.1473
vn 0.8375 -0.5262 -0.1473
vn 0.9336 -0.3267 -0.1473
vn 0.9829 -0.1106 -0.1473
vn 0.9829 -0.1105 -0.1473
vn 0.9139 0.1032 -0.3927
vn 0.1115 -0.9919 -0.0602
vn 0.3297 -0.9422 -0.0602
vn 0.3267 -0.9336 -0.1473
vn 0.5262 -0.8375 -0.1473
vn 0.4893 -0.7787 -0.3927
vn 0.6503 -0.6503 -0.3926
vn 0.6503 -0.6503 -0.3927
vn 0.7787 -0.4893 -0.3926
vn 0.7787 -0.4893 -0.3927
vn 0.8681 -0.3037 -0.3926
vn 0.4893 -0.7787 -0.3926
vn 0.3038 -0.8680 -0.3927
vn 0.1105 -0.9829 -0.1473
vn 0.1027 -0.9139 -0.3927
vn 0.3038 -0.8681 -0.3926
vn 0.1171 -0.3347 -0.9350
vn 0.1887 -0.3002 -0.9350
vn 0.1886 -0.3001 -0.9351
vn 0.2508 -0.2507 -0.9350
vn 0.2507 -0.2507 -0.9350
vn 0.1172 -0.3347 -0.9350
vn -0.0245 0.2175 -0.9758
vn -0.0245 0.2175 -0.9757
vn 0.0398 -0.3527 -0.9349
vn 0.0396 -0.3526 -0.9350
vn -0.2066 0.0723 -0.9758
vn -0.2066 0.0723 -0.9757
vn -0.1854 0.1164 -0.9758
vn -0.1854 0.1164 -0.9757
vn -0.1548 0.1547 -0.9758
vn -0.1548 0.1548 -0.9757
vn -0.1165 0.1853 -0.9758
vn -0.1165 0.1853 -0.9757
vn -0.0723 0.2066 -0.9758
vn -0.0723 0.2066 -0.9757
vn 0.3004 -0.1888 -0.9349
vn 0.3004 -0.1887 -0.9350
vn 0.3352 -0.1173 -0.9348
vn 0.3351 -0.1172 -0.9349
vn 0.3533 -0.0397 -0.9347
vn 0.3535 -0.0399 -0.9346
vn -0.2175 0.0245 -0.9757
vn 0.8681 -0.3037 -0.3927
vn 0.9139 -0.1028 -0.3926
vn 0.9139 -0.1028 -0.3927
vn 0.3535 0.0399 -0.9346
vn 0.3537 0.0398 -0.9345
vn -0.2175 -0.0245 -0.9757
vn -0.2066 -0.0723 -0.9757
vn -0.2066 -0.0723 -0.9758
vn 0.8681 0.3038 -0.3926
vn 0.3365 0.1178 -0.9343
vn 0.3364 0.1178 -0.9343
vn 0.3024 0.1900 -0.9341
vn 0.3023 0.1900 -0.9341
vn 0.2529 0.2529 -0.9338
vn 0.2528 0.2529 -0.9339
vn 0.1906 0.3034 -0.9336
vn 0.1905 0.3033 -0.9337
vn 0.1185 0.3386 -0.9334
vn -0.1853 -0.1165 -0.9757
vn -0.1853 -0.1165 -0.9758
vn -0.1548 -0.1548 -0.9757
vn -0.1547 -0.1548 -0.9758
vn -0.1164 -0.1854 -0.9757
vn -0.1164 -0.1854 -0.9758
vn -0.0723 -0.2066 -0.9757
vn -0.0723 -0.2066 -0.9758
vn -0.0245 -0.2175 -0.9757
vn 0.1184 0.3386 -0.9335
vn 0.0401 0.3570 -0.9333
vn 0.0402 0.3571 -0.9332
vn -0.0403 0.3571 -0.9332
vn -0.0403 0.3572 -0.9332
vn -0.1188 0.3395 -0.9331
vn -0.1189 0.3394 -0.9331
vn -0.1914 0.3046 -0.9330
vn -0.1914 0.3045 -0.9331
vn -0.2544 0.2543 -0.9331
vn 0.0245 -0.2175 -0.9757
vn 0.0245 -0.2175 -0.9758
vn 0.0723 -0.2066 -0.9757
vn 0.0724 -0.2066 -0.9758
vn 0.1165 -0.1853 -0.9757
vn 0.1165 -0.1853 -0.9758
vn 0.1548 -0.1548 -0.9757
vn 0.1548 -0.1547 -0.9758
vn 0.1854 -0.1164 -0.9757
vn 0.1854 -0.1164 -0.9758
vn -0.2543 0.2543 -0.9331
vn -0.3045 0.1912 -0.9331
vn -0.3044 0.1912 -0.9332
vn -0.3391 0.1186 -0.9332
vn -0.3390 0.1186 -0.9333
vn -0.3566 0.0401 -0.9334
vn -0.3563 0.0402 -0.9335
vn -0.3563 -0.0402 -0.9335
vn -0.3560 -0.0401 -0.9336
vn -0.9139 -0.1028 -0.3927
vn -0.9139 0.1031 -0.3927
vn 0.2066 -0.0723 -0.9757
vn 0.2066 -0.0722 -0.9758
vn 0.2175 -0.0244 -0.9757
vn 0.2175 0.0246 -0.9757
vn 0.2175 0.0246 -0.9758
vn 0.2066 0.0723 -0.9757
vn -0.3377 -0.1182 -0.9338
vn -0.3376 -0.1182 -0.9338
vn -0.8681 -0.3038 -0.3926
vn 0.2066 0.0723 -0.9758
vn 0.1853 0.1165 -0.9757
vn -0.3024 -0.1901 -0.9340
vn -0.3024 -0.1900 -0.9341
vn -0.7787 -0.4894 -0.3926
vn -0.7787 -0.4893 -0.3927
vn -0.8375 -0.5263 -0.1473
vn -0.8452 -0.5311 -0.0602
vn -0.8680 -0.3038 -0.3927
vn -0.9336 -0.3267 -0.1473
vn -0.9422 -0.3297 -0.0602
vn -0.9422 -0.3297 0.0602
vn -0.8452 -0.5311 0.0602
vn -0.8268 -0.5195 0.2157
vn -0.6905 -0.6905 0.2156
vn -0.6904 -0.6905 0.2157
vn -0.9829 -0.1106 -0.1473
vn -0.9919 -0.1116 -0.0602
vn -0.9919 -0.1116 0.0602
vn -0.9217 -0.3225 0.2157
vn -0.8268 -0.5196 0.2156
vn -0.7679 -0.4825 0.4213
vn -0.9217 -0.3226 0.2156
vn -0.9703 -0.1092 0.2157
vn -0.9704 -0.1092 0.2156
vn -0.9703 0.1095 0.2156
vn -0.9919 0.1119 0.0602
vn -0.9919 0.1119 -0.0602
vn -0.9422 0.3296 -0.0602
vn -0.9336 0.3266 -0.1473
vn -0.8375 0.5262 -0.1473
vn -0.7788 0.4893 -0.3926
vn -0.6504 0.6502 -0.3927
vn -0.9829 0.1109 -0.1473
vn -0.8681 0.3037 -0.3927
vn -0.8681 0.3037 -0.3926
vn -0.7787 0.4892 -0.3927
vn -0.9217 0.3225 0.2156
vn -0.9422 0.3296 0.0602
vn -0.8452 0.5310 -0.0602
vn -0.6994 0.6993 -0.1473
vn -0.6504 0.6503 -0.3926
vn -0.4894 0.7787 -0.3927
vn -0.4894 0.7787 -0.3926
vn -0.6994 0.6994 -0.1473
vn -0.8452 0.5310 0.0602
vn -0.8268 0.5195 0.2156
vn -0.8268 0.5195 0.2157
vn -0.7680 0.4825 0.4212
vn -0.7680 0.4824 0.4213
vn -0.6414 0.6412 0.4213
vn -0.4431 0.4431 0.7793
vn -0.4432 0.4431 0.7792
vn -0.3336 0.5307 0.7791
vn -0.3336 0.5308 0.7790
vn -0.2070 0.5914 0.7794
vn -0.2070 0.5915 0.7793
vn -0.0701 0.6219 0.7800
vn -0.0702 0.6213 0.7804
vn 0.0700 0.6213 0.7804
vn 0.0698 0.6208 0.7808
vn 0.2995 0.8560 0.4213
vn 0.3225 0.9217 0.2157
vn 0.2996 0.8560 0.4213
vn 0.4825 0.7679 0.4213
vn 0.3297 0.9422 0.0602
vn 0.3225 0.9217 0.2156
vn 0.5195 0.8268 0.2157
vn 0.4825 0.7679 0.4212
vn 0.6413 0.6413 0.4213
vn 0.5311 0.8452 0.0602
vn 0.5195 0.8268 0.2156
vn 0.6905 0.6904 0.2157
vn 0.7058 0.7058 0.0602
vn 0.7059 0.7058 0.0602
vn 0.7059 0.7058 -0.0602
vn 0.5311 0.8452 -0.0602
vn 0.3297 0.9422 -0.0602
vn 0.1115 0.9919 0.0602
vn -0.1018 0.9012 0.4213
vn 0.1013 0.9013 0.4213
vn 0.1013 0.9013 0.4212
vn 0.1091 0.9704 0.2157
vn 0.1091 0.9704 0.2156
vn -0.1121 0.9919 0.0602
vn -0.1096 0.9703 0.2157
vn -0.3226 0.9217 0.2156
vn -0.2996 0.8560 0.4213
vn -0.1096 0.9703 0.2156
vn -0.2996 0.8560 0.4212
vn 0.2057 0.5881 0.7822
vn 0.2058 0.5881 0.7821
vn 0.3304 0.5259 0.7837
vn 0.3305 0.5260 0.7836
vn 0.4377 0.4377 0.7854
vn 0.4378 0.4378 0.7853
vn 0.5222 0.3282 0.7871
vn 0.5223 0.3282 0.7870
vn 0.5801 0.2030 0.7888
vn 0.5802 0.2030 0.7887
vn 0.4854 0.4854 0.7272
vn 0.5811 0.3652 0.7273
vn 0.5812 0.3652 0.7272
vn 0.6478 0.2268 0.7273
vn 0.6479 0.2268 0.7272
vn 0.6820 0.0768 0.7273
vn 0.6821 0.0768 0.7273
vn 0.6821 -0.0769 0.7272
vn 0.6478 -0.2266 0.7273
vn -0.1440 -0.0905 0.9854
vn -0.1605 -0.0562 0.9854
vn -0.1690 -0.0190 0.9854
vn -0.1690 0.0191 0.9854
vn -0.1605 0.0561 0.9854
vn 0.6087 0.0685 0.7904
vn 0.6078 0.0686 0.7911
vn 0.6078 -0.0686 0.7911
vn 0.6070 -0.0683 0.7917
vn 0.5750 -0.2012 0.7930
vn 0.5751 -0.2012 0.7929
vn 0.5149 -0.3235 0.7939
vn 0.5150 -0.3236 0.7938
vn 0.4295 -0.4295 0.7944
vn 0.4296 -0.4296 0.7943
vn 0.6479 -0.2267 0.7272
vn 0.5812 -0.3651 0.7273
vn 0.5812 -0.3652 0.7272
vn 0.4854 -0.4852 0.7273
vn 0.4854 -0.4853 0.7272
vn 0.3652 -0.5811 0.7273
vn 0.3653 -0.5812 0.7272
vn 0.2268 -0.6478 0.7273
vn 0.2268 -0.6479 0.7272
vn 0.2007 -0.5734 0.7943
vn -0.1440 0.0904 0.9854
vn -0.1440 0.0905 0.9854
vn -0.1203 0.1202 0.9854
vn -0.0905 0.1440 0.9854
vn -0.0562 0.1605 0.9854
vn -0.0191 0.1690 0.9854
vn -0.0190 0.1690 0.9854
vn 0.0769 -0.6820 0.7273
vn 0.0682 -0.6050 0.7933
vn 0.0679 -0.6044 0.7938
vn 0.1013 -0.9013 0.4213
vn 0.1013 -0.9012 0.4213
vn 0.1091 -0.9704 0.2157
vn 0.1115 -0.9919 0.0602
vn 0.2007 -0.5734 0.7944
vn 0.2996 -0.8560 0.4213
vn 0.3225 -0.9217 0.2156
vn 0.3225 -0.9217 0.2157
vn 0.3297 -0.9422 0.0602
vn 0.5311 -0.8452 -0.0602
vn 0.3231 -0.5141 0.7946
vn 0.3231 -0.5142 0.7945
vn 0.4826 -0.7679 0.4213
vn 0.4825 -0.7679 0.4213
vn 0.5195 -0.8268 0.2156
vn 0.5195 -0.8268 0.2157
vn 0.5311 -0.8452 0.0602
vn 0.7058 -0.7058 -0.0602
vn 0.6413 -0.6413 0.4213
vn 0.6413 -0.6413 0.4212
vn 0.6905 -0.6905 0.2157
vn 0.6905 -0.6905 0.2156
vn 0.7058 -0.7058 0.0602
vn 0.8452 -0.5311 0.0602
vn 0.8268 -0.5195 0.2156
vn 0.8268 -0.5195 0.2157
vn 0.7679 -0.4825 0.4213
vn 0.8561 -0.2995 0.4212
vn 0.8560 -0.2995 0.4213
vn 0.9217 -0.3225 0.2156
vn 0.9217 -0.3225 0.2157
vn 0.9704 -0.1091 0.2156
vn 0.9703 0.1095 0.2156
vn 0.9703 0.1095 0.2157
vn 0.9217 0.3225 0.2156
vn 0.9217 0.3225 0.2157
vn 0.8268 0.5195 0.2156
vn 0.8268 0.5195 0.2157
vn 0.9013 -0.1014 0.4212
vn 0.9012 -0.1013 0.4213
vn 0.9012 0.1017 0.4213
vn 0.8560 0.2996 0.4212
vn 0.8560 0.2995 0.4213
vn 0.7679 0.4825 0.4213
vn 0.6413 0.6413 0.4212
vn 0.6905 0.6905 0.2156
vn -0.8351 0.5244 -0.1658
vn -0.6975 0.6971 -0.1658
vn -0.3578 0.3576 -0.8626
vn -0.5249 0.8349 -0.1658
vn -0.9309 0.3255 -0.1658
vn -0.4284 0.2690 -0.8626
vn 0.0012 -0.0012 -1.0000
vn 0.0009 -0.0015 -1.0000
vn -0.2693 0.4282 -0.8626
vn -0.2693 0.4283 -0.8626
vn -0.3260 0.9307 -0.1658
vn -0.9800 0.1101 -0.1658
vn -0.4776 0.1670 -0.8626
vn 0.0015 -0.0009 -1.0000
vn 0.4967 -0.4964 -0.7119
vn 0.3738 -0.5945 -0.7120
vn 0.3738 -0.5945 -0.7119
vn 0.2322 -0.6627 -0.7120
vn -0.9799 -0.1107 -0.1658
vn -0.5028 0.0565 -0.8626
vn -0.4775 0.1669 -0.8626
vn 0.0017 -0.0006 -1.0000
vn 0.5947 -0.3734 -0.7119
vn 0.4967 -0.4964 -0.7120
vn 0.7073 -0.7069 -0.0000
vn 0.8469 -0.5318 -0.0000
vn 0.5947 -0.3734 -0.7120
vn 0.6629 -0.2317 -0.7119
vn 0.0018 -0.0002 -1.0000
vn 0.0018 0.0002 -1.0000
vn 0.0017 0.0006 -1.0000
vn 0.6978 0.0789 -0.7120
vn 0.6978 0.0789 -0.7119
vn 0.6978 -0.0783 -0.7120
vn 0.6979 -0.0784 -0.7119
vn 0.6629 -0.2317 -0.7120
vn 0.9440 -0.3300 -0.0000
vn 0.9938 -0.1116 -0.0000
vn 0.9937 0.1124 -0.0000
vn 0.9438 0.3306 -0.0000
vn 0.8466 0.5323 -0.0000
vn 0.7069 0.7073 -0.0000
vn 0.5318 0.8469 -0.0000
vn 0.3734 0.5947 -0.7120
vn 0.3734 0.5947 -0.7119
vn 0.4964 0.4967 -0.7120
vn 0.4964 0.4967 -0.7119
vn 0.5945 0.3738 -0.7120
vn 0.5945 0.3738 -0.7119
vn 0.6627 0.2321 -0.7120
vn 0.6628 0.2321 -0.7119
vn 0.0015 0.0009 -1.0000
vn 0.0012 0.0012 -1.0000
vn 0.0009 0.0015 -1.0000
vn 0.0006 0.0017 -1.0000
vn 0.2317 0.6629 -0.7119
vn 0.2317 0.6629 -0.7120
vn 0.3300 0.9440 -0.0000
vn 0.1119 0.9937 -0.0000
vn 0.0786 0.6978 -0.7120
vn 0.0786 0.6978 -0.7119
vn 0.0002 0.0018 -1.0000
vn -0.0566 -0.5027 -0.8626
vn -0.1103 -0.9800 -0.1658
vn -0.3255 -0.9309 -0.1658
vn -0.5245 -0.8351 -0.1658
vn -0.6971 -0.6975 -0.1658
vn -0.8349 -0.5249 -0.1658
vn -0.9307 -0.3259 -0.1658
vn -0.1670 -0.4775 -0.8626
vn -0.1670 -0.4776 -0.8626
vn -0.2690 -0.4284 -0.8626
vn -0.2691 -0.4284 -0.8626
vn -0.3576 -0.3578 -0.8626
vn -0.4283 -0.2692 -0.8626
vn -0.4283 -0.2693 -0.8626
vn -0.4774 -0.1672 -0.8626
vn -0.4775 -0.1672 -0.8626
vn -0.5027 -0.0568 -0.8626
vn -0.5027 0.0565 -0.8626
vn -0.2521 -0.2522 -0.9343
vn -0.2521 -0.2521 -0.9343
vn -0.1894 -0.3015 -0.9345
vn -0.1894 -0.3014 -0.9345
vn -0.1174 -0.3356 -0.9347
vn -0.1174 -0.3355 -0.9347
vn -0.3037 -0.8681 -0.3927
vn -0.3037 -0.8681 -0.3926
vn -0.3266 -0.9336 -0.1473
vn -0.3267 -0.9336 -0.1473
vn -0.6503 -0.6503 -0.3927
vn -0.4893 -0.7787 -0.3926
vn -0.4892 -0.7787 -0.3927
vn -0.5262 -0.8375 -0.1473
vn -0.6994 -0.6994 -0.1473
vn -0.7058 -0.7058 -0.0602
vn -0.5311 -0.8452 -0.0602
vn -0.3297 -0.9422 -0.0602
vn -0.1120 -0.9919 -0.0602
vn -0.1110 -0.9828 -0.1473
vn -0.7058 -0.7058 0.0602
vn -0.5311 -0.8452 0.0602
vn -0.3297 -0.9422 0.0602
vn -0.1120 -0.9919 0.0602
vn -0.1096 -0.9703 0.2156
vn -0.5195 -0.8268 0.2156
vn -0.5195 -0.8268 0.2157
vn -0.3225 -0.9217 0.2156
vn -0.3225 -0.9217 0.2157
vn -0.2995 -0.8561 0.4213
vn -0.2995 -0.8560 0.4213
vn -0.2017 -0.5766 0.7917
vn -0.2017 -0.5768 0.7916
vn -0.2266 -0.6479 0.7272
vn -0.3650 -0.5812 0.7273
vn -0.1018 -0.9012 0.4213
vn -0.0683 -0.6050 0.7933
vn -0.0682 -0.6056 0.7928
vn -0.0768 -0.6821 0.7272
vn -0.2266 -0.6478 0.7273
vn 0.0561 0.1605 0.9854
vn 0.0904 0.1440 0.9854
vn 0.0905 0.1440 0.9854
vn -0.0768 -0.6820 0.7273
vn 0.0190 0.1690 0.9854
vn 0.1202 0.1203 0.9854
vn 0.1440 0.0905 0.9854
vn 0.1605 0.0562 0.9854
vn 0.1690 0.0191 0.9854
vn 0.1690 -0.0190 0.9854
vn -0.3651 -0.5813 0.7272
vn -0.4852 -0.4854 0.7273
vn -0.4853 -0.4854 0.7272
vn -0.5810 -0.3652 0.7273
vn -0.5812 -0.3653 0.7272
vn -0.6478 -0.2268 0.7273
vn -0.6479 -0.2268 0.7272
vn -0.6820 -0.0770 0.7273
vn -0.6821 -0.0770 0.7272
vn -0.6821 0.0767 0.7273
vn -0.5845 -0.2046 0.7852
vn -0.5846 -0.2046 0.7851
vn -0.6174 -0.0695 0.7835
vn -0.6184 -0.0698 0.7828
vn -0.6184 0.0698 0.7828
vn -0.6194 0.0696 0.7820
vn -0.5897 0.2063 0.7808
vn -0.5898 0.2063 0.7807
vn -0.5300 0.3330 0.7799
vn -0.5301 0.3330 0.7798
vn -0.7679 -0.4826 0.4212
vn -0.8560 -0.2996 0.4213
vn -0.8560 -0.2996 0.4212
vn -0.9012 -0.1014 0.4213
vn -0.9012 0.1017 0.4213
vn -0.8561 0.2995 0.4213
vn -0.8561 0.2995 0.4212
vn -0.9217 0.3224 0.2157
vn -0.6413 -0.6413 0.4213
vn -0.6412 -0.6413 0.4213
vn -0.4825 -0.7680 0.4213
vn -0.4825 -0.7679 0.4213
vn -0.3260 -0.5189 0.7903
vn -0.3260 -0.5190 0.7902
vn -0.4347 -0.4348 0.7886
vn -0.4348 -0.4349 0.7886
vn -0.5224 -0.3283 0.7869
vn -0.5225 -0.3284 0.7868
vn -0.1032 -0.9139 -0.3927
vn -0.0398 -0.3527 -0.9349
vn -0.0397 -0.3529 -0.9348
vn 0.0245 0.2175 -0.9757
vn 0.0722 0.2066 -0.9758
vn 0.0723 0.2066 -0.9757
vn 0.1164 0.1854 -0.9758
vn 0.1164 0.1854 -0.9757
vn 0.1547 0.1548 -0.9758
vn 0.1548 0.1548 -0.9757
vn 0.1853 0.1165 -0.9758
vn 0.2322 -0.6628 -0.7119
vn 0.0006 -0.0017 -1.0000
vn -0.1672 0.4774 -0.8626
vn -0.1672 0.4775 -0.8626
vn -0.1106 0.9799 -0.1658
vn 0.5323 -0.8465 -0.0000
vn 0.3306 -0.9438 -0.0000
vn 0.1122 -0.9937 -0.0000
vn 0.0788 -0.6978 -0.7120
vn 0.0788 -0.6978 -0.7119
vn 0.0002 -0.0018 -1.0000
vn -0.0567 0.5027 -0.8626
vn -0.1118 -0.9937 -0.0000
vn -0.0785 -0.6978 -0.7120
vn -0.0785 -0.6979 -0.7119
vn -0.0002 -0.0018 -1.0000
vn 0.0566 0.5027 -0.8626
vn 0.1670 0.4775 -0.8626
vn -0.0015 -0.0009 -1.0000
vn -0.0012 -0.0012 -1.0000
vn -0.0009 -0.0015 -1.0000
vn -0.0006 -0.0017 -1.0000
vn -0.2318 -0.6629 -0.7119
vn -0.2318 -0.6629 -0.7120
vn -0.3301 -0.9440 -0.0000
vn -0.5318 -0.8469 -0.0000
vn -0.3735 -0.5947 -0.7120
vn -0.3735 -0.5947 -0.7119
vn -0.4964 -0.4967 -0.7120
vn -0.4964 -0.4967 -0.7119
vn -0.5945 -0.3737 -0.7120
vn -0.5945 -0.3738 -0.7119
vn -0.6627 -0.2321 -0.7120
vn -0.6628 -0.2321 -0.7119
vn -0.7069 -0.7073 -0.0000
vn -0.8466 -0.5322 -0.0000
vn -0.9438 -0.3305 -0.0000
vn -0.9937 -0.1119 -0.0000
vn -0.9937 0.1121 -0.0000
vn -0.6978 -0.0786 -0.7120
vn -0.6978 0.0787 -0.7119
vn -0.9440 0.3300 -0.0000
vn -0.8469 0.5318 -0.0000
vn -0.6629 0.2317 -0.7120
vn -0.0018 0.0002 -1.0000
vn -0.0018 -0.0002 -1.0000
vn -0.0017 -0.0006 -1.0000
vn 0.5027 0.0566 -0.8626
vn 0.5027 -0.0567 -0.8626
vn -0.0017 0.0006 -1.0000
vn -0.6629 0.2318 -0.7119
vn -0.5947 0.3734 -0.7120
vn -0.7073 0.7069 -0.0000
vn 0.8349 0.5248 -0.1658
vn 0.9308 0.3259 -0.1658
vn 0.9800 0.1103 -0.1658
vn 0.9799 -0.1105 -0.1658
vn 0.4775 -0.1670 -0.8626
vn 0.2691 0.4284 -0.8626
vn 0.3576 0.3578 -0.8626
vn 0.3577 0.3578 -0.8626
vn 0.4283 0.2692 -0.8626
vn 0.4774 0.1672 -0.8626
vn 0.4775 0.1672 -0.8626
vn 0.1103 0.9800 -0.1658
vn 0.3255 0.9309 -0.1658
vn 0.5245 0.8351 -0.1658
vn 0.6972 0.6974 -0.1658
vn 0.0000 -0.0000 1.0000
vn 0.5556 -0.8315 0.0000
vn 0.8315 -0.5556 0.0000
vn 0.9808 -0.1951 -0.0000
vn 0.8180 -0.1627 0.5518
vn 0.6934 -0.4633 0.5518
vn 0.4633 -0.6934 0.5518
vn 0.1627 -0.8180 0.5518
vn 0.1951 -0.9808 0.0000
vn 0.1627 -0.8180 -0.5518
vn 0.4633 -0.6934 -0.5518
vn 0.6934 -0.4633 -0.5518
vn 0.8180 -0.1627 -0.5518
vn 0.8180 0.1627 -0.5518
vn 0.9808 0.1951 0.0000
vn 0.6934 0.4633 -0.5518
vn 0.4633 0.6934 -0.5518
vn 0.1627 0.8180 -0.5518
vn -0.1627 0.8180 -0.5518
vn 0.8315 0.5556 0.0000
vn 0.5556 0.8315 0.0000
vn 0.1951 0.9808 0.0000
vn -0.1951 0.9808 0.0000
vn -0.5556 0.8315 0.0000
vn -0.1627 0.8180 0.5518
vn 0.1627 0.8180 0.5518
vn 0.4633 0.6934 0.5518
vn 0.6934 0.4633 0.5518
vn 0.8180 0.1627 0.5518
vn -0.6934 -0.4633 0.5518
vn -0.8180 -0.1627 0.5518
vn -0.8180 0.1627 0.5518
vn -0.6934 0.4633 0.5518
vn -0.4633 0.6934 0.5518
vn -0.8315 0.5556 0.0000
vn -0.9808 0.1951 0.0000
vn -0.9808 -0.1951 -0.0000
vn -0.8315 -0.5556 0.0000
vn -0.5556 -0.8315 0.0000
vn -0.6934 -0.4633 -0.5518
vn -0.4633 -0.6934 -0.5518
vn -0.1627 -0.8180 -0.5518
vn -0.1951 -0.9808 0.0000
vn -0.1627 -0.8180 0.5518
vn -0.4633 -0.6934 0.5518
vn -0.4633 0.6934 -0.5518
vn -0.6934 0.4633 -0.5518
vn -0.8180 0.1627 -0.5518
vn -0.8180 -0.1627 -0.5518
vn 0.0204 -0.0085 0.9998
vn -0.3747 0.9045 0.2036
vn -0.5960 0.7767 0.2036
vn 0.0058 -0.0075 1.0000
vn 0.0077 -0.0059 1.0000
vn 0.6064 -0.0798 0.7911
vn 0.6064 0.0798 0.7911
vn -0.3724 0.4853 0.7911
vn 0.0026 -0.0062 1.0000
vn 0.0798 -0.6064 0.7911
vn -0.2341 0.5651 0.7911
vn -0.3827 0.9239 -0.0000
vn -0.1305 0.9914 0.0000
vn -0.0798 0.6064 0.7911
vn -0.0798 -0.6064 0.7911
vn 0.1305 0.9914 0.0000
vn 0.0798 0.6064 0.7911
vn 0.3827 0.9239 -0.0000
vn 0.5948 0.8039 0.0000
vn 0.3598 0.4863 0.7963
vn 0.3596 0.4934 0.7920
vn -0.3551 -0.4872 0.7978
vn -0.3528 -0.4977 0.7924
vn -0.0016 -0.0023 1.0000
vn -0.0010 -0.0024 1.0000
vn 0.0005 -0.0035 1.0000
vn -0.0005 -0.0040 1.0000
vn 0.0006 -0.0043 1.0000
vn -0.0003 -0.0023 1.0000
vn -0.3801 0.4821 0.7894
vn -0.3801 0.4803 0.7905
vn 0.3813 -0.4818 0.7890
vn 0.3819 -0.4791 0.7903
vn 0.0086 -0.0107 0.9999
vn 0.0020 -0.0047 1.0000
vn -0.0013 -0.0031 1.0000
vn 0.0023 -0.0175 0.9998
vn -0.0010 -0.0074 1.0000
vn -0.6191 0.7853 0.0000
vn 0.9914 -0.1305 0.0000
vn 0.9914 0.1305 -0.0000
vn 0.7934 0.6088 -0.0000
vn 0.6088 0.7934 -0.0000
vn -0.0035 -0.0005 1.0000
vn -0.0041 0.0005 1.0000
vn -0.6064 0.0798 0.7911
vn -0.6064 -0.0798 0.7911
vn -0.0043 -0.0006 1.0000
vn -0.0062 -0.0026 1.0000
vn -0.0073 -0.0056 1.0000
vn -0.0056 -0.0072 1.0000
vn -0.0072 -0.0174 0.9998
vn -0.0038 -0.0050 1.0000
vn -0.1275 0.9707 0.2036
vn 0.1280 0.9706 0.2036
vn 0.3747 0.9045 0.2036
vn 0.5960 0.7767 0.2036
vn 0.7767 0.5960 0.2036
vn 0.3820 -0.9223 0.0585
vn 0.1301 -0.9898 0.0585
vn -0.1305 -0.9897 0.0585
vn -0.3820 -0.9223 0.0585
vn -0.6077 -0.7920 0.0585
vn -0.7920 -0.6077 0.0585
vn 0.9897 0.1306 0.0585
vn 0.9898 -0.1301 0.0585
vn 0.9898 -0.1300 0.0585
vn 0.9223 -0.3820 0.0585
vn 0.7920 -0.6077 0.0585
vn 0.6077 -0.7920 0.0585
vn -0.7767 0.5960 0.2036
vn -0.9045 0.3747 0.2036
vn 0.0032 -0.0013 1.0000
vn 0.0050 0.0021 1.0000
vn 0.4784 0.3830 0.7902
vn 0.0052 -0.0040 1.0000
vn 0.0080 -0.0010 1.0000
vn 0.0211 0.0028 0.9998
vn 0.5009 -0.3476 0.7926
vn 0.0023 -0.0016 1.0000
vn 0.0023 -0.0003 1.0000
vn 0.0124 0.0099 0.9999
vn 0.0037 0.0005 1.0000
vn 0.0024 -0.0010 1.0000
vn -0.9707 0.1275 0.2036
vn -0.9706 -0.1281 0.2036
vn -0.9706 -0.1280 0.2036
vn -0.9045 -0.3747 0.2036
vn -0.7767 -0.5960 0.2036
vn 0.0083 0.0064 0.9999
vn 0.0064 0.0083 0.9999
vn 0.0099 0.0238 0.9997
vn 0.0067 0.0028 1.0000
vn 0.0045 0.0006 1.0000
vn 0.0042 -0.0005 1.0000
vn -0.9914 0.1305 0.0000
vn -0.9914 -0.1305 0.0000
vn 0.4849 -0.3510 0.8010
vn -0.4945 0.3579 0.7921
vn -0.4835 0.3582 0.7987
vn -0.4784 -0.3830 0.7902
vn -0.7807 -0.6249 0.0000
vn -0.8036 0.5952 0.0000
vn 0.0006 0.0042 1.0000
vn 0.5960 -0.7767 0.2036
vn 0.3747 -0.9045 0.2036
vn -0.0027 0.0066 1.0000
vn -0.0006 0.0045 1.0000
vn -0.0061 0.0080 0.9999
vn -0.0078 0.0060 1.0000
vn -0.0199 0.0082 0.9998
vn -0.0053 0.0040 1.0000
vn -0.0077 0.0010 1.0000
vn 0.8036 0.5952 0.0000
vn 0.7807 -0.6249 0.0000
vn 0.4784 -0.3830 0.7902
vn -0.0024 0.0010 1.0000
vn -0.0023 0.0018 1.0000
vn -0.0023 0.0003 1.0000
vn -0.4784 0.3830 0.7902
vn -0.0180 -0.0024 0.9998
vn -0.0032 0.0013 1.0000
vn -0.0047 -0.0019 1.0000
vn -0.0078 -0.0054 1.0000
vn -0.5009 -0.3476 0.7926
vn -0.4849 -0.3510 0.8010
vn 0.4945 0.3579 0.7921
vn 0.4835 0.3582 0.7987
vn -0.0029 0.0219 0.9998
vn -0.5960 -0.7767 0.2036
vn 0.0042 0.0055 1.0000
vn 0.0011 0.0082 1.0000
vn -0.1305 -0.9914 0.0000
vn 0.1305 -0.9914 0.0000
vn 0.6008 -0.7994 0.0000
vn -0.6251 -0.7806 0.0000
vn -0.3809 -0.4797 0.7904
vn -0.3810 -0.4758 0.7927
vn 0.3608 -0.4800 0.7997
vn 0.3605 -0.4928 0.7919
vn 0.1280 -0.9706 0.2036
vn -0.0005 0.0037 1.0000
vn 0.0010 0.0025 1.0000
vn 0.3769 0.4823 0.7908
vn 0.3783 0.4764 0.7937
vn -0.3523 0.4816 0.8024
vn -0.3481 0.5006 0.7926
vn -0.0059 0.0085 0.9999
vn 0.0003 0.0023 1.0000
vn 0.0018 0.0023 1.0000
vn -0.1275 -0.9707 0.2036
vn -0.3747 -0.9045 0.2036
vn 0.3820 0.9223 0.0585
vn 0.6077 0.7920 0.0585
vn 0.7920 0.6077 0.0585
vn -0.7920 0.6077 0.0585
vn -0.6077 0.7920 0.0585
vn -0.3820 0.9223 0.0585
vn -0.1305 0.9897 0.0585
vn 0.1301 0.9898 0.0585
vn 0.9045 0.3747 0.2036
vn 0.9707 0.1275 0.2036
vn 0.9706 -0.1281 0.2036
vn 0.9045 -0.3747 0.2036
vn 0.7767 -0.5960 0.2036
vn -0.1179 0.9930 0.0000
vn -0.0713 0.6008 0.7962
vn -0.0776 0.6069 0.7910
vn 0.0764 -0.5975 0.7982
vn 0.0877 -0.6047 0.7916
vn 0.6069 0.0777 0.7910
vn -0.9910 -0.1342 -0.0000
vn -0.9919 0.1270 0.0000
vn -0.6069 0.0777 0.7910
vn -0.6065 0.0775 0.7913
vn -0.6063 -0.0821 0.7910
vn -0.6059 -0.0823 0.7913
vn 0.6070 -0.0773 0.7909
vn 0.6065 -0.0775 0.7913
vn 0.6063 0.0826 0.7909
vn 0.6059 0.0823 0.7913
vn 0.9909 0.1349 0.0000
vn 0.9920 -0.1264 0.0000
vn 0.1403 -0.9901 0.0000
vn -0.1480 0.9890 0.0000
vn 0.0854 -0.6030 0.7932
vn 0.0874 -0.6048 0.7916
vn -0.0869 0.6019 0.7938
vn -0.0904 0.6041 0.7918
vn 0.0816 0.6061 0.7912
vn 0.0818 0.6063 0.7910
vn -0.0816 -0.6061 0.7912
vn -0.0815 -0.6064 0.7910
vn 0.0781 -0.6065 0.7912
vn -0.0781 0.6065 0.7912
vn 0.1280 -0.9918 0.0000
vn -0.1332 -0.9911 -0.0000
vn -0.9900 -0.1411 0.0000
vn 0.9911 0.1330 0.0000
vn 0.6038 0.0810 0.7930
vn 0.6057 0.0831 0.7913
vn -0.6028 -0.0827 0.7936
vn -0.6050 -0.0862 0.7915
vn 0.6019 -0.0869 0.7938
vn -0.6048 0.0874 0.7916
vn -0.6030 0.0854 0.7932
vn -0.9901 0.1403 0.0000
vn -0.0780 0.6068 0.7910
vn 0.6041 -0.0904 0.7918
vn 0.9890 -0.1480 0.0000
vn -0.1275 0.9918 0.0000
vn 0.1337 0.9910 0.0000
vn -0.0780 -0.6068 0.7910
vn -0.0781 -0.6065 0.7912
vn 0.0818 -0.6063 0.7910
vn 0.0816 -0.6061 0.7912
vn 0.0783 0.6068 0.7910
vn 0.0781 0.6065 0.7912
vn -0.0815 0.6064 0.7910
vn -0.0816 0.6061 0.7912
vn -0.1332 0.9911 0.0000
vn 0.1280 0.9918 0.0000
vn -0.9897 0.1435 0.0000
vn 0.9930 -0.1179 0.0000
vn 0.6008 -0.0713 0.7962
vn 0.6069 -0.0776 0.7910
vn -0.5975 0.0764 0.7982
vn -0.6047 0.0877 0.7916
vn -0.1275 -0.9918 0.0000
vn 0.1337 -0.9910 0.0000
vn 0.9886 0.1504 0.0000
vn 0.6038 0.0918 0.7918
vn 0.5968 0.0808 0.7983
vn -0.6060 -0.0820 0.7913
vn -0.6000 -0.0759 0.7964
vn -0.9921 -0.1255 0.0000
vn -0.1411 -0.9900 0.0000
vn -0.0862 -0.6050 0.7915
vn -0.0827 -0.6028 0.7936
vn 0.0831 0.6057 0.7913
vn 0.0810 0.6038 0.7930
vn 0.1330 0.9911 0.0000
vn -0.6957 -0.0878 0.7129
vn -0.6952 -0.0881 0.7134
vn -0.6947 0.0956 0.7129
vn -0.6943 0.0951 0.7134
vn -0.6476 0.2683 0.7132
vn -0.6477 0.2683 0.7131
vn -0.5562 0.4267 0.7131
vn -0.5561 0.4267 0.7132
vn -0.4267 0.5562 0.7131
vn -0.4267 0.5561 0.7132
vn -0.2683 0.6476 0.7132
vn -0.2683 0.6477 0.7132
vn 0.2683 -0.6476 0.7132
vn 0.1005 -0.6932 0.7137
vn 0.0879 -0.6868 0.7216
vn -0.0890 0.6955 0.7130
vn -0.0819 0.6900 0.7192
vn 0.9920 0.1261 0.0000
vn 0.9908 -0.1353 0.0000
vn 0.6956 0.0884 0.7129
vn 0.6952 0.0881 0.7134
vn 0.6948 -0.0949 0.7129
vn 0.6943 -0.0951 0.7134
vn 0.6477 -0.2683 0.7132
vn 0.5562 -0.4267 0.7131
vn 0.5561 -0.4267 0.7132
vn 0.4267 -0.5561 0.7132
vn 0.1053 0.6922 0.7140
vn 0.2683 0.6476 0.7132
vn 0.2683 0.6477 0.7132
vn 0.4267 0.5562 0.7131
vn 0.4267 0.5561 0.7132
vn 0.5561 0.4267 0.7132
vn 0.6476 0.2683 0.7132
vn 0.0929 0.6859 0.7217
vn -0.0940 -0.6945 0.7133
vn -0.2683 -0.6476 0.7132
vn -0.4267 -0.5561 0.7132
vn -0.5562 -0.4267 0.7132
vn -0.5561 -0.4267 0.7132
vn -0.6476 -0.2683 0.7132
vn -0.0872 -0.6891 0.7194
vn -0.9907 0.1363 0.0000
vn -0.9921 -0.1252 0.0000
vn 0.0783 -0.6068 0.7910
vn 0.2683 -0.6477 0.7132
vn 0.2683 -0.6476 0.7131
vn 0.9921 -0.1252 0.0000
vn 0.4267 -0.5561 0.7131
vn 0.6476 -0.2683 0.7132
vn -0.6476 0.2683 0.7131
vn -0.9920 0.1261 0.0000
vn -0.9908 -0.1353 0.0000
vn -0.6956 0.0884 0.7129
vn -0.6952 0.0881 0.7134
vn -0.6948 -0.0949 0.7129
vn -0.6943 -0.0951 0.7134
vn -0.6477 -0.2683 0.7131
vn -0.5562 -0.4267 0.7131
vn -0.4267 -0.5562 0.7132
vn 0.6957 -0.0878 0.7129
vn 0.6952 -0.0881 0.7134
vn 0.6947 0.0956 0.7129
vn 0.6943 0.0951 0.7134
vn 0.6477 0.2683 0.7131
vn 0.5562 0.4267 0.7131
vn 0.5562 0.4267 0.7132
vn -0.4267 -0.5561 0.7131
vn -0.2683 -0.6477 0.7131
vn -0.0988 -0.6935 0.7136
vn -0.0948 -0.6915 0.7161
vn 0.0952 0.6943 0.7134
vn 0.0929 0.6925 0.7154
vn -0.5561 0.4267 0.7131
vn 0.6906 -0.0997 0.7163
vn -0.6933 0.1001 0.7137
vn -0.6916 0.0980 0.7156
vn -0.1266 0.9920 0.0000
vn 0.1347 0.9909 0.0000
vn 0.2683 0.6477 0.7131
vn 0.0941 0.6945 0.7133
vn 0.0945 0.6948 0.7129
vn -0.0890 0.6952 0.7133
vn -0.0888 0.6956 0.7130
vn -0.2683 0.6476 0.7131
vn 0.0892 -0.6955 0.7130
vn 0.0890 -0.6952 0.7133
vn -0.0940 -0.6949 0.7130
vn -0.0941 -0.6945 0.7133
vn -0.4267 -0.5562 0.7131
vn 0.1272 -0.9919 0.0000
vn -0.1340 -0.9910 -0.0000
vn 0.6925 0.0930 0.7154
vn 0.6943 0.0952 0.7134
vn -0.6915 -0.0948 0.7161
vn -0.6935 -0.0988 0.7136
vn 0.6925 -0.1036 0.7139
vn 0.6477 -0.2683 0.7131
vn 0.5562 -0.4267 0.7132
vn -0.6932 0.1005 0.7137
vn -0.6868 0.0879 0.7216
vn 0.6955 -0.0890 0.7130
vn 0.6900 -0.0819 0.7192
vn -0.1340 0.9910 0.0000
vn 0.1272 0.9919 0.0000
vn -0.2683 0.6477 0.7131
vn -0.0941 0.6945 0.7133
vn -0.0940 0.6949 0.7130
vn 0.0890 0.6952 0.7133
vn 0.0892 0.6955 0.7130
vn -0.0888 -0.6956 0.7130
vn -0.6891 -0.0872 0.7194
vn -0.6945 -0.0940 0.7133
vn 0.6859 0.0929 0.7217
vn 0.6922 0.1053 0.7140
vn 0.1347 -0.9909 0.0000
vn -0.1266 -0.9920 -0.0000
vn -0.0890 -0.6952 0.7133
vn 0.0945 -0.6948 0.7130
vn 0.0941 -0.6945 0.7133
vn 0.2683 -0.6477 0.7131
vn 0.4267 -0.5562 0.7131
vn -0.0796 0.0144 -0.9967
vn -0.0807 0.0073 -0.9967
vn -0.0822 0.0061 -0.9966
vn -0.9966 0.0825 0.0000
vn 0.9920 -0.0891 -0.0893
vn 0.7816 -0.0697 0.6199
vn 0.7805 -0.0706 0.6212
vn -0.6859 0.0620 0.7250
vn -0.6824 0.0570 0.7288
vn -0.9849 0.1732 -0.0000
vn -0.0788 0.0134 -0.9968
vn -0.0761 0.0238 -0.9968
vn -0.0757 0.0235 -0.9969
vn 0.7727 -0.1395 0.6193
vn 0.9921 -0.0888 -0.0889
vn 0.7322 -0.6751 -0.0905
vn 0.8416 -0.5325 -0.0905
vn 0.8822 -0.4621 -0.0905
vn 0.8822 -0.4622 -0.0906
vn 0.9505 -0.2971 -0.0906
vn 0.9506 -0.2970 -0.0905
vn 0.9800 -0.1771 -0.0903
vn 0.9800 -0.1773 -0.0900
vn 0.6635 -0.4198 0.6193
vn 0.5772 -0.5322 0.6193
vn -0.0702 0.0369 -0.9969
vn -0.8854 0.4649 0.0000
vn -0.6017 0.3158 0.7336
vn -0.5742 0.3634 0.7336
vn -0.4996 0.4606 0.7336
vn 0.5322 -0.5772 0.6193
vn -0.4606 0.4996 0.7336
vn -0.0706 0.0370 -0.9968
vn -0.0673 0.0426 -0.9968
vn -0.0586 0.0540 -0.9968
vn -0.7352 0.6779 0.0000
vn -0.6779 0.7352 -0.0000
vn -0.5347 0.8450 -0.0000
vn -0.0540 0.0586 -0.9968
vn -0.0426 0.0673 -0.9968
vn -0.0370 0.0706 -0.9968
vn -0.0370 0.0702 -0.9969
vn -0.4649 0.8854 0.0000
vn -0.3634 0.5742 0.7336
vn -0.3158 0.6017 0.7336
vn -0.2973 0.9548 -0.0000
vn -0.0235 0.0757 -0.9969
vn -0.0238 0.0761 -0.9968
vn -0.0134 0.0788 -0.9968
vn -0.0144 0.0796 -0.9967
vn -0.0060 0.0808 -0.9967
vn -0.0074 0.0821 -0.9966
vn -0.1182 0.6703 0.7326
vn -0.2021 0.6488 0.7337
vn -0.2024 0.6475 0.7347
vn -0.3147 0.6010 0.7347
vn 0.3643 -0.6955 0.6193
vn 0.4198 -0.6635 0.6193
vn 0.6751 -0.7322 -0.0905
vn 0.1395 -0.7727 0.6193
vn 0.1403 -0.7733 0.6184
vn 0.2343 -0.7494 0.6193
vn 0.2342 -0.7497 0.6189
vn 0.3645 -0.6957 0.6189
vn -0.1219 0.6724 0.7301
vn 0.0888 -0.9920 -0.0893
vn 0.1773 -0.9800 -0.0900
vn 0.1771 -0.9800 -0.0903
vn 0.2971 -0.9506 -0.0905
vn 0.2970 -0.9506 -0.0906
vn 0.4621 -0.8822 -0.0906
vn 0.4622 -0.8822 -0.0905
vn 0.5325 -0.8416 -0.0905
vn -0.1732 0.9849 0.0000
vn -0.0825 0.9966 0.0000
vn -0.0573 0.6863 0.7251
vn -0.0616 0.6817 0.7290
vn 0.0706 -0.7805 0.6212
vn 0.0697 -0.7816 0.6199
vn 0.0891 -0.9920 -0.0889
vn 0.0821 0.0074 -0.9966
vn -0.7805 -0.0706 0.6212
vn 0.6817 0.0616 0.7290
vn 0.6863 0.0573 0.7251
vn 0.9966 0.0825 0.0000
vn 0.0808 0.0060 -0.9967
vn 0.0796 0.0144 -0.9967
vn 0.0788 0.0134 -0.9968
vn 0.0760 0.0238 -0.9968
vn 0.0757 0.0235 -0.9969
vn -0.7727 -0.1395 0.6193
vn -0.7733 -0.1403 0.6184
vn 0.6724 0.1219 0.7301
vn 0.6703 0.1182 0.7326
vn 0.9849 0.1732 0.0000
vn 0.9548 0.2973 0.0000
vn 0.8854 0.4649 0.0000
vn 0.6017 0.3158 0.7336
vn 0.6010 0.3148 0.7347
vn 0.6475 0.2024 0.7347
vn 0.6488 0.2021 0.7337
vn 0.0702 0.0369 -0.9969
vn 0.8450 0.5347 0.0000
vn 0.5742 0.3634 0.7336
vn -0.6635 -0.4198 0.6193
vn -0.6955 -0.3643 0.6193
vn -0.6958 -0.3645 0.6189
vn -0.7497 -0.2342 0.6189
vn -0.7494 -0.2343 0.6193
vn 0.4996 0.4606 0.7336
vn -0.8416 -0.5325 -0.0905
vn -0.8822 -0.4622 -0.0905
vn -0.8822 -0.4621 -0.0906
vn -0.9506 -0.2970 -0.0906
vn -0.9506 -0.2971 -0.0905
vn -0.9800 -0.1771 -0.0903
vn -0.9800 -0.1773 -0.0900
vn -0.9920 -0.0888 -0.0893
vn -0.9920 -0.0891 -0.0889
vn -0.7816 -0.0697 0.6199
vn 0.4649 0.8854 -0.0000
vn 0.3158 0.6017 0.7336
vn 0.3634 0.5742 0.7336
vn 0.4606 0.4996 0.7336
vn -0.5322 -0.5772 0.6193
vn -0.5772 -0.5322 0.6193
vn 0.5347 0.8450 0.0000
vn -0.7322 -0.6751 -0.0905
vn -0.6751 -0.7322 -0.0905
vn -0.4198 -0.6635 0.6193
vn -0.3643 -0.6955 0.6193
vn 0.3148 0.6010 0.7347
vn 0.2024 0.6475 0.7347
vn -0.3645 -0.6957 0.6189
vn -0.2342 -0.7497 0.6189
vn -0.2343 -0.7494 0.6193
vn -0.1403 -0.7733 0.6184
vn 0.1219 0.6724 0.7301
vn -0.1395 -0.7727 0.6193
vn -0.5325 -0.8416 -0.0905
vn -0.4621 -0.8822 -0.0905
vn -0.4622 -0.8822 -0.0906
vn -0.2971 -0.9505 -0.0906
vn -0.2970 -0.9506 -0.0905
vn -0.1771 -0.9800 -0.0903
vn -0.1773 -0.9800 -0.0900
vn -0.0891 -0.9920 -0.0893
vn -0.0888 -0.9921 -0.0889
vn -0.0697 -0.7816 0.6199
vn -0.0706 -0.7805 0.6212
vn 0.0620 0.6859 0.7250
vn 0.0570 0.6823 0.7288
vn 0.0825 0.9966 -0.0000
vn 0.1732 0.9849 0.0000
vn 0.0134 0.0788 -0.9968
vn 0.0238 0.0761 -0.9968
vn 0.0235 0.0757 -0.9969
vn 0.0370 0.0702 -0.9969
vn 0.0144 0.0796 -0.9967
vn 0.0073 0.0807 -0.9967
vn 0.0061 0.0822 -0.9966
vn 0.2021 0.6488 0.7337
vn 0.1182 0.6703 0.7326
vn 0.2973 0.9548 0.0000
vn 0.0706 0.0370 -0.9968
vn 0.0673 0.0426 -0.9968
vn 0.7352 0.6779 -0.0000
vn 0.6779 0.7352 -0.0000
vn 0.0540 0.0586 -0.9968
vn 0.0426 0.0673 -0.9968
vn 0.0370 0.0706 -0.9968
vn 0.0586 0.0540 -0.9968
vn -0.6010 0.3148 0.7347
vn 0.6955 -0.3643 0.6193
vn 0.6957 -0.3645 0.6189
vn 0.7497 -0.2342 0.6189
vn 0.7494 -0.2343 0.6193
vn 0.7733 -0.1403 0.6184
vn -0.6724 0.1219 0.7301
vn -0.6703 0.1182 0.7326
vn -0.9548 0.2973 0.0000
vn -0.6488 0.2021 0.7337
vn -0.6475 0.2024 0.7347
vn 0.5637 0.4801 0.6722
vn 0.5831 0.2323 0.7785
vn 0.6066 0.1840 0.7735
vn -0.0442 0.2052 0.9777
vn 0.0114 0.1256 0.9920
vn -0.0300 -0.0653 0.9974
vn 0.0078 -0.2572 0.9663
vn 0.4601 0.6658 0.5874
vn 0.5019 0.5607 0.6586
vn 0.0754 -0.4455 0.8921
vn 0.1782 -0.4681 0.8655
vn 0.3375 0.1799 0.9240
vn 0.2547 0.0154 0.9669
vn 0.3929 0.3152 0.8639
vn -0.8284 -0.2463 0.5030
vn -0.7106 0.0760 0.6995
vn 0.4725 0.7440 0.4725
vn -0.2490 0.8415 0.4794
vn 0.4686 0.4973 0.7302
vn 0.3070 0.4941 0.8134
vn 0.6042 0.2328 0.7620
vn 0.5957 0.2925 0.7481
vn -0.4967 0.4964 -0.7119
vn -0.3738 0.5945 -0.7120
vn -0.3738 0.5945 -0.7119
vn -0.2321 0.6627 -0.7120
vn -0.2321 0.6628 -0.7119
vn -0.0015 0.0009 -1.0000
vn -0.0012 0.0012 -1.0000
vn -0.0009 0.0015 -1.0000
vn -0.0006 0.0017 -1.0000
vn 0.4776 -0.1670 -0.8626
vn 0.4284 -0.2690 -0.8626
vn 0.4284 -0.2691 -0.8626
vn 0.3578 -0.3576 -0.8626
vn 0.3578 -0.3577 -0.8626
vn 0.2692 -0.4283 -0.8626
vn 0.2693 -0.4283 -0.8626
vn 0.1672 -0.4774 -0.8626
vn 0.1672 -0.4775 -0.8626
vn 0.5249 -0.8349 -0.1658
vn 0.5248 -0.8349 -0.1658
vn 0.6975 -0.6972 -0.1658
vn 0.8351 -0.5245 -0.1658
vn 0.9309 -0.3255 -0.1658
vn -0.0787 0.6978 -0.7120
vn -0.0787 0.6978 -0.7119
vn -0.0002 0.0018 -1.0000
vn 0.0567 -0.5027 -0.8626
vn 0.1105 -0.9799 -0.1658
vn 0.3259 -0.9307 -0.1658
vn -0.5947 0.3735 -0.7119
vn -0.4967 0.4964 -0.7120
vn -0.5323 0.8466 -0.0000
vn -0.3305 0.9438 -0.0000
vn -0.1121 0.9937 -0.0000
vn 0.4421 0.3520 0.8250
vn 0.3494 0.3092 0.8845
vn 0.3773 0.4174 0.8267
vn 0.3648 0.4511 0.8145
vn 0.3986 0.4017 0.8244
vn 0.3835 0.4758 0.7915
vn 0.3932 0.4659 0.7926
vn 0.2737 0.3641 0.8902
vn 0.3325 0.3047 0.8925
vn 0.3156 0.3052 0.8985
vn 0.0755 0.2593 0.9628
vn -0.0342 0.3236 0.9456
vn 0.4415 0.2588 0.8591
vn 0.4421 0.2580 0.8591
vn 0.1399 -0.0499 0.9889
vn 0.1374 -0.0503 0.9892
vn 0.0396 0.0389 0.9985
vn 0.4131 0.1914 0.8904
vn 0.2587 0.3851 0.8859
vn 0.2619 0.3835 0.8856
vn -0.0020 0.0049 1.0000
vn 0.0014 0.0033 1.0000
vn 0.9223 0.3820 0.0585
vn 0.9907 0.1363 0.0000
vn -0.9223 -0.3820 0.0585
vn -0.9898 -0.1300 0.0585
vn -0.9897 0.1306 0.0585
vn -0.9223 0.3820 0.0585
vn 0.0980 -0.6916 0.7156
vn 0.1001 -0.6933 0.7137
vn -0.0998 0.6906 0.7163
vn -0.1036 0.6925 0.7139
vn -0.2268 0.6479 0.7272
vn -0.0769 0.6820 0.7273
vn -0.0769 0.6821 0.7272
vn 0.0768 0.6821 0.7272
vn 0.2266 0.6478 0.7273
vn 0.2267 0.6479 0.7272
vn 0.3651 0.5812 0.7273
vn 0.3652 0.5813 0.7272
vn 0.4852 0.4854 0.7273
vn 0.0191 -0.1690 0.9854
vn -0.0190 -0.1690 0.9854
vn -0.0561 -0.1605 0.9854
vn -0.0562 -0.1605 0.9854
vn -0.0904 -0.1440 0.9854
vn -0.0905 -0.1440 0.9854
vn -0.1202 -0.1203 0.9854
vn -0.6821 0.0767 0.7272
vn -0.6478 0.2266 0.7273
vn -0.6479 0.2266 0.7272
vn -0.5812 0.3650 0.7273
vn -0.5813 0.3651 0.7272
vn -0.4854 0.4852 0.7273
vn -0.4855 0.4853 0.7272
vn -0.3653 0.5810 0.7273
vn -0.3653 0.5812 0.7272
vn -0.2268 0.6478 0.7273
vn 0.1605 -0.0561 0.9854
vn 0.1440 -0.0904 0.9854
vn 0.1440 -0.0905 0.9854
vn 0.1203 -0.1202 0.9854
vn 0.0905 -0.1440 0.9854
vn 0.0562 -0.1605 0.9854
vn -0.4040 -0.5968 0.6933
vn -0.4563 -0.5599 0.6916
vn -0.4569 -0.5599 0.6912
vn -0.4844 -0.5372 0.6905
vn -0.6195 -0.5534 0.5568
vn -0.6319 -0.5411 0.5549
vn -0.6310 -0.5436 0.5534
vn -0.6959 -0.4659 0.5465
vn -0.6722 -0.5686 0.4741
vn -0.8213 -0.3581 0.4440
vn -0.5831 -0.8124 0.0000
vn -0.6659 -0.7460 -0.0000
vn -0.7008 -0.7133 -0.0000
vn -0.7326 -0.6806 0.0000
vn -0.9075 -0.4201 0.0000
vn 0.3310 0.9436 0.0000
vn 0.3988 0.9171 -0.0000
vn 0.3812 0.9245 0.0000
vn 0.3852 0.9228 0.0000
vn 0.3360 0.9413 0.0322
vn 0.1463 0.9888 0.0307
vn 0.2614 0.9067 0.3311
vn 0.3078 0.8893 0.3382
vn 0.3140 0.7919 0.5238
vn 0.2483 0.8227 0.5114
vn 0.2981 0.7185 0.6284
vn 0.1981 0.7664 0.6111
vn 0.2468 0.5647 0.7875
vn 0.2125 0.5820 0.7850
vn 0.2478 0.5884 0.7697
vn 0.2126 0.6054 0.7670
vn -0.9832 -0.1824 0.0000
vn -0.9317 -0.3632 0.0000
vn -0.8580 -0.5137 0.0000
vn -0.6492 -0.7606 0.0000
vn -0.4198 -0.9076 0.0000
vn -0.9114 -0.2913 0.2909
vn -0.8694 -0.4019 0.2875
vn -0.8610 -0.4173 0.2906
vn -0.7845 -0.5549 0.2769
vn -0.8229 -0.5082 0.2539
vn -0.5463 -0.7843 0.2939
vn -0.6583 -0.7193 0.2220
vn -0.3374 -0.8996 0.2772
vn -0.2936 -0.9032 0.3130
vn -0.1763 -0.9372 0.3010
usemtl pskmat0.010
s off
f 715/1/1 740/2/1 742/3/1
f 741/4/1 715/1/1 713/5/1
f 743/6/2 717/7/2 715/1/2
f 716/8/3 717/7/3 718/9/3
f 719/10/4 718/9/4 717/7/4
f 744/11/5 719/10/5 717/7/5
f 717/7/2 742/3/2 744/11/2
f 718/9/4 719/10/4 720/12/4
f 720/12/6 722/13/6 718/9/6
f 723/14/6 718/9/6 722/13/6
f 718/9/6 723/14/6 716/8/6
f 724/15/6 716/8/6 723/14/6
f 716/8/6 724/15/6 714/16/6
f 725/17/6 714/16/6 724/15/6
f 714/16/6 725/17/6 712/18/6
f 726/19/6 712/18/6 725/17/6
f 712/18/6 726/19/6 710/20/6
f 720/12/7 574/21/7 573/22/7
f 573/22/6 721/23/6 720/12/6
f 722/13/6 720/12/6 721/23/6
f 721/23/6 573/22/6 611/24/6
f 706/25/8 707/26/8 708/27/8
f 709/28/9 708/27/9 707/26/9
f 708/27/9 709/28/9 710/20/9
f 711/29/10 710/20/10 709/28/10
f 710/20/10 711/29/10 712/18/10
f 713/5/11 712/18/11 711/29/11
f 712/18/11 713/5/11 714/16/11
f 715/1/12 714/16/12 713/5/12
f 714/16/12 715/1/12 716/8/12
f 717/7/3 716/8/3 715/1/3
f 711/29/13 738/30/13 739/31/13
f 739/31/14 713/5/14 711/29/14
f 713/5/14 739/31/14 740/2/14
f 749/32/15 740/2/15 750/33/15
f 739/31/16 750/33/16 740/2/16
f 750/33/16 739/31/16 751/34/16
f 738/30/17 751/34/17 739/31/17
f 751/34/18 738/30/18 752/35/18
f 736/36/19 752/35/19 738/30/19
f 709/28/20 736/36/20 738/30/20
f 738/30/21 711/29/21 709/28/21
f 735/37/22 753/38/22 736/36/22
f 752/35/23 736/36/23 753/38/23
f 753/38/24 726/39/24 752/35/24
f 725/40/25 752/35/25 726/39/25
f 752/35/25 725/40/25 751/34/25
f 724/41/26 751/34/26 725/40/26
f 751/34/26 724/41/26 750/33/26
f 723/42/27 750/33/27 724/41/27
f 750/33/27 723/42/27 749/32/27
f 722/43/28 749/32/28 723/42/28
f 753/38/22 735/37/22 754/44/22
f 734/45/29 754/44/29 735/37/29
f 754/44/29 734/45/29 755/46/29
f 758/47/30 755/46/30 734/45/30
f 699/48/31 505/49/31 508/50/31
f 508/50/32 732/51/32 699/48/32
f 732/51/33 701/52/33 699/48/33
f 701/52/33 732/51/33 733/53/33
f 733/53/34 703/54/34 701/52/34
f 703/54/34 733/53/34 734/45/34
f 734/45/35 705/55/35 703/54/35
f 705/55/35 734/45/35 735/37/35
f 735/37/36 707/26/36 705/55/36
f 707/26/36 735/37/36 736/36/36
f 755/46/30 733/53/30 756/56/30
f 732/51/37 756/56/37 733/53/37
f 732/51/38 508/50/38 545/57/38
f 545/57/39 757/58/39 732/51/39
f 756/56/37 732/51/37 757/58/37
f 757/58/40 730/59/40 756/56/40
f 729/60/41 756/56/41 730/59/41
f 756/56/41 729/60/41 755/46/41
f 728/61/42 755/46/42 729/60/42
f 755/46/42 728/61/42 754/44/42
f 727/62/43 754/44/43 728/61/43
f 754/44/43 727/62/43 753/38/43
f 726/39/24 753/38/24 727/62/24
f 757/58/44 545/57/44 571/63/44
f 571/63/45 731/64/45 757/58/45
f 730/59/40 757/58/40 731/64/40
f 731/64/45 571/63/45 543/65/45
f 123/66/46 81/67/46 74/68/46
f 81/67/46 123/66/46 124/69/46
f 86/70/47 124/69/47 93/71/47
f 124/69/48 90/72/48 93/71/48
f 90/72/48 124/69/48 123/66/48
f 122/73/49 90/72/49 123/66/49
f 74/68/50 122/73/50 123/66/50
f 122/73/50 74/68/50 77/74/50
f 74/68/51 76/75/51 77/74/51
f 76/75/52 70/76/52 77/74/52
f 121/77/53 77/74/53 70/76/53
f 70/76/54 120/78/54 121/77/54
f 90/72/49 122/73/49 97/79/49
f 122/73/55 94/80/55 97/79/55
f 94/80/55 122/73/55 121/77/55
f 77/74/53 121/77/53 122/73/53
f 120/78/56 94/80/56 121/77/56
f 94/80/56 120/78/56 101/81/56
f 120/78/57 98/82/57 101/81/57
f 98/82/58 120/78/58 119/83/58
f 73/84/59 119/83/59 120/78/59
f 120/78/54 70/76/54 73/84/54
f 72/85/60 70/76/60 71/86/60
f 70/76/60 72/85/60 73/84/60
f 72/85/61 66/87/61 73/84/61
f 119/83/59 73/84/59 66/87/59
f 66/87/62 118/88/62 119/83/62
f 118/88/63 98/82/63 119/83/63
f 98/82/64 118/88/64 105/89/64
f 129/90/65 105/89/65 118/88/65
f 105/89/66 129/90/66 102/91/66
f 128/92/67 102/91/67 129/90/67
f 102/91/68 128/92/68 116/93/68
f 68/94/69 107/95/69 69/96/69
f 66/87/70 68/94/70 69/96/70
f 68/94/71 66/87/71 67/97/71
f 66/87/72 72/85/72 67/97/72
f 100/98/73 67/97/73 72/85/73
f 71/86/74 100/98/74 72/85/74
f 100/98/74 71/86/74 95/99/74
f 71/86/75 96/100/75 95/99/75
f 96/100/76 94/101/76 95/99/76
f 94/101/76 96/100/76 97/102/76
f 106/103/77 104/104/77 103/105/77
f 104/104/78 106/103/78 68/94/78
f 67/97/79 104/104/79 68/94/79
f 104/104/80 67/97/80 99/106/80
f 67/97/81 100/98/81 99/106/81
f 107/95/82 68/94/82 106/103/82
f 116/107/83 103/105/83 102/108/83
f 104/104/84 102/108/84 103/105/84
f 102/108/85 104/104/85 105/109/85
f 99/106/86 105/109/86 104/104/86
f 105/109/87 99/106/87 98/110/87
f 100/98/88 98/110/88 99/106/88
f 98/110/89 100/98/89 101/111/89
f 95/99/90 101/111/90 100/98/90
f 101/111/90 95/99/90 94/101/90
f 118/88/62 66/87/62 69/96/62
f 69/96/91 129/90/91 118/88/91
f 129/90/91 69/96/91 107/95/91
f 107/95/92 128/92/92 129/90/92
f 128/92/92 107/95/92 109/112/92
f 107/95/93 108/113/93 109/112/93
f 108/113/94 107/95/94 106/103/94
f 106/103/95 117/114/95 108/113/95
f 117/114/96 106/103/96 103/105/96
f 103/105/97 116/107/97 117/114/97
f 92/115/98 75/116/98 80/117/98
f 75/116/98 92/115/98 91/118/98
f 96/100/99 75/116/99 91/118/99
f 124/69/100 86/70/100 125/119/100
f 78/120/101 124/69/101 125/119/101
f 124/69/101 78/120/101 81/67/101
f 78/120/102 80/117/102 81/67/102
f 80/117/103 74/68/103 81/67/103
f 74/68/103 80/117/103 75/116/103
f 76/75/51 74/68/51 75/116/51
f 75/116/99 96/100/99 76/75/99
f 96/100/75 71/86/75 76/75/75
f 70/76/52 76/75/52 71/86/52
f 80/117/104 78/120/104 79/121/104
f 79/121/105 92/115/105 80/117/105
f 92/115/106 79/121/106 87/122/106
f 79/121/107 88/123/107 87/122/107
f 88/123/108 79/121/108 84/124/108
f 83/125/109 88/123/109 84/124/109
f 84/124/110 82/126/110 83/125/110
f 82/126/111 84/124/111 85/127/111
f 126/128/112 82/126/112 85/127/112
f 85/127/113 125/119/113 126/128/113
f 125/119/113 85/127/113 78/120/113
f 84/124/114 78/120/114 85/127/114
f 78/120/115 84/124/115 79/121/115
f 88/123/116 83/125/116 111/129/116
f 112/130/117 110/131/117 111/129/117
f 83/125/118 112/130/118 111/129/118
f 112/130/119 83/125/119 114/132/119
f 83/125/120 115/133/120 114/132/120
f 115/133/121 83/125/121 82/126/121
f 127/134/122 115/133/122 82/126/122
f 82/126/112 126/128/112 127/134/112
f 89/135/123 127/134/123 126/128/123
f 126/128/124 86/70/124 89/135/124
f 86/70/125 126/128/125 125/119/125
f 127/134/126 89/135/126 110/136/126
f 113/137/127 127/134/127 110/136/127
f 127/134/128 113/137/128 130/138/128
f 115/133/122 127/134/122 130/138/122
f 110/131/129 112/130/129 113/139/129
f 91/118/130 97/102/130 96/100/130
f 97/102/130 91/118/130 90/140/130
f 92/115/131 90/140/131 91/118/131
f 90/140/131 92/115/131 93/141/131
f 87/122/132 93/141/132 92/115/132
f 93/141/133 87/122/133 86/142/133
f 88/123/134 86/142/134 87/122/134
f 86/142/135 88/123/135 89/143/135
f 88/123/136 110/131/136 89/143/136
f 110/131/137 88/123/137 111/129/137
f 62/144/138 24/145/138 45/146/138
f 48/147/139 62/144/139 45/146/139
f 62/144/140 48/147/140 65/148/140
f 50/149/141 62/144/141 65/148/141
f 47/150/142 45/151/142 46/152/142
f 18/153/143 47/150/143 46/152/143
f 47/150/144 18/153/144 49/154/144
f 18/153/145 50/149/145 49/154/145
f 50/149/146 18/153/146 17/155/146
f 62/144/141 50/149/141 17/155/141
f 17/155/147 61/156/147 62/144/147
f 24/145/148 62/144/148 61/156/148
f 61/156/149 21/157/149 24/145/149
f 21/157/150 61/156/150 60/158/150
f 23/159/151 18/153/151 46/152/151
f 45/151/152 47/150/152 48/160/152
f 26/161/153 32/162/153 31/163/153
f 32/162/153 26/161/153 25/164/153
f 27/165/154 25/164/154 26/161/154
f 25/164/154 27/165/154 28/166/154
f 22/167/155 28/166/155 27/165/155
f 28/166/156 22/167/156 21/168/156
f 23/159/157 21/168/157 22/167/157
f 21/168/158 23/159/158 24/169/158
f 23/159/159 45/151/159 24/169/159
f 45/151/160 23/159/160 46/152/160
f 27/165/161 10/170/161 15/171/161
f 10/170/161 27/165/161 26/161/161
f 31/163/162 10/170/162 26/161/162
f 59/172/163 21/157/163 60/158/163
f 13/173/164 59/172/164 60/158/164
f 59/172/164 13/173/164 16/174/164
f 13/173/165 15/171/165 16/174/165
f 15/171/166 9/175/166 16/174/166
f 9/175/166 15/171/166 10/170/166
f 11/176/167 9/175/167 10/170/167
f 10/170/162 31/163/162 11/176/162
f 31/163/168 6/177/168 11/176/168
f 5/178/169 11/176/169 6/177/169
f 58/179/170 16/174/170 9/175/170
f 16/174/170 58/179/170 59/172/170
f 21/157/171 59/172/171 28/180/171
f 59/172/172 25/181/172 28/180/172
f 25/181/172 59/172/172 58/179/172
f 57/182/173 25/181/173 58/179/173
f 9/175/174 57/182/174 58/179/174
f 57/182/174 9/175/174 12/183/174
f 9/175/167 11/176/167 12/183/167
f 11/176/169 5/178/169 12/183/169
f 56/184/175 12/183/175 5/178/175
f 5/178/176 55/185/176 56/184/176
f 25/181/173 57/182/173 32/186/173
f 57/182/177 29/187/177 32/186/177
f 29/187/177 57/182/177 56/184/177
f 12/183/175 56/184/175 57/182/175
f 55/185/178 29/187/178 56/184/178
f 29/187/178 55/185/178 36/188/178
f 55/185/179 33/189/179 36/188/179
f 33/189/180 55/185/180 54/190/180
f 8/191/181 54/190/181 55/185/181
f 55/185/176 5/178/176 8/191/176
f 7/192/182 5/178/182 6/177/182
f 5/178/182 7/192/182 8/191/182
f 7/192/183 1/193/183 8/191/183
f 54/190/181 8/191/181 1/193/181
f 1/193/184 53/194/184 54/190/184
f 53/194/185 33/189/185 54/190/185
f 33/189/186 53/194/186 40/195/186
f 64/196/187 40/195/187 53/194/187
f 40/195/188 64/196/188 37/197/188
f 63/198/189 37/197/189 64/196/189
f 37/197/190 63/198/190 51/199/190
f 3/200/191 42/201/191 4/202/191
f 1/193/192 3/200/192 4/202/192
f 3/200/193 1/193/193 2/203/193
f 1/193/194 7/192/194 2/203/194
f 35/204/195 2/203/195 7/192/195
f 6/177/196 35/204/196 7/192/196
f 35/204/196 6/177/196 30/205/196
f 6/177/168 31/163/168 30/205/168
f 31/163/197 29/206/197 30/205/197
f 29/206/197 31/163/197 32/162/197
f 41/207/198 39/208/198 38/209/198
f 39/208/199 41/207/199 3/200/199
f 2/203/200 39/208/200 3/200/200
f 39/208/201 2/203/201 34/210/201
f 2/203/202 35/204/202 34/210/202
f 42/201/203 3/200/203 41/207/203
f 51/211/204 38/209/204 37/212/204
f 39/208/205 37/212/205 38/209/205
f 37/212/206 39/208/206 40/213/206
f 34/210/207 40/213/207 39/208/207
f 40/213/208 34/210/208 33/214/208
f 35/204/209 33/214/209 34/210/209
f 33/214/210 35/204/210 36/215/210
f 30/205/211 36/215/211 35/204/211
f 36/215/211 30/205/211 29/206/211
f 53/194/184 1/193/184 4/202/184
f 4/202/212 64/196/212 53/194/212
f 64/196/212 4/202/212 42/201/212
f 42/201/213 63/198/213 64/196/213
f 63/198/213 42/201/213 44/216/213
f 42/201/214 43/217/214 44/216/214
f 43/217/215 42/201/215 41/207/215
f 41/207/216 52/218/216 43/217/216
f 52/218/217 41/207/217 38/209/217
f 38/209/218 51/211/218 52/218/218
f 15/171/219 13/173/219 14/219/219
f 14/219/220 27/165/220 15/171/220
f 27/165/221 14/219/221 22/167/221
f 14/219/222 23/159/222 22/167/222
f 23/159/223 14/219/223 19/220/223
f 18/153/224 23/159/224 19/220/224
f 19/220/225 17/155/225 18/153/225
f 17/155/226 19/220/226 20/221/226
f 61/156/147 17/155/147 20/221/147
f 20/221/227 60/158/227 61/156/227
f 60/158/227 20/221/227 13/173/227
f 19/220/228 13/173/228 20/221/228
f 13/173/229 19/220/229 14/219/229
f 2560/222/6 2558/223/6 2559/224/6
f 2563/225/6 2558/223/6 2560/222/6
f 2563/225/6 2560/222/6 2561/226/6
f 2563/225/6 2557/227/6 2558/223/6
f 2563/225/6 2443/228/6 2557/227/6
f 2563/225/6 2440/229/6 2443/228/6
f 2563/225/6 2441/230/6 2440/229/6
f 2563/225/6 2562/231/6 2441/230/6
f 2563/225/6 2564/232/6 2562/231/6
f 2563/225/6 2437/233/6 2564/232/6
f 2564/232/6 2437/233/6 2439/234/6
f 2438/235/6 2437/233/6 2563/225/6
f 2518/236/230 2568/237/230 2517/238/230
f 2518/236/6 2566/239/6 2568/237/6
f 2521/240/6 2566/239/6 2518/236/6
f 2521/240/6 2567/241/6 2566/239/6
f 2521/240/6 2565/242/6 2567/241/6
f 2442/243/6 2565/242/6 2521/240/6
f 2555/244/6 2442/243/6 2521/240/6
f 2556/245/6 2442/243/6 2555/244/6
f 2557/227/6 2442/243/6 2556/245/6
f 2557/227/6 2443/228/6 2442/243/6
f 2520/246/6 2518/236/6 2519/247/6
f 2521/240/6 2518/236/6 2520/246/6
f 2522/248/6 2555/244/6 2521/240/6
f 2523/249/6 2555/244/6 2522/248/6
f 2524/250/6 2555/244/6 2523/249/6
f 2553/251/6 2554/252/6 2552/253/6
f 2552/253/6 2554/252/6 2555/244/6
f 2552/253/6 2555/244/6 2524/250/6
f 2552/253/6 2524/250/6 2550/254/6
f 2550/254/6 2524/250/6 2551/255/6
f 2525/256/6 2551/255/6 2524/250/6
f 2525/256/6 2548/257/6 2551/255/6
f 2427/258/6 2548/257/6 2525/256/6
f 2527/259/6 2548/257/6 2427/258/6
f 2526/260/6 2527/259/6 2427/258/6
f 2531/261/6 2527/259/6 2526/260/6
f 2528/262/6 2527/259/6 2531/261/6
f 2527/259/6 2547/263/6 2548/257/6
f 2427/258/6 2525/256/6 2428/264/6
f 2551/255/6 2548/257/6 2549/265/6
f 2536/266/6 2529/267/6 2532/268/6
f 2532/268/6 2529/267/6 2533/269/6
f 2533/269/6 2529/267/6 2530/270/6
f 2530/270/6 2529/267/6 2527/259/6
f 2529/267/6 2435/271/6 2527/259/6
f 2527/259/6 2435/271/6 2434/272/6
f 2527/259/6 2434/272/6 2436/273/6
f 2527/259/6 2436/273/6 2544/274/6
f 2527/259/6 2544/274/6 2545/275/6
f 2527/259/6 2545/275/6 2547/263/6
f 2547/263/6 2545/275/6 2546/276/6
f 2618/277/231 2611/278/231 2617/279/231
f 2611/278/232 2618/277/232 2612/280/232
f 2613/281/233 2611/278/233 2612/280/233
f 2611/278/234 2613/281/234 2614/282/234
f 2613/281/235 2616/283/235 2614/282/235
f 2616/283/236 2613/281/236 2615/284/236
f 2615/284/237 2620/285/237 2616/283/237
f 2620/285/238 2615/284/238 2619/286/238
f 2537/287/6 2535/288/6 2539/289/6
f 2433/290/6 2535/288/6 2430/291/6
f 2539/289/6 2535/288/6 2433/290/6
f 2539/289/6 2433/290/6 2432/292/6
f 2543/293/6 2431/294/6 2534/295/6
f 2529/267/6 2431/294/6 2543/293/6
f 2529/267/6 2429/296/6 2431/294/6
f 2529/267/6 2430/291/6 2429/296/6
f 2536/266/6 2430/291/6 2529/267/6
f 2538/297/6 2430/291/6 2536/266/6
f 2433/290/6 2430/291/6 2538/297/6
f 2433/290/6 2538/297/6 2540/298/6
f 2433/290/6 2540/298/6 2541/299/6
f 2529/267/6 2543/293/6 2542/300/6
f 2573/301/239 2570/302/239 2575/303/239
f 2575/303/6 2577/304/6 2578/305/6
f 2575/303/6 2574/306/6 2577/304/6
f 2575/303/6 2570/302/6 2574/306/6
f 2574/306/6 2570/302/6 2572/307/6
f 2572/307/6 2570/302/6 2571/308/6
f 2571/308/6 2570/302/6 2569/309/6
f 2570/302/6 2514/310/6 2569/309/6
f 2569/309/6 2514/310/6 2568/237/6
f 2568/237/240 2514/310/240 2489/311/240
f 2517/238/241 2568/237/241 2489/311/241
f 2577/304/6 2574/306/6 2576/312/6
f 2498/313/242 2488/314/242 2489/311/242
f 2489/311/243 2499/315/243 2498/313/243
f 2489/311/244 2500/316/244 2499/315/244
f 2489/311/245 2502/317/245 2500/316/245
f 2500/316/6 2502/317/6 2501/318/6
f 2498/313/246 2487/319/246 2488/314/246
f 2498/313/247 2486/320/247 2487/319/247
f 2496/321/6 2498/313/6 2497/322/6
f 2484/323/6 2420/324/6 2483/325/6
f 2485/326/248 2420/324/248 2484/323/248
f 2486/320/249 2420/324/249 2485/326/249
f 2486/320/250 2421/327/250 2420/324/250
f 2498/313/251 2421/327/251 2486/320/251
f 2498/313/6 2422/328/6 2421/327/6
f 2498/313/6 2494/329/6 2422/328/6
f 2496/321/6 2494/329/6 2498/313/6
f 2495/330/6 2494/329/6 2496/321/6
f 2418/331/6 2420/324/6 2419/332/6
f 2493/333/6 2418/331/6 2417/334/6
f 2490/335/6 2418/331/6 2491/336/6
f 2491/336/6 2418/331/6 2493/333/6
f 2491/336/6 2493/333/6 2492/337/6
f 2470/338/6 2472/339/6 2414/340/6
f 2475/341/6 2470/338/6 2414/340/6
f 2475/341/6 2471/342/6 2470/338/6
f 2475/341/6 2490/335/6 2471/342/6
f 2478/343/6 2490/335/6 2475/341/6
f 2478/343/6 2418/331/6 2490/335/6
f 2478/343/6 2481/344/6 2418/331/6
f 2418/331/6 2481/344/6 2420/324/6
f 2420/324/6 2481/344/6 2482/345/6
f 2483/325/6 2420/324/6 2482/345/6
f 2478/343/6 2480/346/6 2481/344/6
f 2479/347/6 2480/346/6 2478/343/6
f 2477/348/6 2475/341/6 2476/349/6
f 2478/343/6 2475/341/6 2477/348/6
f 2415/350/6 2414/340/6 2413/351/6
f 2473/352/6 2414/340/6 2415/350/6
f 2475/341/6 2414/340/6 2473/352/6
f 2474/353/6 2415/350/6 2416/354/6
f 2473/352/6 2415/350/6 2474/353/6
f 2455/355/6 2457/356/6 2452/357/6
f 2454/358/6 2407/359/6 2456/360/6
f 2452/357/6 2407/359/6 2454/358/6
f 2452/357/6 2458/361/6 2407/359/6
f 2452/357/6 2457/356/6 2458/361/6
f 2452/357/6 2454/358/6 2453/362/6
f 2445/363/6 2458/361/6 2459/364/6
f 2407/359/6 2458/361/6 2445/363/6
f 2407/359/6 2445/363/6 2406/365/6
f 2407/359/6 2406/365/6 2405/366/6
f 2406/365/6 2445/363/6 2444/367/6
f 2445/363/6 2459/364/6 2409/368/6
f 2409/368/6 2411/369/6 2445/363/6
f 2445/363/6 2411/369/6 2446/370/6
f 2446/370/6 2411/369/6 2447/371/6
f 2447/371/6 2411/369/6 2448/372/6
f 2448/372/6 2411/369/6 2449/373/6
f 2449/373/6 2411/369/6 2450/374/6
f 2465/375/6 2450/374/6 2411/369/6
f 2465/375/6 2467/376/6 2450/374/6
f 2450/374/6 2467/376/6 2472/339/6
f 2410/377/6 2465/375/6 2411/369/6
f 2412/378/6 2465/375/6 2410/377/6
f 2463/379/6 2465/375/6 2412/378/6
f 2464/380/6 2465/375/6 2463/379/6
f 2466/381/6 2465/375/6 2464/380/6
f 2450/374/6 2472/339/6 2451/382/6
f 2451/382/6 2472/339/6 2468/383/6
f 2468/383/6 2472/339/6 2470/338/6
f 2468/383/6 2470/338/6 2469/384/6
f 1869/385/252 2541/386/252 2335/387/252
f 2424/388/6 2515/389/6 2516/390/6
f 2513/391/6 2515/389/6 2424/388/6
f 2513/391/6 2424/388/6 2423/392/6
f 2510/393/6 2509/394/6 2513/391/6
f 2513/391/6 2509/394/6 2515/389/6
f 2515/389/6 2509/394/6 2426/395/6
f 2515/389/6 2426/395/6 2511/396/6
f 2511/396/6 2426/395/6 2425/397/6
f 2511/396/6 2425/397/6 2512/398/6
f 2512/398/6 2425/397/6 2514/310/6
f 2489/311/253 2514/310/253 2425/397/253
f 2507/399/254 2489/311/254 2425/397/254
f 2507/399/255 2503/400/255 2489/311/255
f 2489/311/256 2503/400/256 2502/317/256
f 2506/401/6 2503/400/6 2507/399/6
f 2506/401/6 2504/402/6 2503/400/6
f 2506/401/6 2505/403/6 2504/402/6
f 2508/404/6 2505/403/6 2506/401/6
f 2411/405/257 1670/406/257 2410/407/257
f 1670/406/257 2411/405/257 1669/408/257
f 2461/409/258 1669/408/258 2411/405/258
f 1995/410/259 1964/411/259 1662/412/259
f 1664/413/260 1662/412/260 1964/411/260
f 1662/412/261 1664/413/261 1663/414/261
f 1663/414/262 1661/415/262 1662/412/262
f 1663/414/263 1667/416/263 1661/415/263
f 1669/408/264 1661/415/264 1667/416/264
f 1667/416/265 1668/417/265 1669/408/265
f 1670/406/266 1669/408/266 1668/417/266
f 1668/417/267 1671/418/267 1670/406/267
f 1671/418/268 2410/407/268 1670/406/268
f 1661/415/269 1669/408/269 1996/419/269
f 1995/410/270 1661/415/270 1996/419/270
f 1661/415/271 1995/410/271 1662/412/271
f 1663/414/272 1664/413/272 1665/420/272
f 1663/414/273 1665/420/273 1666/421/273
f 1666/421/274 1667/416/274 1663/414/274
f 1666/421/275 1668/417/275 1667/416/275
f 1668/417/276 1666/421/276 1999/422/276
f 1999/422/277 1671/418/277 1668/417/277
f 1671/418/278 1999/422/278 2004/423/278
f 1999/422/279 2005/424/279 2004/423/279
f 2410/407/268 1671/418/268 2412/425/268
f 2004/423/280 2412/425/280 1671/418/280
f 2412/425/280 2004/423/280 2463/426/280
f 2005/424/281 2463/426/281 2004/423/281
f 2463/426/281 2005/424/281 2464/427/281
f 1998/428/282 2006/429/282 2005/424/282
f 2006/429/283 2464/427/283 2005/424/283
f 2464/427/283 2006/429/283 2466/430/283
f 2000/431/284 2466/430/284 2006/429/284
f 2466/430/284 2000/431/284 2465/432/284
f 2007/433/285 2465/432/285 2000/431/285
f 2465/432/285 2007/433/285 2467/434/285
f 2037/435/286 2467/434/286 2007/433/286
f 2467/434/286 2037/435/286 2472/436/286
f 1691/437/287 2472/436/287 2037/435/287
f 2006/429/288 1998/428/288 2000/431/288
f 1965/438/289 2000/431/289 1998/428/289
f 2000/431/290 1965/438/290 1966/439/290
f 1966/439/291 2007/433/291 2000/431/291
f 2007/433/292 1966/439/292 2008/440/292
f 1686/441/293 2007/433/293 2008/440/293
f 2007/433/294 1686/441/294 2037/435/294
f 1959/442/295 1966/439/295 1965/438/295
f 1966/439/296 1959/442/296 1960/443/296
f 2009/444/297 1966/439/297 1960/443/297
f 1966/439/298 2009/444/298 2008/440/298
f 1683/445/299 2008/440/299 2009/444/299
f 2008/440/300 1683/445/300 1686/441/300
f 1685/446/301 1686/441/301 1683/445/301
f 1685/446/302 2037/435/302 1686/441/302
f 2037/435/303 1685/446/303 1691/437/303
f 1685/446/304 1692/447/304 1691/437/304
f 1694/448/305 1692/447/305 2049/449/305
f 2047/450/306 2049/449/306 1692/447/306
f 1692/447/307 1685/446/307 2047/450/307
f 2049/449/308 2047/450/308 2046/451/308
f 1693/452/309 1691/437/309 1692/447/309
f 1692/447/310 1694/448/310 1693/452/310
f 1693/452/311 1694/448/311 1695/453/311
f 1696/454/312 1695/453/312 1694/448/312
f 1694/448/313 2050/455/313 1696/454/313
f 2050/455/314 1694/448/314 2049/449/314
f 2049/449/315 2048/456/315 2050/455/315
f 2048/456/316 2049/449/316 2046/451/316
f 2046/451/317 2045/457/317 2048/456/317
f 2051/458/318 2048/456/318 2045/457/318
f 2472/436/287 1691/437/287 2414/459/287
f 1693/452/319 2414/459/319 1691/437/319
f 2414/459/319 1693/452/319 2413/460/319
f 1695/453/320 2413/460/320 1693/452/320
f 2413/460/321 1695/453/321 2415/461/321
f 1696/454/322 2415/461/322 1695/453/322
f 2415/461/322 1696/454/322 2416/462/322
f 2050/455/323 2416/462/323 1696/454/323
f 2416/462/323 2050/455/323 2474/463/323
f 2048/456/324 2474/463/324 2050/455/324
f 2474/463/324 2048/456/324 2473/464/324
f 2052/465/325 2473/464/325 2048/456/325
f 2473/464/325 2052/465/325 2475/466/325
f 2054/467/326 2475/466/326 2052/465/326
f 2475/466/326 2054/467/326 2476/468/326
f 2074/469/327 2476/468/327 2054/467/327
f 2476/468/327 2074/469/327 2477/470/327
f 2076/471/328 2477/470/328 2074/469/328
f 2477/470/328 2076/471/328 2478/472/328
f 2053/473/329 2074/469/329 2054/467/329
f 2054/467/330 2051/458/330 2053/473/330
f 2051/458/331 2054/467/331 2052/465/331
f 2048/456/332 2051/458/332 2052/465/332
f 2045/457/333 2040/474/333 2051/458/333
f 2055/475/334 2051/458/334 2040/474/334
f 2051/458/335 2055/475/335 2053/473/335
f 2055/475/336 2073/476/336 2053/473/336
f 2074/469/337 2053/473/337 2073/476/337
f 2073/476/338 2076/471/338 2074/469/338
f 2056/477/339 2075/478/339 2055/475/339
f 2073/476/340 2055/475/340 2075/478/340
f 2075/478/341 2077/479/341 2073/476/341
f 2076/471/342 2073/476/342 2077/479/342
f 2077/479/343 2079/480/343 2076/471/343
f 2079/480/344 2478/472/344 2076/471/344
f 2478/472/344 2079/480/344 2479/481/344
f 2080/482/345 2479/481/345 2079/480/345
f 2479/481/345 2080/482/345 2480/483/345
f 2081/484/346 2480/483/346 2080/482/346
f 2056/477/347 2086/485/347 2085/486/347
f 2075/478/348 2056/477/348 2085/486/348
f 2041/487/349 2057/488/349 2056/477/349
f 2033/489/350 2057/488/350 2058/490/350
f 2057/488/351 2033/489/351 2059/491/351
f 2059/491/352 2056/477/352 2057/488/352
f 2056/477/353 2059/491/353 2060/492/353
f 2086/485/354 2056/477/354 2060/492/354
f 2068/493/355 2086/485/355 2060/492/355
f 2086/485/356 2068/493/356 2090/494/356
f 2069/495/357 2090/494/357 2068/493/357
f 2061/496/358 2069/495/358 2068/493/358
f 2069/495/359 2061/496/359 2064/497/359
f 2061/496/360 2033/489/360 2032/498/360
f 2033/489/361 2061/496/361 2059/491/361
f 2068/493/362 2059/491/362 2061/496/362
f 2059/491/363 2068/493/363 2060/492/363
f 2090/494/364 2069/495/364 2093/499/364
f 2062/500/365 2064/497/365 2063/501/365
f 2064/497/366 2062/500/366 2066/502/366
f 2066/502/367 2069/495/367 2064/497/367
f 2069/495/368 2066/502/368 2070/503/368
f 2070/503/369 2093/499/369 2069/495/369
f 2093/499/370 2070/503/370 2100/504/370
f 2032/498/371 2064/497/371 2061/496/371
f 2064/497/372 2032/498/372 2063/501/372
f 1698/505/373 2063/501/373 2032/498/373
f 2063/501/374 1698/505/374 2062/500/374
f 1698/505/375 2065/506/375 2062/500/375
f 2065/506/376 2066/502/376 2062/500/376
f 2066/502/377 2065/506/377 2067/507/377
f 2067/507/378 2070/503/378 2066/502/378
f 2070/503/379 2067/507/379 2127/508/379
f 2127/508/380 2100/504/380 2070/503/380
f 1756/509/381 1737/510/381 1735/511/381
f 1734/512/382 1756/509/382 1735/511/382
f 1756/509/383 1734/512/383 2139/513/383
f 1734/512/384 2138/514/384 2139/513/384
f 1703/515/385 2139/513/385 2138/514/385
f 2138/514/386 2067/507/386 1703/515/386
f 2067/507/387 1700/516/387 1703/515/387
f 1700/516/388 2067/507/388 2065/506/388
f 1697/517/389 1700/516/389 2065/506/389
f 2065/506/390 1698/505/390 1697/517/390
f 1700/516/391 1697/517/391 1701/518/391
f 2138/514/392 1734/512/392 2137/519/392
f 2128/520/393 2138/514/393 2137/519/393
f 2138/514/394 2128/520/394 2127/508/394
f 2067/507/395 2138/514/395 2127/508/395
f 2100/504/396 2127/508/396 2128/520/396
f 2129/521/397 2100/504/397 2128/520/397
f 2137/519/398 2129/521/398 2128/520/398
f 2129/521/399 2137/519/399 2136/522/399
f 1734/512/400 2136/522/400 2137/519/400
f 2136/522/401 1734/512/401 1733/523/401
f 1735/511/402 1733/523/402 1734/512/402
f 2094/524/403 2100/504/403 2097/525/403
f 2100/504/404 2129/521/404 2097/525/404
f 2130/526/405 2097/525/405 2129/521/405
f 2136/522/406 2130/526/406 2129/521/406
f 2130/526/407 2136/522/407 2135/527/407
f 2136/522/408 2140/528/408 2135/527/408
f 2140/528/409 2136/522/409 1733/523/409
f 1736/529/410 2140/528/410 1733/523/410
f 1735/511/411 1736/529/411 1733/523/411
f 1736/529/412 1735/511/412 1737/510/412
f 2140/528/413 1736/529/413 2143/530/413
f 2142/531/414 2140/528/414 2143/530/414
f 2589/532/415 1737/510/415 1759/533/415
f 1737/510/416 2589/532/416 2590/534/416
f 2590/534/417 1736/529/417 1737/510/417
f 1736/529/418 2590/534/418 2586/535/418
f 2586/535/419 2143/530/419 1736/529/419
f 2143/530/420 2586/535/420 2585/536/420
f 2585/536/421 2142/531/421 2143/530/421
f 2142/531/422 2585/536/422 2584/537/422
f 2584/537/423 2134/538/423 2142/531/423
f 2134/538/424 2584/537/424 2583/539/424
f 2603/540/425 2585/536/425 2586/535/425
f 2586/535/426 2590/534/426 2603/540/426
f 2590/534/427 2589/532/427 2603/540/427
f 2592/541/428 2187/542/428 2188/543/428
f 2187/542/429 2592/541/429 2591/544/429
f 2591/544/430 1759/533/430 2187/542/430
f 1759/533/431 2591/544/431 2589/532/431
f 2606/545/432 2589/532/432 2591/544/432
f 2589/532/433 2606/545/433 2603/540/433
f 2603/540/434 2606/545/434 2602/546/434
f 2585/536/435 2603/540/435 2602/546/435
f 2602/546/436 2584/537/436 2585/536/436
f 2584/537/437 2602/546/437 2601/547/437
f 2608/548/438 2592/541/438 2593/549/438
f 2592/541/439 2608/548/439 2607/550/439
f 2607/550/440 2591/544/440 2592/541/440
f 2591/544/441 2607/550/441 2606/545/441
f 2607/550/442 2601/547/442 2606/545/442
f 2602/546/443 2606/545/443 2601/547/443
f 2601/547/444 2607/550/444 2600/551/444
f 2607/550/445 2598/552/445 2600/551/445
f 2598/552/446 2607/550/446 2608/548/446
f 2608/548/447 2599/553/447 2598/552/447
f 2599/553/448 2608/548/448 2597/554/448
f 2597/554/449 2596/555/449 2599/553/449
f 2609/556/450 2599/553/450 2596/555/450
f 2599/553/451 2609/556/451 2604/557/451
f 2609/556/452 2605/558/452 2604/557/452
f 2605/558/453 2609/556/453 2610/559/453
f 2605/558/454 2595/560/454 2588/561/454
f 2595/560/455 2605/558/455 2610/559/455
f 2610/559/456 2594/562/456 2595/560/456
f 2594/562/457 2610/559/457 2609/556/457
f 2609/556/458 2579/563/458 2594/562/458
f 2579/563/459 2609/556/459 2596/555/459
f 2596/555/460 2580/564/460 2579/563/460
f 2580/564/461 2596/555/461 2597/554/461
f 2597/554/462 2593/549/462 2580/564/462
f 2593/549/463 2597/554/463 2608/548/463
f 2595/560/464 2198/565/464 2205/566/464
f 2198/565/465 2595/560/465 2594/562/465
f 2594/562/466 1761/567/466 2198/565/466
f 1761/567/467 2594/562/467 2579/563/467
f 2579/563/468 1762/568/468 1761/567/468
f 1762/568/469 2579/563/469 2580/564/469
f 2580/564/470 2189/569/470 1762/568/470
f 2189/569/471 2580/564/471 2593/549/471
f 2593/549/472 2188/543/472 2189/569/472
f 2188/543/473 2593/549/473 2592/541/473
f 1760/570/474 2198/565/474 1761/567/474
f 1762/568/475 1760/570/475 1761/567/475
f 2199/571/476 2205/566/476 2198/565/476
f 2205/566/477 2199/571/477 1768/572/477
f 2175/573/478 2188/543/478 2172/574/478
f 2188/543/479 2175/573/479 2189/569/479
f 2175/573/480 1762/568/480 2189/569/480
f 1762/568/481 2175/573/481 2176/575/481
f 2195/576/482 1762/568/482 2176/575/482
f 1762/568/483 2195/576/483 1760/570/483
f 2194/577/484 1760/570/484 2195/576/484
f 1760/570/485 2194/577/485 2197/578/485
f 2196/579/486 2197/578/486 2194/577/486
f 2197/578/487 2196/579/487 1765/580/487
f 2187/542/488 2172/574/488 2188/543/488
f 2172/574/489 2187/542/489 2170/581/489
f 2170/581/490 2171/582/490 2172/574/490
f 2171/582/491 2175/573/491 2172/574/491
f 2175/573/492 2171/582/492 1746/583/492
f 1746/583/493 2176/575/493 2175/573/493
f 2176/575/494 1746/583/494 1745/584/494
f 1745/584/495 2195/576/495 2176/575/495
f 2195/576/496 1745/584/496 2180/585/496
f 2171/582/497 2174/586/497 1746/583/497
f 1758/587/498 2187/542/498 1759/533/498
f 2187/542/499 1758/587/499 2170/581/499
f 1758/587/500 2169/588/500 2170/581/500
f 2171/582/501 2170/581/501 2169/588/501
f 2169/588/502 2167/589/502 2171/582/502
f 2174/586/503 2171/582/503 2167/589/503
f 2167/589/504 2173/590/504 2174/586/504
f 2177/591/505 2174/586/505 2173/590/505
f 1748/592/506 2177/591/506 2173/590/506
f 2177/591/507 1748/592/507 1751/593/507
f 1748/592/508 1742/594/508 1743/595/508
f 1742/594/509 1748/592/509 2158/596/509
f 2173/590/510 2158/596/510 1748/592/510
f 2158/596/511 2173/590/511 2166/597/511
f 2173/590/512 2167/589/512 2166/597/512
f 2165/598/513 2166/597/513 2167/589/513
f 2167/589/514 2169/588/514 2165/598/514
f 2168/599/515 2165/598/515 2169/588/515
f 2169/588/516 1758/587/516 2168/599/516
f 1756/509/517 2168/599/517 1758/587/517
f 1756/509/518 1758/587/518 1759/533/518
f 1737/510/519 1756/509/519 1759/533/519
f 2168/599/520 1756/509/520 1757/600/520
f 2161/601/521 2071/602/521 2072/603/521
f 2071/602/522 2161/601/522 1757/600/522
f 2163/604/523 1757/600/523 2161/601/523
f 1757/600/524 2163/604/524 2168/599/524
f 2165/598/525 2168/599/525 2163/604/525
f 1680/605/526 1678/606/526 1679/607/526
f 1709/608/527 1680/605/527 1679/607/527
f 2159/609/528 1709/608/528 1679/607/528
f 1709/608/529 2159/609/529 2072/603/529
f 2160/610/530 2072/603/530 2159/609/530
f 2072/603/531 2160/610/531 2161/601/531
f 2162/611/532 2161/601/532 2160/610/532
f 2161/601/533 2162/611/533 2163/604/533
f 2164/612/534 2163/604/534 2162/611/534
f 2163/604/535 2164/612/535 2165/598/535
f 2146/613/536 1679/607/536 1678/606/536
f 1679/607/537 2146/613/537 2159/609/537
f 2146/613/538 2160/610/538 2159/609/538
f 2160/610/539 2146/613/539 2150/614/539
f 2150/614/540 2162/611/540 2160/610/540
f 2162/611/541 2150/614/541 2155/615/541
f 2155/615/542 2164/612/542 2162/611/542
f 2164/612/543 2155/615/543 2157/616/543
f 2166/597/544 2165/598/544 2164/612/544
f 2157/616/545 2166/597/545 2164/612/545
f 2166/597/546 2157/616/546 2158/596/546
f 2157/616/547 1742/594/547 2158/596/547
f 1742/594/548 2157/616/548 2156/617/548
f 2155/615/549 2156/617/549 2157/616/549
f 2156/617/550 2155/615/550 2154/618/550
f 2150/614/551 2154/618/551 2155/615/551
f 2154/618/552 2150/614/552 2148/619/552
f 2146/613/553 2148/619/553 2150/614/553
f 2144/620/554 2030/621/554 2145/622/554
f 2145/622/555 2148/619/555 2144/620/555
f 2148/619/556 2145/622/556 2149/623/556
f 2149/623/557 2154/618/557 2148/619/557
f 2154/618/558 2149/623/558 2153/624/558
f 2153/624/559 2156/617/559 2154/618/559
f 2156/617/560 2153/624/560 1740/625/560
f 1740/625/561 1742/594/561 2156/617/561
f 1742/594/562 1740/625/562 1739/626/562
f 1743/595/563 1742/594/563 1739/626/563
f 1741/627/564 1739/626/564 1740/625/564
f 1740/625/565 2152/628/565 1741/627/565
f 2152/628/566 1740/625/566 2153/624/566
f 2153/624/567 2151/629/567 2152/628/567
f 2151/629/568 2153/624/568 2149/623/568
f 2149/623/569 2147/630/569 2151/629/569
f 2147/630/570 2149/623/570 2145/622/570
f 2145/622/571 2031/631/571 2147/630/571
f 2031/631/572 2145/622/572 2030/621/572
f 2030/621/573 2018/632/573 2031/631/573
f 2417/633/574 1741/627/574 2493/634/574
f 2152/628/575 2493/634/575 1741/627/575
f 2493/634/576 2152/628/576 2492/635/576
f 2151/629/577 2492/635/577 2152/628/577
f 2492/635/578 2151/629/578 2491/636/578
f 2147/630/579 2491/636/579 2151/629/579
f 2491/636/580 2147/630/580 2490/637/580
f 2031/631/581 2490/637/581 2147/630/581
f 2490/637/582 2031/631/582 2471/638/582
f 2018/632/583 2471/638/583 2031/631/583
f 2471/638/584 2018/632/584 2470/639/584
f 2016/640/585 2470/639/585 2018/632/585
f 2470/639/586 2016/640/586 2469/641/586
f 2014/642/587 2469/641/587 2016/640/587
f 2469/641/588 2014/642/588 2468/643/588
f 1956/644/589 2468/643/589 2014/642/589
f 2468/643/589 1956/644/589 2451/645/589
f 1953/646/590 2451/645/590 1956/644/590
f 2451/645/590 1953/646/590 2450/647/590
f 1951/648/591 2450/647/591 1953/646/591
f 1674/649/592 1956/644/592 2014/642/592
f 2016/640/593 1674/649/593 2014/642/593
f 2018/632/594 2030/621/594 2017/650/594
f 2017/650/595 2016/640/595 2018/632/595
f 2016/640/596 2017/650/596 1672/651/596
f 1674/649/597 2016/640/597 1672/651/597
f 1674/649/598 1672/651/598 1673/652/598
f 2015/653/599 1674/649/599 1673/652/599
f 1673/652/600 2022/654/600 2015/653/600
f 1676/655/601 2015/653/601 2022/654/601
f 2022/654/602 2023/656/602 1676/655/602
f 2023/656/603 1677/657/603 1676/655/603
f 2023/656/604 2022/654/604 1699/658/604
f 2020/659/605 1699/658/605 2022/654/605
f 2022/654/606 1673/652/606 2020/659/606
f 1673/652/607 2019/660/607 2020/659/607
f 2019/660/608 1673/652/608 1672/651/608
f 1672/651/609 2021/661/609 2019/660/609
f 2021/661/610 1672/651/610 2017/650/610
f 2017/650/611 2029/662/611 2021/661/611
f 2029/662/612 2017/650/612 2030/621/612
f 2030/621/613 2144/620/613 2029/662/613
f 2021/661/614 2026/663/614 2019/660/614
f 2025/664/615 2019/660/615 2026/663/615
f 2019/660/616 2025/664/616 2020/659/616
f 1699/658/617 2020/659/617 2025/664/617
f 2148/619/618 2146/613/618 2144/620/618
f 1678/606/619 2144/620/619 2146/613/619
f 2144/620/620 1678/606/620 2029/662/620
f 1678/606/621 2021/661/621 2029/662/621
f 2021/661/622 1678/606/622 1680/605/622
f 2026/663/623 2021/661/623 1680/605/623
f 1680/605/624 2027/665/624 2026/663/624
f 2027/665/625 2025/664/625 2026/663/625
f 2025/664/626 2027/665/626 2028/666/626
f 2028/666/627 1699/658/627 2025/664/627
f 1706/667/628 1757/600/628 1738/668/628
f 1757/600/629 1706/667/629 2071/602/629
f 1706/667/630 1707/669/630 2071/602/630
f 1707/669/631 2072/603/631 2071/602/631
f 2072/603/632 1707/669/632 1709/608/632
f 1709/608/633 1707/669/633 1708/670/633
f 1680/605/634 1709/608/634 1708/670/634
f 2027/665/635 1680/605/635 1708/670/635
f 1708/670/636 1705/671/636 2027/665/636
f 1705/671/637 2028/666/637 2027/665/637
f 1705/671/638 1708/670/638 1707/669/638
f 1707/669/639 1706/667/639 1705/671/639
f 2028/666/640 1705/671/640 1704/672/640
f 1706/667/641 1704/672/641 1705/671/641
f 1702/673/642 1704/672/642 1706/667/642
f 1706/667/643 1738/668/643 1702/673/643
f 1699/658/644 2028/666/644 1697/517/644
f 1704/672/645 1697/517/645 2028/666/645
f 1697/517/646 1704/672/646 1701/518/646
f 1704/672/647 1702/673/647 1701/518/647
f 1702/673/648 1700/516/648 1701/518/648
f 1700/516/649 1702/673/649 1703/515/649
f 2139/513/650 1703/515/650 1702/673/650
f 1702/673/651 1756/509/651 2139/513/651
f 1756/509/652 1702/673/652 1738/668/652
f 1757/600/653 1756/509/653 1738/668/653
f 1699/658/654 1697/517/654 1698/505/654
f 2032/498/655 1699/658/655 1698/505/655
f 1699/658/656 2032/498/656 2023/656/656
f 2032/498/657 2024/674/657 2023/656/657
f 2024/674/658 2032/498/658 2033/489/658
f 2033/489/659 2035/675/659 2024/674/659
f 2035/675/660 2033/489/660 2058/490/660
f 2039/676/661 2035/675/661 2058/490/661
f 2057/488/662 2039/676/662 2058/490/662
f 2039/676/663 2057/488/663 2042/677/663
f 2057/488/664 2041/487/664 2042/677/664
f 2041/487/665 2039/676/665 2042/677/665
f 1677/657/666 2023/656/666 2024/674/666
f 2024/674/667 1682/678/667 1677/657/667
f 1682/678/668 2024/674/668 2035/675/668
f 2038/679/669 1682/678/669 2035/675/669
f 2035/675/670 2039/676/670 2038/679/670
f 1688/680/671 2038/679/671 2039/676/671
f 2039/676/672 2041/487/672 1688/680/672
f 2040/474/673 1688/680/673 2041/487/673
f 2056/477/674 2040/474/674 2041/487/674
f 2040/474/675 2056/477/675 2055/475/675
f 2038/679/676 1688/680/676 1687/681/676
f 1689/682/677 1687/681/677 1688/680/677
f 2043/683/678 1687/681/678 1689/682/678
f 1687/681/679 2043/683/679 2044/684/679
f 2044/684/680 2038/679/680 1687/681/680
f 2038/679/681 2044/684/681 2036/685/681
f 1682/678/682 2038/679/682 2036/685/682
f 2034/686/683 1682/678/683 2036/685/683
f 2034/686/684 1681/687/684 1682/678/684
f 1681/687/685 2034/686/685 2011/688/685
f 2011/688/686 2013/689/686 1681/687/686
f 1690/690/687 2043/683/687 1689/682/687
f 1684/691/688 2036/685/688 1685/446/688
f 2036/685/689 2047/450/689 1685/446/689
f 2047/450/690 2036/685/690 2044/684/690
f 2044/684/691 2046/451/691 2047/450/691
f 2046/451/692 2044/684/692 2043/683/692
f 2045/457/693 2046/451/693 2043/683/693
f 2043/683/694 1690/690/694 2045/457/694
f 2040/474/695 2045/457/695 1690/690/695
f 1688/680/696 2040/474/696 1690/690/696
f 1689/682/697 1688/680/697 1690/690/697
f 1962/692/698 2010/693/698 1961/694/698
f 2010/693/699 1962/692/699 2011/688/699
f 2011/688/700 1684/691/700 2010/693/700
f 1684/691/701 2011/688/701 2034/686/701
f 2036/685/702 1684/691/702 2034/686/702
f 1647/695/703 1645/696/703 1646/697/703
f 1645/696/704 1959/442/704 1646/697/704
f 1959/442/705 1645/696/705 1957/698/705
f 1957/698/706 1960/443/706 1959/442/706
f 1960/443/707 1957/698/707 1961/694/707
f 1961/694/708 2009/444/708 1960/443/708
f 2009/444/709 1961/694/709 2010/693/709
f 2010/693/710 1683/445/710 2009/444/710
f 1683/445/711 2010/693/711 1684/691/711
f 1685/446/712 1683/445/712 1684/691/712
f 1944/699/713 1941/700/713 1942/701/713
f 1942/701/714 1649/702/714 1944/699/714
f 1649/702/715 1942/701/715 1948/703/715
f 1948/703/716 1647/695/716 1649/702/716
f 1647/695/717 1948/703/717 1950/704/717
f 1952/705/718 1647/695/718 1950/704/718
f 1647/695/719 1952/705/719 1645/696/719
f 1952/705/720 1957/698/720 1645/696/720
f 1957/698/721 1952/705/721 1954/706/721
f 1949/707/722 1952/705/722 1950/704/722
f 1950/704/723 1947/708/723 1949/707/723
f 1947/708/724 1950/704/724 1948/703/724
f 1948/703/725 1943/709/725 1947/708/725
f 1943/709/726 1948/703/726 1942/701/726
f 1942/701/727 1940/710/727 1943/709/727
f 1940/710/728 1942/701/728 1941/700/728
f 1938/711/729 1940/710/729 1941/700/729
f 1941/700/730 1944/699/730 1938/711/730
f 1944/699/731 1640/712/731 1938/711/731
f 1940/710/732 1938/711/732 1939/713/732
f 1640/712/733 1939/713/733 1938/711/733
f 1939/713/734 1640/712/734 1639/714/734
f 1641/715/735 1639/714/735 1640/712/735
f 1944/699/736 1945/716/736 1642/717/736
f 1640/712/737 1944/699/737 1642/717/737
f 1641/715/738 1640/712/738 1642/717/738
f 1945/716/739 1641/715/739 1642/717/739
f 1641/715/740 1945/716/740 1946/718/740
f 1945/716/741 1991/719/741 1946/718/741
f 1990/720/742 1946/718/742 1991/719/742
f 1977/721/743 1990/720/743 1991/719/743
f 1990/720/744 1977/721/744 1650/722/744
f 1970/723/745 1650/722/745 1977/721/745
f 1650/722/746 1970/723/746 1651/724/746
f 1656/725/747 1641/715/747 1946/718/747
f 1946/718/748 1990/720/748 1656/725/748
f 1989/726/749 1656/725/749 1990/720/749
f 1650/722/750 1989/726/750 1990/720/750
f 1652/727/751 1989/726/751 1650/722/751
f 1652/727/752 1650/722/752 1651/724/752
f 1651/724/753 1980/728/753 1652/727/753
f 1982/729/754 1652/727/754 1980/728/754
f 1980/728/755 1983/730/755 1982/729/755
f 1970/723/756 1978/731/756 1651/724/756
f 1980/728/757 1651/724/757 1978/731/757
f 1978/731/758 1981/732/758 1980/728/758
f 1983/730/759 1980/728/759 1981/732/759
f 1992/733/760 1983/730/760 1981/732/760
f 1983/730/761 1992/733/761 1987/734/761
f 1984/735/762 1983/730/762 1987/734/762
f 1983/730/763 1984/735/763 1982/729/763
f 1984/735/764 1653/736/764 1982/729/764
f 1652/727/765 1982/729/765 1653/736/765
f 1653/736/766 1984/735/766 1985/737/766
f 1986/738/767 1653/736/767 1985/737/767
f 2456/739/768 1986/738/768 2454/740/768
f 1985/737/769 2454/740/769 1986/738/769
f 2454/740/769 1985/737/769 2453/741/769
f 1984/735/770 2453/741/770 1985/737/770
f 2453/741/770 1984/735/770 2452/742/770
f 1987/734/771 2452/742/771 1984/735/771
f 2452/742/771 1987/734/771 2455/743/771
f 1992/733/772 2455/743/772 1987/734/772
f 2455/743/773 1992/733/773 2457/744/773
f 1993/745/774 2457/744/774 1992/733/774
f 1993/745/775 1972/746/775 1994/747/775
f 2457/744/774 1993/745/774 2458/748/774
f 1994/747/776 2458/748/776 1993/745/776
f 2458/748/776 1994/747/776 2459/749/776
f 1658/750/777 2459/749/777 1994/747/777
f 2459/749/777 1658/750/777 2409/751/777
f 1660/752/778 2409/751/778 1658/750/778
f 2409/751/778 1660/752/778 2408/753/778
f 2001/754/779 2408/753/779 1660/752/779
f 2408/753/779 2001/754/779 2460/755/779
f 2003/756/780 2460/755/780 2001/754/780
f 2001/754/781 2002/757/781 2003/756/781
f 2002/757/782 2001/754/782 1997/758/782
f 2001/754/783 1659/759/783 1997/758/783
f 1659/759/784 2001/754/784 1660/752/784
f 1660/752/785 1658/750/785 1659/759/785
f 1994/747/786 1659/759/786 1658/750/786
f 1659/759/787 1994/747/787 1972/746/787
f 1963/760/788 1659/759/788 1972/746/788
f 1972/746/789 1648/761/789 1963/760/789
f 1647/695/790 1963/760/790 1648/761/790
f 2460/755/780 2003/756/780 2462/762/780
f 2002/757/791 2462/762/791 2003/756/791
f 2462/762/791 2002/757/791 2461/409/791
f 1669/408/258 2461/409/258 2002/757/258
f 1997/758/792 1669/408/792 2002/757/792
f 1669/408/793 1997/758/793 1996/419/793
f 1659/759/794 1996/419/794 1997/758/794
f 1996/419/795 1659/759/795 1995/410/795
f 1659/759/796 1963/760/796 1995/410/796
f 1964/411/797 1995/410/797 1963/760/797
f 1963/760/798 1647/695/798 1964/411/798
f 1647/695/799 1664/413/799 1964/411/799
f 1664/413/800 1647/695/800 1646/697/800
f 1646/697/801 1665/420/801 1664/413/801
f 1665/420/802 1646/697/802 1959/442/802
f 1959/442/803 1666/421/803 1665/420/803
f 1666/421/804 1959/442/804 1965/438/804
f 1965/438/805 1999/422/805 1666/421/805
f 1999/422/806 1965/438/806 1998/428/806
f 2005/424/807 1999/422/807 1998/428/807
f 1649/702/808 1647/695/808 1648/761/808
f 1967/763/809 1649/702/809 1648/761/809
f 1649/702/810 1967/763/810 1968/764/810
f 1976/765/811 1968/764/811 1967/763/811
f 1968/764/812 1976/765/812 1973/766/812
f 1975/767/813 1973/766/813 1976/765/813
f 1973/766/814 1975/767/814 1974/768/814
f 1945/716/815 1974/768/815 1975/767/815
f 1974/768/816 1945/716/816 1969/769/816
f 1945/716/817 1944/699/817 1969/769/817
f 1649/702/818 1969/769/818 1944/699/818
f 1969/769/819 1649/702/819 1968/764/819
f 1973/766/820 1969/769/820 1968/764/820
f 1969/769/821 1973/766/821 1974/768/821
f 1991/719/822 1945/716/822 1975/767/822
f 1976/765/823 1991/719/823 1975/767/823
f 1991/719/824 1976/765/824 1977/721/824
f 1967/763/825 1977/721/825 1976/765/825
f 1977/721/826 1967/763/826 1970/723/826
f 1648/761/827 1970/723/827 1967/763/827
f 1970/723/828 1648/761/828 1971/770/828
f 1648/761/829 1972/746/829 1971/770/829
f 1979/771/830 1971/770/830 1972/746/830
f 1972/746/831 1993/745/831 1979/771/831
f 1992/733/832 1979/771/832 1993/745/832
f 1979/771/833 1992/733/833 1981/732/833
f 1981/732/834 1978/731/834 1979/771/834
f 1971/770/835 1979/771/835 1978/731/835
f 1978/731/836 1970/723/836 1971/770/836
f 2488/772/837 1820/773/837 2489/774/837
f 2397/775/838 2399/776/838 2396/777/838
f 2396/777/839 1937/778/839 2397/775/839
f 1937/778/840 2396/777/840 2395/779/840
f 2393/780/841 1937/778/841 2395/779/841
f 2398/781/842 2400/782/842 2397/775/842
f 2399/776/843 2397/775/843 2400/782/843
f 2402/783/844 2399/776/844 2400/782/844
f 2399/776/845 2402/783/845 2403/784/845
f 2400/782/846 2398/781/846 2401/785/846
f 2404/786/847 2400/782/847 2401/785/847
f 2400/782/848 2404/786/848 2402/783/848
f 2572/787/849 2399/776/849 2574/788/849
f 2403/784/850 2574/788/850 2399/776/850
f 2574/788/850 2403/784/850 2576/789/850
f 2402/783/851 2576/789/851 2403/784/851
f 2576/789/851 2402/783/851 2577/790/851
f 2404/786/852 2577/790/852 2402/783/852
f 2577/790/852 2404/786/852 2578/791/852
f 2401/785/853 2578/791/853 2404/786/853
f 2578/791/853 2401/785/853 2575/792/853
f 2398/781/854 2575/792/854 2401/785/854
f 2575/792/854 2398/781/854 2573/793/854
f 2394/794/855 2573/793/855 2398/781/855
f 2573/793/855 2394/794/855 2570/795/855
f 2272/796/856 2570/795/856 2394/794/856
f 2570/795/856 2272/796/856 2514/797/856
f 1835/798/857 2514/797/857 2272/796/857
f 2514/797/857 1835/798/857 2512/799/857
f 2269/800/858 2512/799/858 1835/798/858
f 2512/799/858 2269/800/858 2511/801/858
f 2273/802/859 2511/801/859 2269/800/859
f 2273/802/860 2268/803/860 1836/804/860
f 2268/803/861 2273/802/861 2269/800/861
f 1835/798/862 2268/803/862 2269/800/862
f 2268/803/863 1835/798/863 2266/805/863
f 2263/806/864 1835/798/864 1833/807/864
f 1835/798/865 2263/806/865 2266/805/865
f 2265/808/866 2266/805/866 2263/806/866
f 2266/805/867 2265/808/867 2267/809/867
f 2267/809/868 2268/803/868 2266/805/868
f 2268/803/869 2267/809/869 2270/810/869
f 2270/810/870 1836/804/870 2268/803/870
f 1836/804/871 2270/810/871 1837/811/871
f 1838/812/872 1836/804/872 1837/811/872
f 1838/812/873 2273/802/873 1836/804/873
f 2273/802/874 1838/812/874 2274/813/874
f 2511/801/859 2273/802/859 2515/814/859
f 2274/813/875 2515/814/875 2273/802/875
f 2515/814/875 2274/813/875 2516/815/875
f 1838/812/876 2516/815/876 2274/813/876
f 2516/815/876 1838/812/876 2424/816/876
f 1837/811/877 2424/816/877 1838/812/877
f 2424/816/877 1837/811/877 2423/817/877
f 2270/810/878 2423/817/878 1837/811/878
f 2423/817/878 2270/810/878 2513/818/878
f 2267/809/879 2513/818/879 2270/810/879
f 2513/818/879 2267/809/879 2510/819/879
f 2265/808/880 2510/819/880 2267/809/880
f 2510/819/880 2265/808/880 2509/820/880
f 1842/821/881 2509/820/881 2265/808/881
f 2509/820/882 1842/821/882 2426/822/882
f 1841/823/883 2426/822/883 1842/821/883
f 2426/822/883 1841/823/883 2425/824/883
f 2236/825/884 2425/824/884 1841/823/884
f 2425/824/884 2236/825/884 2507/826/884
f 2235/827/885 2507/826/885 2236/825/885
f 2230/828/886 2235/827/886 2236/825/886
f 1841/823/887 2230/828/887 2236/825/887
f 1840/829/888 2231/830/888 1841/823/888
f 1842/821/889 1840/829/889 1841/823/889
f 2265/808/890 1840/829/890 1842/821/890
f 1840/829/891 2265/808/891 2264/831/891
f 2263/806/892 2264/831/892 2265/808/892
f 2264/831/893 2263/806/893 2262/832/893
f 2263/806/894 1832/833/894 2262/832/894
f 1832/833/895 1817/834/895 2262/832/895
f 1817/834/896 1832/833/896 1831/835/896
f 1831/835/897 1814/836/897 1817/834/897
f 1814/836/898 1812/837/898 1811/838/898
f 1812/837/899 1814/836/899 1815/839/899
f 1814/836/900 1831/835/900 1815/839/900
f 1830/840/901 1815/839/901 1831/835/901
f 1832/833/902 1830/840/902 1831/835/902
f 1832/833/903 1826/841/903 1830/840/903
f 1826/841/904 1832/833/904 1828/842/904
f 1826/841/905 1828/842/905 1829/843/905
f 1828/842/906 1834/844/906 1829/843/906
f 1834/844/907 1934/845/907 1829/843/907
f 1934/845/908 1826/841/908 1829/843/908
f 1815/839/909 1830/840/909 2255/846/909
f 2255/846/910 1812/837/910 1815/839/910
f 1812/837/911 2255/846/911 2254/847/911
f 2253/848/912 1812/837/912 2254/847/912
f 2256/849/913 1844/850/913 2257/851/913
f 1844/850/914 2256/849/914 2260/852/914
f 2256/849/915 2252/853/915 2260/852/915
f 2253/848/916 2260/852/916 2252/853/916
f 2260/852/917 2253/848/917 1824/854/917
f 2254/847/918 1824/854/918 2253/848/918
f 1824/854/919 2254/847/919 2261/855/919
f 2255/846/920 2261/855/920 2254/847/920
f 2261/855/921 2255/846/921 1825/856/921
f 1830/840/922 1825/856/922 2255/846/922
f 2260/852/923 1823/857/923 1844/850/923
f 1823/857/924 2260/852/924 1824/854/924
f 1933/858/925 1824/854/925 2261/855/925
f 1824/854/926 1822/859/926 1823/857/926
f 1824/854/927 1933/858/927 1822/859/927
f 1933/858/928 1932/860/928 1822/859/928
f 1933/858/929 1927/861/929 1932/860/929
f 1927/861/930 2276/862/930 1932/860/930
f 1823/857/931 1932/860/931 2276/862/931
f 2276/862/932 1843/863/932 1823/857/932
f 1823/857/933 1843/863/933 1844/850/933
f 2275/864/934 1844/850/934 1843/863/934
f 1844/850/935 2275/864/935 2257/851/935
f 1932/860/936 1823/857/936 1822/859/936
f 1917/865/937 1918/866/937 1915/867/937
f 1917/865/938 1915/867/938 1916/868/938
f 1916/868/939 1915/867/939 1914/869/939
f 1914/869/940 1929/870/940 1916/868/940
f 1929/870/941 1914/869/941 1928/871/941
f 1929/870/942 1928/871/942 1927/861/942
f 1928/871/943 1926/872/943 1927/861/943
f 2276/862/944 1927/861/944 1926/872/944
f 1926/872/945 2277/873/945 2276/862/945
f 1843/863/946 2276/862/946 2277/873/946
f 1922/874/947 1928/871/947 1914/869/947
f 1900/875/948 1914/869/948 1901/876/948
f 1914/869/949 1900/875/949 1922/874/949
f 2374/877/950 1922/874/950 1900/875/950
f 1922/874/951 2374/877/951 1920/878/951
f 2368/879/952 1921/880/952 1920/878/952
f 2374/877/953 2368/879/953 1920/878/953
f 2368/879/954 2374/877/954 2371/881/954
f 2374/877/955 2370/882/955 2371/881/955
f 2370/882/956 2374/877/956 2372/883/956
f 1900/875/957 2372/883/957 2374/877/957
f 2372/883/958 1900/875/958 1899/884/958
f 1901/876/959 1899/884/959 1900/875/959
f 1915/867/960 1899/884/960 1901/876/960
f 1901/876/961 1914/869/961 1915/867/961
f 1899/884/962 1915/867/962 1918/866/962
f 1918/866/963 1897/885/963 1899/884/963
f 2373/886/964 1899/884/964 1897/885/964
f 1899/884/965 2373/886/965 2372/883/965
f 1892/887/966 2372/883/966 2373/886/966
f 2372/883/967 1892/887/967 2370/882/967
f 1892/887/968 1894/888/968 2370/882/968
f 1894/888/969 2371/881/969 2370/882/969
f 2371/881/970 1894/888/970 1893/889/970
f 1895/890/971 2371/881/971 1893/889/971
f 1886/891/972 1895/890/972 1893/889/972
f 1896/892/973 2373/886/973 1897/885/973
f 2285/893/974 1895/890/974 2286/894/974
f 1895/890/975 2285/893/975 2368/879/975
f 2371/881/976 1895/890/976 2368/879/976
f 1886/891/977 2299/895/977 1884/896/977
f 2299/895/978 1886/891/978 2367/897/978
f 1893/889/979 2367/897/979 1886/891/979
f 2367/897/980 1893/889/980 1882/898/980
f 1882/898/981 1893/889/981 1894/888/981
f 1891/899/982 1882/898/982 1894/888/982
f 1894/888/983 1892/887/983 1891/899/983
f 1890/900/984 1891/899/984 1892/887/984
f 1892/887/985 2369/901/985 1890/900/985
f 2369/901/986 1888/902/986 1890/900/986
f 1891/899/987 1890/900/987 1888/902/987
f 1888/902/988 1880/903/988 1891/899/988
f 1882/898/989 1891/899/989 1880/903/989
f 1880/903/990 1888/902/990 1887/904/990
f 2360/905/991 1880/903/991 1887/904/991
f 1888/902/992 2369/901/992 1889/906/992
f 1889/906/993 1887/904/993 1888/902/993
f 1889/906/994 2361/907/994 1887/904/994
f 2361/907/995 2360/905/995 1887/904/995
f 2360/905/996 2361/907/996 2362/908/996
f 2363/909/997 2362/908/997 2361/907/997
f 2362/908/998 2363/909/998 2364/910/998
f 2363/909/999 2376/911/999 2364/910/999
f 2553/912/1000 2359/913/1000 2554/914/1000
f 2360/905/1001 2554/914/1001 2359/913/1001
f 2554/914/1001 2360/905/1001 2555/915/1001
f 2362/908/1002 2555/915/1002 2360/905/1002
f 2555/915/1002 2362/908/1002 2556/916/1002
f 2364/910/1003 2556/916/1003 2362/908/1003
f 2556/916/1003 2364/910/1003 2557/917/1003
f 2376/911/1004 2557/917/1004 2364/910/1004
f 2557/917/1004 2376/911/1004 2558/918/1004
f 2379/919/1005 2558/918/1005 2376/911/1005
f 2358/920/1006 2346/921/1006 2359/913/1006
f 2346/921/1007 2360/905/1007 2359/913/1007
f 2360/905/1008 2346/921/1008 2345/922/1008
f 1880/903/1009 2360/905/1009 2345/922/1009
f 2343/923/1010 1880/903/1010 2345/922/1010
f 1880/903/1011 2343/923/1011 1881/924/1011
f 1882/898/1012 1880/903/1012 1881/924/1012
f 1881/924/1013 1846/925/1013 1882/898/1013
f 1882/898/1014 1846/925/1014 1883/926/1014
f 1845/927/1015 1883/926/1015 1846/925/1015
f 2343/923/1016 2346/921/1016 2344/928/1016
f 2346/921/1017 2343/923/1017 2345/922/1017
f 2342/929/1018 1847/930/1018 1846/925/1018
f 1846/925/1019 1881/924/1019 2342/929/1019
f 1881/924/1020 1877/931/1020 2342/929/1020
f 1877/931/1021 1881/924/1021 2343/923/1021
f 2343/923/1022 1878/932/1022 1877/931/1022
f 1878/932/1023 2343/923/1023 2344/928/1023
f 2355/933/1024 1878/932/1024 2344/928/1024
f 2344/928/1025 2357/934/1025 2355/933/1025
f 2357/934/1026 2344/928/1026 2346/921/1026
f 2346/921/1027 2358/920/1027 2357/934/1027
f 2342/929/1028 2305/935/1028 1847/930/1028
f 2548/936/1029 2353/937/1029 2549/938/1029
f 2356/939/1030 2549/938/1030 2353/937/1030
f 2549/938/1030 2356/939/1030 2551/940/1030
f 2355/933/1031 2551/940/1031 2356/939/1031
f 2551/940/1031 2355/933/1031 2550/941/1031
f 2357/934/1032 2550/941/1032 2355/933/1032
f 2550/941/1033 2357/934/1033 2552/942/1033
f 2358/920/1034 2552/942/1034 2357/934/1034
f 2552/942/1034 2358/920/1034 2553/912/1034
f 2359/913/1000 2553/912/1000 2358/920/1000
f 2351/943/1035 2353/937/1035 2354/944/1035
f 2436/945/1036 2341/946/1036 2544/947/1036
f 2348/948/1037 2544/947/1037 2341/946/1037
f 2544/947/1037 2348/948/1037 2545/949/1037
f 2349/950/1038 2545/949/1038 2348/948/1038
f 2545/949/1038 2349/950/1038 2546/951/1038
f 2351/943/1039 2546/951/1039 2349/950/1039
f 2546/951/1039 2351/943/1039 2547/952/1039
f 2354/944/1040 2547/952/1040 2351/943/1040
f 2547/952/1040 2354/944/1040 2548/936/1040
f 2353/937/1029 2548/936/1029 2354/944/1029
f 1878/932/1041 2355/933/1041 2356/939/1041
f 2356/939/1042 2352/953/1042 1878/932/1042
f 2352/953/1043 2356/939/1043 2353/937/1043
f 2353/937/1044 2351/943/1044 2352/953/1044
f 2351/943/1045 2350/954/1045 2352/953/1045
f 2350/954/1046 2351/943/1046 2349/950/1046
f 2349/950/1047 2347/955/1047 2350/954/1047
f 2347/955/1048 2349/950/1048 2348/948/1048
f 2341/946/1049 2347/955/1049 2348/948/1049
f 2347/955/1050 2341/946/1050 1876/956/1050
f 2340/957/1051 2339/958/1051 2338/959/1051
f 1875/960/1052 2338/959/1052 2339/958/1052
f 2339/958/1053 1876/956/1053 1875/960/1053
f 1876/956/1054 2339/958/1054 2347/955/1054
f 1879/961/1055 2347/955/1055 2339/958/1055
f 2347/955/1056 1879/961/1056 2350/954/1056
f 2339/958/1057 2340/957/1057 1879/961/1057
f 1873/962/1058 1875/960/1058 1876/956/1058
f 1873/962/1059 2311/963/1059 1875/960/1059
f 2338/959/1060 1875/960/1060 2311/963/1060
f 1850/964/1061 2338/959/1061 2311/963/1061
f 2338/959/1062 1850/964/1062 1849/965/1062
f 2305/935/1063 2338/959/1063 1849/965/1063
f 2338/959/1064 2305/935/1064 2340/957/1064
f 2305/935/1065 2342/929/1065 2340/957/1065
f 2342/929/1066 1879/961/1066 2340/957/1066
f 1879/961/1067 2342/929/1067 1877/931/1067
f 1879/961/1068 1877/931/1068 1878/932/1068
f 1878/932/1069 2350/954/1069 1879/961/1069
f 2350/954/1070 1878/932/1070 2352/953/1070
f 1873/962/1071 1870/966/1071 2312/967/1071
f 2311/963/1072 1873/962/1072 2312/967/1072
f 2310/968/1073 2311/963/1073 2312/967/1073
f 2311/963/1074 2310/968/1074 1850/964/1074
f 2310/968/1075 2308/969/1075 1850/964/1075
f 2308/969/1076 2310/968/1076 1852/970/1076
f 1870/966/1077 2310/968/1077 2312/967/1077
f 1874/971/1078 1876/956/1078 2341/946/1078
f 1876/956/1079 1874/971/1079 1873/962/1079
f 1872/972/1080 1873/962/1080 1874/971/1080
f 1870/966/1081 1873/962/1081 1872/972/1081
f 1872/972/1082 1871/973/1082 1870/966/1082
f 1871/973/1083 1855/974/1083 1870/966/1083
f 1856/975/1084 1871/973/1084 2318/976/1084
f 1871/973/1085 1856/975/1085 1855/974/1085
f 1856/975/1086 1854/977/1086 1855/974/1086
f 1854/977/1087 1870/966/1087 1855/974/1087
f 1870/966/1088 1854/977/1088 2313/978/1088
f 2310/968/1089 1870/966/1089 2313/978/1089
f 1853/979/1090 2310/968/1090 2313/978/1090
f 2310/968/1091 1853/979/1091 1852/970/1091
f 1853/979/1092 1851/980/1092 1852/970/1092
f 1851/980/1093 2308/969/1093 1852/970/1093
f 1854/977/1094 1853/979/1094 2313/978/1094
f 1859/981/1095 1857/982/1095 1858/983/1095
f 1857/982/1096 2317/984/1096 1858/983/1096
f 2317/984/1097 2314/985/1097 1858/983/1097
f 1853/979/1098 1858/983/1098 2314/985/1098
f 1858/983/1099 1853/979/1099 1859/981/1099
f 1853/979/1100 1854/977/1100 1859/981/1100
f 1854/977/1101 1857/982/1101 1859/981/1101
f 1857/982/1102 1854/977/1102 1856/975/1102
f 1856/975/1103 2315/986/1103 1857/982/1103
f 2315/986/1104 1856/975/1104 2316/987/1104
f 2317/984/1105 1857/982/1105 2315/986/1105
f 2427/988/1106 2314/985/1106 2526/989/1106
f 2321/990/1107 2526/989/1107 2314/985/1107
f 2526/989/1107 2321/990/1107 2531/991/1107
f 2317/984/1108 2531/991/1108 2321/990/1108
f 2531/991/1109 2317/984/1109 2528/992/1109
f 2315/986/1110 2528/992/1110 2317/984/1110
f 2528/992/1110 2315/986/1110 2527/993/1110
f 2320/994/1111 2527/993/1111 2315/986/1111
f 2527/993/1111 2320/994/1111 2530/995/1111
f 2322/996/1112 2530/995/1112 2320/994/1112
f 2316/987/1113 2320/994/1113 2315/986/1113
f 2320/994/1114 2316/987/1114 1861/997/1114
f 1861/997/1115 2322/996/1115 2320/994/1115
f 2322/996/1116 1861/997/1116 1860/998/1116
f 2322/996/1117 1860/998/1117 2323/999/1117
f 1860/998/1118 1865/1000/1118 2323/999/1118
f 2327/1001/1119 2323/999/1119 1865/1000/1119
f 2323/999/1120 2327/1001/1120 2324/1002/1120
f 2330/1003/1121 2324/1002/1121 2327/1001/1121
f 2324/1002/1122 2330/1003/1122 2328/1004/1122
f 2324/1002/1123 2322/996/1123 2323/999/1123
f 2322/996/1124 2324/1002/1124 2325/1005/1124
f 2328/1004/1125 2325/1005/1125 2324/1002/1125
f 2325/1005/1126 2328/1004/1126 2329/1006/1126
f 2328/1004/1127 2331/1007/1127 2329/1006/1127
f 2331/1007/1128 2328/1004/1128 2332/1008/1128
f 2332/1008/1129 2334/1009/1129 2331/1007/1129
f 2530/995/1112 2322/996/1112 2533/1010/1112
f 2325/1005/1130 2533/1010/1130 2322/996/1130
f 2533/1010/1130 2325/1005/1130 2532/1011/1130
f 2329/1006/1131 2532/1011/1131 2325/1005/1131
f 2532/1011/1131 2329/1006/1131 2536/1012/1131
f 2331/1007/1132 2536/1012/1132 2329/1006/1132
f 2536/1012/1132 2331/1007/1132 2538/1013/1132
f 2334/1009/1133 2538/1013/1133 2331/1007/1133
f 2538/1013/1133 2334/1009/1133 2540/1014/1133
f 2335/387/1134 2540/1014/1134 2334/1009/1134
f 2540/1014/1134 2335/387/1134 2541/386/1134
f 2333/1015/1135 2328/1004/1135 2330/1003/1135
f 2328/1004/1136 2333/1015/1136 2332/1008/1136
f 2333/1015/1137 1867/1016/1137 2332/1008/1137
f 2334/1009/1138 2332/1008/1138 1867/1016/1138
f 1867/1016/1139 2335/387/1139 2334/1009/1139
f 2335/387/1140 1867/1016/1140 1869/385/1140
f 1869/385/1141 1867/1016/1141 1868/1017/1141
f 1867/1016/1142 2333/1015/1142 1868/1017/1142
f 2541/386/252 1869/385/252 2433/1018/252
f 1868/1017/1143 2433/1018/1143 1869/385/1143
f 2433/1018/1143 1868/1017/1143 2432/1019/1143
f 2333/1015/1144 2432/1019/1144 1868/1017/1144
f 2432/1019/1144 2333/1015/1144 2539/1020/1144
f 2330/1003/1145 2539/1020/1145 2333/1015/1145
f 2539/1020/1145 2330/1003/1145 2537/1021/1145
f 2327/1001/1146 2537/1021/1146 2330/1003/1146
f 2537/1021/1146 2327/1001/1146 2535/1022/1146
f 1865/1000/1147 2535/1022/1147 2327/1001/1147
f 2535/1022/1147 1865/1000/1147 2430/1023/1147
f 1864/1024/1148 2430/1023/1148 1865/1000/1148
f 2430/1023/1148 1864/1024/1148 2429/1025/1148
f 1866/1026/1149 2429/1025/1149 1864/1024/1149
f 2429/1025/1149 1866/1026/1149 2431/1027/1149
f 2326/1028/1150 2431/1027/1150 1866/1026/1150
f 2431/1027/1150 2326/1028/1150 2534/1029/1150
f 2337/1030/1151 2534/1029/1151 2326/1028/1151
f 2534/1029/1151 2337/1030/1151 2543/1031/1151
f 2336/1032/1152 2543/1031/1152 2337/1030/1152
f 2326/1028/1153 1863/1033/1153 1862/1034/1153
f 1862/1034/1154 2337/1030/1154 2326/1028/1154
f 2337/1030/1155 1862/1034/1155 2319/1035/1155
f 2318/976/1156 2337/1030/1156 2319/1035/1156
f 2337/1030/1157 2318/976/1157 2336/1032/1157
f 1863/1033/1158 2326/1028/1158 1866/1026/1158
f 1866/1026/1159 1864/1024/1159 1863/1033/1159
f 1865/1000/1160 1863/1033/1160 1864/1024/1160
f 1865/1000/1161 1860/998/1161 1863/1033/1161
f 1862/1034/1162 1863/1033/1162 1860/998/1162
f 1862/1034/1163 1860/998/1163 1861/997/1163
f 1861/997/1164 2319/1035/1164 1862/1034/1164
f 2319/1035/1165 1861/997/1165 2316/987/1165
f 2316/987/1166 2318/976/1166 2319/1035/1166
f 2318/976/1167 2316/987/1167 1856/975/1167
f 2543/1031/1152 2336/1032/1152 2542/1036/1152
f 2318/976/1168 2542/1036/1168 2336/1032/1168
f 2542/1036/1168 2318/976/1168 2529/1037/1168
f 1871/973/1169 2529/1037/1169 2318/976/1169
f 2529/1037/1169 1871/973/1169 2435/1038/1169
f 1872/972/1170 2435/1038/1170 1871/973/1170
f 2435/1038/1170 1872/972/1170 2434/1039/1170
f 1874/971/1171 2434/1039/1171 1872/972/1171
f 2434/1039/1171 1874/971/1171 2436/945/1171
f 2341/946/1036 2436/945/1036 1874/971/1036
f 1827/1040/1172 1930/1041/1172 1931/1042/1172
f 1825/856/1173 1830/840/1173 1826/841/1173
f 1827/1040/1174 1825/856/1174 1826/841/1174
f 1826/841/1175 1934/845/1175 1827/1040/1175
f 1935/1043/1176 1827/1040/1176 1934/845/1176
f 1930/1041/1177 1827/1040/1177 1935/1043/1177
f 1935/1043/1178 1929/870/1178 1930/1041/1178
f 1927/861/1179 1930/1041/1179 1929/870/1179
f 1927/861/1180 1931/1042/1180 1930/1041/1180
f 1927/861/1181 1933/858/1181 1931/1042/1181
f 1827/1040/1182 1931/1042/1182 1933/858/1182
f 2261/855/1183 1827/1040/1183 1933/858/1183
f 1827/1040/1184 2261/855/1184 1825/856/1184
f 1929/870/1185 1935/1043/1185 1936/1044/1185
f 1934/845/1186 1834/844/1186 2271/1045/1186
f 2271/1045/1187 1935/1043/1187 1934/845/1187
f 1935/1043/1188 2271/1045/1188 1937/778/1188
f 1937/778/1189 1936/1044/1189 1935/1043/1189
f 1937/778/1190 2393/780/1190 1936/1044/1190
f 2393/780/1191 1929/870/1191 1936/1044/1191
f 1929/870/1192 2393/780/1192 2392/1046/1192
f 1917/865/1193 1929/870/1193 2392/1046/1193
f 1929/870/1194 1917/865/1194 1916/868/1194
f 1832/833/1195 2263/806/1195 1833/807/1195
f 1833/807/1196 1828/842/1196 1832/833/1196
f 1834/844/1197 1828/842/1197 1833/807/1197
f 1835/798/1198 1834/844/1198 1833/807/1198
f 1835/798/1199 2271/1045/1199 1834/844/1199
f 2271/1045/1200 1835/798/1200 2272/796/1200
f 2272/796/1201 1937/778/1201 2271/1045/1201
f 1937/778/1202 2272/796/1202 2394/794/1202
f 2398/781/1203 1937/778/1203 2394/794/1203
f 1937/778/1204 2398/781/1204 2397/775/1204
f 1845/927/1205 2303/1047/1205 2300/1048/1205
f 2303/1047/1206 1845/927/1206 2304/1049/1206
f 2304/1049/1207 2306/1050/1207 2303/1047/1207
f 2306/1050/1208 2304/1049/1208 1848/1051/1208
f 2296/1052/1209 1845/927/1209 2300/1048/1209
f 2301/1053/1210 2296/1052/1210 2300/1048/1210
f 2300/1048/1211 2302/1054/1211 2301/1053/1211
f 2302/1054/1212 2300/1048/1212 2303/1047/1212
f 2303/1047/1213 2307/1055/1213 2302/1054/1213
f 2307/1055/1214 2303/1047/1214 2306/1050/1214
f 2306/1050/1215 2309/1056/1215 2307/1055/1215
f 2308/969/1216 1851/980/1216 2309/1056/1216
f 2309/1056/1217 2306/1050/1217 2308/969/1217
f 2306/1050/1218 1850/964/1218 2308/969/1218
f 1850/964/1219 2306/1050/1219 1848/1051/1219
f 1850/964/1220 1848/1051/1220 1849/965/1220
f 2304/1049/1221 1849/965/1221 1848/1051/1221
f 1849/965/1222 2304/1049/1222 2305/935/1222
f 1845/927/1223 2305/935/1223 2304/1049/1223
f 2305/935/1224 1845/927/1224 1847/930/1224
f 1847/930/1225 1845/927/1225 1846/925/1225
f 2522/1057/1226 2302/1054/1226 2523/1058/1226
f 2307/1055/1227 2523/1058/1227 2302/1054/1227
f 2523/1058/1227 2307/1055/1227 2524/1059/1227
f 2309/1056/1228 2524/1059/1228 2307/1055/1228
f 2524/1059/1228 2309/1056/1228 2525/1060/1228
f 1851/980/1229 2525/1060/1229 2309/1056/1229
f 2525/1060/1229 1851/980/1229 2428/1061/1229
f 1853/979/1230 2428/1061/1230 1851/980/1230
f 2428/1061/1230 1853/979/1230 2427/988/1230
f 2314/985/1106 2427/988/1106 1853/979/1106
f 2291/1062/1231 2288/1063/1231 2287/1064/1231
f 2288/1063/1232 2291/1062/1232 2292/1065/1232
f 2293/1066/1233 2292/1065/1233 2291/1062/1233
f 2292/1065/1234 2293/1066/1234 2294/1067/1234
f 2296/1052/1235 2294/1067/1235 2293/1066/1235
f 2294/1067/1236 2296/1052/1236 2297/1068/1236
f 2296/1052/1237 2301/1053/1237 2297/1068/1237
f 2301/1053/1238 2521/1069/1238 2297/1068/1238
f 2521/1069/1238 2301/1053/1238 2522/1057/1238
f 2302/1054/1226 2522/1057/1226 2301/1053/1226
f 1883/926/1239 1845/927/1239 2298/1070/1239
f 1845/927/1240 2296/1052/1240 2298/1070/1240
f 2293/1066/1241 2298/1070/1241 2296/1052/1241
f 2298/1070/1242 2293/1066/1242 2295/1071/1242
f 2291/1062/1243 2295/1071/1243 2293/1066/1243
f 1883/926/1244 2367/897/1244 1882/898/1244
f 2367/897/1245 1883/926/1245 2299/895/1245
f 2298/1070/1246 2299/895/1246 1883/926/1246
f 2299/895/1247 2298/1070/1247 2295/1071/1247
f 1886/891/1248 2286/894/1248 1895/890/1248
f 2286/894/1249 1886/891/1249 1885/1072/1249
f 1885/1072/1250 2282/1073/1250 2286/894/1250
f 2282/1073/1251 1885/1072/1251 2289/1074/1251
f 2287/1064/1252 2282/1073/1252 2289/1074/1252
f 2289/1074/1253 2291/1062/1253 2287/1064/1253
f 2291/1062/1254 2289/1074/1254 2290/1075/1254
f 2295/1071/1255 2291/1062/1255 2290/1075/1255
f 1884/896/1256 2295/1071/1256 2290/1075/1256
f 2295/1071/1257 1884/896/1257 2299/895/1257
f 1885/1072/1258 2290/1075/1258 2289/1074/1258
f 2290/1075/1259 1885/1072/1259 1884/896/1259
f 1886/891/1260 1884/896/1260 1885/1072/1260
f 2390/1076/1261 1921/880/1261 1923/1077/1261
f 1924/1078/1262 1923/1077/1262 1921/880/1262
f 1921/880/1263 2368/879/1263 1924/1078/1263
f 2368/879/1264 2284/1079/1264 1924/1078/1264
f 2284/1079/1265 2368/879/1265 2285/893/1265
f 2279/1080/1266 2284/1079/1266 2285/893/1266
f 2286/894/1267 2279/1080/1267 2285/893/1267
f 2279/1080/1268 2286/894/1268 2282/1073/1268
f 2280/1081/1269 2279/1080/1269 2282/1073/1269
f 2282/1073/1270 2287/1064/1270 2280/1081/1270
f 2283/1082/1271 1924/1078/1271 2284/1079/1271
f 2283/1082/1272 1843/863/1272 2277/873/1272
f 1843/863/1273 2283/1082/1273 2275/864/1273
f 2284/1079/1274 2275/864/1274 2283/1082/1274
f 2275/864/1275 2284/1079/1275 2278/1083/1275
f 2284/1079/1276 2279/1080/1276 2278/1083/1276
f 2259/1084/1277 2278/1083/1277 2279/1080/1277
f 2279/1080/1278 2280/1081/1278 2259/1084/1278
f 2281/1085/1279 2259/1084/1279 2280/1081/1279
f 2287/1064/1280 2281/1085/1280 2280/1081/1280
f 2281/1085/1281 2287/1064/1281 2288/1063/1281
f 2281/1085/1282 2489/774/1282 1820/773/1282
f 2489/774/1282 2281/1085/1282 2517/1086/1282
f 2288/1063/1283 2517/1086/1283 2281/1085/1283
f 2517/1086/1283 2288/1063/1283 2518/1087/1283
f 2292/1065/1284 2518/1087/1284 2288/1063/1284
f 2518/1087/1284 2292/1065/1284 2519/1088/1284
f 2294/1067/1285 2519/1088/1285 2292/1065/1285
f 2519/1088/1285 2294/1067/1285 2520/1089/1285
f 2297/1068/1286 2520/1089/1286 2294/1067/1286
f 2520/1089/1286 2297/1068/1286 2521/1069/1286
f 1808/1090/1287 1809/1091/1287 1807/1092/1287
f 2250/1093/1288 1807/1092/1288 1809/1091/1288
f 1809/1091/1289 2251/1094/1289 2250/1093/1289
f 2251/1094/1290 2247/1095/1290 2250/1093/1290
f 2247/1095/1291 2251/1094/1291 2248/1096/1291
f 2251/1094/1292 1821/1097/1292 2248/1096/1292
f 1819/1098/1293 2248/1096/1293 1821/1097/1293
f 1821/1097/1294 1820/773/1294 1819/1098/1294
f 1821/1097/1295 2259/1084/1295 1820/773/1295
f 2259/1084/1296 2281/1085/1296 1820/773/1296
f 1809/1091/1297 1808/1090/1297 1810/1099/1297
f 2253/848/1298 1809/1091/1298 1810/1099/1298
f 1809/1091/1299 2253/848/1299 2252/853/1299
f 2251/1094/1300 1809/1091/1300 2252/853/1300
f 2252/853/1301 2256/849/1301 2251/1094/1301
f 1821/1097/1302 2251/1094/1302 2256/849/1302
f 2257/851/1303 1821/1097/1303 2256/849/1303
f 1821/1097/1304 2257/851/1304 2258/1100/1304
f 2275/864/1305 2258/1100/1305 2257/851/1305
f 2258/1100/1306 2275/864/1306 2278/1083/1306
f 2278/1083/1307 2259/1084/1307 2258/1100/1307
f 2259/1084/1308 1821/1097/1308 2258/1100/1308
f 2215/1101/1309 1790/1102/1309 2214/1103/1309
f 1790/1102/1310 2215/1101/1310 1788/1104/1310
f 1790/1102/1311 1788/1104/1311 1789/1105/1311
f 2240/1106/1312 1790/1102/1312 1789/1105/1312
f 1789/1105/1313 2243/1107/1313 2240/1106/1313
f 2243/1107/1314 1808/1090/1314 2240/1106/1314
f 1808/1090/1315 2243/1107/1315 1813/1108/1315
f 1812/837/1316 1808/1090/1316 1813/1108/1316
f 1808/1090/1317 1812/837/1317 1810/1099/1317
f 1812/837/1318 2253/848/1318 1810/1099/1318
f 1779/1109/1319 2229/1110/1319 2215/1101/1319
f 2229/1110/1320 1788/1104/1320 2215/1101/1320
f 1788/1104/1321 2229/1110/1321 1791/1111/1321
f 1791/1111/1322 1789/1105/1322 1788/1104/1322
f 1789/1105/1323 1791/1111/1323 2241/1112/1323
f 2243/1107/1324 1789/1105/1324 2241/1112/1324
f 2241/1112/1325 2244/1113/1325 2243/1107/1325
f 2244/1113/1326 1813/1108/1326 2243/1107/1326
f 1813/1108/1327 2244/1113/1327 1811/838/1327
f 1813/1108/1328 1811/838/1328 1812/837/1328
f 2229/1110/1329 1782/1114/1329 1791/1111/1329
f 1792/1115/1330 1791/1111/1330 1782/1114/1330
f 2242/1116/1331 1791/1111/1331 1792/1115/1331
f 1791/1111/1332 2242/1116/1332 2241/1112/1332
f 2244/1113/1333 2241/1112/1333 2242/1116/1333
f 1795/1117/1334 2244/1113/1334 2242/1116/1334
f 1792/1115/1335 1795/1117/1335 2242/1116/1335
f 1795/1117/1336 1792/1115/1336 1818/1118/1336
f 1782/1114/1337 1818/1118/1337 1792/1115/1337
f 1818/1118/1338 1782/1114/1338 1839/1119/1338
f 1818/1118/1339 1816/1120/1339 1795/1117/1339
f 1818/1118/1340 2264/831/1340 1816/1120/1340
f 2264/831/1341 1818/1118/1341 1840/829/1341
f 1840/829/1342 1818/1118/1342 1839/1119/1342
f 2231/830/1343 1840/829/1343 1839/1119/1343
f 1839/1119/1344 1784/1121/1344 2231/830/1344
f 1784/1121/1345 1839/1119/1345 1782/1114/1345
f 1784/1121/1346 1782/1114/1346 1783/1122/1346
f 1782/1114/1347 2229/1110/1347 1783/1122/1347
f 1781/1123/1348 1783/1122/1348 2229/1110/1348
f 2229/1110/1349 1779/1109/1349 1781/1123/1349
f 1783/1122/1350 1781/1123/1350 1784/1121/1350
f 2218/1124/1351 2223/1125/1351 2224/1126/1351
f 2224/1126/1352 2225/1127/1352 2218/1124/1352
f 2225/1127/1353 1779/1109/1353 2218/1124/1353
f 1779/1109/1354 2225/1127/1354 1780/1128/1354
f 1779/1109/1355 1780/1128/1355 1781/1123/1355
f 1786/1129/1356 1781/1123/1356 1780/1128/1356
f 1781/1123/1357 1786/1129/1357 1784/1121/1357
f 2230/828/1358 1784/1121/1358 1786/1129/1358
f 1784/1121/1359 2230/828/1359 2231/830/1359
f 2230/828/1360 1841/823/1360 2231/830/1360
f 2225/1127/1361 1786/1129/1361 1780/1128/1361
f 2225/1127/1362 2224/1126/1362 2226/1130/1362
f 2227/1131/1363 2225/1127/1363 2226/1130/1363
f 2225/1127/1364 2227/1131/1364 2228/1132/1364
f 2227/1131/1365 1785/1133/1365 2228/1132/1365
f 1785/1133/1366 2225/1127/1366 2228/1132/1366
f 2225/1127/1367 1785/1133/1367 1787/1134/1367
f 1786/1129/1368 2225/1127/1368 1787/1134/1368
f 1787/1134/1369 1785/1133/1369 1786/1129/1369
f 1785/1133/1370 2230/828/1370 1786/1129/1370
f 2230/828/1371 1785/1133/1371 2232/1135/1371
f 2235/827/1372 2230/828/1372 2232/1135/1372
f 2232/1135/1373 2237/1136/1373 2235/827/1373
f 2237/1136/1374 2232/1135/1374 2234/1137/1374
f 1785/1133/1375 2234/1137/1375 2232/1135/1375
f 2234/1137/1376 1785/1133/1376 2233/1138/1376
f 1785/1133/1377 2227/1131/1377 2233/1138/1377
f 2507/826/885 2235/827/885 2506/1139/885
f 2237/1136/1378 2506/1139/1378 2235/827/1378
f 2506/1139/1378 2237/1136/1378 2508/1140/1378
f 2234/1137/1379 2508/1140/1379 2237/1136/1379
f 2508/1140/1379 2234/1137/1379 2505/1141/1379
f 2233/1138/1379 2505/1141/1379 2234/1137/1379
f 2505/1141/1379 2233/1138/1379 2504/1142/1379
f 2227/1131/1380 2504/1142/1380 2233/1138/1380
f 2504/1142/1380 2227/1131/1380 2503/1143/1380
f 2226/1130/1381 2503/1143/1381 2227/1131/1381
f 2503/1143/1381 2226/1130/1381 2502/1144/1381
f 2224/1126/1382 2502/1144/1382 2226/1130/1382
f 2502/1144/1382 2224/1126/1382 2501/1145/1382
f 2223/1125/1383 2501/1145/1383 2224/1126/1383
f 2501/1145/1383 2223/1125/1383 2500/1146/1383
f 2222/1147/1384 2500/1146/1384 2223/1125/1384
f 2500/1146/1384 2222/1147/1384 2499/1148/1384
f 2220/1149/1385 2499/1148/1385 2222/1147/1385
f 2499/1148/1385 2220/1149/1385 2498/1150/1385
f 2221/1151/1386 2498/1150/1386 2220/1149/1386
f 2193/1152/1387 1754/1153/1387 2192/1154/1387
f 2192/1154/1388 2201/1155/1388 2193/1152/1388
f 2201/1155/1389 2192/1154/1389 2202/1156/1389
f 2219/1157/1390 2201/1155/1390 2202/1156/1390
f 2202/1156/1391 2220/1149/1391 2219/1157/1391
f 2220/1149/1392 2216/1158/1392 2219/1157/1392
f 2216/1158/1393 2220/1149/1393 2222/1147/1393
f 2223/1125/1394 2216/1158/1394 2222/1147/1394
f 2216/1158/1395 2223/1125/1395 2217/1159/1395
f 2223/1125/1396 2218/1124/1396 2217/1159/1396
f 2216/1158/1397 2209/1160/1397 2219/1157/1397
f 2201/1155/1398 2219/1157/1398 2209/1160/1398
f 2208/1161/1399 2201/1155/1399 2209/1160/1399
f 2201/1155/1400 2208/1161/1400 2200/1162/1400
f 2200/1162/1401 2193/1152/1401 2201/1155/1401
f 2193/1152/1402 2200/1162/1402 2196/579/1402
f 2196/579/1403 2181/1163/1403 2193/1152/1403
f 2181/1163/1404 2196/579/1404 2194/577/1404
f 2194/577/1405 2180/585/1405 2181/1163/1405
f 2180/585/1406 2194/577/1406 2195/576/1406
f 2209/1160/1407 2212/1164/1407 2208/1161/1407
f 2212/1164/1408 2209/1160/1408 2213/1165/1408
f 2218/1124/1409 1777/1166/1409 2217/1159/1409
f 1777/1166/1410 2218/1124/1410 1779/1109/1410
f 1779/1109/1411 1778/1167/1411 1777/1166/1411
f 1778/1167/1412 1776/1168/1412 1777/1166/1412
f 1778/1167/1413 2212/1164/1413 1776/1168/1413
f 2212/1164/1414 1777/1166/1414 1776/1168/1414
f 1777/1166/1415 2212/1164/1415 2213/1165/1415
f 2213/1165/1416 2217/1159/1416 1777/1166/1416
f 2217/1159/1417 2213/1165/1417 2216/1158/1417
f 2209/1160/1418 2216/1158/1418 2213/1165/1418
f 2200/1162/1419 1765/580/1419 2196/579/1419
f 1765/580/1420 2200/1162/1420 1763/1169/1420
f 2208/1161/1421 1763/1169/1421 2200/1162/1421
f 1763/1169/1422 2208/1161/1422 2207/1170/1422
f 2212/1164/1423 2207/1170/1423 2208/1161/1423
f 2207/1170/1424 2212/1164/1424 2210/1171/1424
f 2212/1164/1425 1778/1167/1425 2210/1171/1425
f 2214/1103/1426 2210/1171/1426 1778/1167/1426
f 1779/1109/1427 2214/1103/1427 1778/1167/1427
f 2214/1103/1428 1779/1109/1428 2215/1101/1428
f 2210/1171/1429 2206/1172/1429 2207/1170/1429
f 2206/1172/1430 2210/1171/1430 2211/1173/1430
f 2210/1171/1431 2214/1103/1431 2211/1173/1431
f 2214/1103/1432 1775/1174/1432 2211/1173/1432
f 1775/1174/1433 2214/1103/1433 1790/1102/1433
f 2238/1175/1434 1775/1174/1434 1790/1102/1434
f 1790/1102/1435 2240/1106/1435 2238/1175/1435
f 2240/1106/1436 1806/1176/1436 2238/1175/1436
f 1806/1176/1437 2240/1106/1437 1808/1090/1437
f 1808/1090/1438 1807/1092/1438 1806/1176/1438
f 1775/1174/1439 2206/1172/1439 2211/1173/1439
f 1772/1177/1440 1775/1174/1440 2239/1178/1440
f 1775/1174/1441 2238/1175/1441 2239/1178/1441
f 2238/1175/1442 1804/1179/1442 2239/1178/1442
f 1804/1179/1443 2238/1175/1443 1806/1176/1443
f 1807/1092/1444 1804/1179/1444 1806/1176/1444
f 2249/1180/1445 1804/1179/1445 1807/1092/1445
f 1807/1092/1446 2250/1093/1446 2249/1180/1446
f 2247/1095/1447 2249/1180/1447 2250/1093/1447
f 1804/1179/1448 1772/1177/1448 2239/1178/1448
f 1800/1181/1449 2248/1096/1449 1801/1182/1449
f 2248/1096/1450 1800/1181/1450 2247/1095/1450
f 1800/1181/1451 2246/1183/1451 2247/1095/1451
f 2249/1180/1452 2247/1095/1452 2246/1183/1452
f 2246/1183/1453 1805/1184/1453 2249/1180/1453
f 1804/1179/1454 2249/1180/1454 1805/1184/1454
f 1805/1184/1455 1803/1185/1455 1804/1179/1455
f 1772/1177/1456 1804/1179/1456 1803/1185/1456
f 1772/1177/1457 1803/1185/1457 1796/1186/1457
f 1766/1187/1458 1772/1177/1458 1796/1186/1458
f 2245/1188/1459 1803/1185/1459 1805/1184/1459
f 1805/1184/1460 2246/1183/1460 2245/1188/1460
f 2116/1189/1461 2245/1188/1461 2246/1183/1461
f 2246/1183/1462 1800/1181/1462 2116/1189/1462
f 1802/1190/1463 2116/1189/1463 1800/1181/1463
f 1802/1190/1464 1800/1181/1464 1801/1182/1464
f 2116/1189/1465 1802/1190/1465 1724/1191/1465
f 2108/1192/1466 1802/1190/1466 2111/1193/1466
f 2485/1194/1467 2106/1195/1467 2486/1196/1467
f 2108/1192/1468 2486/1196/1468 2106/1195/1468
f 2486/1196/1468 2108/1192/1468 2487/1197/1468
f 2111/1193/1469 2487/1197/1469 2108/1192/1469
f 2487/1197/1469 2111/1193/1469 2488/772/1469
f 1820/773/837 2488/772/837 2111/1193/837
f 1802/1190/1470 1820/773/1470 2111/1193/1470
f 1820/773/1471 1802/1190/1471 1819/1098/1471
f 1802/1190/1472 1801/1182/1472 1819/1098/1472
f 2248/1096/1473 1819/1098/1473 1801/1182/1473
f 2106/1195/1474 1718/1198/1474 1717/1199/1474
f 1717/1199/1475 2108/1192/1475 2106/1195/1475
f 2108/1192/1476 1717/1199/1476 2109/1200/1476
f 1802/1190/1477 2108/1192/1477 2109/1200/1477
f 2110/1201/1478 1802/1190/1478 2109/1200/1478
f 1802/1190/1479 2110/1201/1479 1724/1191/1479
f 2115/1202/1480 1724/1191/1480 2110/1201/1480
f 1724/1191/1481 2115/1202/1481 1722/1203/1481
f 2115/1202/1482 2120/1204/1482 1722/1203/1482
f 2121/1205/1483 1722/1203/1483 2120/1204/1483
f 2110/1201/1484 2107/1206/1484 2115/1202/1484
f 2107/1206/1485 2110/1201/1485 1716/1207/1485
f 2109/1200/1486 1716/1207/1486 2110/1201/1486
f 1716/1207/1487 2109/1200/1487 1717/1199/1487
f 1718/1198/1488 1716/1207/1488 1717/1199/1488
f 2105/1208/1489 1716/1207/1489 1718/1198/1489
f 2101/1209/1490 2105/1208/1490 1718/1198/1490
f 1716/1207/1491 2105/1208/1491 2107/1206/1491
f 2107/1206/1492 2114/1210/1492 2118/1211/1492
f 2114/1210/1493 2107/1206/1493 2105/1208/1493
f 2103/1212/1494 2114/1210/1494 2105/1208/1494
f 2105/1208/1495 2101/1209/1495 2103/1212/1495
f 2101/1209/1496 1721/1213/1496 2103/1212/1496
f 1721/1213/1497 2101/1209/1497 2083/1214/1497
f 2083/1214/1498 1719/1215/1498 1721/1213/1498
f 1719/1215/1499 2083/1214/1499 1713/1216/1499
f 1713/1216/1500 2089/1217/1500 1719/1215/1500
f 2089/1217/1501 1713/1216/1501 1715/1218/1501
f 1715/1218/1502 1713/1216/1502 1714/1219/1502
f 1710/1220/1503 1715/1218/1503 1714/1219/1503
f 1715/1218/1504 1710/1220/1504 1712/1221/1504
f 1712/1221/1505 1710/1220/1505 1711/1222/1505
f 1715/1218/1506 2088/1223/1506 2089/1217/1506
f 2088/1223/1507 1715/1218/1507 2087/1224/1507
f 1712/1221/1508 2087/1224/1508 1715/1218/1508
f 2087/1224/1509 1712/1221/1509 2078/1225/1509
f 1711/1222/1510 2078/1225/1510 1712/1221/1510
f 2078/1225/1511 1711/1222/1511 2077/479/1511
f 2079/480/1512 2077/479/1512 1711/1222/1512
f 1710/1220/1513 2079/480/1513 1711/1222/1513
f 2079/480/1514 1710/1220/1514 2080/482/1514
f 1714/1219/1515 2080/482/1515 1710/1220/1515
f 2077/479/1516 2075/478/1516 2078/1225/1516
f 2085/486/1517 2078/1225/1517 2075/478/1517
f 2078/1225/1518 2085/486/1518 2087/1224/1518
f 2086/485/1519 2087/1224/1519 2085/486/1519
f 2087/1224/1520 2086/485/1520 2088/1223/1520
f 2090/494/1521 2088/1223/1521 2086/485/1521
f 2088/1223/1522 2090/494/1522 2091/1226/1522
f 2093/499/1523 2091/1226/1523 2090/494/1523
f 2091/1226/1524 2093/499/1524 2094/524/1524
f 2100/504/1525 2094/524/1525 2093/499/1525
f 1731/1227/1526 2135/527/1526 1732/1228/1526
f 2135/527/1527 1731/1227/1527 2130/526/1527
f 1731/1227/1528 2098/1229/1528 2130/526/1528
f 2097/525/1529 2130/526/1529 2098/1229/1529
f 2095/1230/1530 2097/525/1530 2098/1229/1530
f 2097/525/1531 2095/1230/1531 2094/524/1531
f 2092/1231/1532 2094/524/1532 2095/1230/1532
f 2094/524/1533 2092/1231/1533 2091/1226/1533
f 2089/1217/1534 2091/1226/1534 2092/1231/1534
f 2091/1226/1535 2089/1217/1535 2088/1223/1535
f 2095/1230/1536 1720/1232/1536 2092/1231/1536
f 1726/1233/1537 1731/1227/1537 1732/1228/1537
f 1726/1233/1538 2099/1234/1538 1731/1227/1538
f 2098/1229/1539 1731/1227/1539 2099/1234/1539
f 2099/1234/1540 2095/1230/1540 2098/1229/1540
f 2095/1230/1541 2099/1234/1541 2096/1235/1541
f 1720/1232/1542 2095/1230/1542 2096/1235/1542
f 2096/1235/1543 1721/1213/1543 1720/1232/1543
f 1721/1213/1544 1719/1215/1544 1720/1232/1544
f 1719/1215/1545 2092/1231/1545 1720/1232/1545
f 2092/1231/1546 1719/1215/1546 2089/1217/1546
f 1727/1236/1547 1725/1237/1547 1726/1233/1547
f 2113/1238/1548 1725/1237/1548 1727/1236/1548
f 1727/1236/1549 2114/1210/1549 2113/1238/1549
f 2114/1210/1550 2103/1212/1550 2113/1238/1550
f 2103/1212/1551 2112/1239/1551 2113/1238/1551
f 2112/1239/1552 2103/1212/1552 1721/1213/1552
f 1721/1213/1553 2096/1235/1553 2112/1239/1553
f 2099/1234/1554 2112/1239/1554 2096/1235/1554
f 2112/1239/1555 2099/1234/1555 1725/1237/1555
f 2099/1234/1556 1726/1233/1556 1725/1237/1556
f 1725/1237/1557 2113/1238/1557 2112/1239/1557
f 2114/1210/1558 1727/1236/1558 2122/1240/1558
f 2118/1211/1559 2124/1241/1559 2119/1242/1559
f 2124/1241/1560 2118/1211/1560 2123/1243/1560
f 2114/1210/1561 2123/1243/1561 2118/1211/1561
f 2123/1243/1562 2114/1210/1562 2122/1240/1562
f 2131/1244/1563 2123/1243/1563 2122/1240/1563
f 2122/1240/1564 1730/1245/1564 2131/1244/1564
f 1730/1245/1565 2122/1240/1565 1727/1236/1565
f 1727/1236/1566 1728/1246/1566 1730/1245/1566
f 1728/1246/1567 1727/1236/1567 1726/1233/1567
f 1732/1228/1568 1728/1246/1568 1726/1233/1568
f 2141/1247/1569 1728/1246/1569 1732/1228/1569
f 1728/1246/1570 2141/1247/1570 1729/1248/1570
f 1730/1245/1571 1728/1246/1571 1729/1248/1571
f 2133/1249/1572 2182/1250/1572 2131/1244/1572
f 2131/1244/1573 2132/1251/1573 2133/1249/1573
f 2132/1251/1574 2131/1244/1574 1730/1245/1574
f 1730/1245/1575 2134/538/1575 2132/1251/1575
f 2134/538/1576 1730/1245/1576 1729/1248/1576
f 1729/1248/1577 2142/531/1577 2134/538/1577
f 2142/531/1578 1729/1248/1578 2141/1247/1578
f 2140/528/1579 2142/531/1579 2141/1247/1579
f 1732/1228/1580 2140/528/1580 2141/1247/1580
f 2140/528/1581 1732/1228/1581 2135/527/1581
f 2583/539/1582 2132/1251/1582 2134/538/1582
f 2132/1251/1583 2583/539/1583 2581/1252/1583
f 2581/1252/1584 2133/1249/1584 2132/1251/1584
f 2133/1249/1585 2581/1252/1585 2582/1253/1585
f 2582/1253/1586 2183/1254/1586 2133/1249/1586
f 2183/1254/1587 2582/1253/1587 2587/1255/1587
f 2587/1255/1588 2186/1256/1588 2183/1254/1588
f 2186/1256/1589 2587/1255/1589 2588/561/1589
f 2588/561/1590 2205/566/1590 2186/1256/1590
f 2205/566/1591 2588/561/1591 2595/560/1591
f 2601/547/1592 2583/539/1592 2584/537/1592
f 2583/539/1593 2601/547/1593 2600/551/1593
f 2600/551/1594 2581/1252/1594 2583/539/1594
f 2581/1252/1595 2600/551/1595 2598/552/1595
f 2598/552/1596 2582/1253/1596 2581/1252/1596
f 2582/1253/1597 2598/552/1597 2599/553/1597
f 2599/553/1598 2587/1255/1598 2582/1253/1598
f 2587/1255/1599 2599/553/1599 2604/557/1599
f 2604/557/1600 2588/561/1600 2587/1255/1600
f 2588/561/1601 2604/557/1601 2605/558/1601
f 2314/985/1602 2317/984/1602 2321/990/1602
f 1898/1257/1603 1896/892/1603 1897/885/1603
f 1896/892/1604 1898/1257/1604 1902/1258/1604
f 1903/1259/1605 1896/892/1605 1902/1258/1605
f 1902/1258/1606 2361/907/1606 1903/1259/1606
f 2361/907/1607 1889/906/1607 1903/1259/1607
f 1889/906/1608 1896/892/1608 1903/1259/1608
f 1896/892/1609 1889/906/1609 2369/901/1609
f 2373/886/1610 1896/892/1610 2369/901/1610
f 2369/901/1611 1892/887/1611 2373/886/1611
f 2375/1260/1612 2379/919/1612 2376/911/1612
f 2376/911/1613 2363/909/1613 2375/1260/1613
f 2366/1261/1614 2375/1260/1614 2363/909/1614
f 2361/907/1615 2366/1261/1615 2363/909/1615
f 2366/1261/1616 2361/907/1616 2365/1262/1616
f 2361/907/1617 1902/1258/1617 2365/1262/1617
f 1902/1258/1618 1919/1263/1618 2365/1262/1618
f 1919/1263/1619 1902/1258/1619 1898/1257/1619
f 1919/1263/1620 1898/1257/1620 1918/866/1620
f 1897/885/1621 1918/866/1621 1898/1257/1621
f 2365/1262/1622 1911/1264/1622 2366/1261/1622
f 1911/1264/1623 2365/1262/1623 1919/1263/1623
f 1908/1265/1624 2375/1260/1624 2377/1266/1624
f 2375/1260/1625 2366/1261/1625 2377/1266/1625
f 2366/1261/1626 1913/1267/1626 2377/1266/1626
f 1913/1267/1627 2366/1261/1627 1911/1264/1627
f 1913/1267/1627 1911/1264/1627 1912/1268/1627
f 1919/1263/1628 1912/1268/1628 1911/1264/1628
f 1912/1268/1629 1919/1263/1629 2388/1269/1629
f 1918/866/1630 2388/1269/1630 1919/1263/1630
f 2388/1269/1631 1918/866/1631 2389/1270/1631
f 1918/866/1632 1917/865/1632 2389/1270/1632
f 1910/1271/1633 1908/1265/1633 1909/1272/1633
f 2377/1266/1634 1909/1272/1634 1908/1265/1634
f 1909/1272/1635 2377/1266/1635 1913/1267/1635
f 2441/1273/1636 1909/1272/1636 2440/1274/1636
f 1913/1267/1637 2440/1274/1637 1909/1272/1637
f 2440/1274/1637 1913/1267/1637 2443/1275/1637
f 1912/1268/1638 2443/1275/1638 1913/1267/1638
f 2443/1275/1638 1912/1268/1638 2442/1276/1638
f 2388/1269/1639 2442/1276/1639 1912/1268/1639
f 2442/1276/1639 2388/1269/1639 2565/1277/1639
f 2389/1270/1640 2565/1277/1640 2388/1269/1640
f 2565/1277/1640 2389/1270/1640 2567/1278/1640
f 1917/865/1641 2567/1278/1641 2389/1270/1641
f 2567/1278/1641 1917/865/1641 2566/1279/1641
f 2392/1046/1642 2566/1279/1642 1917/865/1642
f 2566/1279/1642 2392/1046/1642 2568/1280/1642
f 2393/780/1643 2568/1280/1643 2392/1046/1643
f 2568/1280/1643 2393/780/1643 2569/1281/1643
f 2395/779/1644 2569/1281/1644 2393/780/1644
f 2569/1281/1644 2395/779/1644 2571/1282/1644
f 2396/777/1645 2571/1282/1645 2395/779/1645
f 2571/1282/1645 2396/777/1645 2572/787/1645
f 2399/776/849 2572/787/849 2396/777/849
f 1723/1283/1646 1797/1284/1646 2117/1285/1646
f 1724/1191/1647 1722/1203/1647 1723/1283/1647
f 2117/1285/1648 1724/1191/1648 1723/1283/1648
f 1724/1191/1649 2117/1285/1649 2116/1189/1649
f 2245/1188/1650 2116/1189/1650 2117/1285/1650
f 2117/1285/1651 1799/1286/1651 2245/1188/1651
f 1799/1286/1652 2117/1285/1652 1797/1284/1652
f 1799/1286/1653 1797/1284/1653 1798/1287/1653
f 1797/1284/1654 2126/1288/1654 1798/1287/1654
f 2126/1288/1655 1797/1284/1655 2121/1205/1655
f 1797/1284/1656 1723/1283/1656 2121/1205/1656
f 1722/1203/1657 2121/1205/1657 1723/1283/1657
f 2125/1289/1658 2121/1205/1658 2120/1204/1658
f 2121/1205/1659 2125/1289/1659 2126/1288/1659
f 2185/1290/1660 2126/1288/1660 2125/1289/1660
f 2126/1288/1661 2185/1290/1661 1769/1291/1661
f 1769/1291/1662 1798/1287/1662 2126/1288/1662
f 1798/1287/1663 1769/1291/1663 1767/1292/1663
f 1767/1292/1664 1799/1286/1664 1798/1287/1664
f 1799/1286/1665 1767/1292/1665 1796/1186/1665
f 1803/1185/1666 1799/1286/1666 1796/1186/1666
f 1803/1185/1667 2245/1188/1667 1799/1286/1667
f 1796/1186/1668 1767/1292/1668 1766/1187/1668
f 1768/572/1669 1766/1187/1669 1767/1292/1669
f 1768/572/1670 1767/1292/1670 1769/1291/1670
f 1769/1291/1671 2205/566/1671 1768/572/1671
f 2205/566/1672 1769/1291/1672 2185/1290/1672
f 2205/566/1673 2185/1290/1673 2186/1256/1673
f 2186/1256/1674 2185/1290/1674 2184/1293/1674
f 2184/1293/1675 2183/1254/1675 2186/1256/1675
f 2183/1254/1676 2184/1293/1676 2182/1250/1676
f 2182/1250/1677 2133/1249/1677 2183/1254/1677
f 2123/1243/1678 2131/1244/1678 2182/1250/1678
f 2184/1293/1679 2123/1243/1679 2182/1250/1679
f 2123/1243/1680 2184/1293/1680 2124/1241/1680
f 2185/1290/1681 2124/1241/1681 2184/1293/1681
f 2124/1241/1682 2185/1290/1682 2125/1289/1682
f 2125/1289/1683 2119/1242/1683 2124/1241/1683
f 2119/1242/1684 2125/1289/1684 2120/1204/1684
f 2120/1204/1685 2115/1202/1685 2119/1242/1685
f 2115/1202/1686 2118/1211/1686 2119/1242/1686
f 2118/1211/1687 2115/1202/1687 2107/1206/1687
f 2012/1294/1688 1675/1295/1688 2013/689/1688
f 2013/689/1689 1958/1296/1689 2012/1294/1689
f 1955/1297/1690 2012/1294/1690 1958/1296/1690
f 1955/1297/1691 1953/646/1691 1956/644/1691
f 1956/644/1692 1674/649/1692 1955/1297/1692
f 2012/1294/1693 1955/1297/1693 1674/649/1693
f 1674/649/1694 2015/653/1694 2012/1294/1694
f 1675/1295/1695 2012/1294/1695 2015/653/1695
f 2015/653/1696 1676/655/1696 1675/1295/1696
f 1677/657/1697 1675/1295/1697 1676/655/1697
f 1677/657/1698 2013/689/1698 1675/1295/1698
f 2013/689/1699 1677/657/1699 1681/687/1699
f 1682/678/1699 1681/687/1699 1677/657/1699
f 2013/689/1700 2011/688/1700 1962/692/1700
f 1958/1296/1701 2013/689/1701 1962/692/1701
f 1961/694/1702 1958/1296/1702 1962/692/1702
f 1958/1296/1703 1961/694/1703 1957/698/1703
f 1957/698/1704 1955/1297/1704 1958/1296/1704
f 1955/1297/1705 1957/698/1705 1954/706/1705
f 1953/646/1706 1955/1297/1706 1954/706/1706
f 1954/706/1707 1951/648/1707 1953/646/1707
f 1951/648/1708 1954/706/1708 1952/705/1708
f 1952/705/1709 1949/707/1709 1951/648/1709
f 2450/647/591 1951/648/591 2449/1298/591
f 1949/707/1710 2449/1298/1710 1951/648/1710
f 2449/1298/1710 1949/707/1710 2448/1299/1710
f 1947/708/1711 2448/1299/1711 1949/707/1711
f 2448/1299/1711 1947/708/1711 2447/1300/1711
f 1943/709/1712 2447/1300/1712 1947/708/1712
f 2447/1300/1712 1943/709/1712 2446/1301/1712
f 1940/710/1713 2446/1301/1713 1943/709/1713
f 2446/1301/1713 1940/710/1713 2445/1302/1713
f 1939/713/1714 2445/1302/1714 1940/710/1714
f 2445/1302/1715 1939/713/1715 2444/1303/1715
f 1639/714/1716 2444/1303/1716 1939/713/1716
f 2444/1303/1716 1639/714/1716 2406/1304/1716
f 1641/715/1717 2406/1304/1717 1639/714/1717
f 2406/1304/1717 1641/715/1717 2405/1305/1717
f 1644/1306/1718 2405/1305/1718 1641/715/1718
f 2405/1305/1718 1644/1306/1718 2407/1307/1718
f 1988/1308/1719 2407/1307/1719 1644/1306/1719
f 2407/1307/1719 1988/1308/1719 2456/739/1719
f 1986/738/768 2456/739/768 1988/1308/768
f 1654/1309/1720 1652/727/1720 1653/736/1720
f 1989/726/1721 1652/727/1721 1654/1309/1721
f 1654/1309/1722 1657/1310/1722 1989/726/1722
f 1656/725/1723 1989/726/1723 1657/1310/1723
f 1657/1310/1724 1643/1311/1724 1656/725/1724
f 1641/715/1725 1656/725/1725 1643/1311/1725
f 1641/715/1726 1643/1311/1726 1644/1306/1726
f 1657/1310/1727 1644/1306/1727 1643/1311/1727
f 1644/1306/1728 1657/1310/1728 1988/1308/1728
f 1657/1310/1729 1986/738/1729 1988/1308/1729
f 1986/738/1730 1657/1310/1730 1655/1312/1730
f 1653/736/1731 1986/738/1731 1655/1312/1731
f 1653/736/1732 1655/1312/1732 1654/1309/1732
f 1657/1310/1733 1654/1309/1733 1655/1312/1733
f 1752/1313/1734 1744/1314/1734 1755/1315/1734
f 1754/1153/1735 2193/1152/1735 2181/1163/1735
f 2180/585/1736 1754/1153/1736 2181/1163/1736
f 1754/1153/1737 2180/585/1737 1752/1313/1737
f 1745/584/1738 1752/1313/1738 2180/585/1738
f 1752/1313/1739 1745/584/1739 1744/1314/1739
f 1746/583/1740 1744/1314/1740 1745/584/1740
f 1746/583/1741 1755/1315/1741 1744/1314/1741
f 1755/1315/1742 1746/583/1742 2174/586/1742
f 2174/586/1743 2177/591/1743 1755/1315/1743
f 1753/1316/1744 1755/1315/1744 2177/591/1744
f 1755/1315/1745 1753/1316/1745 1752/1313/1745
f 1754/1153/1746 1752/1313/1746 1753/1316/1746
f 1751/593/1747 1753/1316/1747 2177/591/1747
f 1753/1316/1748 1751/593/1748 1750/1317/1748
f 1750/1317/1749 1754/1153/1749 1753/1316/1749
f 1754/1153/1750 1750/1317/1750 2178/1318/1750
f 2178/1318/1751 2192/1154/1751 1754/1153/1751
f 2192/1154/1752 2178/1318/1752 2190/1319/1752
f 2190/1319/1753 2202/1156/1753 2192/1154/1753
f 2202/1156/1754 2190/1319/1754 2203/1320/1754
f 2220/1149/1755 2202/1156/1755 2203/1320/1755
f 2204/1321/1756 2220/1149/1756 2203/1320/1756
f 2220/1149/1757 2204/1321/1757 2221/1151/1757
f 1751/593/1758 1749/1322/1758 1750/1317/1758
f 1749/1322/1759 2178/1318/1759 1750/1317/1759
f 2178/1318/1760 1749/1322/1760 2179/1323/1760
f 2179/1323/1761 2190/1319/1761 2178/1318/1761
f 2190/1319/1762 2179/1323/1762 2191/1324/1762
f 2204/1321/1763 2190/1319/1763 2191/1324/1763
f 2190/1319/1764 2204/1321/1764 2203/1320/1764
f 2498/1150/1386 2221/1151/1386 2497/1325/1386
f 2204/1321/1765 2497/1325/1765 2221/1151/1765
f 2497/1325/1765 2204/1321/1765 2496/1326/1765
f 2191/1324/1766 2496/1326/1766 2204/1321/1766
f 2496/1326/1766 2191/1324/1766 2495/1327/1766
f 2179/1323/1767 2495/1327/1767 2191/1324/1767
f 2495/1327/1767 2179/1323/1767 2494/1328/1767
f 1749/1322/1768 2494/1328/1768 2179/1323/1768
f 2494/1328/1768 1749/1322/1768 2422/1329/1768
f 1751/593/1769 2422/1329/1769 1749/1322/1769
f 2422/1329/1770 1751/593/1770 2421/1330/1770
f 1748/592/1771 2421/1330/1771 1751/593/1771
f 2421/1330/1771 1748/592/1771 2420/1331/1771
f 1747/1332/1772 2420/1331/1772 1748/592/1772
f 2420/1331/1772 1747/1332/1772 2419/1333/1772
f 1743/595/1773 2419/1333/1773 1747/1332/1773
f 2419/1333/1773 1743/595/1773 2418/1334/1773
f 1739/626/1774 2418/1334/1774 1743/595/1774
f 2418/1334/1774 1739/626/1774 2417/633/1774
f 1741/627/1775 2417/633/1775 1739/626/1775
f 1743/595/1776 1747/1332/1776 1748/592/1776
f 1584/1335/1777 1582/1336/1777 1600/1337/1777
f 1568/1338/1778 1567/1339/1778 1584/1335/1778
f 1582/1336/1778 1584/1335/1778 1567/1339/1778
f 1567/1339/1779 1566/1340/1779 1582/1336/1779
f 1583/1341/1780 1582/1336/1780 1566/1340/1780
f 1582/1336/1781 1583/1341/1781 1599/1342/1781
f 1599/1342/1777 1600/1337/1777 1582/1336/1777
f 1600/1337/1782 1599/1342/1782 1173/1343/1782
f 1581/1344/1783 1583/1341/1783 1565/1345/1783
f 1566/1340/1784 1565/1345/1784 1583/1341/1784
f 1565/1345/1785 1566/1340/1785 1550/1346/1785
f 1550/1346/1786 1566/1340/1786 1551/1347/1786
f 1551/1347/1787 1566/1340/1787 1567/1339/1787
f 1551/1347/1788 1567/1339/1788 1552/1348/1788
f 1552/1348/1788 1567/1339/1788 1568/1338/1788
f 1568/1338/1789 1573/1349/1789 1552/1348/1789
f 1584/1335/1790 1573/1349/1790 1568/1338/1790
f 1584/1335/1790 1589/1350/1790 1573/1349/1790
f 1600/1337/1791 1589/1350/1791 1584/1335/1791
f 1600/1337/1791 1605/1351/1791 1589/1350/1791
f 1174/1352/1792 1605/1351/1792 1600/1337/1792
f 1173/1343/1793 1184/1353/1793 1605/1351/1793
f 1184/1353/1794 1174/1352/1794 1183/1354/1794
f 1205/1355/1795 1204/1356/1795 1183/1354/1795
f 1182/1357/1795 1183/1354/1795 1204/1356/1795
f 1183/1354/1796 1182/1357/1796 1184/1353/1796
f 1181/1358/1796 1184/1353/1796 1182/1357/1796
f 1184/1353/1797 1181/1358/1797 1604/1359/1797
f 1184/1353/1798 1604/1359/1798 1605/1351/1798
f 1605/1351/1799 1604/1359/1799 1588/1360/1799
f 1605/1351/1800 1588/1360/1800 1589/1350/1800
f 1589/1350/1801 1588/1360/1801 1572/1361/1801
f 1589/1350/1802 1572/1361/1802 1573/1349/1802
f 1587/1362/1803 1588/1360/1803 1604/1359/1803
f 1604/1359/1804 1602/1363/1804 1587/1362/1804
f 1602/1363/1805 1604/1359/1805 1181/1358/1805
f 1181/1358/1806 1177/1364/1806 1602/1363/1806
f 1177/1364/1807 1181/1358/1807 1180/1365/1807
f 1182/1357/1808 1180/1365/1808 1181/1358/1808
f 1180/1365/1809 1182/1357/1809 1203/1366/1809
f 1204/1356/1810 1203/1366/1810 1182/1357/1810
f 1203/1366/1811 1204/1356/1811 1219/1367/1811
f 1220/1368/1812 1219/1367/1812 1204/1356/1812
f 1204/1356/1813 1205/1355/1813 1220/1368/1813
f 1221/1369/1814 1220/1368/1814 1205/1355/1814
f 1246/1370/1815 1248/1371/1815 1230/1372/1815
f 1232/1373/1815 1230/1372/1815 1248/1371/1815
f 1237/1374/1816 1232/1373/1816 1248/1371/1816
f 1237/1374/1817 1221/1369/1817 1232/1373/1817
f 1220/1368/1818 1221/1369/1818 1237/1374/1818
f 1236/1375/1818 1220/1368/1818 1237/1374/1818
f 1219/1367/1819 1220/1368/1819 1236/1375/1819
f 1235/1376/1820 1219/1367/1820 1236/1375/1820
f 1235/1376/1821 1236/1375/1821 1252/1377/1821
f 1251/1378/1822 1235/1376/1822 1252/1377/1822
f 1262/1379/1823 1264/1380/1823 1246/1370/1823
f 1248/1371/1824 1246/1370/1824 1264/1380/1824
f 1253/1381/1825 1248/1371/1825 1264/1380/1825
f 1253/1381/1816 1237/1374/1816 1248/1371/1816
f 1236/1375/1826 1237/1374/1826 1253/1381/1826
f 1252/1377/1826 1236/1375/1826 1253/1381/1826
f 1252/1377/1827 1253/1381/1827 1269/1382/1827
f 1269/1382/1828 1253/1381/1828 1264/1380/1828
f 1269/1382/1829 1264/1380/1829 1280/1383/1829
f 1264/1380/1830 1262/1379/1830 1280/1383/1830
f 1278/1384/1830 1280/1383/1830 1262/1379/1830
f 1278/1384/1831 1295/1385/1831 1280/1383/1831
f 1296/1386/1831 1280/1383/1831 1295/1385/1831
f 1296/1386/1832 1295/1385/1832 1311/1387/1832
f 1312/1388/1832 1296/1386/1832 1311/1387/1832
f 1251/1378/1833 1252/1377/1833 1268/1389/1833
f 1268/1389/1827 1252/1377/1827 1269/1382/1827
f 1268/1389/1834 1269/1382/1834 1285/1390/1834
f 1285/1390/1829 1269/1382/1829 1280/1383/1829
f 1285/1390/1835 1280/1383/1835 1301/1391/1835
f 1296/1386/1835 1301/1391/1835 1280/1383/1835
f 1301/1391/1836 1296/1386/1836 1317/1392/1836
f 1312/1388/1836 1317/1392/1836 1296/1386/1836
f 1317/1392/1837 1312/1388/1837 1333/1393/1837
f 1349/1394/1838 1348/1395/1838 1333/1393/1838
f 1332/1396/1838 1333/1393/1838 1348/1395/1838
f 1333/1393/1839 1332/1396/1839 1317/1392/1839
f 1316/1397/1839 1317/1392/1839 1332/1396/1839
f 1317/1392/1840 1316/1397/1840 1301/1391/1840
f 1300/1398/1840 1301/1391/1840 1316/1397/1840
f 1301/1391/1841 1300/1398/1841 1285/1390/1841
f 1284/1399/1842 1285/1390/1842 1300/1398/1842
f 1284/1399/1834 1268/1389/1834 1285/1390/1834
f 1267/1400/1843 1268/1389/1843 1284/1399/1843
f 1376/1401/1844 1392/1402/1844 1381/1403/1844
f 1381/1403/1845 1365/1404/1845 1376/1401/1845
f 1365/1404/1846 1381/1403/1846 1364/1405/1846
f 1364/1405/1847 1348/1395/1847 1365/1404/1847
f 1348/1395/1848 1364/1405/1848 1347/1406/1848
f 1348/1395/1849 1347/1406/1849 1332/1396/1849
f 1331/1407/1850 1332/1396/1850 1347/1406/1850
f 1332/1396/1851 1331/1407/1851 1316/1397/1851
f 1315/1408/1852 1316/1397/1852 1331/1407/1852
f 1316/1397/1853 1315/1408/1853 1300/1398/1853
f 1363/1409/1854 1347/1406/1854 1364/1405/1854
f 1364/1405/1855 1380/1410/1855 1363/1409/1855
f 1380/1410/1846 1364/1405/1846 1381/1403/1846
f 1397/1411/1844 1381/1403/1844 1392/1402/1844
f 1381/1403/1856 1397/1411/1856 1380/1410/1856
f 1396/1412/1856 1380/1410/1856 1397/1411/1856
f 1380/1410/1857 1396/1412/1857 1379/1413/1857
f 1379/1413/1858 1363/1409/1858 1380/1410/1858
f 1379/1413/1859 1362/1414/1859 1363/1409/1859
f 1363/1409/1860 1362/1414/1860 1347/1406/1860
f 1346/1415/1861 1347/1406/1861 1362/1414/1861
f 1347/1406/1862 1346/1415/1862 1331/1407/1862
f 1330/1416/1863 1331/1407/1863 1346/1415/1863
f 1379/1413/1864 1378/1417/1864 1362/1414/1864
f 1382/1418/1865 1378/1417/1865 1398/1419/1865
f 1394/1420/1866 1398/1419/1866 1378/1417/1866
f 1395/1421/1867 1394/1420/1867 1378/1417/1867
f 1395/1421/1868 1378/1417/1868 1379/1413/1868
f 1395/1421/1857 1379/1413/1857 1396/1412/1857
f 1303/1422/1869 1298/1423/1869 1319/1424/1869
f 1314/1425/1870 1319/1424/1870 1298/1423/1870
f 1319/1424/1871 1314/1425/1871 1335/1426/1871
f 1330/1416/1872 1335/1426/1872 1314/1425/1872
f 1335/1426/1873 1330/1416/1873 1351/1427/1873
f 1346/1415/1874 1351/1427/1874 1330/1416/1874
f 1351/1427/1875 1346/1415/1875 1366/1428/1875
f 1362/1414/1876 1366/1428/1876 1346/1415/1876
f 1366/1428/1877 1362/1414/1877 1382/1418/1877
f 1378/1417/1878 1382/1418/1878 1362/1414/1878
f 1331/1407/1879 1330/1416/1879 1315/1408/1879
f 1314/1425/1880 1315/1408/1880 1330/1416/1880
f 1315/1408/1881 1314/1425/1881 1299/1429/1881
f 1298/1423/1882 1299/1429/1882 1314/1425/1882
f 1299/1429/1883 1298/1423/1883 1283/1430/1883
f 1282/1431/1884 1283/1430/1884 1298/1423/1884
f 1298/1423/1885 1303/1422/1885 1282/1431/1885
f 1286/1432/1885 1282/1431/1885 1303/1422/1885
f 1299/1429/1886 1300/1398/1886 1315/1408/1886
f 1300/1398/1887 1299/1429/1887 1284/1399/1887
f 1283/1430/1888 1284/1399/1888 1299/1429/1888
f 1283/1430/1843 1267/1400/1843 1284/1399/1843
f 1283/1430/1889 1282/1431/1889 1267/1400/1889
f 1266/1433/1890 1267/1400/1890 1282/1431/1890
f 1282/1431/1891 1286/1432/1891 1266/1433/1891
f 1270/1434/1891 1266/1433/1891 1286/1432/1891
f 1266/1433/1892 1270/1434/1892 1250/1435/1892
f 1254/1436/1893 1250/1435/1893 1270/1434/1893
f 1267/1400/1894 1251/1378/1894 1268/1389/1894
f 1267/1400/1895 1266/1433/1895 1251/1378/1895
f 1250/1435/1896 1251/1378/1896 1266/1433/1896
f 1251/1378/1897 1250/1435/1897 1235/1376/1897
f 1234/1437/1898 1235/1376/1898 1250/1435/1898
f 1235/1376/1899 1234/1437/1899 1219/1367/1899
f 1218/1438/1900 1219/1367/1900 1234/1437/1900
f 1219/1367/1901 1218/1438/1901 1203/1366/1901
f 1202/1439/1902 1203/1366/1902 1218/1438/1902
f 1203/1366/1903 1202/1439/1903 1180/1365/1903
f 1250/1435/1904 1254/1436/1904 1234/1437/1904
f 1239/1440/1905 1234/1437/1905 1254/1436/1905
f 1234/1437/1906 1239/1440/1906 1218/1438/1906
f 1223/1441/1907 1218/1438/1907 1239/1440/1907
f 1218/1438/1908 1223/1441/1908 1202/1439/1908
f 1207/1442/1909 1202/1439/1909 1223/1441/1909
f 1202/1439/1910 1207/1442/1910 1178/1443/1910
f 1188/1444/1911 1178/1443/1911 1207/1442/1911
f 1178/1443/1912 1188/1444/1912 1179/1445/1912
f 1185/1446/1912 1179/1445/1912 1188/1444/1912
f 1178/1443/1913 1180/1365/1913 1202/1439/1913
f 1180/1365/1914 1178/1443/1914 1177/1364/1914
f 1179/1445/1915 1177/1364/1915 1178/1443/1915
f 1177/1364/1916 1179/1445/1916 1602/1363/1916
f 1603/1447/1917 1602/1363/1917 1179/1445/1917
f 1602/1363/1918 1603/1447/1918 1587/1362/1918
f 1586/1448/1919 1587/1362/1919 1603/1447/1919
f 1587/1362/1920 1586/1448/1920 1570/1449/1920
f 1571/1450/1921 1570/1449/1921 1586/1448/1921
f 1571/1450/1922 1555/1451/1922 1570/1449/1922
f 1179/1445/1923 1185/1446/1923 1603/1447/1923
f 1606/1452/1924 1603/1447/1924 1185/1446/1924
f 1603/1447/1925 1606/1452/1925 1586/1448/1925
f 1590/1453/1926 1586/1448/1926 1606/1452/1926
f 1586/1448/1927 1590/1453/1927 1571/1450/1927
f 1575/1454/1928 1571/1450/1928 1590/1453/1928
f 1571/1450/1929 1575/1454/1929 1555/1451/1929
f 1559/1455/1930 1555/1451/1930 1575/1454/1930
f 1555/1451/1931 1559/1455/1931 1538/1456/1931
f 1543/1457/1932 1538/1456/1932 1559/1455/1932
f 1555/1451/1933 1554/1458/1933 1570/1449/1933
f 1554/1458/1934 1555/1451/1934 1538/1456/1934
f 1538/1456/1935 1539/1459/1935 1554/1458/1935
f 1539/1459/1936 1538/1456/1936 1522/1460/1936
f 1539/1459/1937 1522/1460/1937 1523/1461/1937
f 1523/1461/1938 1522/1460/1938 1507/1462/1938
f 1523/1461/1939 1507/1462/1939 1506/1463/1939
f 1507/1462/1940 1491/1464/1940 1506/1463/1940
f 1490/1465/1941 1506/1463/1941 1491/1464/1941
f 1508/1466/1942 1506/1463/1942 1490/1465/1942
f 1506/1463/1943 1508/1466/1943 1523/1461/1943
f 1538/1456/1944 1543/1457/1944 1522/1460/1944
f 1527/1467/1945 1522/1460/1945 1543/1457/1945
f 1522/1460/1946 1527/1467/1946 1507/1462/1946
f 1511/1468/1946 1507/1462/1946 1527/1467/1946
f 1507/1462/1947 1511/1468/1947 1491/1464/1947
f 1495/1469/1948 1491/1464/1948 1511/1468/1948
f 1491/1464/1949 1495/1469/1949 1475/1470/1949
f 1491/1464/1950 1475/1470/1950 1490/1465/1950
f 1474/1471/1951 1490/1465/1951 1475/1470/1951
f 1492/1472/1952 1490/1465/1952 1474/1471/1952
f 1479/1473/1953 1475/1470/1953 1495/1469/1953
f 1475/1470/1954 1479/1473/1954 1459/1474/1954
f 1475/1470/1955 1459/1474/1955 1474/1471/1955
f 1458/1475/1956 1474/1471/1956 1459/1474/1956
f 1476/1476/1957 1474/1471/1957 1458/1475/1957
f 1460/1477/1958 1476/1476/1958 1458/1475/1958
f 1460/1477/1959 1477/1478/1959 1476/1476/1959
f 1461/1479/1959 1477/1478/1959 1460/1477/1959
f 1461/1479/1960 1472/1480/1960 1477/1478/1960
f 1456/1481/1960 1472/1480/1960 1461/1479/1960
f 1476/1476/1961 1492/1472/1961 1474/1471/1961
f 1476/1476/1962 1493/1482/1962 1492/1472/1962
f 1477/1478/1962 1493/1482/1962 1476/1476/1962
f 1477/1478/1963 1488/1483/1963 1493/1482/1963
f 1472/1480/1963 1488/1483/1963 1477/1478/1963
f 1472/1480/1964 1470/1484/1964 1488/1483/1964
f 1470/1484/1965 1472/1480/1965 1455/1485/1965
f 1455/1485/1966 1454/1486/1966 1470/1484/1966
f 1455/1485/1967 1439/1487/1967 1454/1486/1967
f 1438/1488/1968 1454/1486/1968 1439/1487/1968
f 1492/1472/1942 1508/1466/1942 1490/1465/1942
f 1492/1472/1969 1509/1489/1969 1508/1466/1969
f 1493/1482/1969 1509/1489/1969 1492/1472/1969
f 1493/1482/1970 1504/1490/1970 1509/1489/1970
f 1488/1483/1970 1504/1490/1970 1493/1482/1970
f 1488/1483/1971 1486/1491/1971 1504/1490/1971
f 1486/1491/1964 1488/1483/1964 1470/1484/1964
f 1470/1484/1972 1471/1492/1972 1486/1491/1972
f 1471/1492/1973 1470/1484/1973 1454/1486/1973
f 1454/1486/1974 1453/1493/1974 1471/1492/1974
f 1502/1494/1971 1504/1490/1971 1486/1491/1971
f 1487/1495/1975 1486/1491/1975 1471/1492/1975
f 1486/1491/1976 1487/1495/1976 1502/1494/1976
f 1503/1496/1977 1502/1494/1977 1487/1495/1977
f 1503/1496/1978 1518/1497/1978 1502/1494/1978
f 1502/1494/1978 1518/1497/1978 1519/1498/1978
f 1502/1494/1979 1519/1498/1979 1504/1490/1979
f 1504/1490/1979 1519/1498/1979 1520/1499/1979
f 1520/1499/1980 1525/1500/1980 1504/1490/1980
f 1525/1500/1981 1520/1499/1981 1541/1501/1981
f 1541/1501/1982 1540/1502/1982 1525/1500/1982
f 1540/1502/1983 1541/1501/1983 1556/1503/1983
f 1556/1503/1984 1554/1458/1984 1540/1502/1984
f 1554/1458/1985 1556/1503/1985 1570/1449/1985
f 1524/1504/1982 1525/1500/1982 1540/1502/1982
f 1509/1489/1980 1504/1490/1980 1525/1500/1980
f 1525/1500/1986 1524/1504/1986 1509/1489/1986
f 1508/1466/1986 1509/1489/1986 1524/1504/1986
f 1524/1504/1943 1523/1461/1943 1508/1466/1943
f 1523/1461/1987 1524/1504/1987 1539/1459/1987
f 1540/1502/1988 1539/1459/1988 1524/1504/1988
f 1539/1459/1989 1540/1502/1989 1554/1458/1989
f 1519/1498/1990 1534/1505/1990 1535/1506/1990
f 1519/1498/1991 1535/1506/1991 1520/1499/1991
f 1520/1499/1991 1535/1506/1991 1536/1507/1991
f 1536/1507/1981 1541/1501/1981 1520/1499/1981
f 1541/1501/1992 1536/1507/1992 1557/1508/1992
f 1557/1508/1983 1556/1503/1983 1541/1501/1983
f 1556/1503/1993 1557/1508/1993 1572/1361/1993
f 1572/1361/1994 1570/1449/1994 1556/1503/1994
f 1570/1449/1995 1572/1361/1995 1588/1360/1995
f 1588/1360/1996 1587/1362/1996 1570/1449/1996
f 1573/1349/1997 1572/1361/1997 1557/1508/1997
f 1557/1508/1789 1552/1348/1789 1573/1349/1789
f 1552/1348/1992 1557/1508/1992 1536/1507/1992
f 1536/1507/1998 1551/1347/1998 1552/1348/1998
f 1535/1506/1998 1551/1347/1998 1536/1507/1998
f 1535/1506/1999 1550/1346/1999 1551/1347/1999
f 1534/1505/2000 1550/1346/2000 1535/1506/2000
f 1549/1509/2001 1550/1346/2001 1534/1505/2001
f 1533/1510/2002 1549/1509/2002 1534/1505/2002
f 1549/1509/2003 1565/1345/2003 1550/1346/2003
f 1549/1509/2004 1548/1511/2004 1565/1345/2004
f 1564/1512/2005 1565/1345/2005 1548/1511/2005
f 1564/1512/2006 1580/1513/2006 1565/1345/2006
f 1581/1344/2007 1565/1345/2007 1580/1513/2007
f 1581/1344/2008 1580/1513/2008 1596/1514/2008
f 1596/1514/2009 1597/1515/2009 1581/1344/2009
f 1597/1515/2010 1596/1514/2010 1164/1516/2010
f 1164/1516/2011 1166/1517/2011 1597/1515/2011
f 1166/1517/2012 1164/1516/2012 1165/1518/2012
f 1165/1518/2013 1167/1519/2013 1166/1517/2013
f 1170/1520/2014 1167/1519/2014 1197/1521/2014
f 1199/1522/2015 1168/1523/2015 1170/1520/2015
f 1197/1521/2016 1199/1522/2016 1170/1520/2016
f 1199/1522/2017 1197/1521/2017 1213/1524/2017
f 1198/1525/2018 1172/1526/2018 1168/1523/2018
f 1199/1522/2019 1198/1525/2019 1168/1523/2019
f 1215/1527/2020 1198/1525/2020 1199/1522/2020
f 1213/1524/2021 1215/1527/2021 1199/1522/2021
f 1215/1527/2022 1213/1524/2022 1229/1528/2022
f 1198/1525/2018 1200/1529/2018 1172/1526/2018
f 1214/1530/2023 1200/1529/2023 1198/1525/2023
f 1215/1527/2024 1214/1530/2024 1198/1525/2024
f 1214/1530/2023 1216/1531/2023 1200/1529/2023
f 1214/1530/2025 1215/1527/2025 1230/1372/2025
f 1230/1372/2026 1232/1373/2026 1214/1530/2026
f 1216/1531/2027 1214/1530/2027 1232/1373/2027
f 1221/1369/2028 1216/1531/2028 1232/1373/2028
f 1216/1531/2029 1221/1369/2029 1200/1529/2029
f 1205/1355/2029 1200/1529/2029 1221/1369/2029
f 1200/1529/2030 1205/1355/2030 1172/1526/2030
f 1183/1354/2030 1172/1526/2030 1205/1355/2030
f 1172/1526/1794 1183/1354/1794 1173/1343/1794
f 1168/1523/2031 1172/1526/2031 1173/1343/2031
f 1166/1517/2032 1171/1532/2032 1597/1515/2032
f 1171/1532/2033 1166/1517/2033 1167/1519/2033
f 1167/1519/2034 1170/1520/2034 1171/1532/2034
f 1170/1520/2035 1169/1533/2035 1171/1532/2035
f 1170/1520/2036 1168/1523/2036 1169/1533/2036
f 1168/1523/2031 1174/1352/2031 1169/1533/2031
f 1169/1533/2037 1174/1352/2037 1599/1342/2037
f 1599/1342/2038 1598/1534/2038 1169/1533/2038
f 1598/1534/2039 1599/1342/2039 1583/1341/2039
f 1583/1341/2040 1581/1344/2040 1598/1534/2040
f 1171/1532/2041 1169/1533/2041 1598/1534/2041
f 1598/1534/2032 1597/1515/2032 1171/1532/2032
f 1597/1515/2042 1598/1534/2042 1581/1344/2042
f 1167/1519/2043 1165/1518/2043 1196/1535/2043
f 1196/1535/2044 1197/1521/2044 1167/1519/2044
f 1196/1535/2045 1211/1536/2045 1197/1521/2045
f 1211/1536/2046 1213/1524/2046 1197/1521/2046
f 1211/1536/2047 1227/1537/2047 1213/1524/2047
f 1227/1537/2048 1229/1528/2048 1213/1524/2048
f 1227/1537/2049 1244/1538/2049 1229/1528/2049
f 1245/1539/2050 1229/1528/2050 1244/1538/2050
f 1244/1538/2051 1260/1540/2051 1245/1539/2051
f 1261/1541/2052 1245/1539/2052 1260/1540/2052
f 1228/1542/2053 1227/1537/2053 1211/1536/2053
f 1228/1542/2054 1243/1543/2054 1227/1537/2054
f 1244/1538/2055 1227/1537/2055 1243/1543/2055
f 1243/1543/2056 1259/1544/2056 1244/1538/2056
f 1260/1540/2057 1244/1538/2057 1259/1544/2057
f 1259/1544/2058 1275/1545/2058 1260/1540/2058
f 1276/1546/2059 1260/1540/2059 1275/1545/2059
f 1275/1545/2060 1291/1547/2060 1276/1546/2060
f 1292/1548/2060 1276/1546/2060 1291/1547/2060
f 1292/1548/2061 1291/1547/2061 1307/1549/2061
f 1233/1550/2062 1249/1551/2062 1228/1542/2062
f 1243/1543/2062 1228/1542/2062 1249/1551/2062
f 1249/1551/2063 1265/1552/2063 1243/1543/2063
f 1259/1544/2063 1243/1543/2063 1265/1552/2063
f 1265/1552/2064 1281/1553/2064 1259/1544/2064
f 1275/1545/2064 1259/1544/2064 1281/1553/2064
f 1281/1553/2065 1297/1554/2065 1275/1545/2065
f 1291/1547/2065 1275/1545/2065 1297/1554/2065
f 1291/1547/2066 1297/1554/2066 1313/1555/2066
f 1313/1555/2066 1307/1549/2066 1291/1547/2066
f 1260/1540/2067 1276/1546/2067 1261/1541/2067
f 1277/1556/2068 1261/1541/2068 1276/1546/2068
f 1276/1546/2069 1292/1548/2069 1277/1556/2069
f 1293/1557/2070 1277/1556/2070 1292/1548/2070
f 1293/1557/2071 1292/1548/2071 1308/1558/2071
f 1308/1558/2072 1309/1559/2072 1293/1557/2072
f 1309/1559/2073 1308/1558/2073 1324/1560/2073
f 1324/1560/2074 1325/1561/2074 1309/1559/2074
f 1325/1561/2075 1324/1560/2075 1340/1562/2075
f 1340/1562/2076 1341/1563/2076 1325/1561/2076
f 1307/1549/2077 1308/1558/2077 1292/1548/2077
f 1308/1558/2078 1307/1549/2078 1323/1564/2078
f 1323/1564/2079 1324/1560/2079 1308/1558/2079
f 1324/1560/2080 1323/1564/2080 1339/1565/2080
f 1339/1565/2081 1340/1562/2081 1324/1560/2081
f 1356/1566/2082 1340/1562/2082 1339/1565/2082
f 1356/1566/2083 1355/1567/2083 1340/1562/2083
f 1356/1566/2084 1372/1568/2084 1355/1567/2084
f 1372/1568/2085 1371/1569/2085 1355/1567/2085
f 1371/1569/2086 1373/1570/2086 1355/1567/2086
f 1329/1571/2087 1307/1549/2087 1313/1555/2087
f 1329/1571/2088 1323/1564/2088 1307/1549/2088
f 1345/1572/2089 1323/1564/2089 1329/1571/2089
f 1345/1572/2089 1339/1565/2089 1323/1564/2089
f 1345/1572/2090 1361/1573/2090 1339/1565/2090
f 1361/1573/2090 1356/1566/2090 1339/1565/2090
f 1361/1573/2091 1377/1574/2091 1356/1566/2091
f 1372/1568/2091 1356/1566/2091 1377/1574/2091
f 1377/1574/2092 1393/1575/2092 1372/1568/2092
f 1387/1576/2093 1372/1568/2093 1393/1575/2093
f 1372/1568/2094 1387/1576/2094 1371/1569/2094
f 1388/1577/2094 1371/1569/2094 1387/1576/2094
f 1388/1577/2095 1389/1578/2095 1371/1569/2095
f 1373/1570/2096 1371/1569/2096 1389/1578/2096
f 1389/1578/2097 1391/1579/2097 1373/1570/2097
f 1375/1580/2098 1373/1570/2098 1391/1579/2098
f 1391/1579/2099 1390/1581/2099 1375/1580/2099
f 1374/1582/2099 1375/1580/2099 1390/1581/2099
f 1390/1581/2100 1392/1402/2100 1374/1582/2100
f 1376/1401/2100 1374/1582/2100 1392/1402/2100
f 1357/1583/2101 1355/1567/2101 1373/1570/2101
f 1373/1570/2102 1375/1580/2102 1357/1583/2102
f 1359/1584/2102 1357/1583/2102 1375/1580/2102
f 1375/1580/2103 1374/1582/2103 1359/1584/2103
f 1358/1585/2104 1359/1584/2104 1374/1582/2104
f 1374/1582/2105 1376/1401/2105 1358/1585/2105
f 1360/1586/2105 1358/1585/2105 1376/1401/2105
f 1360/1586/1845 1376/1401/1845 1365/1404/1845
f 1365/1404/2106 1349/1394/2106 1360/1586/2106
f 1349/1394/1847 1365/1404/1847 1348/1395/1847
f 1340/1562/2107 1355/1567/2107 1341/1563/2107
f 1355/1567/2108 1357/1583/2108 1341/1563/2108
f 1357/1583/2109 1359/1584/2109 1341/1563/2109
f 1342/1587/2110 1341/1563/2110 1359/1584/2110
f 1359/1584/2111 1358/1585/2111 1342/1587/2111
f 1343/1588/2112 1342/1587/2112 1358/1585/2112
f 1358/1585/2113 1360/1586/2113 1343/1588/2113
f 1344/1589/2113 1343/1588/2113 1360/1586/2113
f 1344/1589/2106 1360/1586/2106 1349/1394/2106
f 1349/1394/2114 1333/1393/2114 1344/1589/2114
f 1326/1590/2115 1325/1561/2115 1341/1563/2115
f 1341/1563/2116 1342/1587/2116 1326/1590/2116
f 1327/1591/2117 1326/1590/2117 1342/1587/2117
f 1343/1588/2118 1327/1591/2118 1342/1587/2118
f 1343/1588/2119 1344/1589/2119 1327/1591/2119
f 1328/1592/2119 1327/1591/2119 1344/1589/2119
f 1328/1592/2114 1344/1589/2114 1333/1393/2114
f 1328/1592/1837 1333/1393/1837 1312/1388/1837
f 1328/1592/2120 1312/1388/2120 1327/1591/2120
f 1312/1388/2120 1311/1387/2120 1327/1591/2120
f 1327/1591/2121 1311/1387/2121 1326/1590/2121
f 1311/1387/2122 1310/1593/2122 1326/1590/2122
f 1326/1590/2123 1310/1593/2123 1325/1561/2123
f 1310/1593/2123 1309/1559/2123 1325/1561/2123
f 1310/1593/2124 1294/1594/2124 1309/1559/2124
f 1294/1594/2125 1293/1557/2125 1309/1559/2125
f 1311/1387/2126 1295/1385/2126 1310/1593/2126
f 1295/1385/2127 1294/1594/2127 1310/1593/2127
f 1295/1385/2128 1278/1384/2128 1294/1594/2128
f 1278/1384/2128 1279/1595/2128 1294/1594/2128
f 1279/1595/2129 1278/1384/2129 1263/1596/2129
f 1262/1379/2130 1263/1596/2130 1278/1384/2130
f 1263/1596/2131 1262/1379/2131 1247/1597/2131
f 1246/1370/2132 1247/1597/2132 1262/1379/2132
f 1247/1597/2133 1246/1370/2133 1231/1598/2133
f 1230/1372/2134 1231/1598/2134 1246/1370/2134
f 1294/1594/2135 1279/1595/2135 1293/1557/2135
f 1277/1556/2136 1293/1557/2136 1279/1595/2136
f 1277/1556/2137 1279/1595/2137 1261/1541/2137
f 1263/1596/2137 1261/1541/2137 1279/1595/2137
f 1261/1541/2138 1263/1596/2138 1245/1539/2138
f 1247/1597/2139 1245/1539/2139 1263/1596/2139
f 1245/1539/2140 1247/1597/2140 1229/1528/2140
f 1231/1598/2140 1229/1528/2140 1247/1597/2140
f 1229/1528/2141 1231/1598/2141 1215/1527/2141
f 1231/1598/2142 1230/1372/2142 1215/1527/2142
f 1559/1599/2143 1558/1600/2143 1543/1601/2143
f 1558/1600/2144 1559/1599/2144 1574/1602/2144
f 1574/1602/2145 1577/1603/2145 1558/1600/2145
f 1575/1604/2144 1574/1602/2144 1559/1599/2144
f 1574/1602/2146 1575/1604/2146 1590/1605/2146
f 1543/1601/2147 1542/1606/2147 1527/1607/2147
f 1542/1606/2143 1543/1601/2143 1558/1600/2143
f 1558/1600/2148 1561/1608/2148 1542/1606/2148
f 1561/1608/2145 1558/1600/2145 1577/1603/2145
f 1577/1603/2149 1576/1609/2149 1561/1608/2149
f 1576/1609/2150 1577/1603/2150 1592/1610/2150
f 1593/1611/2150 1592/1610/2150 1577/1603/2150
f 1577/1603/2151 1574/1602/2151 1593/1611/2151
f 1591/1612/2152 1593/1611/2152 1574/1602/2152
f 1590/1605/2146 1591/1612/2146 1574/1602/2146
f 1591/1612/2153 1590/1605/2153 1606/1613/2153
f 1527/1607/2154 1526/1614/2154 1511/1615/2154
f 1526/1614/2147 1527/1607/2147 1542/1606/2147
f 1542/1606/2155 1545/1616/2155 1526/1614/2155
f 1545/1616/2148 1542/1606/2148 1561/1608/2148
f 1561/1608/2156 1560/1617/2156 1545/1616/2156
f 1560/1617/2149 1561/1608/2149 1576/1609/2149
f 1576/1609/2157 1578/1618/2157 1560/1617/2157
f 1578/1618/2158 1576/1609/2158 1594/1619/2158
f 1592/1610/2159 1594/1619/2159 1576/1609/2159
f 1594/1619/2160 1592/1610/2160 1610/1620/2160
f 1495/1621/2161 1511/1615/2161 1494/1622/2161
f 1511/1615/2161 1510/1623/2161 1494/1622/2161
f 1510/1623/2154 1511/1615/2154 1526/1614/2154
f 1526/1614/2162 1529/1624/2162 1510/1623/2162
f 1529/1624/2163 1526/1614/2163 1545/1616/2163
f 1545/1616/2164 1544/1625/2164 1529/1624/2164
f 1544/1625/2156 1545/1616/2156 1560/1617/2156
f 1560/1617/2165 1562/1626/2165 1544/1625/2165
f 1562/1626/2166 1560/1617/2166 1578/1618/2166
f 1578/1618/2167 1636/1627/2167 1562/1626/2167
f 1635/1628/2167 1562/1626/2167 1636/1627/2167
f 1562/1626/2168 1635/1628/2168 1546/1629/2168
f 1546/1629/2169 1544/1625/2169 1562/1626/2169
f 1544/1625/2170 1546/1629/2170 1528/1630/2170
f 1528/1630/2164 1529/1624/2164 1544/1625/2164
f 1529/1624/2171 1528/1630/2171 1513/1631/2171
f 1512/1632/2171 1513/1631/2171 1528/1630/2171
f 1513/1631/2172 1512/1632/2172 1497/1633/2172
f 1496/1634/2172 1497/1633/2172 1512/1632/2172
f 1497/1633/2173 1496/1634/2173 1481/1635/2173
f 1498/1636/2174 1496/1634/2174 1514/1637/2174
f 1512/1632/2175 1514/1637/2175 1496/1634/2175
f 1514/1637/2176 1512/1632/2176 1530/1638/2176
f 1528/1630/2177 1530/1638/2177 1512/1632/2177
f 1530/1638/2178 1528/1630/2178 1546/1629/2178
f 1546/1629/2179 1634/1639/2179 1530/1638/2179
f 1634/1639/2168 1546/1629/2168 1635/1628/2168
f 1633/1640/2179 1530/1638/2179 1634/1639/2179
f 1530/1638/2180 1633/1640/2180 1514/1637/2180
f 1632/1641/2180 1514/1637/2180 1633/1640/2180
f 1514/1637/2181 1632/1641/2181 1498/1636/2181
f 1631/1642/2181 1498/1636/2181 1632/1641/2181
f 1498/1636/2182 1631/1642/2182 1482/1643/2182
f 1630/1644/2182 1482/1643/2182 1631/1642/2182
f 1482/1643/2183 1630/1644/2183 1466/1645/2183
f 1629/1646/2183 1466/1645/2183 1630/1644/2183
f 1450/1647/2184 1466/1645/2184 1629/1646/2184
f 1628/1648/2184 1450/1647/2184 1629/1646/2184
f 1627/1649/2185 1434/1650/2185 1628/1648/2185
f 1434/1650/2185 1450/1647/2185 1628/1648/2185
f 1434/1650/2186 1432/1651/2186 1450/1647/2186
f 1448/1652/2187 1450/1647/2187 1432/1651/2187
f 1450/1647/2188 1448/1652/2188 1466/1645/2188
f 1464/1653/2189 1466/1645/2189 1448/1652/2189
f 1466/1645/2190 1464/1653/2190 1482/1643/2190
f 1480/1654/2191 1482/1643/2191 1464/1653/2191
f 1482/1643/2192 1480/1654/2192 1498/1636/2192
f 1496/1634/2193 1498/1636/2193 1480/1654/2193
f 1480/1654/2173 1481/1635/2173 1496/1634/2173
f 1481/1635/2194 1480/1654/2194 1465/1655/2194
f 1464/1653/2194 1465/1655/2194 1480/1654/2194
f 1465/1655/2195 1464/1653/2195 1449/1656/2195
f 1448/1652/2195 1449/1656/2195 1464/1653/2195
f 1449/1656/2196 1448/1652/2196 1433/1657/2196
f 1432/1651/2196 1433/1657/2196 1448/1652/2196
f 1433/1657/2197 1432/1651/2197 1417/1658/2197
f 1416/1659/2197 1417/1658/2197 1432/1651/2197
f 1432/1651/2198 1434/1650/2198 1416/1659/2198
f 1418/1660/2199 1416/1659/2199 1434/1650/2199
f 1418/1660/2200 1434/1650/2200 1627/1649/2200
f 1626/1661/2200 1418/1660/2200 1627/1649/2200
f 1625/1662/2201 1402/1663/2201 1626/1661/2201
f 1402/1663/2201 1418/1660/2201 1626/1661/2201
f 1402/1663/2202 1400/1664/2202 1418/1660/2202
f 1416/1659/2203 1418/1660/2203 1400/1664/2203
f 1400/1664/2204 1401/1665/2204 1416/1659/2204
f 1417/1658/2204 1416/1659/2204 1401/1665/2204
f 1401/1665/2205 1399/1666/2205 1417/1658/2205
f 1414/1667/2205 1417/1658/2205 1399/1666/2205
f 1399/1666/2206 1398/1668/2206 1414/1667/2206
f 1415/1669/2206 1414/1667/2206 1398/1668/2206
f 1414/1667/2207 1415/1669/2207 1430/1670/2207
f 1431/1671/2207 1430/1670/2207 1415/1669/2207
f 1430/1670/2208 1431/1671/2208 1446/1672/2208
f 1447/1673/2208 1446/1672/2208 1431/1671/2208
f 1446/1672/2209 1447/1673/2209 1462/1674/2209
f 1463/1675/2209 1462/1674/2209 1447/1673/2209
f 1463/1675/2210 1479/1676/2210 1462/1674/2210
f 1479/1676/2210 1478/1677/2210 1462/1674/2210
f 1479/1676/2211 1495/1621/2211 1478/1677/2211
f 1495/1621/2211 1494/1622/2211 1478/1677/2211
f 1417/1658/2212 1414/1667/2212 1433/1657/2212
f 1430/1670/2213 1433/1657/2213 1414/1667/2213
f 1433/1657/2214 1430/1670/2214 1449/1656/2214
f 1446/1672/2215 1449/1656/2215 1430/1670/2215
f 1449/1656/2216 1446/1672/2216 1465/1655/2216
f 1462/1674/2216 1465/1655/2216 1446/1672/2216
f 1465/1655/2217 1462/1674/2217 1481/1635/2217
f 1478/1677/2218 1481/1635/2218 1462/1674/2218
f 1481/1635/2219 1478/1677/2219 1497/1633/2219
f 1494/1622/2220 1497/1633/2220 1478/1677/2220
f 1497/1633/2221 1494/1622/2221 1513/1631/2221
f 1510/1623/2221 1513/1631/2221 1494/1622/2221
f 1513/1631/2222 1510/1623/2222 1529/1624/2222
f 1459/1474/2223 1443/1678/2223 1458/1475/2223
f 1442/1679/2224 1458/1475/2224 1443/1678/2224
f 1443/1678/2225 1427/1680/2225 1442/1679/2225
f 1427/1680/2226 1426/1681/2226 1442/1679/2226
f 1427/1680/2227 1411/1682/2227 1426/1681/2227
f 1411/1682/2228 1410/1683/2228 1426/1681/2228
f 1410/1683/2229 1412/1684/2229 1426/1681/2229
f 1428/1685/2230 1426/1681/2230 1412/1684/2230
f 1412/1684/2231 1413/1686/2231 1428/1685/2231
f 1429/1687/2232 1428/1685/2232 1413/1686/2232
f 1460/1477/2233 1458/1475/2233 1444/1688/2233
f 1442/1679/2233 1444/1688/2233 1458/1475/2233
f 1444/1688/2234 1442/1679/2234 1428/1685/2234
f 1426/1681/2235 1428/1685/2235 1442/1679/2235
f 1428/1685/2236 1429/1687/2236 1444/1688/2236
f 1445/1689/2236 1444/1688/2236 1429/1687/2236
f 1444/1688/2237 1445/1689/2237 1460/1477/2237
f 1461/1479/2237 1460/1477/2237 1445/1689/2237
f 1456/1481/2238 1461/1479/2238 1440/1690/2238
f 1445/1689/2238 1440/1690/2238 1461/1479/2238
f 1440/1690/2239 1445/1689/2239 1424/1691/2239
f 1429/1687/2239 1424/1691/2239 1445/1689/2239
f 1424/1691/2240 1429/1687/2240 1408/1692/2240
f 1413/1686/2240 1408/1692/2240 1429/1687/2240
f 1408/1692/2241 1413/1686/2241 1392/1693/2241
f 1397/1694/2241 1392/1693/2241 1413/1686/2241
f 1413/1686/2242 1412/1684/2242 1397/1694/2242
f 1396/1695/2242 1397/1694/2242 1412/1684/2242
f 1456/1481/1965 1455/1485/1965 1472/1480/1965
f 1456/1481/2243 1440/1690/2243 1455/1485/2243
f 1439/1487/2243 1455/1485/2243 1440/1690/2243
f 1440/1690/2244 1424/1691/2244 1439/1487/2244
f 1423/1696/2244 1439/1487/2244 1424/1691/2244
f 1424/1691/2245 1408/1692/2245 1423/1696/2245
f 1407/1697/2245 1423/1696/2245 1408/1692/2245
f 1408/1692/2246 1392/1693/2246 1407/1697/2246
f 1390/1698/2246 1407/1697/2246 1392/1693/2246
f 1407/1697/2247 1390/1698/2247 1406/1699/2247
f 1439/1487/2248 1423/1696/2248 1438/1488/2248
f 1422/1700/2249 1438/1488/2249 1423/1696/2249
f 1423/1696/2250 1407/1697/2250 1422/1700/2250
f 1406/1699/2251 1422/1700/2251 1407/1697/2251
f 1422/1700/2252 1406/1699/2252 1421/1701/2252
f 1405/1702/2253 1421/1701/2253 1406/1699/2253
f 1405/1702/2254 1404/1703/2254 1421/1701/2254
f 1420/1704/2255 1421/1701/2255 1404/1703/2255
f 1420/1704/2256 1404/1703/2256 1419/1705/2256
f 1419/1705/2257 1435/1706/2257 1420/1704/2257
f 1391/1707/2247 1406/1699/2247 1390/1698/2247
f 1406/1699/2258 1391/1707/2258 1405/1702/2258
f 1389/1708/2258 1405/1702/2258 1391/1707/2258
f 1389/1708/2259 1388/1709/2259 1405/1702/2259
f 1404/1703/2260 1405/1702/2260 1388/1709/2260
f 1404/1703/2261 1388/1709/2261 1403/1710/2261
f 1403/1710/2262 1419/1705/2262 1404/1703/2262
f 1419/1705/2263 1403/1710/2263 1425/1711/2263
f 1425/1711/2264 1441/1712/2264 1419/1705/2264
f 1435/1706/2265 1419/1705/2265 1441/1712/2265
f 1387/1713/2266 1403/1710/2266 1388/1709/2266
f 1403/1710/2267 1387/1713/2267 1409/1714/2267
f 1409/1714/2263 1425/1711/2263 1403/1710/2263
f 1393/1715/2267 1409/1714/2267 1387/1713/2267
f 1435/1706/2268 1441/1712/2268 1457/1716/2268
f 1457/1716/2268 1451/1717/2268 1435/1706/2268
f 1451/1717/2269 1457/1716/2269 1473/1718/2269
f 1473/1718/2269 1467/1719/2269 1451/1717/2269
f 1489/1720/2270 1467/1719/2270 1473/1718/2270
f 1489/1720/2270 1483/1721/2270 1467/1719/2270
f 1489/1720/2271 1505/1722/2271 1483/1721/2271
f 1505/1722/2271 1500/1723/2271 1483/1721/2271
f 1505/1722/2272 1521/1724/2272 1500/1723/2272
f 1516/1725/2272 1500/1723/2272 1521/1724/2272
f 1436/1726/2273 1420/1704/2273 1435/1706/2273
f 1436/1726/2274 1435/1706/2274 1451/1717/2274
f 1451/1717/2275 1452/1727/2275 1436/1726/2275
f 1452/1727/2276 1451/1717/2276 1467/1719/2276
f 1467/1719/2277 1468/1728/2277 1452/1727/2277
f 1468/1728/2278 1467/1719/2278 1483/1721/2278
f 1483/1721/2279 1484/1729/2279 1468/1728/2279
f 1500/1723/2280 1484/1729/2280 1483/1721/2280
f 1500/1723/2281 1499/1730/2281 1484/1729/2281
f 1500/1723/2282 1516/1725/2282 1499/1730/2282
f 1469/1731/2283 1468/1728/2283 1485/1732/2283
f 1484/1729/2284 1485/1732/2284 1468/1728/2284
f 1485/1732/2285 1484/1729/2285 1501/1733/2285
f 1499/1730/2286 1501/1733/2286 1484/1729/2286
f 1501/1733/2287 1499/1730/2287 1517/1734/2287
f 1515/1735/2288 1517/1734/2288 1499/1730/2288
f 1517/1734/2289 1515/1735/2289 1533/1510/2289
f 1531/1736/2290 1533/1510/2290 1515/1735/2290
f 1533/1510/2291 1531/1736/2291 1549/1509/2291
f 1548/1511/2292 1549/1509/2292 1531/1736/2292
f 1469/1731/2293 1471/1492/2293 1453/1493/2293
f 1471/1492/2294 1469/1731/2294 1487/1495/2294
f 1485/1732/2295 1487/1495/2295 1469/1731/2295
f 1487/1495/2296 1485/1732/2296 1503/1496/2296
f 1501/1733/2296 1503/1496/2296 1485/1732/2296
f 1501/1733/2297 1517/1734/2297 1503/1496/2297
f 1517/1734/2297 1518/1497/2297 1503/1496/2297
f 1517/1734/2298 1533/1510/2298 1518/1497/2298
f 1533/1510/2299 1534/1505/2299 1518/1497/2299
f 1518/1497/2300 1534/1505/2300 1519/1498/2300
f 1454/1486/2301 1438/1488/2301 1453/1493/2301
f 1437/1737/2302 1453/1493/2302 1438/1488/2302
f 1438/1488/2303 1422/1700/2303 1437/1737/2303
f 1421/1701/2304 1437/1737/2304 1422/1700/2304
f 1421/1701/2305 1420/1704/2305 1437/1737/2305
f 1436/1726/2306 1437/1737/2306 1420/1704/2306
f 1437/1737/2307 1436/1726/2307 1453/1493/2307
f 1452/1727/2308 1453/1493/2308 1436/1726/2308
f 1453/1493/2309 1452/1727/2309 1469/1731/2309
f 1468/1728/2310 1469/1731/2310 1452/1727/2310
f 1412/1684/2311 1410/1683/2311 1396/1695/2311
f 1395/1738/2311 1396/1695/2311 1410/1683/2311
f 1394/1739/2312 1395/1738/2312 1410/1683/2312
f 1411/1682/2313 1394/1739/2313 1410/1683/2313
f 1411/1682/2314 1415/1740/2314 1394/1739/2314
f 1415/1740/2315 1411/1682/2315 1431/1741/2315
f 1427/1680/2316 1431/1741/2316 1411/1682/2316
f 1431/1741/2317 1427/1680/2317 1447/1742/2317
f 1443/1678/2318 1447/1742/2318 1427/1680/2318
f 1447/1742/2319 1443/1678/2319 1463/1743/2319
f 1459/1474/2320 1463/1743/2320 1443/1678/2320
f 1463/1743/2321 1459/1474/2321 1479/1473/2321
f 1398/1744/2314 1394/1739/2314 1415/1740/2314
f 1609/1745/2322 1610/1620/2322 1592/1610/2322
f 1592/1610/2323 1593/1611/2323 1609/1745/2323
f 1608/1746/2323 1609/1745/2323 1593/1611/2323
f 1593/1611/2324 1591/1612/2324 1608/1746/2324
f 1607/1747/2325 1608/1746/2325 1591/1612/2325
f 1606/1613/2153 1607/1747/2153 1591/1612/2153
f 1607/1747/2326 1606/1613/2326 1185/1748/2326
f 1637/1749/2327 1636/1627/2327 1578/1618/2327
f 1594/1619/2327 1637/1749/2327 1578/1618/2327
f 1638/1750/2328 1637/1749/2328 1594/1619/2328
f 1610/1620/2328 1638/1750/2328 1594/1619/2328
f 1610/1620/2329 1194/1751/2329 1638/1750/2329
f 1610/1620/2330 1609/1745/2330 1194/1751/2330
f 1191/1752/2331 1194/1751/2331 1609/1745/2331
f 1609/1745/2332 1608/1746/2332 1191/1752/2332
f 1189/1753/2332 1191/1752/2332 1608/1746/2332
f 1608/1746/2333 1607/1747/2333 1189/1753/2333
f 1611/1754/2329 1638/1750/2329 1194/1751/2329
f 1612/1755/2334 1611/1754/2334 1194/1751/2334
f 1193/1756/2334 1612/1755/2334 1194/1751/2334
f 1194/1751/2335 1191/1752/2335 1193/1756/2335
f 1190/1757/2336 1193/1756/2336 1191/1752/2336
f 1191/1752/2337 1189/1753/2337 1190/1757/2337
f 1192/1758/2337 1190/1757/2337 1189/1753/2337
f 1189/1753/2338 1187/1759/2338 1192/1758/2338
f 1186/1760/2338 1192/1758/2338 1187/1759/2338
f 1192/1758/2339 1186/1760/2339 1209/1761/2339
f 1240/1762/2340 1241/1763/2340 1256/1764/2340
f 1241/1763/2341 1240/1762/2341 1225/1765/2341
f 1224/1766/2341 1225/1765/2341 1240/1762/2341
f 1225/1765/2342 1224/1766/2342 1209/1761/2342
f 1208/1767/2342 1209/1761/2342 1224/1766/2342
f 1209/1761/2343 1208/1767/2343 1192/1758/2343
f 1190/1757/2343 1192/1758/2343 1208/1767/2343
f 1208/1767/2344 1210/1768/2344 1190/1757/2344
f 1193/1756/2345 1190/1757/2345 1210/1768/2345
f 1210/1768/2346 1613/1769/2346 1193/1756/2346
f 1613/1769/2346 1612/1755/2346 1193/1756/2346
f 1614/1770/2347 1613/1769/2347 1210/1768/2347
f 1226/1771/2347 1614/1770/2347 1210/1768/2347
f 1210/1768/2348 1208/1767/2348 1226/1771/2348
f 1224/1766/2349 1226/1771/2349 1208/1767/2349
f 1226/1771/2350 1224/1766/2350 1242/1772/2350
f 1240/1762/2351 1242/1772/2351 1224/1766/2351
f 1242/1772/2352 1240/1762/2352 1258/1773/2352
f 1256/1764/2353 1258/1773/2353 1240/1762/2353
f 1258/1773/2354 1256/1764/2354 1274/1774/2354
f 1272/1775/2355 1274/1774/2355 1256/1764/2355
f 1615/1776/2356 1614/1770/2356 1226/1771/2356
f 1242/1772/2356 1615/1776/2356 1226/1771/2356
f 1616/1777/2357 1615/1776/2357 1242/1772/2357
f 1242/1772/2357 1258/1773/2357 1616/1777/2357
f 1617/1778/2358 1616/1777/2358 1258/1773/2358
f 1258/1773/2358 1274/1774/2358 1617/1778/2358
f 1618/1779/2359 1617/1778/2359 1274/1774/2359
f 1274/1774/2359 1290/1780/2359 1618/1779/2359
f 1619/1781/2360 1618/1779/2360 1290/1780/2360
f 1274/1774/2361 1272/1775/2361 1290/1780/2361
f 1288/1782/2361 1290/1780/2361 1272/1775/2361
f 1290/1780/2362 1288/1782/2362 1306/1783/2362
f 1290/1780/2360 1306/1783/2360 1619/1781/2360
f 1620/1784/2363 1619/1781/2363 1306/1783/2363
f 1621/1785/2364 1620/1784/2364 1322/1786/2364
f 1306/1783/2363 1322/1786/2363 1620/1784/2363
f 1306/1783/2365 1304/1787/2365 1322/1786/2365
f 1304/1787/2362 1306/1783/2362 1288/1782/2362
f 1288/1782/2366 1289/1788/2366 1304/1787/2366
f 1289/1788/2367 1288/1782/2367 1273/1789/2367
f 1272/1775/2367 1273/1789/2367 1288/1782/2367
f 1273/1789/2368 1272/1775/2368 1257/1790/2368
f 1256/1764/2368 1257/1790/2368 1272/1775/2368
f 1257/1790/2340 1256/1764/2340 1241/1763/2340
f 1287/1791/2369 1289/1788/2369 1271/1792/2369
f 1289/1788/2370 1287/1791/2370 1305/1793/2370
f 1305/1793/2366 1304/1787/2366 1289/1788/2366
f 1304/1787/2371 1305/1793/2371 1320/1794/2371
f 1320/1794/2372 1322/1786/2372 1304/1787/2372
f 1322/1786/2373 1320/1794/2373 1338/1795/2373
f 1322/1786/2364 1338/1795/2364 1621/1785/2364
f 1622/1796/2374 1621/1785/2374 1338/1795/2374
f 1238/1797/2375 1239/1798/2375 1254/1799/2375
f 1255/1800/2375 1238/1797/2375 1254/1799/2375
f 1255/1800/2376 1254/1799/2376 1270/1801/2376
f 1271/1792/2376 1255/1800/2376 1270/1801/2376
f 1271/1792/2377 1270/1801/2377 1286/1802/2377
f 1287/1791/2377 1271/1792/2377 1286/1802/2377
f 1287/1791/2378 1286/1802/2378 1302/1803/2378
f 1302/1803/2370 1305/1793/2370 1287/1791/2370
f 1305/1793/2379 1302/1803/2379 1321/1804/2379
f 1321/1804/2371 1320/1794/2371 1305/1793/2371
f 1206/1805/2339 1209/1761/2339 1186/1760/2339
f 1209/1761/2380 1206/1805/2380 1225/1765/2380
f 1222/1806/2380 1225/1765/2380 1206/1805/2380
f 1225/1765/2381 1222/1806/2381 1241/1763/2381
f 1238/1797/2382 1241/1763/2382 1222/1806/2382
f 1241/1763/2383 1238/1797/2383 1257/1790/2383
f 1255/1800/2383 1257/1790/2383 1238/1797/2383
f 1257/1790/2384 1255/1800/2384 1273/1789/2384
f 1271/1792/2385 1273/1789/2385 1255/1800/2385
f 1273/1789/2369 1271/1792/2369 1289/1788/2369
f 1187/1759/2333 1189/1753/2333 1607/1747/2333
f 1185/1748/2326 1187/1759/2326 1607/1747/2326
f 1187/1759/2386 1185/1748/2386 1186/1760/2386
f 1188/1807/2386 1186/1760/2386 1185/1748/2386
f 1186/1760/2387 1188/1807/2387 1206/1805/2387
f 1207/1808/2387 1206/1805/2387 1188/1807/2387
f 1206/1805/2388 1207/1808/2388 1222/1806/2388
f 1223/1809/2388 1222/1806/2388 1207/1808/2388
f 1222/1806/2389 1223/1809/2389 1238/1797/2389
f 1239/1798/2389 1238/1797/2389 1223/1809/2389
f 1153/1810/2390 1158/1811/2390 1157/1812/2390
f 1159/1813/2390 1157/1812/2390 1158/1811/2390
f 1161/1814/2390 1156/1815/2390 1160/1816/2390
f 1156/1815/2390 1155/1817/2390 1160/1816/2390
f 1156/1815/2390 1152/1818/2390 1155/1817/2390
f 1151/1819/2390 1155/1817/2390 1152/1818/2390
f 1153/1810/2390 1151/1819/2390 1152/1818/2390
f 1154/1820/2390 1153/1810/2390 1152/1818/2390
f 1149/1821/2390 1145/1822/2390 1150/1823/2390
f 1145/1822/2390 1149/1821/2390 1144/1824/2390
f 1144/1824/2390 1140/1825/2390 1145/1822/2390
f 1144/1824/2390 1141/1826/2390 1140/1825/2390
f 1142/1827/2390 1140/1825/2390 1141/1826/2390
f 1143/1828/2390 1140/1825/2390 1142/1827/2390
f 1142/1827/2390 1147/1829/2390 1146/1830/2390
f 1148/1831/2390 1146/1830/2390 1147/1829/2390
f 1120/1832/2390 1126/1833/2390 1125/1834/2390
f 1127/1835/2390 1125/1834/2390 1126/1833/2390
f 1120/1832/2390 1119/1836/2390 1122/1837/2390
f 1121/1838/2390 1119/1836/2390 1120/1832/2390
f 1123/1839/2390 1119/1836/2390 1121/1838/2390
f 1119/1836/2390 1123/1839/2390 1124/1840/2390
f 1129/1841/2390 1124/1840/2390 1123/1839/2390
f 1129/1841/2390 1128/1842/2390 1124/1840/2390
f 1139/1843/2390 1138/1844/2390 1135/1845/2390
f 1134/1846/2390 1135/1845/2390 1138/1844/2390
f 1135/1845/2390 1134/1846/2390 1131/1847/2390
f 1134/1846/2390 1133/1848/2390 1131/1847/2390
f 1132/1849/2390 1131/1847/2390 1133/1848/2390
f 1132/1849/2390 1130/1850/2390 1131/1847/2390
f 1132/1849/2390 1136/1851/2390 1130/1850/2390
f 1137/1852/2390 1130/1850/2390 1136/1851/2390
f 1105/1853/2390 1103/1854/2390 1104/1855/2390
f 1117/1856/2390 1103/1854/2390 1105/1853/2390
f 1117/1856/2390 1105/1853/2390 1113/1857/2390
f 1117/1856/2390 1113/1857/2390 1115/1858/2390
f 1115/1858/2390 1113/1857/2390 1114/1859/2390
f 1118/1860/2390 1103/1854/2390 1117/1856/2390
f 1117/1856/2390 1115/1858/2390 1116/1861/2390
f 1107/1862/2390 1105/1853/2390 1106/1863/2390
f 1109/1864/2390 1105/1853/2390 1107/1862/2390
f 1113/1857/2390 1105/1853/2390 1109/1864/2390
f 1113/1857/2390 1109/1864/2390 1111/1865/2390
f 1113/1857/2390 1111/1865/2390 1112/1866/2390
f 1109/1864/2390 1107/1862/2390 1108/1867/2390
f 1111/1865/2390 1109/1864/2390 1110/1868/2390
f 1089/1869/6 1087/1870/6 1088/1871/6
f 1101/1872/6 1087/1870/6 1089/1869/6
f 1101/1872/6 1089/1869/6 1097/1873/6
f 1101/1872/6 1097/1873/6 1099/1874/6
f 1099/1874/6 1097/1873/6 1098/1875/6
f 1102/1876/6 1087/1870/6 1101/1872/6
f 1101/1872/6 1099/1874/6 1100/1877/6
f 1091/1878/6 1089/1869/6 1090/1879/6
f 1093/1880/6 1089/1869/6 1091/1878/6
f 1097/1873/6 1089/1869/6 1093/1880/6
f 1097/1873/6 1093/1880/6 1095/1881/6
f 1097/1873/6 1095/1881/6 1096/1882/6
f 1093/1880/6 1091/1878/6 1092/1883/6
f 1095/1881/6 1093/1880/6 1094/1884/6
f 1082/1885/2391 1083/1886/2391 1081/1887/2391
f 1083/1886/2391 1082/1885/2391 1084/1888/2391
f 1084/1888/2392 1085/1889/2392 1083/1886/2392
f 1085/1889/2392 1084/1888/2392 1086/1890/2392
f 1086/1890/2393 1056/1891/2393 1085/1889/2393
f 1056/1891/2393 1086/1890/2393 1057/1892/2393
f 1105/1893/2394 1056/1891/2394 1106/1894/2394
f 1056/1891/2394 1105/1893/2394 1085/1889/2394
f 1104/1895/2395 1085/1889/2395 1105/1893/2395
f 1085/1889/2395 1104/1895/2395 1083/1886/2395
f 1103/1896/2396 1083/1886/2396 1104/1895/2396
f 1083/1886/2396 1103/1896/2396 1081/1887/2396
f 1118/1897/2397 1081/1887/2397 1103/1896/2397
f 1081/1887/2397 1118/1897/2397 1079/1898/2397
f 1080/1899/2398 1081/1887/2398 1079/1898/2398
f 1081/1887/2398 1080/1899/2398 1082/1885/2398
f 1092/1900/2399 1080/1899/2399 1093/1901/2399
f 1080/1899/2399 1092/1900/2399 1082/1885/2399
f 1091/1902/2400 1082/1885/2400 1092/1900/2400
f 1082/1885/2400 1091/1902/2400 1084/1888/2400
f 1090/1903/2401 1084/1888/2401 1091/1902/2401
f 1084/1888/2401 1090/1903/2401 1086/1890/2401
f 1089/1904/2402 1086/1890/2402 1090/1903/2402
f 1086/1890/2402 1089/1904/2402 1057/1892/2402
f 1088/1905/2403 1057/1892/2403 1089/1904/2403
f 1057/1892/2404 1055/1906/2404 1056/1891/2404
f 1055/1906/2404 1057/1892/2404 1058/1907/2404
f 1057/1892/2403 1088/1905/2403 1058/1907/2403
f 1087/1908/2405 1058/1907/2405 1088/1905/2405
f 1058/1907/2405 1087/1908/2405 1060/1909/2405
f 1102/1910/2406 1060/1909/2406 1087/1908/2406
f 1060/1909/2406 1102/1910/2406 1062/1911/2406
f 1101/1912/2407 1062/1911/2407 1102/1910/2407
f 1062/1911/2407 1101/1912/2407 1064/1913/2407
f 1100/1914/2408 1064/1913/2408 1101/1912/2408
f 1058/1907/2409 1059/1915/2409 1055/1906/2409
f 1059/1915/2409 1058/1907/2409 1060/1909/2409
f 1060/1909/2410 1061/1916/2410 1059/1915/2410
f 1061/1916/2410 1060/1909/2410 1062/1911/2410
f 1062/1911/2411 1063/1917/2411 1061/1916/2411
f 1063/1917/2411 1062/1911/2411 1064/1913/2411
f 1064/1913/2412 1065/1918/2412 1063/1917/2412
f 1065/1918/2412 1064/1913/2412 1066/1919/2412
f 1066/1919/2413 1067/1920/2413 1065/1918/2413
f 1067/1920/2413 1066/1919/2413 1068/1921/2413
f 1110/1922/2414 1065/1918/2414 1111/1923/2414
f 1065/1918/2414 1110/1922/2414 1063/1917/2414
f 1109/1924/2415 1063/1917/2415 1110/1922/2415
f 1063/1917/2415 1109/1924/2415 1061/1916/2415
f 1108/1925/2416 1061/1916/2416 1109/1924/2416
f 1061/1916/2416 1108/1925/2416 1059/1915/2416
f 1107/1926/2417 1059/1915/2417 1108/1925/2417
f 1059/1915/2417 1107/1926/2417 1055/1906/2417
f 1106/1894/2418 1055/1906/2418 1107/1926/2418
f 1055/1906/2418 1106/1894/2418 1056/1891/2418
f 1115/1927/2419 1075/1928/2419 1116/1929/2419
f 1075/1928/2419 1115/1927/2419 1073/1930/2419
f 1114/1931/2420 1073/1930/2420 1115/1927/2420
f 1073/1930/2420 1114/1931/2420 1071/1932/2420
f 1113/1933/2421 1071/1932/2421 1114/1931/2421
f 1071/1932/2421 1113/1933/2421 1069/1934/2421
f 1112/1935/2422 1069/1934/2422 1113/1933/2422
f 1069/1934/2422 1112/1935/2422 1067/1920/2422
f 1111/1923/2423 1067/1920/2423 1112/1935/2423
f 1067/1920/2423 1111/1923/2423 1065/1918/2423
f 1068/1921/2424 1069/1934/2424 1067/1920/2424
f 1069/1934/2424 1068/1921/2424 1070/1936/2424
f 1070/1936/2425 1071/1932/2425 1069/1934/2425
f 1071/1932/2425 1070/1936/2425 1072/1937/2425
f 1072/1937/2426 1073/1930/2426 1071/1932/2426
f 1073/1930/2426 1072/1937/2426 1074/1938/2426
f 1074/1938/2427 1075/1928/2427 1073/1930/2427
f 1075/1928/2427 1074/1938/2427 1076/1939/2427
f 1076/1939/2428 1077/1940/2428 1075/1928/2428
f 1077/1940/2428 1076/1939/2428 1078/1941/2428
f 1074/1938/2429 1095/1942/2429 1076/1939/2429
f 1094/1943/2430 1076/1939/2430 1095/1942/2430
f 1076/1939/2430 1094/1943/2430 1078/1941/2430
f 1093/1944/2431 1078/1941/2431 1094/1943/2431
f 1078/1941/2431 1093/1944/2431 1080/1945/2431
f 1079/1946/2432 1078/1941/2432 1080/1945/2432
f 1078/1941/2432 1079/1946/2432 1077/1940/2432
f 1079/1946/2433 1117/1947/2433 1077/1940/2433
f 1116/1929/2434 1077/1940/2434 1117/1947/2434
f 1077/1940/2434 1116/1929/2434 1075/1928/2434
f 1117/1947/2433 1079/1946/2433 1118/1948/2433
f 1064/1913/2408 1100/1914/2408 1066/1919/2408
f 1099/1949/2435 1066/1919/2435 1100/1914/2435
f 1066/1919/2435 1099/1949/2435 1068/1921/2435
f 1098/1950/2436 1068/1921/2436 1099/1949/2436
f 1068/1921/2436 1098/1950/2436 1070/1936/2436
f 1097/1951/2437 1070/1936/2437 1098/1950/2437
f 1070/1936/2437 1097/1951/2437 1072/1937/2437
f 1096/1952/2438 1072/1937/2438 1097/1951/2438
f 1072/1937/2438 1096/1952/2438 1074/1938/2438
f 1095/1942/2429 1074/1938/2429 1096/1952/2429
f 1025/1953/2439 849/1954/2439 851/1955/2439
f 1023/1956/2440 1022/1957/2440 1024/1958/2440
f 1024/1958/2441 1025/1953/2441 1023/1956/2441
f 854/1959/2442 1023/1956/2442 1025/1953/2442
f 854/1959/2443 1025/1953/2443 851/1955/2443
f 850/1960/1 854/1959/1 851/1955/1
f 851/1955/14 848/1961/14 850/1960/14
f 848/1961/14 851/1955/14 849/1954/14
f 849/1954/2444 846/1962/2444 848/1961/2444
f 846/1962/2444 849/1954/2444 847/1963/2444
f 847/1963/2445 845/1964/2445 846/1962/2445
f 854/1959/1 852/1965/1 853/1966/1
f 853/1966/2 856/1967/2 854/1959/2
f 1023/1956/2442 854/1959/2442 856/1967/2442
f 848/1961/16 875/1968/16 852/1965/16
f 874/1969/15 852/1965/15 875/1968/15
f 852/1965/15 874/1969/15 853/1966/15
f 873/1970/2446 853/1966/2446 874/1969/2446
f 853/1966/2446 873/1970/2446 855/1971/2446
f 856/1967/2 853/1966/2 855/1971/2
f 855/1971/5 858/1972/5 856/1967/5
f 858/1972/2447 1023/1956/2447 856/1967/2447
f 858/1972/2447 1021/1973/2447 1023/1956/2447
f 1022/1957/2440 1023/1956/2440 1021/1973/2440
f 857/1974/2448 860/1975/2448 858/1972/2448
f 858/1972/5 855/1971/5 857/1974/5
f 855/1971/2449 872/1976/2449 857/1974/2449
f 872/1976/2449 855/1971/2449 873/1970/2449
f 873/1970/2450 826/1977/2450 872/1976/2450
f 826/1977/2450 873/1970/2450 827/1978/2450
f 874/1969/28 827/1978/28 873/1970/28
f 827/1978/28 874/1969/28 829/1979/28
f 875/1968/27 829/1979/27 874/1969/27
f 829/1979/27 875/1968/27 830/1980/27
f 824/1981/2451 872/1976/2451 826/1977/2451
f 872/1976/2451 824/1981/2451 871/1982/2451
f 871/1982/2452 857/1974/2452 872/1976/2452
f 857/1974/2452 871/1982/2452 859/1983/2452
f 860/1975/2448 857/1974/2448 859/1983/2448
f 859/1983/2453 862/1984/2453 860/1975/2453
f 862/1984/2453 859/1983/2453 861/1985/2453
f 861/1985/37 865/1986/37 862/1984/37
f 823/1987/2454 871/1982/2454 824/1981/2454
f 871/1982/2454 823/1987/2454 870/1988/2454
f 870/1988/2455 859/1983/2455 871/1982/2455
f 859/1983/2455 870/1988/2455 863/1989/2455
f 821/1990/2456 870/1988/2456 823/1987/2456
f 870/1988/2456 821/1990/2456 868/1991/2456
f 868/1991/33 863/1989/33 870/1988/33
f 863/1989/33 868/1991/33 864/1992/33
f 865/1986/37 863/1989/37 864/1992/37
f 820/1993/2457 868/1991/2457 821/1990/2457
f 868/1991/2457 820/1993/2457 869/1994/2457
f 866/1995/2458 868/1991/2458 869/1994/2458
f 868/1991/2459 866/1995/2459 864/1992/2459
f 867/1996/2460 864/1992/2460 866/1995/2460
f 864/1992/2461 867/1996/2461 865/1986/2461
f 867/1996/2462 1019/1997/2462 865/1986/2462
f 1019/1997/2463 862/1984/2463 865/1986/2463
f 862/1984/2464 1019/1997/2464 1021/1973/2464
f 862/1984/2465 1021/1973/2465 860/1975/2465
f 1021/1973/2466 858/1972/2466 860/1975/2466
f 867/1996/2467 1017/1998/2467 1019/1997/2467
f 921/1999/2468 866/1995/2468 869/1994/2468
f 921/1999/2449 918/2000/2449 920/2001/2449
f 866/1995/2469 921/1999/2469 920/2001/2469
f 920/2001/2470 867/1996/2470 866/1995/2470
f 867/1996/2471 920/2001/2471 919/2002/2471
f 1017/1998/2472 867/1996/2472 919/2002/2472
f 917/2003/2473 1017/1998/2473 919/2002/2473
f 917/2003/2474 1015/2004/2474 1017/1998/2474
f 1015/2004/2475 917/2003/2475 915/2005/2475
f 913/2006/2476 1015/2004/2476 915/2005/2476
f 915/2005/2453 914/2007/2453 913/2006/2453
f 918/2000/5 919/2002/5 920/2001/5
f 919/2002/5 918/2000/5 917/2003/5
f 916/2008/2448 917/2003/2448 918/2000/2448
f 917/2003/2448 916/2008/2448 915/2005/2448
f 914/2007/2453 915/2005/2453 916/2008/2453
f 926/2009/35 907/2010/35 910/2011/35
f 910/2011/34 925/2012/34 926/2009/34
f 925/2012/34 910/2011/34 912/2013/34
f 912/2013/33 924/2014/33 925/2012/33
f 924/2014/33 912/2013/33 914/2007/33
f 914/2007/2455 923/2015/2455 924/2014/2455
f 923/2015/2455 914/2007/2455 916/2008/2455
f 916/2008/2452 922/2016/2452 923/2015/2452
f 922/2016/2452 916/2008/2452 918/2000/2452
f 918/2000/2449 921/1999/2449 922/2016/2449
f 925/2012/2456 885/2017/2456 887/2018/2456
f 885/2017/2456 925/2012/2456 924/2014/2456
f 924/2014/2454 884/2019/2454 885/2017/2454
f 884/2019/2454 924/2014/2454 923/2015/2454
f 923/2015/2451 882/2020/2451 884/2019/2451
f 882/2020/2451 923/2015/2451 922/2016/2451
f 922/2016/2450 881/2021/2450 882/2020/2450
f 881/2021/2450 922/2016/2450 921/1999/2450
f 921/1999/2477 820/1993/2477 881/2021/2477
f 820/1993/2477 921/1999/2477 869/1994/2477
f 930/2022/2478 893/2023/2478 894/2024/2478
f 893/2023/2478 930/2022/2478 929/2025/2478
f 929/2025/2479 891/2026/2479 893/2023/2479
f 891/2026/2479 929/2025/2479 928/2027/2479
f 928/2027/8 890/2028/8 891/2026/8
f 890/2028/8 928/2027/8 927/2029/8
f 927/2029/2480 888/2030/2480 890/2028/2480
f 888/2030/2480 927/2029/2480 926/2009/2480
f 926/2009/2481 887/2018/2481 888/2030/2481
f 887/2018/2481 926/2009/2481 925/2012/2481
f 901/2031/2444 929/2025/2444 930/2022/2444
f 899/2032/2482 1007/2033/2482 1009/2034/2482
f 899/2032/2483 1009/2034/2483 902/2035/2483
f 902/2035/2484 901/2031/2484 899/2032/2484
f 901/2031/2484 902/2035/2484 903/2036/2484
f 929/2025/2444 901/2031/2444 903/2036/2444
f 903/2036/2445 928/2027/2445 929/2025/2445
f 928/2027/2445 903/2036/2445 905/2037/2445
f 905/2037/36 927/2029/36 928/2027/36
f 927/2029/36 905/2037/36 907/2010/36
f 907/2010/35 926/2009/35 927/2029/35
f 906/2038/22 905/2037/22 904/2039/22
f 903/2036/2485 904/2039/2485 905/2037/2485
f 904/2039/2485 903/2036/2485 902/2035/2485
f 1009/2034/2486 904/2039/2486 902/2035/2486
f 904/2039/2487 1009/2034/2487 1011/2040/2487
f 904/2039/2487 1011/2040/2487 906/2038/2487
f 1011/2040/2488 909/2041/2488 906/2038/2488
f 909/2041/2488 1011/2040/2488 1013/2042/2488
f 909/2041/2489 1013/2042/2489 911/2043/2489
f 1013/2042/2490 913/2006/2490 911/2043/2490
f 913/2006/2491 1013/2042/2491 1015/2004/2491
f 912/2013/37 913/2006/37 914/2007/37
f 913/2006/37 912/2013/37 911/2043/37
f 910/2011/30 911/2043/30 912/2013/30
f 911/2043/30 910/2011/30 909/2041/30
f 907/2010/29 909/2041/29 910/2011/29
f 909/2041/29 907/2010/29 906/2038/29
f 908/2044/22 906/2038/22 907/2010/22
f 1021/1973/2492 1020/2045/2492 1022/1957/2492
f 1020/2045/2492 1021/1973/2492 1019/1997/2492
f 1019/1997/2493 1018/2046/2493 1020/2045/2493
f 1018/2046/2493 1019/1997/2493 1017/1998/2493
f 1017/1998/2494 1016/2047/2494 1018/2046/2494
f 1016/2047/2494 1017/1998/2494 1015/2004/2494
f 1015/2004/2495 1014/2048/2495 1016/2047/2495
f 1014/2048/2495 1015/2004/2495 1013/2042/2495
f 1013/2042/2496 1012/2049/2496 1014/2048/2496
f 1012/2049/2496 1013/2042/2496 1011/2040/2496
f 1014/2048/2390 1045/2050/2390 1046/2051/2390
f 1046/2051/2390 1016/2047/2390 1014/2048/2390
f 1016/2047/2390 1046/2051/2390 1047/2052/2390
f 1047/2052/2390 1018/2046/2390 1016/2047/2390
f 1018/2046/2390 1047/2052/2390 1048/2053/2390
f 1048/2053/2390 1020/2045/2390 1018/2046/2390
f 1020/2045/2390 1048/2053/2390 1049/2054/2390
f 1049/2054/2390 1022/1957/2390 1020/2045/2390
f 1022/1957/2390 1049/2054/2390 1050/2055/2390
f 1050/2055/2390 1024/1958/2390 1022/1957/2390
f 822/2056/2497 1051/2057/2497 1050/2055/2497
f 1050/2055/2498 819/2058/2498 822/2056/2498
f 819/2058/2498 1050/2055/2498 1049/2054/2498
f 1049/2054/2499 883/2059/2499 819/2058/2499
f 883/2059/2499 1049/2054/2499 1048/2053/2499
f 1048/2053/2500 886/2060/2500 883/2059/2500
f 886/2060/2500 1048/2053/2500 1047/2052/2500
f 1047/2052/2501 889/2061/2501 886/2060/2501
f 889/2061/2501 1047/2052/2501 1046/2051/2501
f 1046/2051/2502 892/2062/2502 889/2061/2502
f 837/2063/2503 1032/2064/2503 1031/2065/2503
f 1031/2065/2504 834/2066/2504 837/2063/2504
f 834/2066/2505 1031/2065/2505 1054/2067/2505
f 1054/2067/2506 831/2068/2506 834/2066/2506
f 831/2068/2506 1054/2067/2506 1053/2069/2506
f 1053/2069/2507 828/2070/2507 831/2068/2507
f 828/2070/2507 1053/2069/2507 1052/2071/2507
f 1052/2071/2508 825/2072/2508 828/2070/2508
f 825/2072/2508 1052/2071/2508 1051/2057/2508
f 1051/2057/2497 822/2056/2497 825/2072/2497
f 1024/1958/2390 1050/2055/2390 1051/2057/2390
f 1051/2057/2390 1026/2073/2390 1024/1958/2390
f 1026/2073/2390 1051/2057/2390 1052/2071/2390
f 1052/2071/2390 1028/2074/2390 1026/2073/2390
f 1027/2075/2509 1026/2073/2509 1028/2074/2509
f 1028/2074/2510 1029/2076/2510 1027/2075/2510
f 844/2077/2511 1027/2075/2511 1029/2076/2511
f 844/2077/2512 1029/2076/2512 840/2078/2512
f 839/2079/36 844/2077/36 840/2078/36
f 841/2080/2513 839/2079/2513 840/2078/2513
f 1025/1953/2441 1024/1958/2441 1026/2073/2441
f 1026/2073/2509 1027/2075/2509 1025/1953/2509
f 849/1954/2514 1025/1953/2514 1027/2075/2514
f 849/1954/2515 1027/2075/2515 847/1963/2515
f 1027/2075/2516 844/2077/2516 847/1963/2516
f 843/2081/2445 847/1963/2445 844/2077/2445
f 844/2077/36 839/2079/36 843/2081/36
f 970/2082/14 967/2083/14 969/2084/14
f 969/2084/2517 841/2080/2517 970/2082/2517
f 841/2080/2518 984/2085/2518 970/2082/2518
f 841/2080/2519 1029/2076/2519 984/2085/2519
f 1029/2076/2520 841/2080/2520 840/2078/2520
f 968/2086/2521 984/2085/2521 983/2087/2521
f 984/2085/2522 968/2086/2522 970/2082/2522
f 971/2088/14 970/2082/14 968/2086/14
f 1028/2074/2390 1052/2071/2390 1053/2069/2390
f 1053/2069/2390 1030/2089/2390 1028/2074/2390
f 1029/2076/2510 1028/2074/2510 1030/2089/2510
f 1030/2089/2523 984/2085/2523 1029/2076/2523
f 984/2085/2523 1030/2089/2523 985/2090/2523
f 985/2090/2524 983/2087/2524 984/2085/2524
f 983/2087/2525 985/2090/2525 986/2091/2525
f 986/2091/2526 987/2092/2526 983/2087/2526
f 987/2092/2526 986/2091/2526 988/2093/2526
f 988/2093/2527 989/2094/2527 987/2092/2527
f 959/2095/2528 987/2092/2528 989/2094/2528
f 959/2095/2529 989/2094/2529 957/2096/2529
f 989/2094/2530 955/2097/2530 957/2096/2530
f 955/2097/2455 952/2098/2455 954/2099/2455
f 954/2099/33 957/2096/33 955/2097/33
f 957/2096/33 954/2099/33 956/2100/33
f 956/2100/34 959/2095/34 957/2096/34
f 959/2095/34 956/2100/34 958/2101/34
f 958/2101/35 961/2102/35 959/2095/35
f 987/2092/2528 959/2095/2528 961/2102/2528
f 963/2103/2531 987/2092/2531 961/2102/2531
f 963/2103/2531 983/2087/2531 987/2092/2531
f 983/2087/2532 963/2103/2532 965/2104/2532
f 968/2086/2533 983/2087/2533 965/2104/2533
f 964/2105/2444 968/2086/2444 965/2104/2444
f 968/2086/2444 964/2105/2444 967/2083/2444
f 966/2106/2445 965/2104/2445 963/2103/2445
f 965/2104/2445 962/2107/2445 964/2105/2445
f 961/2102/35 958/2101/35 960/2108/35
f 960/2108/36 963/2103/36 961/2102/36
f 963/2103/36 960/2108/36 962/2107/36
f 976/2109/29 958/2101/29 977/2110/29
f 958/2101/29 976/2109/29 960/2108/29
f 975/2111/22 960/2108/22 976/2109/22
f 960/2108/22 975/2111/22 962/2107/22
f 974/2112/2485 962/2107/2485 975/2111/2485
f 973/2113/26 932/2114/26 972/2115/26
f 932/2114/26 973/2113/26 934/2116/26
f 974/2112/2534 934/2116/2534 973/2113/2534
f 934/2116/2534 974/2112/2534 935/2117/2534
f 975/2111/2535 935/2117/2535 974/2112/2535
f 935/2117/2535 975/2111/2535 937/2118/2535
f 976/2109/43 937/2118/43 975/2111/43
f 937/2118/43 976/2109/43 938/2119/43
f 977/2110/42 938/2119/42 976/2109/42
f 938/2119/42 977/2110/42 940/2120/42
f 839/2079/2513 841/2080/2513 842/2121/2513
f 841/2080/2536 969/2084/2536 842/2121/2536
f 972/2115/2537 842/2121/2537 969/2084/2537
f 967/2083/16 972/2115/16 969/2084/16
f 972/2115/16 967/2083/16 973/2113/16
f 964/2105/2484 973/2113/2484 967/2083/2484
f 973/2113/2484 964/2105/2484 974/2112/2484
f 966/2106/2485 974/2112/2485 964/2105/2485
f 842/2121/2538 972/2115/2538 880/2122/2538
f 879/2123/2539 842/2121/2539 880/2122/2539
f 842/2121/2539 879/2123/2539 839/2079/2539
f 878/2124/22 839/2079/22 879/2123/22
f 839/2079/22 878/2124/22 845/1964/22
f 877/2125/2485 845/1964/2485 878/2124/2485
f 845/1964/2485 877/2125/2485 846/1962/2485
f 876/2126/2484 846/1962/2484 877/2125/2484
f 846/1962/2484 876/2126/2484 848/1961/2484
f 875/1968/16 848/1961/16 876/2126/16
f 876/2126/26 830/1980/26 875/1968/26
f 830/1980/26 876/2126/26 832/2127/26
f 877/2125/2534 832/2127/2534 876/2126/2534
f 832/2127/2534 877/2125/2534 833/2128/2534
f 878/2124/2535 833/2128/2535 877/2125/2535
f 833/2128/2535 878/2124/2535 835/2129/2535
f 879/2123/43 835/2129/43 878/2124/43
f 835/2129/43 879/2123/43 836/2130/43
f 880/2122/2540 836/2130/2540 879/2123/2540
f 836/2130/2540 880/2122/2540 838/2131/2540
f 972/2115/2541 838/2131/2541 880/2122/2541
f 838/2131/2541 972/2115/2541 932/2114/2541
f 783/2132/2542 997/2133/2542 785/2134/2542
f 1001/2135/2543 1000/2136/2543 1002/2137/2543
f 1000/2136/2543 1001/2135/2543 999/2138/2543
f 999/2138/2544 998/2139/2544 1000/2136/2544
f 998/2139/2544 999/2138/2544 997/2133/2544
f 787/2140/2545 997/2133/2545 999/2138/2545
f 997/2133/2546 787/2140/2546 785/2134/2546
f 787/2140/2452 786/2141/2452 785/2134/2452
f 784/2142/2455 785/2134/2455 786/2141/2455
f 785/2134/2455 784/2142/2455 783/2132/2455
f 779/2143/33 783/2132/33 784/2142/33
f 787/2140/2545 999/2138/2545 789/2144/2545
f 999/2138/2547 791/2145/2547 789/2144/2547
f 791/2145/2547 999/2138/2547 1001/2135/2547
f 791/2145/2548 1001/2135/2548 793/2146/2548
f 1001/2135/2549 795/2147/2549 793/2146/2549
f 795/2147/2550 1001/2135/2550 1003/2148/2550
f 795/2147/2551 1003/2148/2551 797/2149/2551
f 786/2141/2452 787/2140/2452 788/2150/2452
f 789/2144/2449 788/2150/2449 787/2140/2449
f 788/2150/2449 789/2144/2449 790/2151/2449
f 791/2145/2446 790/2151/2446 789/2144/2446
f 790/2151/2446 791/2145/2446 792/2152/2446
f 793/2146/15 792/2152/15 791/2145/15
f 792/2152/15 793/2146/15 794/2153/15
f 795/2147/16 794/2153/16 793/2146/16
f 794/2153/16 795/2147/16 796/2154/16
f 797/2149/2484 796/2154/2484 795/2147/2484
f 809/2155/2444 796/2154/2444 801/2156/2444
f 796/2154/2444 809/2155/2444 810/2157/2444
f 810/2157/14 794/2153/14 796/2154/14
f 794/2153/14 810/2157/14 811/2158/14
f 811/2158/1 792/2152/1 794/2153/1
f 792/2152/1 811/2158/1 812/2159/1
f 812/2159/2 790/2151/2 792/2152/2
f 790/2151/2 812/2159/2 813/2160/2
f 813/2160/5 788/2150/5 790/2151/5
f 788/2150/5 813/2160/5 814/2161/5
f 814/2161/4 770/2162/4 771/2163/4
f 770/2162/4 814/2161/4 813/2160/4
f 813/2160/3 768/2164/3 770/2162/3
f 768/2164/3 813/2160/3 812/2159/3
f 812/2159/12 767/2165/12 768/2164/12
f 767/2165/12 812/2159/12 811/2158/12
f 811/2158/11 765/2166/11 767/2165/11
f 765/2166/11 811/2158/11 810/2157/11
f 810/2157/2478 764/2167/2478 765/2166/2478
f 764/2167/2478 810/2157/2478 809/2155/2478
f 809/2155/2479 762/2168/2479 764/2167/2479
f 762/2168/2479 809/2155/2479 808/2169/2479
f 808/2169/8 760/2170/8 762/2168/8
f 760/2170/8 808/2169/8 806/2171/8
f 806/2171/2552 761/2172/2552 760/2170/2552
f 761/2172/2552 806/2171/2552 807/2173/2552
f 807/2173/2553 896/2174/2553 761/2172/2553
f 896/2174/2553 807/2173/2553 931/2175/2553
f 931/2175/11 894/2024/11 896/2174/11
f 894/2024/11 931/2175/11 930/2022/11
f 805/2176/2554 931/2175/2554 807/2173/2554
f 931/2175/2554 805/2176/2554 897/2177/2554
f 897/2177/14 930/2022/14 931/2175/14
f 930/2022/14 897/2177/14 900/2178/14
f 897/2177/16 899/2032/16 900/2178/16
f 899/2032/16 897/2177/16 898/2179/16
f 1007/2033/2555 899/2032/2555 898/2179/2555
f 804/2180/2556 1007/2033/2556 898/2179/2556
f 804/2180/2557 1005/2181/2557 1007/2033/2557
f 804/2180/2558 897/2177/2558 805/2176/2558
f 897/2177/2558 804/2180/2558 898/2179/2558
f 796/2154/2484 797/2149/2484 798/2182/2484
f 799/2183/2485 798/2182/2485 797/2149/2485
f 1003/2148/2559 799/2183/2559 797/2149/2559
f 799/2183/2560 1003/2148/2560 1005/2181/2560
f 799/2183/2561 1005/2181/2561 802/2184/2561
f 1005/2181/2562 804/2180/2562 802/2184/2562
f 804/2180/2563 803/2185/2563 802/2184/2563
f 803/2185/2564 804/2180/2564 805/2176/2564
f 805/2176/2565 806/2171/2565 803/2185/2565
f 806/2171/2566 805/2176/2566 807/2173/2566
f 798/2182/2445 808/2169/2445 809/2155/2445
f 808/2169/2445 798/2182/2445 800/2186/2445
f 800/2186/36 806/2171/36 808/2169/36
f 806/2171/36 800/2186/36 803/2185/36
f 800/2186/22 802/2184/22 803/2185/22
f 802/2184/22 800/2186/22 799/2183/22
f 801/2156/2485 799/2183/2485 800/2186/2485
f 771/2187/6 772/2188/6 773/2189/6
f 771/2187/6 769/2190/6 772/2188/6
f 769/2190/6 771/2187/6 770/2191/6
f 768/2192/6 769/2190/6 770/2191/6
f 768/2192/6 766/2193/6 769/2190/6
f 766/2193/6 768/2192/6 767/2194/6
f 765/2195/6 766/2193/6 767/2194/6
f 765/2195/6 763/2196/6 766/2193/6
f 763/2196/6 765/2195/6 764/2197/6
f 762/2198/6 763/2196/6 764/2197/6
f 762/2198/6 759/2199/6 763/2196/6
f 759/2199/6 762/2198/6 760/2200/6
f 761/2201/6 759/2199/6 760/2200/6
f 761/2201/6 895/2202/6 759/2199/6
f 895/2202/6 761/2201/6 896/2203/6
f 894/2204/6 895/2202/6 896/2203/6
f 894/2204/6 892/2205/6 895/2202/6
f 892/2205/6 894/2204/6 893/2206/6
f 891/2207/6 892/2205/6 893/2206/6
f 891/2207/6 889/2208/6 892/2205/6
f 889/2208/6 891/2207/6 890/2209/6
f 888/2210/6 889/2208/6 890/2209/6
f 888/2210/6 886/2211/6 889/2208/6
f 886/2211/6 888/2210/6 887/2212/6
f 885/2213/6 886/2211/6 887/2212/6
f 885/2213/6 883/2214/6 886/2211/6
f 883/2214/6 885/2213/6 884/2215/6
f 882/2216/6 883/2214/6 884/2215/6
f 882/2216/6 819/2217/6 883/2214/6
f 819/2217/6 882/2216/6 881/2218/6
f 820/2219/6 819/2217/6 881/2218/6
f 821/2220/6 819/2217/6 820/2219/6
f 819/2217/6 821/2220/6 822/2221/6
f 822/2221/6 821/2220/6 823/2222/6
f 824/2223/6 822/2221/6 823/2222/6
f 822/2221/6 824/2223/6 825/2224/6
f 825/2224/6 824/2223/6 826/2225/6
f 827/2226/6 825/2224/6 826/2225/6
f 825/2224/6 827/2226/6 828/2227/6
f 828/2227/6 827/2226/6 829/2228/6
f 830/2229/6 828/2227/6 829/2228/6
f 828/2227/6 830/2229/6 831/2230/6
f 831/2230/6 830/2229/6 832/2231/6
f 833/2232/6 831/2230/6 832/2231/6
f 831/2230/6 833/2232/6 834/2233/6
f 834/2233/6 833/2232/6 835/2234/6
f 836/2235/6 834/2233/6 835/2234/6
f 834/2233/6 836/2235/6 837/2236/6
f 837/2236/6 836/2235/6 838/2237/6
f 932/2238/6 837/2236/6 838/2237/6
f 837/2236/6 932/2238/6 933/2239/6
f 933/2239/6 932/2238/6 934/2240/6
f 935/2241/6 933/2239/6 934/2240/6
f 933/2239/6 935/2241/6 936/2242/6
f 936/2242/6 935/2241/6 937/2243/6
f 938/2244/6 936/2242/6 937/2243/6
f 936/2242/6 938/2244/6 939/2245/6
f 939/2245/6 938/2244/6 940/2246/6
f 941/2247/6 939/2245/6 940/2246/6
f 939/2245/6 941/2247/6 942/2248/6
f 942/2248/6 941/2247/6 943/2249/6
f 944/2250/6 942/2248/6 943/2249/6
f 942/2248/6 944/2250/6 945/2251/6
f 945/2251/6 944/2250/6 946/2252/6
f 947/2253/6 945/2251/6 946/2252/6
f 945/2251/6 947/2253/6 778/2254/6
f 778/2254/6 947/2253/6 777/2255/6
f 777/2255/6 775/2256/6 778/2254/6
f 775/2256/6 777/2255/6 776/2257/6
f 774/2258/6 775/2256/6 776/2257/6
f 774/2258/6 772/2188/6 775/2256/6
f 772/2188/6 774/2258/6 773/2189/6
f 991/2259/2567 951/2260/2567 953/2261/2567
f 989/2094/2527 988/2093/2527 990/2262/2527
f 990/2262/2568 991/2259/2568 989/2094/2568
f 955/2097/2569 989/2094/2569 991/2259/2569
f 955/2097/2570 991/2259/2570 953/2261/2570
f 952/2098/2455 955/2097/2455 953/2261/2455
f 953/2261/2452 950/2263/2452 952/2098/2452
f 950/2263/2452 953/2261/2452 951/2260/2452
f 951/2260/2449 948/2264/2449 950/2263/2449
f 981/2265/5 948/2264/5 982/2266/5
f 948/2264/5 981/2265/5 950/2263/5
f 980/2267/2448 950/2263/2448 981/2265/2448
f 950/2263/2448 980/2267/2448 952/2098/2448
f 979/2268/2453 952/2098/2453 980/2267/2453
f 952/2098/2453 979/2268/2453 954/2099/2453
f 978/2269/37 954/2099/37 979/2268/37
f 954/2099/37 978/2269/37 956/2100/37
f 977/2110/30 956/2100/30 978/2269/30
f 956/2100/30 977/2110/30 958/2101/30
f 978/2269/41 940/2120/41 977/2110/41
f 940/2120/41 978/2269/41 941/2270/41
f 979/2268/40 941/2270/40 978/2269/40
f 941/2270/40 979/2268/40 943/2271/40
f 980/2267/2571 943/2271/2571 979/2268/2571
f 943/2271/2571 980/2267/2571 944/2272/2571
f 981/2265/2572 944/2272/2572 980/2267/2572
f 944/2272/2572 981/2265/2572 946/2273/2572
f 982/2266/4 946/2273/4 981/2265/4
f 946/2273/4 982/2266/4 947/2274/4
f 818/2275/2573 947/2274/2573 982/2266/2573
f 947/2274/2573 818/2275/2573 777/2276/2573
f 818/2275/2574 776/2277/2574 777/2276/2574
f 776/2277/2574 818/2275/2574 817/2278/2574
f 817/2278/40 774/2279/40 776/2277/40
f 774/2279/40 817/2278/40 816/2280/40
f 816/2280/2571 773/2281/2571 774/2279/2571
f 773/2281/2571 816/2280/2571 815/2282/2571
f 815/2282/2572 771/2163/2572 773/2281/2572
f 771/2163/2572 815/2282/2572 814/2161/2572
f 814/2161/2448 786/2141/2448 788/2150/2448
f 786/2141/2448 814/2161/2448 815/2282/2448
f 815/2282/2453 784/2142/2453 786/2141/2453
f 784/2142/2453 815/2282/2453 816/2280/2453
f 816/2280/37 779/2143/37 784/2142/37
f 779/2143/37 816/2280/37 817/2278/37
f 817/2278/2575 780/2283/2575 779/2143/2575
f 780/2283/2576 817/2278/2576 818/2275/2576
f 982/2266/2577 780/2283/2577 818/2275/2577
f 780/2283/2578 982/2266/2578 948/2264/2578
f 997/2133/2579 996/2284/2579 998/2139/2579
f 996/2284/2579 997/2133/2579 995/2285/2579
f 783/2132/2580 995/2285/2580 997/2133/2580
f 995/2285/2581 783/2132/2581 782/2286/2581
f 783/2132/33 779/2143/33 782/2286/33
f 779/2143/2582 781/2287/2582 782/2286/2582
f 781/2287/2583 779/2143/2583 780/2283/2583
f 948/2264/2584 781/2287/2584 780/2283/2584
f 781/2287/2585 948/2264/2585 949/2288/2585
f 948/2264/2449 951/2260/2449 949/2288/2449
f 993/2289/2586 781/2287/2586 949/2288/2586
f 781/2287/2587 993/2289/2587 995/2285/2587
f 781/2287/2588 995/2285/2588 782/2286/2588
f 995/2285/2589 994/2290/2589 996/2284/2589
f 994/2290/2589 995/2285/2589 993/2289/2589
f 993/2289/2590 992/2291/2590 994/2290/2590
f 1035/2292/2390 994/2290/2390 992/2291/2390
f 992/2291/2390 1034/2293/2390 1035/2292/2390
f 942/2294/2591 1036/2295/2591 1035/2292/2591
f 1035/2292/2592 939/2296/2592 942/2294/2592
f 939/2296/2592 1035/2292/2592 1034/2293/2592
f 1034/2293/2593 936/2297/2593 939/2296/2593
f 994/2290/2390 1035/2292/2390 1036/2295/2390
f 1036/2295/2390 996/2284/2390 994/2290/2390
f 996/2284/2390 1036/2295/2390 1037/2298/2390
f 1037/2298/2390 998/2139/2390 996/2284/2390
f 998/2139/2390 1037/2298/2390 1038/2299/2390
f 1038/2299/2390 1000/2136/2390 998/2139/2390
f 1000/2136/2390 1038/2299/2390 1039/2300/2390
f 1039/2300/2390 1002/2137/2390 1000/2136/2390
f 1002/2137/2390 1039/2300/2390 1040/2301/2390
f 1040/2301/2390 1004/2302/2390 1002/2137/2390
f 769/2303/2594 1041/2304/2594 1040/2301/2594
f 1040/2301/2595 772/2305/2595 769/2303/2595
f 772/2305/2595 1040/2301/2595 1039/2300/2595
f 1039/2300/2596 775/2306/2596 772/2305/2596
f 775/2306/2596 1039/2300/2596 1038/2299/2596
f 1038/2299/2597 778/2307/2597 775/2306/2597
f 778/2307/2597 1038/2299/2597 1037/2298/2597
f 1037/2298/2598 945/2308/2598 778/2307/2598
f 945/2308/2598 1037/2298/2598 1036/2295/2598
f 1036/2295/2591 942/2294/2591 945/2308/2591
f 1004/2302/2390 1040/2301/2390 1041/2304/2390
f 1041/2304/2390 1006/2309/2390 1004/2302/2390
f 1006/2309/2390 1041/2304/2390 1042/2310/2390
f 1042/2310/2390 1008/2311/2390 1006/2309/2390
f 1008/2311/2390 1042/2310/2390 1043/2312/2390
f 1043/2312/2390 1010/2313/2390 1008/2311/2390
f 1010/2313/2390 1043/2312/2390 1044/2314/2390
f 1044/2314/2390 1012/2049/2390 1010/2313/2390
f 1012/2049/2390 1044/2314/2390 1045/2050/2390
f 1045/2050/2390 1014/2048/2390 1012/2049/2390
f 1011/2040/2599 1010/2313/2599 1012/2049/2599
f 1010/2313/2599 1011/2040/2599 1009/2034/2599
f 1009/2034/2600 1008/2311/2600 1010/2313/2600
f 1008/2311/2600 1009/2034/2600 1007/2033/2600
f 1007/2033/2601 1006/2309/2601 1008/2311/2601
f 1006/2309/2601 1007/2033/2601 1005/2181/2601
f 1005/2181/2602 1004/2302/2602 1006/2309/2602
f 1004/2302/2602 1005/2181/2602 1003/2148/2602
f 1003/2148/2603 1002/2137/2603 1004/2302/2603
f 1002/2137/2603 1003/2148/2603 1001/2135/2603
f 719/10/5 745/2315/5 746/2316/5
f 745/2315/2449 747/2317/2449 746/2316/2449
f 747/2317/2449 745/2315/2449 748/2318/2449
f 742/3/2446 748/2318/2446 745/2315/2446
f 748/2318/2446 742/3/2446 749/32/2446
f 741/4/15 749/32/15 742/3/15
f 749/32/28 722/43/28 748/2318/28
f 721/2319/2450 748/2318/2450 722/43/2450
f 748/2318/2450 721/2319/2450 747/2317/2450
f 611/2320/2604 747/2317/2604 721/2319/2604
f 747/2317/2604 611/2320/2604 640/2321/2604
f 612/2322/2605 747/2317/2605 640/2321/2605
f 747/2317/2606 612/2322/2606 746/2316/2606
f 574/21/2607 746/2316/2607 612/2322/2607
f 746/2316/2608 574/21/2608 719/10/2608
f 574/21/7 720/12/7 719/10/7
f 737/2323/2609 709/28/2609 707/26/2609
f 543/2324/6 700/2325/6 731/2326/6
f 700/2325/6 543/2324/6 505/49/6
f 505/49/31 699/48/31 700/2325/31
f 701/52/2456 700/2325/2456 699/48/2456
f 700/2325/2456 701/52/2456 702/2327/2456
f 703/54/2481 702/2327/2481 701/52/2481
f 702/2327/2481 703/54/2481 704/2328/2481
f 705/55/2480 704/2328/2480 703/54/2480
f 704/2328/2480 705/55/2480 706/25/2480
f 707/26/8 706/25/8 705/55/8
f 727/2329/6 710/20/6 726/19/6
f 710/20/6 727/2329/6 708/27/6
f 728/2330/6 708/27/6 727/2329/6
f 708/27/6 728/2330/6 706/25/6
f 729/2331/6 706/25/6 728/2330/6
f 706/25/6 729/2331/6 704/2328/6
f 730/2332/6 704/2328/6 729/2331/6
f 704/2328/6 730/2332/6 702/2327/6
f 731/2326/6 702/2327/6 730/2332/6
f 702/2327/6 731/2326/6 700/2325/6
f 678/2333/2446 647/2334/2446 677/2335/2446
f 647/2334/2446 678/2333/2446 645/2336/2446
f 644/2337/28 647/2334/28 645/2336/28
f 647/2334/28 644/2337/28 646/2338/28
f 673/2339/6 646/2338/6 644/2337/6
f 646/2338/6 673/2339/6 672/2340/6
f 672/2340/6 648/2341/6 646/2338/6
f 648/2341/6 672/2340/6 671/2342/6
f 671/2342/6 650/2343/6 648/2341/6
f 650/2343/6 671/2342/6 670/2344/6
f 670/2344/6 652/2345/6 650/2343/6
f 645/2336/2450 642/2346/2450 644/2337/2450
f 655/2347/2610 652/2345/2610 654/2348/2610
f 652/2345/2610 655/2347/2610 653/2349/2610
f 653/2349/2611 650/2343/2611 652/2345/2611
f 650/2343/2611 653/2349/2611 651/2350/2611
f 651/2350/26 648/2341/26 650/2343/26
f 648/2341/26 651/2350/26 649/2351/26
f 649/2351/27 646/2338/27 648/2341/27
f 646/2338/27 649/2351/27 647/2334/27
f 649/2351/15 680/2352/15 647/2334/15
f 680/2352/15 649/2351/15 679/2353/15
f 651/2350/16 679/2353/16 649/2351/16
f 679/2353/16 651/2350/16 681/2354/16
f 653/2349/2612 681/2354/2612 651/2350/2612
f 681/2354/2613 653/2349/2613 682/2355/2613
f 655/2347/2614 682/2355/2614 653/2349/2614
f 682/2355/2615 655/2347/2615 683/2356/2615
f 678/2333/2 696/2357/2 697/2358/2
f 696/2357/2 678/2333/2 680/2352/2
f 680/2352/1 695/2359/1 696/2357/1
f 695/2359/1 680/2352/1 679/2353/1
f 679/2353/14 694/2360/14 695/2359/14
f 694/2360/14 679/2353/14 681/2354/14
f 681/2354/2616 693/2361/2616 694/2360/2616
f 693/2361/2617 681/2354/2617 682/2355/2617
f 682/2355/2618 692/2362/2618 693/2361/2618
f 692/2362/2619 682/2355/2619 683/2356/2619
f 667/2363/8 692/2362/8 691/2364/8
f 692/2362/8 667/2363/8 668/2365/8
f 668/2365/2620 693/2361/2620 692/2362/2620
f 693/2361/2620 668/2365/2620 669/2366/2620
f 669/2366/2621 694/2360/2621 693/2361/2621
f 694/2360/2621 669/2366/2621 670/2367/2621
f 670/2367/11 695/2359/11 694/2360/11
f 695/2359/11 670/2367/11 671/2368/11
f 671/2368/12 696/2357/12 695/2359/12
f 696/2357/12 671/2368/12 672/2369/12
f 672/2369/3 697/2358/3 696/2357/3
f 697/2358/3 672/2369/3 673/2370/3
f 560/2371/2622 674/2372/2622 532/2373/2622
f 674/2372/2622 560/2371/2622 698/2374/2622
f 698/2374/4 673/2370/4 674/2372/4
f 673/2370/4 698/2374/4 697/2358/4
f 675/2375/5 697/2358/5 698/2374/5
f 697/2358/5 675/2375/5 676/2376/5
f 675/2375/2449 645/2336/2449 676/2376/2449
f 645/2336/2449 675/2375/2449 643/2377/2449
f 642/2346/2450 645/2336/2450 643/2377/2450
f 643/2377/2623 529/2378/2623 642/2346/2623
f 558/2379/2624 698/2374/2624 560/2371/2624
f 698/2374/2625 558/2379/2625 675/2375/2625
f 530/2380/2626 675/2375/2626 558/2379/2626
f 675/2375/2627 530/2380/2627 643/2377/2627
f 529/2378/2623 643/2377/2623 530/2380/2623
f 532/2381/6 642/2346/6 529/2378/6
f 642/2346/6 532/2381/6 674/2382/6
f 674/2382/6 644/2337/6 642/2346/6
f 644/2337/6 674/2382/6 673/2339/6
f 625/2383/36 629/2384/36 626/2385/36
f 629/2384/36 625/2383/36 630/2386/36
f 624/2387/35 630/2386/35 625/2383/35
f 630/2386/35 624/2387/35 631/2388/35
f 623/2389/34 631/2388/34 624/2387/34
f 631/2388/34 623/2389/34 632/2390/34
f 622/2391/33 632/2390/33 623/2389/33
f 632/2390/33 622/2391/33 633/2392/33
f 621/2393/2628 633/2392/2628 622/2391/2628
f 633/2392/2629 621/2393/2629 634/2394/2629
f 593/2395/29 624/2387/29 625/2383/29
f 624/2387/29 593/2395/29 591/2396/29
f 591/2396/30 623/2389/30 624/2387/30
f 623/2389/30 591/2396/30 589/2397/30
f 589/2397/37 622/2391/37 623/2389/37
f 622/2391/37 589/2397/37 587/2398/37
f 587/2398/2630 621/2393/2630 622/2391/2630
f 621/2393/2631 587/2398/2631 585/2399/2631
f 585/2399/2632 619/2400/2632 621/2393/2632
f 619/2400/2633 634/2394/2633 621/2393/2633
f 585/2399/2634 584/2401/2634 583/2402/2634
f 584/2401/2634 585/2399/2634 586/2403/2634
f 587/2398/2635 586/2403/2635 585/2399/2635
f 586/2403/2635 587/2398/2635 588/2404/2635
f 589/2397/40 588/2404/40 587/2398/40
f 588/2404/40 589/2397/40 590/2405/40
f 591/2396/41 590/2405/41 589/2397/41
f 590/2405/41 591/2396/41 592/2406/41
f 593/2395/42 592/2406/42 591/2396/42
f 592/2406/42 593/2395/42 594/2407/42
f 583/2402/5 617/2408/5 619/2400/5
f 601/2409/6 596/2410/6 600/2411/6
f 596/2410/6 601/2409/6 594/2407/6
f 602/2412/6 594/2407/6 601/2409/6
f 594/2407/6 602/2412/6 592/2406/6
f 603/2413/6 592/2406/6 602/2412/6
f 592/2406/6 603/2413/6 590/2405/6
f 604/2414/6 590/2405/6 603/2413/6
f 590/2405/6 604/2414/6 588/2404/6
f 605/2415/6 588/2404/6 604/2414/6
f 588/2404/6 605/2415/6 586/2403/6
f 595/2416/43 594/2407/43 593/2395/43
f 594/2407/43 595/2416/43 596/2410/43
f 597/2417/2636 596/2410/2636 595/2416/2636
f 596/2410/2636 597/2417/2636 598/2418/2636
f 598/2418/6 600/2411/6 596/2410/6
f 600/2411/6 598/2418/6 599/2419/6
f 600/2420/8 630/2386/8 601/2421/8
f 630/2386/8 600/2420/8 629/2384/8
f 599/2422/2637 629/2384/2637 600/2420/2637
f 629/2384/2637 599/2422/2637 628/2423/2637
f 627/2424/2638 629/2384/2638 628/2423/2638
f 629/2384/2639 627/2424/2639 626/2385/2639
f 597/2417/2640 626/2385/2640 627/2424/2640
f 626/2385/2641 597/2417/2641 595/2416/2641
f 595/2416/22 625/2383/22 626/2385/22
f 625/2383/22 595/2416/22 593/2395/22
f 637/2425/15 614/2426/15 638/2427/15
f 614/2426/15 637/2425/15 616/2428/15
f 636/2429/2446 616/2428/2446 637/2425/2446
f 613/2430/2642 574/2431/2642 612/2432/2642
f 612/2432/2643 639/2433/2643 613/2430/2643
f 638/2427/16 613/2430/16 639/2433/16
f 639/2433/26 609/2434/26 638/2427/26
f 608/2435/27 638/2427/27 609/2434/27
f 638/2427/27 608/2435/27 637/2425/27
f 607/2436/28 637/2425/28 608/2435/28
f 637/2425/28 607/2436/28 636/2429/28
f 606/2437/2450 636/2429/2450 607/2436/2450
f 636/2429/2450 606/2437/2450 635/2438/2450
f 639/2433/2644 612/2432/2644 640/2439/2644
f 640/2439/2645 610/2440/2645 639/2433/2645
f 609/2434/26 639/2433/26 610/2440/26
f 610/2440/2645 640/2439/2645 611/2441/2645
f 613/2430/16 638/2427/16 641/2442/16
f 634/2394/2646 619/2400/2646 635/2438/2646
f 617/2408/2449 635/2438/2449 619/2400/2449
f 635/2438/2449 617/2408/2449 636/2429/2449
f 615/2443/2446 636/2429/2446 617/2408/2446
f 579/2444/1 614/2426/1 615/2443/1
f 614/2426/1 579/2444/1 577/2445/1
f 577/2445/14 613/2430/14 614/2426/14
f 613/2430/14 577/2445/14 575/2446/14
f 574/2431/2647 613/2430/2647 575/2446/2647
f 616/2428/2 581/2447/2 579/2444/2
f 581/2447/2 616/2428/2 617/2408/2
f 575/2446/2648 573/2448/2648 574/2431/2648
f 573/2448/2648 575/2446/2648 576/2449/2648
f 577/2445/11 576/2449/11 575/2446/11
f 576/2449/11 577/2445/11 578/2450/11
f 579/2444/12 578/2450/12 577/2445/12
f 578/2450/12 579/2444/12 580/2451/12
f 581/2447/3 580/2451/3 579/2444/3
f 580/2451/3 581/2447/3 582/2452/3
f 583/2402/4 582/2452/4 581/2447/4
f 582/2452/4 583/2402/4 584/2401/4
f 606/2453/6 586/2403/6 605/2415/6
f 586/2403/6 606/2453/6 584/2401/6
f 607/2454/6 584/2401/6 606/2453/6
f 584/2401/6 607/2454/6 582/2452/6
f 608/2455/6 582/2452/6 607/2454/6
f 582/2452/6 608/2455/6 580/2451/6
f 609/2456/6 580/2451/6 608/2455/6
f 580/2451/6 609/2456/6 578/2450/6
f 610/2457/6 578/2450/6 609/2456/6
f 578/2450/6 610/2457/6 576/2449/6
f 611/2458/6 576/2449/6 610/2457/6
f 576/2449/6 611/2458/6 573/2448/6
f 605/2459/2649 635/2438/2649 606/2437/2649
f 635/2438/2649 605/2459/2649 634/2394/2649
f 604/2460/2650 634/2394/2650 605/2459/2650
f 634/2394/2650 604/2460/2650 633/2392/2650
f 603/2461/2456 633/2392/2456 604/2460/2456
f 633/2392/2456 603/2461/2456 632/2390/2456
f 602/2462/2481 632/2390/2481 603/2461/2481
f 632/2390/2481 602/2462/2481 631/2388/2481
f 601/2421/2480 631/2388/2480 602/2462/2480
f 631/2388/2480 601/2421/2480 630/2386/2480
f 567/2463/30 547/2464/30 549/2465/30
f 549/2465/37 566/2466/37 567/2463/37
f 566/2466/37 549/2465/37 551/2467/37
f 551/2467/2651 565/2468/2651 566/2466/2651
f 565/2468/2652 551/2467/2652 552/2469/2652
f 552/2469/2653 564/2470/2653 565/2468/2653
f 564/2470/2654 552/2469/2654 553/2471/2654
f 553/2471/5 563/2472/5 564/2470/5
f 563/2472/5 553/2471/5 572/2473/5
f 550/2474/34 514/2475/34 549/2465/34
f 516/2476/33 549/2465/33 514/2475/33
f 549/2465/33 516/2476/33 551/2467/33
f 518/2477/2655 551/2467/2655 516/2476/2655
f 551/2467/2656 518/2477/2656 552/2469/2656
f 520/2478/2657 552/2469/2657 518/2477/2657
f 552/2469/2658 520/2478/2658 553/2471/2658
f 522/2479/2449 553/2471/2449 520/2478/2449
f 553/2471/2449 522/2479/2449 554/2480/2449
f 524/2481/2446 554/2480/2446 522/2479/2446
f 526/2482/27 523/2483/27 525/2484/27
f 523/2483/27 526/2482/27 524/2481/27
f 524/2481/28 521/2485/28 523/2483/28
f 521/2485/28 524/2481/28 522/2479/28
f 522/2479/2450 519/2486/2450 521/2485/2450
f 519/2486/2450 522/2479/2450 520/2478/2450
f 520/2478/2659 517/2487/2659 519/2486/2659
f 517/2487/2659 520/2478/2659 518/2477/2659
f 518/2477/2660 515/2488/2660 517/2487/2660
f 515/2488/2660 518/2477/2660 516/2476/2660
f 529/2489/6 531/2490/6 532/2491/6
f 531/2490/6 529/2489/6 527/2492/6
f 527/2492/6 533/2493/6 531/2490/6
f 533/2493/6 527/2492/6 525/2484/6
f 525/2484/6 534/2494/6 533/2493/6
f 534/2494/6 525/2484/6 523/2483/6
f 523/2483/6 535/2495/6 534/2494/6
f 535/2495/6 523/2483/6 521/2485/6
f 521/2485/6 536/2496/6 535/2495/6
f 536/2496/6 521/2485/6 519/2486/6
f 530/2497/2661 527/2492/2661 529/2489/2661
f 531/2498/11 561/2499/11 559/2500/11
f 559/2500/2662 532/2501/2662 531/2498/2662
f 532/2501/2662 559/2500/2662 560/2502/2662
f 559/2500/2663 558/2503/2663 560/2502/2663
f 558/2503/2664 559/2500/2664 557/2504/2664
f 557/2504/2665 530/2497/2665 558/2503/2665
f 530/2497/2666 557/2504/2666 528/2505/2666
f 527/2492/2661 530/2497/2661 528/2505/2661
f 528/2505/26 525/2484/26 527/2492/26
f 525/2484/26 528/2505/26 526/2482/26
f 554/2480/2446 524/2481/2446 555/2506/2446
f 526/2482/15 555/2506/15 524/2481/15
f 555/2506/15 526/2482/15 556/2507/15
f 528/2505/16 556/2507/16 526/2482/16
f 556/2507/16 528/2505/16 557/2504/16
f 559/2500/14 556/2507/14 557/2504/14
f 556/2507/14 559/2500/14 561/2499/14
f 561/2499/1 555/2506/1 556/2507/1
f 555/2506/1 561/2499/1 562/2508/1
f 562/2508/2 554/2480/2 555/2506/2
f 554/2480/2 562/2508/2 563/2472/2
f 537/2509/2667 566/2466/2667 565/2468/2667
f 565/2468/2668 536/2510/2668 537/2509/2668
f 536/2510/2668 565/2468/2668 564/2470/2668
f 564/2470/4 535/2511/4 536/2510/4
f 535/2511/4 564/2470/4 563/2472/4
f 563/2472/3 534/2512/3 535/2511/3
f 534/2512/3 563/2472/3 562/2508/3
f 562/2508/12 533/2513/12 534/2512/12
f 533/2513/12 562/2508/12 561/2499/12
f 561/2499/11 531/2498/11 533/2513/11
f 510/2514/8 506/2515/8 509/2516/8
f 509/2516/2480 512/2517/2480 510/2514/2480
f 512/2517/35 548/2518/35 510/2514/35
f 548/2518/35 512/2517/35 547/2464/35
f 568/2519/29 548/2518/29 547/2464/29
f 547/2464/30 567/2463/30 568/2519/30
f 539/2520/41 568/2519/41 567/2463/41
f 567/2463/40 538/2521/40 539/2520/40
f 538/2521/40 567/2463/40 566/2466/40
f 566/2466/2667 537/2509/2667 538/2521/2667
f 514/2475/34 547/2464/34 512/2517/34
f 516/2476/2456 513/2522/2456 515/2488/2456
f 513/2522/2456 516/2476/2456 514/2475/2456
f 514/2475/2481 511/2523/2481 513/2522/2481
f 511/2523/2481 514/2475/2481 512/2517/2481
f 512/2517/2480 509/2516/2480 511/2523/2480
f 519/2486/6 537/2524/6 536/2496/6
f 537/2524/6 519/2486/6 517/2487/6
f 517/2487/6 538/2525/6 537/2524/6
f 538/2525/6 517/2487/6 515/2488/6
f 515/2488/6 539/2526/6 538/2525/6
f 539/2526/6 515/2488/6 513/2522/6
f 513/2522/6 540/2527/6 539/2526/6
f 540/2527/6 513/2522/6 511/2523/6
f 511/2523/6 541/2528/6 540/2527/6
f 541/2528/6 511/2523/6 509/2516/6
f 509/2516/6 542/2529/6 541/2528/6
f 542/2529/6 509/2516/6 506/2515/6
f 506/2515/6 543/2530/6 542/2529/6
f 543/2530/6 506/2515/6 505/2531/6
f 507/2532/2669 505/2531/2669 506/2515/2669
f 505/2531/2669 507/2532/2669 508/2533/2669
f 544/2534/2670 508/2533/2670 507/2532/2670
f 508/2533/2671 544/2534/2671 545/2535/2671
f 570/2536/2672 545/2535/2672 544/2534/2672
f 545/2535/2673 570/2536/2673 571/2537/2673
f 542/2538/2674 571/2537/2674 570/2536/2674
f 571/2537/2674 542/2538/2674 543/2539/2674
f 544/2534/36 510/2514/36 546/2540/36
f 510/2514/36 544/2534/36 507/2532/36
f 506/2515/8 510/2514/8 507/2532/8
f 568/2519/41 539/2520/41 540/2541/41
f 540/2541/42 569/2542/42 568/2519/42
f 548/2518/29 568/2519/29 569/2542/29
f 569/2542/22 544/2534/22 548/2518/22
f 544/2534/22 569/2542/22 570/2536/22
f 541/2543/43 570/2536/43 569/2542/43
f 570/2536/43 541/2543/43 542/2538/43
f 569/2542/42 540/2541/42 541/2543/42
f 597/2544/2675 662/2545/2675 598/2546/2675
f 662/2545/2675 597/2544/2675 663/2547/2675
f 663/2547/40 660/2548/40 662/2545/40
f 660/2548/40 663/2547/40 661/2549/40
f 661/2549/41 658/2550/41 660/2548/41
f 658/2550/41 661/2549/41 659/2551/41
f 659/2551/42 656/2552/42 658/2550/42
f 656/2552/42 659/2551/42 657/2553/42
f 657/2553/43 654/2348/43 656/2552/43
f 654/2348/43 657/2553/43 655/2347/43
f 657/2553/22 683/2356/22 655/2347/22
f 683/2356/22 657/2553/22 684/2554/22
f 659/2551/29 684/2554/29 657/2553/29
f 684/2554/29 659/2551/29 685/2555/29
f 661/2549/30 685/2555/30 659/2551/30
f 685/2555/30 661/2549/30 686/2556/30
f 663/2547/37 686/2556/37 661/2549/37
f 686/2556/37 663/2547/37 687/2557/37
f 597/2544/2676 687/2557/2676 663/2547/2676
f 687/2557/2677 597/2544/2677 627/2558/2677
f 683/2356/36 691/2364/36 692/2362/36
f 691/2364/36 683/2356/36 684/2554/36
f 684/2554/35 690/2559/35 691/2364/35
f 690/2559/35 684/2554/35 685/2555/35
f 685/2555/34 689/2560/34 690/2559/34
f 689/2560/34 685/2555/34 686/2556/34
f 686/2556/33 688/2561/33 689/2560/33
f 688/2561/33 686/2556/33 687/2557/33
f 627/2558/2678 688/2561/2678 687/2557/2678
f 688/2561/2679 627/2558/2679 628/2562/2679
f 599/2563/2680 688/2561/2680 628/2562/2680
f 688/2561/2680 599/2563/2680 664/2564/2680
f 664/2564/2456 689/2560/2456 688/2561/2456
f 689/2560/2456 664/2564/2456 665/2565/2456
f 665/2565/2481 690/2559/2481 689/2560/2481
f 690/2559/2481 665/2565/2481 666/2566/2481
f 666/2566/2480 691/2364/2480 690/2559/2480
f 691/2364/2480 666/2566/2480 667/2363/2480
f 499/2567/2681 487/2568/2681 500/2569/2681
f 487/2568/2682 499/2567/2682 488/2570/2682
f 498/2571/2683 488/2570/2683 499/2567/2683
f 488/2570/2684 498/2571/2684 489/2572/2684
f 497/2573/2685 489/2572/2685 498/2571/2685
f 489/2572/2686 497/2573/2686 490/2574/2686
f 496/2575/2687 490/2574/2687 497/2573/2687
f 490/2574/2688 496/2575/2688 491/2576/2688
f 495/2577/2689 491/2576/2689 496/2575/2689
f 491/2576/2690 495/2577/2690 492/2578/2690
f 494/2579/2691 492/2578/2691 495/2577/2691
f 492/2578/2692 494/2579/2692 493/2580/2692
f 492/2578/2693 470/2581/2693 468/2582/2693
f 470/2581/2693 492/2578/2693 493/2580/2693
f 493/2580/2694 329/2583/2694 470/2581/2694
f 329/2583/2695 493/2580/2695 367/2584/2695
f 494/2579/2696 367/2584/2696 493/2580/2696
f 367/2584/2697 494/2579/2697 393/2585/2697
f 494/2579/2604 366/2586/2604 393/2585/2604
f 366/2586/2604 494/2579/2604 472/2587/2604
f 495/2577/2450 472/2587/2450 494/2579/2450
f 472/2587/2450 495/2577/2450 473/2588/2450
f 467/2589/3 468/2582/3 469/2590/3
f 470/2581/4 469/2590/4 468/2582/4
f 469/2590/4 470/2581/4 471/2591/4
f 329/2583/7 471/2591/7 470/2581/7
f 471/2591/7 329/2583/7 328/2592/7
f 328/2592/6 472/2593/6 471/2591/6
f 472/2593/6 328/2592/6 366/2594/6
f 473/2595/6 471/2591/6 472/2593/6
f 471/2591/6 473/2595/6 469/2590/6
f 474/2596/6 469/2590/6 473/2595/6
f 469/2590/6 474/2596/6 467/2589/6
f 475/2597/6 467/2589/6 474/2596/6
f 467/2589/6 475/2597/6 465/2598/6
f 476/2599/6 465/2598/6 475/2597/6
f 465/2598/6 476/2599/6 463/2600/6
f 477/2601/6 463/2600/6 476/2599/6
f 463/2600/6 477/2601/6 461/2602/6
f 457/2603/8 458/2604/8 459/2605/8
f 460/2606/2698 459/2605/2698 458/2604/2698
f 459/2605/2698 460/2606/2698 461/2602/2698
f 462/2607/2699 461/2602/2699 460/2606/2699
f 461/2602/2699 462/2607/2699 463/2600/2699
f 464/2608/11 463/2600/11 462/2607/11
f 463/2600/11 464/2608/11 465/2598/11
f 466/2609/12 465/2598/12 464/2608/12
f 465/2598/12 466/2609/12 467/2589/12
f 468/2582/3 467/2589/3 466/2609/3
f 487/2568/2700 460/2606/2700 458/2604/2700
f 460/2606/2701 487/2568/2701 488/2570/2701
f 488/2570/2702 462/2607/2702 460/2606/2702
f 462/2607/2703 488/2570/2703 489/2572/2703
f 489/2572/2704 464/2608/2704 462/2607/2704
f 464/2608/2704 489/2572/2704 490/2574/2704
f 490/2574/2705 466/2609/2705 464/2608/2705
f 466/2609/2706 490/2574/2706 491/2576/2706
f 491/2576/2707 468/2582/2707 466/2609/2707
f 468/2582/2707 491/2576/2707 492/2578/2707
f 450/2610/31 261/2611/31 264/2612/31
f 264/2612/2708 483/2613/2708 450/2610/2708
f 483/2613/2709 452/2614/2709 450/2610/2709
f 452/2614/2710 483/2613/2710 484/2615/2710
f 484/2615/2711 454/2616/2711 452/2614/2711
f 454/2616/2712 484/2615/2712 485/2617/2712
f 485/2617/2713 456/2618/2713 454/2616/2713
f 456/2618/2713 485/2617/2713 486/2619/2713
f 486/2619/2714 458/2604/2714 456/2618/2714
f 458/2604/2714 486/2619/2714 487/2568/2714
f 483/2613/2715 264/2612/2715 301/2620/2715
f 301/2620/2716 504/2621/2716 483/2613/2716
f 503/2622/2717 483/2613/2717 504/2621/2717
f 483/2613/2717 503/2622/2717 484/2615/2717
f 502/2623/2718 484/2615/2718 503/2622/2718
f 484/2615/2718 502/2623/2718 485/2617/2718
f 501/2624/2719 485/2617/2719 502/2623/2719
f 485/2617/2720 501/2624/2720 486/2619/2720
f 500/2569/2721 486/2619/2721 501/2624/2721
f 486/2619/2721 500/2569/2721 487/2568/2721
f 501/2624/43 478/2625/43 500/2569/43
f 478/2625/43 501/2624/43 479/2626/43
f 502/2623/42 479/2626/42 501/2624/42
f 479/2626/42 502/2623/42 480/2627/42
f 503/2622/41 480/2627/41 502/2623/41
f 480/2627/41 503/2622/41 481/2628/41
f 504/2621/40 481/2628/40 503/2622/40
f 481/2628/40 504/2621/40 482/2629/40
f 327/2630/45 482/2629/45 504/2621/45
f 482/2629/45 327/2630/45 299/2631/45
f 504/2621/2722 301/2620/2722 327/2630/2722
f 496/2575/28 473/2588/28 495/2577/28
f 473/2588/28 496/2575/28 474/2632/28
f 497/2573/27 474/2632/27 496/2575/27
f 474/2632/27 497/2573/27 475/2633/27
f 498/2571/26 475/2633/26 497/2573/26
f 475/2633/26 498/2571/26 476/2634/26
f 499/2567/2723 476/2634/2723 498/2571/2723
f 476/2634/2723 499/2567/2723 477/2635/2723
f 500/2569/2724 477/2635/2724 499/2567/2724
f 477/2635/2724 500/2569/2724 478/2625/2724
f 620/2636/2725 585/2399/2725 583/2402/2725
f 618/2637/5 583/2402/5 581/2447/5
f 448/2638/3 424/2639/3 425/2640/3
f 449/2641/4 425/2640/4 426/2642/4
f 425/2640/4 449/2641/4 448/2638/4
f 427/2643/2726 448/2638/2726 449/2641/2726
f 448/2638/2727 427/2643/2727 428/2644/2727
f 428/2644/2707 447/2645/2707 448/2638/2707
f 424/2639/3 448/2638/3 447/2645/3
f 447/2645/12 423/2646/12 424/2639/12
f 445/2647/2728 421/2648/2728 422/2649/2728
f 422/2649/11 446/2650/11 445/2647/11
f 446/2650/11 422/2649/11 423/2646/11
f 423/2646/12 447/2645/12 446/2650/12
f 429/2651/2705 446/2650/2705 447/2645/2705
f 447/2645/2729 428/2644/2729 429/2651/2729
f 428/2644/2690 399/2652/2690 429/2651/2690
f 399/2652/2690 428/2644/2690 397/2653/2690
f 446/2650/2706 429/2651/2706 430/2654/2706
f 429/2651/2687 401/2655/2687 430/2654/2687
f 401/2655/2688 429/2651/2688 399/2652/2688
f 432/2656/2730 445/2647/2730 446/2650/2730
f 445/2647/2730 432/2656/2730 431/2657/2730
f 403/2658/2731 432/2656/2731 401/2655/2731
f 427/2643/2691 397/2653/2691 428/2644/2691
f 397/2653/2691 427/2643/2691 395/2659/2691
f 394/2660/2450 397/2653/2450 395/2659/2450
f 397/2653/2450 394/2660/2450 396/2661/2450
f 396/2661/28 399/2652/28 397/2653/28
f 399/2652/28 396/2661/28 398/2662/28
f 398/2662/27 401/2655/27 399/2652/27
f 401/2655/27 398/2662/27 400/2663/27
f 400/2663/26 403/2658/26 401/2655/26
f 403/2658/26 400/2663/26 402/2664/26
f 426/2665/6 396/2661/6 394/2660/6
f 396/2661/6 426/2665/6 425/2666/6
f 425/2666/6 398/2662/6 396/2661/6
f 398/2662/6 425/2666/6 424/2667/6
f 424/2667/6 400/2663/6 398/2662/6
f 400/2663/6 424/2667/6 423/2668/6
f 423/2668/6 402/2664/6 400/2663/6
f 402/2664/6 423/2668/6 422/2669/6
f 422/2669/6 404/2670/6 402/2664/6
f 404/2670/6 422/2669/6 421/2671/6
f 402/2664/2732 405/2672/2732 403/2658/2732
f 405/2672/2732 402/2664/2732 404/2670/2732
f 404/2670/2733 407/2673/2733 405/2672/2733
f 407/2673/2733 404/2670/2733 406/2674/2733
f 406/2674/43 409/2675/43 407/2673/43
f 409/2675/43 406/2674/43 408/2676/43
f 408/2676/42 411/2677/42 409/2675/42
f 411/2677/42 408/2676/42 410/2678/42
f 410/2678/41 413/2679/41 411/2677/41
f 413/2679/41 410/2678/41 412/2680/41
f 430/2654/2685 403/2658/2685 431/2657/2685
f 405/2672/2734 431/2657/2734 403/2658/2734
f 431/2657/2735 405/2672/2735 433/2681/2735
f 407/2673/2736 433/2681/2736 405/2672/2736
f 433/2681/2737 407/2673/2737 434/2682/2737
f 409/2675/2738 434/2682/2738 407/2673/2738
f 434/2682/2721 409/2675/2721 435/2683/2721
f 411/2677/2720 435/2683/2720 409/2675/2720
f 435/2683/2739 411/2677/2739 436/2684/2739
f 413/2679/2740 436/2684/2740 411/2677/2740
f 431/2657/2741 444/2685/2741 445/2647/2741
f 444/2685/2742 431/2657/2742 433/2681/2742
f 433/2681/2743 443/2686/2743 444/2685/2743
f 443/2686/2744 433/2681/2744 434/2682/2744
f 434/2682/2714 442/2687/2714 443/2686/2714
f 442/2687/2745 434/2682/2745 435/2683/2745
f 435/2683/2746 441/2688/2746 442/2687/2746
f 441/2688/2747 435/2683/2747 436/2684/2747
f 436/2684/2712 440/2689/2712 441/2688/2712
f 440/2689/2712 436/2684/2712 437/2690/2712
f 437/2690/2709 439/2691/2709 440/2689/2709
f 439/2691/2709 437/2690/2709 438/2692/2709
f 436/2684/2748 413/2679/2748 437/2690/2748
f 415/2693/2749 437/2690/2749 413/2679/2749
f 437/2690/2717 415/2693/2717 438/2692/2717
f 352/2694/2750 438/2692/2750 415/2693/2750
f 438/2692/2751 352/2694/2751 380/2695/2751
f 380/2695/2752 439/2691/2752 438/2692/2752
f 439/2691/2753 380/2695/2753 381/2696/2753
f 354/2697/2680 439/2691/2680 381/2696/2680
f 439/2691/2680 354/2697/2680 416/2698/2680
f 416/2698/2456 440/2689/2456 439/2691/2456
f 412/2680/40 415/2693/40 413/2679/40
f 415/2693/40 412/2680/40 414/2699/40
f 414/2699/2675 352/2694/2675 415/2693/2675
f 352/2694/2675 414/2699/2675 353/2700/2675
f 421/2671/6 406/2674/6 404/2670/6
f 406/2674/6 421/2671/6 420/2701/6
f 420/2701/6 408/2676/6 406/2674/6
f 408/2676/6 420/2701/6 419/2702/6
f 419/2702/6 410/2678/6 408/2676/6
f 410/2678/6 419/2702/6 418/2703/6
f 418/2703/6 412/2680/6 410/2678/6
f 412/2680/6 418/2703/6 417/2704/6
f 417/2704/6 414/2699/6 412/2680/6
f 414/2699/6 417/2704/6 416/2705/6
f 416/2705/6 353/2700/6 414/2699/6
f 353/2700/6 416/2705/6 354/2706/6
f 389/2707/2690 370/2708/2690 390/2709/2690
f 369/2710/2688 390/2709/2688 370/2708/2688
f 390/2709/2754 369/2710/2754 391/2711/2754
f 368/2712/2686 391/2711/2686 369/2710/2686
f 368/2712/2755 329/2713/2755 367/2714/2755
f 367/2714/2756 392/2715/2756 368/2712/2756
f 391/2711/2686 368/2712/2686 392/2715/2686
f 392/2715/26 364/2716/26 391/2711/26
f 363/2717/27 391/2711/27 364/2716/27
f 391/2711/27 363/2717/27 390/2709/27
f 362/2718/28 390/2709/28 363/2717/28
f 390/2709/28 362/2718/28 389/2707/28
f 361/2719/2450 389/2707/2450 362/2718/2450
f 392/2715/2757 367/2714/2757 393/2720/2757
f 393/2720/2645 365/2721/2645 392/2715/2645
f 364/2716/26 392/2715/26 365/2721/26
f 365/2721/2645 393/2720/2645 366/2722/2645
f 389/2707/2450 361/2719/2450 388/2723/2450
f 360/2724/2758 388/2723/2758 361/2719/2758
f 388/2723/2758 360/2724/2758 387/2725/2758
f 359/2726/2759 387/2725/2759 360/2724/2759
f 387/2725/2759 359/2726/2759 386/2727/2759
f 358/2728/2456 386/2727/2456 359/2726/2456
f 386/2727/2456 358/2728/2456 385/2729/2456
f 357/2730/2481 385/2729/2481 358/2728/2481
f 385/2729/2481 357/2730/2481 384/2731/2481
f 356/2732/2480 384/2731/2480 357/2730/2480
f 375/2733/2760 385/2729/2760 376/2734/2760
f 385/2729/2709 375/2733/2709 386/2727/2709
f 374/2735/2761 386/2727/2761 375/2733/2761
f 386/2727/2762 374/2735/2762 387/2725/2762
f 373/2736/2763 387/2725/2763 374/2735/2763
f 387/2725/2764 373/2736/2764 388/2723/2764
f 371/2737/2765 388/2723/2765 373/2736/2765
f 338/2738/2693 371/2737/2693 373/2736/2693
f 373/2736/2766 340/2739/2766 338/2738/2766
f 340/2739/2767 373/2736/2767 374/2735/2767
f 374/2735/2768 342/2740/2768 340/2739/2768
f 342/2740/2769 374/2735/2769 375/2733/2769
f 375/2733/2749 344/2741/2749 342/2740/2749
f 344/2741/2717 375/2733/2717 376/2734/2717
f 376/2734/2740 346/2742/2740 344/2741/2740
f 346/2742/2770 376/2734/2770 377/2743/2770
f 377/2743/2739 348/2744/2739 346/2742/2739
f 348/2744/2720 377/2743/2720 378/2745/2720
f 337/2746/4 338/2738/4 339/2747/4
f 340/2739/2771 339/2747/2771 338/2738/2771
f 339/2747/2771 340/2739/2771 341/2748/2771
f 342/2740/2772 341/2748/2772 340/2739/2772
f 341/2748/2772 342/2740/2772 343/2749/2772
f 344/2741/40 343/2749/40 342/2740/40
f 343/2749/40 344/2741/40 345/2750/40
f 346/2742/41 345/2750/41 344/2741/41
f 345/2750/41 346/2742/41 347/2751/41
f 348/2744/42 347/2751/42 346/2742/42
f 372/2752/2693 338/2738/2693 336/2753/2693
f 349/2754/43 350/2755/43 351/2756/43
f 351/2756/6 356/2757/6 349/2754/6
f 357/2758/6 349/2754/6 356/2757/6
f 349/2754/6 357/2758/6 347/2751/6
f 358/2759/6 347/2751/6 357/2758/6
f 347/2751/6 358/2759/6 345/2750/6
f 359/2760/6 345/2750/6 358/2759/6
f 345/2750/6 359/2760/6 343/2749/6
f 360/2761/6 343/2749/6 359/2760/6
f 343/2749/6 360/2761/6 341/2748/6
f 351/2756/2636 352/2762/2636 353/2763/2636
f 353/2763/6 355/2764/6 351/2756/6
f 356/2757/6 351/2756/6 355/2764/6
f 355/2764/6 353/2763/6 354/2765/6
f 384/2731/2480 356/2732/2480 383/2766/2480
f 355/2767/8 383/2766/8 356/2732/8
f 383/2766/8 355/2767/8 382/2768/8
f 354/2769/2637 382/2768/2637 355/2767/2637
f 382/2768/2637 354/2769/2637 381/2770/2637
f 380/2771/2773 382/2768/2773 381/2770/2773
f 382/2768/2774 380/2771/2774 379/2772/2774
f 352/2762/2775 379/2772/2775 380/2771/2775
f 379/2772/2776 352/2762/2776 350/2755/2776
f 352/2762/2636 351/2756/2636 350/2755/2636
f 347/2751/42 348/2744/42 349/2754/42
f 350/2755/43 349/2754/43 348/2744/43
f 378/2745/2721 350/2755/2721 348/2744/2721
f 350/2755/2721 378/2745/2721 379/2772/2721
f 378/2745/2714 382/2768/2714 379/2772/2714
f 382/2768/2714 378/2745/2714 383/2766/2714
f 377/2743/2713 383/2766/2713 378/2745/2713
f 383/2766/2713 377/2743/2713 384/2731/2713
f 376/2734/2712 384/2731/2712 377/2743/2712
f 384/2731/2712 376/2734/2712 385/2729/2712
f 330/2773/2648 328/2774/2648 329/2713/2648
f 329/2713/2777 368/2712/2777 330/2773/2777
f 368/2712/2778 332/2775/2778 330/2773/2778
f 332/2775/2730 368/2712/2730 369/2710/2730
f 369/2710/2779 334/2776/2779 332/2775/2779
f 334/2776/2706 369/2710/2706 370/2708/2706
f 370/2708/2707 336/2753/2707 334/2776/2707
f 336/2753/2707 370/2708/2707 371/2737/2707
f 370/2708/2690 389/2707/2690 371/2737/2690
f 388/2723/2691 371/2737/2691 389/2707/2691
f 366/2777/6 331/2778/6 365/2779/6
f 331/2778/6 366/2777/6 328/2774/6
f 328/2774/2648 330/2773/2648 331/2778/2648
f 332/2775/11 331/2778/11 330/2773/11
f 331/2778/11 332/2775/11 333/2780/11
f 334/2776/12 333/2780/12 332/2775/12
f 333/2780/12 334/2776/12 335/2781/12
f 336/2753/3 335/2781/3 334/2776/3
f 335/2781/3 336/2753/3 337/2746/3
f 338/2738/4 337/2746/4 336/2753/4
f 361/2782/6 341/2748/6 360/2761/6
f 341/2748/6 361/2782/6 339/2747/6
f 362/2783/6 339/2747/6 361/2782/6
f 339/2747/6 362/2783/6 337/2746/6
f 363/2784/6 337/2746/6 362/2783/6
f 337/2746/6 363/2784/6 335/2781/6
f 364/2785/6 335/2781/6 363/2784/6
f 335/2781/6 364/2785/6 333/2780/6
f 365/2779/6 333/2780/6 364/2785/6
f 333/2780/6 365/2779/6 331/2778/6
f 313/2786/2730 315/2787/2730 317/2788/2730
f 315/2787/2730 313/2786/2730 312/2789/2730
f 286/2790/2780 312/2789/2780 284/2791/2780
f 312/2789/2781 286/2790/2781 314/2792/2781
f 314/2792/2782 315/2787/2782 312/2789/2782
f 315/2787/2783 314/2792/2783 316/2793/2783
f 288/2794/2662 315/2787/2662 316/2793/2662
f 315/2787/2662 288/2794/2662 287/2795/2662
f 287/2795/11 317/2788/11 315/2787/11
f 317/2788/11 287/2795/11 289/2796/11
f 289/2796/12 318/2797/12 317/2788/12
f 318/2797/12 289/2796/12 290/2798/12
f 284/2791/2685 313/2786/2685 282/2799/2685
f 286/2790/2661 283/2800/2661 285/2801/2661
f 283/2800/2661 286/2790/2661 284/2791/2661
f 284/2791/26 281/2802/26 283/2800/26
f 281/2802/26 284/2791/26 282/2799/26
f 282/2799/27 279/2803/27 281/2802/27
f 311/2804/2685 284/2791/2685 312/2789/2685
f 273/2805/6 294/2806/6 293/2807/6
f 293/2807/6 275/2808/6 273/2805/6
f 275/2808/6 293/2807/6 292/2809/6
f 292/2809/6 277/2810/6 275/2808/6
f 277/2810/6 292/2809/6 291/2811/6
f 291/2811/6 279/2803/6 277/2810/6
f 279/2803/6 291/2811/6 290/2812/6
f 290/2812/6 281/2802/6 279/2803/6
f 281/2802/6 290/2812/6 289/2813/6
f 289/2813/6 283/2800/6 281/2802/6
f 283/2800/6 289/2813/6 287/2814/6
f 287/2814/6 285/2801/6 283/2800/6
f 285/2801/6 287/2814/6 288/2815/6
f 282/2799/2688 310/2816/2688 280/2817/2688
f 279/2803/27 282/2799/27 280/2817/27
f 280/2817/28 277/2810/28 279/2803/28
f 277/2810/28 280/2817/28 278/2818/28
f 278/2818/2450 275/2808/2450 277/2810/2450
f 275/2808/2450 278/2818/2450 276/2819/2450
f 276/2819/2784 273/2805/2784 275/2808/2784
f 273/2805/2784 276/2819/2784 274/2820/2784
f 274/2820/2785 271/2821/2785 273/2805/2785
f 271/2821/2785 274/2820/2785 272/2822/2785
f 278/2818/2786 307/2823/2786 276/2819/2786
f 306/2824/2787 276/2819/2787 307/2823/2787
f 276/2819/2788 306/2824/2788 274/2820/2788
f 305/2825/2789 274/2820/2789 306/2824/2789
f 274/2820/2790 305/2825/2790 272/2822/2790
f 304/2826/2709 272/2822/2709 305/2825/2709
f 272/2822/2760 304/2826/2760 270/2827/2760
f 303/2828/2711 270/2827/2711 304/2826/2711
f 270/2827/2712 303/2828/2712 268/2829/2712
f 272/2822/2456 269/2830/2456 271/2821/2456
f 269/2830/2456 272/2822/2456 270/2827/2456
f 270/2827/2481 267/2831/2481 269/2830/2481
f 267/2831/2481 270/2827/2481 268/2829/2481
f 268/2829/2480 265/2832/2480 267/2831/2480
f 266/2833/8 262/2834/8 265/2832/8
f 265/2832/2480 268/2829/2480 266/2833/2480
f 268/2829/2713 302/2835/2713 266/2833/2713
f 302/2835/2713 268/2829/2713 303/2828/2713
f 324/2836/2720 302/2835/2720 303/2828/2720
f 303/2828/2718 323/2837/2718 324/2836/2718
f 323/2837/2718 303/2828/2718 304/2826/2718
f 304/2826/2717 322/2838/2717 323/2837/2717
f 322/2838/2717 304/2826/2717 305/2825/2717
f 305/2825/2791 321/2839/2791 322/2838/2791
f 295/2840/41 324/2836/41 323/2837/41
f 324/2836/41 295/2840/41 296/2841/41
f 296/2841/42 325/2842/42 324/2836/42
f 302/2835/2720 324/2836/2720 325/2842/2720
f 325/2842/2738 300/2843/2738 302/2835/2738
f 300/2843/2714 266/2833/2714 302/2835/2714
f 266/2833/2714 300/2843/2714 263/2844/2714
f 262/2834/8 266/2833/8 263/2844/8
f 263/2844/2669 261/2845/2669 262/2834/2669
f 299/2846/6 262/2834/6 261/2845/6
f 325/2842/42 296/2841/42 297/2847/42
f 297/2847/43 326/2848/43 325/2842/43
f 300/2843/2738 325/2842/2738 326/2848/2738
f 326/2848/43 297/2847/43 298/2849/43
f 327/2850/2674 298/2849/2674 299/2851/2674
f 298/2849/2674 327/2850/2674 326/2848/2674
f 301/2852/2792 326/2848/2792 327/2850/2792
f 326/2848/2793 301/2852/2793 300/2843/2793
f 264/2853/2794 300/2843/2794 301/2852/2794
f 300/2843/2795 264/2853/2795 263/2844/2795
f 261/2845/2669 263/2844/2669 264/2853/2669
f 290/2798/3 319/2854/3 318/2797/3
f 319/2854/3 290/2798/3 291/2855/3
f 291/2855/4 320/2856/4 319/2854/4
f 320/2856/4 291/2855/4 292/2857/4
f 292/2857/2796 321/2839/2796 320/2856/2796
f 321/2839/2796 292/2857/2796 293/2858/2796
f 293/2858/2797 322/2838/2797 321/2839/2797
f 322/2838/2797 293/2858/2797 294/2859/2797
f 294/2859/40 323/2837/40 322/2838/40
f 323/2837/40 294/2859/40 295/2840/40
f 321/2839/2798 305/2825/2798 306/2824/2798
f 306/2824/2799 320/2856/2799 321/2839/2799
f 320/2856/2800 306/2824/2800 307/2823/2800
f 307/2823/2801 319/2854/2801 320/2856/2801
f 319/2854/2693 307/2823/2693 308/2860/2693
f 308/2860/2707 318/2797/2707 319/2854/2707
f 318/2797/2802 308/2860/2802 310/2816/2802
f 310/2816/2705 317/2788/2705 318/2797/2705
f 317/2788/2706 310/2816/2706 311/2804/2706
f 310/2816/2687 282/2799/2687 311/2804/2687
f 308/2860/2690 280/2817/2690 310/2816/2690
f 280/2817/2690 308/2860/2690 278/2818/2690
f 309/2861/2786 278/2818/2786 308/2860/2786
f 257/2862/2803 219/2863/2803 240/2864/2803
f 243/2865/2804 257/2862/2804 240/2864/2804
f 257/2862/2805 243/2865/2805 260/2866/2805
f 245/2867/2806 257/2862/2806 260/2866/2806
f 242/2868/2807 240/2869/2807 241/2870/2807
f 213/2871/2808 242/2868/2808 241/2870/2808
f 242/2868/2809 213/2871/2809 244/2872/2809
f 213/2871/2810 245/2867/2810 244/2872/2810
f 245/2867/2811 213/2871/2811 212/2873/2811
f 257/2862/2806 245/2867/2806 212/2873/2806
f 212/2873/2812 256/2874/2812 257/2862/2812
f 219/2863/2813 257/2862/2813 256/2874/2813
f 256/2874/2814 216/2875/2814 219/2863/2814
f 216/2875/2815 256/2874/2815 255/2876/2815
f 218/2877/2816 213/2871/2816 241/2870/2816
f 240/2869/2817 242/2868/2817 243/2878/2817
f 221/2879/2818 227/2880/2818 226/2881/2818
f 227/2880/2818 221/2879/2818 220/2882/2818
f 222/2883/2819 220/2882/2819 221/2879/2819
f 220/2882/2819 222/2883/2819 223/2884/2819
f 217/2885/2820 223/2884/2820 222/2883/2820
f 223/2884/2821 217/2885/2821 216/2886/2821
f 218/2877/2822 216/2886/2822 217/2885/2822
f 216/2886/2823 218/2877/2823 219/2887/2823
f 218/2877/2824 240/2869/2824 219/2887/2824
f 240/2869/2825 218/2877/2825 241/2870/2825
f 222/2883/2826 205/2888/2826 210/2889/2826
f 205/2888/2826 222/2883/2826 221/2879/2826
f 226/2881/2827 205/2888/2827 221/2879/2827
f 254/2890/2828 216/2875/2828 255/2876/2828
f 208/2891/2829 254/2890/2829 255/2876/2829
f 254/2890/2829 208/2891/2829 211/2892/2829
f 208/2891/2830 210/2889/2830 211/2892/2830
f 210/2889/2831 204/2893/2831 211/2892/2831
f 204/2893/2831 210/2889/2831 205/2888/2831
f 206/2894/2832 204/2893/2832 205/2888/2832
f 205/2888/2827 226/2881/2827 206/2894/2827
f 226/2881/2833 201/2895/2833 206/2894/2833
f 200/2896/2834 206/2894/2834 201/2895/2834
f 253/2897/1640 211/2892/1640 204/2893/1640
f 211/2892/1640 253/2897/1640 254/2890/1640
f 216/2875/2835 254/2890/2835 223/2898/2835
f 254/2890/2836 220/2899/2836 223/2898/2836
f 220/2899/2836 254/2890/2836 253/2897/2836
f 252/2900/2837 220/2899/2837 253/2897/2837
f 204/2893/2838 252/2900/2838 253/2897/2838
f 252/2900/2838 204/2893/2838 207/2901/2838
f 204/2893/2832 206/2894/2832 207/2901/2832
f 206/2894/2834 200/2896/2834 207/2901/2834
f 251/2902/2839 207/2901/2839 200/2896/2839
f 200/2896/2840 250/2903/2840 251/2902/2840
f 220/2899/2837 252/2900/2837 227/2904/2837
f 252/2900/2841 224/2905/2841 227/2904/2841
f 224/2905/2841 252/2900/2841 251/2902/2841
f 207/2901/2839 251/2902/2839 252/2900/2839
f 250/2903/2842 224/2905/2842 251/2902/2842
f 224/2905/2842 250/2903/2842 231/2906/2842
f 250/2903/2843 228/2907/2843 231/2906/2843
f 228/2907/2844 250/2903/2844 249/2908/2844
f 203/2909/2845 249/2908/2845 250/2903/2845
f 250/2903/2840 200/2896/2840 203/2909/2840
f 202/2910/2846 200/2896/2846 201/2895/2846
f 200/2896/2846 202/2910/2846 203/2909/2846
f 202/2910/2847 196/2911/2847 203/2909/2847
f 249/2908/2845 203/2909/2845 196/2911/2845
f 196/2911/2848 248/2912/2848 249/2908/2848
f 248/2912/2849 228/2907/2849 249/2908/2849
f 228/2907/2850 248/2912/2850 235/2913/2850
f 259/2914/2851 235/2913/2851 248/2912/2851
f 235/2913/2852 259/2914/2852 232/2915/2852
f 258/2916/2853 232/2915/2853 259/2914/2853
f 232/2915/2854 258/2916/2854 246/2917/2854
f 198/2918/2855 237/2919/2855 199/2920/2855
f 196/2911/2856 198/2918/2856 199/2920/2856
f 198/2918/2857 196/2911/2857 197/2921/2857
f 196/2911/2858 202/2910/2858 197/2921/2858
f 230/2922/2859 197/2921/2859 202/2910/2859
f 201/2895/2860 230/2922/2860 202/2910/2860
f 230/2922/2860 201/2895/2860 225/2923/2860
f 201/2895/2833 226/2881/2833 225/2923/2833
f 226/2881/2861 224/2924/2861 225/2923/2861
f 224/2924/2861 226/2881/2861 227/2880/2861
f 236/2925/2862 234/2926/2862 233/2927/2862
f 234/2926/2863 236/2925/2863 198/2918/2863
f 197/2921/2864 234/2926/2864 198/2918/2864
f 234/2926/2865 197/2921/2865 229/2928/2865
f 197/2921/2866 230/2922/2866 229/2928/2866
f 237/2919/2867 198/2918/2867 236/2925/2867
f 246/2929/2868 233/2927/2868 232/2930/2868
f 234/2926/2869 232/2930/2869 233/2927/2869
f 232/2930/2870 234/2926/2870 235/2931/2870
f 229/2928/2871 235/2931/2871 234/2926/2871
f 235/2931/2872 229/2928/2872 228/2932/2872
f 230/2922/2873 228/2932/2873 229/2928/2873
f 228/2932/2874 230/2922/2874 231/2933/2874
f 225/2923/2875 231/2933/2875 230/2922/2875
f 231/2933/2875 225/2923/2875 224/2924/2875
f 248/2912/2848 196/2911/2848 199/2920/2848
f 199/2920/2876 259/2914/2876 248/2912/2876
f 259/2914/2876 199/2920/2876 237/2919/2876
f 237/2919/2877 258/2916/2877 259/2914/2877
f 258/2916/2877 237/2919/2877 239/2934/2877
f 237/2919/2878 238/2935/2878 239/2934/2878
f 238/2935/2879 237/2919/2879 236/2925/2879
f 236/2925/2880 247/2936/2880 238/2935/2880
f 247/2936/2881 236/2925/2881 233/2927/2881
f 233/2927/2882 246/2929/2882 247/2936/2882
f 478/2937/6 461/2602/6 477/2601/6
f 461/2602/6 478/2937/6 459/2605/6
f 479/2938/6 459/2605/6 478/2937/6
f 459/2605/6 479/2938/6 457/2603/6
f 480/2939/6 457/2603/6 479/2938/6
f 457/2603/6 480/2939/6 455/2940/6
f 481/2941/6 455/2940/6 480/2939/6
f 455/2940/6 481/2941/6 453/2942/6
f 482/2943/6 453/2942/6 481/2941/6
f 453/2942/6 482/2943/6 451/2944/6
f 299/2945/6 451/2944/6 482/2943/6
f 451/2944/6 299/2945/6 261/2611/6
f 261/2611/31 450/2610/31 451/2944/31
f 452/2614/2456 451/2944/2456 450/2610/2456
f 451/2944/2456 452/2614/2456 453/2942/2456
f 454/2616/2481 453/2942/2481 452/2614/2481
f 453/2942/2481 454/2616/2481 455/2940/2481
f 456/2618/2480 455/2940/2480 454/2616/2480
f 455/2940/2480 456/2618/2480 457/2603/2480
f 458/2604/8 457/2603/8 456/2618/8
f 167/2946/2883 193/2947/2883 181/2948/2883
f 171/2949/2884 182/2950/2884 173/2951/2884
f 173/2951/2885 172/2952/2885 171/2949/2885
f 172/2952/2886 173/2951/2886 174/2953/2886
f 193/2947/2887 172/2952/2887 174/2953/2887
f 172/2952/2887 193/2947/2887 194/2954/2887
f 193/2947/2888 167/2946/2888 194/2954/2888
f 170/2955/2889 194/2954/2889 167/2946/2889
f 194/2954/2890 170/2955/2890 183/2956/2890
f 163/2957/2891 183/2956/2891 170/2955/2891
f 183/2956/2892 163/2957/2892 184/2958/2892
f 171/2949/2893 169/2959/2893 168/2960/2893
f 169/2959/2894 171/2949/2894 133/2961/2894
f 172/2952/2895 133/2961/2895 171/2949/2895
f 133/2961/2896 172/2952/2896 134/2962/2896
f 194/2954/2897 134/2962/2897 172/2952/2897
f 134/2962/2897 194/2954/2897 183/2956/2897
f 183/2956/2898 131/2963/2898 134/2962/2898
f 131/2963/2898 183/2956/2898 184/2958/2898
f 184/2958/2899 138/2964/2899 131/2963/2899
f 137/2965/2900 131/2963/2900 138/2964/2900
f 131/2963/2901 137/2965/2901 132/2966/2901
f 133/2961/2902 131/2963/2902 132/2966/2902
f 131/2963/2903 133/2961/2903 134/2962/2903
f 163/2957/2904 185/2967/2904 184/2958/2904
f 138/2964/2899 184/2958/2899 185/2967/2899
f 185/2967/2905 135/2968/2905 138/2964/2905
f 135/2968/2906 137/2965/2906 138/2964/2906
f 137/2965/2906 135/2968/2906 136/2969/2906
f 136/2969/2907 165/2970/2907 137/2965/2907
f 165/2970/2908 132/2966/2908 137/2965/2908
f 132/2966/2909 165/2970/2909 164/2971/2909
f 169/2959/2910 132/2966/2910 164/2971/2910
f 132/2966/2911 169/2959/2911 133/2961/2911
f 135/2968/2912 141/2972/2912 136/2969/2912
f 160/2973/2913 166/2974/2913 165/2970/2913
f 163/2975/2914 165/2970/2914 166/2974/2914
f 165/2970/2915 163/2975/2915 164/2971/2915
f 170/2976/2916 164/2971/2916 163/2975/2916
f 164/2971/2917 170/2976/2917 169/2959/2917
f 167/2977/2918 169/2959/2918 170/2976/2918
f 169/2959/2919 167/2977/2919 168/2960/2919
f 181/2978/2920 168/2960/2920 167/2977/2920
f 168/2960/2921 181/2978/2921 182/2950/2921
f 182/2950/2922 171/2949/2922 168/2960/2922
f 143/2979/2923 189/2980/2923 190/2981/2923
f 189/2980/2923 143/2979/2923 146/2982/2923
f 143/2979/2924 145/2983/2924 146/2982/2924
f 145/2983/2925 139/2984/2925 146/2982/2925
f 139/2984/2925 145/2983/2925 140/2985/2925
f 141/2972/2926 139/2984/2926 140/2985/2926
f 140/2985/2927 161/2986/2927 141/2972/2927
f 161/2986/2928 136/2969/2928 141/2972/2928
f 136/2969/2928 161/2986/2928 160/2973/2928
f 165/2970/2907 136/2969/2907 160/2973/2907
f 188/2987/2929 146/2982/2929 139/2984/2929
f 146/2982/2929 188/2987/2929 189/2980/2929
f 166/2974/2913 160/2973/2913 159/2988/2913
f 161/2986/2930 159/2988/2930 160/2973/2930
f 159/2988/2930 161/2986/2930 162/2989/2930
f 156/2990/2931 162/2989/2931 161/2986/2931
f 161/2986/2927 140/2985/2927 156/2990/2927
f 140/2985/2932 157/2991/2932 156/2990/2932
f 157/2991/2932 140/2985/2932 145/2983/2932
f 144/2992/2933 157/2991/2933 145/2983/2933
f 145/2983/2934 143/2979/2934 144/2992/2934
f 143/2979/2935 149/2993/2935 144/2992/2935
f 157/2991/2936 144/2992/2936 152/2994/2936
f 144/2992/2937 153/2995/2937 152/2994/2937
f 153/2995/2938 144/2992/2938 149/2993/2938
f 148/2996/2939 153/2995/2939 149/2993/2939
f 149/2993/2940 147/2997/2940 148/2996/2940
f 153/2995/2941 148/2996/2941 176/2998/2941
f 162/2989/2931 156/2990/2931 155/2999/2931
f 157/2991/2942 155/2999/2942 156/2990/2942
f 155/2999/2942 157/2991/2942 158/3000/2942
f 152/2994/2943 158/3000/2943 157/2991/2943
f 158/3000/2944 152/2994/2944 151/3001/2944
f 153/2995/2945 151/3001/2945 152/2994/2945
f 151/3001/2946 153/2995/2946 154/3002/2946
f 153/2995/2947 175/3003/2947 154/3002/2947
f 175/3003/2948 153/2995/2948 176/2998/2948
f 177/3004/2949 175/3003/2949 176/2998/2949
f 175/3003/2950 177/3004/2950 178/3005/2950
f 148/2996/2951 177/3004/2951 176/2998/2951
f 177/3004/2952 148/2996/2952 179/3006/2952
f 148/2996/2953 180/3007/2953 179/3006/2953
f 180/3007/2954 148/2996/2954 147/2997/2954
f 192/3008/2955 180/3007/2955 147/2997/2955
f 147/2997/2956 191/3009/2956 192/3008/2956
f 154/3010/2957 192/3008/2957 191/3009/2957
f 191/3009/2958 151/3011/2958 154/3010/2958
f 151/3011/2959 191/3009/2959 190/2981/2959
f 189/2980/2960 151/3011/2960 190/2981/2960
f 192/3008/2961 154/3010/2961 175/3012/2961
f 178/3013/2962 192/3008/2962 175/3012/2962
f 192/3008/2963 178/3013/2963 195/3014/2963
f 180/3007/2955 192/3008/2955 195/3014/2955
f 149/2993/2964 143/2979/2964 150/3015/2964
f 147/2997/2965 149/2993/2965 150/3015/2965
f 191/3009/2956 147/2997/2956 150/3015/2956
f 150/3015/2966 190/2981/2966 191/3009/2966
f 190/2981/2966 150/3015/2966 143/2979/2966
f 185/2967/2967 163/2957/2967 166/3016/2967
f 159/3017/2968 185/2967/2968 166/3016/2968
f 185/2967/2968 159/3017/2968 186/3018/2968
f 135/2968/2905 185/2967/2905 186/3018/2905
f 186/3018/2969 142/3019/2969 135/2968/2969
f 141/2972/2912 135/2968/2912 142/3019/2912
f 139/2984/2926 141/2972/2926 142/3019/2926
f 187/3020/2970 139/2984/2970 142/3019/2970
f 139/2984/2970 187/3020/2970 188/2987/2970
f 187/3020/2971 155/3021/2971 188/2987/2971
f 155/3021/2972 189/2980/2972 188/2987/2972
f 189/2980/2972 155/3021/2972 158/3022/2972
f 151/3011/2973 189/2980/2973 158/3022/2973
f 155/3021/2971 187/3020/2971 162/3023/2971
f 187/3020/2974 159/3017/2974 162/3023/2974
f 159/3017/2974 187/3020/2974 186/3018/2974
f 142/3019/2969 186/3018/2969 187/3020/2969
f 262/2834/6 299/2846/6 298/3024/6
f 298/3024/6 265/2832/6 262/2834/6
f 265/2832/6 298/3024/6 297/3025/6
f 297/3025/6 267/2831/6 265/2832/6
f 267/2831/6 297/3025/6 296/3026/6
f 296/3026/6 269/2830/6 267/2831/6
f 269/2830/6 296/3026/6 295/3027/6
f 295/3027/6 271/2821/6 269/2830/6
f 271/2821/6 295/3027/6 294/2806/6
f 294/2806/6 273/2805/6 271/2821/6
f 210/2889/2975 208/2891/2975 209/3028/2975
f 209/3028/2976 222/2883/2976 210/2889/2976
f 222/2883/2977 209/3028/2977 217/2885/2977
f 209/3028/2978 218/2877/2978 217/2885/2978
f 218/2877/2979 209/3028/2979 214/3029/2979
f 213/2871/2980 218/2877/2980 214/3029/2980
f 214/3029/2981 212/2873/2981 213/2871/2981
f 212/2873/2982 214/3029/2982 215/3030/2982
f 256/2874/2812 212/2873/2812 215/3030/2812
f 215/3030/2983 255/2876/2983 256/2874/2983
f 255/2876/2983 215/3030/2983 208/2891/2983
f 214/3029/2984 208/2891/2984 215/3030/2984
f 208/2891/2985 214/3029/2985 209/3028/2985
f 2390/1076/2986 1925/3031/2986 2391/3032/2986
f 1925/3031/2987 2390/1076/2987 1923/1077/2987
f 1924/1078/2988 1925/3031/2988 1923/1077/2988
f 1924/1078/2989 2283/1082/2989 1925/3031/2989
f 2283/1082/2990 2391/3032/2990 1925/3031/2990
f 2391/3032/2991 2283/1082/2991 2277/873/2991
f 2277/873/2992 1926/872/2992 2391/3032/2992
f 1928/871/2993 2391/3032/2993 1926/872/2993
f 2391/3032/2994 1928/871/2994 2390/1076/2994
f 1928/871/2995 1922/874/2995 2390/1076/2995
f 1921/880/2996 2390/1076/2996 1922/874/2996
f 1922/874/2997 1920/878/2997 1921/880/2997
f 1811/838/2998 1817/834/2998 1814/836/2998
f 1817/834/2999 1811/838/2999 1793/3033/2999
f 2244/1113/3000 1793/3033/3000 1811/838/3000
f 1793/3033/3001 2244/1113/3001 1794/3034/3001
f 2244/1113/3002 1795/1117/3002 1794/3034/3002
f 1795/1117/3003 1793/3033/3003 1794/3034/3003
f 1816/1120/3004 1793/3033/3004 1795/1117/3004
f 1817/834/3005 1793/3033/3005 1816/1120/3005
f 1816/1120/3006 2262/832/3006 1817/834/3006
f 2262/832/3007 1816/1120/3007 2264/831/3007
f 2460/3035/6 2409/368/6 2408/3036/6
f 2460/3035/6 2411/369/6 2409/368/6
f 2462/3037/6 2411/369/6 2460/3035/6
f 2461/3038/6 2411/369/6 2462/3037/6
f 1352/3039/3008 1354/3040/3008 1336/3041/3008
f 1354/3040/3009 1352/3039/3009 1370/3042/3009
f 1368/3043/3010 1370/3042/3010 1352/3039/3010
f 1370/3042/3011 1368/3043/3011 1386/3044/3011
f 1384/3045/3012 1386/3044/3012 1368/3043/3012
f 1337/3046/3013 1336/3041/3013 1321/1804/3013
f 1336/3041/3014 1337/3046/3014 1352/3039/3014
f 1353/3047/3014 1352/3039/3014 1337/3046/3014
f 1352/3039/3015 1353/3047/3015 1368/3043/3015
f 1369/3048/3015 1368/3043/3015 1353/3047/3015
f 1368/3043/3016 1369/3048/3016 1384/3045/3016
f 1385/3049/3016 1384/3045/3016 1369/3048/3016
f 1318/3050/3017 1321/1804/3017 1302/1803/3017
f 1321/1804/3018 1318/3050/3018 1337/3046/3018
f 1334/3051/3019 1337/3046/3019 1318/3050/3019
f 1337/3046/3020 1334/3051/3020 1353/3047/3020
f 1350/3052/3021 1353/3047/3021 1334/3051/3021
f 1353/3047/3022 1350/3052/3022 1369/3048/3022
f 1367/3053/3023 1369/3048/3023 1350/3052/3023
f 1369/3048/3024 1367/3053/3024 1385/3049/3024
f 1383/3054/3025 1385/3049/3025 1367/3053/3025
f 1367/3053/3026 1350/3052/3026 1366/3055/3026
f 1351/3056/3027 1366/3055/3027 1350/3052/3027
f 1351/3056/3028 1350/3052/3028 1335/3057/3028
f 1334/3051/3028 1335/3057/3028 1350/3052/3028
f 1335/3057/3029 1334/3051/3029 1319/3058/3029
f 1318/3050/3029 1319/3058/3029 1334/3051/3029
f 1319/3058/3030 1318/3050/3030 1303/3059/3030
f 1302/1803/3030 1303/3059/3030 1318/3050/3030
f 1303/3059/2378 1302/1803/2378 1286/1802/2378
f 1386/3044/3031 1384/3045/3031 1402/3060/3031
f 1400/3061/3032 1402/3060/3032 1384/3045/3032
f 1384/3045/3033 1385/3049/3033 1400/3061/3033
f 1401/3062/3033 1400/3061/3033 1385/3049/3033
f 1385/3049/3034 1383/3054/3034 1401/3062/3034
f 1399/3063/3034 1401/3062/3034 1383/3054/3034
f 1399/3063/3035 1383/3054/3035 1398/3064/3035
f 1382/3065/3035 1398/3064/3035 1383/3054/3035
f 1383/3054/3036 1367/3053/3036 1382/3065/3036
f 1366/3055/3036 1382/3065/3036 1367/3053/3036
f 1320/1794/3013 1321/1804/3013 1336/3041/3013
f 1336/3041/3037 1338/1795/3037 1320/1794/3037
f 1338/1795/3038 1336/3041/3038 1354/3040/3038
f 1338/1795/2374 1354/3040/2374 1622/1796/2374
f 1354/3040/3039 1370/3042/3039 1622/1796/3039
f 1623/3066/3039 1622/1796/3039 1370/3042/3039
f 1623/3066/3040 1370/3042/3040 1624/3067/3040
f 1370/3042/3040 1386/3044/3040 1624/3067/3040
f 1624/3067/3041 1386/3044/3041 1625/3068/3041
f 1386/3044/3041 1402/3060/3041 1625/3068/3041
f 1775/1174/3042 1773/3069/3042 1774/3070/3042
f 2206/1172/3043 1775/1174/3043 1774/3070/3043
f 1773/3069/3044 2206/1172/3044 1774/3070/3044
f 2206/1172/3045 1773/3069/3045 1771/3071/3045
f 1771/3071/3046 1764/3072/3046 2206/1172/3046
f 1764/3072/3047 1771/3071/3047 1770/3073/3047
f 1770/3073/3048 1765/580/3048 1764/3072/3048
f 1765/580/3049 1763/1169/3049 1764/3072/3049
f 2207/1170/3050 1764/3072/3050 1763/1169/3050
f 1764/3072/3051 2207/1170/3051 2206/1172/3051
f 2198/565/3052 1760/570/3052 2197/578/3052
f 1765/580/3053 2198/565/3053 2197/578/3053
f 2198/565/3054 1765/580/3054 2199/571/3054
f 1765/580/3055 1770/3073/3055 2199/571/3055
f 1770/3073/3056 1768/572/3056 2199/571/3056
f 1768/572/3057 1770/3073/3057 1766/1187/3057
f 1771/3071/3058 1766/1187/3058 1770/3073/3058
f 1766/1187/3059 1771/3071/3059 1772/1177/3059
f 1772/1177/3060 1771/3071/3060 1773/3069/3060
f 1775/1174/3061 1772/1177/3061 1773/3069/3061
f 652/2345/6 670/2344/6 669/3074/6
f 669/3074/6 654/2348/6 652/2345/6
f 654/2348/6 669/3074/6 668/3075/6
f 668/3075/6 656/2552/6 654/2348/6
f 656/2552/6 668/3075/6 667/3076/6
f 667/3076/6 658/2550/6 656/2552/6
f 658/2550/6 667/3076/6 666/3077/6
f 666/3077/6 660/2548/6 658/2550/6
f 660/2548/6 666/3077/6 665/3078/6
f 665/3078/6 662/2545/6 660/2548/6
f 662/2545/6 665/3078/6 664/3079/6
f 664/3079/6 598/2546/6 662/2545/6
f 598/2546/6 664/3079/6 599/3080/6
f 951/2260/3062 993/2289/3062 949/2288/3062
f 951/2260/3063 991/2259/3063 993/2289/3063
f 992/2291/2590 993/2289/2590 991/2259/2590
f 991/2259/2568 990/2262/2568 992/2291/2568
f 1034/2293/2390 992/2291/2390 990/2262/2390
f 990/2262/2390 1033/3081/2390 1034/2293/2390
f 936/2297/2593 1034/2293/2593 1033/3081/2593
f 1033/3081/3064 933/3082/3064 936/2297/3064
f 933/3082/3064 1033/3081/3064 1032/2064/3064
f 1032/2064/2503 837/2063/2503 933/3082/2503
f 1033/3081/2390 990/2262/2390 988/2093/2390
f 988/2093/2390 1032/2064/2390 1033/3081/2390
f 1032/2064/2390 988/2093/2390 986/2091/2390
f 986/2091/2390 1031/2065/2390 1032/2064/2390
f 1031/2065/2390 986/2091/2390 985/2090/2390
f 985/2090/2390 1054/2067/2390 1031/2065/2390
f 1054/2067/2390 985/2090/2390 1030/2089/2390
f 1030/2089/2390 1053/2069/2390 1054/2067/2390
f 440/2689/2456 416/2698/2456 417/3083/2456
f 417/3083/2481 441/2688/2481 440/2689/2481
f 441/2688/2481 417/3083/2481 418/3084/2481
f 418/3084/2480 442/2687/2480 441/2688/2480
f 442/2687/2480 418/3084/2480 419/3085/2480
f 419/3085/8 443/2686/8 442/2687/8
f 443/2686/8 419/3085/8 420/3086/8
f 420/3086/3065 444/2685/3065 443/2686/3065
f 444/2685/3065 420/3086/3065 421/2648/3065
f 421/2648/2728 445/2647/2728 444/2685/2728
f 892/2062/2502 1046/2051/2502 1045/2050/2502
f 1045/2050/3066 895/3087/3066 892/2062/3066
f 895/3087/3066 1045/2050/3066 1044/2314/3066
f 1044/2314/3067 759/3088/3067 895/3087/3067
f 759/3088/3067 1044/2314/3067 1043/2312/3067
f 1043/2312/3068 763/3089/3068 759/3088/3068
f 763/3089/3068 1043/2312/3068 1042/2310/3068
f 1042/2310/3069 766/3090/3069 763/3089/3069
f 766/3090/3069 1042/2310/3069 1041/2304/3069
f 1041/2304/2594 769/2303/2594 766/3090/2594
f 316/3091/2622 426/2642/2622 288/3092/2622
f 426/2642/2622 316/3091/2622 449/2641/2622
f 314/3093/3070 449/2641/3070 316/3091/3070
f 449/2641/3071 314/3093/3071 427/2643/3071
f 286/3094/3072 427/2643/3072 314/3093/3072
f 427/2643/3073 286/3094/3073 395/2659/3073
f 285/3095/2623 395/2659/2623 286/3094/2623
f 395/2659/2623 285/3095/2623 394/2660/2623
f 288/3096/6 394/2660/6 285/3095/6
f 394/2660/6 288/3096/6 426/2665/6
f 1595/3097/3074 1596/1514/3074 1580/1513/3074
f 1596/1514/3075 1595/3097/3075 1162/3098/3075
f 1162/3098/3076 1164/1516/3076 1596/1514/3076
f 1164/1516/3077 1162/3098/3077 1163/3099/3077
f 1163/3099/3077 1165/1518/3077 1164/1516/3077
f 1165/1518/3078 1163/3099/3078 1195/3100/3078
f 1195/3100/3079 1196/1535/3079 1165/1518/3079
f 1195/3100/3080 1212/3101/3080 1196/1535/3080
f 1212/3101/3081 1211/1536/3081 1196/1535/3081
f 1212/3101/3082 1228/1542/3082 1211/1536/3082
f 1595/3097/3083 1601/3102/3083 1176/3103/3083
f 1176/3103/3083 1162/3098/3083 1595/3097/3083
f 1175/3104/3084 1162/3098/3084 1176/3103/3084
f 1175/3104/3084 1163/3099/3084 1162/3098/3084
f 1201/3105/3085 1163/3099/3085 1175/3104/3085
f 1201/3105/3086 1195/3100/3086 1163/3099/3086
f 1201/3105/3087 1217/3106/3087 1195/3100/3087
f 1195/3100/3088 1217/3106/3088 1212/3101/3088
f 1217/3106/3089 1233/1550/3089 1212/3101/3089
f 1228/1542/3089 1212/3101/3089 1233/1550/3089
f 1516/1725/3090 1515/1735/3090 1499/1730/3090
f 1516/1725/3091 1532/3107/3091 1515/1735/3091
f 1532/3107/3092 1531/1736/3092 1515/1735/3092
f 1532/3107/3093 1547/3108/3093 1531/1736/3093
f 1548/1511/3094 1531/1736/3094 1547/3108/3094
f 1547/3108/3095 1563/3109/3095 1548/1511/3095
f 1564/1512/3096 1548/1511/3096 1563/3109/3096
f 1563/3109/3097 1579/3110/3097 1564/1512/3097
f 1580/1513/3098 1564/1512/3098 1579/3110/3098
f 1580/1513/3099 1579/3110/3099 1595/3097/3099
f 1521/1724/3100 1537/3111/3100 1516/1725/3100
f 1532/3107/3100 1516/1725/3100 1537/3111/3100
f 1537/3111/3101 1553/3112/3101 1532/3107/3101
f 1547/3108/3102 1532/3107/3102 1553/3112/3102
f 1553/3112/3103 1569/3113/3103 1547/3108/3103
f 1563/3109/3103 1547/3108/3103 1569/3113/3103
f 1569/3113/3104 1585/3114/3104 1563/3109/3104
f 1579/3110/3104 1563/3109/3104 1585/3114/3104
f 1579/3110/3105 1585/3114/3105 1601/3102/3105
f 1595/3097/3105 1579/3110/3105 1601/3102/3105
f 2379/919/3106 2375/1260/3106 2378/3115/3106
f 2380/3116/3107 2379/919/3107 2378/3115/3107
f 2379/919/3108 2380/3116/3108 2381/3117/3108
f 2382/3118/3109 2381/3117/3109 2380/3116/3109
f 2381/3117/3110 2382/3118/3110 2383/3119/3110
f 2382/3118/3111 2386/3120/3111 2383/3119/3111
f 2386/3120/3112 2382/3118/3112 2385/3121/3112
f 2385/3121/3113 1904/3122/3113 2386/3120/3113
f 1904/3122/3114 2385/3121/3114 1905/3123/3114
f 1906/3124/3115 1904/3122/3115 1905/3123/3115
f 2558/918/1005 2379/919/1005 2559/3125/1005
f 2381/3117/3116 2559/3125/3116 2379/919/3116
f 2559/3125/3116 2381/3117/3116 2560/3126/3116
f 2383/3119/3117 2560/3126/3117 2381/3117/3117
f 2560/3126/3117 2383/3119/3117 2561/3127/3117
f 2386/3120/3118 2561/3127/3118 2383/3119/3118
f 2561/3127/3118 2386/3120/3118 2563/3128/3118
f 1904/3122/3119 2563/3128/3119 2386/3120/3119
f 2563/3128/3119 1904/3122/3119 2438/3129/3119
f 1906/3124/3120 2438/3129/3120 1904/3122/3120
f 2438/3129/3120 1906/3124/3120 2437/3130/3120
f 1907/3131/3121 2437/3130/3121 1906/3124/3121
f 2437/3130/3121 1907/3131/3121 2439/3132/3121
f 2387/3133/3122 2439/3132/3122 1907/3131/3122
f 2439/3132/3122 2387/3133/3122 2564/3134/3122
f 2384/3135/3123 2564/3134/3123 2387/3133/3123
f 2564/3134/3123 2384/3135/3123 2562/3136/3123
f 1910/1271/3124 2562/3136/3124 2384/3135/3124
f 2562/3136/3125 1910/1271/3125 2441/1273/3125
f 1909/1272/3126 2441/1273/3126 1910/1271/3126
f 1906/3124/3127 1905/3123/3127 1907/3131/3127
f 1905/3123/3128 2387/3133/3128 1907/3131/3128
f 2387/3133/3129 1905/3123/3129 2385/3121/3129
f 2385/3121/3130 2384/3135/3130 2387/3133/3130
f 2384/3135/3131 2385/3121/3131 2382/3118/3131
f 2382/3118/3132 1910/1271/3132 2384/3135/3132
f 1910/1271/3133 2382/3118/3133 2380/3116/3133
f 2378/3115/3134 1910/1271/3134 2380/3116/3134
f 1910/1271/3135 2378/3115/3135 1908/1265/3135
f 2375/1260/3136 1908/1265/3136 2378/3115/3136
f 2480/483/3137 2081/484/3137 2481/3137/3137
f 2082/3138/3138 2481/3137/3138 2081/484/3138
f 2481/3137/3138 2082/3138/3138 2482/3139/3138
f 2084/3140/3139 2482/3139/3139 2082/3138/3139
f 2482/3139/3139 2084/3140/3139 2483/3141/3139
f 2102/3142/3140 2483/3141/3140 2084/3140/3140
f 2483/3141/3140 2102/3142/3140 2484/3143/3140
f 2104/3144/3141 2484/3143/3141 2102/3142/3141
f 2484/3143/3141 2104/3144/3141 2485/1194/3141
f 2106/1195/1467 2485/1194/1467 2104/3144/1467
f 2080/482/3142 1714/1219/3142 2081/484/3142
f 1713/1216/3143 2081/484/3143 1714/1219/3143
f 2081/484/3144 1713/1216/3144 2082/3138/3144
f 2083/1214/3145 2082/3138/3145 1713/1216/3145
f 2082/3138/3146 2083/1214/3146 2084/3140/3146
f 2101/1209/3147 2084/3140/3147 2083/1214/3147
f 2084/3140/3148 2101/1209/3148 2102/3142/3148
f 1718/1198/3149 2102/3142/3149 2101/1209/3149
f 2102/3142/3150 1718/1198/3150 2104/3144/3150
f 1718/1198/3151 2106/1195/3151 2104/3144/3151
