# Blender v2.78 (sub 0) OBJ File: ''
# www.blender.org
mtllib wheel.mtl
o Wheel_CarCar_SM
v 2.773196 0.551623 3.668142
v 2.828058 0.000000 1.444097
v 2.773196 0.551624 1.444097
v 2.828058 0.000000 3.668142
v 2.351002 1.570890 1.444097
v 2.351002 1.570890 3.668143
v 2.612785 1.082251 3.668142
v 2.612785 1.082252 1.444097
v 1.570889 2.351003 1.444097
v 1.999739 1.999740 3.668142
v 1.999739 1.999740 1.444097
v 1.570889 2.351003 3.668143
v 0.551622 2.773197 1.444097
v 1.082250 2.612786 3.668143
v 1.082251 2.612786 1.444097
v 0.551622 2.773197 3.668143
v -0.000001 2.828060 1.444097
v -0.551624 2.773197 3.668143
v -0.000001 2.828059 3.668143
v -0.551624 2.773197 1.444097
v -1.082252 2.612786 1.444097
v -1.570891 2.351003 3.668143
v -1.082252 2.612786 3.668143
v -1.570891 2.351003 1.444097
v -1.999740 1.999740 3.668143
v -1.999741 1.999740 1.444097
v -2.351003 1.570890 1.444097
v -2.351003 1.570890 3.668143
v -2.612786 1.082252 3.668142
v -2.612787 1.082252 1.444097
v -2.773197 0.551624 1.444097
v -2.773197 0.551623 3.668142
v -2.828060 0.000001 1.444097
v -2.773197 -0.551623 3.668142
v -2.828060 0.000000 3.668142
v -2.773198 -0.551622 1.444097
v -2.612787 -1.082251 3.668142
v -2.612787 -1.082250 1.444097
v -2.351004 -1.570889 1.444097
v -2.351004 -1.570889 3.668142
v -1.570891 -2.351002 1.444096
v -1.570891 -2.351002 3.668142
v -1.999741 -1.999739 3.668142
v -1.999741 -1.999739 1.444096
v -0.551624 -2.773196 1.444096
v -0.551624 -2.773197 3.668142
v -1.082252 -2.612785 3.668142
v -1.082253 -2.612785 1.444096
v 0.551623 -2.773196 3.668142
v -0.000001 -2.828059 1.444096
v 0.551623 -2.773196 1.444096
v -0.000001 -2.828059 3.668142
v 1.570890 -2.351002 1.444096
v 1.570889 -2.351002 3.668142
v 1.082251 -2.612785 3.668142
v 1.082251 -2.612785 1.444096
v 2.351003 -1.570888 1.444097
v 2.351002 -1.570889 3.668142
v 1.999740 -1.999739 3.668142
v 1.999740 -1.999739 1.444096
v 2.773196 -0.551622 3.668142
v 2.612786 -1.082250 1.444097
v 2.773196 -0.551622 1.444097
v 2.612785 -1.082250 3.668142
v 2.612785 1.082252 1.444097
v 2.773196 0.551624 1.444097
v -0.000001 0.000000 1.444097
v 2.828058 0.000000 1.444097
v 2.773196 -0.551622 1.444097
v 2.612786 -1.082250 1.444097
v 2.351003 -1.570888 1.444097
v 1.999740 -1.999739 1.444096
v 1.570890 -2.351002 1.444096
v 1.082251 -2.612785 1.444096
v 0.551623 -2.773196 1.444096
v -0.000001 -2.828059 1.444096
v -0.551624 -2.773196 1.444096
v -1.082253 -2.612785 1.444096
v -1.570891 -2.351002 1.444096
v -1.999741 -1.999739 1.444096
v -2.351004 -1.570889 1.444097
v -2.612787 -1.082250 1.444097
v -2.773198 -0.551622 1.444097
v -2.828060 0.000001 1.444097
v -2.773197 0.551624 1.444097
v -2.612787 1.082252 1.444097
v -2.351003 1.570890 1.444097
v -1.999741 1.999740 1.444097
v -1.570891 2.351003 1.444097
v -1.082252 2.612786 1.444097
v -0.551624 2.773197 1.444097
v -0.000001 2.828060 1.444097
v 0.551622 2.773197 1.444097
v 1.082251 2.612786 1.444097
v 1.570889 2.351003 1.444097
v 1.999739 1.999740 1.444097
v 2.351002 1.570890 1.444097
v 2.549206 0.507069 3.990179
v 2.338559 0.000000 3.990179
v 2.599637 0.000000 3.990179
v 2.293192 0.456144 3.990179
v 2.160546 0.894928 3.990179
v 2.401751 0.994838 3.990179
v 2.161112 1.444009 3.990179
v 1.944074 1.298989 3.990179
v 1.653610 1.653611 3.990179
v 1.838221 1.838221 3.990179
v 1.444009 2.161113 3.990179
v 1.298989 1.944075 3.990179
v 0.894927 2.160547 3.990179
v 0.994838 2.401752 3.990179
v 0.507068 2.549206 3.990179
v 0.456144 2.293193 3.990179
v -0.000001 2.599638 3.990179
v -0.000001 2.338559 3.990179
v -0.507070 2.549206 3.990179
v -0.456145 2.293193 3.990179
v -0.894929 2.160547 3.990179
v -0.994839 2.401752 3.990179
v -1.444010 2.161113 3.990179
v -1.298990 1.944075 3.990179
v -1.653612 1.653611 3.990179
v -1.838222 1.838221 3.990179
v -2.161113 1.444009 3.990179
v -1.944076 1.298989 3.990179
v -2.160548 0.894928 3.990179
v -2.401752 0.994838 3.990179
v -2.549207 0.507069 3.990179
v -2.293194 0.456145 3.990179
v -2.338560 0.000000 3.990179
v -2.599638 0.000000 3.990179
v -2.549207 -0.507068 3.990179
v -2.293194 -0.456144 3.990179
v -2.401753 -0.994838 3.990179
v -2.160548 -0.894927 3.990179
v -2.161114 -1.444009 3.990179
v -1.944076 -1.298989 3.990178
v -1.653612 -1.653611 3.990178
v -1.838223 -1.838221 3.990178
v -1.444011 -2.161113 3.990178
v -1.298991 -1.944075 3.990178
v -0.894929 -2.160547 3.990178
v -0.994839 -2.401752 3.990178
v -0.507070 -2.549206 3.990178
v -0.456145 -2.293193 3.990178
v -0.000001 -2.338559 3.990178
v -0.000001 -2.599637 3.990178
v 0.507068 -2.549206 3.990178
v 0.456144 -2.293193 3.990178
v 0.894928 -2.160547 3.990178
v 0.994838 -2.401752 3.990178
v 1.444009 -2.161112 3.990178
v 1.298989 -1.944075 3.990178
v 1.838221 -1.838221 3.990178
v 1.653611 -1.653611 3.990179
v 2.161113 -1.444009 3.990179
v 1.944075 -1.298989 3.990178
v 2.160547 -0.894927 3.990179
v 2.401752 -0.994837 3.990179
v 2.549206 -0.507068 3.990179
v 2.293192 -0.456144 3.990179
v 2.773196 0.551623 3.668142
v 2.612785 1.082251 3.668142
v 2.828058 0.000000 3.668142
v 2.351002 1.570890 3.668143
v 1.999739 1.999740 3.668142
v 1.570889 2.351003 3.668143
v 1.082250 2.612786 3.668143
v 0.551622 2.773197 3.668143
v -0.000001 2.828059 3.668143
v -0.551624 2.773197 3.668143
v -1.082252 2.612786 3.668143
v -1.570891 2.351003 3.668143
v -1.999740 1.999740 3.668143
v -2.351003 1.570890 3.668143
v -2.612786 1.082252 3.668142
v -2.773197 0.551623 3.668142
v -2.828060 0.000000 3.668142
v -2.773197 -0.551623 3.668142
v -2.612787 -1.082251 3.668142
v -2.351004 -1.570889 3.668142
v -1.999741 -1.999739 3.668142
v -1.082252 -2.612785 3.668142
v -1.570891 -2.351002 3.668142
v -0.000001 -2.828059 3.668142
v -0.551624 -2.773197 3.668142
v 0.551623 -2.773196 3.668142
v 1.082251 -2.612785 3.668142
v 1.570889 -2.351002 3.668142
v 1.999740 -1.999739 3.668142
v 2.612785 -1.082250 3.668142
v 2.351002 -1.570889 3.668142
v 2.773196 -0.551622 3.668142
v 1.387242 0.000000 4.280124
v 1.360331 0.270587 4.280124
v 1.281645 0.530875 4.280124
v 1.153232 0.770566 4.280125
v 0.980928 0.980929 4.280125
v 0.770565 1.153233 4.280125
v 0.530874 1.281645 4.280125
v 0.270586 1.360332 4.280124
v -0.000001 1.387244 4.280123
v -0.270588 1.360333 4.280123
v -0.530876 1.281647 4.280123
v -0.770567 1.153234 4.280124
v -0.980929 0.980929 4.280124
v -1.153234 0.770566 4.280125
v -1.281646 0.530875 4.280124
v -1.360332 0.270587 4.280124
v -1.387243 0.000001 4.280124
v -1.360332 -0.270586 4.280124
v -1.281646 -0.530874 4.280125
v -1.153234 -0.770565 4.280124
v -0.980930 -0.980928 4.280124
v -0.770566 -1.153233 4.280124
v -0.530875 -1.281645 4.280124
v -0.270587 -1.360331 4.280124
v -0.000000 -1.387243 4.280124
v 0.270586 -1.360331 4.280124
v 0.530874 -1.281645 4.280124
v 0.770565 -1.153233 4.280124
v 0.980928 -0.980928 4.280124
v 1.153233 -0.770565 4.280124
v 1.281645 -0.530874 4.280125
v 1.360331 -0.270586 4.280124
v 0.853227 0.353419 4.486509
v 1.311472 0.260868 4.347242
v 1.235612 0.511808 4.347243
v 0.905611 0.180138 4.486509
v 0.804980 0.000000 4.486509
v 0.847487 0.168576 4.522523
v 0.789364 0.157015 4.486509
v 0.864253 0.000000 4.522523
v 1.111812 0.742890 4.347243
v 0.653031 0.653032 4.486509
v 0.767739 0.512988 4.486509
v 0.945696 0.945697 4.347243
v 0.743704 0.308053 4.486509
v 0.718465 0.480063 4.522523
v 0.669190 0.447139 4.486509
v 0.798465 0.330736 4.522523
v 0.742889 1.111813 4.347243
v 0.353418 0.853227 4.486509
v 0.512987 0.767740 4.486509
v 0.511807 1.235613 4.347243
v 0.569206 0.569207 4.486509
v 0.480063 0.718465 4.522523
v 0.447138 0.669191 4.486509
v 0.611119 0.611120 4.522523
v 0.260867 1.311473 4.347242
v -0.000001 0.923527 4.486509
v 0.180137 0.905611 4.486509
v -0.000001 1.337419 4.347242
v 0.168575 0.847488 4.522523
v 0.308052 0.743705 4.486509
v 0.330735 0.798466 4.522523
v 0.157014 0.789364 4.486509
v -0.353419 0.853227 4.486509
v -0.260869 1.311474 4.347242
v -0.511808 1.235614 4.347242
v -0.180138 0.905611 4.486509
v -0.168576 0.847488 4.522523
v -0.000001 0.804980 4.486509
v -0.000001 0.864254 4.522523
v -0.157015 0.789364 4.486509
v -0.653033 0.653032 4.486509
v -0.742890 1.111813 4.347242
v -0.945698 0.945697 4.347243
v -0.512988 0.767740 4.486509
v -0.480064 0.718465 4.522523
v -0.308053 0.743705 4.486509
v -0.330736 0.798466 4.522523
v -0.447140 0.669191 4.486509
v -1.111813 0.742890 4.347243
v -0.853228 0.353419 4.486509
v -0.767740 0.512987 4.486509
v -1.235613 0.511808 4.347243
v -0.569208 0.569207 4.486509
v -0.718466 0.480063 4.522523
v -0.669191 0.447139 4.486509
v -0.611120 0.611120 4.522523
v -1.311473 0.260869 4.347242
v -0.923527 0.000000 4.486509
v -0.905611 0.180138 4.486509
v -1.337418 0.000001 4.347242
v -0.743705 0.308053 4.486509
v -0.847488 0.168576 4.522523
v -0.789365 0.157015 4.486509
v -0.798467 0.330736 4.522523
v -1.311473 -0.260867 4.347243
v -0.853228 -0.353418 4.486509
v -0.905611 -0.180137 4.486509
v -1.235613 -0.511807 4.347242
v -0.804981 0.000000 4.486509
v -0.847488 -0.168575 4.522523
v -0.789365 -0.157014 4.486509
v -0.864254 0.000000 4.522523
v -1.111814 -0.742889 4.347242
v -0.653033 -0.653032 4.486509
v -0.767741 -0.512987 4.486509
v -0.945698 -0.945696 4.347242
v -0.718466 -0.480063 4.522523
v -0.743705 -0.308052 4.486509
v -0.798467 -0.330735 4.522523
v -0.669191 -0.447138 4.486509
v -0.353419 -0.853228 4.486509
v -0.742890 -1.111812 4.347242
v -0.511808 -1.235612 4.347242
v -0.512989 -0.767740 4.486509
v -0.480064 -0.718465 4.522523
v -0.569208 -0.569207 4.486509
v -0.611120 -0.611119 4.522523
v -0.447140 -0.669190 4.486509
v -0.000001 -0.923527 4.486509
v -0.260869 -1.311472 4.347242
v -0.000001 -1.337417 4.347242
v -0.180138 -0.905612 4.486509
v -0.308053 -0.743704 4.486509
v -0.168576 -0.847488 4.522523
v -0.157015 -0.789364 4.486509
v -0.330736 -0.798466 4.522523
v 0.260868 -1.311472 4.347242
v 0.353418 -0.853228 4.486509
v 0.180137 -0.905612 4.486509
v 0.511807 -1.235612 4.347242
v -0.000001 -0.804980 4.486509
v 0.168575 -0.847488 4.522523
v 0.157014 -0.789364 4.486509
v -0.000001 -0.864254 4.522523
v 0.742889 -1.111812 4.347242
v 0.653032 -0.653032 4.486509
v 0.512987 -0.767740 4.486509
v 0.945697 -0.945696 4.347242
v 0.308052 -0.743704 4.486509
v 0.480063 -0.718465 4.522523
v 0.447138 -0.669190 4.486509
v 0.330735 -0.798466 4.522523
v 1.111812 -0.742889 4.347242
v 0.853228 -0.353418 4.486509
v 0.767740 -0.512987 4.486509
v 1.235612 -0.511806 4.347242
v 0.718465 -0.480063 4.522523
v 0.569206 -0.569206 4.486509
v 0.611119 -0.611119 4.522523
v 0.669190 -0.447138 4.486509
v 1.337417 0.000000 4.347242
v 0.923527 0.000000 4.486509
v 1.311472 -0.260867 4.347242
v 0.905611 -0.180137 4.486509
v 0.847487 -0.168575 4.522523
v 0.743704 -0.308052 4.486509
v 0.798466 -0.330735 4.522523
v 0.789364 -0.157014 4.486509
v -0.000001 0.000000 4.486509
v 9.774310 1.286813 0.000000
v 10.563304 0.000001 -5.668264
v 10.472934 1.378790 -5.668264
v 9.858652 0.000000 -0.000000
v 9.522727 2.551608 0.000000
v 10.203368 2.733986 -5.668264
v 9.108207 3.772744 0.000000
v 9.759221 4.042404 -5.668263
v 8.537843 4.929327 0.000000
v 9.148088 5.281654 -5.668265
v 7.821395 6.001567 0.000001
v 8.380434 6.430534 -5.668265
v 6.971121 6.971120 0.000001
v 7.469385 7.469386 -5.668265
v 6.430533 8.380434 -5.668262
v 6.001568 7.821395 0.000001
v 5.281654 9.148091 -5.668264
v 4.929327 8.537843 0.000001
v 4.042404 9.759223 -5.668261
v 3.772744 9.108207 0.000001
v 2.733987 10.203371 -5.668261
v 2.551609 9.522727 0.000001
v 1.378790 10.472933 -5.668261
v 1.286814 9.774310 0.000001
v 0.000002 10.563305 -5.668261
v 0.000002 9.858653 0.000001
v -1.378785 10.472935 -5.668261
v -1.286810 9.774310 0.000001
v 0.000002 10.563305 -5.668261
v 0.000002 9.858653 0.000001
v -2.733982 10.203371 -5.668261
v -2.551604 9.522727 0.000001
v -4.042398 9.759225 -5.668264
v -3.772740 9.108208 0.000001
v -5.281649 9.148091 -5.668264
v -4.929324 8.537845 0.000001
v -6.430529 8.380436 -5.668262
v -6.001565 7.821396 0.000001
v -7.469383 7.469388 -5.668265
v -6.971117 6.971122 0.000001
v -8.380433 6.430536 -5.668265
v -7.821392 6.001569 0.000001
v -9.148090 5.281656 -5.668265
v -8.537842 4.929328 0.000000
v -9.759220 4.042407 -5.668263
v -9.108205 3.772747 0.000000
v -10.203369 2.733989 -5.668267
v -9.522725 2.551611 0.000000
v -10.472935 1.378793 -5.668264
v -9.774308 1.286817 0.000000
v -10.563307 0.000001 -5.668264
v -9.858651 0.000000 -0.000000
v 11.358153 0.000001 -6.575245
v 11.260983 1.482538 -6.575245
v 10.971134 2.939708 -6.575244
v 10.493566 4.346579 -6.575244
v 9.836450 5.679079 -6.575244
v 9.011030 6.914407 -6.575244
v 8.031428 8.031430 -6.575244
v 6.914407 9.011033 -6.575243
v 5.679078 9.836452 -6.575243
v 4.346580 10.493569 -6.575243
v 2.939708 10.971138 -6.575243
v 1.482539 11.260985 -6.575243
v 0.000002 11.358156 -6.575243
v 0.000002 11.358156 -6.575243
v -1.482534 11.260986 -6.575243
v -2.939704 10.971138 -6.575243
v -4.346574 10.493569 -6.575243
v -5.679075 9.836453 -6.575243
v -6.914404 9.011034 -6.575243
v -8.031425 8.031433 -6.575244
v -9.011029 6.914410 -6.575244
v -9.836449 5.679081 -6.575244
v -10.493566 4.346581 -6.575244
v -10.971134 2.939712 -6.575244
v -11.260983 1.482542 -6.575245
v -11.358155 0.000001 -6.575245
v 11.090809 1.460135 -7.206553
v 11.358153 0.000001 -6.575245
v 11.186510 0.000002 -7.206553
v 11.260983 1.482538 -6.575245
v 10.805341 2.895284 -7.206553
v 10.971134 2.939708 -6.575244
v 10.334988 4.280894 -7.206552
v 10.493566 4.346579 -6.575244
v 9.687803 5.593258 -7.206551
v 9.836450 5.679079 -6.575244
v 8.874856 6.809919 -7.206553
v 9.011030 6.914407 -6.575244
v 7.910059 7.910061 -7.206552
v 8.031428 8.031430 -6.575244
v 6.809918 8.874861 -7.206551
v 6.914407 9.011033 -6.575243
v 5.593256 9.687807 -7.206551
v 5.679078 9.836452 -6.575243
v 4.280894 10.334993 -7.206551
v 4.346580 10.493569 -6.575243
v 2.895284 10.805346 -7.206551
v 2.939708 10.971138 -6.575243
v 1.460135 11.090815 -7.206551
v 1.482539 11.260985 -6.575243
v 0.000002 11.186517 -7.206551
v 0.000002 11.358156 -6.575243
v -1.460130 11.090815 -7.206551
v -1.482534 11.260986 -6.575243
v -2.895280 10.805346 -7.206551
v -2.939704 10.971138 -6.575243
v -4.280890 10.334995 -7.206551
v -4.346574 10.493569 -6.575243
v -5.593255 9.687810 -7.206551
v -5.679075 9.836453 -6.575243
v -6.809916 8.874863 -7.206551
v -6.914404 9.011034 -6.575243
v -7.910056 7.910063 -7.206552
v -8.031425 8.031433 -6.575244
v -9.011029 6.914410 -6.575244
v -8.874856 6.809921 -7.206553
v -9.836449 5.679081 -6.575244
v -9.687802 5.593260 -7.206551
v -10.493566 4.346581 -6.575244
v -10.334989 4.280897 -7.206552
v -10.971134 2.939712 -6.575244
v -10.805341 2.895287 -7.206553
v -11.260983 1.482542 -6.575245
v -11.090809 1.460138 -7.206553
v -11.358155 0.000001 -6.575245
v -11.186513 0.000002 -7.206553
v 9.953616 1.310421 -7.206553
v 11.186510 0.000002 -7.206553
v 10.039504 0.000002 -7.206553
v 11.090809 1.460135 -7.206553
v 9.697417 2.598418 -7.206553
v 10.805341 2.895284 -7.206553
v 9.275292 3.841954 -7.206552
v 10.334988 4.280894 -7.206552
v 8.694467 5.019755 -7.206551
v 9.687803 5.593258 -7.206551
v 7.964875 6.111666 -7.206553
v 8.874856 6.809919 -7.206553
v 7.910059 7.910061 -7.206552
v 7.099002 7.099005 -7.206552
v 6.111664 7.964879 -7.206552
v 6.809918 8.874861 -7.206551
v 5.593256 9.687807 -7.206551
v 5.019753 8.694470 -7.206552
v 3.841954 9.275298 -7.206551
v 4.280894 10.334993 -7.206551
v 2.598417 9.697423 -7.206551
v 2.895284 10.805346 -7.206551
v 1.460135 11.090815 -7.206551
v 1.310420 9.953620 -7.206551
v 0.000002 10.039511 -7.206551
v 0.000002 11.186517 -7.206551
v -1.460130 11.090815 -7.206551
v -1.310416 9.953621 -7.206551
v -2.598413 9.697423 -7.206551
v -2.895280 10.805346 -7.206551
v -3.841950 9.275299 -7.206551
v -4.280890 10.334995 -7.206551
v -5.019752 8.694472 -7.206552
v -5.593255 9.687810 -7.206551
v -6.111663 7.964880 -7.206552
v -6.809916 8.874863 -7.206551
v -7.099000 7.099006 -7.206552
v -7.910056 7.910063 -7.206552
v -7.964875 6.111668 -7.206553
v -8.874856 6.809921 -7.206553
v -8.694466 5.019757 -7.206551
v -9.687802 5.593260 -7.206551
v -9.275292 3.841957 -7.206552
v -10.334989 4.280897 -7.206552
v -9.697417 2.598420 -7.206553
v -10.805341 2.895287 -7.206553
v -11.090809 1.460138 -7.206553
v -9.953615 1.310424 -7.206553
v -10.039506 0.000002 -7.206553
v -11.186513 0.000002 -7.206553
v 9.353414 1.231402 -5.544312
v 10.039504 0.000002 -7.206553
v 9.434122 0.000001 -5.544313
v 9.953616 1.310421 -7.206553
v 9.112663 2.441733 -5.544312
v 9.697417 2.598418 -7.206553
v 8.715993 3.610284 -5.544312
v 9.275292 3.841954 -7.206552
v 8.170191 4.717065 -5.544312
v 8.694467 5.019755 -7.206551
v 7.484592 5.743133 -5.544313
v 7.964875 6.111666 -7.206553
v 6.670932 6.670936 -5.544312
v 7.099002 7.099005 -7.206552
v 5.743130 7.484599 -5.544312
v 6.111664 7.964879 -7.206552
v 4.717062 8.170193 -5.544312
v 5.019753 8.694470 -7.206552
v 3.610284 8.715997 -5.544312
v 3.841954 9.275298 -7.206551
v 2.441732 9.112668 -5.544312
v 2.598417 9.697423 -7.206551
v 1.231402 9.353416 -5.544312
v 1.310420 9.953620 -7.206551
v 0.000002 9.434128 -5.544312
v 0.000002 10.039511 -7.206551
v -1.231398 9.353416 -5.544312
v -1.310416 9.953621 -7.206551
v -2.441728 9.112668 -5.544312
v -2.598413 9.697423 -7.206551
v -3.610280 8.715999 -5.544312
v -3.841950 9.275299 -7.206551
v -4.717061 8.170196 -5.544312
v -5.019752 8.694472 -7.206552
v -5.743130 7.484599 -5.544312
v -6.111663 7.964880 -7.206552
v -6.670930 6.670937 -5.544312
v -7.099000 7.099006 -7.206552
v -7.964875 6.111668 -7.206553
v -7.484593 5.743135 -5.544313
v -8.694466 5.019757 -7.206551
v -8.170190 4.717067 -5.544312
v -9.275292 3.841957 -7.206552
v -8.715994 3.610287 -5.544312
v -9.697417 2.598420 -7.206553
v -9.112663 2.441736 -5.544312
v -9.953615 1.310424 -7.206553
v -9.353412 1.231405 -5.544312
v -10.039506 0.000002 -7.206553
v -9.434124 0.000001 -5.544313
v 9.774310 -1.286813 -0.000000
v 10.472934 -1.378787 -5.668264
v 9.522727 -2.551607 -0.000001
v 10.203368 -2.733983 -5.668264
v 9.108207 -3.772743 -0.000001
v 9.759221 -4.042401 -5.668265
v 8.537843 -4.929326 -0.000001
v 9.148088 -5.281652 -5.668267
v 7.821395 -6.001566 -0.000001
v 8.380434 -6.430532 -5.668267
v 6.971121 -6.971119 -0.000001
v 7.469385 -7.469383 -5.668267
v 6.001568 -7.821394 -0.000001
v 6.430533 -8.380432 -5.668263
v 4.929327 -8.537843 -0.000002
v 5.281654 -9.148089 -5.668268
v 3.772744 -9.108207 -0.000002
v 4.042404 -9.759221 -5.668264
v 2.551609 -9.522727 -0.000002
v 2.733987 -10.203369 -5.668264
v 1.286814 -9.774310 -0.000002
v 1.378790 -10.472931 -5.668264
v 0.000002 -9.858653 -0.000002
v 0.000002 -10.563303 -5.668264
v -1.286810 -9.774310 -0.000002
v 0.000002 -10.563303 -5.668264
v 0.000002 -9.858653 -0.000002
v -1.378785 -10.472933 -5.668264
v -2.551604 -9.522727 -0.000002
v -2.733982 -10.203369 -5.668264
v -3.772740 -9.108208 -0.000002
v -4.042398 -9.759223 -5.668268
v -4.929324 -8.537845 -0.000002
v -5.281649 -9.148089 -5.668268
v -6.001565 -7.821395 -0.000001
v -6.430529 -8.380434 -5.668263
v -6.971117 -6.971121 -0.000001
v -7.469383 -7.469385 -5.668267
v -8.380433 -6.430533 -5.668267
v -7.821392 -6.001568 -0.000001
v -9.148090 -5.281654 -5.668267
v -8.537842 -4.929328 -0.000001
v -9.759220 -4.042404 -5.668265
v -9.108205 -3.772746 -0.000001
v -10.203369 -2.733987 -5.668267
v -9.522725 -2.551610 -0.000001
v -10.472935 -1.378791 -5.668264
v -9.774308 -1.286816 -0.000000
v 11.260983 -1.482535 -6.575245
v 10.971134 -2.939706 -6.575246
v 10.493566 -4.346577 -6.575246
v 9.836450 -5.679077 -6.575246
v 9.011030 -6.914404 -6.575246
v 8.031428 -8.031426 -6.575246
v 6.914407 -9.011029 -6.575247
v 5.679078 -9.836449 -6.575247
v 4.346580 -10.493566 -6.575247
v 2.939708 -10.971134 -6.575247
v 1.482539 -11.260982 -6.575247
v 0.000002 -11.358152 -6.575247
v 0.000002 -11.358152 -6.575247
v -1.482534 -11.260983 -6.575247
v -2.939704 -10.971134 -6.575247
v -4.346574 -10.493566 -6.575247
v -5.679075 -9.836450 -6.575247
v -6.914404 -9.011030 -6.575247
v -8.031425 -8.031429 -6.575246
v -9.011029 -6.914407 -6.575246
v -9.836449 -5.679079 -6.575246
v -10.493566 -4.346580 -6.575246
v -10.971134 -2.939709 -6.575246
v -11.260983 -1.482539 -6.575245
v 11.090809 -1.460131 -7.206553
v 11.260983 -1.482535 -6.575245
v 10.805341 -2.895281 -7.206553
v 10.971134 -2.939706 -6.575246
v 10.334988 -4.280892 -7.206553
v 10.493566 -4.346577 -6.575246
v 9.687803 -5.593256 -7.206553
v 9.836450 -5.679077 -6.575246
v 8.874856 -6.809916 -7.206554
v 9.011030 -6.914404 -6.575246
v 7.910059 -7.910058 -7.206553
v 8.031428 -8.031426 -6.575246
v 6.914407 -9.011029 -6.575247
v 6.809918 -8.874857 -7.206554
v 5.593256 -9.687803 -7.206554
v 5.679078 -9.836449 -6.575247
v 4.280894 -10.334990 -7.206554
v 4.346580 -10.493566 -6.575247
v 2.895284 -10.805342 -7.206554
v 2.939708 -10.971134 -6.575247
v 1.460135 -11.090811 -7.206554
v 1.482539 -11.260982 -6.575247
v 0.000002 -11.186513 -7.206554
v 0.000002 -11.358152 -6.575247
v -1.460130 -11.090811 -7.206554
v -1.482534 -11.260983 -6.575247
v -2.895280 -10.805342 -7.206554
v -2.939704 -10.971134 -6.575247
v -4.280890 -10.334991 -7.206554
v -4.346574 -10.493566 -6.575247
v -5.593255 -9.687806 -7.206554
v -5.679075 -9.836450 -6.575247
v -6.809916 -8.874859 -7.206554
v -6.914404 -9.011030 -6.575247
v -7.910056 -7.910060 -7.206553
v -8.031425 -8.031429 -6.575246
v -8.874856 -6.809918 -7.206554
v -9.011029 -6.914407 -6.575246
v -9.687802 -5.593258 -7.206553
v -9.836449 -5.679079 -6.575246
v -10.334989 -4.280895 -7.206553
v -10.493566 -4.346580 -6.575246
v -10.805341 -2.895284 -7.206553
v -10.971134 -2.939709 -6.575246
v -11.090809 -1.460135 -7.206553
v -11.260983 -1.482539 -6.575245
v 9.953616 -1.310418 -7.206553
v 11.090809 -1.460131 -7.206553
v 10.805341 -2.895281 -7.206553
v 9.697417 -2.598414 -7.206553
v 10.334988 -4.280892 -7.206553
v 9.275292 -3.841951 -7.206553
v 8.694467 -5.019753 -7.206553
v 9.687803 -5.593256 -7.206553
v 8.874856 -6.809916 -7.206554
v 7.964875 -6.111663 -7.206554
v 7.099002 -7.099002 -7.206553
v 7.910059 -7.910058 -7.206553
v 6.111664 -7.964876 -7.206553
v 6.809918 -8.874857 -7.206554
v 5.593256 -9.687803 -7.206554
v 5.019753 -8.694467 -7.206553
v 3.841954 -9.275294 -7.206554
v 4.280894 -10.334990 -7.206554
v 2.598417 -9.697419 -7.206554
v 2.895284 -10.805342 -7.206554
v 1.460135 -11.090811 -7.206554
v 1.310420 -9.953616 -7.206554
v 0.000002 -10.039507 -7.206554
v 0.000002 -11.186513 -7.206554
v -1.460130 -11.090811 -7.206554
v -1.310416 -9.953617 -7.206554
v -2.598413 -9.697419 -7.206554
v -2.895280 -10.805342 -7.206554
v -3.841950 -9.275295 -7.206554
v -4.280890 -10.334991 -7.206554
v -5.019752 -8.694468 -7.206553
v -5.593255 -9.687806 -7.206554
v -6.809916 -8.874859 -7.206554
v -6.111663 -7.964878 -7.206553
v -7.910056 -7.910060 -7.206553
v -7.099000 -7.099003 -7.206553
v -7.964875 -6.111665 -7.206554
v -8.874856 -6.809918 -7.206554
v -9.687802 -5.593258 -7.206553
v -8.694466 -5.019755 -7.206553
v -10.334989 -4.280895 -7.206553
v -9.275292 -3.841954 -7.206553
v -9.697417 -2.598417 -7.206553
v -10.805341 -2.895284 -7.206553
v -9.953615 -1.310421 -7.206553
v -11.090809 -1.460135 -7.206553
v 9.353414 -1.231400 -5.544312
v 9.953616 -1.310418 -7.206553
v 9.112663 -2.441730 -5.544312
v 9.697417 -2.598414 -7.206553
v 8.715993 -3.610281 -5.544314
v 9.275292 -3.841951 -7.206553
v 8.170191 -4.717062 -5.544313
v 8.694467 -5.019753 -7.206553
v 7.484592 -5.743131 -5.544314
v 7.964875 -6.111663 -7.206554
v 6.670932 -6.670933 -5.544314
v 7.099002 -7.099002 -7.206553
v 6.111664 -7.964876 -7.206553
v 5.743130 -7.484596 -5.544314
v 5.019753 -8.694467 -7.206553
v 4.717062 -8.170191 -5.544314
v 3.841954 -9.275294 -7.206554
v 3.610284 -8.715995 -5.544314
v 2.598417 -9.697419 -7.206554
v 2.441732 -9.112666 -5.544315
v 1.310420 -9.953616 -7.206554
v 1.231402 -9.353415 -5.544315
v 0.000002 -10.039507 -7.206554
v 0.000002 -9.434126 -5.544315
v -1.231398 -9.353415 -5.544315
v -1.310416 -9.953617 -7.206554
v -2.441728 -9.112666 -5.544315
v -2.598413 -9.697419 -7.206554
v -3.610280 -8.715997 -5.544314
v -3.841950 -9.275295 -7.206554
v -4.717061 -8.170194 -5.544314
v -5.019752 -8.694468 -7.206553
v -5.743130 -7.484596 -5.544314
v -6.111663 -7.964878 -7.206553
v -6.670930 -6.670934 -5.544314
v -7.099000 -7.099003 -7.206553
v -7.964875 -6.111665 -7.206554
v -7.484593 -5.743133 -5.544314
v -8.694466 -5.019755 -7.206553
v -8.170190 -4.717064 -5.544313
v -9.275292 -3.841954 -7.206553
v -8.715994 -3.610284 -5.544314
v -9.112663 -2.441733 -5.544312
v -9.697417 -2.598417 -7.206553
v -9.353412 -1.231403 -5.544312
v -9.953615 -1.310421 -7.206553
v 9.742380 1.282610 -4.104946
v 9.353414 1.231402 -5.544312
v 9.826445 0.000001 -4.104946
v 9.434122 0.000001 -5.544313
v 9.491618 2.543274 -4.104945
v 9.112663 2.441733 -5.544312
v 9.078452 3.760419 -4.104945
v 8.715993 3.610284 -5.544312
v 8.509953 4.913226 -4.104945
v 8.170191 4.717065 -5.544312
v 7.795843 5.981964 -4.104946
v 7.484592 5.743133 -5.544313
v 6.670932 6.670936 -5.544312
v 6.948346 6.948350 -4.104946
v 5.981962 7.795849 -4.104944
v 5.743130 7.484599 -5.544312
v 4.913224 8.509955 -4.104944
v 4.717062 8.170193 -5.544312
v 3.760419 9.078456 -4.104946
v 3.610284 8.715997 -5.544312
v 2.543273 9.491623 -4.104946
v 2.441732 9.112668 -5.544312
v 1.282611 9.742383 -4.104946
v 1.231402 9.353416 -5.544312
v 0.000002 9.826451 -4.104946
v 0.000002 9.434128 -5.544312
v 0.000002 9.826451 -4.104946
v -1.282606 9.742384 -4.104946
v -1.231398 9.353416 -5.544312
v 0.000002 9.434128 -5.544312
v -2.543269 9.491623 -4.104946
v -2.441728 9.112668 -5.544312
v -3.760416 9.078458 -4.104946
v -3.610280 8.715999 -5.544312
v -4.913222 8.509957 -4.104944
v -4.717061 8.170196 -5.544312
v -5.981961 7.795849 -4.104944
v -5.743130 7.484599 -5.544312
v -6.948344 6.948351 -4.104946
v -6.670930 6.670937 -5.544312
v -7.795844 5.981967 -4.104946
v -7.484593 5.743135 -5.544313
v -8.509951 4.913228 -4.104945
v -8.170190 4.717067 -5.544312
v -9.078452 3.760422 -4.104945
v -8.715994 3.610287 -5.544312
v -9.491618 2.543277 -4.104945
v -9.112663 2.441736 -5.544312
v -9.742378 1.282614 -4.104946
v -9.353412 1.231405 -5.544312
v -9.826447 0.000001 -4.104946
v -9.434124 0.000001 -5.544313
v 9.353414 -1.231400 -5.544312
v 9.742380 -1.282609 -4.104946
v 9.112663 -2.441730 -5.544312
v 9.491618 -2.543271 -4.104946
v 8.715993 -3.610281 -5.544314
v 9.078452 -3.760417 -4.104946
v 8.170191 -4.717062 -5.544313
v 8.509953 -4.913224 -4.104947
v 7.484592 -5.743131 -5.544314
v 7.795843 -5.981962 -4.104948
v 6.670932 -6.670933 -5.544314
v 6.948346 -6.948348 -4.104947
v 5.743130 -7.484596 -5.544314
v 5.981962 -7.795847 -4.104947
v 4.717062 -8.170191 -5.544314
v 4.913224 -8.509953 -4.104947
v 3.610284 -8.715995 -5.544314
v 3.760419 -9.078454 -4.104949
v 2.441732 -9.112666 -5.544315
v 2.543273 -9.491621 -4.104949
v 1.231402 -9.353415 -5.544315
v 1.282611 -9.742381 -4.104949
v 0.000002 -9.434126 -5.544315
v 0.000002 -9.826449 -4.104949
v -1.231398 -9.353415 -5.544315
v 0.000002 -9.826449 -4.104949
v 0.000002 -9.434126 -5.544315
v -1.282606 -9.742382 -4.104949
v -2.441728 -9.112666 -5.544315
v -2.543269 -9.491621 -4.104949
v -3.610280 -8.715997 -5.544314
v -3.760416 -9.078456 -4.104949
v -4.717061 -8.170194 -5.544314
v -4.913222 -8.509955 -4.104947
v -5.743130 -7.484596 -5.544314
v -5.981961 -7.795847 -4.104947
v -6.670930 -6.670934 -5.544314
v -6.948344 -6.948349 -4.104947
v -7.795844 -5.981965 -4.104948
v -7.484593 -5.743133 -5.544314
v -8.509951 -4.913227 -4.104947
v -8.170190 -4.717064 -5.544313
v -9.078452 -3.760420 -4.104946
v -8.715994 -3.610284 -5.544314
v -9.491618 -2.543274 -4.104946
v -9.112663 -2.441733 -5.544312
v -9.742378 -1.282612 -4.104946
v -9.353412 -1.231403 -5.544312
v 10.472934 1.378788 5.668265
v 10.563304 -0.000001 5.668265
v 10.203368 2.733984 5.668265
v 9.759221 4.042402 5.668266
v 9.148088 5.281652 5.668267
v 8.380434 6.430532 5.668267
v 7.469385 7.469384 5.668267
v 6.430533 8.380433 5.668264
v 5.281654 9.148090 5.668268
v 4.042404 9.759222 5.668264
v 2.733987 10.203370 5.668264
v 1.378790 10.472932 5.668264
v 0.000002 10.563304 5.668264
v 0.000002 10.563304 5.668264
v -1.378785 10.472934 5.668264
v -2.733982 10.203370 5.668264
v -4.042398 9.759224 5.668268
v -5.281649 9.148090 5.668268
v -6.430529 8.380435 5.668264
v -7.469383 7.469386 5.668267
v -8.380433 6.430534 5.668267
v -9.148090 5.281654 5.668267
v -9.759220 4.042405 5.668266
v -10.203369 2.733988 5.668268
v -10.472935 1.378792 5.668265
v -10.563307 -0.000001 5.668265
v 11.358153 -0.000001 6.575244
v 11.260983 1.482536 6.575244
v 10.971134 2.939706 6.575244
v 10.493566 4.346577 6.575244
v 9.836450 5.679077 6.575245
v 9.011030 6.914405 6.575246
v 8.031428 8.031427 6.575246
v 6.914407 9.011030 6.575245
v 5.679078 9.836450 6.575246
v 4.346580 10.493567 6.575246
v 2.939708 10.971135 6.575246
v 1.482539 11.260983 6.575246
v 0.000002 11.358153 6.575246
v 0.000002 11.358153 6.575246
v -1.482534 11.260983 6.575246
v -2.939704 10.971135 6.575246
v -4.346574 10.493567 6.575246
v -5.679075 9.836451 6.575246
v -6.914404 9.011031 6.575245
v -8.031425 8.031430 6.575246
v -9.011029 6.914408 6.575246
v -9.836449 5.679079 6.575245
v -10.493566 4.346580 6.575244
v -10.971134 2.939709 6.575244
v -11.260983 1.482540 6.575244
v -11.358155 -0.000001 6.575244
v 11.090809 1.460132 7.206551
v 11.358153 -0.000001 6.575244
v 11.260983 1.482536 6.575244
v 11.186510 -0.000001 7.206551
v 10.805341 2.895282 7.206552
v 10.971134 2.939706 6.575244
v 10.334988 4.280892 7.206552
v 10.493566 4.346577 6.575244
v 9.687803 5.593256 7.206551
v 9.836450 5.679077 6.575245
v 8.874856 6.809916 7.206553
v 9.011030 6.914405 6.575246
v 7.910059 7.910058 7.206554
v 8.031428 8.031427 6.575246
v 6.914407 9.011030 6.575245
v 6.809918 8.874858 7.206554
v 5.593256 9.687804 7.206554
v 5.679078 9.836450 6.575246
v 4.280894 10.334991 7.206554
v 4.346580 10.493567 6.575246
v 2.895284 10.805343 7.206554
v 2.939708 10.971135 6.575246
v 1.460135 11.090812 7.206554
v 1.482539 11.260983 6.575246
v 0.000002 11.186514 7.206554
v 0.000002 11.358153 6.575246
v -1.460130 11.090812 7.206554
v -1.482534 11.260983 6.575246
v -2.895280 10.805343 7.206554
v -2.939704 10.971135 6.575246
v -4.280890 10.334992 7.206554
v -4.346574 10.493567 6.575246
v -5.593255 9.687807 7.206554
v -5.679075 9.836451 6.575246
v -6.809916 8.874860 7.206554
v -6.914404 9.011031 6.575245
v -7.910056 7.910060 7.206554
v -8.031425 8.031430 6.575246
v -9.011029 6.914408 6.575246
v -8.874856 6.809918 7.206553
v -9.836449 5.679079 6.575245
v -9.687802 5.593257 7.206551
v -10.493566 4.346580 6.575244
v -10.334989 4.280895 7.206552
v -10.971134 2.939709 6.575244
v -10.805341 2.895285 7.206552
v -11.260983 1.482540 6.575244
v -11.090809 1.460136 7.206551
v -11.358155 -0.000001 6.575244
v -11.186513 -0.000001 7.206551
v 9.953616 1.310418 7.206551
v 11.186510 -0.000001 7.206551
v 11.090809 1.460132 7.206551
v 10.039504 -0.000001 7.206551
v 10.805341 2.895282 7.206552
v 9.697417 2.598415 7.206552
v 10.334988 4.280892 7.206552
v 9.275292 3.841952 7.206552
v 8.694467 5.019753 7.206551
v 9.687803 5.593256 7.206551
v 8.874856 6.809916 7.206553
v 7.964875 6.111664 7.206553
v 7.910059 7.910058 7.206554
v 7.099002 7.099002 7.206553
v 6.111664 7.964877 7.206554
v 6.809918 8.874858 7.206554
v 5.593256 9.687804 7.206554
v 5.019753 8.694468 7.206554
v 3.841954 9.275295 7.206554
v 4.280894 10.334991 7.206554
v 2.598417 9.697420 7.206554
v 2.895284 10.805343 7.206554
v 1.460135 11.090812 7.206554
v 1.310420 9.953617 7.206554
v 0.000002 10.039508 7.206554
v 0.000002 11.186514 7.206554
v -1.460130 11.090812 7.206554
v -1.310416 9.953618 7.206554
v -2.598413 9.697420 7.206554
v -2.895280 10.805343 7.206554
v -3.841950 9.275296 7.206554
v -4.280890 10.334992 7.206554
v -5.019752 8.694469 7.206554
v -5.593255 9.687807 7.206554
v -6.809916 8.874860 7.206554
v -6.111663 7.964878 7.206554
v -7.910056 7.910060 7.206554
v -7.099000 7.099004 7.206553
v -7.964875 6.111665 7.206553
v -8.874856 6.809918 7.206553
v -9.687802 5.593257 7.206551
v -8.694466 5.019754 7.206551
v -9.275292 3.841955 7.206552
v -10.334989 4.280895 7.206552
v -9.697417 2.598418 7.206552
v -10.805341 2.895285 7.206552
v -11.090809 1.460136 7.206551
v -9.953615 1.310422 7.206551
v -10.039506 -0.000001 7.206551
v -11.186513 -0.000001 7.206551
v 9.353414 1.231400 6.321769
v 10.039504 -0.000001 7.206551
v 9.953616 1.310418 7.206551
v 9.434122 -0.000001 6.321769
v 9.112663 2.441731 6.321770
v 9.697417 2.598415 7.206552
v 8.715993 3.610282 6.321770
v 9.275292 3.841952 7.206552
v 8.170191 4.717063 6.321770
v 8.694467 5.019753 7.206551
v 7.484592 5.743131 6.321771
v 7.964875 6.111664 7.206553
v 6.670932 6.670934 6.321771
v 7.099002 7.099002 7.206553
v 6.111664 7.964877 7.206554
v 5.743130 7.484597 6.321771
v 5.019753 8.694468 7.206554
v 4.717062 8.170191 6.321772
v 3.841954 9.275295 7.206554
v 3.610284 8.715995 6.321772
v 2.598417 9.697420 7.206554
v 2.441732 9.112665 6.321772
v 1.310420 9.953617 7.206554
v 1.231402 9.353415 6.321772
v 0.000002 10.039508 7.206554
v 0.000002 9.434126 6.321772
v -1.231398 9.353415 6.321772
v -1.310416 9.953618 7.206554
v -2.441728 9.112665 6.321772
v -2.598413 9.697420 7.206554
v -3.610280 8.715997 6.321772
v -3.841950 9.275296 7.206554
v -4.717061 8.170193 6.321772
v -5.019752 8.694469 7.206554
v -5.743129 7.484597 6.321771
v -6.111663 7.964878 7.206554
v -6.670930 6.670935 6.321771
v -7.099000 7.099004 7.206553
v -7.964875 6.111665 7.206553
v -7.484592 5.743133 6.321771
v -8.694466 5.019754 7.206551
v -8.170190 4.717065 6.321770
v -9.275292 3.841955 7.206552
v -8.715993 3.610285 6.321770
v -9.697417 2.598418 7.206552
v -9.112662 2.441734 6.321770
v -9.953615 1.310422 7.206551
v -9.353412 1.231404 6.321769
v -10.039506 -0.000001 7.206551
v -9.434124 -0.000001 6.321769
v 10.472934 -1.378789 5.668265
v 10.203368 -2.733985 5.668264
v 9.759221 -4.042403 5.668264
v 9.148088 -5.281654 5.668265
v 8.380434 -6.430533 5.668265
v 7.469385 -7.469385 5.668265
v 6.430533 -8.380433 5.668262
v 5.281654 -9.148090 5.668265
v 4.042404 -9.759222 5.668261
v 2.733987 -10.203370 5.668261
v 1.378790 -10.472932 5.668261
v 0.000002 -10.563304 5.668261
v 0.000002 -10.563304 5.668261
v -1.378785 -10.472934 5.668261
v -2.733982 -10.203370 5.668261
v -4.042398 -9.759224 5.668264
v -5.281649 -9.148090 5.668265
v -6.430529 -8.380435 5.668262
v -7.469383 -7.469387 5.668265
v -8.380433 -6.430535 5.668265
v -9.148090 -5.281656 5.668265
v -9.759220 -4.042406 5.668264
v -10.203369 -2.733989 5.668267
v -10.472935 -1.378793 5.668265
v 11.260983 -1.482538 6.575243
v 10.971134 -2.939708 6.575243
v 10.493566 -4.346579 6.575243
v 9.836450 -5.679079 6.575243
v 9.011030 -6.914406 6.575244
v 8.031428 -8.031429 6.575244
v 6.914407 -9.011032 6.575243
v 5.679078 -9.836452 6.575242
v 4.346580 -10.493568 6.575242
v 2.939708 -10.971137 6.575242
v 1.482539 -11.260984 6.575242
v 0.000002 -11.358155 6.575242
v 0.000002 -11.358155 6.575242
v -1.482534 -11.260985 6.575242
v -2.939704 -10.971137 6.575242
v -4.346574 -10.493568 6.575242
v -5.679075 -9.836452 6.575242
v -6.914404 -9.011033 6.575243
v -8.031425 -8.031432 6.575244
v -9.011029 -6.914409 6.575244
v -9.836449 -5.679081 6.575243
v -10.493566 -4.346581 6.575243
v -10.971134 -2.939711 6.575243
v -11.260983 -1.482541 6.575243
v 11.090809 -1.460134 7.206551
v 11.260983 -1.482538 6.575243
v 10.805341 -2.895283 7.206551
v 10.971134 -2.939708 6.575243
v 10.334988 -4.280894 7.206551
v 10.493566 -4.346579 6.575243
v 9.687803 -5.593258 7.206549
v 9.836450 -5.679079 6.575243
v 8.874856 -6.809918 7.206552
v 9.011030 -6.914406 6.575244
v 7.910059 -7.910060 7.206551
v 8.031428 -8.031429 6.575244
v 6.809918 -8.874860 7.206551
v 6.914407 -9.011032 6.575243
v 5.593256 -9.687806 7.206551
v 5.679078 -9.836452 6.575242
v 4.280894 -10.334992 7.206551
v 4.346580 -10.493568 6.575242
v 2.895284 -10.805345 7.206551
v 2.939708 -10.971137 6.575242
v 1.460135 -11.090814 7.206551
v 1.482539 -11.260984 6.575242
v 0.000002 -11.186516 7.206551
v 0.000002 -11.358155 6.575242
v -1.460130 -11.090814 7.206551
v -1.482534 -11.260985 6.575242
v -2.895280 -10.805345 7.206551
v -2.939704 -10.971137 6.575242
v -4.280890 -10.334994 7.206551
v -4.346574 -10.493568 6.575242
v -5.593255 -9.687809 7.206551
v -5.679075 -9.836452 6.575242
v -6.809916 -8.874862 7.206551
v -6.914404 -9.011033 6.575243
v -7.910056 -7.910062 7.206551
v -8.031425 -8.031432 6.575244
v -8.874856 -6.809920 7.206552
v -9.011029 -6.914409 6.575244
v -9.687802 -5.593260 7.206549
v -9.836449 -5.679081 6.575243
v -10.334989 -4.280898 7.206551
v -10.493566 -4.346581 6.575243
v -10.805341 -2.895287 7.206551
v -10.971134 -2.939711 6.575243
v -11.090809 -1.460137 7.206551
v -11.260983 -1.482541 6.575243
v 9.953616 -1.310420 7.206551
v 11.090809 -1.460134 7.206551
v 10.805341 -2.895283 7.206551
v 9.697417 -2.598417 7.206551
v 10.334988 -4.280894 7.206551
v 9.275292 -3.841954 7.206551
v 8.694467 -5.019755 7.206549
v 9.687803 -5.593258 7.206549
v 8.874856 -6.809918 7.206552
v 7.964875 -6.111666 7.206552
v 7.910059 -7.910060 7.206551
v 7.099002 -7.099004 7.206552
v 6.111664 -7.964879 7.206551
v 6.809918 -8.874860 7.206551
v 5.019753 -8.694469 7.206551
v 5.593256 -9.687806 7.206551
v 3.841954 -9.275297 7.206551
v 4.280894 -10.334992 7.206551
v 2.598417 -9.697422 7.206551
v 2.895284 -10.805345 7.206551
v 1.310420 -9.953619 7.206551
v 1.460135 -11.090814 7.206551
v 0.000002 -10.039510 7.206551
v 0.000002 -11.186516 7.206551
v -1.310416 -9.953620 7.206551
v -1.460130 -11.090814 7.206551
v -2.598413 -9.697422 7.206551
v -2.895280 -10.805345 7.206551
v -3.841950 -9.275298 7.206551
v -4.280890 -10.334994 7.206551
v -5.019752 -8.694471 7.206551
v -5.593255 -9.687809 7.206551
v -6.809916 -8.874862 7.206551
v -6.111663 -7.964880 7.206551
v -7.910056 -7.910062 7.206551
v -7.099000 -7.099006 7.206552
v -7.964875 -6.111667 7.206552
v -8.874856 -6.809920 7.206552
v -9.687802 -5.593260 7.206549
v -8.694466 -5.019757 7.206549
v -10.334989 -4.280898 7.206551
v -9.275292 -3.841957 7.206551
v -9.697417 -2.598419 7.206551
v -10.805341 -2.895287 7.206551
v -11.090809 -1.460137 7.206551
v -9.953615 -1.310423 7.206551
v 9.353414 -1.231402 6.321769
v 9.953616 -1.310420 7.206551
v 9.112663 -2.441732 6.321768
v 9.697417 -2.598417 7.206551
v 8.715993 -3.610283 6.321768
v 9.275292 -3.841954 7.206551
v 8.170191 -4.717064 6.321768
v 8.694467 -5.019755 7.206549
v 7.484592 -5.743133 6.321769
v 7.964875 -6.111666 7.206552
v 6.670932 -6.670934 6.321769
v 7.099002 -7.099004 7.206552
v 5.743130 -7.484598 6.321769
v 6.111664 -7.964879 7.206551
v 4.717062 -8.170193 6.321769
v 5.019753 -8.694469 7.206551
v 3.610284 -8.715997 6.321769
v 3.841954 -9.275297 7.206551
v 2.441732 -9.112668 6.321769
v 2.598417 -9.697422 7.206551
v 1.231402 -9.353416 6.321769
v 1.310420 -9.953619 7.206551
v 0.000002 -9.434129 6.321769
v 0.000002 -10.039510 7.206551
v -1.231398 -9.353416 6.321769
v -1.310416 -9.953620 7.206551
v -2.441728 -9.112668 6.321769
v -2.598413 -9.697422 7.206551
v -3.610280 -8.715999 6.321769
v -3.841950 -9.275298 7.206551
v -4.717061 -8.170196 6.321769
v -5.019752 -8.694471 7.206551
v -5.743129 -7.484598 6.321769
v -6.111663 -7.964880 7.206551
v -6.670930 -6.670936 6.321769
v -7.099000 -7.099006 7.206552
v -7.484592 -5.743134 6.321769
v -7.964875 -6.111667 7.206552
v -8.170190 -4.717066 6.321768
v -8.694466 -5.019757 7.206549
v -8.715993 -3.610286 6.321768
v -9.275292 -3.841957 7.206551
v -9.112662 -2.441735 6.321768
v -9.697417 -2.598419 7.206551
v -9.353412 -1.231405 6.321769
v -9.953615 -1.310423 7.206551
v 9.742380 1.282609 5.644466
v 9.826445 -0.000001 5.644465
v 9.353414 1.231400 6.321769
v 9.434122 -0.000001 6.321769
v 9.491618 2.543272 5.644466
v 9.112663 2.441731 6.321770
v 8.715993 3.610282 6.321770
v 9.078452 3.760418 5.644466
v 8.170191 4.717063 6.321770
v 8.509953 4.913225 5.644466
v 7.484592 5.743131 6.321771
v 7.795843 5.981962 5.644469
v 6.670932 6.670934 6.321771
v 6.948346 6.948348 5.644469
v 5.981962 7.795847 5.644469
v 5.743130 7.484597 6.321771
v 4.913224 8.509953 5.644469
v 4.717062 8.170191 6.321772
v 3.760419 9.078455 5.644469
v 3.610284 8.715995 6.321772
v 2.543273 9.491620 5.644469
v 2.441732 9.112665 6.321772
v 1.282610 9.742382 5.644469
v 1.231402 9.353415 6.321772
v 0.000002 9.826449 5.644469
v 0.000002 9.434126 6.321772
v -1.231398 9.353415 6.321772
v 0.000002 9.826449 5.644469
v 0.000002 9.434126 6.321772
v -1.282606 9.742382 5.644469
v -2.441728 9.112665 6.321772
v -2.543268 9.491620 5.644469
v -3.610280 8.715997 6.321772
v -3.760416 9.078457 5.644469
v -4.717061 8.170193 6.321772
v -4.913222 8.509955 5.644469
v -5.743129 7.484597 6.321771
v -5.981960 7.795847 5.644469
v -6.670930 6.670935 6.321771
v -6.948343 6.948349 5.644469
v -7.795843 5.981965 5.644469
v -7.484592 5.743133 6.321771
v -8.509951 4.913227 5.644466
v -8.170190 4.717065 6.321770
v -9.078452 3.760421 5.644466
v -8.715993 3.610285 6.321770
v -9.491618 2.543275 5.644466
v -9.112662 2.441734 6.321770
v -9.742377 1.282612 5.644466
v -9.353412 1.231404 6.321769
v -9.826447 -0.000001 5.644465
v -9.434124 -0.000001 6.321769
v 9.353414 -1.231402 6.321769
v 9.742380 -1.282610 5.644465
v 9.112663 -2.441732 6.321768
v 9.491618 -2.543273 5.644466
v 8.715993 -3.610283 6.321768
v 9.078452 -3.760418 5.644466
v 8.170191 -4.717064 6.321768
v 8.509953 -4.913226 5.644466
v 7.484592 -5.743133 6.321769
v 7.795843 -5.981964 5.644467
v 6.670932 -6.670934 6.321769
v 6.948346 -6.948349 5.644466
v 5.981962 -7.795850 5.644466
v 5.743130 -7.484598 6.321769
v 4.913224 -8.509953 5.644469
v 4.717062 -8.170193 6.321769
v 3.760419 -9.078455 5.644469
v 3.610284 -8.715997 6.321769
v 2.543273 -9.491620 5.644469
v 2.441732 -9.112668 6.321769
v 1.282610 -9.742383 5.644468
v 1.231402 -9.353416 6.321769
v 0.000002 -9.434129 6.321769
v 0.000002 -9.826450 5.644468
v -1.231398 -9.353416 6.321769
v 0.000002 -9.826450 5.644468
v -1.282606 -9.742383 5.644468
v 0.000002 -9.434129 6.321769
v -2.441728 -9.112668 6.321769
v -2.543268 -9.491620 5.644469
v -3.610280 -8.715999 6.321769
v -3.760416 -9.078458 5.644469
v -4.717061 -8.170196 6.321769
v -4.913222 -8.509955 5.644469
v -5.743129 -7.484598 6.321769
v -5.981960 -7.795850 5.644466
v -6.670930 -6.670936 6.321769
v -6.948343 -6.948351 5.644466
v -7.484592 -5.743134 6.321769
v -7.795843 -5.981966 5.644467
v -8.170190 -4.717066 6.321768
v -8.509951 -4.913228 5.644466
v -8.715993 -3.610286 6.321768
v -9.078452 -3.760421 5.644466
v -9.112662 -2.441735 6.321768
v -9.491618 -2.543276 5.644466
v -9.353412 -1.231405 6.321769
v -9.742377 -1.282613 5.644465
v 12.022189 1.582750 6.777735
v 11.595634 0.000004 7.005878
v 12.125930 0.000004 6.777735
v 11.496432 1.513533 7.005878
v 11.041080 1.453585 7.040219
v 11.136355 0.000004 7.040219
v 11.712749 3.138420 6.777736
v 11.200522 3.001170 7.005879
v 10.756892 2.882300 7.040219
v 10.712970 4.437456 7.005879
v 11.202895 4.640391 6.777736
v 10.288646 4.261697 7.040220
v 10.042113 5.797816 7.005879
v 10.501361 6.062963 6.777736
v 9.644362 5.568175 7.040220
v 9.199435 7.058973 7.005879
v 9.620147 7.381796 6.777736
v 8.835063 6.779381 7.040220
v 8.574325 8.574323 6.777736
v 8.199351 8.199348 7.005879
v 7.874591 7.874589 7.040220
v 7.058975 9.199432 7.005880
v 7.381797 9.620143 6.777737
v 6.779384 8.835061 7.040221
v 5.797817 10.042111 7.005880
v 6.062965 10.501362 6.777737
v 5.568176 9.644363 7.040221
v 4.437458 10.712968 7.005880
v 4.640392 11.202895 6.777737
v 4.261699 10.288647 7.040221
v 3.138423 11.712747 6.777737
v 3.001170 11.200521 7.005880
v 2.882301 10.756889 7.040221
v 1.582752 12.022187 6.777737
v 1.513534 11.496428 7.005880
v 1.453586 11.041078 7.040221
v 0.000003 12.125925 6.777737
v 0.000003 11.595633 7.005880
v 0.000003 11.136353 7.040221
v -1.513531 11.496429 7.005880
v -1.582749 12.022186 6.777737
v -1.453583 11.041078 7.040221
v -3.001168 11.200521 7.005880
v -3.138421 11.712747 6.777737
v -2.882298 10.756889 7.040221
v -4.437455 10.712968 7.005880
v -4.640389 11.202895 6.777737
v -4.261696 10.288647 7.040221
v -6.062962 10.501362 6.777737
v -5.797818 10.042111 7.005880
v -5.568173 9.644363 7.040221
v -7.381798 9.620146 6.777737
v -7.058972 9.199434 7.005880
v -6.779381 8.835063 7.040221
v -8.199349 8.199351 7.005879
v -8.574327 8.574327 6.777736
v -7.874588 7.874591 7.040220
v -9.199433 7.058975 7.005879
v -9.620145 7.381800 6.777736
v -8.835061 6.779383 7.040220
v -10.042111 5.797819 7.005879
v -10.501363 6.062966 6.777736
v -9.644361 5.568178 7.040220
v -10.712968 4.437459 7.005879
v -11.202897 4.640395 6.777736
v -10.288648 4.261700 7.040220
v -11.200521 3.001173 7.005879
v -11.712750 3.138425 6.777736
v -10.756890 2.882303 7.040219
v -11.496430 1.513537 7.005878
v -12.022191 1.582754 6.777735
v -11.041078 1.453589 7.040219
v -12.125930 0.000003 6.777735
v -11.595632 0.000003 7.005878
v -11.136353 0.000004 7.040219
v -11.496432 -1.513530 7.005878
v -12.022191 -1.582748 6.777735
v -11.041081 -1.453582 7.040219
v -11.712750 -3.138417 6.777734
v -11.200524 -3.001167 7.005877
v -10.756890 -2.882296 7.040219
v -11.202899 -4.640388 6.777734
v -10.712972 -4.437453 7.005877
v -10.288650 -4.261694 7.040218
v -10.501365 -6.062961 6.777734
v -10.042115 -5.797812 7.005877
v -9.644368 -5.568172 7.040218
v -9.199437 -7.058970 7.005877
v -9.620152 -7.381795 6.777734
v -8.835065 -6.779378 7.040218
v -8.199357 -8.199349 7.005877
v -8.574330 -8.574327 6.777734
v -7.874592 -7.874588 7.040218
v -7.058980 -9.199434 7.005876
v -7.381802 -9.620147 6.777733
v -6.779385 -8.835061 7.040217
v -5.797822 -10.042113 7.005876
v -6.062970 -10.501364 6.777733
v -5.568181 -9.644363 7.040217
v -4.437459 -10.712969 7.005876
v -4.640393 -11.202900 6.777733
v -4.261700 -10.288650 7.040217
v -3.001172 -11.200524 7.005876
v -3.138421 -11.712751 6.777733
v -2.882298 -10.756892 7.040217
v -1.513531 -11.496433 7.005876
v -1.582749 -12.022194 6.777733
v -1.453583 -11.041081 7.040217
v 0.000007 -12.125932 6.777733
v 0.000007 -11.595634 7.005876
v 0.000007 -11.136353 7.040217
v 1.582759 -12.022191 6.777733
v 1.513541 -11.496432 7.005876
v 1.453593 -11.041080 7.040217
v 3.138431 -11.712749 6.777733
v 3.001182 -11.200521 7.005876
v 2.882308 -10.756888 7.040217
v 4.640403 -11.202895 6.777733
v 4.437469 -10.712965 7.005876
v 4.261707 -10.288644 7.040217
v 6.062976 -10.501358 6.777733
v 5.797828 -10.042108 7.005876
v 5.568187 -9.644358 7.040217
v 7.381813 -9.620137 6.777733
v 7.058986 -9.199425 7.005876
v 6.779396 -8.835053 7.040217
v 8.574340 -8.574314 6.777734
v 8.199367 -8.199338 7.005877
v 7.874603 -7.874578 7.040218
v 9.620162 -7.381781 6.777734
v 9.199450 -7.058959 7.005877
v 8.835074 -6.779366 7.040218
v 10.501376 -6.062943 6.777734
v 10.042125 -5.797796 7.005877
v 9.644374 -5.568156 7.040218
v 11.202907 -4.640367 6.777734
v 10.712977 -4.437431 7.005877
v 10.288657 -4.261673 7.040218
v 11.712756 -3.138392 6.777734
v 11.200530 -3.001142 7.005877
v 10.756896 -2.882272 7.040219
v 11.496436 -1.513508 7.005878
v 12.022197 -1.582724 6.777735
v 11.041083 -1.453561 7.040219
v 13.156276 1.732056 5.397005
v 13.547976 0.000004 4.607279
v 13.432071 1.768365 4.607279
v 13.269801 0.000004 5.397005
v 12.805682 1.685899 6.010639
v 12.916183 0.000004 6.010639
v 12.415812 1.634572 6.465207
v 12.522952 0.000004 6.465207
v 12.817645 3.434475 5.397006
v 13.086341 3.506473 4.607280
v 12.476073 3.342952 6.010640
v 12.096240 3.241176 6.465208
v 12.259696 5.078131 5.397004
v 12.516696 5.184584 4.607278
v 11.932998 4.942807 6.010640
v 11.569697 4.792325 6.465208
v 11.491984 6.634898 5.397002
v 11.732890 6.773986 4.607275
v 11.185740 6.458090 6.010637
v 10.845191 6.261474 6.465205
v 10.527640 8.078140 5.397002
v 10.748332 8.247483 4.607275
v 10.247096 7.862873 6.010637
v 9.935122 7.623488 6.465205
v 9.383166 9.383162 5.397003
v 9.579867 9.579862 4.607276
v 9.133121 9.133118 6.010638
v 8.855063 8.855060 6.465206
v 8.247485 10.748328 4.607281
v 8.078143 10.527637 5.397007
v 7.862873 10.247093 6.010641
v 7.623489 9.935121 6.465209
v 6.773990 11.732889 4.607285
v 6.634902 11.491981 5.397009
v 6.458091 11.185740 6.010643
v 6.261474 10.845190 6.465210
v 5.078136 12.259694 5.397009
v 5.184589 12.516694 4.607288
v 4.942810 11.932993 6.010643
v 4.792327 11.569694 6.465210
v 3.434478 12.817640 5.397009
v 3.506477 13.086338 4.607288
v 3.342956 12.476072 6.010643
v 3.241180 12.096238 6.465210
v 1.732059 13.156273 5.397009
v 1.768367 13.432068 4.607288
v 1.685901 12.805679 6.010643
v 1.634574 12.415812 6.465210
v 0.000003 13.269799 5.397009
v 0.000003 13.547974 4.607288
v 0.000003 12.916180 6.010643
v 0.000003 12.522948 6.465210
v -1.732056 13.156275 5.397009
v -1.768365 13.432071 4.607288
v -1.685899 12.805680 6.010643
v -1.634572 12.415812 6.465210
v -3.434476 12.817640 5.397009
v -3.506474 13.086339 4.607288
v -3.342953 12.476072 6.010643
v -3.241177 12.096238 6.465210
v -5.078133 12.259694 5.397009
v -5.184586 12.516695 4.607288
v -4.942807 11.932993 6.010643
v -4.792325 11.569695 6.465210
v -6.634900 11.491983 5.397009
v -6.773987 11.732890 4.607285
v -6.458092 11.185740 6.010643
v -6.261475 10.845190 6.465210
v -8.078145 10.527639 5.397007
v -8.247487 10.748332 4.607281
v -7.862874 10.247095 6.010641
v -7.623486 9.935123 6.465209
v -9.383168 9.383164 5.397003
v -9.579865 9.579865 4.607276
v -9.133122 9.133120 6.010638
v -8.855062 8.855062 6.465206
v -10.748330 8.247485 4.607275
v -10.527640 8.078143 5.397002
v -10.247096 7.862875 6.010637
v -9.935124 7.623490 6.465205
v -11.732892 6.773990 4.607275
v -11.491986 6.634902 5.397002
v -11.185742 6.458093 6.010637
v -10.845193 6.261477 6.465205
v -12.516700 5.184588 4.607280
v -12.259698 5.078135 5.397004
v -11.932996 4.942811 6.010640
v -11.569697 4.792328 6.465208
v -13.086343 3.506478 4.607280
v -12.817645 3.434480 5.397006
v -12.476075 3.342957 6.010640
v -12.096242 3.241181 6.465208
v -13.432071 1.768369 4.607279
v -13.156276 1.732060 5.397005
v -12.805682 1.685904 6.010639
v -12.415814 1.634576 6.465207
v -13.547978 0.000004 4.607279
v -13.269803 0.000004 5.397005
v -12.916183 0.000004 6.010639
v -12.522950 0.000003 6.465207
v -13.156278 -1.732053 5.397005
v -13.432075 -1.768362 4.607279
v -12.805686 -1.685897 6.010639
v -12.415814 -1.634569 6.465207
v -12.817647 -3.434474 5.397004
v -13.086345 -3.506470 4.607278
v -12.476079 -3.342950 6.010638
v -12.096242 -3.241174 6.465206
v -12.259702 -5.078130 5.397004
v -12.516704 -5.184583 4.607280
v -11.933002 -4.942806 6.010638
v -11.569699 -4.792322 6.465206
v -11.491990 -6.634897 5.397007
v -11.732898 -6.773985 4.607282
v -11.185746 -6.458088 6.010638
v -10.845197 -6.261471 6.465206
v -10.527648 -8.078140 5.397007
v -10.748338 -8.247484 4.607282
v -10.247102 -7.862872 6.010638
v -9.935130 -7.623486 6.465206
v -9.383176 -9.383166 5.397006
v -9.579873 -9.579865 4.607281
v -9.133126 -9.133120 6.010637
v -8.855069 -8.855062 6.465205
v -8.247495 -10.748331 4.607275
v -8.078153 -10.527639 5.397001
v -7.862881 -10.247096 6.010637
v -7.623494 -9.935124 6.465205
v -6.773995 -11.732893 4.607273
v -6.634907 -11.491987 5.396999
v -6.458096 -11.185743 6.010634
v -6.261479 -10.845194 6.465202
v -5.184590 -12.516701 4.607273
v -5.078137 -12.259701 5.396999
v -4.942811 -11.933001 6.010634
v -4.792328 -11.569701 6.465202
v -3.506474 -13.086345 4.607273
v -3.434476 -12.817648 5.396999
v -3.342953 -12.476080 6.010634
v -3.241177 -12.096244 6.465202
v -1.768365 -13.432076 4.607273
v -1.732053 -13.156281 5.396999
v -1.685899 -12.805689 6.010634
v -1.634572 -12.415819 6.465202
v 0.000007 -13.547980 4.607273
v 0.000007 -13.269805 5.396999
v 0.000007 -12.916187 6.010634
v 0.000007 -12.522954 6.465202
v 1.732066 -13.156280 5.396999
v 1.768375 -13.432075 4.607273
v 1.685909 -12.805687 6.010634
v 1.634582 -12.415816 6.465202
v 3.434489 -12.817644 5.396999
v 3.506484 -13.086339 4.607273
v 3.342963 -12.476075 6.010634
v 3.241187 -12.096240 6.465202
v 5.078147 -12.259696 5.396999
v 5.184600 -12.516697 4.607273
v 4.942821 -11.932996 6.010634
v 4.792339 -11.569695 6.465202
v 6.634914 -11.491981 5.396999
v 6.774005 -11.732886 4.607273
v 6.458107 -11.185740 6.010634
v 6.261489 -10.845187 6.465202
v 8.078158 -10.527632 5.397001
v 8.247500 -10.748323 4.607277
v 7.862888 -10.247088 6.010637
v 7.623504 -9.935116 6.465205
v 9.383182 -9.383154 5.397006
v 9.579883 -9.579854 4.607281
v 9.133136 -9.133108 6.010637
v 8.855079 -8.855051 6.465205
v 10.527656 -8.078126 5.397007
v 10.748347 -8.247468 4.607282
v 10.247111 -7.862857 6.010638
v 9.935138 -7.623472 6.465206
v 11.492000 -6.634878 5.397007
v 11.732905 -6.773965 4.607282
v 11.185756 -6.458068 6.010638
v 10.845206 -6.261453 6.465206
v 12.259707 -5.078106 5.397004
v 12.516711 -5.184559 4.607278
v 11.933009 -4.942783 6.010638
v 11.569705 -4.792299 6.465206
v 12.817653 -3.434446 5.397004
v 13.086345 -3.506442 4.607278
v 12.476081 -3.342923 6.010638
v 12.096248 -3.241148 6.465206
v 13.156280 -1.732027 5.397005
v 13.432075 -1.768335 4.607279
v 12.805686 -1.685872 6.010639
v 12.415816 -1.634545 6.465207
v 13.714881 0.000005 3.624435
v 13.597548 1.790150 3.624435
v 13.798335 0.000005 2.496753
v 13.680289 1.801043 2.496753
v 13.247558 3.549671 3.624436
v 13.328166 3.571270 2.496753
v 12.670894 5.248456 3.624436
v 12.747996 5.280392 2.496754
v 11.877437 6.857439 3.624434
v 11.949710 6.899166 2.496752
v 10.880748 8.349089 3.624434
v 10.946952 8.399892 2.496750
v 9.697886 9.697882 3.624435
v 9.756896 9.756893 2.496752
v 8.349090 10.880745 3.624440
v 8.399894 10.946951 2.496757
v 6.857440 11.877432 3.624442
v 6.899166 11.949707 2.496759
v 5.248458 12.670897 3.624442
v 5.280395 12.747995 2.496760
v 3.549674 13.247556 3.624442
v 3.571273 13.328165 2.496760
v 1.790153 13.597547 3.624442
v 1.801048 13.680285 2.496760
v 0.000003 13.714879 3.624442
v 0.000003 13.798334 2.496760
v -1.790150 13.597548 3.624442
v -1.801041 13.680287 2.496760
v -3.549672 13.247557 3.624442
v -3.571271 13.328165 2.496760
v -5.248456 12.670897 3.624442
v -5.280392 12.747998 2.496760
v -6.857441 11.877435 3.624442
v -6.899167 11.949708 2.496758
v -8.349092 10.880747 3.624440
v -8.399896 10.946955 2.496755
v -9.697888 9.697885 3.624435
v -9.756898 9.756895 2.496753
v -10.880746 8.349091 3.624434
v -10.946954 8.399895 2.496750
v -11.877439 6.857442 3.624434
v -11.949710 6.899168 2.496751
v -12.670899 5.248460 3.624436
v -12.748002 5.280396 2.496754
v -13.247560 3.549676 3.624436
v -13.328170 3.571275 2.496753
v -13.597550 1.790155 3.624435
v -13.680287 1.801048 2.496753
v -13.714883 0.000004 3.624435
v -13.798337 0.000004 2.496752
v -13.597552 -1.790147 3.624435
v -13.680291 -1.801040 2.496752
v -13.247563 -3.549669 3.624434
v -13.328172 -3.571267 2.496752
v -12.670903 -5.248454 3.624437
v -12.748006 -5.280390 2.496754
v -11.877442 -6.857437 3.624439
v -11.949714 -6.899163 2.496755
v -10.880754 -8.349090 3.624439
v -10.946961 -8.399893 2.496755
v -9.697892 -9.697885 3.624438
v -9.756906 -9.756895 2.496754
v -8.349099 -10.880746 3.624433
v -8.399903 -10.946954 2.496750
v -6.857445 -11.877436 3.624431
v -6.899170 -11.949709 2.496748
v -5.248459 -12.670900 3.624431
v -5.280396 -12.748002 2.496747
v -3.549672 -13.247561 3.624431
v -3.571271 -13.328172 2.496747
v -1.790147 -13.597552 3.624431
v -1.801041 -13.680291 2.496747
v 0.000007 -13.714886 3.624431
v 0.000007 -13.798338 2.496747
v 1.790160 -13.597550 3.624431
v 1.801051 -13.680288 2.496747
v 3.549686 -13.247558 3.624431
v 3.571285 -13.328167 2.496747
v 5.248470 -12.670897 3.624431
v 5.280406 -12.747995 2.496747
v 6.857456 -11.877431 3.624431
v 6.899181 -11.949702 2.496748
v 8.349105 -10.880738 3.624433
v 8.399909 -10.946945 2.496750
v 9.697902 -9.697873 3.624438
v 9.756911 -9.756883 2.496754
v 10.880763 -8.349074 3.624439
v 10.946971 -8.399877 2.496755
v 11.877448 -6.857417 3.624439
v 11.949721 -6.899144 2.496755
v 12.670909 -5.248430 3.624437
v 12.748012 -5.280365 2.496754
v 13.247565 -3.549639 3.624437
v 13.328174 -3.571238 2.496752
v 13.597552 -1.790121 3.624435
v 13.680293 -1.801013 2.496752
v 13.798335 0.000006 -2.496752
v 13.680289 1.801044 -2.496752
v 13.328166 3.571271 -2.496751
v 12.747996 5.280393 -2.496751
v 11.949710 6.899167 -2.496749
v 10.946952 8.399893 -2.496747
v 9.756896 9.756894 -2.496747
v 8.399894 10.946952 -2.496751
v 6.899166 11.949708 -2.496755
v 5.280395 12.747996 -2.496756
v 3.571273 13.328166 -2.496755
v 1.801048 13.680286 -2.496755
v 0.000003 13.798335 -2.496755
v -1.801041 13.680288 -2.496755
v -3.571271 13.328166 -2.496755
v -5.280392 12.747999 -2.496756
v -6.899167 11.949709 -2.496753
v -8.399896 10.946956 -2.496750
v -9.756898 9.756896 -2.496748
v -10.946954 8.399896 -2.496747
v -11.949710 6.899169 -2.496748
v -12.748002 5.280397 -2.496751
v -13.328170 3.571276 -2.496751
v -13.680287 1.801049 -2.496752
v -13.798337 0.000005 -2.496751
v -13.680291 -1.801039 -2.496752
v -13.328172 -3.571267 -2.496753
v -12.748006 -5.280389 -2.496754
v -11.949714 -6.899162 -2.496756
v -10.946961 -8.399892 -2.496757
v -9.756906 -9.756894 -2.496756
v -8.399903 -10.946953 -2.496753
v -6.899170 -11.949708 -2.496751
v -5.280396 -12.748001 -2.496750
v -3.571271 -13.328171 -2.496750
v -1.801041 -13.680290 -2.496750
v 0.000007 -13.798337 -2.496750
v 1.801051 -13.680287 -2.496750
v 3.571285 -13.328166 -2.496750
v 5.280406 -12.747994 -2.496750
v 6.899181 -11.949701 -2.496751
v 8.399909 -10.946944 -2.496753
v 9.756911 -9.756882 -2.496756
v 10.946971 -8.399876 -2.496757
v 11.949721 -6.899143 -2.496756
v 12.748012 -5.280364 -2.496754
v 13.328174 -3.571237 -2.496753
v 13.680293 -1.801013 -2.496752
v 12.022189 1.582752 -6.777734
v 11.595634 0.000006 -7.005877
v 11.496432 1.513535 -7.005877
v 12.125930 0.000006 -6.777734
v 11.136355 0.000006 -7.040217
v 11.041080 1.453587 -7.040217
v 11.712749 3.138422 -6.777733
v 11.200522 3.001172 -7.005877
v 10.756892 2.882302 -7.040216
v 10.712970 4.437458 -7.005876
v 11.202895 4.640393 -6.777733
v 10.288646 4.261699 -7.040216
v 10.042113 5.797818 -7.005876
v 10.501361 6.062965 -6.777732
v 9.644362 5.568178 -7.040216
v 9.199435 7.058975 -7.005875
v 9.620147 7.381799 -6.777732
v 8.835063 6.779383 -7.040216
v 8.574325 8.574325 -6.777731
v 8.199351 8.199350 -7.005875
v 7.874591 7.874591 -7.040216
v 7.058975 9.199434 -7.005877
v 7.381797 9.620145 -6.777733
v 6.779384 8.835063 -7.040216
v 5.797817 10.042113 -7.005876
v 6.062965 10.501364 -6.777733
v 5.568176 9.644365 -7.040216
v 4.437458 10.712970 -7.005876
v 4.640392 11.202897 -6.777733
v 4.261699 10.288649 -7.040216
v 3.138423 11.712749 -6.777732
v 3.001170 11.200522 -7.005876
v 2.882301 10.756891 -7.040216
v 1.582752 12.022189 -6.777732
v 1.513534 11.496430 -7.005876
v 1.453586 11.041080 -7.040216
v 0.000003 11.595634 -7.005876
v 0.000003 12.125927 -6.777732
v 0.000003 11.136354 -7.040216
v -1.513531 11.496431 -7.005876
v -1.582749 12.022188 -6.777732
v -1.453583 11.041080 -7.040216
v -3.138421 11.712749 -6.777732
v -3.001168 11.200522 -7.005876
v -2.882298 10.756891 -7.040216
v -4.640389 11.202897 -6.777733
v -4.437455 10.712970 -7.005876
v -4.261696 10.288649 -7.040216
v -6.062962 10.501364 -6.777733
v -5.797818 10.042113 -7.005876
v -5.568173 9.644365 -7.040216
v -7.381798 9.620148 -6.777733
v -7.058972 9.199436 -7.005877
v -6.779381 8.835065 -7.040216
v -8.574327 8.574328 -6.777731
v -8.199349 8.199353 -7.005875
v -7.874588 7.874594 -7.040216
v -9.199433 7.058977 -7.005875
v -9.620145 7.381802 -6.777732
v -8.835061 6.779385 -7.040216
v -10.042111 5.797822 -7.005876
v -10.501363 6.062969 -6.777732
v -9.644361 5.568181 -7.040216
v -10.712968 4.437462 -7.005876
v -11.202897 4.640397 -6.777733
v -10.288648 4.261703 -7.040216
v -11.200521 3.001176 -7.005877
v -11.712750 3.138427 -6.777733
v -10.756890 2.882305 -7.040216
v -11.496430 1.513539 -7.005877
v -12.022191 1.582757 -6.777734
v -11.041078 1.453591 -7.040217
v -11.595632 0.000006 -7.005877
v -12.125930 0.000006 -6.777734
v -11.136353 0.000006 -7.040217
v -11.496432 -1.513528 -7.005877
v -12.022191 -1.582746 -6.777735
v -11.041081 -1.453580 -7.040218
v -11.200524 -3.001164 -7.005878
v -11.712750 -3.138415 -6.777735
v -10.756890 -2.882294 -7.040218
v -10.712972 -4.437451 -7.005878
v -11.202899 -4.640386 -6.777735
v -10.288650 -4.261692 -7.040218
v -10.042115 -5.797810 -7.005878
v -10.501365 -6.062958 -6.777735
v -9.644368 -5.568170 -7.040218
v -9.199437 -7.058968 -7.005878
v -9.620152 -7.381793 -6.777735
v -8.835065 -6.779376 -7.040218
v -8.574330 -8.574325 -6.777735
v -8.199357 -8.199347 -7.005878
v -7.874592 -7.874585 -7.040218
v -7.381802 -9.620145 -6.777735
v -7.058980 -9.199432 -7.005878
v -6.779385 -8.835059 -7.040218
v -6.062970 -10.501362 -6.777735
v -5.797822 -10.042111 -7.005878
v -5.568181 -9.644361 -7.040219
v -4.640393 -11.202898 -6.777735
v -4.437459 -10.712967 -7.005878
v -4.261700 -10.288648 -7.040219
v -3.001172 -11.200522 -7.005878
v -3.138421 -11.712749 -6.777735
v -2.882298 -10.756890 -7.040219
v -1.513531 -11.496431 -7.005878
v -1.582749 -12.022192 -6.777735
v -1.453583 -11.041080 -7.040219
v 0.000007 -12.125930 -6.777735
v 0.000007 -11.595633 -7.005878
v 0.000007 -11.136352 -7.040219
v 1.582759 -12.022189 -6.777735
v 1.513541 -11.496430 -7.005878
v 1.453593 -11.041078 -7.040219
v 3.138431 -11.712747 -6.777735
v 3.001182 -11.200519 -7.005878
v 2.882308 -10.756886 -7.040219
v 4.640403 -11.202893 -6.777735
v 4.437469 -10.712963 -7.005878
v 4.261707 -10.288642 -7.040219
v 6.062976 -10.501356 -6.777735
v 5.797828 -10.042106 -7.005878
v 5.568187 -9.644356 -7.040219
v 7.381813 -9.620135 -6.777736
v 7.058986 -9.199423 -7.005878
v 6.779396 -8.835052 -7.040218
v 8.574340 -8.574312 -6.777735
v 8.199367 -8.199336 -7.005878
v 7.874603 -7.874576 -7.040218
v 9.620162 -7.381779 -6.777735
v 9.199450 -7.058956 -7.005878
v 8.835074 -6.779363 -7.040218
v 10.501376 -6.062940 -6.777735
v 10.042125 -5.797793 -7.005878
v 9.644374 -5.568154 -7.040218
v 11.202907 -4.640364 -6.777735
v 10.712977 -4.437429 -7.005878
v 10.288657 -4.261671 -7.040218
v 11.712756 -3.138390 -6.777735
v 11.200530 -3.001140 -7.005878
v 10.756896 -2.882270 -7.040218
v 12.022197 -1.582722 -6.777735
v 11.496436 -1.513506 -7.005877
v 11.041083 -1.453558 -7.040218
v 13.156276 1.732057 -5.397003
v 13.547976 0.000006 -4.607277
v 13.269801 0.000006 -5.397003
v 13.432071 1.768366 -4.607277
v 12.805682 1.685901 -6.010636
v 12.916183 0.000006 -6.010637
v 12.415812 1.634574 -6.465204
v 12.522952 0.000006 -6.465205
v 12.817645 3.434477 -5.397003
v 13.086341 3.506474 -4.607277
v 12.476073 3.342955 -6.010636
v 12.096240 3.241179 -6.465204
v 12.259696 5.078133 -5.397001
v 12.516696 5.184586 -4.607275
v 11.932998 4.942809 -6.010635
v 11.569697 4.792326 -6.465204
v 11.491984 6.634900 -5.396998
v 11.732890 6.773988 -4.607273
v 11.185740 6.458092 -6.010633
v 10.845191 6.261476 -6.465202
v 10.527640 8.078142 -5.396998
v 10.748332 8.247485 -4.607273
v 10.247096 7.862875 -6.010633
v 9.935122 7.623490 -6.465201
v 9.383166 9.383164 -5.396999
v 9.579867 9.579864 -4.607273
v 9.133121 9.133120 -6.010633
v 8.855063 8.855062 -6.465201
v 8.078143 10.527639 -5.397002
v 8.247485 10.748330 -4.607277
v 7.862873 10.247095 -6.010635
v 7.623489 9.935122 -6.465203
v 6.634902 11.491982 -5.397005
v 6.773990 11.732891 -4.607281
v 6.458091 11.185741 -6.010637
v 6.261474 10.845192 -6.465205
v 5.078136 12.259696 -5.397005
v 5.184589 12.516696 -4.607282
v 4.942810 11.932995 -6.010637
v 4.792327 11.569695 -6.465205
v 3.434478 12.817642 -5.397005
v 3.506477 13.086340 -4.607282
v 3.342956 12.476074 -6.010637
v 3.241180 12.096240 -6.465205
v 1.732059 13.156275 -5.397005
v 1.768367 13.432070 -4.607282
v 1.685901 12.805681 -6.010637
v 1.634574 12.415813 -6.465205
v 0.000003 13.269801 -5.397005
v 0.000003 13.547976 -4.607282
v 0.000003 12.916182 -6.010637
v 0.000003 12.522950 -6.465205
v -1.732056 13.156277 -5.397005
v -1.768365 13.432073 -4.607282
v -1.685899 12.805682 -6.010637
v -1.634572 12.415813 -6.465205
v -3.434476 12.817642 -5.397005
v -3.506474 13.086341 -4.607282
v -3.342953 12.476074 -6.010637
v -3.241177 12.096240 -6.465205
v -5.078133 12.259696 -5.397005
v -5.184586 12.516697 -4.607282
v -4.942807 11.932995 -6.010637
v -4.792325 11.569697 -6.465205
v -6.634900 11.491985 -5.397005
v -6.773987 11.732892 -4.607281
v -6.458092 11.185741 -6.010637
v -6.261475 10.845192 -6.465205
v -8.078145 10.527641 -5.397002
v -8.247487 10.748334 -4.607277
v -7.862874 10.247097 -6.010635
v -7.623486 9.935125 -6.465203
v -9.383168 9.383166 -5.396997
v -9.579865 9.579866 -4.607273
v -9.133122 9.133121 -6.010633
v -8.855062 8.855063 -6.465201
v -10.748330 8.247487 -4.607273
v -10.527640 8.078145 -5.396998
v -10.247096 7.862876 -6.010633
v -9.935124 7.623492 -6.465201
v -11.732892 6.773991 -4.607273
v -11.491986 6.634903 -5.396998
v -11.185742 6.458095 -6.010633
v -10.845193 6.261478 -6.465202
v -12.516700 5.184589 -4.607277
v -12.259698 5.078137 -5.397001
v -11.932996 4.942813 -6.010635
v -11.569697 4.792330 -6.465204
v -13.086343 3.506479 -4.607277
v -12.817645 3.434482 -5.397003
v -12.476075 3.342959 -6.010636
v -12.096242 3.241183 -6.465204
v -13.432071 1.768371 -4.607277
v -13.156276 1.732062 -5.397003
v -12.805682 1.685905 -6.010636
v -12.415814 1.634578 -6.465204
v -13.547978 0.000005 -4.607277
v -13.269803 0.000005 -5.397003
v -12.916183 0.000005 -6.010637
v -12.522950 0.000006 -6.465205
v -13.156278 -1.732051 -5.397004
v -13.432075 -1.768360 -4.607278
v -12.805686 -1.685895 -6.010637
v -12.415814 -1.634567 -6.465205
v -12.817647 -3.434472 -5.397004
v -13.086345 -3.506469 -4.607279
v -12.476079 -3.342948 -6.010637
v -12.096242 -3.241172 -6.465206
v -12.259702 -5.078128 -5.397005
v -12.516704 -5.184581 -4.607281
v -11.933002 -4.942804 -6.010637
v -11.569699 -4.792320 -6.465206
v -11.491990 -6.634895 -5.397007
v -11.732898 -6.773984 -4.607283
v -11.185746 -6.458086 -6.010639
v -10.845197 -6.261469 -6.465206
v -10.527648 -8.078138 -5.397007
v -10.748338 -8.247482 -4.607283
v -10.247102 -7.862870 -6.010639
v -9.935130 -7.623484 -6.465206
v -9.383176 -9.383164 -5.397007
v -9.579873 -9.579864 -4.607283
v -9.133126 -9.133118 -6.010639
v -8.855069 -8.855060 -6.465206
v -8.247495 -10.748329 -4.607279
v -8.078153 -10.527637 -5.397004
v -7.862881 -10.247094 -6.010638
v -7.623494 -9.935122 -6.465206
v -6.773995 -11.732891 -4.607276
v -6.634907 -11.491985 -5.397001
v -6.458096 -11.185741 -6.010636
v -6.261479 -10.845192 -6.465204
v -5.184590 -12.516699 -4.607277
v -5.078137 -12.259699 -5.397001
v -4.942811 -11.932999 -6.010636
v -4.792328 -11.569699 -6.465204
v -3.506474 -13.086343 -4.607277
v -3.434476 -12.817646 -5.397001
v -3.342953 -12.476078 -6.010636
v -3.241177 -12.096242 -6.465204
v -1.768365 -13.432074 -4.607277
v -1.732053 -13.156279 -5.397001
v -1.685899 -12.805687 -6.010637
v -1.634572 -12.415817 -6.465204
v 0.000007 -13.547978 -4.607277
v 0.000007 -13.269803 -5.397001
v 0.000007 -12.916185 -6.010637
v 0.000007 -12.522952 -6.465204
v 1.732066 -13.156278 -5.397001
v 1.768375 -13.432073 -4.607277
v 1.685909 -12.805685 -6.010637
v 1.634582 -12.415814 -6.465204
v 3.434489 -12.817642 -5.397001
v 3.506484 -13.086337 -4.607277
v 3.342963 -12.476073 -6.010636
v 3.241187 -12.096238 -6.465204
v 5.078147 -12.259694 -5.397001
v 5.184600 -12.516695 -4.607277
v 4.942821 -11.932994 -6.010636
v 4.792339 -11.569694 -6.465204
v 6.634914 -11.491979 -5.397001
v 6.774005 -11.732884 -4.607276
v 6.458107 -11.185738 -6.010636
v 6.261489 -10.845185 -6.465204
v 8.078158 -10.527630 -5.397004
v 8.247500 -10.748322 -4.607279
v 7.862888 -10.247087 -6.010638
v 7.623504 -9.935114 -6.465206
v 9.383182 -9.383152 -5.397007
v 9.579883 -9.579852 -4.607283
v 9.133136 -9.133106 -6.010639
v 8.855079 -8.855049 -6.465206
v 10.527656 -8.078124 -5.397007
v 10.748347 -8.247466 -4.607283
v 10.247111 -7.862855 -6.010639
v 9.935138 -7.623470 -6.465206
v 11.492000 -6.634876 -5.397007
v 11.732905 -6.773963 -4.607283
v 11.185756 -6.458066 -6.010639
v 10.845206 -6.261451 -6.465206
v 12.259707 -5.078104 -5.397005
v 12.516711 -5.184557 -4.607280
v 11.933009 -4.942781 -6.010637
v 11.569705 -4.792297 -6.465206
v 12.817653 -3.434444 -5.397004
v 13.086345 -3.506440 -4.607279
v 12.476081 -3.342921 -6.010637
v 12.096248 -3.241146 -6.465206
v 13.156280 -1.732025 -5.397004
v 13.432075 -1.768334 -4.607278
v 12.805686 -1.685870 -6.010637
v 12.415816 -1.634543 -6.465205
v 13.714881 0.000006 -3.624434
v 13.597548 1.790151 -3.624434
v 13.247558 3.549672 -3.624433
v 12.670894 5.248457 -3.624433
v 11.877437 6.857440 -3.624430
v 10.880748 8.349090 -3.624430
v 9.697886 9.697883 -3.624430
v 8.349090 10.880746 -3.624434
v 6.857440 11.877433 -3.624436
v 5.248458 12.670897 -3.624437
v 3.549674 13.247557 -3.624437
v 1.790153 13.597548 -3.624437
v 0.000003 13.714880 -3.624437
v -1.790150 13.597549 -3.624437
v -3.549672 13.247558 -3.624437
v -5.248456 12.670897 -3.624437
v -6.857441 11.877436 -3.624436
v -8.349092 10.880748 -3.624434
v -9.697888 9.697886 -3.624430
v -10.880746 8.349092 -3.624430
v -11.877439 6.857443 -3.624430
v -12.670899 5.248461 -3.624433
v -13.247560 3.549677 -3.624433
v -13.597550 1.790156 -3.624434
v -13.714883 0.000005 -3.624434
v -13.597552 -1.790146 -3.624434
v -13.247563 -3.549668 -3.624435
v -12.670903 -5.248453 -3.624436
v -11.877442 -6.857436 -3.624439
v -10.880754 -8.349089 -3.624439
v -9.697892 -9.697884 -3.624439
v -8.349099 -10.880745 -3.624435
v -6.857445 -11.877435 -3.624434
v -5.248459 -12.670899 -3.624434
v -3.549672 -13.247561 -3.624434
v -1.790147 -13.597551 -3.624434
v 0.000007 -13.714885 -3.624434
v 1.790160 -13.597549 -3.624434
v 3.549686 -13.247557 -3.624434
v 5.248470 -12.670896 -3.624434
v 6.857456 -11.877430 -3.624434
v 8.349105 -10.880737 -3.624435
v 9.697902 -9.697872 -3.624439
v 10.880763 -8.349073 -3.624439
v 11.877448 -6.857416 -3.624439
v 12.670909 -5.248429 -3.624436
v 13.247565 -3.549638 -3.624436
v 13.597552 -1.790120 -3.624434
v 0.230305 7.638580 6.949175
v 0.777588 4.824744 5.974805
v 2.825489 7.294721 7.081208
v -0.816746 4.773436 5.851788
v -1.980527 3.457909 3.814498
v -1.425822 2.028210 3.402702
v -0.250647 3.454996 3.852194
v 0.348428 2.023870 3.411027
v 0.230305 7.638580 6.949175
v -0.441646 5.296397 5.238972
v -0.816746 4.773436 5.851788
v 0.412011 7.690809 6.234687
v -1.118858 7.880097 6.197678
v 0.230305 7.638580 6.949175
v -1.373518 7.855954 6.867144
v 0.412011 7.690809 6.234687
v -1.980527 3.457909 3.814498
v -1.002035 2.291296 2.646913
v -1.425822 2.028210 3.402702
v -1.646055 3.944117 3.123124
v 3.814638 7.378620 6.327611
v 5.335598 10.039122 6.338330
v 4.751598 10.012686 7.150255
v 3.283702 7.191682 7.090876
v 0.777588 4.824744 5.974805
v 1.504233 5.283104 5.329787
v -0.250647 3.454996 3.852194
v 1.064008 2.290492 2.675598
v 0.462184 3.879451 3.145423
v 0.348428 2.023870 3.411027
v 0.417663 10.406700 6.198405
v -1.118858 7.880097 6.197678
v -2.009768 10.274057 6.105107
v 0.412011 7.690809 6.234687
v 3.814638 7.378620 6.327611
v 1.504233 5.283104 5.329787
v -0.441646 5.296397 5.238972
v -1.646055 3.944117 3.123124
v 0.462184 3.879451 3.145423
v -1.002035 2.291296 2.646913
v 1.064008 2.290492 2.675598
v 3.362787 10.209464 7.056035
v 3.283702 7.191682 7.090876
v 4.751598 10.012686 7.150255
v 3.986552 10.212841 6.294078
v 5.335598 10.039122 6.338330
v -4.437928 9.940382 6.036526
v -3.670566 8.627167 7.084602
v -4.905525 9.929250 7.026608
v -1.737226 8.233861 7.105233
v -3.670566 8.627167 7.084602
v -2.977212 8.059525 6.810327
v -1.373518 7.855954 6.867144
v 0.316037 10.404910 7.063767
v -2.294761 10.266761 7.017424
v 0.194612 7.830264 7.082411
v -2.977212 8.059525 6.810327
v -2.651379 8.074389 6.143548
v -4.437928 9.940382 6.036526
v -2.651379 8.074389 6.143548
v -4.905525 9.929250 7.026608
v 4.828892 0.751398 5.974805
v 7.335890 2.141418 6.949175
v 4.287418 2.251844 5.851789
v 7.810816 -0.433006 7.081209
v 1.488338 1.982788 3.402701
v 2.032485 0.294035 3.411027
v 3.208442 1.306031 3.852194
v 2.676650 2.952146 3.814498
v 4.900696 2.056707 5.238972
v 7.335890 2.141418 6.949175
v 7.441712 1.984746 6.234687
v 4.287418 2.251844 5.851789
v 7.148671 3.499182 6.197679
v 7.335890 2.141418 6.949175
v 7.047017 3.733917 6.867143
v 7.441712 1.984746 6.234687
v 1.869505 1.661041 2.646913
v 2.676650 2.952146 3.814498
v 3.242418 2.784291 3.123124
v 1.488338 1.982788 3.402701
v 8.196273 -1.347817 6.327611
v 10.990955 -1.424947 7.150255
v 7.854415 -0.900633 7.090876
v 11.196561 -1.972194 6.338329
v 4.828892 0.751398 5.974805
v 5.489365 0.201959 5.329787
v 2.507184 -0.304132 2.675597
v 3.208442 1.306031 3.852194
v 2.032485 0.294035 3.411027
v 3.832400 0.759253 3.145422
v 7.148671 3.499182 6.197679
v 9.150155 5.086262 6.105107
v 10.026424 2.818627 6.198405
v 7.441712 1.984746 6.234687
v 5.489365 0.201959 5.329787
v 4.900696 2.056707 5.238972
v 8.196273 -1.347817 6.327611
v 1.869505 1.661041 2.646913
v 3.832400 0.759253 3.145422
v 2.507184 -0.304132 2.675597
v 3.242418 2.784291 3.123124
v 10.748935 -0.043302 7.056036
v 7.854415 -0.900633 7.090876
v 10.990955 -1.424947 7.150255
v 10.944901 -0.635494 6.294078
v 11.196561 -1.972194 6.338329
v 8.082467 7.292469 6.036526
v 7.070654 6.156857 7.084601
v 7.927385 7.733739 7.026608
v 7.294035 4.196603 7.105232
v 7.070654 6.156857 7.084601
v 6.745054 5.322028 6.810327
v 7.047017 3.733917 6.867143
v 9.993318 2.914726 7.063767
v 7.507162 2.234598 7.082412
v 9.055149 5.355051 7.017423
v 6.859879 5.016736 6.143548
v 6.745054 5.322028 6.810327
v 6.859879 5.016736 6.143548
v 8.082467 7.292469 6.036526
v 7.927385 7.733739 7.026608
v 2.206831 -4.360355 5.974805
v 4.303523 -6.315111 6.949175
v 3.466516 -3.381720 5.851789
v 2.001861 -7.562335 7.081208
v 0.907716 -1.842147 3.411027
v 2.233572 -2.647825 3.852194
v 2.345665 -0.802779 3.402701
v 3.634788 -1.633383 3.814498
v 4.303523 -6.315111 6.949175
v 3.470442 -4.025282 5.238972
v 3.466516 -3.381720 5.851789
v 4.187220 -6.464170 6.234687
v 5.536981 -5.717484 6.197679
v 4.187220 -6.464170 6.234687
v 4.303523 -6.315111 6.949175
v 5.728813 -5.548267 6.867143
v 3.649980 -2.223331 3.123124
v 2.157452 -1.264716 2.646913
v 2.345665 -0.802779 3.402701
v 3.634788 -1.633383 3.814498
v 1.250936 -8.211618 6.327610
v 2.041185 -10.893354 7.150255
v 1.570593 -7.748305 7.090876
v 1.584258 -11.258006 6.338329
v 1.888380 -5.158288 5.329787
v 2.206831 -4.360355 5.974805
v 2.233572 -2.647825 3.852194
v 0.485515 -2.478456 2.675597
v 1.906368 -3.410208 3.145422
v 0.907716 -1.842147 3.411027
v 5.779008 -8.664694 6.198405
v 5.536981 -5.717484 6.197679
v 7.664876 -7.130575 6.105107
v 4.187220 -6.464170 6.234687
v 1.250936 -8.211618 6.327610
v 1.888380 -5.158288 5.329787
v 3.470442 -4.025282 5.238972
v 0.485515 -2.478456 2.675597
v 2.157452 -1.264716 2.646913
v 1.906368 -3.410208 3.145422
v 3.649980 -2.223331 3.123124
v 1.570593 -7.748305 7.090876
v 2.041185 -10.893354 7.150255
v 3.280419 -10.236227 7.056035
v 2.777768 -10.605599 6.294078
v 1.584258 -11.258006 6.338329
v 9.433169 -5.433389 6.036526
v 8.040471 -4.822019 7.084601
v 9.804919 -5.149537 7.026608
v 6.245187 -5.640219 7.105233
v 8.040471 -4.822019 7.084601
v 7.145885 -4.770330 6.810327
v 5.728813 -5.548267 6.867143
v 4.445069 -6.449207 7.082412
v 5.860174 -8.603511 7.063767
v 7.891151 -6.957159 7.017424
v 6.891018 -4.973877 6.143548
v 7.145885 -4.770330 6.810327
v 6.891018 -4.973877 6.143548
v 9.433169 -5.433389 6.036526
v 9.804919 -5.149537 7.026608
v -4.676167 -6.044371 6.949175
v -3.464996 -3.446245 5.974805
v -6.573599 -4.240774 7.081209
v -2.144995 -4.341862 5.851789
v -0.038639 -2.478933 3.402701
v -1.828020 -2.942477 3.852194
v -0.430229 -3.961632 3.814498
v -1.471486 -1.432544 3.411027
v -2.755846 -4.544468 5.238972
v -4.676167 -6.044371 6.949175
v -4.853868 -5.979821 6.234687
v -2.144995 -4.341862 5.851789
v -3.726630 -7.032782 6.197678
v -4.853868 -5.979821 6.234687
v -4.676167 -6.044371 6.949175
v -3.506415 -7.162935 6.867143
v -0.038639 -2.478933 3.402701
v -0.986608 -4.158385 3.123124
v -0.536127 -2.442679 2.646913
v -0.430229 -3.961632 3.814498
v -7.423153 -3.727241 6.327610
v -10.217438 -4.985635 6.338329
v -9.729434 -5.307516 7.150255
v -6.883736 -3.888081 7.090876
v -4.322282 -3.389956 5.329787
v -3.464996 -3.446245 5.974805
v -2.207120 -1.227638 2.675598
v -1.828020 -2.942477 3.852194
v -1.471486 -1.432544 3.411027
v -2.654201 -2.866877 3.145423
v -4.413003 -9.493199 6.105106
v -6.454802 -8.173701 6.198405
v -3.726630 -7.032782 6.197678
v -4.853868 -5.979821 6.234687
v -4.322282 -3.389956 5.329787
v -2.755846 -4.544468 5.238972
v -7.423153 -3.727241 6.327610
v -0.536127 -2.442679 2.646913
v -0.986608 -4.158385 3.123124
v -2.654201 -2.866877 3.145423
v -2.207120 -1.227638 2.675598
v -8.721526 -6.283034 7.056035
v -6.883736 -3.888081 7.090876
v -9.729434 -5.307516 7.150255
v -9.228148 -5.919127 6.294077
v -10.217438 -4.985635 6.338329
v -2.252450 -10.650488 6.036526
v -2.101370 -9.137029 7.084601
v -1.867612 -10.916327 7.026608
v -3.434298 -7.682449 7.105233
v -2.101370 -9.137029 7.084601
v -2.328655 -8.270253 6.810327
v -3.506415 -7.162935 6.867143
v -6.371532 -8.231987 7.063767
v -4.178150 -9.654812 7.017424
v -4.759959 -6.220427 7.082412
v -2.600996 -8.090760 6.143548
v -2.328655 -8.270253 6.810327
v -2.600996 -8.090760 6.143548
v -2.252450 -10.650488 6.036526
v -1.867612 -10.916327 7.026608
v -4.348316 2.230458 5.974805
v -7.193554 2.579485 6.949175
v -4.792196 0.698302 5.851789
v -6.064569 4.941393 7.081209
v -1.817145 0.956786 3.411027
v -3.363352 0.829274 3.852194
v -2.369546 -0.729285 3.402701
v -3.900685 -0.815040 3.814497
v -7.187076 2.768436 6.234687
v -5.173648 1.216646 5.238972
v -4.792196 0.698302 5.851789
v -7.193554 2.579485 6.949175
v -7.187076 2.768436 6.234687
v -7.193554 2.579485 6.949175
v -7.840166 1.370987 6.197679
v -7.895898 1.121331 6.867143
v -3.900685 -0.815040 3.814497
v -2.488798 -0.244942 2.646913
v -2.369546 -0.729285 3.402701
v -4.259737 -0.346692 3.123124
v -5.838696 5.908056 6.327610
v -7.898983 8.176714 6.338329
v -8.054308 7.613129 7.150255
v -5.824975 5.345339 7.090876
v -4.348316 2.230458 5.974805
v -4.559698 3.063180 5.329788
v -3.363352 0.829274 3.852194
v -1.849591 1.719734 2.675597
v -3.546755 1.638380 3.145423
v -1.817145 0.956786 3.411027
v -9.768296 3.613069 6.198405
v -7.187076 2.768436 6.234687
v -7.840166 1.370987 6.197679
v -10.392262 1.263456 6.105107
v -5.173648 1.216646 5.238972
v -4.559698 3.063180 5.329788
v -5.838696 5.908056 6.327610
v -1.849591 1.719734 2.675597
v -2.488798 -0.244942 2.646913
v -3.546755 1.638380 3.145423
v -4.259737 -0.346692 3.123124
v -8.670619 6.353099 7.056036
v -5.824975 5.345339 7.090876
v -8.054308 7.613129 7.150255
v -8.481078 6.947380 6.294077
v -7.898983 8.176714 6.338329
v -10.825261 -1.148975 6.036526
v -9.339190 -0.824975 7.084600
v -10.959167 -1.597126 7.026608
v -8.367700 0.892204 7.105232
v -9.339190 -0.824975 7.084600
v -8.585073 -0.340966 6.810326
v -7.895898 1.121331 6.867143
v -7.386886 2.604771 7.082412
v -9.797997 3.515863 7.063767
v -10.473392 0.990157 7.017423
v -8.498524 -0.026488 6.143548
v -8.585073 -0.340966 6.810326
v -8.498524 -0.026488 6.143548
v -10.825261 -1.148975 6.036526
v -10.959167 -1.597126 7.026608
vt 0.4714 0.6028
vt 0.5132 0.5955
vt 0.5190 0.6868
vt 0.7300 0.6357
vt 0.6860 0.5872
vt 0.7666 0.5945
vt 0.6714 0.6501
vt 0.6060 0.5859
vt 0.6128 0.6648
vt 0.5327 0.6843
vt 0.5977 0.7578
vt 0.6118 0.6702
vt 0.6470 0.7571
vt 0.7095 0.6538
vt 0.6606 0.6621
vt 0.6309 0.7983
vt 0.6846 0.7963
vt 0.6689 0.8403
vt 0.6143 0.8424
vt 0.3035 0.8013
vt 0.3113 0.7970
vt 0.3154 0.8190
vt 0.3362 0.8273
vt 0.3306 0.8341
vt 0.3223 0.8134
vt 0.3301 0.8070
vt 0.3201 0.7922
vt 0.3584 0.7836
vt 0.3525 0.7749
vt 0.3542 0.7740
vt 0.3484 0.7653
vt 0.3503 0.7646
vt 0.3132 0.7760
vt 0.3037 0.7789
vt 0.2952 0.7815
vt 0.2998 0.7596
vt 0.2910 0.7605
vt 0.2998 0.7400
vt 0.3098 0.7585
vt 0.3098 0.7410
vt 0.3037 0.7207
vt 0.2910 0.7393
vt 0.2952 0.7183
vt 0.3032 0.6982
vt 0.3110 0.7024
vt 0.3152 0.6807
vt 0.3220 0.6860
vt 0.3303 0.6653
vt 0.3359 0.6721
vt 0.3523 0.6611
vt 0.3423 0.6799
vt 0.3464 0.7549
vt 0.3464 0.7444
vt 0.3132 0.7236
vt 0.3201 0.7073
vt 0.3298 0.6924
vt 0.3484 0.7446
vt 0.3484 0.7548
vt 0.3643 0.7461
vt 0.3643 0.7532
vt 0.3503 0.7346
vt 0.3657 0.7083
vt 0.3582 0.7158
vt 0.3596 0.7170
vt 0.3540 0.7253
vt 0.3682 0.7329
vt 0.3655 0.7393
vt 0.3665 0.7463
vt 0.3721 0.7271
vt 0.3738 0.7285
vt 0.3701 0.7339
vt 0.3677 0.7400
vt 0.3723 0.7351
vt 0.3757 0.7300
vt 0.3665 0.7529
vt 0.3687 0.7466
vt 0.3699 0.7407
vt 0.3997 0.7495
vt 0.3799 0.7256
vt 0.3784 0.7239
vt 0.4294 0.7405
vt 0.4307 0.7466
vt 0.4026 0.7188
vt 0.4087 0.7200
vt 0.3965 0.7188
vt 0.3838 0.7202
vt 0.3850 0.7222
vt 0.3906 0.7200
vt 0.3962 0.7166
vt 0.4028 0.7163
vt 0.4092 0.7178
vt 0.4143 0.7222
vt 0.4194 0.7256
vt 0.3960 0.7141
vt 0.3892 0.7156
vt 0.3899 0.7178
vt 0.4031 0.7141
vt 0.4099 0.7156
vt 0.4153 0.7202
vt 0.4209 0.7239
vt 0.4236 0.7300
vt 0.4270 0.7349
vt 0.4221 0.7219
vt 0.4255 0.7285
vt 0.4290 0.7339
vt 0.4312 0.7327
vt 0.4272 0.7271
vt 0.4451 0.7251
vt 0.4316 0.7400
vt 0.4338 0.7393
vt 0.4490 0.7346
vt 0.4468 0.7244
vt 0.4509 0.7339
vt 0.4792 0.7070
vt 0.4351 0.7461
vt 0.4509 0.7444
vt 0.4351 0.7529
vt 0.4294 0.7585
vt 0.4316 0.7592
vt 0.4270 0.7642
vt 0.4307 0.7526
vt 0.4329 0.7463
vt 0.4238 0.7693
vt 0.4329 0.7528
vt 0.4194 0.7736
vt 0.4143 0.7770
vt 0.4255 0.7706
vt 0.4292 0.7653
vt 0.4338 0.7599
vt 0.4512 0.7545
vt 0.4492 0.7644
vt 0.4312 0.7664
vt 0.4272 0.7721
vt 0.4209 0.7753
vt 0.4155 0.7789
vt 0.4165 0.7810
vt 0.4224 0.7771
vt 0.4397 0.7822
vt 0.4453 0.7738
vt 0.4470 0.7747
vt 0.4509 0.7650
vt 0.4861 0.7756
vt 0.4412 0.7834
vt 0.4241 0.7950
vt 0.4102 0.7837
vt 0.4326 0.7894
vt 0.4338 0.7909
vt 0.4695 0.8066
vt 0.4795 0.7920
vt 0.4570 0.8192
vt 0.4773 0.8131
vt 0.4883 0.7968
vt 0.4958 0.7784
vt 0.4634 0.8270
vt 0.4995 0.7592
vt 0.5039 0.7810
vt 0.4961 0.8008
vt 0.4841 0.8186
vt 0.4690 0.8339
vt 0.4473 0.8380
vt 0.4424 0.8291
vt 0.4514 0.8457
vt 0.3945 0.8029
vt 0.3843 0.8008
vt 0.3948 0.8009
vt 0.4050 0.8029
vt 0.4087 0.8394
vt 0.4153 0.8008
vt 0.4260 0.8359
vt 0.4290 0.8456
vt 0.4316 0.8540
vt 0.4250 0.7968
vt 0.4148 0.7990
vt 0.4048 0.8009
vt 0.3962 0.7850
vt 0.3848 0.7990
vt 0.3894 0.7837
vt 0.3831 0.7810
vt 0.3840 0.7791
vt 0.3755 0.7952
vt 0.3669 0.7896
vt 0.3772 0.7772
vt 0.3787 0.7754
vt 0.3740 0.7708
vt 0.3721 0.7722
vt 0.3599 0.7823
vt 0.3901 0.7815
vt 0.3965 0.7827
vt 0.3850 0.7770
vt 0.3801 0.7737
vt 0.3757 0.7693
vt 0.3704 0.7654
vt 0.3682 0.7665
vt 0.3723 0.7643
vt 0.3699 0.7587
vt 0.3677 0.7593
vt 0.3655 0.7600
vt 0.3687 0.7527
vt 0.3657 0.7910
vt 0.3745 0.7969
vt 0.3425 0.8195
vt 0.3572 0.8292
vt 0.3735 0.8359
vt 0.3911 0.8395
vt 0.3708 0.8456
vt 0.3525 0.8381
vt 0.3901 0.8495
vt 0.4097 0.8494
vt 0.4106 0.8582
vt 0.3892 0.8583
vt 0.3682 0.8541
vt 0.3484 0.8459
vt 0.4958 0.6980
vt 0.4880 0.7021
vt 0.4839 0.6802
vt 0.4861 0.7231
vt 0.4956 0.7202
vt 0.5039 0.7178
vt 0.4995 0.7395
vt 0.5083 0.7388
vt 0.5083 0.7600
vt 0.4895 0.7582
vt 0.4895 0.7405
vt 0.4529 0.7444
vt 0.4529 0.7548
vt 0.1488 0.7083
vt 0.1192 0.6113
vt 0.1387 0.6074
vt 0.1586 0.6072
vt 0.1781 0.6111
vt 0.1965 0.6187
vt 0.2130 0.6296
vt 0.2272 0.6438
vt 0.2383 0.6604
vt 0.2458 0.6787
vt 0.2498 0.6982
vt 0.2499 0.7180
vt 0.2460 0.7375
vt 0.2384 0.7560
vt 0.2274 0.7725
vt 0.2134 0.7866
vt 0.1969 0.7977
vt 0.1785 0.8053
vt 0.1589 0.8092
vt 0.1390 0.8093
vt 0.1196 0.8054
vt 0.1012 0.7979
vt 0.0846 0.7869
vt 0.0705 0.7728
vt 0.0594 0.7563
vt 0.0518 0.7380
vt 0.0479 0.7185
vt 0.0478 0.6985
vt 0.0517 0.6790
vt 0.0592 0.6606
vt 0.0703 0.6440
vt 0.0843 0.6299
vt 0.1008 0.6189
vt 0.7095 0.6538
vt 0.6714 0.6501
vt 0.7300 0.6357
vt 0.6606 0.6621
vt 0.6128 0.6648
vt 0.6118 0.6702
vt 0.6860 0.5872
vt 0.7666 0.5945
vt 0.6060 0.5859
vt 0.5132 0.5955
vt 0.5327 0.6843
vt 0.5977 0.7578
vt 0.6470 0.7571
vt 0.6309 0.7983
vt 0.6846 0.7963
vt 0.6689 0.8403
vt 0.6143 0.8424
vt 0.5190 0.6868
vt 0.4714 0.6028
vt 0.5312 0.4668
vt 0.5264 0.5544
vt 0.4844 0.5488
vt 0.6357 0.4775
vt 0.6357 0.5603
vt 0.6826 0.4829
vt 0.7100 0.5564
vt 0.7295 0.4888
vt 0.7842 0.5461
vt 0.6025 0.4038
vt 0.6621 0.4043
vt 0.6348 0.3613
vt 0.6987 0.3623
vt 0.6792 0.3120
vt 0.6162 0.3120
vt 0.7612 0.9765
vt 0.7144 0.9770
vt 0.7192 0.9562
vt 0.7681 0.9557
vt 0.8081 0.9761
vt 0.8174 0.9553
vt 0.8384 0.9460
vt 0.8628 0.9778
vt 0.8760 0.9473
vt 0.5312 0.4668
vt 0.5264 0.5544
vt 0.4844 0.5488
vt 0.6357 0.4775
vt 0.6357 0.5603
vt 0.6826 0.4829
vt 0.7100 0.5564
vt 0.7295 0.4888
vt 0.7842 0.5461
vt 0.6025 0.4038
vt 0.6621 0.4043
vt 0.6348 0.3613
vt 0.6987 0.3623
vt 0.6792 0.3120
vt 0.6162 0.3120
vt 0.4333 0.5820
vt 0.4238 0.6047
vt 0.3860 0.5593
vt 0.3828 0.5850
vt 0.3115 0.5798
vt 0.3108 0.6052
vt 0.2240 0.5701
vt 0.2366 0.5537
vt 0.6919 0.9103
vt 0.7764 0.8961
vt 0.7021 0.9316
vt 0.7690 0.8728
vt 0.8462 0.8956
vt 0.8511 0.8717
vt 0.9170 0.9109
vt 0.9136 0.9364
vt 0.9648 0.9277
vt 0.9619 0.9035
vt 0.6357 0.4775
vt 0.5312 0.4668
vt 0.6025 0.4038
vt 0.6621 0.4043
vt 0.6348 0.3613
vt 0.6987 0.3623
vt 0.6792 0.3120
vt 0.6162 0.3120
vt 0.5264 0.5544
vt 0.4844 0.5488
vt 0.6357 0.5603
vt 0.6826 0.4829
vt 0.7100 0.5564
vt 0.7295 0.4888
vt 0.7842 0.5461
vt 0.4238 0.6047
vt 0.3828 0.5850
vt 0.4333 0.5820
vt 0.3860 0.5593
vt 0.3115 0.5798
vt 0.3108 0.6052
vt 0.2366 0.5537
vt 0.2240 0.5701
vt 0.6919 0.9103
vt 0.7764 0.8961
vt 0.7021 0.9316
vt 0.7690 0.8728
vt 0.8462 0.8956
vt 0.8511 0.8717
vt 0.9170 0.9109
vt 0.9136 0.9364
vt 0.9648 0.9277
vt 0.9619 0.9035
vt 0.7300 0.6357
vt 0.6860 0.5872
vt 0.7666 0.5945
vt 0.6714 0.6501
vt 0.6060 0.5859
vt 0.6128 0.6648
vt 0.5132 0.5955
vt 0.5327 0.6843
vt 0.6118 0.6702
vt 0.5977 0.7578
vt 0.6470 0.7571
vt 0.6309 0.7983
vt 0.6846 0.7963
vt 0.6689 0.8403
vt 0.6143 0.8424
vt 0.5190 0.6868
vt 0.4714 0.6028
vt 0.7095 0.6538
vt 0.6714 0.6501
vt 0.7300 0.6357
vt 0.6606 0.6621
vt 0.6128 0.6648
vt 0.6118 0.6702
vt 0.6143 0.8424
vt 0.6309 0.7983
vt 0.6689 0.8403
vt 0.6846 0.7963
vt 0.6470 0.7571
vt 0.5977 0.7578
vt 0.5327 0.6843
vt 0.5132 0.5955
vt 0.6060 0.5859
vt 0.6860 0.5872
vt 0.7666 0.5945
vt 0.5190 0.6868
vt 0.4714 0.6028
vt 0.6919 0.9103
vt 0.7764 0.8961
vt 0.7021 0.9316
vt 0.7690 0.8728
vt 0.8462 0.8956
vt 0.8511 0.8717
vt 0.9170 0.9109
vt 0.9136 0.9364
vt 0.9648 0.9277
vt 0.9619 0.9035
vt 0.7021 0.9316
vt 0.6919 0.9103
vt 0.7764 0.8961
vt 0.7690 0.8728
vt 0.8462 0.8956
vt 0.8511 0.8717
vt 0.9170 0.9109
vt 0.9136 0.9364
vt 0.9648 0.9277
vt 0.9619 0.9035
vt 0.7144 0.9770
vt 0.7192 0.9562
vt 0.7612 0.9765
vt 0.7681 0.9557
vt 0.8081 0.9761
vt 0.8174 0.9553
vt 0.8384 0.9460
vt 0.8628 0.9778
vt 0.8760 0.9473
vt 0.6357 0.4775
vt 0.5312 0.4668
vt 0.6025 0.4038
vt 0.6621 0.4043
vt 0.6348 0.3613
vt 0.6987 0.3623
vt 0.6792 0.3120
vt 0.6162 0.3120
vt 0.5264 0.5544
vt 0.4844 0.5488
vt 0.6357 0.5603
vt 0.6826 0.4829
vt 0.7100 0.5564
vt 0.7295 0.4888
vt 0.7842 0.5461
vt 0.7192 0.9562
vt 0.7612 0.9765
vt 0.7144 0.9770
vt 0.7681 0.9557
vt 0.8081 0.9761
vt 0.8174 0.9553
vt 0.8384 0.9460
vt 0.8628 0.9778
vt 0.8760 0.9473
vt 0.7144 0.9770
vt 0.7192 0.9562
vt 0.7612 0.9765
vt 0.7681 0.9557
vt 0.8081 0.9761
vt 0.8174 0.9553
vt 0.8384 0.9460
vt 0.8628 0.9778
vt 0.8760 0.9473
vt 0.7144 0.4575
vt 0.7144 0.4727
vt 0.6934 0.4575
vt 0.6934 0.4429
vt 0.6719 0.4429
vt 0.7144 0.4429
vt 0.6719 0.4297
vt 0.6509 0.4297
vt 0.6934 0.4297
vt 0.7144 0.4297
vt 0.7354 0.4429
vt 0.7354 0.4297
vt 0.7568 0.4429
vt 0.7568 0.4297
vt 0.7778 0.4297
vt 0.7354 0.4189
vt 0.7144 0.4189
vt 0.6934 0.4189
vt 0.6719 0.4189
vt 0.6509 0.4189
vt 0.6294 0.4189
vt 0.7354 0.4102
vt 0.7354 0.4023
vt 0.7568 0.4102
vt 0.7568 0.4189
vt 0.7144 0.4102
vt 0.6934 0.4102
vt 0.6719 0.4102
vt 0.6509 0.4102
vt 0.6719 0.4023
vt 0.6934 0.4023
vt 0.6934 0.3955
vt 0.6719 0.3955
vt 0.6509 0.4023
vt 0.6294 0.4102
vt 0.6509 0.3955
vt 0.6719 0.3892
vt 0.6934 0.3892
vt 0.7144 0.3955
vt 0.7144 0.4023
vt 0.7144 0.3892
vt 0.7354 0.3955
vt 0.7354 0.3892
vt 0.7568 0.3892
vt 0.7568 0.3955
vt 0.7778 0.3892
vt 0.7778 0.4102
vt 0.7778 0.4023
vt 0.7988 0.4023
vt 0.7988 0.3955
vt 0.8198 0.3955
vt 0.7988 0.3892
vt 0.7778 0.3955
vt 0.7568 0.4023
vt 0.8198 0.3892
vt 0.8408 0.3892
vt 0.8613 0.3892
vt 0.8408 0.3955
vt 0.8198 0.4023
vt 0.7988 0.4102
vt 0.7778 0.4189
vt 0.7988 0.4189
vt 0.8198 0.4102
vt 0.8408 0.4023
vt 0.8613 0.3955
vt 0.8613 0.4023
vt 0.8818 0.3955
vt 0.7568 0.4575
vt 0.7778 0.4429
vt 0.7988 0.4297
vt 0.8198 0.4189
vt 0.8408 0.4102
vt 0.7988 0.4727
vt 0.7778 0.4727
vt 0.7988 0.4575
vt 0.7778 0.4575
vt 0.7988 0.4429
vt 0.8198 0.4297
vt 0.8408 0.4189
vt 0.8613 0.4102
vt 0.8198 0.4429
vt 0.8198 0.4575
vt 0.8198 0.4727
vt 0.8408 0.4575
vt 0.8408 0.4727
vt 0.8408 0.4297
vt 0.8408 0.4429
vt 0.8613 0.4189
vt 0.8613 0.4297
vt 0.8613 0.4429
vt 0.8613 0.4575
vt 0.8613 0.4727
vt 0.8818 0.4102
vt 0.8818 0.4189
vt 0.8818 0.4297
vt 0.8818 0.4429
vt 0.8818 0.4575
vt 0.9023 0.4189
vt 0.9023 0.4297
vt 0.9023 0.4429
vt 0.9023 0.4575
vt 0.9023 0.4727
vt 0.8818 0.4727
vt 0.8818 0.4023
vt 0.9023 0.4102
vt 0.9224 0.4189
vt 0.9224 0.4297
vt 0.9224 0.4429
vt 0.9224 0.4575
vt 0.9224 0.4102
vt 0.9419 0.4727
vt 0.9224 0.4727
vt 0.9419 0.4575
vt 0.9419 0.4429
vt 0.9419 0.4297
vt 0.9419 0.4189
vt 0.9419 0.4102
vt 0.9609 0.4189
vt 0.9609 0.4297
vt 0.9609 0.4429
vt 0.9609 0.4575
vt 0.9609 0.4727
vt 0.9609 0.5366
vt 0.9419 0.5366
vt 0.9795 0.4429
vt 0.9795 0.4575
vt 0.9795 0.4727
vt 0.9795 0.5366
vt 0.9609 0.5513
vt 0.9419 0.5513
vt 0.9419 0.5642
vt 0.9976 0.4575
vt 0.9976 0.4727
vt 0.9976 0.5366
vt 0.9795 0.5513
vt 0.9609 0.5642
vt 0.9419 0.5750
vt 0.9224 0.5750
vt 0.9224 0.5916
vt 0.9023 0.5916
vt 0.9224 0.5840
vt 0.9419 0.5840
vt 0.9609 0.5750
vt 0.9795 0.5642
vt 0.9976 0.5513
vt 0.9976 0.5642
vt 0.9795 0.5750
vt 0.9609 0.5840
vt 0.9419 0.5916
vt 0.9224 0.5986
vt 0.9795 0.5840
vt 0.9609 0.5916
vt 0.9795 0.5916
vt 0.9419 0.5986
vt 0.9609 0.5986
vt 0.9795 0.5986
vt 0.9976 0.5986
vt 0.9795 0.6052
vt 0.9976 0.5916
vt 0.9976 0.5840
vt 0.9976 0.5750
vt 0.9976 0.6052
vt 0.9224 0.6052
vt 0.9224 0.6108
vt 0.9023 0.6108
vt 0.9419 0.6108
vt 0.9419 0.6052
vt 0.9609 0.6052
vt 0.9609 0.6108
vt 0.9795 0.6108
vt 0.9976 0.6108
vt 0.9023 0.6052
vt 0.8818 0.6108
vt 0.9023 0.5986
vt 0.8818 0.5986
vt 0.8818 0.6052
vt 0.8613 0.6108
vt 0.9023 0.5840
vt 0.8818 0.5916
vt 0.8613 0.5986
vt 0.8613 0.6052
vt 0.8408 0.6052
vt 0.8408 0.5916
vt 0.8613 0.5916
vt 0.8408 0.5986
vt 0.8198 0.5986
vt 0.8198 0.6052
vt 0.7988 0.5986
vt 0.7988 0.6052
vt 0.7778 0.5986
vt 0.7778 0.6052
vt 0.7568 0.5986
vt 0.7354 0.5986
vt 0.7354 0.6052
vt 0.7568 0.5916
vt 0.7778 0.5916
vt 0.7988 0.5916
vt 0.8198 0.5916
vt 0.8408 0.5840
vt 0.8198 0.5840
vt 0.7988 0.5840
vt 0.7778 0.5840
vt 0.7568 0.5840
vt 0.7354 0.5916
vt 0.8408 0.5750
vt 0.8613 0.5840
vt 0.8198 0.5750
vt 0.7988 0.5750
vt 0.7778 0.5750
vt 0.7568 0.5750
vt 0.7354 0.5840
vt 0.7144 0.5916
vt 0.6934 0.5916
vt 0.7144 0.5840
vt 0.7354 0.5750
vt 0.7568 0.5642
vt 0.7778 0.5642
vt 0.7988 0.5642
vt 0.7144 0.5750
vt 0.7354 0.5642
vt 0.7568 0.5513
vt 0.7778 0.5513
vt 0.7988 0.5513
vt 0.8198 0.5642
vt 0.8198 0.5513
vt 0.8408 0.5642
vt 0.8408 0.5513
vt 0.8408 0.5366
vt 0.8613 0.5513
vt 0.8198 0.5366
vt 0.7988 0.5366
vt 0.7778 0.5366
vt 0.7568 0.5366
vt 0.7354 0.5513
vt 0.7568 0.4727
vt 0.7354 0.5366
vt 0.7354 0.4727
vt 0.7354 0.4575
vt 0.7144 0.5642
vt 0.7144 0.5513
vt 0.7144 0.5366
vt 0.6509 0.4429
vt 0.6294 0.4297
vt 0.6719 0.4575
vt 0.6934 0.4727
vt 0.6934 0.5366
vt 0.6934 0.5513
vt 0.6934 0.5642
vt 0.6934 0.5750
vt 0.6934 0.5840
vt 0.6719 0.5840
vt 0.6719 0.5750
vt 0.6719 0.5642
vt 0.6509 0.5750
vt 0.6509 0.5642
vt 0.6509 0.5840
vt 0.6719 0.5916
vt 0.6079 0.5642
vt 0.6079 0.5513
vt 0.6294 0.5642
vt 0.6294 0.5750
vt 0.6294 0.5840
vt 0.6509 0.5916
vt 0.6294 0.5916
vt 0.6079 0.5750
vt 0.6079 0.5840
vt 0.6079 0.5916
vt 0.6079 0.5986
vt 0.5869 0.5916
vt 0.5869 0.5986
vt 0.5869 0.5840
vt 0.5869 0.5750
vt 0.5869 0.5642
vt 0.5869 0.5513
vt 0.5654 0.5513
vt 0.5654 0.5366
vt 0.5654 0.5642
vt 0.5654 0.5750
vt 0.5654 0.5840
vt 0.5654 0.5916
vt 0.5439 0.5366
vt 0.5439 0.5513
vt 0.5439 0.5642
vt 0.5439 0.5750
vt 0.5439 0.5840
vt 0.5439 0.5916
vt 0.5229 0.5986
vt 0.5229 0.5916
vt 0.5439 0.5986
vt 0.5229 0.5840
vt 0.5229 0.5750
vt 0.5229 0.5642
vt 0.5229 0.5513
vt 0.5015 0.5986
vt 0.5015 0.5916
vt 0.5015 0.5840
vt 0.5015 0.5750
vt 0.5015 0.5642
vt 0.5015 0.5513
vt 0.4802 0.5916
vt 0.4802 0.5986
vt 0.4802 0.5840
vt 0.4802 0.5750
vt 0.4802 0.5642
vt 0.4802 0.5513
vt 0.5015 0.5366
vt 0.4590 0.5642
vt 0.4590 0.5513
vt 0.4590 0.5750
vt 0.4590 0.5840
vt 0.4590 0.5916
vt 0.4590 0.5986
vt 0.4375 0.5513
vt 0.4375 0.5366
vt 0.4590 0.5366
vt 0.4375 0.5642
vt 0.4375 0.5750
vt 0.4375 0.5840
vt 0.4375 0.5916
vt 0.4375 0.5986
vt 0.4375 0.6052
vt 0.4163 0.5986
vt 0.4163 0.5916
vt 0.4163 0.5840
vt 0.4163 0.5750
vt 0.4163 0.5642
vt 0.4163 0.6052
vt 0.3948 0.5840
vt 0.3948 0.5750
vt 0.3948 0.5642
vt 0.4163 0.5513
vt 0.3948 0.5513
vt 0.4163 0.5366
vt 0.3948 0.5366
vt 0.3948 0.4727
vt 0.3948 0.5916
vt 0.3735 0.5840
vt 0.3735 0.5750
vt 0.3735 0.5642
vt 0.3735 0.5513
vt 0.3735 0.5366
vt 0.3523 0.5366
vt 0.3523 0.5513
vt 0.3523 0.5840
vt 0.3523 0.5750
vt 0.3523 0.5642
vt 0.3311 0.5513
vt 0.3311 0.5642
vt 0.3096 0.5513
vt 0.3096 0.5642
vt 0.2883 0.5513
vt 0.3311 0.5366
vt 0.3096 0.5366
vt 0.2883 0.5366
vt 0.2671 0.5366
vt 0.2671 0.5513
vt 0.2461 0.5366
vt 0.2039 0.4575
vt 0.2250 0.4575
vt 0.2250 0.4727
vt 0.2461 0.4727
vt 0.2671 0.4727
vt 0.2883 0.4727
vt 0.3096 0.4727
vt 0.3311 0.4727
vt 0.3735 0.4727
vt 0.3523 0.4727
vt 0.3523 0.4575
vt 0.3311 0.4575
vt 0.3096 0.4575
vt 0.3735 0.4575
vt 0.3523 0.4429
vt 0.3735 0.4429
vt 0.3311 0.4429
vt 0.3096 0.4429
vt 0.2883 0.4575
vt 0.2883 0.4429
vt 0.2671 0.4575
vt 0.2671 0.4429
vt 0.2461 0.4575
vt 0.2883 0.4297
vt 0.3096 0.4297
vt 0.3311 0.4297
vt 0.3523 0.4297
vt 0.3735 0.4297
vt 0.3948 0.4429
vt 0.2671 0.4102
vt 0.2883 0.4102
vt 0.2671 0.4189
vt 0.2883 0.4189
vt 0.2671 0.4297
vt 0.3096 0.4189
vt 0.3311 0.4189
vt 0.3523 0.4189
vt 0.3311 0.4102
vt 0.3096 0.4102
vt 0.2883 0.4023
vt 0.3096 0.4023
vt 0.3311 0.4023
vt 0.3523 0.4023
vt 0.3523 0.4102
vt 0.3735 0.4102
vt 0.3735 0.4189
vt 0.3948 0.4297
vt 0.3948 0.4189
vt 0.3948 0.4102
vt 0.3735 0.4023
vt 0.3523 0.3955
vt 0.3311 0.3955
vt 0.3096 0.3955
vt 0.3311 0.3892
vt 0.3523 0.3892
vt 0.3096 0.3892
vt 0.2883 0.3892
vt 0.2883 0.3955
vt 0.2671 0.3955
vt 0.2671 0.3892
vt 0.2461 0.3892
vt 0.2461 0.3955
vt 0.2250 0.3955
vt 0.2461 0.4023
vt 0.2250 0.4023
vt 0.2039 0.3892
vt 0.2250 0.3892
vt 0.2039 0.3955
vt 0.1827 0.3892
vt 0.1827 0.3955
vt 0.2039 0.4023
vt 0.2250 0.4102
vt 0.2250 0.4189
vt 0.2039 0.4102
vt 0.1827 0.4023
vt 0.1617 0.3955
vt 0.1617 0.3892
vt 0.1409 0.3892
vt 0.1409 0.3955
vt 0.1617 0.4023
vt 0.1827 0.4102
vt 0.2039 0.4189
vt 0.2250 0.4297
vt 0.2461 0.4429
vt 0.2250 0.4429
vt 0.2039 0.4297
vt 0.1827 0.4189
vt 0.1617 0.4102
vt 0.1409 0.4023
vt 0.1827 0.4297
vt 0.1617 0.4189
vt 0.1409 0.4102
vt 0.1201 0.4023
vt 0.1201 0.3955
vt 0.0995 0.3955
vt 0.0995 0.4023
vt 0.0790 0.3955
vt 0.0995 0.4102
vt 0.0790 0.4102
vt 0.1201 0.4102
vt 0.1201 0.3892
vt 0.0995 0.3892
vt 0.0790 0.3892
vt 0.0590 0.3955
vt 0.0790 0.4023
vt 0.0020 0.4189
vt 0.0204 0.4189
vt 0.0020 0.4297
vt 0.0204 0.4102
vt 0.0393 0.4102
vt 0.0393 0.4023
vt 0.0590 0.4023
vt 0.0393 0.3955
vt 0.0590 0.3892
vt 0.0204 0.3955
vt 0.0204 0.4023
vt 0.0020 0.4102
vt 0.0020 0.4023
vt 0.0020 0.3955
vt 0.0020 0.3892
vt 0.0204 0.3892
vt 0.0393 0.3892
vt 0.7095 0.6538
vt 0.6606 0.6621
vt 0.2039 0.4727
vt 0.1827 0.4575
vt 0.1827 0.4429
vt 0.1617 0.4429
vt 0.1617 0.4297
vt 0.1409 0.4297
vt 0.1409 0.4189
vt 0.1201 0.4189
vt 0.2039 0.4429
vt 0.0790 0.4297
vt 0.0995 0.4297
vt 0.0790 0.4429
vt 0.0790 0.4575
vt 0.0590 0.4575
vt 0.0590 0.4429
vt 0.0590 0.4297
vt 0.0790 0.4189
vt 0.0590 0.4189
vt 0.0995 0.4189
vt 0.0393 0.4297
vt 0.0393 0.4429
vt 0.0393 0.4575
vt 0.0393 0.4727
vt 0.0590 0.4727
vt 0.0204 0.4575
vt 0.0204 0.4727
vt 0.0393 0.5366
vt 0.0590 0.5366
vt 0.0790 0.5366
vt 0.0790 0.5513
vt 0.0995 0.5513
vt 0.0995 0.5642
vt 0.0020 0.4575
vt 0.0204 0.4429
vt 0.0020 0.4727
vt 0.0204 0.5366
vt 0.0393 0.5513
vt 0.0590 0.5513
vt 0.0590 0.5642
vt 0.0790 0.5642
vt 0.0790 0.5750
vt 0.0393 0.5642
vt 0.0590 0.5750
vt 0.0790 0.5840
vt 0.0995 0.5840
vt 0.0790 0.5916
vt 0.0995 0.5916
vt 0.0995 0.5986
vt 0.1201 0.5986
vt 0.0393 0.5750
vt 0.0590 0.5840
vt 0.0204 0.5513
vt 0.0204 0.5642
vt 0.0204 0.5750
vt 0.0393 0.5840
vt 0.0590 0.5916
vt 0.0790 0.5986
vt 0.0204 0.5840
vt 0.0020 0.5750
vt 0.0020 0.5642
vt 0.0020 0.5513
vt 0.0020 0.5366
vt 0.0995 0.6108
vt 0.0790 0.6108
vt 0.0995 0.6052
vt 0.0790 0.6052
vt 0.0590 0.6052
vt 0.0590 0.5986
vt 0.0393 0.5916
vt 0.0393 0.5986
vt 0.0204 0.5916
vt 0.0204 0.5986
vt 0.0204 0.6052
vt 0.0393 0.6052
vt 0.0393 0.6108
vt 0.0590 0.6108
vt 0.0020 0.5840
vt 0.0020 0.5916
vt 0.0020 0.5986
vt 0.0020 0.6052
vt 0.0020 0.6108
vt 0.0204 0.6108
vt 0.7192 0.9562
vt 0.7612 0.9765
vt 0.7144 0.9770
vt 0.7681 0.9557
vt 0.8081 0.9761
vt 0.8174 0.9553
vt 0.8384 0.9460
vt 0.8628 0.9778
vt 0.8760 0.9473
vt 0.9419 0.4023
vt 0.9224 0.4023
vt 0.9976 0.3955
vt 0.9795 0.3892
vt 0.9976 0.3892
vt 0.9795 0.3955
vt 0.9609 0.3892
vt 0.9609 0.3955
vt 0.9609 0.4023
vt 0.9609 0.4102
vt 0.9976 0.4023
vt 0.9795 0.4023
vt 0.9795 0.4102
vt 0.9795 0.4189
vt 0.9795 0.4297
vt 0.9976 0.4102
vt 0.9976 0.4189
vt 0.9976 0.4297
vt 0.9976 0.4429
vt 0.5654 0.4189
vt 0.5869 0.4189
vt 0.5654 0.4297
vt 0.5439 0.4297
vt 0.5439 0.4429
vt 0.5439 0.4189
vt 0.5229 0.4189
vt 0.5229 0.4297
vt 0.5229 0.4429
vt 0.5229 0.4575
vt 0.5015 0.4575
vt 0.5015 0.4727
vt 0.5015 0.4429
vt 0.5015 0.4297
vt 0.5015 0.4189
vt 0.4802 0.4727
vt 0.4802 0.4575
vt 0.4802 0.4429
vt 0.4802 0.4297
vt 0.4802 0.4189
vt 0.4802 0.4102
vt 0.3948 0.4023
vt 0.4163 0.4023
vt 0.4163 0.4102
vt 0.4375 0.4102
vt 0.4375 0.4189
vt 0.4590 0.4189
vt 0.4590 0.4297
vt 0.4590 0.4429
vt 0.4590 0.4575
vt 0.4375 0.4297
vt 0.4163 0.4189
vt 0.4163 0.4297
vt 0.4375 0.4429
vt 0.4802 0.5366
vt 0.4590 0.4727
vt 0.4375 0.4575
vt 0.4163 0.4429
vt 0.4163 0.4575
vt 0.4375 0.4727
vt 0.3948 0.4575
vt 0.4163 0.4727
vt 0.2366 0.5537
vt 0.3115 0.5798
vt 0.2240 0.5701
vt 0.3108 0.6052
vt 0.3828 0.5850
vt 0.3860 0.5593
vt 0.4238 0.6047
vt 0.4333 0.5820
vt 0.2461 0.4297
vt 0.2461 0.4102
vt 0.2461 0.4189
vt 0.2671 0.4023
vt 0.7100 0.5564
vt 0.7295 0.4888
vt 0.7842 0.5461
vt 0.6826 0.4829
vt 0.6357 0.5603
vt 0.6357 0.4775
vt 0.5264 0.5544
vt 0.5312 0.4668
vt 0.4844 0.5488
vt 0.6025 0.4038
vt 0.6621 0.4043
vt 0.6348 0.3613
vt 0.6987 0.3623
vt 0.6792 0.3120
vt 0.6162 0.3120
vt 0.4238 0.6047
vt 0.3828 0.5850
vt 0.4333 0.5820
vt 0.3860 0.5593
vt 0.3115 0.5798
vt 0.3108 0.6052
vt 0.2240 0.5701
vt 0.2366 0.5537
vt 0.7095 0.6538
vt 0.6714 0.6501
vt 0.7300 0.6357
vt 0.6606 0.6621
vt 0.6128 0.6648
vt 0.6118 0.6702
vt 0.6143 0.8424
vt 0.6309 0.7983
vt 0.6689 0.8403
vt 0.6846 0.7963
vt 0.6470 0.7571
vt 0.5977 0.7578
vt 0.5327 0.6843
vt 0.5132 0.5955
vt 0.6060 0.5859
vt 0.6860 0.5872
vt 0.7666 0.5945
vt 0.5190 0.6868
vt 0.4714 0.6028
vt 0.6919 0.9103
vt 0.7764 0.8961
vt 0.7021 0.9316
vt 0.7690 0.8728
vt 0.8462 0.8956
vt 0.8511 0.8717
vt 0.9170 0.9109
vt 0.9136 0.9364
vt 0.9648 0.9277
vt 0.9619 0.9035
vt 0.6294 0.3955
vt 0.6079 0.3892
vt 0.6294 0.3892
vt 0.6509 0.3892
vt 0.6294 0.4023
vt 0.6079 0.4023
vt 0.6079 0.3955
vt 0.5869 0.3955
vt 0.5869 0.3892
vt 0.5654 0.3955
vt 0.5654 0.3892
vt 0.5869 0.4023
vt 0.5654 0.4023
vt 0.5439 0.4023
vt 0.5654 0.4102
vt 0.5869 0.4102
vt 0.6079 0.4102
vt 0.6079 0.4189
vt 0.5869 0.4297
vt 0.6079 0.4297
vt 0.6079 0.4429
vt 0.5869 0.4429
vt 0.5869 0.4575
vt 0.5654 0.4575
vt 0.5654 0.4727
vt 0.5439 0.4727
vt 0.5229 0.5366
vt 0.5229 0.4727
vt 0.5439 0.4575
vt 0.5654 0.4429
vt 0.5439 0.3892
vt 0.5439 0.3955
vt 0.5229 0.3892
vt 0.5229 0.3955
vt 0.5015 0.3892
vt 0.5015 0.3955
vt 0.4802 0.3955
vt 0.4802 0.3892
vt 0.4590 0.3892
vt 0.4590 0.3955
vt 0.4802 0.4023
vt 0.5015 0.4023
vt 0.5229 0.4023
vt 0.5015 0.4102
vt 0.5229 0.4102
vt 0.5439 0.4102
vt 0.4590 0.4023
vt 0.4375 0.3955
vt 0.4590 0.4102
vt 0.4375 0.4023
vt 0.4163 0.3955
vt 0.3948 0.3955
vt 0.4375 0.3892
vt 0.4163 0.3892
vt 0.3948 0.3892
vt 0.3735 0.3955
vt 0.3735 0.3892
vt 0.2366 0.5537
vt 0.3115 0.5798
vt 0.2240 0.5701
vt 0.3108 0.6052
vt 0.3828 0.5850
vt 0.3860 0.5593
vt 0.4333 0.5820
vt 0.4238 0.6047
vt 0.0995 0.4429
vt 0.0995 0.4575
vt 0.1201 0.4429
vt 0.1201 0.4575
vt 0.0995 0.4727
vt 0.1201 0.4727
vt 0.0995 0.5366
vt 0.1201 0.5366
vt 0.1201 0.5513
vt 0.1409 0.5366
vt 0.1409 0.4575
vt 0.1409 0.4727
vt 0.1827 0.5366
vt 0.1617 0.5366
vt 0.1617 0.4727
vt 0.1409 0.5513
vt 0.1617 0.5513
vt 0.1827 0.5513
vt 0.1201 0.4297
vt 0.1409 0.4429
vt 0.1617 0.4575
vt 0.1827 0.4727
vt 0.2039 0.5366
vt 0.2039 0.5513
vt 0.2250 0.5366
vt 0.2250 0.5513
vt 0.2461 0.5513
vt 0.2250 0.5642
vt 0.2039 0.5642
vt 0.1827 0.5642
vt 0.1617 0.5642
vt 0.1409 0.5642
vt 0.2883 0.5642
vt 0.2671 0.5642
vt 0.2461 0.5642
vt 0.3096 0.5750
vt 0.3311 0.5750
vt 0.3311 0.5840
vt 0.2671 0.5750
vt 0.2883 0.5750
vt 0.3096 0.5840
vt 0.3311 0.5916
vt 0.2883 0.5840
vt 0.3096 0.5916
vt 0.3096 0.5986
vt 0.3311 0.5986
vt 0.3523 0.5986
vt 0.3523 0.5916
vt 0.3735 0.5916
vt 0.2883 0.5986
vt 0.3096 0.6052
vt 0.3311 0.6052
vt 0.3523 0.6052
vt 0.3735 0.5986
vt 0.2883 0.6052
vt 0.3948 0.5986
vt 0.3948 0.6052
vt 0.3735 0.6052
vt 0.3523 0.6108
vt 0.3735 0.6108
vt 0.3948 0.6108
vt 0.4802 0.6108
vt 0.4802 0.6052
vt 0.5015 0.6108
vt 0.4590 0.6052
vt 0.4590 0.6108
vt 0.4375 0.6108
vt 0.4163 0.6108
vt 0.5439 0.6052
vt 0.5654 0.6052
vt 0.5439 0.6108
vt 0.5229 0.6108
vt 0.5229 0.6052
vt 0.5015 0.6052
vt 0.5654 0.5986
vt 0.5869 0.6052
vt 0.6079 0.6052
vt 0.6509 0.5986
vt 0.6294 0.5986
vt 0.6294 0.6052
vt 0.6079 0.6108
vt 0.5869 0.6108
vt 0.5654 0.6108
vt 0.6509 0.6052
vt 0.6509 0.6108
vt 0.6294 0.6108
vt 0.6719 0.6108
vt 0.6719 0.6052
vt 0.6934 0.6108
vt 0.7144 0.5986
vt 0.7144 0.6052
vt 0.7144 0.6108
vt 0.6934 0.6052
vt 0.6719 0.5986
vt 0.6934 0.5986
vt 0.7354 0.6108
vt 0.7568 0.6108
vt 0.7568 0.6052
vt 0.7778 0.6108
vt 0.0790 0.4727
vt 0.1201 0.5642
vt 0.1201 0.5750
vt 0.1409 0.5750
vt 0.1617 0.5750
vt 0.1827 0.5750
vt 0.2039 0.5750
vt 0.1827 0.5840
vt 0.1617 0.5840
vt 0.1409 0.5840
vt 0.1201 0.5840
vt 0.0995 0.5750
vt 0.1201 0.5916
vt 0.1409 0.5916
vt 0.1409 0.5986
vt 0.1617 0.5916
vt 0.1617 0.5986
vt 0.1201 0.6052
vt 0.1409 0.6052
vt 0.1617 0.6052
vt 0.1827 0.5986
vt 0.1827 0.6052
vt 0.2039 0.5986
vt 0.2039 0.6052
vt 0.2039 0.6108
vt 0.1827 0.6108
vt 0.1617 0.6108
vt 0.1409 0.6108
vt 0.1201 0.6108
vt 0.2250 0.6108
vt 0.2250 0.6052
vt 0.2461 0.6108
vt 0.2461 0.6052
vt 0.2671 0.6108
vt 0.2671 0.6052
vt 0.2883 0.6108
vt 0.2671 0.5986
vt 0.2461 0.5986
vt 0.2250 0.5986
vt 0.1827 0.5916
vt 0.2039 0.5916
vt 0.2250 0.5916
vt 0.2461 0.5916
vt 0.2671 0.5916
vt 0.2461 0.5840
vt 0.2250 0.5840
vt 0.2039 0.5840
vt 0.2883 0.5916
vt 0.2671 0.5840
vt 0.2461 0.5750
vt 0.2250 0.5750
vt 0.3096 0.6108
vt 0.3311 0.6108
vt 0.8613 0.5750
vt 0.8613 0.5642
vt 0.8818 0.5750
vt 0.8818 0.5642
vt 0.9023 0.5642
vt 0.9023 0.5513
vt 0.9224 0.5513
vt 0.9224 0.5366
vt 0.9224 0.5642
vt 0.9023 0.5750
vt 0.8818 0.5840
vt 0.6079 0.4727
vt 0.6294 0.4727
vt 0.6294 0.5366
vt 0.6079 0.5366
vt 0.5869 0.5366
vt 0.5869 0.4727
vt 0.6079 0.4575
vt 0.6294 0.4575
vt 0.6509 0.4727
vt 0.6509 0.5366
vt 0.6294 0.5513
vt 0.6509 0.5513
vt 0.6294 0.4429
vt 0.6509 0.4575
vt 0.6719 0.4727
vt 0.6719 0.5366
vt 0.6719 0.5513
vt 0.8818 0.5366
vt 0.9023 0.5366
vt 0.8818 0.5513
vt 0.8613 0.5366
vt 0.4351 0.2725
vt 0.4209 0.2725
vt 0.4351 0.1694
vt 0.4639 0.1582
vt 0.4639 0.1694
vt 0.4495 0.1582
vt 0.4495 0.1694
vt 0.4495 0.2725
vt 0.4495 0.2847
vt 0.4351 0.2847
vt 0.4209 0.2847
vt 0.4065 0.2725
vt 0.4639 0.2725
vt 0.4783 0.2725
vt 0.4639 0.2847
vt 0.4783 0.1694
vt 0.4924 0.2725
vt 0.4924 0.1694
vt 0.5068 0.1694
vt 0.5068 0.2725
vt 0.5210 0.1694
vt 0.5210 0.2725
vt 0.5356 0.1694
vt 0.5356 0.2725
vt 0.5356 0.1582
vt 0.5210 0.1582
vt 0.5068 0.1582
vt 0.4924 0.1582
vt 0.4783 0.1582
vt 0.5786 0.2725
vt 0.5933 0.2847
vt 0.5786 0.2847
vt 0.5645 0.2725
vt 0.5645 0.2847
vt 0.5498 0.2725
vt 0.5498 0.2847
vt 0.5498 0.1694
vt 0.5498 0.1582
vt 0.5645 0.1582
vt 0.5645 0.1694
vt 0.5786 0.1582
vt 0.5786 0.1694
vt 0.5933 0.1582
vt 0.5933 0.1694
vt 0.6079 0.1582
vt 0.6079 0.1694
vt 0.6221 0.1582
vt 0.6221 0.1694
vt 0.6079 0.2725
vt 0.6221 0.2725
vt 0.5933 0.2725
vt 0.6367 0.1582
vt 0.6367 0.1694
vt 0.6367 0.2725
vt 0.6221 0.2847
vt 0.6079 0.2847
vt 0.7090 0.2847
vt 0.6943 0.2847
vt 0.7090 0.2725
vt 0.6943 0.2725
vt 0.6802 0.2847
vt 0.6802 0.2725
vt 0.6655 0.2847
vt 0.6655 0.2725
vt 0.6655 0.1694
vt 0.6509 0.2725
vt 0.6509 0.1694
vt 0.6367 0.2847
vt 0.6509 0.2847
vt 0.7090 0.1582
vt 0.7090 0.1694
vt 0.6943 0.1582
vt 0.6943 0.1694
vt 0.6802 0.1582
vt 0.6802 0.1694
vt 0.6655 0.1582
vt 0.6509 0.1582
vt 0.0776 0.1577
vt 0.0921 0.1577
vt 0.0776 0.1685
vt 0.0632 0.1685
vt 0.0632 0.2720
vt 0.0487 0.1685
vt 0.0487 0.2720
vt 0.0343 0.2720
vt 0.0343 0.1685
vt 0.0198 0.2720
vt 0.0198 0.1685
vt 0.0054 0.1685
vt 0.0198 0.1577
vt 0.0054 0.1577
vt 0.0054 0.2720
vt 0.0632 0.1577
vt 0.0487 0.1577
vt 0.0343 0.1577
vt 0.0921 0.1685
vt 0.0776 0.2720
vt 0.0776 0.2837
vt 0.0632 0.2837
vt 0.0487 0.2837
vt 0.0343 0.2837
vt 0.0198 0.2837
vt 0.0054 0.2837
vt 0.1499 0.2837
vt 0.1354 0.2837
vt 0.1499 0.2720
vt 0.1354 0.2720
vt 0.1354 0.1685
vt 0.1210 0.2720
vt 0.1210 0.1685
vt 0.1066 0.2720
vt 0.1066 0.1685
vt 0.0921 0.2720
vt 0.0921 0.2837
vt 0.1066 0.2837
vt 0.1210 0.2837
vt 0.1499 0.1685
vt 0.1643 0.1685
vt 0.1499 0.1577
vt 0.1354 0.1577
vt 0.1210 0.1577
vt 0.1066 0.1577
vt 0.2074 0.2837
vt 0.2074 0.2720
vt 0.2218 0.2837
vt 0.1931 0.2720
vt 0.1931 0.2837
vt 0.1787 0.2720
vt 0.1787 0.2837
vt 0.1643 0.2837
vt 0.1643 0.2720
vt 0.2362 0.1685
vt 0.2505 0.1685
vt 0.2362 0.2720
vt 0.2218 0.2720
vt 0.2218 0.1685
vt 0.2074 0.1685
vt 0.1931 0.1685
vt 0.1787 0.1685
vt 0.1643 0.1577
vt 0.1787 0.1577
vt 0.1931 0.1577
vt 0.2074 0.1577
vt 0.2218 0.1577
vt 0.2362 0.1577
vt 0.2505 0.1577
vt 0.2649 0.1577
vt 0.2649 0.1685
vt 0.2791 0.1685
vt 0.2649 0.2720
vt 0.2505 0.2720
vt 0.2935 0.2720
vt 0.2791 0.2720
vt 0.2649 0.2837
vt 0.2505 0.2837
vt 0.2362 0.2837
vt 0.2791 0.2837
vt 0.2935 0.2837
vt 0.3079 0.2720
vt 0.3079 0.1685
vt 0.3220 0.2720
vt 0.3220 0.1685
vt 0.3362 0.1685
vt 0.3362 0.2720
vt 0.3503 0.1685
vt 0.3503 0.2720
vt 0.3362 0.2837
vt 0.3503 0.2837
vt 0.3079 0.2837
vt 0.3220 0.2837
vt 0.3503 0.1577
vt 0.3362 0.1577
vt 0.3220 0.1577
vt 0.3079 0.1577
vt 0.2935 0.1577
vt 0.2935 0.1685
vt 0.2791 0.1577
vt 0.1792 0.1494
vt 0.1792 0.1372
vt 0.1945 0.1494
vt 0.1792 0.0767
vt 0.1637 0.0767
vt 0.1637 0.1372
vt 0.1637 0.1494
vt 0.1481 0.1372
vt 0.1481 0.1494
vt 0.1324 0.1372
vt 0.1324 0.1494
vt 0.1167 0.1372
vt 0.1167 0.1494
vt 0.1010 0.0767
vt 0.0851 0.1372
vt 0.0851 0.0767
vt 0.1010 0.1372
vt 0.1167 0.0767
vt 0.1324 0.0767
vt 0.1481 0.0767
vt 0.1637 0.0166
vt 0.1792 0.0166
vt 0.1481 0.0166
vt 0.1324 0.0166
vt 0.1167 0.0166
vt 0.1010 0.0166
vt 0.0851 0.0166
vt 0.0693 0.0166
vt 0.1167 0.0054
vt 0.1010 0.0054
vt 0.1324 0.0054
vt 0.1481 0.0054
vt 0.1637 0.0054
vt 0.1792 0.0054
vt 0.1945 0.0054
vt 0.2544 0.0166
vt 0.2395 0.0166
vt 0.2395 0.0054
vt 0.2245 0.0054
vt 0.2245 0.0166
vt 0.2095 0.0054
vt 0.2095 0.0166
vt 0.1945 0.0166
vt 0.2095 0.0767
vt 0.2245 0.0767
vt 0.2395 0.0767
vt 0.2544 0.0767
vt 0.2693 0.0767
vt 0.2693 0.0166
vt 0.2839 0.0767
vt 0.2839 0.1372
vt 0.2988 0.1372
vt 0.2693 0.1372
vt 0.2544 0.1372
vt 0.2395 0.1372
vt 0.2245 0.1372
vt 0.2095 0.1372
vt 0.1945 0.1372
vt 0.1945 0.0767
vt 0.2245 0.1494
vt 0.2095 0.1494
vt 0.2988 0.1494
vt 0.3137 0.1494
vt 0.2839 0.1494
vt 0.2693 0.1494
vt 0.2544 0.1494
vt 0.2395 0.1494
vt 0.5654 0.0762
vt 0.5503 0.0762
vt 0.5654 0.0161
vt 0.5654 0.1367
vt 0.5811 0.0762
vt 0.5811 0.0161
vt 0.5654 0.0054
vt 0.5811 0.0054
vt 0.5967 0.0161
vt 0.5967 0.0054
vt 0.6123 0.0161
vt 0.6123 0.0054
vt 0.6279 0.0161
vt 0.6279 0.0762
vt 0.6123 0.0762
vt 0.5967 0.0762
vt 0.5811 0.1367
vt 0.5654 0.1489
vt 0.5503 0.1367
vt 0.6436 0.1489
vt 0.6436 0.1367
vt 0.6597 0.1489
vt 0.6279 0.1489
vt 0.6279 0.1367
vt 0.6436 0.0762
vt 0.6123 0.1367
vt 0.5967 0.1367
vt 0.5811 0.1489
vt 0.5967 0.1489
vt 0.6123 0.1489
vt 0.5503 0.1489
vt 0.5352 0.1367
vt 0.5352 0.1489
vt 0.5200 0.1367
vt 0.5200 0.1489
vt 0.5054 0.1367
vt 0.5054 0.1489
vt 0.4905 0.1367
vt 0.4905 0.1489
vt 0.4756 0.1367
vt 0.4756 0.0161
vt 0.4905 0.0161
vt 0.4756 0.0762
vt 0.4905 0.0762
vt 0.5054 0.0762
vt 0.5200 0.0762
vt 0.5352 0.0762
vt 0.5503 0.0054
vt 0.5503 0.0161
vt 0.5352 0.0161
vt 0.5200 0.0161
vt 0.5054 0.0161
vt 0.5352 0.0054
vt 0.5200 0.0054
vt 0.5054 0.0054
vt 0.4905 0.0054
vt 0.4756 0.0054
vt 0.4165 0.0161
vt 0.4016 0.0054
vt 0.4165 0.0054
vt 0.4312 0.0161
vt 0.4312 0.0054
vt 0.4460 0.0161
vt 0.4460 0.0054
vt 0.4607 0.0054
vt 0.4607 0.0161
vt 0.4016 0.0762
vt 0.4165 0.0762
vt 0.4016 0.1367
vt 0.4016 0.0161
vt 0.4312 0.0762
vt 0.4460 0.0762
vt 0.4607 0.0762
vt 0.4607 0.1367
vt 0.4460 0.1367
vt 0.4312 0.1367
vt 0.4165 0.1367
vt 0.4756 0.1489
vt 0.4607 0.1489
vt 0.4460 0.1489
vt 0.4312 0.1489
vt 0.4165 0.1489
vt 0.4016 0.1489
vt 0.3865 0.1489
vt 0.3865 0.1367
vt 0.3865 0.0762
vt 0.3865 0.0161
vt 0.3865 0.0054
vt 0.5474 0.8881
vt 0.5674 0.8881
vt 0.5674 0.9679
vt 0.5474 0.9679
vt 0.5273 0.8881
vt 0.5273 0.9679
vt 0.5073 0.9679
vt 0.5073 0.8881
vt 0.4875 0.8881
vt 0.4875 0.9679
vt 0.4678 0.8881
vt 0.4678 0.9679
vt 0.4478 0.9679
vt 0.4478 0.8881
vt 0.4280 0.8881
vt 0.4280 0.9679
vt 0.4080 0.9679
vt 0.4080 0.8881
vt 0.3882 0.9679
vt 0.3882 0.8881
vt 0.3682 0.9679
vt 0.3682 0.8881
vt 0.3484 0.9679
vt 0.3484 0.8881
vt 0.3284 0.8881
vt 0.3284 0.9679
vt 0.3086 0.8881
vt 0.3086 0.9679
vt 0.2886 0.8881
vt 0.2886 0.9679
vt 0.2688 0.8881
vt 0.2688 0.9679
vt 0.2489 0.9679
vt 0.2489 0.8881
vt 0.2290 0.8881
vt 0.2290 0.9679
vt 0.2091 0.9679
vt 0.2091 0.8881
vt 0.1892 0.8881
vt 0.1892 0.9679
vt 0.1693 0.8881
vt 0.1693 0.9679
vt 0.1494 0.9679
vt 0.1494 0.8881
vt 0.1295 0.9679
vt 0.1295 0.8881
vt 0.1097 0.8881
vt 0.1097 0.9679
vt 0.0898 0.9679
vt 0.0898 0.8881
vt 0.0699 0.9679
vt 0.0699 0.8881
vt 0.0500 0.9679
vt 0.0500 0.8881
vt 0.0301 0.9679
vt 0.0301 0.8881
vt 0.6665 0.8881
vt 0.6665 0.9679
vt 0.6470 0.8881
vt 0.6470 0.9679
vt 0.6270 0.9679
vt 0.6270 0.8881
vt 0.6069 0.9679
vt 0.6069 0.8881
vt 0.5869 0.8881
vt 0.5869 0.9679
vt 0.4146 0.7002
vt 0.4045 0.6982
vt 0.4150 0.6982
vt 0.4048 0.6963
vt 0.3943 0.6963
vt 0.3906 0.6599
vt 0.4084 0.6597
vt 0.4258 0.6631
vt 0.4248 0.7024
vt 0.4238 0.7041
vt 0.4165 0.7183
vt 0.4324 0.7097
vt 0.4336 0.7083
vt 0.4094 0.6497
vt 0.4287 0.6536
vt 0.4421 0.6699
vt 0.4568 0.6797
vt 0.4409 0.7156
vt 0.4395 0.7168
vt 0.4631 0.6719
vt 0.4468 0.6611
vt 0.4692 0.6921
vt 0.4771 0.6858
vt 0.4688 0.6650
vt 0.4509 0.6533
vt 0.4312 0.6450
vt 0.4102 0.6409
vt 0.3887 0.6411
vt 0.3896 0.6499
vt 0.3677 0.6453
vt 0.3704 0.6536
vt 0.3481 0.6536
vt 0.3840 0.6985
vt 0.3945 0.6982
vt 0.3845 0.7002
vt 0.3743 0.7024
vt 0.3569 0.6702
vt 0.3733 0.6633
vt 0.3752 0.7041
vt 0.3828 0.7183
vt 0.9224 0.3955
vt 0.9023 0.3892
vt 0.9224 0.3892
vt 0.9419 0.3892
vt 0.9419 0.3955
vt 0.9023 0.3955
vt 0.8818 0.3892
vt 0.9023 0.4023
vt 0.0216 0.0166
vt 0.0375 0.0166
vt 0.0375 0.0767
vt 0.0216 0.0767
vt 0.0216 0.1372
vt 0.0375 0.1372
vt 0.0534 0.0767
vt 0.0534 0.1372
vt 0.0693 0.0767
vt 0.0693 0.1372
vt 0.0375 0.1494
vt 0.0216 0.1494
vt 0.0056 0.1494
vt 0.0056 0.1372
vt 0.0056 0.0767
vt 0.0056 0.0166
vt 0.0056 0.0054
vt 0.0216 0.0054
vt 0.0375 0.0054
vt 0.0534 0.0166
vt 0.0534 0.0054
vt 0.0693 0.0054
vt 0.0851 0.0054
vt 0.3638 0.1694
vt 0.3638 0.1582
vt 0.3779 0.1582
vt 0.3779 0.1694
vt 0.3638 0.2725
vt 0.3779 0.2725
vt 0.3921 0.2725
vt 0.3921 0.1694
vt 0.4065 0.1694
vt 0.4209 0.1694
vt 0.4351 0.1582
vt 0.3921 0.1582
vt 0.4065 0.1582
vt 0.4209 0.1582
vt 0.3484 0.7341
vt 0.3523 0.7244
vt 0.7388 0.0762
vt 0.7231 0.0762
vt 0.7388 0.0161
vt 0.7388 0.1367
vt 0.7231 0.1367
vt 0.7070 0.0762
vt 0.7070 0.1367
vt 0.6914 0.0762
vt 0.6914 0.1367
vt 0.6753 0.0762
vt 0.6753 0.1367
vt 0.6597 0.0762
vt 0.6597 0.1367
vt 0.7549 0.0762
vt 0.7549 0.1367
vt 0.7549 0.1489
vt 0.7388 0.1489
vt 0.7231 0.1489
vt 0.7070 0.1489
vt 0.6914 0.1489
vt 0.6753 0.1489
vt 0.6436 0.0161
vt 0.6279 0.0054
vt 0.6436 0.0054
vt 0.6597 0.0161
vt 0.6597 0.0054
vt 0.6753 0.0161
vt 0.6753 0.0054
vt 0.6914 0.0161
vt 0.6914 0.0054
vt 0.7070 0.0161
vt 0.7231 0.0161
vt 0.7070 0.0054
vt 0.7231 0.0054
vt 0.7388 0.0054
vt 0.7549 0.0054
vt 0.7549 0.0161
vt 0.5356 0.2847
vt 0.5210 0.2847
vt 0.5068 0.2847
vt 0.4924 0.2847
vt 0.4783 0.2847
vt 0.0724 0.6123
vt 0.0682 0.6067
vt 0.0820 0.5974
vt 0.0606 0.6228
vt 0.0556 0.6177
vt 0.0446 0.6304
vt 0.0502 0.6345
vt 0.0354 0.6443
vt 0.0414 0.6477
vt 0.0280 0.6592
vt 0.0345 0.6619
vt 0.0226 0.6750
vt 0.0294 0.6768
vt 0.0194 0.6914
vt 0.0264 0.6921
vt 0.0183 0.7080
vt 0.0253 0.7080
vt 0.0264 0.7236
vt 0.0194 0.7246
vt 0.0294 0.7393
vt 0.0226 0.7410
vt 0.0345 0.7540
vt 0.0280 0.7567
vt 0.0414 0.7682
vt 0.0354 0.7716
vt 0.0502 0.7812
vt 0.0446 0.7855
vt 0.0606 0.7931
vt 0.0556 0.7981
vt 0.0682 0.8091
vt 0.0724 0.8035
vt 0.0820 0.8184
vt 0.0856 0.8123
vt 0.0970 0.8257
vt 0.0997 0.8192
vt 0.1128 0.8311
vt 0.1146 0.8243
vt 0.1292 0.8344
vt 0.1300 0.8274
vt 0.1512 0.8354
vt 0.1458 0.8284
vt 0.1615 0.8274
vt 0.1625 0.8344
vt 0.1770 0.8243
vt 0.1788 0.8311
vt 0.1919 0.8192
vt 0.1946 0.8257
vt 0.2061 0.8123
vt 0.2096 0.8184
vt 0.2191 0.8035
vt 0.2234 0.8091
vt 0.2310 0.7931
vt 0.2360 0.7981
vt 0.2469 0.7855
vt 0.2415 0.7812
vt 0.2561 0.7716
vt 0.2500 0.7682
vt 0.2637 0.7567
vt 0.2571 0.7540
vt 0.2690 0.7410
vt 0.2622 0.7393
vt 0.2722 0.7246
vt 0.2651 0.7236
vt 0.2732 0.7080
vt 0.2661 0.7080
vt 0.2651 0.6921
vt 0.2722 0.6914
vt 0.2622 0.6768
vt 0.2690 0.6750
vt 0.2571 0.6619
vt 0.2637 0.6592
vt 0.2500 0.6477
vt 0.2561 0.6443
vt 0.2415 0.6345
vt 0.2469 0.6304
vt 0.2310 0.6228
vt 0.2360 0.6177
vt 0.2234 0.6067
vt 0.2191 0.6123
vt 0.2096 0.5974
vt 0.2061 0.6035
vt 0.1946 0.5901
vt 0.1919 0.5967
vt 0.1788 0.5847
vt 0.1770 0.5916
vt 0.1625 0.5815
vt 0.1615 0.5884
vt 0.1458 0.5803
vt 0.1458 0.5874
vt 0.1300 0.5884
vt 0.1292 0.5815
vt 0.1146 0.5916
vt 0.1128 0.5847
vt 0.0997 0.5967
vt 0.0970 0.5901
vt 0.0856 0.6035
vt 0.3584 0.0767
vt 0.3433 0.0767
vt 0.3584 0.0166
vt 0.3584 0.1372
vt 0.3433 0.1372
vt 0.3284 0.0767
vt 0.3284 0.1372
vt 0.3137 0.0767
vt 0.3137 0.1372
vt 0.2988 0.0767
vt 0.3735 0.1372
vt 0.3735 0.1494
vt 0.3584 0.1494
vt 0.3433 0.1494
vt 0.3284 0.1494
vt 0.1010 0.1494
vt 0.0851 0.1494
vt 0.0693 0.1494
vt 0.0534 0.1494
vt 0.2839 0.0166
vt 0.2988 0.0166
vt 0.3137 0.0166
vt 0.3284 0.0166
vt 0.3433 0.0166
vt 0.3735 0.0767
vt 0.3735 0.0166
vt 0.3735 0.0054
vt 0.3584 0.0054
vt 0.3433 0.0054
vt 0.3284 0.0054
vt 0.3137 0.0054
vt 0.2988 0.0054
vt 0.2839 0.0054
vt 0.2693 0.0054
vt 0.2544 0.0054
vt 0.3906 0.7793
vt 0.3967 0.7805
vt 0.4031 0.7827
vt 0.4033 0.7850
vt 0.4094 0.7815
vt 0.4087 0.7793
vt 0.4028 0.7805
vt 0.3770 0.7222
vt 0.3669 0.7097
vt 0.7422 0.3877
vt 0.7466 0.3999
vt 0.7310 0.3906
vt 0.7280 0.3765
vt 0.7397 0.3750
vt 0.7271 0.3623
vt 0.7388 0.3623
vt 0.7397 0.3491
vt 0.7280 0.3477
vt 0.7422 0.3364
vt 0.7310 0.3335
vt 0.7466 0.3242
vt 0.7354 0.3198
vt 0.7520 0.3130
vt 0.7417 0.3071
vt 0.7593 0.3022
vt 0.7500 0.2949
vt 0.7676 0.2925
vt 0.7593 0.2842
vt 0.7705 0.2744
vt 0.7773 0.2837
vt 0.7822 0.2666
vt 0.7881 0.2769
vt 0.7954 0.2603
vt 0.7998 0.2710
vt 0.8091 0.2554
vt 0.8120 0.2666
vt 0.8232 0.2524
vt 0.8247 0.2642
vt 0.8374 0.2515
vt 0.8374 0.2632
vt 0.8506 0.2642
vt 0.8521 0.2524
vt 0.8633 0.2666
vt 0.8662 0.2554
vt 0.8755 0.2710
vt 0.8799 0.2603
vt 0.8872 0.2769
vt 0.8931 0.2666
vt 0.8979 0.2837
vt 0.9048 0.2744
vt 0.9077 0.2925
vt 0.9160 0.2842
vt 0.9253 0.2949
vt 0.9160 0.3022
vt 0.9336 0.3066
vt 0.9233 0.3130
vt 0.9399 0.3198
vt 0.9287 0.3242
vt 0.9443 0.3335
vt 0.9331 0.3364
vt 0.9473 0.3477
vt 0.9355 0.3491
vt 0.9482 0.3623
vt 0.9365 0.3623
vt 0.9355 0.3750
vt 0.9473 0.3765
vt 0.9331 0.3877
vt 0.9443 0.3906
vt 0.9287 0.3999
vt 0.9399 0.4043
vt 0.9233 0.4116
vt 0.9336 0.4175
vt 0.9160 0.4224
vt 0.9253 0.4292
vt 0.9077 0.4321
vt 0.9160 0.4404
vt 0.9048 0.4497
vt 0.8979 0.4404
vt 0.8931 0.4580
vt 0.8872 0.4478
vt 0.8799 0.4644
vt 0.8755 0.4531
vt 0.8662 0.4688
vt 0.8633 0.4575
vt 0.8521 0.4717
vt 0.8506 0.4600
vt 0.8379 0.4727
vt 0.8379 0.4609
vt 0.8247 0.4600
vt 0.8232 0.4717
vt 0.8120 0.4575
vt 0.8091 0.4688
vt 0.7998 0.4531
vt 0.7954 0.4644
vt 0.7881 0.4478
vt 0.7822 0.4580
vt 0.7773 0.4404
vt 0.7705 0.4497
vt 0.7676 0.4321
vt 0.7593 0.4404
vt 0.7500 0.4292
vt 0.7593 0.4224
vt 0.7417 0.4175
vt 0.7520 0.4116
vt 0.7354 0.4043
vt 0.4065 0.2847
vt 0.3921 0.2847
vt 0.3779 0.2847
vt 0.3638 0.2847
vt 0.1903 0.3145
vt 0.2035 0.3232
vt 0.1841 0.3252
vt 0.1760 0.3071
vt 0.1713 0.3188
vt 0.1610 0.3022
vt 0.1577 0.3140
vt 0.1454 0.2988
vt 0.1438 0.3115
vt 0.1295 0.3105
vt 0.1295 0.2979
vt 0.1136 0.2988
vt 0.1153 0.3115
vt 0.1013 0.3140
vt 0.0980 0.3022
vt 0.0829 0.3071
vt 0.0877 0.3188
vt 0.0687 0.3145
vt 0.0750 0.3252
vt 0.0630 0.3330
vt 0.0555 0.3232
vt 0.0435 0.3335
vt 0.0523 0.3423
vt 0.0429 0.3530
vt 0.0331 0.3457
vt 0.0350 0.3647
vt 0.0242 0.3589
vt 0.0172 0.3730
vt 0.0287 0.3779
vt 0.0241 0.3911
vt 0.0121 0.3882
vt 0.0213 0.4053
vt 0.0090 0.4038
vt 0.0079 0.4194
vt 0.0204 0.4194
vt 0.0213 0.4336
vt 0.0090 0.4355
vt 0.0121 0.4512
vt 0.0241 0.4478
vt 0.0172 0.4663
vt 0.0287 0.4614
vt 0.0350 0.4741
vt 0.0242 0.4805
vt 0.0331 0.4937
vt 0.0429 0.4858
vt 0.0435 0.5054
vt 0.0523 0.4966
vt 0.0630 0.5061
vt 0.0555 0.5159
vt 0.0687 0.5247
vt 0.0750 0.5139
vt 0.0877 0.5203
vt 0.0830 0.5317
vt 0.1013 0.5249
vt 0.0980 0.5369
vt 0.1136 0.5400
vt 0.1153 0.5276
vt 0.1295 0.5286
vt 0.1295 0.5410
vt 0.1454 0.5400
vt 0.1438 0.5276
vt 0.1577 0.5249
vt 0.1610 0.5369
vt 0.1713 0.5203
vt 0.1760 0.5317
vt 0.1841 0.5139
vt 0.1903 0.5247
vt 0.2035 0.5159
vt 0.1959 0.5061
vt 0.2155 0.5054
vt 0.2067 0.4966
vt 0.2162 0.4858
vt 0.2260 0.4937
vt 0.2349 0.4805
vt 0.2241 0.4741
vt 0.2418 0.4663
vt 0.2303 0.4614
vt 0.2350 0.4478
vt 0.2469 0.4512
vt 0.2500 0.4355
vt 0.2378 0.4336
vt 0.2386 0.4194
vt 0.2510 0.4194
vt 0.2500 0.4038
vt 0.2378 0.4053
vt 0.2350 0.3911
vt 0.2469 0.3882
vt 0.2418 0.3730
vt 0.2303 0.3779
vt 0.2349 0.3589
vt 0.2240 0.3647
vt 0.2161 0.3530
vt 0.2260 0.3457
vt 0.2155 0.3335
vt 0.2067 0.3423
vt 0.1959 0.3330
vt 0.8408 0.6108
vt 0.8198 0.6108
vt 0.7988 0.6108
vt 0.8354 0.0112
vt 0.8320 0.0347
vt 0.8223 0.0176
vt 0.8218 0.0415
vt 0.8096 0.0259
vt 0.8125 0.0493
vt 0.7988 0.0356
vt 0.7891 0.0469
vt 0.8047 0.0586
vt 0.7808 0.0591
vt 0.7979 0.0688
vt 0.7739 0.0723
vt 0.7925 0.0801
vt 0.7695 0.0864
vt 0.7881 0.0913
vt 0.7666 0.1011
vt 0.7861 0.1035
vt 0.7656 0.1157
vt 0.7852 0.1157
vt 0.7861 0.1279
vt 0.7666 0.1304
vt 0.7886 0.1396
vt 0.7695 0.1450
vt 0.7925 0.1514
vt 0.7739 0.1592
vt 0.7979 0.1626
vt 0.7808 0.1724
vt 0.8047 0.1724
vt 0.7891 0.1846
vt 0.8125 0.1816
vt 0.7988 0.1958
vt 0.8101 0.2056
vt 0.8218 0.1899
vt 0.8223 0.2139
vt 0.8320 0.1968
vt 0.8354 0.2202
vt 0.8428 0.2021
vt 0.8496 0.2246
vt 0.8545 0.2061
vt 0.8643 0.2275
vt 0.8667 0.2080
vt 0.8789 0.2285
vt 0.8789 0.2090
vt 0.8911 0.2080
vt 0.8936 0.2275
vt 0.9033 0.2056
vt 0.9082 0.2246
vt 0.9146 0.2017
vt 0.9224 0.2197
vt 0.9258 0.1963
vt 0.9355 0.2134
vt 0.9360 0.1895
vt 0.9478 0.2051
vt 0.9448 0.1812
vt 0.9590 0.1953
vt 0.9688 0.1841
vt 0.9531 0.1719
vt 0.9771 0.1719
vt 0.9600 0.1616
vt 0.9834 0.1582
vt 0.9653 0.1509
vt 0.9883 0.1445
vt 0.9692 0.1392
vt 0.9912 0.1299
vt 0.9717 0.1274
vt 0.9922 0.1152
vt 0.9727 0.1152
vt 0.9717 0.1030
vt 0.9912 0.1001
vt 0.9692 0.0908
vt 0.9883 0.0859
vt 0.9653 0.0791
vt 0.9834 0.0718
vt 0.9600 0.0684
vt 0.9771 0.0586
vt 0.9531 0.0581
vt 0.9688 0.0464
vt 0.9448 0.0488
vt 0.9590 0.0352
vt 0.9478 0.0254
vt 0.9360 0.0410
vt 0.9355 0.0171
vt 0.9258 0.0342
vt 0.9219 0.0107
vt 0.9146 0.0288
vt 0.9082 0.0059
vt 0.9028 0.0249
vt 0.8936 0.0029
vt 0.8911 0.0225
vt 0.8789 0.0024
vt 0.8789 0.0220
vt 0.8667 0.0229
vt 0.8638 0.0034
vt 0.8545 0.0254
vt 0.8496 0.0063
vt 0.8428 0.0293
vt 0.4924 0.4761
vt 0.4739 0.4819
vt 0.4817 0.4697
vt 0.4883 0.4570
vt 0.4995 0.4619
vt 0.4929 0.4434
vt 0.5044 0.4468
vt 0.5078 0.4307
vt 0.4956 0.4292
vt 0.4966 0.4150
vt 0.5088 0.4150
vt 0.5078 0.3989
vt 0.4956 0.4004
vt 0.4929 0.3862
vt 0.5044 0.3833
vt 0.4995 0.3682
vt 0.4883 0.3730
vt 0.4817 0.3599
vt 0.4924 0.3535
vt 0.4739 0.3481
vt 0.4836 0.3403
vt 0.4729 0.3286
vt 0.4644 0.3374
vt 0.4534 0.3276
vt 0.4609 0.3179
vt 0.4414 0.3198
vt 0.4475 0.3091
vt 0.4331 0.3022
vt 0.4285 0.3135
vt 0.4180 0.2969
vt 0.4148 0.3091
vt 0.4023 0.2939
vt 0.4006 0.3062
vt 0.3862 0.3052
vt 0.3862 0.2930
vt 0.3704 0.2939
vt 0.3721 0.3062
vt 0.3579 0.3091
vt 0.3547 0.2974
vt 0.3396 0.3027
vt 0.3442 0.3140
vt 0.3252 0.3096
vt 0.3313 0.3203
vt 0.3193 0.3281
vt 0.3120 0.3184
vt 0.2998 0.3291
vt 0.3086 0.3379
vt 0.2991 0.3486
vt 0.2893 0.3413
vt 0.2910 0.3604
vt 0.2805 0.3545
vt 0.2734 0.3687
vt 0.2847 0.3735
vt 0.2800 0.3872
vt 0.2683 0.3838
vt 0.2773 0.4014
vt 0.2651 0.3994
vt 0.2639 0.4155
vt 0.2764 0.4155
vt 0.2773 0.4302
vt 0.2651 0.4316
vt 0.2683 0.4473
vt 0.2800 0.4438
vt 0.2734 0.4624
vt 0.2847 0.4575
vt 0.2913 0.4707
vt 0.2805 0.4766
vt 0.2893 0.4902
vt 0.2991 0.4824
vt 0.3000 0.5020
vt 0.3086 0.4932
vt 0.3196 0.5027
vt 0.3120 0.5125
vt 0.3254 0.5212
vt 0.3315 0.5105
vt 0.3445 0.5168
vt 0.3398 0.5283
vt 0.3582 0.5215
vt 0.3550 0.5334
vt 0.3706 0.5364
vt 0.3723 0.5242
vt 0.3865 0.5251
vt 0.3867 0.5374
vt 0.4026 0.5364
vt 0.4009 0.5239
vt 0.4150 0.5212
vt 0.4182 0.5330
vt 0.4287 0.5166
vt 0.4333 0.5278
vt 0.4417 0.5100
vt 0.4478 0.5208
vt 0.4609 0.5120
vt 0.4536 0.5022
vt 0.4731 0.5012
vt 0.4644 0.4927
vt 0.4836 0.4893
vt 0.7700 0.6450
vt 0.7651 0.6401
vt 0.7778 0.6292
vt 0.7822 0.6345
vt 0.7920 0.6196
vt 0.7954 0.6257
vt 0.8066 0.6123
vt 0.8096 0.6187
vt 0.8228 0.6069
vt 0.8247 0.6135
vt 0.8394 0.6035
vt 0.8398 0.6104
vt 0.8560 0.6023
vt 0.8560 0.6094
vt 0.8716 0.6104
vt 0.8726 0.6033
vt 0.8872 0.6133
vt 0.8892 0.6064
vt 0.9023 0.6184
vt 0.9048 0.6118
vt 0.9165 0.6252
vt 0.9199 0.6191
vt 0.9297 0.6340
vt 0.9341 0.6284
vt 0.9419 0.6445
vt 0.9468 0.6394
vt 0.9580 0.6521
vt 0.9521 0.6562
vt 0.9673 0.6660
vt 0.9609 0.6694
vt 0.9746 0.6812
vt 0.9683 0.6838
vt 0.9800 0.6970
vt 0.9731 0.6987
vt 0.9834 0.7134
vt 0.9766 0.7144
vt 0.9844 0.7302
vt 0.9775 0.7302
vt 0.9766 0.7461
vt 0.9834 0.7468
vt 0.9731 0.7615
vt 0.9800 0.7633
vt 0.9683 0.7765
vt 0.9746 0.7792
vt 0.9609 0.7906
vt 0.9673 0.7942
vt 0.9521 0.8038
vt 0.9580 0.8081
vt 0.9419 0.8158
vt 0.9468 0.8208
vt 0.9341 0.8318
vt 0.9302 0.8263
vt 0.9204 0.8412
vt 0.9170 0.8351
vt 0.9053 0.8486
vt 0.9023 0.8422
vt 0.8896 0.8540
vt 0.8877 0.8473
vt 0.8730 0.8574
vt 0.8721 0.8505
vt 0.8564 0.8585
vt 0.8564 0.8516
vt 0.8403 0.8506
vt 0.8394 0.8575
vt 0.8247 0.8477
vt 0.8232 0.8544
vt 0.8096 0.8425
vt 0.8071 0.8490
vt 0.7954 0.8356
vt 0.7920 0.8417
vt 0.7822 0.8269
vt 0.7783 0.8324
vt 0.7705 0.8164
vt 0.7656 0.8214
vt 0.7544 0.8088
vt 0.7598 0.8046
vt 0.7451 0.7948
vt 0.7510 0.7914
vt 0.7378 0.7798
vt 0.7441 0.7771
vt 0.7319 0.7639
vt 0.7388 0.7621
vt 0.7290 0.7476
vt 0.7358 0.7466
vt 0.7275 0.7307
vt 0.7349 0.7307
vt 0.7358 0.7148
vt 0.7290 0.7141
vt 0.7388 0.6995
vt 0.7319 0.6975
vt 0.7441 0.6843
vt 0.7373 0.6816
vt 0.7510 0.6702
vt 0.7451 0.6667
vt 0.7598 0.6570
vt 0.7544 0.6528
vt 0.0590 0.4102
vt 0.0393 0.4189
vt 0.0204 0.4297
vt 0.0020 0.4429
vn -0.0077 0.0667 0.9977
vn 0.0399 0.0151 0.9991
vn 0.0298 0.0304 0.9991
vn 0.0104 -0.0105 0.9999
vn 0.0077 -0.0007 1.0000
vn 0.0085 0.0005 1.0000
vn 0.0058 0.0212 0.9998
vn -0.3525 -0.0135 0.9357
vn -0.3539 -0.0173 0.9351
vn -0.3398 -0.0456 0.9394
vn -0.5574 -0.0548 0.8285
vn -0.6029 -0.0863 0.7931
vn -0.6146 -0.0759 0.7852
vn -0.5902 -0.0656 0.8046
vn -0.5895 -0.0675 0.8050
vn -0.8005 -0.2440 0.5474
vn -0.7997 -0.2458 0.5478
vn -0.2770 -0.0676 0.9585
vn -0.2837 -0.0867 0.9550
vn -0.8130 -0.0809 0.5766
vn -0.8130 0.0809 0.5766
vn 0.0000 -0.0000 1.0000
vn -0.2914 -0.0290 0.9562
vn -0.8004 -0.0796 0.5942
vn -0.7699 -0.2328 0.5942
vn -0.2803 -0.0847 0.9562
vn -0.7820 -0.2364 0.5766
vn -0.7202 -0.3858 0.5766
vn -0.6320 -0.5177 0.5766
vn -0.2581 -0.1383 0.9562
vn -0.5177 -0.6320 0.5766
vn -0.3858 -0.7202 0.5766
vn -0.2364 -0.7820 0.5766
vn -0.2364 -0.7820 0.5767
vn -0.0809 -0.8130 0.5766
vn -0.0809 -0.8130 0.5767
vn 0.0809 -0.8130 0.5766
vn -0.2266 -0.1856 0.9562
vn -0.1856 -0.2266 0.9562
vn -0.6223 -0.5097 0.5942
vn -0.6222 -0.5097 0.5942
vn -0.2478 -0.2030 0.9473
vn -0.2030 -0.2478 0.9473
vn -0.0290 -0.2914 0.9562
vn -0.0796 -0.8004 0.5942
vn -0.2328 -0.7699 0.5942
vn -0.0927 -0.3066 0.9473
vn -0.1513 -0.2824 0.9473
vn -0.3302 -0.4032 0.8535
vn -0.4031 -0.3302 0.8535
vn -0.1508 -0.4988 0.8535
vn -0.2461 -0.4594 0.8535
vn 0.2461 0.4594 0.8535
vn 0.1508 0.4988 0.8535
vn -0.4032 -0.3302 0.8535
vn 0.4032 0.3302 0.8535
vn 0.3302 0.4032 0.8535
vn 0.0516 0.5186 0.8535
vn -0.0516 0.5186 0.8535
vn -0.2461 0.4594 0.8535
vn -0.3302 0.4032 0.8535
vn -0.4032 0.3302 0.8535
vn -0.4593 0.2461 0.8535
vn 0.3302 -0.4031 0.8535
vn 0.2461 -0.4594 0.8535
vn 0.3302 -0.4032 0.8535
vn 0.4031 -0.3302 0.8535
vn 0.4032 -0.3302 0.8535
vn 0.4594 -0.2461 0.8535
vn -0.4594 0.2461 0.8535
vn -0.4988 0.1508 0.8535
vn -0.5186 0.0516 0.8535
vn 0.4988 -0.1508 0.8535
vn 0.5186 -0.0516 0.8535
vn -0.5186 -0.0516 0.8535
vn 0.5186 0.0516 0.8535
vn 0.3187 0.0317 0.9473
vn -0.4988 -0.1508 0.8535
vn 0.4988 0.1508 0.8535
vn 0.3066 0.0927 0.9473
vn 0.7699 0.2328 0.5942
vn 0.2803 0.0847 0.9562
vn 0.2478 0.2030 0.9473
vn 0.2824 0.1513 0.9473
vn 0.7090 0.3798 0.5942
vn -0.4593 -0.2461 0.8535
vn -0.4594 -0.2461 0.8535
vn 0.4594 0.2461 0.8535
vn 0.4031 0.3302 0.8535
vn -0.3302 -0.4031 0.8535
vn -0.0516 -0.5186 0.8535
vn 0.3302 0.4031 0.8535
vn 0.2030 0.2478 0.9473
vn 0.1513 0.2824 0.9473
vn 0.0516 -0.5186 0.8535
vn 0.0317 0.3188 0.9473
vn 0.0927 0.3066 0.9473
vn 0.3798 0.7090 0.5942
vn 0.1383 0.2581 0.9562
vn 0.2327 0.7699 0.5942
vn -0.0927 0.3066 0.9473
vn -0.0317 0.3188 0.9473
vn 0.0796 0.8004 0.5942
vn 0.0290 0.2914 0.9562
vn 0.0847 0.2803 0.9562
vn -0.0796 0.8004 0.5942
vn 0.5177 0.6320 0.5767
vn 0.3858 0.7202 0.5767
vn 0.3858 0.7202 0.5766
vn 0.2364 0.7820 0.5766
vn 0.0809 0.8130 0.5766
vn 0.0809 0.8130 0.5767
vn -0.0809 0.8130 0.5767
vn -0.6222 0.5097 0.5942
vn -0.5097 0.6223 0.5942
vn -0.1856 0.2266 0.9562
vn -0.1383 0.2581 0.9562
vn -0.0847 0.2803 0.9562
vn -0.2364 0.7820 0.5766
vn -0.2364 0.7820 0.5767
vn -0.2328 0.7699 0.5942
vn -0.3798 0.7090 0.5942
vn -0.5097 0.6222 0.5942
vn -0.2030 0.2478 0.9473
vn -0.2478 0.2030 0.9473
vn -0.2824 0.1513 0.9473
vn -0.3066 0.0927 0.9473
vn -0.3187 0.0317 0.9473
vn -0.3188 0.0317 0.9473
vn -0.5185 -0.0516 0.8535
vn -0.3066 -0.0927 0.9473
vn 0.4593 0.2461 0.8535
vn -0.2824 -0.1513 0.9473
vn -0.7090 -0.3798 0.5942
vn -0.3188 -0.0317 0.9473
vn -0.8004 0.0796 0.5942
vn -0.7699 0.2328 0.5942
vn -0.7090 0.3798 0.5942
vn -0.6223 0.5097 0.5942
vn -0.2803 0.0847 0.9562
vn -0.2581 0.1383 0.9562
vn -0.2266 0.1856 0.9562
vn -0.2914 0.0290 0.9562
vn -0.3858 0.7202 0.5766
vn -0.3858 0.7202 0.5767
vn -0.5177 0.6320 0.5767
vn -0.5177 0.6320 0.5766
vn -0.6320 0.5177 0.5767
vn -0.7202 0.3858 0.5766
vn -0.7820 0.2364 0.5766
vn 0.8130 0.0809 0.5766
vn 0.7820 0.2364 0.5766
vn 0.7202 0.3858 0.5767
vn 0.6320 0.5177 0.5767
vn 0.6320 0.5177 0.5766
vn 0.5177 0.6320 0.5766
vn 0.2581 0.1383 0.9562
vn 0.6223 0.5097 0.5942
vn 0.1856 0.2266 0.9562
vn 0.2266 0.1856 0.9562
vn 0.6222 0.5097 0.5942
vn 0.5097 0.6223 0.5942
vn 0.5097 0.6222 0.5942
vn 0.0000 0.0000 -1.0000
vn 0.4831 -0.2833 0.8285
vn 0.5385 -0.2846 0.7931
vn 0.5419 -0.2999 0.7852
vn 0.5161 -0.2938 0.8046
vn -0.0411 0.0113 0.9991
vn -0.0420 -0.0071 0.9991
vn -0.0022 0.0146 0.9999
vn -0.0058 0.0050 1.0000
vn -0.0072 0.0046 1.0000
vn 0.5166 -0.2919 0.8050
vn 0.2964 -0.1940 0.9351
vn 0.3017 -0.1628 0.9394
vn 0.7911 -0.2731 0.5474
vn 0.7914 -0.2712 0.5478
vn 0.2638 -0.1082 0.9585
vn 0.2804 -0.0966 0.9550
vn 0.2932 -0.1963 0.9357
vn -0.0171 -0.0138 0.9998
vn -0.0329 -0.0585 0.9977
vn 0.0226 0.0253 -0.9994
vn 0.0208 0.0206 -0.9996
vn 0.0197 0.0173 -0.9997
vn 0.0350 0.0304 -0.9989
vn 0.0353 0.0221 -0.9991
vn -0.3380 0.1725 -0.9252
vn -0.3373 0.1578 -0.9281
vn -0.7835 0.2876 -0.5509
vn -0.2639 0.1055 -0.9588
vn -0.2699 0.1018 -0.9575
vn 0.9022 -0.4189 -0.1026
vn 0.8995 -0.4285 -0.0849
vn 0.9028 -0.4221 -0.0823
vn 0.9028 -0.4223 -0.0820
vn 0.4157 -0.8422 -0.3433
vn 0.4216 -0.8416 -0.3375
vn 0.4160 -0.8483 -0.3277
vn -0.0170 0.0293 -0.9994
vn -0.0132 0.0262 -0.9996
vn -0.0103 0.0241 -0.9997
vn -0.0181 0.0426 -0.9989
vn -0.0101 0.0404 -0.9991
vn -0.2686 -0.2681 -0.9252
vn -0.2543 -0.2721 -0.9281
vn -0.5156 -0.6562 -0.5509
vn -0.1819 -0.2183 -0.9588
vn -0.1802 -0.2253 -0.9575
vn 0.7748 -0.3496 -0.5268
vn 0.7758 -0.3506 -0.5246
vn 0.2734 -0.9604 0.0533
vn 0.2705 -0.9615 0.0482
vn 0.4848 -0.8510 -0.2019
vn 0.4877 -0.8503 -0.1981
vn 0.6339 0.5732 0.5192
vn 0.6439 0.6213 0.4465
vn 0.9155 0.3316 0.2280
vn 0.9124 0.3690 0.1774
vn 0.9117 0.3699 0.1788
vn 0.9119 0.3670 0.1835
vn 0.1681 0.6698 0.7232
vn 0.1455 0.6898 0.7092
vn 0.1720 -0.3383 -0.9252
vn 0.1802 -0.3259 -0.9281
vn 0.4648 -0.6932 -0.5509
vn 0.1514 -0.2405 -0.9588
vn 0.1585 -0.2410 -0.9575
vn -0.0331 -0.0071 -0.9994
vn -0.0290 -0.0045 -0.9996
vn -0.0261 -0.0024 -0.9997
vn -0.0461 -0.0040 -0.9989
vn -0.0415 0.0029 -0.9991
vn -0.0943 -0.8449 -0.5266
vn -0.0926 -0.8460 -0.5250
vn -0.8289 -0.5568 0.0533
vn -0.8309 -0.5544 0.0482
vn -0.6587 -0.7245 -0.2028
vn -0.6589 -0.7257 -0.1979
vn -0.8498 -0.0912 0.5192
vn -0.8861 -0.1242 0.4465
vn -0.9355 0.2698 0.2280
vn -0.9550 0.2378 0.1774
vn -0.9550 0.2366 0.1788
vn -0.9535 0.2391 0.1835
vn -0.5297 -0.4431 0.7232
vn -0.5232 -0.4726 0.7092
vn 0.0267 -0.0333 0.9991
vn 0.0381 -0.0189 0.9991
vn -0.0068 -0.0131 0.9999
vn 0.0018 -0.0075 1.0000
vn 0.0031 -0.0079 1.0000
vn -0.2463 0.5398 0.8050
vn -0.1258 0.3312 0.9351
vn -0.1484 0.3091 0.9394
vn -0.4794 0.6859 0.5474
vn -0.4809 0.6846 0.5478
vn -0.1499 0.2426 0.9585
vn -0.1701 0.2430 0.9550
vn 0.0610 0.0280 0.9977
vn 0.0219 0.0011 0.9998
vn -0.1218 0.3311 0.9357
vn 0.4187 0.3719 0.8285
vn 0.4371 0.4242 0.7931
vn 0.4526 0.4227 0.7852
vn 0.4389 0.4000 0.8046
vn 0.1785 0.2369 0.9550
vn 0.1844 0.2175 0.9585
vn 0.5025 0.6689 0.5478
vn 0.5042 0.6679 0.5474
vn 0.2481 0.2366 0.9394
vn 0.2761 0.2220 0.9351
vn 0.4373 0.4011 0.8050
vn -0.0066 -0.0054 1.0000
vn -0.0066 -0.0040 1.0000
vn -0.0146 0.0024 0.9999
vn -0.0062 -0.0421 0.9991
vn -0.0234 -0.0356 0.9991
vn 0.2773 0.2182 0.9357
vn 0.0078 -0.0205 0.9998
vn 0.0455 -0.0494 0.9977
vn -0.3493 0.7800 0.5192
vn -0.3919 0.8044 0.4465
vn -0.0325 0.9731 0.2280
vn -0.0690 0.9817 0.1774
vn -0.0701 0.9814 0.1788
vn -0.0672 0.9807 0.1835
vn -0.5851 0.3669 0.7232
vn -0.6111 0.3515 0.7092
vn -0.1759 -0.8364 0.5192
vn -0.1557 -0.8811 0.4465
vn -0.5457 -0.8064 0.2280
vn -0.5212 -0.8348 0.1774
vn -0.5201 -0.8352 0.1788
vn -0.5221 -0.8329 0.1835
vn 0.2577 -0.6407 0.7232
vn 0.2878 -0.6436 0.7092
vn -0.9761 -0.1914 -0.1026
vn -0.9796 -0.1821 -0.0849
vn -0.9785 -0.1891 -0.0823
vn -0.9785 -0.1890 -0.0820
vn -0.8314 0.4370 -0.3433
vn -0.8357 0.4331 -0.3375
vn -0.8352 0.4417 -0.3277
vn 0.0597 0.3748 -0.9252
vn 0.0458 0.3696 -0.9281
vn 0.0314 0.8340 -0.5509
vn 0.0188 0.2836 -0.9588
vn 0.0134 0.2882 -0.9575
vn 0.0310 -0.0137 -0.9994
vn 0.0261 -0.0134 -0.9996
vn 0.0225 -0.0134 -0.9997
vn 0.0397 -0.0239 -0.9989
vn 0.0319 -0.0268 -0.9991
vn 0.6772 0.7286 -0.1026
vn 0.6855 0.7231 -0.0849
vn 0.6804 0.7282 -0.0823
vn 0.6806 0.7281 -0.0820
vn 0.9295 0.1351 -0.3433
vn 0.9307 0.1408 -0.3375
vn 0.9353 0.1336 -0.3277
vn -0.1196 -0.9875 -0.1026
vn -0.1296 -0.9879 -0.0849
vn -0.1225 -0.9891 -0.0823
vn -0.1226 -0.9891 -0.0820
vn -0.6725 -0.6556 -0.3433
vn -0.6702 -0.6610 -0.3375
vn -0.6782 -0.6578 -0.3277
vn -0.9444 0.3206 -0.0736
vn -0.8843 0.4361 -0.1671
vn -0.9336 0.3169 -0.1671
vn -0.7844 0.5241 -0.3316
vn -0.8461 0.4173 -0.3316
vn -0.8934 0.3033 -0.3316
vn -0.9253 0.1840 -0.3316
vn -0.9253 0.1841 -0.3316
vn -0.9414 0.0617 -0.3316
vn -0.9414 -0.0617 -0.3316
vn -0.8650 0.0567 -0.4985
vn -0.8502 0.1691 -0.4985
vn -0.8209 0.2787 -0.4985
vn -0.7775 0.3834 -0.4985
vn -0.7208 0.4816 -0.4985
vn -0.6518 0.5716 -0.4985
vn -0.6180 0.0405 -0.7851
vn -0.7554 0.0495 -0.6534
vn -0.7424 0.1477 -0.6534
vn -0.7168 0.2433 -0.6534
vn -0.6789 0.3348 -0.6534
vn -0.6294 0.4206 -0.6534
vn -0.5150 0.3441 -0.7851
vn -0.5555 0.2739 -0.7851
vn -0.3551 0.1751 -0.9183
vn -0.3292 0.2200 -0.9183
vn -0.4657 0.4084 -0.7851
vn -0.0621 0.0415 -0.9972
vn -0.0670 0.0330 -0.9972
vn -0.0708 0.0240 -0.9972
vn -0.3749 0.1273 -0.9183
vn -0.5865 0.1991 -0.7851
vn -0.6075 0.1208 -0.7851
vn -0.0733 0.0146 -0.9972
vn -0.3883 0.0772 -0.9183
vn -0.0746 0.0049 -0.9972
vn -0.3951 0.0259 -0.9183
vn -0.0746 -0.0049 -0.9972
vn -0.6075 -0.1208 -0.7851
vn -0.3883 -0.0772 -0.9183
vn -0.3749 -0.1273 -0.9183
vn -0.0708 -0.0240 -0.9972
vn -0.0733 -0.0146 -0.9972
vn -0.3951 -0.0259 -0.9183
vn -0.6180 -0.0405 -0.7851
vn -0.7554 -0.0495 -0.6534
vn -0.0670 -0.0330 -0.9972
vn -0.0621 -0.0415 -0.9972
vn -0.3551 -0.1751 -0.9183
vn -0.5865 -0.1991 -0.7851
vn -0.7424 -0.1477 -0.6534
vn -0.8650 -0.0567 -0.4985
vn -0.8502 -0.1691 -0.4985
vn -0.7168 -0.2433 -0.6534
vn -0.5555 -0.2739 -0.7851
vn -0.3292 -0.2200 -0.9183
vn -0.2977 -0.2610 -0.9183
vn -0.9838 0.0645 -0.1671
vn -0.9838 -0.0645 -0.1671
vn -0.9253 -0.1841 -0.3316
vn -0.8209 -0.2787 -0.4985
vn -0.6789 -0.3348 -0.6534
vn -0.5150 -0.3441 -0.7851
vn -0.9781 -0.1946 -0.0736
vn -0.9670 -0.1923 -0.1671
vn -0.8934 -0.3033 -0.3316
vn -0.7775 -0.3834 -0.4985
vn -0.6294 -0.4206 -0.6534
vn -0.9336 -0.3169 -0.1671
vn -0.9444 -0.3206 -0.0736
vn -0.8944 -0.4411 -0.0736
vn -0.8461 -0.4173 -0.3316
vn -0.8843 -0.4361 -0.1671
vn -0.7208 -0.4816 -0.4985
vn -0.7844 -0.5241 -0.3316
vn -0.8198 -0.5478 -0.1671
vn -0.8292 -0.5541 -0.0736
vn -0.4657 -0.4084 -0.7851
vn -0.5691 -0.4991 -0.6534
vn -0.6518 -0.5716 -0.4985
vn -0.7093 -0.6220 -0.3316
vn -0.7413 -0.6501 -0.1671
vn -0.4991 -0.5691 -0.6534
vn -0.5716 -0.6518 -0.4985
vn -0.6220 -0.7093 -0.3316
vn -0.6501 -0.7413 -0.1671
vn -0.6576 -0.7498 -0.0736
vn -0.4084 -0.4657 -0.7851
vn -0.4206 -0.6294 -0.6534
vn -0.4816 -0.7208 -0.4985
vn -0.5241 -0.7844 -0.3316
vn -0.5478 -0.8198 -0.1671
vn -0.4411 -0.8944 -0.0736
vn -0.4361 -0.8843 -0.1671
vn -0.4173 -0.8461 -0.3316
vn -0.3834 -0.7775 -0.4985
vn -0.3348 -0.6789 -0.6534
vn -0.2787 -0.8209 -0.4985
vn -0.3033 -0.8934 -0.3316
vn -0.3169 -0.9336 -0.1671
vn -0.3206 -0.9444 -0.0736
vn -0.3214 -0.9469 0.0000
vn -0.1841 -0.9253 -0.3316
vn -0.1923 -0.9670 -0.1671
vn -0.1946 -0.9781 -0.0736
vn -0.1951 -0.9808 0.0000
vn -0.1946 -0.9781 0.0736
vn -0.3206 -0.9444 0.0736
vn -0.3169 -0.9336 0.1671
vn -0.0652 -0.9951 -0.0736
vn -0.0654 -0.9979 -0.0000
vn -0.0652 -0.9951 0.0736
vn -0.1923 -0.9670 0.1671
vn -0.3033 -0.8934 0.3316
vn -0.4173 -0.8461 0.3316
vn -0.4206 -0.6294 0.6534
vn -0.3348 -0.6789 0.6534
vn -0.3834 -0.7775 0.4985
vn -0.2787 -0.8209 0.4985
vn -0.1841 -0.9253 0.3316
vn -0.0645 -0.9838 0.1671
vn -0.0617 -0.9414 0.3316
vn -0.1691 -0.8502 0.4985
vn -0.2433 -0.7168 0.6534
vn -0.2739 -0.5555 0.7851
vn -0.1477 -0.7424 0.6534
vn -0.1991 -0.5865 0.7851
vn -0.1208 -0.6075 0.7851
vn -0.0259 -0.3951 0.9183
vn -0.0405 -0.6180 0.7851
vn -0.0495 -0.7554 0.6534
vn -0.0567 -0.8650 0.4985
vn -0.0415 -0.0621 0.9972
vn -0.0330 -0.0670 0.9972
vn -0.0240 -0.0708 0.9972
vn -0.0146 -0.0733 0.9972
vn -0.0049 -0.0746 0.9972
vn -0.0493 -0.0562 0.9972
vn -0.2200 -0.3292 0.9183
vn -0.1751 -0.3551 0.9183
vn -0.1273 -0.3749 0.9183
vn -0.0772 -0.3883 0.9183
vn -0.3441 -0.5150 0.7851
vn -0.4084 -0.4657 0.7851
vn -0.2610 -0.2977 0.9183
vn -0.0562 -0.0493 0.9972
vn -0.4816 -0.7208 0.4985
vn -0.4991 -0.5691 0.6534
vn -0.4657 -0.4084 0.7851
vn -0.2977 -0.2610 0.9183
vn -0.0621 -0.0415 0.9972
vn -0.5150 -0.3441 0.7851
vn -0.3292 -0.2200 0.9183
vn -0.3551 -0.1751 0.9183
vn -0.3749 -0.1273 0.9183
vn -0.3883 -0.0772 0.9183
vn -0.3951 -0.0259 0.9183
vn -0.3951 0.0259 0.9183
vn -0.6180 0.0405 0.7851
vn -0.6180 -0.0405 0.7851
vn -0.6075 -0.1208 0.7851
vn -0.5865 -0.1991 0.7851
vn -0.5555 -0.2739 0.7851
vn -0.6789 -0.3348 0.6534
vn -0.7168 -0.2433 0.6534
vn -0.7424 -0.1477 0.6534
vn -0.7554 -0.0495 0.6534
vn -0.7554 0.0495 0.6534
vn -0.7208 -0.4816 0.4985
vn -0.7775 -0.3834 0.4985
vn -0.8209 -0.2787 0.4985
vn -0.8502 -0.1691 0.4985
vn -0.8650 -0.0567 0.4985
vn -0.8650 0.0567 0.4985
vn -0.7168 0.2433 0.6534
vn -0.7424 0.1477 0.6534
vn -0.8502 0.1691 0.4985
vn -0.9414 0.0617 0.3316
vn -0.9414 -0.0617 0.3316
vn -0.9253 -0.1841 0.3316
vn -0.8934 -0.3033 0.3316
vn -0.9253 0.1841 0.3316
vn -0.9838 0.0645 0.1671
vn -0.9838 -0.0645 0.1671
vn -0.9670 -0.1923 0.1671
vn -0.9336 -0.3169 0.1671
vn -0.8843 -0.4361 0.1671
vn -0.8292 -0.5541 0.0736
vn -0.8944 -0.4411 0.0736
vn -0.9444 -0.3206 0.0736
vn -0.9781 -0.1946 0.0736
vn -0.9951 -0.0652 0.0736
vn -0.9951 0.0652 0.0736
vn -0.9808 -0.1951 -0.0000
vn -0.9979 -0.0654 -0.0000
vn -0.9951 -0.0652 -0.0736
vn -0.9979 0.0654 0.0000
vn -0.9951 0.0652 -0.0736
vn -0.9670 0.1923 0.1671
vn -0.9781 0.1946 0.0736
vn -0.9808 0.1951 0.0000
vn -0.9781 0.1946 -0.0736
vn -0.9670 0.1923 -0.1671
vn -0.7093 0.6220 -0.3316
vn -0.8198 0.5478 -0.1671
vn -0.8944 0.4411 -0.0736
vn -0.9469 0.3214 0.0000
vn -0.9444 0.3206 0.0736
vn -0.9336 0.3169 0.1671
vn -0.8934 0.3033 0.3316
vn -0.9253 0.1840 0.3316
vn -0.8209 0.2787 0.4985
vn -0.7775 0.3834 0.4985
vn -0.8461 0.4173 0.3316
vn -0.8843 0.4361 0.1671
vn -0.7844 0.5241 0.3316
vn -0.7208 0.4816 0.4985
vn -0.6294 0.4206 0.6534
vn -0.6789 0.3348 0.6534
vn -0.6501 0.7413 0.1671
vn -0.6220 0.7093 0.3316
vn -0.7093 0.6220 0.3316
vn -0.6518 0.5716 0.4985
vn -0.5691 0.4991 0.6534
vn -0.5716 0.6518 0.4985
vn -0.4991 0.5691 0.6534
vn -0.4084 0.4657 0.7851
vn -0.3441 0.5150 0.7851
vn -0.4206 0.6294 0.6534
vn -0.4816 0.7208 0.4985
vn -0.5241 0.7844 0.3316
vn -0.5478 0.8198 0.1671
vn -0.4411 0.8944 0.0736
vn -0.4361 0.8843 0.1671
vn -0.4173 0.8461 0.3316
vn -0.3834 0.7775 0.4985
vn -0.3348 0.6789 0.6534
vn -0.2739 0.5555 0.7851
vn -0.3206 0.9444 0.0736
vn -0.3169 0.9336 0.1671
vn -0.3033 0.8934 0.3316
vn -0.2787 0.8209 0.4985
vn -0.2433 0.7168 0.6534
vn -0.1208 0.6075 0.7851
vn -0.1477 0.7424 0.6534
vn -0.1691 0.8502 0.4985
vn -0.1841 0.9253 0.3316
vn -0.1923 0.9670 0.1671
vn -0.0405 0.6180 0.7851
vn -0.0495 0.7554 0.6534
vn -0.0567 0.8650 0.4985
vn -0.0617 0.9414 0.3316
vn -0.0645 0.9838 0.1671
vn 0.0405 0.6180 0.7851
vn 0.0495 0.7554 0.6534
vn 0.0567 0.8650 0.4985
vn 0.0617 0.9414 0.3316
vn 0.0645 0.9838 0.1671
vn 0.0652 0.9951 0.0736
vn 0.1923 0.9670 0.1671
vn 0.1841 0.9253 0.3316
vn 0.1691 0.8502 0.4985
vn 0.1477 0.7424 0.6534
vn 0.1208 0.6075 0.7851
vn 0.3206 0.9444 0.0736
vn 0.3169 0.9336 0.1671
vn 0.3033 0.8934 0.3316
vn 0.2787 0.8209 0.4985
vn 0.2433 0.7168 0.6534
vn 0.1991 0.5865 0.7851
vn 0.1273 0.3749 0.9183
vn 0.1751 0.3551 0.9183
vn 0.2739 0.5555 0.7851
vn 0.3348 0.6789 0.6534
vn 0.3834 0.7775 0.4985
vn 0.4173 0.8461 0.3316
vn 0.4206 0.6294 0.6534
vn 0.4816 0.7208 0.4985
vn 0.5241 0.7844 0.3316
vn 0.5478 0.8198 0.1671
vn 0.5541 0.8292 0.0736
vn 0.5556 0.8315 0.0000
vn 0.4991 0.5691 0.6534
vn 0.5716 0.6518 0.4985
vn 0.6220 0.7093 0.3316
vn 0.6501 0.7413 0.1671
vn 0.6576 0.7498 0.0736
vn 0.7498 0.6576 0.0736
vn 0.7413 0.6501 0.1671
vn 0.6518 0.5716 0.4985
vn 0.7093 0.6220 0.3316
vn 0.8198 0.5478 0.1671
vn 0.8843 0.4361 0.1671
vn 0.9336 0.3169 0.1671
vn 0.8292 0.5541 0.0736
vn 0.8944 0.4411 0.0736
vn 0.9444 0.3206 0.0736
vn 0.9781 0.1946 0.0736
vn 0.9951 0.0652 0.0736
vn 0.9781 -0.1946 -0.0736
vn 0.9951 -0.0652 -0.0736
vn 0.9979 -0.0654 -0.0000
vn 0.9979 0.0654 0.0000
vn 0.9808 0.1951 0.0000
vn 0.9469 0.3214 0.0000
vn 0.8969 0.4423 0.0000
vn 0.8315 0.5556 0.0000
vn 0.6593 0.7518 0.0000
vn 0.7518 0.6593 0.0000
vn 0.8292 0.5541 -0.0736
vn 0.8944 0.4411 -0.0736
vn 0.9444 0.3206 -0.0736
vn 0.6576 0.7498 -0.0736
vn 0.7498 0.6576 -0.0736
vn 0.7413 0.6501 -0.1671
vn 0.8198 0.5478 -0.1671
vn 0.8843 0.4361 -0.1671
vn 0.9336 0.3169 -0.1671
vn 0.9670 0.1923 -0.1671
vn 0.9838 0.0645 -0.1671
vn 0.9253 0.1841 -0.3316
vn 0.8934 0.3033 -0.3316
vn 0.8461 0.4173 -0.3316
vn 0.7844 0.5241 -0.3316
vn 0.7093 0.6220 -0.3316
vn 0.6220 0.7093 -0.3316
vn 0.7424 0.1477 -0.6534
vn 0.8502 0.1691 -0.4985
vn 0.8209 0.2787 -0.4985
vn 0.7775 0.3834 -0.4985
vn 0.7208 0.4816 -0.4985
vn 0.6789 0.3348 -0.6534
vn 0.7168 0.2433 -0.6534
vn 0.5865 0.1991 -0.7851
vn 0.5555 0.2739 -0.7851
vn 0.5150 0.3441 -0.7851
vn 0.4657 0.4084 -0.7851
vn 0.5691 0.4991 -0.6534
vn 0.6294 0.4206 -0.6534
vn 0.5716 0.6518 -0.4985
vn 0.4991 0.5691 -0.6534
vn 0.4084 0.4657 -0.7851
vn 0.2977 0.2610 -0.9183
vn 0.3292 0.2200 -0.9183
vn 0.3551 0.1751 -0.9183
vn 0.0621 0.0415 -0.9972
vn 0.0670 0.0330 -0.9972
vn 0.0708 0.0240 -0.9972
vn 0.3749 0.1273 -0.9183
vn 0.3883 0.0772 -0.9183
vn 0.0733 0.0146 -0.9972
vn 0.0746 0.0049 -0.9972
vn 0.0746 -0.0049 -0.9972
vn 0.3951 -0.0259 -0.9183
vn 0.0733 -0.0146 -0.9972
vn 0.0708 -0.0240 -0.9972
vn 0.3749 -0.1273 -0.9183
vn 0.3883 -0.0772 -0.9183
vn 0.6075 -0.1208 -0.7851
vn 0.7424 -0.1477 -0.6534
vn 0.5865 -0.1991 -0.7851
vn 0.3551 -0.1751 -0.9183
vn 0.0670 -0.0330 -0.9972
vn 0.0621 -0.0415 -0.9972
vn 0.3292 -0.2200 -0.9183
vn 0.5555 -0.2739 -0.7851
vn 0.7168 -0.2433 -0.6534
vn 0.8502 -0.1691 -0.4985
vn 0.9838 -0.0645 -0.1671
vn 0.9414 -0.0617 -0.3316
vn 0.9253 -0.1840 -0.3316
vn 0.8209 -0.2786 -0.4985
vn 0.6789 -0.3348 -0.6534
vn 0.5150 -0.3441 -0.7851
vn 0.8209 -0.2787 -0.4985
vn 0.7775 -0.3834 -0.4985
vn 0.6294 -0.4206 -0.6534
vn 0.4657 -0.4084 -0.7851
vn 0.2977 -0.2610 -0.9183
vn 0.2610 -0.2977 -0.9183
vn 0.2200 -0.3292 -0.9183
vn 0.3441 -0.5150 -0.7851
vn 0.4084 -0.4657 -0.7851
vn 0.0562 -0.0493 -0.9972
vn 0.0493 -0.0562 -0.9972
vn 0.0415 -0.0621 -0.9972
vn 0.0330 -0.0670 -0.9972
vn 0.1751 -0.3551 -0.9183
vn 0.0567 -0.8650 -0.4985
vn 0.0495 -0.7554 -0.6534
vn 0.1477 -0.7424 -0.6534
vn 0.1208 -0.6075 -0.7851
vn 0.1991 -0.5865 -0.7851
vn 0.1273 -0.3749 -0.9183
vn 0.0240 -0.0708 -0.9972
vn 0.0772 -0.3883 -0.9183
vn 0.0405 -0.6180 -0.7851
vn 0.0259 -0.3951 -0.9183
vn 0.0049 -0.0746 -0.9972
vn 0.0146 -0.0733 -0.9972
vn -0.2244 0.5132 0.8285
vn -0.2683 0.5467 0.7931
vn -0.2621 0.5611 0.7852
vn -0.2448 0.5410 0.8046
vn 0.9444 -0.3206 -0.0736
vn 0.9336 -0.3169 -0.1671
vn 0.8843 -0.4361 -0.1671
vn 0.8461 -0.4173 -0.3316
vn 0.7844 -0.5241 -0.3316
vn 0.7208 -0.4816 -0.4985
vn 0.6518 -0.5716 -0.4985
vn 0.4991 -0.5691 -0.6534
vn 0.5691 -0.4991 -0.6534
vn 0.8934 -0.3032 -0.3316
vn 0.9670 -0.1923 -0.1671
vn 0.9781 0.1946 -0.0736
vn 0.9951 0.0652 -0.0736
vn 0.9253 -0.1841 -0.3316
vn 0.8934 -0.3033 -0.3316
vn 0.5241 -0.7844 -0.3316
vn 0.4361 -0.8843 -0.1671
vn 0.4173 -0.8461 -0.3316
vn 0.3834 -0.7775 -0.4985
vn 0.3348 -0.6789 -0.6534
vn 0.4206 -0.6294 -0.6534
vn 0.2787 -0.8209 -0.4985
vn 0.3033 -0.8934 -0.3316
vn 0.3169 -0.9336 -0.1671
vn 0.3206 -0.9444 -0.0736
vn 0.1923 -0.9670 -0.1671
vn 0.1946 -0.9781 -0.0736
vn 0.1951 -0.9808 0.0000
vn 0.3214 -0.9469 0.0000
vn 0.4423 -0.8969 0.0000
vn 0.4411 -0.8944 0.0736
vn 0.5541 -0.8292 0.0736
vn 0.5478 -0.8198 0.1671
vn 0.0645 -0.9838 -0.1671
vn 0.0652 -0.9951 -0.0736
vn 0.0654 -0.9979 -0.0000
vn 0.1946 -0.9781 0.0736
vn 0.3206 -0.9444 0.0736
vn 0.3169 -0.9336 0.1671
vn 0.4361 -0.8843 0.1671
vn 0.4173 -0.8461 0.3316
vn 0.3033 -0.8934 0.3316
vn 0.3834 -0.7775 0.4985
vn 0.4816 -0.7208 0.4985
vn 0.4206 -0.6294 0.6534
vn 0.3441 -0.5150 0.7851
vn 0.4084 -0.4657 0.7851
vn 0.2787 -0.8209 0.4985
vn 0.3348 -0.6789 0.6534
vn 0.1923 -0.9670 0.1671
vn 0.1924 -0.9670 0.1671
vn 0.1841 -0.9253 0.3316
vn 0.1691 -0.8502 0.4985
vn 0.2433 -0.7168 0.6534
vn 0.2739 -0.5555 0.7851
vn 0.0567 -0.8650 0.4985
vn 0.0617 -0.9414 0.3316
vn 0.0645 -0.9838 0.1671
vn 0.0652 -0.9951 0.0736
vn 0.0415 -0.0621 0.9972
vn 0.0330 -0.0670 0.9972
vn 0.1751 -0.3551 0.9183
vn 0.1991 -0.5865 0.7851
vn 0.1477 -0.7424 0.6534
vn 0.1208 -0.6075 0.7851
vn 0.0772 -0.3883 0.9183
vn 0.1273 -0.3749 0.9183
vn 0.0146 -0.0733 0.9972
vn 0.0240 -0.0708 0.9972
vn 0.0495 -0.7554 0.6534
vn 0.0405 -0.6180 0.7851
vn 0.0259 -0.3951 0.9183
vn 0.0049 -0.0746 0.9972
vn -0.4837 0.8692 -0.1026
vn -0.4759 0.8754 -0.0849
vn -0.4823 0.8722 -0.0823
vn -0.4821 0.8723 -0.0820
vn 0.1587 0.9257 -0.3433
vn 0.1537 0.9287 -0.3375
vn 0.1620 0.9308 -0.3277
vn -0.2739 -0.5555 -0.7851
vn -0.0049 -0.0746 -0.9972
vn -0.0146 -0.0733 -0.9972
vn -0.0772 -0.3883 -0.9183
vn -0.1273 -0.3749 -0.9183
vn -0.1991 -0.5865 -0.7851
vn -0.2433 -0.7168 -0.6534
vn -0.0259 -0.3951 -0.9183
vn -0.1208 -0.6075 -0.7851
vn -0.1477 -0.7424 -0.6534
vn -0.1691 -0.8502 -0.4985
vn -0.0405 -0.6180 -0.7851
vn -0.0495 -0.7554 -0.6534
vn -0.0567 -0.8650 -0.4985
vn -0.0617 -0.9414 -0.3316
vn -0.0645 -0.9838 -0.1671
vn -0.3834 0.7775 -0.4985
vn -0.3033 0.8934 -0.3316
vn -0.2787 0.8209 -0.4985
vn -0.1691 0.8502 -0.4985
vn -0.1841 0.9253 -0.3316
vn -0.1923 0.9670 -0.1671
vn -0.0652 0.9951 -0.0736
vn -0.0645 0.9838 -0.1671
vn -0.0617 0.9414 -0.3316
vn -0.0567 0.8650 -0.4985
vn 0.0654 0.9979 0.0000
vn 0.0652 0.9951 -0.0736
vn 0.0645 0.9838 -0.1671
vn 0.0617 0.9414 -0.3316
vn 0.0567 0.8650 -0.4985
vn 0.0495 0.7554 -0.6534
vn 0.3441 0.5150 -0.7851
vn 0.2739 0.5555 -0.7851
vn 0.3348 0.6789 -0.6534
vn 0.2433 0.7168 -0.6534
vn 0.2787 0.8209 -0.4985
vn 0.1691 0.8502 -0.4985
vn 0.1841 0.9253 -0.3316
vn 0.1923 0.9670 -0.1671
vn 0.1946 0.9781 -0.0736
vn 0.3033 0.8934 -0.3316
vn 0.3834 0.7775 -0.4985
vn 0.4206 0.6294 -0.6534
vn 0.4816 0.7208 -0.4985
vn 0.4173 0.8461 -0.3316
vn 0.3169 0.9336 -0.1671
vn 0.1951 0.9808 0.0000
vn 0.3206 0.9444 -0.0736
vn 0.4361 0.8843 -0.1671
vn 0.5241 0.7844 -0.3316
vn 0.6518 0.5716 -0.4985
vn 0.5478 0.8198 -0.1671
vn 0.4411 0.8944 -0.0736
vn 0.6501 0.7413 -0.1671
vn 0.5541 0.8292 -0.0736
vn 0.4423 0.8969 0.0000
vn 0.3214 0.9469 0.0000
vn 0.1946 0.9781 0.0736
vn 0.4361 0.8843 0.1671
vn 0.4411 0.8944 0.0736
vn 0.9593 0.2011 -0.1981
vn 0.9591 0.1981 -0.2019
vn 0.9980 -0.0398 0.0482
vn 0.9979 -0.0368 0.0533
vn 0.5732 0.6295 -0.5246
vn 0.5719 0.6288 -0.5268
vn 0.8650 0.0567 -0.4985
vn 0.6180 -0.0405 -0.7851
vn 0.7554 -0.0495 -0.6534
vn 0.8650 -0.0567 -0.4985
vn 0.9414 0.0617 -0.3316
vn 0.7554 0.0495 -0.6534
vn 0.6180 0.0405 -0.7851
vn 0.3951 0.0259 -0.9183
vn 0.6075 0.1208 -0.7851
vn -0.0156 -0.0386 -0.9991
vn -0.0104 -0.0451 -0.9989
vn -0.0058 -0.0255 -0.9997
vn -0.0047 -0.0289 -0.9996
vn -0.0035 -0.0337 -0.9994
vn 0.3749 0.0591 -0.9252
vn 0.3657 0.0706 -0.9281
vn 0.8029 0.2278 -0.5509
vn 0.2755 0.0697 -0.9588
vn 0.2782 0.0763 -0.9575
vn -0.4203 0.7390 -0.5266
vn -0.4224 0.7389 -0.5250
vn 0.3434 0.9377 0.0533
vn 0.3463 0.9369 0.0482
vn 0.1080 0.9734 -0.2019
vn 0.1052 0.9745 -0.1981
vn -0.1201 -0.5470 0.8285
vn -0.1043 -0.6000 0.7931
vn -0.1177 -0.6080 0.7852
vn -0.1200 -0.5816 0.8046
vn -0.0052 -0.2966 0.9550
vn -0.0214 -0.2844 0.9585
vn -0.0133 -0.8365 0.5478
vn -0.0153 -0.8367 0.5474
vn -0.0616 -0.3373 0.9394
vn -0.0929 -0.3419 0.9351
vn -0.1180 -0.5815 0.8050
vn 0.0021 0.0082 1.0000
vn 0.0030 0.0071 1.0000
vn 0.0132 0.0066 0.9999
vn -0.0197 0.0377 0.9991
vn -0.0020 0.0426 0.9991
vn -0.0961 -0.3395 0.9357
vn -0.0184 0.0120 0.9998
vn -0.0658 0.0132 0.9977
vn 0.7411 -0.4258 0.5192
vn 0.7899 -0.4204 0.4465
vn 0.5983 -0.7682 0.2280
vn 0.6328 -0.7537 0.1774
vn 0.6336 -0.7527 0.1788
vn 0.6308 -0.7539 0.1835
vn 0.6890 0.0471 0.7232
vn 0.7010 0.0748 0.7092
vn -0.0493 0.0562 -0.9972
vn -0.0562 0.0493 -0.9972
vn -0.2977 0.2610 -0.9183
vn -0.2610 0.2977 -0.9183
vn -0.0415 0.0621 -0.9972
vn -0.0330 0.0670 -0.9972
vn -0.1751 0.3551 -0.9183
vn -0.2200 0.3292 -0.9183
vn -0.1273 0.3749 -0.9183
vn -0.2739 0.5555 -0.7851
vn -0.3441 0.5150 -0.7851
vn -0.4084 0.4657 -0.7851
vn -0.5691 0.4991 -0.6534
vn -0.4991 0.5691 -0.6534
vn -0.4206 0.6294 -0.6534
vn -0.3348 0.6789 -0.6534
vn -0.2433 0.7168 -0.6534
vn -0.4816 0.7208 -0.4985
vn -0.5716 0.6518 -0.4985
vn -0.6220 0.7093 -0.3316
vn -0.5241 0.7844 -0.3316
vn -0.5478 0.8198 -0.1671
vn -0.4361 0.8843 -0.1671
vn -0.4411 0.8944 -0.0736
vn -0.3206 0.9444 -0.0736
vn -0.3214 0.9469 0.0000
vn -0.1946 0.9781 0.0736
vn -0.1951 0.9808 0.0000
vn -0.1946 0.9781 -0.0736
vn -0.3169 0.9336 -0.1671
vn -0.4173 0.8461 -0.3316
vn -0.0652 0.9951 0.0736
vn -0.0654 0.9979 0.0000
vn -0.0240 0.0708 -0.9972
vn -0.0146 0.0733 -0.9972
vn -0.0049 0.0746 -0.9972
vn 0.0049 0.0746 -0.9972
vn 0.0146 0.0733 -0.9972
vn 0.0772 0.3883 -0.9183
vn 0.0259 0.3951 -0.9183
vn -0.0259 0.3951 -0.9183
vn -0.0772 0.3883 -0.9183
vn 0.0405 0.6180 -0.7851
vn -0.0405 0.6180 -0.7851
vn -0.1208 0.6074 -0.7851
vn -0.1208 0.6075 -0.7851
vn -0.1991 0.5865 -0.7851
vn -0.1477 0.7424 -0.6534
vn -0.0495 0.7554 -0.6534
vn 0.1208 0.6075 -0.7851
vn 0.1273 0.3749 -0.9183
vn 0.1477 0.7424 -0.6534
vn 0.1991 0.5865 -0.7851
vn 0.1751 0.3551 -0.9183
vn 0.2200 0.3292 -0.9183
vn 0.2610 0.2977 -0.9183
vn 0.0240 0.0708 -0.9972
vn 0.0330 0.0670 -0.9972
vn 0.0415 0.0621 -0.9972
vn 0.0493 0.0562 -0.9972
vn 0.0562 0.0493 -0.9972
vn -0.8943 0.4012 -0.1981
vn -0.8924 0.4035 -0.2019
vn -0.7840 0.6189 0.0482
vn -0.7857 0.6163 0.0533
vn -0.8332 -0.1734 -0.5250
vn -0.8327 -0.1714 -0.5266
vn 0.5478 -0.8198 -0.1671
vn 0.6501 -0.7413 -0.1671
vn 0.6576 -0.7498 -0.0736
vn 0.6593 -0.7518 0.0000
vn 0.6576 -0.7498 0.0736
vn 0.7498 -0.6576 0.0736
vn 0.7413 -0.6501 -0.1671
vn 0.7498 -0.6576 -0.0736
vn 0.7518 -0.6593 0.0000
vn 0.8969 -0.4423 0.0000
vn 0.8315 -0.5556 -0.0000
vn 0.8292 -0.5541 -0.0736
vn 0.8292 -0.5541 0.0736
vn 0.8944 -0.4411 0.0736
vn 0.6220 -0.7093 -0.3316
vn 0.7093 -0.6220 -0.3316
vn 0.8198 -0.5478 -0.1671
vn 0.8944 -0.4411 -0.0736
vn 0.9469 -0.3214 0.0000
vn 0.5716 -0.6518 -0.4985
vn 0.4816 -0.7208 -0.4985
vn 0.9444 -0.3206 0.0736
vn 0.9781 -0.1946 0.0736
vn 0.9951 -0.0652 0.0736
vn 0.9808 -0.1951 -0.0000
vn 0.9838 -0.0645 0.1671
vn 0.9670 -0.1923 0.1671
vn 0.9336 -0.3169 0.1671
vn 0.8843 -0.4361 0.1671
vn 0.8198 -0.5478 0.1671
vn 0.9670 0.1923 0.1671
vn 0.9838 0.0645 0.1671
vn 0.8934 0.3033 0.3316
vn 0.8461 0.4173 0.3316
vn 0.7775 0.3834 0.4985
vn 0.9414 0.0617 0.3316
vn 0.9253 0.1841 0.3316
vn 0.8209 0.2787 0.4985
vn 0.6789 0.3348 0.6534
vn 0.6294 0.4206 0.6534
vn 0.7208 0.4816 0.4985
vn 0.7844 0.5241 0.3316
vn 0.8502 0.1691 0.4985
vn 0.7168 0.2433 0.6534
vn 0.5555 0.2739 0.7851
vn 0.5150 0.3441 0.7851
vn 0.5691 0.4991 0.6534
vn 0.4657 0.4084 0.7851
vn 0.5865 0.1991 0.7851
vn 0.3749 0.1273 0.9183
vn 0.3551 0.1751 0.9183
vn 0.3292 0.2200 0.9183
vn 0.2977 0.2610 0.9183
vn 0.4084 0.4657 0.7851
vn 0.2610 0.2977 0.9183
vn 0.0562 0.0493 0.9972
vn 0.0493 0.0562 0.9972
vn 0.0415 0.0621 0.9972
vn 0.2200 0.3292 0.9183
vn 0.3441 0.5150 0.7851
vn 0.0049 0.0746 0.9972
vn 0.0146 0.0733 0.9972
vn 0.0240 0.0708 0.9972
vn 0.0330 0.0670 0.9972
vn -0.0240 0.0708 0.9972
vn -0.0146 0.0733 0.9972
vn -0.0049 0.0746 0.9972
vn 0.0259 0.3951 0.9183
vn 0.0772 0.3883 0.9183
vn -0.1991 0.5865 0.7851
vn -0.1273 0.3749 0.9183
vn -0.0772 0.3883 0.9183
vn -0.0259 0.3951 0.9183
vn -0.1751 0.3551 0.9183
vn -0.2200 0.3292 0.9183
vn -0.4657 0.4084 0.7851
vn -0.2610 0.2977 0.9183
vn -0.0493 0.0562 0.9972
vn -0.0415 0.0621 0.9972
vn -0.0330 0.0670 0.9972
vn -0.2977 0.2610 0.9183
vn -0.0562 0.0493 0.9972
vn -0.0670 0.0330 0.9972
vn -0.0621 0.0415 0.9972
vn -0.6075 0.1208 0.7851
vn -0.3883 0.0772 0.9183
vn -0.0733 0.0146 0.9972
vn -0.0708 0.0240 0.9972
vn -0.3551 0.1751 0.9183
vn -0.3292 0.2200 0.9183
vn -0.3749 0.1273 0.9183
vn -0.0746 0.0049 0.9972
vn -0.0746 -0.0049 0.9972
vn -0.5865 0.1991 0.7851
vn -0.5555 0.2739 0.7851
vn -0.5150 0.3441 0.7851
vn 0.5556 -0.8315 -0.0000
vn 0.5541 -0.8292 -0.0736
vn 0.7413 -0.6501 0.1671
vn 0.6501 -0.7413 0.1671
vn 0.4411 -0.8944 -0.0736
vn 0.6220 -0.7093 0.3316
vn 0.7093 -0.6220 0.3316
vn 0.7844 -0.5241 0.3316
vn 0.8461 -0.4173 0.3316
vn 0.8934 -0.3032 0.3316
vn 0.8934 -0.3033 0.3316
vn 0.7775 -0.3834 0.4985
vn 0.7208 -0.4816 0.4985
vn 0.6518 -0.5716 0.4985
vn 0.5716 -0.6518 0.4985
vn 0.5241 -0.7844 0.3316
vn 0.4991 -0.5691 0.6534
vn 0.4657 -0.4084 0.7851
vn 0.5150 -0.3441 0.7851
vn 0.2200 -0.3292 0.9183
vn 0.2610 -0.2977 0.9183
vn 0.2977 -0.2610 0.9183
vn 0.3292 -0.2200 0.9183
vn 0.3551 -0.1751 0.9183
vn 0.3749 -0.1273 0.9183
vn 0.0708 -0.0240 0.9972
vn 0.0670 -0.0330 0.9972
vn 0.0621 -0.0415 0.9972
vn 0.0562 -0.0493 0.9972
vn 0.0493 -0.0562 0.9972
vn 0.0733 -0.0146 0.9972
vn 0.0746 -0.0049 0.9972
vn 0.0733 0.0146 0.9972
vn 0.0746 0.0049 0.9972
vn 0.3951 0.0259 0.9183
vn 0.3951 -0.0259 0.9183
vn 0.3883 -0.0772 0.9183
vn 0.5555 -0.2739 0.7851
vn 0.5865 -0.1991 0.7851
vn 0.6075 -0.1208 0.7851
vn 0.6180 -0.0405 0.7851
vn 0.6180 0.0405 0.7851
vn 0.7554 0.0495 0.6534
vn 0.7554 -0.0495 0.6534
vn 0.7424 -0.1477 0.6534
vn 0.7168 -0.2433 0.6534
vn 0.6789 -0.3348 0.6534
vn 0.6294 -0.4206 0.6534
vn 0.5691 -0.4991 0.6534
vn 0.6075 0.1208 0.7851
vn 0.7424 0.1477 0.6534
vn 0.8650 0.0567 0.4985
vn 0.8650 -0.0567 0.4985
vn 0.8502 -0.1691 0.4985
vn 0.8209 -0.2787 0.4985
vn 0.9253 -0.1841 0.3316
vn 0.9253 -0.1840 0.3316
vn 0.9414 -0.0617 0.3316
vn 0.3883 0.0772 0.9183
vn 0.0708 0.0240 0.9972
vn 0.0670 0.0330 0.9972
vn 0.0621 0.0415 0.9972
vn -0.8461 -0.4173 0.3316
vn -0.7844 -0.5241 0.3316
vn -0.7093 -0.6220 0.3316
vn -0.6220 -0.7093 0.3316
vn -0.6501 -0.7413 0.1671
vn -0.5478 -0.8198 0.1671
vn -0.5541 -0.8292 0.0736
vn -0.4411 -0.8944 0.0736
vn -0.4423 -0.8969 0.0000
vn -0.4361 -0.8843 0.1671
vn -0.5241 -0.7844 0.3316
vn -0.5716 -0.6518 0.4985
vn -0.6518 -0.5716 0.4985
vn -0.5691 -0.4991 0.6534
vn -0.6294 -0.4206 0.6534
vn -0.6593 0.7518 0.0000
vn -0.5541 0.8292 0.0736
vn -0.5556 0.8315 0.0000
vn -0.5541 0.8292 -0.0736
vn -0.6576 0.7498 -0.0736
vn -0.7498 0.6576 -0.0736
vn -0.7518 0.6593 0.0000
vn -0.7498 0.6576 0.0736
vn -0.6576 0.7498 0.0736
vn -0.7413 0.6501 0.1671
vn -0.6501 0.7413 -0.1671
vn -0.7413 0.6501 -0.1671
vn -0.8292 0.5541 -0.0736
vn -0.8315 0.5556 0.0000
vn -0.8292 0.5541 0.0736
vn -0.8198 0.5478 0.1671
vn -0.8944 0.4411 0.0736
vn -0.8969 0.4423 0.0000
vn -0.4423 0.8969 0.0000
vn -0.6576 -0.7498 0.0736
vn -0.5541 -0.8292 -0.0736
vn -0.5556 -0.8315 -0.0000
vn -0.6593 -0.7518 -0.0000
vn -0.7518 -0.6593 0.0000
vn -0.7498 -0.6576 0.0736
vn -0.7498 -0.6576 -0.0736
vn -0.8315 -0.5556 -0.0000
vn -0.8969 -0.4423 -0.0000
vn -0.9469 -0.3214 -0.0000
vn -0.6509 0.5708 -0.5004
vn -0.5709 0.6509 -0.5004
vn -0.6362 0.7255 0.2624
vn -0.5361 0.8023 0.2625
vn -0.5361 0.8023 0.2624
vn -0.4268 0.8654 0.2624
vn -0.8023 0.5361 0.2624
vn -0.7255 0.6362 0.2624
vn -0.8639 0.0566 -0.5004
vn -0.8491 0.1689 -0.5004
vn -0.8198 0.2783 -0.5004
vn -0.7765 0.3829 -0.5004
vn -0.7199 0.4810 -0.5004
vn -0.8654 -0.4268 0.2624
vn -0.9137 -0.3102 0.2624
vn -0.9464 -0.1883 0.2624
vn -0.9629 -0.0631 0.2624
vn -0.8639 -0.0566 -0.5004
vn -0.8491 -0.1689 -0.5004
vn -0.8198 -0.2783 -0.5004
vn -0.7765 -0.3829 -0.5004
vn -0.7199 -0.4810 -0.5004
vn -0.6509 -0.5708 -0.5004
vn -0.5708 -0.6509 -0.5004
vn -0.5709 -0.6509 -0.5004
vn -0.6362 -0.7255 0.2624
vn -0.7255 -0.6362 0.2624
vn -0.8023 -0.5361 0.2624
vn -0.0631 -0.9629 0.2624
vn -0.1883 -0.9464 0.2625
vn -0.1883 -0.9464 0.2624
vn -0.3102 -0.9137 0.2624
vn -0.5361 -0.8023 0.2624
vn -0.4268 -0.8654 0.2624
vn -0.0566 -0.8639 -0.5004
vn -0.1689 -0.8491 -0.5004
vn -0.2783 -0.8198 -0.5004
vn -0.3829 -0.7765 -0.5004
vn -0.4810 -0.7199 -0.5004
vn 0.5708 -0.6509 -0.5004
vn 0.4810 -0.7199 -0.5004
vn 0.0566 -0.8639 -0.5004
vn 0.3829 -0.7765 -0.5004
vn 0.2783 -0.8198 -0.5004
vn 0.1689 -0.8491 -0.5004
vn 0.5709 -0.6509 -0.5004
vn 0.5361 -0.8023 0.2624
vn 0.4268 -0.8654 0.2624
vn 0.3102 -0.9137 0.2624
vn 0.1883 -0.9464 0.2624
vn 0.1883 -0.9464 0.2625
vn 0.0631 -0.9629 0.2625
vn 0.0631 -0.9629 0.2624
vn 0.9137 -0.3102 0.2624
vn 0.7255 -0.6362 0.2624
vn 0.6362 -0.7255 0.2624
vn 0.8023 -0.5361 0.2624
vn 0.8654 -0.4268 0.2624
vn 0.8491 -0.1689 -0.5004
vn 0.8198 -0.2783 -0.5004
vn 0.7765 -0.3829 -0.5004
vn 0.7199 -0.4810 -0.5004
vn 0.6509 -0.5708 -0.5004
vn 0.6509 -0.5709 -0.5004
vn 0.9137 0.3102 0.2624
vn 0.9464 0.1882 0.2624
vn 0.9464 0.1883 0.2624
vn 0.9629 0.0631 0.2624
vn 0.9629 -0.0631 0.2624
vn 0.9464 -0.1883 0.2624
vn 0.8639 -0.0566 -0.5004
vn 0.8639 0.0566 -0.5004
vn 0.8491 0.1689 -0.5004
vn 0.8198 0.2783 -0.5004
vn 0.7765 0.3829 -0.5004
vn 0.7199 0.4810 -0.5004
vn 0.6509 0.5708 -0.5004
vn 0.5709 0.6509 -0.5004
vn 0.6362 0.7255 0.2624
vn 0.7255 0.6362 0.2624
vn 0.8023 0.5361 0.2624
vn 0.8654 0.4268 0.2624
vn 0.5361 0.8023 0.2624
vn 0.4268 0.8654 0.2624
vn 0.0631 0.9629 0.2624
vn 0.3102 0.9137 0.2624
vn 0.1883 0.9464 0.2624
vn 0.1883 0.9464 0.2625
vn 0.0566 0.8639 -0.5004
vn 0.1689 0.8491 -0.5004
vn 0.2783 0.8198 -0.5004
vn 0.3829 0.7765 -0.5004
vn 0.4810 0.7199 -0.5004
vn 0.5708 0.6509 -0.5004
vn -0.7512 0.0492 -0.6583
vn -0.9733 0.1936 -0.1231
vn -0.7383 0.1469 -0.6583
vn -0.7128 0.2420 -0.6583
vn -0.6751 0.3329 -0.6583
vn -0.6259 0.4182 -0.6583
vn -0.6543 0.7461 -0.1231
vn -0.7461 0.6543 -0.1231
vn -0.8251 0.5513 -0.1231
vn -0.8901 0.4389 -0.1231
vn -0.9397 0.3190 -0.1231
vn -0.9397 0.3190 0.1231
vn -0.9733 0.1936 0.1231
vn -0.8901 0.4389 0.1231
vn -0.8251 0.5513 0.1231
vn -0.7461 0.6543 0.1231
vn -0.6543 0.7461 0.1231
vn -0.5513 0.8251 0.1231
vn -0.5660 0.4963 0.6583
vn -0.6259 0.4182 0.6583
vn -0.6751 0.3329 0.6583
vn -0.7128 0.2420 0.6583
vn -0.7383 0.1469 0.6583
vn -0.7512 0.0492 0.6583
vn -0.6751 -0.3329 0.6583
vn -0.7128 -0.2420 0.6583
vn -0.7383 -0.1469 0.6583
vn -0.7512 -0.0492 0.6583
vn -0.9903 0.0649 0.1231
vn -0.9903 -0.0649 0.1231
vn -0.9733 -0.1936 0.1231
vn -0.9397 -0.3190 0.1231
vn -0.8901 -0.4389 0.1231
vn -0.8251 -0.5513 0.1231
vn -0.7461 -0.6543 0.1231
vn -0.6543 -0.7461 -0.1231
vn -0.7461 -0.6543 -0.1231
vn -0.8251 -0.5513 -0.1231
vn -0.8901 -0.4389 -0.1231
vn -0.9397 -0.3190 -0.1231
vn -0.9733 -0.1936 -0.1231
vn -0.9903 -0.0649 -0.1231
vn -0.7128 -0.2420 -0.6583
vn -0.7383 -0.1469 -0.6583
vn -0.7512 -0.0492 -0.6583
vn -0.9903 0.0649 -0.1231
vn -0.4182 -0.6259 -0.6583
vn -0.4963 -0.5660 -0.6583
vn -0.5660 -0.4963 -0.6583
vn -0.6259 -0.4182 -0.6583
vn -0.6751 -0.3329 -0.6583
vn 0.9903 -0.0649 0.1231
vn 0.9903 -0.0649 -0.1231
vn 0.9903 0.0649 -0.1231
vn 0.9903 0.0649 0.1231
vn 0.7512 0.0492 0.6583
vn 0.7383 0.1469 0.6583
vn 0.7128 0.2420 0.6583
vn 0.8901 0.4389 0.1231
vn 0.9397 0.3190 0.1231
vn 0.9733 0.1936 0.1231
vn 0.9733 0.1936 -0.1231
vn 0.7512 0.0492 -0.6583
vn 0.7512 -0.0492 -0.6583
vn 0.5660 0.4963 -0.6583
vn 0.6259 0.4182 -0.6583
vn 0.8251 0.5513 -0.1231
vn 0.8901 0.4389 -0.1231
vn 0.9397 0.3190 -0.1231
vn 0.7383 0.1469 -0.6583
vn 0.7128 0.2420 -0.6583
vn 0.6751 0.3329 -0.6583
vn 0.7383 -0.1469 -0.6583
vn 0.7128 -0.2420 -0.6583
vn 0.6751 -0.3329 -0.6583
vn 0.6259 -0.4182 -0.6583
vn 0.5660 -0.4963 -0.6583
vn 0.7461 -0.6543 0.1231
vn 0.7461 -0.6543 -0.1231
vn 0.8251 -0.5513 -0.1231
vn 0.8901 -0.4389 -0.1231
vn 0.9397 -0.3190 -0.1231
vn 0.9733 -0.1936 -0.1231
vn 0.7512 -0.0492 0.6583
vn 0.9733 -0.1936 0.1231
vn 0.9397 -0.3190 0.1231
vn 0.8901 -0.4389 0.1231
vn 0.8251 -0.5513 0.1231
vn 0.7383 -0.1469 0.6583
vn 0.7128 -0.2420 0.6583
vn 0.6751 -0.3329 0.6583
vn 0.6259 -0.4182 0.6583
vn 0.5660 -0.4963 0.6583
vn 0.1469 -0.7383 0.6583
vn 0.2420 -0.7128 0.6583
vn 0.3329 -0.6751 0.6583
vn 0.4182 -0.6259 0.6583
vn 0.4963 -0.5660 0.6583
vn 0.1936 -0.9733 -0.1231
vn 0.1936 -0.9733 0.1231
vn 0.3190 -0.9397 0.1231
vn 0.4389 -0.8901 0.1231
vn 0.5513 -0.8251 0.1231
vn 0.6543 -0.7461 0.1231
vn 0.6543 -0.7461 -0.1231
vn 0.5513 -0.8251 -0.1231
vn 0.4389 -0.8901 -0.1231
vn 0.3190 -0.9397 -0.1231
vn 0.4963 -0.5660 -0.6583
vn 0.4182 -0.6259 -0.6583
vn 0.3329 -0.6751 -0.6583
vn 0.2420 -0.7128 -0.6583
vn 0.1469 -0.7383 -0.6583
vn 0.0492 -0.7512 -0.6583
vn 0.0649 -0.9903 -0.1231
vn 0.0649 -0.9903 0.1231
vn 0.0492 -0.7512 0.6583
vn 0.8815 -0.4722 0.0000
vn 0.9572 -0.2894 0.0000
vn 0.9951 -0.0990 0.0000
vn 0.9951 0.0990 0.0000
vn 0.9572 0.2894 0.0000
vn 0.8815 0.4722 0.0000
vn 0.7736 0.6337 0.0000
vn 0.6337 0.7736 0.0000
vn 0.4722 0.8815 0.0000
vn 0.2894 0.9572 0.0000
vn 0.0990 0.9951 0.0000
vn -0.0990 0.9951 0.0000
vn -0.2894 0.9572 0.0000
vn -0.4722 0.8815 0.0000
vn -0.6337 0.7736 0.0000
vn -0.7736 0.6337 0.0000
vn -0.8815 0.4722 0.0000
vn -0.9572 0.2894 0.0000
vn -0.9951 0.0990 0.0000
vn -0.9951 -0.0990 0.0000
vn -0.9572 -0.2894 0.0000
vn -0.8815 -0.4722 0.0000
vn -0.7736 -0.6337 0.0000
vn -0.6337 -0.7736 0.0000
vn -0.4722 -0.8815 0.0000
vn -0.2894 -0.9572 -0.0000
vn -0.0990 -0.9951 0.0000
vn 0.0990 -0.9951 0.0000
vn 0.2894 -0.9572 0.0000
vn 0.4722 -0.8815 -0.0000
vn 0.6337 -0.7736 -0.0000
vn 0.7736 -0.6337 0.0000
vn 0.6222 -0.5097 0.5942
vn 0.6223 -0.5097 0.5942
vn 0.5097 -0.6222 0.5942
vn 0.1856 -0.2266 0.9562
vn 0.2266 -0.1856 0.9562
vn 0.2581 -0.1383 0.9562
vn 0.7090 -0.3798 0.5942
vn 0.2824 -0.1513 0.9473
vn 0.3066 -0.0927 0.9473
vn 0.7699 -0.2328 0.5942
vn 0.2803 -0.0847 0.9562
vn 0.2914 -0.0290 0.9562
vn 0.8004 -0.0796 0.5942
vn 0.8130 -0.0809 0.5766
vn 0.8130 -0.0809 0.5767
vn 0.7820 -0.2364 0.5766
vn 0.7202 -0.3858 0.5766
vn 0.6320 -0.5177 0.5766
vn 0.5177 -0.6320 0.5766
vn 0.5177 -0.6320 0.5767
vn 0.3858 -0.7202 0.5766
vn 0.2364 -0.7820 0.5766
vn 0.3798 -0.7090 0.5942
vn 0.2328 -0.7699 0.5942
vn 0.0847 -0.2803 0.9562
vn 0.0290 -0.2914 0.9562
vn 0.0796 -0.8004 0.5942
vn 0.0927 -0.3066 0.9473
vn 0.1513 -0.2824 0.9473
vn 0.2030 -0.2478 0.9473
vn 0.1508 -0.4988 0.8535
vn -0.1508 0.4988 0.8535
vn 0.1383 -0.2581 0.9562
vn 0.2478 -0.2030 0.9473
vn 0.4593 -0.2461 0.8535
vn 0.3188 -0.0317 0.9473
vn 0.3188 0.0317 0.9473
vn 0.8004 0.0796 0.5942
vn 0.2914 0.0290 0.9562
vn -0.0415 -0.0621 -0.9972
vn -0.0330 -0.0670 -0.9972
vn -0.0493 -0.0562 -0.9972
vn -0.2200 -0.3292 -0.9183
vn -0.1751 -0.3551 -0.9183
vn -0.0240 -0.0708 -0.9972
vn -0.3441 -0.5150 -0.7851
vn -0.2610 -0.2977 -0.9183
vn -0.0562 -0.0493 -0.9972
vn -0.1936 0.9733 0.1231
vn -0.1936 0.9733 -0.1231
vn -0.3190 0.9397 -0.1231
vn -0.4389 0.8901 -0.1231
vn -0.5513 0.8251 -0.1231
vn -0.1469 0.7383 -0.6583
vn -0.0492 0.7512 -0.6583
vn -0.0649 0.9903 -0.1231
vn -0.0649 0.9903 0.1231
vn -0.0492 0.7512 0.6583
vn -0.1469 0.7383 0.6583
vn -0.2420 0.7128 0.6583
vn -0.3329 0.6751 0.6583
vn -0.4182 0.6259 0.6583
vn -0.4963 0.5660 0.6583
vn -0.4389 0.8900 0.1231
vn -0.4389 0.8901 0.1231
vn -0.3190 0.9397 0.1231
vn -0.0566 0.8639 -0.5004
vn -0.4810 0.7199 -0.5004
vn -0.5708 0.6509 -0.5004
vn -0.1689 0.8491 -0.5004
vn -0.2783 0.8198 -0.5004
vn -0.3829 0.7765 -0.5004
vn -0.1383 -0.2581 0.9562
vn -0.0847 -0.2803 0.9562
vn -0.2327 -0.7699 0.5942
vn -0.3798 -0.7090 0.5942
vn -0.5097 -0.6223 0.5942
vn -0.5097 -0.6222 0.5942
vn 0.1936 0.9733 0.1231
vn 0.1936 0.9733 -0.1231
vn 0.3190 0.9397 -0.1231
vn 0.4389 0.8901 -0.1231
vn 0.5513 0.8251 -0.1231
vn 0.6543 0.7461 -0.1231
vn 0.0649 0.9903 -0.1231
vn 0.0492 0.7512 -0.6583
vn 0.1469 0.7383 -0.6583
vn 0.2420 0.7128 -0.6583
vn 0.3329 0.6751 -0.6583
vn 0.4182 0.6259 -0.6583
vn 0.4963 0.5660 -0.6583
vn 0.7461 0.6543 -0.1231
vn 0.7461 0.6543 0.1231
vn 0.8251 0.5513 0.1231
vn 0.6751 0.3329 0.6583
vn 0.6259 0.4182 0.6583
vn 0.5660 0.4963 0.6583
vn 0.4963 0.5660 0.6583
vn 0.4182 0.6259 0.6583
vn 0.6543 0.7461 0.1231
vn 0.5513 0.8251 0.1231
vn 0.4389 0.8901 0.1231
vn 0.3190 0.9397 0.1231
vn 0.3329 0.6751 0.6583
vn 0.2420 0.7128 0.6583
vn 0.1469 0.7383 0.6583
vn 0.0492 0.7512 0.6583
vn 0.0649 0.9903 0.1231
vn -0.9629 0.0631 0.2624
vn -0.9464 0.1883 0.2624
vn -0.9137 0.3102 0.2624
vn -0.8654 0.4268 0.2624
vn 0.5362 0.8025 0.2618
vn 0.6363 0.7256 0.2618
vn 0.7256 0.6363 0.2618
vn 0.8025 0.5362 0.2618
vn 0.8656 0.4269 0.2618
vn 0.9139 0.3102 0.2618
vn 0.9466 0.1883 0.2618
vn 0.9630 0.0631 0.2618
vn 0.9630 -0.0631 0.2618
vn 0.9466 -0.1883 0.2618
vn 0.9139 -0.3102 0.2618
vn 0.8656 -0.4269 0.2618
vn 0.8025 -0.5362 0.2618
vn 0.7256 -0.6363 0.2618
vn 0.6363 -0.7256 0.2618
vn 0.5362 -0.8025 0.2618
vn 0.4269 -0.8656 0.2618
vn 0.3102 -0.9139 0.2618
vn 0.1883 -0.9466 0.2618
vn 0.0631 -0.9630 0.2618
vn -0.0631 -0.9630 0.2618
vn -0.1883 -0.9466 0.2618
vn -0.3102 -0.9139 0.2618
vn -0.4269 -0.8656 0.2618
vn -0.5362 -0.8025 0.2618
vn -0.6363 -0.7256 0.2618
vn -0.7256 -0.6363 0.2618
vn -0.8025 -0.5362 0.2618
vn -0.8656 -0.4269 0.2618
vn -0.9139 -0.3102 0.2618
vn -0.9466 -0.1883 0.2618
vn -0.9630 -0.0631 0.2618
vn -0.9630 0.0631 0.2618
vn -0.9466 0.1883 0.2618
vn -0.9139 0.3102 0.2618
vn -0.8656 0.4269 0.2618
vn -0.8025 0.5362 0.2618
vn -0.7256 0.6363 0.2618
vn -0.6363 0.7256 0.2618
vn -0.5362 0.8025 0.2618
vn -0.4269 0.8656 0.2618
vn -0.3102 0.9139 0.2618
vn -0.1883 0.9466 0.2618
vn -0.0631 0.9630 0.2618
vn 0.0631 0.9630 0.2618
vn 0.1883 0.9466 0.2618
vn 0.3102 0.9139 0.2618
vn 0.4269 0.8656 0.2618
vn -0.1936 -0.9733 0.1231
vn -0.1936 -0.9733 -0.1231
vn -0.3190 -0.9397 -0.1231
vn -0.4389 -0.8901 -0.1231
vn -0.4389 -0.8900 -0.1231
vn -0.5513 -0.8251 -0.1231
vn -0.0649 -0.9903 -0.1231
vn -0.0492 -0.7512 -0.6583
vn -0.1469 -0.7383 -0.6583
vn -0.2420 -0.7128 -0.6583
vn -0.3329 -0.6751 -0.6583
vn -0.5660 0.4963 -0.6583
vn -0.4963 0.5660 -0.6583
vn -0.4182 0.6259 -0.6583
vn -0.3329 0.6751 -0.6583
vn -0.2420 0.7128 -0.6583
vn -0.6543 -0.7461 0.1231
vn -0.5513 -0.8251 0.1231
vn -0.4389 -0.8901 0.1231
vn -0.3190 -0.9397 0.1231
vn -0.0649 -0.9903 0.1231
vn -0.0492 -0.7512 0.6583
vn -0.1469 -0.7383 0.6583
vn -0.2420 -0.7128 0.6583
vn -0.3329 -0.6751 0.6583
vn -0.4182 -0.6259 0.6583
vn -0.4963 -0.5660 0.6583
vn -0.5660 -0.4963 0.6583
vn -0.6259 -0.4182 0.6583
vn -0.3302 0.4031 0.8535
vn -0.0317 -0.3188 0.9473
vn 0.0317 -0.3188 0.9473
vn -0.7820 0.2655 0.5639
vn -0.8100 0.1611 0.5639
vn -0.8241 0.0540 0.5639
vn -0.8241 -0.0540 0.5639
vn -0.8100 -0.1611 0.5639
vn -0.7820 -0.2655 0.5639
vn -0.7407 -0.3653 0.5639
vn -0.6867 -0.4588 0.5639
vn -0.6209 -0.5445 0.5639
vn -0.5445 -0.6209 0.5639
vn -0.4588 -0.6867 0.5639
vn -0.3653 -0.7407 0.5639
vn -0.2655 -0.7820 0.5639
vn -0.1611 -0.8100 0.5639
vn -0.0540 -0.8241 0.5639
vn 0.0540 -0.8241 0.5639
vn 0.1611 -0.8100 0.5639
vn 0.2655 -0.7820 0.5639
vn 0.3653 -0.7407 0.5639
vn 0.4588 -0.6867 0.5639
vn 0.5445 -0.6209 0.5639
vn 0.6209 -0.5445 0.5639
vn 0.6867 -0.4588 0.5639
vn 0.7407 -0.3653 0.5639
vn 0.7820 -0.2655 0.5639
vn 0.8100 -0.1611 0.5639
vn 0.8241 -0.0540 0.5639
vn 0.8241 0.0540 0.5639
vn 0.8100 0.1611 0.5639
vn 0.7820 0.2655 0.5639
vn 0.7407 0.3653 0.5639
vn 0.6867 0.4588 0.5639
vn 0.6209 0.5445 0.5639
vn 0.5445 0.6209 0.5639
vn 0.4588 0.6867 0.5639
vn 0.3653 0.7407 0.5639
vn 0.2655 0.7820 0.5639
vn 0.1611 0.8100 0.5639
vn 0.0540 0.8241 0.5639
vn -0.0540 0.8241 0.5639
vn -0.1611 0.8100 0.5639
vn -0.2655 0.7820 0.5639
vn -0.3653 0.7407 0.5639
vn -0.4588 0.6867 0.5639
vn -0.5445 0.6209 0.5639
vn -0.6209 0.5445 0.5639
vn -0.6867 0.4588 0.5639
vn -0.7407 0.3653 0.5639
vn -0.4268 0.8654 0.2625
vn -0.3102 0.9137 0.2624
vn -0.1883 0.9464 0.2624
vn -0.0631 0.9629 0.2624
vn -0.0670 -0.0330 0.9972
vn -0.0708 -0.0240 0.9972
vn -0.0733 -0.0146 0.9972
vn -0.4157 0.8429 -0.3416
vn -0.5222 0.7815 -0.3416
vn -0.6197 0.7066 -0.3416
vn -0.7066 0.6197 -0.3416
vn -0.7815 0.5222 -0.3416
vn -0.8429 0.4157 -0.3416
vn -0.8900 0.3021 -0.3416
vn -0.9218 0.1834 -0.3416
vn -0.9378 0.0615 -0.3416
vn -0.9378 -0.0615 -0.3416
vn -0.9218 -0.1834 -0.3416
vn -0.8900 -0.3021 -0.3416
vn -0.8429 -0.4157 -0.3416
vn -0.7815 -0.5222 -0.3416
vn -0.7066 -0.6197 -0.3416
vn -0.6197 -0.7066 -0.3416
vn -0.5222 -0.7815 -0.3416
vn -0.4157 -0.8429 -0.3416
vn -0.3021 -0.8900 -0.3416
vn -0.1834 -0.9218 -0.3416
vn -0.0615 -0.9378 -0.3416
vn 0.0615 -0.9378 -0.3416
vn 0.1834 -0.9218 -0.3416
vn 0.3021 -0.8900 -0.3416
vn 0.4157 -0.8429 -0.3416
vn 0.5222 -0.7815 -0.3416
vn 0.6197 -0.7066 -0.3416
vn 0.7066 -0.6197 -0.3416
vn 0.7815 -0.5222 -0.3416
vn 0.8429 -0.4157 -0.3416
vn 0.8900 -0.3021 -0.3416
vn 0.9218 -0.1834 -0.3416
vn 0.9378 -0.0615 -0.3416
vn 0.9378 0.0615 -0.3416
vn 0.9218 0.1834 -0.3416
vn 0.8900 0.3021 -0.3416
vn 0.8429 0.4157 -0.3416
vn 0.7815 0.5222 -0.3416
vn 0.7066 0.6197 -0.3416
vn 0.6197 0.7066 -0.3416
vn 0.5222 0.7815 -0.3416
vn 0.4157 0.8429 -0.3416
vn 0.3021 0.8900 -0.3416
vn 0.1834 0.9218 -0.3416
vn 0.0615 0.9378 -0.3416
vn -0.0615 0.9378 -0.3416
vn -0.1834 0.9218 -0.3416
vn -0.3021 0.8900 -0.3416
vn 0.6363 -0.7256 -0.2618
vn 0.5362 -0.8025 -0.2618
vn 0.4269 -0.8656 -0.2618
vn 0.3102 -0.9139 -0.2618
vn 0.1883 -0.9466 -0.2618
vn 0.0631 -0.9630 -0.2618
vn -0.0631 -0.9630 -0.2618
vn -0.1883 -0.9466 -0.2618
vn -0.3102 -0.9139 -0.2618
vn -0.4269 -0.8656 -0.2618
vn -0.5362 -0.8025 -0.2618
vn -0.6363 -0.7256 -0.2618
vn -0.7256 -0.6363 -0.2618
vn -0.8025 -0.5362 -0.2618
vn -0.8656 -0.4269 -0.2618
vn -0.9139 -0.3102 -0.2618
vn -0.9466 -0.1883 -0.2618
vn -0.9630 -0.0631 -0.2618
vn -0.9630 0.0631 -0.2618
vn -0.9466 0.1883 -0.2618
vn -0.9139 0.3102 -0.2618
vn -0.8656 0.4269 -0.2618
vn -0.8025 0.5362 -0.2618
vn -0.7256 0.6363 -0.2618
vn -0.6363 0.7256 -0.2618
vn -0.5362 0.8025 -0.2618
vn -0.4269 0.8656 -0.2618
vn -0.3102 0.9139 -0.2618
vn -0.1883 0.9466 -0.2618
vn -0.0631 0.9630 -0.2618
vn 0.0631 0.9630 -0.2618
vn 0.1883 0.9466 -0.2618
vn 0.3102 0.9139 -0.2618
vn 0.4269 0.8656 -0.2618
vn 0.5362 0.8025 -0.2618
vn 0.6363 0.7256 -0.2618
vn 0.7256 0.6363 -0.2618
vn 0.8025 0.5362 -0.2618
vn 0.8656 0.4269 -0.2618
vn 0.9139 0.3102 -0.2618
vn 0.9466 0.1883 -0.2618
vn 0.9630 0.0631 -0.2618
vn 0.9630 -0.0631 -0.2618
vn 0.9466 -0.1883 -0.2618
vn 0.9139 -0.3102 -0.2618
vn 0.8656 -0.4269 -0.2618
vn 0.8025 -0.5362 -0.2618
vn 0.7256 -0.6363 -0.2618
vn -0.0290 0.2914 0.9562
vn -0.2327 0.7699 0.5942
vn -0.1513 0.2824 0.9473
vn 0.2739 -0.5555 -0.7851
vn 0.2433 -0.7168 -0.6534
vn 0.1691 -0.8502 -0.4985
vn 0.1841 -0.9253 -0.3316
vn 0.1924 -0.9670 -0.1671
vn 0.0617 -0.9414 -0.3316
vn -0.8198 -0.5478 0.1671
vn -0.7413 -0.6501 0.1671
usemtl pskmat0.012
s off
f 2349/1/1 2347/2/1 2348/3/1
f 2356/4/2 2361/5/2 2366/6/2
f 2361/5/2 2356/4/2 2355/7/2
f 2361/5/3 2355/7/3 2359/8/3
f 2360/9/4 2359/8/4 2355/7/4
f 2359/8/5 2360/9/5 2347/2/5
f 2347/2/6 2360/9/6 2309/10/6
f 2348/3/7 2347/2/7 2309/10/7
f 2348/3/8 2309/10/8 2306/11/8
f 2309/10/9 2307/12/9 2306/11/9
f 2308/13/10 2306/11/10 2307/12/10
f 2357/14/11 2355/7/11 2356/4/11
f 2355/7/12 2357/14/12 2358/15/12
f 2358/15/13 2360/9/13 2355/7/13
f 2360/9/14 2358/15/14 2307/12/14
f 2360/9/15 2307/12/15 2309/10/15
f 2306/11/16 2308/13/16 2312/16/16
f 2313/17/17 2312/16/17 2308/13/17
f 2310/18/18 2312/16/18 2313/17/18
f 2312/16/19 2310/18/19 2311/19/19
f 179/20/20 132/21/20 178/22/20
f 178/22/21 128/23/21 177/24/21
f 131/25/21 128/23/21 178/22/21
f 131/25/20 178/22/20 132/21/20
f 131/25/22 132/21/22 130/26/22
f 133/27/22 130/26/22 132/21/22
f 130/26/23 133/27/23 210/28/23
f 211/29/23 210/28/23 133/27/23
f 290/30/24 210/28/24 211/29/24
f 130/26/22 128/23/22 131/25/22
f 212/31/25 293/32/25 211/29/25
f 211/29/26 133/27/26 212/31/26
f 133/27/26 135/33/26 212/31/26
f 133/27/22 132/21/22 135/33/22
f 135/33/22 132/21/22 134/34/22
f 132/21/27 179/20/27 134/34/27
f 180/35/27 134/34/27 179/20/27
f 134/34/28 180/35/28 136/36/28
f 181/37/28 136/36/28 180/35/28
f 136/36/29 181/37/29 139/38/29
f 135/33/30 137/39/30 212/31/30
f 137/39/22 135/33/22 136/36/22
f 134/34/22 136/36/22 135/33/22
f 137/39/22 136/36/22 138/40/22
f 139/38/22 138/40/22 136/36/22
f 139/38/22 140/41/22 138/40/22
f 182/42/29 139/38/29 181/37/29
f 184/43/31 139/38/31 182/42/31
f 184/43/31 140/41/31 139/38/31
f 184/43/32 183/44/32 140/41/32
f 143/45/32 140/41/32 183/44/32
f 186/46/33 143/45/33 183/44/33
f 186/46/34 144/47/34 143/45/34
f 186/46/35 185/48/35 144/47/35
f 147/49/36 144/47/36 185/48/36
f 147/49/37 185/48/37 148/50/37
f 147/49/22 146/51/22 144/47/22
f 213/52/30 212/31/30 137/39/30
f 213/52/38 137/39/38 214/53/38
f 138/40/38 214/53/38 137/39/38
f 138/40/39 141/54/39 214/53/39
f 141/54/22 138/40/22 140/41/22
f 141/54/22 140/41/22 142/55/22
f 143/45/22 142/55/22 140/41/22
f 143/45/22 144/47/22 142/55/22
f 145/56/22 142/55/22 144/47/22
f 145/56/22 144/47/22 146/51/22
f 214/53/40 301/57/40 213/52/40
f 298/58/41 213/52/41 301/57/41
f 301/57/42 299/59/42 298/58/42
f 300/60/42 298/58/42 299/59/42
f 301/57/43 307/61/43 299/59/43
f 146/51/44 218/62/44 145/56/44
f 218/62/44 217/63/44 145/56/44
f 315/64/45 217/63/45 218/62/45
f 315/64/46 308/65/46 217/63/46
f 308/65/47 315/64/47 306/66/47
f 308/65/48 306/66/48 307/61/48
f 309/67/48 307/61/48 306/66/48
f 309/67/43 299/59/43 307/61/43
f 299/59/49 309/67/49 312/68/49
f 312/68/50 300/60/50 299/59/50
f 317/69/47 306/66/47 315/64/47
f 319/70/51 321/71/51 317/69/51
f 306/66/51 317/69/51 321/71/51
f 321/71/52 309/67/52 306/66/52
f 310/72/49 312/68/49 309/67/49
f 309/67/52 321/71/52 310/72/52
f 318/73/53 310/72/53 321/71/53
f 321/71/54 319/70/54 318/73/54
f 320/74/54 318/73/54 319/70/54
f 302/75/55 300/60/55 312/68/55
f 311/76/56 302/75/56 312/68/56
f 312/68/57 310/72/57 311/76/57
f 313/77/57 311/76/57 310/72/57
f 310/72/53 318/73/53 313/77/53
f 354/78/22 313/77/22 318/73/22
f 354/78/22 318/73/22 320/74/22
f 354/78/22 320/74/22 326/79/22
f 319/70/58 326/79/58 320/74/58
f 329/80/58 326/79/58 319/70/58
f 354/78/22 311/76/22 313/77/22
f 354/78/22 238/81/22 240/82/22
f 354/78/22 343/83/22 345/84/22
f 354/78/22 336/85/22 343/83/22
f 329/80/59 327/86/59 326/79/59
f 328/87/59 326/79/59 327/86/59
f 354/78/22 326/79/22 328/87/22
f 354/78/22 328/87/22 334/88/22
f 354/78/22 334/88/22 336/85/22
f 336/85/60 334/88/60 335/89/60
f 336/85/61 335/89/61 343/83/61
f 344/90/61 343/83/61 335/89/61
f 344/90/62 342/91/62 343/83/62
f 345/84/62 343/83/62 342/91/62
f 345/84/63 342/91/63 351/92/63
f 354/78/22 345/84/22 351/92/22
f 354/78/22 351/92/22 353/93/22
f 335/89/64 332/94/64 344/90/64
f 323/95/65 332/94/65 337/96/65
f 335/89/65 337/96/65 332/94/65
f 337/96/60 335/89/60 334/88/60
f 331/97/66 344/90/66 332/94/66
f 331/97/67 340/98/67 344/90/67
f 342/91/68 344/90/68 340/98/68
f 342/91/69 340/98/69 352/99/69
f 351/92/70 342/91/70 352/99/70
f 352/99/71 350/100/71 351/92/71
f 353/93/71 351/92/71 350/100/71
f 350/100/72 230/101/72 353/93/72
f 354/78/22 353/93/22 230/101/22
f 354/78/22 230/101/22 232/102/22
f 350/100/73 352/99/73 349/103/73
f 349/103/74 233/104/74 350/100/74
f 230/101/72 350/100/72 233/104/72
f 233/104/75 231/105/75 230/101/75
f 232/102/75 230/101/75 231/105/75
f 231/105/76 233/104/76 229/106/76
f 347/107/76 229/106/76 233/104/76
f 233/104/74 349/103/74 347/107/74
f 229/106/77 347/107/77 227/108/77
f 354/78/22 232/102/22 238/81/22
f 231/105/78 238/81/78 232/102/78
f 241/109/78 238/81/78 231/105/78
f 229/106/79 241/109/79 231/105/79
f 226/110/79 241/109/79 229/106/79
f 229/106/80 227/108/80 226/110/80
f 228/111/80 226/110/80 227/108/80
f 227/108/81 195/112/81 228/111/81
f 196/113/81 228/111/81 195/112/81
f 195/112/82 101/114/82 196/113/82
f 236/115/83 234/116/83 235/117/83
f 236/115/84 226/110/84 234/116/84
f 228/111/84 234/116/84 226/110/84
f 228/111/85 196/113/85 234/116/85
f 248/118/52 247/119/52 255/120/52
f 354/78/22 248/118/22 255/120/22
f 354/78/22 246/121/22 248/118/22
f 354/78/22 240/82/22 246/121/22
f 240/82/50 239/122/50 246/121/50
f 240/82/86 238/81/86 239/122/86
f 241/109/87 239/122/87 238/81/87
f 239/122/88 241/109/88 236/115/88
f 226/110/88 236/115/88 241/109/88
f 354/78/22 255/120/22 257/123/22
f 239/122/89 236/115/89 249/124/89
f 249/124/50 246/121/50 239/122/50
f 249/124/49 247/119/49 246/121/49
f 248/118/90 246/121/90 247/119/90
f 354/78/22 263/125/22 265/126/22
f 354/78/22 257/123/22 263/125/22
f 257/123/91 254/127/91 263/125/91
f 257/123/51 255/120/51 254/127/51
f 256/128/51 254/127/51 255/120/51
f 256/128/52 255/120/52 247/119/52
f 247/119/53 244/129/53 256/128/53
f 247/119/92 249/124/92 244/129/92
f 235/117/92 244/129/92 249/124/92
f 235/117/56 249/124/56 236/115/56
f 237/130/83 235/117/83 234/116/83
f 237/130/93 242/131/93 235/117/93
f 244/129/93 235/117/93 242/131/93
f 244/129/94 242/131/94 243/132/94
f 243/132/53 256/128/53 244/129/53
f 243/132/54 252/133/54 256/128/54
f 254/127/54 256/128/54 252/133/54
f 254/127/58 252/133/58 264/134/58
f 263/125/91 254/127/91 264/134/91
f 264/134/95 262/135/95 263/125/95
f 262/135/59 264/134/59 261/136/59
f 251/137/59 261/136/59 264/134/59
f 264/134/58 252/133/58 251/137/58
f 252/133/96 250/138/96 251/137/96
f 252/133/97 243/132/97 250/138/97
f 245/139/97 250/138/97 243/132/97
f 245/139/94 243/132/94 242/131/94
f 245/139/98 242/131/98 200/140/98
f 199/141/98 200/140/98 242/131/98
f 200/140/99 199/141/99 109/142/99
f 250/138/100 245/139/100 201/143/100
f 200/140/100 201/143/100 245/139/100
f 261/136/101 259/144/101 258/145/101
f 261/136/102 251/137/102 259/144/102
f 253/146/102 259/144/102 251/137/102
f 253/146/96 251/137/96 250/138/96
f 253/146/103 250/138/103 202/147/103
f 201/143/103 202/147/103 250/138/103
f 201/143/104 113/148/104 202/147/104
f 201/143/105 200/140/105 113/148/105
f 110/149/105 113/148/105 200/140/105
f 109/142/99 110/149/99 200/140/99
f 253/146/106 202/147/106 259/144/106
f 113/148/104 115/150/104 202/147/104
f 113/148/22 112/151/22 115/150/22
f 113/148/22 110/149/22 112/151/22
f 111/152/22 112/151/22 110/149/22
f 110/149/22 108/153/22 111/152/22
f 115/150/22 112/151/22 114/154/22
f 108/153/107 107/155/107 167/156/107
f 108/153/108 167/156/108 168/157/108
f 108/153/109 168/157/109 111/152/109
f 168/157/110 169/158/110 111/152/110
f 112/151/110 111/152/110 169/158/110
f 112/151/111 169/158/111 170/159/111
f 112/151/112 170/159/112 114/154/112
f 114/154/113 170/159/113 116/160/113
f 114/154/22 116/160/22 115/150/22
f 117/161/22 115/150/22 116/160/22
f 171/162/113 116/160/113 170/159/113
f 206/163/114 207/164/114 268/165/114
f 206/163/115 268/165/115 205/166/115
f 205/166/116 121/167/116 206/163/116
f 205/166/117 204/168/117 121/167/117
f 118/169/117 121/167/117 204/168/117
f 118/169/118 204/168/118 117/161/118
f 117/161/22 116/160/22 118/169/22
f 119/170/22 118/169/22 116/160/22
f 116/160/119 171/162/119 119/170/119
f 172/171/120 119/170/120 171/162/120
f 203/172/118 117/161/118 204/168/118
f 204/168/121 260/173/121 203/172/121
f 260/173/122 204/168/122 267/174/122
f 267/174/122 204/168/122 205/166/122
f 267/174/123 205/166/123 268/165/123
f 268/165/124 266/175/124 267/174/124
f 268/165/125 274/176/125 266/175/125
f 276/177/125 266/175/125 274/176/125
f 276/177/126 274/176/126 275/178/126
f 275/178/70 289/179/70 276/177/70
f 277/180/126 275/178/126 274/176/126
f 277/180/127 282/181/127 275/178/127
f 284/182/127 275/178/127 282/181/127
f 275/178/71 284/182/71 289/179/71
f 287/183/71 289/179/71 284/182/71
f 287/183/72 284/182/72 297/184/72
f 283/185/72 297/184/72 284/182/72
f 284/182/128 282/181/128 283/185/128
f 285/186/129 283/185/129 282/181/129
f 279/187/62 281/188/62 276/177/62
f 279/187/70 276/177/70 289/179/70
f 289/179/69 286/189/69 279/187/69
f 289/179/73 287/183/73 286/189/73
f 288/190/73 286/189/73 287/183/73
f 288/190/74 287/183/74 294/191/74
f 297/184/74 294/191/74 287/183/74
f 297/184/76 295/192/76 294/191/76
f 295/192/75 297/184/75 292/193/75
f 283/185/130 292/193/130 297/184/130
f 296/194/76 294/191/76 295/192/76
f 354/78/22 288/190/22 294/191/22
f 354/78/22 294/191/22 296/194/22
f 354/78/22 296/194/22 303/195/22
f 296/194/79 295/192/79 303/195/79
f 303/195/79 295/192/79 304/196/79
f 295/192/78 292/193/78 304/196/78
f 304/196/78 292/193/78 291/197/78
f 292/193/131 290/30/131 291/197/131
f 293/32/131 291/197/131 290/30/131
f 290/30/25 211/29/25 293/32/25
f 354/78/22 303/195/22 305/198/22
f 354/78/22 305/198/22 311/76/22
f 305/198/89 302/75/89 311/76/89
f 305/198/132 303/195/132 302/75/132
f 304/196/88 302/75/88 303/195/88
f 302/75/87 304/196/87 300/60/87
f 291/197/87 300/60/87 304/196/87
f 300/60/133 291/197/133 298/58/133
f 293/32/133 298/58/133 291/197/133
f 212/31/134 298/58/134 293/32/134
f 298/58/134 212/31/134 213/52/134
f 292/193/135 283/185/135 290/30/135
f 285/186/135 290/30/135 283/185/135
f 210/28/24 290/30/24 285/186/24
f 285/186/136 282/181/136 210/28/136
f 282/181/136 209/199/136 210/28/136
f 282/181/137 277/180/137 209/199/137
f 208/200/137 209/199/137 277/180/137
f 277/180/138 274/176/138 208/200/138
f 274/176/138 207/164/138 208/200/138
f 274/176/139 268/165/139 207/164/139
f 209/199/140 208/200/140 129/201/140
f 126/202/140 129/201/140 208/200/140
f 208/200/141 125/203/141 126/202/141
f 208/200/141 207/164/141 125/203/141
f 207/164/142 206/163/142 125/203/142
f 122/204/116 206/163/116 121/167/116
f 122/204/142 125/203/142 206/163/142
f 125/203/22 122/204/22 124/205/22
f 124/205/22 126/202/22 125/203/22
f 127/206/22 126/202/22 124/205/22
f 127/206/22 128/23/22 126/202/22
f 129/201/22 126/202/22 128/23/22
f 128/23/22 130/26/22 129/201/22
f 129/201/143 130/26/143 210/28/143
f 210/28/143 209/199/143 129/201/143
f 123/207/22 124/205/22 122/204/22
f 123/207/22 122/204/22 120/208/22
f 121/167/22 120/208/22 122/204/22
f 121/167/22 118/169/22 120/208/22
f 119/170/22 120/208/22 118/169/22
f 119/170/144 172/171/144 120/208/144
f 173/209/145 120/208/145 172/171/145
f 120/208/146 173/209/146 123/207/146
f 174/210/147 123/207/147 173/209/147
f 123/207/148 174/210/148 175/211/148
f 175/211/148 124/205/148 123/207/148
f 176/212/149 124/205/149 175/211/149
f 127/206/149 124/205/149 176/212/149
f 127/206/150 176/212/150 177/24/150
f 128/23/150 127/206/150 177/24/150
f 162/213/151 98/214/151 164/215/151
f 102/216/82 196/113/82 101/114/82
f 101/114/22 98/214/22 102/216/22
f 103/217/22 102/216/22 98/214/22
f 98/214/152 162/213/152 103/217/152
f 163/218/152 103/217/152 162/213/152
f 103/217/153 163/218/153 104/219/153
f 165/220/153 104/219/153 163/218/153
f 104/219/154 165/220/154 107/155/154
f 166/221/155 107/155/155 165/220/155
f 107/155/156 166/221/156 167/156/156
f 103/217/22 104/219/22 102/216/22
f 110/149/22 109/142/22 108/153/22
f 109/142/22 106/222/22 108/153/22
f 107/155/22 108/153/22 106/222/22
f 106/222/22 104/219/22 107/155/22
f 104/219/22 106/222/22 105/223/22
f 105/223/22 102/216/22 104/219/22
f 102/216/157 105/223/157 196/113/157
f 197/224/157 196/113/157 105/223/157
f 197/224/85 234/116/85 196/113/85
f 234/116/158 197/224/158 237/130/158
f 199/141/159 198/225/159 109/142/159
f 106/222/159 109/142/159 198/225/159
f 198/225/160 105/223/160 106/222/160
f 198/225/160 197/224/160 105/223/160
f 198/225/161 237/130/161 197/224/161
f 198/225/162 199/141/162 237/130/162
f 242/131/163 237/130/163 199/141/163
f 67/226/164 86/227/164 87/228/164
f 67/226/164 87/228/164 88/229/164
f 67/226/164 88/229/164 89/230/164
f 67/226/164 89/230/164 90/231/164
f 67/226/164 90/231/164 91/232/164
f 67/226/164 91/232/164 92/233/164
f 67/226/164 92/233/164 93/234/164
f 67/226/164 93/234/164 94/235/164
f 67/226/164 94/235/164 95/236/164
f 67/226/164 95/236/164 96/237/164
f 67/226/164 96/237/164 97/238/164
f 67/226/164 97/238/164 65/239/164
f 67/226/164 65/239/164 66/240/164
f 67/226/164 66/240/164 68/241/164
f 67/226/164 68/241/164 69/242/164
f 67/226/164 69/242/164 70/243/164
f 67/226/164 70/243/164 71/244/164
f 67/226/164 71/244/164 72/245/164
f 67/226/164 72/245/164 73/246/164
f 67/226/164 73/246/164 74/247/164
f 67/226/164 74/247/164 75/248/164
f 67/226/164 75/248/164 76/249/164
f 67/226/164 76/249/164 77/250/164
f 67/226/164 77/250/164 78/251/164
f 67/226/164 78/251/164 79/252/164
f 67/226/164 79/252/164 80/253/164
f 67/226/164 80/253/164 81/254/164
f 67/226/164 81/254/164 82/255/164
f 67/226/164 82/255/164 83/256/164
f 67/226/164 83/256/164 84/257/164
f 67/226/164 84/257/164 85/258/164
f 67/226/164 85/258/164 86/227/164
f 2540/259/165 2538/260/165 2539/261/165
f 2538/260/166 2540/259/166 2541/262/166
f 2541/262/167 2542/263/167 2538/260/167
f 2490/264/168 2542/263/168 2541/262/168
f 2539/261/169 2544/265/169 2549/266/169
f 2539/261/169 2538/260/169 2544/265/169
f 2538/260/170 2543/267/170 2544/265/170
f 2543/267/171 2538/260/171 2542/263/171
f 2543/267/172 2542/263/172 2530/268/172
f 2492/269/173 2530/268/173 2542/263/173
f 2542/263/174 2490/264/174 2492/269/174
f 2492/269/175 2490/264/175 2489/270/175
f 2491/271/176 2489/270/176 2490/264/176
f 2489/270/177 2491/271/177 2494/272/177
f 2496/273/178 2494/272/178 2491/271/178
f 2495/274/179 2494/272/179 2496/273/179
f 2495/274/180 2493/275/180 2494/272/180
f 2531/276/181 2492/269/181 2489/270/181
f 2531/276/182 2530/268/182 2492/269/182
f 2530/268/183 2531/276/183 2532/277/183
f 2525/278/184 2533/279/184 2534/280/184
f 2525/278/185 2520/281/185 2533/279/185
f 2519/282/185 2533/279/185 2520/281/185
f 2521/283/186 2519/282/186 2520/281/186
f 2519/282/187 2521/283/187 2522/284/187
f 2547/285/188 2522/284/188 2521/283/188
f 2522/284/188 2547/285/188 2548/286/188
f 2525/278/189 2524/287/189 2520/281/189
f 2524/287/190 2523/288/190 2520/281/190
f 2523/288/191 2524/287/191 2528/289/191
f 2528/289/191 2529/290/191 2523/288/191
f 2529/290/192 2528/289/192 2527/291/192
f 2528/289/193 2526/292/193 2527/291/193
f 2503/293/194 2501/294/194 2502/295/194
f 2503/293/195 2502/295/195 2504/296/195
f 2545/297/196 2503/293/196 2504/296/196
f 2545/297/197 2504/296/197 2546/298/197
f 2536/299/198 2545/297/198 2546/298/198
f 2536/299/199 2535/300/199 2545/297/199
f 2537/301/200 2535/300/200 2536/299/200
f 2464/302/201 2472/303/201 2473/304/201
f 2464/302/202 2461/305/202 2472/303/202
f 2459/306/202 2472/303/202 2461/305/202
f 2461/305/203 2460/307/203 2459/306/203
f 2460/307/204 2458/308/204 2459/306/204
f 2460/307/205 2486/309/205 2458/308/205
f 2458/308/205 2486/309/205 2487/310/205
f 2462/311/206 2461/305/206 2464/302/206
f 2463/312/207 2461/305/207 2462/311/207
f 2463/312/208 2462/311/208 2467/313/208
f 2467/313/208 2466/314/208 2463/312/208
f 2467/313/209 2465/315/209 2466/314/209
f 2468/316/210 2465/315/210 2467/313/210
f 2446/317/211 2444/318/211 2445/319/211
f 2447/320/212 2445/319/212 2444/318/212
f 2447/320/213 2436/321/213 2445/319/213
f 2436/321/214 2447/320/214 2439/322/214
f 2439/322/215 2437/323/215 2436/321/215
f 2438/324/216 2436/321/216 2437/323/216
f 2511/325/217 2509/326/217 2510/327/217
f 2509/326/218 2511/325/218 2512/328/218
f 2509/326/219 2512/328/219 2514/329/219
f 2514/329/220 2512/328/220 2513/330/220
f 2513/330/221 2515/331/221 2514/329/221
f 2515/331/222 2517/332/222 2514/329/222
f 2517/332/223 2515/331/223 2516/333/223
f 2518/334/224 2516/333/224 2515/331/224
f 2400/335/225 2401/336/225 2402/337/225
f 2400/335/226 2402/337/226 2403/338/226
f 2406/339/227 2403/338/227 2402/337/227
f 2407/340/227 2403/338/227 2406/339/227
f 2405/341/228 2407/340/228 2406/339/228
f 2406/339/229 2404/342/229 2405/341/229
f 2401/336/230 2411/343/230 2412/344/230
f 2401/336/231 2400/335/231 2411/343/231
f 2397/345/231 2411/343/231 2400/335/231
f 2398/346/232 2397/345/232 2400/335/232
f 2399/347/233 2397/345/233 2398/346/233
f 2425/348/234 2399/347/234 2398/346/234
f 2426/349/234 2399/347/234 2425/348/234
f 2507/350/235 2505/351/235 2506/352/235
f 2508/353/236 2506/352/236 2505/351/236
f 2505/351/237 2498/354/237 2508/353/237
f 2498/354/238 2505/351/238 2499/355/238
f 2499/355/239 2497/356/239 2498/354/239
f 2497/356/240 2499/355/240 2500/357/240
f 2388/358/241 2387/359/241 2390/360/241
f 2389/361/242 2387/359/242 2388/358/242
f 2389/361/243 2391/362/243 2387/359/243
f 2392/363/244 2391/362/244 2389/361/244
f 2391/362/245 2392/363/245 2393/364/245
f 2395/365/246 2391/362/246 2393/364/246
f 2395/365/247 2393/364/247 2394/366/247
f 2396/367/248 2394/366/248 2393/364/248
f 2417/368/249 2422/369/249 2427/370/249
f 2417/368/249 2416/371/249 2422/369/249
f 2416/371/250 2421/372/250 2422/369/250
f 2416/371/251 2420/373/251 2421/372/251
f 2421/372/252 2420/373/252 2410/374/252
f 2370/375/253 2410/374/253 2420/373/253
f 2420/373/254 2368/376/254 2370/375/254
f 2370/375/255 2368/376/255 2367/377/255
f 2369/378/256 2367/377/256 2368/376/256
f 2367/377/257 2369/378/257 2372/379/257
f 2374/380/258 2372/379/258 2369/378/258
f 2373/381/259 2372/379/259 2374/380/259
f 2373/381/260 2371/382/260 2372/379/260
f 2410/374/261 2408/383/261 2409/384/261
f 2370/375/262 2408/383/262 2410/374/262
f 2408/383/263 2370/375/263 2367/377/263
f 2479/385/264 2477/386/264 2478/387/264
f 2477/386/265 2479/385/265 2480/388/265
f 2480/388/266 2483/389/266 2477/386/266
f 2483/389/267 2480/388/267 2428/390/267
f 2435/391/268 2433/392/268 2432/393/268
f 2434/394/269 2432/393/269 2433/392/269
f 2434/394/270 2433/392/270 2431/395/270
f 2429/396/271 2431/395/271 2433/392/271
f 2431/395/272 2429/396/272 2428/390/272
f 2430/397/273 2428/390/273 2429/396/273
f 2483/389/274 2428/390/274 2430/397/274
f 2469/398/275 2483/389/275 2430/397/275
f 2469/398/276 2481/399/276 2483/389/276
f 2483/389/277 2481/399/277 2477/386/277
f 2482/400/278 2477/386/278 2481/399/278
f 2477/386/279 2482/400/279 2478/387/279
f 2478/387/279 2482/400/279 2488/401/279
f 2470/402/280 2430/397/280 2429/396/280
f 2430/397/281 2470/402/281 2469/398/281
f 2471/403/282 2469/398/282 2470/402/282
f 2450/404/283 2448/405/283 2449/406/283
f 2448/405/284 2450/404/284 2451/407/284
f 2448/405/285 2451/407/285 2452/408/285
f 2452/408/286 2451/407/286 2453/409/286
f 2452/408/287 2453/409/287 2455/410/287
f 2455/410/288 2457/411/288 2452/408/288
f 2457/411/289 2455/410/289 2454/412/289
f 2456/413/290 2454/412/290 2455/410/290
f 2329/414/291 2327/415/291 2326/416/291
f 2328/417/292 2326/416/292 2327/415/292
f 2328/417/293 2331/418/293 2326/416/293
f 2331/418/294 2328/417/294 2330/419/294
f 2330/419/295 2333/420/295 2331/418/295
f 2335/421/296 2331/418/296 2333/420/296
f 2335/421/297 2333/420/297 2332/422/297
f 2334/423/298 2332/422/298 2333/420/298
f 2321/424/299 2319/425/299 2318/426/299
f 2320/427/300 2318/426/300 2319/425/300
f 2320/427/301 2362/428/301 2318/426/301
f 2363/429/302 2362/428/302 2320/427/302
f 2353/430/303 2362/428/303 2363/429/303
f 2353/430/304 2352/431/304 2362/428/304
f 2354/432/305 2352/431/305 2353/430/305
f 2278/433/306 2279/434/306 2280/435/306
f 2278/433/307 2280/435/307 2281/436/307
f 2280/435/308 2283/437/308 2281/436/308
f 2283/437/308 2282/438/308 2281/436/308
f 2284/439/309 2282/438/309 2283/437/309
f 2284/439/310 2283/437/310 2285/440/310
f 2279/434/311 2289/441/311 2290/442/311
f 2279/434/312 2278/433/312 2289/441/312
f 2275/443/312 2289/441/312 2278/433/312
f 2278/433/313 2276/444/313 2275/443/313
f 2277/445/314 2275/443/314 2276/444/314
f 2276/444/315 2304/446/315 2277/445/315
f 2304/446/315 2303/447/315 2277/445/315
f 2442/448/316 2440/449/316 2441/450/316
f 2440/449/317 2442/448/317 2443/451/317
f 2443/451/318 2484/452/318 2440/449/318
f 2484/452/319 2443/451/319 2485/453/319
f 2475/454/320 2484/452/320 2485/453/320
f 2475/454/321 2474/455/321 2484/452/321
f 2476/456/322 2474/455/322 2475/454/322
f 2260/457/323 2258/458/323 2257/459/323
f 2259/460/324 2257/459/324 2258/458/324
f 2257/459/325 2259/460/325 2302/461/325
f 2302/461/326 2259/460/326 2301/462/326
f 2292/463/327 2302/461/327 2301/462/327
f 2292/463/328 2291/464/328 2302/461/328
f 2293/465/329 2291/464/329 2292/463/329
f 2219/466/330 1835/467/330 2218/468/330
f 2089/469/331 2218/468/331 2085/470/331
f 2218/468/332 2089/469/332 2219/466/332
f 2093/471/332 2219/466/332 2089/469/332
f 2086/472/333 2085/470/333 2082/473/333
f 2085/470/334 2086/472/334 2089/469/334
f 2090/474/334 2089/469/334 2086/472/334
f 2089/469/335 2090/474/335 2093/471/335
f 2094/475/335 2093/471/335 2090/474/335
f 2093/471/336 2094/475/336 2097/476/336
f 2098/477/337 2097/476/337 2094/475/337
f 2097/476/338 2098/477/338 2101/478/338
f 2102/479/338 2101/478/338 2098/477/338
f 2102/479/339 2105/480/339 2101/478/339
f 2098/477/340 2099/481/340 2102/479/340
f 2099/481/341 2098/477/341 2095/482/341
f 2094/475/341 2095/482/341 2098/477/341
f 2095/482/342 2094/475/342 2091/483/342
f 2090/474/342 2091/483/342 2094/475/342
f 2091/483/343 2090/474/343 2087/484/343
f 2086/472/343 2087/484/343 2090/474/343
f 2087/484/344 2086/472/344 2083/485/344
f 2082/473/344 2083/485/344 2086/472/344
f 2082/473/345 2079/486/345 2083/485/345
f 2100/487/346 1931/488/346 2104/489/346
f 2104/489/347 2103/490/347 2100/487/347
f 2099/481/347 2100/487/347 2103/490/347
f 2100/487/348 2099/481/348 2096/491/348
f 2095/482/348 2096/491/348 2099/481/348
f 2096/491/349 2095/482/349 2092/492/349
f 2091/483/349 2092/492/349 2095/482/349
f 2091/483/350 2088/493/350 2092/492/350
f 2087/484/350 2088/493/350 2091/483/350
f 2087/484/351 2083/485/351 2088/493/351
f 2088/493/352 2084/494/352 1922/495/352
f 2092/492/353 2088/493/353 1925/496/353
f 1922/495/353 1925/496/353 2088/493/353
f 1925/496/354 1922/495/354 1924/497/354
f 1921/498/354 1924/497/354 1922/495/354
f 1922/495/355 1919/499/355 1921/498/355
f 1919/499/352 1922/495/352 2084/494/352
f 2084/494/356 2080/500/356 1919/499/356
f 1918/501/355 1921/498/355 1919/499/355
f 1921/498/357 1918/501/357 1923/502/357
f 1923/502/358 1926/503/358 1921/498/358
f 1924/497/358 1921/498/358 1926/503/358
f 1924/497/359 1926/503/359 1927/504/359
f 1924/497/360 1927/504/360 1925/496/360
f 1928/505/360 1925/496/360 1927/504/360
f 1925/496/361 1928/505/361 2092/492/361
f 2096/491/361 2092/492/361 1928/505/361
f 2096/491/362 1928/505/362 2100/487/362
f 1929/506/359 1927/504/359 1926/503/359
f 1927/504/363 1929/506/363 1930/507/363
f 1927/504/364 1930/507/364 1928/505/364
f 1932/508/363 1930/507/363 1929/506/363
f 1932/508/365 1935/509/365 1930/507/365
f 1931/488/362 2100/487/362 1928/505/362
f 1931/488/364 1928/505/364 1930/507/364
f 1930/507/366 1933/510/366 1931/488/366
f 1933/510/365 1930/507/365 1935/509/365
f 1935/509/367 1938/511/367 1933/510/367
f 2108/512/368 1937/513/368 1940/514/368
f 1940/514/369 1937/513/369 1939/515/369
f 1940/514/370 1939/515/370 1942/516/370
f 1939/515/371 1941/517/371 1942/516/371
f 1941/517/372 1939/515/372 1938/511/372
f 1936/518/372 1938/511/372 1939/515/372
f 1936/518/367 1933/510/367 1938/511/367
f 1933/510/373 1936/518/373 1934/519/373
f 1934/519/366 1931/488/366 1933/510/366
f 1934/519/346 2104/489/346 1931/488/346
f 1937/513/369 1936/518/369 1939/515/369
f 1937/513/373 1934/519/373 1936/518/373
f 1934/519/374 1937/513/374 2104/489/374
f 2108/512/374 2104/489/374 1937/513/374
f 2104/489/375 2108/512/375 2103/490/375
f 1944/520/371 1942/516/371 1941/517/371
f 1944/520/376 1947/521/376 1942/516/376
f 1947/521/377 1950/522/377 1945/523/377
f 1945/523/376 1942/516/376 1947/521/376
f 1943/524/378 1942/516/378 1945/523/378
f 1942/516/370 1943/524/370 1940/514/370
f 2112/525/379 1940/514/379 1943/524/379
f 2112/525/368 2108/512/368 1940/514/368
f 2108/512/380 2112/525/380 2107/526/380
f 2107/526/375 2103/490/375 2108/512/375
f 2103/490/381 2107/526/381 2102/479/381
f 2103/490/340 2102/479/340 2099/481/340
f 2105/480/381 2102/479/381 2107/526/381
f 2107/526/382 2111/527/382 2105/480/382
f 2111/527/380 2107/526/380 2112/525/380
f 2112/525/383 2116/528/383 2111/527/383
f 1943/524/379 2116/528/379 2112/525/379
f 2116/528/384 1943/524/384 1946/529/384
f 1945/523/378 1946/529/378 1943/524/378
f 1946/529/385 1945/523/385 1948/530/385
f 1948/530/385 1949/531/385 1946/529/385
f 1952/532/386 1949/531/386 1948/530/386
f 2101/478/387 2221/533/387 2097/476/387
f 2101/478/388 2106/534/388 2221/533/388
f 2106/534/339 2101/478/339 2105/480/339
f 2105/480/389 2109/535/389 2106/534/389
f 2109/535/382 2105/480/382 2111/527/382
f 2111/527/390 2115/536/390 2109/535/390
f 2115/536/383 2111/527/383 2116/528/383
f 2116/528/391 2120/537/391 2115/536/391
f 1946/529/384 2120/537/384 2116/528/384
f 2120/537/392 1946/529/392 1949/531/392
f 1839/538/393 1838/539/393 2223/540/393
f 2222/541/393 2223/540/393 1838/539/393
f 2223/540/394 2222/541/394 2110/542/394
f 2106/534/394 2110/542/394 2222/541/394
f 2110/542/389 2106/534/389 2109/535/389
f 2109/535/395 2113/543/395 2110/542/395
f 2113/543/390 2109/535/390 2115/536/390
f 2115/536/396 2119/544/396 2113/543/396
f 2119/544/391 2115/536/391 2120/537/391
f 2120/537/397 2124/545/397 2119/544/397
f 2114/546/395 2110/542/395 2113/543/395
f 2110/542/398 2114/546/398 2223/540/398
f 2224/547/398 2223/540/398 2114/546/398
f 2223/540/399 2224/547/399 1839/538/399
f 1840/548/399 1839/538/399 2224/547/399
f 2224/547/400 2225/549/400 1840/548/400
f 1841/550/400 1840/548/400 2225/549/400
f 2117/551/396 2113/543/396 2119/544/396
f 2113/543/401 2117/551/401 2114/546/401
f 2118/552/401 2114/546/401 2117/551/401
f 2114/546/402 2118/552/402 2224/547/402
f 2225/549/402 2224/547/402 2118/552/402
f 2123/553/397 2119/544/397 2124/545/397
f 2119/544/403 2123/553/403 2117/551/403
f 2121/554/403 2117/551/403 2123/553/403
f 2117/551/404 2121/554/404 2118/552/404
f 2122/555/404 2118/552/404 2121/554/404
f 2118/552/405 2122/555/405 2225/549/405
f 2226/556/405 2225/549/405 2122/555/405
f 2225/549/406 2226/556/406 1841/550/406
f 1842/557/406 1841/550/406 2226/556/406
f 1949/531/392 2124/545/392 2120/537/392
f 2124/545/407 1949/531/407 2128/558/407
f 2124/545/408 2128/558/408 2123/553/408
f 2127/559/408 2123/553/408 2128/558/408
f 2123/553/409 2127/559/409 2121/554/409
f 2125/560/409 2121/554/409 2127/559/409
f 2121/554/410 2125/560/410 2122/555/410
f 2126/561/410 2122/555/410 2125/560/410
f 2122/555/411 2126/561/411 2226/556/411
f 2227/562/411 2226/556/411 2126/561/411
f 2128/558/412 2131/563/412 2127/559/412
f 2131/563/413 2130/564/413 2127/559/413
f 2130/564/413 2125/560/413 2127/559/413
f 2130/564/414 2129/565/414 2125/560/414
f 2129/565/414 2126/561/414 2125/560/414
f 2129/565/415 2228/566/415 2126/561/415
f 2228/566/415 2227/562/415 2126/561/415
f 2228/566/416 1844/567/416 2227/562/416
f 1844/567/416 1843/568/416 2227/562/416
f 1952/532/386 1951/569/386 1949/531/386
f 1951/569/407 2128/558/407 1949/531/407
f 2128/558/417 1951/569/417 2132/570/417
f 2131/563/412 2128/558/412 2132/570/412
f 2132/570/418 2135/571/418 2131/563/418
f 2135/571/419 2134/572/419 2131/563/419
f 2131/563/419 2134/572/419 2130/564/419
f 2134/572/420 2133/573/420 2130/564/420
f 2133/573/420 2129/565/420 2130/564/420
f 2133/573/421 2229/574/421 2129/565/421
f 2135/571/418 2132/570/418 2136/575/418
f 1846/576/422 1845/577/422 2229/574/422
f 2230/578/422 1846/576/422 2229/574/422
f 2230/578/423 2229/574/423 2133/573/423
f 2137/579/423 2230/578/423 2133/573/423
f 2134/572/424 2137/579/424 2133/573/424
f 2138/580/424 2137/579/424 2134/572/424
f 2135/571/425 2138/580/425 2134/572/425
f 2139/581/425 2138/580/425 2135/571/425
f 2136/575/426 2139/581/426 2135/571/426
f 2140/582/426 2139/581/426 2136/575/426
f 2143/583/427 2142/584/427 2139/581/427
f 2139/581/427 2142/584/427 2138/580/427
f 2142/584/428 2141/585/428 2138/580/428
f 2138/580/428 2141/585/428 2137/579/428
f 2141/585/429 2231/586/429 2137/579/429
f 2231/586/429 2230/578/429 2137/579/429
f 2231/586/430 1847/587/430 2230/578/430
f 1847/587/430 1846/576/430 2230/578/430
f 1847/587/431 1786/588/431 1846/576/431
f 1786/588/431 1784/589/431 1846/576/431
f 2142/584/432 2145/590/432 2141/585/432
f 2145/590/433 2232/591/433 2141/585/433
f 2141/585/433 2232/591/433 2231/586/433
f 2232/591/434 1848/592/434 2231/586/434
f 1848/592/434 1847/587/434 2231/586/434
f 1848/592/435 1788/593/435 1847/587/435
f 1788/593/435 1786/588/435 1847/587/435
f 1786/588/436 1788/593/436 1785/594/436
f 1785/594/437 1783/595/437 1786/588/437
f 1783/595/438 1785/594/438 1657/596/438
f 2233/597/439 1849/598/439 2232/591/439
f 1848/592/439 2232/591/439 1849/598/439
f 1849/598/440 1790/599/440 1848/592/440
f 1790/599/440 1788/593/440 1848/592/440
f 1788/593/441 1790/599/441 1787/600/441
f 1787/600/436 1785/594/436 1788/593/436
f 1785/594/442 1787/600/442 1661/601/442
f 1661/601/438 1657/596/438 1785/594/438
f 1657/596/443 1661/601/443 1658/602/443
f 1658/602/444 1654/603/444 1657/596/444
f 1656/604/445 1652/605/445 1655/606/445
f 1655/606/446 1659/607/446 1656/604/446
f 1659/607/447 1655/606/447 1658/602/447
f 1658/602/448 1662/608/448 1659/607/448
f 1662/608/443 1658/602/443 1661/601/443
f 1661/601/449 1665/609/449 1662/608/449
f 1665/609/442 1661/601/442 1787/600/442
f 1789/610/441 1787/600/441 1790/599/441
f 1787/600/450 1789/610/450 1665/609/450
f 1669/611/450 1665/609/450 1789/610/450
f 1665/609/451 1669/611/451 1666/612/451
f 1666/612/449 1662/608/449 1665/609/449
f 1662/608/452 1666/612/452 1663/613/452
f 1663/613/448 1659/607/448 1662/608/448
f 1659/607/453 1663/613/453 1660/614/453
f 1660/614/446 1656/604/446 1659/607/446
f 1656/604/454 1660/614/454 1478/615/454
f 1667/616/452 1663/613/452 1666/612/452
f 1664/617/453 1660/614/453 1663/613/453
f 1663/613/455 1667/616/455 1664/617/455
f 1668/618/455 1664/617/455 1667/616/455
f 1481/619/454 1478/615/454 1660/614/454
f 1660/614/456 1664/617/456 1481/619/456
f 1484/620/456 1481/619/456 1664/617/456
f 1664/617/457 1668/618/457 1484/620/457
f 1487/621/457 1484/620/457 1668/618/457
f 1487/621/458 1489/622/458 1486/623/458
f 1489/622/459 1487/621/459 1672/624/459
f 1668/618/459 1672/624/459 1487/621/459
f 1672/624/460 1668/618/460 1671/625/460
f 1667/616/460 1671/625/460 1668/618/460
f 1671/625/461 1667/616/461 1670/626/461
f 1666/612/461 1670/626/461 1667/616/461
f 1670/626/451 1666/612/451 1669/611/451
f 1490/627/458 1486/623/458 1489/622/458
f 1477/628/462 1479/629/462 1476/630/462
f 1479/629/463 1477/628/463 1482/631/463
f 1480/632/463 1482/631/463 1477/628/463
f 1483/633/464 1482/631/464 1480/632/464
f 1483/633/464 1485/634/464 1482/631/464
f 1485/634/465 1483/633/465 1486/623/465
f 1486/623/465 1488/635/465 1485/634/465
f 1488/635/466 1486/623/466 1490/627/466
f 1490/627/466 1491/636/466 1488/635/466
f 1474/637/467 1476/630/467 1473/638/467
f 1474/637/462 1477/628/462 1476/630/462
f 1474/637/468 1475/639/468 1477/628/468
f 1478/615/468 1477/628/468 1475/639/468
f 1477/628/469 1478/615/469 1480/632/469
f 1481/619/469 1480/632/469 1478/615/469
f 1480/632/470 1481/619/470 1483/633/470
f 1484/620/470 1483/633/470 1481/619/470
f 1483/633/471 1484/620/471 1486/623/471
f 1487/621/471 1486/623/471 1484/620/471
f 1478/615/472 1652/605/472 1656/604/472
f 1652/605/472 1478/615/472 1475/639/472
f 1475/639/473 1472/640/473 1652/605/473
f 1475/639/474 1474/637/474 1472/640/474
f 1471/641/474 1472/640/474 1474/637/474
f 1471/641/467 1474/637/467 1473/638/467
f 1473/638/475 1470/642/475 1471/641/475
f 1654/603/447 1658/602/447 1655/606/447
f 1655/606/476 1651/643/476 1654/603/476
f 1651/643/445 1655/606/445 1652/605/445
f 1651/643/477 1652/605/477 1648/644/477
f 1648/644/473 1652/605/473 1472/640/473
f 1472/640/478 1469/645/478 1648/644/478
f 1472/640/479 1471/641/479 1469/645/479
f 1468/646/479 1469/645/479 1471/641/479
f 1468/646/475 1471/641/475 1470/642/475
f 1468/646/480 1470/642/480 1466/647/480
f 1469/645/481 1640/648/481 1644/649/481
f 1644/649/478 1648/644/478 1469/645/478
f 1465/650/481 1640/648/481 1469/645/481
f 1469/645/482 1468/646/482 1465/650/482
f 1466/647/482 1465/650/482 1468/646/482
f 1466/647/483 1462/651/483 1465/650/483
f 1463/652/483 1462/651/483 1466/647/483
f 1463/652/484 1459/653/484 1462/651/484
f 1460/654/484 1459/653/484 1463/652/484
f 1460/654/485 1457/655/485 1459/653/485
f 1456/656/485 1457/655/485 1460/654/485
f 1456/656/486 1453/657/486 1457/655/486
f 1451/658/487 1453/657/487 1450/659/487
f 1453/657/488 1451/658/488 1624/660/488
f 1453/657/489 1624/660/489 1457/655/489
f 1628/661/489 1457/655/489 1624/660/489
f 1457/655/490 1628/661/490 1459/653/490
f 1632/662/490 1459/653/490 1628/661/490
f 1459/653/491 1632/662/491 1462/651/491
f 1462/651/491 1632/662/491 1636/663/491
f 1636/663/492 1640/648/492 1462/651/492
f 1465/650/492 1462/651/492 1640/648/492
f 1639/664/493 1640/648/493 1635/665/493
f 1636/663/493 1635/665/493 1640/648/493
f 1635/665/494 1636/663/494 1631/666/494
f 1632/662/494 1631/666/494 1636/663/494
f 1631/666/495 1632/662/495 1627/667/495
f 1628/661/495 1627/667/495 1632/662/495
f 1627/667/496 1628/661/496 1623/668/496
f 1624/660/496 1623/668/496 1628/661/496
f 1624/660/497 1620/669/497 1623/668/497
f 1620/669/488 1624/660/488 1451/658/488
f 1639/664/498 1637/670/498 1643/671/498
f 1637/670/499 1639/664/499 1633/672/499
f 1635/665/499 1633/672/499 1639/664/499
f 1633/672/500 1635/665/500 1629/673/500
f 1631/666/500 1629/673/500 1635/665/500
f 1629/673/501 1631/666/501 1625/674/501
f 1627/667/501 1625/674/501 1631/666/501
f 1625/674/502 1627/667/502 1622/675/502
f 1623/668/502 1622/675/502 1627/667/502
f 1623/668/503 1619/676/503 1622/675/503
f 1616/677/504 1612/678/504 1615/679/504
f 1616/677/505 1615/679/505 1619/676/505
f 1619/676/506 1615/679/506 1618/680/506
f 1619/676/503 1618/680/503 1622/675/503
f 1622/675/507 1618/680/507 1621/681/507
f 1622/675/508 1621/681/508 1625/674/508
f 1626/682/508 1625/674/508 1621/681/508
f 1625/674/509 1626/682/509 1629/673/509
f 1630/683/509 1629/673/509 1626/682/509
f 1629/673/510 1630/683/510 1633/672/510
f 1618/680/511 1614/684/511 1617/685/511
f 1618/680/507 1617/685/507 1621/681/507
f 1621/681/512 1617/685/512 1765/686/512
f 1621/681/513 1765/686/513 1626/682/513
f 1767/687/513 1626/682/513 1765/686/513
f 1626/682/514 1767/687/514 1630/683/514
f 1769/688/514 1630/683/514 1767/687/514
f 1630/683/515 1769/688/515 1634/689/515
f 1771/690/515 1634/689/515 1769/688/515
f 1634/689/516 1771/690/516 1638/691/516
f 1773/692/517 1774/693/517 1775/694/517
f 1774/693/518 1773/692/518 1772/695/518
f 1771/690/518 1772/695/518 1773/692/518
f 1772/695/519 1771/690/519 1770/696/519
f 1769/688/519 1770/696/519 1771/690/519
f 1770/696/520 1769/688/520 1768/697/520
f 1767/687/520 1768/697/520 1769/688/520
f 1768/697/521 1767/687/521 1766/698/521
f 1765/686/521 1766/698/521 1767/687/521
f 1765/686/522 1763/699/522 1766/698/522
f 1768/697/523 1838/539/523 1770/696/523
f 1768/697/524 1766/698/524 1838/539/524
f 1837/700/524 1838/539/524 1766/698/524
f 1838/539/525 1837/700/525 2222/541/525
f 1766/698/522 1763/699/522 1764/701/522
f 1766/698/526 1764/701/526 1837/700/526
f 1836/702/526 1837/700/526 1764/701/526
f 1836/702/527 2220/703/527 1837/700/527
f 2221/533/527 1837/700/527 2220/703/527
f 2221/533/525 2222/541/525 1837/700/525
f 2222/541/388 2221/533/388 2106/534/388
f 1613/704/528 1761/705/528 1763/699/528
f 1763/699/529 1761/705/529 1764/701/529
f 1764/701/529 1761/705/529 1762/706/529
f 1762/706/530 1835/467/530 1764/701/530
f 1836/702/530 1764/701/530 1835/467/530
f 1835/467/531 2219/466/531 1836/702/531
f 2220/703/531 1836/702/531 2219/466/531
f 2219/466/532 2093/471/532 2220/703/532
f 2097/476/532 2220/703/532 2093/471/532
f 2220/703/387 2097/476/387 2221/533/387
f 2082/473/533 2081/707/533 2077/708/533
f 2081/707/333 2082/473/333 2085/470/333
f 2085/470/534 2217/709/534 2081/707/534
f 2217/709/331 2085/470/331 2218/468/331
f 2218/468/535 1834/710/535 2217/709/535
f 1834/710/330 2218/468/330 1835/467/330
f 1834/710/536 1835/467/536 1760/711/536
f 1762/706/536 1760/711/536 1835/467/536
f 1762/706/537 1759/712/537 1760/711/537
f 1761/705/537 1759/712/537 1762/706/537
f 1761/705/538 1609/713/538 1759/712/538
f 1613/704/538 1609/713/538 1761/705/538
f 1610/714/539 1609/713/539 1613/704/539
f 1617/685/512 1763/699/512 1765/686/512
f 1617/685/528 1613/704/528 1763/699/528
f 1614/684/540 1613/704/540 1617/685/540
f 1614/684/539 1610/714/539 1613/704/539
f 1611/715/541 1610/714/541 1614/684/541
f 1611/715/542 1607/716/542 1610/714/542
f 1607/716/542 1606/717/542 1610/714/542
f 1610/714/543 1606/717/543 1609/713/543
f 1606/717/543 1605/718/543 1609/713/543
f 1609/713/544 1605/718/544 1759/712/544
f 1605/718/545 1602/719/545 1601/720/545
f 1606/717/545 1602/719/545 1605/718/545
f 1603/721/546 1602/719/546 1606/717/546
f 1607/716/546 1603/721/546 1606/717/546
f 1607/716/547 1608/722/547 1603/721/547
f 1608/722/548 1607/716/548 1611/715/548
f 1612/678/548 1608/722/548 1611/715/548
f 1612/678/504 1611/715/504 1615/679/504
f 1615/679/541 1611/715/541 1614/684/541
f 1615/679/506 1614/684/506 1618/680/506
f 1594/723/549 1751/724/549 1598/725/549
f 1598/725/550 1597/726/550 1594/723/550
f 1601/720/551 1597/726/551 1598/725/551
f 1602/719/551 1597/726/551 1601/720/551
f 1599/727/552 1597/726/552 1602/719/552
f 1603/721/552 1599/727/552 1602/719/552
f 1603/721/553 1604/728/553 1599/727/553
f 1604/728/547 1603/721/547 1608/722/547
f 1600/729/553 1599/727/553 1604/728/553
f 1593/730/550 1594/723/550 1597/726/550
f 1597/726/554 1599/727/554 1593/730/554
f 1595/731/554 1593/730/554 1599/727/554
f 1599/727/555 1600/729/555 1595/731/555
f 1596/732/555 1595/731/555 1600/729/555
f 1596/732/556 1600/729/556 1432/733/556
f 1592/734/557 1432/733/557 1429/735/557
f 1432/733/557 1592/734/557 1596/732/557
f 1592/734/558 1591/736/558 1596/732/558
f 1595/731/558 1596/732/558 1591/736/558
f 1591/736/559 1589/737/559 1595/731/559
f 1593/730/559 1595/731/559 1589/737/559
f 1589/737/560 1590/738/560 1593/730/560
f 1594/723/560 1593/730/560 1590/738/560
f 1590/738/561 1749/739/561 1594/723/561
f 1747/740/562 1748/741/562 1749/739/562
f 1749/739/563 1590/738/563 1747/740/563
f 1586/742/563 1747/740/563 1590/738/563
f 1590/738/564 1589/737/564 1586/742/564
f 1585/743/564 1586/742/564 1589/737/564
f 1589/737/565 1591/736/565 1585/743/565
f 1587/744/565 1585/743/565 1591/736/565
f 1591/736/566 1592/734/566 1587/744/566
f 1588/745/566 1587/744/566 1592/734/566
f 1429/735/567 1588/745/567 1592/734/567
f 1748/741/568 1747/740/568 1746/746/568
f 1745/747/568 1746/746/568 1747/740/568
f 1747/740/569 1586/742/569 1745/747/569
f 1582/748/569 1745/747/569 1586/742/569
f 1586/742/570 1585/743/570 1582/748/570
f 1581/749/570 1582/748/570 1585/743/570
f 1585/743/571 1587/744/571 1581/749/571
f 1583/750/571 1581/749/571 1587/744/571
f 1587/744/572 1588/745/572 1583/750/572
f 1584/751/572 1583/750/572 1588/745/572
f 1421/752/573 1580/753/573 1424/754/573
f 1424/754/573 1580/753/573 1584/751/573
f 1580/753/574 1579/755/574 1584/751/574
f 1583/750/574 1584/751/574 1579/755/574
f 1579/755/575 1577/756/575 1583/750/575
f 1581/749/575 1583/750/575 1577/756/575
f 1577/756/576 1578/757/576 1581/749/576
f 1582/748/576 1581/749/576 1578/757/576
f 1578/757/577 1743/758/577 1582/748/577
f 1745/747/577 1582/748/577 1743/758/577
f 1417/759/578 1576/760/578 1421/752/578
f 1421/752/578 1576/760/578 1580/753/578
f 1576/760/579 1575/761/579 1580/753/579
f 1579/755/579 1580/753/579 1575/761/579
f 1575/761/580 1573/762/580 1579/755/580
f 1577/756/580 1579/755/580 1573/762/580
f 1573/762/581 1574/763/581 1577/756/581
f 1578/757/581 1577/756/581 1574/763/581
f 1574/763/582 1741/764/582 1578/757/582
f 1743/758/582 1578/757/582 1741/764/582
f 1572/765/583 1576/760/583 1414/766/583
f 1575/761/584 1576/760/584 1572/765/584
f 1572/765/584 1571/767/584 1575/761/584
f 1573/762/585 1575/761/585 1571/767/585
f 1571/767/585 1569/768/585 1573/762/585
f 1574/763/586 1573/762/586 1569/768/586
f 1569/768/586 1570/769/586 1574/763/586
f 1741/764/587 1574/763/587 1570/769/587
f 1570/769/587 1739/770/587 1741/764/587
f 1739/770/588 1742/771/588 1741/764/588
f 1566/772/589 1737/773/589 1739/770/589
f 1739/770/589 1570/769/589 1566/772/589
f 1565/774/590 1566/772/590 1570/769/590
f 1570/769/590 1569/768/590 1565/774/590
f 1567/775/591 1565/774/591 1569/768/591
f 1569/768/591 1571/767/591 1567/775/591
f 1568/776/592 1567/775/592 1571/767/592
f 1571/767/592 1572/765/592 1568/776/592
f 1568/776/593 1572/765/593 1411/777/593
f 1414/766/593 1411/777/593 1572/765/593
f 1735/778/594 1736/779/594 1738/780/594
f 1735/778/594 1738/780/594 1737/773/594
f 1562/781/595 1735/778/595 1737/773/595
f 1562/781/595 1737/773/595 1566/772/595
f 1561/782/596 1562/781/596 1566/772/596
f 1566/772/596 1565/774/596 1561/782/596
f 1563/783/597 1561/782/597 1565/774/597
f 1565/774/597 1567/775/597 1563/783/597
f 1564/784/598 1563/783/598 1567/775/598
f 1567/775/598 1568/776/598 1564/784/598
f 1564/784/599 1568/776/599 1409/785/599
f 1411/777/599 1409/785/599 1568/776/599
f 1409/785/600 1411/777/600 1408/786/600
f 1408/786/601 1406/787/601 1409/785/601
f 1409/785/602 1406/787/602 1564/784/602
f 1560/788/602 1564/784/602 1406/787/602
f 1563/783/603 1564/784/603 1560/788/603
f 1560/788/603 1559/789/603 1563/783/603
f 1561/782/604 1563/783/604 1559/789/604
f 1559/789/604 1558/790/604 1561/782/604
f 1562/781/605 1561/782/605 1558/790/605
f 1558/790/605 1557/791/605 1562/781/605
f 1406/787/601 1408/786/601 1405/792/601
f 1559/789/606 1560/788/606 1555/793/606
f 1558/790/607 1559/789/607 1555/793/607
f 1555/793/607 1554/794/607 1558/790/607
f 1554/794/608 1557/791/608 1558/790/608
f 1554/794/608 1553/795/608 1557/791/608
f 1553/795/609 1733/796/609 1557/791/609
f 1553/795/609 1731/797/609 1733/796/609
f 1731/797/610 1734/798/610 1733/796/610
f 1731/797/610 1732/799/610 1734/798/610
f 1732/799/611 1820/800/611 1734/798/611
f 1555/793/612 1556/801/612 1551/802/612
f 1551/802/613 1554/794/613 1555/793/613
f 1551/802/613 1549/803/613 1554/794/613
f 1549/803/614 1553/795/614 1554/794/614
f 1549/803/614 1550/804/614 1553/795/614
f 1550/804/615 1731/797/615 1553/795/615
f 1550/804/615 1729/805/615 1731/797/615
f 1729/805/616 1732/799/616 1731/797/616
f 1729/805/616 1730/806/616 1732/799/616
f 1730/806/617 1729/805/617 1728/807/617
f 1729/805/618 1550/804/618 1727/808/618
f 1547/809/619 1545/810/619 1551/802/619
f 1549/803/619 1551/802/619 1545/810/619
f 1545/810/620 1546/811/620 1549/803/620
f 1550/804/620 1549/803/620 1546/811/620
f 1546/811/618 1727/808/618 1550/804/618
f 1727/808/621 1546/811/621 1725/812/621
f 1542/813/621 1725/812/621 1546/811/621
f 1725/812/622 1542/813/622 1723/814/622
f 1538/815/622 1723/814/622 1542/813/622
f 1723/814/623 1538/815/623 1721/816/623
f 1727/808/617 1728/807/617 1729/805/617
f 1728/807/624 1727/808/624 1726/817/624
f 1725/812/624 1726/817/624 1727/808/624
f 1726/817/625 1725/812/625 1724/818/625
f 1723/814/625 1724/818/625 1725/812/625
f 1724/818/626 1723/814/626 1722/819/626
f 1721/816/626 1722/819/626 1723/814/626
f 1722/819/627 1721/816/627 1720/820/627
f 1718/821/627 1720/820/627 1721/816/627
f 1720/820/628 1718/821/628 1719/822/628
f 2243/823/629 2244/824/629 1860/825/629
f 2244/824/630 1813/826/630 1860/825/630
f 1860/825/631 1813/826/631 1719/822/631
f 1720/820/632 1719/822/632 1813/826/632
f 1813/826/632 1814/827/632 1720/820/632
f 1814/827/633 1815/828/633 1720/820/633
f 1722/819/633 1720/820/633 1815/828/633
f 1724/818/634 1722/819/634 1815/828/634
f 1815/828/634 1816/829/634 1724/818/634
f 1726/817/635 1724/818/635 1816/829/635
f 1816/829/635 1817/830/635 1726/817/635
f 1728/807/636 1726/817/636 1817/830/636
f 1732/799/637 1730/806/637 1820/800/637
f 1819/831/637 1820/800/637 1730/806/637
f 1730/806/638 1728/807/638 1819/831/638
f 1818/832/638 1819/831/638 1728/807/638
f 1817/830/636 1818/832/636 1728/807/636
f 1818/832/639 1817/830/639 2202/833/639
f 2201/834/639 2202/833/639 1817/830/639
f 1817/830/640 1816/829/640 2201/834/640
f 2200/835/640 2201/834/640 1816/829/640
f 1816/829/641 1815/828/641 2200/835/641
f 1819/831/642 2203/836/642 1820/800/642
f 1819/831/643 1818/832/643 2203/836/643
f 2202/833/643 2203/836/643 1818/832/643
f 2026/837/644 2030/838/644 2202/833/644
f 2202/833/645 2201/834/645 2026/837/645
f 2022/839/645 2026/837/645 2201/834/645
f 2201/834/646 2200/835/646 2022/839/646
f 2018/840/646 2022/839/646 2200/835/646
f 2200/835/647 2199/841/647 2018/840/647
f 2014/842/647 2018/840/647 2199/841/647
f 2199/841/648 2198/843/648 2014/842/648
f 2008/844/648 2014/842/648 2198/843/648
f 2198/843/649 2197/845/649 2008/844/649
f 2014/842/650 2008/844/650 2013/846/650
f 2013/846/651 2017/847/651 2014/842/651
f 2018/840/651 2014/842/651 2017/847/651
f 2017/847/652 2021/848/652 2018/840/652
f 2022/839/652 2018/840/652 2021/848/652
f 2021/848/653 2025/849/653 2022/839/653
f 2026/837/653 2022/839/653 2025/849/653
f 2025/849/654 2029/850/654 2026/837/654
f 2030/838/654 2026/837/654 2029/850/654
f 2029/850/655 2034/851/655 2030/838/655
f 2011/852/656 2016/853/656 2009/854/656
f 2015/855/656 2009/854/656 2016/853/656
f 2009/854/657 2015/855/657 2005/856/657
f 2013/846/657 2005/856/657 2015/855/657
f 2015/855/658 2019/857/658 2013/846/658
f 2017/847/658 2013/846/658 2019/857/658
f 2019/857/659 2023/858/659 2017/847/659
f 2021/848/659 2017/847/659 2023/858/659
f 2023/858/660 2027/859/660 2021/848/660
f 2025/849/660 2021/848/660 2027/859/660
f 2023/858/661 2019/857/661 2024/860/661
f 2020/861/661 2024/860/661 2019/857/661
f 2019/857/662 2015/855/662 2020/861/662
f 2016/853/662 2020/861/662 2015/855/662
f 2016/853/663 1867/862/663 2020/861/663
f 1871/863/663 2020/861/663 1867/862/663
f 2020/861/664 1871/863/664 2024/860/664
f 1874/864/664 2024/860/664 1871/863/664
f 1874/864/665 1877/865/665 2024/860/665
f 2028/866/665 2024/860/665 1877/865/665
f 2028/866/666 1877/865/666 2032/867/666
f 2032/867/667 2031/868/667 2028/866/667
f 2027/859/667 2028/866/667 2031/868/667
f 2027/859/668 2024/860/668 2028/866/668
f 2023/858/668 2024/860/668 2027/859/668
f 2033/869/669 2031/868/669 2035/870/669
f 2035/870/670 2031/868/670 2036/871/670
f 2032/867/670 2036/871/670 2031/868/670
f 2032/867/671 1879/872/671 2036/871/671
f 1879/872/666 2032/867/666 1877/865/666
f 1877/865/672 1876/873/672 1879/872/672
f 1877/865/673 1874/864/673 1876/873/673
f 1873/874/673 1876/873/673 1874/864/673
f 1874/864/674 1871/863/674 1873/874/674
f 1870/875/674 1873/874/674 1871/863/674
f 1876/873/675 1875/876/675 1878/877/675
f 1873/874/675 1875/876/675 1876/873/675
f 1873/874/676 1872/878/676 1875/876/676
f 1870/875/676 1872/878/676 1873/874/676
f 1870/875/677 1869/879/677 1872/878/677
f 1869/879/677 1870/875/677 1868/880/677
f 1871/863/678 1867/862/678 1870/875/678
f 1868/880/678 1870/875/678 1867/862/678
f 1868/880/679 1867/862/679 1863/881/679
f 1868/880/680 1863/881/680 1869/879/680
f 1866/882/680 1869/879/680 1863/881/680
f 1863/881/681 1865/883/681 1866/882/681
f 1865/883/681 1863/881/681 1862/884/681
f 1862/884/682 2003/885/682 1865/883/682
f 1862/884/683 1864/886/683 2003/885/683
f 2002/887/683 2003/885/683 1864/886/683
f 2001/888/684 2004/889/684 2000/890/684
f 2003/885/684 2000/890/684 2004/889/684
f 2004/889/682 1865/883/682 2003/885/682
f 1998/891/685 2001/888/685 1997/892/685
f 2000/890/685 1997/892/685 2001/888/685
f 2000/890/686 1999/893/686 1997/892/686
f 2003/885/687 1999/893/687 2000/890/687
f 2003/885/687 2002/887/687 1999/893/687
f 2002/887/688 2196/894/688 1999/893/688
f 2195/895/689 2192/896/689 2196/894/689
f 2192/896/688 1999/893/688 2196/894/688
f 1999/893/690 2192/896/690 1996/897/690
f 1996/897/686 1997/892/686 1999/893/686
f 1997/892/691 1996/897/691 1994/898/691
f 1997/892/692 1994/898/692 1998/891/692
f 1995/899/692 1998/891/692 1994/898/692
f 1992/900/693 1995/899/693 1991/901/693
f 1994/898/693 1991/901/693 1995/899/693
f 1994/898/694 1993/902/694 1991/901/694
f 1993/902/691 1994/898/691 1996/897/691
f 1996/897/695 2188/903/695 1993/902/695
f 2188/903/690 1996/897/690 2192/896/690
f 2191/904/696 2188/903/696 2192/896/696
f 2192/896/689 2195/895/689 2191/904/689
f 2193/905/697 2191/904/697 2195/895/697
f 2006/906/649 2008/844/649 2197/845/649
f 2197/845/698 2194/907/698 2006/906/698
f 2193/905/699 2006/906/699 2194/907/699
f 2194/907/700 2189/908/700 2193/905/700
f 2191/904/697 2193/905/697 2189/908/697
f 2189/908/701 2187/909/701 2191/904/701
f 2188/903/696 2191/904/696 2187/909/696
f 2187/909/702 2184/910/702 2188/903/702
f 2184/910/695 1993/902/695 2188/903/695
f 1993/902/703 2184/910/703 1990/911/703
f 2187/909/704 2189/908/704 2185/912/704
f 2185/912/705 2183/913/705 2187/909/705
f 2184/910/702 2187/909/702 2183/913/702
f 2184/910/706 2183/913/706 2180/914/706
f 2180/914/703 1990/911/703 2184/910/703
f 1990/911/707 2180/914/707 1987/915/707
f 1987/915/708 1988/916/708 1990/911/708
f 1988/916/709 1987/915/709 1985/917/709
f 1984/918/709 1985/917/709 1987/915/709
f 1985/917/710 1984/918/710 1982/919/710
f 2172/920/711 2168/921/711 1984/918/711
f 2172/920/712 1984/918/712 1987/915/712
f 2176/922/712 2172/920/712 1987/915/712
f 2176/922/707 1987/915/707 2180/914/707
f 1990/911/694 1991/901/694 1993/902/694
f 1991/901/708 1990/911/708 1988/916/708
f 1991/901/713 1988/916/713 1992/900/713
f 1989/923/713 1992/900/713 1988/916/713
f 1988/916/714 1985/917/714 1989/923/714
f 1986/924/714 1989/923/714 1985/917/714
f 1986/924/715 1985/917/715 1983/925/715
f 1982/919/715 1983/925/715 1985/917/715
f 1982/919/716 1979/926/716 1983/925/716
f 1982/919/717 1981/927/717 1979/926/717
f 2151/928/718 2155/929/718 2150/930/718
f 2155/929/719 2151/928/719 2156/931/719
f 2156/931/720 2160/932/720 2155/929/720
f 2160/932/721 2156/931/721 1975/933/721
f 1975/933/722 1978/934/722 2160/932/722
f 1975/933/723 1976/935/723 1978/934/723
f 1979/926/723 1978/934/723 1976/935/723
f 1979/926/724 1976/935/724 1980/936/724
f 1980/936/716 1983/925/716 1979/926/716
f 1976/935/725 1975/933/725 1973/937/725
f 1972/938/725 1973/937/725 1975/933/725
f 1972/938/721 1975/933/721 2156/931/721
f 2156/931/726 2152/939/726 1972/938/726
f 2152/939/719 2156/931/719 2151/928/719
f 1969/940/726 1972/938/726 2152/939/726
f 1969/940/727 1970/941/727 1972/938/727
f 1973/937/727 1972/938/727 1970/941/727
f 1970/941/728 1971/942/728 1973/937/728
f 1973/937/728 1971/942/728 1974/943/728
f 1974/943/729 1977/944/729 1973/937/729
f 1976/935/729 1973/937/729 1977/944/729
f 1977/944/724 1980/936/724 1976/935/724
f 2418/945/730 2416/371/730 2417/368/730
f 2416/371/731 2418/945/731 2419/946/731
f 2419/946/732 2420/373/732 2416/371/732
f 2368/376/733 2420/373/733 2419/946/733
f 2243/823/629 1860/825/629 1859/947/629
f 2242/948/734 2243/823/734 1859/947/734
f 2186/949/735 2243/823/735 2242/948/735
f 2182/950/736 2186/949/736 2242/948/736
f 2181/951/737 2186/949/737 2182/950/737
f 2177/952/738 2181/951/738 2182/950/738
f 2179/953/739 2181/951/739 2177/952/739
f 2175/954/740 2179/953/740 2177/952/740
f 2176/922/741 2175/954/741 2172/920/741
f 2175/954/742 2176/922/742 2179/953/742
f 2180/914/742 2179/953/742 2176/922/742
f 2179/953/706 2180/914/706 2183/913/706
f 2181/951/739 2179/953/739 2183/913/739
f 2183/913/705 2185/912/705 2181/951/705
f 2186/949/737 2181/951/737 2185/912/737
f 2185/912/743 2190/955/743 2186/949/743
f 2186/949/735 2190/955/735 2243/823/735
f 2190/955/744 2244/824/744 2243/823/744
f 2199/841/641 2200/835/641 1815/828/641
f 1815/828/745 1814/827/745 2199/841/745
f 2198/843/745 2199/841/745 1814/827/745
f 1814/827/746 1813/826/746 2198/843/746
f 2197/845/746 2198/843/746 1813/826/746
f 2244/824/630 2197/845/630 1813/826/630
f 2194/907/698 2197/845/698 2244/824/698
f 2244/824/744 2190/955/744 2194/907/744
f 2189/908/747 2194/907/747 2190/955/747
f 2190/955/748 2185/912/748 2189/908/748
f 2165/956/749 2169/957/749 2166/958/749
f 2237/959/750 2236/960/750 2166/958/750
f 2162/961/750 2166/958/750 2236/960/750
f 2166/958/751 2162/961/751 2165/956/751
f 2161/962/751 2165/956/751 2162/961/751
f 2165/956/752 2161/962/752 2167/963/752
f 2163/964/752 2167/963/752 2161/962/752
f 2167/963/753 2163/964/753 2168/921/753
f 2167/963/754 2168/921/754 2171/965/754
f 2172/920/754 2171/965/754 2168/921/754
f 2171/965/741 2172/920/741 2175/954/741
f 2161/962/755 2157/966/755 2163/964/755
f 2157/966/756 2161/962/756 2158/967/756
f 2162/961/756 2158/967/756 2161/962/756
f 2158/967/757 2162/961/757 2235/968/757
f 2236/960/757 2235/968/757 2162/961/757
f 2235/968/758 2236/960/758 1851/969/758
f 1852/970/758 1851/969/758 2236/960/758
f 2235/968/759 2234/971/759 2158/967/759
f 2234/971/760 2235/968/760 1850/972/760
f 1851/969/760 1850/972/760 2235/968/760
f 1851/969/761 1794/973/761 1850/972/761
f 1851/969/762 1852/970/762 1794/973/762
f 1796/974/762 1794/973/762 1852/970/762
f 1796/974/763 1852/970/763 1798/975/763
f 1798/975/764 1797/976/764 1796/974/764
f 1797/976/765 1798/975/765 1799/977/765
f 1799/977/766 1690/978/766 1797/976/766
f 2234/971/767 2233/979/767 2154/980/767
f 2233/979/768 2234/971/768 1849/981/768
f 1850/972/768 1849/981/768 2234/971/768
f 1850/972/769 1792/982/769 1849/981/769
f 1794/973/761 1792/982/761 1850/972/761
f 1794/973/770 1793/983/770 1792/982/770
f 1793/983/771 1794/973/771 1795/984/771
f 1795/984/772 1682/985/772 1793/983/772
f 1682/985/773 1795/984/773 1686/986/773
f 1686/986/774 1685/987/774 1682/985/774
f 1678/988/772 1793/983/772 1682/985/772
f 1682/985/775 1681/989/775 1678/988/775
f 1681/989/774 1682/985/774 1685/987/774
f 1685/987/776 1687/990/776 1681/989/776
f 1687/990/777 1685/987/777 1691/991/777
f 1688/992/778 1687/990/778 1691/991/778
f 1688/992/778 1691/991/778 1692/993/778
f 1692/993/779 1504/994/779 1688/992/779
f 1504/994/780 1692/993/780 1507/995/780
f 1677/996/775 1678/988/775 1681/989/775
f 1681/989/781 1683/997/781 1677/996/781
f 1683/997/776 1681/989/776 1687/990/776
f 1687/990/782 1688/992/782 1683/997/782
f 1791/998/770 1792/982/770 1793/983/770
f 1793/983/783 1678/988/783 1791/998/783
f 1674/999/784 1791/998/784 1678/988/784
f 1678/988/785 1677/996/785 1674/999/785
f 1673/1000/785 1674/999/785 1677/996/785
f 1677/996/786 1679/1001/786 1673/1000/786
f 1679/1001/781 1677/996/781 1683/997/781
f 1683/997/787 1684/1002/787 1679/1001/787
f 1684/1002/782 1683/997/782 1688/992/782
f 1688/992/788 1501/1003/788 1684/1002/788
f 1673/1000/789 1675/1004/789 1670/1005/789
f 1670/1005/790 1669/1006/790 1673/1000/790
f 1674/999/790 1673/1000/790 1669/1006/790
f 1669/1006/791 1789/1007/791 1674/999/791
f 1791/998/791 1674/999/791 1789/1007/791
f 1789/1007/792 1790/1008/792 1791/998/792
f 1792/982/792 1791/998/792 1790/1008/792
f 1792/982/769 1790/1008/769 1849/981/769
f 1506/1009/793 1503/1010/793 1505/1011/793
f 1503/1010/793 1502/1012/793 1505/1011/793
f 1502/1012/794 1503/1010/794 1499/1013/794
f 1502/1012/795 1499/1013/795 1501/1003/795
f 1498/1014/795 1501/1003/795 1499/1013/795
f 1498/1014/788 1684/1002/788 1501/1003/788
f 1684/1002/796 1498/1014/796 1680/1015/796
f 1680/1015/787 1679/1001/787 1684/1002/787
f 1679/1001/797 1680/1015/797 1675/1004/797
f 1675/1004/786 1673/1000/786 1679/1001/786
f 1495/1016/796 1680/1015/796 1498/1014/796
f 1676/1017/797 1675/1004/797 1680/1015/797
f 1680/1015/798 1495/1016/798 1676/1017/798
f 1492/1018/798 1676/1017/798 1495/1016/798
f 1492/1018/799 1495/1016/799 1493/1019/799
f 1496/1020/799 1493/1019/799 1495/1016/799
f 1495/1016/800 1498/1014/800 1496/1020/800
f 1499/1013/800 1496/1020/800 1498/1014/800
f 1496/1020/801 1497/1021/801 1493/1019/801
f 1497/1021/802 1496/1020/802 1500/1022/802
f 1499/1013/802 1500/1022/802 1496/1020/802
f 1500/1022/794 1499/1013/794 1503/1010/794
f 1671/1023/789 1670/1005/789 1675/1004/789
f 1675/1004/803 1676/1017/803 1671/1023/803
f 1672/1024/803 1671/1023/803 1676/1017/803
f 1676/1017/804 1492/1018/804 1672/1024/804
f 1489/1025/804 1672/1024/804 1492/1018/804
f 1489/1025/805 1492/1018/805 1490/1026/805
f 1493/1019/805 1490/1026/805 1492/1018/805
f 1491/1027/806 1490/1026/806 1493/1019/806
f 1493/1019/806 1494/1028/806 1491/1027/806
f 1494/1028/801 1493/1019/801 1497/1021/801
f 2381/1029/807 2379/1030/807 2380/1031/807
f 2379/1030/808 2381/1029/808 2382/1032/808
f 2382/1032/809 2423/1033/809 2379/1030/809
f 2423/1033/810 2382/1032/810 2424/1034/810
f 2414/1035/811 2423/1033/811 2424/1034/811
f 2414/1035/812 2413/1036/812 2423/1033/812
f 2415/1037/813 2413/1036/813 2414/1035/813
f 1960/1038/814 2140/582/814 1957/1039/814
f 1970/1040/815 1968/1041/815 1971/1042/815
f 1966/1043/815 1968/1041/815 1970/1040/815
f 1966/1043/816 1965/1044/816 1968/1041/816
f 1965/1044/816 1966/1043/816 1963/1045/816
f 1963/1045/817 1966/1043/817 1964/1046/817
f 1964/1046/818 1960/1038/818 1963/1045/818
f 1964/1046/819 2144/1047/819 1960/1038/819
f 2140/582/819 1960/1038/819 2144/1047/819
f 2144/1047/820 2143/583/820 2140/582/820
f 2140/582/820 2143/583/820 2139/581/820
f 1970/1040/821 1969/1048/821 1966/1043/821
f 1967/1049/821 1966/1043/821 1969/1048/821
f 1967/1049/817 1964/1046/817 1966/1043/817
f 1967/1049/822 2148/1050/822 1964/1046/822
f 2144/1047/822 1964/1046/822 2148/1050/822
f 2148/1050/823 2147/1051/823 2144/1047/823
f 2144/1047/823 2147/1051/823 2143/583/823
f 2147/1051/824 2146/1052/824 2143/583/824
f 2143/583/824 2146/1052/824 2142/584/824
f 2146/1052/432 2145/590/432 2142/584/432
f 1969/1048/825 2152/1053/825 1967/1049/825
f 2148/1050/825 1967/1049/825 2152/1053/825
f 2152/1053/826 2151/1054/826 2148/1050/826
f 2147/1051/826 2148/1050/826 2151/1054/826
f 2151/1054/827 2150/1055/827 2147/1051/827
f 2146/1052/827 2147/1051/827 2150/1055/827
f 2150/1055/828 2149/1056/828 2146/1052/828
f 2145/590/828 2146/1052/828 2149/1056/828
f 2149/1056/829 2233/597/829 2145/590/829
f 2145/590/829 2233/597/829 2232/591/829
f 2067/1057/830 2071/1058/830 2065/1059/830
f 2061/1060/831 2065/1059/831 2062/1061/831
f 2065/1059/832 2061/1060/832 2067/1057/832
f 2063/1062/832 2067/1057/832 2061/1060/832
f 2059/1063/833 2063/1062/833 2057/1064/833
f 2061/1060/833 2057/1064/833 2063/1062/833
f 2057/1064/834 2061/1060/834 2058/1065/834
f 2062/1061/834 2058/1065/834 2061/1060/834
f 2058/1065/835 2062/1061/835 2210/1066/835
f 2209/1067/836 2210/1066/836 1825/1068/836
f 2210/1066/837 2209/1067/837 2058/1065/837
f 2054/1069/837 2058/1065/837 2209/1067/837
f 2058/1065/838 2054/1069/838 2057/1064/838
f 2053/1070/838 2057/1064/838 2054/1069/838
f 2057/1064/839 2053/1070/839 2059/1063/839
f 2055/1071/839 2059/1063/839 2053/1070/839
f 1824/1072/840 1825/1068/840 1742/771/840
f 1824/1072/841 2208/1073/841 1825/1068/841
f 1825/1068/841 2208/1073/841 2209/1067/841
f 2208/1073/842 2050/1074/842 2209/1067/842
f 2209/1067/842 2050/1074/842 2054/1069/842
f 2050/1074/843 2049/1075/843 2054/1069/843
f 2054/1069/843 2049/1075/843 2053/1070/843
f 2049/1075/844 2051/1076/844 2053/1070/844
f 2053/1070/844 2051/1076/844 2055/1071/844
f 2051/1076/845 2052/1077/845 2055/1071/845
f 1883/1078/846 1886/1079/846 2036/871/846
f 2040/1080/846 2036/871/846 1886/1079/846
f 2040/1080/847 1886/1079/847 2044/1081/847
f 2043/1082/848 2040/1080/848 2044/1081/848
f 2044/1081/849 2047/1083/849 2043/1082/849
f 2045/1084/850 2043/1082/850 2047/1083/850
f 2045/1084/851 2047/1083/851 2049/1075/851
f 2050/1074/852 2045/1084/852 2049/1075/852
f 2046/1085/852 2045/1084/852 2050/1074/852
f 2208/1073/853 2046/1085/853 2050/1074/853
f 2207/1086/853 2046/1085/853 2208/1073/853
f 1824/1072/854 2207/1086/854 2208/1073/854
f 2046/1085/855 2041/1087/855 2045/1084/855
f 2043/1082/850 2045/1084/850 2041/1087/850
f 2041/1087/856 2039/1088/856 2043/1082/856
f 2040/1080/848 2043/1082/848 2039/1088/848
f 2036/871/857 2040/1080/857 2035/870/857
f 2039/1088/857 2035/870/857 2040/1080/857
f 2037/1089/858 2035/870/858 2039/1088/858
f 2039/1088/856 2041/1087/856 2037/1089/856
f 2042/1090/859 2037/1089/859 2041/1087/859
f 2042/1090/855 2041/1087/855 2046/1085/855
f 2207/1086/860 2042/1090/860 2046/1085/860
f 1739/770/588 1740/1091/588 1742/771/588
f 1740/1091/840 1824/1072/840 1742/771/840
f 1823/1092/861 1824/1072/861 1740/1091/861
f 1823/1092/854 2207/1086/854 1824/1072/854
f 1823/1092/862 2206/1093/862 2207/1086/862
f 2206/1093/860 2042/1090/860 2207/1086/860
f 2206/1093/863 2038/1094/863 2042/1090/863
f 2038/1094/859 2037/1089/859 2042/1090/859
f 2038/1094/864 2033/869/864 2037/1089/864
f 2035/870/858 2037/1089/858 2033/869/858
f 2027/859/865 2031/868/865 2025/849/865
f 2029/850/865 2025/849/865 2031/868/865
f 2031/868/669 2033/869/669 2029/850/669
f 2034/851/655 2029/850/655 2033/869/655
f 2033/869/864 2038/1094/864 2034/851/864
f 2205/1095/866 2034/851/866 2038/1094/866
f 2205/1095/863 2038/1094/863 2206/1093/863
f 1822/1096/867 2205/1095/867 2206/1093/867
f 1822/1096/862 2206/1093/862 1823/1092/862
f 2204/1097/868 2030/838/868 2034/851/868
f 2204/1097/866 2034/851/866 2205/1095/866
f 1821/1098/869 2204/1097/869 2205/1095/869
f 1821/1098/867 2205/1095/867 1822/1096/867
f 1821/1098/870 1822/1096/870 1736/779/870
f 1822/1096/871 1823/1092/871 1736/779/871
f 1738/780/871 1736/779/871 1823/1092/871
f 1738/780/861 1823/1092/861 1740/1091/861
f 1737/773/872 1738/780/872 1740/1091/872
f 1737/773/872 1740/1091/872 1739/770/872
f 1557/791/873 1735/778/873 1562/781/873
f 1557/791/873 1733/796/873 1735/778/873
f 1733/796/874 1736/779/874 1735/778/874
f 1733/796/874 1734/798/874 1736/779/874
f 1734/798/870 1821/1098/870 1736/779/870
f 1820/800/611 1821/1098/611 1734/798/611
f 1820/800/869 2204/1097/869 1821/1098/869
f 1820/800/642 2203/836/642 2204/1097/642
f 2203/836/868 2030/838/868 2204/1097/868
f 2203/836/644 2202/833/644 2030/838/644
f 2378/1099/875 2376/1100/875 2375/1101/875
f 2377/1102/876 2375/1101/876 2376/1100/876
f 2377/1102/877 2376/1100/877 2386/1103/877
f 2386/1103/878 2376/1100/878 2383/1104/878
f 2386/1103/879 2383/1104/879 2385/1105/879
f 2385/1105/880 2383/1104/880 2384/1106/880
f 2005/856/881 2007/1107/881 2009/854/881
f 1864/886/882 2012/1108/882 2002/887/882
f 2196/894/882 2002/887/882 2012/1108/882
f 2010/1109/883 2196/894/883 2012/1108/883
f 2196/894/883 2010/1109/883 2195/895/883
f 2007/1107/884 2195/895/884 2010/1109/884
f 2195/895/884 2007/1107/884 2193/905/884
f 2006/906/699 2193/905/699 2007/1107/699
f 2007/1107/885 2005/856/885 2006/906/885
f 2008/844/885 2006/906/885 2005/856/885
f 2005/856/650 2013/846/650 2008/844/650
f 2010/1109/881 2009/854/881 2007/1107/881
f 2009/854/886 2010/1109/886 2011/852/886
f 2012/1108/886 2011/852/886 2010/1109/886
f 2012/1108/887 1864/886/887 2011/852/887
f 1861/1110/887 2011/852/887 1864/886/887
f 1864/886/888 1862/884/888 1861/1110/888
f 1863/881/888 1861/1110/888 1862/884/888
f 1861/1110/679 1863/881/679 1867/862/679
f 1861/1110/889 1867/862/889 2011/852/889
f 1867/862/889 2016/853/889 2011/852/889
f 2337/1111/890 2364/1112/890 2365/1113/890
f 2364/1112/890 2337/1111/890 2336/1114/890
f 2338/1115/891 2336/1114/891 2337/1111/891
f 2339/1116/892 2336/1114/892 2338/1115/892
f 2338/1115/893 2350/1117/893 2339/1116/893
f 2342/1118/894 2350/1117/894 2351/1119/894
f 2342/1118/893 2339/1116/893 2350/1117/893
f 2340/1120/895 2339/1116/895 2342/1118/895
f 2341/1121/896 2339/1116/896 2340/1120/896
f 2340/1120/897 2344/1122/897 2341/1121/897
f 2346/1123/897 2341/1121/897 2344/1122/897
f 2346/1123/898 2344/1122/898 2343/1124/898
f 2345/1125/899 2343/1124/899 2344/1122/899
f 2325/1126/900 2323/1127/900 2322/1128/900
f 2324/1129/901 2322/1128/901 2323/1127/901
f 2324/1129/902 2323/1127/902 2314/1130/902
f 2317/1131/903 2314/1130/903 2323/1127/903
f 2317/1131/904 2315/1132/904 2314/1130/904
f 2316/1133/905 2314/1130/905 2315/1132/905
f 2296/1134/906 2294/1135/906 2295/1136/906
f 2294/1135/907 2296/1134/907 2297/1137/907
f 2297/1137/908 2300/1138/908 2294/1135/908
f 2245/1139/909 2300/1138/909 2297/1137/909
f 2252/1140/910 2251/1141/910 2250/1142/910
f 2251/1141/911 2249/1143/911 2250/1142/911
f 2249/1143/912 2251/1141/912 2248/1144/912
f 2246/1145/913 2248/1144/913 2251/1141/913
f 2248/1144/914 2246/1145/914 2245/1139/914
f 2247/1146/915 2245/1139/915 2246/1145/915
f 2300/1138/916 2245/1139/916 2247/1146/916
f 2247/1146/917 2286/1147/917 2300/1138/917
f 2300/1138/918 2286/1147/918 2298/1148/918
f 2300/1138/919 2298/1148/919 2294/1135/919
f 2299/1149/920 2294/1135/920 2298/1148/920
f 2294/1135/921 2299/1149/921 2295/1136/921
f 2305/1150/921 2295/1136/921 2299/1149/921
f 2287/1151/922 2247/1146/922 2246/1145/922
f 2247/1146/923 2287/1151/923 2286/1147/923
f 2288/1152/924 2286/1147/924 2287/1151/924
f 2267/1153/925 2265/1154/925 2266/1155/925
f 2265/1154/926 2267/1153/926 2268/1156/926
f 2268/1156/927 2270/1157/927 2265/1154/927
f 2270/1157/928 2268/1156/928 2269/1158/928
f 2269/1158/929 2271/1159/929 2270/1157/929
f 2273/1160/930 2270/1157/930 2271/1159/930
f 2273/1160/931 2271/1159/931 2272/1161/931
f 2274/1162/932 2272/1161/932 2271/1159/932
f 1916/1163/933 1914/1164/933 1917/1165/933
f 1917/1165/934 1920/1166/934 1916/1163/934
f 1920/1166/357 1923/502/357 1918/501/357
f 1918/501/934 1916/1163/934 1920/1166/934
f 1916/1163/935 1918/501/935 1915/1167/935
f 1916/1163/936 1915/1167/936 1912/1168/936
f 1913/1169/936 1916/1163/936 1912/1168/936
f 1914/1164/933 1916/1163/933 1913/1169/933
f 1913/1169/937 1910/1170/937 1914/1164/937
f 1911/1171/937 1914/1164/937 1910/1170/937
f 1910/1170/938 1907/1172/938 1911/1171/938
f 1908/1173/938 1911/1171/938 1907/1172/938
f 1910/1170/939 1909/1174/939 1907/1172/939
f 1909/1174/940 1910/1170/940 1912/1168/940
f 1913/1169/940 1912/1168/940 1910/1170/940
f 1907/1172/941 1906/1175/941 1903/1176/941
f 1906/1175/939 1907/1172/939 1909/1174/939
f 1909/1174/942 2068/1177/942 1906/1175/942
f 1909/1174/942 2072/1178/942 2068/1177/942
f 1909/1174/943 1912/1168/943 2072/1178/943
f 1912/1168/943 2076/1179/943 2072/1178/943
f 2076/1179/944 1912/1168/944 2080/500/944
f 1915/1167/944 2080/500/944 1912/1168/944
f 1915/1167/356 1919/499/356 2080/500/356
f 1919/499/935 1915/1167/935 1918/501/935
f 2084/494/351 2088/493/351 2083/485/351
f 2083/485/945 2079/486/945 2084/494/945
f 2080/500/945 2084/494/945 2079/486/945
f 2079/486/946 2075/1180/946 2080/500/946
f 2076/1179/946 2080/500/946 2075/1180/946
f 2075/1180/947 2071/1058/947 2076/1179/947
f 2072/1178/947 2076/1179/947 2071/1058/947
f 2071/1058/948 2067/1057/948 2072/1178/948
f 2068/1177/948 2072/1178/948 2067/1057/948
f 2067/1057/949 2063/1062/949 2068/1177/949
f 2069/1181/830 2065/1059/830 2071/1058/830
f 2071/1058/950 2075/1180/950 2069/1181/950
f 2073/1182/950 2069/1181/950 2075/1180/950
f 2075/1180/951 2079/486/951 2073/1182/951
f 2077/708/345 2079/486/345 2082/473/345
f 2077/708/951 2073/1182/951 2079/486/951
f 2073/1182/952 2077/708/952 2074/1183/952
f 2074/1183/953 2070/1184/953 2073/1182/953
f 2070/1184/954 2074/1183/954 2213/1185/954
f 2213/1185/955 2212/1186/955 2070/1184/955
f 2212/1186/956 2213/1185/956 1828/1187/956
f 1828/1187/957 1827/1188/957 2212/1186/957
f 1827/1188/958 1828/1187/958 1748/741/958
f 1746/746/958 1827/1188/958 1748/741/958
f 1743/758/959 1744/1189/959 1745/747/959
f 1746/746/959 1745/747/959 1744/1189/959
f 1744/1189/960 1826/1190/960 1746/746/960
f 1826/1190/960 1827/1188/960 1746/746/960
f 1827/1188/961 1826/1190/961 2211/1191/961
f 2211/1191/957 2212/1186/957 1827/1188/957
f 2212/1186/962 2211/1191/962 2066/1192/962
f 2066/1192/955 2070/1184/955 2212/1186/955
f 2070/1184/963 2066/1192/963 2069/1181/963
f 2069/1181/953 2073/1182/953 2070/1184/953
f 1741/764/964 1742/771/964 1743/758/964
f 1744/1189/964 1743/758/964 1742/771/964
f 1742/771/965 1825/1068/965 1744/1189/965
f 1825/1068/965 1826/1190/965 1744/1189/965
f 1826/1190/836 1825/1068/836 2210/1066/836
f 2210/1066/961 2211/1191/961 1826/1190/961
f 2211/1191/835 2210/1066/835 2062/1061/835
f 2062/1061/962 2066/1192/962 2211/1191/962
f 2066/1192/831 2062/1061/831 2065/1059/831
f 2065/1059/963 2069/1181/963 2066/1192/963
f 1907/1172/966 1905/1193/966 1908/1173/966
f 1905/1193/966 1907/1172/966 1904/1194/966
f 1905/1193/967 1904/1194/967 1902/1195/967
f 1902/1195/967 1904/1194/967 1900/1196/967
f 1902/1195/968 1900/1196/968 1899/1197/968
f 1899/1197/968 1900/1196/968 1897/1198/968
f 1897/1198/969 1895/1199/969 1899/1197/969
f 1896/1200/969 1899/1197/969 1895/1199/969
f 1893/1201/970 1896/1200/970 1892/1202/970
f 1895/1199/970 1892/1202/970 1896/1200/970
f 1895/1199/971 1894/1203/971 1892/1202/971
f 1894/1203/972 1895/1199/972 1897/1198/972
f 1897/1198/972 1898/1204/972 1894/1203/972
f 1898/1204/973 1897/1198/973 1900/1196/973
f 1900/1196/973 1901/1205/973 1898/1204/973
f 1904/1194/974 1901/1205/974 1900/1196/974
f 1904/1194/974 1903/1176/974 1901/1205/974
f 1907/1172/941 1903/1176/941 1904/1194/941
f 1898/1204/975 2056/1206/975 1894/1203/975
f 2056/1206/976 1898/1204/976 1901/1205/976
f 1901/1205/976 2060/1207/976 2056/1206/976
f 2060/1207/977 1901/1205/977 1903/1176/977
f 1903/1176/978 2064/1208/978 2060/1207/978
f 1906/1175/979 2064/1208/979 1903/1176/979
f 1906/1175/979 2068/1177/979 2064/1208/979
f 2064/1208/949 2068/1177/949 2063/1062/949
f 2063/1062/980 2059/1063/980 2064/1208/980
f 2060/1207/980 2064/1208/980 2059/1063/980
f 2059/1063/981 2055/1071/981 2060/1207/981
f 2056/1206/981 2060/1207/981 2055/1071/981
f 2055/1071/845 2052/1077/845 2056/1206/845
f 2052/1077/975 1894/1203/975 2056/1206/975
f 1894/1203/982 2052/1077/982 1891/1209/982
f 1891/1209/971 1892/1202/971 1894/1203/971
f 1892/1202/983 1891/1209/983 1888/1210/983
f 2051/1076/984 2048/1211/984 2052/1077/984
f 2048/1211/982 1891/1209/982 2052/1077/982
f 1891/1209/985 2048/1211/985 1889/1212/985
f 1889/1212/983 1888/1210/983 1891/1209/983
f 1889/1212/986 1886/1079/986 1888/1210/986
f 1885/1213/986 1888/1210/986 1886/1079/986
f 1886/1079/987 1883/1078/987 1885/1213/987
f 1882/1214/987 1885/1213/987 1883/1078/987
f 1883/1078/988 1879/872/988 1882/1214/988
f 1883/1078/671 2036/871/671 1879/872/671
f 1889/1212/847 2044/1081/847 1886/1079/847
f 2044/1081/985 1889/1212/985 2048/1211/985
f 2047/1083/849 2044/1081/849 2048/1211/849
f 2047/1083/984 2048/1211/984 2051/1076/984
f 2049/1075/851 2047/1083/851 2051/1076/851
f 1892/1202/989 1888/1210/989 1893/1201/989
f 1890/1215/989 1893/1201/989 1888/1210/989
f 1888/1210/990 1885/1213/990 1890/1215/990
f 1887/1216/990 1890/1215/990 1885/1213/990
f 1887/1216/991 1885/1213/991 1884/1217/991
f 1882/1214/991 1884/1217/991 1885/1213/991
f 1882/1214/992 1880/1218/992 1884/1217/992
f 1880/1218/988 1882/1214/988 1879/872/988
f 1880/1218/672 1879/872/672 1876/873/672
f 1876/873/993 1878/877/993 1880/1218/993
f 1881/1219/993 1880/1218/993 1878/877/993
f 1881/1219/992 1884/1217/992 1880/1218/992
f 2256/1220/994 2254/1221/994 2253/1222/994
f 2255/1223/995 2253/1222/995 2254/1221/995
f 2254/1221/996 2261/1224/996 2255/1223/996
f 2261/1224/997 2254/1221/997 2264/1225/997
f 2264/1225/998 2262/1226/998 2261/1224/998
f 2263/1227/999 2261/1224/999 2262/1226/999
f 2166/958/1000 2170/1228/1000 2237/959/1000
f 2238/1229/1000 2237/959/1000 2170/1228/1000
f 2170/1228/1001 2174/1230/1001 2238/1229/1001
f 2239/1231/1001 2238/1229/1001 2174/1230/1001
f 2238/1229/1002 2239/1231/1002 1854/1232/1002
f 1855/1233/1002 1854/1232/1002 2239/1231/1002
f 1854/1232/1003 1855/1233/1003 1800/1234/1003
f 1802/1235/1003 1800/1234/1003 1855/1233/1003
f 1802/1235/1004 1801/1236/1004 1800/1234/1004
f 1802/1235/1005 1804/1237/1005 1801/1236/1005
f 2174/1230/1006 2240/1238/1006 2239/1231/1006
f 2239/1231/1007 2240/1238/1007 1856/1239/1007
f 2239/1231/1007 1856/1239/1007 1855/1233/1007
f 1855/1233/1008 1856/1239/1008 1804/1237/1008
f 1804/1237/1008 1802/1235/1008 1855/1233/1008
f 1808/1240/1009 1806/1241/1009 1857/1242/1009
f 1806/1241/1010 1804/1237/1010 1857/1242/1010
f 1856/1239/1010 1857/1242/1010 1804/1237/1010
f 2240/1238/1011 1857/1242/1011 1856/1239/1011
f 1804/1237/1005 1803/1243/1005 1801/1236/1005
f 1804/1237/1012 1806/1241/1012 1803/1243/1012
f 1806/1241/1012 1805/1244/1012 1803/1243/1012
f 1806/1241/1013 1808/1240/1013 1805/1244/1013
f 1808/1240/1013 1807/1245/1013 1805/1244/1013
f 2170/1228/749 2166/958/749 2169/957/749
f 2169/957/1014 2173/1246/1014 2170/1228/1014
f 2174/1230/1014 2170/1228/1014 2173/1246/1014
f 2173/1246/1015 2178/1247/1015 2174/1230/1015
f 2174/1230/1006 2178/1247/1006 2240/1238/1006
f 2178/1247/1016 2241/1248/1016 2240/1238/1016
f 2240/1238/1011 2241/1248/1011 1857/1242/1011
f 2241/1248/1017 1858/1249/1017 1857/1242/1017
f 1857/1242/1009 1858/1249/1009 1808/1240/1009
f 1810/1250/1018 1808/1240/1018 1858/1249/1018
f 2241/1248/1017 2242/948/1017 1858/1249/1017
f 2182/950/736 2242/948/736 2241/1248/736
f 2178/1247/1016 2182/950/1016 2241/1248/1016
f 2177/952/738 2182/950/738 2178/1247/738
f 2173/1246/1015 2177/952/1015 2178/1247/1015
f 2175/954/740 2177/952/740 2173/1246/740
f 2173/1246/1019 2169/957/1019 2175/954/1019
f 2171/965/1019 2175/954/1019 2169/957/1019
f 2169/957/1020 2165/956/1020 2171/965/1020
f 2167/963/1020 2171/965/1020 2165/956/1020
f 1808/1240/1021 1810/1250/1021 1807/1245/1021
f 1810/1250/1021 1809/1251/1021 1807/1245/1021
f 1810/1250/1022 1812/1252/1022 1809/1251/1022
f 1812/1252/1022 1811/1253/1022 1809/1251/1022
f 1812/1252/1023 1719/822/1023 1811/1253/1023
f 1719/822/631 1812/1252/631 1860/825/631
f 1812/1252/1024 1810/1250/1024 1860/825/1024
f 1859/947/1024 1860/825/1024 1810/1250/1024
f 1858/1249/1018 1859/947/1018 1810/1250/1018
f 2242/948/734 1859/947/734 1858/1249/734
f 1717/1254/628 1719/822/628 1718/821/628
f 1717/1254/1023 1811/1253/1023 1719/822/1023
f 1811/1253/1025 1717/1254/1025 1714/1255/1025
f 1811/1253/1026 1714/1255/1026 1710/1256/1026
f 1809/1251/1026 1811/1253/1026 1710/1256/1026
f 1809/1251/1027 1710/1256/1027 1706/1257/1027
f 1807/1245/1027 1809/1251/1027 1706/1257/1027
f 1807/1245/1028 1706/1257/1028 1702/1258/1028
f 1805/1244/1028 1807/1245/1028 1702/1258/1028
f 1805/1244/1029 1702/1258/1029 1698/1259/1029
f 1534/1260/623 1721/816/623 1538/815/623
f 1721/816/1030 1534/1260/1030 1718/821/1030
f 1527/1261/1030 1718/821/1030 1534/1260/1030
f 1718/821/1031 1527/1261/1031 1717/1254/1031
f 1526/1262/1031 1717/1254/1031 1527/1261/1031
f 1526/1262/1025 1714/1255/1025 1717/1254/1025
f 1538/815/1032 1537/1263/1032 1534/1260/1032
f 1542/813/1033 1541/1264/1033 1538/815/1033
f 1537/1263/1033 1538/815/1033 1541/1264/1033
f 1541/1264/1034 1543/1265/1034 1537/1263/1034
f 1527/1261/1035 1525/1266/1035 1526/1262/1035
f 1525/1266/1036 1527/1261/1036 1533/1267/1036
f 1534/1260/1036 1533/1267/1036 1527/1261/1036
f 1533/1267/1032 1534/1260/1032 1537/1263/1032
f 1537/1263/1037 1539/1268/1037 1533/1267/1037
f 1539/1268/1034 1537/1263/1034 1543/1265/1034
f 1543/1265/1038 1544/1269/1038 1539/1268/1038
f 1543/1265/1039 1547/809/1039 1544/1269/1039
f 1543/1265/1040 1541/1264/1040 1547/809/1040
f 1545/810/1040 1547/809/1040 1541/1264/1040
f 1541/1264/1041 1542/813/1041 1545/810/1041
f 1546/811/1041 1545/810/1041 1542/813/1041
f 1533/1267/1042 1535/1270/1042 1525/1266/1042
f 1535/1270/1037 1533/1267/1037 1539/1268/1037
f 1539/1268/1043 1540/1271/1043 1535/1270/1043
f 1540/1271/1038 1539/1268/1038 1544/1269/1038
f 1540/1271/1044 1544/1269/1044 1391/1272/1044
f 1394/1273/1044 1391/1272/1044 1544/1269/1044
f 1394/1273/1045 1544/1269/1045 1397/1274/1045
f 1548/1275/1045 1397/1274/1045 1544/1269/1045
f 1548/1275/1039 1544/1269/1039 1547/809/1039
f 1547/809/1046 1551/802/1046 1548/1275/1046
f 1548/1275/1047 1552/1276/1047 1397/1274/1047
f 1552/1276/1046 1548/1275/1046 1551/802/1046
f 1391/1272/1048 1387/1277/1048 1540/1271/1048
f 1391/1272/1049 1390/1278/1049 1387/1277/1049
f 1391/1272/1050 1393/1279/1050 1390/1278/1050
f 1394/1273/1050 1393/1279/1050 1391/1272/1050
f 1394/1273/1051 1396/1280/1051 1393/1279/1051
f 1397/1274/1051 1396/1280/1051 1394/1273/1051
f 1397/1274/1052 1399/1281/1052 1396/1280/1052
f 1399/1281/1047 1397/1274/1047 1552/1276/1047
f 1552/1276/1053 1556/801/1053 1399/1281/1053
f 1552/1276/612 1551/802/612 1556/801/612
f 1388/1282/1049 1387/1277/1049 1390/1278/1049
f 1403/1283/1053 1399/1281/1053 1556/801/1053
f 1402/1284/1054 1399/1281/1054 1403/1283/1054
f 1399/1281/1054 1402/1284/1054 1400/1285/1054
f 1400/1285/1052 1396/1280/1052 1399/1281/1052
f 1398/1286/1055 1396/1280/1055 1400/1285/1055
f 1401/1287/1055 1398/1286/1055 1400/1285/1055
f 1401/1287/1056 1400/1285/1056 1404/1288/1056
f 1402/1284/1056 1404/1288/1056 1400/1285/1056
f 1404/1288/1057 1402/1284/1057 1405/792/1057
f 1403/1283/1058 1405/792/1058 1402/1284/1058
f 1405/792/1058 1403/1283/1058 1406/787/1058
f 1403/1283/1059 1556/801/1059 1406/787/1059
f 1560/788/1059 1406/787/1059 1556/801/1059
f 1556/801/606 1555/793/606 1560/788/606
f 1416/1289/1060 1415/1290/1060 1419/1291/1060
f 1415/1290/1061 1416/1289/1061 1412/1292/1061
f 1413/1293/1061 1412/1292/1061 1416/1289/1061
f 1412/1292/1062 1413/1293/1062 1408/786/1062
f 1410/1294/1062 1408/786/1062 1413/1293/1062
f 1408/786/1063 1410/1294/1063 1405/792/1063
f 1407/1295/1063 1405/792/1063 1410/1294/1063
f 1407/1295/1057 1404/1288/1057 1405/792/1057
f 1423/1296/1064 1426/1297/1064 1425/1298/1064
f 1425/1298/1065 1422/1299/1065 1423/1296/1065
f 1420/1300/1065 1423/1296/1065 1422/1299/1065
f 1422/1299/1066 1419/1291/1066 1420/1300/1066
f 1418/1301/1066 1420/1300/1066 1419/1291/1066
f 1418/1301/1060 1419/1291/1060 1415/1290/1060
f 1415/1290/1067 1414/766/1067 1418/1301/1067
f 1415/1290/1068 1412/1292/1068 1414/766/1068
f 1411/777/1068 1414/766/1068 1412/1292/1068
f 1412/1292/600 1408/786/600 1411/777/600
f 1427/1302/1069 1584/751/1069 1588/745/1069
f 1584/751/1069 1427/1302/1069 1424/754/1069
f 1427/1302/1070 1426/1297/1070 1424/754/1070
f 1423/1296/1070 1424/754/1070 1426/1297/1070
f 1424/754/1071 1423/1296/1071 1421/752/1071
f 1420/1300/1071 1421/752/1071 1423/1296/1071
f 1421/752/1072 1420/1300/1072 1417/759/1072
f 1418/1301/1072 1417/759/1072 1420/1300/1072
f 1418/1301/1067 1414/766/1067 1417/759/1067
f 1417/759/583 1414/766/583 1576/760/583
f 1588/745/567 1429/735/567 1427/1302/567
f 1427/1302/1073 1429/735/1073 1426/1297/1073
f 1430/1303/1073 1426/1297/1073 1429/735/1073
f 1429/735/1074 1432/733/1074 1430/1303/1074
f 1433/1304/1074 1430/1303/1074 1432/733/1074
f 1600/729/1075 1439/1305/1075 1436/1306/1075
f 1436/1306/556 1432/733/556 1600/729/556
f 1436/1306/1076 1435/1307/1076 1432/733/1076
f 1433/1304/1076 1432/733/1076 1435/1307/1076
f 1435/1307/1077 1434/1308/1077 1433/1304/1077
f 1433/1304/1078 1434/1308/1078 1430/1303/1078
f 1431/1309/1078 1430/1303/1078 1434/1308/1078
f 1430/1303/1079 1431/1309/1079 1426/1297/1079
f 1428/1310/1079 1426/1297/1079 1431/1309/1079
f 1426/1297/1064 1428/1310/1064 1425/1298/1064
f 1439/1305/1080 1438/1311/1080 1436/1306/1080
f 1435/1307/1080 1436/1306/1080 1438/1311/1080
f 1438/1311/1081 1440/1312/1081 1435/1307/1081
f 1437/1313/1081 1435/1307/1081 1440/1312/1081
f 1435/1307/1077 1437/1313/1077 1434/1308/1077
f 1443/1314/1082 1441/1315/1082 1446/1316/1082
f 1441/1315/1083 1443/1314/1083 1438/1311/1083
f 1440/1312/1083 1438/1311/1083 1443/1314/1083
f 1451/658/1084 1448/1317/1084 1620/669/1084
f 1450/659/1085 1448/1317/1085 1451/658/1085
f 1448/1317/1085 1450/659/1085 1447/1318/1085
f 1449/1319/1086 1447/1318/1086 1450/659/1086
f 1449/1319/1087 1446/1316/1087 1447/1318/1087
f 1446/1316/1087 1444/1320/1087 1447/1318/1087
f 1444/1320/1082 1446/1316/1082 1441/1315/1082
f 1442/1321/1088 1444/1320/1088 1441/1315/1088
f 1442/1321/1089 1441/1315/1089 1439/1305/1089
f 1439/1305/1089 1441/1315/1089 1438/1311/1089
f 1445/1322/1088 1444/1320/1088 1442/1321/1088
f 1445/1322/1090 1447/1318/1090 1444/1320/1090
f 1447/1318/1090 1445/1322/1090 1448/1317/1090
f 1452/1323/1086 1449/1319/1086 1450/659/1086
f 1452/1323/1091 1450/659/1091 1455/1324/1091
f 1454/1325/1091 1455/1324/1091 1450/659/1091
f 1455/1324/1092 1454/1325/1092 1458/1326/1092
f 1620/669/497 1619/676/497 1623/668/497
f 1620/669/505 1616/677/505 1619/676/505
f 1616/677/1084 1620/669/1084 1448/1317/1084
f 1616/677/1093 1448/1317/1093 1612/678/1093
f 1445/1322/1093 1612/678/1093 1448/1317/1093
f 1612/678/1094 1445/1322/1094 1608/722/1094
f 1442/1321/1094 1608/722/1094 1445/1322/1094
f 1608/722/1095 1442/1321/1095 1604/728/1095
f 1604/728/1095 1442/1321/1095 1439/1305/1095
f 1604/728/1075 1439/1305/1075 1600/729/1075
f 1854/1232/1096 1800/1234/1096 1853/1327/1096
f 1854/1232/1097 1853/1327/1097 2238/1229/1097
f 2237/959/1097 2238/1229/1097 1853/1327/1097
f 1803/1243/1029 1805/1244/1029 1698/1259/1029
f 1803/1243/1098 1698/1259/1098 1694/1328/1098
f 1801/1236/1098 1803/1243/1098 1694/1328/1098
f 1801/1236/1099 1694/1328/1099 1799/977/1099
f 1799/977/1004 1800/1234/1004 1801/1236/1004
f 1800/1234/765 1799/977/765 1798/975/765
f 1798/975/1096 1853/1327/1096 1800/1234/1096
f 1853/1327/763 1798/975/763 1852/970/763
f 1853/1327/1100 1852/970/1100 2237/959/1100
f 2236/960/1100 2237/959/1100 1852/970/1100
f 1690/978/1099 1799/977/1099 1694/1328/1099
f 1694/1328/1101 1693/1329/1101 1690/978/1101
f 1694/1328/1102 1698/1259/1102 1693/1329/1102
f 1698/1259/1102 1697/1330/1102 1693/1329/1102
f 1698/1259/1103 1702/1258/1103 1697/1330/1103
f 1702/1258/1103 1701/1331/1103 1697/1330/1103
f 1702/1258/1104 1706/1257/1104 1701/1331/1104
f 1706/1257/1104 1705/1332/1104 1701/1331/1104
f 1706/1257/1105 1710/1256/1105 1705/1332/1105
f 1710/1256/1106 1709/1333/1106 1705/1332/1106
f 1705/1332/1107 1707/1334/1107 1703/1335/1107
f 1701/1331/1107 1705/1332/1107 1703/1335/1107
f 1701/1331/1108 1703/1335/1108 1699/1336/1108
f 1699/1336/1108 1697/1330/1108 1701/1331/1108
f 1697/1330/1109 1699/1336/1109 1695/1337/1109
f 1695/1337/1109 1693/1329/1109 1697/1330/1109
f 1693/1329/1110 1695/1337/1110 1689/1338/1110
f 1689/1338/1101 1690/978/1101 1693/1329/1101
f 1690/978/1111 1689/1338/1111 1686/986/1111
f 1686/986/766 1797/976/766 1690/978/766
f 1797/976/773 1686/986/773 1795/984/773
f 1795/984/764 1796/974/764 1797/976/764
f 1796/974/771 1795/984/771 1794/973/771
f 1685/987/1111 1686/986/1111 1689/1338/1111
f 1689/1338/777 1691/991/777 1685/987/777
f 1691/991/1110 1689/1338/1110 1695/1337/1110
f 1692/993/1112 1691/991/1112 1695/1337/1112
f 1692/993/1112 1695/1337/1112 1696/1339/1112
f 1696/1339/780 1507/995/780 1692/993/780
f 1696/1339/1113 1700/1340/1113 1507/995/1113
f 1510/1341/1113 1507/995/1113 1700/1340/1113
f 1700/1340/1114 1704/1342/1114 1510/1341/1114
f 1513/1343/1114 1510/1341/1114 1704/1342/1114
f 1501/1003/779 1688/992/779 1504/994/779
f 1501/1003/1115 1504/994/1115 1502/1012/1115
f 1505/1011/1115 1502/1012/1115 1504/994/1115
f 1504/994/1116 1507/995/1116 1505/1011/1116
f 1508/1344/1116 1505/1011/1116 1507/995/1116
f 1507/995/1117 1510/1341/1117 1508/1344/1117
f 1511/1345/1117 1508/1344/1117 1510/1341/1117
f 1510/1341/1118 1513/1343/1118 1511/1345/1118
f 1514/1346/1118 1511/1345/1118 1513/1343/1118
f 1513/1343/1119 1516/1347/1119 1514/1346/1119
f 1517/1348/1119 1514/1346/1119 1516/1347/1119
f 1516/1347/1120 1519/1349/1120 1517/1348/1120
f 1520/1350/1121 1521/1351/1121 1517/1348/1121
f 1518/1352/1121 1517/1348/1121 1521/1351/1121
f 1517/1348/1122 1518/1352/1122 1514/1346/1122
f 1515/1353/1122 1514/1346/1122 1518/1352/1122
f 1514/1346/1123 1515/1353/1123 1511/1345/1123
f 1512/1354/1123 1511/1345/1123 1515/1353/1123
f 1511/1345/1124 1512/1354/1124 1508/1344/1124
f 1509/1355/1124 1508/1344/1124 1512/1354/1124
f 1508/1344/1125 1509/1355/1125 1505/1011/1125
f 1506/1009/1125 1505/1011/1125 1509/1355/1125
f 1521/1351/1126 1520/1350/1126 1524/1356/1126
f 1522/1357/1126 1524/1356/1126 1520/1350/1126
f 1524/1356/1127 1522/1357/1127 1386/1358/1127
f 1382/1359/1127 1386/1358/1127 1522/1357/1127
f 1385/1360/1128 1384/1361/1128 1389/1362/1128
f 1384/1361/1129 1385/1360/1129 1386/1358/1129
f 1382/1359/1129 1384/1361/1129 1386/1358/1129
f 1384/1361/1130 1382/1359/1130 1381/1363/1130
f 1383/1364/1130 1381/1363/1130 1382/1359/1130
f 1382/1359/1131 1522/1357/1131 1383/1364/1131
f 1523/1365/1131 1383/1364/1131 1522/1357/1131
f 1523/1365/1132 1522/1357/1132 1519/1349/1132
f 1520/1350/1132 1519/1349/1132 1522/1357/1132
f 1520/1350/1120 1517/1348/1120 1519/1349/1120
f 1704/1342/1133 1708/1366/1133 1513/1343/1133
f 1516/1347/1133 1513/1343/1133 1708/1366/1133
f 1708/1366/1134 1712/1367/1134 1516/1347/1134
f 1519/1349/1134 1516/1347/1134 1712/1367/1134
f 1712/1367/1135 1716/1368/1135 1519/1349/1135
f 1523/1365/1135 1519/1349/1135 1716/1368/1135
f 1716/1368/1136 1532/1369/1136 1523/1365/1136
f 1383/1364/1136 1523/1365/1136 1532/1369/1136
f 1532/1369/1137 1531/1370/1137 1383/1364/1137
f 1381/1363/1137 1383/1364/1137 1531/1370/1137
f 1532/1369/1138 1530/1371/1138 1531/1370/1138
f 1532/1369/1139 1716/1368/1139 1530/1371/1139
f 1715/1372/1139 1530/1371/1139 1716/1368/1139
f 1715/1372/1140 1716/1368/1140 1712/1367/1140
f 1711/1373/1140 1715/1372/1140 1712/1367/1140
f 1711/1373/1141 1712/1367/1141 1708/1366/1141
f 1708/1366/1141 1707/1334/1141 1711/1373/1141
f 1707/1334/1142 1708/1366/1142 1704/1342/1142
f 1704/1342/1142 1703/1335/1142 1707/1334/1142
f 1703/1335/1143 1704/1342/1143 1700/1340/1143
f 1700/1340/1143 1699/1336/1143 1703/1335/1143
f 1699/1336/1144 1700/1340/1144 1696/1339/1144
f 1696/1339/1144 1695/1337/1144 1699/1336/1144
f 1387/1277/1145 1531/1370/1145 1536/1374/1145
f 1531/1370/1146 1529/1375/1146 1536/1374/1146
f 1529/1375/1138 1531/1370/1138 1530/1371/1138
f 1530/1371/1147 1528/1376/1147 1529/1375/1147
f 1530/1371/1148 1715/1372/1148 1528/1376/1148
f 1713/1377/1148 1528/1376/1148 1715/1372/1148
f 1713/1377/1149 1715/1372/1149 1711/1373/1149
f 1709/1333/1149 1713/1377/1149 1711/1373/1149
f 1709/1333/1150 1711/1373/1150 1707/1334/1150
f 1705/1332/1150 1709/1333/1150 1707/1334/1150
f 1710/1256/1151 1714/1255/1151 1709/1333/1151
f 1714/1255/1152 1713/1377/1152 1709/1333/1152
f 1714/1255/1153 1526/1262/1153 1713/1377/1153
f 1528/1376/1153 1713/1377/1153 1526/1262/1153
f 1528/1376/1035 1526/1262/1035 1525/1266/1035
f 1525/1266/1147 1529/1375/1147 1528/1376/1147
f 1529/1375/1042 1525/1266/1042 1535/1270/1042
f 1535/1270/1146 1536/1374/1146 1529/1375/1146
f 1536/1374/1043 1535/1270/1043 1540/1271/1043
f 1536/1374/1048 1540/1271/1048 1387/1277/1048
f 1531/1370/1145 1387/1277/1145 1381/1363/1145
f 1381/1363/1154 1387/1277/1154 1384/1361/1154
f 1388/1282/1154 1384/1361/1154 1387/1277/1154
f 1388/1282/1128 1389/1362/1128 1384/1361/1128
f 1389/1362/1155 1388/1282/1155 1390/1278/1155
f 1390/1278/1155 1392/1378/1155 1389/1362/1155
f 1392/1378/1156 1390/1278/1156 1393/1279/1156
f 1393/1279/1156 1395/1379/1156 1392/1378/1156
f 1395/1379/1157 1393/1279/1157 1396/1280/1157
f 1396/1280/1157 1398/1286/1157 1395/1379/1157
f 1634/689/510 1633/672/510 1630/683/510
f 1633/672/1158 1634/689/1158 1637/670/1158
f 1638/691/1158 1637/670/1158 1634/689/1158
f 1637/670/1159 1638/691/1159 1641/1380/1159
f 1642/1381/1159 1641/1380/1159 1638/691/1159
f 1641/1380/1160 1642/1381/1160 1645/1382/1160
f 1646/1383/1160 1645/1382/1160 1642/1381/1160
f 1646/1383/1161 1649/1384/1161 1645/1382/1161
f 1649/1384/1162 1646/1383/1162 1779/1385/1162
f 1779/1385/1163 1781/1386/1163 1649/1384/1163
f 1781/1386/1164 1779/1385/1164 1782/1387/1164
f 1782/1387/1165 1784/589/1165 1781/1386/1165
f 1784/589/1166 1782/1387/1166 1846/576/1166
f 1784/589/437 1786/588/437 1783/595/437
f 1783/595/1165 1781/1386/1165 1784/589/1165
f 1781/1386/1167 1783/595/1167 1653/1388/1167
f 1653/1388/1163 1649/1384/1163 1781/1386/1163
f 1649/1384/1168 1653/1388/1168 1650/1389/1168
f 1650/1389/1161 1645/1382/1161 1649/1384/1161
f 1645/1382/1169 1650/1389/1169 1647/1390/1169
f 1645/1382/1170 1647/1390/1170 1641/1380/1170
f 1643/671/1170 1641/1380/1170 1647/1390/1170
f 1641/1380/498 1643/671/498 1637/670/498
f 1657/596/1167 1653/1388/1167 1783/595/1167
f 1653/1388/444 1657/596/444 1654/603/444
f 1654/603/1168 1650/1389/1168 1653/1388/1168
f 1650/1389/476 1654/603/476 1651/643/476
f 1651/643/1169 1647/1390/1169 1650/1389/1169
f 1647/1390/477 1651/643/477 1648/644/477
f 1647/1390/1171 1648/644/1171 1643/671/1171
f 1644/649/1171 1643/671/1171 1648/644/1171
f 1643/671/1172 1644/649/1172 1639/664/1172
f 1640/648/1172 1639/664/1172 1644/649/1172
f 1830/1391/1173 1831/1392/1173 1754/1393/1173
f 1752/1394/1173 1830/1391/1173 1754/1393/1173
f 1752/1394/1174 1751/724/1174 1750/1395/1174
f 1752/1394/1175 1750/1395/1175 1830/1391/1175
f 1829/1396/1175 1830/1391/1175 1750/1395/1175
f 1830/1391/1176 1829/1396/1176 2214/1397/1176
f 2214/1397/1177 2215/1398/1177 1830/1391/1177
f 1831/1392/1177 1830/1391/1177 2215/1398/1177
f 1831/1392/1178 2215/1398/1178 1832/1399/1178
f 1832/1399/1179 1756/1400/1179 1831/1392/1179
f 1754/1393/1179 1831/1392/1179 1756/1400/1179
f 1756/1400/1180 1753/1401/1180 1754/1393/1180
f 1755/1402/1180 1753/1401/1180 1756/1400/1180
f 1754/1393/1181 1753/1401/1181 1752/1394/1181
f 1751/724/1181 1752/1394/1181 1753/1401/1181
f 1753/1401/549 1598/725/549 1751/724/549
f 1755/1402/1182 1598/725/1182 1753/1401/1182
f 1601/720/1182 1598/725/1182 1755/1402/1182
f 2215/1398/1183 2214/1397/1183 2078/1403/1183
f 2215/1398/1184 2078/1403/1184 2216/1404/1184
f 2216/1404/1178 1832/1399/1178 2215/1398/1178
f 1832/1399/1185 2216/1404/1185 1833/1405/1185
f 1832/1399/1186 1833/1405/1186 1756/1400/1186
f 1758/1406/1186 1756/1400/1186 1833/1405/1186
f 1758/1406/1187 1755/1402/1187 1756/1400/1187
f 1757/1407/1187 1755/1402/1187 1758/1406/1187
f 1757/1407/1188 1601/720/1188 1755/1402/1188
f 1605/718/1188 1601/720/1188 1757/1407/1188
f 1759/712/544 1605/718/544 1757/1407/544
f 1759/712/1189 1757/1407/1189 1760/711/1189
f 1760/711/1189 1757/1407/1189 1758/1406/1189
f 1760/711/1190 1758/1406/1190 1834/710/1190
f 1833/1405/1190 1834/710/1190 1758/1406/1190
f 1833/1405/535 2217/709/535 1834/710/535
f 2217/709/1185 1833/1405/1185 2216/1404/1185
f 2216/1404/534 2081/707/534 2217/709/534
f 2081/707/1184 2216/1404/1184 2078/1403/1184
f 2078/1403/533 2077/708/533 2081/707/533
f 2078/1403/952 2074/1183/952 2077/708/952
f 2074/1183/1183 2078/1403/1183 2214/1397/1183
f 2214/1397/954 2213/1185/954 2074/1183/954
f 2213/1185/1176 2214/1397/1176 1829/1396/1176
f 1829/1396/956 1828/1187/956 2213/1185/956
f 1828/1187/1191 1829/1396/1191 1748/741/1191
f 1750/1395/1191 1748/741/1191 1829/1396/1191
f 1750/1395/562 1749/739/562 1748/741/562
f 1749/739/1174 1750/1395/1174 1751/724/1174
f 1751/724/561 1594/723/561 1749/739/561
f 1778/1408/1192 1780/1409/1192 1777/1410/1192
f 2229/574/421 2228/566/421 2129/565/421
f 2229/574/1193 1845/577/1193 2228/566/1193
f 1845/577/1193 1844/567/1193 2228/566/1193
f 1844/567/1194 1845/577/1194 1780/1409/1194
f 1844/567/1195 1780/1409/1195 1843/568/1195
f 1780/1409/1195 1778/1408/1195 1843/568/1195
f 1778/1408/1196 1776/1411/1196 1843/568/1196
f 1778/1408/1197 1777/1410/1197 1776/1411/1197
f 1775/694/1197 1776/1411/1197 1777/1410/1197
f 1776/1411/517 1775/694/517 1774/693/517
f 2226/556/1198 2227/562/1198 1842/557/1198
f 1843/568/1198 1842/557/1198 2227/562/1198
f 1842/557/1196 1843/568/1196 1776/1411/1196
f 1842/557/1199 1776/1411/1199 1841/550/1199
f 1774/693/1199 1841/550/1199 1776/1411/1199
f 1774/693/1200 1772/695/1200 1841/550/1200
f 1840/548/1200 1841/550/1200 1772/695/1200
f 1772/695/1201 1770/696/1201 1840/548/1201
f 1839/538/1201 1840/548/1201 1770/696/1201
f 1839/538/523 1770/696/523 1838/539/523
f 858/1412/1175 860/1413/1175 1345/1414/1175
f 1341/1415/1202 1342/1416/1202 1343/1417/1202
f 1344/1418/1202 1343/1417/1202 1342/1416/1202
f 1343/1417/1203 1344/1418/1203 1345/1414/1203
f 1344/1418/1173 856/1419/1173 1345/1414/1173
f 856/1419/1173 858/1412/1173 1345/1414/1173
f 856/1419/1204 855/1420/1204 858/1412/1204
f 855/1420/1204 857/1421/1204 858/1412/1204
f 858/1412/1205 857/1421/1205 860/1413/1205
f 857/1421/1206 859/1422/1206 860/1413/1206
f 860/1413/1207 859/1422/1207 862/1423/1207
f 854/1424/1208 852/1425/1208 853/1426/1208
f 853/1426/1209 855/1420/1209 854/1424/1209
f 856/1419/1209 854/1424/1209 855/1420/1209
f 854/1424/1179 856/1419/1179 1342/1416/1179
f 1344/1418/1179 1342/1416/1179 856/1419/1179
f 852/1425/1186 854/1424/1186 1342/1416/1186
f 1342/1416/1186 1340/1427/1186 852/1425/1186
f 850/1428/1190 852/1425/1190 1340/1427/1190
f 1340/1427/1190 1338/1429/1190 850/1428/1190
f 1338/1429/536 1336/1430/536 850/1428/536
f 848/1431/536 850/1428/536 1336/1430/536
f 1336/1430/530 1334/1432/530 848/1431/530
f 846/1433/530 848/1431/530 1334/1432/530
f 1334/1432/526 1282/1434/526 846/1433/526
f 795/1435/526 846/1433/526 1282/1434/526
f 1284/1436/1210 1282/1434/1210 1333/1437/1210
f 1334/1432/1210 1333/1437/1210 1282/1434/1210
f 1333/1437/1211 1334/1432/1211 1335/1438/1211
f 1336/1430/1211 1335/1438/1211 1334/1432/1211
f 1335/1438/1212 1336/1430/1212 1337/1439/1212
f 1338/1429/1212 1337/1439/1212 1336/1430/1212
f 1337/1439/1213 1338/1429/1213 1339/1440/1213
f 1340/1427/1213 1339/1440/1213 1338/1429/1213
f 1339/1440/1214 1340/1427/1214 1341/1415/1214
f 1342/1416/1214 1341/1415/1214 1340/1427/1214
f 799/1441/1215 802/1442/1215 800/1443/1215
f 797/1444/1216 799/1441/1216 800/1443/1216
f 797/1444/1216 800/1443/1216 798/1445/1216
f 793/1446/1217 797/1444/1217 798/1445/1217
f 793/1446/1217 798/1445/1217 794/1447/1217
f 795/1435/1218 793/1446/1218 794/1447/1218
f 793/1446/524 795/1435/524 1281/1448/524
f 1282/1434/524 1281/1448/524 795/1435/524
f 1283/1449/1219 1281/1448/1219 1282/1434/1219
f 1284/1436/1219 1283/1449/1219 1282/1434/1219
f 1283/1449/1220 1286/1450/1220 1281/1448/1220
f 797/1444/523 793/1446/523 1281/1448/523
f 1281/1448/523 1285/1451/523 797/1444/523
f 1286/1450/1220 1285/1451/1220 1281/1448/1220
f 1286/1450/1221 1287/1452/1221 1285/1451/1221
f 1285/1451/1221 1287/1452/1221 1288/1453/1221
f 1287/1452/1222 1289/1454/1222 1288/1453/1222
f 1288/1453/1222 1289/1454/1222 1290/1455/1222
f 1289/1454/1223 1291/1456/1223 1290/1455/1223
f 1290/1455/1223 1291/1456/1223 1292/1457/1223
f 1291/1456/1224 1293/1458/1224 1292/1457/1224
f 1292/1457/1224 1293/1458/1224 1294/1459/1224
f 1292/1457/1196 1294/1459/1196 803/1460/1196
f 806/1461/1196 803/1460/1196 1294/1459/1196
f 1285/1451/1201 1288/1453/1201 797/1444/1201
f 799/1441/1201 797/1444/1201 1288/1453/1201
f 801/1462/1200 799/1441/1200 1288/1453/1200
f 1288/1453/1200 1290/1455/1200 801/1462/1200
f 803/1460/1199 801/1462/1199 1290/1455/1199
f 1290/1455/1199 1292/1457/1199 803/1460/1199
f 1296/1463/1225 1295/1464/1225 1293/1458/1225
f 1294/1459/1226 1293/1458/1226 1295/1464/1226
f 1294/1459/1195 1295/1464/1195 807/1465/1195
f 806/1461/1195 1294/1459/1195 807/1465/1195
f 806/1461/1227 807/1465/1227 805/1466/1227
f 803/1460/1228 806/1461/1228 805/1466/1228
f 805/1466/1228 804/1467/1228 803/1460/1228
f 801/1462/1229 803/1460/1229 804/1467/1229
f 801/1462/1229 804/1467/1229 802/1442/1229
f 799/1441/1215 801/1462/1215 802/1442/1215
f 818/1468/1230 816/1469/1230 817/1470/1230
f 815/1471/1230 817/1470/1230 816/1469/1230
f 816/1469/1231 814/1472/1231 815/1471/1231
f 813/1473/1232 815/1471/1232 814/1472/1232
f 814/1472/1233 812/1474/1233 813/1473/1233
f 811/1475/1233 813/1473/1233 812/1474/1233
f 811/1475/431 1299/1476/431 813/1473/431
f 811/1475/1166 809/1477/1166 1299/1476/1166
f 1297/1478/1166 1299/1476/1166 809/1477/1166
f 1295/1464/1194 1297/1478/1194 809/1477/1194
f 807/1465/1194 1295/1464/1194 809/1477/1194
f 807/1465/1234 809/1477/1234 808/1479/1234
f 808/1479/1227 805/1466/1227 807/1465/1227
f 810/1480/1234 808/1479/1234 809/1477/1234
f 809/1477/1235 811/1475/1235 810/1480/1235
f 812/1474/1235 810/1480/1235 811/1475/1235
f 1306/1481/1236 1305/1482/1236 1304/1483/1236
f 1303/1484/1236 1304/1483/1236 1305/1482/1236
f 1304/1483/1237 1303/1484/1237 1302/1485/1237
f 1301/1486/1237 1302/1485/1237 1303/1484/1237
f 1302/1485/1238 1301/1486/1238 1300/1487/1238
f 1299/1476/1238 1300/1487/1238 1301/1486/1238
f 1300/1487/1239 1299/1476/1239 1298/1488/1239
f 1297/1478/1239 1298/1488/1239 1299/1476/1239
f 1298/1488/1240 1297/1478/1240 1296/1463/1240
f 1295/1464/1240 1296/1463/1240 1297/1478/1240
f 1303/1484/440 1305/1482/440 817/1470/440
f 815/1471/440 1303/1484/440 817/1470/440
f 1301/1486/435 1303/1484/435 815/1471/435
f 813/1473/435 1301/1486/435 815/1471/435
f 1299/1476/431 1301/1486/431 813/1473/431
f 1317/1489/1241 1319/1490/1241 1318/1491/1241
f 1318/1491/1242 1316/1492/1242 1317/1489/1242
f 1316/1492/1096 1318/1491/1096 827/1493/1096
f 1314/1494/763 1316/1492/763 827/1493/763
f 825/1495/763 1314/1494/763 827/1493/763
f 825/1495/762 823/1496/762 1314/1494/762
f 1312/1497/762 1314/1494/762 823/1496/762
f 823/1496/761 820/1498/761 1312/1497/761
f 1310/1499/761 1312/1497/761 820/1498/761
f 1308/1500/769 1310/1499/769 820/1498/769
f 1310/1499/1243 1308/1500/1243 1307/1501/1243
f 1309/1502/1243 1307/1501/1243 1308/1500/1243
f 819/1503/769 1308/1500/769 820/1498/769
f 1315/1504/1242 1317/1489/1242 1316/1492/1242
f 1316/1492/1244 1314/1494/1244 1315/1504/1244
f 1313/1505/1244 1315/1504/1244 1314/1494/1244
f 1314/1494/1245 1312/1497/1245 1313/1505/1245
f 1311/1506/1245 1313/1505/1245 1312/1497/1245
f 1312/1497/1246 1310/1499/1246 1311/1506/1246
f 1307/1501/1246 1311/1506/1246 1310/1499/1246
f 1320/1507/1247 1318/1491/1247 1319/1490/1247
f 1318/1491/1003 1320/1507/1003 829/1508/1003
f 829/1508/1096 827/1493/1096 1318/1491/1096
f 830/1509/1248 827/1493/1248 829/1508/1248
f 828/1510/1248 827/1493/1248 830/1509/1248
f 828/1510/1249 825/1495/1249 827/1493/1249
f 826/1511/1249 825/1495/1249 828/1510/1249
f 826/1511/1250 823/1496/1250 825/1495/1250
f 824/1512/1250 823/1496/1250 826/1511/1250
f 824/1512/1251 820/1498/1251 823/1496/1251
f 821/1513/1252 820/1498/1252 824/1512/1252
f 821/1513/1253 819/1503/1253 820/1498/1253
f 822/1514/1254 819/1503/1254 821/1513/1254
f 840/1515/1255 838/1516/1255 839/1517/1255
f 837/1518/1255 839/1517/1255 838/1516/1255
f 837/1518/1018 1325/1519/1018 839/1517/1018
f 837/1518/1009 835/1520/1009 1325/1519/1009
f 1323/1521/1009 1325/1519/1009 835/1520/1009
f 835/1520/1010 833/1522/1010 1323/1521/1010
f 1321/1523/1010 1323/1521/1010 833/1522/1010
f 1321/1523/1008 833/1522/1008 1320/1507/1008
f 831/1524/1008 1320/1507/1008 833/1522/1008
f 831/1524/1256 833/1522/1256 832/1525/1256
f 829/1508/1257 831/1524/1257 832/1525/1257
f 829/1508/1257 832/1525/1257 830/1509/1257
f 831/1524/1003 829/1508/1003 1320/1507/1003
f 834/1526/1256 832/1525/1256 833/1522/1256
f 833/1522/1258 835/1520/1258 834/1526/1258
f 836/1527/1258 834/1526/1258 835/1520/1258
f 835/1520/1259 837/1518/1259 836/1527/1259
f 838/1516/1259 836/1527/1259 837/1518/1259
f 1327/1528/1024 1329/1529/1024 839/1517/1024
f 1327/1528/1260 1328/1530/1260 1329/1529/1260
f 1328/1530/1261 1327/1528/1261 1326/1531/1261
f 1325/1519/1261 1326/1531/1261 1327/1528/1261
f 1326/1531/1262 1325/1519/1262 1324/1532/1262
f 1323/1521/1262 1324/1532/1262 1325/1519/1262
f 1324/1532/1263 1323/1521/1263 1322/1533/1263
f 1321/1523/1263 1322/1533/1263 1323/1521/1263
f 1322/1533/1264 1321/1523/1264 1319/1490/1264
f 1320/1507/1265 1319/1490/1265 1321/1523/1265
f 1327/1528/1018 839/1517/1018 1325/1519/1018
f 890/1534/1266 889/1535/1266 888/1536/1266
f 889/1535/1267 890/1534/1267 891/1537/1267
f 892/1538/1268 891/1537/1268 890/1534/1268
f 891/1537/1269 892/1538/1269 843/1539/1269
f 844/1540/1269 843/1539/1269 892/1538/1269
f 844/1540/1270 842/1541/1270 843/1539/1270
f 841/1542/1270 843/1539/1270 842/1541/1270
f 842/1541/1271 840/1515/1271 841/1542/1271
f 839/1517/1271 841/1542/1271 840/1515/1271
f 841/1542/1024 839/1517/1024 1329/1529/1024
f 1374/1543/636 1372/1544/636 885/1545/636
f 885/1545/635 887/1546/635 1374/1543/635
f 1376/1547/635 1374/1543/635 887/1546/635
f 1376/1547/634 887/1546/634 1378/1548/634
f 889/1535/634 1378/1548/634 887/1546/634
f 1378/1548/633 889/1535/633 1380/1549/633
f 891/1537/633 1380/1549/633 889/1535/633
f 1380/1549/632 891/1537/632 1331/1550/632
f 843/1539/632 1331/1550/632 891/1537/632
f 1331/1550/631 843/1539/631 1329/1529/631
f 841/1542/631 1329/1529/631 843/1539/631
f 1330/1551/1260 1329/1529/1260 1328/1530/1260
f 1329/1529/1272 1330/1551/1272 1331/1550/1272
f 1332/1552/1272 1331/1550/1272 1330/1551/1272
f 1332/1552/1273 1379/1553/1273 1331/1550/1273
f 1380/1549/1273 1331/1550/1273 1379/1553/1273
f 1380/1549/1274 1379/1553/1274 1377/1554/1274
f 1378/1548/1274 1380/1549/1274 1377/1554/1274
f 1378/1548/1275 1377/1554/1275 1375/1555/1275
f 1376/1547/1275 1378/1548/1275 1375/1555/1275
f 1376/1547/1276 1375/1555/1276 1373/1556/1276
f 1374/1543/1276 1376/1547/1276 1373/1556/1276
f 1374/1543/1277 1373/1556/1277 1371/1557/1277
f 1372/1544/1277 1374/1543/1277 1371/1557/1277
f 1372/1544/1278 1371/1557/1278 1369/1558/1278
f 1369/1558/1278 1370/1559/1278 1372/1544/1278
f 1370/1559/1279 1369/1558/1279 1368/1560/1279
f 1370/1559/637 1368/1560/637 882/1561/637
f 1370/1559/638 882/1561/638 1372/1544/638
f 883/1562/638 1372/1544/638 882/1561/638
f 883/1562/636 885/1545/636 1372/1544/636
f 878/1563/611 880/1564/611 1368/1560/611
f 880/1564/637 882/1561/637 1368/1560/637
f 882/1561/1280 880/1564/1280 881/1565/1280
f 882/1561/1281 881/1565/1281 883/1562/1281
f 884/1566/1281 883/1562/1281 881/1565/1281
f 883/1562/1282 884/1566/1282 885/1545/1282
f 886/1567/1282 885/1545/1282 884/1566/1282
f 885/1545/1283 886/1567/1283 887/1546/1283
f 888/1536/1283 887/1546/1283 886/1567/1283
f 887/1546/1266 888/1536/1266 889/1535/1266
f 879/1568/1280 881/1565/1280 880/1564/1280
f 880/1564/1284 878/1563/1284 879/1568/1284
f 877/1569/1284 879/1568/1284 878/1563/1284
f 878/1563/1285 876/1570/1285 877/1569/1285
f 876/1570/870 878/1563/870 1364/1571/870
f 874/1572/871 876/1570/871 1364/1571/871
f 1362/1573/871 874/1572/871 1364/1571/871
f 1362/1573/861 1359/1574/861 874/1572/861
f 872/1575/861 874/1572/861 1359/1574/861
f 1359/1574/840 1358/1576/840 872/1575/840
f 870/1577/840 872/1575/840 1358/1576/840
f 872/1575/1286 870/1577/1286 869/1578/1286
f 871/1579/1286 869/1578/1286 870/1577/1286
f 875/1580/1285 877/1569/1285 876/1570/1285
f 876/1570/1287 874/1572/1287 875/1580/1287
f 873/1581/1287 875/1580/1287 874/1572/1287
f 874/1572/1288 872/1575/1288 873/1581/1288
f 869/1578/1289 873/1581/1289 872/1575/1289
f 1360/1582/1290 1358/1576/1290 1357/1583/1290
f 1359/1574/1290 1357/1583/1290 1358/1576/1290
f 1357/1583/1291 1359/1574/1291 1361/1584/1291
f 1362/1573/1291 1361/1584/1291 1359/1574/1291
f 1361/1584/1292 1362/1573/1292 1363/1585/1292
f 1364/1571/1292 1363/1585/1292 1362/1573/1292
f 1363/1585/1293 1364/1571/1293 1365/1586/1293
f 1366/1587/1293 1365/1586/1293 1364/1571/1293
f 1366/1587/870 1364/1571/870 878/1563/870
f 1366/1587/611 878/1563/611 1368/1560/611
f 1365/1586/1294 1366/1587/1294 1367/1588/1294
f 1368/1560/1294 1367/1588/1294 1366/1587/1294
f 1367/1588/1295 1368/1560/1295 1369/1558/1295
f 943/1589/1296 917/1590/1296 944/1591/1296
f 404/1592/1297 917/1590/1297 402/1593/1297
f 916/1594/1297 402/1593/1297 917/1590/1297
f 917/1590/1298 943/1589/1298 916/1594/1298
f 942/1595/1298 916/1594/1298 943/1589/1298
f 916/1594/1299 942/1595/1299 915/1596/1299
f 941/1597/1299 915/1596/1299 942/1595/1299
f 915/1596/1300 941/1597/1300 914/1598/1300
f 940/1599/1300 914/1598/1300 941/1597/1300
f 940/1599/1301 913/1600/1301 914/1598/1301
f 939/1601/1301 913/1600/1301 940/1599/1301
f 394/1602/1302 911/1603/1302 392/1604/1302
f 911/1603/1302 394/1602/1302 912/1605/1302
f 912/1605/1303 394/1602/1303 913/1600/1303
f 396/1606/1303 913/1600/1303 394/1602/1303
f 913/1600/1304 396/1606/1304 914/1598/1304
f 398/1607/1304 914/1598/1304 396/1606/1304
f 914/1598/1305 398/1607/1305 915/1596/1305
f 400/1608/1305 915/1596/1305 398/1607/1305
f 915/1596/1306 400/1608/1306 916/1594/1306
f 402/1593/1306 916/1594/1306 400/1608/1306
f 402/1593/1307 400/1608/1307 401/1609/1307
f 401/1609/1308 403/1610/1308 402/1593/1308
f 399/1611/1307 401/1609/1307 400/1608/1307
f 400/1608/1309 398/1607/1309 399/1611/1309
f 397/1612/1309 399/1611/1309 398/1607/1309
f 398/1607/1310 396/1606/1310 397/1612/1310
f 395/1613/1310 397/1612/1310 396/1606/1310
f 396/1606/1311 394/1602/1311 395/1613/1311
f 393/1614/1311 395/1613/1311 394/1602/1311
f 391/1615/1312 393/1614/1312 394/1602/1312
f 392/1604/1312 391/1615/1312 394/1602/1312
f 389/1616/1313 391/1615/1313 392/1604/1313
f 427/1617/1314 393/1614/1314 426/1618/1314
f 427/1617/1314 395/1613/1314 393/1614/1314
f 428/1619/1315 395/1613/1315 427/1617/1315
f 428/1619/1315 397/1612/1315 395/1613/1315
f 397/1612/1316 428/1619/1316 429/1620/1316
f 399/1611/1316 397/1612/1316 429/1620/1316
f 399/1611/1317 429/1620/1317 430/1621/1317
f 401/1609/1317 399/1611/1317 430/1621/1317
f 401/1609/1318 430/1621/1318 431/1622/1318
f 403/1610/1318 401/1609/1318 431/1622/1318
f 403/1610/1319 431/1622/1319 432/1623/1319
f 623/1624/1320 625/1625/1320 652/1626/1320
f 625/1625/1321 653/1627/1321 652/1626/1321
f 625/1625/1321 627/1628/1321 653/1627/1321
f 627/1628/1322 654/1629/1322 653/1627/1322
f 627/1628/1322 629/1630/1322 654/1629/1322
f 629/1630/1323 432/1623/1323 654/1629/1323
f 629/1630/1323 405/1631/1323 432/1623/1323
f 405/1631/1319 403/1610/1319 432/1623/1319
f 403/1610/1324 405/1631/1324 404/1592/1324
f 404/1592/1308 402/1593/1308 403/1610/1308
f 405/1631/1325 629/1630/1325 630/1632/1325
f 628/1633/1326 630/1632/1326 629/1630/1326
f 629/1630/1326 627/1628/1326 628/1633/1326
f 626/1634/1327 628/1633/1327 627/1628/1327
f 627/1628/1327 625/1625/1327 626/1634/1327
f 624/1635/1328 626/1634/1328 625/1625/1328
f 625/1625/1328 623/1624/1328 624/1635/1328
f 622/1636/1329 624/1635/1329 623/1624/1329
f 623/1624/1329 621/1637/1329 622/1636/1329
f 619/1638/1330 622/1636/1330 621/1637/1330
f 1113/1639/1331 619/1638/1331 1112/1640/1331
f 1113/1639/1332 1114/1641/1332 619/1638/1332
f 619/1638/1332 1114/1641/1332 622/1636/1332
f 1114/1641/1333 1115/1642/1333 622/1636/1333
f 622/1636/1333 1115/1642/1333 624/1635/1333
f 1115/1642/1334 1116/1643/1334 624/1635/1334
f 624/1635/1334 1116/1643/1334 626/1634/1334
f 1116/1643/1335 1117/1644/1335 626/1634/1335
f 626/1634/1335 1117/1644/1335 628/1633/1335
f 1117/1644/1336 1118/1645/1336 628/1633/1336
f 628/1633/1336 1118/1645/1336 630/1632/1336
f 1118/1645/1337 918/1646/1337 630/1632/1337
f 630/1632/1337 918/1646/1337 406/1647/1337
f 1116/1643/1338 1141/1648/1338 1117/1644/1338
f 1141/1648/1339 1142/1649/1339 1117/1644/1339
f 1117/1644/1339 1142/1649/1339 1118/1645/1339
f 1142/1649/1340 944/1591/1340 1118/1645/1340
f 1118/1645/1340 944/1591/1340 918/1646/1340
f 918/1646/1296 944/1591/1296 917/1590/1296
f 917/1590/1341 404/1592/1341 918/1646/1341
f 406/1647/1341 918/1646/1341 404/1592/1341
f 406/1647/1324 404/1592/1324 405/1631/1324
f 630/1632/1325 406/1647/1325 405/1631/1325
f 1136/1650/1342 1112/1640/1342 1135/1651/1342
f 1136/1650/1343 1137/1652/1343 1112/1640/1343
f 1113/1639/1343 1112/1640/1343 1137/1652/1343
f 1137/1652/1344 1138/1653/1344 1113/1639/1344
f 1114/1641/1344 1113/1639/1344 1138/1653/1344
f 1138/1653/1345 1139/1654/1345 1114/1641/1345
f 1115/1642/1345 1114/1641/1345 1139/1654/1345
f 1139/1654/1346 1140/1655/1346 1115/1642/1346
f 1115/1642/1346 1140/1655/1346 1116/1643/1346
f 1140/1655/1338 1141/1648/1338 1116/1643/1338
f 358/1656/1347 583/1657/1347 356/1658/1347
f 358/1656/1348 894/1659/1348 583/1657/1348
f 358/1656/1349 355/1660/1349 894/1659/1349
f 358/1656/1350 356/1658/1350 355/1660/1350
f 357/1661/1350 355/1660/1350 356/1658/1350
f 356/1658/1351 407/1662/1351 357/1661/1351
f 408/1663/1351 357/1661/1351 407/1662/1351
f 357/1661/1352 408/1663/1352 360/1664/1352
f 409/1665/1352 360/1664/1352 408/1663/1352
f 360/1664/1353 409/1665/1353 362/1666/1353
f 410/1667/1353 362/1666/1353 409/1665/1353
f 364/1668/1354 363/1669/1354 362/1666/1354
f 361/1670/1354 362/1666/1354 363/1669/1354
f 362/1666/1355 361/1670/1355 360/1664/1355
f 359/1671/1355 360/1664/1355 361/1670/1355
f 360/1664/1356 359/1671/1356 357/1661/1356
f 355/1660/1356 357/1661/1356 359/1671/1356
f 355/1660/1357 359/1671/1357 893/1672/1357
f 894/1659/1349 355/1660/1349 893/1672/1349
f 894/1659/1358 893/1672/1358 919/1673/1358
f 894/1659/1359 919/1673/1359 1095/1674/1359
f 924/1675/1360 898/1676/1360 925/1677/1360
f 924/1675/1361 923/1678/1361 898/1676/1361
f 897/1679/1361 898/1676/1361 923/1678/1361
f 897/1679/1362 365/1680/1362 898/1676/1362
f 363/1669/1362 365/1680/1362 897/1679/1362
f 896/1681/1363 363/1669/1363 897/1679/1363
f 361/1670/1363 363/1669/1363 896/1681/1363
f 895/1682/1364 361/1670/1364 896/1681/1364
f 359/1671/1364 361/1670/1364 895/1682/1364
f 893/1672/1357 359/1671/1357 895/1682/1357
f 920/1683/1358 919/1673/1358 893/1672/1358
f 893/1672/1365 895/1682/1365 920/1683/1365
f 921/1684/1365 920/1683/1365 895/1682/1365
f 895/1682/1366 896/1681/1366 921/1684/1366
f 922/1685/1366 921/1684/1366 896/1681/1366
f 896/1681/1367 897/1679/1367 922/1685/1367
f 923/1678/1367 922/1685/1367 897/1679/1367
f 1119/1686/1359 1095/1674/1359 919/1673/1359
f 1095/1674/1368 1119/1686/1368 1096/1687/1368
f 1120/1688/1368 1096/1687/1368 1119/1686/1368
f 1096/1687/1369 1120/1688/1369 1097/1689/1369
f 1121/1690/1369 1097/1689/1369 1120/1688/1369
f 1097/1689/1370 1121/1690/1370 1098/1691/1370
f 1122/1692/1370 1098/1691/1370 1121/1690/1370
f 1098/1691/1371 1122/1692/1371 1099/1693/1371
f 1123/1694/1371 1099/1693/1371 1122/1692/1371
f 1099/1693/1372 1123/1694/1372 1100/1695/1372
f 594/1696/1373 592/1697/1373 593/1698/1373
f 591/1699/1373 593/1698/1373 592/1697/1373
f 591/1699/1374 1099/1693/1374 593/1698/1374
f 1099/1693/1375 591/1699/1375 1098/1691/1375
f 589/1700/1375 1098/1691/1375 591/1699/1375
f 1098/1691/1376 589/1700/1376 1097/1689/1376
f 587/1701/1376 1097/1689/1376 589/1700/1376
f 1097/1689/1377 587/1701/1377 1096/1687/1377
f 585/1702/1377 1096/1687/1377 587/1701/1377
f 1096/1687/1378 585/1702/1378 1095/1674/1378
f 583/1657/1378 1095/1674/1378 585/1702/1378
f 1095/1674/1348 583/1657/1348 894/1659/1348
f 631/1703/1379 407/1662/1379 584/1704/1379
f 356/1658/1379 584/1704/1379 407/1662/1379
f 584/1704/1347 356/1658/1347 583/1657/1347
f 583/1657/1380 585/1702/1380 584/1704/1380
f 586/1705/1380 584/1704/1380 585/1702/1380
f 585/1702/1381 587/1701/1381 586/1705/1381
f 588/1706/1381 586/1705/1381 587/1701/1381
f 587/1701/1382 589/1700/1382 588/1706/1382
f 590/1707/1382 588/1706/1382 589/1700/1382
f 589/1700/1383 591/1699/1383 590/1707/1383
f 584/1704/1384 586/1705/1384 631/1703/1384
f 632/1708/1384 631/1703/1384 586/1705/1384
f 586/1705/1385 588/1706/1385 632/1708/1385
f 633/1709/1385 632/1708/1385 588/1706/1385
f 588/1706/1386 590/1707/1386 633/1709/1386
f 634/1710/1386 633/1709/1386 590/1707/1386
f 592/1697/1383 590/1707/1383 591/1699/1383
f 590/1707/1387 592/1697/1387 634/1710/1387
f 635/1711/1387 634/1710/1387 592/1697/1387
f 592/1697/1388 636/1712/1388 635/1711/1388
f 602/1713/1389 641/1714/1389 640/1715/1389
f 640/1715/1390 600/1716/1390 602/1713/1390
f 600/1716/1390 640/1715/1390 639/1717/1390
f 639/1717/1391 598/1718/1391 600/1716/1391
f 598/1718/1391 639/1717/1391 638/1719/1391
f 638/1719/1392 637/1720/1392 598/1718/1392
f 596/1721/1392 598/1718/1392 637/1720/1392
f 637/1720/1393 636/1712/1393 596/1721/1393
f 594/1696/1393 596/1721/1393 636/1712/1393
f 594/1696/1388 636/1712/1388 592/1697/1388
f 603/1722/1394 601/1723/1394 1105/1724/1394
f 601/1723/1395 603/1722/1395 604/1725/1395
f 602/1713/1395 601/1723/1395 604/1725/1395
f 599/1726/1396 601/1723/1396 602/1713/1396
f 600/1716/1396 599/1726/1396 602/1713/1396
f 597/1727/1397 599/1726/1397 600/1716/1397
f 597/1727/1397 600/1716/1397 598/1718/1397
f 595/1728/1398 597/1727/1398 598/1718/1398
f 595/1728/1398 598/1718/1398 596/1721/1398
f 593/1698/1399 595/1728/1399 596/1721/1399
f 593/1698/1399 596/1721/1399 594/1696/1399
f 1100/1695/1374 593/1698/1374 1099/1693/1374
f 1100/1695/1400 1101/1729/1400 593/1698/1400
f 595/1728/1400 593/1698/1400 1101/1729/1400
f 1101/1729/1401 1102/1730/1401 595/1728/1401
f 597/1727/1401 595/1728/1401 1102/1730/1401
f 1102/1730/1402 1103/1731/1402 597/1727/1402
f 599/1726/1402 597/1727/1402 1103/1731/1402
f 1103/1731/1403 1104/1732/1403 599/1726/1403
f 601/1723/1403 599/1726/1403 1104/1732/1403
f 1104/1732/1394 1105/1724/1394 601/1723/1394
f 1124/1733/1372 1100/1695/1372 1123/1694/1372
f 1100/1695/1404 1124/1733/1404 1101/1729/1404
f 1125/1734/1404 1101/1729/1404 1124/1733/1404
f 1101/1729/1405 1125/1734/1405 1102/1730/1405
f 1126/1735/1405 1102/1730/1405 1125/1734/1405
f 1126/1735/1406 1127/1736/1406 1102/1730/1406
f 1103/1731/1406 1102/1730/1406 1127/1736/1406
f 1127/1736/1407 1128/1737/1407 1103/1731/1407
f 1104/1732/1407 1103/1731/1407 1128/1737/1407
f 1128/1737/1408 1129/1738/1408 1104/1732/1408
f 1105/1724/1408 1104/1732/1408 1129/1738/1408
f 1129/1738/1409 1130/1739/1409 1105/1724/1409
f 1106/1740/1409 1105/1724/1409 1130/1739/1409
f 1105/1724/1410 1106/1740/1410 603/1722/1410
f 605/1741/1410 603/1722/1410 1106/1740/1410
f 603/1722/1411 605/1741/1411 606/1742/1411
f 604/1725/1411 603/1722/1411 606/1742/1411
f 642/1743/1412 604/1725/1412 606/1742/1412
f 641/1714/1412 604/1725/1412 642/1743/1412
f 641/1714/1389 602/1713/1389 604/1725/1389
f 64/1744/1413 58/1745/1413 57/1746/1413
f 57/1746/1413 62/1747/1413 64/1744/1413
f 64/1744/1414 62/1747/1414 61/1748/1414
f 63/1749/1414 61/1748/1414 62/1747/1414
f 63/1749/1415 2/1750/1415 61/1748/1415
f 4/1751/1415 61/1748/1415 2/1750/1415
f 4/1751/1416 2/1750/1416 1/1752/1416
f 3/1753/1416 1/1752/1416 2/1750/1416
f 7/1754/1417 1/1752/1417 3/1753/1417
f 3/1753/1417 8/1755/1417 7/1754/1417
f 8/1755/1418 5/1756/1418 7/1754/1418
f 7/1754/1418 5/1756/1418 6/1757/1418
f 10/1758/1419 6/1757/1419 5/1756/1419
f 5/1756/1419 11/1759/1419 10/1758/1419
f 11/1759/1420 9/1760/1420 10/1758/1420
f 12/1761/1420 10/1758/1420 9/1760/1420
f 9/1760/1421 15/1762/1421 12/1761/1421
f 14/1763/1421 12/1761/1421 15/1762/1421
f 15/1762/1422 13/1764/1422 14/1763/1422
f 16/1765/1422 14/1763/1422 13/1764/1422
f 13/1764/1423 17/1766/1423 16/1765/1423
f 19/1767/1423 16/1765/1423 17/1766/1423
f 19/1767/1424 17/1766/1424 18/1768/1424
f 20/1769/1424 18/1768/1424 17/1766/1424
f 18/1768/1425 20/1769/1425 23/1770/1425
f 20/1769/1425 21/1771/1425 23/1770/1425
f 23/1770/1426 21/1771/1426 22/1772/1426
f 24/1773/1426 22/1772/1426 21/1771/1426
f 22/1772/1427 24/1773/1427 25/1774/1427
f 24/1773/1427 26/1775/1427 25/1774/1427
f 27/1776/1428 25/1774/1428 26/1775/1428
f 28/1777/1428 25/1774/1428 27/1776/1428
f 28/1777/1429 27/1776/1429 29/1778/1429
f 30/1779/1429 29/1778/1429 27/1776/1429
f 31/1780/1430 29/1778/1430 30/1779/1430
f 32/1781/1430 29/1778/1430 31/1780/1430
f 32/1781/1431 31/1780/1431 35/1782/1431
f 33/1783/1431 35/1782/1431 31/1780/1431
f 35/1782/1432 33/1783/1432 34/1784/1432
f 36/1785/1432 34/1784/1432 33/1783/1432
f 36/1785/1433 38/1786/1433 34/1784/1433
f 37/1787/1433 34/1784/1433 38/1786/1433
f 39/1788/1434 37/1787/1434 38/1786/1434
f 40/1789/1434 37/1787/1434 39/1788/1434
f 40/1789/1435 39/1788/1435 43/1790/1435
f 44/1791/1435 43/1790/1435 39/1788/1435
f 41/1792/1436 43/1790/1436 44/1791/1436
f 43/1790/1436 41/1792/1436 42/1793/1436
f 41/1792/1437 48/1794/1437 42/1793/1437
f 47/1795/1437 42/1793/1437 48/1794/1437
f 45/1796/1438 47/1795/1438 48/1794/1438
f 47/1795/1438 45/1796/1438 46/1797/1438
f 45/1796/1439 50/1798/1439 46/1797/1439
f 52/1799/1439 46/1797/1439 50/1798/1439
f 52/1800/1440 50/1801/1440 49/1802/1440
f 51/1803/1440 49/1802/1440 50/1801/1440
f 51/1803/1441 56/1804/1441 49/1802/1441
f 55/1805/1441 49/1802/1441 56/1804/1441
f 53/1806/1442 55/1805/1442 56/1804/1442
f 55/1805/1442 53/1806/1442 54/1807/1442
f 59/1808/1443 54/1807/1443 53/1806/1443
f 60/1809/1443 59/1808/1443 53/1806/1443
f 60/1809/1444 57/1746/1444 59/1808/1444
f 59/1808/1444 57/1746/1444 58/1745/1444
f 338/1810/1445 333/1811/1445 223/1812/1445
f 222/1813/1446 223/1812/1446 333/1811/1446
f 222/1813/1447 333/1811/1447 221/1814/1447
f 222/1813/1448 221/1814/1448 153/1815/1448
f 153/1815/1448 155/1816/1448 222/1813/1448
f 155/1816/1449 157/1817/1449 222/1813/1449
f 223/1812/1449 222/1813/1449 157/1817/1449
f 223/1812/1450 157/1817/1450 224/1818/1450
f 223/1812/1451 224/1818/1451 338/1810/1451
f 224/1818/1451 341/1819/1451 338/1810/1451
f 341/1819/1452 339/1820/1452 338/1810/1452
f 341/1819/1453 348/1821/1453 339/1820/1453
f 225/1822/1454 348/1821/1454 341/1819/1454
f 224/1818/1454 225/1822/1454 341/1819/1454
f 154/1823/22 156/1824/22 155/1816/22
f 157/1817/22 155/1816/22 156/1824/22
f 157/1817/22 156/1824/22 158/1825/22
f 158/1825/1450 224/1818/1450 157/1817/1450
f 158/1825/1455 161/1826/1455 224/1818/1455
f 224/1818/1455 161/1826/1455 225/1822/1455
f 225/1822/1456 161/1826/1456 194/1827/1456
f 225/1822/1457 194/1827/1457 348/1821/1457
f 194/1827/1457 346/1828/1457 348/1821/1457
f 161/1826/22 158/1825/22 160/1829/22
f 159/1830/22 160/1829/22 158/1825/22
f 159/1830/22 158/1825/22 156/1824/22
f 99/1831/1456 194/1827/1456 161/1826/1456
f 161/1826/22 160/1829/22 99/1831/22
f 100/1832/22 99/1831/22 160/1829/22
f 100/1832/151 164/215/151 98/214/151
f 100/1832/1458 160/1829/1458 164/215/1458
f 193/1833/1459 164/215/1459 160/1829/1459
f 159/1830/1460 193/1833/1460 160/1829/1460
f 191/1834/1460 193/1833/1460 159/1830/1460
f 191/1834/1461 159/1830/1461 156/1824/1461
f 156/1824/1461 192/1835/1461 191/1834/1461
f 154/1823/1462 192/1835/1462 156/1824/1462
f 190/1836/1462 192/1835/1462 154/1823/1462
f 190/1836/1463 154/1823/1463 189/1837/1463
f 152/1838/1464 189/1837/1464 154/1823/1464
f 189/1837/1465 152/1838/1465 188/1839/1465
f 151/1840/1465 188/1839/1465 152/1838/1465
f 188/1839/1466 151/1840/1466 187/1841/1466
f 148/50/1466 187/1841/1466 151/1840/1466
f 187/1841/37 148/50/37 185/48/37
f 220/1842/1467 330/1843/1467 325/1844/1467
f 220/1842/1468 325/1844/1468 219/1845/1468
f 220/1842/1469 219/1845/1469 149/1846/1469
f 220/1842/1469 149/1846/1469 150/1847/1469
f 148/50/22 150/1847/22 149/1846/22
f 150/1847/22 148/50/22 151/1840/22
f 151/1840/22 152/1838/22 150/1847/22
f 153/1815/22 150/1847/22 152/1838/22
f 153/1815/22 152/1838/22 155/1816/22
f 155/1816/22 152/1838/22 154/1823/22
f 147/49/22 148/50/22 146/51/22
f 149/1846/22 146/51/22 148/50/22
f 146/51/1470 149/1846/1470 218/62/1470
f 219/1845/1470 218/62/1470 149/1846/1470
f 219/1845/1471 322/1848/1471 218/62/1471
f 322/1848/1468 219/1845/1468 325/1844/1468
f 325/1844/1472 323/95/1472 322/1848/1472
f 325/1844/1473 330/1843/1473 323/95/1473
f 332/94/1473 323/95/1473 330/1843/1473
f 332/94/1474 330/1843/1474 331/97/1474
f 324/1849/1472 322/1848/1472 323/95/1472
f 323/95/1475 337/96/1475 324/1849/1475
f 327/86/1475 324/1849/1475 337/96/1475
f 337/96/1476 334/88/1476 327/86/1476
f 328/87/1476 327/86/1476 334/88/1476
f 150/1847/1477 153/1815/1477 220/1842/1477
f 221/1814/1477 220/1842/1477 153/1815/1477
f 330/1843/1467 220/1842/1467 221/1814/1467
f 330/1843/1447 221/1814/1447 333/1811/1447
f 333/1811/1474 331/97/1474 330/1843/1474
f 333/1811/1478 338/1810/1478 331/97/1478
f 340/98/1478 331/97/1478 338/1810/1478
f 340/98/1452 338/1810/1452 339/1820/1452
f 352/99/1479 340/98/1479 339/1820/1479
f 339/1820/73 349/103/73 352/99/73
f 349/103/1453 339/1820/1453 348/1821/1453
f 348/1821/1480 347/107/1480 349/103/1480
f 348/1821/1480 346/1828/1480 347/107/1480
f 346/1828/1481 227/108/1481 347/107/1481
f 346/1828/1482 194/1827/1482 227/108/1482
f 195/112/1482 227/108/1482 194/1827/1482
f 195/112/1483 194/1827/1483 101/114/1483
f 99/1831/1483 101/114/1483 194/1827/1483
f 101/114/22 99/1831/22 98/214/22
f 100/1832/22 98/214/22 99/1831/22
f 1958/1850/1484 1956/1851/1484 1959/1852/1484
f 1959/1852/1485 1962/1853/1485 1958/1850/1485
f 1961/1854/1485 1958/1850/1485 1962/1853/1485
f 1955/1855/1486 1953/1856/1486 1956/1851/1486
f 1956/1851/1484 1958/1850/1484 1955/1855/1484
f 1955/1855/1487 1958/1850/1487 1954/1857/1487
f 1958/1850/1487 1957/1039/1487 1954/1857/1487
f 1958/1850/1488 1961/1854/1488 1957/1039/1488
f 1961/1854/1488 1960/1038/1488 1957/1039/1488
f 1961/1854/818 1963/1045/818 1960/1038/818
f 1962/1853/1489 1963/1045/1489 1961/1854/1489
f 1963/1045/1489 1962/1853/1489 1965/1044/1489
f 2136/575/814 1957/1039/814 2140/582/814
f 1957/1039/1490 2136/575/1490 2132/570/1490
f 1957/1039/1490 2132/570/1490 1954/1857/1490
f 1954/1857/417 2132/570/417 1951/569/417
f 1955/1855/1491 1954/1857/1491 1951/569/1491
f 1955/1855/1491 1951/569/1491 1952/532/1491
f 1953/1856/1486 1955/1855/1486 1952/532/1486
f 1952/532/1492 1948/530/1492 1953/1856/1492
f 1950/522/1492 1953/1856/1492 1948/530/1492
f 1948/530/377 1945/523/377 1950/522/377
f 381/1858/1493 385/1859/1493 386/1860/1493
f 382/1861/1493 381/1858/1493 386/1860/1493
f 386/1860/1494 907/1862/1494 382/1861/1494
f 907/1862/1494 386/1860/1494 908/1863/1494
f 388/1864/1495 908/1863/1495 386/1860/1495
f 908/1863/1495 388/1864/1495 909/1865/1495
f 390/1866/1496 909/1865/1496 388/1864/1496
f 909/1865/1496 390/1866/1496 910/1867/1496
f 392/1604/1497 910/1867/1497 390/1866/1497
f 910/1867/1497 392/1604/1497 911/1603/1497
f 934/1868/1498 933/1869/1498 908/1863/1498
f 907/1862/1498 908/1863/1498 933/1869/1498
f 933/1869/1499 932/1870/1499 907/1862/1499
f 906/1871/1499 907/1862/1499 932/1870/1499
f 906/1871/1500 382/1861/1500 907/1862/1500
f 382/1861/1500 906/1871/1500 384/1872/1500
f 384/1872/1501 383/1873/1501 382/1861/1501
f 383/1873/1501 381/1858/1501 382/1861/1501
f 383/1873/1502 420/1874/1502 381/1858/1502
f 421/1875/1502 381/1858/1502 420/1874/1502
f 381/1858/1503 421/1875/1503 385/1859/1503
f 422/1876/1503 385/1859/1503 421/1875/1503
f 385/1859/1504 422/1876/1504 387/1877/1504
f 423/1878/1504 387/1877/1504 422/1876/1504
f 387/1877/1505 423/1878/1505 389/1616/1505
f 424/1879/1505 389/1616/1505 423/1878/1505
f 389/1616/1506 424/1879/1506 391/1615/1506
f 425/1880/1506 391/1615/1506 424/1879/1506
f 426/1618/1507 391/1615/1507 425/1880/1507
f 426/1618/1507 393/1614/1507 391/1615/1507
f 390/1866/1313 389/1616/1313 392/1604/1313
f 387/1877/1508 389/1616/1508 390/1866/1508
f 388/1864/1509 387/1877/1509 390/1866/1509
f 385/1859/1510 387/1877/1510 388/1864/1510
f 386/1860/1510 385/1859/1510 388/1864/1510
f 1356/1881/1511 1355/1882/1511 1354/1883/1511
f 1354/1883/1511 1353/1884/1511 1356/1881/1511
f 1356/1881/965 1353/1884/965 868/1885/965
f 866/1886/965 868/1885/965 1353/1884/965
f 866/1886/960 1353/1884/960 864/1887/960
f 1351/1888/960 864/1887/960 1353/1884/960
f 864/1887/958 1351/1888/958 862/1423/958
f 1349/1889/958 862/1423/958 1351/1888/958
f 860/1413/1191 862/1423/1191 1349/1889/1191
f 1347/1890/1191 860/1413/1191 1349/1889/1191
f 1347/1890/1175 1345/1414/1175 860/1413/1175
f 1346/1891/1512 1345/1414/1512 1347/1890/1512
f 1343/1417/1513 1345/1414/1513 1346/1891/1513
f 1352/1892/1514 1353/1884/1514 1354/1883/1514
f 1352/1892/1514 1351/1888/1514 1353/1884/1514
f 1350/1893/1515 1351/1888/1515 1352/1892/1515
f 1350/1893/1515 1349/1889/1515 1351/1888/1515
f 1348/1894/1516 1349/1889/1516 1350/1893/1516
f 1348/1894/1516 1347/1890/1516 1349/1889/1516
f 1346/1891/1512 1347/1890/1512 1348/1894/1512
f 215/1895/39 214/53/39 141/54/39
f 215/1895/1517 141/54/1517 216/1896/1517
f 142/55/1517 216/1896/1517 141/54/1517
f 142/55/1518 145/56/1518 216/1896/1518
f 217/63/1518 216/1896/1518 145/56/1518
f 216/1896/1519 217/63/1519 308/65/1519
f 216/1896/1520 308/65/1520 307/61/1520
f 307/61/1520 215/1895/1520 216/1896/1520
f 307/61/1521 301/57/1521 215/1895/1521
f 214/53/1522 215/1895/1522 301/57/1522
f 378/1897/1523 376/1898/1523 377/1899/1523
f 378/1897/1524 904/1900/1524 376/1898/1524
f 903/1901/1524 376/1898/1524 904/1900/1524
f 376/1898/1525 903/1901/1525 374/1902/1525
f 902/1903/1525 374/1902/1525 903/1901/1525
f 374/1902/1526 902/1903/1526 372/1904/1526
f 901/1905/1526 372/1904/1526 902/1903/1526
f 372/1904/1527 901/1905/1527 370/1906/1527
f 900/1907/1527 370/1906/1527 901/1905/1527
f 370/1906/1528 900/1907/1528 367/1908/1528
f 899/1909/1528 367/1908/1528 900/1907/1528
f 380/1910/1529 905/1911/1529 378/1897/1529
f 904/1900/1529 378/1897/1529 905/1911/1529
f 931/1912/1530 904/1900/1530 905/1911/1530
f 930/1913/1530 904/1900/1530 931/1912/1530
f 930/1913/1531 903/1901/1531 904/1900/1531
f 903/1901/1531 930/1913/1531 929/1914/1531
f 929/1914/1532 902/1903/1532 903/1901/1532
f 902/1903/1532 929/1914/1532 928/1915/1532
f 928/1915/1533 901/1905/1533 902/1903/1533
f 901/1905/1533 928/1915/1533 927/1916/1533
f 927/1916/1534 926/1917/1534 901/1905/1534
f 900/1907/1534 901/1905/1534 926/1917/1534
f 926/1917/1535 925/1677/1535 900/1907/1535
f 899/1909/1535 900/1907/1535 925/1677/1535
f 899/1909/1360 925/1677/1360 898/1676/1360
f 898/1676/1536 367/1908/1536 899/1909/1536
f 365/1680/1536 367/1908/1536 898/1676/1536
f 365/1680/1537 366/1918/1537 367/1908/1537
f 366/1918/1538 365/1680/1538 364/1668/1538
f 363/1669/1538 364/1668/1538 365/1680/1538
f 362/1666/1539 410/1667/1539 364/1668/1539
f 411/1919/1539 364/1668/1539 410/1667/1539
f 364/1668/1540 411/1919/1540 366/1918/1540
f 412/1920/1540 366/1918/1540 411/1919/1540
f 366/1918/1541 412/1920/1541 368/1921/1541
f 413/1922/1541 368/1921/1541 412/1920/1541
f 368/1921/1542 413/1922/1542 369/1923/1542
f 414/1924/1542 369/1923/1542 413/1922/1542
f 369/1923/1543 414/1924/1543 371/1925/1543
f 415/1926/1543 371/1925/1543 414/1924/1543
f 368/1921/1537 367/1908/1537 366/1918/1537
f 368/1921/1544 369/1923/1544 367/1908/1544
f 370/1906/1544 367/1908/1544 369/1923/1544
f 369/1923/1545 371/1925/1545 370/1906/1545
f 372/1904/1545 370/1906/1545 371/1925/1545
f 371/1925/1546 373/1927/1546 372/1904/1546
f 374/1902/1546 372/1904/1546 373/1927/1546
f 373/1927/1547 375/1928/1547 374/1902/1547
f 376/1898/1547 374/1902/1547 375/1928/1547
f 375/1928/1523 377/1899/1523 376/1898/1523
f 415/1926/1548 416/1929/1548 371/1925/1548
f 373/1927/1548 371/1925/1548 416/1929/1548
f 416/1929/1549 417/1930/1549 373/1927/1549
f 375/1928/1549 373/1927/1549 417/1930/1549
f 417/1930/1550 418/1931/1550 375/1928/1550
f 377/1899/1550 375/1928/1550 418/1931/1550
f 418/1931/1551 419/1932/1551 377/1899/1551
f 379/1933/1551 377/1899/1551 419/1932/1551
f 377/1899/1552 379/1933/1552 378/1897/1552
f 380/1910/1552 378/1897/1552 379/1933/1552
f 795/1435/1218 794/1447/1218 796/1934/1218
f 796/1934/1553 845/1935/1553 795/1435/1553
f 846/1433/1553 795/1435/1553 845/1935/1553
f 845/1935/1554 847/1936/1554 846/1433/1554
f 848/1431/1554 846/1433/1554 847/1936/1554
f 847/1936/1555 849/1937/1555 848/1431/1555
f 850/1428/1555 848/1431/1555 849/1937/1555
f 849/1937/1556 851/1938/1556 850/1428/1556
f 852/1425/1556 850/1428/1556 851/1938/1556
f 851/1938/1208 853/1426/1208 852/1425/1208
f 960/1939/1557 959/1940/1557 962/1941/1557
f 957/1942/1558 959/1940/1558 960/1939/1558
f 957/1942/1558 958/1943/1558 959/1940/1558
f 958/1943/1559 957/1942/1559 956/1944/1559
f 955/1945/1559 956/1944/1559 957/1942/1559
f 956/1944/1560 955/1945/1560 954/1946/1560
f 953/1947/1560 954/1946/1560 955/1945/1560
f 954/1946/1561 953/1947/1561 952/1948/1561
f 951/1949/1561 952/1948/1561 953/1947/1561
f 952/1948/1562 951/1949/1562 950/1950/1562
f 949/1951/1562 950/1950/1562 951/1949/1562
f 950/1950/1563 949/1951/1563 947/1952/1563
f 945/1953/1563 947/1952/1563 949/1951/1563
f 947/1952/1564 945/1953/1564 946/1954/1564
f 948/1955/1564 946/1954/1564 945/1953/1564
f 948/1955/1565 1143/1956/1565 946/1954/1565
f 1144/1957/1565 946/1954/1565 1143/1956/1565
f 1143/1956/1566 1145/1958/1566 1144/1957/1566
f 1146/1959/1566 1144/1957/1566 1145/1958/1566
f 1145/1958/1567 1147/1960/1567 1146/1959/1567
f 1148/1961/1567 1146/1959/1567 1147/1960/1567
f 1147/1960/1568 1149/1962/1568 1148/1961/1568
f 1150/1963/1568 1148/1961/1568 1149/1962/1568
f 1149/1962/1569 1151/1964/1569 1150/1963/1569
f 1152/1965/1569 1150/1963/1569 1151/1964/1569
f 1151/1964/1570 1153/1966/1570 1152/1965/1570
f 1154/1967/1570 1152/1965/1570 1153/1966/1570
f 1154/1967/1571 1153/1966/1571 1156/1968/1571
f 1156/1968/1571 1153/1966/1571 1155/1969/1571
f 1156/1968/1572 1155/1969/1572 1158/1970/1572
f 1158/1970/1572 1155/1969/1572 1157/1971/1572
f 1158/1970/1573 1157/1971/1573 1160/1972/1573
f 1160/1972/1573 1157/1971/1573 1159/1973/1573
f 1160/1972/1574 1159/1973/1574 1162/1974/1574
f 1162/1974/1574 1159/1973/1574 1161/1975/1574
f 1162/1974/1575 1161/1975/1575 1164/1976/1575
f 1164/1976/1575 1161/1975/1575 1163/1977/1575
f 1164/1976/1576 1163/1977/1576 1166/1978/1576
f 1166/1978/1576 1163/1977/1576 1165/1979/1576
f 1165/1979/1577 1167/1980/1577 1166/1978/1577
f 1168/1981/1577 1166/1978/1577 1167/1980/1577
f 1167/1980/1578 1169/1982/1578 1168/1981/1578
f 1170/1983/1578 1168/1981/1578 1169/1982/1578
f 1169/1982/1579 1171/1984/1579 1170/1983/1579
f 1172/1985/1579 1170/1983/1579 1171/1984/1579
f 1171/1984/1580 1173/1986/1580 1172/1985/1580
f 1174/1987/1580 1172/1985/1580 1173/1986/1580
f 1173/1986/1581 1175/1988/1581 1174/1987/1581
f 1176/1989/1581 1174/1987/1581 1175/1988/1581
f 1175/1988/1582 1177/1990/1582 1176/1989/1582
f 1178/1991/1582 1176/1989/1582 1177/1990/1582
f 1177/1990/1583 1180/1992/1583 1178/1991/1583
f 1177/1990/1583 1179/1993/1583 1180/1992/1583
f 1179/1993/1584 1182/1994/1584 1180/1992/1584
f 1182/1994/1584 1179/1993/1584 1181/1995/1584
f 1181/1995/1585 1184/1996/1585 1182/1994/1585
f 1184/1996/1585 1181/1995/1585 1183/1997/1585
f 1183/1997/1586 1186/1998/1586 1184/1996/1586
f 1186/1998/1586 1183/1997/1586 1185/1999/1586
f 1185/1999/1587 1188/2000/1587 1186/1998/1587
f 1188/2000/1587 1185/1999/1587 1187/2001/1587
f 1187/2001/1588 993/2002/1588 1188/2000/1588
f 993/2002/1588 1187/2001/1588 994/2003/1588
f 994/2003/1589 992/2004/1589 993/2002/1589
f 992/2004/1589 991/2005/1589 993/2002/1589
f 992/2004/1590 990/2006/1590 991/2005/1590
f 990/2006/1590 989/2007/1590 991/2005/1590
f 990/2006/1591 988/2008/1591 989/2007/1591
f 988/2008/1591 987/2009/1591 989/2007/1591
f 988/2008/1592 986/2010/1592 987/2009/1592
f 986/2010/1592 985/2011/1592 987/2009/1592
f 986/2010/1593 984/2012/1593 985/2011/1593
f 984/2012/1593 983/2013/1593 985/2011/1593
f 984/2012/1594 981/2014/1594 983/2013/1594
f 983/2013/1594 981/2014/1594 982/2015/1594
f 982/2015/1595 981/2014/1595 980/2016/1595
f 979/2017/1595 980/2016/1595 981/2014/1595
f 980/2016/1596 979/2017/1596 978/2018/1596
f 977/2019/1596 978/2018/1596 979/2017/1596
f 978/2018/1597 977/2019/1597 976/2020/1597
f 975/2021/1597 976/2020/1597 977/2019/1597
f 976/2020/1598 975/2021/1598 974/2022/1598
f 973/2023/1598 974/2022/1598 975/2021/1598
f 974/2022/1599 973/2023/1599 972/2024/1599
f 971/2025/1599 972/2024/1599 973/2023/1599
f 972/2024/1600 971/2025/1600 970/2026/1600
f 969/2027/1600 970/2026/1600 971/2025/1600
f 970/2026/1601 969/2027/1601 967/2028/1601
f 967/2028/1601 968/2029/1601 970/2026/1601
f 968/2029/1602 967/2028/1602 965/2030/1602
f 965/2030/1602 966/2031/1602 968/2029/1602
f 966/2031/1603 965/2030/1603 963/2032/1603
f 963/2032/1603 964/2033/1603 966/2031/1603
f 964/2033/1604 963/2032/1604 961/2034/1604
f 961/2034/1604 962/1941/1604 964/2033/1604
f 962/1941/1557 961/2034/1557 960/1939/1557
f 607/2035/1605 611/2036/1605 610/2037/1605
f 607/2035/1606 1108/2038/1606 611/2036/1606
f 1109/2039/1606 611/2036/1606 1108/2038/1606
f 611/2036/1607 1109/2039/1607 613/2040/1607
f 1110/2041/1607 613/2040/1607 1109/2039/1607
f 613/2040/1608 1110/2041/1608 615/2042/1608
f 1111/2043/1609 615/2042/1609 1110/2041/1609
f 615/2042/1610 1111/2043/1610 617/2044/1610
f 1112/1640/1610 617/2044/1610 1111/2043/1610
f 617/2044/1331 1112/1640/1331 619/1638/1331
f 1108/2038/1611 607/2035/1611 1107/2045/1611
f 1107/2045/1612 1131/2046/1612 1108/2038/1612
f 1132/2047/1612 1108/2038/1612 1131/2046/1612
f 1108/2038/1613 1132/2047/1613 1109/2039/1613
f 1133/2048/1613 1109/2039/1613 1132/2047/1613
f 1109/2039/1614 1133/2048/1614 1110/2041/1614
f 1134/2049/1614 1110/2041/1614 1133/2048/1614
f 1110/2041/1615 1134/2049/1615 1111/2043/1615
f 1135/1651/1615 1111/2043/1615 1134/2049/1615
f 1111/2043/1342 1135/1651/1342 1112/1640/1342
f 939/1601/1616 912/1605/1616 913/1600/1616
f 912/1605/1616 939/1601/1616 938/2050/1616
f 938/2050/1617 937/2051/1617 912/1605/1617
f 911/1603/1617 912/1605/1617 937/2051/1617
f 937/2051/1618 936/2052/1618 911/1603/1618
f 910/1867/1618 911/1603/1618 936/2052/1618
f 936/2052/1619 935/2053/1619 910/1867/1619
f 909/1865/1619 910/1867/1619 935/2053/1619
f 935/2053/1620 934/1868/1620 909/1865/1620
f 908/1863/1620 909/1865/1620 934/1868/1620
f 621/1637/1330 620/2054/1330 619/1638/1330
f 620/2054/1621 618/2055/1621 619/1638/1621
f 617/2044/1621 619/1638/1621 618/2055/1621
f 618/2055/1622 616/2056/1622 617/2044/1622
f 615/2042/1622 617/2044/1622 616/2056/1622
f 616/2056/1623 614/2057/1623 615/2042/1623
f 613/2040/1623 615/2042/1623 614/2057/1623
f 614/2057/1624 612/2058/1624 613/2040/1624
f 611/2036/1624 613/2040/1624 612/2058/1624
f 612/2058/1605 610/2037/1605 611/2036/1605
f 609/2059/1611 1107/2045/1611 607/2035/1611
f 609/2059/1625 607/2035/1625 608/2060/1625
f 610/2037/1625 608/2060/1625 607/2035/1625
f 608/2060/1626 610/2037/1626 643/2061/1626
f 644/2062/1626 643/2061/1626 610/2037/1626
f 610/2037/1627 612/2058/1627 644/2062/1627
f 645/2063/1627 644/2062/1627 612/2058/1627
f 612/2058/1628 614/2057/1628 645/2063/1628
f 646/2064/1628 645/2063/1628 614/2057/1628
f 614/2057/1629 616/2056/1629 646/2064/1629
f 647/2065/1629 646/2064/1629 616/2056/1629
f 616/2056/1630 618/2055/1630 647/2065/1630
f 648/2066/1630 647/2065/1630 618/2055/1630
f 618/2055/1631 620/2054/1631 648/2066/1631
f 649/2067/1631 648/2066/1631 620/2054/1631
f 649/2067/1632 620/2054/1632 650/2068/1632
f 621/1637/1632 650/2068/1632 620/2054/1632
f 650/2068/1633 621/1637/1633 651/2069/1633
f 623/1624/1633 651/2069/1633 621/1637/1633
f 623/1624/1320 652/1626/1320 651/2069/1320
f 280/2070/69 279/187/69 286/189/69
f 354/78/22 286/189/22 288/190/22
f 354/78/22 280/2070/22 286/189/22
f 354/78/22 278/2071/22 280/2070/22
f 280/2070/67 278/2071/67 279/187/67
f 281/188/68 279/187/68 278/2071/68
f 278/2071/64 270/2072/64 281/188/64
f 269/2073/1634 281/188/1634 270/2072/1634
f 270/2072/60 272/2074/60 269/2073/60
f 258/145/60 269/2073/60 272/2074/60
f 272/2074/1476 261/136/1476 258/145/1476
f 265/126/95 263/125/95 262/135/95
f 265/126/1475 262/135/1475 271/2075/1475
f 354/78/22 265/126/22 271/2075/22
f 354/78/22 271/2075/22 273/2076/22
f 354/78/22 273/2076/22 278/2071/22
f 270/2072/64 278/2071/64 273/2076/64
f 273/2076/65 271/2075/65 270/2072/65
f 272/2074/65 270/2072/65 271/2075/65
f 271/2075/1475 262/135/1475 272/2074/1475
f 262/135/1476 261/136/1476 272/2074/1476
f 317/69/91 329/80/91 319/70/91
f 314/2077/91 329/80/91 317/69/91
f 317/69/1635 315/64/1635 314/2077/1635
f 316/2078/1635 314/2077/1635 315/64/1635
f 218/62/45 316/2078/45 315/64/45
f 218/62/1471 322/1848/1471 316/2078/1471
f 316/2078/1636 322/1848/1636 314/2077/1636
f 324/1849/1636 314/2077/1636 322/1848/1636
f 314/2077/95 324/1849/95 329/80/95
f 327/86/95 329/80/95 324/1849/95
f 1237/2079/1637 1239/2080/1637 1238/2081/1637
f 1238/2081/1638 1236/2082/1638 1237/2079/1638
f 1235/2083/1638 1237/2079/1638 1236/2082/1638
f 1236/2082/1639 1046/2084/1639 1235/2083/1639
f 1048/2085/1639 1235/2083/1639 1046/2084/1639
f 1048/2085/1640 1046/2084/1640 1045/2086/1640
f 1047/2087/1640 1045/2086/1640 1046/2084/1640
f 1045/2086/1641 1047/2087/1641 1049/2088/1641
f 1050/2089/1641 1049/2088/1641 1047/2087/1641
f 1049/2088/1642 1050/2089/1642 1051/2090/1642
f 1052/2091/1642 1051/2090/1642 1050/2089/1642
f 1051/2090/1643 1052/2091/1643 1053/2092/1643
f 1054/2093/1643 1053/2092/1643 1052/2091/1643
f 1053/2092/1644 1054/2093/1644 1055/2094/1644
f 1056/2095/1644 1055/2094/1644 1054/2093/1644
f 1055/2094/1645 1056/2095/1645 1057/2096/1645
f 1058/2097/1645 1057/2096/1645 1056/2095/1645
f 1057/2096/1646 1058/2097/1646 1059/2098/1646
f 1057/2096/1646 1059/2098/1646 1060/2099/1646
f 1060/2099/1647 1059/2098/1647 1061/2100/1647
f 1060/2099/1647 1061/2100/1647 1062/2101/1647
f 1062/2101/1648 1061/2100/1648 1063/2102/1648
f 1062/2101/1648 1063/2102/1648 1064/2103/1648
f 1064/2103/1649 1063/2102/1649 1065/2104/1649
f 1064/2103/1649 1065/2104/1649 1066/2105/1649
f 1066/2105/1650 1065/2104/1650 1067/2106/1650
f 1066/2105/1650 1067/2106/1650 1068/2107/1650
f 1068/2107/1651 1067/2106/1651 1069/2108/1651
f 1068/2107/1651 1069/2108/1651 1070/2109/1651
f 1070/2109/1652 1069/2108/1652 1071/2110/1652
f 1072/2111/1652 1071/2110/1652 1069/2108/1652
f 1071/2110/1653 1072/2111/1653 1073/2112/1653
f 1074/2113/1653 1073/2112/1653 1072/2111/1653
f 1073/2112/1654 1074/2113/1654 1075/2114/1654
f 1076/2115/1654 1075/2114/1654 1074/2113/1654
f 1075/2114/1655 1076/2115/1655 1077/2116/1655
f 1078/2117/1655 1077/2116/1655 1076/2115/1655
f 1077/2116/1656 1078/2117/1656 1079/2118/1656
f 1080/2119/1656 1079/2118/1656 1078/2117/1656
f 1079/2118/1657 1080/2119/1657 1081/2120/1657
f 1082/2121/1657 1081/2120/1657 1080/2119/1657
f 1083/2122/1658 1081/2120/1658 1082/2121/1658
f 1084/2123/1658 1081/2120/1658 1083/2122/1658
f 1085/2124/1659 1084/2123/1659 1083/2122/1659
f 1086/2125/1659 1084/2123/1659 1085/2124/1659
f 1087/2126/1660 1086/2125/1660 1085/2124/1660
f 1088/2127/1660 1086/2125/1660 1087/2126/1660
f 1089/2128/1661 1088/2127/1661 1087/2126/1661
f 1090/2129/1661 1088/2127/1661 1089/2128/1661
f 1091/2130/1662 1090/2129/1662 1089/2128/1662
f 1092/2131/1662 1090/2129/1662 1091/2130/1662
f 1093/2132/1663 1092/2131/1663 1091/2130/1663
f 1094/2133/1663 1092/2131/1663 1093/2132/1663
f 1279/2134/1664 1094/2133/1664 1093/2132/1664
f 1279/2134/1664 1093/2132/1664 1280/2135/1664
f 1277/2136/1665 1279/2134/1665 1280/2135/1665
f 1277/2136/1665 1280/2135/1665 1278/2137/1665
f 1275/2138/1666 1277/2136/1666 1278/2137/1666
f 1275/2138/1666 1278/2137/1666 1276/2139/1666
f 1273/2140/1667 1275/2138/1667 1276/2139/1667
f 1273/2140/1667 1276/2139/1667 1274/2141/1667
f 1271/2142/1668 1273/2140/1668 1274/2141/1668
f 1271/2142/1668 1274/2141/1668 1272/2143/1668
f 1269/2144/1669 1271/2142/1669 1272/2143/1669
f 1269/2144/1669 1272/2143/1669 1270/2145/1669
f 1270/2145/1670 1268/2146/1670 1269/2144/1670
f 1267/2147/1670 1269/2144/1670 1268/2146/1670
f 1268/2146/1671 1266/2148/1671 1267/2147/1671
f 1265/2149/1671 1267/2147/1671 1266/2148/1671
f 1266/2148/1672 1264/2150/1672 1265/2149/1672
f 1263/2151/1672 1265/2149/1672 1264/2150/1672
f 1264/2150/1673 1262/2152/1673 1263/2151/1673
f 1261/2153/1673 1263/2151/1673 1262/2152/1673
f 1262/2152/1674 1260/2154/1674 1261/2153/1674
f 1259/2155/1674 1261/2153/1674 1260/2154/1674
f 1260/2154/1675 1258/2156/1675 1259/2155/1675
f 1257/2157/1675 1259/2155/1675 1258/2156/1675
f 1258/2156/1676 1255/2158/1676 1257/2157/1676
f 1256/2159/1676 1255/2158/1676 1258/2156/1676
f 1256/2159/1677 1253/2160/1677 1255/2158/1677
f 1254/2161/1677 1253/2160/1677 1256/2159/1677
f 1254/2161/1678 1251/2162/1678 1253/2160/1678
f 1251/2162/1678 1254/2161/1678 1252/2163/1678
f 1252/2163/1679 1249/2164/1679 1251/2162/1679
f 1249/2164/1679 1252/2163/1679 1250/2165/1679
f 1250/2165/1680 1247/2166/1680 1249/2164/1680
f 1247/2166/1680 1250/2165/1680 1248/2167/1680
f 1248/2167/1681 1245/2168/1681 1247/2166/1681
f 1245/2168/1681 1248/2167/1681 1246/2169/1681
f 1246/2169/1682 1244/2170/1682 1245/2168/1682
f 1243/2171/1682 1245/2168/1682 1244/2170/1682
f 1244/2170/1683 1242/2172/1683 1243/2171/1683
f 1241/2173/1683 1243/2171/1683 1242/2172/1683
f 1242/2172/1684 1240/2174/1684 1241/2173/1684
f 1239/2080/1684 1241/2173/1684 1240/2174/1684
f 1240/2174/1637 1238/2081/1637 1239/2080/1637
f 859/1422/1685 861/2175/1685 862/1423/1685
f 862/1423/1686 861/2175/1686 864/1887/1686
f 861/2175/1686 863/2176/1686 864/1887/1686
f 864/1887/1687 863/2176/1687 866/1886/1687
f 863/2176/1687 865/2177/1687 866/1886/1687
f 866/1886/1688 865/2177/1688 868/1885/1688
f 865/2177/1688 867/2178/1688 868/1885/1688
f 1028/2179/22 1029/2180/22 1027/2181/22
f 1028/2179/22 1027/2181/22 1026/2182/22
f 1025/2183/22 1026/2182/22 1027/2181/22
f 1026/2182/22 1025/2183/22 1024/2184/22
f 1023/2185/22 1024/2184/22 1025/2183/22
f 1024/2184/22 1023/2185/22 1021/2186/22
f 1022/2187/22 1021/2186/22 1023/2185/22
f 1019/2188/22 1021/2186/22 1022/2187/22
f 1019/2188/22 1020/2189/22 1021/2186/22
f 1020/2189/22 1019/2188/22 1017/2190/22
f 1018/2191/22 1017/2190/22 1019/2188/22
f 1015/2192/22 1017/2190/22 1018/2191/22
f 1015/2192/22 1016/2193/22 1017/2190/22
f 1016/2193/22 1015/2192/22 1014/2194/22
f 1013/2195/22 1014/2194/22 1015/2192/22
f 1014/2194/22 1013/2195/22 1011/2196/22
f 1012/2197/22 1011/2196/22 1013/2195/22
f 1012/2197/22 1009/2198/22 1011/2196/22
f 1011/2196/22 1009/2198/22 1010/2199/22
f 1010/2199/22 1009/2198/22 1007/2200/22
f 1008/2201/22 1007/2200/22 1009/2198/22
f 1008/2201/22 1006/2202/22 1007/2200/22
f 1005/2203/22 1007/2200/22 1006/2202/22
f 1006/2202/22 1003/2204/22 1005/2203/22
f 1004/2205/22 1005/2203/22 1003/2204/22
f 1004/2205/22 1003/2204/22 1001/2206/22
f 1002/2207/22 1001/2206/22 1003/2204/22
f 1002/2207/22 1000/2208/22 1001/2206/22
f 999/2209/22 1001/2206/22 1000/2208/22
f 1000/2208/22 995/2210/22 999/2209/22
f 997/2211/22 999/2209/22 995/2210/22
f 997/2211/22 995/2210/22 996/2212/22
f 998/2213/22 996/2212/22 995/2210/22
f 998/2213/22 1189/2214/22 996/2212/22
f 1190/2215/22 996/2212/22 1189/2214/22
f 1190/2215/22 1189/2214/22 1191/2216/22
f 1192/2217/22 1191/2216/22 1189/2214/22
f 1191/2216/22 1192/2217/22 1193/2218/22
f 1194/2219/22 1193/2218/22 1192/2217/22
f 1194/2219/22 1195/2220/22 1193/2218/22
f 1196/2221/22 1193/2218/22 1195/2220/22
f 1197/2222/22 1196/2221/22 1195/2220/22
f 1198/2223/22 1197/2222/22 1195/2220/22
f 1198/2223/22 1199/2224/22 1197/2222/22
f 1200/2225/22 1199/2224/22 1198/2223/22
f 1200/2225/22 1201/2226/22 1199/2224/22
f 1202/2227/22 1199/2224/22 1201/2226/22
f 1201/2226/22 1204/2228/22 1202/2227/22
f 1201/2226/22 1203/2229/22 1204/2228/22
f 1203/2229/22 1205/2230/22 1204/2228/22
f 1206/2231/22 1204/2228/22 1205/2230/22
f 1205/2230/22 1207/2232/22 1206/2231/22
f 1208/2233/22 1206/2231/22 1207/2232/22
f 1207/2232/22 1210/2234/22 1208/2233/22
f 1210/2234/22 1207/2232/22 1209/2235/22
f 1209/2235/22 1211/2236/22 1210/2234/22
f 1212/2237/22 1210/2234/22 1211/2236/22
f 1212/2237/22 1211/2236/22 1214/2238/22
f 1214/2238/22 1211/2236/22 1213/2239/22
f 1213/2239/22 1215/2240/22 1214/2238/22
f 1216/2241/22 1214/2238/22 1215/2240/22
f 1215/2240/22 1217/2242/22 1216/2241/22
f 1218/2243/22 1216/2241/22 1217/2242/22
f 1217/2242/22 1219/2244/22 1218/2243/22
f 1220/2245/22 1218/2243/22 1219/2244/22
f 1220/2245/22 1219/2244/22 1221/2246/22
f 1222/2247/22 1221/2246/22 1219/2244/22
f 1221/2246/22 1222/2247/22 1223/2248/22
f 1224/2249/22 1223/2248/22 1222/2247/22
f 1224/2249/22 1225/2250/22 1223/2248/22
f 1226/2251/22 1223/2248/22 1225/2250/22
f 1226/2251/22 1225/2250/22 1227/2252/22
f 1228/2253/22 1227/2252/22 1225/2250/22
f 1229/2254/22 1227/2252/22 1228/2253/22
f 1230/2255/22 1229/2254/22 1228/2253/22
f 1230/2255/22 1231/2256/22 1229/2254/22
f 1232/2257/22 1229/2254/22 1231/2256/22
f 1231/2256/22 1233/2258/22 1232/2257/22
f 1234/2259/22 1233/2258/22 1231/2256/22
f 1234/2259/22 1043/2260/22 1233/2258/22
f 1044/2261/22 1233/2258/22 1043/2260/22
f 1044/2261/22 1043/2260/22 1041/2262/22
f 1042/2263/22 1041/2262/22 1043/2260/22
f 1042/2263/22 1039/2264/22 1041/2262/22
f 1040/2265/22 1041/2262/22 1039/2264/22
f 1040/2265/22 1039/2264/22 1038/2266/22
f 1037/2267/22 1038/2266/22 1039/2264/22
f 1038/2266/22 1037/2267/22 1035/2268/22
f 1036/2269/22 1035/2268/22 1037/2267/22
f 1036/2269/22 1033/2270/22 1035/2268/22
f 1034/2271/22 1035/2268/22 1033/2270/22
f 1034/2271/22 1033/2270/22 1031/2272/22
f 1032/2273/22 1031/2272/22 1033/2270/22
f 1032/2273/22 1030/2274/22 1031/2272/22
f 1029/2180/22 1031/2272/22 1030/2274/22
f 1030/2274/22 1027/2181/22 1029/2180/22
f 1467/2275/480 1466/647/480 1470/642/480
f 1466/647/1689 1467/2275/1689 1463/652/1689
f 1464/2276/1689 1463/652/1689 1467/2275/1689
f 1464/2276/1690 1461/2277/1690 1463/652/1690
f 1460/654/1690 1463/652/1690 1461/2277/1690
f 1461/2277/1691 1458/1326/1691 1460/654/1691
f 1456/656/1691 1460/654/1691 1458/1326/1691
f 1456/656/1092 1458/1326/1092 1454/1325/1092
f 1453/657/486 1456/656/486 1454/1325/486
f 1454/1325/487 1450/659/487 1453/657/487
f 763/2278/1692 762/2279/1692 761/2280/1692
f 760/2281/1693 761/2280/1693 762/2279/1693
f 761/2280/1693 760/2281/1693 759/2282/1693
f 757/2283/1694 759/2282/1694 760/2281/1694
f 759/2282/1694 757/2283/1694 758/2284/1694
f 758/2284/1695 757/2283/1695 756/2285/1695
f 755/2286/1695 756/2285/1695 757/2283/1695
f 756/2285/1696 755/2286/1696 754/2287/1696
f 753/2288/1696 754/2287/1696 755/2286/1696
f 754/2287/1697 753/2288/1697 752/2289/1697
f 751/2290/1697 752/2289/1697 753/2288/1697
f 752/2289/1698 751/2290/1698 750/2291/1698
f 749/2292/1698 750/2291/1698 751/2290/1698
f 750/2291/1699 749/2292/1699 748/2293/1699
f 747/2294/1699 748/2293/1699 749/2292/1699
f 748/2293/1700 747/2294/1700 534/2295/1700
f 535/2296/1700 534/2295/1700 747/2294/1700
f 535/2296/1701 533/2297/1701 534/2295/1701
f 536/2298/1701 534/2295/1701 533/2297/1701
f 533/2297/1702 537/2299/1702 536/2298/1702
f 538/2300/1702 536/2298/1702 537/2299/1702
f 537/2299/1703 539/2301/1703 538/2300/1703
f 540/2302/1703 538/2300/1703 539/2301/1703
f 539/2301/1704 541/2303/1704 540/2302/1704
f 542/2304/1704 540/2302/1704 541/2303/1704
f 541/2303/1705 543/2305/1705 542/2304/1705
f 544/2306/1705 542/2304/1705 543/2305/1705
f 543/2305/1706 545/2307/1706 544/2306/1706
f 546/2308/1706 544/2306/1706 545/2307/1706
f 545/2307/1707 548/2309/1707 546/2308/1707
f 545/2307/1707 547/2310/1707 548/2309/1707
f 547/2310/1708 550/2311/1708 548/2309/1708
f 547/2310/1708 549/2312/1708 550/2311/1708
f 549/2312/1709 552/2313/1709 550/2311/1709
f 549/2312/1709 551/2314/1709 552/2313/1709
f 551/2314/1710 554/2315/1710 552/2313/1710
f 554/2315/1710 551/2314/1710 553/2316/1710
f 554/2315/1711 553/2316/1711 556/2317/1711
f 556/2317/1711 553/2316/1711 555/2318/1711
f 556/2317/1712 555/2318/1712 558/2319/1712
f 558/2319/1712 555/2318/1712 557/2320/1712
f 557/2320/1713 559/2321/1713 558/2319/1713
f 560/2322/1713 558/2319/1713 559/2321/1713
f 559/2321/1714 561/2323/1714 560/2322/1714
f 562/2324/1714 560/2322/1714 561/2323/1714
f 561/2323/1715 563/2325/1715 562/2324/1715
f 564/2326/1715 562/2324/1715 563/2325/1715
f 563/2325/1716 565/2327/1716 564/2326/1716
f 566/2328/1716 564/2326/1716 565/2327/1716
f 565/2327/1717 567/2329/1717 566/2328/1717
f 568/2330/1717 566/2328/1717 567/2329/1717
f 567/2329/1718 569/2331/1718 568/2330/1718
f 570/2332/1718 568/2330/1718 569/2331/1718
f 570/2332/1719 569/2331/1719 571/2333/1719
f 572/2334/1719 571/2333/1719 569/2331/1719
f 571/2333/1720 572/2334/1720 573/2335/1720
f 574/2336/1720 573/2335/1720 572/2334/1720
f 573/2335/1721 574/2336/1721 575/2337/1721
f 576/2338/1721 575/2337/1721 574/2336/1721
f 575/2337/1722 576/2338/1722 577/2339/1722
f 578/2340/1722 577/2339/1722 576/2338/1722
f 577/2339/1723 578/2340/1723 579/2341/1723
f 580/2342/1723 579/2341/1723 578/2340/1723
f 579/2341/1724 580/2342/1724 581/2343/1724
f 582/2344/1724 581/2343/1724 580/2342/1724
f 582/2344/1725 791/2345/1725 581/2343/1725
f 792/2346/1725 581/2343/1725 791/2345/1725
f 792/2346/1726 791/2345/1726 789/2347/1726
f 790/2348/1726 792/2346/1726 789/2347/1726
f 790/2348/1727 789/2347/1727 788/2349/1727
f 787/2350/1727 790/2348/1727 788/2349/1727
f 786/2351/1728 787/2350/1728 788/2349/1728
f 785/2352/1728 787/2350/1728 786/2351/1728
f 784/2353/1729 785/2352/1729 786/2351/1729
f 783/2354/1729 785/2352/1729 784/2353/1729
f 781/2355/1730 783/2354/1730 784/2353/1730
f 782/2356/1730 783/2354/1730 781/2355/1730
f 782/2356/1731 781/2355/1731 780/2357/1731
f 779/2358/1731 780/2357/1731 781/2355/1731
f 780/2357/1732 779/2358/1732 778/2359/1732
f 777/2360/1732 778/2359/1732 779/2358/1732
f 778/2359/1733 777/2360/1733 776/2361/1733
f 775/2362/1733 776/2361/1733 777/2360/1733
f 776/2361/1734 775/2362/1734 774/2363/1734
f 773/2364/1734 774/2363/1734 775/2362/1734
f 774/2363/1735 773/2364/1735 772/2365/1735
f 771/2366/1735 772/2365/1735 773/2364/1735
f 772/2365/1736 771/2366/1736 769/2367/1736
f 770/2368/1736 769/2367/1736 771/2366/1736
f 768/2369/1737 769/2367/1737 770/2368/1737
f 768/2369/1737 767/2370/1737 769/2367/1737
f 766/2371/1738 767/2370/1738 768/2369/1738
f 766/2371/1738 765/2372/1738 767/2370/1738
f 764/2373/1739 765/2372/1739 766/2371/1739
f 764/2373/1739 763/2278/1739 765/2372/1739
f 762/2279/1692 763/2278/1692 764/2373/1692
f 524/2374/164 521/2375/164 523/2376/164
f 523/2376/164 525/2377/164 524/2374/164
f 526/2378/164 524/2374/164 525/2377/164
f 525/2377/164 527/2379/164 526/2378/164
f 528/2380/164 526/2378/164 527/2379/164
f 528/2380/164 527/2379/164 529/2381/164
f 530/2382/164 529/2381/164 527/2379/164
f 530/2382/164 531/2383/164 529/2381/164
f 532/2384/164 529/2381/164 531/2383/164
f 532/2384/164 531/2383/164 746/2385/164
f 745/2386/164 746/2385/164 531/2383/164
f 746/2385/164 745/2386/164 743/2387/164
f 744/2388/164 746/2385/164 743/2387/164
f 744/2388/164 743/2387/164 741/2389/164
f 742/2390/164 741/2389/164 743/2387/164
f 740/2391/164 741/2389/164 742/2390/164
f 740/2391/164 739/2392/164 741/2389/164
f 737/2393/164 739/2392/164 740/2391/164
f 737/2393/164 738/2394/164 739/2392/164
f 738/2394/164 737/2393/164 735/2395/164
f 736/2396/164 735/2395/164 737/2393/164
f 734/2397/164 735/2395/164 736/2396/164
f 734/2397/164 733/2398/164 735/2395/164
f 734/2397/164 731/2399/164 733/2398/164
f 733/2398/164 731/2399/164 732/2400/164
f 732/2400/164 731/2399/164 730/2401/164
f 729/2402/164 730/2401/164 731/2399/164
f 730/2401/164 729/2402/164 728/2403/164
f 727/2404/164 728/2403/164 729/2402/164
f 728/2403/164 727/2404/164 725/2405/164
f 726/2406/164 725/2405/164 727/2404/164
f 726/2406/164 723/2407/164 725/2405/164
f 724/2408/164 725/2405/164 723/2407/164
f 724/2408/164 723/2407/164 721/2409/164
f 722/2410/164 721/2409/164 723/2407/164
f 722/2410/164 719/2411/164 721/2409/164
f 720/2412/164 721/2409/164 719/2411/164
f 720/2412/164 719/2411/164 718/2413/164
f 717/2414/164 718/2413/164 719/2411/164
f 718/2413/164 717/2414/164 715/2415/164
f 716/2416/164 715/2415/164 717/2414/164
f 716/2416/164 713/2417/164 715/2415/164
f 714/2418/164 715/2415/164 713/2417/164
f 714/2418/164 713/2417/164 712/2419/164
f 711/2420/164 712/2419/164 713/2417/164
f 712/2419/164 711/2420/164 710/2421/164
f 710/2421/164 709/2422/164 712/2419/164
f 707/2423/164 709/2422/164 710/2421/164
f 707/2423/164 708/2424/164 709/2422/164
f 708/2424/164 707/2423/164 705/2425/164
f 706/2426/164 705/2425/164 707/2423/164
f 704/2427/164 705/2425/164 706/2426/164
f 704/2427/164 703/2428/164 705/2425/164
f 701/2429/164 703/2428/164 704/2427/164
f 701/2429/164 702/2430/164 703/2428/164
f 702/2430/164 701/2429/164 484/2431/164
f 485/2432/164 484/2431/164 701/2429/164
f 485/2432/164 483/2433/164 484/2431/164
f 486/2434/164 484/2431/164 483/2433/164
f 483/2433/164 488/2435/164 486/2434/164
f 488/2435/164 483/2433/164 487/2436/164
f 487/2436/164 490/2437/164 488/2435/164
f 490/2437/164 487/2436/164 489/2438/164
f 489/2438/164 491/2439/164 490/2437/164
f 492/2440/164 490/2437/164 491/2439/164
f 492/2440/164 491/2439/164 494/2441/164
f 494/2441/164 491/2439/164 493/2442/164
f 494/2441/164 493/2442/164 495/2443/164
f 496/2444/164 495/2443/164 493/2442/164
f 496/2444/164 497/2445/164 495/2443/164
f 498/2446/164 495/2443/164 497/2445/164
f 498/2446/164 497/2445/164 499/2447/164
f 500/2448/164 499/2447/164 497/2445/164
f 500/2448/164 501/2449/164 499/2447/164
f 502/2450/164 499/2447/164 501/2449/164
f 501/2449/164 503/2451/164 502/2450/164
f 504/2452/164 502/2450/164 503/2451/164
f 504/2452/164 503/2451/164 505/2453/164
f 506/2454/164 505/2453/164 503/2451/164
f 506/2454/164 507/2455/164 505/2453/164
f 508/2456/164 505/2453/164 507/2455/164
f 509/2457/164 508/2456/164 507/2455/164
f 510/2458/164 509/2457/164 507/2455/164
f 510/2458/164 511/2459/164 509/2457/164
f 512/2460/164 509/2457/164 511/2459/164
f 511/2459/164 513/2461/164 512/2460/164
f 514/2462/164 512/2460/164 513/2461/164
f 513/2461/164 515/2463/164 514/2462/164
f 516/2464/164 514/2462/164 515/2463/164
f 515/2463/164 518/2465/164 516/2464/164
f 515/2463/164 517/2466/164 518/2465/164
f 517/2466/164 520/2467/164 518/2465/164
f 520/2467/164 517/2466/164 519/2468/164
f 519/2468/164 521/2375/164 520/2467/164
f 522/2469/164 520/2467/164 521/2375/164
f 522/2469/164 521/2375/164 524/2374/164
f 665/2470/1740 666/2471/1740 667/2472/1740
f 665/2470/1740 667/2472/1740 668/2473/1740
f 668/2473/1741 667/2472/1741 670/2474/1741
f 670/2474/1741 669/2475/1741 668/2473/1741
f 669/2475/1742 670/2474/1742 672/2476/1742
f 672/2476/1742 671/2477/1742 669/2475/1742
f 671/2477/1743 672/2476/1743 674/2478/1743
f 674/2478/1743 673/2479/1743 671/2477/1743
f 673/2479/1744 674/2478/1744 676/2480/1744
f 676/2480/1744 675/2481/1744 673/2479/1744
f 675/2481/1745 676/2480/1745 678/2482/1745
f 678/2482/1745 677/2483/1745 675/2481/1745
f 677/2483/1746 678/2482/1746 679/2484/1746
f 680/2485/1746 679/2484/1746 678/2482/1746
f 679/2484/1747 680/2485/1747 681/2486/1747
f 682/2487/1747 681/2486/1747 680/2485/1747
f 681/2486/1748 682/2487/1748 683/2488/1748
f 684/2489/1748 683/2488/1748 682/2487/1748
f 683/2488/1749 684/2489/1749 685/2490/1749
f 686/2491/1749 685/2490/1749 684/2489/1749
f 685/2490/1750 686/2491/1750 687/2492/1750
f 688/2493/1750 687/2492/1750 686/2491/1750
f 687/2492/1751 688/2493/1751 689/2494/1751
f 690/2495/1751 689/2494/1751 688/2493/1751
f 690/2495/1752 692/2496/1752 689/2494/1752
f 692/2496/1752 691/2497/1752 689/2494/1752
f 692/2496/1753 694/2498/1753 691/2497/1753
f 694/2498/1753 693/2499/1753 691/2497/1753
f 694/2498/1754 696/2500/1754 693/2499/1754
f 696/2500/1754 695/2501/1754 693/2499/1754
f 696/2500/1755 698/2502/1755 695/2501/1755
f 698/2502/1755 697/2503/1755 695/2501/1755
f 698/2502/1756 700/2504/1756 697/2503/1756
f 700/2504/1756 699/2505/1756 697/2503/1756
f 700/2504/1757 481/2506/1757 699/2505/1757
f 481/2506/1757 482/2507/1757 699/2505/1757
f 482/2507/1758 481/2506/1758 480/2508/1758
f 479/2509/1758 480/2508/1758 481/2506/1758
f 480/2508/1759 479/2509/1759 478/2510/1759
f 477/2511/1759 478/2510/1759 479/2509/1759
f 478/2510/1760 477/2511/1760 476/2512/1760
f 475/2513/1760 476/2512/1760 477/2511/1760
f 476/2512/1761 475/2513/1761 474/2514/1761
f 473/2515/1761 474/2514/1761 475/2513/1761
f 474/2514/1762 473/2515/1762 472/2516/1762
f 471/2517/1762 472/2516/1762 473/2515/1762
f 472/2516/1763 471/2517/1763 469/2518/1763
f 470/2519/1763 469/2518/1763 471/2517/1763
f 470/2519/1764 468/2520/1764 469/2518/1764
f 467/2521/1764 469/2518/1764 468/2520/1764
f 468/2520/1765 466/2522/1765 467/2521/1765
f 465/2523/1765 467/2521/1765 466/2522/1765
f 466/2522/1766 464/2524/1766 465/2523/1766
f 463/2525/1766 465/2523/1766 464/2524/1766
f 464/2524/1767 462/2526/1767 463/2525/1767
f 461/2527/1767 463/2525/1767 462/2526/1767
f 462/2526/1768 460/2528/1768 461/2527/1768
f 459/2529/1768 461/2527/1768 460/2528/1768
f 460/2528/1769 458/2530/1769 459/2529/1769
f 457/2531/1769 459/2529/1769 458/2530/1769
f 458/2530/1770 455/2532/1770 457/2531/1770
f 456/2533/1770 455/2532/1770 458/2530/1770
f 456/2533/1771 453/2534/1771 455/2532/1771
f 454/2535/1771 453/2534/1771 456/2533/1771
f 454/2535/1772 451/2536/1772 453/2534/1772
f 452/2537/1772 451/2536/1772 454/2535/1772
f 452/2537/1773 449/2538/1773 451/2536/1773
f 450/2539/1773 449/2538/1773 452/2537/1773
f 450/2539/1774 447/2540/1774 449/2538/1774
f 448/2541/1774 447/2540/1774 450/2539/1774
f 448/2541/1775 445/2542/1775 447/2540/1775
f 446/2543/1775 445/2542/1775 448/2541/1775
f 446/2543/1776 444/2544/1776 445/2542/1776
f 443/2545/1776 445/2542/1776 444/2544/1776
f 444/2544/1777 442/2546/1777 443/2545/1777
f 441/2547/1777 443/2545/1777 442/2546/1777
f 442/2546/1778 440/2548/1778 441/2547/1778
f 439/2549/1778 441/2547/1778 440/2548/1778
f 440/2548/1779 438/2550/1779 439/2549/1779
f 437/2551/1779 439/2549/1779 438/2550/1779
f 438/2550/1780 436/2552/1780 437/2551/1780
f 433/2553/1780 437/2551/1780 436/2552/1780
f 436/2552/1781 434/2554/1781 433/2553/1781
f 435/2555/1781 433/2553/1781 434/2554/1781
f 435/2555/1782 434/2554/1782 655/2556/1782
f 656/2557/1782 655/2556/1782 434/2554/1782
f 655/2556/1783 656/2557/1783 657/2558/1783
f 658/2559/1783 657/2558/1783 656/2557/1783
f 657/2558/1784 658/2559/1784 659/2560/1784
f 660/2561/1784 659/2560/1784 658/2559/1784
f 659/2560/1785 660/2561/1785 661/2562/1785
f 662/2563/1785 661/2562/1785 660/2561/1785
f 661/2562/1786 662/2563/1786 663/2564/1786
f 664/2565/1786 663/2564/1786 662/2563/1786
f 663/2564/1787 664/2565/1787 665/2470/1787
f 666/2471/1787 665/2470/1787 664/2565/1787
f 115/150/1788 117/161/1788 202/147/1788
f 203/172/1788 202/147/1788 117/161/1788
f 259/144/106 202/147/106 203/172/106
f 259/144/1789 203/172/1789 260/173/1789
f 260/173/101 258/145/101 259/144/101
f 260/173/1790 267/174/1790 258/145/1790
f 269/2073/1790 258/145/1790 267/174/1790
f 269/2073/124 267/174/124 266/175/124
f 281/188/1634 269/2073/1634 266/175/1634
f 266/175/62 276/177/62 281/188/62
f 1981/927/710 1982/919/710 1984/918/710
f 1981/927/711 1984/918/711 2168/921/711
f 2168/921/1791 2164/2566/1791 1981/927/1791
f 2164/2566/753 2168/921/753 2163/964/753
f 2163/964/1792 2159/2567/1792 2164/2566/1792
f 2159/2567/755 2163/964/755 2157/966/755
f 2157/966/1793 2153/2568/1793 2159/2567/1793
f 2153/2568/1794 2157/966/1794 2154/980/1794
f 2158/967/1794 2154/980/1794 2157/966/1794
f 2154/980/1795 2158/967/1795 2234/971/1795
f 1978/934/717 1979/926/717 1981/927/717
f 1978/934/1791 1981/927/1791 2164/2566/1791
f 2164/2566/722 2160/932/722 1978/934/722
f 2160/932/1792 2164/2566/1792 2159/2567/1792
f 2159/2567/720 2155/929/720 2160/932/720
f 2155/929/1793 2159/2567/1793 2153/2568/1793
f 2153/2568/718 2150/930/718 2155/929/718
f 2150/930/1796 2153/2568/1796 2149/2569/1796
f 2154/980/1796 2149/2569/1796 2153/2568/1796
f 2149/2569/767 2154/980/767 2233/979/767
f 1773/692/516 1638/691/516 1771/690/516
f 1638/691/1797 1773/692/1797 1642/1381/1797
f 1775/694/1797 1642/1381/1797 1773/692/1797
f 1642/1381/1798 1775/694/1798 1646/1383/1798
f 1777/1410/1798 1646/1383/1798 1775/694/1798
f 1777/1410/1162 1779/1385/1162 1646/1383/1162
f 1779/1385/1192 1777/1410/1192 1780/1409/1192
f 1780/1409/1164 1782/1387/1164 1779/1385/1164
f 1782/1387/1194 1780/1409/1194 1845/577/1194
f 1845/577/1166 1846/576/1166 1782/1387/1166
